time,enemyId,aiType,action,activeGlitch,health,distToPlayer,canSeePlayer,playerHealth,damageDealt,topUtilityScore,secondScore,seed
0.00,Player,Player,-,None,1.00,,0,1.00,,,,1392810000
0.00,FSM Enemy 15,FSM,PatrolState,None,1.00,28.5,0,1.00,0,,,1392810000
0.00,FSM Enemy 14,FSM,PatrolState,None,1.00,75.0,0,1.00,0,,,1392810000
0.00,FSM Enemy 10,FSM,PatrolState,None,1.00,66.4,0,1.00,0,,,1392810000
0.00,FSM Enemy 8,FSM,PatrolState,None,1.00,48.1,0,1.00,0,,,1392810000
0.00,FSM Enemy 9,FSM,PatrolState,None,1.00,33.4,0,1.00,0,,,1392810000
0.00,FSM Enemy 13,FSM,PatrolState,None,1.00,49.2,0,1.00,0,,,1392810000
0.00,FSM Enemy 6,FSM,PatrolState,None,1.00,28.1,0,1.00,0,,,1392810000
0.00,FSM Enemy 7,FSM,PatrolState,None,1.00,28.1,0,1.00,0,,,1392810000
0.00,FSM Enemy 5,FSM,PatrolState,None,1.00,69.3,0,1.00,0,,,1392810000
0.00,FSM Enemy 3,FSM,PatrolState,None,1.00,82.0,0,1.00,0,,,1392810000
0.00,FSM Enemy 1,FSM,PatrolState,None,1.00,89.4,0,1.00,0,,,1392810000
0.00,FSM Enemy 2,FSM,PatrolState,None,1.00,89.4,0,1.00,0,,,1392810000
0.00,FSM Enemy 4,FSM,PatrolState,None,1.00,48.9,0,1.00,0,,,1392810000
0.00,FSM Enemy 11,FSM,PatrolState,None,1.00,37.9,0,1.00,0,,,1392810000
0.00,FSM Enemy 12,FSM,PatrolState,None,1.00,38.1,0,1.00,0,,,1392810000
0.00,Utility Enemy 14,Utility,PatrolAction,None,1.00,50.6,0,1.00,0,0.120,0.000,1392810000
0.00,Utility Enemy 5,Utility,PatrolAction,None,1.00,84.0,0,1.00,0,0.120,0.000,1392810000
0.00,Utility Enemy 11,Utility,PatrolAction,None,1.00,33.7,0,1.00,0,0.120,0.000,1392810000
0.00,Utility Enemy 13,Utility,PatrolAction,None,1.00,50.6,0,1.00,0,0.120,0.000,1392810000
0.00,Utility Enemy 3,Utility,PatrolAction,None,1.00,62.9,0,1.00,0,0.120,0.000,1392810000
0.00,Utility Enemy 15,Utility,PatrolAction,None,1.00,80.1,0,1.00,0,0.120,0.000,1392810000
0.00,Utility Enemy 2,Utility,PatrolAction,None,1.00,84.4,0,1.00,0,0.120,0.000,1392810000
0.00,Utility Enemy 12,Utility,PatrolAction,None,1.00,33.7,0,1.00,0,0.120,0.000,1392810000
0.00,Utility Enemy 6,Utility,PatrolAction,None,1.00,42.0,0,1.00,0,0.120,0.000,1392810000
0.00,Utility Enemy 4,Utility,PatrolAction,None,1.00,62.9,0,1.00,0,0.120,0.000,1392810000
0.00,Utility Enemy 8,Utility,PatrolAction,None,1.00,77.4,0,1.00,0,0.120,0.000,1392810000
0.00,Utility Enemy 7,Utility,PatrolAction,None,1.00,42.0,0,1.00,0,0.120,0.000,1392810000
0.00,Utility Enemy 1,Utility,PatrolAction,None,1.00,84.4,0,1.00,0,0.120,0.000,1392810000
0.00,Utility Enemy 9,Utility,PatrolAction,None,1.00,44.6,0,1.00,0,0.120,0.000,1392810000
0.00,Utility Enemy 10,Utility,PatrolAction,None,1.00,30.2,0,1.00,0,0.120,0.000,1392810000
1.00,Player,Player,-,None,1.00,,0,1.00,,,,1392810000
1.00,FSM Enemy 15,FSM,PatrolState,None,1.00,26.4,0,1.00,0,,,1392810000
1.00,FSM Enemy 14,FSM,PatrolState,None,1.00,77.2,0,1.00,0,,,1392810000
1.00,FSM Enemy 10,FSM,PatrolState,None,1.00,68.2,0,1.00,0,,,1392810000
1.00,FSM Enemy 8,FSM,PatrolState,None,1.00,46.9,0,1.00,0,,,1392810000
1.00,FSM Enemy 9,FSM,PatrolState,None,1.00,35.3,0,1.00,0,,,1392810000
1.00,FSM Enemy 13,FSM,PatrolState,None,1.00,47.8,0,1.00,0,,,1392810000
1.00,FSM Enemy 6,FSM,PatrolState,None,1.00,27.0,0,1.00,0,,,1392810000
1.00,FSM Enemy 7,FSM,PatrolState,None,1.00,26.9,0,1.00,0,,,1392810000
1.00,FSM Enemy 5,FSM,PatrolState,None,1.00,68.1,0,1.00,0,,,1392810000
1.00,FSM Enemy 3,FSM,PatrolState,None,1.00,80.1,0,1.00,0,,,1392810000
1.00,FSM Enemy 1,FSM,PatrolState,None,1.00,89.9,0,1.00,0,,,1392810000
1.00,FSM Enemy 2,FSM,PatrolState,None,1.00,88.9,0,1.00,0,,,1392810000
1.00,FSM Enemy 4,FSM,PatrolState,None,1.00,50.6,0,1.00,0,,,1392810000
1.00,FSM Enemy 11,FSM,PatrolState,None,1.00,39.6,0,1.00,0,,,1392810000
1.00,FSM Enemy 12,FSM,PatrolState,None,1.00,36.9,0,1.00,0,,,1392810000
1.00,Utility Enemy 14,Utility,PatrolAction,None,1.00,50.1,0,1.00,0,0.120,0.000,1392810000
1.00,Utility Enemy 5,Utility,PatrolAction,None,1.00,86.8,0,1.00,0,0.120,0.000,1392810000
1.00,Utility Enemy 11,Utility,PatrolAction,None,1.00,30.3,0,1.00,0,0.120,0.000,1392810000
1.00,Utility Enemy 13,Utility,PatrolAction,None,1.00,48.2,0,1.00,0,0.120,0.000,1392810000
1.00,Utility Enemy 3,Utility,PatrolAction,None,1.00,65.5,0,1.00,0,0.120,0.000,1392810000
1.00,Utility Enemy 15,Utility,PatrolAction,None,1.00,78.4,0,1.00,0,0.120,0.000,1392810000
1.00,Utility Enemy 2,Utility,PatrolAction,None,1.00,82.7,0,1.00,0,0.120,0.000,1392810000
1.00,Utility Enemy 12,Utility,PatrolAction,None,1.00,30.2,0,1.00,0,0.120,0.000,1392810000
1.00,Utility Enemy 6,Utility,PatrolAction,None,1.00,45.0,0,1.00,0,0.120,0.000,1392810000
1.00,Utility Enemy 4,Utility,PatrolAction,None,1.00,59.7,0,1.00,0,0.120,0.000,1392810000
1.00,Utility Enemy 8,Utility,PatrolAction,None,1.00,76.8,0,1.00,0,0.120,0.000,1392810000
1.00,Utility Enemy 7,Utility,PatrolAction,None,1.00,39.1,0,1.00,0,0.120,0.000,1392810000
1.00,Utility Enemy 1,Utility,PatrolAction,None,1.00,81.5,0,1.00,0,0.120,0.000,1392810000
1.00,Utility Enemy 9,Utility,PatrolAction,None,1.00,47.8,0,1.00,0,0.120,0.000,1392810000
1.00,Utility Enemy 10,Utility,PatrolAction,None,1.00,27.8,0,1.00,0,0.120,0.000,1392810000
2.01,Player,Player,-,None,1.00,,0,1.00,,,,1392810000
2.01,FSM Enemy 15,FSM,PatrolState,None,1.00,24.1,0,1.00,0,,,1392810000
2.01,FSM Enemy 14,FSM,PatrolState,None,1.00,77.4,0,1.00,0,,,1392810000
2.01,FSM Enemy 10,FSM,PatrolState,None,1.00,70.2,0,1.00,0,,,1392810000
2.01,FSM Enemy 8,FSM,PatrolState,None,1.00,45.7,0,1.00,0,,,1392810000
2.01,FSM Enemy 9,FSM,PatrolState,None,1.00,35.2,0,1.00,0,,,1392810000
2.01,FSM Enemy 13,FSM,PatrolState,None,1.00,46.2,0,1.00,0,,,1392810000
2.01,FSM Enemy 6,FSM,PatrolState,None,1.00,25.9,0,1.00,0,,,1392810000
2.01,FSM Enemy 7,FSM,PatrolState,None,1.00,25.7,0,1.00,0,,,1392810000
2.01,FSM Enemy 5,FSM,PatrolState,None,1.00,66.9,0,1.00,0,,,1392810000
2.01,FSM Enemy 3,FSM,PatrolState,None,1.00,78.0,0,1.00,0,,,1392810000
2.01,FSM Enemy 1,FSM,PatrolState,None,1.00,91.2,0,1.00,0,,,1392810000
2.01,FSM Enemy 2,FSM,PatrolState,None,1.00,88.3,0,1.00,0,,,1392810000
2.01,FSM Enemy 4,FSM,PatrolState,None,1.00,52.7,0,1.00,0,,,1392810000
2.01,FSM Enemy 11,FSM,PatrolState,None,1.00,41.1,0,1.00,0,,,1392810000
2.01,FSM Enemy 12,FSM,PatrolState,None,1.00,35.6,0,1.00,0,,,1392810000
2.01,Utility Enemy 14,Utility,PatrolAction,None,1.00,51.8,0,1.00,0,0.120,0.000,1392810000
2.01,Utility Enemy 5,Utility,PatrolAction,None,1.00,87.2,0,1.00,0,0.120,0.000,1392810000
2.01,Utility Enemy 11,Utility,PatrolAction,None,1.00,29.3,0,1.00,0,0.120,0.000,1392810000
2.01,Utility Enemy 13,Utility,PatrolAction,None,1.00,44.0,0,1.00,0,0.120,0.000,1392810000
2.01,Utility Enemy 3,Utility,PatrolAction,None,1.00,66.6,0,1.00,0,0.120,0.000,1392810000
2.01,Utility Enemy 15,Utility,PatrolAction,None,1.00,76.3,0,1.00,0,0.120,0.000,1392810000
2.01,Utility Enemy 2,Utility,PatrolAction,None,1.00,80.5,0,1.00,0,0.120,0.000,1392810000
2.01,Utility Enemy 12,Utility,PatrolAction,None,1.00,25.7,0,1.00,0,0.120,0.000,1392810000
2.01,Utility Enemy 6,Utility,PatrolAction,None,1.00,47.8,0,1.00,0,0.120,0.000,1392810000
2.01,Utility Enemy 4,Utility,PatrolAction,None,1.00,55.3,0,1.00,0,0.120,0.000,1392810000
2.01,Utility Enemy 8,Utility,PatrolAction,None,1.00,76.2,0,1.00,0,0.120,0.000,1392810000
2.01,Utility Enemy 7,Utility,PatrolAction,None,1.00,37.2,0,1.00,0,0.120,0.000,1392810000
2.01,Utility Enemy 1,Utility,PatrolAction,None,1.00,77.8,0,1.00,0,0.120,0.000,1392810000
2.01,Utility Enemy 9,Utility,PatrolAction,None,1.00,50.8,0,1.00,0,0.120,0.000,1392810000
2.01,Utility Enemy 10,Utility,PatrolAction,None,1.00,25.0,0,1.00,0,0.120,0.000,1392810000
3.01,Player,Player,-,None,1.00,,0,1.00,,,,1392810000
3.01,FSM Enemy 15,FSM,PatrolState,None,1.00,25.5,0,1.00,0,,,1392810000
3.01,FSM Enemy 14,FSM,PatrolState,None,1.00,77.2,0,1.00,0,,,1392810000
3.01,FSM Enemy 10,FSM,PatrolState,None,1.00,72.2,0,1.00,0,,,1392810000
3.01,FSM Enemy 8,FSM,PatrolState,None,1.00,44.6,0,1.00,0,,,1392810000
3.01,FSM Enemy 9,FSM,PatrolState,None,1.00,34.6,0,1.00,0,,,1392810000
3.01,FSM Enemy 13,FSM,PatrolState,None,1.00,44.4,0,1.00,0,,,1392810000
3.01,FSM Enemy 6,FSM,PatrolState,None,1.00,26.2,0,1.00,0,,,1392810000
3.01,FSM Enemy 7,FSM,PatrolState,None,1.00,24.7,0,1.00,0,,,1392810000
3.01,FSM Enemy 5,FSM,PatrolState,None,1.00,65.8,0,1.00,0,,,1392810000
3.01,FSM Enemy 3,FSM,PatrolState,None,1.00,79.0,0,1.00,0,,,1392810000
3.01,FSM Enemy 1,FSM,PatrolState,None,1.00,91.9,0,1.00,0,,,1392810000
3.01,FSM Enemy 2,FSM,PatrolState,None,1.00,87.8,0,1.00,0,,,1392810000
3.01,FSM Enemy 4,FSM,PatrolState,None,1.00,54.9,0,1.00,0,,,1392810000
3.01,FSM Enemy 11,FSM,PatrolState,None,1.00,38.6,0,1.00,0,,,1392810000
3.01,FSM Enemy 12,FSM,PatrolState,None,1.00,34.5,0,1.00,0,,,1392810000
3.01,Utility Enemy 14,Utility,PatrolAction,None,1.00,50.3,0,1.00,0,0.120,0.000,1392810000
3.01,Utility Enemy 5,Utility,PatrolAction,None,1.00,83.9,0,1.00,0,0.120,0.000,1392810000
3.01,Utility Enemy 11,Utility,PatrolAction,None,1.00,33.8,0,1.00,0,0.120,0.000,1392810000
3.01,Utility Enemy 13,Utility,PatrolAction,None,1.00,39.6,0,1.00,0,0.120,0.000,1392810000
3.01,Utility Enemy 3,Utility,PatrolAction,None,1.00,66.6,0,1.00,0,0.120,0.000,1392810000
3.01,Utility Enemy 15,Utility,PatrolAction,None,1.00,74.4,0,1.00,0,0.120,0.000,1392810000
3.01,Utility Enemy 2,Utility,PatrolAction,None,1.00,78.1,0,1.00,0,0.120,0.000,1392810000
3.01,Utility Enemy 12,Utility,PatrolAction,None,1.00,26.6,0,1.00,0,0.120,0.000,1392810000
3.01,Utility Enemy 6,Utility,PatrolAction,None,1.00,45.1,0,1.00,0,0.120,0.000,1392810000
3.01,Utility Enemy 4,Utility,PatrolAction,None,1.00,51.9,0,1.00,0,0.120,0.000,1392810000
3.01,Utility Enemy 8,Utility,PatrolAction,None,1.00,75.1,0,1.00,0,0.120,0.000,1392810000
3.01,Utility Enemy 7,Utility,PatrolAction,None,1.00,36.3,0,1.00,0,0.120,0.000,1392810000
3.01,Utility Enemy 1,Utility,PatrolAction,None,1.00,76.0,0,1.00,0,0.120,0.000,1392810000
3.01,Utility Enemy 9,Utility,PatrolAction,None,1.00,48.5,0,1.00,0,0.120,0.000,1392810000
3.01,Utility Enemy 10,Utility,PatrolAction,None,1.00,22.8,0,1.00,0,0.120,0.000,1392810000
4.02,Player,Player,-,None,1.00,,0,1.00,,,,1392810000
4.02,FSM Enemy 15,FSM,PatrolState,None,1.00,28.0,0,1.00,0,,,1392810000
4.02,FSM Enemy 14,FSM,PatrolState,None,1.00,78.9,0,1.00,0,,,1392810000
4.02,FSM Enemy 10,FSM,PatrolState,None,1.00,74.3,0,1.00,0,,,1392810000
4.02,FSM Enemy 8,FSM,PatrolState,None,1.00,43.4,0,1.00,0,,,1392810000
4.02,FSM Enemy 9,FSM,PatrolState,None,1.00,34.3,0,1.00,0,,,1392810000
4.02,FSM Enemy 13,FSM,PatrolState,None,1.00,42.2,0,1.00,0,,,1392810000
4.02,FSM Enemy 6,FSM,PatrolState,None,1.00,25.6,0,1.00,0,,,1392810000
4.02,FSM Enemy 7,FSM,PatrolState,None,1.00,23.3,0,1.00,0,,,1392810000
4.02,FSM Enemy 5,FSM,PatrolState,None,1.00,66.9,0,1.00,0,,,1392810000
4.02,FSM Enemy 3,FSM,PatrolState,None,1.00,80.2,0,1.00,0,,,1392810000
4.02,FSM Enemy 1,FSM,PatrolState,None,1.00,90.9,0,1.00,0,,,1392810000
4.02,FSM Enemy 2,FSM,PatrolState,None,1.00,87.2,0,1.00,0,,,1392810000
4.02,FSM Enemy 4,FSM,PatrolState,None,1.00,55.2,0,1.00,0,,,1392810000
4.02,FSM Enemy 11,FSM,PatrolState,None,1.00,36.6,0,1.00,0,,,1392810000
4.02,FSM Enemy 12,FSM,PatrolState,None,1.00,33.9,0,1.00,0,,,1392810000
4.02,Utility Enemy 14,Utility,PatrolAction,None,1.00,47.7,0,1.00,0,0.120,0.000,1392810000
4.02,Utility Enemy 5,Utility,PatrolAction,None,1.00,83.3,0,1.00,0,0.120,0.000,1392810000
4.02,Utility Enemy 11,Utility,PatrolAction,None,1.00,38.3,0,1.00,0,0.120,0.000,1392810000
4.02,Utility Enemy 13,Utility,PatrolAction,None,1.00,37.0,0,1.00,0,0.120,0.000,1392810000
4.02,Utility Enemy 3,Utility,PatrolAction,None,1.00,65.7,0,1.00,0,0.120,0.000,1392810000
4.02,Utility Enemy 15,Utility,PatrolAction,None,1.00,74.3,0,1.00,0,0.120,0.000,1392810000
4.02,Utility Enemy 2,Utility,PatrolAction,None,1.00,76.8,0,1.00,0,0.120,0.000,1392810000
4.02,Utility Enemy 12,Utility,PatrolAction,None,1.00,28.8,0,1.00,0,0.120,0.000,1392810000
4.02,Utility Enemy 6,Utility,PatrolAction,None,1.00,47.9,0,1.00,0,0.120,0.000,1392810000
4.02,Utility Enemy 4,Utility,PatrolAction,None,1.00,51.1,0,1.00,0,0.120,0.000,1392810000
4.02,Utility Enemy 8,Utility,PatrolAction,None,1.00,70.6,0,1.00,0,0.120,0.000,1392810000
4.02,Utility Enemy 7,Utility,PatrolAction,None,1.00,38.2,0,1.00,0,0.120,0.000,1392810000
4.02,Utility Enemy 1,Utility,PatrolAction,None,1.00,74.5,0,1.00,0,0.120,0.000,1392810000
4.02,Utility Enemy 9,Utility,PatrolAction,None,1.00,46.3,0,1.00,0,0.120,0.000,1392810000
4.02,Utility Enemy 10,Utility,PatrolAction,None,1.00,21.7,0,1.00,0,0.120,0.000,1392810000
5.02,Player,Player,-,None,1.00,,0,1.00,,,,1392810000
5.02,FSM Enemy 15,FSM,PatrolState,None,1.00,30.5,0,1.00,0,,,1392810000
5.02,FSM Enemy 14,FSM,PatrolState,None,1.00,80.8,0,1.00,0,,,1392810000
5.02,FSM Enemy 10,FSM,PatrolState,None,1.00,74.4,0,1.00,0,,,1392810000
5.02,FSM Enemy 8,FSM,PatrolState,None,1.00,42.7,0,1.00,0,,,1392810000
5.02,FSM Enemy 9,FSM,PatrolState,None,1.00,34.1,0,1.00,0,,,1392810000
5.02,FSM Enemy 13,FSM,PatrolState,None,1.00,42.7,0,1.00,0,,,1392810000
5.02,FSM Enemy 6,FSM,PatrolState,None,1.00,23.5,0,1.00,0,,,1392810000
5.02,FSM Enemy 7,FSM,PatrolState,None,1.00,21.9,0,1.00,0,,,1392810000
5.02,FSM Enemy 5,FSM,PatrolState,None,1.00,67.0,0,1.00,0,,,1392810000
5.02,FSM Enemy 3,FSM,PatrolState,None,1.00,81.5,0,1.00,0,,,1392810000
5.02,FSM Enemy 1,FSM,PatrolState,None,1.00,88.8,0,1.00,0,,,1392810000
5.02,FSM Enemy 2,FSM,PatrolState,None,1.00,86.1,0,1.00,0,,,1392810000
5.02,FSM Enemy 4,FSM,PatrolState,None,1.00,55.1,0,1.00,0,,,1392810000
5.02,FSM Enemy 11,FSM,PatrolState,None,1.00,35.9,0,1.00,0,,,1392810000
5.02,FSM Enemy 12,FSM,PatrolState,None,1.00,34.7,0,1.00,0,,,1392810000
5.02,Utility Enemy 14,Utility,PatrolAction,None,1.00,47.2,0,1.00,0,0.120,0.000,1392810000
5.02,Utility Enemy 5,Utility,PatrolAction,None,1.00,87.3,0,1.00,0,0.120,0.000,1392810000
5.02,Utility Enemy 11,Utility,PatrolAction,None,1.00,42.8,0,1.00,0,0.120,0.000,1392810000
5.02,Utility Enemy 13,Utility,PatrolAction,None,1.00,35.4,0,1.00,0,0.120,0.000,1392810000
5.02,Utility Enemy 3,Utility,PatrolAction,None,1.00,62.7,0,1.00,0,0.120,0.000,1392810000
5.02,Utility Enemy 15,Utility,PatrolAction,None,1.00,71.4,0,1.00,0,0.120,0.000,1392810000
5.02,Utility Enemy 2,Utility,PatrolAction,None,1.00,80.7,0,1.00,0,0.120,0.000,1392810000
5.02,Utility Enemy 12,Utility,PatrolAction,None,1.00,30.7,0,1.00,0,0.120,0.000,1392810000
5.02,Utility Enemy 6,Utility,PatrolAction,None,1.00,49.9,0,1.00,0,0.120,0.000,1392810000
5.02,Utility Enemy 4,Utility,PatrolAction,None,1.00,48.6,0,1.00,0,0.120,0.000,1392810000
5.02,Utility Enemy 8,Utility,PatrolAction,None,1.00,67.9,0,1.00,0,0.120,0.000,1392810000
5.02,Utility Enemy 7,Utility,PatrolAction,None,1.00,41.0,0,1.00,0,0.120,0.000,1392810000
5.02,Utility Enemy 1,Utility,PatrolAction,None,1.00,71.0,0,1.00,0,0.120,0.000,1392810000
5.02,Utility Enemy 9,Utility,PatrolAction,None,1.00,46.7,0,1.00,0,0.120,0.000,1392810000
5.02,Utility Enemy 10,Utility,PatrolAction,None,1.00,21.6,0,1.00,0,0.120,0.000,1392810000
6.02,Player,Player,-,None,1.00,,0,1.00,,,,1392810000
6.02,FSM Enemy 15,FSM,PatrolState,None,1.00,32.9,0,1.00,0,,,1392810000
6.02,FSM Enemy 14,FSM,PatrolState,None,1.00,82.6,0,1.00,0,,,1392810000
6.02,FSM Enemy 10,FSM,PatrolState,None,1.00,73.3,0,1.00,0,,,1392810000
6.02,FSM Enemy 8,FSM,PatrolState,None,1.00,44.4,0,1.00,0,,,1392810000
6.02,FSM Enemy 9,FSM,PatrolState,None,1.00,34.4,0,1.00,0,,,1392810000
6.02,FSM Enemy 13,FSM,PatrolState,None,1.00,45.1,0,1.00,0,,,1392810000
6.02,FSM Enemy 6,FSM,PatrolState,None,1.00,21.5,0,1.00,0,,,1392810000
6.02,FSM Enemy 7,FSM,PatrolState,None,1.00,20.7,0,1.00,0,,,1392810000
6.02,FSM Enemy 5,FSM,PatrolState,None,1.00,66.6,0,1.00,0,,,1392810000
6.02,FSM Enemy 3,FSM,PatrolState,None,1.00,82.4,0,1.00,0,,,1392810000
6.02,FSM Enemy 1,FSM,PatrolState,None,1.00,86.7,0,1.00,0,,,1392810000
6.02,FSM Enemy 2,FSM,PatrolState,None,1.00,85.1,0,1.00,0,,,1392810000
6.02,FSM Enemy 4,FSM,PatrolState,None,1.00,54.6,0,1.00,0,,,1392810000
6.02,FSM Enemy 11,FSM,PatrolState,None,1.00,35.9,0,1.00,0,,,1392810000
6.02,FSM Enemy 12,FSM,PatrolState,None,1.00,35.7,0,1.00,0,,,1392810000
6.02,Utility Enemy 14,Utility,PatrolAction,None,1.00,49.8,0,1.00,0,0.120,0.000,1392810000
6.02,Utility Enemy 5,Utility,PatrolAction,None,1.00,89.3,0,1.00,0,0.120,0.000,1392810000
6.02,Utility Enemy 11,Utility,PatrolAction,None,1.00,42.8,0,1.00,0,0.120,0.000,1392810000
6.02,Utility Enemy 13,Utility,PatrolAction,None,1.00,35.0,0,1.00,0,0.120,0.000,1392810000
6.02,Utility Enemy 3,Utility,PatrolAction,None,1.00,61.0,0,1.00,0,0.120,0.000,1392810000
6.02,Utility Enemy 15,Utility,PatrolAction,None,1.00,68.0,0,1.00,0,0.120,0.000,1392810000
6.02,Utility Enemy 2,Utility,PatrolAction,None,1.00,84.4,0,1.00,0,0.120,0.000,1392810000
6.02,Utility Enemy 12,Utility,PatrolAction,None,1.00,33.0,0,1.00,0,0.120,0.000,1392810000
6.02,Utility Enemy 6,Utility,PatrolAction,None,1.00,49.3,0,1.00,0,0.120,0.000,1392810000
6.02,Utility Enemy 4,Utility,PatrolAction,None,1.00,47.2,0,1.00,0,0.120,0.000,1392810000
6.02,Utility Enemy 8,Utility,PatrolAction,None,1.00,71.6,0,1.00,0,0.120,0.000,1392810000
6.02,Utility Enemy 7,Utility,PatrolAction,None,1.00,42.3,0,1.00,0,0.120,0.000,1392810000
6.02,Utility Enemy 1,Utility,PatrolAction,None,1.00,67.1,0,1.00,0,0.120,0.000,1392810000
6.02,Utility Enemy 9,Utility,PatrolAction,None,1.00,49.2,0,1.00,0,0.120,0.000,1392810000
6.02,Utility Enemy 10,Utility,PatrolAction,None,1.00,24.6,0,1.00,0,0.120,0.000,1392810000
7.02,Player,Player,-,None,1.00,,0,1.00,,,,1392810000
7.02,FSM Enemy 15,FSM,PatrolState,None,1.00,34.4,0,1.00,0,,,1392810000
7.02,FSM Enemy 14,FSM,PatrolState,None,1.00,81.3,0,1.00,0,,,1392810000
7.02,FSM Enemy 10,FSM,PatrolState,None,1.00,72.3,0,1.00,0,,,1392810000
7.02,FSM Enemy 8,FSM,PatrolState,None,1.00,45.3,0,1.00,0,,,1392810000
7.02,FSM Enemy 9,FSM,PatrolState,None,1.00,35.1,0,1.00,0,,,1392810000
7.02,FSM Enemy 13,FSM,PatrolState,None,1.00,47.4,0,1.00,0,,,1392810000
7.02,FSM Enemy 6,FSM,PatrolState,None,1.00,23.3,0,1.00,0,,,1392810000
7.02,FSM Enemy 7,FSM,PatrolState,None,1.00,19.7,0,1.00,0,,,1392810000
7.02,FSM Enemy 5,FSM,PatrolState,None,1.00,66.3,0,1.00,0,,,1392810000
7.02,FSM Enemy 3,FSM,PatrolState,None,1.00,83.4,0,1.00,0,,,1392810000
7.02,FSM Enemy 1,FSM,PatrolState,None,1.00,86.2,0,1.00,0,,,1392810000
7.02,FSM Enemy 2,FSM,PatrolState,None,1.00,84.1,0,1.00,0,,,1392810000
7.02,FSM Enemy 4,FSM,PatrolState,None,1.00,53.9,0,1.00,0,,,1392810000
7.02,FSM Enemy 11,FSM,PatrolState,None,1.00,35.8,0,1.00,0,,,1392810000
7.02,FSM Enemy 12,FSM,PatrolState,None,1.00,36.8,0,1.00,0,,,1392810000
7.02,Utility Enemy 14,Utility,PatrolAction,None,1.00,48.7,0,1.00,0,0.120,0.000,1392810000
7.02,Utility Enemy 5,Utility,PatrolAction,None,1.00,86.8,0,1.00,0,0.120,0.000,1392810000
7.02,Utility Enemy 11,Utility,PatrolAction,None,1.00,38.5,0,1.00,0,0.120,0.000,1392810000
7.02,Utility Enemy 13,Utility,PatrolAction,None,1.00,36.1,0,1.00,0,0.120,0.000,1392810000
7.02,Utility Enemy 3,Utility,PatrolAction,None,1.00,61.3,0,1.00,0,0.120,0.000,1392810000
7.02,Utility Enemy 15,Utility,PatrolAction,None,1.00,68.7,0,1.00,0,0.120,0.000,1392810000
7.02,Utility Enemy 2,Utility,PatrolAction,None,1.00,87.5,0,1.00,0,0.120,0.000,1392810000
7.02,Utility Enemy 12,Utility,PatrolAction,None,1.00,35.0,0,1.00,0,0.120,0.000,1392810000
7.02,Utility Enemy 6,Utility,PatrolAction,None,1.00,48.8,0,1.00,0,0.120,0.000,1392810000
7.02,Utility Enemy 4,Utility,PatrolAction,None,1.00,46.7,0,1.00,0,0.120,0.000,1392810000
7.02,Utility Enemy 8,Utility,PatrolAction,None,1.00,69.8,0,1.00,0,0.120,0.000,1392810000
7.02,Utility Enemy 7,Utility,PatrolAction,None,1.00,43.1,0,1.00,0,0.120,0.000,1392810000
7.02,Utility Enemy 1,Utility,PatrolAction,None,1.00,65.1,0,1.00,0,0.120,0.000,1392810000
7.02,Utility Enemy 9,Utility,PatrolAction,None,1.00,50.7,0,1.00,0,0.120,0.000,1392810000
7.02,Utility Enemy 10,Utility,PatrolAction,None,1.00,28.4,0,1.00,0,0.120,0.000,1392810000
8.02,Player,Player,-,None,1.00,,0,1.00,,,,1392810000
8.02,FSM Enemy 15,FSM,PatrolState,None,1.00,34.9,0,1.00,0,,,1392810000
8.02,FSM Enemy 14,FSM,PatrolState,None,1.00,79.3,0,1.00,0,,,1392810000
8.02,FSM Enemy 10,FSM,PatrolState,None,1.00,71.3,0,1.00,0,,,1392810000
8.02,FSM Enemy 8,FSM,PatrolState,None,1.00,46.2,0,1.00,0,,,1392810000
8.02,FSM Enemy 9,FSM,PatrolState,None,1.00,35.5,0,1.00,0,,,1392810000
8.02,FSM Enemy 13,FSM,PatrolState,None,1.00,49.2,0,1.00,0,,,1392810000
8.02,FSM Enemy 6,FSM,PatrolState,None,1.00,25.8,0,1.00,0,,,1392810000
8.02,FSM Enemy 7,FSM,ChaseState,None,1.00,18.8,1,1.00,0,,,1392810000
8.02,FSM Enemy 5,FSM,PatrolState,None,1.00,66.0,0,1.00,0,,,1392810000
8.02,FSM Enemy 3,FSM,PatrolState,None,1.00,84.5,0,1.00,0,,,1392810000
8.02,FSM Enemy 1,FSM,PatrolState,None,1.00,85.8,0,1.00,0,,,1392810000
8.02,FSM Enemy 2,FSM,PatrolState,None,1.00,84.7,0,1.00,0,,,1392810000
8.02,FSM Enemy 4,FSM,PatrolState,None,1.00,52.8,0,1.00,0,,,1392810000
8.02,FSM Enemy 11,FSM,PatrolState,None,1.00,36.2,0,1.00,0,,,1392810000
8.02,FSM Enemy 12,FSM,PatrolState,None,1.00,38.0,0,1.00,0,,,1392810000
8.02,Utility Enemy 14,Utility,PatrolAction,None,1.00,46.0,0,1.00,0,0.120,0.000,1392810000
8.02,Utility Enemy 5,Utility,PatrolAction,None,1.00,85.3,0,1.00,0,0.120,0.000,1392810000
8.02,Utility Enemy 11,Utility,PatrolAction,None,1.00,34.2,0,1.00,0,0.120,0.000,1392810000
8.02,Utility Enemy 13,Utility,PatrolAction,None,1.00,37.2,0,1.00,0,0.120,0.000,1392810000
8.02,Utility Enemy 3,Utility,PatrolAction,None,1.00,62.0,0,1.00,0,0.120,0.000,1392810000
8.02,Utility Enemy 15,Utility,PatrolAction,None,1.00,71.8,0,1.00,0,0.120,0.000,1392810000
8.02,Utility Enemy 2,Utility,PatrolAction,None,1.00,89.5,0,1.00,0,0.120,0.000,1392810000
8.02,Utility Enemy 12,Utility,PatrolAction,None,1.00,31.0,0,1.00,0,0.120,0.000,1392810000
8.02,Utility Enemy 6,Utility,PatrolAction,None,1.00,47.0,0,1.00,0,0.120,0.000,1392810000
8.02,Utility Enemy 4,Utility,PatrolAction,None,1.00,46.4,0,1.00,0,0.120,0.000,1392810000
8.02,Utility Enemy 8,Utility,PatrolAction,None,1.00,67.8,0,1.00,0,0.120,0.000,1392810000
8.02,Utility Enemy 7,Utility,PatrolAction,None,1.00,40.1,0,1.00,0,0.120,0.000,1392810000
8.02,Utility Enemy 1,Utility,PatrolAction,None,1.00,66.1,0,1.00,0,0.120,0.000,1392810000
8.02,Utility Enemy 9,Utility,PatrolAction,None,1.00,53.5,0,1.00,0,0.120,0.000,1392810000
8.02,Utility Enemy 10,Utility,PatrolAction,None,1.00,26.9,0,1.00,0,0.120,0.000,1392810000
9.03,Player,Player,-,None,1.00,,0,1.00,,,,1392810000
9.03,FSM Enemy 15,FSM,PatrolState,None,1.00,32.5,0,1.00,0,,,1392810000
9.03,FSM Enemy 14,FSM,PatrolState,None,1.00,77.2,0,1.00,0,,,1392810000
9.03,FSM Enemy 10,FSM,PatrolState,None,1.00,70.4,0,1.00,0,,,1392810000
9.03,FSM Enemy 8,FSM,PatrolState,None,1.00,47.3,0,1.00,0,,,1392810000
9.03,FSM Enemy 9,FSM,PatrolState,None,1.00,33.9,0,1.00,0,,,1392810000
9.03,FSM Enemy 13,FSM,PatrolState,None,1.00,46.7,0,1.00,0,,,1392810000
9.03,FSM Enemy 6,FSM,PatrolState,None,1.00,28.3,0,1.00,0,,,1392810000
9.03,FSM Enemy 7,FSM,ChaseState,None,1.00,15.0,0,1.00,0,,,1392810000
9.03,FSM Enemy 5,FSM,PatrolState,None,1.00,68.2,0,1.00,0,,,1392810000
9.03,FSM Enemy 3,FSM,PatrolState,None,1.00,84.4,0,1.00,0,,,1392810000
9.03,FSM Enemy 1,FSM,PatrolState,None,1.00,85.4,0,1.00,0,,,1392810000
9.03,FSM Enemy 2,FSM,PatrolState,None,1.00,84.9,0,1.00,0,,,1392810000
9.03,FSM Enemy 4,FSM,PatrolState,None,1.00,50.4,0,1.00,0,,,1392810000
9.03,FSM Enemy 11,FSM,PatrolState,None,1.00,37.2,0,1.00,0,,,1392810000
9.03,FSM Enemy 12,FSM,PatrolState,None,1.00,38.8,0,1.00,0,,,1392810000
9.03,Utility Enemy 14,Utility,PatrolAction,None,1.00,48.3,0,1.00,0,0.120,0.000,1392810000
9.03,Utility Enemy 5,Utility,PatrolAction,None,1.00,85.9,0,1.00,0,0.120,0.000,1392810000
9.03,Utility Enemy 11,Utility,PatrolAction,None,1.00,29.7,0,1.00,0,0.120,0.000,1392810000
9.03,Utility Enemy 13,Utility,PatrolAction,None,1.00,40.6,0,1.00,0,0.120,0.000,1392810000
9.03,Utility Enemy 3,Utility,PatrolAction,None,1.00,61.8,0,1.00,0,0.120,0.000,1392810000
9.03,Utility Enemy 15,Utility,PatrolAction,None,1.00,72.0,0,1.00,0,0.120,0.000,1392810000
9.03,Utility Enemy 2,Utility,PatrolAction,None,1.00,86.0,0,1.00,0,0.120,0.000,1392810000
9.03,Utility Enemy 12,Utility,PatrolAction,None,1.00,28.0,0,1.00,0,0.120,0.000,1392810000
9.03,Utility Enemy 6,Utility,PatrolAction,None,1.00,44.3,0,1.00,0,0.120,0.000,1392810000
9.03,Utility Enemy 4,Utility,PatrolAction,None,1.00,43.3,0,1.00,0,0.120,0.000,1392810000
9.03,Utility Enemy 8,Utility,PatrolAction,None,1.00,68.7,0,1.00,0,0.120,0.000,1392810000
9.03,Utility Enemy 7,Utility,PatrolAction,None,1.00,38.1,0,1.00,0,0.120,0.000,1392810000
9.03,Utility Enemy 1,Utility,PatrolAction,None,1.00,67.7,0,1.00,0,0.120,0.000,1392810000
9.03,Utility Enemy 9,Utility,PatrolAction,None,1.00,57.3,0,1.00,0,0.120,0.000,1392810000
9.03,Utility Enemy 10,Utility,PatrolAction,None,1.00,23.5,0,1.00,0,0.120,0.000,1392810000
10.03,Player,Player,-,None,1.00,,0,1.00,,,,1392810000
10.03,FSM Enemy 15,FSM,PatrolState,None,1.00,30.0,0,1.00,0,,,1392810000
10.03,FSM Enemy 14,FSM,PatrolState,None,1.00,74.9,0,1.00,0,,,1392810000
10.03,FSM Enemy 10,FSM,PatrolState,None,1.00,69.7,0,1.00,0,,,1392810000
10.03,FSM Enemy 8,FSM,PatrolState,None,1.00,48.5,0,1.00,0,,,1392810000
10.03,FSM Enemy 9,FSM,PatrolState,None,1.00,32.4,0,1.00,0,,,1392810000
10.03,FSM Enemy 13,FSM,PatrolState,None,1.00,44.2,0,1.00,0,,,1392810000
10.03,FSM Enemy 6,FSM,PatrolState,None,1.00,30.8,0,1.00,0,,,1392810000
10.03,FSM Enemy 7,FSM,AttackState,None,1.00,13.6,1,1.00,0,,,1392810000
10.03,FSM Enemy 5,FSM,PatrolState,None,1.00,70.7,0,1.00,0,,,1392810000
10.03,FSM Enemy 3,FSM,PatrolState,None,1.00,82.1,0,1.00,0,,,1392810000
10.03,FSM Enemy 1,FSM,PatrolState,None,1.00,85.2,0,1.00,0,,,1392810000
10.03,FSM Enemy 2,FSM,PatrolState,None,1.00,87.4,0,1.00,0,,,1392810000
10.03,FSM Enemy 4,FSM,PatrolState,None,1.00,48.1,0,1.00,0,,,1392810000
10.03,FSM Enemy 11,FSM,PatrolState,None,1.00,38.2,0,1.00,0,,,1392810000
10.03,FSM Enemy 12,FSM,PatrolState,None,1.00,37.0,0,1.00,0,,,1392810000
10.03,Utility Enemy 14,Utility,PatrolAction,None,1.00,48.9,0,1.00,0,0.120,0.000,1392810000
10.03,Utility Enemy 5,Utility,PatrolAction,None,1.00,88.6,0,1.00,0,0.120,0.000,1392810000
10.03,Utility Enemy 11,Utility,PatrolAction,None,1.00,25.2,0,1.00,0,0.120,0.000,1392810000
10.03,Utility Enemy 13,Utility,PatrolAction,None,1.00,45.0,0,1.00,0,0.120,0.000,1392810000
10.03,Utility Enemy 3,Utility,PatrolAction,None,1.00,65.5,0,1.00,0,0.120,0.000,1392810000
10.03,Utility Enemy 15,Utility,PatrolAction,None,1.00,75.0,0,1.00,0,0.120,0.000,1392810000
10.03,Utility Enemy 2,Utility,PatrolAction,None,1.00,81.8,0,1.00,0,0.120,0.000,1392810000
10.03,Utility Enemy 12,Utility,PatrolAction,None,1.00,31.9,0,1.00,0,0.120,0.000,1392810000
10.03,Utility Enemy 6,Utility,PatrolAction,None,1.00,48.2,0,1.00,0,0.120,0.000,1392810000
10.03,Utility Enemy 4,Utility,PatrolAction,None,1.00,38.9,0,1.00,0,0.120,0.000,1392810000
10.03,Utility Enemy 8,Utility,PatrolAction,None,1.00,66.5,0,1.00,0,0.120,0.000,1392810000
10.03,Utility Enemy 7,Utility,PatrolAction,None,1.00,38.2,0,1.00,0,0.120,0.000,1392810000
10.03,Utility Enemy 1,Utility,PatrolAction,None,1.00,67.5,0,1.00,0,0.120,0.000,1392810000
10.03,Utility Enemy 9,Utility,PatrolAction,None,1.00,59.4,0,1.00,0,0.120,0.000,1392810000
10.03,Utility Enemy 10,Utility,PatrolAction,None,1.00,22.3,0,1.00,0,0.120,0.000,1392810000
11.03,Player,Player,-,None,1.00,,0,1.00,,,,1392810000
11.03,FSM Enemy 15,FSM,PatrolState,None,1.00,28.1,0,1.00,0,,,1392810000
11.03,FSM Enemy 14,FSM,PatrolState,None,1.00,73.9,0,1.00,0,,,1392810000
11.03,FSM Enemy 10,FSM,PatrolState,None,1.00,69.1,0,1.00,0,,,1392810000
11.03,FSM Enemy 8,FSM,PatrolState,None,1.00,50.4,0,1.00,0,,,1392810000
11.03,FSM Enemy 9,FSM,PatrolState,None,1.00,31.0,0,1.00,0,,,1392810000
11.03,FSM Enemy 13,FSM,PatrolState,None,1.00,43.1,0,1.00,0,,,1392810000
11.03,FSM Enemy 6,FSM,PatrolState,None,1.00,30.3,0,1.00,0,,,1392810000
11.03,FSM Enemy 7,FSM,AttackState,None,1.00,13.6,1,1.00,0,,,1392810000
11.03,FSM Enemy 5,FSM,PatrolState,None,1.00,72.3,0,1.00,0,,,1392810000
11.03,FSM Enemy 3,FSM,PatrolState,None,1.00,79.8,0,1.00,0,,,1392810000
11.03,FSM Enemy 1,FSM,PatrolState,None,1.00,83.4,0,1.00,0,,,1392810000
11.03,FSM Enemy 2,FSM,PatrolState,None,1.00,89.8,0,1.00,0,,,1392810000
11.03,FSM Enemy 4,FSM,PatrolState,None,1.00,45.7,0,1.00,0,,,1392810000
11.03,FSM Enemy 11,FSM,PatrolState,None,1.00,36.7,0,1.00,0,,,1392810000
11.03,FSM Enemy 12,FSM,PatrolState,None,1.00,38.3,0,1.00,0,,,1392810000
11.03,Utility Enemy 14,Utility,PatrolAction,None,1.00,49.4,0,1.00,0,0.120,0.000,1392810000
11.03,Utility Enemy 5,Utility,PatrolAction,None,1.00,85.6,0,1.00,0,0.120,0.000,1392810000
11.03,Utility Enemy 11,Utility,PatrolAction,None,1.00,25.1,0,1.00,0,0.120,0.000,1392810000
11.03,Utility Enemy 13,Utility,PatrolAction,None,1.00,46.8,0,1.00,0,0.120,0.000,1392810000
11.03,Utility Enemy 3,Utility,PatrolAction,None,1.00,66.6,0,1.00,0,0.120,0.000,1392810000
11.03,Utility Enemy 15,Utility,PatrolAction,None,1.00,76.9,0,1.00,0,0.120,0.000,1392810000
11.03,Utility Enemy 2,Utility,PatrolAction,None,1.00,78.8,0,1.00,0,0.120,0.000,1392810000
11.03,Utility Enemy 12,Utility,PatrolAction,None,1.00,36.0,0,1.00,0,0.120,0.000,1392810000
11.03,Utility Enemy 6,Utility,PatrolAction,None,1.00,47.1,0,1.00,0,0.120,0.000,1392810000
11.03,Utility Enemy 4,Utility,PatrolAction,None,1.00,34.7,0,1.00,0,0.120,0.000,1392810000
11.03,Utility Enemy 8,Utility,PatrolAction,None,1.00,66.3,0,1.00,0,0.120,0.000,1392810000
11.03,Utility Enemy 7,Utility,PatrolAction,None,1.00,39.4,0,1.00,0,0.120,0.000,1392810000
11.03,Utility Enemy 1,Utility,PatrolAction,None,1.00,66.8,0,1.00,0,0.120,0.000,1392810000
11.03,Utility Enemy 9,Utility,PatrolAction,None,1.00,60.2,0,1.00,0,0.120,0.000,1392810000
11.03,Utility Enemy 10,Utility,PatrolAction,None,1.00,26.6,0,1.00,0,0.120,0.000,1392810000
12.03,Player,Player,-,None,1.00,,0,1.00,,,,1392810000
12.03,FSM Enemy 15,FSM,PatrolState,None,1.00,28.4,0,1.00,0,,,1392810000
12.03,FSM Enemy 14,FSM,PatrolState,None,1.00,76.5,0,1.00,0,,,1392810000
12.03,FSM Enemy 10,FSM,PatrolState,None,1.00,69.4,0,1.00,0,,,1392810000
12.03,FSM Enemy 8,FSM,PatrolState,None,1.00,52.0,0,1.00,0,,,1392810000
12.03,FSM Enemy 9,FSM,PatrolState,None,1.00,30.0,0,1.00,0,,,1392810000
12.03,FSM Enemy 13,FSM,PatrolState,None,1.00,41.5,0,1.00,0,,,1392810000
12.03,FSM Enemy 6,FSM,PatrolState,None,1.00,31.2,0,1.00,0,,,1392810000
12.03,FSM Enemy 7,FSM,AttackState,None,0.75,10.7,1,1.00,0,,,1392810000
12.03,FSM Enemy 5,FSM,PatrolState,None,1.00,70.4,0,1.00,0,,,1392810000
12.03,FSM Enemy 3,FSM,PatrolState,None,1.00,77.5,0,1.00,0,,,1392810000
12.03,FSM Enemy 1,FSM,PatrolState,None,1.00,81.1,0,1.00,0,,,1392810000
12.03,FSM Enemy 2,FSM,PatrolState,None,1.00,93.5,0,1.00,0,,,1392810000
12.03,FSM Enemy 4,FSM,PatrolState,None,1.00,48.5,0,1.00,0,,,1392810000
12.03,FSM Enemy 11,FSM,PatrolState,None,1.00,33.0,0,1.00,0,,,1392810000
12.03,FSM Enemy 12,FSM,PatrolState,None,1.00,43.8,0,1.00,0,,,1392810000
12.03,Utility Enemy 14,Utility,PatrolAction,None,1.00,52.8,0,1.00,0,0.120,0.000,1392810000
12.03,Utility Enemy 5,Utility,PatrolAction,None,1.00,81.2,0,1.00,0,0.120,0.000,1392810000
12.03,Utility Enemy 11,Utility,PatrolAction,None,1.00,26.2,0,1.00,0,0.120,0.000,1392810000
12.03,Utility Enemy 13,Utility,PatrolAction,None,1.00,39.7,0,1.00,0,0.120,0.000,1392810000
12.03,Utility Enemy 3,Utility,PatrolAction,None,1.00,63.8,0,1.00,0,0.120,0.000,1392810000
12.03,Utility Enemy 15,Utility,PatrolAction,None,1.00,79.0,0,1.00,0,0.120,0.000,1392810000
12.03,Utility Enemy 2,Utility,PatrolAction,None,1.00,79.7,0,1.00,0,0.120,0.000,1392810000
12.03,Utility Enemy 12,Utility,PatrolAction,None,1.00,40.2,0,1.00,0,0.120,0.000,1392810000
12.03,Utility Enemy 6,Utility,PatrolAction,None,1.00,39.8,0,1.00,0,0.120,0.000,1392810000
12.03,Utility Enemy 4,Utility,PatrolAction,None,1.00,33.1,0,1.00,0,0.120,0.000,1392810000
12.03,Utility Enemy 8,Utility,PatrolAction,None,1.00,68.7,0,1.00,0,0.120,0.000,1392810000
12.03,Utility Enemy 7,Utility,PatrolAction,None,1.00,43.5,0,1.00,0,0.120,0.000,1392810000
12.03,Utility Enemy 1,Utility,PatrolAction,None,1.00,66.1,0,1.00,0,0.120,0.000,1392810000
12.03,Utility Enemy 9,Utility,PatrolAction,None,1.00,60.4,0,1.00,0,0.120,0.000,1392810000
12.03,Utility Enemy 10,Utility,PatrolAction,None,1.00,28.1,0,1.00,0,0.120,0.000,1392810000
13.03,Player,Player,-,None,1.00,,0,1.00,,,,1392810000
13.03,FSM Enemy 15,FSM,PatrolState,None,1.00,28.6,0,1.00,0,,,1392810000
13.03,FSM Enemy 14,FSM,PatrolState,None,1.00,81.0,0,1.00,0,,,1392810000
13.03,FSM Enemy 10,FSM,PatrolState,None,1.00,71.0,0,1.00,0,,,1392810000
13.03,FSM Enemy 8,FSM,PatrolState,None,1.00,54.0,0,1.00,0,,,1392810000
13.03,FSM Enemy 9,FSM,PatrolState,None,1.00,31.3,0,1.00,0,,,1392810000
13.03,FSM Enemy 13,FSM,PatrolState,None,1.00,39.4,0,1.00,0,,,1392810000
13.03,FSM Enemy 6,FSM,PatrolState,None,1.00,33.5,0,1.00,0,,,1392810000
13.03,FSM Enemy 7,FSM,Dead,None,0.00,6.5,0,1.00,0,,,1392810000
13.03,FSM Enemy 5,FSM,PatrolState,None,1.00,69.0,0,1.00,0,,,1392810000
13.03,FSM Enemy 3,FSM,PatrolState,None,1.00,78.8,0,1.00,0,,,1392810000
13.03,FSM Enemy 1,FSM,PatrolState,None,1.00,81.3,0,1.00,0,,,1392810000
13.03,FSM Enemy 2,FSM,PatrolState,None,1.00,98.7,0,1.00,0,,,1392810000
13.03,FSM Enemy 4,FSM,PatrolState,None,1.00,54.3,0,1.00,0,,,1392810000
13.03,FSM Enemy 11,FSM,PatrolState,None,1.00,29.1,0,1.00,0,,,1392810000
13.03,FSM Enemy 12,FSM,PatrolState,None,1.00,48.7,0,1.00,0,,,1392810000
13.03,Utility Enemy 14,Utility,PatrolAction,None,1.00,56.9,0,1.00,0,0.120,0.000,1392810000
13.03,Utility Enemy 5,Utility,PatrolAction,None,1.00,82.1,0,1.00,0,0.120,0.000,1392810000
13.03,Utility Enemy 11,Utility,PatrolAction,None,1.00,26.5,0,1.00,0,0.120,0.000,1392810000
13.03,Utility Enemy 13,Utility,PatrolAction,None,1.00,31.1,0,1.00,0,0.120,0.000,1392810000
13.03,Utility Enemy 3,Utility,PatrolAction,None,1.00,63.0,0,1.00,0,0.120,0.000,1392810000
13.03,Utility Enemy 15,Utility,PatrolAction,None,1.00,82.7,0,1.00,0,0.120,0.000,1392810000
13.03,Utility Enemy 2,Utility,PatrolAction,None,1.00,80.3,0,1.00,0,0.120,0.000,1392810000
13.03,Utility Enemy 12,Utility,PatrolAction,None,1.00,42.7,0,1.00,0,0.120,0.000,1392810000
13.03,Utility Enemy 6,Utility,PatrolAction,None,1.00,31.5,0,1.00,0,0.120,0.000,1392810000
13.03,Utility Enemy 4,Utility,PatrolAction,None,1.00,32.2,0,1.00,0,0.120,0.000,1392810000
13.03,Utility Enemy 8,Utility,PatrolAction,None,1.00,72.8,0,1.00,0,0.120,0.000,1392810000
13.03,Utility Enemy 7,Utility,PatrolAction,None,1.00,44.2,0,1.00,0,0.120,0.000,1392810000
13.03,Utility Enemy 1,Utility,PatrolAction,None,1.00,69.5,0,1.00,0,0.120,0.000,1392810000
13.03,Utility Enemy 9,Utility,PatrolAction,None,1.00,61.9,0,1.00,0,0.120,0.000,1392810000
13.03,Utility Enemy 10,Utility,PatrolAction,None,1.00,28.3,0,1.00,0,0.120,0.000,1392810000
14.03,Player,Player,-,None,1.00,,0,1.00,,,,1392810000
14.03,FSM Enemy 15,FSM,PatrolState,None,1.00,28.8,0,1.00,0,,,1392810000
14.03,FSM Enemy 14,FSM,PatrolState,None,1.00,82.4,0,1.00,0,,,1392810000
14.03,FSM Enemy 10,FSM,PatrolState,None,1.00,71.8,0,1.00,0,,,1392810000
14.03,FSM Enemy 8,FSM,PatrolState,None,1.00,51.3,0,1.00,0,,,1392810000
14.03,FSM Enemy 9,FSM,PatrolState,None,1.00,33.2,0,1.00,0,,,1392810000
14.03,FSM Enemy 13,FSM,PatrolState,None,1.00,37.0,0,1.00,0,,,1392810000
14.03,FSM Enemy 6,FSM,PatrolState,None,1.00,35.6,0,1.00,0,,,1392810000
14.03,FSM Enemy 7,FSM,Dead,None,0.00,3.1,1,1.00,0,,,1392810000
14.03,FSM Enemy 5,FSM,PatrolState,None,1.00,67.3,0,1.00,0,,,1392810000
14.03,FSM Enemy 3,FSM,PatrolState,None,1.00,81.7,0,1.00,0,,,1392810000
14.03,FSM Enemy 1,FSM,PatrolState,None,1.00,81.1,0,1.00,0,,,1392810000
14.03,FSM Enemy 2,FSM,PatrolState,None,1.00,100.4,0,1.00,0,,,1392810000
14.03,FSM Enemy 4,FSM,PatrolState,None,1.00,59.8,0,1.00,0,,,1392810000
14.03,FSM Enemy 11,FSM,PatrolState,None,1.00,25.3,0,1.00,0,,,1392810000
14.03,FSM Enemy 12,FSM,PatrolState,None,1.00,50.4,0,1.00,0,,,1392810000
14.03,Utility Enemy 14,Utility,PatrolAction,None,1.00,60.0,0,1.00,0,0.120,0.000,1392810000
14.03,Utility Enemy 5,Utility,PatrolAction,None,1.00,85.0,0,1.00,0,0.120,0.000,1392810000
14.03,Utility Enemy 11,Utility,PatrolAction,None,1.00,22.8,0,1.00,0,0.120,0.000,1392810000
14.03,Utility Enemy 13,Utility,PatrolAction,None,1.00,24.7,0,1.00,0,0.120,0.000,1392810000
14.03,Utility Enemy 3,Utility,PatrolAction,None,1.00,61.7,0,1.00,0,0.120,0.000,1392810000
14.03,Utility Enemy 15,Utility,PatrolAction,None,1.00,80.3,0,1.00,0,0.120,0.000,1392810000
14.03,Utility Enemy 2,Utility,PatrolAction,None,1.00,79.7,0,1.00,0,0.120,0.000,1392810000
14.03,Utility Enemy 12,Utility,PatrolAction,None,1.00,47.6,0,1.00,0,0.120,0.000,1392810000
14.03,Utility Enemy 6,Utility,PatrolAction,None,1.00,30.6,0,1.00,0,0.120,0.000,1392810000
14.03,Utility Enemy 4,Utility,PatrolAction,None,1.00,30.5,0,1.00,0,0.120,0.000,1392810000
14.03,Utility Enemy 8,Utility,PatrolAction,None,1.00,72.7,0,1.00,0,0.120,0.000,1392810000
14.03,Utility Enemy 7,Utility,PatrolAction,None,1.00,44.9,0,1.00,0,0.120,0.000,1392810000
14.03,Utility Enemy 1,Utility,PatrolAction,None,1.00,72.6,0,1.00,0,0.120,0.000,1392810000
14.03,Utility Enemy 9,Utility,PatrolAction,None,1.00,61.6,0,1.00,0,0.120,0.000,1392810000
14.03,Utility Enemy 10,Utility,PatrolAction,None,1.00,28.7,0,1.00,0,0.120,0.000,1392810000
15.04,Player,Player,-,None,1.00,,0,1.00,,,,1392810000
15.04,FSM Enemy 15,FSM,PatrolState,None,1.00,27.3,0,1.00,0,,,1392810000
15.04,FSM Enemy 14,FSM,PatrolState,None,1.00,83.7,0,1.00,0,,,1392810000
15.04,FSM Enemy 10,FSM,PatrolState,None,1.00,72.6,0,1.00,0,,,1392810000
15.04,FSM Enemy 8,FSM,PatrolState,None,1.00,48.2,0,1.00,0,,,1392810000
15.04,FSM Enemy 9,FSM,PatrolState,None,1.00,37.1,0,1.00,0,,,1392810000
15.04,FSM Enemy 13,FSM,PatrolState,None,1.00,32.0,0,1.00,0,,,1392810000
15.04,FSM Enemy 6,FSM,PatrolState,None,1.00,40.0,0,1.00,0,,,1392810000
15.04,FSM Enemy 7,FSM,Dead,None,0.00,4.7,0,1.00,0,,,1392810000
15.04,FSM Enemy 5,FSM,PatrolState,None,1.00,63.1,0,1.00,0,,,1392810000
15.04,FSM Enemy 3,FSM,PatrolState,None,1.00,84.3,0,1.00,0,,,1392810000
15.04,FSM Enemy 1,FSM,PatrolState,None,1.00,79.4,0,1.00,0,,,1392810000
15.04,FSM Enemy 2,FSM,PatrolState,None,1.00,101.1,0,1.00,0,,,1392810000
15.04,FSM Enemy 4,FSM,PatrolState,None,1.00,67.1,0,1.00,0,,,1392810000
15.04,FSM Enemy 11,FSM,PatrolState,None,1.00,20.4,0,1.00,0,,,1392810000
15.04,FSM Enemy 12,FSM,PatrolState,None,1.00,54.3,0,1.00,0,,,1392810000
15.04,Utility Enemy 14,Utility,PatrolAction,None,1.00,64.1,0,1.00,0,0.120,0.000,1392810000
15.04,Utility Enemy 5,Utility,PatrolAction,None,1.00,81.9,0,1.00,0,0.120,0.000,1392810000
15.04,Utility Enemy 11,Utility,PatrolAction,None,1.00,16.0,0,1.00,0,0.120,0.000,1392810000
15.04,Utility Enemy 13,Utility,PatrolAction,None,1.00,18.2,0,1.00,0,0.120,0.000,1392810000
15.04,Utility Enemy 3,Utility,PatrolAction,None,1.00,61.2,0,1.00,0,0.120,0.000,1392810000
15.04,Utility Enemy 15,Utility,PatrolAction,None,1.00,74.0,0,1.00,0,0.120,0.000,1392810000
15.04,Utility Enemy 2,Utility,PatrolAction,None,1.00,80.1,0,1.00,0,0.120,0.000,1392810000
15.04,Utility Enemy 12,Utility,PatrolAction,None,1.00,56.1,0,1.00,0,0.120,0.000,1392810000
15.04,Utility Enemy 6,Utility,PatrolAction,None,1.00,28.6,0,1.00,0,0.120,0.000,1392810000
15.04,Utility Enemy 4,Utility,PatrolAction,None,1.00,21.2,0,1.00,0,0.120,0.000,1392810000
15.04,Utility Enemy 8,Utility,PatrolAction,None,1.00,69.0,0,1.00,0,0.120,0.000,1392810000
15.04,Utility Enemy 7,Utility,PatrolAction,None,1.00,52.2,0,1.00,0,0.120,0.000,1392810000
15.04,Utility Enemy 1,Utility,PatrolAction,None,1.00,74.5,0,1.00,0,0.120,0.000,1392810000
15.04,Utility Enemy 9,Utility,PatrolAction,None,1.00,64.6,0,1.00,0,0.120,0.000,1392810000
15.04,Utility Enemy 10,Utility,PatrolAction,None,1.00,30.7,0,1.00,0,0.120,0.000,1392810000
16.04,Player,Player,-,None,1.00,,0,1.00,,,,1392810000
16.04,FSM Enemy 15,FSM,PatrolState,None,1.00,25.3,0,1.00,0,,,1392810000
16.04,FSM Enemy 14,FSM,PatrolState,None,1.00,85.6,0,1.00,0,,,1392810000
16.04,FSM Enemy 10,FSM,PatrolState,None,1.00,74.7,0,1.00,0,,,1392810000
16.04,FSM Enemy 8,FSM,PatrolState,None,1.00,46.5,0,1.00,0,,,1392810000
16.04,FSM Enemy 9,FSM,PatrolState,None,1.00,42.0,0,1.00,0,,,1392810000
16.04,FSM Enemy 13,FSM,PatrolState,None,1.00,28.3,0,1.00,0,,,1392810000
16.04,FSM Enemy 6,FSM,PatrolState,None,1.00,47.6,0,1.00,0,,,1392810000
16.04,FSM Enemy 7,FSM,Dead,None,0.00,11.1,0,1.00,0,,,1392810000
16.04,FSM Enemy 5,FSM,PatrolState,None,1.00,58.5,0,1.00,0,,,1392810000
16.04,FSM Enemy 3,FSM,PatrolState,None,1.00,87.9,0,1.00,0,,,1392810000
16.04,FSM Enemy 1,FSM,PatrolState,None,1.00,79.0,0,1.00,0,,,1392810000
16.04,FSM Enemy 2,FSM,PatrolState,None,1.00,103.9,0,1.00,0,,,1392810000
16.04,FSM Enemy 4,FSM,PatrolState,None,1.00,74.2,0,1.00,0,,,1392810000
16.04,FSM Enemy 11,FSM,PatrolState,None,1.00,15.9,0,1.00,0,,,1392810000
16.04,FSM Enemy 12,FSM,PatrolState,None,1.00,58.5,0,1.00,0,,,1392810000
16.04,Utility Enemy 14,Utility,PatrolAction,None,1.00,67.2,0,1.00,0,0.120,0.000,1392810000
16.04,Utility Enemy 5,Utility,PatrolAction,None,1.00,79.6,0,1.00,0,0.120,0.000,1392810000
16.04,Utility Enemy 11,Utility,PatrolAction,None,1.00,10.2,0,1.00,0,0.120,0.000,1392810000
16.04,Utility Enemy 13,Utility,PatrolAction,None,1.00,14.5,0,1.00,0,0.120,0.000,1392810000
16.04,Utility Enemy 3,Utility,PatrolAction,None,1.00,61.4,0,1.00,0,0.120,0.000,1392810000
16.04,Utility Enemy 15,Utility,PatrolAction,None,1.00,69.5,0,1.00,0,0.120,0.000,1392810000
16.04,Utility Enemy 2,Utility,PatrolAction,None,1.00,85.6,0,1.00,0,0.120,0.000,1392810000
16.04,Utility Enemy 12,Utility,PatrolAction,None,1.00,66.6,0,1.00,0,0.120,0.000,1392810000
16.04,Utility Enemy 6,Utility,PatrolAction,None,1.00,22.2,0,1.00,0,0.120,0.000,1392810000
16.04,Utility Enemy 4,Utility,Dead,None,0.00,16.5,0,1.00,0,0.120,0.000,1392810000
16.04,Utility Enemy 8,Utility,PatrolAction,None,1.00,67.0,0,1.00,0,0.120,0.000,1392810000
16.04,Utility Enemy 7,Utility,PatrolAction,None,1.00,61.3,0,1.00,0,0.120,0.000,1392810000
16.04,Utility Enemy 1,Utility,PatrolAction,None,1.00,75.4,0,1.00,0,0.120,0.000,1392810000
16.04,Utility Enemy 9,Utility,PatrolAction,None,1.00,70.7,0,1.00,0,0.120,0.000,1392810000
16.04,Utility Enemy 10,Utility,PatrolAction,None,1.00,34.4,0,1.00,0,0.120,0.000,1392810000
17.04,Player,Player,-,None,1.00,,0,1.00,,,,1392810000
17.04,FSM Enemy 15,FSM,PatrolState,None,1.00,25.5,0,1.00,0,,,1392810000
17.04,FSM Enemy 14,FSM,PatrolState,None,1.00,88.6,0,1.00,0,,,1392810000
17.04,FSM Enemy 10,FSM,PatrolState,None,1.00,78.8,0,1.00,0,,,1392810000
17.04,FSM Enemy 8,FSM,PatrolState,None,1.00,47.4,0,1.00,0,,,1392810000
17.04,FSM Enemy 9,FSM,PatrolState,None,1.00,48.1,0,1.00,0,,,1392810000
17.04,FSM Enemy 13,FSM,PatrolState,None,1.00,27.8,0,1.00,0,,,1392810000
17.04,FSM Enemy 6,FSM,PatrolState,None,1.00,56.5,0,1.00,0,,,1392810000
17.04,FSM Enemy 7,FSM,Dead,None,0.00,17.7,0,1.00,0,,,1392810000
17.04,FSM Enemy 5,FSM,PatrolState,None,1.00,55.6,0,1.00,0,,,1392810000
17.04,FSM Enemy 3,FSM,PatrolState,None,1.00,93.5,0,1.00,0,,,1392810000
17.04,FSM Enemy 1,FSM,PatrolState,None,1.00,80.1,0,1.00,0,,,1392810000
17.04,FSM Enemy 2,FSM,PatrolState,None,1.00,108.6,0,1.00,0,,,1392810000
17.04,FSM Enemy 4,FSM,PatrolState,None,1.00,81.6,0,1.00,0,,,1392810000
17.04,FSM Enemy 11,FSM,AttackState,None,1.00,8.3,1,1.00,0,,,1392810000
17.04,FSM Enemy 12,FSM,PatrolState,None,1.00,62.6,0,1.00,0,,,1392810000
17.04,Utility Enemy 14,Utility,PatrolAction,None,1.00,69.7,0,1.00,0,0.120,0.000,1392810000
17.04,Utility Enemy 5,Utility,PatrolAction,None,1.00,80.4,0,1.00,0,0.120,0.000,1392810000
17.04,Utility Enemy 11,Utility,PatrolAction,None,0.50,8.4,0,1.00,0,0.120,0.000,1392810000
17.04,Utility Enemy 13,Utility,PatrolAction,None,1.00,12.3,0,1.00,0,0.120,0.000,1392810000
17.04,Utility Enemy 3,Utility,PatrolAction,None,1.00,62.8,0,1.00,0,0.120,0.000,1392810000
17.04,Utility Enemy 15,Utility,PatrolAction,None,1.00,69.5,0,1.00,0,0.120,0.000,1392810000
17.04,Utility Enemy 2,Utility,PatrolAction,None,1.00,94.3,0,1.00,0,0.120,0.000,1392810000
17.04,Utility Enemy 12,Utility,PatrolAction,None,1.00,71.8,0,1.00,0,0.120,0.000,1392810000
17.04,Utility Enemy 6,Utility,AttackAction,None,1.00,13.4,1,1.00,0,0.210,0.171,1392810000
17.04,Utility Enemy 4,Utility,Dead,None,0.00,12.3,0,1.00,0,0.120,0.000,1392810000
17.04,Utility Enemy 8,Utility,PatrolAction,None,1.00,67.8,0,1.00,0,0.120,0.000,1392810000
17.04,Utility Enemy 7,Utility,PatrolAction,None,1.00,70.0,0,1.00,0,0.120,0.000,1392810000
17.04,Utility Enemy 1,Utility,PatrolAction,None,1.00,79.4,0,1.00,0,0.120,0.000,1392810000
17.04,Utility Enemy 9,Utility,PatrolAction,None,1.00,77.1,0,1.00,0,0.120,0.000,1392810000
17.04,Utility Enemy 10,Utility,PatrolAction,None,1.00,41.8,0,1.00,0,0.120,0.000,1392810000
18.04,Player,Player,-,None,0.95,,0,0.95,,,,1392810000
18.04,FSM Enemy 15,FSM,PatrolState,None,1.00,30.3,0,0.95,0,,,1392810000
18.04,FSM Enemy 14,FSM,PatrolState,None,1.00,93.7,0,0.95,0,,,1392810000
18.04,FSM Enemy 10,FSM,PatrolState,None,1.00,85.1,0,0.95,0,,,1392810000
18.04,FSM Enemy 8,FSM,PatrolState,None,1.00,51.5,0,0.95,0,,,1392810000
18.04,FSM Enemy 9,FSM,PatrolState,None,1.00,56.3,0,0.95,0,,,1392810000
18.04,FSM Enemy 13,FSM,PatrolState,None,1.00,30.4,0,0.95,0,,,1392810000
18.04,FSM Enemy 6,FSM,PatrolState,None,1.00,65.2,0,0.95,0,,,1392810000
18.04,FSM Enemy 7,FSM,Dead,None,0.00,24.6,0,0.95,0,,,1392810000
18.04,FSM Enemy 5,FSM,PatrolState,None,1.00,55.6,0,0.95,0,,,1392810000
18.04,FSM Enemy 3,FSM,PatrolState,None,1.00,101.6,0,0.95,0,,,1392810000
18.04,FSM Enemy 1,FSM,PatrolState,None,1.00,83.7,0,0.95,0,,,1392810000
18.04,FSM Enemy 2,FSM,PatrolState,None,1.00,115.2,0,0.95,0,,,1392810000
18.04,FSM Enemy 4,FSM,PatrolState,None,1.00,89.6,0,0.95,0,,,1392810000
18.04,FSM Enemy 11,FSM,Dead,None,0.00,2.2,1,0.95,8,,,1392810000
18.04,FSM Enemy 12,FSM,PatrolState,None,1.00,66.5,0,0.95,0,,,1392810000
18.04,Utility Enemy 14,Utility,PatrolAction,None,1.00,78.9,0,0.95,0,0.120,0.000,1392810000
18.04,Utility Enemy 5,Utility,PatrolAction,None,1.00,86.3,0,0.95,0,0.120,0.000,1392810000
18.04,Utility Enemy 11,Utility,PatrolAction,None,0.50,14.7,0,0.95,0,0.120,0.000,1392810000
18.04,Utility Enemy 13,Utility,PatrolAction,None,1.00,14.3,0,0.95,0,0.120,0.000,1392810000
18.04,Utility Enemy 3,Utility,PatrolAction,None,1.00,69.8,0,0.95,0,0.120,0.000,1392810000
18.04,Utility Enemy 15,Utility,PatrolAction,None,1.00,74.4,0,0.95,0,0.120,0.000,1392810000
18.04,Utility Enemy 2,Utility,PatrolAction,None,1.00,101.5,0,0.95,0,0.120,0.000,1392810000
18.04,Utility Enemy 12,Utility,PatrolAction,None,1.00,74.2,0,0.95,0,0.120,0.000,1392810000
18.04,Utility Enemy 6,Utility,AttackAction,None,1.00,7.7,1,0.95,0,0.547,0.125,1392810000
18.04,Utility Enemy 4,Utility,Dead,None,0.00,13.4,0,0.95,0,0.120,0.000,1392810000
18.04,Utility Enemy 8,Utility,PatrolAction,None,1.00,71.5,0,0.95,0,0.120,0.000,1392810000
18.04,Utility Enemy 7,Utility,PatrolAction,None,1.00,75.1,0,0.95,0,0.120,0.000,1392810000
18.04,Utility Enemy 1,Utility,PatrolAction,None,1.00,82.8,0,0.95,0,0.120,0.000,1392810000
18.04,Utility Enemy 9,Utility,PatrolAction,None,1.00,79.7,0,0.95,0,0.120,0.000,1392810000
18.04,Utility Enemy 10,Utility,PatrolAction,None,1.00,49.0,0,0.95,0,0.120,0.000,1392810000
19.04,Player,Player,-,None,0.89,,0,0.89,,,,1392810000
19.04,FSM Enemy 15,FSM,PatrolState,None,1.00,35.1,0,0.89,0,,,1392810000
19.04,FSM Enemy 14,FSM,PatrolState,None,1.00,102.2,0,0.89,0,,,1392810000
19.04,FSM Enemy 10,FSM,PatrolState,None,1.00,90.6,0,0.89,0,,,1392810000
19.04,FSM Enemy 8,FSM,PatrolState,None,1.00,54.6,0,0.89,0,,,1392810000
19.04,FSM Enemy 9,FSM,PatrolState,None,1.00,63.9,0,0.89,0,,,1392810000
19.04,FSM Enemy 13,FSM,PatrolState,None,1.00,31.1,0,0.89,0,,,1392810000
19.04,FSM Enemy 6,FSM,PatrolState,None,1.00,74.6,0,0.89,0,,,1392810000
19.04,FSM Enemy 7,FSM,Dead,None,0.00,31.8,0,0.89,0,,,1392810000
19.04,FSM Enemy 5,FSM,PatrolState,None,1.00,54.3,0,0.89,0,,,1392810000
19.04,FSM Enemy 3,FSM,PatrolState,None,1.00,105.1,0,0.89,0,,,1392810000
19.04,FSM Enemy 1,FSM,PatrolState,None,1.00,85.7,0,0.89,0,,,1392810000
19.04,FSM Enemy 2,FSM,PatrolState,None,1.00,120.9,0,0.89,0,,,1392810000
19.04,FSM Enemy 4,FSM,PatrolState,None,1.00,97.6,0,0.89,0,,,1392810000
19.04,FSM Enemy 11,FSM,Dead,None,0.00,6.0,0,0.89,8,,,1392810000
19.04,FSM Enemy 12,FSM,PatrolState,None,1.00,72.8,0,0.89,0,,,1392810000
19.04,Utility Enemy 14,Utility,PatrolAction,None,1.00,88.0,0,0.89,0,0.120,0.000,1392810000
19.04,Utility Enemy 5,Utility,PatrolAction,None,1.00,90.5,0,0.89,0,0.120,0.000,1392810000
19.04,Utility Enemy 11,Utility,PatrolAction,None,0.50,14.5,0,0.89,0,0.120,0.000,1392810000
19.04,Utility Enemy 13,Utility,PatrolAction,None,1.00,15.7,0,0.89,0,0.120,0.000,1392810000
19.04,Utility Enemy 3,Utility,PatrolAction,None,1.00,77.5,0,0.89,0,0.120,0.000,1392810000
19.04,Utility Enemy 15,Utility,PatrolAction,None,1.00,80.2,0,0.89,0,0.120,0.000,1392810000
19.04,Utility Enemy 2,Utility,PatrolAction,None,1.00,108.5,0,0.89,0,0.120,0.000,1392810000
19.04,Utility Enemy 12,Utility,PatrolAction,None,1.00,77.5,0,0.89,0,0.120,0.000,1392810000
19.04,Utility Enemy 6,Utility,Dead,None,0.00,4.2,1,0.89,8,0.707,0.395,1392810000
19.04,Utility Enemy 4,Utility,Dead,None,0.00,15.6,0,0.89,0,0.120,0.000,1392810000
19.04,Utility Enemy 8,Utility,PatrolAction,None,1.00,72.1,0,0.89,0,0.120,0.000,1392810000
19.04,Utility Enemy 7,Utility,PatrolAction,None,1.00,81.5,0,0.89,0,0.120,0.000,1392810000
19.04,Utility Enemy 1,Utility,PatrolAction,None,1.00,83.5,0,0.89,0,0.120,0.000,1392810000
19.04,Utility Enemy 9,Utility,PatrolAction,None,1.00,82.5,0,0.89,0,0.120,0.000,1392810000
19.04,Utility Enemy 10,Utility,PatrolAction,None,1.00,57.4,0,0.89,0,0.120,0.000,1392810000
20.05,Player,Player,-,None,0.89,,0,0.89,,,,1392810000
20.05,FSM Enemy 15,FSM,PatrolState,None,1.00,35.8,0,0.89,0,,,1392810000
20.05,FSM Enemy 14,FSM,PatrolState,None,1.00,105.4,0,0.89,0,,,1392810000
20.05,FSM Enemy 10,FSM,PatrolState,None,1.00,90.3,0,0.89,0,,,1392810000
20.05,FSM Enemy 8,FSM,PatrolState,None,1.00,56.0,0,0.89,0,,,1392810000
20.05,FSM Enemy 9,FSM,PatrolState,None,1.00,65.7,0,0.89,0,,,1392810000
20.05,FSM Enemy 13,FSM,PatrolState,None,1.00,26.0,0,0.89,0,,,1392810000
20.05,FSM Enemy 6,FSM,PatrolState,None,1.00,81.5,0,0.89,0,,,1392810000
20.05,FSM Enemy 7,FSM,Dead,None,0.00,35.9,0,0.89,0,,,1392810000
20.05,FSM Enemy 5,FSM,PatrolState,None,1.00,49.8,0,0.89,0,,,1392810000
20.05,FSM Enemy 3,FSM,PatrolState,None,1.00,102.0,0,0.89,0,,,1392810000
20.05,FSM Enemy 1,FSM,PatrolState,None,1.00,81.6,0,0.89,0,,,1392810000
20.05,FSM Enemy 2,FSM,PatrolState,None,1.00,121.1,0,0.89,0,,,1392810000
20.05,FSM Enemy 4,FSM,PatrolState,None,1.00,100.4,0,0.89,0,,,1392810000
20.05,FSM Enemy 11,FSM,Dead,None,0.00,10.6,0,0.89,8,,,1392810000
20.05,FSM Enemy 12,FSM,PatrolState,None,1.00,77.2,0,0.89,0,,,1392810000
20.05,Utility Enemy 14,Utility,PatrolAction,None,1.00,92.5,0,0.89,0,0.120,0.000,1392810000
20.05,Utility Enemy 5,Utility,PatrolAction,None,1.00,88.1,0,0.89,0,0.120,0.000,1392810000
20.05,Utility Enemy 11,Utility,PatrolAction,None,0.50,14.2,0,0.89,0,0.120,0.000,1392810000
20.05,Utility Enemy 13,Utility,AttackAction,None,1.00,7.1,1,0.89,0,0.575,0.125,1392810000
20.05,Utility Enemy 3,Utility,PatrolAction,None,1.00,78.6,0,0.89,0,0.120,0.000,1392810000
20.05,Utility Enemy 15,Utility,PatrolAction,None,1.00,81.1,0,0.89,0,0.120,0.000,1392810000
20.05,Utility Enemy 2,Utility,PatrolAction,None,1.00,111.8,0,0.89,0,0.120,0.000,1392810000
20.05,Utility Enemy 12,Utility,PatrolAction,None,1.00,85.4,0,0.89,0,0.120,0.000,1392810000
20.05,Utility Enemy 6,Utility,Dead,None,0.00,5.0,0,0.89,8,0.707,0.395,1392810000
20.05,Utility Enemy 4,Utility,Dead,None,0.00,14.3,1,0.89,0,0.120,0.000,1392810000
20.05,Utility Enemy 8,Utility,PatrolAction,None,1.00,67.0,0,0.89,0,0.120,0.000,1392810000
20.05,Utility Enemy 7,Utility,PatrolAction,None,1.00,89.5,0,0.89,0,0.120,0.000,1392810000
20.05,Utility Enemy 1,Utility,PatrolAction,None,1.00,80.2,0,0.89,0,0.120,0.000,1392810000
20.05,Utility Enemy 9,Utility,PatrolAction,None,1.00,85.4,0,0.89,0,0.120,0.000,1392810000
20.05,Utility Enemy 10,Utility,PatrolAction,None,1.00,63.7,0,0.89,0,0.120,0.000,1392810000
21.05,Player,Player,-,None,0.79,,0,0.79,,,,1392810000
21.05,FSM Enemy 15,FSM,PatrolState,None,1.00,33.0,0,0.79,0,,,1392810000
21.05,FSM Enemy 14,FSM,PatrolState,None,1.00,103.5,0,0.79,0,,,1392810000
21.05,FSM Enemy 10,FSM,PatrolState,None,1.00,85.7,0,0.79,0,,,1392810000
21.05,FSM Enemy 8,FSM,PatrolState,None,1.00,53.1,0,0.79,0,,,1392810000
21.05,FSM Enemy 9,FSM,PatrolState,None,1.00,60.7,0,0.79,0,,,1392810000
21.05,FSM Enemy 13,FSM,PatrolState,None,1.00,21.2,0,0.79,0,,,1392810000
21.05,FSM Enemy 6,FSM,PatrolState,None,1.00,82.8,0,0.79,0,,,1392810000
21.05,FSM Enemy 7,FSM,Dead,None,0.00,34.8,0,0.79,0,,,1392810000
21.05,FSM Enemy 5,FSM,PatrolState,None,1.00,44.3,0,0.79,0,,,1392810000
21.05,FSM Enemy 3,FSM,PatrolState,None,1.00,96.6,0,0.79,0,,,1392810000
21.05,FSM Enemy 1,FSM,PatrolState,None,1.00,76.1,0,0.79,0,,,1392810000
21.05,FSM Enemy 2,FSM,PatrolState,None,1.00,118.5,0,0.79,0,,,1392810000
21.05,FSM Enemy 4,FSM,PatrolState,None,1.00,96.4,0,0.79,0,,,1392810000
21.05,FSM Enemy 11,FSM,Dead,None,0.00,12.2,0,0.79,8,,,1392810000
21.05,FSM Enemy 12,FSM,PatrolState,None,1.00,77.0,0,0.79,0,,,1392810000
21.05,Utility Enemy 14,Utility,PatrolAction,None,1.00,92.2,0,0.79,0,0.120,0.000,1392810000
21.05,Utility Enemy 5,Utility,PatrolAction,None,1.00,86.2,0,0.79,0,0.120,0.000,1392810000
21.05,Utility Enemy 11,Utility,PatrolAction,None,0.50,15.0,0,0.79,0,0.120,0.000,1392810000
21.05,Utility Enemy 13,Utility,AttackAction,None,0.25,1.5,1,0.79,16,0.905,0.699,1392810000
21.05,Utility Enemy 3,Utility,PatrolAction,None,1.00,74.3,0,0.79,0,0.120,0.000,1392810000
21.05,Utility Enemy 15,Utility,PatrolAction,None,1.00,74.2,0,0.79,0,0.120,0.000,1392810000
21.05,Utility Enemy 2,Utility,PatrolAction,None,1.00,106.8,0,0.79,0,0.120,0.000,1392810000
21.05,Utility Enemy 12,Utility,PatrolAction,None,1.00,85.3,0,0.79,0,0.120,0.000,1392810000
21.05,Utility Enemy 6,Utility,Dead,None,0.00,7.5,0,0.79,8,0.707,0.395,1392810000
21.05,Utility Enemy 4,Utility,Dead,None,0.00,10.2,1,0.79,0,0.120,0.000,1392810000
21.05,Utility Enemy 8,Utility,PatrolAction,None,1.00,58.0,0,0.79,0,0.120,0.000,1392810000
21.05,Utility Enemy 7,Utility,PatrolAction,None,1.00,90.4,0,0.79,0,0.120,0.000,1392810000
21.05,Utility Enemy 1,Utility,PatrolAction,None,1.00,70.7,0,0.79,0,0.120,0.000,1392810000
21.05,Utility Enemy 9,Utility,PatrolAction,None,1.00,86.4,0,0.79,0,0.120,0.000,1392810000
21.05,Utility Enemy 10,Utility,PatrolAction,None,1.00,65.3,0,0.79,0,0.120,0.000,1392810000
22.05,Player,Player,-,None,0.79,,0,0.79,,,,1392810000
22.05,FSM Enemy 15,FSM,PatrolState,None,1.00,34.1,0,0.79,0,,,1392810000
22.05,FSM Enemy 14,FSM,PatrolState,None,1.00,104.6,0,0.79,0,,,1392810000
22.05,FSM Enemy 10,FSM,PatrolState,None,1.00,82.8,0,0.79,0,,,1392810000
22.05,FSM Enemy 8,FSM,PatrolState,None,1.00,53.5,0,0.79,0,,,1392810000
22.05,FSM Enemy 9,FSM,PatrolState,None,1.00,58.7,0,0.79,0,,,1392810000
22.05,FSM Enemy 13,FSM,AttackState,None,1.00,17.3,1,0.79,0,,,1392810000
22.05,FSM Enemy 6,FSM,PatrolState,None,1.00,81.9,0,0.79,0,,,1392810000
22.05,FSM Enemy 7,FSM,Dead,None,0.00,35.3,0,0.79,0,,,1392810000
22.05,FSM Enemy 5,FSM,PatrolState,None,1.00,40.7,0,0.79,0,,,1392810000
22.05,FSM Enemy 3,FSM,PatrolState,None,1.00,93.5,0,0.79,0,,,1392810000
22.05,FSM Enemy 1,FSM,PatrolState,None,1.00,73.9,0,0.79,0,,,1392810000
22.05,FSM Enemy 2,FSM,PatrolState,None,1.00,119.2,0,0.79,0,,,1392810000
22.05,FSM Enemy 4,FSM,PatrolState,None,1.00,93.6,0,0.79,0,,,1392810000
22.05,FSM Enemy 11,FSM,Dead,None,0.00,14.2,0,0.79,8,,,1392810000
22.05,FSM Enemy 12,FSM,PatrolState,None,1.00,78.8,0,0.79,0,,,1392810000
22.05,Utility Enemy 14,Utility,PatrolAction,None,1.00,94.9,0,0.79,0,0.120,0.000,1392810000
22.05,Utility Enemy 5,Utility,PatrolAction,None,1.00,85.8,0,0.79,0,0.120,0.000,1392810000
22.05,Utility Enemy 11,Utility,PatrolAction,None,0.50,20.8,0,0.79,0,0.120,0.000,1392810000
22.05,Utility Enemy 13,Utility,Dead,None,0.00,1.4,0,0.79,16,0.905,0.699,1392810000
22.05,Utility Enemy 3,Utility,PatrolAction,None,1.00,73.7,0,0.79,0,0.120,0.000,1392810000
22.05,Utility Enemy 15,Utility,PatrolAction,None,1.00,68.3,0,0.79,0,0.120,0.000,1392810000
22.05,Utility Enemy 2,Utility,PatrolAction,None,1.00,102.5,0,0.79,0,0.120,0.000,1392810000
22.05,Utility Enemy 12,Utility,PatrolAction,None,1.00,85.6,0,0.79,0,0.120,0.000,1392810000
22.05,Utility Enemy 6,Utility,Dead,None,0.00,10.0,0,0.79,8,0.707,0.395,1392810000
22.05,Utility Enemy 4,Utility,Dead,None,0.00,9.7,1,0.79,0,0.120,0.000,1392810000
22.05,Utility Enemy 8,Utility,PatrolAction,None,1.00,51.9,0,0.79,0,0.120,0.000,1392810000
22.05,Utility Enemy 7,Utility,PatrolAction,None,1.00,87.2,0,0.79,0,0.120,0.000,1392810000
22.05,Utility Enemy 1,Utility,PatrolAction,None,1.00,67.6,0,0.79,0,0.120,0.000,1392810000
22.05,Utility Enemy 9,Utility,PatrolAction,None,1.00,88.6,0,0.79,0,0.120,0.000,1392810000
22.05,Utility Enemy 10,Utility,PatrolAction,None,1.00,65.5,0,0.79,0,0.120,0.000,1392810000
23.05,Player,Player,-,None,0.73,,0,0.73,,,,1392810000
23.05,FSM Enemy 15,FSM,PatrolState,None,1.00,30.5,0,0.73,0,,,1392810000
23.05,FSM Enemy 14,FSM,PatrolState,None,1.00,101.7,0,0.73,0,,,1392810000
23.05,FSM Enemy 10,FSM,PatrolState,None,1.00,75.2,0,0.73,0,,,1392810000
23.05,FSM Enemy 8,FSM,PatrolState,None,1.00,50.4,0,0.73,0,,,1392810000
23.05,FSM Enemy 9,FSM,PatrolState,None,1.00,52.9,0,0.73,0,,,1392810000
23.05,FSM Enemy 13,FSM,AttackState,None,1.00,14.2,1,0.73,8,,,1392810000
23.05,FSM Enemy 6,FSM,PatrolState,None,1.00,76.1,0,0.73,0,,,1392810000
23.05,FSM Enemy 7,FSM,Dead,None,0.00,32.3,0,0.73,0,,,1392810000
23.05,FSM Enemy 5,FSM,PatrolState,None,1.00,35.2,0,0.73,0,,,1392810000
23.05,FSM Enemy 3,FSM,PatrolState,None,1.00,86.1,0,0.73,0,,,1392810000
23.05,FSM Enemy 1,FSM,PatrolState,None,1.00,70.7,0,0.73,0,,,1392810000
23.05,FSM Enemy 2,FSM,PatrolState,None,1.00,113.5,0,0.73,0,,,1392810000
23.05,FSM Enemy 4,FSM,PatrolState,None,1.00,86.3,0,0.73,0,,,1392810000
23.05,FSM Enemy 11,FSM,Dead,None,0.00,15.3,0,0.73,8,,,1392810000
23.05,FSM Enemy 12,FSM,PatrolState,None,1.00,77.3,0,0.73,0,,,1392810000
23.05,Utility Enemy 14,Utility,PatrolAction,None,1.00,94.0,0,0.73,0,0.120,0.000,1392810000
23.05,Utility Enemy 5,Utility,PatrolAction,None,1.00,81.3,0,0.73,0,0.120,0.000,1392810000
23.05,Utility Enemy 11,Utility,ChaseAction,None,0.50,19.3,0,0.73,0,0.490,0.400,1392810000
23.05,Utility Enemy 13,Utility,Dead,None,0.00,6.6,0,0.73,16,0.905,0.699,1392810000
23.05,Utility Enemy 3,Utility,PatrolAction,None,1.00,67.4,0,0.73,0,0.120,0.000,1392810000
23.05,Utility Enemy 15,Utility,PatrolAction,None,1.00,60.3,0,0.73,0,0.120,0.000,1392810000
23.05,Utility Enemy 2,Utility,PatrolAction,None,1.00,94.8,0,0.73,0,0.120,0.000,1392810000
23.05,Utility Enemy 12,Utility,PatrolAction,None,1.00,81.0,0,0.73,0,0.120,0.000,1392810000
23.05,Utility Enemy 6,Utility,Dead,None,0.00,12.8,0,0.73,8,0.707,0.395,1392810000
23.05,Utility Enemy 4,Utility,Dead,None,0.00,6.2,1,0.73,0,0.120,0.000,1392810000
23.05,Utility Enemy 8,Utility,PatrolAction,None,1.00,48.7,0,0.73,0,0.120,0.000,1392810000
23.05,Utility Enemy 7,Utility,PatrolAction,None,1.00,80.2,0,0.73,0,0.120,0.000,1392810000
23.05,Utility Enemy 1,Utility,PatrolAction,None,1.00,65.6,0,0.73,0,0.120,0.000,1392810000
23.05,Utility Enemy 9,Utility,PatrolAction,None,1.00,86.0,0,0.73,0,0.120,0.000,1392810000
23.05,Utility Enemy 10,Utility,PatrolAction,None,1.00,58.3,0,0.73,0,0.120,0.000,1392810000
24.05,Player,Player,-,None,0.68,,0,0.68,,,,1392810000
24.05,FSM Enemy 15,FSM,PatrolState,None,1.00,26.4,0,0.68,0,,,1392810000
24.05,FSM Enemy 14,FSM,PatrolState,None,1.00,102.6,0,0.68,0,,,1392810000
24.05,FSM Enemy 10,FSM,PatrolState,None,1.00,72.2,0,0.68,0,,,1392810000
24.05,FSM Enemy 8,FSM,PatrolState,None,1.00,52.2,0,0.68,0,,,1392810000
24.05,FSM Enemy 9,FSM,PatrolState,None,1.00,49.4,0,0.68,0,,,1392810000
24.05,FSM Enemy 13,FSM,AttackState,None,1.00,16.2,1,0.68,16,,,1392810000
24.05,FSM Enemy 6,FSM,PatrolState,None,1.00,71.3,0,0.68,0,,,1392810000
24.05,FSM Enemy 7,FSM,Dead,None,0.00,29.6,0,0.68,0,,,1392810000
24.05,FSM Enemy 5,FSM,PatrolState,None,1.00,38.6,0,0.68,0,,,1392810000
24.05,FSM Enemy 3,FSM,PatrolState,None,1.00,83.5,0,0.68,0,,,1392810000
24.05,FSM Enemy 1,FSM,PatrolState,None,1.00,73.6,0,0.68,0,,,1392810000
24.05,FSM Enemy 2,FSM,PatrolState,None,1.00,112.9,0,0.68,0,,,1392810000
24.05,FSM Enemy 4,FSM,PatrolState,None,1.00,81.9,0,0.68,0,,,1392810000
24.05,FSM Enemy 11,FSM,Dead,None,0.00,13.3,0,0.68,8,,,1392810000
24.05,FSM Enemy 12,FSM,PatrolState,None,1.00,77.3,0,0.68,0,,,1392810000
24.05,Utility Enemy 14,Utility,PatrolAction,None,1.00,89.4,0,0.68,0,0.120,0.000,1392810000
24.05,Utility Enemy 5,Utility,PatrolAction,None,1.00,81.3,0,0.68,0,0.120,0.000,1392810000
24.05,Utility Enemy 11,Utility,ChaseAction,None,0.50,12.3,0,0.68,0,0.490,0.400,1392810000
24.05,Utility Enemy 13,Utility,Dead,None,0.00,7.6,0,0.68,16,0.905,0.699,1392810000
24.05,Utility Enemy 3,Utility,PatrolAction,None,1.00,65.8,0,0.68,0,0.120,0.000,1392810000
24.05,Utility Enemy 15,Utility,PatrolAction,None,1.00,62.0,0,0.68,0,0.120,0.000,1392810000
24.05,Utility Enemy 2,Utility,PatrolAction,None,1.00,93.5,0,0.68,0,0.120,0.000,1392810000
24.05,Utility Enemy 12,Utility,PatrolAction,None,1.00,76.5,0,0.68,0,0.120,0.000,1392810000
24.05,Utility Enemy 6,Utility,Dead,None,0.00,11.6,0,0.68,8,0.707,0.395,1392810000
24.05,Utility Enemy 4,Utility,Dead,None,0.00,3.5,1,0.68,0,0.120,0.000,1392810000
24.05,Utility Enemy 8,Utility,PatrolAction,None,1.00,52.4,0,0.68,0,0.120,0.000,1392810000
24.05,Utility Enemy 7,Utility,PatrolAction,None,1.00,78.3,0,0.68,0,0.120,0.000,1392810000
24.05,Utility Enemy 1,Utility,PatrolAction,None,1.00,68.9,0,0.68,0,0.120,0.000,1392810000
24.05,Utility Enemy 9,Utility,PatrolAction,None,1.00,80.9,0,0.68,0,0.120,0.000,1392810000
24.05,Utility Enemy 10,Utility,PatrolAction,None,1.00,52.6,0,0.68,0,0.120,0.000,1392810000
25.05,Player,Player,-,None,0.63,,0,0.63,,,,1392810000
25.05,FSM Enemy 15,FSM,PatrolState,None,1.00,23.6,0,0.63,0,,,1392810000
25.05,FSM Enemy 14,FSM,PatrolState,None,1.00,101.6,0,0.63,0,,,1392810000
25.05,FSM Enemy 10,FSM,PatrolState,None,1.00,72.3,0,0.63,0,,,1392810000
25.05,FSM Enemy 8,FSM,PatrolState,None,1.00,53.2,0,0.63,0,,,1392810000
25.05,FSM Enemy 9,FSM,PatrolState,None,1.00,46.4,0,0.63,0,,,1392810000
25.05,FSM Enemy 13,FSM,Dead,None,0.00,15.7,1,0.63,16,,,1392810000
25.05,FSM Enemy 6,FSM,PatrolState,None,1.00,69.0,0,0.63,0,,,1392810000
25.05,FSM Enemy 7,FSM,Dead,None,0.00,29.5,0,0.63,0,,,1392810000
25.05,FSM Enemy 5,FSM,PatrolState,None,1.00,40.4,0,0.63,0,,,1392810000
25.05,FSM Enemy 3,FSM,PatrolState,None,1.00,80.4,0,0.63,0,,,1392810000
25.05,FSM Enemy 1,FSM,PatrolState,None,1.00,72.0,0,0.63,0,,,1392810000
25.05,FSM Enemy 2,FSM,PatrolState,None,1.00,112.7,0,0.63,0,,,1392810000
25.05,FSM Enemy 4,FSM,PatrolState,None,1.00,79.0,0,0.63,0,,,1392810000
25.05,FSM Enemy 11,FSM,Dead,None,0.00,13.9,0,0.63,8,,,1392810000
25.05,FSM Enemy 12,FSM,PatrolState,None,1.00,79.4,0,0.63,0,,,1392810000
25.05,Utility Enemy 14,Utility,PatrolAction,None,1.00,85.1,0,0.63,0,0.120,0.000,1392810000
25.05,Utility Enemy 5,Utility,PatrolAction,None,1.00,78.8,0,0.63,0,0.120,0.000,1392810000
25.05,Utility Enemy 11,Utility,AttackAction,None,0.50,11.0,1,0.63,8,0.408,0.287,1392810000
25.05,Utility Enemy 13,Utility,Dead,None,0.00,8.2,0,0.63,16,0.905,0.699,1392810000
25.05,Utility Enemy 3,Utility,PatrolAction,None,1.00,62.4,0,0.63,0,0.120,0.000,1392810000
25.05,Utility Enemy 15,Utility,PatrolAction,None,1.00,58.0,0,0.63,0,0.120,0.000,1392810000
25.05,Utility Enemy 2,Utility,PatrolAction,None,1.00,97.1,0,0.63,0,0.120,0.000,1392810000
25.05,Utility Enemy 12,Utility,PatrolAction,None,1.00,74.6,0,0.63,0,0.120,0.000,1392810000
25.05,Utility Enemy 6,Utility,Dead,None,0.00,12.3,0,0.63,8,0.707,0.395,1392810000
25.05,Utility Enemy 4,Utility,Dead,None,0.00,3.5,1,0.63,0,0.120,0.000,1392810000
25.05,Utility Enemy 8,Utility,PatrolAction,None,1.00,54.1,0,0.63,0,0.120,0.000,1392810000
25.05,Utility Enemy 7,Utility,PatrolAction,None,1.00,75.3,0,0.63,0,0.120,0.000,1392810000
25.05,Utility Enemy 1,Utility,PatrolAction,None,1.00,71.1,0,0.63,0,0.120,0.000,1392810000
25.05,Utility Enemy 9,Utility,PatrolAction,None,1.00,82.6,0,0.63,0,0.120,0.000,1392810000
25.05,Utility Enemy 10,Utility,PatrolAction,None,1.00,53.8,0,0.63,0,0.120,0.000,1392810000
26.05,Player,Player,-,None,0.57,,0,0.57,,,,1392810000
26.05,FSM Enemy 15,FSM,PatrolState,None,1.00,23.1,0,0.57,0,,,1392810000
26.05,FSM Enemy 14,FSM,PatrolState,None,1.00,99.9,0,0.57,0,,,1392810000
26.05,FSM Enemy 10,FSM,PatrolState,None,1.00,71.8,0,0.57,0,,,1392810000
26.05,FSM Enemy 8,FSM,PatrolState,None,1.00,48.6,0,0.57,0,,,1392810000
26.05,FSM Enemy 9,FSM,PatrolState,None,1.00,45.9,0,0.57,0,,,1392810000
26.05,FSM Enemy 13,FSM,Dead,None,0.00,10.0,1,0.57,16,,,1392810000
26.05,FSM Enemy 6,FSM,PatrolState,None,1.00,69.9,0,0.57,0,,,1392810000
26.05,FSM Enemy 7,FSM,Dead,None,0.00,33.3,0,0.57,0,,,1392810000
26.05,FSM Enemy 5,FSM,PatrolState,None,1.00,37.5,0,0.57,0,,,1392810000
26.05,FSM Enemy 3,FSM,PatrolState,None,1.00,74.4,0,0.57,0,,,1392810000
26.05,FSM Enemy 1,FSM,PatrolState,None,1.00,65.3,0,0.57,0,,,1392810000
26.05,FSM Enemy 2,FSM,PatrolState,None,1.00,109.2,0,0.57,0,,,1392810000
26.05,FSM Enemy 4,FSM,PatrolState,None,1.00,77.2,0,0.57,0,,,1392810000
26.05,FSM Enemy 11,FSM,Dead,None,0.00,19.7,0,0.57,8,,,1392810000
26.05,FSM Enemy 12,FSM,PatrolState,None,1.00,83.8,0,0.57,0,,,1392810000
26.05,Utility Enemy 14,Utility,PatrolAction,None,1.00,84.3,0,0.57,0,0.120,0.000,1392810000
26.05,Utility Enemy 5,Utility,PatrolAction,None,1.00,71.0,0,0.57,0,0.120,0.000,1392810000
26.05,Utility Enemy 11,Utility,TakeCoverAction,None,0.50,16.1,1,0.57,16,0.180,0.168,1392810000
26.05,Utility Enemy 13,Utility,Dead,None,0.00,11.1,0,0.57,16,0.905,0.699,1392810000
26.05,Utility Enemy 3,Utility,PatrolAction,None,1.00,56.6,0,0.57,0,0.120,0.000,1392810000
26.05,Utility Enemy 15,Utility,PatrolAction,None,1.00,49.0,0,0.57,0,0.120,0.000,1392810000
26.05,Utility Enemy 2,Utility,PatrolAction,None,1.00,99.0,0,0.57,0,0.120,0.000,1392810000
26.05,Utility Enemy 12,Utility,PatrolAction,None,1.00,74.6,0,0.57,0,0.120,0.000,1392810000
26.05,Utility Enemy 6,Utility,Dead,None,0.00,17.6,0,0.57,8,0.707,0.395,1392810000
26.05,Utility Enemy 4,Utility,Dead,None,0.00,8.8,0,0.57,0,0.120,0.000,1392810000
26.05,Utility Enemy 8,Utility,PatrolAction,None,1.00,50.2,0,0.57,0,0.120,0.000,1392810000
26.05,Utility Enemy 7,Utility,PatrolAction,None,1.00,74.8,0,0.57,0,0.120,0.000,1392810000
26.05,Utility Enemy 1,Utility,PatrolAction,None,1.00,69.8,0,0.57,0,0.120,0.000,1392810000
26.05,Utility Enemy 9,Utility,PatrolAction,None,1.00,87.2,0,0.57,0,0.120,0.000,1392810000
26.05,Utility Enemy 10,Utility,PatrolAction,None,1.00,55.2,0,0.57,0,0.120,0.000,1392810000
27.06,Player,Player,-,None,0.52,,0,0.52,,,,1392810000
27.06,FSM Enemy 15,FSM,PatrolState,None,1.00,19.3,0,0.52,0,,,1392810000
27.06,FSM Enemy 14,FSM,PatrolState,None,1.00,96.4,0,0.52,0,,,1392810000
27.06,FSM Enemy 10,FSM,PatrolState,None,1.00,69.4,0,0.52,0,,,1392810000
27.06,FSM Enemy 8,FSM,PatrolState,None,1.00,47.2,0,0.52,0,,,1392810000
27.06,FSM Enemy 9,FSM,PatrolState,None,1.00,44.8,0,0.52,0,,,1392810000
27.06,FSM Enemy 13,FSM,Dead,None,0.00,8.3,1,0.52,16,,,1392810000
27.06,FSM Enemy 6,FSM,PatrolState,None,1.00,67.5,0,0.52,0,,,1392810000
27.06,FSM Enemy 7,FSM,Dead,None,0.00,33.4,0,0.52,0,,,1392810000
27.06,FSM Enemy 5,FSM,PatrolState,None,1.00,37.0,0,0.52,0,,,1392810000
27.06,FSM Enemy 3,FSM,PatrolState,None,1.00,68.9,0,0.52,0,,,1392810000
27.06,FSM Enemy 1,FSM,PatrolState,None,1.00,61.5,0,0.52,0,,,1392810000
27.06,FSM Enemy 2,FSM,PatrolState,None,1.00,104.3,0,0.52,0,,,1392810000
27.06,FSM Enemy 4,FSM,PatrolState,None,1.00,74.5,0,0.52,0,,,1392810000
27.06,FSM Enemy 11,FSM,Dead,None,0.00,22.2,0,0.52,8,,,1392810000
27.06,FSM Enemy 12,FSM,PatrolState,None,1.00,85.0,0,0.52,0,,,1392810000
27.06,Utility Enemy 14,Utility,PatrolAction,None,1.00,83.8,0,0.52,0,0.120,0.000,1392810000
27.06,Utility Enemy 5,Utility,PatrolAction,None,1.00,64.0,0,0.52,0,0.120,0.000,1392810000
27.06,Utility Enemy 11,Utility,SpreadFireAction,None,0.50,17.7,0,0.52,24,0.145,0.142,1392810000
27.06,Utility Enemy 13,Utility,Dead,None,0.00,14.2,0,0.52,16,0.905,0.699,1392810000
27.06,Utility Enemy 3,Utility,PatrolAction,None,1.00,50.4,0,0.52,0,0.120,0.000,1392810000
27.06,Utility Enemy 15,Utility,PatrolAction,None,1.00,44.7,0,0.52,0,0.120,0.000,1392810000
27.06,Utility Enemy 2,Utility,PatrolAction,None,1.00,97.0,0,0.52,0,0.120,0.000,1392810000
27.06,Utility Enemy 12,Utility,PatrolAction,None,1.00,70.7,0,0.52,0,0.120,0.000,1392810000
27.06,Utility Enemy 6,Utility,Dead,None,0.00,20.5,0,0.52,8,0.707,0.395,1392810000
27.06,Utility Enemy 4,Utility,Dead,None,0.00,10.7,0,0.52,0,0.120,0.000,1392810000
27.06,Utility Enemy 8,Utility,PatrolAction,None,1.00,43.9,0,0.52,0,0.120,0.000,1392810000
27.06,Utility Enemy 7,Utility,PatrolAction,None,1.00,70.6,0,0.52,0,0.120,0.000,1392810000
27.06,Utility Enemy 1,Utility,PatrolAction,None,1.00,68.7,0,0.52,0,0.120,0.000,1392810000
27.06,Utility Enemy 9,Utility,PatrolAction,None,1.00,85.3,0,0.52,0,0.120,0.000,1392810000
27.06,Utility Enemy 10,Utility,PatrolAction,None,1.00,50.7,0,0.52,0,0.120,0.000,1392810000
28.06,Player,Player,-,None,0.52,,0,0.52,,,,1392810000
28.06,FSM Enemy 15,FSM,AttackState,None,1.00,17.3,1,0.52,0,,,1392810000
28.06,FSM Enemy 14,FSM,PatrolState,None,1.00,97.3,0,0.52,0,,,1392810000
28.06,FSM Enemy 10,FSM,PatrolState,None,1.00,72.5,0,0.52,0,,,1392810000
28.06,FSM Enemy 8,FSM,PatrolState,None,1.00,53.2,0,0.52,0,,,1392810000
28.06,FSM Enemy 9,FSM,PatrolState,None,1.00,47.0,0,0.52,0,,,1392810000
28.06,FSM Enemy 13,FSM,Dead,None,0.00,13.7,1,0.52,16,,,1392810000
28.06,FSM Enemy 6,FSM,PatrolState,None,1.00,64.7,0,0.52,0,,,1392810000
28.06,FSM Enemy 7,FSM,PatrolState,None,1.00,52.6,0,0.52,0,,,1392810000
28.06,FSM Enemy 5,FSM,PatrolState,None,1.00,42.1,0,0.52,0,,,1392810000
28.06,FSM Enemy 3,FSM,PatrolState,None,1.00,72.2,0,0.52,0,,,1392810000
28.06,FSM Enemy 1,FSM,PatrolState,None,1.00,66.5,0,0.52,0,,,1392810000
28.06,FSM Enemy 2,FSM,PatrolState,None,1.00,105.2,0,0.52,0,,,1392810000
28.06,FSM Enemy 4,FSM,PatrolState,None,1.00,73.9,0,0.52,0,,,1392810000
28.06,FSM Enemy 11,FSM,Dead,None,0.00,16.3,0,0.52,8,,,1392810000
28.06,FSM Enemy 12,FSM,PatrolState,None,1.00,82.5,0,0.52,0,,,1392810000
28.06,Utility Enemy 14,Utility,PatrolAction,None,1.00,87.2,0,0.52,0,0.120,0.000,1392810000
28.06,Utility Enemy 5,Utility,PatrolAction,None,1.00,71.8,0,0.52,0,0.120,0.000,1392810000
28.06,Utility Enemy 11,Utility,AttackAction,None,0.50,12.0,1,0.52,24,0.319,0.255,1392810000
28.06,Utility Enemy 13,Utility,Dead,None,0.00,10.2,0,0.52,16,0.905,0.699,1392810000
28.06,Utility Enemy 3,Utility,PatrolAction,None,1.00,49.8,0,0.52,0,0.120,0.000,1392810000
28.06,Utility Enemy 15,Utility,PatrolAction,None,1.00,53.8,0,0.52,0,0.120,0.000,1392810000
28.06,Utility Enemy 2,Utility,PatrolAction,None,1.00,99.2,0,0.52,0,0.120,0.000,1392810000
28.06,Utility Enemy 12,Utility,PatrolAction,None,1.00,65.8,0,0.52,0,0.120,0.000,1392810000
28.06,Utility Enemy 6,Utility,Dead,None,0.00,15.0,0,0.52,8,0.707,0.395,1392810000
28.06,Utility Enemy 4,Utility,Dead,None,0.00,4.9,0,0.52,0,0.120,0.000,1392810000
28.06,Utility Enemy 8,Utility,PatrolAction,None,1.00,43.5,0,0.52,0,0.120,0.000,1392810000
28.06,Utility Enemy 7,Utility,PatrolAction,None,1.00,66.7,0,0.52,0,0.120,0.000,1392810000
28.06,Utility Enemy 1,Utility,PatrolAction,None,1.00,70.4,0,0.52,0,0.120,0.000,1392810000
28.06,Utility Enemy 9,Utility,PatrolAction,None,1.00,82.0,0,0.52,0,0.120,0.000,1392810000
28.06,Utility Enemy 10,Utility,PatrolAction,None,1.00,52.3,0,0.52,0,0.120,0.000,1392810000
29.06,Player,Player,-,EnemyDuplicate,0.47,,0,0.47,,,,1392810000
29.06,FSM Enemy 15,FSM,AttackState,EnemyDuplicate,1.00,15.0,1,0.47,8,,,1392810000
29.06,FSM Enemy 14,FSM,AttackState,EnemyDuplicate,1.00,95.3,0,0.47,0,,,1392810000
29.06,FSM Enemy 10,FSM,AttackState,EnemyDuplicate,1.00,71.7,0,0.47,0,,,1392810000
29.06,FSM Enemy 8,FSM,AttackState,EnemyDuplicate,1.00,56.2,0,0.47,0,,,1392810000
29.06,FSM Enemy 9,FSM,AttackState,EnemyDuplicate,1.00,46.4,0,0.47,0,,,1392810000
29.06,FSM Enemy 13,FSM,Dead,EnemyDuplicate,0.00,20.8,0,0.47,16,,,1392810000
29.06,FSM Enemy 6,FSM,AttackState,EnemyDuplicate,1.00,59.2,0,0.47,0,,,1392810000
29.06,FSM Enemy 7,FSM,AttackState,EnemyDuplicate,1.00,48.1,0,0.47,0,,,1392810000
29.06,FSM Enemy 5,FSM,AttackState,EnemyDuplicate,1.00,45.1,0,0.47,0,,,1392810000
29.06,FSM Enemy 3,FSM,AttackState,EnemyDuplicate,1.00,73.9,0,0.47,0,,,1392810000
29.06,FSM Enemy 1,FSM,AttackState,EnemyDuplicate,1.00,72.7,0,0.47,0,,,1392810000
29.06,FSM Enemy 2,FSM,AttackState,EnemyDuplicate,1.00,102.7,0,0.47,0,,,1392810000
29.06,FSM Enemy 4,FSM,AttackState,EnemyDuplicate,1.00,70.2,0,0.47,0,,,1392810000
29.06,FSM Enemy 11,FSM,Dead,EnemyDuplicate,0.00,11.8,0,0.47,8,,,1392810000
29.06,FSM Enemy 12,FSM,AttackState,EnemyDuplicate,1.00,75.0,0,0.47,0,,,1392810000
29.06,Utility Enemy 14,Utility,RepositionAction,EnemyDuplicate,1.00,85.5,0,0.47,0,0.650,0.120,1392810000
29.06,Utility Enemy 5,Utility,RepositionAction,EnemyDuplicate,1.00,77.8,0,0.47,0,0.650,0.120,1392810000
29.06,Utility Enemy 11,Utility,Dead,EnemyDuplicate,0.00,5.5,1,0.47,24,0.611,0.540,1392810000
29.06,Utility Enemy 13,Utility,Dead,EnemyDuplicate,0.00,13.3,0,0.47,16,0.905,0.699,1392810000
29.06,Utility Enemy 3,Utility,RepositionAction,EnemyDuplicate,1.00,50.2,0,0.47,0,0.650,0.120,1392810000
29.06,Utility Enemy 15,Utility,RepositionAction,EnemyDuplicate,1.00,60.4,0,0.47,0,0.650,0.120,1392810000
29.06,Utility Enemy 2,Utility,RepositionAction,EnemyDuplicate,1.00,101.7,0,0.47,0,0.650,0.120,1392810000
29.06,Utility Enemy 12,Utility,RepositionAction,EnemyDuplicate,1.00,56.9,0,0.47,0,0.650,0.120,1392810000
29.06,Utility Enemy 6,Utility,Dead,EnemyDuplicate,0.00,13.1,0,0.47,8,0.707,0.395,1392810000
29.06,Utility Enemy 4,Utility,Dead,EnemyDuplicate,0.00,3.2,0,0.47,0,0.120,0.000,1392810000
29.06,Utility Enemy 8,Utility,RepositionAction,EnemyDuplicate,1.00,42.7,0,0.47,0,0.650,0.120,1392810000
29.06,Utility Enemy 7,Utility,RepositionAction,EnemyDuplicate,1.00,64.4,0,0.47,0,0.650,0.120,1392810000
29.06,Utility Enemy 1,Utility,RepositionAction,EnemyDuplicate,1.00,66.9,0,0.47,0,0.650,0.120,1392810000
29.06,Utility Enemy 9,Utility,RepositionAction,EnemyDuplicate,1.00,74.9,0,0.47,0,0.650,0.120,1392810000
29.06,Utility Enemy 10,Utility,RepositionAction,EnemyDuplicate,1.00,46.7,0,0.47,0,0.650,0.120,1392810000
30.06,Player,Player,-,EnemyDuplicate,0.47,,0,0.47,,,,1392810000
30.06,FSM Enemy 15,FSM,AttackState,EnemyDuplicate,1.00,12.9,0,0.47,8,,,1392810000
30.06,FSM Enemy 14,FSM,AttackState,EnemyDuplicate,1.00,91.0,0,0.47,0,,,1392810000
30.06,FSM Enemy 10,FSM,AttackState,EnemyDuplicate,1.00,68.1,0,0.47,0,,,1392810000
30.06,FSM Enemy 8,FSM,AttackState,EnemyDuplicate,1.00,55.0,0,0.47,0,,,1392810000
30.06,FSM Enemy 9,FSM,AttackState,EnemyDuplicate,1.00,42.5,0,0.47,0,,,1392810000
30.06,FSM Enemy 13,FSM,Dead,EnemyDuplicate,0.00,26.8,0,0.47,16,,,1392810000
30.06,FSM Enemy 6,FSM,AttackState,EnemyDuplicate,1.00,52.2,0,0.47,0,,,1392810000
30.06,FSM Enemy 7,FSM,AttackState,EnemyDuplicate,1.00,44.2,0,0.47,0,,,1392810000
30.06,FSM Enemy 5,FSM,AttackState,EnemyDuplicate,1.00,48.3,0,0.47,0,,,1392810000
30.06,FSM Enemy 3,FSM,AttackState,EnemyDuplicate,1.00,73.2,0,0.47,0,,,1392810000
30.06,FSM Enemy 1,FSM,AttackState,EnemyDuplicate,1.00,76.6,0,0.47,0,,,1392810000
30.06,FSM Enemy 2,FSM,AttackState,EnemyDuplicate,1.00,99.6,0,0.47,0,,,1392810000
30.06,FSM Enemy 4,FSM,AttackState,EnemyDuplicate,1.00,64.2,0,0.47,0,,,1392810000
30.06,FSM Enemy 11,FSM,Dead,EnemyDuplicate,0.00,13.8,1,0.47,8,,,1392810000
30.06,FSM Enemy 12,FSM,AttackState,EnemyDuplicate,1.00,68.3,0,0.47,0,,,1392810000
30.06,Utility Enemy 14,Utility,RepositionAction,EnemyDuplicate,1.00,76.5,0,0.47,0,0.650,0.120,1392810000
30.06,Utility Enemy 5,Utility,RepositionAction,EnemyDuplicate,1.00,75.7,0,0.47,0,0.650,0.120,1392810000
30.06,Utility Enemy 11,Utility,Dead,EnemyDuplicate,0.00,7.2,0,0.47,24,0.611,0.540,1392810000
30.06,Utility Enemy 13,Utility,Dead,EnemyDuplicate,0.00,20.0,0,0.47,16,0.905,0.699,1392810000
30.06,Utility Enemy 3,Utility,RepositionAction,EnemyDuplicate,1.00,49.2,0,0.47,0,0.650,0.120,1392810000
30.06,Utility Enemy 15,Utility,RepositionAction,EnemyDuplicate,1.00,60.4,0,0.47,0,0.650,0.120,1392810000
30.06,Utility Enemy 2,Utility,RepositionAction,EnemyDuplicate,1.00,101.1,0,0.47,0,0.650,0.120,1392810000
30.06,Utility Enemy 12,Utility,RepositionAction,EnemyDuplicate,1.00,50.6,0,0.47,0,0.650,0.120,1392810000
30.06,Utility Enemy 6,Utility,Dead,EnemyDuplicate,0.00,17.4,0,0.47,8,0.707,0.395,1392810000
30.06,Utility Enemy 4,Utility,Dead,EnemyDuplicate,0.00,10.3,0,0.47,0,0.120,0.000,1392810000
30.06,Utility Enemy 8,Utility,RepositionAction,EnemyDuplicate,1.00,40.1,0,0.47,0,0.650,0.120,1392810000
30.06,Utility Enemy 7,Utility,RepositionAction,EnemyDuplicate,1.00,55.9,0,0.47,0,0.650,0.120,1392810000
30.06,Utility Enemy 1,Utility,RepositionAction,EnemyDuplicate,1.00,62.2,0,0.47,0,0.650,0.120,1392810000
30.06,Utility Enemy 9,Utility,RepositionAction,EnemyDuplicate,1.00,69.2,0,0.47,0,0.650,0.120,1392810000
30.06,Utility Enemy 10,Utility,RepositionAction,EnemyDuplicate,1.00,41.4,0,0.47,0,0.650,0.120,1392810000
31.07,Player,Player,-,EnemyDuplicate,0.41,,0,0.41,,,,1392810000
31.07,FSM Enemy 15,FSM,AttackState,EnemyDuplicate,1.00,6.9,0,0.41,16,,,1392810000
31.07,FSM Enemy 14,FSM,AttackState,EnemyDuplicate,1.00,86.1,0,0.41,0,,,1392810000
31.07,FSM Enemy 10,FSM,AttackState,EnemyDuplicate,1.00,62.7,0,0.41,0,,,1392810000
31.07,FSM Enemy 8,FSM,AttackState,EnemyDuplicate,1.00,49.0,0,0.41,0,,,1392810000
31.07,FSM Enemy 9,FSM,AttackState,EnemyDuplicate,1.00,37.2,0,0.41,0,,,1392810000
31.07,FSM Enemy 13,FSM,Dead,EnemyDuplicate,0.00,24.9,0,0.41,16,,,1392810000
31.07,FSM Enemy 6,FSM,AttackState,EnemyDuplicate,1.00,51.3,0,0.41,0,,,1392810000
31.07,FSM Enemy 7,FSM,AttackState,EnemyDuplicate,1.00,38.9,0,0.41,0,,,1392810000
31.07,FSM Enemy 5,FSM,AttackState,EnemyDuplicate,1.00,43.6,0,0.41,0,,,1392810000
31.07,FSM Enemy 3,FSM,AttackState,EnemyDuplicate,1.00,67.2,0,0.41,0,,,1392810000
31.07,FSM Enemy 1,FSM,AttackState,EnemyDuplicate,1.00,71.9,0,0.41,0,,,1392810000
31.07,FSM Enemy 2,FSM,AttackState,EnemyDuplicate,1.00,94.0,0,0.41,0,,,1392810000
31.07,FSM Enemy 4,FSM,AttackState,EnemyDuplicate,1.00,60.8,0,0.41,0,,,1392810000
31.07,FSM Enemy 11,FSM,Dead,EnemyDuplicate,0.00,19.3,0,0.41,8,,,1392810000
31.07,FSM Enemy 12,FSM,AttackState,EnemyDuplicate,1.00,65.8,0,0.41,0,,,1392810000
31.07,Utility Enemy 14,Utility,RepositionAction,EnemyDuplicate,1.00,69.1,0,0.41,0,0.650,0.120,1392810000
31.07,Utility Enemy 5,Utility,RepositionAction,EnemyDuplicate,1.00,66.9,0,0.41,0,0.650,0.120,1392810000
31.07,Utility Enemy 11,Utility,Dead,EnemyDuplicate,0.00,12.3,0,0.41,24,0.611,0.540,1392810000
31.07,Utility Enemy 13,Utility,Dead,EnemyDuplicate,0.00,22.7,0,0.41,16,0.905,0.699,1392810000
31.07,Utility Enemy 3,Utility,RepositionAction,EnemyDuplicate,1.00,40.8,0,0.41,0,0.650,0.120,1392810000
31.07,Utility Enemy 15,Utility,RepositionAction,EnemyDuplicate,1.00,56.0,0,0.41,0,0.650,0.120,1392810000
31.07,Utility Enemy 2,Utility,RepositionAction,EnemyDuplicate,1.00,98.2,0,0.41,0,0.650,0.120,1392810000
31.07,Utility Enemy 12,Utility,RepositionAction,EnemyDuplicate,1.00,50.1,0,0.41,0,0.650,0.120,1392810000
31.07,Utility Enemy 6,Utility,Dead,EnemyDuplicate,0.00,22.1,0,0.41,8,0.707,0.395,1392810000
31.07,Utility Enemy 4,Utility,RepositionAction,EnemyDuplicate,1.00,29.4,0,0.41,0,0.650,0.120,1392810000
31.07,Utility Enemy 8,Utility,RepositionAction,EnemyDuplicate,1.00,33.0,0,0.41,0,0.650,0.120,1392810000
31.07,Utility Enemy 7,Utility,RepositionAction,EnemyDuplicate,1.00,52.7,0,0.41,0,0.650,0.120,1392810000
31.07,Utility Enemy 1,Utility,RepositionAction,EnemyDuplicate,1.00,56.2,0,0.41,0,0.650,0.120,1392810000
31.07,Utility Enemy 9,Utility,RepositionAction,EnemyDuplicate,1.00,68.1,0,0.41,0,0.650,0.120,1392810000
31.07,Utility Enemy 10,Utility,RepositionAction,EnemyDuplicate,1.00,37.9,0,0.41,0,0.650,0.120,1392810000
32.07,Player,Player,-,EnemyDuplicate,0.41,,0,0.41,,,,1392810000
32.07,FSM Enemy 15,FSM,Dead,EnemyDuplicate,0.00,3.0,1,0.41,16,,,1392810000
32.07,FSM Enemy 14,FSM,AttackState,EnemyDuplicate,1.00,82.7,0,0.41,0,,,1392810000
32.07,FSM Enemy 10,FSM,AttackState,EnemyDuplicate,1.00,59.1,0,0.41,0,,,1392810000
32.07,FSM Enemy 8,FSM,AttackState,EnemyDuplicate,1.00,45.0,0,0.41,0,,,1392810000
32.07,FSM Enemy 9,FSM,AttackState,EnemyDuplicate,1.00,33.7,0,0.41,0,,,1392810000
32.07,FSM Enemy 13,FSM,Dead,EnemyDuplicate,0.00,24.6,0,0.41,16,,,1392810000
32.07,FSM Enemy 6,FSM,AttackState,EnemyDuplicate,1.00,50.8,0,0.41,0,,,1392810000
32.07,FSM Enemy 7,FSM,AttackState,EnemyDuplicate,1.00,35.4,0,0.41,0,,,1392810000
32.07,FSM Enemy 5,FSM,AttackState,EnemyDuplicate,1.00,40.7,0,0.41,0,,,1392810000
32.07,FSM Enemy 3,FSM,AttackState,EnemyDuplicate,1.00,63.2,0,0.41,0,,,1392810000
32.07,FSM Enemy 1,FSM,AttackState,EnemyDuplicate,1.00,69.1,0,0.41,0,,,1392810000
32.07,FSM Enemy 2,FSM,AttackState,EnemyDuplicate,1.00,90.2,0,0.41,0,,,1392810000
32.07,FSM Enemy 4,FSM,AttackState,EnemyDuplicate,1.00,58.5,0,0.41,0,,,1392810000
32.07,FSM Enemy 11,FSM,Dead,EnemyDuplicate,0.00,23.2,0,0.41,8,,,1392810000
32.07,FSM Enemy 12,FSM,AttackState,EnemyDuplicate,1.00,64.2,0,0.41,0,,,1392810000
32.07,Utility Enemy 14,Utility,RepositionAction,EnemyDuplicate,1.00,65.1,0,0.41,0,0.650,0.120,1392810000
32.07,Utility Enemy 5,Utility,RepositionAction,EnemyDuplicate,1.00,67.1,0,0.41,0,0.650,0.120,1392810000
32.07,Utility Enemy 11,Utility,Dead,EnemyDuplicate,0.00,16.2,0,0.41,24,0.611,0.540,1392810000
32.07,Utility Enemy 13,Utility,Dead,EnemyDuplicate,0.00,25.4,0,0.41,16,0.905,0.699,1392810000
32.07,Utility Enemy 3,Utility,RepositionAction,EnemyDuplicate,1.00,38.5,0,0.41,0,0.650,0.120,1392810000
32.07,Utility Enemy 15,Utility,RepositionAction,EnemyDuplicate,1.00,55.7,0,0.41,0,0.650,0.120,1392810000
32.07,Utility Enemy 2,Utility,RepositionAction,EnemyDuplicate,1.00,97.6,0,0.41,0,0.650,0.120,1392810000
32.07,Utility Enemy 12,Utility,RepositionAction,EnemyDuplicate,1.00,52.1,0,0.41,0,0.650,0.120,1392810000
32.07,Utility Enemy 6,Utility,Dead,EnemyDuplicate,0.00,25.7,0,0.41,8,0.707,0.395,1392810000
32.07,Utility Enemy 4,Utility,RepositionAction,EnemyDuplicate,1.00,30.0,0,0.41,0,0.650,0.120,1392810000
32.07,Utility Enemy 8,Utility,RepositionAction,EnemyDuplicate,1.00,30.2,0,0.41,0,0.650,0.120,1392810000
32.07,Utility Enemy 7,Utility,RepositionAction,EnemyDuplicate,1.00,56.7,0,0.41,0,0.650,0.120,1392810000
32.07,Utility Enemy 1,Utility,RepositionAction,EnemyDuplicate,1.00,50.7,0,0.41,0,0.650,0.120,1392810000
32.07,Utility Enemy 9,Utility,RepositionAction,EnemyDuplicate,1.00,68.3,0,0.41,0,0.650,0.120,1392810000
32.07,Utility Enemy 10,Utility,RepositionAction,EnemyDuplicate,1.00,36.2,0,0.41,0,0.650,0.120,1392810000
33.07,Player,Player,-,EnemyDuplicate,0.41,,0,0.41,,,,1392810000
33.07,FSM Enemy 15,FSM,Dead,EnemyDuplicate,0.00,4.0,0,0.41,16,,,1392810000
33.07,FSM Enemy 14,FSM,AttackState,EnemyDuplicate,1.00,82.4,0,0.41,0,,,1392810000
33.07,FSM Enemy 10,FSM,AttackState,EnemyDuplicate,1.00,57.8,0,0.41,0,,,1392810000
33.07,FSM Enemy 8,FSM,AttackState,EnemyDuplicate,1.00,41.6,0,0.41,0,,,1392810000
33.07,FSM Enemy 9,FSM,AttackState,EnemyDuplicate,1.00,33.3,0,0.41,0,,,1392810000
33.07,FSM Enemy 13,FSM,Dead,EnemyDuplicate,0.00,20.4,0,0.41,16,,,1392810000
33.07,FSM Enemy 6,FSM,AttackState,EnemyDuplicate,1.00,55.3,0,0.41,0,,,1392810000
33.07,FSM Enemy 7,FSM,AttackState,EnemyDuplicate,1.00,35.0,0,0.41,0,,,1392810000
33.07,FSM Enemy 5,FSM,AttackState,EnemyDuplicate,1.00,34.8,0,0.41,0,,,1392810000
33.07,FSM Enemy 3,FSM,AttackState,EnemyDuplicate,1.00,59.3,0,0.41,0,,,1392810000
33.07,FSM Enemy 1,FSM,AttackState,EnemyDuplicate,1.00,63.1,0,0.41,0,,,1392810000
33.07,FSM Enemy 2,FSM,AttackState,EnemyDuplicate,1.00,88.2,0,0.41,0,,,1392810000
33.07,FSM Enemy 4,FSM,AttackState,EnemyDuplicate,1.00,60.6,0,0.41,0,,,1392810000
33.07,FSM Enemy 11,FSM,ChaseState,EnemyDuplicate,1.00,68.2,0,0.41,8,,,1392810000
33.07,FSM Enemy 12,FSM,AttackState,EnemyDuplicate,1.00,67.3,0,0.41,0,,,1392810000
33.07,Utility Enemy 14,Utility,RepositionAction,EnemyDuplicate,1.00,69.9,0,0.41,0,0.650,0.120,1392810000
33.07,Utility Enemy 5,Utility,RepositionAction,EnemyDuplicate,1.00,66.5,0,0.41,0,0.650,0.120,1392810000
33.07,Utility Enemy 11,Utility,Dead,EnemyDuplicate,0.00,19.4,1,0.41,24,0.611,0.540,1392810000
33.07,Utility Enemy 13,Utility,Dead,EnemyDuplicate,0.00,25.4,0,0.41,16,0.905,0.699,1392810000
33.07,Utility Enemy 3,Utility,RepositionAction,EnemyDuplicate,1.00,40.6,0,0.41,0,0.650,0.120,1392810000
33.07,Utility Enemy 15,Utility,RepositionAction,EnemyDuplicate,1.00,50.3,0,0.41,0,0.650,0.120,1392810000
33.07,Utility Enemy 2,Utility,RepositionAction,EnemyDuplicate,1.00,96.4,0,0.41,0,0.650,0.120,1392810000
33.07,Utility Enemy 12,Utility,RepositionAction,EnemyDuplicate,1.00,55.4,0,0.41,0,0.650,0.120,1392810000
33.07,Utility Enemy 6,Utility,Dead,EnemyDuplicate,0.00,27.7,0,0.41,8,0.707,0.395,1392810000
33.07,Utility Enemy 4,Utility,RepositionAction,EnemyDuplicate,1.00,35.4,0,0.41,0,0.650,0.120,1392810000
33.07,Utility Enemy 8,Utility,RepositionAction,EnemyDuplicate,1.00,26.3,0,0.41,0,0.650,0.120,1392810000
33.07,Utility Enemy 7,Utility,RepositionAction,EnemyDuplicate,1.00,60.2,0,0.41,0,0.650,0.120,1392810000
33.07,Utility Enemy 1,Utility,RepositionAction,EnemyDuplicate,1.00,46.7,0,0.41,0,0.650,0.120,1392810000
33.07,Utility Enemy 9,Utility,RepositionAction,EnemyDuplicate,1.00,67.9,0,0.41,0,0.650,0.120,1392810000
33.07,Utility Enemy 10,Utility,RepositionAction,EnemyDuplicate,1.00,41.8,0,0.41,0,0.650,0.120,1392810000
34.07,Player,Player,-,None,0.41,,0,0.41,,,,1392810000
34.07,FSM Enemy 15,FSM,Dead,None,0.00,6.7,1,0.41,16,,,1392810000
34.07,FSM Enemy 14,FSM,PatrolState,None,1.00,87.4,0,0.41,0,,,1392810000
34.07,FSM Enemy 10,FSM,PatrolState,None,1.00,63.4,0,0.41,0,,,1392810000
34.07,FSM Enemy 8,FSM,PatrolState,None,1.00,48.2,0,0.41,0,,,1392810000
34.07,FSM Enemy 9,FSM,PatrolState,None,1.00,38.3,0,0.41,0,,,1392810000
34.07,FSM Enemy 13,FSM,Dead,None,0.00,20.9,0,0.41,16,,,1392810000
34.07,FSM Enemy 6,FSM,PatrolState,None,1.00,55.0,0,0.41,0,,,1392810000
34.07,FSM Enemy 7,FSM,PatrolState,None,1.00,40.0,0,0.41,0,,,1392810000
34.07,FSM Enemy 5,FSM,PatrolState,None,1.00,40.2,0,0.41,0,,,1392810000
34.07,FSM Enemy 3,FSM,PatrolState,None,1.00,66.1,0,0.41,0,,,1392810000
34.07,FSM Enemy 1,FSM,PatrolState,None,1.00,68.5,0,0.41,0,,,1392810000
34.07,FSM Enemy 2,FSM,PatrolState,None,1.00,94.3,0,0.41,0,,,1392810000
34.07,FSM Enemy 4,FSM,PatrolState,None,1.00,63.4,0,0.41,0,,,1392810000
34.07,FSM Enemy 11,FSM,ChaseState,None,1.00,68.7,0,0.41,8,,,1392810000
34.07,FSM Enemy 12,FSM,PatrolState,None,1.00,69.0,0,0.41,0,,,1392810000
34.07,Utility Enemy 14,Utility,RepositionAction,None,1.00,72.6,0,0.41,0,0.650,0.120,1392810000
34.07,Utility Enemy 5,Utility,RepositionAction,None,1.00,73.6,0,0.41,0,0.650,0.120,1392810000
34.07,Utility Enemy 11,Utility,Dead,None,0.00,12.6,1,0.41,24,0.611,0.540,1392810000
34.07,Utility Enemy 13,Utility,Dead,None,0.00,20.5,0,0.41,16,0.905,0.699,1392810000
34.07,Utility Enemy 3,Utility,RepositionAction,None,1.00,50.9,0,0.41,0,0.650,0.120,1392810000
34.07,Utility Enemy 15,Utility,RepositionAction,None,1.00,56.9,0,0.41,0,0.650,0.120,1392810000
34.07,Utility Enemy 2,Utility,RepositionAction,None,1.00,99.6,0,0.41,0,0.650,0.120,1392810000
34.07,Utility Enemy 12,Utility,RepositionAction,None,1.00,52.6,0,0.41,0,0.650,0.120,1392810000
34.07,Utility Enemy 6,Utility,PatrolAction,None,1.00,29.9,0,0.41,8,0.120,0.000,1392810000
34.07,Utility Enemy 4,Utility,RepositionAction,None,1.00,37.5,0,0.41,0,0.650,0.120,1392810000
34.07,Utility Enemy 8,Utility,RepositionAction,None,1.00,34.2,0,0.41,0,0.650,0.120,1392810000
34.07,Utility Enemy 7,Utility,RepositionAction,None,1.00,55.1,0,0.41,0,0.650,0.120,1392810000
34.07,Utility Enemy 1,Utility,RepositionAction,None,1.00,57.3,0,0.41,0,0.650,0.120,1392810000
34.07,Utility Enemy 9,Utility,RepositionAction,None,1.00,70.2,0,0.41,0,0.650,0.120,1392810000
34.07,Utility Enemy 10,Utility,RepositionAction,None,1.00,43.6,0,0.41,0,0.650,0.120,1392810000
35.07,Player,Player,-,None,0.41,,0,0.41,,,,1392810000
35.07,FSM Enemy 15,FSM,Dead,None,0.00,8.5,1,0.41,16,,,1392810000
35.07,FSM Enemy 14,FSM,PatrolState,None,1.00,87.3,0,0.41,0,,,1392810000
35.07,FSM Enemy 10,FSM,PatrolState,None,1.00,63.6,0,0.41,0,,,1392810000
35.07,FSM Enemy 8,FSM,PatrolState,None,1.00,48.2,0,0.41,0,,,1392810000
35.07,FSM Enemy 9,FSM,PatrolState,None,1.00,39.3,0,0.41,0,,,1392810000
35.07,FSM Enemy 13,FSM,Dead,None,0.00,26.1,0,0.41,16,,,1392810000
35.07,FSM Enemy 6,FSM,PatrolState,None,1.00,53.0,0,0.41,0,,,1392810000
35.07,FSM Enemy 7,FSM,PatrolState,None,1.00,37.5,0,0.41,0,,,1392810000
35.07,FSM Enemy 5,FSM,PatrolState,None,1.00,45.3,0,0.41,0,,,1392810000
35.07,FSM Enemy 3,FSM,PatrolState,None,1.00,71.1,0,0.41,0,,,1392810000
35.07,FSM Enemy 1,FSM,PatrolState,None,1.00,72.3,0,0.41,0,,,1392810000
35.07,FSM Enemy 2,FSM,PatrolState,None,1.00,96.9,0,0.41,0,,,1392810000
35.07,FSM Enemy 4,FSM,PatrolState,None,1.00,61.6,0,0.41,0,,,1392810000
35.07,FSM Enemy 11,FSM,PatrolState,None,1.00,64.3,0,0.41,8,,,1392810000
35.07,FSM Enemy 12,FSM,PatrolState,None,1.00,67.9,0,0.41,0,,,1392810000
35.07,Utility Enemy 14,Utility,PatrolAction,None,1.00,70.3,0,0.41,0,0.120,0.000,1392810000
35.07,Utility Enemy 5,Utility,PatrolAction,None,1.00,78.7,0,0.41,0,0.120,0.000,1392810000
35.07,Utility Enemy 11,Utility,Dead,None,0.00,11.3,0,0.41,24,0.611,0.540,1392810000
35.07,Utility Enemy 13,Utility,Dead,None,0.00,22.7,0,0.41,16,0.905,0.699,1392810000
35.07,Utility Enemy 3,Utility,PatrolAction,None,1.00,53.9,0,0.41,0,0.120,0.000,1392810000
35.07,Utility Enemy 15,Utility,PatrolAction,None,1.00,62.9,0,0.41,0,0.120,0.000,1392810000
35.07,Utility Enemy 2,Utility,PatrolAction,None,1.00,101.5,0,0.41,0,0.120,0.000,1392810000
35.07,Utility Enemy 12,Utility,PatrolAction,None,1.00,48.5,0,0.41,0,0.120,0.000,1392810000
35.07,Utility Enemy 6,Utility,PatrolAction,None,1.00,33.0,0,0.41,8,0.120,0.000,1392810000
35.07,Utility Enemy 4,Utility,PatrolAction,None,1.00,37.4,0,0.41,0,0.120,0.000,1392810000
35.07,Utility Enemy 8,Utility,PatrolAction,None,1.00,38.9,0,0.41,0,0.120,0.000,1392810000
35.07,Utility Enemy 7,Utility,PatrolAction,None,1.00,51.3,0,0.41,0,0.120,0.000,1392810000
35.07,Utility Enemy 1,Utility,PatrolAction,None,1.00,60.7,0,0.41,0,0.120,0.000,1392810000
35.07,Utility Enemy 9,Utility,PatrolAction,None,1.00,63.4,0,0.41,0,0.120,0.000,1392810000
35.07,Utility Enemy 10,Utility,PatrolAction,None,1.00,40.0,0,0.41,0,0.120,0.000,1392810000
36.07,Player,Player,-,None,0.41,,0,0.41,,,,1392810000
36.07,FSM Enemy 15,FSM,Dead,None,0.00,10.4,1,0.41,16,,,1392810000
36.07,FSM Enemy 14,FSM,PatrolState,None,1.00,82.7,0,0.41,0,,,1392810000
36.07,FSM Enemy 10,FSM,PatrolState,None,1.00,59.6,0,0.41,0,,,1392810000
36.07,FSM Enemy 8,FSM,PatrolState,None,1.00,43.9,0,0.41,0,,,1392810000
36.07,FSM Enemy 9,FSM,PatrolState,None,1.00,35.5,0,0.41,0,,,1392810000
36.07,FSM Enemy 13,FSM,Dead,None,0.00,32.6,0,0.41,16,,,1392810000
36.07,FSM Enemy 6,FSM,PatrolState,None,1.00,48.2,0,0.41,0,,,1392810000
36.07,FSM Enemy 7,FSM,PatrolState,None,1.00,30.5,0,0.41,0,,,1392810000
36.07,FSM Enemy 5,FSM,PatrolState,None,1.00,50.7,0,0.41,0,,,1392810000
36.07,FSM Enemy 3,FSM,PatrolState,None,1.00,72.2,0,0.41,0,,,1392810000
36.07,FSM Enemy 1,FSM,PatrolState,None,1.00,74.1,0,0.41,0,,,1392810000
36.07,FSM Enemy 2,FSM,PatrolState,None,1.00,94.6,0,0.41,0,,,1392810000
36.07,FSM Enemy 4,FSM,PatrolState,None,1.00,55.7,0,0.41,0,,,1392810000
36.07,FSM Enemy 11,FSM,PatrolState,None,1.00,56.4,0,0.41,8,,,1392810000
36.07,FSM Enemy 12,FSM,PatrolState,None,1.00,62.6,0,0.41,0,,,1392810000
36.07,Utility Enemy 14,Utility,PatrolAction,None,1.00,66.6,0,0.41,0,0.120,0.000,1392810000
36.07,Utility Enemy 5,Utility,PatrolAction,None,1.00,78.3,0,0.41,0,0.120,0.000,1392810000
36.07,Utility Enemy 11,Utility,Dead,None,0.00,17.3,0,0.41,24,0.611,0.540,1392810000
36.07,Utility Enemy 13,Utility,PatrolAction,None,1.00,71.3,0,0.41,16,0.120,0.000,1392810000
36.07,Utility Enemy 3,Utility,PatrolAction,None,1.00,52.5,0,0.41,0,0.120,0.000,1392810000
36.07,Utility Enemy 15,Utility,PatrolAction,None,1.00,65.1,0,0.41,0,0.120,0.000,1392810000
36.07,Utility Enemy 2,Utility,PatrolAction,None,1.00,101.9,0,0.41,0,0.120,0.000,1392810000
36.07,Utility Enemy 12,Utility,PatrolAction,None,1.00,41.7,0,0.41,0,0.120,0.000,1392810000
36.07,Utility Enemy 6,Utility,PatrolAction,None,1.00,33.5,0,0.41,8,0.120,0.000,1392810000
36.07,Utility Enemy 4,Utility,PatrolAction,None,1.00,34.2,0,0.41,0,0.120,0.000,1392810000
36.07,Utility Enemy 8,Utility,PatrolAction,None,1.00,39.1,0,0.41,0,0.120,0.000,1392810000
36.07,Utility Enemy 7,Utility,PatrolAction,None,1.00,48.6,0,0.41,0,0.120,0.000,1392810000
36.07,Utility Enemy 1,Utility,PatrolAction,None,1.00,59.5,0,0.41,0,0.120,0.000,1392810000
36.07,Utility Enemy 9,Utility,PatrolAction,None,1.00,54.4,0,0.41,0,0.120,0.000,1392810000
36.07,Utility Enemy 10,Utility,PatrolAction,None,1.00,33.5,0,0.41,0,0.120,0.000,1392810000
37.08,Player,Player,-,None,0.41,,0,0.41,,,,1392810000
37.08,FSM Enemy 15,FSM,Dead,None,0.00,16.7,0,0.41,16,,,1392810000
37.08,FSM Enemy 14,FSM,PatrolState,None,1.00,80.0,0,0.41,0,,,1392810000
37.08,FSM Enemy 10,FSM,PatrolState,None,1.00,58.8,0,0.41,0,,,1392810000
37.08,FSM Enemy 8,FSM,PatrolState,None,1.00,42.0,0,0.41,0,,,1392810000
37.08,FSM Enemy 9,FSM,PatrolState,None,1.00,33.2,0,0.41,0,,,1392810000
37.08,FSM Enemy 13,FSM,Dead,None,0.00,39.9,0,0.41,16,,,1392810000
37.08,FSM Enemy 6,FSM,PatrolState,None,1.00,43.3,0,0.41,0,,,1392810000
37.08,FSM Enemy 7,FSM,PatrolState,None,1.00,26.7,0,0.41,0,,,1392810000
37.08,FSM Enemy 5,FSM,PatrolState,None,1.00,58.4,0,0.41,0,,,1392810000
37.08,FSM Enemy 3,FSM,PatrolState,None,1.00,75.5,0,0.41,0,,,1392810000
37.08,FSM Enemy 1,FSM,PatrolState,None,1.00,77.9,0,0.41,0,,,1392810000
37.08,FSM Enemy 2,FSM,PatrolState,None,1.00,93.8,0,0.41,0,,,1392810000
37.08,FSM Enemy 4,FSM,PatrolState,None,1.00,51.5,0,0.41,0,,,1392810000
37.08,FSM Enemy 11,FSM,PatrolState,None,1.00,50.0,0,0.41,8,,,1392810000
37.08,FSM Enemy 12,FSM,PatrolState,None,1.00,54.1,0,0.41,0,,,1392810000
37.08,Utility Enemy 14,Utility,PatrolAction,None,1.00,63.3,0,0.41,0,0.120,0.000,1392810000
37.08,Utility Enemy 5,Utility,PatrolAction,None,1.00,80.7,0,0.41,0,0.120,0.000,1392810000
37.08,Utility Enemy 11,Utility,Dead,None,0.00,23.5,0,0.41,24,0.611,0.540,1392810000
37.08,Utility Enemy 13,Utility,PatrolAction,None,1.00,71.3,0,0.41,16,0.120,0.000,1392810000
37.08,Utility Enemy 3,Utility,PatrolAction,None,1.00,52.0,0,0.41,0,0.120,0.000,1392810000
37.08,Utility Enemy 15,Utility,PatrolAction,None,1.00,71.2,0,0.41,0,0.120,0.000,1392810000
37.08,Utility Enemy 2,Utility,PatrolAction,None,1.00,99.3,0,0.41,0,0.120,0.000,1392810000
37.08,Utility Enemy 12,Utility,PatrolAction,None,1.00,31.9,0,0.41,0,0.120,0.000,1392810000
37.08,Utility Enemy 6,Utility,PatrolAction,None,1.00,40.4,0,0.41,8,0.120,0.000,1392810000
37.08,Utility Enemy 4,Utility,PatrolAction,None,1.00,29.5,0,0.41,0,0.120,0.000,1392810000
37.08,Utility Enemy 8,Utility,PatrolAction,None,1.00,39.7,0,0.41,0,0.120,0.000,1392810000
37.08,Utility Enemy 7,Utility,PatrolAction,None,1.00,40.6,0,0.41,0,0.120,0.000,1392810000
37.08,Utility Enemy 1,Utility,PatrolAction,None,1.00,59.2,0,0.41,0,0.120,0.000,1392810000
37.08,Utility Enemy 9,Utility,PatrolAction,None,1.00,52.0,0,0.41,0,0.120,0.000,1392810000
37.08,Utility Enemy 10,Utility,PatrolAction,None,1.00,29.8,0,0.41,0,0.120,0.000,1392810000
38.08,Player,Player,-,None,0.41,,0,0.41,,,,1392810000
38.08,FSM Enemy 15,FSM,Dead,None,0.00,22.2,0,0.41,16,,,1392810000
38.08,FSM Enemy 14,FSM,PatrolState,None,1.00,75.5,0,0.41,0,,,1392810000
38.08,FSM Enemy 10,FSM,PatrolState,None,1.00,56.6,0,0.41,0,,,1392810000
38.08,FSM Enemy 8,FSM,PatrolState,None,1.00,38.2,0,0.41,0,,,1392810000
38.08,FSM Enemy 9,FSM,PatrolState,None,1.00,28.7,0,0.41,0,,,1392810000
38.08,FSM Enemy 13,FSM,Dead,None,0.00,46.1,0,0.41,16,,,1392810000
38.08,FSM Enemy 6,FSM,PatrolState,None,1.00,39.2,0,0.41,0,,,1392810000
38.08,FSM Enemy 7,FSM,PatrolState,None,1.00,22.4,0,0.41,0,,,1392810000
38.08,FSM Enemy 5,FSM,PatrolState,None,1.00,63.6,0,0.41,0,,,1392810000
38.08,FSM Enemy 3,FSM,PatrolState,None,1.00,76.2,0,0.41,0,,,1392810000
38.08,FSM Enemy 1,FSM,PatrolState,None,1.00,79.3,0,0.41,0,,,1392810000
38.08,FSM Enemy 2,FSM,PatrolState,None,1.00,90.1,0,0.41,0,,,1392810000
38.08,FSM Enemy 4,FSM,PatrolState,None,1.00,45.8,0,0.41,0,,,1392810000
38.08,FSM Enemy 11,FSM,PatrolState,None,1.00,41.7,0,0.41,8,,,1392810000
38.08,FSM Enemy 12,FSM,PatrolState,None,1.00,44.9,0,0.41,0,,,1392810000
38.08,Utility Enemy 14,Utility,PatrolAction,None,1.00,57.6,0,0.41,0,0.120,0.000,1392810000
38.08,Utility Enemy 5,Utility,PatrolAction,None,1.00,79.5,0,0.41,0,0.120,0.000,1392810000
38.08,Utility Enemy 11,Utility,Dead,None,0.00,30.9,0,0.41,24,0.611,0.540,1392810000
38.08,Utility Enemy 13,Utility,PatrolAction,None,1.00,70.1,0,0.41,16,0.120,0.000,1392810000
38.08,Utility Enemy 3,Utility,PatrolAction,None,1.00,52.1,0,0.41,0,0.120,0.000,1392810000
38.08,Utility Enemy 15,Utility,PatrolAction,None,1.00,75.2,0,0.41,0,0.120,0.000,1392810000
38.08,Utility Enemy 2,Utility,PatrolAction,None,1.00,92.3,0,0.41,0,0.120,0.000,1392810000
38.08,Utility Enemy 12,Utility,PatrolAction,None,1.00,21.3,0,0.41,0,0.120,0.000,1392810000
38.08,Utility Enemy 6,Utility,PatrolAction,None,1.00,49.3,0,0.41,8,0.120,0.000,1392810000
38.08,Utility Enemy 4,Utility,PatrolAction,None,1.00,24.5,0,0.41,0,0.120,0.000,1392810000
38.08,Utility Enemy 8,Utility,PatrolAction,None,1.00,38.2,0,0.41,0,0.120,0.000,1392810000
38.08,Utility Enemy 7,Utility,PatrolAction,None,1.00,29.7,0,0.41,0,0.120,0.000,1392810000
38.08,Utility Enemy 1,Utility,PatrolAction,None,1.00,53.4,0,0.41,0,0.120,0.000,1392810000
38.08,Utility Enemy 9,Utility,PatrolAction,None,1.00,48.4,0,0.41,0,0.120,0.000,1392810000
38.08,Utility Enemy 10,Utility,PatrolAction,None,1.00,26.3,0,0.41,0,0.120,0.000,1392810000
39.08,Player,Player,-,None,0.41,,0,0.41,,,,1392810000
39.08,FSM Enemy 15,FSM,Dead,None,0.00,28.9,0,0.41,16,,,1392810000
39.08,FSM Enemy 14,FSM,PatrolState,None,1.00,72.4,0,0.41,0,,,1392810000
39.08,FSM Enemy 10,FSM,PatrolState,None,1.00,56.4,0,0.41,0,,,1392810000
39.08,FSM Enemy 8,FSM,PatrolState,None,1.00,36.8,0,0.41,0,,,1392810000
39.08,FSM Enemy 9,FSM,PatrolState,None,1.00,23.3,0,0.41,0,,,1392810000
39.08,FSM Enemy 13,FSM,Dead,None,0.00,53.0,0,0.41,16,,,1392810000
39.08,FSM Enemy 6,FSM,PatrolState,None,0.75,34.0,0,0.41,0,,,1392810000
39.08,FSM Enemy 7,FSM,PatrolState,None,1.00,22.4,0,0.41,0,,,1392810000
39.08,FSM Enemy 5,FSM,PatrolState,None,1.00,69.2,0,0.41,0,,,1392810000
39.08,FSM Enemy 3,FSM,PatrolState,None,1.00,78.3,0,0.41,0,,,1392810000
39.08,FSM Enemy 1,FSM,PatrolState,None,1.00,80.6,0,0.41,0,,,1392810000
39.08,FSM Enemy 2,FSM,PatrolState,None,1.00,86.2,0,0.41,0,,,1392810000
39.08,FSM Enemy 4,FSM,PatrolState,None,1.00,40.0,0,0.41,0,,,1392810000
39.08,FSM Enemy 11,FSM,PatrolState,None,1.00,34.4,0,0.41,8,,,1392810000
39.08,FSM Enemy 12,FSM,PatrolState,None,1.00,35.9,0,0.41,0,,,1392810000
39.08,Utility Enemy 14,Utility,PatrolAction,None,1.00,49.5,0,0.41,0,0.120,0.000,1392810000
39.08,Utility Enemy 5,Utility,PatrolAction,None,1.00,79.8,0,0.41,0,0.120,0.000,1392810000
39.08,Utility Enemy 11,Utility,Dead,None,0.00,38.3,0,0.41,24,0.611,0.540,1392810000
39.08,Utility Enemy 13,Utility,PatrolAction,None,1.00,68.8,0,0.41,16,0.120,0.000,1392810000
39.08,Utility Enemy 3,Utility,PatrolAction,None,1.00,52.1,0,0.41,0,0.120,0.000,1392810000
39.08,Utility Enemy 15,Utility,PatrolAction,None,1.00,75.2,0,0.41,0,0.120,0.000,1392810000
39.08,Utility Enemy 2,Utility,PatrolAction,None,1.00,86.9,0,0.41,0,0.120,0.000,1392810000
39.08,Utility Enemy 12,Utility,PatrolAction,None,1.00,17.7,0,0.41,0,0.120,0.000,1392810000
39.08,Utility Enemy 6,Utility,PatrolAction,None,1.00,58.4,0,0.41,8,0.120,0.000,1392810000
39.08,Utility Enemy 4,Utility,PatrolAction,None,1.00,21.0,0,0.41,0,0.120,0.000,1392810000
39.08,Utility Enemy 8,Utility,PatrolAction,None,1.00,36.4,0,0.41,0,0.120,0.000,1392810000
39.08,Utility Enemy 7,Utility,PatrolAction,None,1.00,19.3,1,0.41,0,0.120,0.000,1392810000
39.08,Utility Enemy 1,Utility,PatrolAction,None,1.00,48.5,0,0.41,0,0.120,0.000,1392810000
39.08,Utility Enemy 9,Utility,PatrolAction,None,1.00,43.6,0,0.41,0,0.120,0.000,1392810000
39.08,Utility Enemy 10,Utility,PatrolAction,None,1.00,17.9,1,0.41,0,0.120,0.000,1392810000
40.08,Player,Player,-,None,0.41,,0,0.41,,,,1392810000
40.08,FSM Enemy 15,FSM,Dead,None,0.00,36.0,0,0.41,16,,,1392810000
40.08,FSM Enemy 14,FSM,PatrolState,None,1.00,73.3,0,0.41,0,,,1392810000
40.08,FSM Enemy 10,FSM,PatrolState,None,1.00,62.3,0,0.41,0,,,1392810000
40.08,FSM Enemy 8,FSM,PatrolState,None,1.00,41.1,0,0.41,0,,,1392810000
40.08,FSM Enemy 9,FSM,PatrolState,None,1.00,25.2,0,0.41,0,,,1392810000
40.08,FSM Enemy 13,FSM,PatrolState,None,1.00,50.1,0,0.41,16,,,1392810000
40.08,FSM Enemy 6,FSM,PatrolState,None,0.75,24.2,0,0.41,0,,,1392810000
40.08,FSM Enemy 7,FSM,PatrolState,None,1.00,28.2,0,0.41,0,,,1392810000
40.08,FSM Enemy 5,FSM,PatrolState,None,1.00,76.2,0,0.41,0,,,1392810000
40.08,FSM Enemy 3,FSM,PatrolState,None,1.00,84.3,0,0.41,0,,,1392810000
40.08,FSM Enemy 1,FSM,PatrolState,None,1.00,85.5,0,0.41,0,,,1392810000
40.08,FSM Enemy 2,FSM,PatrolState,None,1.00,88.0,0,0.41,0,,,1392810000
40.08,FSM Enemy 4,FSM,PatrolState,None,1.00,38.3,0,0.41,0,,,1392810000
40.08,FSM Enemy 11,FSM,PatrolState,None,1.00,32.9,0,0.41,8,,,1392810000
40.08,FSM Enemy 12,FSM,PatrolState,None,1.00,28.6,0,0.41,0,,,1392810000
40.08,Utility Enemy 14,Utility,PatrolAction,None,1.00,43.9,0,0.41,0,0.120,0.000,1392810000
40.08,Utility Enemy 5,Utility,PatrolAction,None,1.00,82.8,0,0.41,0,0.120,0.000,1392810000
40.08,Utility Enemy 11,Utility,Dead,None,0.00,43.7,0,0.41,24,0.611,0.540,1392810000
40.08,Utility Enemy 13,Utility,PatrolAction,None,1.00,72.6,0,0.41,16,0.120,0.000,1392810000
40.08,Utility Enemy 3,Utility,PatrolAction,None,1.00,54.7,0,0.41,0,0.120,0.000,1392810000
40.08,Utility Enemy 15,Utility,PatrolAction,None,1.00,76.9,0,0.41,0,0.120,0.000,1392810000
40.08,Utility Enemy 2,Utility,PatrolAction,None,1.00,86.9,0,0.41,0,0.120,0.000,1392810000
40.08,Utility Enemy 12,Utility,PatrolAction,None,0.50,10.1,0,0.41,0,0.120,0.000,1392810000
40.08,Utility Enemy 6,Utility,PatrolAction,None,1.00,63.9,0,0.41,8,0.120,0.000,1392810000
40.08,Utility Enemy 4,Utility,PatrolAction,None,1.00,17.6,0,0.41,0,0.120,0.000,1392810000
40.08,Utility Enemy 8,Utility,PatrolAction,None,1.00,42.5,0,0.41,0,0.120,0.000,1392810000
40.08,Utility Enemy 7,Utility,Dead,None,0.00,10.9,1,0.41,0,0.322,0.207,1392810000
40.08,Utility Enemy 1,Utility,PatrolAction,None,1.00,49.8,0,0.41,0,0.120,0.000,1392810000
40.08,Utility Enemy 9,Utility,PatrolAction,None,1.00,39.5,0,0.41,0,0.120,0.000,1392810000
40.08,Utility Enemy 10,Utility,SpreadFireAction,None,1.00,18.4,1,0.41,0,0.145,0.125,1392810000
41.09,Player,Player,-,None,0.36,,0,0.36,,,,1392810000
41.09,FSM Enemy 15,FSM,Dead,None,0.00,42.9,0,0.36,16,,,1392810000
41.09,FSM Enemy 14,FSM,PatrolState,None,1.00,68.3,0,0.36,0,,,1392810000
41.09,FSM Enemy 10,FSM,PatrolState,None,1.00,62.0,0,0.36,0,,,1392810000
41.09,FSM Enemy 8,FSM,PatrolState,None,1.00,45.5,0,0.36,0,,,1392810000
41.09,FSM Enemy 9,FSM,PatrolState,None,1.00,25.8,0,0.36,0,,,1392810000
41.09,FSM Enemy 13,FSM,PatrolState,None,1.00,57.8,0,0.36,16,,,1392810000
41.09,FSM Enemy 6,FSM,AttackState,None,0.75,15.6,1,0.36,8,,,1392810000
41.09,FSM Enemy 7,FSM,PatrolState,None,1.00,33.0,0,0.36,0,,,1392810000
41.09,FSM Enemy 5,FSM,PatrolState,None,1.00,79.2,0,0.36,0,,,1392810000
41.09,FSM Enemy 3,FSM,PatrolState,None,1.00,86.5,0,0.36,0,,,1392810000
41.09,FSM Enemy 1,FSM,PatrolState,None,1.00,89.4,0,0.36,0,,,1392810000
41.09,FSM Enemy 2,FSM,PatrolState,None,1.00,86.1,0,0.36,0,,,1392810000
41.09,FSM Enemy 4,FSM,PatrolState,None,1.00,33.4,0,0.36,0,,,1392810000
41.09,FSM Enemy 11,FSM,PatrolState,None,1.00,29.1,0,0.36,8,,,1392810000
41.09,FSM Enemy 12,FSM,PatrolState,None,1.00,20.2,0,0.36,0,,,1392810000
41.09,Utility Enemy 14,Utility,PatrolAction,None,1.00,41.4,0,0.36,0,0.120,0.000,1392810000
41.09,Utility Enemy 5,Utility,PatrolAction,None,1.00,82.5,0,0.36,0,0.120,0.000,1392810000
41.09,Utility Enemy 11,Utility,Dead,None,0.00,51.0,0,0.36,24,0.611,0.540,1392810000
41.09,Utility Enemy 13,Utility,PatrolAction,None,1.00,72.7,0,0.36,16,0.120,0.000,1392810000
41.09,Utility Enemy 3,Utility,PatrolAction,None,1.00,55.2,0,0.36,0,0.120,0.000,1392810000
41.09,Utility Enemy 15,Utility,PatrolAction,None,1.00,75.8,0,0.36,0,0.120,0.000,1392810000
41.09,Utility Enemy 2,Utility,PatrolAction,None,1.00,83.1,0,0.36,0,0.120,0.000,1392810000
41.09,Utility Enemy 12,Utility,Dead,None,0.00,4.3,0,0.36,0,0.120,0.000,1392810000
41.09,Utility Enemy 6,Utility,PatrolAction,None,1.00,68.6,0,0.36,8,0.120,0.000,1392810000
41.09,Utility Enemy 4,Utility,PatrolAction,None,1.00,14.7,0,0.36,0,0.120,0.000,1392810000
41.09,Utility Enemy 8,Utility,PatrolAction,None,1.00,46.1,0,0.36,0,0.120,0.000,1392810000
41.09,Utility Enemy 7,Utility,Dead,None,0.00,6.4,1,0.36,0,0.322,0.207,1392810000
41.09,Utility Enemy 1,Utility,PatrolAction,None,1.00,50.4,0,0.36,0,0.120,0.000,1392810000
41.09,Utility Enemy 9,Utility,PatrolAction,None,1.00,32.8,0,0.36,0,0.120,0.000,1392810000
41.09,Utility Enemy 10,Utility,ChaseAction,None,1.00,16.1,0,0.36,0,0.490,0.400,1392810000
42.09,Player,Player,-,None,0.25,,0,0.25,,,,1392810000
42.09,FSM Enemy 15,FSM,Dead,None,0.00,49.9,0,0.25,16,,,1392810000
42.09,FSM Enemy 14,FSM,PatrolState,None,1.00,66.8,0,0.25,0,,,1392810000
42.09,FSM Enemy 10,FSM,PatrolState,None,1.00,64.3,0,0.25,0,,,1392810000
42.09,FSM Enemy 8,FSM,PatrolState,None,1.00,52.5,0,0.25,0,,,1392810000
42.09,FSM Enemy 9,FSM,PatrolState,None,1.00,30.8,0,0.25,0,,,1392810000
42.09,FSM Enemy 13,FSM,PatrolState,None,1.00,66.4,0,0.25,16,,,1392810000
42.09,FSM Enemy 6,FSM,Dead,None,0.00,6.8,1,0.25,8,,,1392810000
42.09,FSM Enemy 7,FSM,PatrolState,None,1.00,39.8,0,0.25,0,,,1392810000
42.09,FSM Enemy 5,FSM,PatrolState,None,1.00,83.4,0,0.25,0,,,1392810000
42.09,FSM Enemy 3,FSM,PatrolState,None,1.00,91.7,0,0.25,0,,,1392810000
42.09,FSM Enemy 1,FSM,PatrolState,None,1.00,95.4,0,0.25,0,,,1392810000
42.09,FSM Enemy 2,FSM,PatrolState,None,1.00,87.6,0,0.25,0,,,1392810000
42.09,FSM Enemy 4,FSM,PatrolState,None,1.00,30.8,0,0.25,0,,,1392810000
42.09,FSM Enemy 11,FSM,PatrolState,None,1.00,31.0,0,0.25,8,,,1392810000
42.09,FSM Enemy 12,FSM,AttackState,None,1.00,13.6,1,0.25,8,,,1392810000
42.09,Utility Enemy 14,Utility,PatrolAction,None,1.00,39.1,0,0.25,0,0.120,0.000,1392810000
42.09,Utility Enemy 5,Utility,PatrolAction,None,1.00,85.7,0,0.25,0,0.120,0.000,1392810000
42.09,Utility Enemy 11,Utility,Dead,None,0.00,57.4,0,0.25,24,0.611,0.540,1392810000
42.09,Utility Enemy 13,Utility,PatrolAction,None,1.00,71.7,0,0.25,16,0.120,0.000,1392810000
42.09,Utility Enemy 3,Utility,PatrolAction,None,1.00,57.6,0,0.25,0,0.120,0.000,1392810000
42.09,Utility Enemy 15,Utility,PatrolAction,None,1.00,80.7,0,0.25,0,0.120,0.000,1392810000
42.09,Utility Enemy 2,Utility,PatrolAction,None,1.00,82.6,0,0.25,0,0.120,0.000,1392810000
42.09,Utility Enemy 12,Utility,Dead,None,0.00,4.2,1,0.25,0,0.120,0.000,1392810000
42.09,Utility Enemy 6,Utility,PatrolAction,None,1.00,75.3,0,0.25,8,0.120,0.000,1392810000
42.09,Utility Enemy 4,Utility,AttackAction,None,0.90,5.6,1,0.25,8,0.611,0.125,1392810000
42.09,Utility Enemy 8,Utility,PatrolAction,None,1.00,50.3,0,0.25,0,0.120,0.000,1392810000
42.09,Utility Enemy 7,Utility,Dead,None,0.00,6.0,0,0.25,0,0.322,0.207,1392810000
42.09,Utility Enemy 1,Utility,PatrolAction,None,1.00,56.4,0,0.25,0,0.120,0.000,1392810000
42.09,Utility Enemy 9,Utility,PatrolAction,None,1.00,28.6,0,0.25,0,0.120,0.000,1392810000
42.09,Utility Enemy 10,Utility,ChaseAction,None,1.00,17.9,0,0.25,0,0.490,0.400,1392810000
43.09,Player,Player,-,None,0.20,,0,0.20,,,,1392810000
43.09,FSM Enemy 15,FSM,Dead,None,0.00,56.9,0,0.20,16,,,1392810000
43.09,FSM Enemy 14,FSM,PatrolState,None,1.00,65.9,0,0.20,0,,,1392810000
43.09,FSM Enemy 10,FSM,PatrolState,None,1.00,66.9,0,0.20,0,,,1392810000
43.09,FSM Enemy 8,FSM,PatrolState,None,1.00,58.3,0,0.20,0,,,1392810000
43.09,FSM Enemy 9,FSM,PatrolState,None,1.00,37.2,0,0.20,0,,,1392810000
43.09,FSM Enemy 13,FSM,PatrolState,None,1.00,75.2,0,0.20,16,,,1392810000
43.09,FSM Enemy 6,FSM,Dead,None,0.00,2.2,0,0.20,8,,,1392810000
43.09,FSM Enemy 7,FSM,PatrolState,None,1.00,46.9,0,0.20,0,,,1392810000
43.09,FSM Enemy 5,FSM,PatrolState,None,1.00,87.6,0,0.20,0,,,1392810000
43.09,FSM Enemy 3,FSM,PatrolState,None,1.00,97.6,0,0.20,0,,,1392810000
43.09,FSM Enemy 1,FSM,PatrolState,None,1.00,101.7,0,0.20,0,,,1392810000
43.09,FSM Enemy 2,FSM,PatrolState,None,1.00,89.8,0,0.20,0,,,1392810000
43.09,FSM Enemy 4,FSM,PatrolState,None,1.00,28.3,0,0.20,0,,,1392810000
43.09,FSM Enemy 11,FSM,PatrolState,None,1.00,35.2,0,0.20,8,,,1392810000
43.09,FSM Enemy 12,FSM,AttackState,None,1.00,9.1,1,0.20,8,,,1392810000
43.09,Utility Enemy 14,Utility,PatrolAction,None,1.00,40.1,0,0.20,0,0.120,0.000,1392810000
43.09,Utility Enemy 5,Utility,PatrolAction,None,1.00,92.4,0,0.20,0,0.120,0.000,1392810000
43.09,Utility Enemy 11,Utility,Dead,None,0.00,63.9,0,0.20,24,0.611,0.540,1392810000
43.09,Utility Enemy 13,Utility,PatrolAction,None,1.00,68.3,0,0.20,16,0.120,0.000,1392810000
43.09,Utility Enemy 3,Utility,PatrolAction,None,1.00,62.6,0,0.20,0,0.120,0.000,1392810000
43.09,Utility Enemy 15,Utility,PatrolAction,None,1.00,85.0,0,0.20,0,0.120,0.000,1392810000
43.09,Utility Enemy 2,Utility,PatrolAction,None,1.00,80.7,0,0.20,0,0.120,0.000,1392810000
43.09,Utility Enemy 12,Utility,Dead,None,0.00,10.7,0,0.20,0,0.120,0.000,1392810000
43.09,Utility Enemy 6,Utility,PatrolAction,None,1.00,82.7,0,0.20,8,0.120,0.000,1392810000
43.09,Utility Enemy 4,Utility,Dead,None,0.00,1.9,0,0.20,16,0.819,0.739,1392810000
43.09,Utility Enemy 8,Utility,PatrolAction,None,1.00,51.9,0,0.20,0,0.120,0.000,1392810000
43.09,Utility Enemy 7,Utility,Dead,None,0.00,11.4,0,0.20,0,0.322,0.207,1392810000
43.09,Utility Enemy 1,Utility,PatrolAction,None,1.00,63.8,0,0.20,0,0.120,0.000,1392810000
43.09,Utility Enemy 9,Utility,PatrolAction,None,1.00,25.3,0,0.20,0,0.120,0.000,1392810000
43.09,Utility Enemy 10,Utility,ChaseAction,None,1.00,22.4,0,0.20,0,0.490,0.400,1392810000
44.09,Player,Player,-,None,0.20,,0,0.20,,,,1392810000
44.09,FSM Enemy 15,FSM,Dead,None,0.00,58.7,0,0.20,16,,,1392810000
44.09,FSM Enemy 14,FSM,PatrolState,None,1.00,57.0,0,0.20,0,,,1392810000
44.09,FSM Enemy 10,FSM,PatrolState,None,1.00,60.5,0,0.20,0,,,1392810000
44.09,FSM Enemy 8,FSM,PatrolState,None,1.00,55.4,0,0.20,0,,,1392810000
44.09,FSM Enemy 9,FSM,PatrolState,None,1.00,36.9,0,0.20,0,,,1392810000
44.09,FSM Enemy 13,FSM,PatrolState,None,1.00,78.1,0,0.20,16,,,1392810000
44.09,FSM Enemy 6,FSM,Dead,None,0.00,9.3,0,0.20,8,,,1392810000
44.09,FSM Enemy 7,FSM,PatrolState,None,1.00,48.6,0,0.20,0,,,1392810000
44.09,FSM Enemy 5,FSM,PatrolState,None,1.00,84.6,0,0.20,0,,,1392810000
44.09,FSM Enemy 3,FSM,PatrolState,None,1.00,93.1,0,0.20,0,,,1392810000
44.09,FSM Enemy 1,FSM,PatrolState,None,1.00,100.5,0,0.20,0,,,1392810000
44.09,FSM Enemy 2,FSM,PatrolState,None,1.00,82.6,0,0.20,0,,,1392810000
44.09,FSM Enemy 4,FSM,PatrolState,None,1.00,21.0,0,0.20,0,,,1392810000
44.09,FSM Enemy 11,FSM,PatrolState,None,1.00,32.2,0,0.20,8,,,1392810000
44.09,FSM Enemy 12,FSM,Dead,None,0.00,3.0,1,0.20,8,,,1392810000
44.09,Utility Enemy 14,Utility,PatrolAction,None,1.00,29.8,0,0.20,0,0.120,0.000,1392810000
44.09,Utility Enemy 5,Utility,PatrolAction,None,1.00,91.7,0,0.20,0,0.120,0.000,1392810000
44.09,Utility Enemy 11,Utility,PatrolAction,None,1.00,78.1,0,0.20,24,0.120,0.000,1392810000
44.09,Utility Enemy 13,Utility,PatrolAction,None,1.00,57.2,0,0.20,16,0.120,0.000,1392810000
44.09,Utility Enemy 3,Utility,PatrolAction,None,1.00,58.2,0,0.20,0,0.120,0.000,1392810000
44.09,Utility Enemy 15,Utility,PatrolAction,None,1.00,81.4,0,0.20,0,0.120,0.000,1392810000
44.09,Utility Enemy 2,Utility,PatrolAction,None,1.00,73.0,0,0.20,0,0.120,0.000,1392810000
44.09,Utility Enemy 12,Utility,Dead,None,0.00,14.9,0,0.20,0,0.120,0.000,1392810000
44.09,Utility Enemy 6,Utility,PatrolAction,None,1.00,83.1,0,0.20,8,0.120,0.000,1392810000
44.09,Utility Enemy 4,Utility,Dead,None,0.00,8.6,0,0.20,16,0.819,0.739,1392810000
44.09,Utility Enemy 8,Utility,PatrolAction,None,1.00,44.6,0,0.20,0,0.120,0.000,1392810000
44.09,Utility Enemy 7,Utility,Dead,None,0.00,16.5,0,0.20,0,0.322,0.207,1392810000
44.09,Utility Enemy 1,Utility,PatrolAction,None,1.00,64.3,0,0.20,0,0.120,0.000,1392810000
44.09,Utility Enemy 9,Utility,PatrolAction,None,1.00,21.3,0,0.20,0,0.120,0.000,1392810000
44.09,Utility Enemy 10,Utility,ChaseAction,None,1.00,23.0,0,0.20,0,0.490,0.400,1392810000
45.09,Player,Player,-,None,0.20,,0,0.20,,,,1392810000
45.09,FSM Enemy 15,FSM,Dead,None,0.00,63.0,0,0.20,16,,,1392810000
45.09,FSM Enemy 14,FSM,PatrolState,None,1.00,49.6,0,0.20,0,,,1392810000
45.09,FSM Enemy 10,FSM,PatrolState,None,1.00,55.7,0,0.20,0,,,1392810000
45.09,FSM Enemy 8,FSM,PatrolState,None,1.00,54.7,0,0.20,0,,,1392810000
45.09,FSM Enemy 9,FSM,PatrolState,None,1.00,38.5,0,0.20,0,,,1392810000
45.09,FSM Enemy 13,FSM,PatrolState,None,1.00,82.8,0,0.20,16,,,1392810000
45.09,FSM Enemy 6,FSM,Dead,None,0.00,16.3,0,0.20,8,,,1392810000
45.09,FSM Enemy 7,FSM,PatrolState,None,1.00,53.7,0,0.20,0,,,1392810000
45.09,FSM Enemy 5,FSM,PatrolState,None,1.00,83.9,0,0.20,0,,,1392810000
45.09,FSM Enemy 3,FSM,PatrolState,None,1.00,89.5,0,0.20,0,,,1392810000
45.09,FSM Enemy 1,FSM,PatrolState,None,1.00,103.4,0,0.20,0,,,1392810000
45.09,FSM Enemy 2,FSM,PatrolState,None,1.00,76.4,0,0.20,0,,,1392810000
45.09,FSM Enemy 4,FSM,PatrolState,None,1.00,16.8,0,0.20,0,,,1392810000
45.09,FSM Enemy 11,FSM,PatrolState,None,1.00,32.5,0,0.20,8,,,1392810000
45.09,FSM Enemy 12,FSM,Dead,None,0.00,5.3,0,0.20,8,,,1392810000
45.09,Utility Enemy 14,Utility,PatrolAction,None,1.00,19.1,1,0.20,0,0.120,0.000,1392810000
45.09,Utility Enemy 5,Utility,PatrolAction,None,1.00,92.1,0,0.20,0,0.120,0.000,1392810000
45.09,Utility Enemy 11,Utility,PatrolAction,None,1.00,75.6,0,0.20,24,0.120,0.000,1392810000
45.09,Utility Enemy 13,Utility,PatrolAction,None,1.00,47.0,0,0.20,16,0.120,0.000,1392810000
45.09,Utility Enemy 3,Utility,PatrolAction,None,1.00,54.6,0,0.20,0,0.120,0.000,1392810000
45.09,Utility Enemy 15,Utility,PatrolAction,None,1.00,80.3,0,0.20,0,0.120,0.000,1392810000
45.09,Utility Enemy 2,Utility,PatrolAction,None,1.00,67.5,0,0.20,0,0.120,0.000,1392810000
45.09,Utility Enemy 12,Utility,Dead,None,0.00,21.5,0,0.20,0,0.120,0.000,1392810000
45.09,Utility Enemy 6,Utility,PatrolAction,None,1.00,87.3,0,0.20,8,0.120,0.000,1392810000
45.09,Utility Enemy 4,Utility,Dead,None,0.00,15.7,0,0.20,16,0.819,0.739,1392810000
45.09,Utility Enemy 8,Utility,PatrolAction,None,1.00,42.2,0,0.20,0,0.120,0.000,1392810000
45.09,Utility Enemy 7,Utility,Dead,None,0.00,23.4,0,0.20,0,0.322,0.207,1392810000
45.09,Utility Enemy 1,Utility,PatrolAction,None,1.00,67.4,0,0.20,0,0.120,0.000,1392810000
45.09,Utility Enemy 9,Utility,PatrolAction,None,1.00,13.7,0,0.20,0,0.120,0.000,1392810000
45.09,Utility Enemy 10,Utility,PatrolAction,None,1.00,28.4,0,0.20,0,0.120,0.000,1392810000
46.09,Player,Player,-,None,0.20,,0,0.20,,,,1392810000
46.09,FSM Enemy 15,FSM,Dead,None,0.00,69.2,0,0.20,16,,,1392810000
46.09,FSM Enemy 14,FSM,PatrolState,None,1.00,45.8,0,0.20,0,,,1392810000
46.09,FSM Enemy 10,FSM,PatrolState,None,1.00,53.3,0,0.20,0,,,1392810000
46.09,FSM Enemy 8,FSM,PatrolState,None,1.00,58.1,0,0.20,0,,,1392810000
46.09,FSM Enemy 9,FSM,PatrolState,None,1.00,44.9,0,0.20,0,,,1392810000
46.09,FSM Enemy 13,FSM,PatrolState,None,1.00,88.3,0,0.20,16,,,1392810000
46.09,FSM Enemy 6,FSM,Dead,None,0.00,23.3,0,0.20,8,,,1392810000
46.09,FSM Enemy 7,FSM,PatrolState,None,1.00,61.2,0,0.20,0,,,1392810000
46.09,FSM Enemy 5,FSM,PatrolState,None,1.00,88.8,0,0.20,0,,,1392810000
46.09,FSM Enemy 3,FSM,PatrolState,None,1.00,88.2,0,0.20,0,,,1392810000
46.09,FSM Enemy 1,FSM,PatrolState,None,1.00,109.5,0,0.20,0,,,1392810000
46.09,FSM Enemy 2,FSM,PatrolState,None,1.00,71.9,0,0.20,0,,,1392810000
46.09,FSM Enemy 4,FSM,PatrolState,None,1.00,15.7,0,0.20,0,,,1392810000
46.09,FSM Enemy 11,FSM,PatrolState,None,1.00,37.7,0,0.20,8,,,1392810000
46.09,FSM Enemy 12,FSM,Dead,None,0.00,12.0,0,0.20,8,,,1392810000
46.09,Utility Enemy 14,Utility,AttackAction,None,1.00,10.7,1,0.20,0,0.366,0.137,1392810000
46.09,Utility Enemy 5,Utility,PatrolAction,None,1.00,90.2,0,0.20,0,0.120,0.000,1392810000
46.09,Utility Enemy 11,Utility,PatrolAction,None,1.00,76.0,0,0.20,24,0.120,0.000,1392810000
46.09,Utility Enemy 13,Utility,PatrolAction,None,1.00,40.9,0,0.20,16,0.120,0.000,1392810000
46.09,Utility Enemy 3,Utility,PatrolAction,None,1.00,59.7,0,0.20,0,0.120,0.000,1392810000
46.09,Utility Enemy 15,Utility,PatrolAction,None,1.00,78.8,0,0.20,0,0.120,0.000,1392810000
46.09,Utility Enemy 2,Utility,PatrolAction,None,1.00,65.1,0,0.20,0,0.120,0.000,1392810000
46.09,Utility Enemy 12,Utility,Dead,None,0.00,28.9,0,0.20,0,0.120,0.000,1392810000
46.09,Utility Enemy 6,Utility,PatrolAction,None,1.00,94.5,0,0.20,8,0.120,0.000,1392810000
46.09,Utility Enemy 4,Utility,Dead,None,0.00,22.8,0,0.20,16,0.819,0.739,1392810000
46.09,Utility Enemy 8,Utility,PatrolAction,None,1.00,49.4,0,0.20,0,0.120,0.000,1392810000
46.09,Utility Enemy 7,Utility,Dead,None,0.00,30.8,0,0.20,0,0.322,0.207,1392810000
46.09,Utility Enemy 1,Utility,PatrolAction,None,1.00,71.6,0,0.20,0,0.120,0.000,1392810000
46.09,Utility Enemy 9,Utility,PatrolAction,None,1.00,4.2,0,0.20,0,0.120,0.000,1392810000
46.09,Utility Enemy 10,Utility,PatrolAction,None,1.00,38.4,0,0.20,0,0.120,0.000,1392810000
47.09,Player,Player,-,None,0.09,,0,0.09,,,,1392810000
47.09,FSM Enemy 15,FSM,PatrolState,None,1.00,55.3,0,0.09,16,,,1392810000
47.09,FSM Enemy 14,FSM,PatrolState,None,1.00,40.3,0,0.09,0,,,1392810000
47.09,FSM Enemy 10,FSM,PatrolState,None,1.00,52.8,0,0.09,0,,,1392810000
47.09,FSM Enemy 8,FSM,PatrolState,None,1.00,60.5,0,0.09,0,,,1392810000
47.09,FSM Enemy 9,FSM,PatrolState,None,1.00,48.8,0,0.09,0,,,1392810000
47.09,FSM Enemy 13,FSM,PatrolState,None,1.00,92.1,0,0.09,16,,,1392810000
47.09,FSM Enemy 6,FSM,Dead,None,0.00,29.4,0,0.09,8,,,1392810000
47.09,FSM Enemy 7,FSM,PatrolState,None,1.00,66.6,0,0.09,0,,,1392810000
47.09,FSM Enemy 5,FSM,PatrolState,None,1.00,93.1,0,0.09,0,,,1392810000
47.09,FSM Enemy 3,FSM,PatrolState,None,1.00,84.7,0,0.09,0,,,1392810000
47.09,FSM Enemy 1,FSM,PatrolState,None,1.00,113.1,0,0.09,0,,,1392810000
47.09,FSM Enemy 2,FSM,PatrolState,None,1.00,66.1,0,0.09,0,,,1392810000
47.09,FSM Enemy 4,FSM,PatrolState,None,1.00,15.1,0,0.09,0,,,1392810000
47.09,FSM Enemy 11,FSM,PatrolState,None,1.00,41.8,0,0.09,8,,,1392810000
47.09,FSM Enemy 12,FSM,Dead,None,0.00,18.1,0,0.09,8,,,1392810000
47.09,Utility Enemy 14,Utility,AttackAction,None,1.00,7.3,1,0.09,16,0.536,0.125,1392810000
47.09,Utility Enemy 5,Utility,PatrolAction,None,1.00,86.2,0,0.09,0,0.120,0.000,1392810000
47.09,Utility Enemy 11,Utility,PatrolAction,None,1.00,72.1,0,0.09,24,0.120,0.000,1392810000
47.09,Utility Enemy 13,Utility,PatrolAction,None,1.00,38.3,0,0.09,16,0.120,0.000,1392810000
47.09,Utility Enemy 3,Utility,PatrolAction,None,1.00,60.2,0,0.09,0,0.120,0.000,1392810000
47.09,Utility Enemy 15,Utility,PatrolAction,None,1.00,76.8,0,0.09,0,0.120,0.000,1392810000
47.09,Utility Enemy 2,Utility,PatrolAction,None,1.00,62.2,0,0.09,0,0.120,0.000,1392810000
47.09,Utility Enemy 12,Utility,Dead,None,0.00,34.6,0,0.09,0,0.120,0.000,1392810000
47.09,Utility Enemy 6,Utility,PatrolAction,None,1.00,98.7,0,0.09,8,0.120,0.000,1392810000
47.09,Utility Enemy 4,Utility,Dead,None,0.00,28.9,0,0.09,16,0.819,0.739,1392810000
47.09,Utility Enemy 8,Utility,PatrolAction,None,1.00,51.2,0,0.09,0,0.120,0.000,1392810000
47.09,Utility Enemy 7,Utility,Dead,None,0.00,36.6,0,0.09,0,0.322,0.207,1392810000
47.09,Utility Enemy 1,Utility,PatrolAction,None,1.00,72.5,0,0.09,0,0.120,0.000,1392810000
47.09,Utility Enemy 9,Utility,PatrolAction,None,1.00,5.4,0,0.09,0,0.120,0.000,1392810000
47.09,Utility Enemy 10,Utility,PatrolAction,None,1.00,47.7,0,0.09,0,0.120,0.000,1392810000
48.10,Player,Player,-,None,0.09,,0,0.09,,,,1392810000
48.10,FSM Enemy 15,FSM,PatrolState,None,1.00,51.9,0,0.09,16,,,1392810000
48.10,FSM Enemy 14,FSM,PatrolState,None,1.00,33.2,0,0.09,0,,,1392810000
48.10,FSM Enemy 10,FSM,PatrolState,None,1.00,48.2,0,0.09,0,,,1392810000
48.10,FSM Enemy 8,FSM,PatrolState,None,1.00,55.4,0,0.09,0,,,1392810000
48.10,FSM Enemy 9,FSM,PatrolState,None,1.00,43.6,0,0.09,0,,,1392810000
48.10,FSM Enemy 13,FSM,PatrolState,None,1.00,87.1,0,0.09,16,,,1392810000
48.10,FSM Enemy 6,FSM,Dead,None,0.00,29.8,0,0.09,8,,,1392810000
48.10,FSM Enemy 7,FSM,PatrolState,None,1.00,63.4,0,0.09,0,,,1392810000
48.10,FSM Enemy 5,FSM,PatrolState,None,1.00,88.7,0,0.09,0,,,1392810000
48.10,FSM Enemy 3,FSM,PatrolState,None,1.00,75.3,0,0.09,0,,,1392810000
48.10,FSM Enemy 1,FSM,PatrolState,None,1.00,108.5,0,0.09,0,,,1392810000
48.10,FSM Enemy 2,FSM,PatrolState,None,1.00,58.8,0,0.09,0,,,1392810000
48.10,FSM Enemy 4,FSM,PatrolState,None,1.00,11.1,0,0.09,0,,,1392810000
48.10,FSM Enemy 11,FSM,PatrolState,None,1.00,37.8,0,0.09,8,,,1392810000
48.10,FSM Enemy 12,FSM,Dead,None,0.00,19.1,0,0.09,8,,,1392810000
48.10,Utility Enemy 14,Utility,Dead,None,0.00,1.9,0,0.09,16,0.739,0.203,1392810000
48.10,Utility Enemy 5,Utility,PatrolAction,None,1.00,79.4,0,0.09,0,0.120,0.000,1392810000
48.10,Utility Enemy 11,Utility,PatrolAction,None,1.00,63.9,0,0.09,24,0.120,0.000,1392810000
48.10,Utility Enemy 13,Utility,PatrolAction,None,1.00,33.9,0,0.09,16,0.120,0.000,1392810000
48.10,Utility Enemy 3,Utility,PatrolAction,None,1.00,55.3,0,0.09,0,0.120,0.000,1392810000
48.10,Utility Enemy 15,Utility,PatrolAction,None,1.00,67.8,0,0.09,0,0.120,0.000,1392810000
48.10,Utility Enemy 2,Utility,PatrolAction,None,1.00,56.3,0,0.09,0,0.120,0.000,1392810000
48.10,Utility Enemy 12,Utility,Dead,None,0.00,32.9,0,0.09,0,0.120,0.000,1392810000
48.10,Utility Enemy 6,Utility,PatrolAction,None,1.00,93.5,0,0.09,8,0.120,0.000,1392810000
48.10,Utility Enemy 4,Utility,Dead,None,0.00,28.9,0,0.09,16,0.819,0.739,1392810000
48.10,Utility Enemy 8,Utility,PatrolAction,None,1.00,40.7,0,0.09,0,0.120,0.000,1392810000
48.10,Utility Enemy 7,Utility,Dead,None,0.00,35.2,0,0.09,0,0.322,0.207,1392810000
48.10,Utility Enemy 1,Utility,PatrolAction,None,1.00,64.4,0,0.09,0,0.120,0.000,1392810000
48.10,Utility Enemy 9,Utility,PatrolAction,None,1.00,10.3,0,0.09,0,0.120,0.000,1392810000
48.10,Utility Enemy 10,Utility,PatrolAction,None,1.00,48.2,0,0.09,0,0.120,0.000,1392810000
49.10,Player,Player,-,None,0.04,,0,0.04,,,,1392810000
49.10,FSM Enemy 15,FSM,PatrolState,None,1.00,47.4,0,0.04,16,,,1392810000
49.10,FSM Enemy 14,FSM,PatrolState,None,1.00,29.9,0,0.04,0,,,1392810000
49.10,FSM Enemy 10,FSM,PatrolState,None,1.00,43.3,0,0.04,0,,,1392810000
49.10,FSM Enemy 8,FSM,PatrolState,None,1.00,50.8,0,0.04,0,,,1392810000
49.10,FSM Enemy 9,FSM,PatrolState,None,1.00,38.5,0,0.04,0,,,1392810000
49.10,FSM Enemy 13,FSM,PatrolState,None,1.00,82.0,0,0.04,16,,,1392810000
49.10,FSM Enemy 6,FSM,Dead,None,0.00,29.6,0,0.04,8,,,1392810000
49.10,FSM Enemy 7,FSM,PatrolState,None,1.00,59.3,0,0.04,0,,,1392810000
49.10,FSM Enemy 5,FSM,PatrolState,None,1.00,84.5,0,0.04,0,,,1392810000
49.10,FSM Enemy 3,FSM,PatrolState,None,1.00,67.4,0,0.04,0,,,1392810000
49.10,FSM Enemy 1,FSM,PatrolState,None,1.00,102.4,0,0.04,0,,,1392810000
49.10,FSM Enemy 2,FSM,PatrolState,None,1.00,54.1,0,0.04,0,,,1392810000
49.10,FSM Enemy 4,FSM,AttackState,None,1.00,7.8,1,0.04,8,,,1392810000
49.10,FSM Enemy 11,FSM,PatrolState,None,1.00,33.9,0,0.04,8,,,1392810000
49.10,FSM Enemy 12,FSM,Dead,None,0.00,20.3,0,0.04,8,,,1392810000
49.10,Utility Enemy 14,Utility,Dead,None,0.00,7.5,0,0.04,16,0.739,0.203,1392810000
49.10,Utility Enemy 5,Utility,PatrolAction,None,1.00,76.8,0,0.04,0,0.120,0.000,1392810000
49.10,Utility Enemy 11,Utility,PatrolAction,None,1.00,58.1,0,0.04,24,0.120,0.000,1392810000
49.10,Utility Enemy 13,Utility,PatrolAction,None,1.00,30.5,0,0.04,16,0.120,0.000,1392810000
49.10,Utility Enemy 3,Utility,PatrolAction,None,1.00,52.7,0,0.04,0,0.120,0.000,1392810000
49.10,Utility Enemy 15,Utility,PatrolAction,None,1.00,64.0,0,0.04,0,0.120,0.000,1392810000
49.10,Utility Enemy 2,Utility,PatrolAction,None,1.00,53.6,0,0.04,0,0.120,0.000,1392810000
49.10,Utility Enemy 12,Utility,Dead,None,0.00,30.7,0,0.04,0,0.120,0.000,1392810000
49.10,Utility Enemy 6,Utility,PatrolAction,None,1.00,87.8,0,0.04,8,0.120,0.000,1392810000
49.10,Utility Enemy 4,Utility,Dead,None,0.00,28.6,0,0.04,16,0.819,0.739,1392810000
49.10,Utility Enemy 8,Utility,PatrolAction,None,1.00,31.1,0,0.04,0,0.120,0.000,1392810000
49.10,Utility Enemy 7,Utility,Dead,None,0.00,33.3,0,0.04,0,0.322,0.207,1392810000
49.10,Utility Enemy 1,Utility,PatrolAction,None,1.00,54.3,0,0.04,0,0.120,0.000,1392810000
49.10,Utility Enemy 9,Utility,PatrolAction,None,1.00,16.3,0,0.04,0,0.120,0.000,1392810000
49.10,Utility Enemy 10,Utility,PatrolAction,None,1.00,47.7,0,0.04,0,0.120,0.000,1392810000
