time,enemyId,aiType,action,activeGlitch,health,distToPlayer,canSeePlayer,playerHealth,damageDealt,topUtilityScore,secondScore,seed
0.00,Player,Player,-,None,1.00,,0,1.00,,,,82058171
0.00,FSM Enemy 14,FSM,PatrolState,None,1.00,75.0,0,1.00,0,,,82058171
0.00,FSM Enemy 13,FSM,PatrolState,None,1.00,49.2,0,1.00,0,,,82058171
0.00,FSM Enemy 4,FSM,PatrolState,None,1.00,48.9,0,1.00,0,,,82058171
0.00,FSM Enemy 3,FSM,PatrolState,None,1.00,82.0,0,1.00,0,,,82058171
0.00,FSM Enemy 1,FSM,PatrolState,None,1.00,89.4,0,1.00,0,,,82058171
0.00,FSM Enemy 2,FSM,PatrolState,None,1.00,89.4,0,1.00,0,,,82058171
0.00,FSM Enemy 10,FSM,PatrolState,None,1.00,66.4,0,1.00,0,,,82058171
0.00,FSM Enemy 15,FSM,PatrolState,None,1.00,28.5,0,1.00,0,,,82058171
0.00,FSM Enemy 11,FSM,PatrolState,None,1.00,37.9,0,1.00,0,,,82058171
0.00,FSM Enemy 5,FSM,PatrolState,None,1.00,69.3,0,1.00,0,,,82058171
0.00,FSM Enemy 9,FSM,PatrolState,None,1.00,33.4,0,1.00,0,,,82058171
0.00,FSM Enemy 12,FSM,PatrolState,None,1.00,38.1,0,1.00,0,,,82058171
0.00,FSM Enemy 7,FSM,PatrolState,None,1.00,28.1,0,1.00,0,,,82058171
0.00,FSM Enemy 6,FSM,PatrolState,None,1.00,28.1,0,1.00,0,,,82058171
0.00,FSM Enemy 8,FSM,PatrolState,None,1.00,48.1,0,1.00,0,,,82058171
0.00,Utility Enemy 9,Utility,PatrolAction,None,1.00,44.6,0,1.00,0,0.120,0.000,82058171
0.00,Utility Enemy 11,Utility,PatrolAction,None,1.00,33.7,0,1.00,0,0.120,0.000,82058171
0.00,Utility Enemy 3,Utility,PatrolAction,None,1.00,62.9,0,1.00,0,0.120,0.000,82058171
0.00,Utility Enemy 7,Utility,PatrolAction,None,1.00,42.0,0,1.00,0,0.120,0.000,82058171
0.00,Utility Enemy 1,Utility,PatrolAction,None,1.00,84.4,0,1.00,0,0.120,0.000,82058171
0.00,Utility Enemy 5,Utility,PatrolAction,None,1.00,84.0,0,1.00,0,0.120,0.000,82058171
0.00,Utility Enemy 10,Utility,PatrolAction,None,1.00,30.2,0,1.00,0,0.120,0.000,82058171
0.00,Utility Enemy 15,Utility,PatrolAction,None,1.00,80.1,0,1.00,0,0.120,0.000,82058171
0.00,Utility Enemy 6,Utility,PatrolAction,None,1.00,42.0,0,1.00,0,0.120,0.000,82058171
0.00,Utility Enemy 14,Utility,PatrolAction,None,1.00,50.6,0,1.00,0,0.120,0.000,82058171
0.00,Utility Enemy 12,Utility,PatrolAction,None,1.00,33.7,0,1.00,0,0.120,0.000,82058171
0.00,Utility Enemy 13,Utility,PatrolAction,None,1.00,50.6,0,1.00,0,0.120,0.000,82058171
0.00,Utility Enemy 8,Utility,PatrolAction,None,1.00,77.4,0,1.00,0,0.120,0.000,82058171
0.00,Utility Enemy 4,Utility,PatrolAction,None,1.00,62.9,0,1.00,0,0.120,0.000,82058171
0.00,Utility Enemy 2,Utility,PatrolAction,None,1.00,84.4,0,1.00,0,0.120,0.000,82058171
1.00,Player,Player,-,None,1.00,,0,1.00,,,,82058171
1.00,FSM Enemy 14,FSM,PatrolState,None,1.00,72.4,0,1.00,0,,,82058171
1.00,FSM Enemy 13,FSM,PatrolState,None,1.00,46.1,0,1.00,0,,,82058171
1.00,FSM Enemy 4,FSM,PatrolState,None,1.00,48.5,0,1.00,0,,,82058171
1.00,FSM Enemy 3,FSM,PatrolState,None,1.00,81.5,0,1.00,0,,,82058171
1.00,FSM Enemy 1,FSM,PatrolState,None,1.00,85.2,0,1.00,0,,,82058171
1.00,FSM Enemy 2,FSM,PatrolState,None,1.00,87.0,0,1.00,0,,,82058171
1.00,FSM Enemy 10,FSM,PatrolState,None,1.00,66.5,0,1.00,0,,,82058171
1.00,FSM Enemy 15,FSM,PatrolState,None,1.00,26.0,0,1.00,0,,,82058171
1.00,FSM Enemy 11,FSM,PatrolState,None,1.00,33.9,0,1.00,0,,,82058171
1.00,FSM Enemy 5,FSM,PatrolState,None,1.00,68.2,0,1.00,0,,,82058171
1.00,FSM Enemy 9,FSM,PatrolState,None,1.00,29.5,0,1.00,0,,,82058171
1.00,FSM Enemy 12,FSM,PatrolState,None,1.00,40.2,0,1.00,0,,,82058171
1.00,FSM Enemy 7,FSM,PatrolState,None,1.00,24.9,0,1.00,0,,,82058171
1.00,FSM Enemy 6,FSM,PatrolState,None,1.00,28.9,0,1.00,0,,,82058171
1.00,FSM Enemy 8,FSM,PatrolState,None,1.00,43.7,0,1.00,0,,,82058171
1.00,Utility Enemy 9,Utility,PatrolAction,None,1.00,49.6,0,1.00,0,0.120,0.000,82058171
1.00,Utility Enemy 11,Utility,PatrolAction,None,1.00,27.5,0,1.00,0,0.120,0.000,82058171
1.00,Utility Enemy 3,Utility,PatrolAction,None,1.00,60.5,0,1.00,0,0.120,0.000,82058171
1.00,Utility Enemy 7,Utility,PatrolAction,None,1.00,47.7,0,1.00,0,0.120,0.000,82058171
1.00,Utility Enemy 1,Utility,PatrolAction,None,1.00,82.2,0,1.00,0,0.120,0.000,82058171
1.00,Utility Enemy 5,Utility,PatrolAction,None,1.00,84.5,0,1.00,0,0.120,0.000,82058171
1.00,Utility Enemy 10,Utility,PatrolAction,None,1.00,29.6,0,1.00,0,0.120,0.000,82058171
1.00,Utility Enemy 15,Utility,PatrolAction,None,1.00,74.4,0,1.00,0,0.120,0.000,82058171
1.00,Utility Enemy 6,Utility,PatrolAction,None,1.00,38.7,0,1.00,0,0.120,0.000,82058171
1.00,Utility Enemy 14,Utility,PatrolAction,None,1.00,48.5,0,1.00,0,0.120,0.000,82058171
1.00,Utility Enemy 12,Utility,PatrolAction,None,1.00,32.1,0,1.00,0,0.120,0.000,82058171
1.00,Utility Enemy 13,Utility,PatrolAction,None,1.00,44.9,0,1.00,0,0.120,0.000,82058171
1.00,Utility Enemy 8,Utility,PatrolAction,None,1.00,70.7,0,1.00,0,0.120,0.000,82058171
1.00,Utility Enemy 4,Utility,PatrolAction,None,1.00,56.5,0,1.00,0,0.120,0.000,82058171
1.00,Utility Enemy 2,Utility,PatrolAction,None,1.00,85.1,0,1.00,0,0.120,0.000,82058171
2.00,Player,Player,-,None,1.00,,0,1.00,,,,82058171
2.00,FSM Enemy 14,FSM,PatrolState,None,1.00,74.2,0,1.00,0,,,82058171
2.00,FSM Enemy 13,FSM,PatrolState,None,1.00,40.3,0,1.00,0,,,82058171
2.00,FSM Enemy 4,FSM,PatrolState,None,1.00,51.5,0,1.00,0,,,82058171
2.00,FSM Enemy 3,FSM,PatrolState,None,1.00,85.0,0,1.00,0,,,82058171
2.00,FSM Enemy 1,FSM,PatrolState,None,1.00,81.4,0,1.00,0,,,82058171
2.00,FSM Enemy 2,FSM,PatrolState,None,1.00,88.1,0,1.00,0,,,82058171
2.00,FSM Enemy 10,FSM,PatrolState,None,1.00,71.0,0,1.00,0,,,82058171
2.00,FSM Enemy 15,FSM,PatrolState,None,1.00,24.3,0,1.00,0,,,82058171
2.00,FSM Enemy 11,FSM,PatrolState,None,1.00,27.9,0,1.00,0,,,82058171
2.00,FSM Enemy 5,FSM,PatrolState,None,1.00,68.2,0,1.00,0,,,82058171
2.00,FSM Enemy 9,FSM,PatrolState,None,1.00,29.9,0,1.00,0,,,82058171
2.00,FSM Enemy 12,FSM,PatrolState,None,1.00,45.5,0,1.00,0,,,82058171
2.00,FSM Enemy 7,FSM,PatrolState,None,1.00,18.2,0,1.00,0,,,82058171
2.00,FSM Enemy 6,FSM,PatrolState,None,1.00,32.3,0,1.00,0,,,82058171
2.00,FSM Enemy 8,FSM,PatrolState,None,1.00,46.2,0,1.00,0,,,82058171
2.00,Utility Enemy 9,Utility,PatrolAction,None,1.00,57.0,0,1.00,0,0.120,0.000,82058171
2.00,Utility Enemy 11,Utility,PatrolAction,None,1.00,19.7,0,1.00,0,0.120,0.000,82058171
2.00,Utility Enemy 3,Utility,PatrolAction,None,1.00,62.0,0,1.00,0,0.120,0.000,82058171
2.00,Utility Enemy 7,Utility,PatrolAction,None,1.00,55.3,0,1.00,0,0.120,0.000,82058171
2.00,Utility Enemy 1,Utility,PatrolAction,None,1.00,83.5,0,1.00,0,0.120,0.000,82058171
2.00,Utility Enemy 5,Utility,PatrolAction,None,1.00,87.1,0,1.00,0,0.120,0.000,82058171
2.00,Utility Enemy 10,Utility,PatrolAction,None,1.00,33.6,0,1.00,0,0.120,0.000,82058171
2.00,Utility Enemy 15,Utility,PatrolAction,None,1.00,72.1,0,1.00,0,0.120,0.000,82058171
2.00,Utility Enemy 6,Utility,PatrolAction,None,1.00,36.2,0,1.00,0,0.120,0.000,82058171
2.00,Utility Enemy 14,Utility,PatrolAction,None,1.00,49.7,0,1.00,0,0.120,0.000,82058171
2.00,Utility Enemy 12,Utility,PatrolAction,None,1.00,38.6,0,1.00,0,0.120,0.000,82058171
2.00,Utility Enemy 13,Utility,PatrolAction,None,1.00,38.3,0,1.00,0,0.120,0.000,82058171
2.00,Utility Enemy 8,Utility,PatrolAction,None,1.00,64.2,0,1.00,0,0.120,0.000,82058171
2.00,Utility Enemy 4,Utility,PatrolAction,None,1.00,53.7,0,1.00,0,0.120,0.000,82058171
2.00,Utility Enemy 2,Utility,PatrolAction,None,1.00,91.5,0,1.00,0,0.120,0.000,82058171
3.01,Player,Player,-,None,1.00,,0,1.00,,,,82058171
3.01,FSM Enemy 14,FSM,PatrolState,None,1.00,75.0,0,1.00,0,,,82058171
3.01,FSM Enemy 13,FSM,PatrolState,None,1.00,33.7,0,1.00,0,,,82058171
3.01,FSM Enemy 4,FSM,PatrolState,None,1.00,53.7,0,1.00,0,,,82058171
3.01,FSM Enemy 3,FSM,PatrolState,None,1.00,87.9,0,1.00,0,,,82058171
3.01,FSM Enemy 1,FSM,PatrolState,None,1.00,77.2,0,1.00,0,,,82058171
3.01,FSM Enemy 2,FSM,PatrolState,None,1.00,88.1,0,1.00,0,,,82058171
3.01,FSM Enemy 10,FSM,PatrolState,None,1.00,74.0,0,1.00,0,,,82058171
3.01,FSM Enemy 15,FSM,PatrolState,None,1.00,24.0,0,1.00,0,,,82058171
3.01,FSM Enemy 11,FSM,PatrolState,None,1.00,24.5,0,1.00,0,,,82058171
3.01,FSM Enemy 5,FSM,PatrolState,None,1.00,68.2,0,1.00,0,,,82058171
3.01,FSM Enemy 9,FSM,PatrolState,None,1.00,30.2,0,1.00,0,,,82058171
3.01,FSM Enemy 12,FSM,PatrolState,None,1.00,50.5,0,1.00,0,,,82058171
3.01,FSM Enemy 7,FSM,PatrolState,None,1.00,12.7,0,1.00,0,,,82058171
3.01,FSM Enemy 6,FSM,PatrolState,None,1.00,35.3,0,1.00,0,,,82058171
3.01,FSM Enemy 8,FSM,PatrolState,None,1.00,49.1,0,1.00,0,,,82058171
3.01,Utility Enemy 9,Utility,PatrolAction,None,1.00,57.4,0,1.00,0,0.120,0.000,82058171
3.01,Utility Enemy 11,Utility,PatrolAction,None,1.00,16.7,0,1.00,0,0.120,0.000,82058171
3.01,Utility Enemy 3,Utility,PatrolAction,None,1.00,65.6,0,1.00,0,0.120,0.000,82058171
3.01,Utility Enemy 7,Utility,PatrolAction,None,1.00,60.7,0,1.00,0,0.120,0.000,82058171
3.01,Utility Enemy 1,Utility,PatrolAction,None,1.00,78.9,0,1.00,0,0.120,0.000,82058171
3.01,Utility Enemy 5,Utility,PatrolAction,None,1.00,84.2,0,1.00,0,0.120,0.000,82058171
3.01,Utility Enemy 10,Utility,PatrolAction,None,1.00,41.3,0,1.00,0,0.120,0.000,82058171
3.01,Utility Enemy 15,Utility,PatrolAction,None,1.00,70.6,0,1.00,0,0.120,0.000,82058171
3.01,Utility Enemy 6,Utility,PatrolAction,None,1.00,31.8,0,1.00,0,0.120,0.000,82058171
3.01,Utility Enemy 14,Utility,PatrolAction,None,1.00,50.6,0,1.00,0,0.120,0.000,82058171
3.01,Utility Enemy 12,Utility,PatrolAction,None,1.00,48.0,0,1.00,0,0.120,0.000,82058171
3.01,Utility Enemy 13,Utility,PatrolAction,None,1.00,35.0,0,1.00,0,0.120,0.000,82058171
3.01,Utility Enemy 8,Utility,PatrolAction,None,1.00,58.9,0,1.00,0,0.120,0.000,82058171
3.01,Utility Enemy 4,Utility,PatrolAction,None,1.00,50.9,0,1.00,0,0.120,0.000,82058171
3.01,Utility Enemy 2,Utility,PatrolAction,None,1.00,96.0,0,1.00,0,0.120,0.000,82058171
4.01,Player,Player,-,None,1.00,,0,1.00,,,,82058171
4.01,FSM Enemy 14,FSM,PatrolState,None,1.00,75.8,0,1.00,0,,,82058171
4.01,FSM Enemy 13,FSM,PatrolState,None,1.00,29.6,0,1.00,0,,,82058171
4.01,FSM Enemy 4,FSM,PatrolState,None,1.00,55.8,0,1.00,0,,,82058171
4.01,FSM Enemy 3,FSM,PatrolState,None,1.00,87.0,0,1.00,0,,,82058171
4.01,FSM Enemy 1,FSM,PatrolState,None,1.00,73.1,0,1.00,0,,,82058171
4.01,FSM Enemy 2,FSM,PatrolState,None,1.00,88.1,0,1.00,0,,,82058171
4.01,FSM Enemy 10,FSM,PatrolState,None,1.00,77.2,0,1.00,0,,,82058171
4.01,FSM Enemy 15,FSM,PatrolState,None,1.00,24.7,0,1.00,0,,,82058171
4.01,FSM Enemy 11,FSM,PatrolState,None,1.00,22.2,0,1.00,0,,,82058171
4.01,FSM Enemy 5,FSM,PatrolState,None,1.00,67.6,0,1.00,0,,,82058171
4.01,FSM Enemy 9,FSM,PatrolState,None,1.00,35.0,0,1.00,0,,,82058171
4.01,FSM Enemy 12,FSM,PatrolState,None,1.00,55.2,0,1.00,0,,,82058171
4.01,FSM Enemy 7,FSM,PatrolState,None,1.00,8.2,0,1.00,0,,,82058171
4.01,FSM Enemy 6,FSM,PatrolState,None,1.00,40.5,0,1.00,0,,,82058171
4.01,FSM Enemy 8,FSM,PatrolState,None,1.00,52.1,0,1.00,0,,,82058171
4.01,Utility Enemy 9,Utility,PatrolAction,None,1.00,61.7,0,1.00,0,0.120,0.000,82058171
4.01,Utility Enemy 11,Utility,PatrolAction,None,1.00,13.2,0,1.00,0,0.120,0.000,82058171
4.01,Utility Enemy 3,Utility,PatrolAction,None,1.00,69.8,0,1.00,0,0.120,0.000,82058171
4.01,Utility Enemy 7,Utility,PatrolAction,None,1.00,61.4,0,1.00,0,0.120,0.000,82058171
4.01,Utility Enemy 1,Utility,PatrolAction,None,1.00,73.9,0,1.00,0,0.120,0.000,82058171
4.01,Utility Enemy 5,Utility,PatrolAction,None,1.00,81.8,0,1.00,0,0.120,0.000,82058171
4.01,Utility Enemy 10,Utility,PatrolAction,None,1.00,49.0,0,1.00,0,0.120,0.000,82058171
4.01,Utility Enemy 15,Utility,PatrolAction,None,1.00,67.3,0,1.00,0,0.120,0.000,82058171
4.01,Utility Enemy 6,Utility,PatrolAction,None,1.00,25.1,0,1.00,0,0.120,0.000,82058171
4.01,Utility Enemy 14,Utility,PatrolAction,None,1.00,52.4,0,1.00,0,0.120,0.000,82058171
4.01,Utility Enemy 12,Utility,PatrolAction,None,1.00,55.1,0,1.00,0,0.120,0.000,82058171
4.01,Utility Enemy 13,Utility,PatrolAction,None,1.00,35.2,0,1.00,0,0.120,0.000,82058171
4.01,Utility Enemy 8,Utility,PatrolAction,None,1.00,61.0,0,1.00,0,0.120,0.000,82058171
4.01,Utility Enemy 4,Utility,PatrolAction,None,1.00,51.7,0,1.00,0,0.120,0.000,82058171
4.01,Utility Enemy 2,Utility,PatrolAction,None,1.00,95.8,0,1.00,0,0.120,0.000,82058171
5.01,Player,Player,-,None,1.00,,0,1.00,,,,82058171
5.01,FSM Enemy 14,FSM,PatrolState,None,1.00,78.8,0,1.00,0,,,82058171
5.01,FSM Enemy 13,FSM,PatrolState,None,1.00,23.5,0,1.00,0,,,82058171
5.01,FSM Enemy 4,FSM,PatrolState,None,1.00,57.9,0,1.00,0,,,82058171
5.01,FSM Enemy 3,FSM,PatrolState,None,1.00,82.0,0,1.00,0,,,82058171
5.01,FSM Enemy 1,FSM,PatrolState,None,1.00,65.3,0,1.00,0,,,82058171
5.01,FSM Enemy 2,FSM,PatrolState,None,1.00,87.2,0,1.00,0,,,82058171
5.01,FSM Enemy 10,FSM,PatrolState,None,1.00,78.2,0,1.00,0,,,82058171
5.01,FSM Enemy 15,FSM,PatrolState,None,1.00,19.7,0,1.00,0,,,82058171
5.01,FSM Enemy 11,FSM,PatrolState,None,1.00,16.2,0,1.00,0,,,82058171
5.01,FSM Enemy 5,FSM,PatrolState,None,1.00,61.7,0,1.00,0,,,82058171
5.01,FSM Enemy 9,FSM,PatrolState,None,1.00,38.9,0,1.00,0,,,82058171
5.01,FSM Enemy 12,FSM,PatrolState,None,1.00,61.4,0,1.00,0,,,82058171
5.01,FSM Enemy 7,FSM,PatrolState,None,1.00,3.7,0,1.00,0,,,82058171
5.01,FSM Enemy 6,FSM,PatrolState,None,1.00,48.3,0,1.00,0,,,82058171
5.01,FSM Enemy 8,FSM,PatrolState,None,1.00,52.0,0,1.00,0,,,82058171
5.01,Utility Enemy 9,Utility,PatrolAction,None,1.00,67.6,0,1.00,0,0.120,0.000,82058171
5.01,Utility Enemy 11,Utility,PatrolAction,None,1.00,7.6,0,1.00,0,0.120,0.000,82058171
5.01,Utility Enemy 3,Utility,PatrolAction,None,1.00,67.8,0,1.00,0,0.120,0.000,82058171
5.01,Utility Enemy 7,Utility,PatrolAction,None,1.00,62.3,0,1.00,0,0.120,0.000,82058171
5.01,Utility Enemy 1,Utility,PatrolAction,None,1.00,69.7,0,1.00,0,0.120,0.000,82058171
5.01,Utility Enemy 5,Utility,PatrolAction,None,1.00,77.8,0,1.00,0,0.120,0.000,82058171
5.01,Utility Enemy 10,Utility,PatrolAction,None,1.00,51.4,0,1.00,0,0.120,0.000,82058171
5.01,Utility Enemy 15,Utility,PatrolAction,None,1.00,60.4,0,1.00,0,0.120,0.000,82058171
5.01,Utility Enemy 6,Utility,PatrolAction,None,1.00,20.0,0,1.00,0,0.120,0.000,82058171
5.01,Utility Enemy 14,Utility,PatrolAction,None,1.00,52.4,0,1.00,0,0.120,0.000,82058171
5.01,Utility Enemy 12,Utility,PatrolAction,None,1.00,56.4,0,1.00,0,0.120,0.000,82058171
5.01,Utility Enemy 13,Utility,PatrolAction,None,1.00,31.6,0,1.00,0,0.120,0.000,82058171
5.01,Utility Enemy 8,Utility,PatrolAction,None,1.00,59.3,0,1.00,0,0.120,0.000,82058171
5.01,Utility Enemy 4,Utility,PatrolAction,None,1.00,49.5,0,1.00,0,0.120,0.000,82058171
5.01,Utility Enemy 2,Utility,PatrolAction,None,1.00,94.7,0,1.00,0,0.120,0.000,82058171
6.02,Player,Player,-,None,1.00,,0,1.00,,,,82058171
6.02,FSM Enemy 14,FSM,PatrolState,None,1.00,83.0,0,1.00,0,,,82058171
6.02,FSM Enemy 13,FSM,PatrolState,None,1.00,17.3,0,1.00,0,,,82058171
6.02,FSM Enemy 4,FSM,PatrolState,None,1.00,61.7,0,1.00,0,,,82058171
6.02,FSM Enemy 3,FSM,PatrolState,None,1.00,78.9,0,1.00,0,,,82058171
6.02,FSM Enemy 1,FSM,PatrolState,None,1.00,60.8,0,1.00,0,,,82058171
6.02,FSM Enemy 2,FSM,PatrolState,None,1.00,90.4,0,1.00,0,,,82058171
6.02,FSM Enemy 10,FSM,PatrolState,None,1.00,80.7,0,1.00,0,,,82058171
6.02,FSM Enemy 15,FSM,PatrolState,None,1.00,16.7,0,1.00,0,,,82058171
6.02,FSM Enemy 11,FSM,AttackState,None,1.00,11.1,1,1.00,0,,,82058171
6.02,FSM Enemy 5,FSM,PatrolState,None,1.00,56.3,0,1.00,0,,,82058171
6.02,FSM Enemy 9,FSM,PatrolState,None,1.00,43.6,0,1.00,0,,,82058171
6.02,FSM Enemy 12,FSM,PatrolState,None,1.00,68.2,0,1.00,0,,,82058171
6.02,FSM Enemy 7,FSM,PatrolState,None,1.00,1.9,0,1.00,0,,,82058171
6.02,FSM Enemy 6,FSM,PatrolState,None,1.00,54.7,0,1.00,0,,,82058171
6.02,FSM Enemy 8,FSM,PatrolState,None,1.00,51.5,0,1.00,0,,,82058171
6.02,Utility Enemy 9,Utility,PatrolAction,None,1.00,72.2,0,1.00,0,0.120,0.000,82058171
6.02,Utility Enemy 11,Utility,PatrolAction,None,1.00,8.9,0,1.00,0,0.120,0.000,82058171
6.02,Utility Enemy 3,Utility,PatrolAction,None,1.00,66.2,0,1.00,0,0.120,0.000,82058171
6.02,Utility Enemy 7,Utility,PatrolAction,None,1.00,62.2,0,1.00,0,0.120,0.000,82058171
6.02,Utility Enemy 1,Utility,PatrolAction,None,1.00,70.2,0,1.00,0,0.120,0.000,82058171
6.02,Utility Enemy 5,Utility,PatrolAction,None,1.00,76.2,0,1.00,0,0.120,0.000,82058171
6.02,Utility Enemy 10,Utility,PatrolAction,None,1.00,51.1,0,1.00,0,0.120,0.000,82058171
6.02,Utility Enemy 15,Utility,PatrolAction,None,1.00,59.6,0,1.00,0,0.120,0.000,82058171
6.02,Utility Enemy 6,Utility,ChaseAction,None,1.00,15.7,1,1.00,0,0.490,0.400,82058171
6.02,Utility Enemy 14,Utility,PatrolAction,None,1.00,51.6,0,1.00,0,0.120,0.000,82058171
6.02,Utility Enemy 12,Utility,PatrolAction,None,1.00,57.2,0,1.00,0,0.120,0.000,82058171
6.02,Utility Enemy 13,Utility,PatrolAction,None,1.00,28.7,0,1.00,0,0.120,0.000,82058171
6.02,Utility Enemy 8,Utility,PatrolAction,None,1.00,54.5,0,1.00,0,0.120,0.000,82058171
6.02,Utility Enemy 4,Utility,PatrolAction,None,1.00,48.9,0,1.00,0,0.120,0.000,82058171
6.02,Utility Enemy 2,Utility,PatrolAction,None,1.00,97.4,0,1.00,0,0.120,0.000,82058171
7.02,Player,Player,-,None,1.00,,0,1.00,,,,82058171
7.02,FSM Enemy 14,FSM,PatrolState,None,1.00,88.2,0,1.00,0,,,82058171
7.02,FSM Enemy 13,FSM,PatrolState,None,1.00,15.2,0,1.00,0,,,82058171
7.02,FSM Enemy 4,FSM,PatrolState,None,1.00,66.2,0,1.00,0,,,82058171
7.02,FSM Enemy 3,FSM,PatrolState,None,1.00,79.2,0,1.00,0,,,82058171
7.02,FSM Enemy 1,FSM,PatrolState,None,1.00,62.1,0,1.00,0,,,82058171
7.02,FSM Enemy 2,FSM,PatrolState,None,1.00,95.5,0,1.00,0,,,82058171
7.02,FSM Enemy 10,FSM,PatrolState,None,1.00,83.5,0,1.00,0,,,82058171
7.02,FSM Enemy 15,FSM,PatrolState,None,1.00,17.7,0,1.00,0,,,82058171
7.02,FSM Enemy 11,FSM,AttackState,None,1.00,8.7,1,1.00,0,,,82058171
7.02,FSM Enemy 5,FSM,PatrolState,None,1.00,55.8,0,1.00,0,,,82058171
7.02,FSM Enemy 9,FSM,PatrolState,None,1.00,49.1,0,1.00,0,,,82058171
7.02,FSM Enemy 12,FSM,PatrolState,None,1.00,72.5,0,1.00,0,,,82058171
7.02,FSM Enemy 7,FSM,PatrolState,None,1.00,1.5,0,1.00,0,,,82058171
7.02,FSM Enemy 6,FSM,PatrolState,None,1.00,58.6,0,1.00,0,,,82058171
7.02,FSM Enemy 8,FSM,PatrolState,None,1.00,52.0,0,1.00,0,,,82058171
7.02,Utility Enemy 9,Utility,PatrolAction,None,1.00,77.2,0,1.00,0,0.120,0.000,82058171
7.02,Utility Enemy 11,Utility,PatrolAction,None,1.00,9.4,0,1.00,0,0.120,0.000,82058171
7.02,Utility Enemy 3,Utility,PatrolAction,None,1.00,70.8,0,1.00,0,0.120,0.000,82058171
7.02,Utility Enemy 7,Utility,PatrolAction,None,1.00,60.3,0,1.00,0,0.120,0.000,82058171
7.02,Utility Enemy 1,Utility,PatrolAction,None,1.00,74.1,0,1.00,0,0.120,0.000,82058171
7.02,Utility Enemy 5,Utility,PatrolAction,None,1.00,80.4,0,1.00,0,0.120,0.000,82058171
7.02,Utility Enemy 10,Utility,PatrolAction,None,1.00,49.4,0,1.00,0,0.120,0.000,82058171
7.02,Utility Enemy 15,Utility,PatrolAction,None,1.00,61.5,0,1.00,0,0.120,0.000,82058171
7.02,Utility Enemy 6,Utility,AttackAction,None,1.00,12.5,1,1.00,0,0.291,0.153,82058171
7.02,Utility Enemy 14,Utility,PatrolAction,None,1.00,53.4,0,1.00,0,0.120,0.000,82058171
7.02,Utility Enemy 12,Utility,PatrolAction,None,1.00,61.4,0,1.00,0,0.120,0.000,82058171
7.02,Utility Enemy 13,Utility,PatrolAction,None,1.00,31.4,0,1.00,0,0.120,0.000,82058171
7.02,Utility Enemy 8,Utility,PatrolAction,None,1.00,53.8,0,1.00,0,0.120,0.000,82058171
7.02,Utility Enemy 4,Utility,PatrolAction,None,1.00,46.2,0,1.00,0,0.120,0.000,82058171
7.02,Utility Enemy 2,Utility,PatrolAction,None,1.00,102.7,0,1.00,0,0.120,0.000,82058171
8.02,Player,Player,-,None,0.89,,0,0.89,,,,82058171
8.02,FSM Enemy 14,FSM,PatrolState,None,1.00,94.2,0,0.89,0,,,82058171
8.02,FSM Enemy 13,FSM,PatrolState,None,1.00,14.1,0,0.89,0,,,82058171
8.02,FSM Enemy 4,FSM,PatrolState,None,1.00,71.8,0,0.89,0,,,82058171
8.02,FSM Enemy 3,FSM,PatrolState,None,1.00,79.5,0,0.89,0,,,82058171
8.02,FSM Enemy 1,FSM,PatrolState,None,1.00,63.6,0,0.89,0,,,82058171
8.02,FSM Enemy 2,FSM,PatrolState,None,1.00,101.0,0,0.89,0,,,82058171
8.02,FSM Enemy 10,FSM,PatrolState,None,1.00,87.4,0,0.89,0,,,82058171
8.02,FSM Enemy 15,FSM,PatrolState,None,1.00,19.5,0,0.89,0,,,82058171
8.02,FSM Enemy 11,FSM,Dead,None,0.00,5.2,1,0.89,8,,,82058171
8.02,FSM Enemy 5,FSM,PatrolState,None,1.00,55.0,0,0.89,0,,,82058171
8.02,FSM Enemy 9,FSM,PatrolState,None,1.00,55.3,0,0.89,0,,,82058171
8.02,FSM Enemy 12,FSM,PatrolState,None,1.00,78.3,0,0.89,0,,,82058171
8.02,FSM Enemy 7,FSM,PatrolState,None,1.00,4.3,0,0.89,0,,,82058171
8.02,FSM Enemy 6,FSM,PatrolState,None,1.00,61.1,0,0.89,0,,,82058171
8.02,FSM Enemy 8,FSM,PatrolState,None,1.00,52.5,0,0.89,0,,,82058171
8.02,Utility Enemy 9,Utility,PatrolAction,None,1.00,83.4,0,0.89,0,0.120,0.000,82058171
8.02,Utility Enemy 11,Utility,PatrolAction,None,1.00,10.5,0,0.89,0,0.120,0.000,82058171
8.02,Utility Enemy 3,Utility,PatrolAction,None,1.00,75.8,0,0.89,0,0.120,0.000,82058171
8.02,Utility Enemy 7,Utility,PatrolAction,None,1.00,60.9,0,0.89,0,0.120,0.000,82058171
8.02,Utility Enemy 1,Utility,PatrolAction,None,1.00,78.8,0,0.89,0,0.120,0.000,82058171
8.02,Utility Enemy 5,Utility,PatrolAction,None,1.00,83.7,0,0.89,0,0.120,0.000,82058171
8.02,Utility Enemy 10,Utility,PatrolAction,None,1.00,53.6,0,0.89,0,0.120,0.000,82058171
8.02,Utility Enemy 15,Utility,PatrolAction,None,1.00,59.2,0,0.89,0,0.120,0.000,82058171
8.02,Utility Enemy 6,Utility,AttackAction,None,1.00,10.5,1,0.89,8,0.395,0.131,82058171
8.02,Utility Enemy 14,Utility,PatrolAction,None,1.00,54.0,0,0.89,0,0.120,0.000,82058171
8.02,Utility Enemy 12,Utility,PatrolAction,None,1.00,68.6,0,0.89,0,0.120,0.000,82058171
8.02,Utility Enemy 13,Utility,PatrolAction,None,1.00,29.3,0,0.89,0,0.120,0.000,82058171
8.02,Utility Enemy 8,Utility,PatrolAction,None,1.00,54.4,0,0.89,0,0.120,0.000,82058171
8.02,Utility Enemy 4,Utility,PatrolAction,None,1.00,41.6,0,0.89,0,0.120,0.000,82058171
8.02,Utility Enemy 2,Utility,PatrolAction,None,1.00,102.7,0,0.89,0,0.120,0.000,82058171
9.03,Player,Player,-,None,0.89,,0,0.89,,,,82058171
9.03,FSM Enemy 14,FSM,PatrolState,None,1.00,100.6,0,0.89,0,,,82058171
9.03,FSM Enemy 13,FSM,PatrolState,None,1.00,16.9,0,0.89,0,,,82058171
9.03,FSM Enemy 4,FSM,PatrolState,None,1.00,77.2,0,0.89,0,,,82058171
9.03,FSM Enemy 3,FSM,PatrolState,None,1.00,81.6,0,0.89,0,,,82058171
9.03,FSM Enemy 1,FSM,PatrolState,None,1.00,69.5,0,0.89,0,,,82058171
9.03,FSM Enemy 2,FSM,PatrolState,None,1.00,107.6,0,0.89,0,,,82058171
9.03,FSM Enemy 10,FSM,PatrolState,None,1.00,89.3,0,0.89,0,,,82058171
9.03,FSM Enemy 15,FSM,PatrolState,None,1.00,24.3,0,0.89,0,,,82058171
9.03,FSM Enemy 11,FSM,Dead,None,0.00,5.9,0,0.89,8,,,82058171
9.03,FSM Enemy 5,FSM,PatrolState,None,1.00,57.1,0,0.89,0,,,82058171
9.03,FSM Enemy 9,FSM,PatrolState,None,1.00,59.5,0,0.89,0,,,82058171
9.03,FSM Enemy 12,FSM,PatrolState,None,1.00,82.1,0,0.89,0,,,82058171
9.03,FSM Enemy 7,FSM,PatrolState,None,1.00,7.3,0,0.89,0,,,82058171
9.03,FSM Enemy 6,FSM,PatrolState,None,1.00,61.6,0,0.89,0,,,82058171
9.03,FSM Enemy 8,FSM,PatrolState,None,1.00,54.8,0,0.89,0,,,82058171
9.03,Utility Enemy 9,Utility,PatrolAction,None,1.00,87.9,0,0.89,0,0.120,0.000,82058171
9.03,Utility Enemy 11,Utility,PatrolAction,None,1.00,16.3,0,0.89,0,0.120,0.000,82058171
9.03,Utility Enemy 3,Utility,PatrolAction,None,1.00,82.2,0,0.89,0,0.120,0.000,82058171
9.03,Utility Enemy 7,Utility,PatrolAction,None,1.00,64.4,0,0.89,0,0.120,0.000,82058171
9.03,Utility Enemy 1,Utility,PatrolAction,None,1.00,86.4,0,0.89,0,0.120,0.000,82058171
9.03,Utility Enemy 5,Utility,PatrolAction,None,1.00,83.7,0,0.89,0,0.120,0.000,82058171
9.03,Utility Enemy 10,Utility,PatrolAction,None,1.00,56.6,0,0.89,0,0.120,0.000,82058171
9.03,Utility Enemy 15,Utility,PatrolAction,None,1.00,60.0,0,0.89,0,0.120,0.000,82058171
9.03,Utility Enemy 6,Utility,AttackAction,None,0.50,7.0,1,0.89,8,0.559,0.125,82058171
9.03,Utility Enemy 14,Utility,PatrolAction,None,1.00,52.6,0,0.89,0,0.120,0.000,82058171
9.03,Utility Enemy 12,Utility,PatrolAction,None,1.00,74.0,0,0.89,0,0.120,0.000,82058171
9.03,Utility Enemy 13,Utility,PatrolAction,None,1.00,33.1,0,0.89,0,0.120,0.000,82058171
9.03,Utility Enemy 8,Utility,PatrolAction,None,1.00,61.8,0,0.89,0,0.120,0.000,82058171
9.03,Utility Enemy 4,Utility,PatrolAction,None,1.00,40.2,0,0.89,0,0.120,0.000,82058171
9.03,Utility Enemy 2,Utility,PatrolAction,None,1.00,104.7,0,0.89,0,0.120,0.000,82058171
10.03,Player,Player,-,None,0.89,,0,0.89,,,,82058171
10.03,FSM Enemy 14,FSM,PatrolState,None,1.00,101.5,0,0.89,0,,,82058171
10.03,FSM Enemy 13,FSM,ChaseState,None,1.00,19.1,0,0.89,0,,,82058171
10.03,FSM Enemy 4,FSM,PatrolState,None,1.00,76.4,0,0.89,0,,,82058171
10.03,FSM Enemy 3,FSM,PatrolState,None,1.00,82.0,0,0.89,0,,,82058171
10.03,FSM Enemy 1,FSM,PatrolState,None,1.00,73.8,0,0.89,0,,,82058171
10.03,FSM Enemy 2,FSM,PatrolState,None,1.00,109.2,0,0.89,0,,,82058171
10.03,FSM Enemy 10,FSM,PatrolState,None,1.00,86.0,0,0.89,0,,,82058171
10.03,FSM Enemy 15,FSM,PatrolState,None,1.00,25.5,0,0.89,0,,,82058171
10.03,FSM Enemy 11,FSM,Dead,None,0.00,10.7,0,0.89,8,,,82058171
10.03,FSM Enemy 5,FSM,PatrolState,None,1.00,59.1,0,0.89,0,,,82058171
10.03,FSM Enemy 9,FSM,PatrolState,None,1.00,56.2,0,0.89,0,,,82058171
10.03,FSM Enemy 12,FSM,PatrolState,None,1.00,79.1,0,0.89,0,,,82058171
10.03,FSM Enemy 7,FSM,PatrolState,None,1.00,3.8,0,0.89,0,,,82058171
10.03,FSM Enemy 6,FSM,PatrolState,None,1.00,55.8,0,0.89,0,,,82058171
10.03,FSM Enemy 8,FSM,PatrolState,None,1.00,54.5,0,0.89,0,,,82058171
10.03,Utility Enemy 9,Utility,PatrolAction,None,1.00,86.4,0,0.89,0,0.120,0.000,82058171
10.03,Utility Enemy 11,Utility,PatrolAction,None,1.00,19.3,0,0.89,0,0.120,0.000,82058171
10.03,Utility Enemy 3,Utility,PatrolAction,None,1.00,83.6,0,0.89,0,0.120,0.000,82058171
10.03,Utility Enemy 7,Utility,PatrolAction,None,1.00,59.0,0,0.89,0,0.120,0.000,82058171
10.03,Utility Enemy 1,Utility,PatrolAction,None,1.00,87.9,0,0.89,0,0.120,0.000,82058171
10.03,Utility Enemy 5,Utility,PatrolAction,None,1.00,83.1,0,0.89,0,0.120,0.000,82058171
10.03,Utility Enemy 10,Utility,PatrolAction,None,1.00,49.4,0,0.89,0,0.120,0.000,82058171
10.03,Utility Enemy 15,Utility,PatrolAction,None,1.00,60.5,0,0.89,0,0.120,0.000,82058171
10.03,Utility Enemy 6,Utility,Dead,None,0.00,4.7,1,0.89,8,0.644,0.558,82058171
10.03,Utility Enemy 14,Utility,PatrolAction,None,1.00,45.2,0,0.89,0,0.120,0.000,82058171
10.03,Utility Enemy 12,Utility,PatrolAction,None,1.00,66.1,0,0.89,0,0.120,0.000,82058171
10.03,Utility Enemy 13,Utility,PatrolAction,None,1.00,39.8,0,0.89,0,0.120,0.000,82058171
10.03,Utility Enemy 8,Utility,PatrolAction,None,1.00,68.4,0,0.89,0,0.120,0.000,82058171
10.03,Utility Enemy 4,Utility,PatrolAction,None,1.00,40.2,0,0.89,0,0.120,0.000,82058171
10.03,Utility Enemy 2,Utility,PatrolAction,None,1.00,107.5,0,0.89,0,0.120,0.000,82058171
11.04,Player,Player,-,None,0.89,,0,0.89,,,,82058171
11.04,FSM Enemy 14,FSM,PatrolState,None,1.00,101.1,0,0.89,0,,,82058171
11.04,FSM Enemy 13,FSM,ChaseState,None,1.00,17.8,0,0.89,0,,,82058171
11.04,FSM Enemy 4,FSM,PatrolState,None,1.00,78.6,0,0.89,0,,,82058171
11.04,FSM Enemy 3,FSM,PatrolState,None,1.00,82.7,0,0.89,0,,,82058171
11.04,FSM Enemy 1,FSM,PatrolState,None,1.00,77.1,0,0.89,0,,,82058171
11.04,FSM Enemy 2,FSM,PatrolState,None,1.00,111.4,0,0.89,0,,,82058171
11.04,FSM Enemy 10,FSM,PatrolState,None,1.00,84.3,0,0.89,0,,,82058171
11.04,FSM Enemy 15,FSM,PatrolState,None,1.00,27.4,0,0.89,0,,,82058171
11.04,FSM Enemy 11,FSM,Dead,None,0.00,12.7,0,0.89,8,,,82058171
11.04,FSM Enemy 5,FSM,PatrolState,None,1.00,59.8,0,0.89,0,,,82058171
11.04,FSM Enemy 9,FSM,PatrolState,None,1.00,57.6,0,0.89,0,,,82058171
11.04,FSM Enemy 12,FSM,PatrolState,None,1.00,78.9,0,0.89,0,,,82058171
11.04,FSM Enemy 7,FSM,PatrolState,None,1.00,3.7,0,0.89,0,,,82058171
11.04,FSM Enemy 6,FSM,PatrolState,None,1.00,54.8,0,0.89,0,,,82058171
11.04,FSM Enemy 8,FSM,PatrolState,None,1.00,56.9,0,0.89,0,,,82058171
11.04,Utility Enemy 9,Utility,PatrolAction,None,1.00,88.1,0,0.89,0,0.120,0.000,82058171
11.04,Utility Enemy 11,Utility,PatrolAction,None,1.00,24.5,0,0.89,0,0.120,0.000,82058171
11.04,Utility Enemy 3,Utility,PatrolAction,None,1.00,87.3,0,0.89,0,0.120,0.000,82058171
11.04,Utility Enemy 7,Utility,PatrolAction,None,1.00,57.8,0,0.89,0,0.120,0.000,82058171
11.04,Utility Enemy 1,Utility,PatrolAction,None,1.00,87.1,0,0.89,0,0.120,0.000,82058171
11.04,Utility Enemy 5,Utility,PatrolAction,None,1.00,85.3,0,0.89,0,0.120,0.000,82058171
11.04,Utility Enemy 10,Utility,PatrolAction,None,1.00,46.3,0,0.89,0,0.120,0.000,82058171
11.04,Utility Enemy 15,Utility,PatrolAction,None,1.00,59.5,0,0.89,0,0.120,0.000,82058171
11.04,Utility Enemy 6,Utility,Dead,None,0.00,4.1,0,0.89,8,0.644,0.558,82058171
11.04,Utility Enemy 14,Utility,PatrolAction,None,1.00,43.3,0,0.89,0,0.120,0.000,82058171
11.04,Utility Enemy 12,Utility,PatrolAction,None,1.00,64.5,0,0.89,0,0.120,0.000,82058171
11.04,Utility Enemy 13,Utility,PatrolAction,None,1.00,45.8,0,0.89,0,0.120,0.000,82058171
11.04,Utility Enemy 8,Utility,PatrolAction,None,1.00,69.6,0,0.89,0,0.120,0.000,82058171
11.04,Utility Enemy 4,Utility,PatrolAction,None,1.00,38.8,0,0.89,0,0.120,0.000,82058171
11.04,Utility Enemy 2,Utility,PatrolAction,None,1.00,110.4,0,0.89,0,0.120,0.000,82058171
12.05,Player,Player,-,None,0.84,,0,0.84,,,,82058171
12.05,FSM Enemy 14,FSM,PatrolState,None,1.00,100.5,0,0.84,0,,,82058171
12.05,FSM Enemy 13,FSM,ChaseState,None,1.00,20.0,1,0.84,0,,,82058171
12.05,FSM Enemy 4,FSM,PatrolState,None,1.00,80.0,0,0.84,0,,,82058171
12.05,FSM Enemy 3,FSM,PatrolState,None,1.00,87.6,0,0.84,0,,,82058171
12.05,FSM Enemy 1,FSM,PatrolState,None,1.00,83.9,0,0.84,0,,,82058171
12.05,FSM Enemy 2,FSM,PatrolState,None,1.00,114.4,0,0.84,0,,,82058171
12.05,FSM Enemy 10,FSM,PatrolState,None,1.00,83.4,0,0.84,0,,,82058171
12.05,FSM Enemy 15,FSM,PatrolState,None,1.00,29.5,0,0.84,0,,,82058171
12.05,FSM Enemy 11,FSM,Dead,None,0.00,18.6,0,0.84,8,,,82058171
12.05,FSM Enemy 5,FSM,PatrolState,None,1.00,63.1,0,0.84,0,,,82058171
12.05,FSM Enemy 9,FSM,PatrolState,None,1.00,59.4,0,0.84,0,,,82058171
12.05,FSM Enemy 12,FSM,PatrolState,None,1.00,75.4,0,0.84,0,,,82058171
12.05,FSM Enemy 7,FSM,AttackState,None,1.00,2.6,1,0.84,8,,,82058171
12.05,FSM Enemy 6,FSM,PatrolState,None,1.00,52.7,0,0.84,0,,,82058171
12.05,FSM Enemy 8,FSM,PatrolState,None,1.00,59.8,0,0.84,0,,,82058171
12.05,Utility Enemy 9,Utility,PatrolAction,None,1.00,85.5,0,0.84,0,0.120,0.000,82058171
12.05,Utility Enemy 11,Utility,PatrolAction,None,1.00,30.7,0,0.84,0,0.120,0.000,82058171
12.05,Utility Enemy 3,Utility,PatrolAction,None,1.00,91.1,0,0.84,0,0.120,0.000,82058171
12.05,Utility Enemy 7,Utility,PatrolAction,None,1.00,58.1,0,0.84,0,0.120,0.000,82058171
12.05,Utility Enemy 1,Utility,PatrolAction,None,1.00,90.4,0,0.84,0,0.120,0.000,82058171
12.05,Utility Enemy 5,Utility,PatrolAction,None,1.00,90.1,0,0.84,0,0.120,0.000,82058171
12.05,Utility Enemy 10,Utility,PatrolAction,None,1.00,43.0,0,0.84,0,0.120,0.000,82058171
12.05,Utility Enemy 15,Utility,PatrolAction,None,1.00,60.9,0,0.84,0,0.120,0.000,82058171
12.05,Utility Enemy 6,Utility,Dead,None,0.00,7.6,0,0.84,8,0.644,0.558,82058171
12.05,Utility Enemy 14,Utility,PatrolAction,None,1.00,45.4,0,0.84,0,0.120,0.000,82058171
12.05,Utility Enemy 12,Utility,PatrolAction,None,1.00,65.5,0,0.84,0,0.120,0.000,82058171
12.05,Utility Enemy 13,Utility,PatrolAction,None,1.00,51.7,0,0.84,0,0.120,0.000,82058171
12.05,Utility Enemy 8,Utility,PatrolAction,None,1.00,70.5,0,0.84,0,0.120,0.000,82058171
12.05,Utility Enemy 4,Utility,PatrolAction,None,1.00,41.3,0,0.84,0,0.120,0.000,82058171
12.05,Utility Enemy 2,Utility,PatrolAction,None,1.00,113.5,0,0.84,0,0.120,0.000,82058171
13.05,Player,Player,-,None,0.79,,0,0.79,,,,82058171
13.05,FSM Enemy 14,FSM,PatrolState,None,1.00,99.6,0,0.79,0,,,82058171
13.05,FSM Enemy 13,FSM,AttackState,None,1.00,17.4,1,0.79,0,,,82058171
13.05,FSM Enemy 4,FSM,PatrolState,None,1.00,82.2,0,0.79,0,,,82058171
13.05,FSM Enemy 3,FSM,PatrolState,None,1.00,91.2,0,0.79,0,,,82058171
13.05,FSM Enemy 1,FSM,PatrolState,None,1.00,87.0,0,0.79,0,,,82058171
13.05,FSM Enemy 2,FSM,PatrolState,None,1.00,115.7,0,0.79,0,,,82058171
13.05,FSM Enemy 10,FSM,PatrolState,None,1.00,81.6,0,0.79,0,,,82058171
13.05,FSM Enemy 15,FSM,PatrolState,None,1.00,29.1,0,0.79,0,,,82058171
13.05,FSM Enemy 11,FSM,Dead,None,0.00,20.4,0,0.79,8,,,82058171
13.05,FSM Enemy 5,FSM,PatrolState,None,1.00,62.5,0,0.79,0,,,82058171
13.05,FSM Enemy 9,FSM,PatrolState,None,1.00,60.1,0,0.79,0,,,82058171
13.05,FSM Enemy 12,FSM,PatrolState,None,1.00,72.3,0,0.79,0,,,82058171
13.05,FSM Enemy 7,FSM,AttackState,None,0.75,3.9,1,0.79,16,,,82058171
13.05,FSM Enemy 6,FSM,PatrolState,None,1.00,52.7,0,0.79,0,,,82058171
13.05,FSM Enemy 8,FSM,PatrolState,None,1.00,61.5,0,0.79,0,,,82058171
13.05,Utility Enemy 9,Utility,PatrolAction,None,1.00,82.3,0,0.79,0,0.120,0.000,82058171
13.05,Utility Enemy 11,Utility,PatrolAction,None,1.00,28.3,0,0.79,0,0.120,0.000,82058171
13.05,Utility Enemy 3,Utility,PatrolAction,None,1.00,91.5,0,0.79,0,0.120,0.000,82058171
13.05,Utility Enemy 7,Utility,PatrolAction,None,1.00,54.9,0,0.79,0,0.120,0.000,82058171
13.05,Utility Enemy 1,Utility,PatrolAction,None,1.00,90.6,0,0.79,0,0.120,0.000,82058171
13.05,Utility Enemy 5,Utility,PatrolAction,None,1.00,88.8,0,0.79,0,0.120,0.000,82058171
13.05,Utility Enemy 10,Utility,PatrolAction,None,1.00,42.3,0,0.79,0,0.120,0.000,82058171
13.05,Utility Enemy 15,Utility,PatrolAction,None,1.00,59.7,0,0.79,0,0.120,0.000,82058171
13.05,Utility Enemy 6,Utility,Dead,None,0.00,9.0,0,0.79,8,0.644,0.558,82058171
13.05,Utility Enemy 14,Utility,PatrolAction,None,1.00,42.7,0,0.79,0,0.120,0.000,82058171
13.05,Utility Enemy 12,Utility,PatrolAction,None,1.00,62.8,0,0.79,0,0.120,0.000,82058171
13.05,Utility Enemy 13,Utility,PatrolAction,None,1.00,51.5,0,0.79,0,0.120,0.000,82058171
13.05,Utility Enemy 8,Utility,PatrolAction,None,1.00,70.1,0,0.79,0,0.120,0.000,82058171
13.05,Utility Enemy 4,Utility,PatrolAction,None,1.00,43.9,0,0.79,0,0.120,0.000,82058171
13.05,Utility Enemy 2,Utility,PatrolAction,None,1.00,117.8,0,0.79,0,0.120,0.000,82058171
14.05,Player,Player,-,None,0.79,,0,0.79,,,,82058171
14.05,FSM Enemy 14,FSM,PatrolState,None,1.00,99.5,0,0.79,0,,,82058171
14.05,FSM Enemy 13,FSM,AttackState,None,1.00,16.1,1,0.79,0,,,82058171
14.05,FSM Enemy 4,FSM,PatrolState,None,1.00,85.5,0,0.79,0,,,82058171
14.05,FSM Enemy 3,FSM,PatrolState,None,1.00,93.6,0,0.79,0,,,82058171
14.05,FSM Enemy 1,FSM,PatrolState,None,1.00,88.3,0,0.79,0,,,82058171
14.05,FSM Enemy 2,FSM,PatrolState,None,1.00,116.9,0,0.79,0,,,82058171
14.05,FSM Enemy 10,FSM,PatrolState,None,1.00,83.3,0,0.79,0,,,82058171
14.05,FSM Enemy 15,FSM,PatrolState,None,1.00,27.6,0,0.79,0,,,82058171
14.05,FSM Enemy 11,FSM,Dead,None,0.00,19.4,0,0.79,8,,,82058171
14.05,FSM Enemy 5,FSM,PatrolState,None,1.00,59.9,0,0.79,0,,,82058171
14.05,FSM Enemy 9,FSM,PatrolState,None,1.00,61.5,0,0.79,0,,,82058171
14.05,FSM Enemy 12,FSM,PatrolState,None,1.00,71.4,0,0.79,0,,,82058171
14.05,FSM Enemy 7,FSM,Dead,None,0.00,4.2,1,0.79,16,,,82058171
14.05,FSM Enemy 6,FSM,PatrolState,None,1.00,55.0,0,0.79,0,,,82058171
14.05,FSM Enemy 8,FSM,PatrolState,None,1.00,62.5,0,0.79,0,,,82058171
14.05,Utility Enemy 9,Utility,PatrolAction,None,1.00,79.4,0,0.79,0,0.120,0.000,82058171
14.05,Utility Enemy 11,Utility,PatrolAction,None,1.00,24.9,0,0.79,0,0.120,0.000,82058171
14.05,Utility Enemy 3,Utility,PatrolAction,None,1.00,89.4,0,0.79,0,0.120,0.000,82058171
14.05,Utility Enemy 7,Utility,PatrolAction,None,1.00,58.9,0,0.79,0,0.120,0.000,82058171
14.05,Utility Enemy 1,Utility,PatrolAction,None,1.00,90.5,0,0.79,0,0.120,0.000,82058171
14.05,Utility Enemy 5,Utility,PatrolAction,None,1.00,86.2,0,0.79,0,0.120,0.000,82058171
14.05,Utility Enemy 10,Utility,PatrolAction,None,1.00,45.8,0,0.79,0,0.120,0.000,82058171
14.05,Utility Enemy 15,Utility,PatrolAction,None,1.00,62.9,0,0.79,0,0.120,0.000,82058171
14.05,Utility Enemy 6,Utility,Dead,None,0.00,7.6,0,0.79,8,0.644,0.558,82058171
14.05,Utility Enemy 14,Utility,PatrolAction,None,1.00,43.6,0,0.79,0,0.120,0.000,82058171
14.05,Utility Enemy 12,Utility,PatrolAction,None,1.00,65.5,0,0.79,0,0.120,0.000,82058171
14.05,Utility Enemy 13,Utility,PatrolAction,None,1.00,48.2,0,0.79,0,0.120,0.000,82058171
14.05,Utility Enemy 8,Utility,PatrolAction,None,1.00,70.7,0,0.79,0,0.120,0.000,82058171
14.05,Utility Enemy 4,Utility,PatrolAction,None,1.00,47.7,0,0.79,0,0.120,0.000,82058171
14.05,Utility Enemy 2,Utility,PatrolAction,None,1.00,121.9,0,0.79,0,0.120,0.000,82058171
15.05,Player,Player,-,None,0.79,,0,0.79,,,,82058171
15.05,FSM Enemy 14,FSM,PatrolState,None,1.00,101.9,0,0.79,0,,,82058171
15.05,FSM Enemy 13,FSM,AttackState,None,1.00,10.9,1,0.79,0,,,82058171
15.05,FSM Enemy 4,FSM,PatrolState,None,1.00,86.1,0,0.79,0,,,82058171
15.05,FSM Enemy 3,FSM,PatrolState,None,1.00,93.7,0,0.79,0,,,82058171
15.05,FSM Enemy 1,FSM,PatrolState,None,1.00,85.6,0,0.79,0,,,82058171
15.05,FSM Enemy 2,FSM,PatrolState,None,1.00,117.5,0,0.79,0,,,82058171
15.05,FSM Enemy 10,FSM,PatrolState,None,1.00,85.9,0,0.79,0,,,82058171
15.05,FSM Enemy 15,FSM,PatrolState,None,1.00,23.2,0,0.79,0,,,82058171
15.05,FSM Enemy 11,FSM,Dead,None,0.00,14.0,0,0.79,8,,,82058171
15.05,FSM Enemy 5,FSM,PatrolState,None,1.00,57.2,0,0.79,0,,,82058171
15.05,FSM Enemy 9,FSM,PatrolState,None,1.00,62.5,0,0.79,0,,,82058171
15.05,FSM Enemy 12,FSM,PatrolState,None,1.00,73.0,0,0.79,0,,,82058171
15.05,FSM Enemy 7,FSM,Dead,None,0.00,6.5,0,0.79,16,,,82058171
15.05,FSM Enemy 6,FSM,PatrolState,None,1.00,60.4,0,0.79,0,,,82058171
15.05,FSM Enemy 8,FSM,PatrolState,None,1.00,61.5,0,0.79,0,,,82058171
15.05,Utility Enemy 9,Utility,PatrolAction,None,1.00,77.9,0,0.79,0,0.120,0.000,82058171
15.05,Utility Enemy 11,Utility,PatrolAction,None,1.00,20.1,0,0.79,0,0.120,0.000,82058171
15.05,Utility Enemy 3,Utility,PatrolAction,None,1.00,87.7,0,0.79,0,0.120,0.000,82058171
15.05,Utility Enemy 7,Utility,PatrolAction,None,1.00,66.0,0,0.79,0,0.120,0.000,82058171
15.05,Utility Enemy 1,Utility,PatrolAction,None,1.00,89.8,0,0.79,0,0.120,0.000,82058171
15.05,Utility Enemy 5,Utility,PatrolAction,None,1.00,85.5,0,0.79,0,0.120,0.000,82058171
15.05,Utility Enemy 10,Utility,PatrolAction,None,1.00,46.6,0,0.79,0,0.120,0.000,82058171
15.05,Utility Enemy 15,Utility,PatrolAction,None,1.00,63.4,0,0.79,0,0.120,0.000,82058171
15.05,Utility Enemy 6,Utility,Dead,None,0.00,1.6,0,0.79,8,0.644,0.558,82058171
15.05,Utility Enemy 14,Utility,PatrolAction,None,1.00,50.0,0,0.79,0,0.120,0.000,82058171
15.05,Utility Enemy 12,Utility,PatrolAction,None,1.00,73.9,0,0.79,0,0.120,0.000,82058171
15.05,Utility Enemy 13,Utility,PatrolAction,None,1.00,39.7,0,0.79,0,0.120,0.000,82058171
15.05,Utility Enemy 8,Utility,PatrolAction,None,1.00,68.8,0,0.79,0,0.120,0.000,82058171
15.05,Utility Enemy 4,Utility,PatrolAction,None,1.00,47.2,0,0.79,0,0.120,0.000,82058171
15.05,Utility Enemy 2,Utility,PatrolAction,None,1.00,123.8,0,0.79,0,0.120,0.000,82058171
16.05,Player,Player,-,None,0.79,,0,0.79,,,,82058171
16.05,FSM Enemy 14,FSM,PatrolState,None,1.00,103.5,0,0.79,0,,,82058171
16.05,FSM Enemy 13,FSM,Dead,None,0.00,8.3,1,0.79,0,,,82058171
16.05,FSM Enemy 4,FSM,PatrolState,None,1.00,84.1,0,0.79,0,,,82058171
16.05,FSM Enemy 3,FSM,PatrolState,None,1.00,93.9,0,0.79,0,,,82058171
16.05,FSM Enemy 1,FSM,PatrolState,None,1.00,84.3,0,0.79,0,,,82058171
16.05,FSM Enemy 2,FSM,PatrolState,None,1.00,117.4,0,0.79,0,,,82058171
16.05,FSM Enemy 10,FSM,PatrolState,None,1.00,87.6,0,0.79,0,,,82058171
16.05,FSM Enemy 15,FSM,PatrolState,None,1.00,19.5,0,0.79,0,,,82058171
16.05,FSM Enemy 11,FSM,Dead,None,0.00,11.2,0,0.79,8,,,82058171
16.05,FSM Enemy 5,FSM,PatrolState,None,1.00,57.0,0,0.79,0,,,82058171
16.05,FSM Enemy 9,FSM,PatrolState,None,1.00,62.2,0,0.79,0,,,82058171
16.05,FSM Enemy 12,FSM,PatrolState,None,1.00,72.1,0,0.79,0,,,82058171
16.05,FSM Enemy 7,FSM,Dead,None,0.00,8.3,0,0.79,16,,,82058171
16.05,FSM Enemy 6,FSM,PatrolState,None,1.00,62.5,0,0.79,0,,,82058171
16.05,FSM Enemy 8,FSM,PatrolState,None,1.00,61.1,0,0.79,0,,,82058171
16.05,Utility Enemy 9,Utility,PatrolAction,None,1.00,79.2,0,0.79,0,0.120,0.000,82058171
16.05,Utility Enemy 11,Utility,SpreadFireAction,None,1.00,18.3,1,0.79,0,0.141,0.125,82058171
16.05,Utility Enemy 3,Utility,PatrolAction,None,1.00,85.8,0,0.79,0,0.120,0.000,82058171
16.05,Utility Enemy 7,Utility,PatrolAction,None,1.00,66.1,0,0.79,0,0.120,0.000,82058171
16.05,Utility Enemy 1,Utility,PatrolAction,None,1.00,90.6,0,0.79,0,0.120,0.000,82058171
16.05,Utility Enemy 5,Utility,PatrolAction,None,1.00,86.7,0,0.79,0,0.120,0.000,82058171
16.05,Utility Enemy 10,Utility,PatrolAction,None,1.00,47.3,0,0.79,0,0.120,0.000,82058171
16.05,Utility Enemy 15,Utility,PatrolAction,None,1.00,65.2,0,0.79,0,0.120,0.000,82058171
16.05,Utility Enemy 6,Utility,Dead,None,0.00,1.7,1,0.79,8,0.644,0.558,82058171
16.05,Utility Enemy 14,Utility,PatrolAction,None,1.00,50.8,0,0.79,0,0.120,0.000,82058171
16.05,Utility Enemy 12,Utility,PatrolAction,None,1.00,77.7,0,0.79,0,0.120,0.000,82058171
16.05,Utility Enemy 13,Utility,PatrolAction,None,1.00,36.1,0,0.79,0,0.120,0.000,82058171
16.05,Utility Enemy 8,Utility,PatrolAction,None,1.00,64.1,0,0.79,0,0.120,0.000,82058171
16.05,Utility Enemy 4,Utility,PatrolAction,None,1.00,46.4,0,0.79,0,0.120,0.000,82058171
16.05,Utility Enemy 2,Utility,PatrolAction,None,1.00,119.2,0,0.79,0,0.120,0.000,82058171
17.06,Player,Player,-,None,0.73,,0,0.73,,,,82058171
17.06,FSM Enemy 14,FSM,PatrolState,None,1.00,104.1,0,0.73,0,,,82058171
17.06,FSM Enemy 13,FSM,Dead,None,0.00,5.1,1,0.73,0,,,82058171
17.06,FSM Enemy 4,FSM,PatrolState,None,1.00,81.2,0,0.73,0,,,82058171
17.06,FSM Enemy 3,FSM,PatrolState,None,1.00,90.3,0,0.73,0,,,82058171
17.06,FSM Enemy 1,FSM,PatrolState,None,1.00,82.2,0,0.73,0,,,82058171
17.06,FSM Enemy 2,FSM,PatrolState,None,1.00,114.6,0,0.73,0,,,82058171
17.06,FSM Enemy 10,FSM,PatrolState,None,1.00,88.2,0,0.73,0,,,82058171
17.06,FSM Enemy 15,FSM,AttackState,None,1.00,15.7,1,0.73,8,,,82058171
17.06,FSM Enemy 11,FSM,Dead,None,0.00,8.0,1,0.73,8,,,82058171
17.06,FSM Enemy 5,FSM,PatrolState,None,1.00,56.1,0,0.73,0,,,82058171
17.06,FSM Enemy 9,FSM,PatrolState,None,1.00,60.8,0,0.73,0,,,82058171
17.06,FSM Enemy 12,FSM,PatrolState,None,1.00,70.5,0,0.73,0,,,82058171
17.06,FSM Enemy 7,FSM,Dead,None,0.00,10.5,0,0.73,16,,,82058171
17.06,FSM Enemy 6,FSM,PatrolState,None,1.00,61.8,0,0.73,0,,,82058171
17.06,FSM Enemy 8,FSM,PatrolState,None,1.00,60.0,0,0.73,0,,,82058171
17.06,Utility Enemy 9,Utility,PatrolAction,None,1.00,77.3,0,0.73,0,0.120,0.000,82058171
17.06,Utility Enemy 11,Utility,SpreadFireAction,None,1.00,16.9,1,0.73,0,0.156,0.125,82058171
17.06,Utility Enemy 3,Utility,PatrolAction,None,1.00,86.6,0,0.73,0,0.120,0.000,82058171
17.06,Utility Enemy 7,Utility,PatrolAction,None,1.00,66.7,0,0.73,0,0.120,0.000,82058171
17.06,Utility Enemy 1,Utility,PatrolAction,None,1.00,90.9,0,0.73,0,0.120,0.000,82058171
17.06,Utility Enemy 5,Utility,PatrolAction,None,1.00,88.0,0,0.73,0,0.120,0.000,82058171
17.06,Utility Enemy 10,Utility,PatrolAction,None,1.00,52.9,0,0.73,0,0.120,0.000,82058171
17.06,Utility Enemy 15,Utility,PatrolAction,None,1.00,65.5,0,0.73,0,0.120,0.000,82058171
17.06,Utility Enemy 6,Utility,Dead,None,0.00,5.1,1,0.73,8,0.644,0.558,82058171
17.06,Utility Enemy 14,Utility,PatrolAction,None,1.00,46.1,0,0.73,0,0.120,0.000,82058171
17.06,Utility Enemy 12,Utility,PatrolAction,None,1.00,78.6,0,0.73,0,0.120,0.000,82058171
17.06,Utility Enemy 13,Utility,PatrolAction,None,1.00,35.3,0,0.73,0,0.120,0.000,82058171
17.06,Utility Enemy 8,Utility,PatrolAction,None,1.00,63.2,0,0.73,0,0.120,0.000,82058171
17.06,Utility Enemy 4,Utility,PatrolAction,None,1.00,44.2,0,0.73,0,0.120,0.000,82058171
17.06,Utility Enemy 2,Utility,PatrolAction,None,1.00,113.3,0,0.73,0,0.120,0.000,82058171
18.06,Player,Player,-,None,0.63,,0,0.63,,,,82058171
18.06,FSM Enemy 14,FSM,PatrolState,None,1.00,103.1,0,0.63,0,,,82058171
18.06,FSM Enemy 13,FSM,Dead,None,0.00,0.5,1,0.63,0,,,82058171
18.06,FSM Enemy 4,FSM,PatrolState,None,1.00,77.2,0,0.63,0,,,82058171
18.06,FSM Enemy 3,FSM,PatrolState,None,1.00,83.5,0,0.63,0,,,82058171
18.06,FSM Enemy 1,FSM,PatrolState,None,1.00,78.3,0,0.63,0,,,82058171
18.06,FSM Enemy 2,FSM,PatrolState,None,1.00,109.3,0,0.63,0,,,82058171
18.06,FSM Enemy 10,FSM,PatrolState,None,1.00,85.5,0,0.63,0,,,82058171
18.06,FSM Enemy 15,FSM,TakeCoverState,None,0.25,11.1,1,0.63,24,,,82058171
18.06,FSM Enemy 11,FSM,Dead,None,0.00,4.1,1,0.63,8,,,82058171
18.06,FSM Enemy 5,FSM,PatrolState,None,1.00,51.8,0,0.63,0,,,82058171
18.06,FSM Enemy 9,FSM,PatrolState,None,1.00,56.2,0,0.63,0,,,82058171
18.06,FSM Enemy 12,FSM,PatrolState,None,1.00,69.1,0,0.63,0,,,82058171
18.06,FSM Enemy 7,FSM,Dead,None,0.00,13.5,0,0.63,16,,,82058171
18.06,FSM Enemy 6,FSM,PatrolState,None,1.00,61.8,0,0.63,0,,,82058171
18.06,FSM Enemy 8,FSM,PatrolState,None,1.00,57.3,0,0.63,0,,,82058171
18.06,Utility Enemy 9,Utility,PatrolAction,None,1.00,71.2,0,0.63,0,0.120,0.000,82058171
18.06,Utility Enemy 11,Utility,AttackAction,None,1.00,14.7,1,0.63,0,0.181,0.177,82058171
18.06,Utility Enemy 3,Utility,PatrolAction,None,1.00,82.7,0,0.63,0,0.120,0.000,82058171
18.06,Utility Enemy 7,Utility,PatrolAction,None,1.00,68.7,0,0.63,0,0.120,0.000,82058171
18.06,Utility Enemy 1,Utility,PatrolAction,None,1.00,87.2,0,0.63,0,0.120,0.000,82058171
18.06,Utility Enemy 5,Utility,PatrolAction,None,1.00,81.0,0,0.63,0,0.120,0.000,82058171
18.06,Utility Enemy 10,Utility,PatrolAction,None,1.00,57.8,0,0.63,0,0.120,0.000,82058171
18.06,Utility Enemy 15,Utility,PatrolAction,None,1.00,64.8,0,0.63,0,0.120,0.000,82058171
18.06,Utility Enemy 6,Utility,Dead,None,0.00,9.8,1,0.63,8,0.644,0.558,82058171
18.06,Utility Enemy 14,Utility,PatrolAction,None,1.00,40.7,0,0.63,0,0.120,0.000,82058171
18.06,Utility Enemy 12,Utility,PatrolAction,None,1.00,79.1,0,0.63,0,0.120,0.000,82058171
18.06,Utility Enemy 13,Utility,PatrolAction,None,1.00,32.3,0,0.63,0,0.120,0.000,82058171
18.06,Utility Enemy 8,Utility,PatrolAction,None,1.00,62.8,0,0.63,0,0.120,0.000,82058171
18.06,Utility Enemy 4,Utility,PatrolAction,None,1.00,40.8,0,0.63,0,0.120,0.000,82058171
18.06,Utility Enemy 2,Utility,PatrolAction,None,1.00,107.3,0,0.63,0,0.120,0.000,82058171
19.06,Player,Player,-,None,0.63,,0,0.63,,,,82058171
19.06,FSM Enemy 14,FSM,PatrolState,None,1.00,101.5,0,0.63,0,,,82058171
19.06,FSM Enemy 13,FSM,Dead,None,0.00,2.8,0,0.63,0,,,82058171
19.06,FSM Enemy 4,FSM,PatrolState,None,1.00,77.2,0,0.63,0,,,82058171
19.06,FSM Enemy 3,FSM,PatrolState,None,1.00,81.0,0,0.63,0,,,82058171
19.06,FSM Enemy 1,FSM,PatrolState,None,1.00,80.2,0,0.63,0,,,82058171
19.06,FSM Enemy 2,FSM,PatrolState,None,1.00,106.3,0,0.63,0,,,82058171
19.06,FSM Enemy 10,FSM,PatrolState,None,1.00,82.8,0,0.63,0,,,82058171
19.06,FSM Enemy 15,FSM,Dead,None,0.00,11.1,1,0.63,24,,,82058171
19.06,FSM Enemy 11,FSM,Dead,None,0.00,6.3,1,0.63,8,,,82058171
19.06,FSM Enemy 5,FSM,PatrolState,None,1.00,51.6,0,0.63,0,,,82058171
19.06,FSM Enemy 9,FSM,PatrolState,None,1.00,53.6,0,0.63,0,,,82058171
19.06,FSM Enemy 12,FSM,PatrolState,None,1.00,68.0,0,0.63,0,,,82058171
19.06,FSM Enemy 7,FSM,Dead,None,0.00,11.6,0,0.63,16,,,82058171
19.06,FSM Enemy 6,FSM,PatrolState,None,1.00,59.4,0,0.63,0,,,82058171
19.06,FSM Enemy 8,FSM,PatrolState,None,1.00,57.9,0,0.63,0,,,82058171
19.06,Utility Enemy 9,Utility,PatrolAction,None,1.00,65.1,0,0.63,0,0.120,0.000,82058171
19.06,Utility Enemy 11,Utility,AttackAction,None,1.00,12.9,1,0.63,0,0.283,0.155,82058171
19.06,Utility Enemy 3,Utility,PatrolAction,None,1.00,82.1,0,0.63,0,0.120,0.000,82058171
19.06,Utility Enemy 7,Utility,PatrolAction,None,1.00,67.5,0,0.63,0,0.120,0.000,82058171
19.06,Utility Enemy 1,Utility,PatrolAction,None,1.00,84.6,0,0.63,0,0.120,0.000,82058171
19.06,Utility Enemy 5,Utility,PatrolAction,None,1.00,76.9,0,0.63,0,0.120,0.000,82058171
19.06,Utility Enemy 10,Utility,PatrolAction,None,1.00,58.3,0,0.63,0,0.120,0.000,82058171
19.06,Utility Enemy 15,Utility,PatrolAction,None,1.00,70.1,0,0.63,0,0.120,0.000,82058171
19.06,Utility Enemy 6,Utility,Dead,None,0.00,9.1,1,0.63,8,0.644,0.558,82058171
19.06,Utility Enemy 14,Utility,PatrolAction,None,1.00,40.3,0,0.63,0,0.120,0.000,82058171
19.06,Utility Enemy 12,Utility,PatrolAction,None,1.00,78.8,0,0.63,0,0.120,0.000,82058171
19.06,Utility Enemy 13,Utility,PatrolAction,None,1.00,32.1,0,0.63,0,0.120,0.000,82058171
19.06,Utility Enemy 8,Utility,PatrolAction,None,1.00,66.3,0,0.63,0,0.120,0.000,82058171
19.06,Utility Enemy 4,Utility,PatrolAction,None,1.00,42.7,0,0.63,0,0.120,0.000,82058171
19.06,Utility Enemy 2,Utility,PatrolAction,None,1.00,108.7,0,0.63,0,0.120,0.000,82058171
20.07,Player,Player,-,None,0.63,,0,0.63,,,,82058171
20.07,FSM Enemy 14,FSM,PatrolState,None,1.00,100.0,0,0.63,0,,,82058171
20.07,FSM Enemy 13,FSM,Dead,None,0.00,4.8,1,0.63,0,,,82058171
20.07,FSM Enemy 4,FSM,PatrolState,None,1.00,78.7,0,0.63,0,,,82058171
20.07,FSM Enemy 3,FSM,PatrolState,None,1.00,79.8,0,0.63,0,,,82058171
20.07,FSM Enemy 1,FSM,PatrolState,None,1.00,83.5,0,0.63,0,,,82058171
20.07,FSM Enemy 2,FSM,PatrolState,None,1.00,104.8,0,0.63,0,,,82058171
20.07,FSM Enemy 10,FSM,PatrolState,None,1.00,81.4,0,0.63,0,,,82058171
20.07,FSM Enemy 15,FSM,Dead,None,0.00,12.6,1,0.63,24,,,82058171
20.07,FSM Enemy 11,FSM,Dead,None,0.00,8.4,1,0.63,8,,,82058171
20.07,FSM Enemy 5,FSM,PatrolState,None,1.00,54.9,0,0.63,0,,,82058171
20.07,FSM Enemy 9,FSM,PatrolState,None,1.00,52.2,0,0.63,0,,,82058171
20.07,FSM Enemy 12,FSM,PatrolState,None,1.00,67.2,0,0.63,0,,,82058171
20.07,FSM Enemy 7,FSM,Dead,None,0.00,9.3,0,0.63,16,,,82058171
20.07,FSM Enemy 6,FSM,PatrolState,None,1.00,58.0,0,0.63,0,,,82058171
20.07,FSM Enemy 8,FSM,PatrolState,None,1.00,56.3,0,0.63,0,,,82058171
20.07,Utility Enemy 9,Utility,PatrolAction,None,1.00,60.2,0,0.63,0,0.120,0.000,82058171
20.07,Utility Enemy 11,Utility,Dead,None,0.00,12.6,1,0.63,0,0.298,0.247,82058171
20.07,Utility Enemy 3,Utility,PatrolAction,None,1.00,79.0,0,0.63,0,0.120,0.000,82058171
20.07,Utility Enemy 7,Utility,PatrolAction,None,1.00,67.1,0,0.63,0,0.120,0.000,82058171
20.07,Utility Enemy 1,Utility,PatrolAction,None,1.00,83.7,0,0.63,0,0.120,0.000,82058171
20.07,Utility Enemy 5,Utility,PatrolAction,None,1.00,77.4,0,0.63,0,0.120,0.000,82058171
20.07,Utility Enemy 10,Utility,PatrolAction,None,1.00,59.7,0,0.63,0,0.120,0.000,82058171
20.07,Utility Enemy 15,Utility,PatrolAction,None,1.00,74.6,0,0.63,0,0.120,0.000,82058171
20.07,Utility Enemy 6,Utility,Dead,None,0.00,7.7,1,0.63,8,0.644,0.558,82058171
20.07,Utility Enemy 14,Utility,PatrolAction,None,1.00,40.7,0,0.63,0,0.120,0.000,82058171
20.07,Utility Enemy 12,Utility,PatrolAction,None,1.00,79.4,0,0.63,0,0.120,0.000,82058171
20.07,Utility Enemy 13,Utility,PatrolAction,None,1.00,29.2,0,0.63,0,0.120,0.000,82058171
20.07,Utility Enemy 8,Utility,PatrolAction,None,1.00,69.5,0,0.63,0,0.120,0.000,82058171
20.07,Utility Enemy 4,Utility,PatrolAction,None,1.00,41.5,0,0.63,0,0.120,0.000,82058171
20.07,Utility Enemy 2,Utility,PatrolAction,None,1.00,107.1,0,0.63,0,0.120,0.000,82058171
21.07,Player,Player,-,None,0.63,,0,0.63,,,,82058171
21.07,FSM Enemy 14,FSM,PatrolState,None,1.00,98.9,0,0.63,0,,,82058171
21.07,FSM Enemy 13,FSM,Dead,None,0.00,6.0,1,0.63,0,,,82058171
21.07,FSM Enemy 4,FSM,PatrolState,None,1.00,79.6,0,0.63,0,,,82058171
21.07,FSM Enemy 3,FSM,PatrolState,None,1.00,80.0,0,0.63,0,,,82058171
21.07,FSM Enemy 1,FSM,PatrolState,None,1.00,86.0,0,0.63,0,,,82058171
21.07,FSM Enemy 2,FSM,PatrolState,None,1.00,103.6,0,0.63,0,,,82058171
21.07,FSM Enemy 10,FSM,PatrolState,None,1.00,80.2,0,0.63,0,,,82058171
21.07,FSM Enemy 15,FSM,Dead,None,0.00,13.8,0,0.63,24,,,82058171
21.07,FSM Enemy 11,FSM,Dead,None,0.00,9.6,1,0.63,8,,,82058171
21.07,FSM Enemy 5,FSM,PatrolState,None,1.00,57.4,0,0.63,0,,,82058171
21.07,FSM Enemy 9,FSM,PatrolState,None,1.00,51.2,0,0.63,0,,,82058171
21.07,FSM Enemy 12,FSM,PatrolState,None,1.00,67.4,0,0.63,0,,,82058171
21.07,FSM Enemy 7,FSM,Dead,None,0.00,8.0,0,0.63,16,,,82058171
21.07,FSM Enemy 6,FSM,PatrolState,None,1.00,57.7,0,0.63,0,,,82058171
21.07,FSM Enemy 8,FSM,PatrolState,None,1.00,54.7,0,0.63,0,,,82058171
21.07,Utility Enemy 9,Utility,PatrolAction,None,1.00,56.3,0,0.63,0,0.120,0.000,82058171
21.07,Utility Enemy 11,Utility,Dead,None,0.00,13.0,1,0.63,0,0.298,0.247,82058171
21.07,Utility Enemy 3,Utility,PatrolAction,None,1.00,75.7,0,0.63,0,0.120,0.000,82058171
21.07,Utility Enemy 7,Utility,PatrolAction,None,1.00,64.0,0,0.63,0,0.120,0.000,82058171
21.07,Utility Enemy 1,Utility,PatrolAction,None,1.00,84.0,0,0.63,0,0.120,0.000,82058171
21.07,Utility Enemy 5,Utility,PatrolAction,None,1.00,82.4,0,0.63,0,0.120,0.000,82058171
21.07,Utility Enemy 10,Utility,PatrolAction,None,1.00,60.9,0,0.63,0,0.120,0.000,82058171
21.07,Utility Enemy 15,Utility,PatrolAction,None,1.00,76.9,0,0.63,0,0.120,0.000,82058171
21.07,Utility Enemy 6,Utility,Dead,None,0.00,6.7,1,0.63,8,0.644,0.558,82058171
21.07,Utility Enemy 14,Utility,PatrolAction,None,1.00,41.4,0,0.63,0,0.120,0.000,82058171
21.07,Utility Enemy 12,Utility,PatrolAction,None,1.00,77.4,0,0.63,0,0.120,0.000,82058171
21.07,Utility Enemy 13,Utility,PatrolAction,None,1.00,28.6,0,0.63,0,0.120,0.000,82058171
21.07,Utility Enemy 8,Utility,PatrolAction,None,1.00,67.4,0,0.63,0,0.120,0.000,82058171
21.07,Utility Enemy 4,Utility,PatrolAction,None,1.00,40.3,0,0.63,0,0.120,0.000,82058171
21.07,Utility Enemy 2,Utility,PatrolAction,None,1.00,107.6,0,0.63,0,0.120,0.000,82058171
22.07,Player,Player,-,None,0.63,,0,0.63,,,,82058171
22.07,FSM Enemy 14,FSM,PatrolState,None,1.00,101.9,0,0.63,0,,,82058171
22.07,FSM Enemy 13,FSM,Dead,None,0.00,3.8,1,0.63,0,,,82058171
22.07,FSM Enemy 4,FSM,PatrolState,None,1.00,84.3,0,0.63,0,,,82058171
22.07,FSM Enemy 3,FSM,PatrolState,None,1.00,81.8,0,0.63,0,,,82058171
22.07,FSM Enemy 1,FSM,PatrolState,None,1.00,85.8,0,0.63,0,,,82058171
22.07,FSM Enemy 2,FSM,PatrolState,None,1.00,105.3,0,0.63,0,,,82058171
22.07,FSM Enemy 10,FSM,PatrolState,None,1.00,82.4,0,0.63,0,,,82058171
22.07,FSM Enemy 15,FSM,Dead,None,0.00,14.8,1,0.63,24,,,82058171
22.07,FSM Enemy 11,FSM,Dead,None,0.00,6.0,0,0.63,8,,,82058171
22.07,FSM Enemy 5,FSM,PatrolState,None,1.00,56.9,0,0.63,0,,,82058171
22.07,FSM Enemy 9,FSM,PatrolState,None,1.00,54.3,0,0.63,0,,,82058171
22.07,FSM Enemy 12,FSM,PatrolState,None,1.00,73.5,0,0.63,0,,,82058171
22.07,FSM Enemy 7,FSM,Dead,None,0.00,12.6,0,0.63,16,,,82058171
22.07,FSM Enemy 6,FSM,PatrolState,None,1.00,63.5,0,0.63,0,,,82058171
22.07,FSM Enemy 8,FSM,PatrolState,None,1.00,55.0,0,0.63,0,,,82058171
22.07,Utility Enemy 9,Utility,PatrolAction,None,1.00,57.7,0,0.63,0,0.120,0.000,82058171
22.07,Utility Enemy 11,Utility,Dead,None,0.00,17.4,1,0.63,0,0.298,0.247,82058171
22.07,Utility Enemy 3,Utility,PatrolAction,None,1.00,76.6,0,0.63,0,0.120,0.000,82058171
22.07,Utility Enemy 7,Utility,PatrolAction,None,1.00,66.3,0,0.63,0,0.120,0.000,82058171
22.07,Utility Enemy 1,Utility,PatrolAction,None,1.00,84.6,0,0.63,0,0.120,0.000,82058171
22.07,Utility Enemy 5,Utility,PatrolAction,None,1.00,86.3,0,0.63,0,0.120,0.000,82058171
22.07,Utility Enemy 10,Utility,PatrolAction,None,1.00,64.2,0,0.63,0,0.120,0.000,82058171
22.07,Utility Enemy 15,Utility,PatrolAction,None,1.00,77.9,0,0.63,0,0.120,0.000,82058171
22.07,Utility Enemy 6,Utility,Dead,None,0.00,7.1,1,0.63,8,0.644,0.558,82058171
22.07,Utility Enemy 14,Utility,PatrolAction,None,1.00,48.0,0,0.63,0,0.120,0.000,82058171
22.07,Utility Enemy 12,Utility,PatrolAction,None,1.00,78.8,0,0.63,0,0.120,0.000,82058171
22.07,Utility Enemy 13,Utility,PatrolAction,None,1.00,34.7,0,0.63,0,0.120,0.000,82058171
22.07,Utility Enemy 8,Utility,PatrolAction,None,1.00,62.7,0,0.63,0,0.120,0.000,82058171
22.07,Utility Enemy 4,Utility,PatrolAction,None,1.00,38.1,0,0.63,0,0.120,0.000,82058171
22.07,Utility Enemy 2,Utility,PatrolAction,None,1.00,114.6,0,0.63,0,0.120,0.000,82058171
23.08,Player,Player,-,None,0.63,,0,0.63,,,,82058171
23.08,FSM Enemy 14,FSM,PatrolState,None,1.00,102.5,0,0.63,0,,,82058171
23.08,FSM Enemy 13,FSM,Dead,None,0.00,5.4,0,0.63,0,,,82058171
23.08,FSM Enemy 4,FSM,PatrolState,None,1.00,84.8,0,0.63,0,,,82058171
23.08,FSM Enemy 3,FSM,PatrolState,None,1.00,82.5,0,0.63,0,,,82058171
23.08,FSM Enemy 1,FSM,PatrolState,None,1.00,83.0,0,0.63,0,,,82058171
23.08,FSM Enemy 2,FSM,PatrolState,None,1.00,105.6,0,0.63,0,,,82058171
23.08,FSM Enemy 10,FSM,PatrolState,None,1.00,84.1,0,0.63,0,,,82058171
23.08,FSM Enemy 15,FSM,Dead,None,0.00,15.8,1,0.63,24,,,82058171
23.08,FSM Enemy 11,FSM,ChaseState,None,1.00,62.0,0,0.63,8,,,82058171
23.08,FSM Enemy 5,FSM,PatrolState,None,1.00,56.5,0,0.63,0,,,82058171
23.08,FSM Enemy 9,FSM,PatrolState,None,1.00,55.2,0,0.63,0,,,82058171
23.08,FSM Enemy 12,FSM,PatrolState,None,1.00,76.4,0,0.63,0,,,82058171
23.08,FSM Enemy 7,FSM,Dead,None,0.00,15.4,0,0.63,16,,,82058171
23.08,FSM Enemy 6,FSM,PatrolState,None,1.00,66.4,0,0.63,0,,,82058171
23.08,FSM Enemy 8,FSM,PatrolState,None,1.00,53.7,0,0.63,0,,,82058171
23.08,Utility Enemy 9,Utility,PatrolAction,None,1.00,56.9,0,0.63,0,0.120,0.000,82058171
23.08,Utility Enemy 11,Utility,Dead,None,0.00,19.7,1,0.63,0,0.298,0.247,82058171
23.08,Utility Enemy 3,Utility,PatrolAction,None,1.00,75.8,0,0.63,0,0.120,0.000,82058171
23.08,Utility Enemy 7,Utility,PatrolAction,None,1.00,64.7,0,0.63,0,0.120,0.000,82058171
23.08,Utility Enemy 1,Utility,PatrolAction,None,1.00,84.1,0,0.63,0,0.120,0.000,82058171
23.08,Utility Enemy 5,Utility,PatrolAction,None,1.00,88.3,0,0.63,0,0.120,0.000,82058171
23.08,Utility Enemy 10,Utility,PatrolAction,None,1.00,63.0,0,0.63,0,0.120,0.000,82058171
23.08,Utility Enemy 15,Utility,PatrolAction,None,1.00,80.6,0,0.63,0,0.120,0.000,82058171
23.08,Utility Enemy 6,Utility,Dead,None,0.00,9.2,1,0.63,8,0.644,0.558,82058171
23.08,Utility Enemy 14,Utility,PatrolAction,None,1.00,50.3,0,0.63,0,0.120,0.000,82058171
23.08,Utility Enemy 12,Utility,PatrolAction,None,1.00,83.2,0,0.63,0,0.120,0.000,82058171
23.08,Utility Enemy 13,Utility,PatrolAction,None,1.00,39.5,0,0.63,0,0.120,0.000,82058171
23.08,Utility Enemy 8,Utility,PatrolAction,None,1.00,60.5,0,0.63,0,0.120,0.000,82058171
23.08,Utility Enemy 4,Utility,PatrolAction,None,1.00,41.6,0,0.63,0,0.120,0.000,82058171
23.08,Utility Enemy 2,Utility,PatrolAction,None,1.00,117.2,0,0.63,0,0.120,0.000,82058171
24.08,Player,Player,-,None,0.63,,0,0.63,,,,82058171
24.08,FSM Enemy 14,FSM,PatrolState,None,1.00,105.6,0,0.63,0,,,82058171
24.08,FSM Enemy 13,FSM,Dead,None,0.00,8.8,0,0.63,0,,,82058171
24.08,FSM Enemy 4,FSM,PatrolState,None,1.00,85.9,0,0.63,0,,,82058171
24.08,FSM Enemy 3,FSM,PatrolState,None,1.00,84.1,0,0.63,0,,,82058171
24.08,FSM Enemy 1,FSM,PatrolState,None,1.00,80.7,0,0.63,0,,,82058171
24.08,FSM Enemy 2,FSM,PatrolState,None,1.00,108.9,0,0.63,0,,,82058171
24.08,FSM Enemy 10,FSM,PatrolState,None,1.00,87.1,0,0.63,0,,,82058171
24.08,FSM Enemy 15,FSM,Dead,None,0.00,18.2,1,0.63,24,,,82058171
24.08,FSM Enemy 11,FSM,ChaseState,None,1.00,61.3,0,0.63,8,,,82058171
24.08,FSM Enemy 5,FSM,PatrolState,None,1.00,53.9,0,0.63,0,,,82058171
24.08,FSM Enemy 9,FSM,PatrolState,None,1.00,56.3,0,0.63,0,,,82058171
24.08,FSM Enemy 12,FSM,PatrolState,None,1.00,80.1,0,0.63,0,,,82058171
24.08,FSM Enemy 7,FSM,Dead,None,0.00,18.7,0,0.63,16,,,82058171
24.08,FSM Enemy 6,FSM,PatrolState,None,1.00,70.2,0,0.63,0,,,82058171
24.08,FSM Enemy 8,FSM,PatrolState,None,1.00,53.4,0,0.63,0,,,82058171
24.08,Utility Enemy 9,Utility,PatrolAction,None,1.00,58.6,0,0.63,0,0.120,0.000,82058171
24.08,Utility Enemy 11,Utility,Dead,None,0.00,23.1,0,0.63,0,0.298,0.247,82058171
24.08,Utility Enemy 3,Utility,PatrolAction,None,1.00,76.7,0,0.63,0,0.120,0.000,82058171
24.08,Utility Enemy 7,Utility,PatrolAction,None,1.00,63.7,0,0.63,0,0.120,0.000,82058171
24.08,Utility Enemy 1,Utility,PatrolAction,None,1.00,82.7,0,0.63,0,0.120,0.000,82058171
24.08,Utility Enemy 5,Utility,PatrolAction,None,1.00,87.3,0,0.63,0,0.120,0.000,82058171
24.08,Utility Enemy 10,Utility,PatrolAction,None,1.00,64.8,0,0.63,0,0.120,0.000,82058171
24.08,Utility Enemy 15,Utility,PatrolAction,None,1.00,80.3,0,0.63,0,0.120,0.000,82058171
24.08,Utility Enemy 6,Utility,Dead,None,0.00,12.0,1,0.63,8,0.644,0.558,82058171
24.08,Utility Enemy 14,Utility,PatrolAction,None,1.00,52.4,0,0.63,0,0.120,0.000,82058171
24.08,Utility Enemy 12,Utility,PatrolAction,None,1.00,90.7,0,0.63,0,0.120,0.000,82058171
24.08,Utility Enemy 13,Utility,PatrolAction,None,1.00,45.3,0,0.63,0,0.120,0.000,82058171
24.08,Utility Enemy 8,Utility,PatrolAction,None,1.00,57.7,0,0.63,0,0.120,0.000,82058171
24.08,Utility Enemy 4,Utility,PatrolAction,None,1.00,45.9,0,0.63,0,0.120,0.000,82058171
24.08,Utility Enemy 2,Utility,PatrolAction,None,1.00,116.1,0,0.63,0,0.120,0.000,82058171
25.08,Player,Player,-,None,0.63,,0,0.63,,,,82058171
25.08,FSM Enemy 14,FSM,PatrolState,None,1.00,110.6,0,0.63,0,,,82058171
25.08,FSM Enemy 13,FSM,Dead,None,0.00,13.2,0,0.63,0,,,82058171
25.08,FSM Enemy 4,FSM,PatrolState,None,1.00,88.0,0,0.63,0,,,82058171
25.08,FSM Enemy 3,FSM,PatrolState,None,1.00,87.3,0,0.63,0,,,82058171
25.08,FSM Enemy 1,FSM,PatrolState,None,1.00,79.2,0,0.63,0,,,82058171
25.08,FSM Enemy 2,FSM,PatrolState,None,1.00,114.2,0,0.63,0,,,82058171
25.08,FSM Enemy 10,FSM,PatrolState,None,1.00,91.0,0,0.63,0,,,82058171
25.08,FSM Enemy 15,FSM,Dead,None,0.00,21.8,0,0.63,24,,,82058171
25.08,FSM Enemy 11,FSM,ChaseState,None,1.00,60.9,0,0.63,8,,,82058171
25.08,FSM Enemy 5,FSM,PatrolState,None,1.00,52.2,0,0.63,0,,,82058171
25.08,FSM Enemy 9,FSM,PatrolState,None,1.00,58.5,0,0.63,0,,,82058171
25.08,FSM Enemy 12,FSM,PatrolState,None,1.00,84.6,0,0.63,0,,,82058171
25.08,FSM Enemy 7,FSM,Dead,None,0.00,22.7,0,0.63,16,,,82058171
25.08,FSM Enemy 6,FSM,PatrolState,None,1.00,74.7,0,0.63,0,,,82058171
25.08,FSM Enemy 8,FSM,PatrolState,None,1.00,54.4,0,0.63,0,,,82058171
25.08,Utility Enemy 9,Utility,PatrolAction,None,1.00,61.0,0,0.63,0,0.120,0.000,82058171
25.08,Utility Enemy 11,Utility,Dead,None,0.00,27.3,0,0.63,0,0.298,0.247,82058171
25.08,Utility Enemy 3,Utility,PatrolAction,None,1.00,80.0,0,0.63,0,0.120,0.000,82058171
25.08,Utility Enemy 7,Utility,PatrolAction,None,1.00,63.5,0,0.63,0,0.120,0.000,82058171
25.08,Utility Enemy 1,Utility,PatrolAction,None,1.00,83.3,0,0.63,0,0.120,0.000,82058171
25.08,Utility Enemy 5,Utility,PatrolAction,None,1.00,87.0,0,0.63,0,0.120,0.000,82058171
25.08,Utility Enemy 10,Utility,PatrolAction,None,1.00,73.3,0,0.63,0,0.120,0.000,82058171
25.08,Utility Enemy 15,Utility,PatrolAction,None,1.00,80.5,0,0.63,0,0.120,0.000,82058171
25.08,Utility Enemy 6,Utility,ChaseAction,None,1.00,21.7,0,0.63,8,0.490,0.400,82058171
25.08,Utility Enemy 14,Utility,PatrolAction,None,1.00,54.4,0,0.63,0,0.120,0.000,82058171
25.08,Utility Enemy 12,Utility,PatrolAction,None,1.00,93.9,0,0.63,0,0.120,0.000,82058171
25.08,Utility Enemy 13,Utility,PatrolAction,None,1.00,48.0,0,0.63,0,0.120,0.000,82058171
25.08,Utility Enemy 8,Utility,PatrolAction,None,1.00,54.4,0,0.63,0,0.120,0.000,82058171
25.08,Utility Enemy 4,Utility,PatrolAction,None,1.00,47.4,0,0.63,0,0.120,0.000,82058171
25.08,Utility Enemy 2,Utility,PatrolAction,None,1.00,115.8,0,0.63,0,0.120,0.000,82058171
26.08,Player,Player,-,None,0.63,,0,0.63,,,,82058171
26.08,FSM Enemy 14,FSM,PatrolState,None,1.00,113.9,0,0.63,0,,,82058171
26.08,FSM Enemy 13,FSM,Dead,None,0.00,15.5,0,0.63,0,,,82058171
26.08,FSM Enemy 4,FSM,PatrolState,None,1.00,87.4,0,0.63,0,,,82058171
26.08,FSM Enemy 3,FSM,PatrolState,None,1.00,91.2,0,0.63,0,,,82058171
26.08,FSM Enemy 1,FSM,PatrolState,None,1.00,80.2,0,0.63,0,,,82058171
26.08,FSM Enemy 2,FSM,PatrolState,None,1.00,117.1,0,0.63,0,,,82058171
26.08,FSM Enemy 10,FSM,PatrolState,None,1.00,93.9,0,0.63,0,,,82058171
26.08,FSM Enemy 15,FSM,Dead,None,0.00,24.6,0,0.63,24,,,82058171
26.08,FSM Enemy 11,FSM,PatrolState,None,1.00,57.7,0,0.63,8,,,82058171
26.08,FSM Enemy 5,FSM,PatrolState,None,1.00,53.1,0,0.63,0,,,82058171
26.08,FSM Enemy 9,FSM,PatrolState,None,1.00,59.9,0,0.63,0,,,82058171
26.08,FSM Enemy 12,FSM,PatrolState,None,1.00,86.6,0,0.63,0,,,82058171
26.08,FSM Enemy 7,FSM,Dead,None,0.00,23.1,0,0.63,16,,,82058171
26.08,FSM Enemy 6,FSM,PatrolState,None,1.00,73.2,0,0.63,0,,,82058171
26.08,FSM Enemy 8,FSM,PatrolState,None,1.00,59.1,0,0.63,0,,,82058171
26.08,Utility Enemy 9,Utility,PatrolAction,None,1.00,59.6,0,0.63,0,0.120,0.000,82058171
26.08,Utility Enemy 11,Utility,Dead,None,0.00,29.2,0,0.63,0,0.298,0.247,82058171
26.08,Utility Enemy 3,Utility,PatrolAction,None,1.00,83.7,0,0.63,0,0.120,0.000,82058171
26.08,Utility Enemy 7,Utility,PatrolAction,None,1.00,65.3,0,0.63,0,0.120,0.000,82058171
26.08,Utility Enemy 1,Utility,PatrolAction,None,1.00,85.1,0,0.63,0,0.120,0.000,82058171
26.08,Utility Enemy 5,Utility,PatrolAction,None,1.00,87.7,0,0.63,0,0.120,0.000,82058171
26.08,Utility Enemy 10,Utility,PatrolAction,None,1.00,76.8,0,0.63,0,0.120,0.000,82058171
26.08,Utility Enemy 15,Utility,PatrolAction,None,1.00,83.9,0,0.63,0,0.120,0.000,82058171
26.08,Utility Enemy 6,Utility,ChaseAction,None,1.00,21.6,0,0.63,8,0.490,0.400,82058171
26.08,Utility Enemy 14,Utility,PatrolAction,None,1.00,52.5,0,0.63,0,0.120,0.000,82058171
26.08,Utility Enemy 12,Utility,PatrolAction,None,1.00,92.7,0,0.63,0,0.120,0.000,82058171
26.08,Utility Enemy 13,Utility,PatrolAction,None,1.00,46.8,0,0.63,0,0.120,0.000,82058171
26.08,Utility Enemy 8,Utility,PatrolAction,None,1.00,57.4,0,0.63,0,0.120,0.000,82058171
26.08,Utility Enemy 4,Utility,PatrolAction,None,1.00,47.8,0,0.63,0,0.120,0.000,82058171
26.08,Utility Enemy 2,Utility,PatrolAction,None,1.00,114.7,0,0.63,0,0.120,0.000,82058171
27.08,Player,Player,-,None,0.63,,0,0.63,,,,82058171
27.08,FSM Enemy 14,FSM,PatrolState,None,1.00,115.0,0,0.63,0,,,82058171
27.08,FSM Enemy 13,FSM,Dead,None,0.00,17.6,0,0.63,0,,,82058171
27.08,FSM Enemy 4,FSM,PatrolState,None,1.00,86.2,0,0.63,0,,,82058171
27.08,FSM Enemy 3,FSM,PatrolState,None,1.00,94.7,0,0.63,0,,,82058171
27.08,FSM Enemy 1,FSM,PatrolState,None,1.00,84.7,0,0.63,0,,,82058171
27.08,FSM Enemy 2,FSM,PatrolState,None,1.00,116.8,0,0.63,0,,,82058171
27.08,FSM Enemy 10,FSM,PatrolState,None,1.00,96.2,0,0.63,0,,,82058171
27.08,FSM Enemy 15,FSM,Dead,None,0.00,26.8,0,0.63,24,,,82058171
27.08,FSM Enemy 11,FSM,PatrolState,None,1.00,55.2,0,0.63,8,,,82058171
27.08,FSM Enemy 5,FSM,PatrolState,None,1.00,53.9,0,0.63,0,,,82058171
27.08,FSM Enemy 9,FSM,PatrolState,None,1.00,62.3,0,0.63,0,,,82058171
27.08,FSM Enemy 12,FSM,PatrolState,None,1.00,88.8,0,0.63,0,,,82058171
27.08,FSM Enemy 7,FSM,Dead,None,0.00,23.3,0,0.63,16,,,82058171
27.08,FSM Enemy 6,FSM,PatrolState,None,1.00,72.4,0,0.63,0,,,82058171
27.08,FSM Enemy 8,FSM,PatrolState,None,1.00,63.5,0,0.63,0,,,82058171
27.08,Utility Enemy 9,Utility,PatrolAction,None,1.00,61.4,0,0.63,0,0.120,0.000,82058171
27.08,Utility Enemy 11,Utility,Dead,None,0.00,30.6,0,0.63,0,0.298,0.247,82058171
27.08,Utility Enemy 3,Utility,PatrolAction,None,1.00,88.4,0,0.63,0,0.120,0.000,82058171
27.08,Utility Enemy 7,Utility,PatrolAction,None,1.00,66.6,0,0.63,0,0.120,0.000,82058171
27.08,Utility Enemy 1,Utility,PatrolAction,None,1.00,88.9,0,0.63,0,0.120,0.000,82058171
27.08,Utility Enemy 5,Utility,PatrolAction,None,1.00,88.4,0,0.63,0,0.120,0.000,82058171
27.08,Utility Enemy 10,Utility,PatrolAction,None,1.00,79.5,0,0.63,0,0.120,0.000,82058171
27.08,Utility Enemy 15,Utility,PatrolAction,None,1.00,87.9,0,0.63,0,0.120,0.000,82058171
27.08,Utility Enemy 6,Utility,ChaseAction,None,1.00,21.7,0,0.63,8,0.490,0.400,82058171
27.08,Utility Enemy 14,Utility,PatrolAction,None,1.00,50.6,0,0.63,0,0.120,0.000,82058171
27.08,Utility Enemy 12,Utility,PatrolAction,None,1.00,92.8,0,0.63,0,0.120,0.000,82058171
27.08,Utility Enemy 13,Utility,PatrolAction,None,1.00,46.1,0,0.63,0,0.120,0.000,82058171
27.08,Utility Enemy 8,Utility,PatrolAction,None,1.00,64.5,0,0.63,0,0.120,0.000,82058171
27.08,Utility Enemy 4,Utility,PatrolAction,None,1.00,48.2,0,0.63,0,0.120,0.000,82058171
27.08,Utility Enemy 2,Utility,PatrolAction,None,1.00,115.1,0,0.63,0,0.120,0.000,82058171
28.08,Player,Player,-,GravityFlip,0.63,,0,0.63,,,,82058171
28.08,FSM Enemy 14,FSM,TakeCoverState,GravityFlip,1.00,111.1,0,0.63,0,,,82058171
28.08,FSM Enemy 13,FSM,Dead,GravityFlip,0.00,17.4,0,0.63,0,,,82058171
28.08,FSM Enemy 4,FSM,TakeCoverState,GravityFlip,1.00,84.6,0,0.63,0,,,82058171
28.08,FSM Enemy 3,FSM,TakeCoverState,GravityFlip,1.00,95.1,0,0.63,0,,,82058171
28.08,FSM Enemy 1,FSM,TakeCoverState,GravityFlip,1.00,86.9,0,0.63,0,,,82058171
28.08,FSM Enemy 2,FSM,TakeCoverState,GravityFlip,1.00,113.1,0,0.63,0,,,82058171
28.08,FSM Enemy 10,FSM,TakeCoverState,GravityFlip,1.00,95.2,0,0.63,0,,,82058171
28.08,FSM Enemy 15,FSM,Dead,GravityFlip,0.00,26.3,0,0.63,24,,,82058171
28.08,FSM Enemy 11,FSM,TakeCoverState,GravityFlip,1.00,50.7,0,0.63,8,,,82058171
28.08,FSM Enemy 5,FSM,TakeCoverState,GravityFlip,1.00,56.2,0,0.63,0,,,82058171
28.08,FSM Enemy 9,FSM,TakeCoverState,GravityFlip,1.00,62.3,0,0.63,0,,,82058171
28.08,FSM Enemy 12,FSM,TakeCoverState,GravityFlip,1.00,87.8,0,0.63,0,,,82058171
28.08,FSM Enemy 7,FSM,Dead,GravityFlip,0.00,21.5,0,0.63,16,,,82058171
28.08,FSM Enemy 6,FSM,TakeCoverState,GravityFlip,1.00,69.0,0,0.63,0,,,82058171
28.08,FSM Enemy 8,FSM,TakeCoverState,GravityFlip,1.00,64.7,0,0.63,0,,,82058171
28.08,Utility Enemy 9,Utility,TakeCoverAction,GravityFlip,1.00,61.8,0,0.63,0,0.820,0.750,82058171
28.08,Utility Enemy 11,Utility,Dead,GravityFlip,0.00,29.1,0,0.63,0,0.298,0.247,82058171
28.08,Utility Enemy 3,Utility,TakeCoverAction,GravityFlip,1.00,89.6,0,0.63,0,0.820,0.750,82058171
28.08,Utility Enemy 7,Utility,TakeCoverAction,GravityFlip,1.00,62.9,0,0.63,0,0.820,0.750,82058171
28.08,Utility Enemy 1,Utility,TakeCoverAction,GravityFlip,1.00,92.1,0,0.63,0,0.820,0.750,82058171
28.08,Utility Enemy 5,Utility,TakeCoverAction,GravityFlip,1.00,88.2,0,0.63,0,0.820,0.750,82058171
28.08,Utility Enemy 10,Utility,TakeCoverAction,GravityFlip,1.00,74.2,0,0.63,0,0.820,0.750,82058171
28.08,Utility Enemy 15,Utility,TakeCoverAction,GravityFlip,1.00,90.4,0,0.63,0,0.820,0.750,82058171
28.08,Utility Enemy 6,Utility,TakeCoverAction,GravityFlip,1.00,19.8,0,0.63,8,0.820,0.810,82058171
28.08,Utility Enemy 14,Utility,TakeCoverAction,GravityFlip,1.00,49.0,0,0.63,0,0.820,0.750,82058171
28.08,Utility Enemy 12,Utility,TakeCoverAction,GravityFlip,1.00,89.9,0,0.63,0,0.820,0.750,82058171
28.08,Utility Enemy 13,Utility,TakeCoverAction,GravityFlip,1.00,49.0,0,0.63,0,0.820,0.750,82058171
28.08,Utility Enemy 8,Utility,TakeCoverAction,GravityFlip,1.00,68.5,0,0.63,0,0.820,0.750,82058171
28.08,Utility Enemy 4,Utility,TakeCoverAction,GravityFlip,1.00,45.3,0,0.63,0,0.820,0.750,82058171
28.08,Utility Enemy 2,Utility,TakeCoverAction,GravityFlip,1.00,115.4,0,0.63,0,0.820,0.750,82058171
29.09,Player,Player,-,GravityFlip,0.63,,0,0.63,,,,82058171
29.09,FSM Enemy 14,FSM,TakeCoverState,GravityFlip,1.00,108.2,0,0.63,0,,,82058171
29.09,FSM Enemy 13,FSM,Dead,GravityFlip,0.00,16.7,0,0.63,0,,,82058171
29.09,FSM Enemy 4,FSM,TakeCoverState,GravityFlip,1.00,83.8,0,0.63,0,,,82058171
29.09,FSM Enemy 3,FSM,TakeCoverState,GravityFlip,1.00,94.3,0,0.63,0,,,82058171
29.09,FSM Enemy 1,FSM,TakeCoverState,GravityFlip,1.00,86.3,0,0.63,0,,,82058171
29.09,FSM Enemy 2,FSM,TakeCoverState,GravityFlip,1.00,108.3,0,0.63,0,,,82058171
29.09,FSM Enemy 10,FSM,TakeCoverState,GravityFlip,1.00,91.1,0,0.63,0,,,82058171
29.09,FSM Enemy 15,FSM,Dead,GravityFlip,0.00,25.5,0,0.63,24,,,82058171
29.09,FSM Enemy 11,FSM,TakeCoverState,GravityFlip,1.00,53.9,0,0.63,8,,,82058171
29.09,FSM Enemy 5,FSM,TakeCoverState,GravityFlip,1.00,57.7,0,0.63,0,,,82058171
29.09,FSM Enemy 9,FSM,TakeCoverState,GravityFlip,1.00,62.2,0,0.63,0,,,82058171
29.09,FSM Enemy 12,FSM,TakeCoverState,GravityFlip,1.00,86.5,0,0.63,0,,,82058171
29.09,FSM Enemy 7,FSM,PatrolState,GravityFlip,1.00,61.4,0,0.63,16,,,82058171
29.09,FSM Enemy 6,FSM,TakeCoverState,GravityFlip,1.00,65.7,0,0.63,0,,,82058171
29.09,FSM Enemy 8,FSM,TakeCoverState,GravityFlip,1.00,63.9,0,0.63,0,,,82058171
29.09,Utility Enemy 9,Utility,TakeCoverAction,GravityFlip,1.00,60.9,0,0.63,0,0.820,0.750,82058171
29.09,Utility Enemy 11,Utility,Dead,GravityFlip,0.00,28.2,0,0.63,0,0.298,0.247,82058171
29.09,Utility Enemy 3,Utility,TakeCoverAction,GravityFlip,1.00,88.8,0,0.63,0,0.820,0.750,82058171
29.09,Utility Enemy 7,Utility,TakeCoverAction,GravityFlip,1.00,62.8,0,0.63,0,0.820,0.750,82058171
29.09,Utility Enemy 1,Utility,TakeCoverAction,GravityFlip,1.00,91.4,0,0.63,0,0.820,0.750,82058171
29.09,Utility Enemy 5,Utility,TakeCoverAction,GravityFlip,1.00,84.8,0,0.63,0,0.820,0.750,82058171
29.09,Utility Enemy 10,Utility,TakeCoverAction,GravityFlip,1.00,73.7,0,0.63,0,0.820,0.750,82058171
29.09,Utility Enemy 15,Utility,TakeCoverAction,GravityFlip,1.00,89.8,0,0.63,0,0.820,0.750,82058171
29.09,Utility Enemy 6,Utility,TakeCoverAction,GravityFlip,1.00,16.1,0,0.63,8,0.820,0.750,82058171
29.09,Utility Enemy 14,Utility,TakeCoverAction,GravityFlip,1.00,47.6,0,0.63,0,0.820,0.750,82058171
29.09,Utility Enemy 12,Utility,TakeCoverAction,GravityFlip,1.00,87.2,0,0.63,0,0.820,0.750,82058171
29.09,Utility Enemy 13,Utility,TakeCoverAction,GravityFlip,1.00,45.4,0,0.63,0,0.820,0.750,82058171
29.09,Utility Enemy 8,Utility,TakeCoverAction,GravityFlip,1.00,67.8,0,0.63,0,0.820,0.750,82058171
29.09,Utility Enemy 4,Utility,TakeCoverAction,GravityFlip,1.00,44.6,0,0.63,0,0.820,0.750,82058171
29.09,Utility Enemy 2,Utility,TakeCoverAction,GravityFlip,1.00,111.2,0,0.63,0,0.820,0.750,82058171
30.09,Player,Player,-,GravityFlip,0.63,,0,0.63,,,,82058171
30.09,FSM Enemy 14,FSM,TakeCoverState,GravityFlip,1.00,107.4,0,0.63,0,,,82058171
30.09,FSM Enemy 13,FSM,Dead,GravityFlip,0.00,16.2,0,0.63,0,,,82058171
30.09,FSM Enemy 4,FSM,TakeCoverState,GravityFlip,1.00,83.0,0,0.63,0,,,82058171
30.09,FSM Enemy 3,FSM,TakeCoverState,GravityFlip,1.00,93.8,0,0.63,0,,,82058171
30.09,FSM Enemy 1,FSM,TakeCoverState,GravityFlip,1.00,86.1,0,0.63,0,,,82058171
30.09,FSM Enemy 2,FSM,TakeCoverState,GravityFlip,1.00,107.5,0,0.63,0,,,82058171
30.09,FSM Enemy 10,FSM,TakeCoverState,GravityFlip,1.00,89.0,0,0.63,0,,,82058171
30.09,FSM Enemy 15,FSM,Dead,GravityFlip,0.00,25.0,0,0.63,24,,,82058171
30.09,FSM Enemy 11,FSM,TakeCoverState,GravityFlip,1.00,54.0,0,0.63,8,,,82058171
30.09,FSM Enemy 5,FSM,TakeCoverState,GravityFlip,1.00,57.6,0,0.63,0,,,82058171
30.09,FSM Enemy 9,FSM,TakeCoverState,GravityFlip,1.00,61.5,0,0.63,0,,,82058171
30.09,FSM Enemy 12,FSM,TakeCoverState,GravityFlip,1.00,85.6,0,0.63,0,,,82058171
30.09,FSM Enemy 7,FSM,PatrolState,GravityFlip,1.00,58.6,0,0.63,16,,,82058171
30.09,FSM Enemy 6,FSM,TakeCoverState,GravityFlip,1.00,64.7,0,0.63,0,,,82058171
30.09,FSM Enemy 8,FSM,TakeCoverState,GravityFlip,1.00,63.3,0,0.63,0,,,82058171
30.09,Utility Enemy 9,Utility,TakeCoverAction,GravityFlip,1.00,60.3,0,0.63,0,0.820,0.750,82058171
30.09,Utility Enemy 11,Utility,Dead,GravityFlip,0.00,27.5,0,0.63,0,0.298,0.247,82058171
30.09,Utility Enemy 3,Utility,TakeCoverAction,GravityFlip,1.00,88.0,0,0.63,0,0.820,0.750,82058171
30.09,Utility Enemy 7,Utility,TakeCoverAction,GravityFlip,1.00,61.9,0,0.63,0,0.820,0.750,82058171
30.09,Utility Enemy 1,Utility,TakeCoverAction,GravityFlip,1.00,90.6,0,0.63,0,0.820,0.750,82058171
30.09,Utility Enemy 5,Utility,TakeCoverAction,GravityFlip,1.00,83.4,0,0.63,0,0.820,0.750,82058171
30.09,Utility Enemy 10,Utility,TakeCoverAction,GravityFlip,1.00,74.1,0,0.63,0,0.820,0.750,82058171
30.09,Utility Enemy 15,Utility,TakeCoverAction,GravityFlip,1.00,89.6,0,0.63,0,0.820,0.750,82058171
30.09,Utility Enemy 6,Utility,TakeCoverAction,GravityFlip,1.00,15.6,0,0.63,8,0.820,0.750,82058171
30.09,Utility Enemy 14,Utility,TakeCoverAction,GravityFlip,1.00,46.6,0,0.63,0,0.820,0.750,82058171
30.09,Utility Enemy 12,Utility,TakeCoverAction,GravityFlip,1.00,86.1,0,0.63,0,0.820,0.750,82058171
30.09,Utility Enemy 13,Utility,TakeCoverAction,GravityFlip,1.00,40.7,0,0.63,0,0.820,0.750,82058171
30.09,Utility Enemy 8,Utility,TakeCoverAction,GravityFlip,1.00,67.6,0,0.63,0,0.820,0.750,82058171
30.09,Utility Enemy 4,Utility,TakeCoverAction,GravityFlip,1.00,44.3,0,0.63,0,0.820,0.750,82058171
30.09,Utility Enemy 2,Utility,TakeCoverAction,GravityFlip,1.00,108.7,0,0.63,0,0.820,0.750,82058171
31.09,Player,Player,-,GravityFlip,0.63,,0,0.63,,,,82058171
31.09,FSM Enemy 14,FSM,TakeCoverState,GravityFlip,1.00,104.4,0,0.63,0,,,82058171
31.09,FSM Enemy 13,FSM,PatrolState,GravityFlip,1.00,64.5,0,0.63,0,,,82058171
31.09,FSM Enemy 4,FSM,TakeCoverState,GravityFlip,1.00,80.4,0,0.63,0,,,82058171
31.09,FSM Enemy 3,FSM,TakeCoverState,GravityFlip,1.00,90.5,0,0.63,0,,,82058171
31.09,FSM Enemy 1,FSM,TakeCoverState,GravityFlip,1.00,83.3,0,0.63,0,,,82058171
31.09,FSM Enemy 2,FSM,TakeCoverState,GravityFlip,1.00,104.3,0,0.63,0,,,82058171
31.09,FSM Enemy 10,FSM,TakeCoverState,GravityFlip,1.00,85.7,0,0.63,0,,,82058171
31.09,FSM Enemy 15,FSM,Dead,GravityFlip,0.00,22.1,0,0.63,24,,,82058171
31.09,FSM Enemy 11,FSM,TakeCoverState,GravityFlip,1.00,52.3,0,0.63,8,,,82058171
31.09,FSM Enemy 5,FSM,TakeCoverState,GravityFlip,1.00,54.8,0,0.63,0,,,82058171
31.09,FSM Enemy 9,FSM,TakeCoverState,GravityFlip,1.00,58.5,0,0.63,0,,,82058171
31.09,FSM Enemy 12,FSM,TakeCoverState,GravityFlip,1.00,83.8,0,0.63,0,,,82058171
31.09,FSM Enemy 7,FSM,PatrolState,GravityFlip,1.00,53.0,0,0.63,16,,,82058171
31.09,FSM Enemy 6,FSM,TakeCoverState,GravityFlip,1.00,62.8,0,0.63,0,,,82058171
31.09,FSM Enemy 8,FSM,TakeCoverState,GravityFlip,1.00,60.0,0,0.63,0,,,82058171
31.09,Utility Enemy 9,Utility,TakeCoverAction,GravityFlip,1.00,57.0,0,0.63,0,0.820,0.750,82058171
31.09,Utility Enemy 11,Utility,Dead,GravityFlip,0.00,24.9,0,0.63,0,0.298,0.247,82058171
31.09,Utility Enemy 3,Utility,TakeCoverAction,GravityFlip,1.00,85.0,0,0.63,0,0.820,0.750,82058171
31.09,Utility Enemy 7,Utility,TakeCoverAction,GravityFlip,1.00,60.2,0,0.63,0,0.820,0.750,82058171
31.09,Utility Enemy 1,Utility,TakeCoverAction,GravityFlip,1.00,87.3,0,0.63,0,0.820,0.750,82058171
31.09,Utility Enemy 5,Utility,TakeCoverAction,GravityFlip,1.00,80.2,0,0.63,0,0.820,0.750,82058171
31.09,Utility Enemy 10,Utility,TakeCoverAction,GravityFlip,1.00,72.6,0,0.63,0,0.820,0.750,82058171
31.09,Utility Enemy 15,Utility,TakeCoverAction,GravityFlip,1.00,86.6,0,0.63,0,0.820,0.750,82058171
31.09,Utility Enemy 6,Utility,TakeCoverAction,GravityFlip,1.00,13.8,0,0.63,8,0.820,0.750,82058171
31.09,Utility Enemy 14,Utility,TakeCoverAction,GravityFlip,1.00,43.8,0,0.63,0,0.820,0.750,82058171
31.09,Utility Enemy 12,Utility,TakeCoverAction,GravityFlip,1.00,83.9,0,0.63,0,0.820,0.750,82058171
31.09,Utility Enemy 13,Utility,TakeCoverAction,GravityFlip,1.00,36.4,0,0.63,0,0.820,0.750,82058171
31.09,Utility Enemy 8,Utility,TakeCoverAction,GravityFlip,1.00,64.6,0,0.63,0,0.820,0.750,82058171
31.09,Utility Enemy 4,Utility,TakeCoverAction,GravityFlip,1.00,41.4,0,0.63,0,0.820,0.750,82058171
31.09,Utility Enemy 2,Utility,TakeCoverAction,GravityFlip,1.00,105.4,0,0.63,0,0.820,0.750,82058171
32.09,Player,Player,-,GravityFlip,0.63,,0,0.63,,,,82058171
32.09,FSM Enemy 14,FSM,TakeCoverState,GravityFlip,1.00,104.1,0,0.63,0,,,82058171
32.09,FSM Enemy 13,FSM,PatrolState,GravityFlip,1.00,61.9,0,0.63,0,,,82058171
32.09,FSM Enemy 4,FSM,TakeCoverState,GravityFlip,1.00,80.2,0,0.63,0,,,82058171
32.09,FSM Enemy 3,FSM,TakeCoverState,GravityFlip,1.00,90.2,0,0.63,0,,,82058171
32.09,FSM Enemy 1,FSM,TakeCoverState,GravityFlip,1.00,83.0,0,0.63,0,,,82058171
32.09,FSM Enemy 2,FSM,TakeCoverState,GravityFlip,1.00,104.0,0,0.63,0,,,82058171
32.09,FSM Enemy 10,FSM,TakeCoverState,GravityFlip,1.00,85.5,0,0.63,0,,,82058171
32.09,FSM Enemy 15,FSM,Dead,GravityFlip,0.00,21.9,0,0.63,24,,,82058171
32.09,FSM Enemy 11,FSM,TakeCoverState,GravityFlip,1.00,52.1,0,0.63,8,,,82058171
32.09,FSM Enemy 5,FSM,TakeCoverState,GravityFlip,1.00,54.5,0,0.63,0,,,82058171
32.09,FSM Enemy 9,FSM,TakeCoverState,GravityFlip,1.00,58.3,0,0.63,0,,,82058171
32.09,FSM Enemy 12,FSM,TakeCoverState,GravityFlip,1.00,83.7,0,0.63,0,,,82058171
32.09,FSM Enemy 7,FSM,PatrolState,GravityFlip,1.00,50.4,0,0.63,16,,,82058171
32.09,FSM Enemy 6,FSM,TakeCoverState,GravityFlip,1.00,62.7,0,0.63,0,,,82058171
32.09,FSM Enemy 8,FSM,TakeCoverState,GravityFlip,1.00,59.7,0,0.63,0,,,82058171
32.09,Utility Enemy 9,Utility,TakeCoverAction,GravityFlip,1.00,56.7,0,0.63,0,0.820,0.750,82058171
32.09,Utility Enemy 11,Utility,Dead,GravityFlip,0.00,24.7,0,0.63,0,0.298,0.247,82058171
32.09,Utility Enemy 3,Utility,TakeCoverAction,GravityFlip,1.00,84.8,0,0.63,0,0.820,0.750,82058171
32.09,Utility Enemy 7,Utility,TakeCoverAction,GravityFlip,1.00,60.1,0,0.63,0,0.820,0.750,82058171
32.09,Utility Enemy 1,Utility,TakeCoverAction,GravityFlip,1.00,86.9,0,0.63,0,0.820,0.750,82058171
32.09,Utility Enemy 5,Utility,TakeCoverAction,GravityFlip,1.00,79.9,0,0.63,0,0.820,0.750,82058171
32.09,Utility Enemy 10,Utility,TakeCoverAction,GravityFlip,1.00,72.5,0,0.63,0,0.820,0.750,82058171
32.09,Utility Enemy 15,Utility,TakeCoverAction,GravityFlip,1.00,86.3,0,0.63,0,0.820,0.750,82058171
32.09,Utility Enemy 6,Utility,TakeCoverAction,GravityFlip,1.00,13.6,0,0.63,8,0.820,0.750,82058171
32.09,Utility Enemy 14,Utility,TakeCoverAction,GravityFlip,1.00,43.6,0,0.63,0,0.820,0.750,82058171
32.09,Utility Enemy 12,Utility,TakeCoverAction,GravityFlip,1.00,83.8,0,0.63,0,0.820,0.750,82058171
32.09,Utility Enemy 13,Utility,TakeCoverAction,GravityFlip,1.00,36.1,0,0.63,0,0.820,0.750,82058171
32.09,Utility Enemy 8,Utility,TakeCoverAction,GravityFlip,1.00,64.3,0,0.63,0,0.820,0.750,82058171
32.09,Utility Enemy 4,Utility,TakeCoverAction,GravityFlip,1.00,41.1,0,0.63,0,0.820,0.750,82058171
32.09,Utility Enemy 2,Utility,TakeCoverAction,GravityFlip,1.00,105.2,0,0.63,0,0.820,0.750,82058171
33.10,Player,Player,-,None,0.63,,0,0.63,,,,82058171
33.10,FSM Enemy 14,FSM,PatrolState,None,1.00,104.2,0,0.63,0,,,82058171
33.10,FSM Enemy 13,FSM,PatrolState,None,1.00,59.6,0,0.63,0,,,82058171
33.10,FSM Enemy 4,FSM,PatrolState,None,1.00,80.4,0,0.63,0,,,82058171
33.10,FSM Enemy 3,FSM,PatrolState,None,1.00,90.7,0,0.63,0,,,82058171
33.10,FSM Enemy 1,FSM,PatrolState,None,1.00,83.5,0,0.63,0,,,82058171
33.10,FSM Enemy 2,FSM,PatrolState,None,1.00,104.5,0,0.63,0,,,82058171
33.10,FSM Enemy 10,FSM,PatrolState,None,1.00,85.7,0,0.63,0,,,82058171
33.10,FSM Enemy 15,FSM,PatrolState,None,1.00,48.3,0,0.63,24,,,82058171
33.10,FSM Enemy 11,FSM,PatrolState,None,1.00,51.6,0,0.63,8,,,82058171
33.10,FSM Enemy 5,FSM,PatrolState,None,1.00,54.6,0,0.63,0,,,82058171
33.10,FSM Enemy 9,FSM,PatrolState,None,1.00,58.2,0,0.63,0,,,82058171
33.10,FSM Enemy 12,FSM,PatrolState,None,1.00,83.4,0,0.63,0,,,82058171
33.10,FSM Enemy 7,FSM,PatrolState,None,1.00,48.0,0,0.63,16,,,82058171
33.10,FSM Enemy 6,FSM,PatrolState,None,1.00,63.2,0,0.63,0,,,82058171
33.10,FSM Enemy 8,FSM,PatrolState,None,1.00,59.1,0,0.63,0,,,82058171
33.10,Utility Enemy 9,Utility,PatrolAction,None,1.00,56.7,0,0.63,0,0.120,0.000,82058171
33.10,Utility Enemy 11,Utility,Dead,None,0.00,24.7,0,0.63,0,0.298,0.247,82058171
33.10,Utility Enemy 3,Utility,PatrolAction,None,1.00,84.8,0,0.63,0,0.120,0.000,82058171
33.10,Utility Enemy 7,Utility,PatrolAction,None,1.00,60.1,0,0.63,0,0.120,0.000,82058171
33.10,Utility Enemy 1,Utility,PatrolAction,None,1.00,87.0,0,0.63,0,0.120,0.000,82058171
33.10,Utility Enemy 5,Utility,PatrolAction,None,1.00,79.8,0,0.63,0,0.120,0.000,82058171
33.10,Utility Enemy 10,Utility,PatrolAction,None,1.00,72.6,0,0.63,0,0.120,0.000,82058171
33.10,Utility Enemy 15,Utility,PatrolAction,None,1.00,86.2,0,0.63,0,0.120,0.000,82058171
33.10,Utility Enemy 6,Utility,PatrolAction,None,1.00,13.6,0,0.63,8,0.120,0.000,82058171
33.10,Utility Enemy 14,Utility,PatrolAction,None,1.00,43.6,0,0.63,0,0.120,0.000,82058171
33.10,Utility Enemy 12,Utility,PatrolAction,None,1.00,83.8,0,0.63,0,0.120,0.000,82058171
33.10,Utility Enemy 13,Utility,PatrolAction,None,1.00,36.0,0,0.63,0,0.120,0.000,82058171
33.10,Utility Enemy 8,Utility,PatrolAction,None,1.00,64.2,0,0.63,0,0.120,0.000,82058171
33.10,Utility Enemy 4,Utility,PatrolAction,None,1.00,41.2,0,0.63,0,0.120,0.000,82058171
33.10,Utility Enemy 2,Utility,PatrolAction,None,1.00,105.0,0,0.63,0,0.120,0.000,82058171
34.11,Player,Player,-,None,0.63,,0,0.63,,,,82058171
34.11,FSM Enemy 14,FSM,PatrolState,None,1.00,103.4,0,0.63,0,,,82058171
34.11,FSM Enemy 13,FSM,PatrolState,None,1.00,57.2,0,0.63,0,,,82058171
34.11,FSM Enemy 4,FSM,PatrolState,None,1.00,81.7,0,0.63,0,,,82058171
34.11,FSM Enemy 3,FSM,PatrolState,None,1.00,93.0,0,0.63,0,,,82058171
34.11,FSM Enemy 1,FSM,PatrolState,None,1.00,85.6,0,0.63,0,,,82058171
34.11,FSM Enemy 2,FSM,PatrolState,None,1.00,106.7,0,0.63,0,,,82058171
34.11,FSM Enemy 10,FSM,PatrolState,None,1.00,87.0,0,0.63,0,,,82058171
34.11,FSM Enemy 15,FSM,PatrolState,None,1.00,46.5,0,0.63,24,,,82058171
34.11,FSM Enemy 11,FSM,PatrolState,None,1.00,49.2,0,0.63,8,,,82058171
34.11,FSM Enemy 5,FSM,PatrolState,None,1.00,54.1,0,0.63,0,,,82058171
34.11,FSM Enemy 9,FSM,PatrolState,None,1.00,58.0,0,0.63,0,,,82058171
34.11,FSM Enemy 12,FSM,PatrolState,None,1.00,82.2,0,0.63,0,,,82058171
34.11,FSM Enemy 7,FSM,PatrolState,None,1.00,45.7,0,0.63,16,,,82058171
34.11,FSM Enemy 6,FSM,PatrolState,None,1.00,65.0,0,0.63,0,,,82058171
34.11,FSM Enemy 8,FSM,PatrolState,None,1.00,56.7,0,0.63,0,,,82058171
34.11,Utility Enemy 9,Utility,PatrolAction,None,1.00,54.9,0,0.63,0,0.120,0.000,82058171
34.11,Utility Enemy 11,Utility,Dead,None,0.00,24.7,0,0.63,0,0.298,0.247,82058171
34.11,Utility Enemy 3,Utility,PatrolAction,None,1.00,87.6,0,0.63,0,0.120,0.000,82058171
34.11,Utility Enemy 7,Utility,PatrolAction,None,1.00,60.9,0,0.63,0,0.120,0.000,82058171
34.11,Utility Enemy 1,Utility,PatrolAction,None,1.00,89.9,0,0.63,0,0.120,0.000,82058171
34.11,Utility Enemy 5,Utility,PatrolAction,None,1.00,76.0,0,0.63,0,0.120,0.000,82058171
34.11,Utility Enemy 10,Utility,PatrolAction,None,1.00,74.6,0,0.63,0,0.120,0.000,82058171
34.11,Utility Enemy 15,Utility,PatrolAction,None,1.00,82.1,0,0.63,0,0.120,0.000,82058171
34.11,Utility Enemy 6,Utility,PatrolAction,None,1.00,15.0,0,0.63,8,0.120,0.000,82058171
34.11,Utility Enemy 14,Utility,PatrolAction,None,1.00,45.1,0,0.63,0,0.120,0.000,82058171
34.11,Utility Enemy 12,Utility,PatrolAction,None,1.00,84.1,0,0.63,0,0.120,0.000,82058171
34.11,Utility Enemy 13,Utility,PatrolAction,None,1.00,33.3,0,0.63,0,0.120,0.000,82058171
34.11,Utility Enemy 8,Utility,PatrolAction,None,1.00,60.4,0,0.63,0,0.120,0.000,82058171
34.11,Utility Enemy 4,Utility,PatrolAction,None,1.00,44.6,0,0.63,0,0.120,0.000,82058171
34.11,Utility Enemy 2,Utility,PatrolAction,None,1.00,101.0,0,0.63,0,0.120,0.000,82058171
35.11,Player,Player,-,None,0.63,,0,0.63,,,,82058171
35.11,FSM Enemy 14,FSM,PatrolState,None,1.00,101.1,0,0.63,0,,,82058171
35.11,FSM Enemy 13,FSM,PatrolState,None,1.00,54.6,0,0.63,0,,,82058171
35.11,FSM Enemy 4,FSM,PatrolState,None,1.00,83.3,0,0.63,0,,,82058171
35.11,FSM Enemy 3,FSM,PatrolState,None,1.00,94.8,0,0.63,0,,,82058171
35.11,FSM Enemy 1,FSM,PatrolState,None,1.00,87.2,0,0.63,0,,,82058171
35.11,FSM Enemy 2,FSM,PatrolState,None,1.00,108.5,0,0.63,0,,,82058171
35.11,FSM Enemy 10,FSM,PatrolState,None,1.00,87.8,0,0.63,0,,,82058171
35.11,FSM Enemy 15,FSM,PatrolState,None,1.00,44.1,0,0.63,24,,,82058171
35.11,FSM Enemy 11,FSM,PatrolState,None,1.00,46.8,0,0.63,8,,,82058171
35.11,FSM Enemy 5,FSM,PatrolState,None,1.00,51.2,0,0.63,0,,,82058171
35.11,FSM Enemy 9,FSM,PatrolState,None,1.00,57.9,0,0.63,0,,,82058171
35.11,FSM Enemy 12,FSM,PatrolState,None,1.00,81.1,0,0.63,0,,,82058171
35.11,FSM Enemy 7,FSM,PatrolState,None,1.00,42.9,0,0.63,16,,,82058171
35.11,FSM Enemy 6,FSM,PatrolState,None,1.00,66.9,0,0.63,0,,,82058171
35.11,FSM Enemy 8,FSM,PatrolState,None,1.00,53.8,0,0.63,0,,,82058171
35.11,Utility Enemy 9,Utility,PatrolAction,None,1.00,54.9,0,0.63,0,0.120,0.000,82058171
35.11,Utility Enemy 11,Utility,PatrolAction,None,1.00,65.3,0,0.63,0,0.120,0.000,82058171
35.11,Utility Enemy 3,Utility,PatrolAction,None,1.00,91.2,0,0.63,0,0.120,0.000,82058171
35.11,Utility Enemy 7,Utility,PatrolAction,None,1.00,60.1,0,0.63,0,0.120,0.000,82058171
35.11,Utility Enemy 1,Utility,PatrolAction,None,1.00,88.2,0,0.63,0,0.120,0.000,82058171
35.11,Utility Enemy 5,Utility,PatrolAction,None,1.00,71.7,0,0.63,0,0.120,0.000,82058171
35.11,Utility Enemy 10,Utility,PatrolAction,None,1.00,71.1,0,0.63,0,0.120,0.000,82058171
35.11,Utility Enemy 15,Utility,PatrolAction,None,1.00,79.9,0,0.63,0,0.120,0.000,82058171
35.11,Utility Enemy 6,Utility,PatrolAction,None,1.00,17.2,0,0.63,8,0.120,0.000,82058171
35.11,Utility Enemy 14,Utility,PatrolAction,None,1.00,48.2,0,0.63,0,0.120,0.000,82058171
35.11,Utility Enemy 12,Utility,PatrolAction,None,1.00,84.1,0,0.63,0,0.120,0.000,82058171
35.11,Utility Enemy 13,Utility,PatrolAction,None,1.00,30.3,0,0.63,0,0.120,0.000,82058171
35.11,Utility Enemy 8,Utility,PatrolAction,None,1.00,55.7,0,0.63,0,0.120,0.000,82058171
35.11,Utility Enemy 4,Utility,PatrolAction,None,1.00,47.8,0,0.63,0,0.120,0.000,82058171
35.11,Utility Enemy 2,Utility,PatrolAction,None,1.00,96.4,0,0.63,0,0.120,0.000,82058171
36.12,Player,Player,-,None,0.63,,0,0.63,,,,82058171
36.12,FSM Enemy 14,FSM,PatrolState,None,1.00,99.6,0,0.63,0,,,82058171
36.12,FSM Enemy 13,FSM,PatrolState,None,1.00,52.1,0,0.63,0,,,82058171
36.12,FSM Enemy 4,FSM,PatrolState,None,1.00,85.5,0,0.63,0,,,82058171
36.12,FSM Enemy 3,FSM,PatrolState,None,1.00,96.2,0,0.63,0,,,82058171
36.12,FSM Enemy 1,FSM,PatrolState,None,1.00,87.6,0,0.63,0,,,82058171
36.12,FSM Enemy 2,FSM,PatrolState,None,1.00,110.2,0,0.63,0,,,82058171
36.12,FSM Enemy 10,FSM,PatrolState,None,1.00,87.3,0,0.63,0,,,82058171
36.12,FSM Enemy 15,FSM,PatrolState,None,1.00,41.6,0,0.63,24,,,82058171
36.12,FSM Enemy 11,FSM,PatrolState,None,1.00,44.5,0,0.63,8,,,82058171
36.12,FSM Enemy 5,FSM,PatrolState,None,1.00,48.0,0,0.63,0,,,82058171
36.12,FSM Enemy 9,FSM,PatrolState,None,1.00,57.4,0,0.63,0,,,82058171
36.12,FSM Enemy 12,FSM,PatrolState,None,1.00,80.5,0,0.63,0,,,82058171
36.12,FSM Enemy 7,FSM,PatrolState,None,1.00,39.9,0,0.63,16,,,82058171
36.12,FSM Enemy 6,FSM,PatrolState,None,1.00,69.0,0,0.63,0,,,82058171
36.12,FSM Enemy 8,FSM,PatrolState,None,1.00,50.8,0,0.63,0,,,82058171
36.12,Utility Enemy 9,Utility,PatrolAction,None,1.00,58.5,0,0.63,0,0.120,0.000,82058171
36.12,Utility Enemy 11,Utility,PatrolAction,None,1.00,65.6,0,0.63,0,0.120,0.000,82058171
36.12,Utility Enemy 3,Utility,PatrolAction,None,1.00,95.0,0,0.63,0,0.120,0.000,82058171
36.12,Utility Enemy 7,Utility,PatrolAction,None,1.00,58.9,0,0.63,0,0.120,0.000,82058171
36.12,Utility Enemy 1,Utility,PatrolAction,None,1.00,83.9,0,0.63,0,0.120,0.000,82058171
36.12,Utility Enemy 5,Utility,PatrolAction,None,1.00,73.5,0,0.63,0,0.120,0.000,82058171
36.12,Utility Enemy 10,Utility,PatrolAction,None,1.00,67.6,0,0.63,0,0.120,0.000,82058171
36.12,Utility Enemy 15,Utility,PatrolAction,None,1.00,81.0,0,0.63,0,0.120,0.000,82058171
36.12,Utility Enemy 6,Utility,PatrolAction,None,1.00,19.0,0,0.63,8,0.120,0.000,82058171
36.12,Utility Enemy 14,Utility,PatrolAction,None,1.00,45.4,0,0.63,0,0.120,0.000,82058171
36.12,Utility Enemy 12,Utility,PatrolAction,None,1.00,83.3,0,0.63,0,0.120,0.000,82058171
36.12,Utility Enemy 13,Utility,PatrolAction,None,1.00,32.8,0,0.63,0,0.120,0.000,82058171
36.12,Utility Enemy 8,Utility,PatrolAction,None,1.00,53.3,0,0.63,0,0.120,0.000,82058171
36.12,Utility Enemy 4,Utility,PatrolAction,None,1.00,49.2,0,0.63,0,0.120,0.000,82058171
36.12,Utility Enemy 2,Utility,PatrolAction,None,1.00,93.5,0,0.63,0,0.120,0.000,82058171
37.12,Player,Player,-,None,0.63,,0,0.63,,,,82058171
37.12,FSM Enemy 14,FSM,PatrolState,None,1.00,99.0,0,0.63,0,,,82058171
37.12,FSM Enemy 13,FSM,PatrolState,None,1.00,50.2,0,0.63,0,,,82058171
37.12,FSM Enemy 4,FSM,PatrolState,None,1.00,88.5,0,0.63,0,,,82058171
37.12,FSM Enemy 3,FSM,PatrolState,None,1.00,95.0,0,0.63,0,,,82058171
37.12,FSM Enemy 1,FSM,PatrolState,None,1.00,86.5,0,0.63,0,,,82058171
37.12,FSM Enemy 2,FSM,PatrolState,None,1.00,112.7,0,0.63,0,,,82058171
37.12,FSM Enemy 10,FSM,PatrolState,None,1.00,85.4,0,0.63,0,,,82058171
37.12,FSM Enemy 15,FSM,PatrolState,None,1.00,40.0,0,0.63,24,,,82058171
37.12,FSM Enemy 11,FSM,PatrolState,None,1.00,42.7,0,0.63,8,,,82058171
37.12,FSM Enemy 5,FSM,PatrolState,None,1.00,48.0,0,0.63,0,,,82058171
37.12,FSM Enemy 9,FSM,PatrolState,None,1.00,58.3,0,0.63,0,,,82058171
37.12,FSM Enemy 12,FSM,PatrolState,None,1.00,79.6,0,0.63,0,,,82058171
37.12,FSM Enemy 7,FSM,PatrolState,None,1.00,38.0,0,0.63,16,,,82058171
37.12,FSM Enemy 6,FSM,PatrolState,None,1.00,71.5,0,0.63,0,,,82058171
37.12,FSM Enemy 8,FSM,PatrolState,None,1.00,50.9,0,0.63,0,,,82058171
37.12,Utility Enemy 9,Utility,PatrolAction,None,1.00,58.7,0,0.63,0,0.120,0.000,82058171
37.12,Utility Enemy 11,Utility,PatrolAction,None,1.00,64.5,0,0.63,0,0.120,0.000,82058171
37.12,Utility Enemy 3,Utility,PatrolAction,None,1.00,94.3,0,0.63,0,0.120,0.000,82058171
37.12,Utility Enemy 7,Utility,PatrolAction,None,1.00,61.2,0,0.63,0,0.120,0.000,82058171
37.12,Utility Enemy 1,Utility,PatrolAction,None,1.00,80.6,0,0.63,0,0.120,0.000,82058171
37.12,Utility Enemy 5,Utility,PatrolAction,None,1.00,77.0,0,0.63,0,0.120,0.000,82058171
37.12,Utility Enemy 10,Utility,PatrolAction,None,1.00,64.5,0,0.63,0,0.120,0.000,82058171
37.12,Utility Enemy 15,Utility,PatrolAction,None,1.00,81.7,0,0.63,0,0.120,0.000,82058171
37.12,Utility Enemy 6,Utility,PatrolAction,None,0.25,21.8,0,0.63,8,0.120,0.000,82058171
37.12,Utility Enemy 14,Utility,PatrolAction,None,1.00,44.1,0,0.63,0,0.120,0.000,82058171
37.12,Utility Enemy 12,Utility,PatrolAction,None,1.00,82.6,0,0.63,0,0.120,0.000,82058171
37.12,Utility Enemy 13,Utility,PatrolAction,None,1.00,30.2,0,0.63,0,0.120,0.000,82058171
37.12,Utility Enemy 8,Utility,PatrolAction,None,1.00,56.6,0,0.63,0,0.120,0.000,82058171
37.12,Utility Enemy 4,Utility,PatrolAction,None,1.00,51.1,0,0.63,0,0.120,0.000,82058171
37.12,Utility Enemy 2,Utility,PatrolAction,None,1.00,91.0,0,0.63,0,0.120,0.000,82058171
38.12,Player,Player,-,None,0.63,,0,0.63,,,,82058171
38.12,FSM Enemy 14,FSM,PatrolState,None,1.00,98.1,0,0.63,0,,,82058171
38.12,FSM Enemy 13,FSM,PatrolState,None,1.00,47.9,0,0.63,0,,,82058171
38.12,FSM Enemy 4,FSM,PatrolState,None,1.00,89.8,0,0.63,0,,,82058171
38.12,FSM Enemy 3,FSM,PatrolState,None,1.00,93.6,0,0.63,0,,,82058171
38.12,FSM Enemy 1,FSM,PatrolState,None,1.00,85.8,0,0.63,0,,,82058171
38.12,FSM Enemy 2,FSM,PatrolState,None,1.00,115.0,0,0.63,0,,,82058171
38.12,FSM Enemy 10,FSM,PatrolState,None,1.00,83.2,0,0.63,0,,,82058171
38.12,FSM Enemy 15,FSM,PatrolState,None,1.00,37.8,0,0.63,24,,,82058171
38.12,FSM Enemy 11,FSM,PatrolState,None,1.00,40.3,0,0.63,8,,,82058171
38.12,FSM Enemy 5,FSM,PatrolState,None,1.00,49.9,0,0.63,0,,,82058171
38.12,FSM Enemy 9,FSM,PatrolState,None,1.00,59.2,0,0.63,0,,,82058171
38.12,FSM Enemy 12,FSM,PatrolState,None,1.00,77.8,0,0.63,0,,,82058171
38.12,FSM Enemy 7,FSM,PatrolState,None,1.00,35.8,0,0.63,16,,,82058171
38.12,FSM Enemy 6,FSM,PatrolState,None,1.00,71.9,0,0.63,0,,,82058171
38.12,FSM Enemy 8,FSM,PatrolState,None,1.00,52.9,0,0.63,0,,,82058171
38.12,Utility Enemy 9,Utility,PatrolAction,None,1.00,54.5,0,0.63,0,0.120,0.000,82058171
38.12,Utility Enemy 11,Utility,PatrolAction,None,1.00,63.8,0,0.63,0,0.120,0.000,82058171
38.12,Utility Enemy 3,Utility,PatrolAction,None,1.00,91.7,0,0.63,0,0.120,0.000,82058171
38.12,Utility Enemy 7,Utility,PatrolAction,None,1.00,65.6,0,0.63,0,0.120,0.000,82058171
38.12,Utility Enemy 1,Utility,PatrolAction,None,1.00,77.7,0,0.63,0,0.120,0.000,82058171
38.12,Utility Enemy 5,Utility,PatrolAction,None,1.00,80.1,0,0.63,0,0.120,0.000,82058171
38.12,Utility Enemy 10,Utility,PatrolAction,None,1.00,60.9,0,0.63,0,0.120,0.000,82058171
38.12,Utility Enemy 15,Utility,PatrolAction,None,1.00,77.5,0,0.63,0,0.120,0.000,82058171
38.12,Utility Enemy 6,Utility,Dead,None,0.00,21.9,0,0.63,8,0.120,0.000,82058171
38.12,Utility Enemy 14,Utility,PatrolAction,None,1.00,45.5,0,0.63,0,0.120,0.000,82058171
38.12,Utility Enemy 12,Utility,PatrolAction,None,1.00,79.3,0,0.63,0,0.120,0.000,82058171
38.12,Utility Enemy 13,Utility,PatrolAction,None,1.00,26.1,0,0.63,0,0.120,0.000,82058171
38.12,Utility Enemy 8,Utility,PatrolAction,None,1.00,60.0,0,0.63,0,0.120,0.000,82058171
38.12,Utility Enemy 4,Utility,PatrolAction,None,1.00,48.4,0,0.63,0,0.120,0.000,82058171
38.12,Utility Enemy 2,Utility,PatrolAction,None,1.00,93.3,0,0.63,0,0.120,0.000,82058171
39.12,Player,Player,-,None,0.63,,0,0.63,,,,82058171
39.12,FSM Enemy 14,FSM,PatrolState,None,1.00,97.3,0,0.63,0,,,82058171
39.12,FSM Enemy 13,FSM,PatrolState,None,1.00,45.5,0,0.63,0,,,82058171
39.12,FSM Enemy 4,FSM,PatrolState,None,1.00,87.5,0,0.63,0,,,82058171
39.12,FSM Enemy 3,FSM,PatrolState,None,1.00,92.3,0,0.63,0,,,82058171
39.12,FSM Enemy 1,FSM,PatrolState,None,1.00,87.2,0,0.63,0,,,82058171
39.12,FSM Enemy 2,FSM,PatrolState,None,1.00,116.5,0,0.63,0,,,82058171
39.12,FSM Enemy 10,FSM,PatrolState,None,1.00,81.0,0,0.63,0,,,82058171
39.12,FSM Enemy 15,FSM,PatrolState,None,1.00,35.4,0,0.63,24,,,82058171
39.12,FSM Enemy 11,FSM,PatrolState,None,1.00,38.0,0,0.63,8,,,82058171
39.12,FSM Enemy 5,FSM,PatrolState,None,1.00,51.0,0,0.63,0,,,82058171
39.12,FSM Enemy 9,FSM,PatrolState,None,1.00,60.8,0,0.63,0,,,82058171
39.12,FSM Enemy 12,FSM,PatrolState,None,1.00,76.1,0,0.63,0,,,82058171
39.12,FSM Enemy 7,FSM,PatrolState,None,1.00,33.7,0,0.63,16,,,82058171
39.12,FSM Enemy 6,FSM,PatrolState,None,1.00,70.3,0,0.63,0,,,82058171
39.12,FSM Enemy 8,FSM,PatrolState,None,1.00,55.0,0,0.63,0,,,82058171
39.12,Utility Enemy 9,Utility,PatrolAction,None,1.00,54.8,0,0.63,0,0.120,0.000,82058171
39.12,Utility Enemy 11,Utility,PatrolAction,None,1.00,64.5,0,0.63,0,0.120,0.000,82058171
39.12,Utility Enemy 3,Utility,PatrolAction,None,1.00,89.8,0,0.63,0,0.120,0.000,82058171
39.12,Utility Enemy 7,Utility,PatrolAction,None,1.00,70.0,0,0.63,0,0.120,0.000,82058171
39.12,Utility Enemy 1,Utility,PatrolAction,None,1.00,75.7,0,0.63,0,0.120,0.000,82058171
39.12,Utility Enemy 5,Utility,PatrolAction,None,1.00,81.4,0,0.63,0,0.120,0.000,82058171
39.12,Utility Enemy 10,Utility,PatrolAction,None,1.00,57.7,0,0.63,0,0.120,0.000,82058171
39.12,Utility Enemy 15,Utility,PatrolAction,None,1.00,78.0,0,0.63,0,0.120,0.000,82058171
39.12,Utility Enemy 6,Utility,Dead,None,0.00,21.9,0,0.63,8,0.120,0.000,82058171
39.12,Utility Enemy 14,Utility,PatrolAction,None,1.00,45.4,0,0.63,0,0.120,0.000,82058171
39.12,Utility Enemy 12,Utility,PatrolAction,None,1.00,78.8,0,0.63,0,0.120,0.000,82058171
39.12,Utility Enemy 13,Utility,PatrolAction,None,1.00,23.1,0,0.63,0,0.120,0.000,82058171
39.12,Utility Enemy 8,Utility,PatrolAction,None,1.00,63.9,0,0.63,0,0.120,0.000,82058171
39.12,Utility Enemy 4,Utility,PatrolAction,None,1.00,45.5,0,0.63,0,0.120,0.000,82058171
39.12,Utility Enemy 2,Utility,PatrolAction,None,1.00,96.5,0,0.63,0,0.120,0.000,82058171
40.13,Player,Player,-,None,0.63,,0,0.63,,,,82058171
40.13,FSM Enemy 14,FSM,PatrolState,None,1.00,96.9,0,0.63,0,,,82058171
40.13,FSM Enemy 13,FSM,PatrolState,None,1.00,43.2,0,0.63,0,,,82058171
40.13,FSM Enemy 4,FSM,PatrolState,None,1.00,85.2,0,0.63,0,,,82058171
40.13,FSM Enemy 3,FSM,PatrolState,None,1.00,91.2,0,0.63,0,,,82058171
40.13,FSM Enemy 1,FSM,PatrolState,None,1.00,87.4,0,0.63,0,,,82058171
40.13,FSM Enemy 2,FSM,PatrolState,None,1.00,114.3,0,0.63,0,,,82058171
40.13,FSM Enemy 10,FSM,PatrolState,None,1.00,79.2,0,0.63,0,,,82058171
40.13,FSM Enemy 15,FSM,PatrolState,None,1.00,33.3,0,0.63,24,,,82058171
40.13,FSM Enemy 11,FSM,PatrolState,None,1.00,35.6,0,0.63,8,,,82058171
40.13,FSM Enemy 5,FSM,PatrolState,None,1.00,52.3,0,0.63,0,,,82058171
40.13,FSM Enemy 9,FSM,PatrolState,None,1.00,59.1,0,0.63,0,,,82058171
40.13,FSM Enemy 12,FSM,PatrolState,None,1.00,75.6,0,0.63,0,,,82058171
40.13,FSM Enemy 7,FSM,PatrolState,None,1.00,31.6,0,0.63,16,,,82058171
40.13,FSM Enemy 6,FSM,PatrolState,None,1.00,69.0,0,0.63,0,,,82058171
40.13,FSM Enemy 8,FSM,PatrolState,None,1.00,57.0,0,0.63,0,,,82058171
40.13,Utility Enemy 9,Utility,PatrolAction,None,1.00,52.1,0,0.63,0,0.120,0.000,82058171
40.13,Utility Enemy 11,Utility,PatrolAction,None,1.00,64.8,0,0.63,0,0.120,0.000,82058171
40.13,Utility Enemy 3,Utility,PatrolAction,None,1.00,92.9,0,0.63,0,0.120,0.000,82058171
40.13,Utility Enemy 7,Utility,PatrolAction,None,1.00,74.1,0,0.63,0,0.120,0.000,82058171
40.13,Utility Enemy 1,Utility,PatrolAction,None,1.00,73.4,0,0.63,0,0.120,0.000,82058171
40.13,Utility Enemy 5,Utility,PatrolAction,None,1.00,80.4,0,0.63,0,0.120,0.000,82058171
40.13,Utility Enemy 10,Utility,PatrolAction,None,1.00,56.7,0,0.63,0,0.120,0.000,82058171
40.13,Utility Enemy 15,Utility,PatrolAction,None,1.00,80.5,0,0.63,0,0.120,0.000,82058171
40.13,Utility Enemy 6,Utility,Dead,None,0.00,21.9,0,0.63,8,0.120,0.000,82058171
40.13,Utility Enemy 14,Utility,PatrolAction,None,1.00,46.8,0,0.63,0,0.120,0.000,82058171
40.13,Utility Enemy 12,Utility,PatrolAction,None,1.00,82.2,0,0.63,0,0.120,0.000,82058171
40.13,Utility Enemy 13,Utility,PatrolAction,None,1.00,24.5,0,0.63,0,0.120,0.000,82058171
40.13,Utility Enemy 8,Utility,PatrolAction,None,1.00,67.9,0,0.63,0,0.120,0.000,82058171
40.13,Utility Enemy 4,Utility,PatrolAction,None,1.00,43.0,0,0.63,0,0.120,0.000,82058171
40.13,Utility Enemy 2,Utility,PatrolAction,None,1.00,100.5,0,0.63,0,0.120,0.000,82058171
41.14,Player,Player,-,None,0.63,,0,0.63,,,,82058171
41.14,FSM Enemy 14,FSM,PatrolState,None,1.00,99.3,0,0.63,0,,,82058171
41.14,FSM Enemy 13,FSM,PatrolState,None,1.00,41.0,0,0.63,0,,,82058171
41.14,FSM Enemy 4,FSM,PatrolState,None,1.00,82.9,0,0.63,0,,,82058171
41.14,FSM Enemy 3,FSM,PatrolState,None,1.00,90.0,0,0.63,0,,,82058171
41.14,FSM Enemy 1,FSM,PatrolState,None,1.00,87.7,0,0.63,0,,,82058171
41.14,FSM Enemy 2,FSM,PatrolState,None,1.00,112.1,0,0.63,0,,,82058171
41.14,FSM Enemy 10,FSM,PatrolState,None,1.00,80.7,0,0.63,0,,,82058171
41.14,FSM Enemy 15,FSM,PatrolState,None,1.00,31.6,0,0.63,24,,,82058171
41.14,FSM Enemy 11,FSM,PatrolState,None,1.00,33.3,0,0.63,8,,,82058171
41.14,FSM Enemy 5,FSM,PatrolState,None,1.00,53.6,0,0.63,0,,,82058171
41.14,FSM Enemy 9,FSM,PatrolState,None,1.00,57.0,0,0.63,0,,,82058171
41.14,FSM Enemy 12,FSM,PatrolState,None,1.00,76.7,0,0.63,0,,,82058171
41.14,FSM Enemy 7,FSM,PatrolState,None,1.00,29.7,0,0.63,16,,,82058171
41.14,FSM Enemy 6,FSM,PatrolState,None,1.00,67.7,0,0.63,0,,,82058171
41.14,FSM Enemy 8,FSM,PatrolState,None,1.00,59.1,0,0.63,0,,,82058171
41.14,Utility Enemy 9,Utility,PatrolAction,None,1.00,48.9,0,0.63,0,0.120,0.000,82058171
41.14,Utility Enemy 11,Utility,PatrolAction,None,1.00,63.2,0,0.63,0,0.120,0.000,82058171
41.14,Utility Enemy 3,Utility,PatrolAction,None,1.00,94.9,0,0.63,0,0.120,0.000,82058171
41.14,Utility Enemy 7,Utility,PatrolAction,None,1.00,78.5,0,0.63,0,0.120,0.000,82058171
41.14,Utility Enemy 1,Utility,PatrolAction,None,1.00,71.0,0,0.63,0,0.120,0.000,82058171
41.14,Utility Enemy 5,Utility,PatrolAction,None,1.00,76.4,0,0.63,0,0.120,0.000,82058171
41.14,Utility Enemy 10,Utility,PatrolAction,None,1.00,57.3,0,0.63,0,0.120,0.000,82058171
41.14,Utility Enemy 15,Utility,PatrolAction,None,1.00,82.4,0,0.63,0,0.120,0.000,82058171
41.14,Utility Enemy 6,Utility,Dead,None,0.00,21.9,0,0.63,8,0.120,0.000,82058171
41.14,Utility Enemy 14,Utility,PatrolAction,None,1.00,50.1,0,0.63,0,0.120,0.000,82058171
41.14,Utility Enemy 12,Utility,PatrolAction,None,1.00,85.7,0,0.63,0,0.120,0.000,82058171
41.14,Utility Enemy 13,Utility,Dead,None,0.00,24.6,0,0.63,0,0.120,0.000,82058171
41.14,Utility Enemy 8,Utility,PatrolAction,None,1.00,72.1,0,0.63,0,0.120,0.000,82058171
41.14,Utility Enemy 4,Utility,PatrolAction,None,1.00,38.9,0,0.63,0,0.120,0.000,82058171
41.14,Utility Enemy 2,Utility,PatrolAction,None,1.00,104.8,0,0.63,0,0.120,0.000,82058171
42.14,Player,Player,-,None,0.63,,0,0.63,,,,82058171
42.14,FSM Enemy 14,FSM,PatrolState,None,1.00,101.4,0,0.63,0,,,82058171
42.14,FSM Enemy 13,FSM,PatrolState,None,1.00,38.7,0,0.63,0,,,82058171
42.14,FSM Enemy 4,FSM,PatrolState,None,1.00,80.6,0,0.63,0,,,82058171
42.14,FSM Enemy 3,FSM,PatrolState,None,1.00,87.5,0,0.63,0,,,82058171
42.14,FSM Enemy 1,FSM,PatrolState,None,1.00,88.1,0,0.63,0,,,82058171
42.14,FSM Enemy 2,FSM,PatrolState,None,1.00,109.9,0,0.63,0,,,82058171
42.14,FSM Enemy 10,FSM,PatrolState,None,1.00,83.2,0,0.63,0,,,82058171
42.14,FSM Enemy 15,FSM,PatrolState,None,1.00,30.1,0,0.63,24,,,82058171
42.14,FSM Enemy 11,FSM,PatrolState,None,1.00,31.0,0,0.63,8,,,82058171
42.14,FSM Enemy 5,FSM,PatrolState,None,1.00,53.4,0,0.63,0,,,82058171
42.14,FSM Enemy 9,FSM,PatrolState,None,1.00,55.4,0,0.63,0,,,82058171
42.14,FSM Enemy 12,FSM,PatrolState,None,1.00,78.8,0,0.63,0,,,82058171
42.14,FSM Enemy 7,FSM,PatrolState,None,1.00,28.0,0,0.63,16,,,82058171
42.14,FSM Enemy 6,FSM,PatrolState,None,1.00,66.5,0,0.63,0,,,82058171
42.14,FSM Enemy 8,FSM,PatrolState,None,1.00,61.3,0,0.63,0,,,82058171
42.14,Utility Enemy 9,Utility,PatrolAction,None,1.00,45.0,0,0.63,0,0.120,0.000,82058171
42.14,Utility Enemy 11,Utility,PatrolAction,None,1.00,64.7,0,0.63,0,0.120,0.000,82058171
42.14,Utility Enemy 3,Utility,PatrolAction,None,1.00,93.8,0,0.63,0,0.120,0.000,82058171
42.14,Utility Enemy 7,Utility,PatrolAction,None,1.00,82.7,0,0.63,0,0.120,0.000,82058171
42.14,Utility Enemy 1,Utility,PatrolAction,None,1.00,72.6,0,0.63,0,0.120,0.000,82058171
42.14,Utility Enemy 5,Utility,PatrolAction,None,1.00,72.8,0,0.63,0,0.120,0.000,82058171
42.14,Utility Enemy 10,Utility,PatrolAction,None,1.00,55.3,0,0.63,0,0.120,0.000,82058171
42.14,Utility Enemy 15,Utility,PatrolAction,None,1.00,85.8,0,0.63,0,0.120,0.000,82058171
42.14,Utility Enemy 6,Utility,Dead,None,0.00,21.9,0,0.63,8,0.120,0.000,82058171
42.14,Utility Enemy 14,Utility,PatrolAction,None,1.00,53.5,0,0.63,0,0.120,0.000,82058171
42.14,Utility Enemy 12,Utility,PatrolAction,None,1.00,85.9,0,0.63,0,0.120,0.000,82058171
42.14,Utility Enemy 13,Utility,Dead,None,0.00,24.6,0,0.63,0,0.120,0.000,82058171
42.14,Utility Enemy 8,Utility,PatrolAction,None,1.00,75.5,0,0.63,0,0.120,0.000,82058171
42.14,Utility Enemy 4,Utility,Dead,None,0.00,36.1,0,0.63,0,0.120,0.000,82058171
42.14,Utility Enemy 2,Utility,PatrolAction,None,1.00,109.0,0,0.63,0,0.120,0.000,82058171
43.15,Player,Player,-,None,0.63,,0,0.63,,,,82058171
43.15,FSM Enemy 14,FSM,PatrolState,None,1.00,103.6,0,0.63,0,,,82058171
43.15,FSM Enemy 13,FSM,PatrolState,None,1.00,36.6,0,0.63,0,,,82058171
43.15,FSM Enemy 4,FSM,PatrolState,None,1.00,79.0,0,0.63,0,,,82058171
43.15,FSM Enemy 3,FSM,PatrolState,None,1.00,85.1,0,0.63,0,,,82058171
43.15,FSM Enemy 1,FSM,PatrolState,None,1.00,88.5,0,0.63,0,,,82058171
43.15,FSM Enemy 2,FSM,PatrolState,None,1.00,107.8,0,0.63,0,,,82058171
43.15,FSM Enemy 10,FSM,PatrolState,None,1.00,85.6,0,0.63,0,,,82058171
43.15,FSM Enemy 15,FSM,PatrolState,None,1.00,28.7,0,0.63,24,,,82058171
43.15,FSM Enemy 11,FSM,PatrolState,None,1.00,28.8,0,0.63,8,,,82058171
43.15,FSM Enemy 5,FSM,PatrolState,None,1.00,52.5,0,0.63,0,,,82058171
43.15,FSM Enemy 9,FSM,PatrolState,None,1.00,57.7,0,0.63,0,,,82058171
43.15,FSM Enemy 12,FSM,PatrolState,None,1.00,80.9,0,0.63,0,,,82058171
43.15,FSM Enemy 7,FSM,PatrolState,None,1.00,26.4,0,0.63,16,,,82058171
43.15,FSM Enemy 6,FSM,PatrolState,None,1.00,65.4,0,0.63,0,,,82058171
43.15,FSM Enemy 8,FSM,PatrolState,None,1.00,61.8,0,0.63,0,,,82058171
43.15,Utility Enemy 9,Utility,PatrolAction,None,1.00,47.2,0,0.63,0,0.120,0.000,82058171
43.15,Utility Enemy 11,Utility,PatrolAction,None,1.00,65.4,0,0.63,0,0.120,0.000,82058171
43.15,Utility Enemy 3,Utility,PatrolAction,None,1.00,92.8,0,0.63,0,0.120,0.000,82058171
43.15,Utility Enemy 7,Utility,PatrolAction,None,1.00,80.4,0,0.63,0,0.120,0.000,82058171
43.15,Utility Enemy 1,Utility,PatrolAction,None,1.00,72.5,0,0.63,0,0.120,0.000,82058171
43.15,Utility Enemy 5,Utility,PatrolAction,None,1.00,69.4,0,0.63,0,0.120,0.000,82058171
43.15,Utility Enemy 10,Utility,PatrolAction,None,1.00,53.3,0,0.63,0,0.120,0.000,82058171
43.15,Utility Enemy 15,Utility,PatrolAction,None,1.00,89.5,0,0.63,0,0.120,0.000,82058171
43.15,Utility Enemy 6,Utility,Dead,None,0.00,21.9,0,0.63,8,0.120,0.000,82058171
43.15,Utility Enemy 14,Utility,PatrolAction,None,1.00,54.5,0,0.63,0,0.120,0.000,82058171
43.15,Utility Enemy 12,Utility,PatrolAction,None,1.00,89.6,0,0.63,0,0.120,0.000,82058171
43.15,Utility Enemy 13,Utility,Dead,None,0.00,24.6,0,0.63,0,0.120,0.000,82058171
43.15,Utility Enemy 8,Utility,PatrolAction,None,1.00,77.8,0,0.63,0,0.120,0.000,82058171
43.15,Utility Enemy 4,Utility,Dead,None,0.00,36.1,0,0.63,0,0.120,0.000,82058171
43.15,Utility Enemy 2,Utility,PatrolAction,None,1.00,109.3,0,0.63,0,0.120,0.000,82058171
44.15,Player,Player,-,None,0.63,,0,0.63,,,,82058171
44.15,FSM Enemy 14,FSM,PatrolState,None,1.00,105.6,0,0.63,0,,,82058171
44.15,FSM Enemy 13,FSM,PatrolState,None,1.00,34.6,0,0.63,0,,,82058171
44.15,FSM Enemy 4,FSM,PatrolState,None,1.00,80.0,0,0.63,0,,,82058171
44.15,FSM Enemy 3,FSM,PatrolState,None,1.00,83.8,0,0.63,0,,,82058171
44.15,FSM Enemy 1,FSM,PatrolState,None,1.00,88.5,0,0.63,0,,,82058171
44.15,FSM Enemy 2,FSM,PatrolState,None,1.00,107.2,0,0.63,0,,,82058171
44.15,FSM Enemy 10,FSM,PatrolState,None,1.00,88.1,0,0.63,0,,,82058171
44.15,FSM Enemy 15,FSM,PatrolState,None,1.00,27.5,0,0.63,24,,,82058171
44.15,FSM Enemy 11,FSM,PatrolState,None,1.00,26.6,0,0.63,8,,,82058171
44.15,FSM Enemy 5,FSM,PatrolState,None,1.00,51.6,0,0.63,0,,,82058171
44.15,FSM Enemy 9,FSM,PatrolState,None,1.00,60.1,0,0.63,0,,,82058171
44.15,FSM Enemy 12,FSM,PatrolState,None,1.00,83.0,0,0.63,0,,,82058171
44.15,FSM Enemy 7,FSM,PatrolState,None,1.00,24.9,0,0.63,16,,,82058171
44.15,FSM Enemy 6,FSM,PatrolState,None,1.00,65.2,0,0.63,0,,,82058171
44.15,FSM Enemy 8,FSM,PatrolState,None,1.00,60.9,0,0.63,0,,,82058171
44.15,Utility Enemy 9,Utility,PatrolAction,None,1.00,51.2,0,0.63,0,0.120,0.000,82058171
44.15,Utility Enemy 11,Utility,PatrolAction,None,1.00,63.8,0,0.63,0,0.120,0.000,82058171
44.15,Utility Enemy 3,Utility,PatrolAction,None,1.00,91.6,0,0.63,0,0.120,0.000,82058171
44.15,Utility Enemy 7,Utility,PatrolAction,None,1.00,80.4,0,0.63,0,0.120,0.000,82058171
44.15,Utility Enemy 1,Utility,PatrolAction,None,1.00,70.8,0,0.63,0,0.120,0.000,82058171
44.15,Utility Enemy 5,Utility,PatrolAction,None,1.00,71.8,0,0.63,0,0.120,0.000,82058171
44.15,Utility Enemy 10,Utility,PatrolAction,None,1.00,51.5,0,0.63,0,0.120,0.000,82058171
44.15,Utility Enemy 15,Utility,PatrolAction,None,1.00,87.8,0,0.63,0,0.120,0.000,82058171
44.15,Utility Enemy 6,Utility,Dead,None,0.00,21.9,0,0.63,8,0.120,0.000,82058171
44.15,Utility Enemy 14,Utility,PatrolAction,None,1.00,52.9,0,0.63,0,0.120,0.000,82058171
44.15,Utility Enemy 12,Utility,PatrolAction,None,1.00,87.3,0,0.63,0,0.120,0.000,82058171
44.15,Utility Enemy 13,Utility,Dead,None,0.00,24.6,0,0.63,0,0.120,0.000,82058171
44.15,Utility Enemy 8,Utility,PatrolAction,None,1.00,80.6,0,0.63,0,0.120,0.000,82058171
44.15,Utility Enemy 4,Utility,Dead,None,0.00,36.1,0,0.63,0,0.120,0.000,82058171
44.15,Utility Enemy 2,Utility,PatrolAction,None,1.00,107.9,0,0.63,0,0.120,0.000,82058171
45.15,Player,Player,-,None,0.63,,0,0.63,,,,82058171
45.15,FSM Enemy 14,FSM,PatrolState,None,1.00,107.2,0,0.63,0,,,82058171
45.15,FSM Enemy 13,FSM,PatrolState,None,1.00,32.6,0,0.63,0,,,82058171
45.15,FSM Enemy 4,FSM,PatrolState,None,1.00,81.1,0,0.63,0,,,82058171
45.15,FSM Enemy 3,FSM,PatrolState,None,1.00,86.3,0,0.63,0,,,82058171
45.15,FSM Enemy 1,FSM,PatrolState,None,1.00,87.1,0,0.63,0,,,82058171
45.15,FSM Enemy 2,FSM,PatrolState,None,1.00,108.1,0,0.63,0,,,82058171
45.15,FSM Enemy 10,FSM,PatrolState,None,1.00,90.5,0,0.63,0,,,82058171
45.15,FSM Enemy 15,FSM,PatrolState,None,1.00,26.5,0,0.63,24,,,82058171
45.15,FSM Enemy 11,FSM,PatrolState,None,1.00,24.6,0,0.63,8,,,82058171
45.15,FSM Enemy 5,FSM,PatrolState,None,0.75,50.9,0,0.63,0,,,82058171
45.15,FSM Enemy 9,FSM,PatrolState,None,1.00,62.5,0,0.63,0,,,82058171
45.15,FSM Enemy 12,FSM,PatrolState,None,1.00,85.1,0,0.63,0,,,82058171
45.15,FSM Enemy 7,FSM,PatrolState,None,1.00,23.6,0,0.63,16,,,82058171
45.15,FSM Enemy 6,FSM,PatrolState,None,1.00,66.1,0,0.63,0,,,82058171
45.15,FSM Enemy 8,FSM,PatrolState,None,1.00,60.2,0,0.63,0,,,82058171
45.15,Utility Enemy 9,Utility,PatrolAction,None,1.00,52.3,0,0.63,0,0.120,0.000,82058171
45.15,Utility Enemy 11,Utility,PatrolAction,None,1.00,62.5,0,0.63,0,0.120,0.000,82058171
45.15,Utility Enemy 3,Utility,PatrolAction,None,1.00,91.0,0,0.63,0,0.120,0.000,82058171
45.15,Utility Enemy 7,Utility,PatrolAction,None,1.00,77.2,0,0.63,0,0.120,0.000,82058171
45.15,Utility Enemy 1,Utility,PatrolAction,None,1.00,71.1,0,0.63,0,0.120,0.000,82058171
45.15,Utility Enemy 5,Utility,PatrolAction,None,1.00,75.8,0,0.63,0,0.120,0.000,82058171
45.15,Utility Enemy 10,Utility,PatrolAction,None,1.00,51.1,0,0.63,0,0.120,0.000,82058171
45.15,Utility Enemy 15,Utility,PatrolAction,None,1.00,86.0,0,0.63,0,0.120,0.000,82058171
45.15,Utility Enemy 6,Utility,Dead,None,0.00,21.9,0,0.63,8,0.120,0.000,82058171
45.15,Utility Enemy 14,Utility,PatrolAction,None,1.00,51.4,0,0.63,0,0.120,0.000,82058171
45.15,Utility Enemy 12,Utility,PatrolAction,None,1.00,84.4,0,0.63,0,0.120,0.000,82058171
45.15,Utility Enemy 13,Utility,Dead,None,0.00,24.6,0,0.63,0,0.120,0.000,82058171
45.15,Utility Enemy 8,Utility,PatrolAction,None,1.00,84.4,0,0.63,0,0.120,0.000,82058171
45.15,Utility Enemy 4,Utility,Dead,None,0.00,36.1,0,0.63,0,0.120,0.000,82058171
45.15,Utility Enemy 2,Utility,PatrolAction,None,1.00,111.9,0,0.63,0,0.120,0.000,82058171
46.15,Player,Player,-,None,0.63,,0,0.63,,,,82058171
46.15,FSM Enemy 14,FSM,PatrolState,None,1.00,107.8,0,0.63,0,,,82058171
46.15,FSM Enemy 13,FSM,PatrolState,None,1.00,30.8,0,0.63,0,,,82058171
46.15,FSM Enemy 4,FSM,PatrolState,None,1.00,82.0,0,0.63,0,,,82058171
46.15,FSM Enemy 3,FSM,PatrolState,None,1.00,88.8,0,0.63,0,,,82058171
46.15,FSM Enemy 1,FSM,PatrolState,None,1.00,85.7,0,0.63,0,,,82058171
46.15,FSM Enemy 2,FSM,PatrolState,None,1.00,108.4,0,0.63,0,,,82058171
46.15,FSM Enemy 10,FSM,PatrolState,None,1.00,92.9,0,0.63,0,,,82058171
46.15,FSM Enemy 15,FSM,PatrolState,None,1.00,24.8,0,0.63,24,,,82058171
46.15,FSM Enemy 11,FSM,PatrolState,None,1.00,22.7,0,0.63,8,,,82058171
46.15,FSM Enemy 5,FSM,Dead,None,0.00,50.6,0,0.63,0,,,82058171
46.15,FSM Enemy 9,FSM,PatrolState,None,1.00,63.8,0,0.63,0,,,82058171
46.15,FSM Enemy 12,FSM,PatrolState,None,1.00,87.3,0,0.63,0,,,82058171
46.15,FSM Enemy 7,FSM,PatrolState,None,1.00,22.5,0,0.63,16,,,82058171
46.15,FSM Enemy 6,FSM,PatrolState,None,1.00,67.1,0,0.63,0,,,82058171
46.15,FSM Enemy 8,FSM,PatrolState,None,1.00,59.5,0,0.63,0,,,82058171
46.15,Utility Enemy 9,Utility,PatrolAction,None,1.00,50.8,0,0.63,0,0.120,0.000,82058171
46.15,Utility Enemy 11,Utility,PatrolAction,None,1.00,61.7,0,0.63,0,0.120,0.000,82058171
46.15,Utility Enemy 3,Utility,PatrolAction,None,1.00,94.5,0,0.63,0,0.120,0.000,82058171
46.15,Utility Enemy 7,Utility,PatrolAction,None,1.00,73.8,0,0.63,0,0.120,0.000,82058171
46.15,Utility Enemy 1,Utility,PatrolAction,None,1.00,68.5,0,0.63,0,0.120,0.000,82058171
46.15,Utility Enemy 5,Utility,PatrolAction,None,1.00,73.0,0,0.63,0,0.120,0.000,82058171
46.15,Utility Enemy 10,Utility,PatrolAction,None,1.00,53.5,0,0.63,0,0.120,0.000,82058171
46.15,Utility Enemy 15,Utility,PatrolAction,None,1.00,84.7,0,0.63,0,0.120,0.000,82058171
46.15,Utility Enemy 6,Utility,Dead,None,0.00,21.9,0,0.63,8,0.120,0.000,82058171
46.15,Utility Enemy 14,Utility,PatrolAction,None,1.00,53.5,0,0.63,0,0.120,0.000,82058171
46.15,Utility Enemy 12,Utility,PatrolAction,None,1.00,83.1,0,0.63,0,0.120,0.000,82058171
46.15,Utility Enemy 13,Utility,Dead,None,0.00,24.6,0,0.63,0,0.120,0.000,82058171
46.15,Utility Enemy 8,Utility,PatrolAction,None,1.00,88.2,0,0.63,0,0.120,0.000,82058171
46.15,Utility Enemy 4,Utility,Dead,None,0.00,36.1,0,0.63,0,0.120,0.000,82058171
46.15,Utility Enemy 2,Utility,PatrolAction,None,1.00,111.3,0,0.63,0,0.120,0.000,82058171
47.16,Player,Player,-,None,0.63,,0,0.63,,,,82058171
47.16,FSM Enemy 14,FSM,PatrolState,None,1.00,105.5,0,0.63,0,,,82058171
47.16,FSM Enemy 13,FSM,PatrolState,None,1.00,29.0,0,0.63,0,,,82058171
47.16,FSM Enemy 4,FSM,PatrolState,None,1.00,82.9,0,0.63,0,,,82058171
47.16,FSM Enemy 3,FSM,PatrolState,None,1.00,91.3,0,0.63,0,,,82058171
47.16,FSM Enemy 1,FSM,PatrolState,None,1.00,84.1,0,0.63,0,,,82058171
47.16,FSM Enemy 2,FSM,PatrolState,None,1.00,107.9,0,0.63,0,,,82058171
47.16,FSM Enemy 10,FSM,PatrolState,None,1.00,93.9,0,0.63,0,,,82058171
47.16,FSM Enemy 15,FSM,PatrolState,None,1.00,25.5,0,0.63,24,,,82058171
47.16,FSM Enemy 11,FSM,PatrolState,None,1.00,20.9,0,0.63,8,,,82058171
47.16,FSM Enemy 5,FSM,Dead,None,0.00,50.6,0,0.63,0,,,82058171
47.16,FSM Enemy 9,FSM,PatrolState,None,1.00,61.5,0,0.63,0,,,82058171
47.16,FSM Enemy 12,FSM,PatrolState,None,1.00,89.0,0,0.63,0,,,82058171
47.16,FSM Enemy 7,FSM,PatrolState,None,1.00,21.0,0,0.63,16,,,82058171
47.16,FSM Enemy 6,FSM,PatrolState,None,1.00,68.1,0,0.63,0,,,82058171
47.16,FSM Enemy 8,FSM,PatrolState,None,1.00,58.6,0,0.63,0,,,82058171
47.16,Utility Enemy 9,Utility,PatrolAction,None,1.00,49.5,0,0.63,0,0.120,0.000,82058171
47.16,Utility Enemy 11,Utility,PatrolAction,None,1.00,61.4,0,0.63,0,0.120,0.000,82058171
47.16,Utility Enemy 3,Utility,PatrolAction,None,1.00,95.8,0,0.63,0,0.120,0.000,82058171
47.16,Utility Enemy 7,Utility,PatrolAction,None,1.00,77.3,0,0.63,0,0.120,0.000,82058171
47.16,Utility Enemy 1,Utility,PatrolAction,None,1.00,64.7,0,0.63,0,0.120,0.000,82058171
47.16,Utility Enemy 5,Utility,PatrolAction,None,1.00,70.9,0,0.63,0,0.120,0.000,82058171
47.16,Utility Enemy 10,Utility,PatrolAction,None,1.00,51.5,0,0.63,0,0.120,0.000,82058171
47.16,Utility Enemy 15,Utility,PatrolAction,None,1.00,85.3,0,0.63,0,0.120,0.000,82058171
47.16,Utility Enemy 6,Utility,Dead,None,0.00,21.9,0,0.63,8,0.120,0.000,82058171
47.16,Utility Enemy 14,Utility,PatrolAction,None,1.00,57.2,0,0.63,0,0.120,0.000,82058171
47.16,Utility Enemy 12,Utility,PatrolAction,None,1.00,81.7,0,0.63,0,0.120,0.000,82058171
47.16,Utility Enemy 13,Utility,Dead,None,0.00,24.6,0,0.63,0,0.120,0.000,82058171
47.16,Utility Enemy 8,Utility,PatrolAction,None,1.00,85.3,0,0.63,0,0.120,0.000,82058171
47.16,Utility Enemy 4,Utility,Dead,None,0.00,36.1,0,0.63,0,0.120,0.000,82058171
47.16,Utility Enemy 2,Utility,PatrolAction,None,1.00,108.0,0,0.63,0,0.120,0.000,82058171
48.16,Player,Player,-,None,0.63,,0,0.63,,,,82058171
48.16,FSM Enemy 14,FSM,PatrolState,None,1.00,103.2,0,0.63,0,,,82058171
48.16,FSM Enemy 13,FSM,PatrolState,None,1.00,27.3,0,0.63,0,,,82058171
48.16,FSM Enemy 4,FSM,PatrolState,None,1.00,84.1,0,0.63,0,,,82058171
48.16,FSM Enemy 3,FSM,PatrolState,None,1.00,93.8,0,0.63,0,,,82058171
48.16,FSM Enemy 1,FSM,PatrolState,None,1.00,82.6,0,0.63,0,,,82058171
48.16,FSM Enemy 2,FSM,PatrolState,None,1.00,108.2,0,0.63,0,,,82058171
48.16,FSM Enemy 10,FSM,PatrolState,None,1.00,94.9,0,0.63,0,,,82058171
48.16,FSM Enemy 15,FSM,PatrolState,None,1.00,27.4,0,0.63,24,,,82058171
48.16,FSM Enemy 11,FSM,PatrolState,None,1.00,19.2,0,0.63,8,,,82058171
48.16,FSM Enemy 5,FSM,Dead,None,0.00,50.6,0,0.63,0,,,82058171
48.16,FSM Enemy 9,FSM,PatrolState,None,1.00,59.6,0,0.63,0,,,82058171
48.16,FSM Enemy 12,FSM,PatrolState,None,1.00,89.9,0,0.63,0,,,82058171
48.16,FSM Enemy 7,FSM,PatrolState,None,1.00,19.7,0,0.63,16,,,82058171
48.16,FSM Enemy 6,FSM,PatrolState,None,1.00,69.2,0,0.63,0,,,82058171
48.16,FSM Enemy 8,FSM,PatrolState,None,1.00,58.4,0,0.63,0,,,82058171
48.16,Utility Enemy 9,Utility,PatrolAction,None,1.00,47.9,0,0.63,0,0.120,0.000,82058171
48.16,Utility Enemy 11,Utility,PatrolAction,None,1.00,62.0,0,0.63,0,0.120,0.000,82058171
48.16,Utility Enemy 3,Utility,PatrolAction,None,1.00,96.1,0,0.63,0,0.120,0.000,82058171
48.16,Utility Enemy 7,Utility,PatrolAction,None,1.00,81.6,0,0.63,0,0.120,0.000,82058171
48.16,Utility Enemy 1,Utility,PatrolAction,None,1.00,63.1,0,0.63,0,0.120,0.000,82058171
48.16,Utility Enemy 5,Utility,PatrolAction,None,1.00,71.6,0,0.63,0,0.120,0.000,82058171
48.16,Utility Enemy 10,Utility,PatrolAction,None,1.00,50.4,0,0.63,0,0.120,0.000,82058171
48.16,Utility Enemy 15,Utility,PatrolAction,None,1.00,89.6,0,0.63,0,0.120,0.000,82058171
48.16,Utility Enemy 6,Utility,Dead,None,0.00,21.9,0,0.63,8,0.120,0.000,82058171
48.16,Utility Enemy 14,Utility,PatrolAction,None,1.00,54.9,0,0.63,0,0.120,0.000,82058171
48.16,Utility Enemy 12,Utility,PatrolAction,None,1.00,80.6,0,0.63,0,0.120,0.000,82058171
48.16,Utility Enemy 13,Utility,Dead,None,0.00,24.6,0,0.63,0,0.120,0.000,82058171
48.16,Utility Enemy 8,Utility,PatrolAction,None,1.00,81.4,0,0.63,0,0.120,0.000,82058171
48.16,Utility Enemy 4,Utility,Dead,None,0.00,36.1,0,0.63,0,0.120,0.000,82058171
48.16,Utility Enemy 2,Utility,PatrolAction,None,1.00,106.9,0,0.63,0,0.120,0.000,82058171
49.17,Player,Player,-,None,0.63,,0,0.63,,,,82058171
49.17,FSM Enemy 14,FSM,PatrolState,None,1.00,100.9,0,0.63,0,,,82058171
49.17,FSM Enemy 13,FSM,PatrolState,None,1.00,25.6,0,0.63,0,,,82058171
49.17,FSM Enemy 4,FSM,PatrolState,None,1.00,85.4,0,0.63,0,,,82058171
49.17,FSM Enemy 3,FSM,PatrolState,None,1.00,95.7,0,0.63,0,,,82058171
49.17,FSM Enemy 1,FSM,PatrolState,None,1.00,81.1,0,0.63,0,,,82058171
49.17,FSM Enemy 2,FSM,PatrolState,None,1.00,109.6,0,0.63,0,,,82058171
49.17,FSM Enemy 10,FSM,PatrolState,None,1.00,94.4,0,0.63,0,,,82058171
49.17,FSM Enemy 15,FSM,PatrolState,None,1.00,29.6,0,0.63,24,,,82058171
49.17,FSM Enemy 11,FSM,PatrolState,None,1.00,17.4,0,0.63,8,,,82058171
49.17,FSM Enemy 5,FSM,Dead,None,0.00,50.6,0,0.63,0,,,82058171
49.17,FSM Enemy 9,FSM,PatrolState,None,1.00,57.7,0,0.63,0,,,82058171
49.17,FSM Enemy 12,FSM,PatrolState,None,1.00,89.1,0,0.63,0,,,82058171
49.17,FSM Enemy 7,FSM,PatrolState,None,1.00,18.6,0,0.63,16,,,82058171
49.17,FSM Enemy 6,FSM,PatrolState,None,1.00,70.4,0,0.63,0,,,82058171
49.17,FSM Enemy 8,FSM,PatrolState,None,1.00,59.2,0,0.63,0,,,82058171
49.17,Utility Enemy 9,Utility,PatrolAction,None,1.00,46.6,0,0.63,0,0.120,0.000,82058171
49.17,Utility Enemy 11,Utility,PatrolAction,None,1.00,62.7,0,0.63,0,0.120,0.000,82058171
49.17,Utility Enemy 3,Utility,PatrolAction,None,1.00,94.5,0,0.63,0,0.120,0.000,82058171
49.17,Utility Enemy 7,Utility,PatrolAction,None,1.00,83.2,0,0.63,0,0.120,0.000,82058171
49.17,Utility Enemy 1,Utility,PatrolAction,None,1.00,66.9,0,0.63,0,0.120,0.000,82058171
49.17,Utility Enemy 5,Utility,PatrolAction,None,1.00,73.9,0,0.63,0,0.120,0.000,82058171
49.17,Utility Enemy 10,Utility,PatrolAction,None,1.00,48.9,0,0.63,0,0.120,0.000,82058171
49.17,Utility Enemy 15,Utility,PatrolAction,None,1.00,93.0,0,0.63,0,0.120,0.000,82058171
49.17,Utility Enemy 6,Utility,Dead,None,0.00,21.9,0,0.63,8,0.120,0.000,82058171
49.17,Utility Enemy 14,Utility,PatrolAction,None,1.00,51.6,0,0.63,0,0.120,0.000,82058171
49.17,Utility Enemy 12,Utility,PatrolAction,None,1.00,84.7,0,0.63,0,0.120,0.000,82058171
49.17,Utility Enemy 13,Utility,Dead,None,0.00,24.6,0,0.63,0,0.120,0.000,82058171
49.17,Utility Enemy 8,Utility,PatrolAction,None,1.00,77.4,0,0.63,0,0.120,0.000,82058171
49.17,Utility Enemy 4,Utility,Dead,None,0.00,36.1,0,0.63,0,0.120,0.000,82058171
49.17,Utility Enemy 2,Utility,PatrolAction,None,1.00,105.2,0,0.63,0,0.120,0.000,82058171
50.17,Player,Player,-,EnemyDuplicate,0.63,,0,0.63,,,,82058171
50.17,FSM Enemy 14,FSM,AttackState,EnemyDuplicate,1.00,98.7,0,0.63,0,,,82058171
50.17,FSM Enemy 13,FSM,AttackState,EnemyDuplicate,1.00,23.7,0,0.63,0,,,82058171
50.17,FSM Enemy 4,FSM,AttackState,EnemyDuplicate,1.00,86.3,0,0.63,0,,,82058171
50.17,FSM Enemy 3,FSM,AttackState,EnemyDuplicate,1.00,96.0,0,0.63,0,,,82058171
50.17,FSM Enemy 1,FSM,AttackState,EnemyDuplicate,1.00,80.1,0,0.63,0,,,82058171
50.17,FSM Enemy 2,FSM,AttackState,EnemyDuplicate,1.00,108.1,0,0.63,0,,,82058171
50.17,FSM Enemy 10,FSM,AttackState,EnemyDuplicate,1.00,92.5,0,0.63,0,,,82058171
50.17,FSM Enemy 15,FSM,AttackState,EnemyDuplicate,1.00,31.8,0,0.63,24,,,82058171
50.17,FSM Enemy 11,FSM,AttackState,EnemyDuplicate,1.00,15.8,0,0.63,8,,,82058171
50.17,FSM Enemy 5,FSM,Dead,EnemyDuplicate,0.00,50.6,0,0.63,0,,,82058171
50.17,FSM Enemy 9,FSM,AttackState,EnemyDuplicate,1.00,55.9,0,0.63,0,,,82058171
50.17,FSM Enemy 12,FSM,AttackState,EnemyDuplicate,1.00,88.7,0,0.63,0,,,82058171
50.17,FSM Enemy 7,FSM,AttackState,EnemyDuplicate,1.00,17.8,0,0.63,16,,,82058171
50.17,FSM Enemy 6,FSM,AttackState,EnemyDuplicate,1.00,70.5,0,0.63,0,,,82058171
50.17,FSM Enemy 8,FSM,AttackState,EnemyDuplicate,1.00,58.2,0,0.63,0,,,82058171
50.17,Utility Enemy 9,Utility,PatrolAction,EnemyDuplicate,1.00,45.9,0,0.63,0,0.120,0.000,82058171
50.17,Utility Enemy 11,Utility,RepositionAction,EnemyDuplicate,1.00,61.5,0,0.63,0,0.650,0.120,82058171
50.17,Utility Enemy 3,Utility,PatrolAction,EnemyDuplicate,1.00,90.0,0,0.63,0,0.120,0.000,82058171
50.17,Utility Enemy 7,Utility,PatrolAction,EnemyDuplicate,1.00,78.9,0,0.63,0,0.120,0.000,82058171
50.17,Utility Enemy 1,Utility,PatrolAction,EnemyDuplicate,1.00,66.3,0,0.63,0,0.120,0.000,82058171
50.17,Utility Enemy 5,Utility,PatrolAction,EnemyDuplicate,1.00,78.0,0,0.63,0,0.120,0.000,82058171
50.17,Utility Enemy 10,Utility,PatrolAction,EnemyDuplicate,1.00,46.3,0,0.63,0,0.120,0.000,82058171
50.17,Utility Enemy 15,Utility,PatrolAction,EnemyDuplicate,1.00,90.1,0,0.63,0,0.120,0.000,82058171
50.17,Utility Enemy 6,Utility,Dead,EnemyDuplicate,0.00,21.9,0,0.63,8,0.120,0.000,82058171
50.17,Utility Enemy 14,Utility,PatrolAction,EnemyDuplicate,1.00,52.4,0,0.63,0,0.120,0.000,82058171
50.17,Utility Enemy 12,Utility,PatrolAction,EnemyDuplicate,1.00,87.4,0,0.63,0,0.120,0.000,82058171
50.17,Utility Enemy 13,Utility,Dead,EnemyDuplicate,0.00,24.6,0,0.63,0,0.120,0.000,82058171
50.17,Utility Enemy 8,Utility,PatrolAction,EnemyDuplicate,1.00,74.9,0,0.63,0,0.120,0.000,82058171
50.17,Utility Enemy 4,Utility,Dead,EnemyDuplicate,0.00,36.1,0,0.63,0,0.120,0.000,82058171
50.17,Utility Enemy 2,Utility,PatrolAction,EnemyDuplicate,1.00,104.1,0,0.63,0,0.120,0.000,82058171
51.18,Player,Player,-,EnemyDuplicate,0.63,,0,0.63,,,,82058171
51.18,FSM Enemy 14,FSM,AttackState,EnemyDuplicate,1.00,98.6,0,0.63,0,,,82058171
51.18,FSM Enemy 13,FSM,AttackState,EnemyDuplicate,1.00,23.6,0,0.63,0,,,82058171
51.18,FSM Enemy 4,FSM,AttackState,EnemyDuplicate,1.00,86.3,0,0.63,0,,,82058171
51.18,FSM Enemy 3,FSM,AttackState,EnemyDuplicate,1.00,96.0,0,0.63,0,,,82058171
51.18,FSM Enemy 1,FSM,AttackState,EnemyDuplicate,1.00,80.1,0,0.63,0,,,82058171
51.18,FSM Enemy 2,FSM,AttackState,EnemyDuplicate,1.00,108.0,0,0.63,0,,,82058171
51.18,FSM Enemy 10,FSM,AttackState,EnemyDuplicate,1.00,92.4,0,0.63,0,,,82058171
51.18,FSM Enemy 15,FSM,AttackState,EnemyDuplicate,1.00,31.8,0,0.63,24,,,82058171
51.18,FSM Enemy 11,FSM,AttackState,EnemyDuplicate,1.00,15.7,0,0.63,8,,,82058171
51.18,FSM Enemy 5,FSM,Dead,EnemyDuplicate,0.00,50.6,0,0.63,0,,,82058171
51.18,FSM Enemy 9,FSM,AttackState,EnemyDuplicate,1.00,55.8,0,0.63,0,,,82058171
51.18,FSM Enemy 12,FSM,AttackState,EnemyDuplicate,1.00,88.7,0,0.63,0,,,82058171
51.18,FSM Enemy 7,FSM,AttackState,EnemyDuplicate,1.00,17.8,0,0.63,16,,,82058171
51.18,FSM Enemy 6,FSM,AttackState,EnemyDuplicate,1.00,70.5,0,0.63,0,,,82058171
51.18,FSM Enemy 8,FSM,AttackState,EnemyDuplicate,1.00,58.1,0,0.63,0,,,82058171
51.18,Utility Enemy 9,Utility,RepositionAction,EnemyDuplicate,1.00,43.3,0,0.63,0,0.650,0.120,82058171
51.18,Utility Enemy 11,Utility,RepositionAction,EnemyDuplicate,1.00,62.8,0,0.63,0,0.650,0.120,82058171
51.18,Utility Enemy 3,Utility,RepositionAction,EnemyDuplicate,1.00,86.6,0,0.63,0,0.650,0.120,82058171
51.18,Utility Enemy 7,Utility,RepositionAction,EnemyDuplicate,1.00,79.7,0,0.63,0,0.650,0.120,82058171
51.18,Utility Enemy 1,Utility,RepositionAction,EnemyDuplicate,1.00,66.6,0,0.63,0,0.650,0.120,82058171
51.18,Utility Enemy 5,Utility,RepositionAction,EnemyDuplicate,1.00,81.1,0,0.63,0,0.650,0.120,82058171
51.18,Utility Enemy 10,Utility,RepositionAction,EnemyDuplicate,1.00,46.9,0,0.63,0,0.650,0.120,82058171
51.18,Utility Enemy 15,Utility,RepositionAction,EnemyDuplicate,1.00,90.4,0,0.63,0,0.650,0.120,82058171
51.18,Utility Enemy 6,Utility,Dead,EnemyDuplicate,0.00,21.9,0,0.63,8,0.120,0.000,82058171
51.18,Utility Enemy 14,Utility,RepositionAction,EnemyDuplicate,1.00,55.7,0,0.63,0,0.650,0.120,82058171
51.18,Utility Enemy 12,Utility,RepositionAction,EnemyDuplicate,1.00,89.8,0,0.63,0,0.650,0.120,82058171
51.18,Utility Enemy 13,Utility,Dead,EnemyDuplicate,0.00,24.6,0,0.63,0,0.120,0.000,82058171
51.18,Utility Enemy 8,Utility,RepositionAction,EnemyDuplicate,1.00,73.7,0,0.63,0,0.650,0.120,82058171
51.18,Utility Enemy 4,Utility,Dead,EnemyDuplicate,0.00,36.1,0,0.63,0,0.120,0.000,82058171
51.18,Utility Enemy 2,Utility,RepositionAction,EnemyDuplicate,1.00,106.3,0,0.63,0,0.650,0.120,82058171
52.18,Player,Player,-,EnemyDuplicate,0.63,,0,0.63,,,,82058171
52.18,FSM Enemy 14,FSM,AttackState,EnemyDuplicate,1.00,99.2,0,0.63,0,,,82058171
52.18,FSM Enemy 13,FSM,AttackState,EnemyDuplicate,1.00,24.7,0,0.63,0,,,82058171
52.18,FSM Enemy 4,FSM,AttackState,EnemyDuplicate,1.00,86.0,0,0.63,0,,,82058171
52.18,FSM Enemy 3,FSM,AttackState,EnemyDuplicate,1.00,97.8,0,0.63,0,,,82058171
52.18,FSM Enemy 1,FSM,AttackState,EnemyDuplicate,1.00,82.5,0,0.63,0,,,82058171
52.18,FSM Enemy 2,FSM,AttackState,EnemyDuplicate,1.00,109.0,0,0.63,0,,,82058171
52.18,FSM Enemy 10,FSM,AttackState,EnemyDuplicate,1.00,93.4,0,0.63,0,,,82058171
52.18,FSM Enemy 15,FSM,AttackState,EnemyDuplicate,1.00,32.1,0,0.63,24,,,82058171
52.18,FSM Enemy 11,FSM,AttackState,EnemyDuplicate,1.00,14.8,0,0.63,8,,,82058171
52.18,FSM Enemy 5,FSM,Dead,EnemyDuplicate,0.00,53.1,0,0.63,0,,,82058171
52.18,FSM Enemy 9,FSM,AttackState,EnemyDuplicate,1.00,56.0,0,0.63,0,,,82058171
52.18,FSM Enemy 12,FSM,AttackState,EnemyDuplicate,1.00,87.7,0,0.63,0,,,82058171
52.18,FSM Enemy 7,FSM,AttackState,EnemyDuplicate,1.00,17.2,0,0.63,16,,,82058171
52.18,FSM Enemy 6,FSM,AttackState,EnemyDuplicate,1.00,69.3,0,0.63,0,,,82058171
52.18,FSM Enemy 8,FSM,AttackState,EnemyDuplicate,1.00,59.4,0,0.63,0,,,82058171
52.18,Utility Enemy 9,Utility,RepositionAction,EnemyDuplicate,1.00,44.1,0,0.63,0,0.650,0.120,82058171
52.18,Utility Enemy 11,Utility,RepositionAction,EnemyDuplicate,1.00,66.4,0,0.63,0,0.650,0.120,82058171
52.18,Utility Enemy 3,Utility,RepositionAction,EnemyDuplicate,1.00,83.4,0,0.63,0,0.650,0.120,82058171
52.18,Utility Enemy 7,Utility,RepositionAction,EnemyDuplicate,1.00,83.3,0,0.63,0,0.650,0.120,82058171
52.18,Utility Enemy 1,Utility,RepositionAction,EnemyDuplicate,1.00,70.4,0,0.63,0,0.650,0.120,82058171
52.18,Utility Enemy 5,Utility,RepositionAction,EnemyDuplicate,1.00,81.4,0,0.63,0,0.650,0.120,82058171
52.18,Utility Enemy 10,Utility,RepositionAction,EnemyDuplicate,1.00,49.1,0,0.63,0,0.650,0.120,82058171
52.18,Utility Enemy 15,Utility,RepositionAction,EnemyDuplicate,1.00,94.5,0,0.63,0,0.650,0.120,82058171
52.18,Utility Enemy 6,Utility,RepositionAction,EnemyDuplicate,1.00,55.3,0,0.63,8,0.650,0.120,82058171
52.18,Utility Enemy 14,Utility,RepositionAction,EnemyDuplicate,1.00,57.1,0,0.63,0,0.650,0.120,82058171
52.18,Utility Enemy 12,Utility,RepositionAction,EnemyDuplicate,1.00,88.9,0,0.63,0,0.650,0.120,82058171
52.18,Utility Enemy 13,Utility,Dead,EnemyDuplicate,0.00,26.8,0,0.63,0,0.120,0.000,82058171
52.18,Utility Enemy 8,Utility,RepositionAction,EnemyDuplicate,1.00,77.2,0,0.63,0,0.650,0.120,82058171
52.18,Utility Enemy 4,Utility,Dead,EnemyDuplicate,0.00,38.5,0,0.63,0,0.120,0.000,82058171
52.18,Utility Enemy 2,Utility,RepositionAction,EnemyDuplicate,1.00,105.0,0,0.63,0,0.650,0.120,82058171
53.19,Player,Player,-,EnemyDuplicate,0.63,,0,0.63,,,,82058171
53.19,FSM Enemy 14,FSM,AttackState,EnemyDuplicate,1.00,100.5,0,0.63,0,,,82058171
53.19,FSM Enemy 13,FSM,AttackState,EnemyDuplicate,1.00,25.8,0,0.63,0,,,82058171
53.19,FSM Enemy 4,FSM,AttackState,EnemyDuplicate,1.00,87.3,0,0.63,0,,,82058171
53.19,FSM Enemy 3,FSM,AttackState,EnemyDuplicate,1.00,98.8,0,0.63,0,,,82058171
53.19,FSM Enemy 1,FSM,AttackState,EnemyDuplicate,1.00,83.1,0,0.63,0,,,82058171
53.19,FSM Enemy 2,FSM,AttackState,EnemyDuplicate,1.00,110.3,0,0.63,0,,,82058171
53.19,FSM Enemy 10,FSM,AttackState,EnemyDuplicate,1.00,94.7,0,0.63,0,,,82058171
53.19,FSM Enemy 15,FSM,AttackState,EnemyDuplicate,1.00,33.4,0,0.63,24,,,82058171
53.19,FSM Enemy 11,FSM,AttackState,EnemyDuplicate,1.00,15.5,0,0.63,8,,,82058171
53.19,FSM Enemy 5,FSM,Dead,EnemyDuplicate,0.00,53.6,0,0.63,0,,,82058171
53.19,FSM Enemy 9,FSM,AttackState,EnemyDuplicate,1.00,57.4,0,0.63,0,,,82058171
53.19,FSM Enemy 12,FSM,AttackState,EnemyDuplicate,1.00,88.9,0,0.63,0,,,82058171
53.19,FSM Enemy 7,FSM,AttackState,EnemyDuplicate,1.00,18.1,0,0.63,16,,,82058171
53.19,FSM Enemy 6,FSM,AttackState,EnemyDuplicate,1.00,70.4,0,0.63,0,,,82058171
53.19,FSM Enemy 8,FSM,AttackState,EnemyDuplicate,1.00,60.6,0,0.63,0,,,82058171
53.19,Utility Enemy 9,Utility,RepositionAction,EnemyDuplicate,1.00,45.6,0,0.63,0,0.650,0.120,82058171
53.19,Utility Enemy 11,Utility,RepositionAction,EnemyDuplicate,1.00,66.5,0,0.63,0,0.650,0.120,82058171
53.19,Utility Enemy 3,Utility,RepositionAction,EnemyDuplicate,1.00,83.9,0,0.63,0,0.650,0.120,82058171
53.19,Utility Enemy 7,Utility,RepositionAction,EnemyDuplicate,1.00,87.5,0,0.63,0,0.650,0.120,82058171
53.19,Utility Enemy 1,Utility,RepositionAction,EnemyDuplicate,1.00,71.4,0,0.63,0,0.650,0.120,82058171
53.19,Utility Enemy 5,Utility,RepositionAction,EnemyDuplicate,1.00,82.8,0,0.63,0,0.650,0.120,82058171
53.19,Utility Enemy 10,Utility,RepositionAction,EnemyDuplicate,1.00,53.8,0,0.63,0,0.650,0.120,82058171
53.19,Utility Enemy 15,Utility,RepositionAction,EnemyDuplicate,1.00,93.9,0,0.63,0,0.650,0.120,82058171
53.19,Utility Enemy 6,Utility,RepositionAction,EnemyDuplicate,1.00,58.5,0,0.63,8,0.650,0.120,82058171
53.19,Utility Enemy 14,Utility,RepositionAction,EnemyDuplicate,1.00,59.4,0,0.63,0,0.650,0.120,82058171
53.19,Utility Enemy 12,Utility,RepositionAction,EnemyDuplicate,1.00,88.5,0,0.63,0,0.650,0.120,82058171
53.19,Utility Enemy 13,Utility,Dead,EnemyDuplicate,0.00,27.4,0,0.63,0,0.120,0.000,82058171
53.19,Utility Enemy 8,Utility,RepositionAction,EnemyDuplicate,1.00,76.7,0,0.63,0,0.650,0.120,82058171
53.19,Utility Enemy 4,Utility,Dead,EnemyDuplicate,0.00,39.0,0,0.63,0,0.120,0.000,82058171
53.19,Utility Enemy 2,Utility,RepositionAction,EnemyDuplicate,1.00,105.2,0,0.63,0,0.650,0.120,82058171
54.19,Player,Player,-,EnemyDuplicate,0.63,,0,0.63,,,,82058171
54.19,FSM Enemy 14,FSM,AttackState,EnemyDuplicate,1.00,99.3,0,0.63,0,,,82058171
54.19,FSM Enemy 13,FSM,AttackState,EnemyDuplicate,1.00,24.7,0,0.63,0,,,82058171
54.19,FSM Enemy 4,FSM,AttackState,EnemyDuplicate,1.00,86.2,0,0.63,0,,,82058171
54.19,FSM Enemy 3,FSM,AttackState,EnemyDuplicate,1.00,97.7,0,0.63,0,,,82058171
54.19,FSM Enemy 1,FSM,AttackState,EnemyDuplicate,1.00,82.3,0,0.63,0,,,82058171
54.19,FSM Enemy 2,FSM,AttackState,EnemyDuplicate,1.00,109.1,0,0.63,0,,,82058171
54.19,FSM Enemy 10,FSM,AttackState,EnemyDuplicate,1.00,93.4,0,0.63,0,,,82058171
54.19,FSM Enemy 15,FSM,AttackState,EnemyDuplicate,1.00,32.3,0,0.63,24,,,82058171
54.19,FSM Enemy 11,FSM,AttackState,EnemyDuplicate,1.00,15.0,0,0.63,8,,,82058171
54.19,FSM Enemy 5,FSM,Dead,EnemyDuplicate,0.00,52.9,0,0.63,0,,,82058171
54.19,FSM Enemy 9,FSM,AttackState,EnemyDuplicate,1.00,56.2,0,0.63,0,,,82058171
54.19,FSM Enemy 12,FSM,AttackState,EnemyDuplicate,1.00,88.0,0,0.63,0,,,82058171
54.19,FSM Enemy 7,FSM,AttackState,EnemyDuplicate,1.00,17.3,0,0.63,16,,,82058171
54.19,FSM Enemy 6,FSM,AttackState,EnemyDuplicate,1.00,69.5,0,0.63,0,,,82058171
54.19,FSM Enemy 8,FSM,AttackState,EnemyDuplicate,1.00,59.4,0,0.63,0,,,82058171
54.19,Utility Enemy 9,Utility,RepositionAction,EnemyDuplicate,1.00,41.2,0,0.63,0,0.650,0.120,82058171
54.19,Utility Enemy 11,Utility,RepositionAction,EnemyDuplicate,1.00,64.9,0,0.63,0,0.650,0.120,82058171
54.19,Utility Enemy 3,Utility,RepositionAction,EnemyDuplicate,1.00,85.0,0,0.63,0,0.650,0.120,82058171
54.19,Utility Enemy 7,Utility,RepositionAction,EnemyDuplicate,1.00,84.0,0,0.63,0,0.650,0.120,82058171
54.19,Utility Enemy 1,Utility,RepositionAction,EnemyDuplicate,1.00,70.9,0,0.63,0,0.650,0.120,82058171
54.19,Utility Enemy 5,Utility,RepositionAction,EnemyDuplicate,1.00,84.1,0,0.63,0,0.650,0.120,82058171
54.19,Utility Enemy 10,Utility,RepositionAction,EnemyDuplicate,1.00,50.3,0,0.63,0,0.650,0.120,82058171
54.19,Utility Enemy 15,Utility,RepositionAction,EnemyDuplicate,1.00,92.5,0,0.63,0,0.650,0.120,82058171
54.19,Utility Enemy 6,Utility,RepositionAction,EnemyDuplicate,1.00,57.7,0,0.63,8,0.650,0.120,82058171
54.19,Utility Enemy 14,Utility,RepositionAction,EnemyDuplicate,1.00,59.1,0,0.63,0,0.650,0.120,82058171
54.19,Utility Enemy 12,Utility,RepositionAction,EnemyDuplicate,1.00,83.6,0,0.63,0,0.650,0.120,82058171
54.19,Utility Enemy 13,Utility,Dead,EnemyDuplicate,0.00,26.6,0,0.63,0,0.120,0.000,82058171
54.19,Utility Enemy 8,Utility,RepositionAction,EnemyDuplicate,1.00,72.0,0,0.63,0,0.650,0.120,82058171
54.19,Utility Enemy 4,Utility,Dead,EnemyDuplicate,0.00,38.3,0,0.63,0,0.120,0.000,82058171
54.19,Utility Enemy 2,Utility,RepositionAction,EnemyDuplicate,1.00,105.5,0,0.63,0,0.650,0.120,82058171
55.19,Player,Player,-,None,0.63,,0,0.63,,,,82058171
55.19,FSM Enemy 14,FSM,PatrolState,None,1.00,99.2,0,0.63,0,,,82058171
55.19,FSM Enemy 13,FSM,PatrolState,None,1.00,24.7,0,0.63,0,,,82058171
55.19,FSM Enemy 4,FSM,PatrolState,None,1.00,86.2,0,0.63,0,,,82058171
55.19,FSM Enemy 3,FSM,PatrolState,None,1.00,97.6,0,0.63,0,,,82058171
55.19,FSM Enemy 1,FSM,PatrolState,None,1.00,82.4,0,0.63,0,,,82058171
55.19,FSM Enemy 2,FSM,PatrolState,None,1.00,109.0,0,0.63,0,,,82058171
55.19,FSM Enemy 10,FSM,PatrolState,None,1.00,93.5,0,0.63,0,,,82058171
55.19,FSM Enemy 15,FSM,PatrolState,None,1.00,32.2,0,0.63,24,,,82058171
55.19,FSM Enemy 11,FSM,PatrolState,None,1.00,15.0,0,0.63,8,,,82058171
55.19,FSM Enemy 5,FSM,Dead,None,0.00,52.9,0,0.63,0,,,82058171
55.19,FSM Enemy 9,FSM,PatrolState,None,1.00,56.2,0,0.63,0,,,82058171
55.19,FSM Enemy 12,FSM,PatrolState,None,1.00,87.9,0,0.63,0,,,82058171
55.19,FSM Enemy 7,FSM,PatrolState,None,1.00,17.4,0,0.63,16,,,82058171
55.19,FSM Enemy 6,FSM,PatrolState,None,1.00,69.5,0,0.63,0,,,82058171
55.19,FSM Enemy 8,FSM,PatrolState,None,1.00,59.4,0,0.63,0,,,82058171
55.19,Utility Enemy 9,Utility,RepositionAction,None,1.00,42.4,0,0.63,0,0.650,0.120,82058171
55.19,Utility Enemy 11,Utility,PatrolAction,None,1.00,62.4,0,0.63,0,0.120,0.000,82058171
55.19,Utility Enemy 3,Utility,RepositionAction,None,1.00,86.3,0,0.63,0,0.650,0.120,82058171
55.19,Utility Enemy 7,Utility,RepositionAction,None,1.00,82.7,0,0.63,0,0.650,0.120,82058171
55.19,Utility Enemy 1,Utility,RepositionAction,None,1.00,70.9,0,0.63,0,0.650,0.120,82058171
55.19,Utility Enemy 5,Utility,RepositionAction,None,1.00,87.6,0,0.63,0,0.650,0.120,82058171
55.19,Utility Enemy 10,Utility,RepositionAction,None,1.00,48.6,0,0.63,0,0.650,0.120,82058171
55.19,Utility Enemy 15,Utility,RepositionAction,None,1.00,90.8,0,0.63,0,0.650,0.120,82058171
55.19,Utility Enemy 6,Utility,PatrolAction,None,1.00,53.8,0,0.63,8,0.120,0.000,82058171
55.19,Utility Enemy 14,Utility,RepositionAction,None,1.00,57.6,0,0.63,0,0.650,0.120,82058171
55.19,Utility Enemy 12,Utility,RepositionAction,None,1.00,81.6,0,0.63,0,0.650,0.120,82058171
55.19,Utility Enemy 13,Utility,Dead,None,0.00,26.6,0,0.63,0,0.120,0.000,82058171
55.19,Utility Enemy 8,Utility,RepositionAction,None,1.00,73.2,0,0.63,0,0.650,0.120,82058171
55.19,Utility Enemy 4,Utility,Dead,None,0.00,38.3,0,0.63,0,0.120,0.000,82058171
55.19,Utility Enemy 2,Utility,RepositionAction,None,1.00,107.6,0,0.63,0,0.650,0.120,82058171
56.20,Player,Player,-,None,0.63,,0,0.63,,,,82058171
56.20,FSM Enemy 14,FSM,PatrolState,None,1.00,96.8,0,0.63,0,,,82058171
56.20,FSM Enemy 13,FSM,PatrolState,None,1.00,24.9,0,0.63,0,,,82058171
56.20,FSM Enemy 4,FSM,PatrolState,None,1.00,85.3,0,0.63,0,,,82058171
56.20,FSM Enemy 3,FSM,PatrolState,None,1.00,95.5,0,0.63,0,,,82058171
56.20,FSM Enemy 1,FSM,PatrolState,None,1.00,84.8,0,0.63,0,,,82058171
56.20,FSM Enemy 2,FSM,PatrolState,None,1.00,109.9,0,0.63,0,,,82058171
56.20,FSM Enemy 10,FSM,PatrolState,None,1.00,95.1,0,0.63,0,,,82058171
56.20,FSM Enemy 15,FSM,PatrolState,None,1.00,29.9,0,0.63,24,,,82058171
56.20,FSM Enemy 11,FSM,PatrolState,None,1.00,14.3,0,0.63,8,,,82058171
56.20,FSM Enemy 5,FSM,Dead,None,0.00,52.9,0,0.63,0,,,82058171
56.20,FSM Enemy 9,FSM,PatrolState,None,1.00,55.5,0,0.63,0,,,82058171
56.20,FSM Enemy 12,FSM,PatrolState,None,1.00,85.7,0,0.63,0,,,82058171
56.20,FSM Enemy 7,FSM,PatrolState,None,1.00,19.1,0,0.63,16,,,82058171
56.20,FSM Enemy 6,FSM,PatrolState,None,1.00,67.6,0,0.63,0,,,82058171
56.20,FSM Enemy 8,FSM,PatrolState,None,1.00,57.9,0,0.63,0,,,82058171
56.20,Utility Enemy 9,Utility,PatrolAction,None,1.00,46.0,0,0.63,0,0.120,0.000,82058171
56.20,Utility Enemy 11,Utility,PatrolAction,None,1.00,58.5,0,0.63,0,0.120,0.000,82058171
56.20,Utility Enemy 3,Utility,PatrolAction,None,1.00,84.7,0,0.63,0,0.120,0.000,82058171
56.20,Utility Enemy 7,Utility,PatrolAction,None,1.00,86.3,0,0.63,0,0.120,0.000,82058171
56.20,Utility Enemy 1,Utility,PatrolAction,None,1.00,67.4,0,0.63,0,0.120,0.000,82058171
56.20,Utility Enemy 5,Utility,PatrolAction,None,1.00,89.8,0,0.63,0,0.120,0.000,82058171
56.20,Utility Enemy 10,Utility,PatrolAction,None,0.75,48.1,0,0.63,0,0.120,0.000,82058171
56.20,Utility Enemy 15,Utility,PatrolAction,None,1.00,90.6,0,0.63,0,0.120,0.000,82058171
56.20,Utility Enemy 6,Utility,PatrolAction,None,1.00,54.6,0,0.63,8,0.120,0.000,82058171
56.20,Utility Enemy 14,Utility,PatrolAction,None,1.00,60.3,0,0.63,0,0.120,0.000,82058171
56.20,Utility Enemy 12,Utility,PatrolAction,None,1.00,79.0,0,0.63,0,0.120,0.000,82058171
56.20,Utility Enemy 13,Utility,PatrolAction,None,1.00,59.6,0,0.63,0,0.120,0.000,82058171
56.20,Utility Enemy 8,Utility,PatrolAction,None,1.00,73.2,0,0.63,0,0.120,0.000,82058171
56.20,Utility Enemy 4,Utility,Dead,None,0.00,38.3,0,0.63,0,0.120,0.000,82058171
56.20,Utility Enemy 2,Utility,PatrolAction,None,1.00,110.7,0,0.63,0,0.120,0.000,82058171
57.20,Player,Player,-,None,0.63,,0,0.63,,,,82058171
57.20,FSM Enemy 14,FSM,PatrolState,None,1.00,95.0,0,0.63,0,,,82058171
57.20,FSM Enemy 13,FSM,PatrolState,None,1.00,25.4,0,0.63,0,,,82058171
57.20,FSM Enemy 4,FSM,PatrolState,None,1.00,85.4,0,0.63,0,,,82058171
57.20,FSM Enemy 3,FSM,PatrolState,None,1.00,93.5,0,0.63,0,,,82058171
57.20,FSM Enemy 1,FSM,PatrolState,None,1.00,87.3,0,0.63,0,,,82058171
57.20,FSM Enemy 2,FSM,PatrolState,None,1.00,111.6,0,0.63,0,,,82058171
57.20,FSM Enemy 10,FSM,PatrolState,None,1.00,95.3,0,0.63,0,,,82058171
57.20,FSM Enemy 15,FSM,PatrolState,None,1.00,27.7,0,0.63,24,,,82058171
57.20,FSM Enemy 11,FSM,PatrolState,None,1.00,14.1,0,0.63,8,,,82058171
57.20,FSM Enemy 5,FSM,Dead,None,0.00,52.9,0,0.63,0,,,82058171
57.20,FSM Enemy 9,FSM,PatrolState,None,1.00,54.9,0,0.63,0,,,82058171
57.20,FSM Enemy 12,FSM,PatrolState,None,1.00,83.3,0,0.63,0,,,82058171
57.20,FSM Enemy 7,FSM,PatrolState,None,1.00,21.0,0,0.63,16,,,82058171
57.20,FSM Enemy 6,FSM,PatrolState,None,1.00,66.6,0,0.63,0,,,82058171
57.20,FSM Enemy 8,FSM,PatrolState,None,1.00,56.6,0,0.63,0,,,82058171
57.20,Utility Enemy 9,Utility,PatrolAction,None,1.00,44.6,0,0.63,0,0.120,0.000,82058171
57.20,Utility Enemy 11,Utility,PatrolAction,None,1.00,56.5,0,0.63,0,0.120,0.000,82058171
57.20,Utility Enemy 3,Utility,PatrolAction,None,1.00,82.0,0,0.63,0,0.120,0.000,82058171
57.20,Utility Enemy 7,Utility,PatrolAction,None,1.00,89.6,0,0.63,0,0.120,0.000,82058171
57.20,Utility Enemy 1,Utility,PatrolAction,None,1.00,67.7,0,0.63,0,0.120,0.000,82058171
57.20,Utility Enemy 5,Utility,PatrolAction,None,1.00,87.3,0,0.63,0,0.120,0.000,82058171
57.20,Utility Enemy 10,Utility,PatrolAction,None,0.75,49.7,0,0.63,0,0.120,0.000,82058171
57.20,Utility Enemy 15,Utility,PatrolAction,None,1.00,94.1,0,0.63,0,0.120,0.000,82058171
57.20,Utility Enemy 6,Utility,PatrolAction,None,1.00,57.8,0,0.63,8,0.120,0.000,82058171
57.20,Utility Enemy 14,Utility,PatrolAction,None,1.00,63.7,0,0.63,0,0.120,0.000,82058171
57.20,Utility Enemy 12,Utility,PatrolAction,None,1.00,79.5,0,0.63,0,0.120,0.000,82058171
57.20,Utility Enemy 13,Utility,PatrolAction,None,1.00,55.6,0,0.63,0,0.120,0.000,82058171
57.20,Utility Enemy 8,Utility,PatrolAction,None,1.00,74.8,0,0.63,0,0.120,0.000,82058171
57.20,Utility Enemy 4,Utility,PatrolAction,None,1.00,76.0,0,0.63,0,0.120,0.000,82058171
57.20,Utility Enemy 2,Utility,PatrolAction,None,1.00,111.6,0,0.63,0,0.120,0.000,82058171
58.21,Player,Player,-,None,0.63,,0,0.63,,,,82058171
58.21,FSM Enemy 14,FSM,PatrolState,None,1.00,97.2,0,0.63,0,,,82058171
58.21,FSM Enemy 13,FSM,PatrolState,None,1.00,26.1,0,0.63,0,,,82058171
58.21,FSM Enemy 4,FSM,PatrolState,None,1.00,87.6,0,0.63,0,,,82058171
58.21,FSM Enemy 3,FSM,PatrolState,None,1.00,91.6,0,0.63,0,,,82058171
58.21,FSM Enemy 1,FSM,PatrolState,None,1.00,89.6,0,0.63,0,,,82058171
58.21,FSM Enemy 2,FSM,PatrolState,None,1.00,113.3,0,0.63,0,,,82058171
58.21,FSM Enemy 10,FSM,PatrolState,None,1.00,92.8,0,0.63,0,,,82058171
58.21,FSM Enemy 15,FSM,PatrolState,None,1.00,26.5,0,0.63,24,,,82058171
58.21,FSM Enemy 11,FSM,PatrolState,None,1.00,14.3,0,0.63,8,,,82058171
58.21,FSM Enemy 5,FSM,Dead,None,0.00,52.9,0,0.63,0,,,82058171
58.21,FSM Enemy 9,FSM,PatrolState,None,1.00,54.4,0,0.63,0,,,82058171
58.21,FSM Enemy 12,FSM,PatrolState,None,1.00,80.9,0,0.63,0,,,82058171
58.21,FSM Enemy 7,FSM,PatrolState,None,1.00,22.3,0,0.63,16,,,82058171
58.21,FSM Enemy 6,FSM,PatrolState,None,1.00,67.7,0,0.63,0,,,82058171
58.21,FSM Enemy 8,FSM,PatrolState,None,1.00,55.8,0,0.63,0,,,82058171
58.21,Utility Enemy 9,Utility,PatrolAction,None,1.00,43.4,0,0.63,0,0.120,0.000,82058171
58.21,Utility Enemy 11,Utility,PatrolAction,None,1.00,57.0,0,0.63,0,0.120,0.000,82058171
58.21,Utility Enemy 3,Utility,PatrolAction,None,1.00,78.7,0,0.63,0,0.120,0.000,82058171
58.21,Utility Enemy 7,Utility,PatrolAction,None,1.00,87.1,0,0.63,0,0.120,0.000,82058171
58.21,Utility Enemy 1,Utility,PatrolAction,None,1.00,71.3,0,0.63,0,0.120,0.000,82058171
58.21,Utility Enemy 5,Utility,PatrolAction,None,1.00,86.0,0,0.63,0,0.120,0.000,82058171
58.21,Utility Enemy 10,Utility,PatrolAction,None,0.75,52.2,0,0.63,0,0.120,0.000,82058171
58.21,Utility Enemy 15,Utility,PatrolAction,None,1.00,96.2,0,0.63,0,0.120,0.000,82058171
58.21,Utility Enemy 6,Utility,PatrolAction,None,1.00,61.3,0,0.63,8,0.120,0.000,82058171
58.21,Utility Enemy 14,Utility,PatrolAction,None,1.00,67.7,0,0.63,0,0.120,0.000,82058171
58.21,Utility Enemy 12,Utility,PatrolAction,None,1.00,82.5,0,0.63,0,0.120,0.000,82058171
58.21,Utility Enemy 13,Utility,PatrolAction,None,1.00,52.7,0,0.63,0,0.120,0.000,82058171
58.21,Utility Enemy 8,Utility,PatrolAction,None,1.00,77.0,0,0.63,0,0.120,0.000,82058171
58.21,Utility Enemy 4,Utility,PatrolAction,None,1.00,74.1,0,0.63,0,0.120,0.000,82058171
58.21,Utility Enemy 2,Utility,PatrolAction,None,1.00,107.7,0,0.63,0,0.120,0.000,82058171
59.21,Player,Player,-,None,0.63,,0,0.63,,,,82058171
59.21,FSM Enemy 14,FSM,PatrolState,None,1.00,99.2,0,0.63,0,,,82058171
59.21,FSM Enemy 13,FSM,PatrolState,None,1.00,27.0,0,0.63,0,,,82058171
59.21,FSM Enemy 4,FSM,PatrolState,None,1.00,89.4,0,0.63,0,,,82058171
59.21,FSM Enemy 3,FSM,PatrolState,None,1.00,90.2,0,0.63,0,,,82058171
59.21,FSM Enemy 1,FSM,PatrolState,None,1.00,90.0,0,0.63,0,,,82058171
59.21,FSM Enemy 2,FSM,PatrolState,None,1.00,114.7,0,0.63,0,,,82058171
59.21,FSM Enemy 10,FSM,PatrolState,None,1.00,90.0,0,0.63,0,,,82058171
59.21,FSM Enemy 15,FSM,PatrolState,None,1.00,26.9,0,0.63,24,,,82058171
59.21,FSM Enemy 11,FSM,PatrolState,None,1.00,14.1,0,0.63,8,,,82058171
59.21,FSM Enemy 5,FSM,Dead,None,0.00,52.9,0,0.63,0,,,82058171
59.21,FSM Enemy 9,FSM,PatrolState,None,1.00,54.9,0,0.63,0,,,82058171
59.21,FSM Enemy 12,FSM,PatrolState,None,1.00,78.1,0,0.63,0,,,82058171
59.21,FSM Enemy 7,FSM,PatrolState,None,1.00,20.6,0,0.63,16,,,82058171
59.21,FSM Enemy 6,FSM,PatrolState,None,1.00,68.6,0,0.63,0,,,82058171
59.21,FSM Enemy 8,FSM,PatrolState,None,1.00,57.3,0,0.63,0,,,82058171
59.21,Utility Enemy 9,Utility,PatrolAction,None,1.00,42.1,0,0.63,0,0.120,0.000,82058171
59.21,Utility Enemy 11,Utility,PatrolAction,None,1.00,57.9,0,0.63,0,0.120,0.000,82058171
59.21,Utility Enemy 3,Utility,PatrolAction,None,1.00,74.4,0,0.63,0,0.120,0.000,82058171
59.21,Utility Enemy 7,Utility,PatrolAction,None,1.00,83.4,0,0.63,0,0.120,0.000,82058171
59.21,Utility Enemy 1,Utility,PatrolAction,None,1.00,74.3,0,0.63,0,0.120,0.000,82058171
59.21,Utility Enemy 5,Utility,PatrolAction,None,1.00,88.9,0,0.63,0,0.120,0.000,82058171
59.21,Utility Enemy 10,Utility,PatrolAction,None,0.75,55.5,0,0.63,0,0.120,0.000,82058171
59.21,Utility Enemy 15,Utility,PatrolAction,None,1.00,92.4,0,0.63,0,0.120,0.000,82058171
59.21,Utility Enemy 6,Utility,PatrolAction,None,1.00,63.3,0,0.63,8,0.120,0.000,82058171
59.21,Utility Enemy 14,Utility,PatrolAction,None,1.00,67.9,0,0.63,0,0.120,0.000,82058171
59.21,Utility Enemy 12,Utility,PatrolAction,None,1.00,82.1,0,0.63,0,0.120,0.000,82058171
59.21,Utility Enemy 13,Utility,PatrolAction,None,1.00,50.7,0,0.63,0,0.120,0.000,82058171
59.21,Utility Enemy 8,Utility,PatrolAction,None,1.00,76.8,0,0.63,0,0.120,0.000,82058171
59.21,Utility Enemy 4,Utility,PatrolAction,None,1.00,71.4,0,0.63,0,0.120,0.000,82058171
59.21,Utility Enemy 2,Utility,PatrolAction,None,1.00,108.2,0,0.63,0,0.120,0.000,82058171
60.21,Player,Player,-,None,0.63,,0,0.63,,,,82058171
60.21,FSM Enemy 14,FSM,PatrolState,None,1.00,98.0,0,0.63,0,,,82058171
60.21,FSM Enemy 13,FSM,PatrolState,None,1.00,25.9,0,0.63,0,,,82058171
60.21,FSM Enemy 4,FSM,PatrolState,None,1.00,88.4,0,0.63,0,,,82058171
60.21,FSM Enemy 3,FSM,PatrolState,None,1.00,85.7,0,0.63,0,,,82058171
60.21,FSM Enemy 1,FSM,PatrolState,None,1.00,87.0,0,0.63,0,,,82058171
60.21,FSM Enemy 2,FSM,PatrolState,None,1.00,112.9,0,0.63,0,,,82058171
60.21,FSM Enemy 10,FSM,PatrolState,None,1.00,86.9,0,0.63,0,,,82058171
60.21,FSM Enemy 15,FSM,PatrolState,None,1.00,23.7,0,0.63,24,,,82058171
60.21,FSM Enemy 11,FSM,AttackState,None,1.00,12.6,1,0.63,8,,,82058171
60.21,FSM Enemy 5,FSM,Dead,None,0.00,50.9,0,0.63,0,,,82058171
60.21,FSM Enemy 9,FSM,PatrolState,None,1.00,52.8,0,0.63,0,,,82058171
60.21,FSM Enemy 12,FSM,PatrolState,None,1.00,73.4,0,0.63,0,,,82058171
60.21,FSM Enemy 7,FSM,AttackState,None,1.00,17.4,1,0.63,16,,,82058171
60.21,FSM Enemy 6,FSM,PatrolState,None,1.00,67.3,0,0.63,0,,,82058171
60.21,FSM Enemy 8,FSM,PatrolState,None,1.00,56.5,0,0.63,0,,,82058171
60.21,Utility Enemy 9,Utility,PatrolAction,None,1.00,37.1,0,0.63,0,0.120,0.000,82058171
60.21,Utility Enemy 11,Utility,PatrolAction,None,1.00,53.8,0,0.63,0,0.120,0.000,82058171
60.21,Utility Enemy 3,Utility,PatrolAction,None,1.00,67.0,0,0.63,0,0.120,0.000,82058171
60.21,Utility Enemy 7,Utility,PatrolAction,None,1.00,81.6,0,0.63,0,0.120,0.000,82058171
60.21,Utility Enemy 1,Utility,PatrolAction,None,1.00,69.8,0,0.63,0,0.120,0.000,82058171
60.21,Utility Enemy 5,Utility,PatrolAction,None,1.00,85.4,0,0.63,0,0.120,0.000,82058171
60.21,Utility Enemy 10,Utility,PatrolAction,None,0.75,56.8,0,0.63,0,0.120,0.000,82058171
60.21,Utility Enemy 15,Utility,PatrolAction,None,1.00,85.6,0,0.63,0,0.120,0.000,82058171
60.21,Utility Enemy 6,Utility,PatrolAction,None,1.00,56.3,0,0.63,8,0.120,0.000,82058171
60.21,Utility Enemy 14,Utility,PatrolAction,None,1.00,60.6,0,0.63,0,0.120,0.000,82058171
60.21,Utility Enemy 12,Utility,PatrolAction,None,1.00,77.2,0,0.63,0,0.120,0.000,82058171
60.21,Utility Enemy 13,Utility,PatrolAction,None,1.00,46.7,0,0.63,0,0.120,0.000,82058171
60.21,Utility Enemy 8,Utility,PatrolAction,None,1.00,71.0,0,0.63,0,0.120,0.000,82058171
60.21,Utility Enemy 4,Utility,PatrolAction,None,1.00,67.2,0,0.63,0,0.120,0.000,82058171
60.21,Utility Enemy 2,Utility,PatrolAction,None,1.00,106.3,0,0.63,0,0.120,0.000,82058171
61.22,Player,Player,-,None,0.57,,0,0.57,,,,82058171
61.22,FSM Enemy 14,FSM,PatrolState,None,1.00,95.7,0,0.57,0,,,82058171
61.22,FSM Enemy 13,FSM,PatrolState,None,1.00,21.9,0,0.57,0,,,82058171
61.22,FSM Enemy 4,FSM,PatrolState,None,1.00,82.3,0,0.57,0,,,82058171
61.22,FSM Enemy 3,FSM,PatrolState,None,1.00,79.8,0,0.57,0,,,82058171
61.22,FSM Enemy 1,FSM,PatrolState,None,1.00,82.3,0,0.57,0,,,82058171
61.22,FSM Enemy 2,FSM,PatrolState,None,1.00,110.2,0,0.57,0,,,82058171
61.22,FSM Enemy 10,FSM,PatrolState,None,1.00,83.8,0,0.57,0,,,82058171
61.22,FSM Enemy 15,FSM,PatrolState,None,1.00,19.1,0,0.57,24,,,82058171
61.22,FSM Enemy 11,FSM,AttackState,None,1.00,3.1,1,0.57,16,,,82058171
61.22,FSM Enemy 5,FSM,PatrolState,None,1.00,57.8,0,0.57,0,,,82058171
61.22,FSM Enemy 9,FSM,PatrolState,None,1.00,49.1,0,0.57,0,,,82058171
61.22,FSM Enemy 12,FSM,PatrolState,None,1.00,67.5,0,0.57,0,,,82058171
61.22,FSM Enemy 7,FSM,AttackState,None,0.75,9.3,1,0.57,16,,,82058171
61.22,FSM Enemy 6,FSM,PatrolState,None,1.00,64.8,0,0.57,0,,,82058171
61.22,FSM Enemy 8,FSM,PatrolState,None,1.00,53.1,0,0.57,0,,,82058171
61.22,Utility Enemy 9,Utility,PatrolAction,None,1.00,33.0,0,0.57,0,0.120,0.000,82058171
61.22,Utility Enemy 11,Utility,PatrolAction,None,1.00,44.9,0,0.57,0,0.120,0.000,82058171
61.22,Utility Enemy 3,Utility,PatrolAction,None,1.00,62.9,0,0.57,0,0.120,0.000,82058171
61.22,Utility Enemy 7,Utility,PatrolAction,None,1.00,79.5,0,0.57,0,0.120,0.000,82058171
61.22,Utility Enemy 1,Utility,PatrolAction,None,1.00,63.5,0,0.57,0,0.120,0.000,82058171
61.22,Utility Enemy 5,Utility,PatrolAction,None,1.00,80.9,0,0.57,0,0.120,0.000,82058171
61.22,Utility Enemy 10,Utility,PatrolAction,None,0.75,49.7,0,0.57,0,0.120,0.000,82058171
61.22,Utility Enemy 15,Utility,PatrolAction,None,1.00,76.9,0,0.57,0,0.120,0.000,82058171
61.22,Utility Enemy 6,Utility,PatrolAction,None,1.00,48.3,0,0.57,8,0.120,0.000,82058171
61.22,Utility Enemy 14,Utility,PatrolAction,None,1.00,51.4,0,0.57,0,0.120,0.000,82058171
61.22,Utility Enemy 12,Utility,PatrolAction,None,1.00,69.7,0,0.57,0,0.120,0.000,82058171
61.22,Utility Enemy 13,Utility,PatrolAction,None,1.00,44.3,0,0.57,0,0.120,0.000,82058171
61.22,Utility Enemy 8,Utility,PatrolAction,None,1.00,64.0,0,0.57,0,0.120,0.000,82058171
61.22,Utility Enemy 4,Utility,PatrolAction,None,1.00,66.8,0,0.57,0,0.120,0.000,82058171
61.22,Utility Enemy 2,Utility,PatrolAction,None,1.00,98.4,0,0.57,0,0.120,0.000,82058171
62.22,Player,Player,-,None,0.47,,0,0.47,,,,82058171
62.22,FSM Enemy 14,FSM,PatrolState,None,1.00,96.8,0,0.47,0,,,82058171
62.22,FSM Enemy 13,FSM,PatrolState,None,1.00,20.3,0,0.47,0,,,82058171
62.22,FSM Enemy 4,FSM,PatrolState,None,1.00,79.0,0,0.47,0,,,82058171
62.22,FSM Enemy 3,FSM,PatrolState,None,1.00,77.4,0,0.47,0,,,82058171
62.22,FSM Enemy 1,FSM,PatrolState,None,1.00,80.1,0,0.47,0,,,82058171
62.22,FSM Enemy 2,FSM,PatrolState,None,1.00,108.7,0,0.47,0,,,82058171
62.22,FSM Enemy 10,FSM,PatrolState,None,1.00,84.3,0,0.47,0,,,82058171
62.22,FSM Enemy 15,FSM,PatrolState,None,1.00,20.2,0,0.47,24,,,82058171
62.22,FSM Enemy 11,FSM,AttackState,None,1.00,2.9,1,0.47,32,,,82058171
62.22,FSM Enemy 5,FSM,PatrolState,None,1.00,55.3,0,0.47,0,,,82058171
62.22,FSM Enemy 9,FSM,PatrolState,None,1.00,49.4,0,0.47,0,,,82058171
62.22,FSM Enemy 12,FSM,PatrolState,None,1.00,64.2,0,0.47,0,,,82058171
62.22,FSM Enemy 7,FSM,Dead,None,0.00,8.0,1,0.47,16,,,82058171
62.22,FSM Enemy 6,FSM,PatrolState,None,1.00,66.3,0,0.47,0,,,82058171
62.22,FSM Enemy 8,FSM,PatrolState,None,1.00,52.5,0,0.47,0,,,82058171
62.22,Utility Enemy 9,Utility,PatrolAction,None,1.00,33.6,0,0.47,0,0.120,0.000,82058171
62.22,Utility Enemy 11,Utility,PatrolAction,None,1.00,46.8,0,0.47,0,0.120,0.000,82058171
62.22,Utility Enemy 3,Utility,PatrolAction,None,1.00,63.0,0,0.47,0,0.120,0.000,82058171
62.22,Utility Enemy 7,Utility,PatrolAction,None,1.00,79.7,0,0.47,0,0.120,0.000,82058171
62.22,Utility Enemy 1,Utility,PatrolAction,None,1.00,61.2,0,0.47,0,0.120,0.000,82058171
62.22,Utility Enemy 5,Utility,PatrolAction,None,1.00,83.2,0,0.47,0,0.120,0.000,82058171
62.22,Utility Enemy 10,Utility,PatrolAction,None,0.75,44.5,0,0.47,0,0.120,0.000,82058171
62.22,Utility Enemy 15,Utility,PatrolAction,None,1.00,72.4,0,0.47,0,0.120,0.000,82058171
62.22,Utility Enemy 6,Utility,PatrolAction,None,1.00,49.0,0,0.47,8,0.120,0.000,82058171
62.22,Utility Enemy 14,Utility,PatrolAction,None,1.00,49.5,0,0.47,0,0.120,0.000,82058171
62.22,Utility Enemy 12,Utility,PatrolAction,None,1.00,65.2,0,0.47,0,0.120,0.000,82058171
62.22,Utility Enemy 13,Utility,PatrolAction,None,1.00,46.7,0,0.47,0,0.120,0.000,82058171
62.22,Utility Enemy 8,Utility,PatrolAction,None,1.00,60.5,0,0.47,0,0.120,0.000,82058171
62.22,Utility Enemy 4,Utility,PatrolAction,None,1.00,69.3,0,0.47,0,0.120,0.000,82058171
62.22,Utility Enemy 2,Utility,PatrolAction,None,1.00,93.3,0,0.47,0,0.120,0.000,82058171
63.23,Player,Player,-,None,0.41,,0,0.41,,,,82058171
63.23,FSM Enemy 14,FSM,PatrolState,None,1.00,97.8,0,0.41,0,,,82058171
63.23,FSM Enemy 13,FSM,AttackState,None,1.00,15.9,1,0.41,0,,,82058171
63.23,FSM Enemy 4,FSM,PatrolState,None,1.00,76.9,0,0.41,0,,,82058171
63.23,FSM Enemy 3,FSM,PatrolState,None,1.00,76.9,0,0.41,0,,,82058171
63.23,FSM Enemy 1,FSM,PatrolState,None,1.00,77.1,0,0.41,0,,,82058171
63.23,FSM Enemy 2,FSM,PatrolState,None,1.00,107.2,0,0.41,0,,,82058171
63.23,FSM Enemy 10,FSM,PatrolState,None,1.00,85.2,0,0.41,0,,,82058171
63.23,FSM Enemy 15,FSM,PatrolState,None,1.00,20.7,0,0.41,24,,,82058171
63.23,FSM Enemy 11,FSM,AttackState,None,1.00,3.8,1,0.41,40,,,82058171
63.23,FSM Enemy 5,FSM,PatrolState,None,1.00,53.1,0,0.41,0,,,82058171
63.23,FSM Enemy 9,FSM,PatrolState,None,1.00,51.4,0,0.41,0,,,82058171
63.23,FSM Enemy 12,FSM,PatrolState,None,1.00,63.8,0,0.41,0,,,82058171
63.23,FSM Enemy 7,FSM,Dead,None,0.00,8.6,1,0.41,16,,,82058171
63.23,FSM Enemy 6,FSM,PatrolState,None,1.00,66.6,0,0.41,0,,,82058171
63.23,FSM Enemy 8,FSM,PatrolState,None,1.00,52.2,0,0.41,0,,,82058171
63.23,Utility Enemy 9,Utility,PatrolAction,None,1.00,31.0,0,0.41,0,0.120,0.000,82058171
63.23,Utility Enemy 11,Utility,PatrolAction,None,1.00,50.0,0,0.41,0,0.120,0.000,82058171
63.23,Utility Enemy 3,Utility,PatrolAction,None,1.00,62.7,0,0.41,0,0.120,0.000,82058171
63.23,Utility Enemy 7,Utility,PatrolAction,None,1.00,79.4,0,0.41,0,0.120,0.000,82058171
63.23,Utility Enemy 1,Utility,PatrolAction,None,1.00,57.6,0,0.41,0,0.120,0.000,82058171
63.23,Utility Enemy 5,Utility,PatrolAction,None,1.00,83.2,0,0.41,0,0.120,0.000,82058171
63.23,Utility Enemy 10,Utility,PatrolAction,None,0.75,41.0,0,0.41,0,0.120,0.000,82058171
63.23,Utility Enemy 15,Utility,PatrolAction,None,1.00,68.0,0,0.41,0,0.120,0.000,82058171
63.23,Utility Enemy 6,Utility,PatrolAction,None,1.00,51.8,0,0.41,8,0.120,0.000,82058171
63.23,Utility Enemy 14,Utility,PatrolAction,None,1.00,52.5,0,0.41,0,0.120,0.000,82058171
63.23,Utility Enemy 12,Utility,PatrolAction,None,1.00,62.0,0,0.41,0,0.120,0.000,82058171
63.23,Utility Enemy 13,Utility,PatrolAction,None,1.00,47.2,0,0.41,0,0.120,0.000,82058171
63.23,Utility Enemy 8,Utility,PatrolAction,None,1.00,57.5,0,0.41,0,0.120,0.000,82058171
63.23,Utility Enemy 4,Utility,PatrolAction,None,1.00,71.9,0,0.41,0,0.120,0.000,82058171
63.23,Utility Enemy 2,Utility,PatrolAction,None,1.00,90.5,0,0.41,0,0.120,0.000,82058171
64.23,Player,Player,-,None,0.41,,0,0.41,,,,82058171
64.23,FSM Enemy 14,FSM,PatrolState,None,1.00,97.0,0,0.41,0,,,82058171
64.23,FSM Enemy 13,FSM,AttackState,None,1.00,16.1,1,0.41,0,,,82058171
64.23,FSM Enemy 4,FSM,PatrolState,None,1.00,75.5,0,0.41,0,,,82058171
64.23,FSM Enemy 3,FSM,PatrolState,None,1.00,78.4,0,0.41,0,,,82058171
64.23,FSM Enemy 1,FSM,PatrolState,None,1.00,76.1,0,0.41,0,,,82058171
64.23,FSM Enemy 2,FSM,PatrolState,None,1.00,106.9,0,0.41,0,,,82058171
64.23,FSM Enemy 10,FSM,PatrolState,None,1.00,87.0,0,0.41,0,,,82058171
64.23,FSM Enemy 15,FSM,ChaseState,None,1.00,18.5,1,0.41,24,,,82058171
64.23,FSM Enemy 11,FSM,Dead,None,0.00,3.5,1,0.41,40,,,82058171
64.23,FSM Enemy 5,FSM,PatrolState,None,1.00,52.4,0,0.41,0,,,82058171
64.23,FSM Enemy 9,FSM,PatrolState,None,1.00,54.0,0,0.41,0,,,82058171
64.23,FSM Enemy 12,FSM,PatrolState,None,1.00,66.5,0,0.41,0,,,82058171
64.23,FSM Enemy 7,FSM,Dead,None,0.00,8.9,1,0.41,16,,,82058171
64.23,FSM Enemy 6,FSM,PatrolState,None,1.00,66.5,0,0.41,0,,,82058171
64.23,FSM Enemy 8,FSM,PatrolState,None,1.00,53.7,0,0.41,0,,,82058171
64.23,Utility Enemy 9,Utility,PatrolAction,None,1.00,29.8,0,0.41,0,0.120,0.000,82058171
64.23,Utility Enemy 11,Utility,PatrolAction,None,1.00,53.8,0,0.41,0,0.120,0.000,82058171
64.23,Utility Enemy 3,Utility,PatrolAction,None,1.00,62.8,0,0.41,0,0.120,0.000,82058171
64.23,Utility Enemy 7,Utility,PatrolAction,None,1.00,77.7,0,0.41,0,0.120,0.000,82058171
64.23,Utility Enemy 1,Utility,PatrolAction,None,1.00,58.8,0,0.41,0,0.120,0.000,82058171
64.23,Utility Enemy 5,Utility,PatrolAction,None,1.00,79.7,0,0.41,0,0.120,0.000,82058171
64.23,Utility Enemy 10,Utility,PatrolAction,None,0.75,38.5,0,0.41,0,0.120,0.000,82058171
64.23,Utility Enemy 15,Utility,PatrolAction,None,1.00,64.3,0,0.41,0,0.120,0.000,82058171
64.23,Utility Enemy 6,Utility,PatrolAction,None,1.00,56.3,0,0.41,8,0.120,0.000,82058171
64.23,Utility Enemy 14,Utility,PatrolAction,None,1.00,54.2,0,0.41,0,0.120,0.000,82058171
64.23,Utility Enemy 12,Utility,PatrolAction,None,1.00,58.8,0,0.41,0,0.120,0.000,82058171
64.23,Utility Enemy 13,Utility,PatrolAction,None,1.00,45.0,0,0.41,0,0.120,0.000,82058171
64.23,Utility Enemy 8,Utility,PatrolAction,None,1.00,56.0,0,0.41,0,0.120,0.000,82058171
64.23,Utility Enemy 4,Utility,PatrolAction,None,1.00,71.4,0,0.41,0,0.120,0.000,82058171
64.23,Utility Enemy 2,Utility,PatrolAction,None,1.00,89.0,0,0.41,0,0.120,0.000,82058171
65.23,Player,Player,-,None,0.41,,0,0.41,,,,82058171
65.23,FSM Enemy 14,FSM,PatrolState,None,1.00,92.4,0,0.41,0,,,82058171
65.23,FSM Enemy 13,FSM,AttackState,None,1.00,16.3,1,0.41,0,,,82058171
65.23,FSM Enemy 4,FSM,PatrolState,None,1.00,73.5,0,0.41,0,,,82058171
65.23,FSM Enemy 3,FSM,PatrolState,None,1.00,75.3,0,0.41,0,,,82058171
65.23,FSM Enemy 1,FSM,PatrolState,None,1.00,74.2,0,0.41,0,,,82058171
65.23,FSM Enemy 2,FSM,PatrolState,None,1.00,103.2,0,0.41,0,,,82058171
65.23,FSM Enemy 10,FSM,PatrolState,None,1.00,82.3,0,0.41,0,,,82058171
65.23,FSM Enemy 15,FSM,AttackState,None,1.00,13.7,1,0.41,24,,,82058171
65.23,FSM Enemy 11,FSM,Dead,None,0.00,6.4,1,0.41,40,,,82058171
65.23,FSM Enemy 5,FSM,PatrolState,None,1.00,48.7,0,0.41,0,,,82058171
65.23,FSM Enemy 9,FSM,PatrolState,None,1.00,50.4,0,0.41,0,,,82058171
65.23,FSM Enemy 12,FSM,PatrolState,None,1.00,65.4,0,0.41,0,,,82058171
65.23,FSM Enemy 7,FSM,Dead,None,0.00,5.6,1,0.41,16,,,82058171
65.23,FSM Enemy 6,FSM,PatrolState,None,1.00,64.5,0,0.41,0,,,82058171
65.23,FSM Enemy 8,FSM,PatrolState,None,1.00,51.9,0,0.41,0,,,82058171
65.23,Utility Enemy 9,Utility,PatrolAction,None,1.00,30.2,0,0.41,0,0.120,0.000,82058171
65.23,Utility Enemy 11,Utility,PatrolAction,None,1.00,54.1,0,0.41,0,0.120,0.000,82058171
65.23,Utility Enemy 3,Utility,PatrolAction,None,1.00,61.1,0,0.41,0,0.120,0.000,82058171
65.23,Utility Enemy 7,Utility,PatrolAction,None,1.00,72.1,0,0.41,0,0.120,0.000,82058171
65.23,Utility Enemy 1,Utility,PatrolAction,None,1.00,59.3,0,0.41,0,0.120,0.000,82058171
65.23,Utility Enemy 5,Utility,PatrolAction,None,1.00,74.2,0,0.41,0,0.120,0.000,82058171
65.23,Utility Enemy 10,Utility,PatrolAction,None,0.75,38.4,0,0.41,0,0.120,0.000,82058171
65.23,Utility Enemy 15,Utility,PatrolAction,None,1.00,59.1,0,0.41,0,0.120,0.000,82058171
65.23,Utility Enemy 6,Utility,PatrolAction,None,1.00,57.1,0,0.41,8,0.120,0.000,82058171
65.23,Utility Enemy 14,Utility,PatrolAction,None,1.00,48.4,0,0.41,0,0.120,0.000,82058171
65.23,Utility Enemy 12,Utility,PatrolAction,None,1.00,52.0,0,0.41,0,0.120,0.000,82058171
65.23,Utility Enemy 13,Utility,PatrolAction,None,1.00,44.8,0,0.41,0,0.120,0.000,82058171
65.23,Utility Enemy 8,Utility,PatrolAction,None,1.00,53.9,0,0.41,0,0.120,0.000,82058171
65.23,Utility Enemy 4,Utility,PatrolAction,None,1.00,67.1,0,0.41,0,0.120,0.000,82058171
65.23,Utility Enemy 2,Utility,PatrolAction,None,1.00,81.6,0,0.41,0,0.120,0.000,82058171
66.23,Player,Player,-,None,0.36,,0,0.36,,,,82058171
66.23,FSM Enemy 14,FSM,PatrolState,None,1.00,89.4,0,0.36,0,,,82058171
66.23,FSM Enemy 13,FSM,AttackState,None,1.00,14.4,1,0.36,8,,,82058171
66.23,FSM Enemy 4,FSM,PatrolState,None,1.00,73.5,0,0.36,0,,,82058171
66.23,FSM Enemy 3,FSM,PatrolState,None,1.00,72.0,0,0.36,0,,,82058171
66.23,FSM Enemy 1,FSM,PatrolState,None,1.00,71.0,0,0.36,0,,,82058171
66.23,FSM Enemy 2,FSM,PatrolState,None,1.00,101.4,0,0.36,0,,,82058171
66.23,FSM Enemy 10,FSM,PatrolState,None,1.00,78.6,0,0.36,0,,,82058171
66.23,FSM Enemy 15,FSM,ChaseState,None,0.50,12.4,0,0.36,24,,,82058171
66.23,FSM Enemy 11,FSM,Dead,None,0.00,8.4,1,0.36,40,,,82058171
66.23,FSM Enemy 5,FSM,PatrolState,None,1.00,45.6,0,0.36,0,,,82058171
66.23,FSM Enemy 9,FSM,PatrolState,None,1.00,47.6,0,0.36,0,,,82058171
66.23,FSM Enemy 12,FSM,PatrolState,None,1.00,67.6,0,0.36,0,,,82058171
66.23,FSM Enemy 7,FSM,Dead,None,0.00,6.3,1,0.36,16,,,82058171
66.23,FSM Enemy 6,FSM,PatrolState,None,1.00,65.5,0,0.36,0,,,82058171
66.23,FSM Enemy 8,FSM,PatrolState,None,1.00,50.7,0,0.36,0,,,82058171
66.23,Utility Enemy 9,Utility,PatrolAction,None,1.00,23.9,0,0.36,0,0.120,0.000,82058171
66.23,Utility Enemy 11,Utility,PatrolAction,None,1.00,52.8,0,0.36,0,0.120,0.000,82058171
66.23,Utility Enemy 3,Utility,PatrolAction,None,1.00,61.8,0,0.36,0,0.120,0.000,82058171
66.23,Utility Enemy 7,Utility,PatrolAction,None,1.00,70.7,0,0.36,0,0.120,0.000,82058171
66.23,Utility Enemy 1,Utility,PatrolAction,None,1.00,60.6,0,0.36,0,0.120,0.000,82058171
66.23,Utility Enemy 5,Utility,PatrolAction,None,1.00,69.7,0,0.36,0,0.120,0.000,82058171
66.23,Utility Enemy 10,Utility,PatrolAction,None,0.75,41.7,0,0.36,0,0.120,0.000,82058171
66.23,Utility Enemy 15,Utility,PatrolAction,None,1.00,55.1,0,0.36,0,0.120,0.000,82058171
66.23,Utility Enemy 6,Utility,PatrolAction,None,1.00,60.4,0,0.36,8,0.120,0.000,82058171
66.23,Utility Enemy 14,Utility,PatrolAction,None,1.00,45.3,0,0.36,0,0.120,0.000,82058171
66.23,Utility Enemy 12,Utility,PatrolAction,None,1.00,48.5,0,0.36,0,0.120,0.000,82058171
66.23,Utility Enemy 13,Utility,PatrolAction,None,1.00,42.6,0,0.36,0,0.120,0.000,82058171
66.23,Utility Enemy 8,Utility,PatrolAction,None,1.00,50.5,0,0.36,0,0.120,0.000,82058171
66.23,Utility Enemy 4,Utility,PatrolAction,None,1.00,65.2,0,0.36,0,0.120,0.000,82058171
66.23,Utility Enemy 2,Utility,PatrolAction,None,1.00,76.6,0,0.36,0,0.120,0.000,82058171
67.24,Player,Player,-,GravityFlip,0.36,,0,0.36,,,,82058171
67.24,FSM Enemy 14,FSM,TakeCoverState,GravityFlip,1.00,88.8,0,0.36,0,,,82058171
67.24,FSM Enemy 13,FSM,TakeCoverState,GravityFlip,1.00,11.4,1,0.36,8,,,82058171
67.24,FSM Enemy 4,FSM,TakeCoverState,GravityFlip,1.00,74.6,0,0.36,0,,,82058171
67.24,FSM Enemy 3,FSM,TakeCoverState,GravityFlip,1.00,71.1,0,0.36,0,,,82058171
67.24,FSM Enemy 1,FSM,TakeCoverState,GravityFlip,1.00,69.0,0,0.36,0,,,82058171
67.24,FSM Enemy 2,FSM,TakeCoverState,GravityFlip,1.00,102.6,0,0.36,0,,,82058171
67.24,FSM Enemy 10,FSM,TakeCoverState,GravityFlip,1.00,77.2,0,0.36,0,,,82058171
67.24,FSM Enemy 15,FSM,TakeCoverState,GravityFlip,0.50,10.0,0,0.36,24,,,82058171
67.24,FSM Enemy 11,FSM,Dead,GravityFlip,0.00,9.3,1,0.36,40,,,82058171
67.24,FSM Enemy 5,FSM,TakeCoverState,GravityFlip,1.00,43.5,0,0.36,0,,,82058171
67.24,FSM Enemy 9,FSM,TakeCoverState,GravityFlip,1.00,46.9,0,0.36,0,,,82058171
67.24,FSM Enemy 12,FSM,TakeCoverState,GravityFlip,1.00,72.3,0,0.36,0,,,82058171
67.24,FSM Enemy 7,FSM,Dead,GravityFlip,0.00,8.9,0,0.36,16,,,82058171
67.24,FSM Enemy 6,FSM,TakeCoverState,GravityFlip,1.00,66.2,0,0.36,0,,,82058171
67.24,FSM Enemy 8,FSM,TakeCoverState,GravityFlip,1.00,48.2,0,0.36,0,,,82058171
67.24,Utility Enemy 9,Utility,TakeCoverAction,GravityFlip,1.00,17.8,0,0.36,0,0.820,0.750,82058171
67.24,Utility Enemy 11,Utility,TakeCoverAction,GravityFlip,1.00,49.6,0,0.36,0,0.820,0.750,82058171
67.24,Utility Enemy 3,Utility,TakeCoverAction,GravityFlip,1.00,64.3,0,0.36,0,0.820,0.750,82058171
67.24,Utility Enemy 7,Utility,TakeCoverAction,GravityFlip,1.00,74.9,0,0.36,0,0.820,0.750,82058171
67.24,Utility Enemy 1,Utility,TakeCoverAction,GravityFlip,1.00,59.1,0,0.36,0,0.820,0.750,82058171
67.24,Utility Enemy 5,Utility,TakeCoverAction,GravityFlip,1.00,67.6,0,0.36,0,0.820,0.750,82058171
67.24,Utility Enemy 10,Utility,TakeCoverAction,GravityFlip,0.75,45.5,0,0.36,0,0.820,0.750,82058171
67.24,Utility Enemy 15,Utility,TakeCoverAction,GravityFlip,1.00,53.0,0,0.36,0,0.820,0.750,82058171
67.24,Utility Enemy 6,Utility,TakeCoverAction,GravityFlip,1.00,64.9,0,0.36,8,0.820,0.750,82058171
67.24,Utility Enemy 14,Utility,TakeCoverAction,GravityFlip,1.00,46.2,0,0.36,0,0.820,0.750,82058171
67.24,Utility Enemy 12,Utility,TakeCoverAction,GravityFlip,1.00,46.4,0,0.36,0,0.820,0.750,82058171
67.24,Utility Enemy 13,Utility,TakeCoverAction,GravityFlip,1.00,39.2,0,0.36,0,0.820,0.750,82058171
67.24,Utility Enemy 8,Utility,TakeCoverAction,GravityFlip,1.00,47.2,0,0.36,0,0.820,0.750,82058171
67.24,Utility Enemy 4,Utility,TakeCoverAction,GravityFlip,1.00,66.1,0,0.36,0,0.820,0.750,82058171
67.24,Utility Enemy 2,Utility,TakeCoverAction,GravityFlip,1.00,74.4,0,0.36,0,0.820,0.750,82058171
68.24,Player,Player,-,GravityFlip,0.36,,0,0.36,,,,82058171
68.24,FSM Enemy 14,FSM,TakeCoverState,GravityFlip,1.00,89.8,0,0.36,0,,,82058171
68.24,FSM Enemy 13,FSM,TakeCoverState,GravityFlip,1.00,13.2,0,0.36,8,,,82058171
68.24,FSM Enemy 4,FSM,TakeCoverState,GravityFlip,1.00,74.1,0,0.36,0,,,82058171
68.24,FSM Enemy 3,FSM,TakeCoverState,GravityFlip,1.00,73.0,0,0.36,0,,,82058171
68.24,FSM Enemy 1,FSM,TakeCoverState,GravityFlip,1.00,71.8,0,0.36,0,,,82058171
68.24,FSM Enemy 2,FSM,TakeCoverState,GravityFlip,1.00,101.1,0,0.36,0,,,82058171
68.24,FSM Enemy 10,FSM,TakeCoverState,GravityFlip,1.00,80.7,0,0.36,0,,,82058171
68.24,FSM Enemy 15,FSM,TakeCoverState,GravityFlip,0.50,7.6,0,0.36,24,,,82058171
68.24,FSM Enemy 11,FSM,Dead,GravityFlip,0.00,7.8,1,0.36,40,,,82058171
68.24,FSM Enemy 5,FSM,TakeCoverState,GravityFlip,1.00,44.4,0,0.36,0,,,82058171
68.24,FSM Enemy 9,FSM,TakeCoverState,GravityFlip,1.00,47.2,0,0.36,0,,,82058171
68.24,FSM Enemy 12,FSM,TakeCoverState,GravityFlip,1.00,73.1,0,0.36,0,,,82058171
68.24,FSM Enemy 7,FSM,Dead,GravityFlip,0.00,6.7,1,0.36,16,,,82058171
68.24,FSM Enemy 6,FSM,TakeCoverState,GravityFlip,1.00,64.4,0,0.36,0,,,82058171
68.24,FSM Enemy 8,FSM,TakeCoverState,GravityFlip,1.00,45.4,0,0.36,0,,,82058171
68.24,Utility Enemy 9,Utility,TakeCoverAction,GravityFlip,1.00,19.7,0,0.36,0,0.820,0.750,82058171
68.24,Utility Enemy 11,Utility,TakeCoverAction,GravityFlip,1.00,55.1,0,0.36,0,0.820,0.750,82058171
68.24,Utility Enemy 3,Utility,TakeCoverAction,GravityFlip,1.00,61.9,0,0.36,0,0.820,0.750,82058171
68.24,Utility Enemy 7,Utility,TakeCoverAction,GravityFlip,1.00,75.6,0,0.36,0,0.820,0.750,82058171
68.24,Utility Enemy 1,Utility,TakeCoverAction,GravityFlip,1.00,61.5,0,0.36,0,0.820,0.750,82058171
68.24,Utility Enemy 5,Utility,TakeCoverAction,GravityFlip,1.00,72.1,0,0.36,0,0.820,0.750,82058171
68.24,Utility Enemy 10,Utility,TakeCoverAction,GravityFlip,0.75,48.6,0,0.36,0,0.820,0.750,82058171
68.24,Utility Enemy 15,Utility,TakeCoverAction,GravityFlip,1.00,51.6,0,0.36,0,0.820,0.750,82058171
68.24,Utility Enemy 6,Utility,TakeCoverAction,GravityFlip,1.00,62.8,0,0.36,8,0.820,0.750,82058171
68.24,Utility Enemy 14,Utility,TakeCoverAction,GravityFlip,1.00,51.0,0,0.36,0,0.820,0.750,82058171
68.24,Utility Enemy 12,Utility,TakeCoverAction,GravityFlip,1.00,43.2,0,0.36,0,0.820,0.750,82058171
68.24,Utility Enemy 13,Utility,TakeCoverAction,GravityFlip,1.00,45.0,0,0.36,0,0.820,0.750,82058171
68.24,Utility Enemy 8,Utility,TakeCoverAction,GravityFlip,1.00,48.2,0,0.36,0,0.820,0.750,82058171
68.24,Utility Enemy 4,Utility,TakeCoverAction,GravityFlip,1.00,67.6,0,0.36,0,0.820,0.750,82058171
68.24,Utility Enemy 2,Utility,TakeCoverAction,GravityFlip,1.00,71.5,0,0.36,0,0.820,0.750,82058171
69.25,Player,Player,-,GravityFlip,0.36,,0,0.36,,,,82058171
69.25,FSM Enemy 14,FSM,TakeCoverState,GravityFlip,1.00,86.5,0,0.36,0,,,82058171
69.25,FSM Enemy 13,FSM,TakeCoverState,GravityFlip,1.00,12.6,0,0.36,8,,,82058171
69.25,FSM Enemy 4,FSM,TakeCoverState,GravityFlip,1.00,70.4,0,0.36,0,,,82058171
69.25,FSM Enemy 3,FSM,TakeCoverState,GravityFlip,1.00,71.4,0,0.36,0,,,82058171
69.25,FSM Enemy 1,FSM,TakeCoverState,GravityFlip,1.00,72.0,0,0.36,0,,,82058171
69.25,FSM Enemy 2,FSM,TakeCoverState,GravityFlip,1.00,98.4,0,0.36,0,,,82058171
69.25,FSM Enemy 10,FSM,TakeCoverState,GravityFlip,1.00,78.2,0,0.36,0,,,82058171
69.25,FSM Enemy 15,FSM,TakeCoverState,GravityFlip,0.50,4.5,0,0.36,24,,,82058171
69.25,FSM Enemy 11,FSM,Dead,GravityFlip,0.00,10.7,1,0.36,40,,,82058171
69.25,FSM Enemy 5,FSM,TakeCoverState,GravityFlip,1.00,42.9,0,0.36,0,,,82058171
69.25,FSM Enemy 9,FSM,TakeCoverState,GravityFlip,1.00,43.7,0,0.36,0,,,82058171
69.25,FSM Enemy 12,FSM,TakeCoverState,GravityFlip,1.00,69.4,0,0.36,0,,,82058171
69.25,FSM Enemy 7,FSM,Dead,GravityFlip,0.00,4.5,0,0.36,16,,,82058171
69.25,FSM Enemy 6,FSM,TakeCoverState,GravityFlip,1.00,60.8,0,0.36,0,,,82058171
69.25,FSM Enemy 8,FSM,TakeCoverState,GravityFlip,1.00,42.8,0,0.36,0,,,82058171
69.25,Utility Enemy 9,Utility,TakeCoverAction,GravityFlip,1.00,19.4,0,0.36,0,0.820,0.750,82058171
69.25,Utility Enemy 11,Utility,TakeCoverAction,GravityFlip,1.00,56.8,0,0.36,0,0.820,0.750,82058171
69.25,Utility Enemy 3,Utility,TakeCoverAction,GravityFlip,1.00,58.3,0,0.36,0,0.820,0.750,82058171
69.25,Utility Enemy 7,Utility,TakeCoverAction,GravityFlip,1.00,72.3,0,0.36,0,0.820,0.750,82058171
69.25,Utility Enemy 1,Utility,TakeCoverAction,GravityFlip,1.00,61.8,0,0.36,0,0.820,0.750,82058171
69.25,Utility Enemy 5,Utility,TakeCoverAction,GravityFlip,1.00,70.4,0,0.36,0,0.820,0.750,82058171
69.25,Utility Enemy 10,Utility,TakeCoverAction,GravityFlip,0.75,49.3,0,0.36,0,0.820,0.750,82058171
69.25,Utility Enemy 15,Utility,TakeCoverAction,GravityFlip,1.00,50.9,0,0.36,0,0.820,0.750,82058171
69.25,Utility Enemy 6,Utility,TakeCoverAction,GravityFlip,1.00,59.2,0,0.36,8,0.820,0.750,82058171
69.25,Utility Enemy 14,Utility,TakeCoverAction,GravityFlip,1.00,49.5,0,0.36,0,0.820,0.750,82058171
69.25,Utility Enemy 12,Utility,TakeCoverAction,GravityFlip,1.00,39.6,0,0.36,0,0.820,0.750,82058171
69.25,Utility Enemy 13,Utility,TakeCoverAction,GravityFlip,1.00,46.7,0,0.36,0,0.820,0.750,82058171
69.25,Utility Enemy 8,Utility,TakeCoverAction,GravityFlip,1.00,48.9,0,0.36,0,0.820,0.750,82058171
69.25,Utility Enemy 4,Utility,TakeCoverAction,GravityFlip,1.00,63.9,0,0.36,0,0.820,0.750,82058171
69.25,Utility Enemy 2,Utility,TakeCoverAction,GravityFlip,1.00,68.6,0,0.36,0,0.820,0.750,82058171
70.25,Player,Player,-,GravityFlip,0.36,,0,0.36,,,,82058171
70.25,FSM Enemy 14,FSM,TakeCoverState,GravityFlip,1.00,82.8,0,0.36,0,,,82058171
70.25,FSM Enemy 13,FSM,TakeCoverState,GravityFlip,1.00,9.3,0,0.36,8,,,82058171
70.25,FSM Enemy 4,FSM,TakeCoverState,GravityFlip,1.00,67.0,0,0.36,0,,,82058171
70.25,FSM Enemy 3,FSM,TakeCoverState,GravityFlip,1.00,68.6,0,0.36,0,,,82058171
70.25,FSM Enemy 1,FSM,TakeCoverState,GravityFlip,1.00,70.7,0,0.36,0,,,82058171
70.25,FSM Enemy 2,FSM,TakeCoverState,GravityFlip,1.00,94.9,0,0.36,0,,,82058171
70.25,FSM Enemy 10,FSM,TakeCoverState,GravityFlip,1.00,74.6,0,0.36,0,,,82058171
70.25,FSM Enemy 15,FSM,TakeCoverState,GravityFlip,0.50,1.6,0,0.36,24,,,82058171
70.25,FSM Enemy 11,FSM,Dead,GravityFlip,0.00,14.4,1,0.36,40,,,82058171
70.25,FSM Enemy 5,FSM,TakeCoverState,GravityFlip,1.00,40.3,0,0.36,0,,,82058171
70.25,FSM Enemy 9,FSM,TakeCoverState,GravityFlip,1.00,40.0,0,0.36,0,,,82058171
70.25,FSM Enemy 12,FSM,TakeCoverState,GravityFlip,1.00,66.7,0,0.36,0,,,82058171
70.25,FSM Enemy 7,FSM,Dead,GravityFlip,0.00,6.3,0,0.36,16,,,82058171
70.25,FSM Enemy 6,FSM,TakeCoverState,GravityFlip,1.00,58.3,0,0.36,0,,,82058171
70.25,FSM Enemy 8,FSM,TakeCoverState,GravityFlip,1.00,39.4,0,0.36,0,,,82058171
70.25,Utility Enemy 9,Utility,TakeCoverAction,GravityFlip,1.00,18.1,0,0.36,0,0.820,0.750,82058171
70.25,Utility Enemy 11,Utility,TakeCoverAction,GravityFlip,1.00,54.1,0,0.36,0,0.820,0.750,82058171
70.25,Utility Enemy 3,Utility,TakeCoverAction,GravityFlip,1.00,54.7,0,0.36,0,0.820,0.750,82058171
70.25,Utility Enemy 7,Utility,TakeCoverAction,GravityFlip,1.00,68.6,0,0.36,0,0.820,0.750,82058171
70.25,Utility Enemy 1,Utility,TakeCoverAction,GravityFlip,1.00,60.6,0,0.36,0,0.820,0.750,82058171
70.25,Utility Enemy 5,Utility,TakeCoverAction,GravityFlip,1.00,67.5,0,0.36,0,0.820,0.750,82058171
70.25,Utility Enemy 10,Utility,TakeCoverAction,GravityFlip,0.75,48.3,0,0.36,0,0.820,0.750,82058171
70.25,Utility Enemy 15,Utility,TakeCoverAction,GravityFlip,1.00,49.0,0,0.36,0,0.820,0.750,82058171
70.25,Utility Enemy 6,Utility,TakeCoverAction,GravityFlip,1.00,55.6,0,0.36,8,0.820,0.750,82058171
70.25,Utility Enemy 14,Utility,TakeCoverAction,GravityFlip,1.00,45.9,0,0.36,0,0.820,0.750,82058171
70.25,Utility Enemy 12,Utility,TakeCoverAction,GravityFlip,1.00,37.2,0,0.36,0,0.820,0.750,82058171
70.25,Utility Enemy 13,Utility,TakeCoverAction,GravityFlip,1.00,44.8,0,0.36,0,0.820,0.750,82058171
70.25,Utility Enemy 8,Utility,TakeCoverAction,GravityFlip,1.00,48.1,0,0.36,0,0.820,0.750,82058171
70.25,Utility Enemy 4,Utility,TakeCoverAction,GravityFlip,1.00,60.4,0,0.36,0,0.820,0.750,82058171
70.25,Utility Enemy 2,Utility,TakeCoverAction,GravityFlip,1.00,65.1,0,0.36,0,0.820,0.750,82058171
71.26,Player,Player,-,GravityFlip,0.31,,0,0.31,,,,82058171
71.26,FSM Enemy 14,FSM,TakeCoverState,GravityFlip,1.00,81.4,0,0.31,0,,,82058171
71.26,FSM Enemy 13,FSM,TakeCoverState,GravityFlip,1.00,4.9,0,0.31,16,,,82058171
71.26,FSM Enemy 4,FSM,TakeCoverState,GravityFlip,1.00,66.4,0,0.31,0,,,82058171
71.26,FSM Enemy 3,FSM,TakeCoverState,GravityFlip,1.00,66.3,0,0.31,0,,,82058171
71.26,FSM Enemy 1,FSM,TakeCoverState,GravityFlip,1.00,68.5,0,0.31,0,,,82058171
71.26,FSM Enemy 2,FSM,TakeCoverState,GravityFlip,1.00,93.0,0,0.31,0,,,82058171
71.26,FSM Enemy 10,FSM,TakeCoverState,GravityFlip,1.00,72.9,0,0.31,0,,,82058171
71.26,FSM Enemy 15,FSM,TakeCoverState,GravityFlip,0.50,1.0,0,0.31,24,,,82058171
71.26,FSM Enemy 11,FSM,Dead,GravityFlip,0.00,16.0,0,0.31,40,,,82058171
71.26,FSM Enemy 5,FSM,TakeCoverState,GravityFlip,1.00,38.0,0,0.31,0,,,82058171
71.26,FSM Enemy 9,FSM,TakeCoverState,GravityFlip,1.00,38.7,0,0.31,0,,,82058171
71.26,FSM Enemy 12,FSM,TakeCoverState,GravityFlip,1.00,66.8,0,0.31,0,,,82058171
71.26,FSM Enemy 7,FSM,Dead,GravityFlip,0.00,8.6,0,0.31,16,,,82058171
71.26,FSM Enemy 6,FSM,TakeCoverState,GravityFlip,1.00,58.8,0,0.31,0,,,82058171
71.26,FSM Enemy 8,FSM,TakeCoverState,GravityFlip,1.00,37.3,0,0.31,0,,,82058171
71.26,Utility Enemy 9,Utility,TakeCoverAction,GravityFlip,1.00,16.0,0,0.31,0,0.820,0.750,82058171
71.26,Utility Enemy 11,Utility,TakeCoverAction,GravityFlip,1.00,51.8,0,0.31,0,0.820,0.750,82058171
71.26,Utility Enemy 3,Utility,TakeCoverAction,GravityFlip,1.00,53.1,0,0.31,0,0.820,0.750,82058171
71.26,Utility Enemy 7,Utility,TakeCoverAction,GravityFlip,1.00,67.1,0,0.31,0,0.820,0.750,82058171
71.26,Utility Enemy 1,Utility,TakeCoverAction,GravityFlip,1.00,58.4,0,0.31,0,0.820,0.750,82058171
71.26,Utility Enemy 5,Utility,TakeCoverAction,GravityFlip,1.00,65.2,0,0.31,0,0.820,0.750,82058171
71.26,Utility Enemy 10,Utility,TakeCoverAction,GravityFlip,0.75,48.0,0,0.31,0,0.820,0.750,82058171
71.26,Utility Enemy 15,Utility,TakeCoverAction,GravityFlip,1.00,46.7,0,0.31,0,0.820,0.750,82058171
71.26,Utility Enemy 6,Utility,TakeCoverAction,GravityFlip,1.00,54.7,0,0.31,8,0.820,0.750,82058171
71.26,Utility Enemy 14,Utility,TakeCoverAction,GravityFlip,1.00,44.2,0,0.31,0,0.820,0.750,82058171
71.26,Utility Enemy 12,Utility,TakeCoverAction,GravityFlip,1.00,37.7,0,0.31,0,0.820,0.750,82058171
71.26,Utility Enemy 13,Utility,TakeCoverAction,GravityFlip,1.00,42.5,0,0.31,0,0.820,0.750,82058171
71.26,Utility Enemy 8,Utility,TakeCoverAction,GravityFlip,1.00,46.1,0,0.31,0,0.820,0.750,82058171
71.26,Utility Enemy 4,Utility,TakeCoverAction,GravityFlip,1.00,59.6,0,0.31,0,0.820,0.750,82058171
71.26,Utility Enemy 2,Utility,TakeCoverAction,GravityFlip,1.00,63.2,0,0.31,0,0.820,0.750,82058171
72.26,Player,Player,-,None,0.31,,0,0.31,,,,82058171
72.26,FSM Enemy 14,FSM,PatrolState,None,1.00,82.1,0,0.31,0,,,82058171
72.26,FSM Enemy 13,FSM,ChaseState,None,1.00,4.0,0,0.31,16,,,82058171
72.26,FSM Enemy 4,FSM,PatrolState,None,1.00,66.6,0,0.31,0,,,82058171
72.26,FSM Enemy 3,FSM,PatrolState,None,1.00,66.7,0,0.31,0,,,82058171
72.26,FSM Enemy 1,FSM,PatrolState,None,1.00,67.9,0,0.31,0,,,82058171
72.26,FSM Enemy 2,FSM,PatrolState,None,1.00,93.1,0,0.31,0,,,82058171
72.26,FSM Enemy 10,FSM,PatrolState,None,1.00,72.4,0,0.31,0,,,82058171
72.26,FSM Enemy 15,FSM,Dead,None,0.00,1.1,0,0.31,24,,,82058171
72.26,FSM Enemy 11,FSM,Dead,None,0.00,16.0,0,0.31,40,,,82058171
72.26,FSM Enemy 5,FSM,PatrolState,None,1.00,37.3,0,0.31,0,,,82058171
72.26,FSM Enemy 9,FSM,PatrolState,None,1.00,38.9,0,0.31,0,,,82058171
72.26,FSM Enemy 12,FSM,PatrolState,None,1.00,66.6,0,0.31,0,,,82058171
72.26,FSM Enemy 7,FSM,Dead,None,0.00,8.9,0,0.31,16,,,82058171
72.26,FSM Enemy 6,FSM,PatrolState,None,1.00,58.6,0,0.31,0,,,82058171
72.26,FSM Enemy 8,FSM,PatrolState,None,1.00,37.4,0,0.31,0,,,82058171
72.26,Utility Enemy 9,Utility,PatrolAction,None,1.00,15.3,0,0.31,0,0.120,0.000,82058171
72.26,Utility Enemy 11,Utility,PatrolAction,None,1.00,51.6,0,0.31,0,0.120,0.000,82058171
72.26,Utility Enemy 3,Utility,PatrolAction,None,1.00,53.2,0,0.31,0,0.120,0.000,82058171
72.26,Utility Enemy 7,Utility,PatrolAction,None,1.00,67.4,0,0.31,0,0.120,0.000,82058171
72.26,Utility Enemy 1,Utility,PatrolAction,None,1.00,58.3,0,0.31,0,0.120,0.000,82058171
72.26,Utility Enemy 5,Utility,PatrolAction,None,1.00,65.0,0,0.31,0,0.120,0.000,82058171
72.26,Utility Enemy 10,Utility,PatrolAction,None,0.75,48.1,0,0.31,0,0.120,0.000,82058171
72.26,Utility Enemy 15,Utility,PatrolAction,None,1.00,46.1,0,0.31,0,0.120,0.000,82058171
72.26,Utility Enemy 6,Utility,PatrolAction,None,1.00,55.2,0,0.31,8,0.120,0.000,82058171
72.26,Utility Enemy 14,Utility,PatrolAction,None,1.00,44.5,0,0.31,0,0.120,0.000,82058171
72.26,Utility Enemy 12,Utility,PatrolAction,None,1.00,38.4,0,0.31,0,0.120,0.000,82058171
72.26,Utility Enemy 13,Utility,PatrolAction,None,1.00,42.2,0,0.31,0,0.120,0.000,82058171
72.26,Utility Enemy 8,Utility,PatrolAction,None,1.00,45.5,0,0.31,0,0.120,0.000,82058171
72.26,Utility Enemy 4,Utility,PatrolAction,None,1.00,60.0,0,0.31,0,0.120,0.000,82058171
72.26,Utility Enemy 2,Utility,PatrolAction,None,1.00,63.1,0,0.31,0,0.120,0.000,82058171
73.26,Player,Player,-,None,0.20,,0,0.20,,,,82058171
73.26,FSM Enemy 14,FSM,PatrolState,None,1.00,86.4,0,0.20,0,,,82058171
73.26,FSM Enemy 13,FSM,AttackState,None,0.50,0.8,1,0.20,32,,,82058171
73.26,FSM Enemy 4,FSM,PatrolState,None,1.00,69.2,0,0.20,0,,,82058171
73.26,FSM Enemy 3,FSM,PatrolState,None,1.00,69.9,0,0.20,0,,,82058171
73.26,FSM Enemy 1,FSM,PatrolState,None,1.00,66.6,0,0.20,0,,,82058171
73.26,FSM Enemy 2,FSM,PatrolState,None,1.00,95.3,0,0.20,0,,,82058171
73.26,FSM Enemy 10,FSM,PatrolState,None,1.00,71.8,0,0.20,0,,,82058171
73.26,FSM Enemy 15,FSM,Dead,None,0.00,2.7,0,0.20,24,,,82058171
73.26,FSM Enemy 11,FSM,Dead,None,0.00,14.4,0,0.20,40,,,82058171
73.26,FSM Enemy 5,FSM,PatrolState,None,1.00,36.4,0,0.20,0,,,82058171
73.26,FSM Enemy 9,FSM,PatrolState,None,1.00,39.2,0,0.20,0,,,82058171
73.26,FSM Enemy 12,FSM,PatrolState,None,1.00,66.8,0,0.20,0,,,82058171
73.26,FSM Enemy 7,FSM,Dead,None,0.00,9.1,0,0.20,16,,,82058171
73.26,FSM Enemy 6,FSM,PatrolState,None,1.00,58.8,0,0.20,0,,,82058171
73.26,FSM Enemy 8,FSM,PatrolState,None,1.00,39.0,0,0.20,0,,,82058171
73.26,Utility Enemy 9,Utility,PatrolAction,None,1.00,11.2,1,0.20,0,0.120,0.000,82058171
73.26,Utility Enemy 11,Utility,PatrolAction,None,1.00,52.9,0,0.20,0,0.120,0.000,82058171
73.26,Utility Enemy 3,Utility,PatrolAction,None,1.00,56.4,0,0.20,0,0.120,0.000,82058171
73.26,Utility Enemy 7,Utility,PatrolAction,None,1.00,72.9,0,0.20,0,0.120,0.000,82058171
73.26,Utility Enemy 1,Utility,PatrolAction,None,1.00,60.2,0,0.20,0,0.120,0.000,82058171
73.26,Utility Enemy 5,Utility,PatrolAction,None,1.00,65.9,0,0.20,0,0.120,0.000,82058171
73.26,Utility Enemy 10,Utility,PatrolAction,None,0.75,47.1,0,0.20,0,0.120,0.000,82058171
73.26,Utility Enemy 15,Utility,PatrolAction,None,1.00,43.0,0,0.20,0,0.120,0.000,82058171
73.26,Utility Enemy 6,Utility,PatrolAction,None,1.00,60.7,0,0.20,8,0.120,0.000,82058171
73.26,Utility Enemy 14,Utility,PatrolAction,None,1.00,50.3,0,0.20,0,0.120,0.000,82058171
73.26,Utility Enemy 12,Utility,PatrolAction,None,1.00,44.3,0,0.20,0,0.120,0.000,82058171
73.26,Utility Enemy 13,Utility,PatrolAction,None,1.00,45.4,0,0.20,0,0.120,0.000,82058171
73.26,Utility Enemy 8,Utility,PatrolAction,None,1.00,42.4,0,0.20,0,0.120,0.000,82058171
73.26,Utility Enemy 4,Utility,PatrolAction,None,1.00,64.2,0,0.20,0,0.120,0.000,82058171
73.26,Utility Enemy 2,Utility,PatrolAction,None,1.00,63.7,0,0.20,0,0.120,0.000,82058171
74.26,Player,Player,-,None,0.15,,0,0.15,,,,82058171
74.26,FSM Enemy 14,FSM,PatrolState,None,1.00,85.0,0,0.15,0,,,82058171
74.26,FSM Enemy 13,FSM,Dead,None,0.00,2.0,0,0.15,40,,,82058171
74.26,FSM Enemy 4,FSM,PatrolState,None,1.00,68.4,0,0.15,0,,,82058171
74.26,FSM Enemy 3,FSM,PatrolState,None,1.00,70.1,0,0.15,0,,,82058171
74.26,FSM Enemy 1,FSM,PatrolState,None,1.00,66.1,0,0.15,0,,,82058171
74.26,FSM Enemy 2,FSM,PatrolState,None,1.00,94.1,0,0.15,0,,,82058171
74.26,FSM Enemy 10,FSM,PatrolState,None,1.00,67.6,0,0.15,0,,,82058171
74.26,FSM Enemy 15,FSM,Dead,None,0.00,4.0,1,0.15,24,,,82058171
74.26,FSM Enemy 11,FSM,Dead,None,0.00,16.4,0,0.15,40,,,82058171
74.26,FSM Enemy 5,FSM,PatrolState,None,1.00,33.4,0,0.15,0,,,82058171
74.26,FSM Enemy 9,FSM,PatrolState,None,1.00,35.7,0,0.15,0,,,82058171
74.26,FSM Enemy 12,FSM,PatrolState,None,1.00,65.5,0,0.15,0,,,82058171
74.26,FSM Enemy 7,FSM,Dead,None,0.00,11.3,0,0.15,16,,,82058171
74.26,FSM Enemy 6,FSM,PatrolState,None,1.00,56.9,0,0.15,0,,,82058171
74.26,FSM Enemy 8,FSM,PatrolState,None,1.00,37.3,0,0.15,0,,,82058171
74.26,Utility Enemy 9,Utility,AttackAction,None,1.00,8.3,1,0.15,0,0.485,0.125,82058171
74.26,Utility Enemy 11,Utility,PatrolAction,None,1.00,52.8,0,0.15,0,0.120,0.000,82058171
74.26,Utility Enemy 3,Utility,PatrolAction,None,1.00,57.0,0,0.15,0,0.120,0.000,82058171
74.26,Utility Enemy 7,Utility,PatrolAction,None,1.00,74.0,0,0.15,0,0.120,0.000,82058171
74.26,Utility Enemy 1,Utility,PatrolAction,None,1.00,54.8,0,0.15,0,0.120,0.000,82058171
74.26,Utility Enemy 5,Utility,PatrolAction,None,1.00,63.7,0,0.15,0,0.120,0.000,82058171
74.26,Utility Enemy 10,Utility,PatrolAction,None,0.75,42.8,0,0.15,0,0.120,0.000,82058171
74.26,Utility Enemy 15,Utility,PatrolAction,None,1.00,37.9,0,0.15,0,0.120,0.000,82058171
74.26,Utility Enemy 6,Utility,PatrolAction,None,1.00,62.4,0,0.15,8,0.120,0.000,82058171
74.26,Utility Enemy 14,Utility,PatrolAction,None,1.00,52.5,0,0.15,0,0.120,0.000,82058171
74.26,Utility Enemy 12,Utility,PatrolAction,None,1.00,48.8,0,0.15,0,0.120,0.000,82058171
74.26,Utility Enemy 13,Utility,PatrolAction,None,1.00,47.5,0,0.15,0,0.120,0.000,82058171
74.26,Utility Enemy 8,Utility,PatrolAction,None,1.00,39.0,0,0.15,0,0.120,0.000,82058171
74.26,Utility Enemy 4,Utility,PatrolAction,None,1.00,66.2,0,0.15,0,0.120,0.000,82058171
74.26,Utility Enemy 2,Utility,PatrolAction,None,1.00,60.9,0,0.15,0,0.120,0.000,82058171
75.26,Player,Player,-,EnemyDuplicate,0.15,,0,0.15,,,,82058171
75.26,FSM Enemy 14,FSM,AttackState,EnemyDuplicate,1.00,83.1,0,0.15,0,,,82058171
75.26,FSM Enemy 13,FSM,Dead,EnemyDuplicate,0.00,3.1,0,0.15,40,,,82058171
75.26,FSM Enemy 4,FSM,AttackState,EnemyDuplicate,1.00,68.2,0,0.15,0,,,82058171
75.26,FSM Enemy 3,FSM,AttackState,EnemyDuplicate,1.00,70.6,0,0.15,0,,,82058171
75.26,FSM Enemy 1,FSM,AttackState,EnemyDuplicate,1.00,65.9,0,0.15,0,,,82058171
75.26,FSM Enemy 2,FSM,AttackState,EnemyDuplicate,1.00,93.7,0,0.15,0,,,82058171
75.26,FSM Enemy 10,FSM,AttackState,EnemyDuplicate,1.00,65.4,0,0.15,0,,,82058171
75.26,FSM Enemy 15,FSM,Dead,EnemyDuplicate,0.00,5.1,1,0.15,24,,,82058171
75.26,FSM Enemy 11,FSM,Dead,EnemyDuplicate,0.00,17.4,0,0.15,40,,,82058171
75.26,FSM Enemy 5,FSM,AttackState,EnemyDuplicate,1.00,31.9,0,0.15,0,,,82058171
75.26,FSM Enemy 9,FSM,AttackState,EnemyDuplicate,1.00,33.9,0,0.15,0,,,82058171
75.26,FSM Enemy 12,FSM,AttackState,EnemyDuplicate,1.00,65.1,0,0.15,0,,,82058171
75.26,FSM Enemy 7,FSM,Dead,EnemyDuplicate,0.00,12.5,0,0.15,16,,,82058171
75.26,FSM Enemy 6,FSM,AttackState,EnemyDuplicate,1.00,55.9,0,0.15,0,,,82058171
75.26,FSM Enemy 8,FSM,AttackState,EnemyDuplicate,1.00,36.4,0,0.15,0,,,82058171
75.26,Utility Enemy 9,Utility,AttackAction,EnemyDuplicate,1.00,7.1,1,0.15,0,1.386,0.775,82058171
75.26,Utility Enemy 11,Utility,RepositionAction,EnemyDuplicate,1.00,53.7,0,0.15,0,0.650,0.120,82058171
75.26,Utility Enemy 3,Utility,RepositionAction,EnemyDuplicate,1.00,58.5,0,0.15,0,0.650,0.120,82058171
75.26,Utility Enemy 7,Utility,RepositionAction,EnemyDuplicate,1.00,71.6,0,0.15,0,0.650,0.120,82058171
75.26,Utility Enemy 1,Utility,RepositionAction,EnemyDuplicate,1.00,51.4,0,0.15,0,0.650,0.120,82058171
75.26,Utility Enemy 5,Utility,RepositionAction,EnemyDuplicate,1.00,63.4,0,0.15,0,0.650,0.120,82058171
75.26,Utility Enemy 10,Utility,RepositionAction,EnemyDuplicate,0.75,40.0,0,0.15,0,0.650,0.120,82058171
75.26,Utility Enemy 15,Utility,RepositionAction,EnemyDuplicate,1.00,36.2,0,0.15,0,0.650,0.120,82058171
75.26,Utility Enemy 6,Utility,RepositionAction,EnemyDuplicate,1.00,61.0,0,0.15,8,0.650,0.120,82058171
75.26,Utility Enemy 14,Utility,RepositionAction,EnemyDuplicate,1.00,53.5,0,0.15,0,0.650,0.120,82058171
75.26,Utility Enemy 12,Utility,RepositionAction,EnemyDuplicate,1.00,51.9,0,0.15,0,0.650,0.120,82058171
75.26,Utility Enemy 13,Utility,RepositionAction,EnemyDuplicate,1.00,45.8,0,0.15,0,0.650,0.120,82058171
75.26,Utility Enemy 8,Utility,RepositionAction,EnemyDuplicate,1.00,36.6,0,0.15,0,0.650,0.120,82058171
75.26,Utility Enemy 4,Utility,RepositionAction,EnemyDuplicate,1.00,64.6,0,0.15,0,0.650,0.120,82058171
75.26,Utility Enemy 2,Utility,RepositionAction,EnemyDuplicate,1.00,57.0,0,0.15,0,0.650,0.120,82058171
76.26,Player,Player,-,EnemyDuplicate,0.09,,0,0.09,,,,82058171
76.26,FSM Enemy 14,FSM,AttackState,EnemyDuplicate,1.00,83.1,0,0.09,0,,,82058171
76.26,FSM Enemy 13,FSM,Dead,EnemyDuplicate,0.00,3.1,0,0.09,40,,,82058171
76.26,FSM Enemy 4,FSM,AttackState,EnemyDuplicate,1.00,68.2,0,0.09,0,,,82058171
76.26,FSM Enemy 3,FSM,AttackState,EnemyDuplicate,1.00,70.6,0,0.09,0,,,82058171
76.26,FSM Enemy 1,FSM,AttackState,EnemyDuplicate,1.00,65.9,0,0.09,0,,,82058171
76.26,FSM Enemy 2,FSM,AttackState,EnemyDuplicate,1.00,93.8,0,0.09,0,,,82058171
76.26,FSM Enemy 10,FSM,AttackState,EnemyDuplicate,1.00,65.4,0,0.09,0,,,82058171
76.26,FSM Enemy 15,FSM,Dead,EnemyDuplicate,0.00,5.1,1,0.09,24,,,82058171
76.26,FSM Enemy 11,FSM,Dead,EnemyDuplicate,0.00,17.4,0,0.09,40,,,82058171
76.26,FSM Enemy 5,FSM,AttackState,EnemyDuplicate,1.00,31.9,0,0.09,0,,,82058171
76.26,FSM Enemy 9,FSM,AttackState,EnemyDuplicate,1.00,33.9,0,0.09,0,,,82058171
76.26,FSM Enemy 12,FSM,AttackState,EnemyDuplicate,1.00,65.1,0,0.09,0,,,82058171
76.26,FSM Enemy 7,FSM,Dead,EnemyDuplicate,0.00,12.5,0,0.09,16,,,82058171
76.26,FSM Enemy 6,FSM,AttackState,EnemyDuplicate,1.00,56.0,0,0.09,0,,,82058171
76.26,FSM Enemy 8,FSM,AttackState,EnemyDuplicate,1.00,36.4,0,0.09,0,,,82058171
76.26,Utility Enemy 9,Utility,AttackAction,EnemyDuplicate,1.00,7.1,1,0.09,8,1.387,0.775,82058171
76.26,Utility Enemy 11,Utility,RepositionAction,EnemyDuplicate,1.00,50.7,0,0.09,0,0.650,0.120,82058171
76.26,Utility Enemy 3,Utility,RepositionAction,EnemyDuplicate,1.00,59.0,0,0.09,0,0.650,0.120,82058171
76.26,Utility Enemy 7,Utility,RepositionAction,EnemyDuplicate,1.00,75.3,0,0.09,0,0.650,0.120,82058171
76.26,Utility Enemy 1,Utility,RepositionAction,EnemyDuplicate,1.00,53.2,0,0.09,0,0.650,0.120,82058171
76.26,Utility Enemy 5,Utility,RepositionAction,EnemyDuplicate,0.90,67.3,0,0.09,0,0.650,0.120,82058171
76.26,Utility Enemy 10,Utility,RepositionAction,EnemyDuplicate,0.75,39.0,0,0.09,0,0.650,0.120,82058171
76.26,Utility Enemy 15,Utility,RepositionAction,EnemyDuplicate,1.00,33.2,0,0.09,0,0.650,0.120,82058171
76.26,Utility Enemy 6,Utility,RepositionAction,EnemyDuplicate,1.00,60.0,0,0.09,8,0.650,0.120,82058171
76.26,Utility Enemy 14,Utility,RepositionAction,EnemyDuplicate,0.90,57.9,0,0.09,0,0.650,0.120,82058171
76.26,Utility Enemy 12,Utility,RepositionAction,EnemyDuplicate,0.90,53.2,0,0.09,0,0.650,0.120,82058171
76.26,Utility Enemy 13,Utility,RepositionAction,EnemyDuplicate,1.00,44.2,0,0.09,0,0.650,0.120,82058171
76.26,Utility Enemy 8,Utility,RepositionAction,EnemyDuplicate,1.00,40.5,0,0.09,0,0.650,0.120,82058171
76.26,Utility Enemy 4,Utility,RepositionAction,EnemyDuplicate,1.00,61.9,0,0.09,0,0.650,0.120,82058171
76.26,Utility Enemy 2,Utility,RepositionAction,EnemyDuplicate,1.00,55.2,0,0.09,0,0.650,0.120,82058171
77.26,Player,Player,-,EnemyDuplicate,0.09,,0,0.09,,,,82058171
77.26,FSM Enemy 14,FSM,AttackState,EnemyDuplicate,1.00,84.9,0,0.09,0,,,82058171
77.26,FSM Enemy 13,FSM,Dead,EnemyDuplicate,0.00,0.7,0,0.09,40,,,82058171
77.26,FSM Enemy 4,FSM,AttackState,EnemyDuplicate,1.00,69.2,0,0.09,0,,,82058171
77.26,FSM Enemy 3,FSM,AttackState,EnemyDuplicate,1.00,73.0,0,0.09,0,,,82058171
77.26,FSM Enemy 1,FSM,AttackState,EnemyDuplicate,1.00,68.0,0,0.09,0,,,82058171
77.26,FSM Enemy 2,FSM,AttackState,EnemyDuplicate,1.00,95.8,0,0.09,0,,,82058171
77.26,FSM Enemy 10,FSM,AttackState,EnemyDuplicate,1.00,67.4,0,0.09,0,,,82058171
77.26,FSM Enemy 15,FSM,Dead,EnemyDuplicate,0.00,3.6,1,0.09,24,,,82058171
77.26,FSM Enemy 11,FSM,Dead,EnemyDuplicate,0.00,15.1,0,0.09,40,,,82058171
77.26,FSM Enemy 5,FSM,AttackState,EnemyDuplicate,1.00,34.3,0,0.09,0,,,82058171
77.26,FSM Enemy 9,FSM,AttackState,EnemyDuplicate,1.00,35.3,0,0.09,0,,,82058171
77.26,FSM Enemy 12,FSM,AttackState,EnemyDuplicate,1.00,65.4,0,0.09,0,,,82058171
77.26,FSM Enemy 7,FSM,PatrolState,EnemyDuplicate,1.00,44.3,0,0.09,16,,,82058171
77.26,FSM Enemy 6,FSM,AttackState,EnemyDuplicate,1.00,55.8,0,0.09,0,,,82058171
77.26,FSM Enemy 8,FSM,AttackState,EnemyDuplicate,1.00,38.8,0,0.09,0,,,82058171
77.26,Utility Enemy 9,Utility,AttackAction,EnemyDuplicate,1.00,9.5,1,0.09,8,1.263,0.775,82058171
77.26,Utility Enemy 11,Utility,RepositionAction,EnemyDuplicate,1.00,51.7,0,0.09,0,0.650,0.120,82058171
77.26,Utility Enemy 3,Utility,RepositionAction,EnemyDuplicate,1.00,57.5,0,0.09,0,0.650,0.120,82058171
77.26,Utility Enemy 7,Utility,RepositionAction,EnemyDuplicate,1.00,80.4,0,0.09,0,0.650,0.120,82058171
77.26,Utility Enemy 1,Utility,RepositionAction,EnemyDuplicate,1.00,51.1,0,0.09,0,0.650,0.120,82058171
77.26,Utility Enemy 5,Utility,RepositionAction,EnemyDuplicate,0.80,69.0,0,0.09,0,0.650,0.120,82058171
77.26,Utility Enemy 10,Utility,RepositionAction,EnemyDuplicate,0.75,41.6,0,0.09,0,0.650,0.120,82058171
77.26,Utility Enemy 15,Utility,RepositionAction,EnemyDuplicate,1.00,34.3,0,0.09,0,0.650,0.120,82058171
77.26,Utility Enemy 6,Utility,RepositionAction,EnemyDuplicate,1.00,61.8,0,0.09,8,0.650,0.120,82058171
77.26,Utility Enemy 14,Utility,RepositionAction,EnemyDuplicate,0.80,60.1,0,0.09,0,0.650,0.120,82058171
77.26,Utility Enemy 12,Utility,RepositionAction,EnemyDuplicate,0.90,54.2,0,0.09,0,0.650,0.120,82058171
77.26,Utility Enemy 13,Utility,RepositionAction,EnemyDuplicate,1.00,48.2,0,0.09,0,0.650,0.120,82058171
77.26,Utility Enemy 8,Utility,RepositionAction,EnemyDuplicate,1.00,46.3,0,0.09,0,0.650,0.120,82058171
77.26,Utility Enemy 4,Utility,RepositionAction,EnemyDuplicate,1.00,63.8,0,0.09,0,0.650,0.120,82058171
77.26,Utility Enemy 2,Utility,RepositionAction,EnemyDuplicate,1.00,58.8,0,0.09,0,0.650,0.120,82058171
78.27,Player,Player,-,EnemyDuplicate,0.04,,0,0.04,,,,82058171
78.27,FSM Enemy 14,FSM,AttackState,EnemyDuplicate,1.00,83.3,0,0.04,0,,,82058171
78.27,FSM Enemy 13,FSM,Dead,EnemyDuplicate,0.00,2.4,1,0.04,40,,,82058171
78.27,FSM Enemy 4,FSM,AttackState,EnemyDuplicate,1.00,67.2,0,0.04,0,,,82058171
78.27,FSM Enemy 3,FSM,AttackState,EnemyDuplicate,1.00,72.6,0,0.04,0,,,82058171
78.27,FSM Enemy 1,FSM,AttackState,EnemyDuplicate,1.00,68.8,0,0.04,0,,,82058171
78.27,FSM Enemy 2,FSM,AttackState,EnemyDuplicate,1.00,94.6,0,0.04,0,,,82058171
78.27,FSM Enemy 10,FSM,AttackState,EnemyDuplicate,1.00,66.0,0,0.04,0,,,82058171
78.27,FSM Enemy 15,FSM,Dead,EnemyDuplicate,0.00,2.1,1,0.04,24,,,82058171
78.27,FSM Enemy 11,FSM,Dead,EnemyDuplicate,0.00,16.1,0,0.04,40,,,82058171
78.27,FSM Enemy 5,FSM,AttackState,EnemyDuplicate,1.00,34.4,0,0.04,0,,,82058171
78.27,FSM Enemy 9,FSM,AttackState,EnemyDuplicate,1.00,33.4,0,0.04,0,,,82058171
78.27,FSM Enemy 12,FSM,AttackState,EnemyDuplicate,1.00,63.3,0,0.04,0,,,82058171
78.27,FSM Enemy 7,FSM,PatrolState,EnemyDuplicate,1.00,40.2,0,0.04,16,,,82058171
78.27,FSM Enemy 6,FSM,AttackState,EnemyDuplicate,1.00,53.7,0,0.04,0,,,82058171
78.27,FSM Enemy 8,FSM,AttackState,EnemyDuplicate,1.00,38.1,0,0.04,0,,,82058171
78.27,Utility Enemy 9,Utility,AttackAction,EnemyDuplicate,0.25,9.7,1,0.04,16,1.240,0.775,82058171
78.27,Utility Enemy 11,Utility,RepositionAction,EnemyDuplicate,1.00,54.5,0,0.04,0,0.650,0.120,82058171
78.27,Utility Enemy 3,Utility,RepositionAction,EnemyDuplicate,1.00,53.4,0,0.04,0,0.650,0.120,82058171
78.27,Utility Enemy 7,Utility,RepositionAction,EnemyDuplicate,1.00,78.4,0,0.04,0,0.650,0.120,82058171
78.27,Utility Enemy 1,Utility,RepositionAction,EnemyDuplicate,1.00,52.5,0,0.04,0,0.650,0.120,82058171
78.27,Utility Enemy 5,Utility,RepositionAction,EnemyDuplicate,0.80,67.4,0,0.04,0,0.650,0.120,82058171
78.27,Utility Enemy 10,Utility,RepositionAction,EnemyDuplicate,0.75,42.9,0,0.04,0,0.650,0.120,82058171
78.27,Utility Enemy 15,Utility,RepositionAction,EnemyDuplicate,1.00,33.1,0,0.04,0,0.650,0.120,82058171
78.27,Utility Enemy 6,Utility,RepositionAction,EnemyDuplicate,1.00,59.0,0,0.04,8,0.650,0.120,82058171
78.27,Utility Enemy 14,Utility,RepositionAction,EnemyDuplicate,0.60,54.3,0,0.04,0,0.650,0.120,82058171
78.27,Utility Enemy 12,Utility,RepositionAction,EnemyDuplicate,0.90,53.4,0,0.04,0,0.650,0.120,82058171
78.27,Utility Enemy 13,Utility,RepositionAction,EnemyDuplicate,1.00,50.0,0,0.04,0,0.650,0.120,82058171
78.27,Utility Enemy 8,Utility,RepositionAction,EnemyDuplicate,1.00,47.0,0,0.04,0,0.650,0.120,82058171
78.27,Utility Enemy 4,Utility,RepositionAction,EnemyDuplicate,1.00,58.6,0,0.04,0,0.650,0.120,82058171
78.27,Utility Enemy 2,Utility,RepositionAction,EnemyDuplicate,1.00,53.3,0,0.04,0,0.650,0.120,82058171
79.28,Player,Player,-,EnemyDuplicate,0.04,,0,0.04,,,,82058171
79.28,FSM Enemy 14,FSM,AttackState,EnemyDuplicate,1.00,82.6,0,0.04,0,,,82058171
79.28,FSM Enemy 13,FSM,Dead,EnemyDuplicate,0.00,2.9,1,0.04,40,,,82058171
79.28,FSM Enemy 4,FSM,AttackState,EnemyDuplicate,1.00,66.9,0,0.04,0,,,82058171
79.28,FSM Enemy 3,FSM,AttackState,EnemyDuplicate,1.00,71.4,0,0.04,0,,,82058171
79.28,FSM Enemy 1,FSM,AttackState,EnemyDuplicate,1.00,67.7,0,0.04,0,,,82058171
79.28,FSM Enemy 2,FSM,AttackState,EnemyDuplicate,1.00,93.6,0,0.04,0,,,82058171
79.28,FSM Enemy 10,FSM,AttackState,EnemyDuplicate,1.00,65.1,0,0.04,0,,,82058171
79.28,FSM Enemy 15,FSM,Dead,EnemyDuplicate,0.00,3.3,0,0.04,24,,,82058171
79.28,FSM Enemy 11,FSM,PatrolState,EnemyDuplicate,1.00,23.2,0,0.04,40,,,82058171
79.28,FSM Enemy 5,FSM,AttackState,EnemyDuplicate,1.00,33.2,0,0.04,0,,,82058171
79.28,FSM Enemy 9,FSM,AttackState,EnemyDuplicate,1.00,32.9,0,0.04,0,,,82058171
79.28,FSM Enemy 12,FSM,AttackState,EnemyDuplicate,1.00,63.3,0,0.04,0,,,82058171
79.28,FSM Enemy 7,FSM,PatrolState,EnemyDuplicate,1.00,38.0,0,0.04,16,,,82058171
79.28,FSM Enemy 6,FSM,AttackState,EnemyDuplicate,1.00,53.9,0,0.04,0,,,82058171
79.28,FSM Enemy 8,FSM,AttackState,EnemyDuplicate,1.00,36.9,0,0.04,0,,,82058171
79.28,Utility Enemy 9,Utility,Dead,EnemyDuplicate,0.00,8.5,1,0.04,16,1.243,0.775,82058171
79.28,Utility Enemy 11,Utility,RepositionAction,EnemyDuplicate,1.00,50.4,0,0.04,0,0.650,0.120,82058171
79.28,Utility Enemy 3,Utility,RepositionAction,EnemyDuplicate,1.00,51.2,0,0.04,0,0.650,0.120,82058171
79.28,Utility Enemy 7,Utility,RepositionAction,EnemyDuplicate,1.00,75.7,0,0.04,0,0.650,0.120,82058171
79.28,Utility Enemy 1,Utility,RepositionAction,EnemyDuplicate,1.00,52.9,0,0.04,0,0.650,0.120,82058171
79.28,Utility Enemy 5,Utility,RepositionAction,EnemyDuplicate,0.80,67.0,0,0.04,0,0.650,0.120,82058171
79.28,Utility Enemy 10,Utility,RepositionAction,EnemyDuplicate,0.75,44.7,0,0.04,0,0.650,0.120,82058171
79.28,Utility Enemy 15,Utility,RepositionAction,EnemyDuplicate,1.00,33.0,0,0.04,0,0.650,0.120,82058171
79.28,Utility Enemy 6,Utility,RepositionAction,EnemyDuplicate,1.00,61.3,0,0.04,8,0.650,0.120,82058171
79.28,Utility Enemy 14,Utility,RepositionAction,EnemyDuplicate,0.60,49.9,0,0.04,0,0.650,0.120,82058171
79.28,Utility Enemy 12,Utility,RepositionAction,EnemyDuplicate,0.90,54.8,0,0.04,0,0.650,0.120,82058171
79.28,Utility Enemy 13,Utility,RepositionAction,EnemyDuplicate,1.00,45.1,0,0.04,0,0.650,0.120,82058171
79.28,Utility Enemy 8,Utility,RepositionAction,EnemyDuplicate,1.00,45.1,0,0.04,0,0.650,0.120,82058171
79.28,Utility Enemy 4,Utility,RepositionAction,EnemyDuplicate,1.00,61.1,0,0.04,0,0.650,0.120,82058171
79.28,Utility Enemy 2,Utility,RepositionAction,EnemyDuplicate,1.00,50.0,0,0.04,0,0.650,0.120,82058171
80.28,Player,Player,-,None,0.04,,0,0.04,,,,82058171
80.28,FSM Enemy 14,FSM,PatrolState,None,1.00,85.5,0,0.04,0,,,82058171
80.28,FSM Enemy 13,FSM,Dead,None,0.00,1.2,0,0.04,40,,,82058171
80.28,FSM Enemy 4,FSM,PatrolState,None,1.00,69.2,0,0.04,0,,,82058171
80.28,FSM Enemy 3,FSM,PatrolState,None,1.00,71.5,0,0.04,0,,,82058171
80.28,FSM Enemy 1,FSM,PatrolState,None,1.00,66.7,0,0.04,0,,,82058171
80.28,FSM Enemy 2,FSM,PatrolState,None,1.00,94.7,0,0.04,0,,,82058171
80.28,FSM Enemy 10,FSM,PatrolState,None,1.00,67.6,0,0.04,0,,,82058171
80.28,FSM Enemy 15,FSM,Dead,None,0.00,4.1,1,0.04,24,,,82058171
80.28,FSM Enemy 11,FSM,PatrolState,None,1.00,22.0,0,0.04,40,,,82058171
80.28,FSM Enemy 5,FSM,PatrolState,None,0.50,34.5,0,0.04,0,,,82058171
80.28,FSM Enemy 9,FSM,PatrolState,None,1.00,35.9,0,0.04,0,,,82058171
80.28,FSM Enemy 12,FSM,PatrolState,None,1.00,65.0,0,0.04,0,,,82058171
80.28,FSM Enemy 7,FSM,PatrolState,None,1.00,38.5,0,0.04,16,,,82058171
80.28,FSM Enemy 6,FSM,PatrolState,None,1.00,57.0,0,0.04,0,,,82058171
80.28,FSM Enemy 8,FSM,PatrolState,None,1.00,39.2,0,0.04,0,,,82058171
80.28,Utility Enemy 9,Utility,Dead,None,0.00,8.9,1,0.04,16,1.243,0.775,82058171
80.28,Utility Enemy 11,Utility,PatrolAction,None,1.00,48.9,0,0.04,0,0.120,0.000,82058171
80.28,Utility Enemy 3,Utility,PatrolAction,None,1.00,56.4,0,0.04,0,0.120,0.000,82058171
80.28,Utility Enemy 7,Utility,PatrolAction,None,1.00,81.7,0,0.04,0,0.120,0.000,82058171
80.28,Utility Enemy 1,Utility,PatrolAction,None,1.00,52.0,0,0.04,0,0.120,0.000,82058171
80.28,Utility Enemy 5,Utility,PatrolAction,None,0.80,68.2,0,0.04,0,0.120,0.000,82058171
80.28,Utility Enemy 10,Utility,PatrolAction,None,0.75,44.3,0,0.04,0,0.120,0.000,82058171
80.28,Utility Enemy 15,Utility,PatrolAction,None,0.75,32.1,0,0.04,0,0.120,0.000,82058171
80.28,Utility Enemy 6,Utility,PatrolAction,None,1.00,66.2,0,0.04,8,0.120,0.000,82058171
80.28,Utility Enemy 14,Utility,PatrolAction,None,0.60,54.6,0,0.04,0,0.120,0.000,82058171
80.28,Utility Enemy 12,Utility,PatrolAction,None,0.90,54.0,0,0.04,0,0.120,0.000,82058171
80.28,Utility Enemy 13,Utility,PatrolAction,None,1.00,41.8,0,0.04,0,0.120,0.000,82058171
80.28,Utility Enemy 8,Utility,PatrolAction,None,1.00,46.9,0,0.04,0,0.120,0.000,82058171
80.28,Utility Enemy 4,Utility,PatrolAction,None,1.00,64.8,0,0.04,0,0.120,0.000,82058171
80.28,Utility Enemy 2,Utility,PatrolAction,None,1.00,50.6,0,0.04,0,0.120,0.000,82058171
81.28,Player,Player,-,None,0.04,,0,0.04,,,,82058171
81.28,FSM Enemy 14,FSM,PatrolState,None,1.00,88.7,0,0.04,0,,,82058171
81.28,FSM Enemy 13,FSM,Dead,None,0.00,1.2,0,0.04,40,,,82058171
81.28,FSM Enemy 4,FSM,PatrolState,None,1.00,70.1,0,0.04,0,,,82058171
81.28,FSM Enemy 3,FSM,PatrolState,None,1.00,70.4,0,0.04,0,,,82058171
81.28,FSM Enemy 1,FSM,PatrolState,None,1.00,68.4,0,0.04,0,,,82058171
81.28,FSM Enemy 2,FSM,PatrolState,None,1.00,93.3,0,0.04,0,,,82058171
81.28,FSM Enemy 10,FSM,PatrolState,None,1.00,70.0,0,0.04,0,,,82058171
81.28,FSM Enemy 15,FSM,Dead,None,0.00,4.6,1,0.04,24,,,82058171
81.28,FSM Enemy 11,FSM,PatrolState,None,1.00,21.4,0,0.04,40,,,82058171
81.28,FSM Enemy 5,FSM,PatrolState,None,0.50,36.8,0,0.04,0,,,82058171
81.28,FSM Enemy 9,FSM,PatrolState,None,1.00,38.8,0,0.04,0,,,82058171
81.28,FSM Enemy 12,FSM,PatrolState,None,1.00,63.5,0,0.04,0,,,82058171
81.28,FSM Enemy 7,FSM,PatrolState,None,1.00,37.7,0,0.04,16,,,82058171
81.28,FSM Enemy 6,FSM,PatrolState,None,1.00,60.2,0,0.04,0,,,82058171
81.28,FSM Enemy 8,FSM,PatrolState,None,1.00,42.4,0,0.04,0,,,82058171
81.28,Utility Enemy 9,Utility,Dead,None,0.00,9.4,1,0.04,16,1.243,0.775,82058171
81.28,Utility Enemy 11,Utility,PatrolAction,None,1.00,50.0,0,0.04,0,0.120,0.000,82058171
81.28,Utility Enemy 3,Utility,PatrolAction,None,1.00,58.4,0,0.04,0,0.120,0.000,82058171
81.28,Utility Enemy 7,Utility,PatrolAction,None,1.00,86.1,0,0.04,0,0.120,0.000,82058171
81.28,Utility Enemy 1,Utility,PatrolAction,None,1.00,56.2,0,0.04,0,0.120,0.000,82058171
81.28,Utility Enemy 5,Utility,PatrolAction,None,0.55,64.3,0,0.04,0,0.120,0.000,82058171
81.28,Utility Enemy 10,Utility,PatrolAction,None,0.75,49.0,0,0.04,0,0.120,0.000,82058171
81.28,Utility Enemy 15,Utility,PatrolAction,None,0.50,34.9,0,0.04,0,0.120,0.000,82058171
81.28,Utility Enemy 6,Utility,PatrolAction,None,1.00,68.7,0,0.04,8,0.120,0.000,82058171
81.28,Utility Enemy 14,Utility,PatrolAction,None,0.60,54.7,0,0.04,0,0.120,0.000,82058171
81.28,Utility Enemy 12,Utility,PatrolAction,None,0.90,51.9,0,0.04,0,0.120,0.000,82058171
81.28,Utility Enemy 13,Utility,PatrolAction,None,1.00,39.4,0,0.04,0,0.120,0.000,82058171
81.28,Utility Enemy 8,Utility,PatrolAction,None,1.00,42.7,0,0.04,0,0.120,0.000,82058171
81.28,Utility Enemy 4,Utility,PatrolAction,None,1.00,62.6,0,0.04,0,0.120,0.000,82058171
81.28,Utility Enemy 2,Utility,PatrolAction,None,1.00,55.6,0,0.04,0,0.120,0.000,82058171
82.29,Player,Player,-,WallDisappear,0.04,,0,0.04,,,,82058171
82.29,FSM Enemy 14,FSM,ChaseState,WallDisappear,1.00,86.3,0,0.04,0,,,82058171
82.29,FSM Enemy 13,FSM,Dead,WallDisappear,0.00,3.6,0,0.04,40,,,82058171
82.29,FSM Enemy 4,FSM,ChaseState,WallDisappear,1.00,67.9,0,0.04,0,,,82058171
82.29,FSM Enemy 3,FSM,ChaseState,WallDisappear,1.00,67.1,0,0.04,0,,,82058171
82.29,FSM Enemy 1,FSM,ChaseState,WallDisappear,1.00,67.0,0,0.04,0,,,82058171
82.29,FSM Enemy 2,FSM,ChaseState,WallDisappear,1.00,89.0,0,0.04,0,,,82058171
82.29,FSM Enemy 10,FSM,ChaseState,WallDisappear,1.00,68.1,0,0.04,0,,,82058171
82.29,FSM Enemy 15,FSM,Dead,WallDisappear,0.00,6.3,1,0.04,24,,,82058171
82.29,FSM Enemy 11,FSM,ChaseState,WallDisappear,1.00,18.8,0,0.04,40,,,82058171
82.29,FSM Enemy 5,FSM,ChaseState,WallDisappear,0.50,35.9,0,0.04,0,,,82058171
82.29,FSM Enemy 9,FSM,ChaseState,WallDisappear,1.00,38.5,0,0.04,0,,,82058171
82.29,FSM Enemy 12,FSM,ChaseState,WallDisappear,1.00,61.5,0,0.04,0,,,82058171
82.29,FSM Enemy 7,FSM,ChaseState,WallDisappear,1.00,35.4,0,0.04,16,,,82058171
82.29,FSM Enemy 6,FSM,ChaseState,WallDisappear,1.00,61.8,0,0.04,0,,,82058171
82.29,FSM Enemy 8,FSM,ChaseState,WallDisappear,1.00,39.1,0,0.04,0,,,82058171
82.29,Utility Enemy 9,Utility,Dead,WallDisappear,0.00,6.7,1,0.04,16,1.243,0.775,82058171
82.29,Utility Enemy 11,Utility,ChaseAction,WallDisappear,1.00,47.1,0,0.04,0,0.850,0.300,82058171
82.29,Utility Enemy 3,Utility,ChaseAction,WallDisappear,1.00,56.7,0,0.04,0,0.850,0.300,82058171
82.29,Utility Enemy 7,Utility,ChaseAction,WallDisappear,1.00,87.5,0,0.04,0,0.850,0.300,82058171
82.29,Utility Enemy 1,Utility,ChaseAction,WallDisappear,1.00,53.8,0,0.04,0,0.850,0.300,82058171
82.29,Utility Enemy 5,Utility,ChaseAction,WallDisappear,0.55,57.6,0,0.04,0,0.850,0.300,82058171
82.29,Utility Enemy 10,Utility,ChaseAction,WallDisappear,0.75,52.3,0,0.04,0,0.850,0.300,82058171
82.29,Utility Enemy 15,Utility,ChaseAction,WallDisappear,0.50,33.0,0,0.04,0,0.850,0.300,82058171
82.29,Utility Enemy 6,Utility,ChaseAction,WallDisappear,1.00,69.2,0,0.04,8,0.850,0.300,82058171
82.29,Utility Enemy 14,Utility,ChaseAction,WallDisappear,0.60,53.1,0,0.04,0,0.850,0.300,82058171
82.29,Utility Enemy 12,Utility,ChaseAction,WallDisappear,0.90,50.2,0,0.04,0,0.850,0.300,82058171
82.29,Utility Enemy 13,Utility,ChaseAction,WallDisappear,1.00,34.4,0,0.04,0,0.850,0.300,82058171
82.29,Utility Enemy 8,Utility,ChaseAction,WallDisappear,1.00,36.1,0,0.04,0,0.850,0.300,82058171
82.29,Utility Enemy 4,Utility,ChaseAction,WallDisappear,1.00,59.5,0,0.04,0,0.850,0.300,82058171
82.29,Utility Enemy 2,Utility,ChaseAction,WallDisappear,1.00,57.3,0,0.04,0,0.850,0.300,82058171
83.29,Player,Player,-,WallDisappear,0.04,,0,0.04,,,,82058171
83.29,FSM Enemy 14,FSM,ChaseState,WallDisappear,1.00,81.5,0,0.04,0,,,82058171
83.29,FSM Enemy 13,FSM,Dead,WallDisappear,0.00,4.7,0,0.04,40,,,82058171
83.29,FSM Enemy 4,FSM,ChaseState,WallDisappear,1.00,63.7,0,0.04,0,,,82058171
83.29,FSM Enemy 3,FSM,ChaseState,WallDisappear,1.00,63.3,0,0.04,0,,,82058171
83.29,FSM Enemy 1,FSM,ChaseState,WallDisappear,1.00,61.8,0,0.04,0,,,82058171
83.29,FSM Enemy 2,FSM,ChaseState,WallDisappear,1.00,83.9,0,0.04,0,,,82058171
83.29,FSM Enemy 10,FSM,ChaseState,WallDisappear,1.00,63.3,0,0.04,0,,,82058171
83.29,FSM Enemy 15,FSM,Dead,WallDisappear,0.00,7.3,1,0.04,24,,,82058171
83.29,FSM Enemy 11,FSM,ChaseState,WallDisappear,1.00,14.0,1,0.04,40,,,82058171
83.29,FSM Enemy 5,FSM,Dead,WallDisappear,0.00,33.5,0,0.04,0,,,82058171
83.29,FSM Enemy 9,FSM,ChaseState,WallDisappear,1.00,35.1,0,0.04,0,,,82058171
83.29,FSM Enemy 12,FSM,ChaseState,WallDisappear,1.00,60.0,0,0.04,0,,,82058171
83.29,FSM Enemy 7,FSM,ChaseState,WallDisappear,1.00,33.3,0,0.04,16,,,82058171
83.29,FSM Enemy 6,FSM,ChaseState,WallDisappear,1.00,58.1,0,0.04,0,,,82058171
83.29,FSM Enemy 8,FSM,ChaseState,WallDisappear,1.00,34.6,0,0.04,0,,,82058171
83.29,Utility Enemy 9,Utility,Dead,WallDisappear,0.00,5.7,1,0.04,16,1.243,0.775,82058171
83.29,Utility Enemy 11,Utility,ChaseAction,WallDisappear,1.00,42.4,0,0.04,0,0.850,0.300,82058171
83.29,Utility Enemy 3,Utility,ChaseAction,WallDisappear,1.00,52.3,0,0.04,0,0.850,0.300,82058171
83.29,Utility Enemy 7,Utility,ChaseAction,WallDisappear,1.00,83.2,0,0.04,0,0.850,0.300,82058171
83.29,Utility Enemy 1,Utility,ChaseAction,WallDisappear,1.00,50.4,0,0.04,0,0.850,0.300,82058171
83.29,Utility Enemy 5,Utility,ChaseAction,WallDisappear,0.55,52.8,0,0.04,0,0.850,0.300,82058171
83.29,Utility Enemy 10,Utility,ChaseAction,WallDisappear,0.75,49.2,0,0.04,0,0.850,0.300,82058171
83.29,Utility Enemy 15,Utility,ChaseAction,WallDisappear,0.50,30.3,0,0.04,0,0.850,0.300,82058171
83.29,Utility Enemy 6,Utility,ChaseAction,WallDisappear,1.00,67.8,0,0.04,8,0.850,0.300,82058171
83.29,Utility Enemy 14,Utility,ChaseAction,WallDisappear,0.60,48.3,0,0.04,0,0.850,0.300,82058171
83.29,Utility Enemy 12,Utility,ChaseAction,WallDisappear,0.90,47.7,0,0.04,0,0.850,0.300,82058171
83.29,Utility Enemy 13,Utility,ChaseAction,WallDisappear,0.25,31.3,0,0.04,0,0.850,0.300,82058171
83.29,Utility Enemy 8,Utility,ChaseAction,WallDisappear,1.00,32.3,0,0.04,0,0.850,0.300,82058171
83.29,Utility Enemy 4,Utility,ChaseAction,WallDisappear,1.00,56.1,0,0.04,0,0.850,0.300,82058171
83.29,Utility Enemy 2,Utility,ChaseAction,WallDisappear,1.00,52.7,0,0.04,0,0.850,0.300,82058171
84.29,Player,Player,-,WallDisappear,0.04,,0,0.04,,,,82058171
84.29,FSM Enemy 14,FSM,ChaseState,WallDisappear,1.00,76.3,0,0.04,0,,,82058171
84.29,FSM Enemy 13,FSM,Dead,WallDisappear,0.00,9.2,0,0.04,40,,,82058171
84.29,FSM Enemy 4,FSM,ChaseState,WallDisappear,1.00,61.8,0,0.04,0,,,82058171
84.29,FSM Enemy 3,FSM,ChaseState,WallDisappear,1.00,57.5,0,0.04,0,,,82058171
84.29,FSM Enemy 1,FSM,ChaseState,WallDisappear,1.00,53.1,0,0.04,0,,,82058171
84.29,FSM Enemy 2,FSM,ChaseState,WallDisappear,1.00,77.4,0,0.04,0,,,82058171
84.29,FSM Enemy 10,FSM,ChaseState,WallDisappear,1.00,57.8,0,0.04,0,,,82058171
84.29,FSM Enemy 15,FSM,Dead,WallDisappear,0.00,11.8,1,0.04,24,,,82058171
84.29,FSM Enemy 11,FSM,ChaseState,WallDisappear,0.50,5.5,1,0.04,40,,,82058171
84.29,FSM Enemy 5,FSM,Dead,WallDisappear,0.00,29.3,0,0.04,0,,,82058171
84.29,FSM Enemy 9,FSM,ChaseState,WallDisappear,1.00,31.3,0,0.04,0,,,82058171
84.29,FSM Enemy 12,FSM,ChaseState,WallDisappear,1.00,60.4,0,0.04,0,,,82058171
84.29,FSM Enemy 7,FSM,ChaseState,WallDisappear,1.00,32.7,0,0.04,16,,,82058171
84.29,FSM Enemy 6,FSM,ChaseState,WallDisappear,1.00,56.8,0,0.04,0,,,82058171
84.29,FSM Enemy 8,FSM,ChaseState,WallDisappear,1.00,29.8,0,0.04,0,,,82058171
84.29,Utility Enemy 9,Utility,Dead,WallDisappear,0.00,3.6,0,0.04,16,1.243,0.775,82058171
84.29,Utility Enemy 11,Utility,ChaseAction,WallDisappear,1.00,35.1,0,0.04,0,0.850,0.300,82058171
84.29,Utility Enemy 3,Utility,ChaseAction,WallDisappear,1.00,47.7,0,0.04,0,0.850,0.300,82058171
84.29,Utility Enemy 7,Utility,ChaseAction,WallDisappear,1.00,77.8,0,0.04,0,0.850,0.300,82058171
84.29,Utility Enemy 1,Utility,ChaseAction,WallDisappear,1.00,43.4,0,0.04,0,0.850,0.300,82058171
84.29,Utility Enemy 5,Utility,ChaseAction,WallDisappear,0.55,44.8,0,0.04,0,0.850,0.300,82058171
84.29,Utility Enemy 10,Utility,ChaseAction,WallDisappear,0.75,47.4,0,0.04,0,0.850,0.300,82058171
84.29,Utility Enemy 15,Utility,ChaseAction,WallDisappear,0.50,25.7,0,0.04,0,0.850,0.300,82058171
84.29,Utility Enemy 6,Utility,ChaseAction,WallDisappear,1.00,64.8,0,0.04,8,0.850,0.300,82058171
84.29,Utility Enemy 14,Utility,ChaseAction,WallDisappear,0.60,41.9,0,0.04,0,0.850,0.300,82058171
84.29,Utility Enemy 12,Utility,ChaseAction,WallDisappear,0.90,47.4,0,0.04,0,0.850,0.300,82058171
84.29,Utility Enemy 13,Utility,Dead,WallDisappear,0.00,27.1,0,0.04,0,0.850,0.300,82058171
84.29,Utility Enemy 8,Utility,ChaseAction,WallDisappear,1.00,25.3,0,0.04,0,0.850,0.300,82058171
84.29,Utility Enemy 4,Utility,ChaseAction,WallDisappear,1.00,53.5,0,0.04,0,0.850,0.300,82058171
84.29,Utility Enemy 2,Utility,ChaseAction,WallDisappear,1.00,46.8,0,0.04,0,0.850,0.300,82058171
85.29,Player,Player,-,WallDisappear,0.04,,0,0.04,,,,82058171
85.29,FSM Enemy 14,FSM,ChaseState,WallDisappear,1.00,72.2,0,0.04,0,,,82058171
85.29,FSM Enemy 13,FSM,Dead,WallDisappear,0.00,9.5,0,0.04,40,,,82058171
85.29,FSM Enemy 4,FSM,ChaseState,WallDisappear,1.00,59.4,0,0.04,0,,,82058171
85.29,FSM Enemy 3,FSM,ChaseState,WallDisappear,1.00,54.8,0,0.04,0,,,82058171
85.29,FSM Enemy 1,FSM,ChaseState,WallDisappear,1.00,48.7,0,0.04,0,,,82058171
85.29,FSM Enemy 2,FSM,ChaseState,WallDisappear,1.00,73.2,0,0.04,0,,,82058171
85.29,FSM Enemy 10,FSM,ChaseState,WallDisappear,1.00,53.9,0,0.04,0,,,82058171
85.29,FSM Enemy 15,FSM,Dead,WallDisappear,0.00,12.2,1,0.04,24,,,82058171
85.29,FSM Enemy 11,FSM,Dead,WallDisappear,0.00,4.8,1,0.04,40,,,82058171
85.29,FSM Enemy 5,FSM,Dead,WallDisappear,0.00,29.3,0,0.04,0,,,82058171
85.29,FSM Enemy 9,FSM,ChaseState,WallDisappear,1.00,31.8,0,0.04,0,,,82058171
85.29,FSM Enemy 12,FSM,ChaseState,WallDisappear,1.00,57.0,0,0.04,0,,,82058171
85.29,FSM Enemy 7,FSM,ChaseState,WallDisappear,1.00,29.3,0,0.04,16,,,82058171
85.29,FSM Enemy 6,FSM,ChaseState,WallDisappear,1.00,53.1,0,0.04,0,,,82058171
85.29,FSM Enemy 8,FSM,ChaseState,WallDisappear,1.00,30.8,0,0.04,0,,,82058171
85.29,Utility Enemy 9,Utility,Dead,WallDisappear,0.00,4.1,0,0.04,16,1.243,0.775,82058171
85.29,Utility Enemy 11,Utility,ChaseAction,WallDisappear,1.00,30.8,0,0.04,0,0.850,0.300,82058171
85.29,Utility Enemy 3,Utility,ChaseAction,WallDisappear,1.00,43.8,0,0.04,0,0.850,0.300,82058171
85.29,Utility Enemy 7,Utility,ChaseAction,WallDisappear,1.00,73.8,0,0.04,0,0.850,0.300,82058171
85.29,Utility Enemy 1,Utility,ChaseAction,WallDisappear,1.00,41.1,0,0.04,0,0.850,0.300,82058171
85.29,Utility Enemy 5,Utility,ChaseAction,WallDisappear,0.55,41.8,0,0.04,0,0.850,0.300,82058171
85.29,Utility Enemy 10,Utility,ChaseAction,WallDisappear,0.75,44.5,0,0.04,0,0.850,0.300,82058171
85.29,Utility Enemy 15,Utility,ChaseAction,WallDisappear,0.50,26.1,0,0.04,0,0.850,0.300,82058171
85.29,Utility Enemy 6,Utility,ChaseAction,WallDisappear,1.00,61.1,0,0.04,8,0.850,0.300,82058171
85.29,Utility Enemy 14,Utility,ChaseAction,WallDisappear,0.60,37.8,0,0.04,0,0.850,0.300,82058171
85.29,Utility Enemy 12,Utility,ChaseAction,WallDisappear,0.90,44.7,0,0.04,0,0.850,0.300,82058171
85.29,Utility Enemy 13,Utility,Dead,WallDisappear,0.00,27.1,0,0.04,0,0.850,0.300,82058171
85.29,Utility Enemy 8,Utility,ChaseAction,WallDisappear,1.00,23.4,0,0.04,0,0.850,0.300,82058171
85.29,Utility Enemy 4,Utility,ChaseAction,WallDisappear,1.00,50.2,0,0.04,0,0.850,0.300,82058171
85.29,Utility Enemy 2,Utility,ChaseAction,WallDisappear,1.00,42.7,0,0.04,0,0.850,0.300,82058171
86.30,Player,Player,-,WallDisappear,0.04,,0,0.04,,,,82058171
86.30,FSM Enemy 14,FSM,ChaseState,WallDisappear,1.00,66.8,0,0.04,0,,,82058171
86.30,FSM Enemy 13,FSM,Dead,WallDisappear,0.00,10.2,0,0.04,40,,,82058171
86.30,FSM Enemy 4,FSM,ChaseState,WallDisappear,1.00,54.3,0,0.04,0,,,82058171
86.30,FSM Enemy 3,FSM,ChaseState,WallDisappear,1.00,50.4,0,0.04,0,,,82058171
86.30,FSM Enemy 1,FSM,ChaseState,WallDisappear,1.00,43.9,0,0.04,0,,,82058171
86.30,FSM Enemy 2,FSM,ChaseState,WallDisappear,1.00,67.7,0,0.04,0,,,82058171
86.30,FSM Enemy 10,FSM,ChaseState,WallDisappear,1.00,48.5,0,0.04,0,,,82058171
86.30,FSM Enemy 15,FSM,Dead,WallDisappear,0.00,12.7,1,0.04,24,,,82058171
86.30,FSM Enemy 11,FSM,Dead,WallDisappear,0.00,4.7,1,0.04,40,,,82058171
86.30,FSM Enemy 5,FSM,Dead,WallDisappear,0.00,28.3,0,0.04,0,,,82058171
86.30,FSM Enemy 9,FSM,ChaseState,WallDisappear,1.00,30.8,0,0.04,0,,,82058171
86.30,FSM Enemy 12,FSM,ChaseState,WallDisappear,1.00,52.0,0,0.04,0,,,82058171
86.30,FSM Enemy 7,FSM,ChaseState,WallDisappear,1.00,25.5,0,0.04,16,,,82058171
86.30,FSM Enemy 6,FSM,ChaseState,WallDisappear,1.00,48.5,0,0.04,0,,,82058171
86.30,FSM Enemy 8,FSM,ChaseState,WallDisappear,1.00,30.1,0,0.04,0,,,82058171
86.30,Utility Enemy 9,Utility,Dead,WallDisappear,0.00,3.4,0,0.04,16,1.243,0.775,82058171
86.30,Utility Enemy 11,Utility,ChaseAction,WallDisappear,1.00,25.2,0,0.04,0,0.850,0.300,82058171
86.30,Utility Enemy 3,Utility,ChaseAction,WallDisappear,1.00,38.5,0,0.04,0,0.850,0.300,82058171
86.30,Utility Enemy 7,Utility,ChaseAction,WallDisappear,1.00,68.5,0,0.04,0,0.850,0.300,82058171
86.30,Utility Enemy 1,Utility,ChaseAction,WallDisappear,0.75,37.7,0,0.04,0,0.850,0.300,82058171
86.30,Utility Enemy 5,Utility,ChaseAction,WallDisappear,0.55,38.0,0,0.04,0,0.850,0.300,82058171
86.30,Utility Enemy 10,Utility,ChaseAction,WallDisappear,0.75,40.5,0,0.04,0,0.850,0.300,82058171
86.30,Utility Enemy 15,Utility,ChaseAction,WallDisappear,0.50,26.0,0,0.04,0,0.850,0.300,82058171
86.30,Utility Enemy 6,Utility,ChaseAction,WallDisappear,1.00,56.4,0,0.04,8,0.850,0.300,82058171
86.30,Utility Enemy 14,Utility,ChaseAction,WallDisappear,0.60,32.4,0,0.04,0,0.850,0.300,82058171
86.30,Utility Enemy 12,Utility,ChaseAction,WallDisappear,0.90,41.2,0,0.04,0,0.850,0.300,82058171
86.30,Utility Enemy 13,Utility,Dead,WallDisappear,0.00,26.1,0,0.04,0,0.850,0.300,82058171
86.30,Utility Enemy 8,Utility,ChaseAction,WallDisappear,0.75,21.6,0,0.04,0,0.850,0.300,82058171
86.30,Utility Enemy 4,Utility,ChaseAction,WallDisappear,1.00,45.8,0,0.04,0,0.850,0.300,82058171
86.30,Utility Enemy 2,Utility,ChaseAction,WallDisappear,1.00,37.2,0,0.04,0,0.850,0.300,82058171
87.30,Player,Player,-,EnemyDuplicate,0.04,,0,0.04,,,,82058171
87.30,FSM Enemy 14,FSM,AttackState,EnemyDuplicate,1.00,62.2,0,0.04,0,,,82058171
87.30,FSM Enemy 13,FSM,Dead,EnemyDuplicate,0.00,10.5,0,0.04,40,,,82058171
87.30,FSM Enemy 4,FSM,AttackState,EnemyDuplicate,1.00,50.0,0,0.04,0,,,82058171
87.30,FSM Enemy 3,FSM,AttackState,EnemyDuplicate,1.00,47.0,0,0.04,0,,,82058171
87.30,FSM Enemy 1,FSM,AttackState,EnemyDuplicate,1.00,40.2,0,0.04,0,,,82058171
87.30,FSM Enemy 2,FSM,AttackState,EnemyDuplicate,1.00,63.1,0,0.04,0,,,82058171
87.30,FSM Enemy 10,FSM,AttackState,EnemyDuplicate,1.00,44.1,0,0.04,0,,,82058171
87.30,FSM Enemy 15,FSM,AttackState,EnemyDuplicate,1.00,22.2,0,0.04,24,,,82058171
87.30,FSM Enemy 11,FSM,Dead,EnemyDuplicate,0.00,5.1,0,0.04,40,,,82058171
87.30,FSM Enemy 5,FSM,Dead,EnemyDuplicate,0.00,27.8,0,0.04,0,,,82058171
87.30,FSM Enemy 9,FSM,AttackState,EnemyDuplicate,1.00,29.8,0,0.04,0,,,82058171
87.30,FSM Enemy 12,FSM,AttackState,EnemyDuplicate,1.00,47.7,0,0.04,0,,,82058171
87.30,FSM Enemy 7,FSM,AttackState,EnemyDuplicate,1.00,22.6,0,0.04,16,,,82058171
87.30,FSM Enemy 6,FSM,AttackState,EnemyDuplicate,1.00,45.7,0,0.04,0,,,82058171
87.30,FSM Enemy 8,FSM,AttackState,EnemyDuplicate,1.00,29.2,0,0.04,0,,,82058171
87.30,Utility Enemy 9,Utility,Dead,EnemyDuplicate,0.00,2.7,0,0.04,16,1.243,0.775,82058171
87.30,Utility Enemy 11,Utility,RepositionAction,EnemyDuplicate,1.00,20.7,0,0.04,0,0.650,0.120,82058171
87.30,Utility Enemy 3,Utility,RepositionAction,EnemyDuplicate,1.00,33.9,0,0.04,0,0.650,0.120,82058171
87.30,Utility Enemy 7,Utility,RepositionAction,EnemyDuplicate,1.00,63.3,0,0.04,0,0.650,0.120,82058171
87.30,Utility Enemy 1,Utility,RepositionAction,EnemyDuplicate,0.75,35.0,0,0.04,0,0.650,0.120,82058171
87.30,Utility Enemy 5,Utility,RepositionAction,EnemyDuplicate,0.55,36.0,0,0.04,0,0.650,0.120,82058171
87.30,Utility Enemy 10,Utility,RepositionAction,EnemyDuplicate,0.75,37.1,0,0.04,0,0.650,0.120,82058171
87.30,Utility Enemy 15,Utility,RepositionAction,EnemyDuplicate,0.50,26.5,0,0.04,0,0.650,0.120,82058171
87.30,Utility Enemy 6,Utility,RepositionAction,EnemyDuplicate,1.00,53.2,0,0.04,8,0.650,0.120,82058171
87.30,Utility Enemy 14,Utility,RepositionAction,EnemyDuplicate,0.60,28.2,0,0.04,0,0.650,0.120,82058171
87.30,Utility Enemy 12,Utility,RepositionAction,EnemyDuplicate,0.90,37.5,0,0.04,0,0.650,0.120,82058171
87.30,Utility Enemy 13,Utility,Dead,EnemyDuplicate,0.00,25.5,0,0.04,0,0.850,0.300,82058171
87.30,Utility Enemy 8,Utility,RepositionAction,EnemyDuplicate,0.75,20.7,0,0.04,0,0.650,0.120,82058171
87.30,Utility Enemy 4,Utility,RepositionAction,EnemyDuplicate,0.90,42.0,0,0.04,0,0.650,0.120,82058171
87.30,Utility Enemy 2,Utility,RepositionAction,EnemyDuplicate,1.00,33.1,0,0.04,0,0.650,0.120,82058171
