time,enemyId,aiType,action,activeGlitch,health,distToPlayer,canSeePlayer,playerHealth,damageDealt,topUtilityScore,secondScore,seed
0.00,Player,Player,-,None,1.00,,0,1.00,,,,82821312
0.00,FSM Enemy 12,FSM,PatrolState,None,1.00,38.1,0,1.00,0,,,82821312
0.00,FSM Enemy 5,FSM,PatrolState,None,1.00,69.3,0,1.00,0,,,82821312
0.00,FSM Enemy 7,FSM,PatrolState,None,1.00,28.1,0,1.00,0,,,82821312
0.00,FSM Enemy 4,FSM,PatrolState,None,1.00,48.9,0,1.00,0,,,82821312
0.00,FSM Enemy 14,FSM,PatrolState,None,1.00,75.0,0,1.00,0,,,82821312
0.00,FSM Enemy 6,FSM,PatrolState,None,1.00,28.1,0,1.00,0,,,82821312
0.00,FSM Enemy 15,FSM,PatrolState,None,1.00,28.5,0,1.00,0,,,82821312
0.00,FSM Enemy 1,FSM,PatrolState,None,1.00,89.4,0,1.00,0,,,82821312
0.00,FSM Enemy 2,FSM,PatrolState,None,1.00,89.4,0,1.00,0,,,82821312
0.00,FSM Enemy 8,FSM,PatrolState,None,1.00,48.1,0,1.00,0,,,82821312
0.00,FSM Enemy 10,FSM,PatrolState,None,1.00,66.4,0,1.00,0,,,82821312
0.00,FSM Enemy 3,FSM,PatrolState,None,1.00,82.0,0,1.00,0,,,82821312
0.00,FSM Enemy 9,FSM,PatrolState,None,1.00,33.4,0,1.00,0,,,82821312
0.00,FSM Enemy 11,FSM,PatrolState,None,1.00,37.9,0,1.00,0,,,82821312
0.00,FSM Enemy 13,FSM,PatrolState,None,1.00,49.2,0,1.00,0,,,82821312
0.00,Utility Enemy 3,Utility,PatrolAction,None,1.00,62.9,0,1.00,0,0.120,0.000,82821312
0.00,Utility Enemy 9,Utility,PatrolAction,None,1.00,44.6,0,1.00,0,0.120,0.000,82821312
0.00,Utility Enemy 10,Utility,PatrolAction,None,1.00,30.2,0,1.00,0,0.120,0.000,82821312
0.00,Utility Enemy 4,Utility,PatrolAction,None,1.00,62.9,0,1.00,0,0.120,0.000,82821312
0.00,Utility Enemy 13,Utility,PatrolAction,None,1.00,50.6,0,1.00,0,0.120,0.000,82821312
0.00,Utility Enemy 8,Utility,PatrolAction,None,1.00,77.4,0,1.00,0,0.120,0.000,82821312
0.00,Utility Enemy 1,Utility,PatrolAction,None,1.00,84.4,0,1.00,0,0.120,0.000,82821312
0.00,Utility Enemy 6,Utility,PatrolAction,None,1.00,42.0,0,1.00,0,0.120,0.000,82821312
0.00,Utility Enemy 15,Utility,PatrolAction,None,1.00,80.1,0,1.00,0,0.120,0.000,82821312
0.00,Utility Enemy 12,Utility,PatrolAction,None,1.00,33.7,0,1.00,0,0.120,0.000,82821312
0.00,Utility Enemy 5,Utility,PatrolAction,None,1.00,84.0,0,1.00,0,0.120,0.000,82821312
0.00,Utility Enemy 2,Utility,PatrolAction,None,1.00,84.4,0,1.00,0,0.120,0.000,82821312
0.00,Utility Enemy 7,Utility,PatrolAction,None,1.00,42.0,0,1.00,0,0.120,0.000,82821312
0.00,Utility Enemy 11,Utility,PatrolAction,None,1.00,33.7,0,1.00,0,0.120,0.000,82821312
0.00,Utility Enemy 14,Utility,PatrolAction,None,1.00,50.6,0,1.00,0,0.120,0.000,82821312
1.00,Player,Player,-,None,1.00,,0,1.00,,,,82821312
1.00,FSM Enemy 12,FSM,PatrolState,None,1.00,40.3,0,1.00,0,,,82821312
1.00,FSM Enemy 5,FSM,PatrolState,None,1.00,69.5,0,1.00,0,,,82821312
1.00,FSM Enemy 7,FSM,PatrolState,None,1.00,27.9,0,1.00,0,,,82821312
1.00,FSM Enemy 4,FSM,PatrolState,None,1.00,50.5,0,1.00,0,,,82821312
1.00,FSM Enemy 14,FSM,PatrolState,None,1.00,73.8,0,1.00,0,,,82821312
1.00,FSM Enemy 6,FSM,PatrolState,None,1.00,32.0,0,1.00,0,,,82821312
1.00,FSM Enemy 15,FSM,PatrolState,None,1.00,25.8,0,1.00,0,,,82821312
1.00,FSM Enemy 1,FSM,PatrolState,None,1.00,86.9,0,1.00,0,,,82821312
1.00,FSM Enemy 2,FSM,PatrolState,None,1.00,88.1,0,1.00,0,,,82821312
1.00,FSM Enemy 8,FSM,PatrolState,None,1.00,46.0,0,1.00,0,,,82821312
1.00,FSM Enemy 10,FSM,PatrolState,None,1.00,68.6,0,1.00,0,,,82821312
1.00,FSM Enemy 3,FSM,PatrolState,None,1.00,79.7,0,1.00,0,,,82821312
1.00,FSM Enemy 9,FSM,PatrolState,None,1.00,34.1,0,1.00,0,,,82821312
1.00,FSM Enemy 11,FSM,PatrolState,None,1.00,38.2,0,1.00,0,,,82821312
1.00,FSM Enemy 13,FSM,PatrolState,None,1.00,47.5,0,1.00,0,,,82821312
1.00,Utility Enemy 3,Utility,PatrolAction,None,1.00,66.1,0,1.00,0,0.120,0.000,82821312
1.00,Utility Enemy 9,Utility,PatrolAction,None,1.00,49.4,0,1.00,0,0.120,0.000,82821312
1.00,Utility Enemy 10,Utility,PatrolAction,None,1.00,35.0,0,1.00,0,0.120,0.000,82821312
1.00,Utility Enemy 4,Utility,PatrolAction,None,1.00,59.6,0,1.00,0,0.120,0.000,82821312
1.00,Utility Enemy 13,Utility,PatrolAction,None,1.00,52.5,0,1.00,0,0.120,0.000,82821312
1.00,Utility Enemy 8,Utility,PatrolAction,None,1.00,72.3,0,1.00,0,0.120,0.000,82821312
1.00,Utility Enemy 1,Utility,PatrolAction,None,1.00,85.9,0,1.00,0,0.120,0.000,82821312
1.00,Utility Enemy 6,Utility,PatrolAction,None,1.00,39.5,0,1.00,0,0.120,0.000,82821312
1.00,Utility Enemy 15,Utility,PatrolAction,None,1.00,82.3,0,1.00,0,0.120,0.000,82821312
1.00,Utility Enemy 12,Utility,PatrolAction,None,1.00,38.3,0,1.00,0,0.120,0.000,82821312
1.00,Utility Enemy 5,Utility,PatrolAction,None,1.00,81.7,0,1.00,0,0.120,0.000,82821312
1.00,Utility Enemy 2,Utility,PatrolAction,None,1.00,87.5,0,1.00,0,0.120,0.000,82821312
1.00,Utility Enemy 7,Utility,PatrolAction,None,1.00,40.0,0,1.00,0,0.120,0.000,82821312
1.00,Utility Enemy 11,Utility,PatrolAction,None,1.00,35.9,0,1.00,0,0.120,0.000,82821312
1.00,Utility Enemy 14,Utility,PatrolAction,None,1.00,48.6,0,1.00,0,0.120,0.000,82821312
2.00,Player,Player,-,None,1.00,,0,1.00,,,,82821312
2.00,FSM Enemy 12,FSM,PatrolState,None,1.00,46.2,0,1.00,0,,,82821312
2.00,FSM Enemy 5,FSM,PatrolState,None,1.00,69.8,0,1.00,0,,,82821312
2.00,FSM Enemy 7,FSM,PatrolState,None,1.00,26.0,0,1.00,0,,,82821312
2.00,FSM Enemy 4,FSM,PatrolState,None,1.00,54.9,0,1.00,0,,,82821312
2.00,FSM Enemy 14,FSM,PatrolState,None,1.00,77.8,0,1.00,0,,,82821312
2.00,FSM Enemy 6,FSM,PatrolState,None,1.00,37.6,0,1.00,0,,,82821312
2.00,FSM Enemy 15,FSM,PatrolState,None,1.00,24.8,0,1.00,0,,,82821312
2.00,FSM Enemy 1,FSM,PatrolState,None,1.00,84.7,0,1.00,0,,,82821312
2.00,FSM Enemy 2,FSM,PatrolState,None,1.00,88.0,0,1.00,0,,,82821312
2.00,FSM Enemy 8,FSM,PatrolState,None,1.00,44.8,0,1.00,0,,,82821312
2.00,FSM Enemy 10,FSM,PatrolState,None,1.00,73.2,0,1.00,0,,,82821312
2.00,FSM Enemy 3,FSM,PatrolState,None,1.00,78.9,0,1.00,0,,,82821312
2.00,FSM Enemy 9,FSM,PatrolState,None,1.00,37.5,0,1.00,0,,,82821312
2.00,FSM Enemy 11,FSM,PatrolState,None,1.00,37.1,0,1.00,0,,,82821312
2.00,FSM Enemy 13,FSM,PatrolState,None,1.00,44.3,0,1.00,0,,,82821312
2.00,Utility Enemy 3,Utility,PatrolAction,None,1.00,72.2,0,1.00,0,0.120,0.000,82821312
2.00,Utility Enemy 9,Utility,PatrolAction,None,1.00,55.8,0,1.00,0,0.120,0.000,82821312
2.00,Utility Enemy 10,Utility,PatrolAction,None,1.00,42.6,0,1.00,0,0.120,0.000,82821312
2.00,Utility Enemy 4,Utility,PatrolAction,None,1.00,56.1,0,1.00,0,0.120,0.000,82821312
2.00,Utility Enemy 13,Utility,PatrolAction,None,1.00,53.0,0,1.00,0,0.120,0.000,82821312
2.00,Utility Enemy 8,Utility,PatrolAction,None,1.00,66.6,0,1.00,0,0.120,0.000,82821312
2.00,Utility Enemy 1,Utility,PatrolAction,None,1.00,88.9,0,1.00,0,0.120,0.000,82821312
2.00,Utility Enemy 6,Utility,PatrolAction,None,1.00,33.9,0,1.00,0,0.120,0.000,82821312
2.00,Utility Enemy 15,Utility,PatrolAction,None,1.00,83.7,0,1.00,0,0.120,0.000,82821312
2.00,Utility Enemy 12,Utility,PatrolAction,None,1.00,46.0,0,1.00,0,0.120,0.000,82821312
2.00,Utility Enemy 5,Utility,PatrolAction,None,1.00,80.5,0,1.00,0,0.120,0.000,82821312
2.00,Utility Enemy 2,Utility,PatrolAction,None,1.00,91.8,0,1.00,0,0.120,0.000,82821312
2.00,Utility Enemy 7,Utility,PatrolAction,None,1.00,39.6,0,1.00,0,0.120,0.000,82821312
2.00,Utility Enemy 11,Utility,PatrolAction,None,1.00,32.0,0,1.00,0,0.120,0.000,82821312
2.00,Utility Enemy 14,Utility,PatrolAction,None,1.00,48.8,0,1.00,0,0.120,0.000,82821312
3.00,Player,Player,-,None,1.00,,0,1.00,,,,82821312
3.00,FSM Enemy 12,FSM,PatrolState,None,1.00,53.4,0,1.00,0,,,82821312
3.00,FSM Enemy 5,FSM,PatrolState,None,1.00,69.1,0,1.00,0,,,82821312
3.00,FSM Enemy 7,FSM,PatrolState,None,1.00,22.2,0,1.00,0,,,82821312
3.00,FSM Enemy 4,FSM,PatrolState,None,1.00,60.1,0,1.00,0,,,82821312
3.00,FSM Enemy 14,FSM,PatrolState,None,1.00,84.3,0,1.00,0,,,82821312
3.00,FSM Enemy 6,FSM,PatrolState,None,1.00,42.8,0,1.00,0,,,82821312
3.00,FSM Enemy 15,FSM,PatrolState,None,1.00,23.5,0,1.00,0,,,82821312
3.00,FSM Enemy 1,FSM,PatrolState,None,1.00,82.3,0,1.00,0,,,82821312
3.00,FSM Enemy 2,FSM,PatrolState,None,1.00,93.1,0,1.00,0,,,82821312
3.00,FSM Enemy 8,FSM,PatrolState,None,1.00,47.6,0,1.00,0,,,82821312
3.00,FSM Enemy 10,FSM,PatrolState,None,1.00,77.8,0,1.00,0,,,82821312
3.00,FSM Enemy 3,FSM,PatrolState,None,1.00,79.3,0,1.00,0,,,82821312
3.00,FSM Enemy 9,FSM,PatrolState,None,1.00,42.9,0,1.00,0,,,82821312
3.00,FSM Enemy 11,FSM,PatrolState,None,1.00,34.7,0,1.00,0,,,82821312
3.00,FSM Enemy 13,FSM,PatrolState,None,1.00,40.2,0,1.00,0,,,82821312
3.00,Utility Enemy 3,Utility,PatrolAction,None,1.00,76.9,0,1.00,0,0.120,0.000,82821312
3.00,Utility Enemy 9,Utility,PatrolAction,None,1.00,58.8,0,1.00,0,0.120,0.000,82821312
3.00,Utility Enemy 10,Utility,PatrolAction,None,1.00,51.7,0,1.00,0,0.120,0.000,82821312
3.00,Utility Enemy 4,Utility,PatrolAction,None,1.00,52.4,0,1.00,0,0.120,0.000,82821312
3.00,Utility Enemy 13,Utility,PatrolAction,None,1.00,47.2,0,1.00,0,0.120,0.000,82821312
3.00,Utility Enemy 8,Utility,PatrolAction,None,1.00,64.2,0,1.00,0,0.120,0.000,82821312
3.00,Utility Enemy 1,Utility,PatrolAction,None,1.00,88.2,0,1.00,0,0.120,0.000,82821312
3.00,Utility Enemy 6,Utility,PatrolAction,None,1.00,24.4,0,1.00,0,0.120,0.000,82821312
3.00,Utility Enemy 15,Utility,PatrolAction,None,1.00,78.7,0,1.00,0,0.120,0.000,82821312
3.00,Utility Enemy 12,Utility,PatrolAction,None,1.00,53.0,0,1.00,0,0.120,0.000,82821312
3.00,Utility Enemy 5,Utility,PatrolAction,None,1.00,83.1,0,1.00,0,0.120,0.000,82821312
3.00,Utility Enemy 2,Utility,PatrolAction,None,1.00,95.3,0,1.00,0,0.120,0.000,82821312
3.00,Utility Enemy 7,Utility,PatrolAction,None,1.00,45.3,0,1.00,0,0.120,0.000,82821312
3.00,Utility Enemy 11,Utility,PatrolAction,None,1.00,23.4,0,1.00,0,0.120,0.000,82821312
3.00,Utility Enemy 14,Utility,PatrolAction,None,1.00,50.1,0,1.00,0,0.120,0.000,82821312
4.01,Player,Player,-,None,1.00,,0,1.00,,,,82821312
4.01,FSM Enemy 12,FSM,PatrolState,None,1.00,60.9,0,1.00,0,,,82821312
4.01,FSM Enemy 5,FSM,PatrolState,None,1.00,66.3,0,1.00,0,,,82821312
4.01,FSM Enemy 7,FSM,PatrolState,None,1.00,18.0,0,1.00,0,,,82821312
4.01,FSM Enemy 4,FSM,PatrolState,None,1.00,63.3,0,1.00,0,,,82821312
4.01,FSM Enemy 14,FSM,PatrolState,None,1.00,90.9,0,1.00,0,,,82821312
4.01,FSM Enemy 6,FSM,PatrolState,None,1.00,45.7,0,1.00,0,,,82821312
4.01,FSM Enemy 15,FSM,PatrolState,None,1.00,22.5,0,1.00,0,,,82821312
4.01,FSM Enemy 1,FSM,PatrolState,None,1.00,81.7,0,1.00,0,,,82821312
4.01,FSM Enemy 2,FSM,PatrolState,None,1.00,98.8,0,1.00,0,,,82821312
4.01,FSM Enemy 8,FSM,PatrolState,None,1.00,51.1,0,1.00,0,,,82821312
4.01,FSM Enemy 10,FSM,PatrolState,None,1.00,79.7,0,1.00,0,,,82821312
4.01,FSM Enemy 3,FSM,PatrolState,None,1.00,80.0,0,1.00,0,,,82821312
4.01,FSM Enemy 9,FSM,PatrolState,None,1.00,48.8,0,1.00,0,,,82821312
4.01,FSM Enemy 11,FSM,PatrolState,None,1.00,31.6,0,1.00,0,,,82821312
4.01,FSM Enemy 13,FSM,PatrolState,None,1.00,34.5,0,1.00,0,,,82821312
4.01,Utility Enemy 3,Utility,PatrolAction,None,1.00,78.2,0,1.00,0,0.120,0.000,82821312
4.01,Utility Enemy 9,Utility,PatrolAction,None,1.00,66.7,0,1.00,0,0.120,0.000,82821312
4.01,Utility Enemy 10,Utility,PatrolAction,None,1.00,61.5,0,1.00,0,0.120,0.000,82821312
4.01,Utility Enemy 4,Utility,PatrolAction,None,1.00,52.3,0,1.00,0,0.120,0.000,82821312
4.01,Utility Enemy 13,Utility,PatrolAction,None,1.00,40.7,0,1.00,0,0.120,0.000,82821312
4.01,Utility Enemy 8,Utility,PatrolAction,None,1.00,63.4,0,1.00,0,0.120,0.000,82821312
4.01,Utility Enemy 1,Utility,PatrolAction,None,1.00,90.6,0,1.00,0,0.120,0.000,82821312
4.01,Utility Enemy 6,Utility,SpreadFireAction,None,1.00,15.0,1,1.00,0,0.152,0.125,82821312
4.01,Utility Enemy 15,Utility,PatrolAction,None,1.00,77.2,0,1.00,0,0.120,0.000,82821312
4.01,Utility Enemy 12,Utility,PatrolAction,None,1.00,58.2,0,1.00,0,0.120,0.000,82821312
4.01,Utility Enemy 5,Utility,PatrolAction,None,1.00,82.4,0,1.00,0,0.120,0.000,82821312
4.01,Utility Enemy 2,Utility,PatrolAction,None,1.00,99.7,0,1.00,0,0.120,0.000,82821312
4.01,Utility Enemy 7,Utility,PatrolAction,None,1.00,54.0,0,1.00,0,0.120,0.000,82821312
4.01,Utility Enemy 11,Utility,PatrolAction,None,1.00,19.1,0,1.00,0,0.120,0.000,82821312
4.01,Utility Enemy 14,Utility,PatrolAction,None,1.00,56.5,0,1.00,0,0.120,0.000,82821312
5.01,Player,Player,-,None,1.00,,0,1.00,,,,82821312
5.01,FSM Enemy 12,FSM,PatrolState,None,1.00,69.2,0,1.00,0,,,82821312
5.01,FSM Enemy 5,FSM,PatrolState,None,1.00,63.3,0,1.00,0,,,82821312
5.01,FSM Enemy 7,FSM,PatrolState,None,1.00,11.7,0,1.00,0,,,82821312
5.01,FSM Enemy 4,FSM,PatrolState,None,1.00,68.6,0,1.00,0,,,82821312
5.01,FSM Enemy 14,FSM,PatrolState,None,1.00,99.3,0,1.00,0,,,82821312
5.01,FSM Enemy 6,FSM,PatrolState,None,1.00,50.8,0,1.00,0,,,82821312
5.01,FSM Enemy 15,FSM,PatrolState,None,1.00,23.9,0,1.00,0,,,82821312
5.01,FSM Enemy 1,FSM,PatrolState,None,1.00,83.4,0,1.00,0,,,82821312
5.01,FSM Enemy 2,FSM,PatrolState,None,1.00,106.2,0,1.00,0,,,82821312
5.01,FSM Enemy 8,FSM,PatrolState,None,1.00,53.7,0,1.00,0,,,82821312
5.01,FSM Enemy 10,FSM,PatrolState,None,1.00,83.1,0,1.00,0,,,82821312
5.01,FSM Enemy 3,FSM,PatrolState,None,1.00,82.7,0,1.00,0,,,82821312
5.01,FSM Enemy 9,FSM,PatrolState,None,1.00,54.6,0,1.00,0,,,82821312
5.01,FSM Enemy 11,FSM,PatrolState,None,1.00,25.8,0,1.00,0,,,82821312
5.01,FSM Enemy 13,FSM,PatrolState,None,1.00,30.0,0,1.00,0,,,82821312
5.01,Utility Enemy 3,Utility,PatrolAction,None,1.00,81.3,0,1.00,0,0.120,0.000,82821312
5.01,Utility Enemy 9,Utility,PatrolAction,None,1.00,76.7,0,1.00,0,0.120,0.000,82821312
5.01,Utility Enemy 10,Utility,PatrolAction,None,1.00,71.1,0,1.00,0,0.120,0.000,82821312
5.01,Utility Enemy 4,Utility,PatrolAction,None,1.00,52.9,0,1.00,0,0.120,0.000,82821312
5.01,Utility Enemy 13,Utility,PatrolAction,None,1.00,32.8,0,1.00,0,0.120,0.000,82821312
5.01,Utility Enemy 8,Utility,PatrolAction,None,1.00,63.7,0,1.00,0,0.120,0.000,82821312
5.01,Utility Enemy 1,Utility,PatrolAction,None,1.00,91.2,0,1.00,0,0.120,0.000,82821312
5.01,Utility Enemy 6,Utility,AttackAction,None,1.00,7.6,1,1.00,0,0.491,0.125,82821312
5.01,Utility Enemy 15,Utility,PatrolAction,None,1.00,79.1,0,1.00,0,0.120,0.000,82821312
5.01,Utility Enemy 12,Utility,PatrolAction,None,1.00,63.2,0,1.00,0,0.120,0.000,82821312
5.01,Utility Enemy 5,Utility,PatrolAction,None,1.00,82.3,0,1.00,0,0.120,0.000,82821312
5.01,Utility Enemy 2,Utility,PatrolAction,None,1.00,106.3,0,1.00,0,0.120,0.000,82821312
5.01,Utility Enemy 7,Utility,PatrolAction,None,1.00,65.8,0,1.00,0,0.120,0.000,82821312
5.01,Utility Enemy 11,Utility,ReorientAction,None,0.25,13.2,1,1.00,0,0.540,0.490,82821312
5.01,Utility Enemy 14,Utility,PatrolAction,None,1.00,65.1,0,1.00,0,0.120,0.000,82821312
6.01,Player,Player,-,None,1.00,,0,1.00,,,,82821312
6.01,FSM Enemy 12,FSM,PatrolState,None,1.00,72.6,0,1.00,0,,,82821312
6.01,FSM Enemy 5,FSM,PatrolState,None,1.00,65.2,0,1.00,0,,,82821312
6.01,FSM Enemy 7,FSM,PatrolState,None,1.00,9.2,0,1.00,0,,,82821312
6.01,FSM Enemy 4,FSM,PatrolState,None,1.00,72.8,0,1.00,0,,,82821312
6.01,FSM Enemy 14,FSM,PatrolState,None,1.00,108.0,0,1.00,0,,,82821312
6.01,FSM Enemy 6,FSM,PatrolState,None,1.00,54.3,0,1.00,0,,,82821312
6.01,FSM Enemy 15,FSM,PatrolState,None,1.00,31.6,0,1.00,0,,,82821312
6.01,FSM Enemy 1,FSM,PatrolState,None,1.00,90.3,0,1.00,0,,,82821312
6.01,FSM Enemy 2,FSM,PatrolState,None,1.00,115.1,0,1.00,0,,,82821312
6.01,FSM Enemy 8,FSM,PatrolState,None,1.00,60.1,0,1.00,0,,,82821312
6.01,FSM Enemy 10,FSM,PatrolState,None,1.00,88.4,0,1.00,0,,,82821312
6.01,FSM Enemy 3,FSM,PatrolState,None,1.00,88.2,0,1.00,0,,,82821312
6.01,FSM Enemy 9,FSM,PatrolState,None,1.00,60.0,0,1.00,0,,,82821312
6.01,FSM Enemy 11,FSM,PatrolState,None,1.00,24.9,0,1.00,0,,,82821312
6.01,FSM Enemy 13,FSM,PatrolState,None,1.00,32.2,0,1.00,0,,,82821312
6.01,Utility Enemy 3,Utility,PatrolAction,None,1.00,90.1,0,1.00,0,0.120,0.000,82821312
6.01,Utility Enemy 9,Utility,PatrolAction,None,1.00,81.9,0,1.00,0,0.120,0.000,82821312
6.01,Utility Enemy 10,Utility,PatrolAction,None,1.00,77.7,0,1.00,0,0.120,0.000,82821312
6.01,Utility Enemy 4,Utility,PatrolAction,None,1.00,57.9,0,1.00,0,0.120,0.000,82821312
6.01,Utility Enemy 13,Utility,PatrolAction,None,1.00,31.5,0,1.00,0,0.120,0.000,82821312
6.01,Utility Enemy 8,Utility,PatrolAction,None,1.00,72.9,0,1.00,0,0.120,0.000,82821312
6.01,Utility Enemy 1,Utility,PatrolAction,None,1.00,93.1,0,1.00,0,0.120,0.000,82821312
6.01,Utility Enemy 6,Utility,Dead,None,0.00,2.6,1,1.00,0,0.785,0.422,82821312
6.01,Utility Enemy 15,Utility,PatrolAction,None,1.00,87.1,0,1.00,0,0.120,0.000,82821312
6.01,Utility Enemy 12,Utility,PatrolAction,None,1.00,67.9,0,1.00,0,0.120,0.000,82821312
6.01,Utility Enemy 5,Utility,PatrolAction,None,1.00,88.6,0,1.00,0,0.120,0.000,82821312
6.01,Utility Enemy 2,Utility,PatrolAction,None,1.00,115.2,0,1.00,0,0.120,0.000,82821312
6.01,Utility Enemy 7,Utility,PatrolAction,None,1.00,73.0,0,1.00,0,0.120,0.000,82821312
6.01,Utility Enemy 11,Utility,TakeCoverAction,None,0.25,15.2,1,1.00,0,0.306,0.178,82821312
6.01,Utility Enemy 14,Utility,PatrolAction,None,1.00,70.5,0,1.00,0,0.120,0.000,82821312
7.01,Player,Player,-,None,1.00,,0,1.00,,,,82821312
7.01,FSM Enemy 12,FSM,PatrolState,None,1.00,77.3,0,1.00,0,,,82821312
7.01,FSM Enemy 5,FSM,PatrolState,None,1.00,64.3,0,1.00,0,,,82821312
7.01,FSM Enemy 7,FSM,PatrolState,None,0.50,5.1,0,1.00,0,,,82821312
7.01,FSM Enemy 4,FSM,PatrolState,None,1.00,77.1,0,1.00,0,,,82821312
7.01,FSM Enemy 14,FSM,PatrolState,None,1.00,110.6,0,1.00,0,,,82821312
7.01,FSM Enemy 6,FSM,PatrolState,None,1.00,63.7,0,1.00,0,,,82821312
7.01,FSM Enemy 15,FSM,PatrolState,None,1.00,35.6,0,1.00,0,,,82821312
7.01,FSM Enemy 1,FSM,PatrolState,None,1.00,91.2,0,1.00,0,,,82821312
7.01,FSM Enemy 2,FSM,PatrolState,None,1.00,121.5,0,1.00,0,,,82821312
7.01,FSM Enemy 8,FSM,PatrolState,None,1.00,63.0,0,1.00,0,,,82821312
7.01,FSM Enemy 10,FSM,PatrolState,None,1.00,90.5,0,1.00,0,,,82821312
7.01,FSM Enemy 3,FSM,PatrolState,None,1.00,89.6,0,1.00,0,,,82821312
7.01,FSM Enemy 9,FSM,PatrolState,None,1.00,63.3,0,1.00,0,,,82821312
7.01,FSM Enemy 11,FSM,PatrolState,None,1.00,19.1,0,1.00,0,,,82821312
7.01,FSM Enemy 13,FSM,PatrolState,None,1.00,30.6,0,1.00,0,,,82821312
7.01,Utility Enemy 3,Utility,PatrolAction,None,1.00,99.0,0,1.00,0,0.120,0.000,82821312
7.01,Utility Enemy 9,Utility,PatrolAction,None,1.00,83.7,0,1.00,0,0.120,0.000,82821312
7.01,Utility Enemy 10,Utility,PatrolAction,None,1.00,84.5,0,1.00,0,0.120,0.000,82821312
7.01,Utility Enemy 4,Utility,PatrolAction,None,1.00,54.1,0,1.00,0,0.120,0.000,82821312
7.01,Utility Enemy 13,Utility,PatrolAction,None,1.00,28.3,0,1.00,0,0.120,0.000,82821312
7.01,Utility Enemy 8,Utility,PatrolAction,None,1.00,77.0,0,1.00,0,0.120,0.000,82821312
7.01,Utility Enemy 1,Utility,PatrolAction,None,1.00,90.2,0,1.00,0,0.120,0.000,82821312
7.01,Utility Enemy 6,Utility,Dead,None,0.00,5.1,0,1.00,0,0.785,0.422,82821312
7.01,Utility Enemy 15,Utility,PatrolAction,None,1.00,91.8,0,1.00,0,0.120,0.000,82821312
7.01,Utility Enemy 12,Utility,PatrolAction,None,1.00,77.5,0,1.00,0,0.120,0.000,82821312
7.01,Utility Enemy 5,Utility,PatrolAction,None,1.00,89.8,0,1.00,0,0.120,0.000,82821312
7.01,Utility Enemy 2,Utility,PatrolAction,None,1.00,116.2,0,1.00,0,0.120,0.000,82821312
7.01,Utility Enemy 7,Utility,PatrolAction,None,1.00,81.9,0,1.00,0,0.120,0.000,82821312
7.01,Utility Enemy 11,Utility,TakeCoverAction,None,0.25,13.5,1,1.00,0,0.343,0.246,82821312
7.01,Utility Enemy 14,Utility,PatrolAction,None,1.00,74.0,0,1.00,0,0.120,0.000,82821312
8.02,Player,Player,-,None,1.00,,0,1.00,,,,82821312
8.02,FSM Enemy 12,FSM,PatrolState,None,1.00,78.2,0,1.00,0,,,82821312
8.02,FSM Enemy 5,FSM,PatrolState,None,1.00,64.9,0,1.00,0,,,82821312
8.02,FSM Enemy 7,FSM,PatrolState,None,0.50,5.4,0,1.00,0,,,82821312
8.02,FSM Enemy 4,FSM,PatrolState,None,1.00,78.1,0,1.00,0,,,82821312
8.02,FSM Enemy 14,FSM,PatrolState,None,1.00,109.9,0,1.00,0,,,82821312
8.02,FSM Enemy 6,FSM,PatrolState,None,1.00,69.3,0,1.00,0,,,82821312
8.02,FSM Enemy 15,FSM,PatrolState,None,1.00,38.1,0,1.00,0,,,82821312
8.02,FSM Enemy 1,FSM,PatrolState,None,1.00,87.7,0,1.00,0,,,82821312
8.02,FSM Enemy 2,FSM,PatrolState,None,1.00,123.3,0,1.00,0,,,82821312
8.02,FSM Enemy 8,FSM,PatrolState,None,1.00,64.1,0,1.00,0,,,82821312
8.02,FSM Enemy 10,FSM,PatrolState,None,1.00,89.8,0,1.00,0,,,82821312
8.02,FSM Enemy 3,FSM,PatrolState,None,1.00,88.5,0,1.00,0,,,82821312
8.02,FSM Enemy 9,FSM,PatrolState,None,1.00,63.1,0,1.00,0,,,82821312
8.02,FSM Enemy 11,FSM,AttackState,None,1.00,14.7,1,1.00,0,,,82821312
8.02,FSM Enemy 13,FSM,PatrolState,None,1.00,30.5,0,1.00,0,,,82821312
8.02,Utility Enemy 3,Utility,PatrolAction,None,1.00,104.3,0,1.00,0,0.120,0.000,82821312
8.02,Utility Enemy 9,Utility,PatrolAction,None,1.00,85.4,0,1.00,0,0.120,0.000,82821312
8.02,Utility Enemy 10,Utility,PatrolAction,None,1.00,86.8,0,1.00,0,0.120,0.000,82821312
8.02,Utility Enemy 4,Utility,PatrolAction,None,1.00,52.1,0,1.00,0,0.120,0.000,82821312
8.02,Utility Enemy 13,Utility,PatrolAction,None,1.00,28.2,0,1.00,0,0.120,0.000,82821312
8.02,Utility Enemy 8,Utility,PatrolAction,None,1.00,75.1,0,1.00,0,0.120,0.000,82821312
8.02,Utility Enemy 1,Utility,PatrolAction,None,1.00,86.5,0,1.00,0,0.120,0.000,82821312
8.02,Utility Enemy 6,Utility,Dead,None,0.00,8.1,0,1.00,0,0.785,0.422,82821312
8.02,Utility Enemy 15,Utility,PatrolAction,None,1.00,94.4,0,1.00,0,0.120,0.000,82821312
8.02,Utility Enemy 12,Utility,PatrolAction,None,1.00,84.2,0,1.00,0,0.120,0.000,82821312
8.02,Utility Enemy 5,Utility,PatrolAction,None,1.00,91.2,0,1.00,0,0.120,0.000,82821312
8.02,Utility Enemy 2,Utility,PatrolAction,None,1.00,113.0,0,1.00,0,0.120,0.000,82821312
8.02,Utility Enemy 7,Utility,PatrolAction,None,1.00,84.0,0,1.00,0,0.120,0.000,82821312
8.02,Utility Enemy 11,Utility,TakeCoverAction,None,0.25,11.9,1,1.00,0,0.397,0.347,82821312
8.02,Utility Enemy 14,Utility,PatrolAction,None,1.00,74.9,0,1.00,0,0.120,0.000,82821312
9.02,Player,Player,-,None,1.00,,0,1.00,,,,82821312
9.02,FSM Enemy 12,FSM,PatrolState,None,1.00,74.2,0,1.00,0,,,82821312
9.02,FSM Enemy 5,FSM,PatrolState,None,1.00,66.9,0,1.00,0,,,82821312
9.02,FSM Enemy 7,FSM,Dead,None,0.00,5.5,0,1.00,0,,,82821312
9.02,FSM Enemy 4,FSM,PatrolState,None,1.00,78.3,0,1.00,0,,,82821312
9.02,FSM Enemy 14,FSM,PatrolState,None,1.00,105.6,0,1.00,0,,,82821312
9.02,FSM Enemy 6,FSM,PatrolState,None,1.00,69.9,0,1.00,0,,,82821312
9.02,FSM Enemy 15,FSM,PatrolState,None,1.00,37.4,0,1.00,0,,,82821312
9.02,FSM Enemy 1,FSM,PatrolState,None,1.00,84.7,0,1.00,0,,,82821312
9.02,FSM Enemy 2,FSM,PatrolState,None,1.00,119.9,0,1.00,0,,,82821312
9.02,FSM Enemy 8,FSM,PatrolState,None,1.00,63.3,0,1.00,0,,,82821312
9.02,FSM Enemy 10,FSM,PatrolState,None,1.00,86.6,0,1.00,0,,,82821312
9.02,FSM Enemy 3,FSM,PatrolState,None,1.00,86.3,0,1.00,0,,,82821312
9.02,FSM Enemy 9,FSM,PatrolState,None,1.00,59.7,0,1.00,0,,,82821312
9.02,FSM Enemy 11,FSM,ChaseState,None,1.00,13.8,0,1.00,0,,,82821312
9.02,FSM Enemy 13,FSM,PatrolState,None,1.00,31.1,0,1.00,0,,,82821312
9.02,Utility Enemy 3,Utility,PatrolAction,None,1.00,99.3,0,1.00,0,0.120,0.000,82821312
9.02,Utility Enemy 9,Utility,PatrolAction,None,1.00,87.6,0,1.00,0,0.120,0.000,82821312
9.02,Utility Enemy 10,Utility,PatrolAction,None,1.00,84.6,0,1.00,0,0.120,0.000,82821312
9.02,Utility Enemy 4,Utility,PatrolAction,None,1.00,52.3,0,1.00,0,0.120,0.000,82821312
9.02,Utility Enemy 13,Utility,PatrolAction,None,1.00,32.4,0,1.00,0,0.120,0.000,82821312
9.02,Utility Enemy 8,Utility,PatrolAction,None,1.00,71.1,0,1.00,0,0.120,0.000,82821312
9.02,Utility Enemy 1,Utility,PatrolAction,None,1.00,82.9,0,1.00,0,0.120,0.000,82821312
9.02,Utility Enemy 6,Utility,Dead,None,0.00,6.3,0,1.00,0,0.785,0.422,82821312
9.02,Utility Enemy 15,Utility,PatrolAction,None,1.00,95.7,0,1.00,0,0.120,0.000,82821312
9.02,Utility Enemy 12,Utility,PatrolAction,None,1.00,86.4,0,1.00,0,0.120,0.000,82821312
9.02,Utility Enemy 5,Utility,PatrolAction,None,1.00,93.8,0,1.00,0,0.120,0.000,82821312
9.02,Utility Enemy 2,Utility,PatrolAction,None,1.00,110.2,0,1.00,0,0.120,0.000,82821312
9.02,Utility Enemy 7,Utility,PatrolAction,None,1.00,77.7,0,1.00,0,0.120,0.000,82821312
9.02,Utility Enemy 11,Utility,TakeCoverAction,None,0.25,11.4,1,1.00,0,0.404,0.359,82821312
9.02,Utility Enemy 14,Utility,PatrolAction,None,1.00,75.2,0,1.00,0,0.120,0.000,82821312
10.02,Player,Player,-,None,0.89,,0,0.89,,,,82821312
10.02,FSM Enemy 12,FSM,PatrolState,None,1.00,71.0,0,0.89,0,,,82821312
10.02,FSM Enemy 5,FSM,PatrolState,None,1.00,69.0,0,0.89,0,,,82821312
10.02,FSM Enemy 7,FSM,Dead,None,0.00,5.6,0,0.89,0,,,82821312
10.02,FSM Enemy 4,FSM,PatrolState,None,1.00,78.5,0,0.89,0,,,82821312
10.02,FSM Enemy 14,FSM,PatrolState,None,1.00,101.2,0,0.89,0,,,82821312
10.02,FSM Enemy 6,FSM,PatrolState,None,1.00,68.0,0,0.89,0,,,82821312
10.02,FSM Enemy 15,FSM,PatrolState,None,1.00,34.6,0,0.89,0,,,82821312
10.02,FSM Enemy 1,FSM,PatrolState,None,1.00,81.7,0,0.89,0,,,82821312
10.02,FSM Enemy 2,FSM,PatrolState,None,1.00,116.6,0,0.89,0,,,82821312
10.02,FSM Enemy 8,FSM,PatrolState,None,1.00,60.5,0,0.89,0,,,82821312
10.02,FSM Enemy 10,FSM,PatrolState,None,1.00,84.6,0,0.89,0,,,82821312
10.02,FSM Enemy 3,FSM,PatrolState,None,1.00,86.6,0,0.89,0,,,82821312
10.02,FSM Enemy 9,FSM,PatrolState,None,1.00,56.4,0,0.89,0,,,82821312
10.02,FSM Enemy 11,FSM,AttackState,None,1.00,13.1,1,0.89,16,,,82821312
10.02,FSM Enemy 13,FSM,PatrolState,None,1.00,29.4,0,0.89,0,,,82821312
10.02,Utility Enemy 3,Utility,PatrolAction,None,1.00,92.9,0,0.89,0,0.120,0.000,82821312
10.02,Utility Enemy 9,Utility,PatrolAction,None,1.00,87.4,0,0.89,0,0.120,0.000,82821312
10.02,Utility Enemy 10,Utility,PatrolAction,None,1.00,82.7,0,0.89,0,0.120,0.000,82821312
10.02,Utility Enemy 4,Utility,PatrolAction,None,1.00,51.2,0,0.89,0,0.120,0.000,82821312
10.02,Utility Enemy 13,Utility,PatrolAction,None,1.00,36.5,0,0.89,0,0.120,0.000,82821312
10.02,Utility Enemy 8,Utility,PatrolAction,None,1.00,67.4,0,0.89,0,0.120,0.000,82821312
10.02,Utility Enemy 1,Utility,PatrolAction,None,1.00,83.6,0,0.89,0,0.120,0.000,82821312
10.02,Utility Enemy 6,Utility,Dead,None,0.00,4.5,0,0.89,0,0.785,0.422,82821312
10.02,Utility Enemy 15,Utility,PatrolAction,None,1.00,96.4,0,0.89,0,0.120,0.000,82821312
10.02,Utility Enemy 12,Utility,PatrolAction,None,1.00,87.2,0,0.89,0,0.120,0.000,82821312
10.02,Utility Enemy 5,Utility,PatrolAction,None,1.00,95.1,0,0.89,0,0.120,0.000,82821312
10.02,Utility Enemy 2,Utility,PatrolAction,None,1.00,108.6,0,0.89,0,0.120,0.000,82821312
10.02,Utility Enemy 7,Utility,PatrolAction,None,1.00,71.4,0,0.89,0,0.120,0.000,82821312
10.02,Utility Enemy 11,Utility,Dead,None,0.00,10.9,1,0.89,0,0.407,0.365,82821312
10.02,Utility Enemy 14,Utility,PatrolAction,None,1.00,74.2,0,0.89,0,0.120,0.000,82821312
11.03,Player,Player,-,None,0.89,,0,0.89,,,,82821312
11.03,FSM Enemy 12,FSM,PatrolState,None,1.00,75.0,0,0.89,0,,,82821312
11.03,FSM Enemy 5,FSM,PatrolState,None,1.00,68.8,0,0.89,0,,,82821312
11.03,FSM Enemy 7,FSM,Dead,None,0.00,4.5,0,0.89,0,,,82821312
11.03,FSM Enemy 4,FSM,PatrolState,None,1.00,84.3,0,0.89,0,,,82821312
11.03,FSM Enemy 14,FSM,PatrolState,None,1.00,101.6,0,0.89,0,,,82821312
11.03,FSM Enemy 6,FSM,PatrolState,None,1.00,70.8,0,0.89,0,,,82821312
11.03,FSM Enemy 15,FSM,PatrolState,None,1.00,33.7,0,0.89,0,,,82821312
11.03,FSM Enemy 1,FSM,PatrolState,None,1.00,79.1,0,0.89,0,,,82821312
11.03,FSM Enemy 2,FSM,PatrolState,None,1.00,117.5,0,0.89,0,,,82821312
11.03,FSM Enemy 8,FSM,PatrolState,None,1.00,60.2,0,0.89,0,,,82821312
11.03,FSM Enemy 10,FSM,PatrolState,None,1.00,86.6,0,0.89,0,,,82821312
11.03,FSM Enemy 3,FSM,PatrolState,None,1.00,89.3,0,0.89,0,,,82821312
11.03,FSM Enemy 9,FSM,PatrolState,None,1.00,57.4,0,0.89,0,,,82821312
11.03,FSM Enemy 11,FSM,Dead,None,0.00,9.6,0,0.89,16,,,82821312
11.03,FSM Enemy 13,FSM,PatrolState,None,1.00,26.3,0,0.89,0,,,82821312
11.03,Utility Enemy 3,Utility,PatrolAction,None,1.00,92.5,0,0.89,0,0.120,0.000,82821312
11.03,Utility Enemy 9,Utility,PatrolAction,None,1.00,92.2,0,0.89,0,0.120,0.000,82821312
11.03,Utility Enemy 10,Utility,PatrolAction,None,1.00,86.7,0,0.89,0,0.120,0.000,82821312
11.03,Utility Enemy 4,Utility,PatrolAction,None,1.00,51.1,0,0.89,0,0.120,0.000,82821312
11.03,Utility Enemy 13,Utility,PatrolAction,None,1.00,33.8,0,0.89,0,0.120,0.000,82821312
11.03,Utility Enemy 8,Utility,PatrolAction,None,1.00,68.7,0,0.89,0,0.120,0.000,82821312
11.03,Utility Enemy 1,Utility,PatrolAction,None,1.00,87.3,0,0.89,0,0.120,0.000,82821312
11.03,Utility Enemy 6,Utility,Dead,None,0.00,8.5,0,0.89,0,0.785,0.422,82821312
11.03,Utility Enemy 15,Utility,PatrolAction,None,1.00,98.1,0,0.89,0,0.120,0.000,82821312
11.03,Utility Enemy 12,Utility,PatrolAction,None,1.00,87.9,0,0.89,0,0.120,0.000,82821312
11.03,Utility Enemy 5,Utility,PatrolAction,None,1.00,92.8,0,0.89,0,0.120,0.000,82821312
11.03,Utility Enemy 2,Utility,PatrolAction,None,1.00,109.6,0,0.89,0,0.120,0.000,82821312
11.03,Utility Enemy 7,Utility,PatrolAction,None,1.00,70.9,0,0.89,0,0.120,0.000,82821312
11.03,Utility Enemy 11,Utility,Dead,None,0.00,10.8,1,0.89,0,0.407,0.365,82821312
11.03,Utility Enemy 14,Utility,PatrolAction,None,1.00,75.2,0,0.89,0,0.120,0.000,82821312
12.03,Player,Player,-,None,0.89,,0,0.89,,,,82821312
12.03,FSM Enemy 12,FSM,PatrolState,None,1.00,81.7,0,0.89,0,,,82821312
12.03,FSM Enemy 5,FSM,PatrolState,None,1.00,63.9,0,0.89,0,,,82821312
12.03,FSM Enemy 7,FSM,Dead,None,0.00,6.7,0,0.89,0,,,82821312
12.03,FSM Enemy 4,FSM,PatrolState,None,1.00,90.4,0,0.89,0,,,82821312
12.03,FSM Enemy 14,FSM,PatrolState,None,1.00,104.3,0,0.89,0,,,82821312
12.03,FSM Enemy 6,FSM,PatrolState,None,1.00,74.7,0,0.89,0,,,82821312
12.03,FSM Enemy 15,FSM,PatrolState,None,1.00,32.8,0,0.89,0,,,82821312
12.03,FSM Enemy 1,FSM,PatrolState,None,1.00,77.0,0,0.89,0,,,82821312
12.03,FSM Enemy 2,FSM,PatrolState,None,1.00,118.0,0,0.89,0,,,82821312
12.03,FSM Enemy 8,FSM,PatrolState,None,1.00,59.5,0,0.89,0,,,82821312
12.03,FSM Enemy 10,FSM,PatrolState,None,1.00,89.2,0,0.89,0,,,82821312
12.03,FSM Enemy 3,FSM,PatrolState,None,1.00,91.0,0,0.89,0,,,82821312
12.03,FSM Enemy 9,FSM,PatrolState,None,1.00,58.6,0,0.89,0,,,82821312
12.03,FSM Enemy 11,FSM,Dead,None,0.00,5.1,1,0.89,16,,,82821312
12.03,FSM Enemy 13,FSM,PatrolState,None,1.00,23.1,0,0.89,0,,,82821312
12.03,Utility Enemy 3,Utility,PatrolAction,None,1.00,97.9,0,0.89,0,0.120,0.000,82821312
12.03,Utility Enemy 9,Utility,PatrolAction,None,1.00,95.4,0,0.89,0,0.120,0.000,82821312
12.03,Utility Enemy 10,Utility,PatrolAction,None,1.00,91.3,0,0.89,0,0.120,0.000,82821312
12.03,Utility Enemy 4,Utility,PatrolAction,None,1.00,49.1,0,0.89,0,0.120,0.000,82821312
12.03,Utility Enemy 13,Utility,PatrolAction,None,1.00,26.9,0,0.89,0,0.120,0.000,82821312
12.03,Utility Enemy 8,Utility,PatrolAction,None,1.00,67.7,0,0.89,0,0.120,0.000,82821312
12.03,Utility Enemy 1,Utility,PatrolAction,None,1.00,87.1,0,0.89,0,0.120,0.000,82821312
12.03,Utility Enemy 6,Utility,Dead,None,0.00,14.0,0,0.89,0,0.785,0.422,82821312
12.03,Utility Enemy 15,Utility,PatrolAction,None,1.00,99.1,0,0.89,0,0.120,0.000,82821312
12.03,Utility Enemy 12,Utility,PatrolAction,None,1.00,88.8,0,0.89,0,0.120,0.000,82821312
12.03,Utility Enemy 5,Utility,PatrolAction,None,1.00,89.7,0,0.89,0,0.120,0.000,82821312
12.03,Utility Enemy 2,Utility,PatrolAction,None,1.00,110.3,0,0.89,0,0.120,0.000,82821312
12.03,Utility Enemy 7,Utility,PatrolAction,None,1.00,71.7,0,0.89,0,0.120,0.000,82821312
12.03,Utility Enemy 11,Utility,Dead,None,0.00,11.7,1,0.89,0,0.407,0.365,82821312
12.03,Utility Enemy 14,Utility,PatrolAction,None,1.00,80.6,0,0.89,0,0.120,0.000,82821312
13.03,Player,Player,-,None,0.89,,0,0.89,,,,82821312
13.03,FSM Enemy 12,FSM,PatrolState,None,1.00,77.4,0,0.89,0,,,82821312
13.03,FSM Enemy 5,FSM,PatrolState,None,1.00,60.5,0,0.89,0,,,82821312
13.03,FSM Enemy 7,FSM,Dead,None,0.00,4.1,0,0.89,0,,,82821312
13.03,FSM Enemy 4,FSM,PatrolState,None,1.00,89.3,0,0.89,0,,,82821312
13.03,FSM Enemy 14,FSM,PatrolState,None,1.00,103.4,0,0.89,0,,,82821312
13.03,FSM Enemy 6,FSM,PatrolState,None,1.00,71.3,0,0.89,0,,,82821312
13.03,FSM Enemy 15,FSM,PatrolState,None,1.00,26.9,0,0.89,0,,,82821312
13.03,FSM Enemy 1,FSM,PatrolState,None,1.00,76.1,0,0.89,0,,,82821312
13.03,FSM Enemy 2,FSM,PatrolState,None,1.00,112.8,0,0.89,0,,,82821312
13.03,FSM Enemy 8,FSM,PatrolState,None,1.00,53.4,0,0.89,0,,,82821312
13.03,FSM Enemy 10,FSM,PatrolState,None,1.00,87.7,0,0.89,0,,,82821312
13.03,FSM Enemy 3,FSM,PatrolState,None,1.00,88.5,0,0.89,0,,,82821312
13.03,FSM Enemy 9,FSM,PatrolState,None,1.00,54.0,0,0.89,0,,,82821312
13.03,FSM Enemy 11,FSM,Dead,None,0.00,4.4,1,0.89,16,,,82821312
13.03,FSM Enemy 13,FSM,PatrolState,None,1.00,19.6,0,0.89,0,,,82821312
13.03,Utility Enemy 3,Utility,PatrolAction,None,1.00,98.3,0,0.89,0,0.120,0.000,82821312
13.03,Utility Enemy 9,Utility,PatrolAction,None,1.00,94.5,0,0.89,0,0.120,0.000,82821312
13.03,Utility Enemy 10,Utility,PatrolAction,None,1.00,88.1,0,0.89,0,0.120,0.000,82821312
13.03,Utility Enemy 4,Utility,PatrolAction,None,1.00,46.3,0,0.89,0,0.120,0.000,82821312
13.03,Utility Enemy 13,Utility,PatrolAction,None,1.00,19.5,0,0.89,0,0.120,0.000,82821312
13.03,Utility Enemy 8,Utility,PatrolAction,None,1.00,62.5,0,0.89,0,0.120,0.000,82821312
13.03,Utility Enemy 1,Utility,PatrolAction,None,1.00,79.9,0,0.89,0,0.120,0.000,82821312
13.03,Utility Enemy 6,Utility,Dead,None,0.00,13.2,0,0.89,0,0.785,0.422,82821312
13.03,Utility Enemy 15,Utility,PatrolAction,None,1.00,95.0,0,0.89,0,0.120,0.000,82821312
13.03,Utility Enemy 12,Utility,PatrolAction,None,1.00,82.4,0,0.89,0,0.120,0.000,82821312
13.03,Utility Enemy 5,Utility,PatrolAction,None,1.00,85.8,0,0.89,0,0.120,0.000,82821312
13.03,Utility Enemy 2,Utility,PatrolAction,None,1.00,106.1,0,0.89,0,0.120,0.000,82821312
13.03,Utility Enemy 7,Utility,PatrolAction,None,1.00,69.1,0,0.89,0,0.120,0.000,82821312
13.03,Utility Enemy 11,Utility,Dead,None,0.00,8.1,1,0.89,0,0.407,0.365,82821312
13.03,Utility Enemy 14,Utility,PatrolAction,None,1.00,75.8,0,0.89,0,0.120,0.000,82821312
14.03,Player,Player,-,None,0.89,,0,0.89,,,,82821312
14.03,FSM Enemy 12,FSM,PatrolState,None,1.00,76.0,0,0.89,0,,,82821312
14.03,FSM Enemy 5,FSM,PatrolState,None,1.00,58.4,0,0.89,0,,,82821312
14.03,FSM Enemy 7,FSM,Dead,None,0.00,4.5,0,0.89,0,,,82821312
14.03,FSM Enemy 4,FSM,PatrolState,None,1.00,90.1,0,0.89,0,,,82821312
14.03,FSM Enemy 14,FSM,PatrolState,None,1.00,105.3,0,0.89,0,,,82821312
14.03,FSM Enemy 6,FSM,PatrolState,None,1.00,68.9,0,0.89,0,,,82821312
14.03,FSM Enemy 15,FSM,PatrolState,None,1.00,23.8,0,0.89,0,,,82821312
14.03,FSM Enemy 1,FSM,PatrolState,None,1.00,77.4,0,0.89,0,,,82821312
14.03,FSM Enemy 2,FSM,PatrolState,None,1.00,111.9,0,0.89,0,,,82821312
14.03,FSM Enemy 8,FSM,PatrolState,None,1.00,52.0,0,0.89,0,,,82821312
14.03,FSM Enemy 10,FSM,PatrolState,None,1.00,88.9,0,0.89,0,,,82821312
14.03,FSM Enemy 3,FSM,PatrolState,None,1.00,88.8,0,0.89,0,,,82821312
14.03,FSM Enemy 9,FSM,PatrolState,None,1.00,52.3,0,0.89,0,,,82821312
14.03,FSM Enemy 11,FSM,Dead,None,0.00,4.1,1,0.89,16,,,82821312
14.03,FSM Enemy 13,FSM,PatrolState,None,1.00,17.9,0,0.89,0,,,82821312
14.03,Utility Enemy 3,Utility,PatrolAction,None,1.00,101.1,0,0.89,0,0.120,0.000,82821312
14.03,Utility Enemy 9,Utility,PatrolAction,None,1.00,96.1,0,0.89,0,0.120,0.000,82821312
14.03,Utility Enemy 10,Utility,PatrolAction,None,1.00,84.0,0,0.89,0,0.120,0.000,82821312
14.03,Utility Enemy 4,Utility,PatrolAction,None,1.00,47.9,0,0.89,0,0.120,0.000,82821312
14.03,Utility Enemy 13,Utility,PatrolAction,None,1.00,14.2,0,0.89,0,0.120,0.000,82821312
14.03,Utility Enemy 8,Utility,PatrolAction,None,1.00,59.6,0,0.89,0,0.120,0.000,82821312
14.03,Utility Enemy 1,Utility,PatrolAction,None,1.00,77.0,0,0.89,0,0.120,0.000,82821312
14.03,Utility Enemy 6,Utility,Dead,None,0.00,13.9,0,0.89,0,0.785,0.422,82821312
14.03,Utility Enemy 15,Utility,PatrolAction,None,1.00,93.8,0,0.89,0,0.120,0.000,82821312
14.03,Utility Enemy 12,Utility,PatrolAction,None,1.00,80.2,0,0.89,0,0.120,0.000,82821312
14.03,Utility Enemy 5,Utility,PatrolAction,None,1.00,87.1,0,0.89,0,0.120,0.000,82821312
14.03,Utility Enemy 2,Utility,PatrolAction,None,1.00,109.1,0,0.89,0,0.120,0.000,82821312
14.03,Utility Enemy 7,Utility,PatrolAction,None,1.00,73.1,0,0.89,0,0.120,0.000,82821312
14.03,Utility Enemy 11,Utility,Dead,None,0.00,7.5,0,0.89,0,0.407,0.365,82821312
14.03,Utility Enemy 14,Utility,PatrolAction,None,1.00,75.1,0,0.89,0,0.120,0.000,82821312
15.04,Player,Player,-,None,0.89,,0,0.89,,,,82821312
15.04,FSM Enemy 12,FSM,PatrolState,None,1.00,76.8,0,0.89,0,,,82821312
15.04,FSM Enemy 5,FSM,PatrolState,None,1.00,56.5,0,0.89,0,,,82821312
15.04,FSM Enemy 7,FSM,Dead,None,0.00,4.6,0,0.89,0,,,82821312
15.04,FSM Enemy 4,FSM,PatrolState,None,1.00,90.5,0,0.89,0,,,82821312
15.04,FSM Enemy 14,FSM,PatrolState,None,1.00,106.6,0,0.89,0,,,82821312
15.04,FSM Enemy 6,FSM,PatrolState,None,1.00,65.9,0,0.89,0,,,82821312
15.04,FSM Enemy 15,FSM,PatrolState,None,1.00,20.5,0,0.89,0,,,82821312
15.04,FSM Enemy 1,FSM,PatrolState,None,1.00,78.6,0,0.89,0,,,82821312
15.04,FSM Enemy 2,FSM,PatrolState,None,1.00,112.5,0,0.89,0,,,82821312
15.04,FSM Enemy 8,FSM,PatrolState,None,1.00,51.4,0,0.89,0,,,82821312
15.04,FSM Enemy 10,FSM,PatrolState,None,1.00,86.5,0,0.89,0,,,82821312
15.04,FSM Enemy 3,FSM,PatrolState,None,1.00,88.8,0,0.89,0,,,82821312
15.04,FSM Enemy 9,FSM,PatrolState,None,1.00,50.2,0,0.89,0,,,82821312
15.04,FSM Enemy 11,FSM,Dead,None,0.00,4.6,1,0.89,16,,,82821312
15.04,FSM Enemy 13,FSM,PatrolState,None,1.00,14.3,0,0.89,0,,,82821312
15.04,Utility Enemy 3,Utility,PatrolAction,None,1.00,96.9,0,0.89,0,0.120,0.000,82821312
15.04,Utility Enemy 9,Utility,PatrolAction,None,1.00,93.7,0,0.89,0,0.120,0.000,82821312
15.04,Utility Enemy 10,Utility,PatrolAction,None,1.00,82.3,0,0.89,0,0.120,0.000,82821312
15.04,Utility Enemy 4,Utility,PatrolAction,None,1.00,46.5,0,0.89,0,0.120,0.000,82821312
15.04,Utility Enemy 13,Utility,PatrolAction,None,1.00,15.9,0,0.89,0,0.120,0.000,82821312
15.04,Utility Enemy 8,Utility,PatrolAction,None,1.00,62.3,0,0.89,0,0.120,0.000,82821312
15.04,Utility Enemy 1,Utility,PatrolAction,None,1.00,75.6,0,0.89,0,0.120,0.000,82821312
15.04,Utility Enemy 6,Utility,Dead,None,0.00,14.1,0,0.89,0,0.785,0.422,82821312
15.04,Utility Enemy 15,Utility,PatrolAction,None,1.00,88.9,0,0.89,0,0.120,0.000,82821312
15.04,Utility Enemy 12,Utility,PatrolAction,None,1.00,79.4,0,0.89,0,0.120,0.000,82821312
15.04,Utility Enemy 5,Utility,PatrolAction,None,1.00,88.7,0,0.89,0,0.120,0.000,82821312
15.04,Utility Enemy 2,Utility,PatrolAction,None,1.00,110.1,0,0.89,0,0.120,0.000,82821312
15.04,Utility Enemy 7,Utility,PatrolAction,None,1.00,74.3,0,0.89,0,0.120,0.000,82821312
15.04,Utility Enemy 11,Utility,Dead,None,0.00,6.4,0,0.89,0,0.407,0.365,82821312
15.04,Utility Enemy 14,Utility,PatrolAction,None,1.00,77.5,0,0.89,0,0.120,0.000,82821312
16.04,Player,Player,-,TimeStutter,0.89,,0,0.89,,,,82821312
16.04,FSM Enemy 12,FSM,FrozenState,TimeStutter,1.00,79.1,0,0.89,0,,,82821312
16.04,FSM Enemy 5,FSM,FrozenState,TimeStutter,1.00,55.3,0,0.89,0,,,82821312
16.04,FSM Enemy 7,FSM,Dead,TimeStutter,0.00,5.8,0,0.89,0,,,82821312
16.04,FSM Enemy 4,FSM,FrozenState,TimeStutter,1.00,92.1,0,0.89,0,,,82821312
16.04,FSM Enemy 14,FSM,FrozenState,TimeStutter,1.00,106.2,0,0.89,0,,,82821312
16.04,FSM Enemy 6,FSM,FrozenState,TimeStutter,1.00,65.4,0,0.89,0,,,82821312
16.04,FSM Enemy 15,FSM,FrozenState,TimeStutter,1.00,21.6,0,0.89,0,,,82821312
16.04,FSM Enemy 1,FSM,FrozenState,TimeStutter,1.00,79.6,0,0.89,0,,,82821312
16.04,FSM Enemy 2,FSM,FrozenState,TimeStutter,1.00,113.9,0,0.89,0,,,82821312
16.04,FSM Enemy 8,FSM,FrozenState,TimeStutter,1.00,52.0,0,0.89,0,,,82821312
16.04,FSM Enemy 10,FSM,FrozenState,TimeStutter,1.00,85.9,0,0.89,0,,,82821312
16.04,FSM Enemy 3,FSM,FrozenState,TimeStutter,1.00,89.6,0,0.89,0,,,82821312
16.04,FSM Enemy 9,FSM,FrozenState,TimeStutter,1.00,49.7,0,0.89,0,,,82821312
16.04,FSM Enemy 11,FSM,Dead,TimeStutter,0.00,3.8,1,0.89,16,,,82821312
16.04,FSM Enemy 13,FSM,FrozenState,TimeStutter,1.00,12.3,0,0.89,0,,,82821312
16.04,Utility Enemy 3,Utility,FreezeAction,TimeStutter,1.00,94.6,0,0.89,0,100.000,0.120,82821312
16.04,Utility Enemy 9,Utility,FreezeAction,TimeStutter,1.00,93.2,0,0.89,0,100.000,0.120,82821312
16.04,Utility Enemy 10,Utility,FreezeAction,TimeStutter,1.00,86.5,0,0.89,0,100.000,0.120,82821312
16.04,Utility Enemy 4,Utility,FreezeAction,TimeStutter,1.00,47.0,0,0.89,0,100.000,0.120,82821312
16.04,Utility Enemy 13,Utility,FreezeAction,TimeStutter,1.00,17.4,0,0.89,0,100.000,0.120,82821312
16.04,Utility Enemy 8,Utility,FreezeAction,TimeStutter,1.00,62.9,0,0.89,0,100.000,0.120,82821312
16.04,Utility Enemy 1,Utility,FreezeAction,TimeStutter,1.00,76.6,0,0.89,0,100.000,0.120,82821312
16.04,Utility Enemy 6,Utility,Dead,TimeStutter,0.00,15.3,0,0.89,0,0.785,0.422,82821312
16.04,Utility Enemy 15,Utility,FreezeAction,TimeStutter,1.00,85.7,0,0.89,0,100.000,0.120,82821312
16.04,Utility Enemy 12,Utility,FreezeAction,TimeStutter,1.00,79.6,0,0.89,0,100.000,0.120,82821312
16.04,Utility Enemy 5,Utility,FreezeAction,TimeStutter,1.00,90.7,0,0.89,0,100.000,0.120,82821312
16.04,Utility Enemy 2,Utility,FreezeAction,TimeStutter,1.00,108.5,0,0.89,0,100.000,0.120,82821312
16.04,Utility Enemy 7,Utility,FreezeAction,TimeStutter,1.00,74.8,0,0.89,0,100.000,0.120,82821312
16.04,Utility Enemy 11,Utility,Dead,TimeStutter,0.00,7.1,0,0.89,0,0.407,0.365,82821312
16.04,Utility Enemy 14,Utility,FreezeAction,TimeStutter,1.00,81.2,0,0.89,0,100.000,0.120,82821312
17.04,Player,Player,-,TimeStutter,0.89,,0,0.89,,,,82821312
17.04,FSM Enemy 12,FSM,FrozenState,TimeStutter,1.00,79.1,0,0.89,0,,,82821312
17.04,FSM Enemy 5,FSM,FrozenState,TimeStutter,1.00,55.3,0,0.89,0,,,82821312
17.04,FSM Enemy 7,FSM,Dead,TimeStutter,0.00,5.8,0,0.89,0,,,82821312
17.04,FSM Enemy 4,FSM,FrozenState,TimeStutter,1.00,92.1,0,0.89,0,,,82821312
17.04,FSM Enemy 14,FSM,FrozenState,TimeStutter,1.00,106.2,0,0.89,0,,,82821312
17.04,FSM Enemy 6,FSM,FrozenState,TimeStutter,1.00,65.4,0,0.89,0,,,82821312
17.04,FSM Enemy 15,FSM,FrozenState,TimeStutter,1.00,21.6,0,0.89,0,,,82821312
17.04,FSM Enemy 1,FSM,FrozenState,TimeStutter,1.00,79.6,0,0.89,0,,,82821312
17.04,FSM Enemy 2,FSM,FrozenState,TimeStutter,1.00,113.9,0,0.89,0,,,82821312
17.04,FSM Enemy 8,FSM,FrozenState,TimeStutter,1.00,52.0,0,0.89,0,,,82821312
17.04,FSM Enemy 10,FSM,FrozenState,TimeStutter,1.00,85.9,0,0.89,0,,,82821312
17.04,FSM Enemy 3,FSM,FrozenState,TimeStutter,1.00,89.6,0,0.89,0,,,82821312
17.04,FSM Enemy 9,FSM,FrozenState,TimeStutter,1.00,49.7,0,0.89,0,,,82821312
17.04,FSM Enemy 11,FSM,Dead,TimeStutter,0.00,3.8,1,0.89,16,,,82821312
17.04,FSM Enemy 13,FSM,FrozenState,TimeStutter,1.00,12.3,0,0.89,0,,,82821312
17.04,Utility Enemy 3,Utility,FreezeAction,TimeStutter,1.00,94.6,0,0.89,0,100.000,0.120,82821312
17.04,Utility Enemy 9,Utility,FreezeAction,TimeStutter,1.00,93.2,0,0.89,0,100.000,0.120,82821312
17.04,Utility Enemy 10,Utility,FreezeAction,TimeStutter,1.00,86.5,0,0.89,0,100.000,0.120,82821312
17.04,Utility Enemy 4,Utility,FreezeAction,TimeStutter,1.00,47.0,0,0.89,0,100.000,0.120,82821312
17.04,Utility Enemy 13,Utility,FreezeAction,TimeStutter,1.00,17.4,0,0.89,0,100.000,0.120,82821312
17.04,Utility Enemy 8,Utility,FreezeAction,TimeStutter,1.00,62.9,0,0.89,0,100.000,0.120,82821312
17.04,Utility Enemy 1,Utility,FreezeAction,TimeStutter,1.00,76.6,0,0.89,0,100.000,0.120,82821312
17.04,Utility Enemy 6,Utility,Dead,TimeStutter,0.00,15.3,0,0.89,0,0.785,0.422,82821312
17.04,Utility Enemy 15,Utility,FreezeAction,TimeStutter,1.00,85.7,0,0.89,0,100.000,0.120,82821312
17.04,Utility Enemy 12,Utility,FreezeAction,TimeStutter,1.00,79.6,0,0.89,0,100.000,0.120,82821312
17.04,Utility Enemy 5,Utility,FreezeAction,TimeStutter,1.00,90.7,0,0.89,0,100.000,0.120,82821312
17.04,Utility Enemy 2,Utility,FreezeAction,TimeStutter,1.00,108.5,0,0.89,0,100.000,0.120,82821312
17.04,Utility Enemy 7,Utility,FreezeAction,TimeStutter,1.00,74.8,0,0.89,0,100.000,0.120,82821312
17.04,Utility Enemy 11,Utility,Dead,TimeStutter,0.00,7.1,0,0.89,0,0.407,0.365,82821312
17.04,Utility Enemy 14,Utility,FreezeAction,TimeStutter,1.00,81.2,0,0.89,0,100.000,0.120,82821312
18.05,Player,Player,-,TimeStutter,0.89,,0,0.89,,,,82821312
18.05,FSM Enemy 12,FSM,FrozenState,TimeStutter,1.00,80.2,0,0.89,0,,,82821312
18.05,FSM Enemy 5,FSM,FrozenState,TimeStutter,1.00,55.3,0,0.89,0,,,82821312
18.05,FSM Enemy 7,FSM,Dead,TimeStutter,0.00,6.8,0,0.89,0,,,82821312
18.05,FSM Enemy 4,FSM,FrozenState,TimeStutter,1.00,93.2,0,0.89,0,,,82821312
18.05,FSM Enemy 14,FSM,FrozenState,TimeStutter,1.00,107.1,0,0.89,0,,,82821312
18.05,FSM Enemy 6,FSM,FrozenState,TimeStutter,1.00,66.6,0,0.89,0,,,82821312
18.05,FSM Enemy 15,FSM,FrozenState,TimeStutter,1.00,22.6,0,0.89,0,,,82821312
18.05,FSM Enemy 1,FSM,FrozenState,TimeStutter,1.00,79.7,0,0.89,0,,,82821312
18.05,FSM Enemy 2,FSM,FrozenState,TimeStutter,1.00,114.7,0,0.89,0,,,82821312
18.05,FSM Enemy 8,FSM,FrozenState,TimeStutter,1.00,52.8,0,0.89,0,,,82821312
18.05,FSM Enemy 10,FSM,FrozenState,TimeStutter,1.00,86.7,0,0.89,0,,,82821312
18.05,FSM Enemy 3,FSM,FrozenState,TimeStutter,1.00,90.2,0,0.89,0,,,82821312
18.05,FSM Enemy 9,FSM,FrozenState,TimeStutter,1.00,50.8,0,0.89,0,,,82821312
18.05,FSM Enemy 11,FSM,Dead,TimeStutter,0.00,2.7,0,0.89,16,,,82821312
18.05,FSM Enemy 13,FSM,FrozenState,TimeStutter,1.00,12.6,0,0.89,0,,,82821312
18.05,Utility Enemy 3,Utility,FreezeAction,TimeStutter,1.00,95.6,0,0.89,0,100.000,0.120,82821312
18.05,Utility Enemy 9,Utility,FreezeAction,TimeStutter,1.00,94.3,0,0.89,0,100.000,0.120,82821312
18.05,Utility Enemy 10,Utility,FreezeAction,TimeStutter,1.00,87.7,0,0.89,0,100.000,0.120,82821312
18.05,Utility Enemy 4,Utility,FreezeAction,TimeStutter,1.00,47.4,0,0.89,0,100.000,0.120,82821312
18.05,Utility Enemy 13,Utility,FreezeAction,TimeStutter,1.00,17.0,0,0.89,0,100.000,0.120,82821312
18.05,Utility Enemy 8,Utility,FreezeAction,TimeStutter,1.00,62.9,0,0.89,0,100.000,0.120,82821312
18.05,Utility Enemy 1,Utility,FreezeAction,TimeStutter,1.00,77.1,0,0.89,0,100.000,0.120,82821312
18.05,Utility Enemy 6,Utility,Dead,TimeStutter,0.00,16.2,0,0.89,0,0.785,0.422,82821312
18.05,Utility Enemy 15,Utility,FreezeAction,TimeStutter,1.00,86.2,0,0.89,0,100.000,0.120,82821312
18.05,Utility Enemy 12,Utility,FreezeAction,TimeStutter,1.00,80.7,0,0.89,0,100.000,0.120,82821312
18.05,Utility Enemy 5,Utility,FreezeAction,TimeStutter,1.00,91.1,0,0.89,0,100.000,0.120,82821312
18.05,Utility Enemy 2,Utility,FreezeAction,TimeStutter,1.00,109.3,0,0.89,0,100.000,0.120,82821312
18.05,Utility Enemy 7,Utility,FreezeAction,TimeStutter,1.00,76.0,0,0.89,0,100.000,0.120,82821312
18.05,Utility Enemy 11,Utility,Dead,TimeStutter,0.00,8.2,0,0.89,0,0.407,0.365,82821312
18.05,Utility Enemy 14,Utility,FreezeAction,TimeStutter,1.00,82.3,0,0.89,0,100.000,0.120,82821312
19.05,Player,Player,-,TimeStutter,0.89,,0,0.89,,,,82821312
19.05,FSM Enemy 12,FSM,FrozenState,TimeStutter,1.00,77.1,0,0.89,0,,,82821312
19.05,FSM Enemy 5,FSM,FrozenState,TimeStutter,1.00,55.6,0,0.89,0,,,82821312
19.05,FSM Enemy 7,FSM,Dead,TimeStutter,0.00,4.3,0,0.89,0,,,82821312
19.05,FSM Enemy 4,FSM,FrozenState,TimeStutter,1.00,90.3,0,0.89,0,,,82821312
19.05,FSM Enemy 14,FSM,FrozenState,TimeStutter,1.00,104.8,0,0.89,0,,,82821312
19.05,FSM Enemy 6,FSM,FrozenState,TimeStutter,1.00,63.5,0,0.89,0,,,82821312
19.05,FSM Enemy 15,FSM,FrozenState,TimeStutter,1.00,20.2,0,0.89,0,,,82821312
19.05,FSM Enemy 1,FSM,FrozenState,TimeStutter,1.00,79.8,0,0.89,0,,,82821312
19.05,FSM Enemy 2,FSM,FrozenState,TimeStutter,1.00,112.7,0,0.89,0,,,82821312
19.05,FSM Enemy 8,FSM,FrozenState,TimeStutter,1.00,51.0,0,0.89,0,,,82821312
19.05,FSM Enemy 10,FSM,FrozenState,TimeStutter,1.00,84.7,0,0.89,0,,,82821312
19.05,FSM Enemy 3,FSM,FrozenState,TimeStutter,1.00,88.9,0,0.89,0,,,82821312
19.05,FSM Enemy 9,FSM,FrozenState,TimeStutter,1.00,48.1,0,0.89,0,,,82821312
19.05,FSM Enemy 11,FSM,Dead,TimeStutter,0.00,5.6,1,0.89,16,,,82821312
19.05,FSM Enemy 13,FSM,FrozenState,TimeStutter,1.00,12.2,0,0.89,0,,,82821312
19.05,Utility Enemy 3,Utility,FreezeAction,TimeStutter,1.00,93.0,0,0.89,0,100.000,0.120,82821312
19.05,Utility Enemy 9,Utility,FreezeAction,TimeStutter,1.00,91.5,0,0.89,0,100.000,0.120,82821312
19.05,Utility Enemy 10,Utility,FreezeAction,TimeStutter,1.00,84.6,0,0.89,0,100.000,0.120,82821312
19.05,Utility Enemy 4,Utility,FreezeAction,TimeStutter,1.00,46.7,0,0.89,0,100.000,0.120,82821312
19.05,Utility Enemy 13,Utility,FreezeAction,TimeStutter,1.00,18.5,0,0.89,0,100.000,0.120,82821312
19.05,Utility Enemy 8,Utility,FreezeAction,TimeStutter,1.00,63.0,0,0.89,0,100.000,0.120,82821312
19.05,Utility Enemy 1,Utility,FreezeAction,TimeStutter,1.00,76.0,0,0.89,0,100.000,0.120,82821312
19.05,Utility Enemy 6,Utility,Dead,TimeStutter,0.00,13.6,0,0.89,0,0.785,0.422,82821312
19.05,Utility Enemy 15,Utility,FreezeAction,TimeStutter,1.00,85.0,0,0.89,0,100.000,0.120,82821312
19.05,Utility Enemy 12,Utility,FreezeAction,TimeStutter,1.00,77.9,0,0.89,0,100.000,0.120,82821312
19.05,Utility Enemy 5,Utility,FreezeAction,TimeStutter,1.00,90.4,0,0.89,0,100.000,0.120,82821312
19.05,Utility Enemy 2,Utility,FreezeAction,TimeStutter,1.00,107.2,0,0.89,0,100.000,0.120,82821312
19.05,Utility Enemy 7,Utility,FreezeAction,TimeStutter,1.00,72.9,0,0.89,0,100.000,0.120,82821312
19.05,Utility Enemy 11,Utility,Dead,TimeStutter,0.00,5.6,0,0.89,0,0.407,0.365,82821312
19.05,Utility Enemy 14,Utility,FreezeAction,TimeStutter,1.00,79.4,0,0.89,0,100.000,0.120,82821312
20.05,Player,Player,-,TimeStutter,0.89,,0,0.89,,,,82821312
20.05,FSM Enemy 12,FSM,FrozenState,TimeStutter,1.00,75.1,0,0.89,0,,,82821312
20.05,FSM Enemy 5,FSM,FrozenState,TimeStutter,1.00,57.8,0,0.89,0,,,82821312
20.05,FSM Enemy 7,FSM,Dead,TimeStutter,0.00,1.2,0,0.89,0,,,82821312
20.05,FSM Enemy 4,FSM,FrozenState,TimeStutter,1.00,89.1,0,0.89,0,,,82821312
20.05,FSM Enemy 14,FSM,FrozenState,TimeStutter,1.00,104.6,0,0.89,0,,,82821312
20.05,FSM Enemy 6,FSM,FrozenState,TimeStutter,1.00,61.5,0,0.89,0,,,82821312
20.05,FSM Enemy 15,FSM,FrozenState,TimeStutter,1.00,20.3,0,0.89,0,,,82821312
20.05,FSM Enemy 1,FSM,FrozenState,TimeStutter,1.00,81.9,0,0.89,0,,,82821312
20.05,FSM Enemy 2,FSM,FrozenState,TimeStutter,1.00,113.0,0,0.89,0,,,82821312
20.05,FSM Enemy 8,FSM,FrozenState,TimeStutter,1.00,51.6,0,0.89,0,,,82821312
20.05,FSM Enemy 10,FSM,FrozenState,TimeStutter,1.00,84.9,0,0.89,0,,,82821312
20.05,FSM Enemy 3,FSM,FrozenState,TimeStutter,1.00,90.0,0,0.89,0,,,82821312
20.05,FSM Enemy 9,FSM,FrozenState,TimeStutter,1.00,47.4,0,0.89,0,,,82821312
20.05,FSM Enemy 11,FSM,Dead,TimeStutter,0.00,7.5,1,0.89,16,,,82821312
20.05,FSM Enemy 13,FSM,FrozenState,TimeStutter,1.00,14.4,0,0.89,0,,,82821312
20.05,Utility Enemy 3,Utility,FreezeAction,TimeStutter,1.00,92.5,0,0.89,0,100.000,0.120,82821312
20.05,Utility Enemy 9,Utility,FreezeAction,TimeStutter,1.00,90.7,0,0.89,0,100.000,0.120,82821312
20.05,Utility Enemy 10,Utility,FreezeAction,TimeStutter,1.00,82.6,0,0.89,0,100.000,0.120,82821312
20.05,Utility Enemy 4,Utility,FreezeAction,TimeStutter,1.00,48.4,0,0.89,0,100.000,0.120,82821312
20.05,Utility Enemy 13,Utility,FreezeAction,TimeStutter,1.00,21.3,0,0.89,0,100.000,0.120,82821312
20.05,Utility Enemy 8,Utility,FreezeAction,TimeStutter,1.00,65.2,0,0.89,0,100.000,0.120,82821312
20.05,Utility Enemy 1,Utility,FreezeAction,TimeStutter,1.00,77.3,0,0.89,0,100.000,0.120,82821312
20.05,Utility Enemy 6,Utility,Dead,TimeStutter,0.00,10.7,0,0.89,0,0.785,0.422,82821312
20.05,Utility Enemy 15,Utility,FreezeAction,TimeStutter,1.00,86.1,0,0.89,0,100.000,0.120,82821312
20.05,Utility Enemy 12,Utility,FreezeAction,TimeStutter,1.00,76.9,0,0.89,0,100.000,0.120,82821312
20.05,Utility Enemy 5,Utility,FreezeAction,TimeStutter,1.00,92.0,0,0.89,0,100.000,0.120,82821312
20.05,Utility Enemy 2,Utility,FreezeAction,TimeStutter,1.00,107.4,0,0.89,0,100.000,0.120,82821312
20.05,Utility Enemy 7,Utility,FreezeAction,TimeStutter,1.00,70.9,0,0.89,0,100.000,0.120,82821312
20.05,Utility Enemy 11,Utility,Dead,TimeStutter,0.00,5.8,1,0.89,0,0.407,0.365,82821312
20.05,Utility Enemy 14,Utility,FreezeAction,TimeStutter,1.00,78.4,0,0.89,0,100.000,0.120,82821312
21.05,Player,Player,-,None,0.89,,0,0.89,,,,82821312
21.05,FSM Enemy 12,FSM,PatrolState,None,1.00,72.7,0,0.89,0,,,82821312
21.05,FSM Enemy 5,FSM,PatrolState,None,1.00,55.6,0,0.89,0,,,82821312
21.05,FSM Enemy 7,FSM,Dead,None,0.00,3.5,1,0.89,0,,,82821312
21.05,FSM Enemy 4,FSM,PatrolState,None,1.00,86.2,0,0.89,0,,,82821312
21.05,FSM Enemy 14,FSM,PatrolState,None,1.00,101.5,0,0.89,0,,,82821312
21.05,FSM Enemy 6,FSM,PatrolState,None,1.00,58.2,0,0.89,0,,,82821312
21.05,FSM Enemy 15,FSM,PatrolState,None,1.00,17.1,0,0.89,0,,,82821312
21.05,FSM Enemy 1,FSM,PatrolState,None,1.00,80.6,0,0.89,0,,,82821312
21.05,FSM Enemy 2,FSM,PatrolState,None,1.00,110.0,0,0.89,0,,,82821312
21.05,FSM Enemy 8,FSM,PatrolState,None,1.00,49.4,0,0.89,0,,,82821312
21.05,FSM Enemy 10,FSM,PatrolState,None,1.00,81.6,0,0.89,0,,,82821312
21.05,FSM Enemy 3,FSM,PatrolState,None,1.00,86.8,0,0.89,0,,,82821312
21.05,FSM Enemy 9,FSM,PatrolState,None,1.00,45.0,0,0.89,0,,,82821312
21.05,FSM Enemy 11,FSM,Dead,None,0.00,10.4,1,0.89,16,,,82821312
21.05,FSM Enemy 13,FSM,AttackState,None,1.00,13.4,1,0.89,0,,,82821312
21.05,Utility Enemy 3,Utility,PatrolAction,None,1.00,89.6,0,0.89,0,0.120,0.000,82821312
21.05,Utility Enemy 9,Utility,PatrolAction,None,1.00,87.5,0,0.89,0,0.120,0.000,82821312
21.05,Utility Enemy 10,Utility,PatrolAction,None,1.00,79.9,0,0.89,0,0.120,0.000,82821312
21.05,Utility Enemy 4,Utility,PatrolAction,None,1.00,46.6,0,0.89,0,0.120,0.000,82821312
21.05,Utility Enemy 13,Utility,PatrolAction,None,1.00,21.2,0,0.89,0,0.120,0.000,82821312
21.05,Utility Enemy 8,Utility,PatrolAction,None,1.00,63.6,0,0.89,0,0.120,0.000,82821312
21.05,Utility Enemy 1,Utility,PatrolAction,None,1.00,74.7,0,0.89,0,0.120,0.000,82821312
21.05,Utility Enemy 6,Utility,PatrolAction,None,1.00,56.5,0,0.89,0,0.120,0.000,82821312
21.05,Utility Enemy 15,Utility,PatrolAction,None,1.00,83.9,0,0.89,0,0.120,0.000,82821312
21.05,Utility Enemy 12,Utility,PatrolAction,None,1.00,73.3,0,0.89,0,0.120,0.000,82821312
21.05,Utility Enemy 5,Utility,PatrolAction,None,1.00,89.2,0,0.89,0,0.120,0.000,82821312
21.05,Utility Enemy 2,Utility,PatrolAction,None,1.00,104.7,0,0.89,0,0.120,0.000,82821312
21.05,Utility Enemy 7,Utility,PatrolAction,None,1.00,67.6,0,0.89,0,0.120,0.000,82821312
21.05,Utility Enemy 11,Utility,Dead,None,0.00,3.7,1,0.89,0,0.407,0.365,82821312
21.05,Utility Enemy 14,Utility,PatrolAction,None,1.00,75.3,0,0.89,0,0.120,0.000,82821312
22.06,Player,Player,-,None,0.84,,0,0.84,,,,82821312
22.06,FSM Enemy 12,FSM,PatrolState,None,1.00,75.7,0,0.84,0,,,82821312
22.06,FSM Enemy 5,FSM,PatrolState,None,1.00,49.2,0,0.84,0,,,82821312
22.06,FSM Enemy 7,FSM,Dead,None,0.00,6.7,1,0.84,0,,,82821312
22.06,FSM Enemy 4,FSM,PatrolState,None,1.00,86.5,0,0.84,0,,,82821312
22.06,FSM Enemy 14,FSM,PatrolState,None,1.00,101.0,0,0.84,0,,,82821312
22.06,FSM Enemy 6,FSM,PatrolState,None,1.00,59.1,0,0.84,0,,,82821312
22.06,FSM Enemy 15,FSM,PatrolState,None,1.00,15.1,0,0.84,0,,,82821312
22.06,FSM Enemy 1,FSM,PatrolState,None,1.00,77.7,0,0.84,0,,,82821312
22.06,FSM Enemy 2,FSM,PatrolState,None,1.00,108.9,0,0.84,0,,,82821312
22.06,FSM Enemy 8,FSM,PatrolState,None,1.00,49.3,0,0.84,0,,,82821312
22.06,FSM Enemy 10,FSM,PatrolState,None,1.00,79.3,0,0.84,0,,,82821312
22.06,FSM Enemy 3,FSM,PatrolState,None,1.00,83.0,0,0.84,0,,,82821312
22.06,FSM Enemy 9,FSM,PatrolState,None,1.00,44.9,0,0.84,0,,,82821312
22.06,FSM Enemy 11,FSM,Dead,None,0.00,10.4,0,0.84,16,,,82821312
22.06,FSM Enemy 13,FSM,AttackState,None,1.00,9.4,1,0.84,8,,,82821312
22.06,Utility Enemy 3,Utility,PatrolAction,None,1.00,92.8,0,0.84,0,0.120,0.000,82821312
22.06,Utility Enemy 9,Utility,PatrolAction,None,1.00,88.9,0,0.84,0,0.120,0.000,82821312
22.06,Utility Enemy 10,Utility,PatrolAction,None,1.00,83.7,0,0.84,0,0.120,0.000,82821312
22.06,Utility Enemy 4,Utility,PatrolAction,None,1.00,46.3,0,0.84,0,0.120,0.000,82821312
22.06,Utility Enemy 13,Utility,SpreadFireAction,None,1.00,15.9,1,0.84,0,0.167,0.125,82821312
22.06,Utility Enemy 8,Utility,PatrolAction,None,1.00,58.4,0,0.84,0,0.120,0.000,82821312
22.06,Utility Enemy 1,Utility,PatrolAction,None,1.00,71.8,0,0.84,0,0.120,0.000,82821312
22.06,Utility Enemy 6,Utility,PatrolAction,None,1.00,52.5,0,0.84,0,0.120,0.000,82821312
22.06,Utility Enemy 15,Utility,PatrolAction,None,1.00,84.8,0,0.84,0,0.120,0.000,82821312
22.06,Utility Enemy 12,Utility,PatrolAction,None,1.00,71.2,0,0.84,0,0.120,0.000,82821312
22.06,Utility Enemy 5,Utility,PatrolAction,None,1.00,81.2,0,0.84,0,0.120,0.000,82821312
22.06,Utility Enemy 2,Utility,PatrolAction,None,1.00,106.7,0,0.84,0,0.120,0.000,82821312
22.06,Utility Enemy 7,Utility,PatrolAction,None,1.00,65.7,0,0.84,0,0.120,0.000,82821312
22.06,Utility Enemy 11,Utility,Dead,None,0.00,1.7,0,0.84,0,0.407,0.365,82821312
22.06,Utility Enemy 14,Utility,PatrolAction,None,1.00,73.3,0,0.84,0,0.120,0.000,82821312
23.06,Player,Player,-,None,0.79,,0,0.79,,,,82821312
23.06,FSM Enemy 12,FSM,PatrolState,None,1.00,80.1,0,0.79,0,,,82821312
23.06,FSM Enemy 5,FSM,PatrolState,None,1.00,43.5,0,0.79,0,,,82821312
23.06,FSM Enemy 7,FSM,Dead,None,0.00,10.1,1,0.79,0,,,82821312
23.06,FSM Enemy 4,FSM,PatrolState,None,1.00,86.1,0,0.79,0,,,82821312
23.06,FSM Enemy 14,FSM,PatrolState,None,1.00,101.8,0,0.79,0,,,82821312
23.06,FSM Enemy 6,FSM,PatrolState,None,1.00,61.7,0,0.79,0,,,82821312
23.06,FSM Enemy 15,FSM,PatrolState,None,1.00,14.8,0,0.79,0,,,82821312
23.06,FSM Enemy 1,FSM,PatrolState,None,1.00,74.1,0,0.79,0,,,82821312
23.06,FSM Enemy 2,FSM,PatrolState,None,1.00,109.4,0,0.79,0,,,82821312
23.06,FSM Enemy 8,FSM,PatrolState,None,1.00,50.6,0,0.79,0,,,82821312
23.06,FSM Enemy 10,FSM,PatrolState,None,1.00,78.1,0,0.79,0,,,82821312
23.06,FSM Enemy 3,FSM,PatrolState,None,1.00,80.4,0,0.79,0,,,82821312
23.06,FSM Enemy 9,FSM,PatrolState,None,1.00,44.6,0,0.79,0,,,82821312
23.06,FSM Enemy 11,FSM,Dead,None,0.00,10.7,0,0.79,16,,,82821312
23.06,FSM Enemy 13,FSM,Dead,None,0.00,5.3,1,0.79,16,,,82821312
23.06,Utility Enemy 3,Utility,PatrolAction,None,1.00,97.0,0,0.79,0,0.120,0.000,82821312
23.06,Utility Enemy 9,Utility,PatrolAction,None,1.00,88.6,0,0.79,0,0.120,0.000,82821312
23.06,Utility Enemy 10,Utility,PatrolAction,None,1.00,88.3,0,0.79,0,0.120,0.000,82821312
23.06,Utility Enemy 4,Utility,PatrolAction,None,1.00,47.3,0,0.79,0,0.120,0.000,82821312
23.06,Utility Enemy 13,Utility,AttackAction,None,1.00,11.8,1,0.79,0,0.334,0.144,82821312
23.06,Utility Enemy 8,Utility,PatrolAction,None,1.00,52.5,0,0.79,0,0.120,0.000,82821312
23.06,Utility Enemy 1,Utility,PatrolAction,None,1.00,69.6,0,0.79,0,0.120,0.000,82821312
23.06,Utility Enemy 6,Utility,PatrolAction,None,1.00,48.3,0,0.79,0,0.120,0.000,82821312
23.06,Utility Enemy 15,Utility,PatrolAction,None,1.00,86.9,0,0.79,0,0.120,0.000,82821312
23.06,Utility Enemy 12,Utility,PatrolAction,None,1.00,70.3,0,0.79,0,0.120,0.000,82821312
23.06,Utility Enemy 5,Utility,PatrolAction,None,1.00,74.2,0,0.79,0,0.120,0.000,82821312
23.06,Utility Enemy 2,Utility,PatrolAction,None,1.00,108.4,0,0.79,0,0.120,0.000,82821312
23.06,Utility Enemy 7,Utility,PatrolAction,None,1.00,65.0,0,0.79,0,0.120,0.000,82821312
23.06,Utility Enemy 11,Utility,Dead,None,0.00,5.0,0,0.79,0,0.407,0.365,82821312
23.06,Utility Enemy 14,Utility,PatrolAction,None,1.00,74.6,0,0.79,0,0.120,0.000,82821312
24.06,Player,Player,-,None,0.79,,0,0.79,,,,82821312
24.06,FSM Enemy 12,FSM,PatrolState,None,1.00,84.2,0,0.79,0,,,82821312
24.06,FSM Enemy 5,FSM,PatrolState,None,1.00,39.8,0,0.79,0,,,82821312
24.06,FSM Enemy 7,FSM,ChaseState,None,1.00,55.3,0,0.79,0,,,82821312
24.06,FSM Enemy 4,FSM,PatrolState,None,1.00,88.0,0,0.79,0,,,82821312
24.06,FSM Enemy 14,FSM,PatrolState,None,1.00,102.2,0,0.79,0,,,82821312
24.06,FSM Enemy 6,FSM,PatrolState,None,1.00,67.2,0,0.79,0,,,82821312
24.06,FSM Enemy 15,FSM,PatrolState,None,1.00,18.8,0,0.79,0,,,82821312
24.06,FSM Enemy 1,FSM,PatrolState,None,1.00,69.3,0,0.79,0,,,82821312
24.06,FSM Enemy 2,FSM,PatrolState,None,1.00,112.1,0,0.79,0,,,82821312
24.06,FSM Enemy 8,FSM,PatrolState,None,1.00,54.2,0,0.79,0,,,82821312
24.06,FSM Enemy 10,FSM,PatrolState,None,1.00,79.7,0,0.79,0,,,82821312
24.06,FSM Enemy 3,FSM,PatrolState,None,1.00,80.1,0,0.79,0,,,82821312
24.06,FSM Enemy 9,FSM,PatrolState,None,1.00,49.9,0,0.79,0,,,82821312
24.06,FSM Enemy 11,FSM,Dead,None,0.00,11.6,0,0.79,16,,,82821312
24.06,FSM Enemy 13,FSM,Dead,None,0.00,4.8,0,0.79,16,,,82821312
24.06,Utility Enemy 3,Utility,PatrolAction,None,1.00,97.0,0,0.79,0,0.120,0.000,82821312
24.06,Utility Enemy 9,Utility,PatrolAction,None,1.00,88.3,0,0.79,0,0.120,0.000,82821312
24.06,Utility Enemy 10,Utility,PatrolAction,None,1.00,92.7,0,0.79,0,0.120,0.000,82821312
24.06,Utility Enemy 4,Utility,PatrolAction,None,1.00,44.2,0,0.79,0,0.120,0.000,82821312
24.06,Utility Enemy 13,Utility,Dead,None,0.00,5.9,1,0.79,0,0.585,0.526,82821312
24.06,Utility Enemy 8,Utility,PatrolAction,None,1.00,48.1,0,0.79,0,0.120,0.000,82821312
24.06,Utility Enemy 1,Utility,PatrolAction,None,1.00,67.4,0,0.79,0,0.120,0.000,82821312
24.06,Utility Enemy 6,Utility,PatrolAction,None,1.00,51.9,0,0.79,0,0.120,0.000,82821312
24.06,Utility Enemy 15,Utility,PatrolAction,None,1.00,87.4,0,0.79,0,0.120,0.000,82821312
24.06,Utility Enemy 12,Utility,PatrolAction,None,1.00,73.1,0,0.79,0,0.120,0.000,82821312
24.06,Utility Enemy 5,Utility,PatrolAction,None,1.00,69.3,0,0.79,0,0.120,0.000,82821312
24.06,Utility Enemy 2,Utility,PatrolAction,None,1.00,107.4,0,0.79,0,0.120,0.000,82821312
24.06,Utility Enemy 7,Utility,PatrolAction,None,1.00,69.7,0,0.79,0,0.120,0.000,82821312
24.06,Utility Enemy 11,Utility,Dead,None,0.00,10.8,0,0.79,0,0.407,0.365,82821312
24.06,Utility Enemy 14,Utility,PatrolAction,None,1.00,80.9,0,0.79,0,0.120,0.000,82821312
25.06,Player,Player,-,None,0.79,,0,0.79,,,,82821312
25.06,FSM Enemy 12,FSM,PatrolState,None,1.00,86.6,0,0.79,0,,,82821312
25.06,FSM Enemy 5,FSM,PatrolState,None,1.00,37.0,0,0.79,0,,,82821312
25.06,FSM Enemy 7,FSM,ChaseState,None,1.00,54.4,0,0.79,0,,,82821312
25.06,FSM Enemy 4,FSM,PatrolState,None,1.00,88.1,0,0.79,0,,,82821312
25.06,FSM Enemy 14,FSM,PatrolState,None,1.00,100.6,0,0.79,0,,,82821312
25.06,FSM Enemy 6,FSM,PatrolState,None,1.00,72.1,0,0.79,0,,,82821312
25.06,FSM Enemy 15,FSM,PatrolState,None,1.00,21.1,0,0.79,0,,,82821312
25.06,FSM Enemy 1,FSM,PatrolState,None,1.00,62.9,0,0.79,0,,,82821312
25.06,FSM Enemy 2,FSM,PatrolState,None,1.00,112.1,0,0.79,0,,,82821312
25.06,FSM Enemy 8,FSM,PatrolState,None,1.00,55.7,0,0.79,0,,,82821312
25.06,FSM Enemy 10,FSM,PatrolState,None,1.00,80.4,0,0.79,0,,,82821312
25.06,FSM Enemy 3,FSM,PatrolState,None,1.00,77.4,0,0.79,0,,,82821312
25.06,FSM Enemy 9,FSM,PatrolState,None,1.00,53.3,0,0.79,0,,,82821312
25.06,FSM Enemy 11,FSM,Dead,None,0.00,16.4,0,0.79,16,,,82821312
25.06,FSM Enemy 13,FSM,Dead,None,0.00,8.0,0,0.79,16,,,82821312
25.06,Utility Enemy 3,Utility,PatrolAction,None,1.00,93.6,0,0.79,0,0.120,0.000,82821312
25.06,Utility Enemy 9,Utility,PatrolAction,None,1.00,85.9,0,0.79,0,0.120,0.000,82821312
25.06,Utility Enemy 10,Utility,PatrolAction,None,1.00,95.3,0,0.79,0,0.120,0.000,82821312
25.06,Utility Enemy 4,Utility,PatrolAction,None,1.00,37.5,0,0.79,0,0.120,0.000,82821312
25.06,Utility Enemy 13,Utility,Dead,None,0.00,1.8,0,0.79,0,0.585,0.526,82821312
25.06,Utility Enemy 8,Utility,PatrolAction,None,1.00,42.5,0,0.79,0,0.120,0.000,82821312
25.06,Utility Enemy 1,Utility,PatrolAction,None,1.00,64.2,0,0.79,0,0.120,0.000,82821312
25.06,Utility Enemy 6,Utility,PatrolAction,None,1.00,55.7,0,0.79,0,0.120,0.000,82821312
25.06,Utility Enemy 15,Utility,PatrolAction,None,1.00,81.9,0,0.79,0,0.120,0.000,82821312
25.06,Utility Enemy 12,Utility,PatrolAction,None,1.00,73.0,0,0.79,0,0.120,0.000,82821312
25.06,Utility Enemy 5,Utility,PatrolAction,None,1.00,69.7,0,0.79,0,0.120,0.000,82821312
25.06,Utility Enemy 2,Utility,PatrolAction,None,1.00,102.7,0,0.79,0,0.120,0.000,82821312
25.06,Utility Enemy 7,Utility,PatrolAction,None,1.00,72.8,0,0.79,0,0.120,0.000,82821312
25.06,Utility Enemy 11,Utility,ChaseAction,None,1.00,39.4,0,0.79,0,0.490,0.400,82821312
25.06,Utility Enemy 14,Utility,PatrolAction,None,1.00,83.2,0,0.79,0,0.120,0.000,82821312
26.06,Player,Player,-,None,0.79,,0,0.79,,,,82821312
26.06,FSM Enemy 12,FSM,PatrolState,None,1.00,86.1,0,0.79,0,,,82821312
26.06,FSM Enemy 5,FSM,PatrolState,None,1.00,31.6,0,0.79,0,,,82821312
26.06,FSM Enemy 7,FSM,ChaseState,None,1.00,50.6,0,0.79,0,,,82821312
26.06,FSM Enemy 4,FSM,PatrolState,None,1.00,84.1,0,0.79,0,,,82821312
26.06,FSM Enemy 14,FSM,PatrolState,None,1.00,94.8,0,0.79,0,,,82821312
26.06,FSM Enemy 6,FSM,PatrolState,None,1.00,74.6,0,0.79,0,,,82821312
26.06,FSM Enemy 15,FSM,PatrolState,None,1.00,19.4,0,0.79,0,,,82821312
26.06,FSM Enemy 1,FSM,PatrolState,None,1.00,53.6,0,0.79,0,,,82821312
26.06,FSM Enemy 2,FSM,PatrolState,None,1.00,105.1,0,0.79,0,,,82821312
26.06,FSM Enemy 8,FSM,PatrolState,None,1.00,49.0,0,0.79,0,,,82821312
26.06,FSM Enemy 10,FSM,PatrolState,None,1.00,77.1,0,0.79,0,,,82821312
26.06,FSM Enemy 3,FSM,PatrolState,None,1.00,70.0,0,0.79,0,,,82821312
26.06,FSM Enemy 9,FSM,PatrolState,None,1.00,52.4,0,0.79,0,,,82821312
26.06,FSM Enemy 11,FSM,PatrolState,None,1.00,68.4,0,0.79,16,,,82821312
26.06,FSM Enemy 13,FSM,Dead,None,0.00,12.1,0,0.79,16,,,82821312
26.06,Utility Enemy 3,Utility,PatrolAction,None,1.00,85.8,0,0.79,0,0.120,0.000,82821312
26.06,Utility Enemy 9,Utility,PatrolAction,None,1.00,84.5,0,0.79,0,0.120,0.000,82821312
26.06,Utility Enemy 10,Utility,PatrolAction,None,1.00,93.4,0,0.79,0,0.120,0.000,82821312
26.06,Utility Enemy 4,Utility,PatrolAction,None,1.00,28.8,0,0.79,0,0.120,0.000,82821312
26.06,Utility Enemy 13,Utility,Dead,None,0.00,8.8,0,0.79,0,0.585,0.526,82821312
26.06,Utility Enemy 8,Utility,PatrolAction,None,1.00,34.7,0,0.79,0,0.120,0.000,82821312
26.06,Utility Enemy 1,Utility,PatrolAction,None,1.00,58.8,0,0.79,0,0.120,0.000,82821312
26.06,Utility Enemy 6,Utility,PatrolAction,None,1.00,52.3,0,0.79,0,0.120,0.000,82821312
26.06,Utility Enemy 15,Utility,PatrolAction,None,1.00,72.2,0,0.79,0,0.120,0.000,82821312
26.06,Utility Enemy 12,Utility,PatrolAction,None,1.00,68.7,0,0.79,0,0.120,0.000,82821312
26.06,Utility Enemy 5,Utility,PatrolAction,None,1.00,65.3,0,0.79,0,0.120,0.000,82821312
26.06,Utility Enemy 2,Utility,PatrolAction,None,1.00,95.8,0,0.79,0,0.120,0.000,82821312
26.06,Utility Enemy 7,Utility,PatrolAction,None,1.00,74.2,0,0.79,0,0.120,0.000,82821312
26.06,Utility Enemy 11,Utility,PatrolAction,None,1.00,34.2,0,0.79,0,0.120,0.000,82821312
26.06,Utility Enemy 14,Utility,PatrolAction,None,1.00,81.7,0,0.79,0,0.120,0.000,82821312
27.06,Player,Player,-,None,0.79,,0,0.79,,,,82821312
27.06,FSM Enemy 12,FSM,PatrolState,None,1.00,87.8,0,0.79,0,,,82821312
27.06,FSM Enemy 5,FSM,PatrolState,None,1.00,26.7,0,0.79,0,,,82821312
27.06,FSM Enemy 7,FSM,PatrolState,None,1.00,49.1,0,0.79,0,,,82821312
27.06,FSM Enemy 4,FSM,PatrolState,None,1.00,82.1,0,0.79,0,,,82821312
27.06,FSM Enemy 14,FSM,PatrolState,None,1.00,90.6,0,0.79,0,,,82821312
27.06,FSM Enemy 6,FSM,PatrolState,None,1.00,78.2,0,0.79,0,,,82821312
27.06,FSM Enemy 15,FSM,PatrolState,None,1.00,18.6,0,0.79,0,,,82821312
27.06,FSM Enemy 1,FSM,PatrolState,None,1.00,47.5,0,0.79,0,,,82821312
27.06,FSM Enemy 2,FSM,PatrolState,None,1.00,101.9,0,0.79,0,,,82821312
27.06,FSM Enemy 8,FSM,PatrolState,None,1.00,43.1,0,0.79,0,,,82821312
27.06,FSM Enemy 10,FSM,PatrolState,None,1.00,75.2,0,0.79,0,,,82821312
27.06,FSM Enemy 3,FSM,PatrolState,None,1.00,63.3,0,0.79,0,,,82821312
27.06,FSM Enemy 9,FSM,PatrolState,None,1.00,52.9,0,0.79,0,,,82821312
27.06,FSM Enemy 11,FSM,PatrolState,None,1.00,67.3,0,0.79,16,,,82821312
27.06,FSM Enemy 13,FSM,Dead,None,0.00,18.7,0,0.79,16,,,82821312
27.06,Utility Enemy 3,Utility,PatrolAction,None,1.00,80.0,0,0.79,0,0.120,0.000,82821312
27.06,Utility Enemy 9,Utility,PatrolAction,None,1.00,86.5,0,0.79,0,0.120,0.000,82821312
27.06,Utility Enemy 10,Utility,PatrolAction,None,1.00,96.6,0,0.79,0,0.120,0.000,82821312
27.06,Utility Enemy 4,Utility,PatrolAction,None,1.00,24.5,0,0.79,0,0.120,0.000,82821312
27.06,Utility Enemy 13,Utility,Dead,None,0.00,16.1,0,0.79,0,0.585,0.526,82821312
27.06,Utility Enemy 8,Utility,PatrolAction,None,1.00,30.7,0,0.79,0,0.120,0.000,82821312
27.06,Utility Enemy 1,Utility,PatrolAction,None,1.00,54.0,0,0.79,0,0.120,0.000,82821312
27.06,Utility Enemy 6,Utility,PatrolAction,None,1.00,48.1,0,0.79,0,0.120,0.000,82821312
27.06,Utility Enemy 15,Utility,PatrolAction,None,1.00,62.1,0,0.79,0,0.120,0.000,82821312
27.06,Utility Enemy 12,Utility,PatrolAction,None,1.00,68.1,0,0.79,0,0.120,0.000,82821312
27.06,Utility Enemy 5,Utility,PatrolAction,None,1.00,57.5,0,0.79,0,0.120,0.000,82821312
27.06,Utility Enemy 2,Utility,PatrolAction,None,1.00,91.7,0,0.79,0,0.120,0.000,82821312
27.06,Utility Enemy 7,Utility,PatrolAction,None,1.00,72.7,0,0.79,0,0.120,0.000,82821312
27.06,Utility Enemy 11,Utility,PatrolAction,None,1.00,35.6,0,0.79,0,0.120,0.000,82821312
27.06,Utility Enemy 14,Utility,PatrolAction,None,1.00,82.1,0,0.79,0,0.120,0.000,82821312
28.07,Player,Player,-,None,0.79,,0,0.79,,,,82821312
28.07,FSM Enemy 12,FSM,PatrolState,None,1.00,93.3,0,0.79,0,,,82821312
28.07,FSM Enemy 5,FSM,PatrolState,None,1.00,22.8,0,0.79,0,,,82821312
28.07,FSM Enemy 7,FSM,PatrolState,None,1.00,52.7,0,0.79,0,,,82821312
28.07,FSM Enemy 4,FSM,PatrolState,None,1.00,82.9,0,0.79,0,,,82821312
28.07,FSM Enemy 14,FSM,PatrolState,None,1.00,90.4,0,0.79,0,,,82821312
28.07,FSM Enemy 6,FSM,PatrolState,None,1.00,84.3,0,0.79,0,,,82821312
28.07,FSM Enemy 15,FSM,PatrolState,None,1.00,25.9,0,0.79,0,,,82821312
28.07,FSM Enemy 1,FSM,PatrolState,None,1.00,41.7,0,0.79,0,,,82821312
28.07,FSM Enemy 2,FSM,PatrolState,None,1.00,102.9,0,0.79,0,,,82821312
28.07,FSM Enemy 8,FSM,PatrolState,None,1.00,41.1,0,0.79,0,,,82821312
28.07,FSM Enemy 10,FSM,PatrolState,None,1.00,76.8,0,0.79,0,,,82821312
28.07,FSM Enemy 3,FSM,PatrolState,None,1.00,59.0,0,0.79,0,,,82821312
28.07,FSM Enemy 9,FSM,PatrolState,None,1.00,56.5,0,0.79,0,,,82821312
28.07,FSM Enemy 11,FSM,PatrolState,None,1.00,69.3,0,0.79,16,,,82821312
28.07,FSM Enemy 13,FSM,Dead,None,0.00,26.1,0,0.79,16,,,82821312
28.07,Utility Enemy 3,Utility,PatrolAction,None,1.00,78.6,0,0.79,0,0.120,0.000,82821312
28.07,Utility Enemy 9,Utility,PatrolAction,None,1.00,92.1,0,0.79,0,0.120,0.000,82821312
28.07,Utility Enemy 10,Utility,PatrolAction,None,1.00,97.5,0,0.79,0,0.120,0.000,82821312
28.07,Utility Enemy 4,Utility,PatrolAction,None,1.00,22.5,0,0.79,0,0.120,0.000,82821312
28.07,Utility Enemy 13,Utility,Dead,None,0.00,22.9,0,0.79,0,0.585,0.526,82821312
28.07,Utility Enemy 8,Utility,PatrolAction,None,1.00,28.0,0,0.79,0,0.120,0.000,82821312
28.07,Utility Enemy 1,Utility,PatrolAction,None,1.00,53.3,0,0.79,0,0.120,0.000,82821312
28.07,Utility Enemy 6,Utility,PatrolAction,None,1.00,52.7,0,0.79,0,0.120,0.000,82821312
28.07,Utility Enemy 15,Utility,PatrolAction,None,1.00,54.5,0,0.79,0,0.120,0.000,82821312
28.07,Utility Enemy 12,Utility,PatrolAction,None,1.00,74.9,0,0.79,0,0.120,0.000,82821312
28.07,Utility Enemy 5,Utility,PatrolAction,None,1.00,52.7,0,0.79,0,0.120,0.000,82821312
28.07,Utility Enemy 2,Utility,PatrolAction,None,1.00,90.9,0,0.79,0,0.120,0.000,82821312
28.07,Utility Enemy 7,Utility,PatrolAction,None,1.00,73.7,0,0.79,0,0.120,0.000,82821312
28.07,Utility Enemy 11,Utility,PatrolAction,None,1.00,38.9,0,0.79,0,0.120,0.000,82821312
28.07,Utility Enemy 14,Utility,PatrolAction,None,1.00,88.8,0,0.79,0,0.120,0.000,82821312
29.07,Player,Player,-,None,0.79,,0,0.79,,,,82821312
29.07,FSM Enemy 12,FSM,PatrolState,None,1.00,94.6,0,0.79,0,,,82821312
29.07,FSM Enemy 5,FSM,PatrolState,None,1.00,18.1,0,0.79,0,,,82821312
29.07,FSM Enemy 7,FSM,PatrolState,None,1.00,54.2,0,0.79,0,,,82821312
29.07,FSM Enemy 4,FSM,PatrolState,None,1.00,83.1,0,0.79,0,,,82821312
29.07,FSM Enemy 14,FSM,PatrolState,None,1.00,87.4,0,0.79,0,,,82821312
29.07,FSM Enemy 6,FSM,PatrolState,None,1.00,87.1,0,0.79,0,,,82821312
29.07,FSM Enemy 15,FSM,PatrolState,None,1.00,27.6,0,0.79,0,,,82821312
29.07,FSM Enemy 1,FSM,PatrolState,None,1.00,34.8,0,0.79,0,,,82821312
29.07,FSM Enemy 2,FSM,PatrolState,None,1.00,97.9,0,0.79,0,,,82821312
29.07,FSM Enemy 8,FSM,PatrolState,None,1.00,40.6,0,0.79,0,,,82821312
29.07,FSM Enemy 10,FSM,PatrolState,None,1.00,75.7,0,0.79,0,,,82821312
29.07,FSM Enemy 3,FSM,PatrolState,None,1.00,52.8,0,0.79,0,,,82821312
29.07,FSM Enemy 9,FSM,PatrolState,None,1.00,56.8,0,0.79,0,,,82821312
29.07,FSM Enemy 11,FSM,PatrolState,None,1.00,68.5,0,0.79,16,,,82821312
29.07,FSM Enemy 13,FSM,Dead,None,0.00,32.5,0,0.79,16,,,82821312
29.07,Utility Enemy 3,Utility,PatrolAction,None,1.00,76.9,0,0.79,0,0.120,0.000,82821312
29.07,Utility Enemy 9,Utility,PatrolAction,None,1.00,95.9,0,0.79,0,0.120,0.000,82821312
29.07,Utility Enemy 10,Utility,PatrolAction,None,1.00,94.9,0,0.79,0,0.120,0.000,82821312
29.07,Utility Enemy 4,Utility,PatrolAction,None,1.00,20.9,0,0.79,0,0.120,0.000,82821312
29.07,Utility Enemy 13,Utility,Dead,None,0.00,30.0,0,0.79,0,0.585,0.526,82821312
29.07,Utility Enemy 8,Utility,PatrolAction,None,1.00,23.3,0,0.79,0,0.120,0.000,82821312
29.07,Utility Enemy 1,Utility,PatrolAction,None,1.00,51.1,0,0.79,0,0.120,0.000,82821312
29.07,Utility Enemy 6,Utility,PatrolAction,None,1.00,55.2,0,0.79,0,0.120,0.000,82821312
29.07,Utility Enemy 15,Utility,PatrolAction,None,1.00,45.1,0,0.79,0,0.120,0.000,82821312
29.07,Utility Enemy 12,Utility,PatrolAction,None,1.00,74.2,0,0.79,0,0.120,0.000,82821312
29.07,Utility Enemy 5,Utility,PatrolAction,None,1.00,44.4,0,0.79,0,0.120,0.000,82821312
29.07,Utility Enemy 2,Utility,PatrolAction,None,1.00,90.8,0,0.79,0,0.120,0.000,82821312
29.07,Utility Enemy 7,Utility,PatrolAction,None,1.00,71.8,0,0.79,0,0.120,0.000,82821312
29.07,Utility Enemy 11,Utility,PatrolAction,None,1.00,35.7,0,0.79,0,0.120,0.000,82821312
29.07,Utility Enemy 14,Utility,PatrolAction,None,1.00,88.2,0,0.79,0,0.120,0.000,82821312
30.08,Player,Player,-,None,0.79,,0,0.79,,,,82821312
30.08,FSM Enemy 12,FSM,PatrolState,None,1.00,93.5,0,0.79,0,,,82821312
30.08,FSM Enemy 5,FSM,PatrolState,None,1.00,13.4,0,0.79,0,,,82821312
30.08,FSM Enemy 7,FSM,PatrolState,None,1.00,55.0,0,0.79,0,,,82821312
30.08,FSM Enemy 4,FSM,PatrolState,None,1.00,85.5,0,0.79,0,,,82821312
30.08,FSM Enemy 14,FSM,PatrolState,None,1.00,85.0,0,0.79,0,,,82821312
30.08,FSM Enemy 6,FSM,PatrolState,None,1.00,88.9,0,0.79,0,,,82821312
30.08,FSM Enemy 15,FSM,PatrolState,None,1.00,31.6,0,0.79,0,,,82821312
30.08,FSM Enemy 1,FSM,PatrolState,None,1.00,30.4,0,0.79,0,,,82821312
30.08,FSM Enemy 2,FSM,PatrolState,None,1.00,93.3,0,0.79,0,,,82821312
30.08,FSM Enemy 8,FSM,PatrolState,None,1.00,41.2,0,0.79,0,,,82821312
30.08,FSM Enemy 10,FSM,PatrolState,None,1.00,75.7,0,0.79,0,,,82821312
30.08,FSM Enemy 3,FSM,PatrolState,None,1.00,48.4,0,0.79,0,,,82821312
30.08,FSM Enemy 9,FSM,PatrolState,None,1.00,56.7,0,0.79,0,,,82821312
30.08,FSM Enemy 11,FSM,PatrolState,None,1.00,67.9,0,0.79,16,,,82821312
30.08,FSM Enemy 13,FSM,Dead,None,0.00,36.7,0,0.79,16,,,82821312
30.08,Utility Enemy 3,Utility,PatrolAction,None,1.00,75.6,0,0.79,0,0.120,0.000,82821312
30.08,Utility Enemy 9,Utility,PatrolAction,None,1.00,94.6,0,0.79,0,0.120,0.000,82821312
30.08,Utility Enemy 10,Utility,PatrolAction,None,1.00,95.0,0,0.79,0,0.120,0.000,82821312
30.08,Utility Enemy 4,Utility,PatrolAction,None,1.00,18.1,0,0.79,0,0.120,0.000,82821312
30.08,Utility Enemy 13,Utility,Dead,None,0.00,34.5,0,0.79,0,0.585,0.526,82821312
30.08,Utility Enemy 8,Utility,PatrolAction,None,1.00,19.1,0,0.79,0,0.120,0.000,82821312
30.08,Utility Enemy 1,Utility,PatrolAction,None,1.00,44.6,0,0.79,0,0.120,0.000,82821312
30.08,Utility Enemy 6,Utility,PatrolAction,None,1.00,53.6,0,0.79,0,0.120,0.000,82821312
30.08,Utility Enemy 15,Utility,PatrolAction,None,1.00,40.0,0,0.79,0,0.120,0.000,82821312
30.08,Utility Enemy 12,Utility,PatrolAction,None,1.00,69.7,0,0.79,0,0.120,0.000,82821312
30.08,Utility Enemy 5,Utility,PatrolAction,None,1.00,36.8,0,0.79,0,0.120,0.000,82821312
30.08,Utility Enemy 2,Utility,PatrolAction,None,1.00,90.8,0,0.79,0,0.120,0.000,82821312
30.08,Utility Enemy 7,Utility,PatrolAction,None,1.00,75.1,0,0.79,0,0.120,0.000,82821312
30.08,Utility Enemy 11,Utility,PatrolAction,None,1.00,33.2,0,0.79,0,0.120,0.000,82821312
30.08,Utility Enemy 14,Utility,PatrolAction,None,1.00,85.3,0,0.79,0,0.120,0.000,82821312
31.08,Player,Player,-,None,0.79,,0,0.79,,,,82821312
31.08,FSM Enemy 12,FSM,PatrolState,None,1.00,99.7,0,0.79,0,,,82821312
31.08,FSM Enemy 5,FSM,AttackState,None,0.50,7.7,1,0.79,0,,,82821312
31.08,FSM Enemy 7,FSM,PatrolState,None,1.00,59.3,0,0.79,0,,,82821312
31.08,FSM Enemy 4,FSM,PatrolState,None,1.00,91.5,0,0.79,0,,,82821312
31.08,FSM Enemy 14,FSM,PatrolState,None,1.00,85.4,0,0.79,0,,,82821312
31.08,FSM Enemy 6,FSM,PatrolState,None,1.00,94.4,0,0.79,0,,,82821312
31.08,FSM Enemy 15,FSM,PatrolState,None,1.00,39.0,0,0.79,0,,,82821312
31.08,FSM Enemy 1,FSM,PatrolState,None,1.00,25.7,0,0.79,0,,,82821312
31.08,FSM Enemy 2,FSM,PatrolState,None,1.00,90.9,0,0.79,0,,,82821312
31.08,FSM Enemy 8,FSM,PatrolState,None,1.00,41.7,0,0.79,0,,,82821312
31.08,FSM Enemy 10,FSM,PatrolState,None,1.00,78.0,0,0.79,0,,,82821312
31.08,FSM Enemy 3,FSM,PatrolState,None,1.00,48.3,0,0.79,0,,,82821312
31.08,FSM Enemy 9,FSM,PatrolState,None,1.00,60.6,0,0.79,0,,,82821312
31.08,FSM Enemy 11,FSM,PatrolState,None,1.00,71.4,0,0.79,16,,,82821312
31.08,FSM Enemy 13,FSM,Dead,None,0.00,42.9,0,0.79,16,,,82821312
31.08,Utility Enemy 3,Utility,PatrolAction,None,1.00,77.2,0,0.79,0,0.120,0.000,82821312
31.08,Utility Enemy 9,Utility,PatrolAction,None,1.00,95.6,0,0.79,0,0.120,0.000,82821312
31.08,Utility Enemy 10,Utility,PatrolAction,None,1.00,102.3,0,0.79,0,0.120,0.000,82821312
31.08,Utility Enemy 4,Utility,PatrolAction,None,1.00,17.7,0,0.79,0,0.120,0.000,82821312
31.08,Utility Enemy 13,Utility,Dead,None,0.00,40.4,0,0.79,0,0.585,0.526,82821312
31.08,Utility Enemy 8,Utility,PatrolAction,None,1.00,19.4,0,0.79,0,0.120,0.000,82821312
31.08,Utility Enemy 1,Utility,PatrolAction,None,1.00,37.1,0,0.79,0,0.120,0.000,82821312
31.08,Utility Enemy 6,Utility,PatrolAction,None,1.00,58.2,0,0.79,0,0.120,0.000,82821312
31.08,Utility Enemy 15,Utility,PatrolAction,None,1.00,37.8,0,0.79,0,0.120,0.000,82821312
31.08,Utility Enemy 12,Utility,PatrolAction,None,1.00,68.6,0,0.79,0,0.120,0.000,82821312
31.08,Utility Enemy 5,Utility,PatrolAction,None,1.00,36.5,0,0.79,0,0.120,0.000,82821312
31.08,Utility Enemy 2,Utility,PatrolAction,None,1.00,91.0,0,0.79,0,0.120,0.000,82821312
31.08,Utility Enemy 7,Utility,PatrolAction,None,1.00,81.0,0,0.79,0,0.120,0.000,82821312
31.08,Utility Enemy 11,Utility,PatrolAction,None,1.00,35.6,0,0.79,0,0.120,0.000,82821312
31.08,Utility Enemy 14,Utility,PatrolAction,None,1.00,88.2,0,0.79,0,0.120,0.000,82821312
32.08,Player,Player,-,None,0.79,,0,0.79,,,,82821312
32.08,FSM Enemy 12,FSM,PatrolState,None,1.00,104.6,0,0.79,0,,,82821312
32.08,FSM Enemy 5,FSM,Dead,None,0.00,6.4,0,0.79,0,,,82821312
32.08,FSM Enemy 7,FSM,PatrolState,None,1.00,64.9,0,0.79,0,,,82821312
32.08,FSM Enemy 4,FSM,PatrolState,None,1.00,98.3,0,0.79,0,,,82821312
32.08,FSM Enemy 14,FSM,PatrolState,None,1.00,85.7,0,0.79,0,,,82821312
32.08,FSM Enemy 6,FSM,PatrolState,None,1.00,101.4,0,0.79,0,,,82821312
32.08,FSM Enemy 15,FSM,PatrolState,None,1.00,47.2,0,0.79,0,,,82821312
32.08,FSM Enemy 1,FSM,PatrolState,None,1.00,20.8,0,0.79,0,,,82821312
32.08,FSM Enemy 2,FSM,PatrolState,None,1.00,88.4,0,0.79,0,,,82821312
32.08,FSM Enemy 8,FSM,PatrolState,None,1.00,42.8,0,0.79,0,,,82821312
32.08,FSM Enemy 10,FSM,PatrolState,None,1.00,76.8,0,0.79,0,,,82821312
32.08,FSM Enemy 3,FSM,PatrolState,None,1.00,48.7,0,0.79,0,,,82821312
32.08,FSM Enemy 9,FSM,PatrolState,None,1.00,65.8,0,0.79,0,,,82821312
32.08,FSM Enemy 11,FSM,PatrolState,None,1.00,76.2,0,0.79,16,,,82821312
32.08,FSM Enemy 13,FSM,Dead,None,0.00,50.2,0,0.79,16,,,82821312
32.08,Utility Enemy 3,Utility,PatrolAction,None,1.00,79.5,0,0.79,0,0.120,0.000,82821312
32.08,Utility Enemy 9,Utility,PatrolAction,None,1.00,102.1,0,0.79,0,0.120,0.000,82821312
32.08,Utility Enemy 10,Utility,PatrolAction,None,1.00,111.2,0,0.79,0,0.120,0.000,82821312
32.08,Utility Enemy 4,Utility,SpreadFireAction,None,1.00,17.0,1,0.79,0,0.149,0.125,82821312
32.08,Utility Enemy 13,Utility,Dead,None,0.00,47.5,0,0.79,0,0.585,0.526,82821312
32.08,Utility Enemy 8,Utility,PatrolAction,None,1.00,17.1,0,0.79,0,0.120,0.000,82821312
32.08,Utility Enemy 1,Utility,PatrolAction,None,1.00,31.4,0,0.79,0,0.120,0.000,82821312
32.08,Utility Enemy 6,Utility,PatrolAction,None,1.00,65.8,0,0.79,0,0.120,0.000,82821312
32.08,Utility Enemy 15,Utility,PatrolAction,None,1.00,33.9,0,0.79,0,0.120,0.000,82821312
32.08,Utility Enemy 12,Utility,PatrolAction,None,1.00,71.8,0,0.79,0,0.120,0.000,82821312
32.08,Utility Enemy 5,Utility,PatrolAction,None,1.00,37.3,0,0.79,0,0.120,0.000,82821312
32.08,Utility Enemy 2,Utility,PatrolAction,None,1.00,95.2,0,0.79,0,0.120,0.000,82821312
32.08,Utility Enemy 7,Utility,PatrolAction,None,1.00,88.7,0,0.79,0,0.120,0.000,82821312
32.08,Utility Enemy 11,Utility,PatrolAction,None,1.00,41.7,0,0.79,0,0.120,0.000,82821312
32.08,Utility Enemy 14,Utility,PatrolAction,None,1.00,94.0,0,0.79,0,0.120,0.000,82821312
33.09,Player,Player,-,None,0.79,,0,0.79,,,,82821312
33.09,FSM Enemy 12,FSM,PatrolState,None,1.00,103.8,0,0.79,0,,,82821312
33.09,FSM Enemy 5,FSM,Dead,None,0.00,5.7,0,0.79,0,,,82821312
33.09,FSM Enemy 7,FSM,PatrolState,None,1.00,67.1,0,0.79,0,,,82821312
33.09,FSM Enemy 4,FSM,PatrolState,None,1.00,99.3,0,0.79,0,,,82821312
33.09,FSM Enemy 14,FSM,PatrolState,None,1.00,80.3,0,0.79,0,,,82821312
33.09,FSM Enemy 6,FSM,PatrolState,None,1.00,103.6,0,0.79,0,,,82821312
33.09,FSM Enemy 15,FSM,PatrolState,None,1.00,49.7,0,0.79,0,,,82821312
33.09,FSM Enemy 1,FSM,PatrolState,None,1.00,12.4,0,0.79,0,,,82821312
33.09,FSM Enemy 2,FSM,PatrolState,None,1.00,83.2,0,0.79,0,,,82821312
33.09,FSM Enemy 8,FSM,PatrolState,None,1.00,39.7,0,0.79,0,,,82821312
33.09,FSM Enemy 10,FSM,PatrolState,None,1.00,69.9,0,0.79,0,,,82821312
33.09,FSM Enemy 3,FSM,PatrolState,None,1.00,44.4,0,0.79,0,,,82821312
33.09,FSM Enemy 9,FSM,PatrolState,None,1.00,66.3,0,0.79,0,,,82821312
33.09,FSM Enemy 11,FSM,PatrolState,None,1.00,76.9,0,0.79,16,,,82821312
33.09,FSM Enemy 13,FSM,Dead,None,0.00,55.5,0,0.79,16,,,82821312
33.09,Utility Enemy 3,Utility,PatrolAction,None,1.00,73.6,0,0.79,0,0.120,0.000,82821312
33.09,Utility Enemy 9,Utility,PatrolAction,None,1.00,96.9,0,0.79,0,0.120,0.000,82821312
33.09,Utility Enemy 10,Utility,PatrolAction,None,1.00,114.0,0,0.79,0,0.120,0.000,82821312
33.09,Utility Enemy 4,Utility,SpreadFireAction,None,1.00,14.9,1,0.79,0,0.180,0.168,82821312
33.09,Utility Enemy 13,Utility,Dead,None,0.00,53.6,0,0.79,0,0.585,0.526,82821312
33.09,Utility Enemy 8,Utility,PatrolAction,None,1.00,7.8,0,0.79,0,0.120,0.000,82821312
33.09,Utility Enemy 1,Utility,PatrolAction,None,1.00,28.1,0,0.79,0,0.120,0.000,82821312
33.09,Utility Enemy 6,Utility,PatrolAction,None,1.00,65.4,0,0.79,0,0.120,0.000,82821312
33.09,Utility Enemy 15,Utility,PatrolAction,None,1.00,25.5,0,0.79,0,0.120,0.000,82821312
33.09,Utility Enemy 12,Utility,PatrolAction,None,1.00,73.9,0,0.79,0,0.120,0.000,82821312
33.09,Utility Enemy 5,Utility,PatrolAction,None,1.00,33.4,0,0.79,0,0.120,0.000,82821312
33.09,Utility Enemy 2,Utility,PatrolAction,None,1.00,91.1,0,0.79,0,0.120,0.000,82821312
33.09,Utility Enemy 7,Utility,PatrolAction,None,1.00,89.2,0,0.79,0,0.120,0.000,82821312
33.09,Utility Enemy 11,Utility,PatrolAction,None,1.00,43.8,0,0.79,0,0.120,0.000,82821312
33.09,Utility Enemy 14,Utility,PatrolAction,None,1.00,95.5,0,0.79,0,0.120,0.000,82821312
34.10,Player,Player,-,None,0.79,,0,0.79,,,,82821312
34.10,FSM Enemy 12,FSM,PatrolState,None,1.00,106.0,0,0.79,0,,,82821312
34.10,FSM Enemy 5,FSM,Dead,None,0.00,12.2,0,0.79,0,,,82821312
34.10,FSM Enemy 7,FSM,PatrolState,None,1.00,72.4,0,0.79,0,,,82821312
34.10,FSM Enemy 4,FSM,PatrolState,None,1.00,101.7,0,0.79,0,,,82821312
34.10,FSM Enemy 14,FSM,PatrolState,None,1.00,79.5,0,0.79,0,,,82821312
34.10,FSM Enemy 6,FSM,PatrolState,None,1.00,107.3,0,0.79,0,,,82821312
34.10,FSM Enemy 15,FSM,PatrolState,None,1.00,56.7,0,0.79,0,,,82821312
34.10,FSM Enemy 1,FSM,PatrolState,None,1.00,6.5,0,0.79,0,,,82821312
34.10,FSM Enemy 2,FSM,PatrolState,None,1.00,81.6,0,0.79,0,,,82821312
34.10,FSM Enemy 8,FSM,PatrolState,None,1.00,40.6,0,0.79,0,,,82821312
34.10,FSM Enemy 10,FSM,PatrolState,None,1.00,65.1,0,0.79,0,,,82821312
34.10,FSM Enemy 3,FSM,PatrolState,None,1.00,41.7,0,0.79,0,,,82821312
34.10,FSM Enemy 9,FSM,PatrolState,None,1.00,70.0,0,0.79,0,,,82821312
34.10,FSM Enemy 11,FSM,PatrolState,None,1.00,80.4,0,0.79,16,,,82821312
34.10,FSM Enemy 13,FSM,Dead,None,0.00,62.1,0,0.79,16,,,82821312
34.10,Utility Enemy 3,Utility,PatrolAction,None,1.00,70.1,0,0.79,0,0.120,0.000,82821312
34.10,Utility Enemy 9,Utility,PatrolAction,None,1.00,95.7,0,0.79,0,0.120,0.000,82821312
34.10,Utility Enemy 10,Utility,PatrolAction,None,1.00,118.6,0,0.79,0,0.120,0.000,82821312
34.10,Utility Enemy 4,Utility,ChaseAction,None,1.00,17.9,0,0.79,0,0.490,0.400,82821312
34.10,Utility Enemy 13,Utility,Dead,None,0.00,60.7,0,0.79,0,0.585,0.526,82821312
34.10,Utility Enemy 8,Utility,Dead,None,0.00,2.4,1,0.79,0,0.120,0.000,82821312
34.10,Utility Enemy 1,Utility,PatrolAction,None,1.00,20.1,0,0.79,0,0.120,0.000,82821312
34.10,Utility Enemy 6,Utility,PatrolAction,None,1.00,65.8,0,0.79,0,0.120,0.000,82821312
34.10,Utility Enemy 15,Utility,PatrolAction,None,1.00,20.8,0,0.79,0,0.120,0.000,82821312
34.10,Utility Enemy 12,Utility,PatrolAction,None,1.00,79.0,0,0.79,0,0.120,0.000,82821312
34.10,Utility Enemy 5,Utility,PatrolAction,None,1.00,30.5,0,0.79,0,0.120,0.000,82821312
34.10,Utility Enemy 2,Utility,PatrolAction,None,1.00,85.3,0,0.79,0,0.120,0.000,82821312
34.10,Utility Enemy 7,Utility,PatrolAction,None,1.00,88.7,0,0.79,0,0.120,0.000,82821312
34.10,Utility Enemy 11,Utility,PatrolAction,None,1.00,47.0,0,0.79,0,0.120,0.000,82821312
34.10,Utility Enemy 14,Utility,PatrolAction,None,1.00,98.1,0,0.79,0,0.120,0.000,82821312
35.10,Player,Player,-,None,0.79,,0,0.79,,,,82821312
35.10,FSM Enemy 12,FSM,PatrolState,None,1.00,102.3,0,0.79,0,,,82821312
35.10,FSM Enemy 5,FSM,Dead,None,0.00,15.0,0,0.79,0,,,82821312
35.10,FSM Enemy 7,FSM,PatrolState,None,1.00,72.8,0,0.79,0,,,82821312
35.10,FSM Enemy 4,FSM,PatrolState,None,1.00,99.6,0,0.79,0,,,82821312
35.10,FSM Enemy 14,FSM,PatrolState,None,1.00,76.7,0,0.79,0,,,82821312
35.10,FSM Enemy 6,FSM,PatrolState,None,1.00,105.5,0,0.79,0,,,82821312
35.10,FSM Enemy 15,FSM,PatrolState,None,1.00,58.8,0,0.79,0,,,82821312
35.10,FSM Enemy 1,FSM,Dead,None,0.00,3.3,0,0.79,0,,,82821312
35.10,FSM Enemy 2,FSM,PatrolState,None,1.00,78.8,0,0.79,0,,,82821312
35.10,FSM Enemy 8,FSM,PatrolState,None,1.00,38.1,0,0.79,0,,,82821312
35.10,FSM Enemy 10,FSM,PatrolState,None,1.00,58.0,0,0.79,0,,,82821312
35.10,FSM Enemy 3,FSM,PatrolState,None,1.00,38.4,0,0.79,0,,,82821312
35.10,FSM Enemy 9,FSM,PatrolState,None,1.00,69.4,0,0.79,0,,,82821312
35.10,FSM Enemy 11,FSM,PatrolState,None,1.00,79.2,0,0.79,16,,,82821312
35.10,FSM Enemy 13,FSM,Dead,None,0.00,63.6,0,0.79,16,,,82821312
35.10,Utility Enemy 3,Utility,PatrolAction,None,1.00,65.2,0,0.79,0,0.120,0.000,82821312
35.10,Utility Enemy 9,Utility,PatrolAction,None,1.00,89.0,0,0.79,0,0.120,0.000,82821312
35.10,Utility Enemy 10,Utility,PatrolAction,None,1.00,118.1,0,0.79,0,0.120,0.000,82821312
35.10,Utility Enemy 4,Utility,ChaseAction,None,1.00,15.1,0,0.79,0,0.490,0.400,82821312
35.10,Utility Enemy 13,Utility,Dead,None,0.00,63.0,0,0.79,0,0.585,0.526,82821312
35.10,Utility Enemy 8,Utility,Dead,None,0.00,4.8,0,0.79,0,0.120,0.000,82821312
35.10,Utility Enemy 1,Utility,AttackAction,None,1.00,13.6,1,0.79,0,0.209,0.171,82821312
35.10,Utility Enemy 6,Utility,PatrolAction,None,1.00,64.9,0,0.79,0,0.120,0.000,82821312
35.10,Utility Enemy 15,Utility,PatrolAction,None,1.00,18.9,0,0.79,0,0.120,0.000,82821312
35.10,Utility Enemy 12,Utility,PatrolAction,None,1.00,78.6,0,0.79,0,0.120,0.000,82821312
35.10,Utility Enemy 5,Utility,PatrolAction,None,1.00,28.1,0,0.79,0,0.120,0.000,82821312
35.10,Utility Enemy 2,Utility,PatrolAction,None,1.00,76.3,0,0.79,0,0.120,0.000,82821312
35.10,Utility Enemy 7,Utility,PatrolAction,None,1.00,81.9,0,0.79,0,0.120,0.000,82821312
35.10,Utility Enemy 11,Utility,PatrolAction,None,1.00,42.7,0,0.79,0,0.120,0.000,82821312
35.10,Utility Enemy 14,Utility,PatrolAction,None,1.00,95.2,0,0.79,0,0.120,0.000,82821312
36.11,Player,Player,-,None,0.68,,0,0.68,,,,82821312
36.11,FSM Enemy 12,FSM,PatrolState,None,1.00,103.1,0,0.68,0,,,82821312
36.11,FSM Enemy 5,FSM,Dead,None,0.00,20.9,0,0.68,0,,,82821312
36.11,FSM Enemy 7,FSM,PatrolState,None,1.00,77.8,0,0.68,0,,,82821312
36.11,FSM Enemy 4,FSM,PatrolState,None,1.00,99.8,0,0.68,0,,,82821312
36.11,FSM Enemy 14,FSM,PatrolState,None,1.00,77.1,0,0.68,0,,,82821312
36.11,FSM Enemy 6,FSM,PatrolState,None,1.00,107.6,0,0.68,0,,,82821312
36.11,FSM Enemy 15,FSM,PatrolState,None,1.00,65.4,0,0.68,0,,,82821312
36.11,FSM Enemy 1,FSM,Dead,None,0.00,7.9,0,0.68,0,,,82821312
36.11,FSM Enemy 2,FSM,PatrolState,None,1.00,77.9,0,0.68,0,,,82821312
36.11,FSM Enemy 8,FSM,PatrolState,None,1.00,41.2,0,0.68,0,,,82821312
36.11,FSM Enemy 10,FSM,PatrolState,None,1.00,54.2,0,0.68,0,,,82821312
36.11,FSM Enemy 3,FSM,PatrolState,None,1.00,37.5,0,0.68,0,,,82821312
36.11,FSM Enemy 9,FSM,PatrolState,None,1.00,69.2,0,0.68,0,,,82821312
36.11,FSM Enemy 11,FSM,PatrolState,None,1.00,82.8,0,0.68,16,,,82821312
36.11,FSM Enemy 13,FSM,Dead,None,0.00,68.9,0,0.68,16,,,82821312
36.11,Utility Enemy 3,Utility,PatrolAction,None,1.00,68.8,0,0.68,0,0.120,0.000,82821312
36.11,Utility Enemy 9,Utility,PatrolAction,None,1.00,84.8,0,0.68,0,0.120,0.000,82821312
36.11,Utility Enemy 10,Utility,PatrolAction,None,1.00,117.0,0,0.68,0,0.120,0.000,82821312
36.11,Utility Enemy 4,Utility,ChaseAction,None,1.00,18.5,0,0.68,0,0.490,0.400,82821312
36.11,Utility Enemy 13,Utility,Dead,None,0.00,68.5,0,0.68,0,0.585,0.526,82821312
36.11,Utility Enemy 8,Utility,Dead,None,0.00,10.5,0,0.68,0,0.120,0.000,82821312
36.11,Utility Enemy 1,Utility,AttackAction,None,1.00,7.8,1,0.68,16,0.525,0.125,82821312
36.11,Utility Enemy 6,Utility,PatrolAction,None,1.00,67.0,0,0.68,0,0.120,0.000,82821312
36.11,Utility Enemy 15,Utility,PatrolAction,None,1.00,22.0,0,0.68,0,0.120,0.000,82821312
36.11,Utility Enemy 12,Utility,PatrolAction,None,1.00,81.1,0,0.68,0,0.120,0.000,82821312
36.11,Utility Enemy 5,Utility,PatrolAction,None,1.00,27.3,0,0.68,0,0.120,0.000,82821312
36.11,Utility Enemy 2,Utility,PatrolAction,None,1.00,72.6,0,0.68,0,0.120,0.000,82821312
36.11,Utility Enemy 7,Utility,PatrolAction,None,1.00,78.7,0,0.68,0,0.120,0.000,82821312
36.11,Utility Enemy 11,Utility,PatrolAction,None,1.00,49.0,0,0.68,0,0.120,0.000,82821312
36.11,Utility Enemy 14,Utility,PatrolAction,None,1.00,96.6,0,0.68,0,0.120,0.000,82821312
37.11,Player,Player,-,GravityFlip,0.63,,0,0.63,,,,82821312
37.11,FSM Enemy 12,FSM,TakeCoverState,GravityFlip,1.00,105.5,0,0.63,0,,,82821312
37.11,FSM Enemy 5,FSM,Dead,GravityFlip,0.00,26.4,0,0.63,0,,,82821312
37.11,FSM Enemy 7,FSM,TakeCoverState,GravityFlip,1.00,81.5,0,0.63,0,,,82821312
37.11,FSM Enemy 4,FSM,TakeCoverState,GravityFlip,1.00,98.8,0,0.63,0,,,82821312
37.11,FSM Enemy 14,FSM,TakeCoverState,GravityFlip,1.00,76.9,0,0.63,0,,,82821312
37.11,FSM Enemy 6,FSM,TakeCoverState,GravityFlip,1.00,109.7,0,0.63,0,,,82821312
37.11,FSM Enemy 15,FSM,TakeCoverState,GravityFlip,1.00,72.1,0,0.63,0,,,82821312
37.11,FSM Enemy 1,FSM,Dead,GravityFlip,0.00,13.4,0,0.63,0,,,82821312
37.11,FSM Enemy 2,FSM,TakeCoverState,GravityFlip,1.00,75.7,0,0.63,0,,,82821312
37.11,FSM Enemy 8,FSM,TakeCoverState,GravityFlip,1.00,43.3,0,0.63,0,,,82821312
37.11,FSM Enemy 10,FSM,TakeCoverState,GravityFlip,1.00,54.1,0,0.63,0,,,82821312
37.11,FSM Enemy 3,FSM,TakeCoverState,GravityFlip,1.00,37.4,0,0.63,0,,,82821312
37.11,FSM Enemy 9,FSM,TakeCoverState,GravityFlip,1.00,71.1,0,0.63,0,,,82821312
37.11,FSM Enemy 11,FSM,TakeCoverState,GravityFlip,1.00,87.6,0,0.63,16,,,82821312
37.11,FSM Enemy 13,FSM,Dead,GravityFlip,0.00,74.2,0,0.63,16,,,82821312
37.11,Utility Enemy 3,Utility,TakeCoverAction,GravityFlip,1.00,67.1,0,0.63,0,0.820,0.750,82821312
37.11,Utility Enemy 9,Utility,TakeCoverAction,GravityFlip,1.00,82.7,0,0.63,0,0.820,0.750,82821312
37.11,Utility Enemy 10,Utility,TakeCoverAction,GravityFlip,1.00,116.6,0,0.63,0,0.820,0.750,82821312
37.11,Utility Enemy 4,Utility,TakeCoverAction,GravityFlip,1.00,21.7,0,0.63,0,0.820,0.810,82821312
37.11,Utility Enemy 13,Utility,Dead,GravityFlip,0.00,74.0,0,0.63,0,0.585,0.526,82821312
37.11,Utility Enemy 8,Utility,Dead,GravityFlip,0.00,15.9,0,0.63,0,0.120,0.000,82821312
37.11,Utility Enemy 1,Utility,TakeCoverAction,GravityFlip,0.50,3.0,1,0.63,24,1.253,1.215,82821312
37.11,Utility Enemy 6,Utility,TakeCoverAction,GravityFlip,1.00,65.8,0,0.63,0,0.820,0.750,82821312
37.11,Utility Enemy 15,Utility,TakeCoverAction,GravityFlip,1.00,21.5,0,0.63,0,0.820,0.750,82821312
37.11,Utility Enemy 12,Utility,TakeCoverAction,GravityFlip,1.00,83.6,0,0.63,0,0.820,0.750,82821312
37.11,Utility Enemy 5,Utility,TakeCoverAction,GravityFlip,1.00,29.0,0,0.63,0,0.820,0.750,82821312
37.11,Utility Enemy 2,Utility,TakeCoverAction,GravityFlip,1.00,75.4,0,0.63,0,0.820,0.750,82821312
37.11,Utility Enemy 7,Utility,TakeCoverAction,GravityFlip,1.00,77.7,0,0.63,0,0.820,0.750,82821312
37.11,Utility Enemy 11,Utility,TakeCoverAction,GravityFlip,1.00,56.4,0,0.63,0,0.820,0.750,82821312
37.11,Utility Enemy 14,Utility,TakeCoverAction,GravityFlip,1.00,99.0,0,0.63,0,0.820,0.750,82821312
38.11,Player,Player,-,GravityFlip,0.63,,0,0.63,,,,82821312
38.11,FSM Enemy 12,FSM,TakeCoverState,GravityFlip,1.00,104.2,0,0.63,0,,,82821312
38.11,FSM Enemy 5,FSM,Dead,GravityFlip,0.00,23.9,0,0.63,0,,,82821312
38.11,FSM Enemy 7,FSM,TakeCoverState,GravityFlip,1.00,75.0,0,0.63,0,,,82821312
38.11,FSM Enemy 4,FSM,TakeCoverState,GravityFlip,1.00,97.1,0,0.63,0,,,82821312
38.11,FSM Enemy 14,FSM,TakeCoverState,GravityFlip,1.00,72.5,0,0.63,0,,,82821312
38.11,FSM Enemy 6,FSM,TakeCoverState,GravityFlip,1.00,110.5,0,0.63,0,,,82821312
38.11,FSM Enemy 15,FSM,TakeCoverState,GravityFlip,1.00,70.9,0,0.63,0,,,82821312
38.11,FSM Enemy 1,FSM,Dead,GravityFlip,0.00,10.7,0,0.63,0,,,82821312
38.11,FSM Enemy 2,FSM,TakeCoverState,GravityFlip,1.00,72.7,0,0.63,0,,,82821312
38.11,FSM Enemy 8,FSM,TakeCoverState,GravityFlip,1.00,37.2,0,0.63,0,,,82821312
38.11,FSM Enemy 10,FSM,TakeCoverState,GravityFlip,1.00,54.3,0,0.63,0,,,82821312
38.11,FSM Enemy 3,FSM,TakeCoverState,GravityFlip,1.00,37.2,0,0.63,0,,,82821312
38.11,FSM Enemy 9,FSM,TakeCoverState,GravityFlip,1.00,69.1,0,0.63,0,,,82821312
38.11,FSM Enemy 11,FSM,TakeCoverState,GravityFlip,1.00,86.3,0,0.63,16,,,82821312
38.11,FSM Enemy 13,FSM,PatrolState,GravityFlip,1.00,47.1,0,0.63,16,,,82821312
38.11,Utility Enemy 3,Utility,TakeCoverAction,GravityFlip,1.00,65.3,0,0.63,0,0.820,0.750,82821312
38.11,Utility Enemy 9,Utility,TakeCoverAction,GravityFlip,1.00,85.2,0,0.63,0,0.820,0.750,82821312
38.11,Utility Enemy 10,Utility,TakeCoverAction,GravityFlip,1.00,115.2,0,0.63,0,0.820,0.750,82821312
38.11,Utility Enemy 4,Utility,TakeCoverAction,GravityFlip,1.00,18.9,0,0.63,0,0.820,0.750,82821312
38.11,Utility Enemy 13,Utility,Dead,GravityFlip,0.00,71.4,0,0.63,0,0.585,0.526,82821312
38.11,Utility Enemy 8,Utility,Dead,GravityFlip,0.00,13.6,0,0.63,0,0.120,0.000,82821312
38.11,Utility Enemy 1,Utility,Dead,GravityFlip,0.00,3.5,1,0.63,24,1.290,0.820,82821312
38.11,Utility Enemy 6,Utility,TakeCoverAction,GravityFlip,1.00,68.7,0,0.63,0,0.820,0.750,82821312
38.11,Utility Enemy 15,Utility,TakeCoverAction,GravityFlip,1.00,23.5,0,0.63,0,0.820,0.750,82821312
38.11,Utility Enemy 12,Utility,TakeCoverAction,GravityFlip,1.00,81.3,0,0.63,0,0.820,0.750,82821312
38.11,Utility Enemy 5,Utility,TakeCoverAction,GravityFlip,1.00,27.4,0,0.63,0,0.820,0.750,82821312
38.11,Utility Enemy 2,Utility,TakeCoverAction,GravityFlip,1.00,71.3,0,0.63,0,0.820,0.750,82821312
38.11,Utility Enemy 7,Utility,TakeCoverAction,GravityFlip,1.00,76.5,0,0.63,0,0.820,0.750,82821312
38.11,Utility Enemy 11,Utility,TakeCoverAction,GravityFlip,1.00,54.1,0,0.63,0,0.820,0.750,82821312
38.11,Utility Enemy 14,Utility,TakeCoverAction,GravityFlip,1.00,96.9,0,0.63,0,0.820,0.750,82821312
39.11,Player,Player,-,GravityFlip,0.63,,0,0.63,,,,82821312
39.11,FSM Enemy 12,FSM,TakeCoverState,GravityFlip,1.00,105.8,0,0.63,0,,,82821312
39.11,FSM Enemy 5,FSM,Dead,GravityFlip,0.00,26.2,0,0.63,0,,,82821312
39.11,FSM Enemy 7,FSM,TakeCoverState,GravityFlip,1.00,76.2,0,0.63,0,,,82821312
39.11,FSM Enemy 4,FSM,TakeCoverState,GravityFlip,1.00,98.4,0,0.63,0,,,82821312
39.11,FSM Enemy 14,FSM,TakeCoverState,GravityFlip,1.00,73.1,0,0.63,0,,,82821312
39.11,FSM Enemy 6,FSM,TakeCoverState,GravityFlip,1.00,112.5,0,0.63,0,,,82821312
39.11,FSM Enemy 15,FSM,TakeCoverState,GravityFlip,1.00,73.3,0,0.63,0,,,82821312
39.11,FSM Enemy 1,FSM,Dead,GravityFlip,0.00,13.2,0,0.63,0,,,82821312
39.11,FSM Enemy 2,FSM,TakeCoverState,GravityFlip,1.00,72.6,0,0.63,0,,,82821312
39.11,FSM Enemy 8,FSM,TakeCoverState,GravityFlip,1.00,39.3,0,0.63,0,,,82821312
39.11,FSM Enemy 10,FSM,TakeCoverState,GravityFlip,1.00,55.2,0,0.63,0,,,82821312
39.11,FSM Enemy 3,FSM,TakeCoverState,GravityFlip,1.00,37.4,0,0.63,0,,,82821312
39.11,FSM Enemy 9,FSM,TakeCoverState,GravityFlip,1.00,71.0,0,0.63,0,,,82821312
39.11,FSM Enemy 11,FSM,TakeCoverState,GravityFlip,1.00,88.7,0,0.63,16,,,82821312
39.11,FSM Enemy 13,FSM,PatrolState,GravityFlip,1.00,50.4,0,0.63,16,,,82821312
39.11,Utility Enemy 3,Utility,TakeCoverAction,GravityFlip,1.00,66.6,0,0.63,0,0.820,0.750,82821312
39.11,Utility Enemy 9,Utility,TakeCoverAction,GravityFlip,1.00,87.6,0,0.63,0,0.820,0.750,82821312
39.11,Utility Enemy 10,Utility,TakeCoverAction,GravityFlip,1.00,117.7,0,0.63,0,0.820,0.750,82821312
39.11,Utility Enemy 4,Utility,TakeCoverAction,GravityFlip,1.00,21.2,0,0.63,0,0.820,0.750,82821312
39.11,Utility Enemy 13,Utility,TakeCoverAction,GravityFlip,1.00,70.6,0,0.63,0,0.820,0.750,82821312
39.11,Utility Enemy 8,Utility,Dead,GravityFlip,0.00,15.8,0,0.63,0,0.120,0.000,82821312
39.11,Utility Enemy 1,Utility,Dead,GravityFlip,0.00,3.2,0,0.63,24,1.290,0.820,82821312
39.11,Utility Enemy 6,Utility,TakeCoverAction,GravityFlip,1.00,71.9,0,0.63,0,0.820,0.750,82821312
39.11,Utility Enemy 15,Utility,TakeCoverAction,GravityFlip,1.00,26.2,0,0.63,0,0.820,0.750,82821312
39.11,Utility Enemy 12,Utility,TakeCoverAction,GravityFlip,1.00,82.8,0,0.63,0,0.820,0.750,82821312
39.11,Utility Enemy 5,Utility,TakeCoverAction,GravityFlip,1.00,28.8,0,0.63,0,0.820,0.750,82821312
39.11,Utility Enemy 2,Utility,TakeCoverAction,GravityFlip,1.00,69.7,0,0.63,0,0.820,0.750,82821312
39.11,Utility Enemy 7,Utility,TakeCoverAction,GravityFlip,1.00,77.6,0,0.63,0,0.820,0.750,82821312
39.11,Utility Enemy 11,Utility,TakeCoverAction,GravityFlip,1.00,56.7,0,0.63,0,0.820,0.750,82821312
39.11,Utility Enemy 14,Utility,TakeCoverAction,GravityFlip,1.00,98.4,0,0.63,0,0.820,0.750,82821312
40.12,Player,Player,-,GravityFlip,0.63,,0,0.63,,,,82821312
40.12,FSM Enemy 12,FSM,TakeCoverState,GravityFlip,1.00,102.8,0,0.63,0,,,82821312
40.12,FSM Enemy 5,FSM,Dead,GravityFlip,0.00,28.9,0,0.63,0,,,82821312
40.12,FSM Enemy 7,FSM,TakeCoverState,GravityFlip,1.00,76.4,0,0.63,0,,,82821312
40.12,FSM Enemy 4,FSM,TakeCoverState,GravityFlip,1.00,94.9,0,0.63,0,,,82821312
40.12,FSM Enemy 14,FSM,TakeCoverState,GravityFlip,1.00,68.6,0,0.63,0,,,82821312
40.12,FSM Enemy 6,FSM,TakeCoverState,GravityFlip,1.00,109.7,0,0.63,0,,,82821312
40.12,FSM Enemy 15,FSM,TakeCoverState,GravityFlip,1.00,73.3,0,0.63,0,,,82821312
40.12,FSM Enemy 1,FSM,Dead,GravityFlip,0.00,15.3,0,0.63,0,,,82821312
40.12,FSM Enemy 2,FSM,TakeCoverState,GravityFlip,1.00,67.7,0,0.63,0,,,82821312
40.12,FSM Enemy 8,FSM,TakeCoverState,GravityFlip,1.00,38.4,0,0.63,0,,,82821312
40.12,FSM Enemy 10,FSM,TakeCoverState,GravityFlip,1.00,51.0,0,0.63,0,,,82821312
40.12,FSM Enemy 3,FSM,TakeCoverState,GravityFlip,1.00,32.7,0,0.63,0,,,82821312
40.12,FSM Enemy 9,FSM,TakeCoverState,GravityFlip,1.00,68.5,0,0.63,0,,,82821312
40.12,FSM Enemy 11,FSM,TakeCoverState,GravityFlip,1.00,87.9,0,0.63,16,,,82821312
40.12,FSM Enemy 13,FSM,PatrolState,GravityFlip,1.00,50.4,0,0.63,16,,,82821312
40.12,Utility Enemy 3,Utility,TakeCoverAction,GravityFlip,1.00,63.2,0,0.63,0,0.820,0.750,82821312
40.12,Utility Enemy 9,Utility,TakeCoverAction,GravityFlip,1.00,83.9,0,0.63,0,0.820,0.750,82821312
40.12,Utility Enemy 10,Utility,TakeCoverAction,GravityFlip,1.00,115.4,0,0.63,0,0.820,0.750,82821312
40.12,Utility Enemy 4,Utility,TakeCoverAction,GravityFlip,1.00,24.1,0,0.63,0,0.820,0.750,82821312
40.12,Utility Enemy 13,Utility,TakeCoverAction,GravityFlip,1.00,62.7,0,0.63,0,0.820,0.750,82821312
40.12,Utility Enemy 8,Utility,Dead,GravityFlip,0.00,19.0,0,0.63,0,0.120,0.000,82821312
40.12,Utility Enemy 1,Utility,Dead,GravityFlip,0.00,2.3,0,0.63,24,1.290,0.820,82821312
40.12,Utility Enemy 6,Utility,TakeCoverAction,GravityFlip,1.00,67.9,0,0.63,0,0.820,0.750,82821312
40.12,Utility Enemy 15,Utility,TakeCoverAction,GravityFlip,1.00,23.0,0,0.63,0,0.820,0.750,82821312
40.12,Utility Enemy 12,Utility,TakeCoverAction,GravityFlip,1.00,79.5,0,0.63,0,0.820,0.750,82821312
40.12,Utility Enemy 5,Utility,TakeCoverAction,GravityFlip,1.00,25.7,0,0.63,0,0.820,0.750,82821312
40.12,Utility Enemy 2,Utility,TakeCoverAction,GravityFlip,1.00,65.1,0,0.63,0,0.820,0.750,82821312
40.12,Utility Enemy 7,Utility,TakeCoverAction,GravityFlip,1.00,73.8,0,0.63,0,0.820,0.750,82821312
40.12,Utility Enemy 11,Utility,TakeCoverAction,GravityFlip,1.00,56.8,0,0.63,0,0.820,0.750,82821312
40.12,Utility Enemy 14,Utility,TakeCoverAction,GravityFlip,1.00,95.3,0,0.63,0,0.820,0.750,82821312
41.12,Player,Player,-,GravityFlip,0.63,,0,0.63,,,,82821312
41.12,FSM Enemy 12,FSM,TakeCoverState,GravityFlip,1.00,97.2,0,0.63,0,,,82821312
41.12,FSM Enemy 5,FSM,Dead,GravityFlip,0.00,32.2,0,0.63,0,,,82821312
41.12,FSM Enemy 7,FSM,TakeCoverState,GravityFlip,1.00,75.1,0,0.63,0,,,82821312
41.12,FSM Enemy 4,FSM,TakeCoverState,GravityFlip,1.00,88.5,0,0.63,0,,,82821312
41.12,FSM Enemy 14,FSM,TakeCoverState,GravityFlip,1.00,61.5,0,0.63,0,,,82821312
41.12,FSM Enemy 6,FSM,TakeCoverState,GravityFlip,1.00,104.2,0,0.63,0,,,82821312
41.12,FSM Enemy 15,FSM,TakeCoverState,GravityFlip,1.00,71.9,0,0.63,0,,,82821312
41.12,FSM Enemy 1,FSM,Dead,GravityFlip,0.00,18.9,0,0.63,0,,,82821312
41.12,FSM Enemy 2,FSM,TakeCoverState,GravityFlip,1.00,60.6,0,0.63,0,,,82821312
41.12,FSM Enemy 8,FSM,TakeCoverState,GravityFlip,1.00,36.0,0,0.63,0,,,82821312
41.12,FSM Enemy 10,FSM,TakeCoverState,GravityFlip,1.00,44.2,0,0.63,0,,,82821312
41.12,FSM Enemy 3,FSM,TakeCoverState,GravityFlip,1.00,25.5,0,0.63,0,,,82821312
41.12,FSM Enemy 9,FSM,TakeCoverState,GravityFlip,1.00,63.7,0,0.63,0,,,82821312
41.12,FSM Enemy 11,FSM,TakeCoverState,GravityFlip,1.00,85.1,0,0.63,16,,,82821312
41.12,FSM Enemy 13,FSM,PatrolState,GravityFlip,1.00,48.8,0,0.63,16,,,82821312
41.12,Utility Enemy 3,Utility,TakeCoverAction,GravityFlip,1.00,57.0,0,0.63,0,0.820,0.750,82821312
41.12,Utility Enemy 9,Utility,TakeCoverAction,GravityFlip,1.00,77.4,0,0.63,0,0.820,0.750,82821312
41.12,Utility Enemy 10,Utility,TakeCoverAction,GravityFlip,1.00,110.0,0,0.63,0,0.820,0.750,82821312
41.12,Utility Enemy 4,Utility,TakeCoverAction,GravityFlip,1.00,27.9,0,0.63,0,0.820,0.750,82821312
41.12,Utility Enemy 13,Utility,TakeCoverAction,GravityFlip,1.00,55.0,0,0.63,0,0.820,0.750,82821312
41.12,Utility Enemy 8,Utility,Dead,GravityFlip,0.00,23.6,0,0.63,0,0.120,0.000,82821312
41.12,Utility Enemy 1,Utility,Dead,GravityFlip,0.00,9.1,0,0.63,24,1.290,0.820,82821312
41.12,Utility Enemy 6,Utility,TakeCoverAction,GravityFlip,1.00,61.1,0,0.63,0,0.820,0.750,82821312
41.12,Utility Enemy 15,Utility,TakeCoverAction,GravityFlip,1.00,17.8,0,0.63,0,0.820,0.750,82821312
41.12,Utility Enemy 12,Utility,TakeCoverAction,GravityFlip,1.00,73.6,0,0.63,0,0.820,0.750,82821312
41.12,Utility Enemy 5,Utility,TakeCoverAction,GravityFlip,1.00,20.5,0,0.63,0,0.820,0.750,82821312
41.12,Utility Enemy 2,Utility,TakeCoverAction,GravityFlip,1.00,57.9,0,0.63,0,0.820,0.750,82821312
41.12,Utility Enemy 7,Utility,TakeCoverAction,GravityFlip,1.00,67.2,0,0.63,0,0.820,0.750,82821312
41.12,Utility Enemy 11,Utility,TakeCoverAction,GravityFlip,1.00,55.7,0,0.63,0,0.820,0.750,82821312
41.12,Utility Enemy 14,Utility,TakeCoverAction,GravityFlip,1.00,89.5,0,0.63,0,0.820,0.750,82821312
42.12,Player,Player,-,None,0.57,,0,0.57,,,,82821312
42.12,FSM Enemy 12,FSM,PatrolState,None,1.00,89.9,0,0.57,0,,,82821312
42.12,FSM Enemy 5,FSM,Dead,None,0.00,34.5,0,0.57,0,,,82821312
42.12,FSM Enemy 7,FSM,PatrolState,None,1.00,72.7,0,0.57,0,,,82821312
42.12,FSM Enemy 4,FSM,PatrolState,None,1.00,80.5,0,0.57,0,,,82821312
42.12,FSM Enemy 14,FSM,PatrolState,None,1.00,54.6,0,0.57,0,,,82821312
42.12,FSM Enemy 6,FSM,PatrolState,None,1.00,96.9,0,0.57,0,,,82821312
42.12,FSM Enemy 15,FSM,PatrolState,None,1.00,67.6,0,0.57,0,,,82821312
42.12,FSM Enemy 1,FSM,Dead,None,0.00,22.5,0,0.57,0,,,82821312
42.12,FSM Enemy 2,FSM,PatrolState,None,1.00,52.9,0,0.57,0,,,82821312
42.12,FSM Enemy 8,FSM,PatrolState,None,1.00,31.6,0,0.57,0,,,82821312
42.12,FSM Enemy 10,FSM,PatrolState,None,1.00,37.6,0,0.57,0,,,82821312
42.12,FSM Enemy 3,FSM,PatrolState,None,1.00,18.3,0,0.57,0,,,82821312
42.12,FSM Enemy 9,FSM,PatrolState,None,1.00,58.3,0,0.57,0,,,82821312
42.12,FSM Enemy 11,FSM,PatrolState,None,1.00,81.2,0,0.57,16,,,82821312
42.12,FSM Enemy 13,FSM,PatrolState,None,1.00,45.8,0,0.57,16,,,82821312
42.12,Utility Enemy 3,Utility,PatrolAction,None,1.00,48.5,0,0.57,0,0.120,0.000,82821312
42.12,Utility Enemy 9,Utility,PatrolAction,None,1.00,68.7,0,0.57,0,0.120,0.000,82821312
42.12,Utility Enemy 10,Utility,PatrolAction,None,1.00,103.8,0,0.57,0,0.120,0.000,82821312
42.12,Utility Enemy 4,Utility,PatrolAction,None,1.00,29.9,0,0.57,0,0.120,0.000,82821312
42.12,Utility Enemy 13,Utility,PatrolAction,None,1.00,50.1,0,0.57,0,0.120,0.000,82821312
42.12,Utility Enemy 8,Utility,Dead,None,0.00,27.7,0,0.57,0,0.120,0.000,82821312
42.12,Utility Enemy 1,Utility,Dead,None,0.00,16.0,0,0.57,24,1.290,0.820,82821312
42.12,Utility Enemy 6,Utility,PatrolAction,None,1.00,53.8,0,0.57,0,0.120,0.000,82821312
42.12,Utility Enemy 15,Utility,AttackAction,None,0.25,10.4,1,0.57,8,0.396,0.282,82821312
42.12,Utility Enemy 12,Utility,PatrolAction,None,1.00,64.9,0,0.57,0,0.120,0.000,82821312
42.12,Utility Enemy 5,Utility,PatrolAction,None,1.00,12.9,0,0.57,0,0.120,0.000,82821312
42.12,Utility Enemy 2,Utility,PatrolAction,None,1.00,49.7,0,0.57,0,0.120,0.000,82821312
42.12,Utility Enemy 7,Utility,PatrolAction,None,1.00,61.3,0,0.57,0,0.120,0.000,82821312
42.12,Utility Enemy 11,Utility,PatrolAction,None,1.00,51.3,0,0.57,0,0.120,0.000,82821312
42.12,Utility Enemy 14,Utility,PatrolAction,None,1.00,81.6,0,0.57,0,0.120,0.000,82821312
43.13,Player,Player,-,None,0.52,,0,0.52,,,,82821312
43.13,FSM Enemy 12,FSM,PatrolState,None,1.00,82.1,0,0.52,0,,,82821312
43.13,FSM Enemy 5,FSM,Dead,None,0.00,36.2,0,0.52,0,,,82821312
43.13,FSM Enemy 7,FSM,PatrolState,None,1.00,69.6,0,0.52,0,,,82821312
43.13,FSM Enemy 4,FSM,PatrolState,None,1.00,72.4,0,0.52,0,,,82821312
43.13,FSM Enemy 14,FSM,PatrolState,None,1.00,48.9,0,0.52,0,,,82821312
43.13,FSM Enemy 6,FSM,PatrolState,None,1.00,88.9,0,0.52,0,,,82821312
43.13,FSM Enemy 15,FSM,PatrolState,None,1.00,60.9,0,0.52,0,,,82821312
43.13,FSM Enemy 1,FSM,Dead,None,0.00,26.0,0,0.52,0,,,82821312
43.13,FSM Enemy 2,FSM,PatrolState,None,1.00,46.1,0,0.52,0,,,82821312
43.13,FSM Enemy 8,FSM,PatrolState,None,1.00,27.7,0,0.52,0,,,82821312
43.13,FSM Enemy 10,FSM,PatrolState,None,1.00,32.6,0,0.52,0,,,82821312
43.13,FSM Enemy 3,FSM,PatrolState,None,1.00,15.8,0,0.52,0,,,82821312
43.13,FSM Enemy 9,FSM,PatrolState,None,1.00,53.4,0,0.52,0,,,82821312
43.13,FSM Enemy 11,FSM,PatrolState,None,1.00,76.0,0,0.52,16,,,82821312
43.13,FSM Enemy 13,FSM,PatrolState,None,1.00,42.2,0,0.52,16,,,82821312
43.13,Utility Enemy 3,Utility,PatrolAction,None,1.00,37.9,0,0.52,0,0.120,0.000,82821312
43.13,Utility Enemy 9,Utility,PatrolAction,None,1.00,57.8,0,0.52,0,0.120,0.000,82821312
43.13,Utility Enemy 10,Utility,PatrolAction,None,1.00,98.5,0,0.52,0,0.120,0.000,82821312
43.13,Utility Enemy 4,Utility,PatrolAction,None,1.00,28.7,0,0.52,0,0.120,0.000,82821312
43.13,Utility Enemy 13,Utility,PatrolAction,None,1.00,49.9,0,0.52,0,0.120,0.000,82821312
43.13,Utility Enemy 8,Utility,Dead,None,0.00,31.3,0,0.52,0,0.120,0.000,82821312
43.13,Utility Enemy 1,Utility,Dead,None,0.00,22.6,0,0.52,24,1.290,0.820,82821312
43.13,Utility Enemy 6,Utility,PatrolAction,None,1.00,47.5,0,0.52,0,0.120,0.000,82821312
43.13,Utility Enemy 15,Utility,Dead,None,0.00,5.5,1,0.52,8,0.396,0.282,82821312
43.13,Utility Enemy 12,Utility,PatrolAction,None,1.00,53.3,0,0.52,0,0.120,0.000,82821312
43.13,Utility Enemy 5,Utility,AttackAction,None,0.25,6.2,1,0.52,8,0.646,0.559,82821312
43.13,Utility Enemy 2,Utility,PatrolAction,None,1.00,40.1,0,0.52,0,0.120,0.000,82821312
43.13,Utility Enemy 7,Utility,PatrolAction,None,1.00,58.5,0,0.52,0,0.120,0.000,82821312
43.13,Utility Enemy 11,Utility,PatrolAction,None,1.00,43.1,0,0.52,0,0.120,0.000,82821312
43.13,Utility Enemy 14,Utility,PatrolAction,None,1.00,72.3,0,0.52,0,0.120,0.000,82821312
44.13,Player,Player,-,None,0.47,,0,0.47,,,,82821312
44.13,FSM Enemy 12,FSM,PatrolState,None,1.00,82.5,0,0.47,0,,,82821312
44.13,FSM Enemy 5,FSM,Dead,None,0.00,41.8,0,0.47,0,,,82821312
44.13,FSM Enemy 7,FSM,PatrolState,None,1.00,75.1,0,0.47,0,,,82821312
44.13,FSM Enemy 4,FSM,PatrolState,None,1.00,73.8,0,0.47,0,,,82821312
44.13,FSM Enemy 14,FSM,PatrolState,None,1.00,46.7,0,0.47,0,,,82821312
44.13,FSM Enemy 6,FSM,PatrolState,None,1.00,88.6,0,0.47,0,,,82821312
44.13,FSM Enemy 15,FSM,PatrolState,None,1.00,63.0,0,0.47,0,,,82821312
44.13,FSM Enemy 1,FSM,Dead,None,0.00,31.1,0,0.47,0,,,82821312
44.13,FSM Enemy 2,FSM,PatrolState,None,1.00,38.5,0,0.47,0,,,82821312
44.13,FSM Enemy 8,FSM,PatrolState,None,1.00,34.0,0,0.47,0,,,82821312
44.13,FSM Enemy 10,FSM,PatrolState,None,1.00,31.6,0,0.47,0,,,82821312
44.13,FSM Enemy 3,FSM,PatrolState,None,1.00,11.4,0,0.47,0,,,82821312
44.13,FSM Enemy 9,FSM,PatrolState,None,1.00,53.5,0,0.47,0,,,82821312
44.13,FSM Enemy 11,FSM,PatrolState,None,1.00,79.6,0,0.47,16,,,82821312
44.13,FSM Enemy 13,FSM,PatrolState,None,1.00,48.0,0,0.47,16,,,82821312
44.13,Utility Enemy 3,Utility,PatrolAction,None,1.00,33.0,0,0.47,0,0.120,0.000,82821312
44.13,Utility Enemy 9,Utility,PatrolAction,None,1.00,53.5,0,0.47,0,0.120,0.000,82821312
44.13,Utility Enemy 10,Utility,PatrolAction,None,1.00,99.6,0,0.47,0,0.120,0.000,82821312
44.13,Utility Enemy 4,Utility,PatrolAction,None,1.00,31.6,0,0.47,0,0.120,0.000,82821312
44.13,Utility Enemy 13,Utility,PatrolAction,None,1.00,45.4,0,0.47,0,0.120,0.000,82821312
44.13,Utility Enemy 8,Utility,Dead,None,0.00,36.4,0,0.47,0,0.120,0.000,82821312
44.13,Utility Enemy 1,Utility,Dead,None,0.00,26.0,0,0.47,24,1.290,0.820,82821312
44.13,Utility Enemy 6,Utility,PatrolAction,None,1.00,43.6,0,0.47,0,0.120,0.000,82821312
44.13,Utility Enemy 15,Utility,Dead,None,0.00,11.0,1,0.47,8,0.396,0.282,82821312
44.13,Utility Enemy 12,Utility,PatrolAction,None,1.00,50.5,0,0.47,0,0.120,0.000,82821312
44.13,Utility Enemy 5,Utility,TakeCoverAction,None,0.25,11.5,1,0.47,16,0.415,0.379,82821312
44.13,Utility Enemy 2,Utility,PatrolAction,None,1.00,33.3,0,0.47,0,0.120,0.000,82821312
44.13,Utility Enemy 7,Utility,PatrolAction,None,1.00,60.3,0,0.47,0,0.120,0.000,82821312
44.13,Utility Enemy 11,Utility,PatrolAction,None,1.00,44.7,0,0.47,0,0.120,0.000,82821312
44.13,Utility Enemy 14,Utility,PatrolAction,None,1.00,72.3,0,0.47,0,0.120,0.000,82821312
45.13,Player,Player,-,None,0.41,,0,0.41,,,,82821312
45.13,FSM Enemy 12,FSM,PatrolState,None,1.00,86.1,0,0.41,0,,,82821312
45.13,FSM Enemy 5,FSM,Dead,None,0.00,45.2,0,0.41,0,,,82821312
45.13,FSM Enemy 7,FSM,PatrolState,None,1.00,80.7,0,0.41,0,,,82821312
45.13,FSM Enemy 4,FSM,PatrolState,None,1.00,77.7,0,0.41,0,,,82821312
45.13,FSM Enemy 14,FSM,PatrolState,None,1.00,47.7,0,0.41,0,,,82821312
45.13,FSM Enemy 6,FSM,PatrolState,None,1.00,90.8,0,0.41,0,,,82821312
45.13,FSM Enemy 15,FSM,PatrolState,None,1.00,65.0,0,0.41,0,,,82821312
45.13,FSM Enemy 1,FSM,Dead,None,0.00,33.9,0,0.41,0,,,82821312
45.13,FSM Enemy 2,FSM,PatrolState,None,1.00,33.8,0,0.41,0,,,82821312
45.13,FSM Enemy 8,FSM,PatrolState,None,1.00,40.2,0,0.41,0,,,82821312
45.13,FSM Enemy 10,FSM,PatrolState,None,1.00,33.4,0,0.41,0,,,82821312
45.13,FSM Enemy 3,FSM,Dead,None,0.00,7.7,1,0.41,8,,,82821312
45.13,FSM Enemy 9,FSM,PatrolState,None,1.00,54.1,0,0.41,0,,,82821312
45.13,FSM Enemy 11,FSM,PatrolState,None,1.00,83.9,0,0.41,16,,,82821312
45.13,FSM Enemy 13,FSM,PatrolState,None,1.00,53.7,0,0.41,16,,,82821312
45.13,Utility Enemy 3,Utility,PatrolAction,None,1.00,31.3,0,0.41,0,0.120,0.000,82821312
45.13,Utility Enemy 9,Utility,PatrolAction,None,1.00,55.3,0,0.41,0,0.120,0.000,82821312
45.13,Utility Enemy 10,Utility,PatrolAction,None,1.00,98.2,0,0.41,0,0.120,0.000,82821312
45.13,Utility Enemy 4,Utility,PatrolAction,None,1.00,33.8,0,0.41,0,0.120,0.000,82821312
45.13,Utility Enemy 13,Utility,PatrolAction,None,1.00,41.1,0,0.41,0,0.120,0.000,82821312
45.13,Utility Enemy 8,Utility,Dead,None,0.00,39.2,0,0.41,0,0.120,0.000,82821312
45.13,Utility Enemy 1,Utility,Dead,None,0.00,27.3,0,0.41,24,1.290,0.820,82821312
45.13,Utility Enemy 6,Utility,PatrolAction,None,1.00,42.7,0,0.41,0,0.120,0.000,82821312
45.13,Utility Enemy 15,Utility,Dead,None,0.00,15.0,1,0.41,8,0.396,0.282,82821312
45.13,Utility Enemy 12,Utility,PatrolAction,None,1.00,51.4,0,0.41,0,0.120,0.000,82821312
45.13,Utility Enemy 5,Utility,TakeCoverAction,None,0.25,16.3,1,0.41,16,0.266,0.166,82821312
45.13,Utility Enemy 2,Utility,PatrolAction,None,1.00,31.7,0,0.41,0,0.120,0.000,82821312
45.13,Utility Enemy 7,Utility,PatrolAction,None,1.00,60.0,0,0.41,0,0.120,0.000,82821312
45.13,Utility Enemy 11,Utility,PatrolAction,None,1.00,47.4,0,0.41,0,0.120,0.000,82821312
45.13,Utility Enemy 14,Utility,PatrolAction,None,1.00,74.5,0,0.41,0,0.120,0.000,82821312
46.14,Player,Player,-,None,0.41,,0,0.41,,,,82821312
46.14,FSM Enemy 12,FSM,PatrolState,None,1.00,89.5,0,0.41,0,,,82821312
46.14,FSM Enemy 5,FSM,Dead,None,0.00,51.4,0,0.41,0,,,82821312
46.14,FSM Enemy 7,FSM,PatrolState,None,1.00,85.8,0,0.41,0,,,82821312
46.14,FSM Enemy 4,FSM,PatrolState,None,1.00,76.7,0,0.41,0,,,82821312
46.14,FSM Enemy 14,FSM,PatrolState,None,1.00,46.6,0,0.41,0,,,82821312
46.14,FSM Enemy 6,FSM,PatrolState,None,1.00,92.8,0,0.41,0,,,82821312
46.14,FSM Enemy 15,FSM,PatrolState,None,1.00,68.2,0,0.41,0,,,82821312
46.14,FSM Enemy 1,FSM,Dead,None,0.00,39.8,0,0.41,0,,,82821312
46.14,FSM Enemy 2,FSM,PatrolState,None,1.00,26.6,0,0.41,0,,,82821312
46.14,FSM Enemy 8,FSM,PatrolState,None,1.00,45.5,0,0.41,0,,,82821312
46.14,FSM Enemy 10,FSM,PatrolState,None,1.00,33.5,0,0.41,0,,,82821312
46.14,FSM Enemy 3,FSM,Dead,None,0.00,3.9,1,0.41,8,,,82821312
46.14,FSM Enemy 9,FSM,PatrolState,None,1.00,54.9,0,0.41,0,,,82821312
46.14,FSM Enemy 11,FSM,PatrolState,None,1.00,89.5,0,0.41,16,,,82821312
46.14,FSM Enemy 13,FSM,PatrolState,None,1.00,61.1,0,0.41,16,,,82821312
46.14,Utility Enemy 3,Utility,PatrolAction,None,1.00,28.1,0,0.41,0,0.120,0.000,82821312
46.14,Utility Enemy 9,Utility,PatrolAction,None,1.00,53.0,0,0.41,0,0.120,0.000,82821312
46.14,Utility Enemy 10,Utility,PatrolAction,None,1.00,97.7,0,0.41,0,0.120,0.000,82821312
46.14,Utility Enemy 4,Utility,PatrolAction,None,1.00,39.5,0,0.41,0,0.120,0.000,82821312
46.14,Utility Enemy 13,Utility,PatrolAction,None,1.00,39.5,0,0.41,0,0.120,0.000,82821312
46.14,Utility Enemy 8,Utility,Dead,None,0.00,45.0,0,0.41,0,0.120,0.000,82821312
46.14,Utility Enemy 1,Utility,Dead,None,0.00,32.0,0,0.41,24,1.290,0.820,82821312
46.14,Utility Enemy 6,Utility,PatrolAction,None,1.00,43.4,0,0.41,0,0.120,0.000,82821312
46.14,Utility Enemy 15,Utility,Dead,None,0.00,21.4,0,0.41,8,0.396,0.282,82821312
46.14,Utility Enemy 12,Utility,PatrolAction,None,1.00,55.2,0,0.41,0,0.120,0.000,82821312
46.14,Utility Enemy 5,Utility,ChaseAction,None,0.25,22.5,0,0.41,16,0.490,0.400,82821312
46.14,Utility Enemy 2,Utility,PatrolAction,None,1.00,33.3,0,0.41,0,0.120,0.000,82821312
46.14,Utility Enemy 7,Utility,PatrolAction,None,1.00,57.5,0,0.41,0,0.120,0.000,82821312
46.14,Utility Enemy 11,Utility,PatrolAction,None,1.00,55.2,0,0.41,0,0.120,0.000,82821312
46.14,Utility Enemy 14,Utility,PatrolAction,None,1.00,73.8,0,0.41,0,0.120,0.000,82821312
47.14,Player,Player,-,None,0.41,,0,0.41,,,,82821312
47.14,FSM Enemy 12,FSM,PatrolState,None,1.00,90.9,0,0.41,0,,,82821312
47.14,FSM Enemy 5,FSM,PatrolState,None,1.00,55.7,0,0.41,0,,,82821312
47.14,FSM Enemy 7,FSM,PatrolState,None,1.00,92.1,0,0.41,0,,,82821312
47.14,FSM Enemy 4,FSM,PatrolState,None,1.00,72.3,0,0.41,0,,,82821312
47.14,FSM Enemy 14,FSM,PatrolState,None,1.00,42.7,0,0.41,0,,,82821312
47.14,FSM Enemy 6,FSM,PatrolState,None,1.00,92.9,0,0.41,0,,,82821312
47.14,FSM Enemy 15,FSM,PatrolState,None,1.00,69.9,0,0.41,0,,,82821312
47.14,FSM Enemy 1,FSM,Dead,None,0.00,47.2,0,0.41,0,,,82821312
47.14,FSM Enemy 2,FSM,PatrolState,None,1.00,19.6,0,0.41,0,,,82821312
47.14,FSM Enemy 8,FSM,PatrolState,None,1.00,48.1,0,0.41,0,,,82821312
47.14,FSM Enemy 10,FSM,PatrolState,None,1.00,30.9,0,0.41,0,,,82821312
47.14,FSM Enemy 3,FSM,Dead,None,0.00,6.5,0,0.41,8,,,82821312
47.14,FSM Enemy 9,FSM,PatrolState,None,1.00,54.0,0,0.41,0,,,82821312
47.14,FSM Enemy 11,FSM,PatrolState,None,1.00,94.1,0,0.41,16,,,82821312
47.14,FSM Enemy 13,FSM,PatrolState,None,1.00,68.2,0,0.41,16,,,82821312
47.14,Utility Enemy 3,Utility,PatrolAction,None,1.00,30.5,0,0.41,0,0.120,0.000,82821312
47.14,Utility Enemy 9,Utility,PatrolAction,None,1.00,49.3,0,0.41,0,0.120,0.000,82821312
47.14,Utility Enemy 10,Utility,PatrolAction,None,1.00,99.7,0,0.41,0,0.120,0.000,82821312
47.14,Utility Enemy 4,Utility,PatrolAction,None,1.00,49.1,0,0.41,0,0.120,0.000,82821312
47.14,Utility Enemy 13,Utility,PatrolAction,None,1.00,35.6,0,0.41,0,0.120,0.000,82821312
47.14,Utility Enemy 8,Utility,Dead,None,0.00,52.5,0,0.41,0,0.120,0.000,82821312
47.14,Utility Enemy 1,Utility,Dead,None,0.00,39.3,0,0.41,24,1.290,0.820,82821312
47.14,Utility Enemy 6,Utility,PatrolAction,None,1.00,45.9,0,0.41,0,0.120,0.000,82821312
47.14,Utility Enemy 15,Utility,Dead,None,0.00,28.0,0,0.41,8,0.396,0.282,82821312
47.14,Utility Enemy 12,Utility,PatrolAction,None,1.00,59.1,0,0.41,0,0.120,0.000,82821312
47.14,Utility Enemy 5,Utility,ChaseAction,None,0.25,25.3,0,0.41,16,0.490,0.400,82821312
47.14,Utility Enemy 2,Utility,PatrolAction,None,1.00,34.9,0,0.41,0,0.120,0.000,82821312
47.14,Utility Enemy 7,Utility,PatrolAction,None,1.00,50.2,0,0.41,0,0.120,0.000,82821312
47.14,Utility Enemy 11,Utility,PatrolAction,None,1.00,64.0,0,0.41,0,0.120,0.000,82821312
47.14,Utility Enemy 14,Utility,PatrolAction,None,1.00,72.9,0,0.41,0,0.120,0.000,82821312
48.14,Player,Player,-,None,0.41,,0,0.41,,,,82821312
48.14,FSM Enemy 12,FSM,PatrolState,None,1.00,92.9,0,0.41,0,,,82821312
48.14,FSM Enemy 5,FSM,PatrolState,None,1.00,54.5,0,0.41,0,,,82821312
48.14,FSM Enemy 7,FSM,PatrolState,None,1.00,98.6,0,0.41,0,,,82821312
48.14,FSM Enemy 4,FSM,PatrolState,None,1.00,69.9,0,0.41,0,,,82821312
48.14,FSM Enemy 14,FSM,PatrolState,None,1.00,38.9,0,0.41,0,,,82821312
48.14,FSM Enemy 6,FSM,PatrolState,None,1.00,94.2,0,0.41,0,,,82821312
48.14,FSM Enemy 15,FSM,PatrolState,None,1.00,74.8,0,0.41,0,,,82821312
48.14,FSM Enemy 1,FSM,Dead,None,0.00,54.7,0,0.41,0,,,82821312
48.14,FSM Enemy 2,FSM,Dead,None,0.00,15.1,0,0.41,0,,,82821312
48.14,FSM Enemy 8,FSM,PatrolState,None,1.00,51.1,0,0.41,0,,,82821312
48.14,FSM Enemy 10,FSM,PatrolState,None,1.00,28.2,0,0.41,0,,,82821312
48.14,FSM Enemy 3,FSM,Dead,None,0.00,13.4,0,0.41,8,,,82821312
48.14,FSM Enemy 9,FSM,PatrolState,None,1.00,54.0,0,0.41,0,,,82821312
48.14,FSM Enemy 11,FSM,PatrolState,None,1.00,99.3,0,0.41,16,,,82821312
48.14,FSM Enemy 13,FSM,PatrolState,None,1.00,75.9,0,0.41,16,,,82821312
48.14,Utility Enemy 3,Utility,PatrolAction,None,1.00,36.4,0,0.41,0,0.120,0.000,82821312
48.14,Utility Enemy 9,Utility,PatrolAction,None,1.00,45.4,0,0.41,0,0.120,0.000,82821312
48.14,Utility Enemy 10,Utility,PatrolAction,None,1.00,100.5,0,0.41,0,0.120,0.000,82821312
48.14,Utility Enemy 4,Utility,PatrolAction,None,1.00,59.4,0,0.41,0,0.120,0.000,82821312
48.14,Utility Enemy 13,Utility,PatrolAction,None,1.00,29.5,0,0.41,0,0.120,0.000,82821312
48.14,Utility Enemy 8,Utility,Dead,None,0.00,60.0,0,0.41,0,0.120,0.000,82821312
48.14,Utility Enemy 1,Utility,Dead,None,0.00,46.7,0,0.41,24,1.290,0.820,82821312
48.14,Utility Enemy 6,Utility,PatrolAction,None,1.00,51.0,0,0.41,0,0.120,0.000,82821312
48.14,Utility Enemy 15,Utility,Dead,None,0.00,35.0,0,0.41,8,0.396,0.282,82821312
48.14,Utility Enemy 12,Utility,PatrolAction,None,1.00,60.9,0,0.41,0,0.120,0.000,82821312
48.14,Utility Enemy 5,Utility,ChaseAction,None,0.25,28.0,0,0.41,16,0.490,0.400,82821312
48.14,Utility Enemy 2,Utility,PatrolAction,None,1.00,37.5,0,0.41,0,0.120,0.000,82821312
48.14,Utility Enemy 7,Utility,PatrolAction,None,1.00,44.3,0,0.41,0,0.120,0.000,82821312
48.14,Utility Enemy 11,Utility,PatrolAction,None,1.00,73.0,0,0.41,0,0.120,0.000,82821312
48.14,Utility Enemy 14,Utility,PatrolAction,None,1.00,69.7,0,0.41,0,0.120,0.000,82821312
49.15,Player,Player,-,None,0.41,,0,0.41,,,,82821312
49.15,FSM Enemy 12,FSM,PatrolState,None,1.00,93.1,0,0.41,0,,,82821312
49.15,FSM Enemy 5,FSM,PatrolState,None,1.00,53.9,0,0.41,0,,,82821312
49.15,FSM Enemy 7,FSM,PatrolState,None,1.00,104.4,0,0.41,0,,,82821312
49.15,FSM Enemy 4,FSM,PatrolState,None,1.00,66.9,0,0.41,0,,,82821312
49.15,FSM Enemy 14,FSM,PatrolState,None,1.00,36.9,0,0.41,0,,,82821312
49.15,FSM Enemy 6,FSM,PatrolState,None,1.00,95.5,0,0.41,0,,,82821312
49.15,FSM Enemy 15,FSM,PatrolState,None,1.00,80.3,0,0.41,0,,,82821312
49.15,FSM Enemy 1,FSM,Dead,None,0.00,61.9,0,0.41,0,,,82821312
49.15,FSM Enemy 2,FSM,Dead,None,0.00,9.6,0,0.41,0,,,82821312
49.15,FSM Enemy 8,FSM,PatrolState,None,1.00,54.2,0,0.41,0,,,82821312
49.15,FSM Enemy 10,FSM,PatrolState,None,1.00,26.3,0,0.41,0,,,82821312
49.15,FSM Enemy 3,FSM,Dead,None,0.00,20.4,0,0.41,8,,,82821312
49.15,FSM Enemy 9,FSM,PatrolState,None,1.00,53.9,0,0.41,0,,,82821312
49.15,FSM Enemy 11,FSM,PatrolState,None,1.00,102.2,0,0.41,16,,,82821312
49.15,FSM Enemy 13,FSM,PatrolState,None,1.00,83.2,0,0.41,16,,,82821312
49.15,Utility Enemy 3,Utility,PatrolAction,None,1.00,39.1,0,0.41,0,0.120,0.000,82821312
49.15,Utility Enemy 9,Utility,PatrolAction,None,1.00,42.4,0,0.41,0,0.120,0.000,82821312
49.15,Utility Enemy 10,Utility,PatrolAction,None,1.00,99.5,0,0.41,0,0.120,0.000,82821312
49.15,Utility Enemy 4,Utility,PatrolAction,None,1.00,67.8,0,0.41,0,0.120,0.000,82821312
49.15,Utility Enemy 13,Utility,PatrolAction,None,1.00,22.4,0,0.41,0,0.120,0.000,82821312
49.15,Utility Enemy 8,Utility,PatrolAction,None,1.00,58.9,0,0.41,0,0.120,0.000,82821312
49.15,Utility Enemy 1,Utility,Dead,None,0.00,54.1,0,0.41,24,1.290,0.820,82821312
49.15,Utility Enemy 6,Utility,PatrolAction,None,1.00,55.6,0,0.41,0,0.120,0.000,82821312
49.15,Utility Enemy 15,Utility,Dead,None,0.00,41.7,0,0.41,8,0.396,0.282,82821312
49.15,Utility Enemy 12,Utility,PatrolAction,None,1.00,61.1,0,0.41,0,0.120,0.000,82821312
49.15,Utility Enemy 5,Utility,ChaseAction,None,0.25,30.8,0,0.41,16,0.490,0.400,82821312
49.15,Utility Enemy 2,Utility,PatrolAction,None,1.00,38.7,0,0.41,0,0.120,0.000,82821312
49.15,Utility Enemy 7,Utility,PatrolAction,None,1.00,42.3,0,0.41,0,0.120,0.000,82821312
49.15,Utility Enemy 11,Utility,PatrolAction,None,1.00,74.4,0,0.41,0,0.120,0.000,82821312
49.15,Utility Enemy 14,Utility,PatrolAction,None,1.00,65.7,0,0.41,0,0.120,0.000,82821312
50.15,Player,Player,-,None,0.41,,0,0.41,,,,82821312
50.15,FSM Enemy 12,FSM,PatrolState,None,1.00,92.1,0,0.41,0,,,82821312
50.15,FSM Enemy 5,FSM,PatrolState,None,1.00,53.8,0,0.41,0,,,82821312
50.15,FSM Enemy 7,FSM,PatrolState,None,1.00,109.2,0,0.41,0,,,82821312
50.15,FSM Enemy 4,FSM,PatrolState,None,1.00,61.6,0,0.41,0,,,82821312
50.15,FSM Enemy 14,FSM,PatrolState,None,1.00,35.2,0,0.41,0,,,82821312
50.15,FSM Enemy 6,FSM,PatrolState,None,1.00,96.5,0,0.41,0,,,82821312
50.15,FSM Enemy 15,FSM,PatrolState,None,1.00,84.4,0,0.41,0,,,82821312
50.15,FSM Enemy 1,FSM,PatrolState,None,1.00,56.6,0,0.41,0,,,82821312
50.15,FSM Enemy 2,FSM,Dead,None,0.00,6.8,0,0.41,0,,,82821312
50.15,FSM Enemy 8,FSM,PatrolState,None,1.00,57.3,0,0.41,0,,,82821312
50.15,FSM Enemy 10,FSM,PatrolState,None,1.00,26.7,0,0.41,0,,,82821312
50.15,FSM Enemy 3,FSM,Dead,None,0.00,27.1,0,0.41,8,,,82821312
50.15,FSM Enemy 9,FSM,PatrolState,None,1.00,57.2,0,0.41,0,,,82821312
50.15,FSM Enemy 11,FSM,PatrolState,None,1.00,104.2,0,0.41,16,,,82821312
50.15,FSM Enemy 13,FSM,PatrolState,None,1.00,90.1,0,0.41,16,,,82821312
50.15,Utility Enemy 3,Utility,PatrolAction,None,1.00,40.0,0,0.41,0,0.120,0.000,82821312
50.15,Utility Enemy 9,Utility,PatrolAction,None,1.00,40.8,0,0.41,0,0.120,0.000,82821312
50.15,Utility Enemy 10,Utility,PatrolAction,None,1.00,93.5,0,0.41,0,0.120,0.000,82821312
50.15,Utility Enemy 4,Utility,PatrolAction,None,1.00,72.3,0,0.41,0,0.120,0.000,82821312
50.15,Utility Enemy 13,Utility,PatrolAction,None,1.00,15.7,0,0.41,0,0.120,0.000,82821312
50.15,Utility Enemy 8,Utility,PatrolAction,None,1.00,65.8,0,0.41,0,0.120,0.000,82821312
50.15,Utility Enemy 1,Utility,Dead,None,0.00,61.2,0,0.41,24,1.290,0.820,82821312
50.15,Utility Enemy 6,Utility,PatrolAction,None,1.00,57.3,0,0.41,0,0.120,0.000,82821312
50.15,Utility Enemy 15,Utility,Dead,None,0.00,47.9,0,0.41,8,0.396,0.282,82821312
50.15,Utility Enemy 12,Utility,PatrolAction,None,1.00,62.4,0,0.41,0,0.120,0.000,82821312
50.15,Utility Enemy 5,Utility,PatrolAction,None,0.25,33.8,0,0.41,16,0.120,0.000,82821312
50.15,Utility Enemy 2,Utility,PatrolAction,None,1.00,38.0,0,0.41,0,0.120,0.000,82821312
50.15,Utility Enemy 7,Utility,PatrolAction,None,1.00,42.9,0,0.41,0,0.120,0.000,82821312
50.15,Utility Enemy 11,Utility,PatrolAction,None,1.00,73.8,0,0.41,0,0.120,0.000,82821312
50.15,Utility Enemy 14,Utility,PatrolAction,None,1.00,61.4,0,0.41,0,0.120,0.000,82821312
51.15,Player,Player,-,None,0.41,,0,0.41,,,,82821312
51.15,FSM Enemy 12,FSM,PatrolState,None,1.00,89.2,0,0.41,0,,,82821312
51.15,FSM Enemy 5,FSM,PatrolState,None,1.00,52.6,0,0.41,0,,,82821312
51.15,FSM Enemy 7,FSM,PatrolState,None,1.00,110.9,0,0.41,0,,,82821312
51.15,FSM Enemy 4,FSM,PatrolState,None,1.00,55.7,0,0.41,0,,,82821312
51.15,FSM Enemy 14,FSM,PatrolState,None,1.00,33.2,0,0.41,0,,,82821312
51.15,FSM Enemy 6,FSM,PatrolState,None,1.00,95.4,0,0.41,0,,,82821312
51.15,FSM Enemy 15,FSM,PatrolState,None,1.00,86.2,0,0.41,0,,,82821312
51.15,FSM Enemy 1,FSM,PatrolState,None,1.00,63.1,0,0.41,0,,,82821312
51.15,FSM Enemy 2,FSM,Dead,None,0.00,7.1,1,0.41,0,,,82821312
51.15,FSM Enemy 8,FSM,PatrolState,None,1.00,58.1,0,0.41,0,,,82821312
51.15,FSM Enemy 10,FSM,PatrolState,None,1.00,27.1,0,0.41,0,,,82821312
51.15,FSM Enemy 3,FSM,Dead,None,0.00,31.4,0,0.41,8,,,82821312
51.15,FSM Enemy 9,FSM,PatrolState,None,1.00,59.2,0,0.41,0,,,82821312
51.15,FSM Enemy 11,FSM,PatrolState,None,1.00,103.8,0,0.41,16,,,82821312
51.15,FSM Enemy 13,FSM,PatrolState,None,1.00,94.2,0,0.41,16,,,82821312
51.15,Utility Enemy 3,Utility,PatrolAction,None,1.00,36.2,0,0.41,0,0.120,0.000,82821312
51.15,Utility Enemy 9,Utility,PatrolAction,None,1.00,39.3,0,0.41,0,0.120,0.000,82821312
51.15,Utility Enemy 10,Utility,PatrolAction,None,1.00,87.3,0,0.41,0,0.120,0.000,82821312
51.15,Utility Enemy 4,Utility,PatrolAction,None,1.00,72.9,0,0.41,0,0.120,0.000,82821312
51.15,Utility Enemy 13,Utility,PatrolAction,None,1.00,11.9,0,0.41,0,0.120,0.000,82821312
51.15,Utility Enemy 8,Utility,PatrolAction,None,1.00,68.6,0,0.41,0,0.120,0.000,82821312
51.15,Utility Enemy 1,Utility,Dead,None,0.00,65.9,0,0.41,24,1.290,0.820,82821312
51.15,Utility Enemy 6,Utility,PatrolAction,None,1.00,56.3,0,0.41,0,0.120,0.000,82821312
51.15,Utility Enemy 15,Utility,Dead,None,0.00,51.4,0,0.41,8,0.396,0.282,82821312
51.15,Utility Enemy 12,Utility,PatrolAction,None,1.00,59.2,0,0.41,0,0.120,0.000,82821312
51.15,Utility Enemy 5,Utility,PatrolAction,None,0.25,34.8,0,0.41,16,0.120,0.000,82821312
51.15,Utility Enemy 2,Utility,PatrolAction,None,1.00,37.6,0,0.41,0,0.120,0.000,82821312
51.15,Utility Enemy 7,Utility,PatrolAction,None,1.00,42.7,0,0.41,0,0.120,0.000,82821312
51.15,Utility Enemy 11,Utility,PatrolAction,None,1.00,71.1,0,0.41,0,0.120,0.000,82821312
51.15,Utility Enemy 14,Utility,PatrolAction,None,1.00,56.3,0,0.41,0,0.120,0.000,82821312
52.16,Player,Player,-,None,0.41,,0,0.41,,,,82821312
52.16,FSM Enemy 12,FSM,PatrolState,None,1.00,84.1,0,0.41,0,,,82821312
52.16,FSM Enemy 5,FSM,PatrolState,None,1.00,52.4,0,0.41,0,,,82821312
52.16,FSM Enemy 7,FSM,PatrolState,None,1.00,112.5,0,0.41,0,,,82821312
52.16,FSM Enemy 4,FSM,PatrolState,None,1.00,51.9,0,0.41,0,,,82821312
52.16,FSM Enemy 14,FSM,PatrolState,None,1.00,26.8,0,0.41,0,,,82821312
52.16,FSM Enemy 6,FSM,PatrolState,None,1.00,91.2,0,0.41,0,,,82821312
52.16,FSM Enemy 15,FSM,PatrolState,None,1.00,89.0,0,0.41,0,,,82821312
52.16,FSM Enemy 1,FSM,PatrolState,None,1.00,70.8,0,0.41,0,,,82821312
52.16,FSM Enemy 2,FSM,Dead,None,0.00,11.7,1,0.41,0,,,82821312
52.16,FSM Enemy 8,FSM,PatrolState,None,1.00,61.4,0,0.41,0,,,82821312
52.16,FSM Enemy 10,FSM,PatrolState,None,1.00,29.8,0,0.41,0,,,82821312
52.16,FSM Enemy 3,FSM,Dead,None,0.00,36.9,0,0.41,8,,,82821312
52.16,FSM Enemy 9,FSM,PatrolState,None,1.00,61.5,0,0.41,0,,,82821312
52.16,FSM Enemy 11,FSM,PatrolState,None,1.00,104.1,0,0.41,16,,,82821312
52.16,FSM Enemy 13,FSM,PatrolState,None,1.00,99.0,0,0.41,16,,,82821312
52.16,Utility Enemy 3,Utility,PatrolAction,None,1.00,33.8,0,0.41,0,0.120,0.000,82821312
52.16,Utility Enemy 9,Utility,PatrolAction,None,1.00,41.6,0,0.41,0,0.120,0.000,82821312
52.16,Utility Enemy 10,Utility,PatrolAction,None,1.00,82.8,0,0.41,0,0.120,0.000,82821312
52.16,Utility Enemy 4,Utility,PatrolAction,None,1.00,75.9,0,0.41,0,0.120,0.000,82821312
52.16,Utility Enemy 13,Utility,PatrolAction,None,1.00,6.2,0,0.41,0,0.120,0.000,82821312
52.16,Utility Enemy 8,Utility,PatrolAction,None,1.00,70.0,0,0.41,0,0.120,0.000,82821312
52.16,Utility Enemy 1,Utility,Dead,None,0.00,71.7,0,0.41,24,1.290,0.820,82821312
52.16,Utility Enemy 6,Utility,PatrolAction,None,1.00,56.8,0,0.41,0,0.120,0.000,82821312
52.16,Utility Enemy 15,Utility,Dead,None,0.00,56.0,0,0.41,8,0.396,0.282,82821312
52.16,Utility Enemy 12,Utility,PatrolAction,None,1.00,55.5,0,0.41,0,0.120,0.000,82821312
52.16,Utility Enemy 5,Utility,PatrolAction,None,0.25,40.2,0,0.41,16,0.120,0.000,82821312
52.16,Utility Enemy 2,Utility,PatrolAction,None,1.00,39.5,0,0.41,0,0.120,0.000,82821312
52.16,Utility Enemy 7,Utility,PatrolAction,None,1.00,45.2,0,0.41,0,0.120,0.000,82821312
52.16,Utility Enemy 11,Utility,PatrolAction,None,1.00,75.4,0,0.41,0,0.120,0.000,82821312
52.16,Utility Enemy 14,Utility,PatrolAction,None,1.00,54.0,0,0.41,0,0.120,0.000,82821312
53.16,Player,Player,-,None,0.41,,0,0.41,,,,82821312
53.16,FSM Enemy 12,FSM,PatrolState,None,1.00,77.4,0,0.41,0,,,82821312
53.16,FSM Enemy 5,FSM,PatrolState,None,1.00,51.0,0,0.41,0,,,82821312
53.16,FSM Enemy 7,FSM,PatrolState,None,1.00,112.1,0,0.41,0,,,82821312
53.16,FSM Enemy 4,FSM,PatrolState,None,1.00,46.2,0,0.41,0,,,82821312
53.16,FSM Enemy 14,FSM,PatrolState,None,1.00,19.4,0,0.41,0,,,82821312
53.16,FSM Enemy 6,FSM,PatrolState,None,1.00,84.8,0,0.41,0,,,82821312
53.16,FSM Enemy 15,FSM,PatrolState,None,1.00,90.0,0,0.41,0,,,82821312
53.16,FSM Enemy 1,FSM,PatrolState,None,1.00,77.1,0,0.41,0,,,82821312
53.16,FSM Enemy 2,FSM,Dead,None,0.00,16.6,0,0.41,0,,,82821312
53.16,FSM Enemy 8,FSM,PatrolState,None,1.00,63.1,0,0.41,0,,,82821312
53.16,FSM Enemy 10,FSM,PatrolState,None,1.00,31.8,0,0.41,0,,,82821312
53.16,FSM Enemy 3,FSM,Dead,None,0.00,41.3,0,0.41,8,,,82821312
53.16,FSM Enemy 9,FSM,PatrolState,None,1.00,61.7,0,0.41,0,,,82821312
53.16,FSM Enemy 11,FSM,PatrolState,None,1.00,104.7,0,0.41,16,,,82821312
53.16,FSM Enemy 13,FSM,PatrolState,None,1.00,101.4,0,0.41,16,,,82821312
53.16,Utility Enemy 3,Utility,PatrolAction,None,1.00,35.4,0,0.41,0,0.120,0.000,82821312
53.16,Utility Enemy 9,Utility,PatrolAction,None,1.00,41.9,0,0.41,0,0.120,0.000,82821312
53.16,Utility Enemy 10,Utility,PatrolAction,None,1.00,76.7,0,0.41,0,0.120,0.000,82821312
53.16,Utility Enemy 4,Utility,PatrolAction,None,1.00,78.3,0,0.41,0,0.120,0.000,82821312
53.16,Utility Enemy 13,Utility,PatrolAction,None,1.00,4.4,0,0.41,0,0.120,0.000,82821312
53.16,Utility Enemy 8,Utility,PatrolAction,None,1.00,66.6,0,0.41,0,0.120,0.000,82821312
53.16,Utility Enemy 1,Utility,PatrolAction,None,1.00,58.9,0,0.41,24,0.120,0.000,82821312
53.16,Utility Enemy 6,Utility,PatrolAction,None,1.00,49.6,0,0.41,0,0.120,0.000,82821312
53.16,Utility Enemy 15,Utility,Dead,None,0.00,59.0,0,0.41,8,0.396,0.282,82821312
53.16,Utility Enemy 12,Utility,PatrolAction,None,1.00,50.7,0,0.41,0,0.120,0.000,82821312
53.16,Utility Enemy 5,Utility,PatrolAction,None,0.25,47.2,0,0.41,16,0.120,0.000,82821312
53.16,Utility Enemy 2,Utility,PatrolAction,None,1.00,41.8,0,0.41,0,0.120,0.000,82821312
53.16,Utility Enemy 7,Utility,PatrolAction,None,1.00,41.7,0,0.41,0,0.120,0.000,82821312
53.16,Utility Enemy 11,Utility,PatrolAction,None,1.00,77.4,0,0.41,0,0.120,0.000,82821312
53.16,Utility Enemy 14,Utility,PatrolAction,None,1.00,50.6,0,0.41,0,0.120,0.000,82821312
54.16,Player,Player,-,None,0.41,,0,0.41,,,,82821312
54.16,FSM Enemy 12,FSM,PatrolState,None,1.00,73.6,0,0.41,0,,,82821312
54.16,FSM Enemy 5,FSM,PatrolState,None,1.00,50.6,0,0.41,0,,,82821312
54.16,FSM Enemy 7,FSM,PatrolState,None,1.00,112.4,0,0.41,0,,,82821312
54.16,FSM Enemy 4,FSM,PatrolState,None,1.00,43.9,0,0.41,0,,,82821312
54.16,FSM Enemy 14,FSM,PatrolState,None,1.00,16.0,0,0.41,0,,,82821312
54.16,FSM Enemy 6,FSM,PatrolState,None,1.00,80.7,0,0.41,0,,,82821312
54.16,FSM Enemy 15,FSM,PatrolState,None,1.00,90.7,0,0.41,0,,,82821312
54.16,FSM Enemy 1,FSM,PatrolState,None,1.00,80.4,0,0.41,0,,,82821312
54.16,FSM Enemy 2,FSM,Dead,None,0.00,18.2,0,0.41,0,,,82821312
54.16,FSM Enemy 8,FSM,PatrolState,None,1.00,62.1,0,0.41,0,,,82821312
54.16,FSM Enemy 10,FSM,PatrolState,None,1.00,31.7,0,0.41,0,,,82821312
54.16,FSM Enemy 3,FSM,Dead,None,0.00,42.5,0,0.41,8,,,82821312
54.16,FSM Enemy 9,FSM,PatrolState,None,1.00,62.4,0,0.41,0,,,82821312
54.16,FSM Enemy 11,FSM,PatrolState,None,1.00,105.8,0,0.41,16,,,82821312
54.16,FSM Enemy 13,FSM,PatrolState,None,1.00,103.0,0,0.41,16,,,82821312
54.16,Utility Enemy 3,Utility,PatrolAction,None,1.00,33.3,0,0.41,0,0.120,0.000,82821312
54.16,Utility Enemy 9,Utility,PatrolAction,None,1.00,40.7,0,0.41,0,0.120,0.000,82821312
54.16,Utility Enemy 10,Utility,PatrolAction,None,1.00,78.7,0,0.41,0,0.120,0.000,82821312
54.16,Utility Enemy 4,Utility,PatrolAction,None,1.00,77.9,0,0.41,0,0.120,0.000,82821312
54.16,Utility Enemy 13,Utility,Dead,None,0.00,3.8,0,0.41,0,0.120,0.000,82821312
54.16,Utility Enemy 8,Utility,PatrolAction,None,1.00,63.0,0,0.41,0,0.120,0.000,82821312
54.16,Utility Enemy 1,Utility,PatrolAction,None,1.00,54.1,0,0.41,24,0.120,0.000,82821312
54.16,Utility Enemy 6,Utility,PatrolAction,None,1.00,46.4,0,0.41,0,0.120,0.000,82821312
54.16,Utility Enemy 15,Utility,Dead,None,0.00,59.5,0,0.41,8,0.396,0.282,82821312
54.16,Utility Enemy 12,Utility,PatrolAction,None,1.00,45.8,0,0.41,0,0.120,0.000,82821312
54.16,Utility Enemy 5,Utility,PatrolAction,None,0.25,46.1,0,0.41,16,0.120,0.000,82821312
54.16,Utility Enemy 2,Utility,PatrolAction,None,1.00,44.0,0,0.41,0,0.120,0.000,82821312
54.16,Utility Enemy 7,Utility,PatrolAction,None,1.00,40.8,0,0.41,0,0.120,0.000,82821312
54.16,Utility Enemy 11,Utility,PatrolAction,None,1.00,76.4,0,0.41,0,0.120,0.000,82821312
54.16,Utility Enemy 14,Utility,PatrolAction,None,1.00,48.0,0,0.41,0,0.120,0.000,82821312
55.16,Player,Player,-,None,0.41,,0,0.41,,,,82821312
55.16,FSM Enemy 12,FSM,PatrolState,None,1.00,76.2,0,0.41,0,,,82821312
55.16,FSM Enemy 5,FSM,PatrolState,None,1.00,53.2,0,0.41,0,,,82821312
55.16,FSM Enemy 7,FSM,PatrolState,None,1.00,116.1,0,0.41,0,,,82821312
55.16,FSM Enemy 4,FSM,PatrolState,None,1.00,46.7,0,0.41,0,,,82821312
55.16,FSM Enemy 14,FSM,PatrolState,None,1.00,17.7,0,0.41,0,,,82821312
55.16,FSM Enemy 6,FSM,PatrolState,None,1.00,81.5,0,0.41,0,,,82821312
55.16,FSM Enemy 15,FSM,PatrolState,None,1.00,90.2,0,0.41,0,,,82821312
55.16,FSM Enemy 1,FSM,PatrolState,None,1.00,82.6,0,0.41,0,,,82821312
55.16,FSM Enemy 2,FSM,Dead,None,0.00,17.2,0,0.41,0,,,82821312
55.16,FSM Enemy 8,FSM,PatrolState,None,1.00,64.7,0,0.41,0,,,82821312
55.16,FSM Enemy 10,FSM,PatrolState,None,1.00,33.5,0,0.41,0,,,82821312
55.16,FSM Enemy 3,FSM,Dead,None,0.00,42.0,0,0.41,8,,,82821312
55.16,FSM Enemy 9,FSM,PatrolState,None,1.00,66.6,0,0.41,0,,,82821312
55.16,FSM Enemy 11,FSM,PatrolState,None,1.00,109.7,0,0.41,16,,,82821312
55.16,FSM Enemy 13,FSM,PatrolState,None,1.00,106.5,0,0.41,16,,,82821312
55.16,Utility Enemy 3,Utility,PatrolAction,None,1.00,31.9,0,0.41,0,0.120,0.000,82821312
55.16,Utility Enemy 9,Utility,PatrolAction,None,1.00,42.3,0,0.41,0,0.120,0.000,82821312
55.16,Utility Enemy 10,Utility,PatrolAction,None,1.00,84.3,0,0.41,0,0.120,0.000,82821312
55.16,Utility Enemy 4,Utility,PatrolAction,None,1.00,79.0,0,0.41,0,0.120,0.000,82821312
55.16,Utility Enemy 13,Utility,Dead,None,0.00,6.5,0,0.41,0,0.120,0.000,82821312
55.16,Utility Enemy 8,Utility,PatrolAction,None,1.00,62.7,0,0.41,0,0.120,0.000,82821312
55.16,Utility Enemy 1,Utility,PatrolAction,None,1.00,51.8,0,0.41,24,0.120,0.000,82821312
55.16,Utility Enemy 6,Utility,PatrolAction,None,1.00,47.9,0,0.41,0,0.120,0.000,82821312
55.16,Utility Enemy 15,Utility,Dead,None,0.00,59.7,0,0.41,8,0.396,0.282,82821312
55.16,Utility Enemy 12,Utility,PatrolAction,None,1.00,44.9,0,0.41,0,0.120,0.000,82821312
55.16,Utility Enemy 5,Utility,PatrolAction,None,0.25,45.4,0,0.41,16,0.120,0.000,82821312
55.16,Utility Enemy 2,Utility,PatrolAction,None,1.00,44.8,0,0.41,0,0.120,0.000,82821312
55.16,Utility Enemy 7,Utility,PatrolAction,None,1.00,39.2,0,0.41,0,0.120,0.000,82821312
55.16,Utility Enemy 11,Utility,PatrolAction,None,1.00,75.2,0,0.41,0,0.120,0.000,82821312
55.16,Utility Enemy 14,Utility,PatrolAction,None,1.00,54.1,0,0.41,0,0.120,0.000,82821312
56.17,Player,Player,-,None,0.41,,0,0.41,,,,82821312
56.17,FSM Enemy 12,FSM,PatrolState,None,1.00,81.1,0,0.41,0,,,82821312
56.17,FSM Enemy 5,FSM,PatrolState,None,1.00,54.5,0,0.41,0,,,82821312
56.17,FSM Enemy 7,FSM,PatrolState,None,1.00,117.9,0,0.41,0,,,82821312
56.17,FSM Enemy 4,FSM,PatrolState,None,1.00,50.1,0,0.41,0,,,82821312
56.17,FSM Enemy 14,FSM,ChaseState,None,1.00,18.6,1,0.41,0,,,82821312
56.17,FSM Enemy 6,FSM,PatrolState,None,1.00,82.6,0,0.41,0,,,82821312
56.17,FSM Enemy 15,FSM,PatrolState,None,1.00,87.6,0,0.41,0,,,82821312
56.17,FSM Enemy 1,FSM,PatrolState,None,1.00,82.2,0,0.41,0,,,82821312
56.17,FSM Enemy 2,FSM,Dead,None,0.00,13.7,1,0.41,0,,,82821312
56.17,FSM Enemy 8,FSM,PatrolState,None,1.00,65.9,0,0.41,0,,,82821312
56.17,FSM Enemy 10,FSM,PatrolState,None,1.00,34.5,0,0.41,0,,,82821312
56.17,FSM Enemy 3,FSM,Dead,None,0.00,38.9,0,0.41,8,,,82821312
56.17,FSM Enemy 9,FSM,PatrolState,None,1.00,66.4,0,0.41,0,,,82821312
56.17,FSM Enemy 11,FSM,PatrolState,None,1.00,112.2,0,0.41,16,,,82821312
56.17,FSM Enemy 13,FSM,PatrolState,None,1.00,108.2,0,0.41,16,,,82821312
56.17,Utility Enemy 3,Utility,PatrolAction,None,1.00,30.2,0,0.41,0,0.120,0.000,82821312
56.17,Utility Enemy 9,Utility,PatrolAction,None,1.00,38.1,0,0.41,0,0.120,0.000,82821312
56.17,Utility Enemy 10,Utility,PatrolAction,None,1.00,85.1,0,0.41,0,0.120,0.000,82821312
56.17,Utility Enemy 4,Utility,PatrolAction,None,1.00,77.9,0,0.41,0,0.120,0.000,82821312
56.17,Utility Enemy 13,Utility,Dead,None,0.00,10.1,0,0.41,0,0.120,0.000,82821312
56.17,Utility Enemy 8,Utility,PatrolAction,None,1.00,63.3,0,0.41,0,0.120,0.000,82821312
56.17,Utility Enemy 1,Utility,PatrolAction,None,1.00,47.8,0,0.41,24,0.120,0.000,82821312
56.17,Utility Enemy 6,Utility,PatrolAction,None,1.00,51.4,0,0.41,0,0.120,0.000,82821312
56.17,Utility Enemy 15,Utility,Dead,None,0.00,57.4,0,0.41,8,0.396,0.282,82821312
56.17,Utility Enemy 12,Utility,PatrolAction,None,1.00,48.8,0,0.41,0,0.120,0.000,82821312
56.17,Utility Enemy 5,Utility,PatrolAction,None,0.25,46.8,0,0.41,16,0.120,0.000,82821312
56.17,Utility Enemy 2,Utility,PatrolAction,None,1.00,45.5,0,0.41,0,0.120,0.000,82821312
56.17,Utility Enemy 7,Utility,PatrolAction,None,1.00,36.4,0,0.41,0,0.120,0.000,82821312
56.17,Utility Enemy 11,Utility,PatrolAction,None,1.00,70.7,0,0.41,0,0.120,0.000,82821312
56.17,Utility Enemy 14,Utility,PatrolAction,None,1.00,54.0,0,0.41,0,0.120,0.000,82821312
57.17,Player,Player,-,None,0.41,,0,0.41,,,,82821312
57.17,FSM Enemy 12,FSM,PatrolState,None,1.00,83.8,0,0.41,0,,,82821312
57.17,FSM Enemy 5,FSM,PatrolState,None,1.00,52.1,0,0.41,0,,,82821312
57.17,FSM Enemy 7,FSM,PatrolState,None,1.00,113.0,0,0.41,0,,,82821312
57.17,FSM Enemy 4,FSM,PatrolState,None,1.00,52.1,0,0.41,0,,,82821312
57.17,FSM Enemy 14,FSM,ChaseState,None,1.00,15.4,0,0.41,0,,,82821312
57.17,FSM Enemy 6,FSM,PatrolState,None,1.00,82.0,0,0.41,0,,,82821312
57.17,FSM Enemy 15,FSM,PatrolState,None,1.00,81.6,0,0.41,0,,,82821312
57.17,FSM Enemy 1,FSM,PatrolState,None,1.00,78.7,0,0.41,0,,,82821312
57.17,FSM Enemy 2,FSM,Dead,None,0.00,7.8,1,0.41,0,,,82821312
57.17,FSM Enemy 8,FSM,PatrolState,None,1.00,63.1,0,0.41,0,,,82821312
57.17,FSM Enemy 10,FSM,PatrolState,None,1.00,33.0,0,0.41,0,,,82821312
57.17,FSM Enemy 3,FSM,Dead,None,0.00,33.0,0,0.41,8,,,82821312
57.17,FSM Enemy 9,FSM,PatrolState,None,1.00,62.4,0,0.41,0,,,82821312
57.17,FSM Enemy 11,FSM,PatrolState,None,1.00,107.4,0,0.41,16,,,82821312
57.17,FSM Enemy 13,FSM,PatrolState,None,1.00,106.4,0,0.41,16,,,82821312
57.17,Utility Enemy 3,Utility,PatrolAction,None,1.00,25.0,0,0.41,0,0.120,0.000,82821312
57.17,Utility Enemy 9,Utility,PatrolAction,None,1.00,31.0,0,0.41,0,0.120,0.000,82821312
57.17,Utility Enemy 10,Utility,PatrolAction,None,1.00,83.2,0,0.41,0,0.120,0.000,82821312
57.17,Utility Enemy 4,Utility,PatrolAction,None,1.00,72.6,0,0.41,0,0.120,0.000,82821312
57.17,Utility Enemy 13,Utility,Dead,None,0.00,13.5,0,0.41,0,0.120,0.000,82821312
57.17,Utility Enemy 8,Utility,PatrolAction,None,1.00,59.3,0,0.41,0,0.120,0.000,82821312
57.17,Utility Enemy 1,Utility,PatrolAction,None,1.00,41.2,0,0.41,24,0.120,0.000,82821312
57.17,Utility Enemy 6,Utility,PatrolAction,None,1.00,53.8,0,0.41,0,0.120,0.000,82821312
57.17,Utility Enemy 15,Utility,Dead,None,0.00,51.9,0,0.41,8,0.396,0.282,82821312
57.17,Utility Enemy 12,Utility,PatrolAction,None,1.00,44.9,0,0.41,0,0.120,0.000,82821312
57.17,Utility Enemy 5,Utility,PatrolAction,None,0.25,45.5,0,0.41,16,0.120,0.000,82821312
57.17,Utility Enemy 2,Utility,PatrolAction,None,1.00,42.3,0,0.41,0,0.120,0.000,82821312
57.17,Utility Enemy 7,Utility,PatrolAction,None,1.00,30.7,0,0.41,0,0.120,0.000,82821312
57.17,Utility Enemy 11,Utility,PatrolAction,None,1.00,62.7,0,0.41,0,0.120,0.000,82821312
57.17,Utility Enemy 14,Utility,PatrolAction,None,1.00,49.9,0,0.41,0,0.120,0.000,82821312
58.17,Player,Player,-,None,0.41,,0,0.41,,,,82821312
58.17,FSM Enemy 12,FSM,PatrolState,None,1.00,81.0,0,0.41,0,,,82821312
58.17,FSM Enemy 5,FSM,PatrolState,None,1.00,47.0,0,0.41,0,,,82821312
58.17,FSM Enemy 7,FSM,PatrolState,None,1.00,105.4,0,0.41,0,,,82821312
58.17,FSM Enemy 4,FSM,PatrolState,None,1.00,49.8,0,0.41,0,,,82821312
58.17,FSM Enemy 14,FSM,ChaseState,None,1.00,10.8,0,0.41,0,,,82821312
58.17,FSM Enemy 6,FSM,PatrolState,None,1.00,80.1,0,0.41,0,,,82821312
58.17,FSM Enemy 15,FSM,PatrolState,None,1.00,74.7,0,0.41,0,,,82821312
58.17,FSM Enemy 1,FSM,PatrolState,None,1.00,77.2,0,0.41,0,,,82821312
58.17,FSM Enemy 2,FSM,Dead,None,0.00,6.5,1,0.41,0,,,82821312
58.17,FSM Enemy 8,FSM,PatrolState,None,1.00,58.5,0,0.41,0,,,82821312
58.17,FSM Enemy 10,FSM,PatrolState,None,1.00,25.4,0,0.41,0,,,82821312
58.17,FSM Enemy 3,FSM,Dead,None,0.00,29.8,0,0.41,8,,,82821312
58.17,FSM Enemy 9,FSM,PatrolState,None,1.00,55.1,0,0.41,0,,,82821312
58.17,FSM Enemy 11,FSM,PatrolState,None,1.00,101.5,0,0.41,16,,,82821312
58.17,FSM Enemy 13,FSM,PatrolState,None,1.00,103.0,0,0.41,16,,,82821312
58.17,Utility Enemy 3,Utility,PatrolAction,None,1.00,18.1,0,0.41,0,0.120,0.000,82821312
58.17,Utility Enemy 9,Utility,PatrolAction,None,1.00,27.7,0,0.41,0,0.120,0.000,82821312
58.17,Utility Enemy 10,Utility,PatrolAction,None,1.00,75.9,0,0.41,0,0.120,0.000,82821312
58.17,Utility Enemy 4,Utility,PatrolAction,None,1.00,67.3,0,0.41,0,0.120,0.000,82821312
58.17,Utility Enemy 13,Utility,Dead,None,0.00,13.5,0,0.41,0,0.120,0.000,82821312
58.17,Utility Enemy 8,Utility,PatrolAction,None,1.00,56.0,0,0.41,0,0.120,0.000,82821312
58.17,Utility Enemy 1,Utility,PatrolAction,None,1.00,36.4,0,0.41,24,0.120,0.000,82821312
58.17,Utility Enemy 6,Utility,PatrolAction,None,1.00,52.2,0,0.41,0,0.120,0.000,82821312
58.17,Utility Enemy 15,Utility,PatrolAction,None,1.00,82.9,0,0.41,8,0.120,0.000,82821312
58.17,Utility Enemy 12,Utility,PatrolAction,None,1.00,34.9,0,0.41,0,0.120,0.000,82821312
58.17,Utility Enemy 5,Utility,PatrolAction,None,0.25,42.7,0,0.41,16,0.120,0.000,82821312
58.17,Utility Enemy 2,Utility,PatrolAction,None,1.00,33.0,0,0.41,0,0.120,0.000,82821312
58.17,Utility Enemy 7,Utility,PatrolAction,None,1.00,22.0,0,0.41,0,0.120,0.000,82821312
58.17,Utility Enemy 11,Utility,PatrolAction,None,1.00,53.1,0,0.41,0,0.120,0.000,82821312
58.17,Utility Enemy 14,Utility,PatrolAction,None,1.00,41.3,0,0.41,0,0.120,0.000,82821312
59.18,Player,Player,-,None,0.41,,0,0.41,,,,82821312
59.18,FSM Enemy 12,FSM,PatrolState,None,1.00,78.8,0,0.41,0,,,82821312
59.18,FSM Enemy 5,FSM,PatrolState,None,1.00,52.4,0,0.41,0,,,82821312
59.18,FSM Enemy 7,FSM,PatrolState,None,1.00,108.0,0,0.41,0,,,82821312
59.18,FSM Enemy 4,FSM,PatrolState,None,1.00,50.5,0,0.41,0,,,82821312
59.18,FSM Enemy 14,FSM,TakeCoverState,None,0.25,3.8,0,0.41,0,,,82821312
59.18,FSM Enemy 6,FSM,PatrolState,None,1.00,82.4,0,0.41,0,,,82821312
59.18,FSM Enemy 15,FSM,PatrolState,None,1.00,82.4,0,0.41,0,,,82821312
59.18,FSM Enemy 1,FSM,PatrolState,None,1.00,85.6,0,0.41,0,,,82821312
59.18,FSM Enemy 2,FSM,Dead,None,0.00,12.1,0,0.41,0,,,82821312
59.18,FSM Enemy 8,FSM,PatrolState,None,1.00,64.9,0,0.41,0,,,82821312
59.18,FSM Enemy 10,FSM,PatrolState,None,1.00,26.7,0,0.41,0,,,82821312
59.18,FSM Enemy 3,FSM,Dead,None,0.00,36.6,0,0.41,8,,,82821312
59.18,FSM Enemy 9,FSM,PatrolState,None,1.00,55.9,0,0.41,0,,,82821312
59.18,FSM Enemy 11,FSM,PatrolState,None,1.00,107.8,0,0.41,16,,,82821312
59.18,FSM Enemy 13,FSM,PatrolState,None,1.00,110.3,0,0.41,16,,,82821312
59.18,Utility Enemy 3,Utility,PatrolAction,None,1.00,24.9,0,0.41,0,0.120,0.000,82821312
59.18,Utility Enemy 9,Utility,PatrolAction,None,1.00,34.9,0,0.41,0,0.120,0.000,82821312
59.18,Utility Enemy 10,Utility,PatrolAction,None,1.00,76.6,0,0.41,0,0.120,0.000,82821312
59.18,Utility Enemy 4,Utility,PatrolAction,None,1.00,73.4,0,0.41,0,0.120,0.000,82821312
59.18,Utility Enemy 13,Utility,Dead,None,0.00,8.2,0,0.41,0,0.120,0.000,82821312
59.18,Utility Enemy 8,Utility,PatrolAction,None,1.00,64.6,0,0.41,0,0.120,0.000,82821312
59.18,Utility Enemy 1,Utility,PatrolAction,None,1.00,43.7,0,0.41,24,0.120,0.000,82821312
59.18,Utility Enemy 6,Utility,PatrolAction,None,1.00,51.3,0,0.41,0,0.120,0.000,82821312
59.18,Utility Enemy 15,Utility,PatrolAction,None,1.00,85.7,0,0.41,8,0.120,0.000,82821312
59.18,Utility Enemy 12,Utility,PatrolAction,None,1.00,41.1,0,0.41,0,0.120,0.000,82821312
59.18,Utility Enemy 5,Utility,PatrolAction,None,0.25,45.6,0,0.41,16,0.120,0.000,82821312
59.18,Utility Enemy 2,Utility,PatrolAction,None,1.00,36.1,0,0.41,0,0.120,0.000,82821312
59.18,Utility Enemy 7,Utility,RepositionAction,None,1.00,19.6,1,0.41,0,0.125,0.121,82821312
59.18,Utility Enemy 11,Utility,PatrolAction,None,1.00,59.1,0,0.41,0,0.120,0.000,82821312
59.18,Utility Enemy 14,Utility,PatrolAction,None,1.00,45.1,0,0.41,0,0.120,0.000,82821312
60.18,Player,Player,-,None,0.41,,0,0.41,,,,82821312
60.18,FSM Enemy 12,FSM,PatrolState,None,1.00,73.8,0,0.41,0,,,82821312
60.18,FSM Enemy 5,FSM,PatrolState,None,1.00,55.9,0,0.41,0,,,82821312
60.18,FSM Enemy 7,FSM,PatrolState,None,1.00,107.9,0,0.41,0,,,82821312
60.18,FSM Enemy 4,FSM,PatrolState,None,1.00,45.2,0,0.41,0,,,82821312
60.18,FSM Enemy 14,FSM,Dead,None,0.00,2.5,0,0.41,0,,,82821312
60.18,FSM Enemy 6,FSM,PatrolState,None,1.00,78.1,0,0.41,0,,,82821312
60.18,FSM Enemy 15,FSM,PatrolState,None,1.00,87.3,0,0.41,0,,,82821312
60.18,FSM Enemy 1,FSM,PatrolState,None,1.00,90.0,0,0.41,0,,,82821312
60.18,FSM Enemy 2,FSM,Dead,None,0.00,18.3,0,0.41,0,,,82821312
60.18,FSM Enemy 8,FSM,PatrolState,None,1.00,68.8,0,0.41,0,,,82821312
60.18,FSM Enemy 10,FSM,PatrolState,None,1.00,28.0,0,0.41,0,,,82821312
60.18,FSM Enemy 3,FSM,PatrolState,None,1.00,89.6,0,0.41,8,,,82821312
60.18,FSM Enemy 9,FSM,PatrolState,None,1.00,53.7,0,0.41,0,,,82821312
60.18,FSM Enemy 11,FSM,PatrolState,None,1.00,110.9,0,0.41,16,,,82821312
60.18,FSM Enemy 13,FSM,PatrolState,None,1.00,111.9,0,0.41,16,,,82821312
60.18,Utility Enemy 3,Utility,PatrolAction,None,1.00,33.9,0,0.41,0,0.120,0.000,82821312
60.18,Utility Enemy 9,Utility,PatrolAction,None,1.00,40.8,0,0.41,0,0.120,0.000,82821312
60.18,Utility Enemy 10,Utility,PatrolAction,None,1.00,75.8,0,0.41,0,0.120,0.000,82821312
60.18,Utility Enemy 4,Utility,PatrolAction,None,1.00,79.1,0,0.41,0,0.120,0.000,82821312
60.18,Utility Enemy 13,Utility,Dead,None,0.00,3.7,0,0.41,0,0.120,0.000,82821312
60.18,Utility Enemy 8,Utility,PatrolAction,None,1.00,69.4,0,0.41,0,0.120,0.000,82821312
60.18,Utility Enemy 1,Utility,PatrolAction,None,1.00,44.4,0,0.41,24,0.120,0.000,82821312
60.18,Utility Enemy 6,Utility,PatrolAction,None,1.00,47.8,0,0.41,0,0.120,0.000,82821312
60.18,Utility Enemy 15,Utility,PatrolAction,None,1.00,81.0,0,0.41,8,0.120,0.000,82821312
60.18,Utility Enemy 12,Utility,PatrolAction,None,1.00,47.1,0,0.41,0,0.120,0.000,82821312
60.18,Utility Enemy 5,Utility,PatrolAction,None,0.25,47.4,0,0.41,16,0.120,0.000,82821312
60.18,Utility Enemy 2,Utility,PatrolAction,None,1.00,40.3,0,0.41,0,0.120,0.000,82821312
60.18,Utility Enemy 7,Utility,SpreadFireAction,None,1.00,18.1,1,0.41,0,0.139,0.125,82821312
60.18,Utility Enemy 11,Utility,PatrolAction,None,1.00,63.5,0,0.41,0,0.120,0.000,82821312
60.18,Utility Enemy 14,Utility,PatrolAction,None,1.00,48.5,0,0.41,0,0.120,0.000,82821312
61.18,Player,Player,-,None,0.41,,0,0.41,,,,82821312
61.18,FSM Enemy 12,FSM,PatrolState,None,1.00,66.1,0,0.41,0,,,82821312
61.18,FSM Enemy 5,FSM,PatrolState,None,1.00,55.3,0,0.41,0,,,82821312
61.18,FSM Enemy 7,FSM,PatrolState,None,1.00,102.9,0,0.41,0,,,82821312
61.18,FSM Enemy 4,FSM,PatrolState,None,1.00,38.2,0,0.41,0,,,82821312
61.18,FSM Enemy 14,FSM,Dead,None,0.00,7.0,0,0.41,0,,,82821312
61.18,FSM Enemy 6,FSM,PatrolState,None,1.00,70.8,0,0.41,0,,,82821312
61.18,FSM Enemy 15,FSM,PatrolState,None,1.00,87.1,0,0.41,0,,,82821312
61.18,FSM Enemy 1,FSM,PatrolState,None,1.00,89.5,0,0.41,0,,,82821312
61.18,FSM Enemy 2,FSM,Dead,None,0.00,21.5,0,0.41,0,,,82821312
61.18,FSM Enemy 8,FSM,PatrolState,None,1.00,67.1,0,0.41,0,,,82821312
61.18,FSM Enemy 10,FSM,PatrolState,None,1.00,26.8,0,0.41,0,,,82821312
61.18,FSM Enemy 3,FSM,PatrolState,None,1.00,82.9,0,0.41,8,,,82821312
61.18,FSM Enemy 9,FSM,PatrolState,None,0.75,47.2,0,0.41,0,,,82821312
61.18,FSM Enemy 11,FSM,PatrolState,None,1.00,108.9,0,0.41,16,,,82821312
61.18,FSM Enemy 13,FSM,PatrolState,None,1.00,108.4,0,0.41,16,,,82821312
61.18,Utility Enemy 3,Utility,PatrolAction,None,1.00,38.3,0,0.41,0,0.120,0.000,82821312
61.18,Utility Enemy 9,Utility,PatrolAction,None,1.00,42.2,0,0.41,0,0.120,0.000,82821312
61.18,Utility Enemy 10,Utility,PatrolAction,None,1.00,74.4,0,0.41,0,0.120,0.000,82821312
61.18,Utility Enemy 4,Utility,PatrolAction,None,1.00,82.4,0,0.41,0,0.120,0.000,82821312
61.18,Utility Enemy 13,Utility,Dead,None,0.00,2.4,1,0.41,0,0.120,0.000,82821312
61.18,Utility Enemy 8,Utility,PatrolAction,None,1.00,64.8,0,0.41,0,0.120,0.000,82821312
61.18,Utility Enemy 1,Utility,PatrolAction,None,1.00,39.2,0,0.41,24,0.120,0.000,82821312
61.18,Utility Enemy 6,Utility,PatrolAction,None,1.00,45.3,0,0.41,0,0.120,0.000,82821312
61.18,Utility Enemy 15,Utility,PatrolAction,None,1.00,72.8,0,0.41,8,0.120,0.000,82821312
61.18,Utility Enemy 12,Utility,PatrolAction,None,1.00,47.4,0,0.41,0,0.120,0.000,82821312
61.18,Utility Enemy 5,Utility,PatrolAction,None,0.25,45.0,0,0.41,16,0.120,0.000,82821312
61.18,Utility Enemy 2,Utility,PatrolAction,None,1.00,36.8,0,0.41,0,0.120,0.000,82821312
61.18,Utility Enemy 7,Utility,SpreadFireAction,None,1.00,14.4,1,0.41,0,0.179,0.169,82821312
61.18,Utility Enemy 11,Utility,PatrolAction,None,1.00,62.0,0,0.41,0,0.120,0.000,82821312
61.18,Utility Enemy 14,Utility,PatrolAction,None,1.00,47.3,0,0.41,0,0.120,0.000,82821312
62.19,Player,Player,-,EnemyDuplicate,0.41,,0,0.41,,,,82821312
62.19,FSM Enemy 12,FSM,AttackState,EnemyDuplicate,1.00,62.4,0,0.41,0,,,82821312
62.19,FSM Enemy 5,FSM,AttackState,EnemyDuplicate,1.00,54.1,0,0.41,0,,,82821312
62.19,FSM Enemy 7,FSM,AttackState,EnemyDuplicate,1.00,99.6,0,0.41,0,,,82821312
62.19,FSM Enemy 4,FSM,AttackState,EnemyDuplicate,1.00,35.2,0,0.41,0,,,82821312
62.19,FSM Enemy 14,FSM,Dead,EnemyDuplicate,0.00,8.3,0,0.41,0,,,82821312
62.19,FSM Enemy 6,FSM,AttackState,EnemyDuplicate,1.00,66.8,0,0.41,0,,,82821312
62.19,FSM Enemy 15,FSM,AttackState,EnemyDuplicate,1.00,86.0,0,0.41,0,,,82821312
62.19,FSM Enemy 1,FSM,AttackState,EnemyDuplicate,1.00,86.6,0,0.41,0,,,82821312
62.19,FSM Enemy 2,FSM,Dead,EnemyDuplicate,0.00,21.2,0,0.41,0,,,82821312
62.19,FSM Enemy 8,FSM,AttackState,EnemyDuplicate,1.00,63.7,0,0.41,0,,,82821312
62.19,FSM Enemy 10,FSM,AttackState,EnemyDuplicate,1.00,25.4,0,0.41,0,,,82821312
62.19,FSM Enemy 3,FSM,AttackState,EnemyDuplicate,1.00,78.4,0,0.41,8,,,82821312
62.19,FSM Enemy 9,FSM,AttackState,EnemyDuplicate,0.75,44.9,0,0.41,0,,,82821312
62.19,FSM Enemy 11,FSM,AttackState,EnemyDuplicate,1.00,106.9,0,0.41,16,,,82821312
62.19,FSM Enemy 13,FSM,AttackState,EnemyDuplicate,1.00,105.0,0,0.41,16,,,82821312
62.19,Utility Enemy 3,Utility,RepositionAction,EnemyDuplicate,1.00,36.1,0,0.41,0,0.650,0.120,82821312
62.19,Utility Enemy 9,Utility,RepositionAction,EnemyDuplicate,1.00,38.7,0,0.41,0,0.650,0.120,82821312
62.19,Utility Enemy 10,Utility,RepositionAction,EnemyDuplicate,1.00,74.0,0,0.41,0,0.650,0.120,82821312
62.19,Utility Enemy 4,Utility,RepositionAction,EnemyDuplicate,1.00,83.0,0,0.41,0,0.650,0.120,82821312
62.19,Utility Enemy 13,Utility,Dead,EnemyDuplicate,0.00,3.8,1,0.41,0,0.120,0.000,82821312
62.19,Utility Enemy 8,Utility,RepositionAction,EnemyDuplicate,1.00,59.8,0,0.41,0,0.650,0.120,82821312
62.19,Utility Enemy 1,Utility,RepositionAction,EnemyDuplicate,1.00,34.4,0,0.41,24,0.650,0.120,82821312
62.19,Utility Enemy 6,Utility,RepositionAction,EnemyDuplicate,1.00,45.0,0,0.41,0,0.650,0.120,82821312
62.19,Utility Enemy 15,Utility,RepositionAction,EnemyDuplicate,1.00,67.4,0,0.41,8,0.650,0.120,82821312
62.19,Utility Enemy 12,Utility,RepositionAction,EnemyDuplicate,1.00,48.5,0,0.41,0,0.650,0.120,82821312
62.19,Utility Enemy 5,Utility,RepositionAction,EnemyDuplicate,0.25,42.2,0,0.41,16,0.650,0.120,82821312
62.19,Utility Enemy 2,Utility,RepositionAction,EnemyDuplicate,1.00,34.4,0,0.41,0,0.650,0.120,82821312
62.19,Utility Enemy 7,Utility,AttackAction,EnemyDuplicate,1.00,11.1,1,0.41,0,1.143,0.775,82821312
62.19,Utility Enemy 11,Utility,RepositionAction,EnemyDuplicate,1.00,60.4,0,0.41,0,0.650,0.120,82821312
62.19,Utility Enemy 14,Utility,RepositionAction,EnemyDuplicate,1.00,43.9,0,0.41,0,0.650,0.120,82821312
63.19,Player,Player,-,EnemyDuplicate,0.41,,0,0.41,,,,82821312
63.19,FSM Enemy 12,FSM,AttackState,EnemyDuplicate,1.00,61.0,0,0.41,0,,,82821312
63.19,FSM Enemy 5,FSM,AttackState,EnemyDuplicate,1.00,54.8,0,0.41,0,,,82821312
63.19,FSM Enemy 7,FSM,AttackState,EnemyDuplicate,1.00,99.8,0,0.41,0,,,82821312
63.19,FSM Enemy 4,FSM,AttackState,EnemyDuplicate,1.00,33.8,0,0.41,0,,,82821312
63.19,FSM Enemy 14,FSM,Dead,EnemyDuplicate,0.00,10.2,0,0.41,0,,,82821312
63.19,FSM Enemy 6,FSM,AttackState,EnemyDuplicate,1.00,65.6,0,0.41,0,,,82821312
63.19,FSM Enemy 15,FSM,AttackState,EnemyDuplicate,1.00,86.4,0,0.41,0,,,82821312
63.19,FSM Enemy 1,FSM,AttackState,EnemyDuplicate,1.00,88.3,0,0.41,0,,,82821312
63.19,FSM Enemy 2,FSM,PatrolState,EnemyDuplicate,1.00,45.4,0,0.41,0,,,82821312
63.19,FSM Enemy 8,FSM,AttackState,EnemyDuplicate,1.00,64.4,0,0.41,0,,,82821312
63.19,FSM Enemy 10,FSM,AttackState,EnemyDuplicate,1.00,26.4,0,0.41,0,,,82821312
63.19,FSM Enemy 3,FSM,AttackState,EnemyDuplicate,1.00,77.9,0,0.41,8,,,82821312
63.19,FSM Enemy 9,FSM,AttackState,EnemyDuplicate,0.75,44.8,0,0.41,0,,,82821312
63.19,FSM Enemy 11,FSM,AttackState,EnemyDuplicate,1.00,106.9,0,0.41,16,,,82821312
63.19,FSM Enemy 13,FSM,AttackState,EnemyDuplicate,1.00,105.5,0,0.41,16,,,82821312
63.19,Utility Enemy 3,Utility,RepositionAction,EnemyDuplicate,1.00,35.7,0,0.41,0,0.650,0.120,82821312
63.19,Utility Enemy 9,Utility,RepositionAction,EnemyDuplicate,1.00,36.6,0,0.41,0,0.650,0.120,82821312
63.19,Utility Enemy 10,Utility,RepositionAction,EnemyDuplicate,1.00,70.5,0,0.41,0,0.650,0.120,82821312
63.19,Utility Enemy 4,Utility,RepositionAction,EnemyDuplicate,1.00,85.4,0,0.41,0,0.650,0.120,82821312
63.19,Utility Enemy 13,Utility,Dead,EnemyDuplicate,0.00,5.4,1,0.41,0,0.120,0.000,82821312
63.19,Utility Enemy 8,Utility,RepositionAction,EnemyDuplicate,1.00,57.7,0,0.41,0,0.650,0.120,82821312
63.19,Utility Enemy 1,Utility,RepositionAction,EnemyDuplicate,1.00,32.3,0,0.41,24,0.650,0.120,82821312
63.19,Utility Enemy 6,Utility,RepositionAction,EnemyDuplicate,1.00,41.4,0,0.41,0,0.650,0.120,82821312
63.19,Utility Enemy 15,Utility,RepositionAction,EnemyDuplicate,1.00,63.9,0,0.41,8,0.650,0.120,82821312
63.19,Utility Enemy 12,Utility,RepositionAction,EnemyDuplicate,1.00,52.7,0,0.41,0,0.650,0.120,82821312
63.19,Utility Enemy 5,Utility,RepositionAction,EnemyDuplicate,0.25,46.5,0,0.41,16,0.650,0.120,82821312
63.19,Utility Enemy 2,Utility,RepositionAction,EnemyDuplicate,1.00,37.0,0,0.41,0,0.650,0.120,82821312
63.19,Utility Enemy 7,Utility,AttackAction,EnemyDuplicate,0.50,11.3,1,0.41,0,1.164,0.775,82821312
63.19,Utility Enemy 11,Utility,RepositionAction,EnemyDuplicate,1.00,62.1,0,0.41,0,0.650,0.120,82821312
63.19,Utility Enemy 14,Utility,RepositionAction,EnemyDuplicate,1.00,47.3,0,0.41,0,0.650,0.120,82821312
64.19,Player,Player,-,EnemyDuplicate,0.36,,0,0.36,,,,82821312
64.19,FSM Enemy 12,FSM,AttackState,EnemyDuplicate,1.00,63.4,0,0.36,0,,,82821312
64.19,FSM Enemy 5,FSM,AttackState,EnemyDuplicate,1.00,57.3,0,0.36,0,,,82821312
64.19,FSM Enemy 7,FSM,AttackState,EnemyDuplicate,1.00,102.6,0,0.36,0,,,82821312
64.19,FSM Enemy 4,FSM,AttackState,EnemyDuplicate,1.00,36.2,0,0.36,0,,,82821312
64.19,FSM Enemy 14,FSM,Dead,EnemyDuplicate,0.00,8.5,0,0.36,0,,,82821312
64.19,FSM Enemy 6,FSM,AttackState,EnemyDuplicate,1.00,68.2,0,0.36,0,,,82821312
64.19,FSM Enemy 15,FSM,AttackState,EnemyDuplicate,1.00,89.1,0,0.36,0,,,82821312
64.19,FSM Enemy 1,FSM,AttackState,EnemyDuplicate,1.00,89.7,0,0.36,0,,,82821312
64.19,FSM Enemy 2,FSM,PatrolState,EnemyDuplicate,1.00,48.2,0,0.36,0,,,82821312
64.19,FSM Enemy 8,FSM,AttackState,EnemyDuplicate,1.00,66.9,0,0.36,0,,,82821312
64.19,FSM Enemy 10,FSM,AttackState,EnemyDuplicate,1.00,28.7,0,0.36,0,,,82821312
64.19,FSM Enemy 3,FSM,AttackState,EnemyDuplicate,1.00,80.8,0,0.36,8,,,82821312
64.19,FSM Enemy 9,FSM,AttackState,EnemyDuplicate,0.75,47.6,0,0.36,0,,,82821312
64.19,FSM Enemy 11,FSM,AttackState,EnemyDuplicate,1.00,109.8,0,0.36,16,,,82821312
64.19,FSM Enemy 13,FSM,AttackState,EnemyDuplicate,1.00,108.2,0,0.36,16,,,82821312
64.19,Utility Enemy 3,Utility,RepositionAction,EnemyDuplicate,1.00,37.8,0,0.36,0,0.650,0.120,82821312
64.19,Utility Enemy 9,Utility,RepositionAction,EnemyDuplicate,1.00,37.8,0,0.36,0,0.650,0.120,82821312
64.19,Utility Enemy 10,Utility,RepositionAction,EnemyDuplicate,1.00,74.8,0,0.36,0,0.650,0.120,82821312
64.19,Utility Enemy 4,Utility,RepositionAction,EnemyDuplicate,1.00,91.1,0,0.36,0,0.650,0.120,82821312
64.19,Utility Enemy 13,Utility,Dead,EnemyDuplicate,0.00,3.7,1,0.36,0,0.120,0.000,82821312
64.19,Utility Enemy 8,Utility,RepositionAction,EnemyDuplicate,1.00,58.7,0,0.36,0,0.650,0.120,82821312
64.19,Utility Enemy 1,Utility,RepositionAction,EnemyDuplicate,1.00,35.3,0,0.36,24,0.650,0.120,82821312
64.19,Utility Enemy 6,Utility,RepositionAction,EnemyDuplicate,1.00,43.0,0,0.36,0,0.650,0.120,82821312
64.19,Utility Enemy 15,Utility,RepositionAction,EnemyDuplicate,1.00,69.3,0,0.36,8,0.650,0.120,82821312
64.19,Utility Enemy 12,Utility,RepositionAction,EnemyDuplicate,1.00,57.0,0,0.36,0,0.650,0.120,82821312
64.19,Utility Enemy 5,Utility,RepositionAction,EnemyDuplicate,0.25,44.2,0,0.36,16,0.650,0.120,82821312
64.19,Utility Enemy 2,Utility,RepositionAction,EnemyDuplicate,1.00,41.4,0,0.36,0,0.650,0.120,82821312
64.19,Utility Enemy 7,Utility,AttackAction,EnemyDuplicate,0.25,14.0,1,0.36,8,1.028,0.775,82821312
64.19,Utility Enemy 11,Utility,RepositionAction,EnemyDuplicate,1.00,69.1,0,0.36,0,0.650,0.120,82821312
64.19,Utility Enemy 14,Utility,RepositionAction,EnemyDuplicate,1.00,50.5,0,0.36,0,0.650,0.120,82821312
65.19,Player,Player,-,EnemyDuplicate,0.36,,0,0.36,,,,82821312
65.19,FSM Enemy 12,FSM,AttackState,EnemyDuplicate,1.00,66.1,0,0.36,0,,,82821312
65.19,FSM Enemy 5,FSM,AttackState,EnemyDuplicate,1.00,59.4,0,0.36,0,,,82821312
65.19,FSM Enemy 7,FSM,AttackState,EnemyDuplicate,1.00,105.0,0,0.36,0,,,82821312
65.19,FSM Enemy 4,FSM,AttackState,EnemyDuplicate,1.00,38.9,0,0.36,0,,,82821312
65.19,FSM Enemy 14,FSM,Dead,EnemyDuplicate,0.00,8.1,0,0.36,0,,,82821312
65.19,FSM Enemy 6,FSM,AttackState,EnemyDuplicate,1.00,70.9,0,0.36,0,,,82821312
65.19,FSM Enemy 15,FSM,AttackState,EnemyDuplicate,1.00,91.3,0,0.36,0,,,82821312
65.19,FSM Enemy 1,FSM,AttackState,EnemyDuplicate,1.00,90.6,0,0.36,0,,,82821312
65.19,FSM Enemy 2,FSM,PatrolState,EnemyDuplicate,1.00,49.4,0,0.36,0,,,82821312
65.19,FSM Enemy 8,FSM,AttackState,EnemyDuplicate,1.00,69.0,0,0.36,0,,,82821312
65.19,FSM Enemy 10,FSM,AttackState,EnemyDuplicate,1.00,30.6,0,0.36,0,,,82821312
65.19,FSM Enemy 3,FSM,AttackState,EnemyDuplicate,1.00,83.5,0,0.36,8,,,82821312
65.19,FSM Enemy 9,FSM,AttackState,EnemyDuplicate,0.75,50.2,0,0.36,0,,,82821312
65.19,FSM Enemy 11,FSM,AttackState,EnemyDuplicate,1.00,112.3,0,0.36,16,,,82821312
65.19,FSM Enemy 13,FSM,AttackState,EnemyDuplicate,1.00,110.4,0,0.36,16,,,82821312
65.19,Utility Enemy 3,Utility,RepositionAction,EnemyDuplicate,1.00,36.7,0,0.36,0,0.650,0.120,82821312
65.19,Utility Enemy 9,Utility,RepositionAction,EnemyDuplicate,1.00,43.1,0,0.36,0,0.650,0.120,82821312
65.19,Utility Enemy 10,Utility,RepositionAction,EnemyDuplicate,1.00,75.3,0,0.36,0,0.650,0.120,82821312
65.19,Utility Enemy 4,Utility,RepositionAction,EnemyDuplicate,1.00,96.1,0,0.36,0,0.650,0.120,82821312
65.19,Utility Enemy 13,Utility,Dead,EnemyDuplicate,0.00,5.1,0,0.36,0,0.120,0.000,82821312
65.19,Utility Enemy 8,Utility,RepositionAction,EnemyDuplicate,1.00,63.8,0,0.36,0,0.650,0.120,82821312
65.19,Utility Enemy 1,Utility,RepositionAction,EnemyDuplicate,1.00,38.5,0,0.36,24,0.650,0.120,82821312
65.19,Utility Enemy 6,Utility,RepositionAction,EnemyDuplicate,1.00,48.7,0,0.36,0,0.650,0.120,82821312
65.19,Utility Enemy 15,Utility,RepositionAction,EnemyDuplicate,1.00,74.6,0,0.36,8,0.650,0.120,82821312
65.19,Utility Enemy 12,Utility,RepositionAction,EnemyDuplicate,1.00,59.4,0,0.36,0,0.650,0.120,82821312
65.19,Utility Enemy 5,Utility,RepositionAction,EnemyDuplicate,0.25,44.3,0,0.36,16,0.650,0.120,82821312
65.19,Utility Enemy 2,Utility,RepositionAction,EnemyDuplicate,1.00,41.4,0,0.36,0,0.650,0.120,82821312
65.19,Utility Enemy 7,Utility,Dead,EnemyDuplicate,0.00,16.7,0,0.36,8,0.958,0.775,82821312
65.19,Utility Enemy 11,Utility,RepositionAction,EnemyDuplicate,1.00,75.9,0,0.36,0,0.650,0.120,82821312
65.19,Utility Enemy 14,Utility,RepositionAction,EnemyDuplicate,1.00,52.0,0,0.36,0,0.650,0.120,82821312
66.19,Player,Player,-,EnemyDuplicate,0.36,,0,0.36,,,,82821312
66.19,FSM Enemy 12,FSM,AttackState,EnemyDuplicate,1.00,68.3,0,0.36,0,,,82821312
66.19,FSM Enemy 5,FSM,AttackState,EnemyDuplicate,1.00,61.8,0,0.36,0,,,82821312
66.19,FSM Enemy 7,FSM,AttackState,EnemyDuplicate,1.00,106.3,0,0.36,0,,,82821312
66.19,FSM Enemy 4,FSM,AttackState,EnemyDuplicate,1.00,42.5,0,0.36,0,,,82821312
66.19,FSM Enemy 14,FSM,Dead,EnemyDuplicate,0.00,18.9,0,0.36,0,,,82821312
66.19,FSM Enemy 6,FSM,AttackState,EnemyDuplicate,1.00,72.9,0,0.36,0,,,82821312
66.19,FSM Enemy 15,FSM,AttackState,EnemyDuplicate,1.00,92.9,0,0.36,0,,,82821312
66.19,FSM Enemy 1,FSM,AttackState,EnemyDuplicate,1.00,92.2,0,0.36,0,,,82821312
66.19,FSM Enemy 2,FSM,PatrolState,EnemyDuplicate,1.00,50.0,0,0.36,0,,,82821312
66.19,FSM Enemy 8,FSM,AttackState,EnemyDuplicate,1.00,71.0,0,0.36,0,,,82821312
66.19,FSM Enemy 10,FSM,AttackState,EnemyDuplicate,1.00,35.0,0,0.36,0,,,82821312
66.19,FSM Enemy 3,FSM,AttackState,EnemyDuplicate,1.00,85.2,0,0.36,8,,,82821312
66.19,FSM Enemy 9,FSM,AttackState,EnemyDuplicate,0.75,53.0,0,0.36,0,,,82821312
66.19,FSM Enemy 11,FSM,AttackState,EnemyDuplicate,1.00,113.5,0,0.36,16,,,82821312
66.19,FSM Enemy 13,FSM,AttackState,EnemyDuplicate,1.00,111.7,0,0.36,16,,,82821312
66.19,Utility Enemy 3,Utility,RepositionAction,EnemyDuplicate,1.00,40.4,0,0.36,0,0.650,0.120,82821312
66.19,Utility Enemy 9,Utility,RepositionAction,EnemyDuplicate,1.00,45.8,0,0.36,0,0.650,0.120,82821312
66.19,Utility Enemy 10,Utility,RepositionAction,EnemyDuplicate,1.00,77.3,0,0.36,0,0.650,0.120,82821312
66.19,Utility Enemy 4,Utility,RepositionAction,EnemyDuplicate,1.00,99.0,0,0.36,0,0.650,0.120,82821312
66.19,Utility Enemy 13,Utility,Dead,EnemyDuplicate,0.00,17.8,0,0.36,0,0.120,0.000,82821312
66.19,Utility Enemy 8,Utility,RepositionAction,EnemyDuplicate,1.00,63.7,0,0.36,0,0.650,0.120,82821312
66.19,Utility Enemy 1,Utility,RepositionAction,EnemyDuplicate,1.00,40.5,0,0.36,24,0.650,0.120,82821312
66.19,Utility Enemy 6,Utility,RepositionAction,EnemyDuplicate,1.00,54.5,0,0.36,0,0.650,0.120,82821312
66.19,Utility Enemy 15,Utility,RepositionAction,EnemyDuplicate,1.00,77.8,0,0.36,8,0.650,0.120,82821312
66.19,Utility Enemy 12,Utility,RepositionAction,EnemyDuplicate,1.00,65.8,0,0.36,0,0.650,0.120,82821312
66.19,Utility Enemy 5,Utility,RepositionAction,EnemyDuplicate,0.25,51.4,0,0.36,16,0.650,0.120,82821312
66.19,Utility Enemy 2,Utility,RepositionAction,EnemyDuplicate,1.00,41.3,0,0.36,0,0.650,0.120,82821312
66.19,Utility Enemy 7,Utility,Dead,EnemyDuplicate,0.00,23.9,0,0.36,8,0.958,0.775,82821312
66.19,Utility Enemy 11,Utility,RepositionAction,EnemyDuplicate,1.00,78.5,0,0.36,0,0.650,0.120,82821312
66.19,Utility Enemy 14,Utility,RepositionAction,EnemyDuplicate,1.00,58.6,0,0.36,0,0.650,0.120,82821312
67.19,Player,Player,-,None,0.36,,0,0.36,,,,82821312
67.19,FSM Enemy 12,FSM,PatrolState,None,1.00,77.6,0,0.36,0,,,82821312
67.19,FSM Enemy 5,FSM,PatrolState,None,1.00,72.3,0,0.36,0,,,82821312
67.19,FSM Enemy 7,FSM,PatrolState,None,1.00,112.2,0,0.36,0,,,82821312
67.19,FSM Enemy 4,FSM,PatrolState,None,1.00,56.7,0,0.36,0,,,82821312
67.19,FSM Enemy 14,FSM,Dead,None,0.00,41.5,0,0.36,0,,,82821312
67.19,FSM Enemy 6,FSM,PatrolState,None,1.00,82.0,0,0.36,0,,,82821312
67.19,FSM Enemy 15,FSM,PatrolState,None,1.00,99.9,0,0.36,0,,,82821312
67.19,FSM Enemy 1,FSM,PatrolState,None,1.00,99.6,0,0.36,0,,,82821312
67.19,FSM Enemy 2,FSM,PatrolState,None,1.00,60.3,0,0.36,0,,,82821312
67.19,FSM Enemy 8,FSM,PatrolState,None,1.00,79.7,0,0.36,0,,,82821312
67.19,FSM Enemy 10,FSM,PatrolState,None,1.00,51.2,0,0.36,0,,,82821312
67.19,FSM Enemy 3,FSM,PatrolState,None,1.00,92.5,0,0.36,8,,,82821312
67.19,FSM Enemy 9,FSM,PatrolState,None,0.75,65.0,0,0.36,0,,,82821312
67.19,FSM Enemy 11,FSM,PatrolState,None,1.00,119.1,0,0.36,16,,,82821312
67.19,FSM Enemy 13,FSM,PatrolState,None,1.00,117.8,0,0.36,16,,,82821312
67.19,Utility Enemy 3,Utility,PatrolAction,None,1.00,57.0,0,0.36,0,0.120,0.000,82821312
67.19,Utility Enemy 9,Utility,PatrolAction,None,1.00,58.6,0,0.36,0,0.120,0.000,82821312
67.19,Utility Enemy 10,Utility,PatrolAction,None,1.00,86.2,0,0.36,0,0.120,0.000,82821312
67.19,Utility Enemy 4,Utility,PatrolAction,None,1.00,105.8,0,0.36,0,0.120,0.000,82821312
67.19,Utility Enemy 13,Utility,Dead,None,0.00,41.0,0,0.36,0,0.120,0.000,82821312
67.19,Utility Enemy 8,Utility,PatrolAction,None,1.00,71.7,0,0.36,0,0.120,0.000,82821312
67.19,Utility Enemy 1,Utility,PatrolAction,None,1.00,57.7,0,0.36,24,0.120,0.000,82821312
67.19,Utility Enemy 6,Utility,PatrolAction,None,1.00,64.4,0,0.36,0,0.120,0.000,82821312
67.19,Utility Enemy 15,Utility,PatrolAction,None,1.00,84.8,0,0.36,8,0.120,0.000,82821312
67.19,Utility Enemy 12,Utility,PatrolAction,None,1.00,73.8,0,0.36,0,0.120,0.000,82821312
67.19,Utility Enemy 5,Utility,PatrolAction,None,0.25,63.0,0,0.36,16,0.120,0.000,82821312
67.19,Utility Enemy 2,Utility,PatrolAction,None,1.00,53.7,0,0.36,0,0.120,0.000,82821312
67.19,Utility Enemy 7,Utility,Dead,None,0.00,44.0,0,0.36,8,0.958,0.775,82821312
67.19,Utility Enemy 11,Utility,PatrolAction,None,1.00,88.1,0,0.36,0,0.120,0.000,82821312
67.19,Utility Enemy 14,Utility,PatrolAction,None,1.00,68.7,0,0.36,0,0.120,0.000,82821312
68.41,Player,Player,-,None,0.36,,0,0.36,,,,82821312
68.41,FSM Enemy 12,FSM,PatrolState,None,1.00,105.7,0,0.36,0,,,82821312
68.41,FSM Enemy 5,FSM,PatrolState,None,1.00,103.0,0,0.36,0,,,82821312
68.41,FSM Enemy 7,FSM,PatrolState,None,1.00,131.1,0,0.36,0,,,82821312
68.41,FSM Enemy 4,FSM,PatrolState,None,1.00,92.7,0,0.36,0,,,82821312
68.41,FSM Enemy 14,FSM,Dead,None,0.00,82.8,0,0.36,0,,,82821312
68.41,FSM Enemy 6,FSM,PatrolState,None,1.00,110.3,0,0.36,0,,,82821312
68.41,FSM Enemy 15,FSM,PatrolState,None,1.00,122.3,0,0.36,0,,,82821312
68.41,FSM Enemy 1,FSM,PatrolState,None,1.00,123.9,0,0.36,0,,,82821312
68.41,FSM Enemy 2,FSM,PatrolState,None,1.00,92.3,0,0.36,0,,,82821312
68.41,FSM Enemy 8,FSM,PatrolState,None,1.00,105.3,0,0.36,0,,,82821312
68.41,FSM Enemy 10,FSM,PatrolState,None,1.00,89.1,0,0.36,0,,,82821312
68.41,FSM Enemy 3,FSM,PatrolState,None,1.00,114.9,0,0.36,8,,,82821312
68.41,FSM Enemy 9,FSM,PatrolState,None,0.75,98.3,0,0.36,0,,,82821312
68.41,FSM Enemy 11,FSM,PatrolState,None,1.00,140.2,0,0.36,16,,,82821312
68.41,FSM Enemy 13,FSM,PatrolState,None,1.00,138.9,0,0.36,16,,,82821312
68.41,Utility Enemy 3,Utility,PatrolAction,None,1.00,94.1,0,0.36,0,0.120,0.000,82821312
68.41,Utility Enemy 9,Utility,PatrolAction,None,1.00,91.0,0,0.36,0,0.120,0.000,82821312
68.41,Utility Enemy 10,Utility,PatrolAction,None,1.00,111.2,0,0.36,0,0.120,0.000,82821312
68.41,Utility Enemy 4,Utility,PatrolAction,None,1.00,130.2,0,0.36,0,0.120,0.000,82821312
68.41,Utility Enemy 13,Utility,Dead,None,0.00,82.6,0,0.36,0,0.120,0.000,82821312
68.41,Utility Enemy 8,Utility,PatrolAction,None,1.00,99.5,0,0.36,0,0.120,0.000,82821312
68.41,Utility Enemy 1,Utility,PatrolAction,None,1.00,92.9,0,0.36,24,0.120,0.000,82821312
68.41,Utility Enemy 6,Utility,PatrolAction,None,1.00,95.6,0,0.36,0,0.120,0.000,82821312
68.41,Utility Enemy 15,Utility,PatrolAction,None,1.00,110.5,0,0.36,8,0.120,0.000,82821312
68.41,Utility Enemy 12,Utility,PatrolAction,None,1.00,103.2,0,0.36,0,0.120,0.000,82821312
68.41,Utility Enemy 5,Utility,PatrolAction,None,0.25,94.9,0,0.36,16,0.120,0.000,82821312
68.41,Utility Enemy 2,Utility,PatrolAction,None,1.00,91.7,0,0.36,0,0.120,0.000,82821312
68.41,Utility Enemy 7,Utility,Dead,None,0.00,84.1,0,0.36,8,0.958,0.775,82821312
68.41,Utility Enemy 11,Utility,PatrolAction,None,1.00,117.3,0,0.36,0,0.120,0.000,82821312
68.41,Utility Enemy 14,Utility,PatrolAction,None,1.00,98.2,0,0.36,0,0.120,0.000,82821312
69.41,Player,Player,-,None,0.36,,0,0.36,,,,82821312
69.41,FSM Enemy 12,FSM,PatrolState,None,1.00,143.7,0,0.36,0,,,82821312
69.41,FSM Enemy 5,FSM,PatrolState,None,1.00,142.7,0,0.36,0,,,82821312
69.41,FSM Enemy 7,FSM,PatrolState,None,1.00,162.2,0,0.36,0,,,82821312
69.41,FSM Enemy 4,FSM,PatrolState,None,1.00,135.4,0,0.36,0,,,82821312
69.41,FSM Enemy 14,FSM,Dead,None,0.00,128.0,0,0.36,0,,,82821312
69.41,FSM Enemy 6,FSM,PatrolState,None,1.00,148.2,0,0.36,0,,,82821312
69.41,FSM Enemy 15,FSM,PatrolState,None,1.00,156.1,0,0.36,0,,,82821312
69.41,FSM Enemy 1,FSM,PatrolState,None,1.00,159.2,0,0.36,0,,,82821312
69.41,FSM Enemy 2,FSM,PatrolState,None,1.00,133.7,0,0.36,0,,,82821312
69.41,FSM Enemy 8,FSM,PatrolState,None,1.00,142.4,0,0.36,0,,,82821312
69.41,FSM Enemy 10,FSM,PatrolState,None,1.00,132.6,0,0.36,0,,,82821312
69.41,FSM Enemy 3,FSM,PatrolState,None,1.00,149.4,0,0.36,8,,,82821312
69.41,FSM Enemy 9,FSM,PatrolState,None,0.75,139.5,0,0.36,0,,,82821312
69.41,FSM Enemy 11,FSM,PatrolState,None,1.00,172.2,0,0.36,16,,,82821312
69.41,FSM Enemy 13,FSM,PatrolState,None,1.00,170.5,0,0.36,16,,,82821312
69.41,Utility Enemy 3,Utility,PatrolAction,None,1.00,136.3,0,0.36,0,0.120,0.000,82821312
69.41,Utility Enemy 9,Utility,PatrolAction,None,1.00,132.5,0,0.36,0,0.120,0.000,82821312
69.41,Utility Enemy 10,Utility,PatrolAction,None,1.00,149.3,0,0.36,0,0.120,0.000,82821312
69.41,Utility Enemy 4,Utility,PatrolAction,None,1.00,160.8,0,0.36,0,0.120,0.000,82821312
69.41,Utility Enemy 13,Utility,PatrolAction,None,1.00,169.3,0,0.36,0,0.120,0.000,82821312
69.41,Utility Enemy 8,Utility,PatrolAction,None,1.00,137.9,0,0.36,0,0.120,0.000,82821312
69.41,Utility Enemy 1,Utility,PatrolAction,None,1.00,135.8,0,0.36,24,0.120,0.000,82821312
69.41,Utility Enemy 6,Utility,PatrolAction,None,1.00,136.4,0,0.36,0,0.120,0.000,82821312
69.41,Utility Enemy 15,Utility,PatrolAction,None,1.00,147.0,0,0.36,8,0.120,0.000,82821312
69.41,Utility Enemy 12,Utility,PatrolAction,None,1.00,141.1,0,0.36,0,0.120,0.000,82821312
69.41,Utility Enemy 5,Utility,PatrolAction,None,0.25,135.5,0,0.36,16,0.120,0.000,82821312
69.41,Utility Enemy 2,Utility,PatrolAction,None,1.00,135.3,0,0.36,0,0.120,0.000,82821312
69.41,Utility Enemy 7,Utility,Dead,None,0.00,128.9,0,0.36,8,0.958,0.775,82821312
69.41,Utility Enemy 11,Utility,PatrolAction,None,1.00,154.9,0,0.36,0,0.120,0.000,82821312
69.41,Utility Enemy 14,Utility,PatrolAction,None,1.00,138.0,0,0.36,0,0.120,0.000,82821312
