time,enemyId,aiType,action,activeGlitch,health,distToPlayer,canSeePlayer
0.00,Player,Player,-,None,1.00,,0
0.00,FSM Enemy 14,FSM,PatrolState,None,1.00,75.0,0
0.00,FSM Enemy 15,FSM,PatrolState,None,1.00,28.5,0
0.00,FSM Enemy 2,FSM,PatrolState,None,1.00,89.4,0
0.00,FSM Enemy 10,FSM,PatrolState,None,1.00,66.4,0
0.00,FSM Enemy 1,FSM,PatrolState,None,1.00,89.4,0
0.00,FSM Enemy 12,FSM,PatrolState,None,1.00,38.1,0
0.00,FSM Enemy 9,FSM,PatrolState,None,1.00,33.4,0
0.00,FSM Enemy 4,FSM,PatrolState,None,1.00,48.9,0
0.00,FSM Enemy 7,FSM,PatrolState,None,1.00,28.1,0
0.00,FSM Enemy 6,FSM,PatrolState,None,1.00,28.1,0
0.00,FSM Enemy 13,FSM,PatrolState,None,1.00,49.2,0
0.00,FSM Enemy 3,FSM,PatrolState,None,0.90,82.0,0
0.00,FSM Enemy 5,FSM,PatrolState,None,1.00,69.3,0
0.00,FSM Enemy 11,FSM,PatrolState,None,1.00,37.9,0
0.00,FSM Enemy 8,FSM,PatrolState,None,1.00,48.1,0
0.00,Utility Enemy 8,Utility,AttackAction,None,1.00,77.4,0
0.00,Utility Enemy 9,Utility,AttackAction,None,1.00,44.6,0
0.00,Utility Enemy 10,Utility,AttackAction,None,1.00,30.2,0
0.00,Utility Enemy 2,Utility,AttackAction,None,1.00,84.4,0
0.00,Utility Enemy 7,Utility,AttackAction,None,1.00,42.0,0
0.00,Utility Enemy 13,Utility,AttackAction,None,1.00,50.6,0
0.00,Utility Enemy 3,Utility,AttackAction,None,1.00,62.9,0
0.00,Utility Enemy 14,Utility,AttackAction,None,1.00,50.6,0
0.00,Utility Enemy 15,Utility,AttackAction,None,1.00,80.1,0
0.00,Utility Enemy 1,Utility,AttackAction,None,1.00,84.4,0
0.00,Utility Enemy 12,Utility,AttackAction,None,1.00,33.7,0
0.00,Utility Enemy 11,Utility,AttackAction,None,1.00,33.7,0
0.00,Utility Enemy 5,Utility,AttackAction,None,1.00,84.0,0
0.00,Utility Enemy 6,Utility,AttackAction,None,1.00,42.0,0
0.00,Utility Enemy 4,Utility,AttackAction,None,1.00,62.9,0
0.50,Player,Player,-,None,1.00,,0
0.50,FSM Enemy 14,FSM,PatrolState,None,1.00,73.9,0
0.50,FSM Enemy 15,FSM,PatrolState,None,1.00,27.0,0
0.50,FSM Enemy 2,FSM,PatrolState,None,1.00,89.2,0
0.50,FSM Enemy 10,FSM,PatrolState,None,1.00,65.4,0
0.50,FSM Enemy 1,FSM,PatrolState,None,1.00,88.1,0
0.50,FSM Enemy 12,FSM,PatrolState,None,1.00,37.8,0
0.50,FSM Enemy 9,FSM,PatrolState,None,1.00,33.2,0
0.50,FSM Enemy 4,FSM,PatrolState,None,1.00,49.1,0
0.50,FSM Enemy 7,FSM,PatrolState,None,1.00,28.2,0
0.50,FSM Enemy 6,FSM,PatrolState,None,1.00,28.8,0
0.50,FSM Enemy 13,FSM,PatrolState,None,1.00,48.1,0
0.50,FSM Enemy 3,FSM,PatrolState,None,0.90,79.8,0
0.50,FSM Enemy 5,FSM,PatrolState,None,1.00,67.3,0
0.50,FSM Enemy 11,FSM,PatrolState,None,1.00,38.0,0
0.50,FSM Enemy 8,FSM,PatrolState,None,1.00,47.6,0
0.50,Utility Enemy 8,Utility,AttackAction,None,1.00,76.1,0
0.50,Utility Enemy 9,Utility,AttackAction,None,1.00,44.6,0
0.50,Utility Enemy 10,Utility,AttackAction,None,1.00,30.8,0
0.50,Utility Enemy 2,Utility,AttackAction,None,1.00,83.3,0
0.50,Utility Enemy 7,Utility,AttackAction,None,1.00,42.5,0
0.50,Utility Enemy 13,Utility,AttackAction,None,1.00,49.6,0
0.50,Utility Enemy 3,Utility,AttackAction,None,1.00,62.3,0
0.50,Utility Enemy 14,Utility,AttackAction,None,1.00,50.4,0
0.50,Utility Enemy 15,Utility,AttackAction,None,1.00,78.8,0
0.50,Utility Enemy 1,Utility,AttackAction,None,1.00,83.1,0
0.50,Utility Enemy 12,Utility,AttackAction,None,1.00,33.9,0
0.50,Utility Enemy 11,Utility,AttackAction,None,1.00,33.1,0
0.50,Utility Enemy 5,Utility,AttackAction,None,1.00,82.8,0
0.50,Utility Enemy 6,Utility,AttackAction,None,1.00,41.7,0
0.50,Utility Enemy 4,Utility,AttackAction,None,1.00,61.8,0
1.01,Player,Player,-,None,1.00,,0
1.01,FSM Enemy 14,FSM,PatrolState,None,1.00,74.5,0
1.01,FSM Enemy 15,FSM,PatrolState,None,1.00,23.8,0
1.01,FSM Enemy 2,FSM,PatrolState,None,1.00,90.7,0
1.01,FSM Enemy 10,FSM,PatrolState,None,1.00,65.5,0
1.01,FSM Enemy 1,FSM,PatrolState,None,1.00,86.7,0
1.01,FSM Enemy 12,FSM,PatrolState,None,1.00,39.7,0
1.01,FSM Enemy 9,FSM,PatrolState,None,1.00,34.4,0
1.01,FSM Enemy 4,FSM,PatrolState,None,0.90,51.7,0
1.01,FSM Enemy 7,FSM,PatrolState,None,1.00,26.2,0
1.01,FSM Enemy 6,FSM,PatrolState,None,0.90,31.9,0
1.01,FSM Enemy 13,FSM,PatrolState,None,1.00,44.8,0
1.01,FSM Enemy 3,FSM,PatrolState,None,0.80,77.9,0
1.01,FSM Enemy 5,FSM,PatrolState,None,1.00,64.2,0
1.01,FSM Enemy 11,FSM,PatrolState,None,1.00,36.7,0
1.01,FSM Enemy 8,FSM,PatrolState,None,1.00,47.5,0
1.01,Utility Enemy 8,Utility,AttackAction,None,1.00,74.1,0
1.01,Utility Enemy 9,Utility,AttackAction,None,1.00,46.9,0
1.01,Utility Enemy 10,Utility,AttackAction,None,1.00,33.5,0
1.01,Utility Enemy 2,Utility,AttackAction,None,1.00,83.2,0
1.01,Utility Enemy 7,Utility,AttackAction,None,1.00,45.2,0
1.01,Utility Enemy 13,Utility,AttackAction,None,1.00,47.0,0
1.01,Utility Enemy 3,Utility,AttackAction,None,1.00,63.7,0
1.01,Utility Enemy 14,Utility,AttackAction,None,1.00,52.3,0
1.01,Utility Enemy 15,Utility,AttackAction,None,1.00,77.1,0
1.01,Utility Enemy 1,Utility,AttackAction,None,1.00,81.8,0
1.01,Utility Enemy 12,Utility,AttackAction,None,1.00,36.4,0
1.01,Utility Enemy 11,Utility,AttackAction,None,1.00,30.4,0
1.01,Utility Enemy 5,Utility,AttackAction,None,1.00,82.0,0
1.01,Utility Enemy 6,Utility,AttackAction,None,1.00,39.2,0
1.01,Utility Enemy 4,Utility,AttackAction,None,1.00,59.4,0
1.51,Player,Player,-,None,0.95,,0
1.51,FSM Enemy 14,FSM,PatrolState,None,1.00,75.8,0
1.51,FSM Enemy 15,FSM,PatrolState,None,1.00,21.9,0
1.51,FSM Enemy 2,FSM,PatrolState,None,1.00,93.0,0
1.51,FSM Enemy 10,FSM,PatrolState,None,1.00,66.6,0
1.51,FSM Enemy 1,FSM,PatrolState,None,1.00,87.1,0
1.51,FSM Enemy 12,FSM,PatrolState,None,1.00,41.0,0
1.51,FSM Enemy 9,FSM,PatrolState,None,1.00,36.8,0
1.51,FSM Enemy 4,FSM,PatrolState,None,0.90,54.5,0
1.51,FSM Enemy 7,FSM,PatrolState,None,1.00,24.7,0
1.51,FSM Enemy 6,FSM,PatrolState,None,0.80,34.2,0
1.51,FSM Enemy 13,FSM,PatrolState,None,1.00,42.6,0
1.51,FSM Enemy 3,FSM,PatrolState,None,0.70,77.2,0
1.51,FSM Enemy 5,FSM,PatrolState,None,1.00,62.7,0
1.51,FSM Enemy 11,FSM,PatrolState,None,1.00,35.9,0
1.51,FSM Enemy 8,FSM,PatrolState,None,1.00,48.8,0
1.51,Utility Enemy 8,Utility,AttackAction,None,1.00,73.5,0
1.51,Utility Enemy 9,Utility,AttackAction,None,1.00,48.9,0
1.51,Utility Enemy 10,Utility,AttackAction,None,1.00,35.5,0
1.51,Utility Enemy 2,Utility,AttackAction,None,1.00,84.3,0
1.51,Utility Enemy 7,Utility,AttackAction,None,1.00,47.2,0
1.51,Utility Enemy 13,Utility,AttackAction,None,1.00,45.5,0
1.51,Utility Enemy 3,Utility,AttackAction,None,1.00,65.5,0
1.51,Utility Enemy 14,Utility,AttackAction,None,1.00,54.4,0
1.51,Utility Enemy 15,Utility,AttackAction,None,1.00,76.8,0
1.51,Utility Enemy 1,Utility,AttackAction,None,1.00,81.9,0
1.51,Utility Enemy 12,Utility,AttackAction,None,1.00,38.4,0
1.51,Utility Enemy 11,Utility,AttackAction,None,1.00,28.5,0
1.51,Utility Enemy 5,Utility,AttackAction,None,1.00,82.7,0
1.51,Utility Enemy 6,Utility,AttackAction,None,1.00,37.2,0
1.51,Utility Enemy 4,Utility,AttackAction,None,1.00,58.4,0
2.01,Player,Player,-,None,0.95,,0
2.01,FSM Enemy 14,FSM,PatrolState,None,1.00,76.7,0
2.01,FSM Enemy 15,FSM,PatrolState,None,0.90,20.1,0
2.01,FSM Enemy 2,FSM,PatrolState,None,1.00,95.2,0
2.01,FSM Enemy 10,FSM,PatrolState,None,1.00,67.5,0
2.01,FSM Enemy 1,FSM,PatrolState,None,1.00,87.7,0
2.01,FSM Enemy 12,FSM,PatrolState,None,1.00,42.0,0
2.01,FSM Enemy 9,FSM,PatrolState,None,1.00,38.9,0
2.01,FSM Enemy 4,FSM,PatrolState,None,0.90,56.9,0
2.01,FSM Enemy 7,FSM,PatrolState,None,1.00,23.7,0
2.01,FSM Enemy 6,FSM,PatrolState,None,0.70,36.0,0
2.01,FSM Enemy 13,FSM,PatrolState,None,1.00,40.8,0
2.01,FSM Enemy 3,FSM,PatrolState,None,0.60,76.5,0
2.01,FSM Enemy 5,FSM,PatrolState,None,1.00,61.4,0
2.01,FSM Enemy 11,FSM,PatrolState,None,1.00,35.5,0
2.01,FSM Enemy 8,FSM,PatrolState,None,1.00,50.1,0
2.01,Utility Enemy 8,Utility,AttackAction,None,1.00,73.0,0
2.01,Utility Enemy 9,Utility,AttackAction,None,1.00,50.6,0
2.01,Utility Enemy 10,Utility,AttackAction,None,1.00,37.0,0
2.01,Utility Enemy 2,Utility,AttackAction,None,1.00,85.2,0
2.01,Utility Enemy 7,Utility,AttackAction,None,1.00,48.8,0
2.01,Utility Enemy 13,Utility,AttackAction,None,1.00,44.3,0
2.01,Utility Enemy 3,Utility,AttackAction,None,1.00,67.0,0
2.01,Utility Enemy 14,Utility,AttackAction,None,1.00,56.0,0
2.01,Utility Enemy 15,Utility,AttackAction,None,1.00,76.6,0
2.01,Utility Enemy 1,Utility,AttackAction,None,1.00,82.0,0
2.01,Utility Enemy 12,Utility,AttackAction,None,1.00,40.1,0
2.01,Utility Enemy 11,Utility,AttackAction,None,1.00,27.0,0
2.01,Utility Enemy 5,Utility,AttackAction,None,1.00,83.2,0
2.01,Utility Enemy 6,Utility,AttackAction,None,1.00,35.5,0
2.01,Utility Enemy 4,Utility,AttackAction,None,1.00,57.6,0
2.51,Player,Player,-,None,0.95,,0
2.51,FSM Enemy 14,FSM,PatrolState,None,1.00,77.7,0
2.51,FSM Enemy 15,FSM,PatrolState,None,0.90,18.3,0
2.51,FSM Enemy 2,FSM,PatrolState,None,1.00,96.6,0
2.51,FSM Enemy 10,FSM,PatrolState,None,1.00,68.7,0
2.51,FSM Enemy 1,FSM,PatrolState,None,1.00,88.4,0
2.51,FSM Enemy 12,FSM,PatrolState,None,1.00,43.9,0
2.51,FSM Enemy 9,FSM,PatrolState,None,1.00,41.2,0
2.51,FSM Enemy 4,FSM,PatrolState,None,0.90,59.6,0
2.51,FSM Enemy 7,FSM,PatrolState,None,1.00,22.6,0
2.51,FSM Enemy 6,FSM,PatrolState,None,0.70,38.1,0
2.51,FSM Enemy 13,FSM,PatrolState,None,1.00,39.0,0
2.51,FSM Enemy 3,FSM,PatrolState,None,0.60,75.9,0
2.51,FSM Enemy 5,FSM,PatrolState,None,1.00,60.3,0
2.51,FSM Enemy 11,FSM,PatrolState,None,1.00,34.9,0
2.51,FSM Enemy 8,FSM,PatrolState,None,1.00,51.4,0
2.51,Utility Enemy 8,Utility,AttackAction,None,1.00,72.5,0
2.51,Utility Enemy 9,Utility,AttackAction,None,1.00,52.5,0
2.51,Utility Enemy 10,Utility,AttackAction,None,1.00,39.1,0
2.51,Utility Enemy 2,Utility,AttackAction,None,1.00,86.2,0
2.51,Utility Enemy 7,Utility,AttackAction,None,1.00,50.6,0
2.51,Utility Enemy 13,Utility,AttackAction,None,1.00,43.0,0
2.51,Utility Enemy 3,Utility,AttackAction,None,1.00,68.7,0
2.51,Utility Enemy 14,Utility,AttackAction,None,1.00,57.9,0
2.51,Utility Enemy 15,Utility,AttackAction,None,1.00,76.4,0
2.51,Utility Enemy 1,Utility,AttackAction,None,1.00,82.2,0
2.51,Utility Enemy 12,Utility,AttackAction,None,1.00,42.0,0
2.51,Utility Enemy 11,Utility,AttackAction,None,0.75,25.3,0
2.51,Utility Enemy 5,Utility,AttackAction,None,1.00,83.8,0
2.51,Utility Enemy 6,Utility,AttackAction,None,1.00,33.6,0
2.51,Utility Enemy 4,Utility,AttackAction,None,1.00,56.8,0
3.02,Player,Player,-,None,0.95,,0
3.02,FSM Enemy 14,FSM,PatrolState,None,1.00,77.9,0
3.02,FSM Enemy 15,FSM,PatrolState,None,0.90,17.8,0
3.02,FSM Enemy 2,FSM,PatrolState,None,1.00,97.0,0
3.02,FSM Enemy 10,FSM,PatrolState,None,1.00,69.7,0
3.02,FSM Enemy 1,FSM,PatrolState,None,1.00,90.0,0
3.02,FSM Enemy 12,FSM,PatrolState,None,1.00,44.8,0
3.02,FSM Enemy 9,FSM,PatrolState,None,1.00,43.2,0
3.02,FSM Enemy 4,FSM,PatrolState,None,0.90,60.9,0
3.02,FSM Enemy 7,FSM,PatrolState,None,1.00,23.1,0
3.02,FSM Enemy 6,FSM,PatrolState,None,0.60,38.8,0
3.02,FSM Enemy 13,FSM,PatrolState,None,0.90,38.1,0
3.02,FSM Enemy 3,FSM,PatrolState,None,0.60,75.8,0
3.02,FSM Enemy 5,FSM,PatrolState,None,1.00,60.1,0
3.02,FSM Enemy 11,FSM,PatrolState,None,1.00,35.8,0
3.02,FSM Enemy 8,FSM,PatrolState,None,1.00,52.8,0
3.02,Utility Enemy 8,Utility,AttackAction,None,1.00,73.0,0
3.02,Utility Enemy 9,Utility,AttackAction,None,1.00,53.1,0
3.02,Utility Enemy 10,Utility,AttackAction,None,1.00,39.8,0
3.02,Utility Enemy 2,Utility,AttackAction,None,1.00,87.0,0
3.02,Utility Enemy 7,Utility,AttackAction,None,1.00,50.9,0
3.02,Utility Enemy 13,Utility,AttackAction,None,1.00,43.2,0
3.02,Utility Enemy 3,Utility,AttackAction,None,1.00,69.5,0
3.02,Utility Enemy 14,Utility,AttackAction,None,1.00,58.5,0
3.02,Utility Enemy 15,Utility,AttackAction,None,1.00,77.0,0
3.02,Utility Enemy 1,Utility,AttackAction,None,1.00,82.8,0
3.02,Utility Enemy 12,Utility,AttackAction,None,1.00,42.5,0
3.02,Utility Enemy 11,Utility,AttackAction,None,0.75,25.2,0
3.02,Utility Enemy 5,Utility,AttackAction,None,1.00,84.6,0
3.02,Utility Enemy 6,Utility,AttackAction,None,1.00,33.2,0
3.02,Utility Enemy 4,Utility,AttackAction,None,1.00,57.2,0
3.52,Player,Player,-,None,0.95,,0
3.52,FSM Enemy 14,FSM,PatrolState,None,1.00,80.2,0
3.52,FSM Enemy 15,FSM,PatrolState,None,0.90,14.7,0
3.52,FSM Enemy 2,FSM,PatrolState,None,1.00,99.3,0
3.52,FSM Enemy 10,FSM,PatrolState,None,1.00,72.1,0
3.52,FSM Enemy 1,FSM,PatrolState,None,1.00,89.9,0
3.52,FSM Enemy 12,FSM,PatrolState,None,1.00,49.1,0
3.52,FSM Enemy 9,FSM,PatrolState,None,1.00,46.6,0
3.52,FSM Enemy 4,FSM,PatrolState,None,0.90,65.1,0
3.52,FSM Enemy 7,FSM,PatrolState,None,1.00,19.6,0
3.52,FSM Enemy 6,FSM,PatrolState,None,0.50,42.8,0
3.52,FSM Enemy 13,FSM,PatrolState,None,0.80,34.4,0
3.52,FSM Enemy 3,FSM,PatrolState,None,0.60,76.0,0
3.52,FSM Enemy 5,FSM,PatrolState,None,0.90,58.7,0
3.52,FSM Enemy 11,FSM,PatrolState,None,1.00,33.3,0
3.52,FSM Enemy 8,FSM,PatrolState,None,1.00,53.7,0
3.52,Utility Enemy 8,Utility,AttackAction,None,1.00,72.1,0
3.52,Utility Enemy 9,Utility,AttackAction,None,1.00,56.8,0
3.52,Utility Enemy 10,Utility,AttackAction,None,1.00,43.8,0
3.52,Utility Enemy 2,Utility,AttackAction,None,1.00,89.0,0
3.52,Utility Enemy 7,Utility,AttackAction,None,1.00,54.6,0
3.52,Utility Enemy 13,Utility,AttackAction,None,1.00,40.7,0
3.52,Utility Enemy 3,Utility,AttackAction,None,1.00,72.8,0
3.52,Utility Enemy 14,Utility,AttackAction,None,1.00,62.2,0
3.52,Utility Enemy 15,Utility,AttackAction,None,1.00,76.6,0
3.52,Utility Enemy 1,Utility,AttackAction,None,1.00,83.1,0
3.52,Utility Enemy 12,Utility,AttackAction,None,1.00,46.2,0
3.52,Utility Enemy 11,Utility,AttackAction,None,0.75,21.9,0
3.52,Utility Enemy 5,Utility,AttackAction,None,1.00,85.7,0
3.52,Utility Enemy 6,Utility,AttackAction,None,1.00,29.5,0
3.52,Utility Enemy 4,Utility,AttackAction,None,1.00,55.5,0
4.02,Player,Player,-,None,0.89,,0
4.02,FSM Enemy 14,FSM,PatrolState,None,1.00,82.7,0
4.02,FSM Enemy 15,FSM,AttackState,None,0.90,12.5,1
4.02,FSM Enemy 2,FSM,PatrolState,None,1.00,101.6,0
4.02,FSM Enemy 10,FSM,PatrolState,None,1.00,74.8,0
4.02,FSM Enemy 1,FSM,PatrolState,None,1.00,89.7,0
4.02,FSM Enemy 12,FSM,PatrolState,None,1.00,53.3,0
4.02,FSM Enemy 9,FSM,PatrolState,None,1.00,50.1,0
4.02,FSM Enemy 4,FSM,PatrolState,None,0.90,69.2,0
4.02,FSM Enemy 7,FSM,PatrolState,None,1.00,15.9,0
4.02,FSM Enemy 6,FSM,PatrolState,None,0.40,46.9,0
4.02,FSM Enemy 13,FSM,PatrolState,None,0.80,30.9,0
4.02,FSM Enemy 3,FSM,PatrolState,None,0.60,77.4,0
4.02,FSM Enemy 5,FSM,PatrolState,None,0.90,57.6,0
4.02,FSM Enemy 11,FSM,PatrolState,None,1.00,30.9,0
4.02,FSM Enemy 8,FSM,PatrolState,None,1.00,55.0,0
4.02,Utility Enemy 8,Utility,AttackAction,None,1.00,71.3,0
4.02,Utility Enemy 9,Utility,AttackAction,None,1.00,60.6,0
4.02,Utility Enemy 10,Utility,AttackAction,None,1.00,47.9,0
4.02,Utility Enemy 2,Utility,AttackAction,None,1.00,91.0,0
4.02,Utility Enemy 7,Utility,AttackAction,None,1.00,58.3,0
4.02,Utility Enemy 13,Utility,AttackAction,None,1.00,38.4,0
4.02,Utility Enemy 3,Utility,AttackAction,None,1.00,76.1,0
4.02,Utility Enemy 14,Utility,AttackAction,None,1.00,65.8,0
4.02,Utility Enemy 15,Utility,AttackAction,None,1.00,76.3,0
4.02,Utility Enemy 1,Utility,AttackAction,None,1.00,83.6,0
4.02,Utility Enemy 12,Utility,AttackAction,None,1.00,50.0,0
4.02,Utility Enemy 11,Utility,AttackAction,None,0.75,18.8,1
4.02,Utility Enemy 5,Utility,AttackAction,None,1.00,87.0,0
4.02,Utility Enemy 6,Utility,AttackAction,None,1.00,25.7,0
4.02,Utility Enemy 4,Utility,AttackAction,None,1.00,54.1,0
4.52,Player,Player,-,None,0.89,,0
4.52,FSM Enemy 14,FSM,PatrolState,None,1.00,85.1,0
4.52,FSM Enemy 15,FSM,AttackState,None,0.90,11.1,1
4.52,FSM Enemy 2,FSM,PatrolState,None,1.00,103.1,0
4.52,FSM Enemy 10,FSM,PatrolState,None,1.00,77.4,0
4.52,FSM Enemy 1,FSM,PatrolState,None,1.00,89.5,0
4.52,FSM Enemy 12,FSM,PatrolState,None,1.00,57.5,0
4.52,FSM Enemy 9,FSM,PatrolState,None,1.00,53.1,0
4.52,FSM Enemy 4,FSM,PatrolState,None,0.90,73.2,0
4.52,FSM Enemy 7,FSM,PatrolState,None,1.00,12.0,0
4.52,FSM Enemy 6,FSM,PatrolState,None,0.40,51.0,0
4.52,FSM Enemy 13,FSM,PatrolState,None,0.80,28.7,0
4.52,FSM Enemy 3,FSM,PatrolState,None,0.60,78.5,0
4.52,FSM Enemy 5,FSM,PatrolState,None,0.90,56.6,0
4.52,FSM Enemy 11,FSM,PatrolState,None,1.00,27.3,0
4.52,FSM Enemy 8,FSM,PatrolState,None,1.00,56.3,0
4.52,Utility Enemy 8,Utility,AttackAction,None,1.00,70.3,0
4.52,Utility Enemy 9,Utility,AttackAction,None,1.00,64.2,0
4.52,Utility Enemy 10,Utility,AttackAction,None,1.00,51.9,0
4.52,Utility Enemy 2,Utility,AttackAction,None,1.00,92.8,0
4.52,Utility Enemy 7,Utility,AttackAction,None,1.00,61.9,0
4.52,Utility Enemy 13,Utility,AttackAction,None,1.00,36.0,0
4.52,Utility Enemy 3,Utility,AttackAction,None,1.00,79.2,0
4.52,Utility Enemy 14,Utility,AttackAction,None,1.00,69.3,0
4.52,Utility Enemy 15,Utility,AttackAction,None,1.00,75.9,0
4.52,Utility Enemy 1,Utility,AttackAction,None,1.00,83.8,0
4.52,Utility Enemy 12,Utility,AttackAction,None,1.00,53.7,0
4.52,Utility Enemy 11,Utility,Dead,None,0.00,15.7,1
4.52,Utility Enemy 5,Utility,AttackAction,None,1.00,88.1,0
4.52,Utility Enemy 6,Utility,AttackAction,None,1.00,22.1,0
4.52,Utility Enemy 4,Utility,AttackAction,None,1.00,52.6,0
5.03,Player,Player,-,None,0.89,,0
5.03,FSM Enemy 14,FSM,PatrolState,None,1.00,87.8,0
5.03,FSM Enemy 15,FSM,AttackState,None,0.90,10.7,1
5.03,FSM Enemy 2,FSM,PatrolState,None,1.00,105.6,0
5.03,FSM Enemy 10,FSM,PatrolState,None,1.00,80.2,0
5.03,FSM Enemy 1,FSM,PatrolState,None,1.00,89.5,0
5.03,FSM Enemy 12,FSM,PatrolState,None,1.00,61.8,0
5.03,FSM Enemy 9,FSM,PatrolState,None,1.00,55.1,0
5.03,FSM Enemy 4,FSM,PatrolState,None,0.90,77.2,0
5.03,FSM Enemy 7,FSM,PatrolState,None,1.00,8.1,0
5.03,FSM Enemy 6,FSM,PatrolState,None,0.30,54.9,0
5.03,FSM Enemy 13,FSM,PatrolState,None,0.80,26.0,0
5.03,FSM Enemy 3,FSM,PatrolState,None,0.60,79.5,0
5.03,FSM Enemy 5,FSM,PatrolState,None,0.90,56.4,0
5.03,FSM Enemy 11,FSM,PatrolState,None,1.00,22.4,0
5.03,FSM Enemy 8,FSM,PatrolState,None,1.00,57.9,0
5.03,Utility Enemy 8,Utility,AttackAction,None,1.00,69.4,0
5.03,Utility Enemy 9,Utility,AttackAction,None,1.00,67.9,0
5.03,Utility Enemy 10,Utility,AttackAction,None,1.00,55.9,0
5.03,Utility Enemy 2,Utility,AttackAction,None,1.00,94.6,0
5.03,Utility Enemy 7,Utility,AttackAction,None,1.00,65.7,0
5.03,Utility Enemy 13,Utility,AttackAction,None,1.00,33.7,0
5.03,Utility Enemy 3,Utility,AttackAction,None,1.00,82.4,0
5.03,Utility Enemy 14,Utility,AttackAction,None,1.00,72.9,0
5.03,Utility Enemy 15,Utility,AttackAction,None,1.00,75.5,0
5.03,Utility Enemy 1,Utility,AttackAction,None,1.00,84.0,0
5.03,Utility Enemy 12,Utility,AttackAction,None,1.00,57.4,0
5.03,Utility Enemy 11,Utility,Dead,None,0.00,12.9,1
5.03,Utility Enemy 5,Utility,AttackAction,None,1.00,89.2,0
5.03,Utility Enemy 6,Utility,AttackAction,None,1.00,18.3,1
5.03,Utility Enemy 4,Utility,AttackAction,None,1.00,51.1,0
5.53,Player,Player,-,None,0.89,,0
5.53,FSM Enemy 14,FSM,PatrolState,None,1.00,92.3,0
5.53,FSM Enemy 15,FSM,AttackState,None,0.90,12.3,1
5.53,FSM Enemy 2,FSM,PatrolState,None,1.00,109.8,0
5.53,FSM Enemy 10,FSM,PatrolState,None,1.00,83.6,0
5.53,FSM Enemy 1,FSM,PatrolState,None,1.00,90.7,0
5.53,FSM Enemy 12,FSM,PatrolState,None,1.00,66.1,0
5.53,FSM Enemy 9,FSM,PatrolState,None,1.00,57.7,0
5.53,FSM Enemy 4,FSM,PatrolState,None,0.90,80.7,0
5.53,FSM Enemy 7,FSM,Dead,None,0.00,4.5,0
5.53,FSM Enemy 6,FSM,PatrolState,None,0.20,58.7,0
5.53,FSM Enemy 13,FSM,PatrolState,None,0.80,23.8,0
5.53,FSM Enemy 3,FSM,PatrolState,None,0.60,81.4,0
5.53,FSM Enemy 5,FSM,PatrolState,None,0.90,57.5,0
5.53,FSM Enemy 11,FSM,AttackState,None,1.00,17.3,1
5.53,FSM Enemy 8,FSM,PatrolState,None,1.00,60.6,0
5.53,Utility Enemy 8,Utility,AttackAction,None,1.00,69.4,0
5.53,Utility Enemy 9,Utility,AttackAction,None,1.00,71.6,0
5.53,Utility Enemy 10,Utility,AttackAction,None,1.00,59.6,0
5.53,Utility Enemy 2,Utility,AttackAction,None,1.00,97.2,0
5.53,Utility Enemy 7,Utility,AttackAction,None,1.00,69.4,0
5.53,Utility Enemy 13,Utility,AttackAction,None,1.00,32.5,0
5.53,Utility Enemy 3,Utility,AttackAction,None,1.00,85.9,0
5.53,Utility Enemy 14,Utility,AttackAction,None,1.00,76.6,0
5.53,Utility Enemy 15,Utility,AttackAction,None,1.00,76.1,0
5.53,Utility Enemy 1,Utility,AttackAction,None,1.00,85.2,0
5.53,Utility Enemy 12,Utility,AttackAction,None,1.00,61.1,0
5.53,Utility Enemy 11,Utility,Dead,None,0.00,11.4,1
5.53,Utility Enemy 5,Utility,AttackAction,None,1.00,91.1,0
5.53,Utility Enemy 6,Utility,SpreadFireAction,None,1.00,14.7,1
5.53,Utility Enemy 4,Utility,AttackAction,None,1.00,50.7,0
6.04,Player,Player,-,None,0.84,,0
6.04,FSM Enemy 14,FSM,PatrolState,None,1.00,97.1,0
6.04,FSM Enemy 15,FSM,AttackState,None,0.90,15.0,1
6.04,FSM Enemy 2,FSM,PatrolState,None,1.00,113.6,0
6.04,FSM Enemy 10,FSM,PatrolState,None,1.00,87.4,0
6.04,FSM Enemy 1,FSM,PatrolState,None,1.00,92.7,0
6.04,FSM Enemy 12,FSM,PatrolState,None,0.90,70.1,0
6.04,FSM Enemy 9,FSM,PatrolState,None,1.00,60.8,0
6.04,FSM Enemy 4,FSM,PatrolState,None,0.90,83.5,0
6.04,FSM Enemy 7,FSM,Dead,None,0.00,3.2,1
6.04,FSM Enemy 6,FSM,PatrolState,None,0.10,61.6,0
6.04,FSM Enemy 13,FSM,PatrolState,None,0.80,22.6,0
6.04,FSM Enemy 3,FSM,PatrolState,None,0.60,84.5,0
6.04,FSM Enemy 5,FSM,PatrolState,None,0.90,59.3,0
6.04,FSM Enemy 11,FSM,AttackState,None,0.75,13.6,1
6.04,FSM Enemy 8,FSM,PatrolState,None,1.00,63.9,0
6.04,Utility Enemy 8,Utility,AttackAction,None,1.00,70.2,0
6.04,Utility Enemy 9,Utility,AttackAction,None,1.00,75.3,0
6.04,Utility Enemy 10,Utility,AttackAction,None,1.00,63.0,0
6.04,Utility Enemy 2,Utility,AttackAction,None,1.00,100.1,0
6.04,Utility Enemy 7,Utility,AttackAction,None,1.00,72.8,0
6.04,Utility Enemy 13,Utility,AttackAction,None,1.00,32.1,0
6.04,Utility Enemy 3,Utility,AttackAction,None,1.00,89.6,0
6.04,Utility Enemy 14,Utility,AttackAction,None,1.00,80.3,0
6.04,Utility Enemy 15,Utility,AttackAction,None,1.00,77.3,0
6.04,Utility Enemy 1,Utility,AttackAction,None,1.00,87.0,0
6.04,Utility Enemy 12,Utility,AttackAction,None,1.00,64.8,0
6.04,Utility Enemy 11,Utility,Dead,None,0.00,11.5,1
6.04,Utility Enemy 5,Utility,AttackAction,None,1.00,93.5,0
6.04,Utility Enemy 6,Utility,AttackAction,None,1.00,11.4,1
6.04,Utility Enemy 4,Utility,AttackAction,None,1.00,51.0,0
6.54,Player,Player,-,None,0.79,,0
6.54,FSM Enemy 14,FSM,PatrolState,None,1.00,101.8,0
6.54,FSM Enemy 15,FSM,AttackState,None,0.90,18.0,1
6.54,FSM Enemy 2,FSM,PatrolState,None,1.00,116.9,0
6.54,FSM Enemy 10,FSM,PatrolState,None,1.00,91.3,0
6.54,FSM Enemy 1,FSM,PatrolState,None,1.00,93.5,0
6.54,FSM Enemy 12,FSM,PatrolState,None,0.90,74.2,0
6.54,FSM Enemy 9,FSM,PatrolState,None,1.00,63.9,0
6.54,FSM Enemy 4,FSM,PatrolState,None,0.90,88.2,0
6.54,FSM Enemy 7,FSM,Dead,None,0.00,5.2,1
6.54,FSM Enemy 6,FSM,PatrolState,None,0.10,64.0,0
6.54,FSM Enemy 13,FSM,PatrolState,None,0.80,21.8,0
6.54,FSM Enemy 3,FSM,PatrolState,None,0.60,87.8,0
6.54,FSM Enemy 5,FSM,PatrolState,None,0.90,61.0,0
6.54,FSM Enemy 11,FSM,Dead,None,0.00,11.6,0
6.54,FSM Enemy 8,FSM,PatrolState,None,1.00,67.0,0
6.54,Utility Enemy 8,Utility,AttackAction,None,1.00,71.0,0
6.54,Utility Enemy 9,Utility,AttackAction,None,1.00,79.0,0
6.54,Utility Enemy 10,Utility,AttackAction,None,1.00,66.6,0
6.54,Utility Enemy 2,Utility,AttackAction,None,1.00,103.0,0
6.54,Utility Enemy 7,Utility,AttackAction,None,1.00,76.4,0
6.54,Utility Enemy 13,Utility,AttackAction,None,1.00,32.0,0
6.54,Utility Enemy 3,Utility,AttackAction,None,1.00,93.2,0
6.54,Utility Enemy 14,Utility,AttackAction,None,1.00,84.1,0
6.54,Utility Enemy 15,Utility,AttackAction,None,1.00,78.6,0
6.54,Utility Enemy 1,Utility,AttackAction,None,1.00,88.7,0
6.54,Utility Enemy 12,Utility,AttackAction,None,1.00,68.5,0
6.54,Utility Enemy 11,Utility,Dead,None,0.00,12.6,0
6.54,Utility Enemy 5,Utility,AttackAction,None,1.00,95.9,0
6.54,Utility Enemy 6,Utility,AttackAction,None,0.50,8.5,1
6.54,Utility Enemy 4,Utility,AttackAction,None,1.00,51.5,0
7.04,Player,Player,-,None,0.79,,0
7.04,FSM Enemy 14,FSM,PatrolState,None,1.00,106.4,0
7.04,FSM Enemy 15,FSM,ChaseState,None,0.90,19.6,1
7.04,FSM Enemy 2,FSM,PatrolState,None,1.00,120.1,0
7.04,FSM Enemy 10,FSM,PatrolState,None,1.00,95.0,0
7.04,FSM Enemy 1,FSM,PatrolState,None,1.00,92.9,0
7.04,FSM Enemy 12,FSM,PatrolState,None,0.90,78.5,0
7.04,FSM Enemy 9,FSM,PatrolState,None,1.00,67.2,0
7.04,FSM Enemy 4,FSM,PatrolState,None,0.90,92.2,0
7.04,FSM Enemy 7,FSM,Dead,None,0.00,8.3,1
7.04,FSM Enemy 6,FSM,Dead,None,0.00,67.3,0
7.04,FSM Enemy 13,FSM,PatrolState,None,0.80,21.0,0
7.04,FSM Enemy 3,FSM,PatrolState,None,0.60,91.0,0
7.04,FSM Enemy 5,FSM,PatrolState,None,0.90,62.3,0
7.04,FSM Enemy 11,FSM,Dead,None,0.00,9.0,0
7.04,FSM Enemy 8,FSM,PatrolState,None,1.00,68.4,0
7.04,Utility Enemy 8,Utility,AttackAction,None,1.00,71.5,0
7.04,Utility Enemy 9,Utility,AttackAction,None,1.00,82.8,0
7.04,Utility Enemy 10,Utility,AttackAction,None,1.00,70.3,0
7.04,Utility Enemy 2,Utility,AttackAction,None,1.00,105.7,0
7.04,Utility Enemy 7,Utility,AttackAction,None,1.00,80.1,0
7.04,Utility Enemy 13,Utility,AttackAction,None,1.00,31.9,0
7.04,Utility Enemy 3,Utility,AttackAction,None,1.00,96.8,0
7.04,Utility Enemy 14,Utility,AttackAction,None,1.00,87.8,0
7.04,Utility Enemy 15,Utility,AttackAction,None,1.00,79.5,0
7.04,Utility Enemy 1,Utility,AttackAction,None,1.00,90.2,0
7.04,Utility Enemy 12,Utility,AttackAction,None,1.00,72.3,0
7.04,Utility Enemy 11,Utility,Dead,None,0.00,14.3,0
7.04,Utility Enemy 5,Utility,AttackAction,None,1.00,98.0,0
7.04,Utility Enemy 6,Utility,Dead,None,0.00,5.9,0
7.04,Utility Enemy 4,Utility,AttackAction,None,1.00,51.7,0
7.54,Player,Player,-,None,0.79,,0
7.54,FSM Enemy 14,FSM,PatrolState,None,1.00,109.4,0
7.54,FSM Enemy 15,FSM,ChaseState,None,0.90,19.3,1
7.54,FSM Enemy 2,FSM,PatrolState,None,1.00,121.6,0
7.54,FSM Enemy 10,FSM,PatrolState,None,1.00,97.3,0
7.54,FSM Enemy 1,FSM,PatrolState,None,1.00,90.8,0
7.54,FSM Enemy 12,FSM,PatrolState,None,0.90,82.1,0
7.54,FSM Enemy 9,FSM,PatrolState,None,1.00,69.1,0
7.54,FSM Enemy 4,FSM,PatrolState,None,0.90,94.4,0
7.54,FSM Enemy 7,FSM,Dead,None,0.00,10.5,0
7.54,FSM Enemy 6,FSM,Dead,None,0.00,70.3,0
7.54,FSM Enemy 13,FSM,PatrolState,None,0.80,19.2,0
7.54,FSM Enemy 3,FSM,PatrolState,None,0.60,92.5,0
7.54,FSM Enemy 5,FSM,PatrolState,None,0.90,61.8,0
7.54,FSM Enemy 11,FSM,Dead,None,0.00,6.4,0
7.54,FSM Enemy 8,FSM,PatrolState,None,1.00,68.1,0
7.54,Utility Enemy 8,Utility,AttackAction,None,1.00,70.5,0
7.54,Utility Enemy 9,Utility,AttackAction,None,1.00,85.6,0
7.54,Utility Enemy 10,Utility,AttackAction,None,1.00,73.3,0
7.54,Utility Enemy 2,Utility,AttackAction,None,1.00,106.7,0
7.54,Utility Enemy 7,Utility,AttackAction,None,1.00,83.1,0
7.54,Utility Enemy 13,Utility,AttackAction,None,1.00,30.7,0
7.54,Utility Enemy 3,Utility,AttackAction,None,1.00,98.9,0
7.54,Utility Enemy 14,Utility,AttackAction,None,1.00,90.4,0
7.54,Utility Enemy 15,Utility,AttackAction,None,1.00,78.9,0
7.54,Utility Enemy 1,Utility,AttackAction,None,1.00,90.0,0
7.54,Utility Enemy 12,Utility,AttackAction,None,1.00,75.1,0
7.54,Utility Enemy 11,Utility,Dead,None,0.00,14.9,0
7.54,Utility Enemy 5,Utility,AttackAction,None,1.00,98.5,0
7.54,Utility Enemy 6,Utility,Dead,None,0.00,3.7,1
7.54,Utility Enemy 4,Utility,AttackAction,None,1.00,50.6,0
8.05,Player,Player,-,None,0.79,,0
8.05,FSM Enemy 14,FSM,PatrolState,None,1.00,108.7,0
8.05,FSM Enemy 15,FSM,AttackState,None,0.90,15.9,1
8.05,FSM Enemy 2,FSM,PatrolState,None,1.00,119.3,0
8.05,FSM Enemy 10,FSM,PatrolState,None,1.00,95.7,0
8.05,FSM Enemy 1,FSM,PatrolState,None,1.00,86.7,0
8.05,FSM Enemy 12,FSM,PatrolState,None,0.90,82.5,0
8.05,FSM Enemy 9,FSM,PatrolState,None,1.00,67.3,0
8.05,FSM Enemy 4,FSM,PatrolState,None,0.90,92.5,0
8.05,FSM Enemy 7,FSM,Dead,None,0.00,9.5,0
8.05,FSM Enemy 6,FSM,Dead,None,0.00,70.1,0
8.05,FSM Enemy 13,FSM,PatrolState,None,0.80,15.7,0
8.05,FSM Enemy 3,FSM,PatrolState,None,0.50,90.8,0
8.05,FSM Enemy 5,FSM,PatrolState,None,0.90,59.1,0
8.05,FSM Enemy 11,FSM,Dead,None,0.00,4.4,0
8.05,FSM Enemy 8,FSM,PatrolState,None,1.00,64.4,0
8.05,Utility Enemy 8,Utility,AttackAction,None,1.00,67.5,0
8.05,Utility Enemy 9,Utility,AttackAction,None,1.00,84.7,0
8.05,Utility Enemy 10,Utility,AttackAction,None,1.00,73.1,0
8.05,Utility Enemy 2,Utility,AttackAction,None,1.00,104.2,0
8.05,Utility Enemy 7,Utility,AttackAction,None,1.00,82.9,0
8.05,Utility Enemy 13,Utility,AttackAction,None,1.00,27.7,0
8.05,Utility Enemy 3,Utility,AttackAction,None,1.00,97.3,0
8.05,Utility Enemy 14,Utility,AttackAction,None,1.00,89.2,0
8.05,Utility Enemy 15,Utility,AttackAction,None,1.00,75.9,0
8.05,Utility Enemy 1,Utility,AttackAction,None,1.00,87.1,0
8.05,Utility Enemy 12,Utility,AttackAction,None,1.00,74.5,0
8.05,Utility Enemy 11,Utility,Dead,None,0.00,12.3,0
8.05,Utility Enemy 5,Utility,AttackAction,None,1.00,95.7,0
8.05,Utility Enemy 6,Utility,Dead,None,0.00,1.3,1
8.05,Utility Enemy 4,Utility,AttackAction,None,1.00,47.6,0
8.55,Player,Player,-,None,0.79,,0
8.55,FSM Enemy 14,FSM,PatrolState,None,1.00,107.0,0
8.55,FSM Enemy 15,FSM,AttackState,None,0.90,13.4,1
8.55,FSM Enemy 2,FSM,PatrolState,None,1.00,116.4,0
8.55,FSM Enemy 10,FSM,PatrolState,None,1.00,93.1,0
8.55,FSM Enemy 1,FSM,PatrolState,None,1.00,83.3,0
8.55,FSM Enemy 12,FSM,PatrolState,None,0.90,80.9,0
8.55,FSM Enemy 9,FSM,PatrolState,None,1.00,64.8,0
8.55,FSM Enemy 4,FSM,PatrolState,None,0.90,89.4,0
8.55,FSM Enemy 7,FSM,Dead,None,0.00,7.8,0
8.55,FSM Enemy 6,FSM,Dead,None,0.00,68.5,0
8.55,FSM Enemy 13,FSM,PatrolState,None,0.80,13.8,0
8.55,FSM Enemy 3,FSM,PatrolState,None,0.50,89.0,0
8.55,FSM Enemy 5,FSM,PatrolState,None,0.90,57.0,0
8.55,FSM Enemy 11,FSM,Dead,None,0.00,5.5,0
8.55,FSM Enemy 8,FSM,PatrolState,None,1.00,60.3,0
8.55,Utility Enemy 8,Utility,AttackAction,None,1.00,65.1,0
8.55,Utility Enemy 9,Utility,AttackAction,None,1.00,82.6,0
8.55,Utility Enemy 10,Utility,AttackAction,None,1.00,71.5,0
8.55,Utility Enemy 2,Utility,AttackAction,None,1.00,101.2,0
8.55,Utility Enemy 7,Utility,AttackAction,None,1.00,81.2,0
8.55,Utility Enemy 13,Utility,AttackAction,None,1.00,25.5,0
8.55,Utility Enemy 3,Utility,AttackAction,None,1.00,94.6,0
8.55,Utility Enemy 14,Utility,AttackAction,None,1.00,86.9,0
8.55,Utility Enemy 15,Utility,AttackAction,None,1.00,73.3,0
8.55,Utility Enemy 1,Utility,AttackAction,None,1.00,84.3,0
8.55,Utility Enemy 12,Utility,AttackAction,None,1.00,72.5,0
8.55,Utility Enemy 11,Utility,Dead,None,0.00,9.4,0
8.55,Utility Enemy 5,Utility,AttackAction,None,1.00,92.8,0
8.55,Utility Enemy 6,Utility,Dead,None,0.00,3.5,0
8.55,Utility Enemy 4,Utility,AttackAction,None,1.00,45.3,0
9.05,Player,Player,-,None,0.79,,0
9.05,FSM Enemy 14,FSM,PatrolState,None,1.00,106.3,0
9.05,FSM Enemy 15,FSM,Dead,None,0.00,11.5,1
9.05,FSM Enemy 2,FSM,PatrolState,None,1.00,114.6,0
9.05,FSM Enemy 10,FSM,PatrolState,None,1.00,91.4,0
9.05,FSM Enemy 1,FSM,PatrolState,None,1.00,81.7,0
9.05,FSM Enemy 12,FSM,PatrolState,None,0.90,78.5,0
9.05,FSM Enemy 9,FSM,PatrolState,None,1.00,61.9,0
9.05,FSM Enemy 4,FSM,PatrolState,None,0.90,86.7,0
9.05,FSM Enemy 7,FSM,Dead,None,0.00,6.2,0
9.05,FSM Enemy 6,FSM,Dead,None,0.00,66.6,0
9.05,FSM Enemy 13,FSM,PatrolState,None,0.80,14.1,0
9.05,FSM Enemy 3,FSM,PatrolState,None,0.40,88.7,0
9.05,FSM Enemy 5,FSM,PatrolState,None,0.90,56.9,0
9.05,FSM Enemy 11,FSM,Dead,None,0.00,7.5,0
9.05,FSM Enemy 8,FSM,PatrolState,None,1.00,57.5,0
9.05,Utility Enemy 8,Utility,AttackAction,None,1.00,64.6,0
9.05,Utility Enemy 9,Utility,AttackAction,None,1.00,80.6,0
9.05,Utility Enemy 10,Utility,AttackAction,None,1.00,69.7,0
9.05,Utility Enemy 2,Utility,AttackAction,None,1.00,99.5,0
9.05,Utility Enemy 7,Utility,AttackAction,None,1.00,79.3,0
9.05,Utility Enemy 13,Utility,AttackAction,None,1.00,25.3,0
9.05,Utility Enemy 3,Utility,AttackAction,None,1.00,92.6,0
9.05,Utility Enemy 14,Utility,AttackAction,None,1.00,84.9,0
9.05,Utility Enemy 15,Utility,AttackAction,None,1.00,72.5,0
9.05,Utility Enemy 1,Utility,AttackAction,None,1.00,83.2,0
9.05,Utility Enemy 12,Utility,AttackAction,None,1.00,70.6,0
9.05,Utility Enemy 11,Utility,Dead,None,0.00,7.8,0
9.05,Utility Enemy 5,Utility,AttackAction,None,1.00,91.3,0
9.05,Utility Enemy 6,Utility,Dead,None,0.00,5.6,0
9.05,Utility Enemy 4,Utility,AttackAction,None,1.00,44.9,0
9.56,Player,Player,-,None,0.79,,0
9.56,FSM Enemy 14,FSM,PatrolState,None,1.00,106.1,0
9.56,FSM Enemy 15,FSM,Dead,None,0.00,10.2,1
9.56,FSM Enemy 2,FSM,PatrolState,None,1.00,113.9,0
9.56,FSM Enemy 10,FSM,PatrolState,None,1.00,90.7,0
9.56,FSM Enemy 1,FSM,PatrolState,None,1.00,81.2,0
9.56,FSM Enemy 12,FSM,PatrolState,None,0.90,76.4,0
9.56,FSM Enemy 9,FSM,PatrolState,None,1.00,59.7,0
9.56,FSM Enemy 4,FSM,PatrolState,None,0.90,84.5,0
9.56,FSM Enemy 7,FSM,Dead,None,0.00,4.5,0
9.56,FSM Enemy 6,FSM,Dead,None,0.00,65.1,0
9.56,FSM Enemy 13,FSM,PatrolState,None,0.80,15.6,0
9.56,FSM Enemy 3,FSM,PatrolState,None,0.40,89.6,0
9.56,FSM Enemy 5,FSM,PatrolState,None,0.90,57.8,0
9.56,FSM Enemy 11,FSM,Dead,None,0.00,8.8,0
9.56,FSM Enemy 8,FSM,PatrolState,None,1.00,55.8,0
9.56,Utility Enemy 8,Utility,AttackAction,None,1.00,65.0,0
9.56,Utility Enemy 9,Utility,AttackAction,None,1.00,79.2,0
9.56,Utility Enemy 10,Utility,AttackAction,None,1.00,68.2,0
9.56,Utility Enemy 2,Utility,AttackAction,None,1.00,98.9,0
9.56,Utility Enemy 7,Utility,AttackAction,None,1.00,77.8,0
9.56,Utility Enemy 13,Utility,AttackAction,None,1.00,26.0,0
9.56,Utility Enemy 3,Utility,AttackAction,None,1.00,91.5,0
9.56,Utility Enemy 14,Utility,AttackAction,None,1.00,83.5,0
9.56,Utility Enemy 15,Utility,AttackAction,None,1.00,72.8,0
9.56,Utility Enemy 1,Utility,AttackAction,None,1.00,83.2,0
9.56,Utility Enemy 12,Utility,AttackAction,None,1.00,69.1,0
9.56,Utility Enemy 11,Utility,Dead,None,0.00,7.3,0
9.56,Utility Enemy 5,Utility,AttackAction,None,1.00,91.0,0
9.56,Utility Enemy 6,Utility,Dead,None,0.00,6.6,1
9.56,Utility Enemy 4,Utility,AttackAction,None,1.00,45.5,0
10.06,Player,Player,-,None,0.79,,0
10.06,FSM Enemy 14,FSM,PatrolState,None,1.00,104.1,0
10.06,FSM Enemy 15,FSM,Dead,None,0.00,9.9,1
10.06,FSM Enemy 2,FSM,PatrolState,None,1.00,112.6,0
10.06,FSM Enemy 10,FSM,PatrolState,None,1.00,89.7,0
10.06,FSM Enemy 1,FSM,PatrolState,None,1.00,77.9,0
10.06,FSM Enemy 12,FSM,PatrolState,None,0.90,76.3,0
10.06,FSM Enemy 9,FSM,PatrolState,None,1.00,57.7,0
10.06,FSM Enemy 4,FSM,PatrolState,None,0.90,83.7,0
10.06,FSM Enemy 7,FSM,Dead,None,0.00,6.0,0
10.06,FSM Enemy 6,FSM,Dead,None,0.00,65.7,0
10.06,FSM Enemy 13,FSM,PatrolState,None,0.80,14.6,0
10.06,FSM Enemy 3,FSM,PatrolState,None,0.40,88.8,0
10.06,FSM Enemy 5,FSM,PatrolState,None,0.90,56.0,0
10.06,FSM Enemy 11,FSM,Dead,None,0.00,8.8,0
10.06,FSM Enemy 8,FSM,PatrolState,None,1.00,53.1,0
10.06,Utility Enemy 8,Utility,AttackAction,None,1.00,62.8,0
10.06,Utility Enemy 9,Utility,AttackAction,None,1.00,79.2,0
10.06,Utility Enemy 10,Utility,AttackAction,None,1.00,68.8,0
10.06,Utility Enemy 2,Utility,AttackAction,None,1.00,97.4,0
10.06,Utility Enemy 7,Utility,AttackAction,None,1.00,78.3,0
10.06,Utility Enemy 13,Utility,AttackAction,None,1.00,23.8,0
10.06,Utility Enemy 3,Utility,AttackAction,None,1.00,90.8,0
10.06,Utility Enemy 14,Utility,AttackAction,None,1.00,83.3,0
10.06,Utility Enemy 15,Utility,AttackAction,None,1.00,70.6,0
10.06,Utility Enemy 1,Utility,AttackAction,None,1.00,81.1,0
10.06,Utility Enemy 12,Utility,AttackAction,None,1.00,69.4,0
10.06,Utility Enemy 11,Utility,Dead,None,0.00,5.5,0
10.06,Utility Enemy 5,Utility,AttackAction,None,1.00,89.2,0
10.06,Utility Enemy 6,Utility,Dead,None,0.00,7.3,0
10.06,Utility Enemy 4,Utility,AttackAction,None,1.00,43.2,0
10.56,Player,Player,-,None,0.79,,0
10.56,FSM Enemy 14,FSM,PatrolState,None,1.00,103.5,0
10.56,FSM Enemy 15,FSM,Dead,None,0.00,10.5,1
10.56,FSM Enemy 2,FSM,PatrolState,None,1.00,113.3,0
10.56,FSM Enemy 10,FSM,PatrolState,None,1.00,90.4,0
10.56,FSM Enemy 1,FSM,PatrolState,None,1.00,76.8,0
10.56,FSM Enemy 12,FSM,PatrolState,None,0.90,76.3,0
10.56,FSM Enemy 9,FSM,PatrolState,None,1.00,57.1,0
10.56,FSM Enemy 4,FSM,PatrolState,None,0.90,83.7,0
10.56,FSM Enemy 7,FSM,Dead,None,0.00,6.5,0
10.56,FSM Enemy 6,FSM,Dead,None,0.00,66.4,0
10.56,FSM Enemy 13,FSM,PatrolState,None,0.80,15.4,0
10.56,FSM Enemy 3,FSM,PatrolState,None,0.40,90.2,0
10.56,FSM Enemy 5,FSM,PatrolState,None,0.90,56.4,0
10.56,FSM Enemy 11,FSM,Dead,None,0.00,8.3,0
10.56,FSM Enemy 8,FSM,PatrolState,None,1.00,52.3,0
10.56,Utility Enemy 8,Utility,AttackAction,None,1.00,62.7,0
10.56,Utility Enemy 9,Utility,AttackAction,None,1.00,79.8,0
10.56,Utility Enemy 10,Utility,AttackAction,None,1.00,69.4,0
10.56,Utility Enemy 2,Utility,AttackAction,None,1.00,97.7,0
10.56,Utility Enemy 7,Utility,AttackAction,None,1.00,79.0,0
10.56,Utility Enemy 13,Utility,AttackAction,None,1.00,23.6,0
10.56,Utility Enemy 3,Utility,AttackAction,None,1.00,91.3,0
10.56,Utility Enemy 14,Utility,AttackAction,None,1.00,83.9,0
10.56,Utility Enemy 15,Utility,AttackAction,None,1.00,70.6,0
10.56,Utility Enemy 1,Utility,AttackAction,None,1.00,81.2,0
10.56,Utility Enemy 12,Utility,AttackAction,None,1.00,70.0,0
10.56,Utility Enemy 11,Utility,Dead,None,0.00,5.9,0
10.56,Utility Enemy 5,Utility,AttackAction,None,1.00,89.4,0
10.56,Utility Enemy 6,Utility,Dead,None,0.00,6.9,0
10.56,Utility Enemy 4,Utility,AttackAction,None,1.00,43.1,0
11.06,Player,Player,-,None,0.79,,0
11.06,FSM Enemy 14,FSM,PatrolState,None,1.00,104.0,0
11.06,FSM Enemy 15,FSM,Dead,None,0.00,12.7,1
11.06,FSM Enemy 2,FSM,PatrolState,None,1.00,115.9,0
11.06,FSM Enemy 10,FSM,PatrolState,None,1.00,92.2,0
11.06,FSM Enemy 1,FSM,PatrolState,None,1.00,75.6,0
11.06,FSM Enemy 12,FSM,PatrolState,None,0.80,77.7,0
11.06,FSM Enemy 9,FSM,PatrolState,None,1.00,57.7,0
11.06,FSM Enemy 4,FSM,PatrolState,None,0.90,85.0,0
11.06,FSM Enemy 7,FSM,Dead,None,0.00,8.5,0
11.06,FSM Enemy 6,FSM,Dead,None,0.00,68.4,0
11.06,FSM Enemy 13,FSM,PatrolState,None,0.80,15.9,0
11.06,FSM Enemy 3,FSM,PatrolState,None,0.40,92.4,0
11.06,FSM Enemy 5,FSM,PatrolState,None,0.90,56.5,0
11.06,FSM Enemy 11,FSM,Dead,None,0.00,6.8,0
11.06,FSM Enemy 8,FSM,PatrolState,None,1.00,52.7,0
11.06,Utility Enemy 8,Utility,AttackAction,None,1.00,62.7,0
11.06,Utility Enemy 9,Utility,AttackAction,None,1.00,81.8,0
11.06,Utility Enemy 10,Utility,AttackAction,None,1.00,71.4,0
11.06,Utility Enemy 2,Utility,AttackAction,None,1.00,99.0,0
11.06,Utility Enemy 7,Utility,AttackAction,None,1.00,81.0,0
11.06,Utility Enemy 13,Utility,AttackAction,None,1.00,23.3,0
11.06,Utility Enemy 3,Utility,AttackAction,None,1.00,93.2,0
11.06,Utility Enemy 14,Utility,AttackAction,None,1.00,85.9,0
11.06,Utility Enemy 15,Utility,AttackAction,None,1.00,70.8,0
11.06,Utility Enemy 1,Utility,AttackAction,None,1.00,81.8,0
11.06,Utility Enemy 12,Utility,AttackAction,None,1.00,72.0,0
11.06,Utility Enemy 11,Utility,Dead,None,0.00,7.8,0
11.06,Utility Enemy 5,Utility,AttackAction,None,1.00,90.4,0
11.06,Utility Enemy 6,Utility,Dead,None,0.00,5.9,0
11.06,Utility Enemy 4,Utility,AttackAction,None,1.00,42.9,0
11.56,Player,Player,-,None,0.79,,0
11.56,FSM Enemy 14,FSM,PatrolState,None,1.00,103.4,0
11.56,FSM Enemy 15,FSM,Dead,None,0.00,13.3,1
11.56,FSM Enemy 2,FSM,PatrolState,None,1.00,116.7,0
11.56,FSM Enemy 10,FSM,PatrolState,None,1.00,92.9,0
11.56,FSM Enemy 1,FSM,PatrolState,None,1.00,74.5,0
11.56,FSM Enemy 12,FSM,PatrolState,None,0.80,77.8,0
11.56,FSM Enemy 9,FSM,PatrolState,None,1.00,57.0,0
11.56,FSM Enemy 4,FSM,PatrolState,None,0.90,84.9,0
11.56,FSM Enemy 7,FSM,Dead,None,0.00,9.0,0
11.56,FSM Enemy 6,FSM,Dead,None,0.00,68.9,0
11.56,FSM Enemy 13,FSM,PatrolState,None,0.80,16.5,0
11.56,FSM Enemy 3,FSM,PatrolState,None,0.40,93.8,0
11.56,FSM Enemy 5,FSM,PatrolState,None,0.90,55.2,0
11.56,FSM Enemy 11,FSM,Dead,None,0.00,6.3,0
11.56,FSM Enemy 8,FSM,PatrolState,None,1.00,51.9,0
11.56,Utility Enemy 8,Utility,AttackAction,None,1.00,62.7,0
11.56,Utility Enemy 9,Utility,AttackAction,None,1.00,82.4,0
11.56,Utility Enemy 10,Utility,AttackAction,None,1.00,72.0,0
11.56,Utility Enemy 2,Utility,AttackAction,None,1.00,99.4,0
11.56,Utility Enemy 7,Utility,AttackAction,None,1.00,81.6,0
11.56,Utility Enemy 13,Utility,AttackAction,None,1.00,23.2,0
11.56,Utility Enemy 3,Utility,AttackAction,None,1.00,93.7,0
11.56,Utility Enemy 14,Utility,AttackAction,None,1.00,86.5,0
11.56,Utility Enemy 15,Utility,AttackAction,None,1.00,71.0,0
11.56,Utility Enemy 1,Utility,AttackAction,None,1.00,82.0,0
11.56,Utility Enemy 12,Utility,AttackAction,None,1.00,72.6,0
11.56,Utility Enemy 11,Utility,Dead,None,0.00,8.3,0
11.56,Utility Enemy 5,Utility,AttackAction,None,1.00,90.7,0
11.56,Utility Enemy 6,Utility,Dead,None,0.00,5.6,0
11.56,Utility Enemy 4,Utility,AttackAction,None,1.00,42.9,0
12.06,Player,Player,-,None,0.79,,0
12.06,FSM Enemy 14,FSM,PatrolState,None,1.00,103.1,0
12.06,FSM Enemy 15,FSM,Dead,None,0.00,14.5,1
12.06,FSM Enemy 2,FSM,PatrolState,None,1.00,116.2,0
12.06,FSM Enemy 10,FSM,PatrolState,None,1.00,93.9,0
12.06,FSM Enemy 1,FSM,PatrolState,None,1.00,73.8,0
12.06,FSM Enemy 12,FSM,PatrolState,None,0.80,78.6,0
12.06,FSM Enemy 9,FSM,PatrolState,None,1.00,56.7,0
12.06,FSM Enemy 4,FSM,PatrolState,None,0.90,85.2,0
12.06,FSM Enemy 7,FSM,Dead,None,0.00,10.2,0
12.06,FSM Enemy 6,FSM,Dead,None,0.00,69.9,0
12.06,FSM Enemy 13,FSM,PatrolState,None,0.80,17.2,0
12.06,FSM Enemy 3,FSM,PatrolState,None,0.40,94.5,0
12.06,FSM Enemy 5,FSM,PatrolState,None,0.90,54.0,0
12.06,FSM Enemy 11,FSM,Dead,None,0.00,6.2,0
12.06,FSM Enemy 8,FSM,PatrolState,None,1.00,51.4,0
12.06,Utility Enemy 8,Utility,AttackAction,None,1.00,62.8,0
12.06,Utility Enemy 9,Utility,AttackAction,None,1.00,83.4,0
12.06,Utility Enemy 10,Utility,AttackAction,None,1.00,73.0,0
12.06,Utility Enemy 2,Utility,AttackAction,None,1.00,100.0,0
12.06,Utility Enemy 7,Utility,AttackAction,None,1.00,82.6,0
12.06,Utility Enemy 13,Utility,AttackAction,None,1.00,23.2,0
12.06,Utility Enemy 3,Utility,AttackAction,None,1.00,94.6,0
12.06,Utility Enemy 14,Utility,AttackAction,None,1.00,87.4,0
12.06,Utility Enemy 15,Utility,AttackAction,None,1.00,71.1,0
12.06,Utility Enemy 1,Utility,AttackAction,None,1.00,82.3,0
12.06,Utility Enemy 12,Utility,AttackAction,None,1.00,73.6,0
12.06,Utility Enemy 11,Utility,Dead,None,0.00,9.4,0
12.06,Utility Enemy 5,Utility,AttackAction,None,1.00,91.1,0
12.06,Utility Enemy 6,Utility,Dead,None,0.00,5.9,0
12.06,Utility Enemy 4,Utility,AttackAction,None,1.00,42.9,0
12.56,Player,Player,-,None,0.79,,0
12.56,FSM Enemy 14,FSM,PatrolState,None,1.00,103.4,0
12.56,FSM Enemy 15,FSM,Dead,None,0.00,16.3,1
12.56,FSM Enemy 2,FSM,PatrolState,None,1.00,116.1,0
12.56,FSM Enemy 10,FSM,PatrolState,None,1.00,95.3,0
12.56,FSM Enemy 1,FSM,PatrolState,None,1.00,73.7,0
12.56,FSM Enemy 12,FSM,PatrolState,None,0.80,80.5,0
12.56,FSM Enemy 9,FSM,PatrolState,None,1.00,57.1,0
12.56,FSM Enemy 4,FSM,PatrolState,None,0.90,86.9,0
12.56,FSM Enemy 7,FSM,Dead,None,0.00,12.1,0
12.56,FSM Enemy 6,FSM,Dead,None,0.00,71.7,0
12.56,FSM Enemy 13,FSM,PatrolState,None,0.80,17.6,0
12.56,FSM Enemy 3,FSM,PatrolState,None,0.40,95.3,0
12.56,FSM Enemy 5,FSM,PatrolState,None,0.90,52.5,0
12.56,FSM Enemy 11,FSM,Dead,None,0.00,5.8,0
12.56,FSM Enemy 8,FSM,PatrolState,None,1.00,51.3,0
12.56,Utility Enemy 8,Utility,AttackAction,None,1.00,62.7,0
12.56,Utility Enemy 9,Utility,AttackAction,None,1.00,85.2,0
12.56,Utility Enemy 10,Utility,AttackAction,None,1.00,74.8,0
12.56,Utility Enemy 2,Utility,AttackAction,None,1.00,101.0,0
12.56,Utility Enemy 7,Utility,AttackAction,None,1.00,84.4,0
12.56,Utility Enemy 13,Utility,AttackAction,None,1.00,23.0,0
12.56,Utility Enemy 3,Utility,AttackAction,None,1.00,96.1,0
12.56,Utility Enemy 14,Utility,AttackAction,None,1.00,89.1,0
12.56,Utility Enemy 15,Utility,AttackAction,None,1.00,71.2,0
12.56,Utility Enemy 1,Utility,AttackAction,None,1.00,82.7,0
12.56,Utility Enemy 12,Utility,AttackAction,None,1.00,75.4,0
12.56,Utility Enemy 11,Utility,Dead,None,0.00,11.1,0
12.56,Utility Enemy 5,Utility,AttackAction,None,1.00,91.9,0
12.56,Utility Enemy 6,Utility,Dead,None,0.00,6.4,0
12.56,Utility Enemy 4,Utility,AttackAction,None,1.00,42.8,0
13.07,Player,Player,-,None,0.79,,0
13.07,FSM Enemy 14,FSM,PatrolState,None,1.00,102.4,0
13.07,FSM Enemy 15,FSM,Dead,None,0.00,16.5,1
13.07,FSM Enemy 2,FSM,PatrolState,None,1.00,115.1,0
13.07,FSM Enemy 10,FSM,PatrolState,None,1.00,95.7,0
13.07,FSM Enemy 1,FSM,PatrolState,None,1.00,74.6,0
13.07,FSM Enemy 12,FSM,PatrolState,None,0.80,80.9,0
13.07,FSM Enemy 9,FSM,PatrolState,None,1.00,56.0,0
13.07,FSM Enemy 4,FSM,PatrolState,None,0.90,87.2,0
13.07,FSM Enemy 7,FSM,Dead,None,0.00,12.2,0
13.07,FSM Enemy 6,FSM,Dead,None,0.00,71.9,0
13.07,FSM Enemy 13,FSM,PatrolState,None,0.80,17.9,0
13.07,FSM Enemy 3,FSM,PatrolState,None,0.40,95.2,0
13.07,FSM Enemy 5,FSM,PatrolState,None,0.90,51.3,0
13.07,FSM Enemy 11,FSM,Dead,None,0.00,5.7,0
13.07,FSM Enemy 8,FSM,PatrolState,None,1.00,50.2,0
13.07,Utility Enemy 8,Utility,AttackAction,None,1.00,62.7,0
13.07,Utility Enemy 9,Utility,AttackAction,None,1.00,85.3,0
13.07,Utility Enemy 10,Utility,AttackAction,None,1.00,74.9,0
13.07,Utility Enemy 2,Utility,AttackAction,None,1.00,101.1,0
13.07,Utility Enemy 7,Utility,AttackAction,None,1.00,84.5,0
13.07,Utility Enemy 13,Utility,AttackAction,None,1.00,23.0,0
13.07,Utility Enemy 3,Utility,AttackAction,None,1.00,96.3,0
13.07,Utility Enemy 14,Utility,AttackAction,None,1.00,89.3,0
13.07,Utility Enemy 15,Utility,AttackAction,None,1.00,71.3,0
13.07,Utility Enemy 1,Utility,AttackAction,None,1.00,82.7,0
13.07,Utility Enemy 12,Utility,AttackAction,None,1.00,75.6,0
13.07,Utility Enemy 11,Utility,Dead,None,0.00,11.2,0
13.07,Utility Enemy 5,Utility,AttackAction,None,1.00,91.9,0
13.07,Utility Enemy 6,Utility,Dead,None,0.00,6.3,0
13.07,Utility Enemy 4,Utility,AttackAction,None,1.00,42.8,0
13.57,Player,Player,-,None,0.79,,0
13.57,FSM Enemy 14,FSM,PatrolState,None,1.00,102.7,0
13.57,FSM Enemy 15,FSM,Dead,None,0.00,18.5,1
13.57,FSM Enemy 2,FSM,PatrolState,None,1.00,115.2,0
13.57,FSM Enemy 10,FSM,PatrolState,None,1.00,98.1,0
13.57,FSM Enemy 1,FSM,PatrolState,None,1.00,75.9,0
13.57,FSM Enemy 12,FSM,PatrolState,None,0.80,82.9,0
13.57,FSM Enemy 9,FSM,PatrolState,None,1.00,56.4,0
13.57,FSM Enemy 4,FSM,PatrolState,None,0.90,88.9,0
13.57,FSM Enemy 7,FSM,Dead,None,0.00,14.3,0
13.57,FSM Enemy 6,FSM,Dead,None,0.00,73.6,0
13.57,FSM Enemy 13,FSM,AttackState,None,0.80,17.6,1
13.57,FSM Enemy 3,FSM,PatrolState,None,0.40,96.1,0
13.57,FSM Enemy 5,FSM,PatrolState,None,0.90,50.3,0
13.57,FSM Enemy 11,FSM,Dead,None,0.00,6.8,1
13.57,FSM Enemy 8,FSM,PatrolState,None,1.00,51.2,0
13.57,Utility Enemy 8,Utility,AttackAction,None,1.00,63.0,0
13.57,Utility Enemy 9,Utility,AttackAction,None,1.00,87.0,0
13.57,Utility Enemy 10,Utility,AttackAction,None,1.00,76.6,0
13.57,Utility Enemy 2,Utility,AttackAction,None,1.00,102.3,0
13.57,Utility Enemy 7,Utility,AttackAction,None,1.00,86.2,0
13.57,Utility Enemy 13,Utility,AttackAction,None,1.00,23.5,0
13.57,Utility Enemy 3,Utility,AttackAction,None,1.00,97.9,0
13.57,Utility Enemy 14,Utility,AttackAction,None,1.00,90.9,0
13.57,Utility Enemy 15,Utility,AttackAction,None,1.00,71.8,0
13.57,Utility Enemy 1,Utility,AttackAction,None,1.00,83.4,0
13.57,Utility Enemy 12,Utility,AttackAction,None,1.00,77.2,0
13.57,Utility Enemy 11,Utility,Dead,None,0.00,13.4,0
13.57,Utility Enemy 5,Utility,AttackAction,None,1.00,92.9,0
13.57,Utility Enemy 6,Utility,Dead,None,0.00,7.8,0
13.57,Utility Enemy 4,Utility,AttackAction,None,1.00,43.1,0
14.07,Player,Player,-,None,0.79,,0
14.07,FSM Enemy 14,FSM,PatrolState,None,1.00,103.4,0
14.07,FSM Enemy 15,FSM,Dead,None,0.00,20.2,0
14.07,FSM Enemy 2,FSM,PatrolState,None,1.00,115.7,0
14.07,FSM Enemy 10,FSM,PatrolState,None,1.00,100.7,0
14.07,FSM Enemy 1,FSM,PatrolState,None,1.00,77.5,0
14.07,FSM Enemy 12,FSM,PatrolState,None,0.80,85.4,0
14.07,FSM Enemy 9,FSM,PatrolState,None,1.00,57.1,0
14.07,FSM Enemy 4,FSM,PatrolState,None,0.90,90.9,0
14.07,FSM Enemy 7,FSM,Dead,None,0.00,15.6,0
14.07,FSM Enemy 6,FSM,Dead,None,0.00,75.2,0
14.07,FSM Enemy 13,FSM,ChaseState,None,0.80,18.1,0
14.07,FSM Enemy 3,FSM,PatrolState,None,0.40,97.4,0
14.07,FSM Enemy 5,FSM,PatrolState,None,0.90,49.7,0
14.07,FSM Enemy 11,FSM,Dead,None,0.00,6.5,0
14.07,FSM Enemy 8,FSM,PatrolState,None,1.00,52.9,0
14.07,Utility Enemy 8,Utility,AttackAction,None,1.00,63.9,0
14.07,Utility Enemy 9,Utility,AttackAction,None,1.00,88.8,0
14.07,Utility Enemy 10,Utility,AttackAction,None,1.00,78.2,0
14.07,Utility Enemy 2,Utility,AttackAction,None,1.00,104.0,0
14.07,Utility Enemy 7,Utility,AttackAction,None,1.00,87.8,0
14.07,Utility Enemy 13,Utility,AttackAction,None,1.00,24.3,0
14.07,Utility Enemy 3,Utility,AttackAction,None,1.00,99.7,0
14.07,Utility Enemy 14,Utility,AttackAction,None,1.00,92.8,0
14.07,Utility Enemy 15,Utility,AttackAction,None,1.00,72.8,0
14.07,Utility Enemy 1,Utility,AttackAction,None,1.00,84.7,0
14.07,Utility Enemy 12,Utility,AttackAction,None,1.00,79.0,0
14.07,Utility Enemy 11,Utility,Dead,None,0.00,15.0,0
14.07,Utility Enemy 5,Utility,AttackAction,None,1.00,94.4,0
14.07,Utility Enemy 6,Utility,Dead,None,0.00,8.0,0
14.07,Utility Enemy 4,Utility,AttackAction,None,1.00,43.9,0
14.57,Player,Player,-,None,0.79,,0
14.57,FSM Enemy 14,FSM,PatrolState,None,1.00,102.5,0
14.57,FSM Enemy 15,FSM,Dead,None,0.00,20.3,0
14.57,FSM Enemy 2,FSM,PatrolState,None,1.00,114.7,0
14.57,FSM Enemy 10,FSM,PatrolState,None,1.00,100.0,0
14.57,FSM Enemy 1,FSM,PatrolState,None,1.00,78.6,0
14.57,FSM Enemy 12,FSM,PatrolState,None,0.80,86.5,0
14.57,FSM Enemy 9,FSM,PatrolState,None,1.00,56.1,0
14.57,FSM Enemy 4,FSM,PatrolState,None,0.90,91.2,0
14.57,FSM Enemy 7,FSM,Dead,None,0.00,15.7,0
14.57,FSM Enemy 6,FSM,Dead,None,0.00,75.3,0
14.57,FSM Enemy 13,FSM,ChaseState,None,0.80,16.7,0
14.57,FSM Enemy 3,FSM,PatrolState,None,0.40,97.1,0
14.57,FSM Enemy 5,FSM,PatrolState,None,0.90,48.7,0
14.57,FSM Enemy 11,FSM,Dead,None,0.00,6.5,0
14.57,FSM Enemy 8,FSM,PatrolState,None,1.00,53.1,0
14.57,Utility Enemy 8,Utility,AttackAction,None,1.00,64.0,0
14.57,Utility Enemy 9,Utility,AttackAction,None,1.00,88.9,0
14.57,Utility Enemy 10,Utility,AttackAction,None,1.00,78.3,0
14.57,Utility Enemy 2,Utility,AttackAction,None,1.00,104.1,0
14.57,Utility Enemy 7,Utility,AttackAction,None,1.00,87.9,0
14.57,Utility Enemy 13,Utility,AttackAction,None,1.00,24.5,0
14.57,Utility Enemy 3,Utility,AttackAction,None,1.00,99.9,0
14.57,Utility Enemy 14,Utility,AttackAction,None,1.00,92.9,0
14.57,Utility Enemy 15,Utility,AttackAction,None,1.00,73.0,0
14.57,Utility Enemy 1,Utility,AttackAction,None,1.00,84.8,0
14.57,Utility Enemy 12,Utility,AttackAction,None,1.00,79.1,0
14.57,Utility Enemy 11,Utility,Dead,None,0.00,15.2,0
14.57,Utility Enemy 5,Utility,AttackAction,None,1.00,94.6,0
14.57,Utility Enemy 6,Utility,Dead,None,0.00,7.9,0
14.57,Utility Enemy 4,Utility,AttackAction,None,1.00,44.1,0
15.07,Player,Player,-,None,0.79,,0
15.07,FSM Enemy 14,FSM,PatrolState,None,1.00,103.3,0
15.07,FSM Enemy 15,FSM,Dead,None,0.00,21.5,0
15.07,FSM Enemy 2,FSM,PatrolState,None,1.00,115.0,0
15.07,FSM Enemy 10,FSM,PatrolState,None,1.00,100.5,0
15.07,FSM Enemy 1,FSM,PatrolState,None,1.00,81.6,0
15.07,FSM Enemy 12,FSM,PatrolState,None,0.80,87.8,0
15.07,FSM Enemy 9,FSM,PatrolState,None,1.00,56.7,0
15.07,FSM Enemy 4,FSM,PatrolState,None,0.90,92.0,0
15.07,FSM Enemy 7,FSM,Dead,None,0.00,16.4,0
15.07,FSM Enemy 6,FSM,Dead,None,0.00,75.5,0
15.07,FSM Enemy 13,FSM,AttackState,None,0.80,17.8,1
15.07,FSM Enemy 3,FSM,PatrolState,None,0.40,98.4,0
15.07,FSM Enemy 5,FSM,PatrolState,None,0.90,50.7,0
15.07,FSM Enemy 11,FSM,Dead,None,0.00,8.3,0
15.07,FSM Enemy 8,FSM,PatrolState,None,1.00,54.9,0
15.07,Utility Enemy 8,Utility,AttackAction,None,1.00,66.1,0
15.07,Utility Enemy 9,Utility,AttackAction,None,1.00,89.5,0
15.07,Utility Enemy 10,Utility,AttackAction,None,1.00,78.5,0
15.07,Utility Enemy 2,Utility,AttackAction,None,1.00,105.8,0
15.07,Utility Enemy 7,Utility,AttackAction,None,1.00,88.1,0
15.07,Utility Enemy 13,Utility,AttackAction,None,1.00,26.8,0
15.07,Utility Enemy 3,Utility,AttackAction,None,1.00,100.9,0
15.07,Utility Enemy 14,Utility,AttackAction,None,1.00,93.7,0
15.07,Utility Enemy 15,Utility,AttackAction,None,1.00,75.0,0
15.07,Utility Enemy 1,Utility,AttackAction,None,1.00,86.8,0
15.07,Utility Enemy 12,Utility,AttackAction,None,1.00,79.5,0
15.07,Utility Enemy 11,Utility,Dead,None,0.00,16.9,0
15.07,Utility Enemy 5,Utility,AttackAction,None,1.00,96.4,0
15.07,Utility Enemy 6,Utility,Dead,None,0.00,9.1,0
15.07,Utility Enemy 4,Utility,AttackAction,None,1.00,46.3,0
15.58,Player,Player,-,None,0.79,,0
15.58,FSM Enemy 14,FSM,PatrolState,None,1.00,104.4,0
15.58,FSM Enemy 15,FSM,Dead,None,0.00,21.5,0
15.58,FSM Enemy 2,FSM,PatrolState,None,1.00,114.1,0
15.58,FSM Enemy 10,FSM,PatrolState,None,1.00,100.2,0
15.58,FSM Enemy 1,FSM,PatrolState,None,1.00,83.0,0
15.58,FSM Enemy 12,FSM,PatrolState,None,0.80,88.6,0
15.58,FSM Enemy 9,FSM,PatrolState,None,1.00,57.8,0
15.58,FSM Enemy 4,FSM,PatrolState,None,0.90,92.3,0
15.58,FSM Enemy 7,FSM,Dead,None,0.00,16.4,0
15.58,FSM Enemy 6,FSM,Dead,None,0.00,75.4,0
15.58,FSM Enemy 13,FSM,AttackState,None,0.80,17.7,1
15.58,FSM Enemy 3,FSM,PatrolState,None,0.40,98.2,0
15.58,FSM Enemy 5,FSM,PatrolState,None,0.90,51.1,0
15.58,FSM Enemy 11,FSM,Dead,None,0.00,8.3,0
15.58,FSM Enemy 8,FSM,PatrolState,None,1.00,55.2,0
15.58,Utility Enemy 8,Utility,AttackAction,None,1.00,66.4,0
15.58,Utility Enemy 9,Utility,AttackAction,None,1.00,89.5,0
15.58,Utility Enemy 10,Utility,AttackAction,None,1.00,78.5,0
15.58,Utility Enemy 2,Utility,AttackAction,None,1.00,106.0,0
15.58,Utility Enemy 7,Utility,AttackAction,None,1.00,88.1,0
15.58,Utility Enemy 13,Utility,AttackAction,None,1.00,27.1,0
15.58,Utility Enemy 3,Utility,AttackAction,None,1.00,101.1,0
15.58,Utility Enemy 14,Utility,AttackAction,None,1.00,93.7,0
15.58,Utility Enemy 15,Utility,AttackAction,None,1.00,75.3,0
15.58,Utility Enemy 1,Utility,AttackAction,None,1.00,87.1,0
15.58,Utility Enemy 12,Utility,AttackAction,None,1.00,79.5,0
15.58,Utility Enemy 11,Utility,Dead,None,0.00,17.0,0
15.58,Utility Enemy 5,Utility,AttackAction,None,1.00,96.7,0
15.58,Utility Enemy 6,Utility,Dead,None,0.00,9.1,0
15.58,Utility Enemy 4,Utility,AttackAction,None,1.00,46.6,0
16.08,Player,Player,-,None,0.79,,0
16.08,FSM Enemy 14,FSM,PatrolState,None,1.00,106.9,0
16.08,FSM Enemy 15,FSM,Dead,None,0.00,23.3,0
16.08,FSM Enemy 2,FSM,PatrolState,None,1.00,114.7,0
16.08,FSM Enemy 10,FSM,PatrolState,None,1.00,101.4,0
16.08,FSM Enemy 1,FSM,PatrolState,None,1.00,85.9,0
16.08,FSM Enemy 12,FSM,PatrolState,None,0.80,89.7,0
16.08,FSM Enemy 9,FSM,PatrolState,None,1.00,60.6,0
16.08,FSM Enemy 4,FSM,PatrolState,None,0.80,93.8,0
16.08,FSM Enemy 7,FSM,Dead,None,0.00,18.0,0
16.08,FSM Enemy 6,FSM,Dead,None,0.00,76.2,0
16.08,FSM Enemy 13,FSM,ChaseState,None,0.80,19.6,1
16.08,FSM Enemy 3,FSM,PatrolState,None,0.40,99.7,0
16.08,FSM Enemy 5,FSM,PatrolState,None,0.90,53.3,0
16.08,FSM Enemy 11,FSM,Dead,None,0.00,10.5,0
16.08,FSM Enemy 8,FSM,PatrolState,None,1.00,57.4,0
16.08,Utility Enemy 8,Utility,AttackAction,None,1.00,68.4,0
16.08,Utility Enemy 9,Utility,AttackAction,None,1.00,90.6,0
16.08,Utility Enemy 10,Utility,AttackAction,None,1.00,79.2,0
16.08,Utility Enemy 2,Utility,AttackAction,None,1.00,107.9,0
16.08,Utility Enemy 7,Utility,AttackAction,None,1.00,88.9,0
16.08,Utility Enemy 13,Utility,AttackAction,None,1.00,29.4,0
16.08,Utility Enemy 3,Utility,AttackAction,None,1.00,102.6,0
16.08,Utility Enemy 14,Utility,AttackAction,None,1.00,94.9,0
16.08,Utility Enemy 15,Utility,AttackAction,None,1.00,77.4,0
16.08,Utility Enemy 1,Utility,AttackAction,None,1.00,89.1,0
16.08,Utility Enemy 12,Utility,AttackAction,None,1.00,80.5,0
16.08,Utility Enemy 11,Utility,Dead,None,0.00,19.2,0
16.08,Utility Enemy 5,Utility,AttackAction,None,1.00,98.7,0
16.08,Utility Enemy 6,Utility,Dead,None,0.00,11.0,0
16.08,Utility Enemy 4,Utility,AttackAction,None,1.00,48.7,0
16.58,Player,Player,-,None,0.79,,0
16.58,FSM Enemy 14,FSM,PatrolState,None,1.00,108.1,0
16.58,FSM Enemy 15,FSM,Dead,None,0.00,23.8,0
16.58,FSM Enemy 2,FSM,PatrolState,None,1.00,114.7,0
16.58,FSM Enemy 10,FSM,PatrolState,None,1.00,101.4,0
16.58,FSM Enemy 1,FSM,PatrolState,None,1.00,88.0,0
16.58,FSM Enemy 12,FSM,PatrolState,None,0.80,89.7,0
16.58,FSM Enemy 9,FSM,PatrolState,None,1.00,62.3,0
16.58,FSM Enemy 4,FSM,PatrolState,None,0.80,94.3,0
16.58,FSM Enemy 7,FSM,Dead,None,0.00,18.4,0
16.58,FSM Enemy 6,FSM,Dead,None,0.00,76.1,0
16.58,FSM Enemy 13,FSM,ChaseState,None,0.80,19.6,0
16.58,FSM Enemy 3,FSM,PatrolState,None,0.40,100.1,0
16.58,FSM Enemy 5,FSM,PatrolState,None,0.90,54.6,0
16.58,FSM Enemy 11,FSM,Dead,None,0.00,11.4,0
16.58,FSM Enemy 8,FSM,PatrolState,None,1.00,58.1,0
16.58,Utility Enemy 8,Utility,AttackAction,None,1.00,69.4,0
16.58,Utility Enemy 9,Utility,AttackAction,None,1.00,90.7,0
16.58,Utility Enemy 10,Utility,AttackAction,None,1.00,79.1,0
16.58,Utility Enemy 2,Utility,AttackAction,None,1.00,108.6,0
16.58,Utility Enemy 7,Utility,AttackAction,None,1.00,88.8,0
16.58,Utility Enemy 13,Utility,AttackAction,None,1.00,30.5,0
16.58,Utility Enemy 3,Utility,AttackAction,None,1.00,102.9,0
16.58,Utility Enemy 14,Utility,AttackAction,None,1.00,95.1,0
16.58,Utility Enemy 15,Utility,AttackAction,None,1.00,78.3,0
16.58,Utility Enemy 1,Utility,AttackAction,None,1.00,90.0,0
16.58,Utility Enemy 12,Utility,AttackAction,None,1.00,80.5,0
16.58,Utility Enemy 11,Utility,Dead,None,0.00,20.0,0
16.58,Utility Enemy 5,Utility,AttackAction,None,1.00,99.5,0
16.58,Utility Enemy 6,Utility,Dead,None,0.00,11.7,0
16.58,Utility Enemy 4,Utility,AttackAction,None,1.00,49.7,0
17.08,Player,Player,-,None,0.79,,0
17.08,FSM Enemy 14,FSM,PatrolState,None,1.00,107.7,0
17.08,FSM Enemy 15,FSM,Dead,None,0.00,24.0,0
17.08,FSM Enemy 2,FSM,PatrolState,None,1.00,114.9,0
17.08,FSM Enemy 10,FSM,PatrolState,None,1.00,101.3,0
17.08,FSM Enemy 1,FSM,PatrolState,None,1.00,89.8,0
17.08,FSM Enemy 12,FSM,PatrolState,None,0.80,89.4,0
17.08,FSM Enemy 9,FSM,PatrolState,None,1.00,63.7,0
17.08,FSM Enemy 4,FSM,PatrolState,None,0.80,94.7,0
17.08,FSM Enemy 7,FSM,Dead,None,0.00,18.5,0
17.08,FSM Enemy 6,FSM,Dead,None,0.00,75.9,0
17.08,FSM Enemy 13,FSM,ChaseState,None,0.80,19.4,0
17.08,FSM Enemy 3,FSM,PatrolState,None,0.40,100.3,0
17.08,FSM Enemy 5,FSM,PatrolState,None,0.90,55.6,0
17.08,FSM Enemy 11,FSM,Dead,None,0.00,12.1,0
17.08,FSM Enemy 8,FSM,PatrolState,None,1.00,58.7,0
17.08,Utility Enemy 8,Utility,AttackAction,None,1.00,70.2,0
17.08,Utility Enemy 9,Utility,AttackAction,None,1.00,90.6,0
17.08,Utility Enemy 10,Utility,AttackAction,None,1.00,78.9,0
17.08,Utility Enemy 2,Utility,AttackAction,None,1.00,109.1,0
17.08,Utility Enemy 7,Utility,AttackAction,None,1.00,88.6,0
17.08,Utility Enemy 13,Utility,AttackAction,None,1.00,31.4,0
17.08,Utility Enemy 3,Utility,AttackAction,None,1.00,103.1,0
17.08,Utility Enemy 14,Utility,AttackAction,None,1.00,95.1,0
17.08,Utility Enemy 15,Utility,AttackAction,None,1.00,79.1,0
17.08,Utility Enemy 1,Utility,AttackAction,None,1.00,90.7,0
17.08,Utility Enemy 12,Utility,AttackAction,None,1.00,80.4,0
17.08,Utility Enemy 11,Utility,Dead,None,0.00,20.5,0
17.08,Utility Enemy 5,Utility,AttackAction,None,1.00,100.1,0
17.08,Utility Enemy 6,Utility,Dead,None,0.00,12.2,0
17.08,Utility Enemy 4,Utility,AttackAction,None,1.00,50.5,0
17.59,Player,Player,-,None,0.79,,0
17.59,FSM Enemy 14,FSM,PatrolState,None,1.00,105.9,0
17.59,FSM Enemy 15,FSM,Dead,None,0.00,24.0,0
17.59,FSM Enemy 2,FSM,PatrolState,None,1.00,114.9,0
17.59,FSM Enemy 10,FSM,PatrolState,None,1.00,100.2,0
17.59,FSM Enemy 1,FSM,PatrolState,None,1.00,90.4,0
17.59,FSM Enemy 12,FSM,PatrolState,None,0.80,88.1,0
17.59,FSM Enemy 9,FSM,PatrolState,None,1.00,64.4,0
17.59,FSM Enemy 4,FSM,PatrolState,None,0.80,95.1,0
17.59,FSM Enemy 7,FSM,Dead,None,0.00,18.8,0
17.59,FSM Enemy 6,FSM,Dead,None,0.00,75.3,0
17.59,FSM Enemy 13,FSM,ChaseState,None,0.80,19.1,0
17.59,FSM Enemy 3,FSM,PatrolState,None,0.40,99.7,0
17.59,FSM Enemy 5,FSM,PatrolState,None,0.90,55.9,0
17.59,FSM Enemy 11,FSM,Dead,None,0.00,13.3,0
17.59,FSM Enemy 8,FSM,PatrolState,None,1.00,58.5,0
17.59,Utility Enemy 8,Utility,AttackAction,None,1.00,70.3,0
17.59,Utility Enemy 9,Utility,AttackAction,None,1.00,90.0,0
17.59,Utility Enemy 10,Utility,AttackAction,None,1.00,78.3,0
17.59,Utility Enemy 2,Utility,AttackAction,None,1.00,108.6,0
17.59,Utility Enemy 7,Utility,AttackAction,None,1.00,88.0,0
17.59,Utility Enemy 13,Utility,AttackAction,None,1.00,31.7,0
17.59,Utility Enemy 3,Utility,AttackAction,None,1.00,102.5,0
17.59,Utility Enemy 14,Utility,AttackAction,None,1.00,94.5,0
17.59,Utility Enemy 15,Utility,AttackAction,None,1.00,79.0,0
17.59,Utility Enemy 1,Utility,AttackAction,None,1.00,90.5,0
17.59,Utility Enemy 12,Utility,AttackAction,None,1.00,79.9,0
17.59,Utility Enemy 11,Utility,Dead,None,0.00,20.7,0
17.59,Utility Enemy 5,Utility,AttackAction,None,1.00,99.7,0
17.59,Utility Enemy 6,Utility,Dead,None,0.00,13.2,0
17.59,Utility Enemy 4,Utility,AttackAction,None,1.00,50.7,0
18.09,Player,Player,-,None,0.79,,0
18.09,FSM Enemy 14,FSM,PatrolState,None,1.00,104.3,0
18.09,FSM Enemy 15,FSM,Dead,None,0.00,22.3,0
18.09,FSM Enemy 2,FSM,PatrolState,None,1.00,114.3,0
18.09,FSM Enemy 10,FSM,PatrolState,None,1.00,98.0,0
18.09,FSM Enemy 1,FSM,PatrolState,None,1.00,88.5,0
18.09,FSM Enemy 12,FSM,PatrolState,None,0.80,85.1,0
18.09,FSM Enemy 9,FSM,PatrolState,None,1.00,63.8,0
18.09,FSM Enemy 4,FSM,PatrolState,None,0.80,93.8,0
18.09,FSM Enemy 7,FSM,Dead,None,0.00,17.3,0
18.09,FSM Enemy 6,FSM,Dead,None,0.00,73.8,0
18.09,FSM Enemy 13,FSM,ChaseState,None,0.80,17.1,0
18.09,FSM Enemy 3,FSM,PatrolState,None,0.40,98.7,0
18.09,FSM Enemy 5,FSM,PatrolState,None,0.90,55.2,0
18.09,FSM Enemy 11,FSM,Dead,None,0.00,12.6,0
18.09,FSM Enemy 8,FSM,PatrolState,None,1.00,56.9,0
18.09,Utility Enemy 8,Utility,AttackAction,None,1.00,69.3,0
18.09,Utility Enemy 9,Utility,AttackAction,None,1.00,88.3,0
18.09,Utility Enemy 10,Utility,AttackAction,None,1.00,76.8,0
18.09,Utility Enemy 2,Utility,AttackAction,None,1.00,107.0,0
18.09,Utility Enemy 7,Utility,AttackAction,None,1.00,86.4,0
18.09,Utility Enemy 13,Utility,AttackAction,None,1.00,30.7,0
18.09,Utility Enemy 3,Utility,AttackAction,None,1.00,100.7,0
18.09,Utility Enemy 14,Utility,AttackAction,None,1.00,92.8,0
18.09,Utility Enemy 15,Utility,AttackAction,None,1.00,77.9,0
18.09,Utility Enemy 1,Utility,AttackAction,None,1.00,89.2,0
18.09,Utility Enemy 12,Utility,AttackAction,None,1.00,78.2,0
18.09,Utility Enemy 11,Utility,Dead,None,0.00,19.1,0
18.09,Utility Enemy 5,Utility,AttackAction,None,1.00,98.2,0
18.09,Utility Enemy 6,Utility,Dead,None,0.00,12.3,0
18.09,Utility Enemy 4,Utility,AttackAction,None,1.00,49.7,0
18.60,Player,Player,-,None,0.79,,0
18.60,FSM Enemy 14,FSM,PatrolState,None,1.00,103.0,0
18.60,FSM Enemy 15,FSM,Dead,None,0.00,20.7,0
18.60,FSM Enemy 2,FSM,PatrolState,None,1.00,112.8,0
18.60,FSM Enemy 10,FSM,PatrolState,None,1.00,95.0,0
18.60,FSM Enemy 1,FSM,PatrolState,None,1.00,84.9,0
18.60,FSM Enemy 12,FSM,PatrolState,None,0.80,82.6,0
18.60,FSM Enemy 9,FSM,PatrolState,None,1.00,62.4,0
18.60,FSM Enemy 4,FSM,PatrolState,None,0.80,91.1,0
18.60,FSM Enemy 7,FSM,Dead,None,0.00,16.5,0
18.60,FSM Enemy 6,FSM,Dead,None,0.00,72.9,0
18.60,FSM Enemy 13,FSM,ChaseState,None,0.80,15.1,0
18.60,FSM Enemy 3,FSM,PatrolState,None,0.40,96.4,0
18.60,FSM Enemy 5,FSM,PatrolState,None,0.90,52.8,0
18.60,FSM Enemy 11,FSM,Dead,None,0.00,12.4,0
18.60,FSM Enemy 8,FSM,PatrolState,None,1.00,54.2,0
18.60,Utility Enemy 8,Utility,AttackAction,None,1.00,66.7,0
18.60,Utility Enemy 9,Utility,AttackAction,None,1.00,86.8,0
18.60,Utility Enemy 10,Utility,AttackAction,None,1.00,75.9,0
18.60,Utility Enemy 2,Utility,AttackAction,None,1.00,104.3,0
18.60,Utility Enemy 7,Utility,AttackAction,None,1.00,85.4,0
18.60,Utility Enemy 13,Utility,AttackAction,None,1.00,28.4,0
18.60,Utility Enemy 3,Utility,AttackAction,None,1.00,98.6,0
18.60,Utility Enemy 14,Utility,AttackAction,None,1.00,91.1,0
18.60,Utility Enemy 15,Utility,AttackAction,None,1.00,75.2,0
18.60,Utility Enemy 1,Utility,AttackAction,None,1.00,86.5,0
18.60,Utility Enemy 12,Utility,AttackAction,None,1.00,76.9,0
18.60,Utility Enemy 11,Utility,Dead,None,0.00,17.2,0
18.60,Utility Enemy 5,Utility,AttackAction,None,1.00,95.5,0
18.60,Utility Enemy 6,Utility,Dead,None,0.00,12.3,0
18.60,Utility Enemy 4,Utility,AttackAction,None,1.00,47.2,0
19.10,Player,Player,-,None,0.79,,0
19.10,FSM Enemy 14,FSM,PatrolState,None,1.00,102.8,0
19.10,FSM Enemy 15,FSM,Dead,None,0.00,20.0,0
19.10,FSM Enemy 2,FSM,PatrolState,None,1.00,112.8,0
19.10,FSM Enemy 10,FSM,PatrolState,None,1.00,94.3,0
19.10,FSM Enemy 1,FSM,PatrolState,None,1.00,83.0,0
19.10,FSM Enemy 12,FSM,PatrolState,None,0.80,80.6,0
19.10,FSM Enemy 9,FSM,PatrolState,None,1.00,62.2,0
19.10,FSM Enemy 4,FSM,PatrolState,None,0.80,89.3,0
19.10,FSM Enemy 7,FSM,Dead,None,0.00,16.1,0
19.10,FSM Enemy 6,FSM,Dead,None,0.00,72.2,0
19.10,FSM Enemy 13,FSM,ChaseState,None,0.80,13.7,0
19.10,FSM Enemy 3,FSM,PatrolState,None,0.40,95.7,0
19.10,FSM Enemy 5,FSM,PatrolState,None,0.90,52.0,0
19.10,FSM Enemy 11,FSM,Dead,None,0.00,12.5,0
19.10,FSM Enemy 8,FSM,PatrolState,None,1.00,53.0,0
19.10,Utility Enemy 8,Utility,AttackAction,None,1.00,65.7,0
19.10,Utility Enemy 9,Utility,AttackAction,None,1.00,86.0,0
19.10,Utility Enemy 10,Utility,AttackAction,None,1.00,75.2,0
19.10,Utility Enemy 2,Utility,AttackAction,None,1.00,103.1,0
19.10,Utility Enemy 7,Utility,AttackAction,None,1.00,84.8,0
19.10,Utility Enemy 13,Utility,AttackAction,None,1.00,27.5,0
19.10,Utility Enemy 3,Utility,AttackAction,None,1.00,97.5,0
19.10,Utility Enemy 14,Utility,AttackAction,None,1.00,90.1,0
19.10,Utility Enemy 15,Utility,AttackAction,None,1.00,74.1,0
19.10,Utility Enemy 1,Utility,AttackAction,None,1.00,85.3,0
19.10,Utility Enemy 12,Utility,AttackAction,None,1.00,76.1,0
19.10,Utility Enemy 11,Utility,Dead,None,0.00,16.4,0
19.10,Utility Enemy 5,Utility,AttackAction,None,1.00,94.3,0
19.10,Utility Enemy 6,Utility,Dead,None,0.00,12.4,0
19.10,Utility Enemy 4,Utility,AttackAction,None,1.00,46.3,0
19.60,Player,Player,-,None,0.79,,0
19.60,FSM Enemy 14,FSM,PatrolState,None,1.00,103.3,0
19.60,FSM Enemy 15,FSM,Dead,None,0.00,19.5,0
19.60,FSM Enemy 2,FSM,PatrolState,None,1.00,113.3,0
19.60,FSM Enemy 10,FSM,PatrolState,None,1.00,94.7,0
19.60,FSM Enemy 1,FSM,PatrolState,None,1.00,81.9,0
19.60,FSM Enemy 12,FSM,PatrolState,None,0.80,78.7,0
19.60,FSM Enemy 9,FSM,PatrolState,None,1.00,62.3,0
19.60,FSM Enemy 4,FSM,PatrolState,None,0.80,88.1,0
19.60,FSM Enemy 7,FSM,Dead,None,0.00,15.7,0
19.60,FSM Enemy 6,FSM,Dead,None,0.00,71.6,0
19.60,FSM Enemy 13,FSM,ChaseState,None,0.80,11.7,0
19.60,FSM Enemy 3,FSM,PatrolState,None,0.40,95.9,0
19.60,FSM Enemy 5,FSM,PatrolState,None,0.90,52.1,0
19.60,FSM Enemy 11,FSM,Dead,None,0.00,12.7,0
19.60,FSM Enemy 8,FSM,PatrolState,None,1.00,52.4,0
19.60,Utility Enemy 8,Utility,AttackAction,None,1.00,65.6,0
19.60,Utility Enemy 9,Utility,AttackAction,None,1.00,85.4,0
19.60,Utility Enemy 10,Utility,AttackAction,None,1.00,74.6,0
19.60,Utility Enemy 2,Utility,AttackAction,None,1.00,102.6,0
19.60,Utility Enemy 7,Utility,AttackAction,None,1.00,84.2,0
19.60,Utility Enemy 13,Utility,AttackAction,None,1.00,27.5,0
19.60,Utility Enemy 3,Utility,AttackAction,None,1.00,96.9,0
19.60,Utility Enemy 14,Utility,AttackAction,None,1.00,89.5,0
19.60,Utility Enemy 15,Utility,AttackAction,None,1.00,73.9,0
19.60,Utility Enemy 1,Utility,AttackAction,None,1.00,85.1,0
19.60,Utility Enemy 12,Utility,AttackAction,None,1.00,75.5,0
19.60,Utility Enemy 11,Utility,AttackAction,None,1.00,55.6,0
19.60,Utility Enemy 5,Utility,AttackAction,None,1.00,93.9,0
19.60,Utility Enemy 6,Utility,Dead,None,0.00,12.5,0
19.60,Utility Enemy 4,Utility,AttackAction,None,1.00,46.2,0
20.10,Player,Player,-,None,0.79,,0
20.10,FSM Enemy 14,FSM,PatrolState,None,1.00,104.2,0
20.10,FSM Enemy 15,FSM,Dead,None,0.00,19.5,0
20.10,FSM Enemy 2,FSM,PatrolState,None,1.00,114.3,0
20.10,FSM Enemy 10,FSM,PatrolState,None,1.00,95.7,0
20.10,FSM Enemy 1,FSM,PatrolState,None,1.00,80.9,0
20.10,FSM Enemy 12,FSM,PatrolState,None,0.80,77.5,0
20.10,FSM Enemy 9,FSM,PatrolState,None,1.00,62.1,0
20.10,FSM Enemy 4,FSM,PatrolState,None,0.70,87.5,0
20.10,FSM Enemy 7,FSM,Dead,None,0.00,15.7,0
20.10,FSM Enemy 6,FSM,Dead,None,0.00,71.6,0
20.10,FSM Enemy 13,FSM,PatrolState,None,0.80,10.1,0
20.10,FSM Enemy 3,FSM,PatrolState,None,0.40,96.4,0
20.10,FSM Enemy 5,FSM,PatrolState,None,0.90,52.4,0
20.10,FSM Enemy 11,FSM,Dead,None,0.00,12.7,0
20.10,FSM Enemy 8,FSM,PatrolState,None,1.00,52.1,0
20.10,Utility Enemy 8,Utility,AttackAction,None,1.00,65.6,0
20.10,Utility Enemy 9,Utility,AttackAction,None,1.00,85.3,0
20.10,Utility Enemy 10,Utility,AttackAction,None,1.00,74.6,0
20.10,Utility Enemy 2,Utility,AttackAction,None,1.00,102.6,0
20.10,Utility Enemy 7,Utility,AttackAction,None,1.00,84.1,0
20.10,Utility Enemy 13,Utility,AttackAction,None,1.00,27.5,0
20.10,Utility Enemy 3,Utility,AttackAction,None,1.00,96.9,0
20.10,Utility Enemy 14,Utility,AttackAction,None,1.00,89.5,0
20.10,Utility Enemy 15,Utility,AttackAction,None,1.00,73.9,0
20.10,Utility Enemy 1,Utility,AttackAction,None,1.00,85.0,0
20.10,Utility Enemy 12,Utility,AttackAction,None,1.00,75.5,0
20.10,Utility Enemy 11,Utility,AttackAction,None,1.00,55.6,0
20.10,Utility Enemy 5,Utility,AttackAction,None,1.00,93.9,0
20.10,Utility Enemy 6,Utility,Dead,None,0.00,12.5,0
20.10,Utility Enemy 4,Utility,AttackAction,None,1.00,46.2,0
20.60,Player,Player,-,None,0.79,,0
20.60,FSM Enemy 14,FSM,PatrolState,None,1.00,105.3,0
20.60,FSM Enemy 15,FSM,Dead,None,0.00,19.5,0
20.60,FSM Enemy 2,FSM,PatrolState,None,1.00,115.4,0
20.60,FSM Enemy 10,FSM,PatrolState,None,1.00,96.7,0
20.60,FSM Enemy 1,FSM,PatrolState,None,1.00,80.0,0
20.60,FSM Enemy 12,FSM,PatrolState,None,0.80,76.2,0
20.60,FSM Enemy 9,FSM,PatrolState,None,1.00,61.5,0
20.60,FSM Enemy 4,FSM,PatrolState,None,0.70,86.9,0
20.60,FSM Enemy 7,FSM,PatrolState,None,1.00,23.1,0
20.60,FSM Enemy 6,FSM,Dead,None,0.00,71.6,0
20.60,FSM Enemy 13,FSM,PatrolState,None,0.80,9.9,0
20.60,FSM Enemy 3,FSM,PatrolState,None,0.40,96.9,0
20.60,FSM Enemy 5,FSM,PatrolState,None,0.90,52.7,0
20.60,FSM Enemy 11,FSM,Dead,None,0.00,12.7,0
20.60,FSM Enemy 8,FSM,PatrolState,None,1.00,51.9,0
20.60,Utility Enemy 8,Utility,AttackAction,None,1.00,65.6,0
20.60,Utility Enemy 9,Utility,AttackAction,None,1.00,85.3,0
20.60,Utility Enemy 10,Utility,AttackAction,None,1.00,74.6,0
20.60,Utility Enemy 2,Utility,AttackAction,None,1.00,102.6,0
20.60,Utility Enemy 7,Utility,AttackAction,None,1.00,84.1,0
20.60,Utility Enemy 13,Utility,AttackAction,None,1.00,27.5,0
20.60,Utility Enemy 3,Utility,AttackAction,None,1.00,96.9,0
20.60,Utility Enemy 14,Utility,AttackAction,None,1.00,89.5,0
20.60,Utility Enemy 15,Utility,AttackAction,None,1.00,73.9,0
20.60,Utility Enemy 1,Utility,AttackAction,None,1.00,85.0,0
20.60,Utility Enemy 12,Utility,AttackAction,None,1.00,75.5,0
20.60,Utility Enemy 11,Utility,AttackAction,None,1.00,55.6,0
20.60,Utility Enemy 5,Utility,AttackAction,None,1.00,93.9,0
20.60,Utility Enemy 6,Utility,Dead,None,0.00,12.5,0
20.60,Utility Enemy 4,Utility,AttackAction,None,1.00,46.2,0
21.10,Player,Player,-,None,0.79,,0
21.10,FSM Enemy 14,FSM,PatrolState,None,1.00,106.3,0
21.10,FSM Enemy 15,FSM,Dead,None,0.00,19.5,0
21.10,FSM Enemy 2,FSM,PatrolState,None,1.00,116.6,0
21.10,FSM Enemy 10,FSM,PatrolState,None,1.00,96.1,0
21.10,FSM Enemy 1,FSM,PatrolState,None,1.00,78.9,0
21.10,FSM Enemy 12,FSM,PatrolState,None,0.80,75.0,0
21.10,FSM Enemy 9,FSM,PatrolState,None,1.00,61.0,0
21.10,FSM Enemy 4,FSM,PatrolState,None,0.70,86.3,0
21.10,FSM Enemy 7,FSM,PatrolState,None,1.00,23.2,0
21.10,FSM Enemy 6,FSM,Dead,None,0.00,71.6,0
21.10,FSM Enemy 13,FSM,PatrolState,None,0.80,10.9,0
21.10,FSM Enemy 3,FSM,PatrolState,None,0.40,97.4,0
21.10,FSM Enemy 5,FSM,PatrolState,None,0.90,53.6,0
21.10,FSM Enemy 11,FSM,Dead,None,0.00,12.7,0
21.10,FSM Enemy 8,FSM,PatrolState,None,1.00,51.7,0
21.10,Utility Enemy 8,Utility,AttackAction,None,1.00,65.6,0
21.10,Utility Enemy 9,Utility,AttackAction,None,1.00,85.3,0
21.10,Utility Enemy 10,Utility,AttackAction,None,1.00,74.6,0
21.10,Utility Enemy 2,Utility,AttackAction,None,1.00,102.6,0
21.10,Utility Enemy 7,Utility,AttackAction,None,1.00,84.1,0
21.10,Utility Enemy 13,Utility,AttackAction,None,1.00,27.5,0
21.10,Utility Enemy 3,Utility,AttackAction,None,1.00,96.9,0
21.10,Utility Enemy 14,Utility,AttackAction,None,1.00,89.5,0
21.10,Utility Enemy 15,Utility,AttackAction,None,1.00,73.9,0
21.10,Utility Enemy 1,Utility,AttackAction,None,1.00,85.0,0
21.10,Utility Enemy 12,Utility,AttackAction,None,1.00,75.5,0
21.10,Utility Enemy 11,Utility,AttackAction,None,1.00,55.6,0
21.10,Utility Enemy 5,Utility,AttackAction,None,1.00,93.9,0
21.10,Utility Enemy 6,Utility,Dead,None,0.00,12.5,0
21.10,Utility Enemy 4,Utility,AttackAction,None,1.00,46.2,0
21.61,Player,Player,-,None,0.79,,0
21.61,FSM Enemy 14,FSM,PatrolState,None,1.00,107.3,0
21.61,FSM Enemy 15,FSM,Dead,None,0.00,19.5,0
21.61,FSM Enemy 2,FSM,PatrolState,None,1.00,117.8,0
21.61,FSM Enemy 10,FSM,PatrolState,None,1.00,95.2,0
21.61,FSM Enemy 1,FSM,PatrolState,None,1.00,77.9,0
21.61,FSM Enemy 12,FSM,PatrolState,None,0.80,73.7,0
21.61,FSM Enemy 9,FSM,PatrolState,None,1.00,60.4,0
21.61,FSM Enemy 4,FSM,PatrolState,None,0.70,85.8,0
21.61,FSM Enemy 7,FSM,PatrolState,None,1.00,22.4,0
21.61,FSM Enemy 6,FSM,Dead,None,0.00,71.6,0
21.61,FSM Enemy 13,FSM,PatrolState,None,0.80,11.8,0
21.61,FSM Enemy 3,FSM,PatrolState,None,0.40,98.0,0
21.61,FSM Enemy 5,FSM,PatrolState,None,0.90,54.6,0
21.61,FSM Enemy 11,FSM,PatrolState,None,1.00,44.5,0
21.61,FSM Enemy 8,FSM,PatrolState,None,1.00,51.3,0
21.61,Utility Enemy 8,Utility,AttackAction,None,1.00,65.6,0
21.61,Utility Enemy 9,Utility,AttackAction,None,1.00,85.3,0
21.61,Utility Enemy 10,Utility,AttackAction,None,1.00,74.6,0
21.61,Utility Enemy 2,Utility,AttackAction,None,1.00,102.6,0
21.61,Utility Enemy 7,Utility,AttackAction,None,1.00,84.1,0
21.61,Utility Enemy 13,Utility,AttackAction,None,1.00,27.5,0
21.61,Utility Enemy 3,Utility,AttackAction,None,1.00,96.9,0
21.61,Utility Enemy 14,Utility,AttackAction,None,1.00,89.5,0
21.61,Utility Enemy 15,Utility,AttackAction,None,1.00,73.9,0
21.61,Utility Enemy 1,Utility,AttackAction,None,1.00,85.0,0
21.61,Utility Enemy 12,Utility,AttackAction,None,1.00,75.5,0
21.61,Utility Enemy 11,Utility,AttackAction,None,1.00,55.6,0
21.61,Utility Enemy 5,Utility,AttackAction,None,1.00,93.9,0
21.61,Utility Enemy 6,Utility,Dead,None,0.00,12.5,0
21.61,Utility Enemy 4,Utility,AttackAction,None,1.00,46.2,0
22.11,Player,Player,-,None,0.79,,0
22.11,FSM Enemy 14,FSM,PatrolState,None,1.00,108.2,0
22.11,FSM Enemy 15,FSM,Dead,None,0.00,19.5,0
22.11,FSM Enemy 2,FSM,PatrolState,None,1.00,118.9,0
22.11,FSM Enemy 10,FSM,PatrolState,None,1.00,94.4,0
22.11,FSM Enemy 1,FSM,PatrolState,None,1.00,76.8,0
22.11,FSM Enemy 12,FSM,PatrolState,None,0.80,73.0,0
22.11,FSM Enemy 9,FSM,PatrolState,None,1.00,59.9,0
22.11,FSM Enemy 4,FSM,PatrolState,None,0.70,85.3,0
22.11,FSM Enemy 7,FSM,PatrolState,None,1.00,21.6,0
22.11,FSM Enemy 6,FSM,PatrolState,None,1.00,58.5,0
22.11,FSM Enemy 13,FSM,PatrolState,None,0.80,12.9,0
22.11,FSM Enemy 3,FSM,PatrolState,None,0.40,98.5,0
22.11,FSM Enemy 5,FSM,PatrolState,None,0.90,55.7,0
22.11,FSM Enemy 11,FSM,PatrolState,None,1.00,43.4,0
22.11,FSM Enemy 8,FSM,PatrolState,None,1.00,51.2,0
22.11,Utility Enemy 8,Utility,AttackAction,None,1.00,65.6,0
22.11,Utility Enemy 9,Utility,AttackAction,None,1.00,85.3,0
22.11,Utility Enemy 10,Utility,AttackAction,None,1.00,74.6,0
22.11,Utility Enemy 2,Utility,AttackAction,None,1.00,102.6,0
22.11,Utility Enemy 7,Utility,AttackAction,None,1.00,84.1,0
22.11,Utility Enemy 13,Utility,AttackAction,None,0.50,27.5,0
22.11,Utility Enemy 3,Utility,AttackAction,None,1.00,96.9,0
22.11,Utility Enemy 14,Utility,AttackAction,None,1.00,89.5,0
22.11,Utility Enemy 15,Utility,AttackAction,None,1.00,73.9,0
22.11,Utility Enemy 1,Utility,AttackAction,None,1.00,85.0,0
22.11,Utility Enemy 12,Utility,AttackAction,None,1.00,75.5,0
22.11,Utility Enemy 11,Utility,AttackAction,None,1.00,55.6,0
22.11,Utility Enemy 5,Utility,AttackAction,None,1.00,93.9,0
22.11,Utility Enemy 6,Utility,AttackAction,None,1.00,106.6,0
22.11,Utility Enemy 4,Utility,AttackAction,None,1.00,46.2,0
22.61,Player,Player,-,None,0.79,,0
22.61,FSM Enemy 14,FSM,PatrolState,None,1.00,107.9,0
22.61,FSM Enemy 15,FSM,Dead,None,0.00,19.5,0
22.61,FSM Enemy 2,FSM,PatrolState,None,1.00,120.0,0
22.61,FSM Enemy 10,FSM,PatrolState,None,1.00,93.5,0
22.61,FSM Enemy 1,FSM,PatrolState,None,1.00,76.3,0
22.61,FSM Enemy 12,FSM,PatrolState,None,0.80,73.3,0
22.61,FSM Enemy 9,FSM,PatrolState,None,1.00,59.5,0
22.61,FSM Enemy 4,FSM,PatrolState,None,0.70,85.6,0
22.61,FSM Enemy 7,FSM,PatrolState,None,1.00,20.8,0
22.61,FSM Enemy 6,FSM,PatrolState,None,1.00,58.0,0
22.61,FSM Enemy 13,FSM,PatrolState,None,0.80,13.6,0
22.61,FSM Enemy 3,FSM,PatrolState,None,0.40,99.1,0
22.61,FSM Enemy 5,FSM,PatrolState,None,0.90,56.8,0
22.61,FSM Enemy 11,FSM,PatrolState,None,1.00,42.2,0
22.61,FSM Enemy 8,FSM,PatrolState,None,1.00,52.3,0
22.61,Utility Enemy 8,Utility,AttackAction,None,1.00,65.6,0
22.61,Utility Enemy 9,Utility,AttackAction,None,1.00,85.3,0
22.61,Utility Enemy 10,Utility,AttackAction,None,1.00,74.6,0
22.61,Utility Enemy 2,Utility,AttackAction,None,1.00,102.6,0
22.61,Utility Enemy 7,Utility,AttackAction,None,1.00,84.1,0
22.61,Utility Enemy 13,Utility,Dead,None,0.00,27.5,0
22.61,Utility Enemy 3,Utility,AttackAction,None,1.00,96.9,0
22.61,Utility Enemy 14,Utility,AttackAction,None,1.00,89.5,0
22.61,Utility Enemy 15,Utility,AttackAction,None,1.00,73.9,0
22.61,Utility Enemy 1,Utility,AttackAction,None,1.00,85.0,0
22.61,Utility Enemy 12,Utility,AttackAction,None,1.00,75.5,0
22.61,Utility Enemy 11,Utility,AttackAction,None,1.00,55.6,0
22.61,Utility Enemy 5,Utility,AttackAction,None,1.00,93.9,0
22.61,Utility Enemy 6,Utility,AttackAction,None,1.00,106.6,0
22.61,Utility Enemy 4,Utility,AttackAction,None,1.00,46.2,0
23.11,Player,Player,-,None,0.79,,0
23.11,FSM Enemy 14,FSM,PatrolState,None,1.00,107.7,0
23.11,FSM Enemy 15,FSM,Dead,None,0.00,19.4,0
23.11,FSM Enemy 2,FSM,PatrolState,None,1.00,120.1,0
23.11,FSM Enemy 10,FSM,PatrolState,None,1.00,92.6,0
23.11,FSM Enemy 1,FSM,PatrolState,None,1.00,76.4,0
23.11,FSM Enemy 12,FSM,PatrolState,None,0.80,73.7,0
23.11,FSM Enemy 9,FSM,PatrolState,None,1.00,58.9,0
23.11,FSM Enemy 4,FSM,PatrolState,None,0.70,86.1,0
23.11,FSM Enemy 7,FSM,PatrolState,None,1.00,19.9,0
23.11,FSM Enemy 6,FSM,PatrolState,None,1.00,57.5,0
23.11,FSM Enemy 13,FSM,PatrolState,None,0.80,13.9,0
23.11,FSM Enemy 3,FSM,PatrolState,None,0.40,99.7,0
23.11,FSM Enemy 5,FSM,PatrolState,None,0.90,57.8,0
23.11,FSM Enemy 11,FSM,PatrolState,None,1.00,41.0,0
23.11,FSM Enemy 8,FSM,PatrolState,None,1.00,53.4,0
23.11,Utility Enemy 8,Utility,AttackAction,None,1.00,65.6,0
23.11,Utility Enemy 9,Utility,AttackAction,None,1.00,85.3,0
23.11,Utility Enemy 10,Utility,AttackAction,None,1.00,74.5,0
23.11,Utility Enemy 2,Utility,AttackAction,None,1.00,102.6,0
23.11,Utility Enemy 7,Utility,AttackAction,None,1.00,84.1,0
23.11,Utility Enemy 13,Utility,Dead,None,0.00,27.5,0
23.11,Utility Enemy 3,Utility,AttackAction,None,1.00,96.8,0
23.11,Utility Enemy 14,Utility,AttackAction,None,1.00,89.4,0
23.11,Utility Enemy 15,Utility,AttackAction,None,1.00,73.9,0
23.11,Utility Enemy 1,Utility,AttackAction,None,1.00,85.0,0
23.11,Utility Enemy 12,Utility,AttackAction,None,1.00,75.4,0
23.11,Utility Enemy 11,Utility,AttackAction,None,1.00,55.6,0
23.11,Utility Enemy 5,Utility,AttackAction,None,1.00,93.8,0
23.11,Utility Enemy 6,Utility,AttackAction,None,1.00,106.6,0
23.11,Utility Enemy 4,Utility,AttackAction,None,1.00,46.2,0
23.62,Player,Player,-,None,0.79,,0
23.62,FSM Enemy 14,FSM,PatrolState,None,1.00,106.3,0
23.62,FSM Enemy 15,FSM,Dead,None,0.00,18.1,0
23.62,FSM Enemy 2,FSM,PatrolState,None,1.00,118.1,0
23.62,FSM Enemy 10,FSM,PatrolState,None,1.00,90.9,0
23.62,FSM Enemy 1,FSM,PatrolState,None,1.00,78.0,0
23.62,FSM Enemy 12,FSM,PatrolState,None,0.80,72.1,0
23.62,FSM Enemy 9,FSM,PatrolState,None,1.00,57.4,0
23.62,FSM Enemy 4,FSM,PatrolState,None,0.70,84.9,0
23.62,FSM Enemy 7,FSM,PatrolState,None,1.00,17.5,0
23.62,FSM Enemy 6,FSM,PatrolState,None,1.00,56.0,0
23.62,FSM Enemy 13,FSM,PatrolState,None,0.80,14.0,0
23.62,FSM Enemy 3,FSM,PatrolState,None,0.40,99.8,0
23.62,FSM Enemy 5,FSM,PatrolState,None,0.90,57.8,0
23.62,FSM Enemy 11,FSM,PatrolState,None,1.00,38.0,0
23.62,FSM Enemy 8,FSM,PatrolState,None,1.00,54.1,0
23.62,Utility Enemy 8,Utility,AttackAction,None,1.00,66.6,0
23.62,Utility Enemy 9,Utility,AttackAction,None,1.00,83.4,0
23.62,Utility Enemy 10,Utility,AttackAction,None,1.00,72.4,0
23.62,Utility Enemy 2,Utility,AttackAction,None,1.00,102.1,0
23.62,Utility Enemy 7,Utility,AttackAction,None,1.00,82.0,0
23.62,Utility Enemy 13,Utility,Dead,None,0.00,28.6,0
23.62,Utility Enemy 3,Utility,AttackAction,None,1.00,95.5,0
23.62,Utility Enemy 14,Utility,AttackAction,None,1.00,87.7,0
23.62,Utility Enemy 15,Utility,AttackAction,None,1.00,74.7,0
23.62,Utility Enemy 1,Utility,AttackAction,None,1.00,85.5,0
23.62,Utility Enemy 12,Utility,AttackAction,None,1.00,73.5,0
23.62,Utility Enemy 11,Utility,AttackAction,None,1.00,56.0,0
23.62,Utility Enemy 5,Utility,AttackAction,None,1.00,93.8,0
23.62,Utility Enemy 6,Utility,AttackAction,None,1.00,105.9,0
23.62,Utility Enemy 4,Utility,AttackAction,None,1.00,47.3,0
24.12,Player,Player,-,None,0.79,,0
24.12,FSM Enemy 14,FSM,PatrolState,None,1.00,107.3,0
24.12,FSM Enemy 15,FSM,PatrolState,None,1.00,19.6,0
24.12,FSM Enemy 2,FSM,PatrolState,None,1.00,118.3,0
24.12,FSM Enemy 10,FSM,PatrolState,None,1.00,91.4,0
24.12,FSM Enemy 1,FSM,PatrolState,None,1.00,81.1,0
24.12,FSM Enemy 12,FSM,PatrolState,None,0.80,72.6,0
24.12,FSM Enemy 9,FSM,PatrolState,None,1.00,58.1,0
24.12,FSM Enemy 4,FSM,PatrolState,None,0.70,86.1,0
24.12,FSM Enemy 7,FSM,PatrolState,None,1.00,16.5,0
24.12,FSM Enemy 6,FSM,PatrolState,None,1.00,56.7,0
24.12,FSM Enemy 13,FSM,PatrolState,None,0.80,15.5,0
24.12,FSM Enemy 3,FSM,PatrolState,None,0.40,100.4,0
24.12,FSM Enemy 5,FSM,PatrolState,None,0.90,58.7,0
24.12,FSM Enemy 11,FSM,PatrolState,None,1.00,37.0,0
24.12,FSM Enemy 8,FSM,PatrolState,None,1.00,56.9,0
24.12,Utility Enemy 8,Utility,AttackAction,None,1.00,68.6,0
24.12,Utility Enemy 9,Utility,AttackAction,None,1.00,83.8,0
24.12,Utility Enemy 10,Utility,AttackAction,None,1.00,72.3,0
24.12,Utility Enemy 2,Utility,AttackAction,None,1.00,103.8,0
24.12,Utility Enemy 7,Utility,AttackAction,None,1.00,81.9,0
24.12,Utility Enemy 13,Utility,Dead,None,0.00,30.5,0
24.12,Utility Enemy 3,Utility,AttackAction,None,1.00,96.4,0
24.12,Utility Enemy 14,Utility,AttackAction,None,1.00,88.3,0
24.12,Utility Enemy 15,Utility,AttackAction,None,1.00,76.7,0
24.12,Utility Enemy 1,Utility,AttackAction,None,1.00,87.4,0
24.12,Utility Enemy 12,Utility,AttackAction,None,1.00,73.6,0
24.12,Utility Enemy 11,Utility,AttackAction,None,1.00,57.9,0
24.12,Utility Enemy 5,Utility,AttackAction,None,1.00,95.6,0
24.12,Utility Enemy 6,Utility,AttackAction,None,1.00,107.5,0
24.12,Utility Enemy 4,Utility,AttackAction,None,1.00,49.3,0
24.62,Player,Player,-,None,0.79,,0
24.62,FSM Enemy 14,FSM,PatrolState,None,1.00,107.7,0
24.62,FSM Enemy 15,FSM,PatrolState,None,1.00,19.5,0
24.62,FSM Enemy 2,FSM,PatrolState,None,1.00,117.7,0
24.62,FSM Enemy 10,FSM,PatrolState,None,1.00,91.0,0
24.62,FSM Enemy 1,FSM,PatrolState,None,1.00,82.9,0
24.62,FSM Enemy 12,FSM,PatrolState,None,0.80,73.0,0
24.62,FSM Enemy 9,FSM,PatrolState,None,1.00,58.0,0
24.62,FSM Enemy 4,FSM,PatrolState,None,0.70,86.9,0
24.62,FSM Enemy 7,FSM,PatrolState,None,1.00,15.8,0
24.62,FSM Enemy 6,FSM,PatrolState,None,1.00,56.8,0
24.62,FSM Enemy 13,FSM,PatrolState,None,0.80,16.6,0
24.62,FSM Enemy 3,FSM,PatrolState,None,0.40,99.8,0
24.62,FSM Enemy 5,FSM,PatrolState,None,0.90,58.5,0
24.62,FSM Enemy 11,FSM,PatrolState,None,1.00,35.9,0
24.62,FSM Enemy 8,FSM,PatrolState,None,1.00,58.7,0
24.62,Utility Enemy 8,Utility,AttackAction,None,1.00,69.4,0
24.62,Utility Enemy 9,Utility,AttackAction,None,1.00,83.9,0
24.62,Utility Enemy 10,Utility,AttackAction,None,1.00,72.3,0
24.62,Utility Enemy 2,Utility,AttackAction,None,1.00,104.4,0
24.62,Utility Enemy 7,Utility,AttackAction,None,1.00,81.9,0
24.62,Utility Enemy 13,Utility,Dead,None,0.00,31.2,0
24.62,Utility Enemy 3,Utility,AttackAction,None,1.00,96.8,0
24.62,Utility Enemy 14,Utility,AttackAction,None,1.00,88.5,0
24.62,Utility Enemy 15,Utility,AttackAction,None,1.00,77.5,0
24.62,Utility Enemy 1,Utility,AttackAction,None,1.00,88.2,0
24.62,Utility Enemy 12,Utility,AttackAction,None,1.00,73.7,0
24.62,Utility Enemy 11,Utility,AttackAction,None,1.00,58.6,0
24.62,Utility Enemy 5,Utility,AttackAction,None,1.00,96.4,0
24.62,Utility Enemy 6,Utility,AttackAction,None,1.00,108.1,0
24.62,Utility Enemy 4,Utility,AttackAction,None,1.00,50.0,0
25.13,Player,Player,-,None,0.79,,0
25.13,FSM Enemy 14,FSM,PatrolState,None,1.00,107.6,0
25.13,FSM Enemy 15,FSM,PatrolState,None,1.00,19.5,0
25.13,FSM Enemy 2,FSM,PatrolState,None,1.00,116.6,0
25.13,FSM Enemy 10,FSM,PatrolState,None,1.00,90.2,0
25.13,FSM Enemy 1,FSM,PatrolState,None,1.00,83.7,0
25.13,FSM Enemy 12,FSM,PatrolState,None,0.80,73.5,0
25.13,FSM Enemy 9,FSM,PatrolState,None,1.00,57.6,0
25.13,FSM Enemy 4,FSM,PatrolState,None,0.70,87.6,0
25.13,FSM Enemy 7,FSM,PatrolState,None,1.00,15.1,0
25.13,FSM Enemy 6,FSM,PatrolState,None,1.00,56.4,0
25.13,FSM Enemy 13,FSM,PatrolState,None,0.80,17.4,0
25.13,FSM Enemy 3,FSM,PatrolState,None,0.40,98.7,0
25.13,FSM Enemy 5,FSM,PatrolState,None,0.90,59.4,0
25.13,FSM Enemy 11,FSM,PatrolState,None,1.00,34.8,0
25.13,FSM Enemy 8,FSM,PatrolState,None,1.00,60.0,0
25.13,Utility Enemy 8,Utility,AttackAction,None,1.00,69.5,0
25.13,Utility Enemy 9,Utility,AttackAction,None,1.00,83.9,0
25.13,Utility Enemy 10,Utility,AttackAction,None,1.00,72.3,0
25.13,Utility Enemy 2,Utility,AttackAction,None,1.00,104.5,0
25.13,Utility Enemy 7,Utility,AttackAction,None,1.00,81.9,0
25.13,Utility Enemy 13,Utility,Dead,None,0.00,31.3,0
25.13,Utility Enemy 3,Utility,AttackAction,None,1.00,96.8,0
25.13,Utility Enemy 14,Utility,AttackAction,None,1.00,88.6,0
25.13,Utility Enemy 15,Utility,AttackAction,None,1.00,77.6,0
25.13,Utility Enemy 1,Utility,AttackAction,None,1.00,88.3,0
25.13,Utility Enemy 12,Utility,AttackAction,None,1.00,73.8,0
25.13,Utility Enemy 11,Utility,AttackAction,None,1.00,58.7,0
25.13,Utility Enemy 5,Utility,AttackAction,None,1.00,96.4,0
25.13,Utility Enemy 6,Utility,AttackAction,None,1.00,108.2,0
25.13,Utility Enemy 4,Utility,AttackAction,None,1.00,50.1,0
25.63,Player,Player,-,None,0.79,,0
25.63,FSM Enemy 14,FSM,PatrolState,None,1.00,107.8,0
25.63,FSM Enemy 15,FSM,PatrolState,None,1.00,19.6,0
25.63,FSM Enemy 2,FSM,PatrolState,None,1.00,115.6,0
25.63,FSM Enemy 10,FSM,PatrolState,None,1.00,90.5,0
25.63,FSM Enemy 1,FSM,PatrolState,None,1.00,84.2,0
25.63,FSM Enemy 12,FSM,PatrolState,None,0.80,73.9,0
25.63,FSM Enemy 9,FSM,PatrolState,None,1.00,57.2,0
25.63,FSM Enemy 4,FSM,PatrolState,None,0.70,88.4,0
25.63,FSM Enemy 7,FSM,PatrolState,None,1.00,14.6,0
25.63,FSM Enemy 6,FSM,PatrolState,None,1.00,56.0,0
25.63,FSM Enemy 13,FSM,PatrolState,None,0.80,18.1,0
25.63,FSM Enemy 3,FSM,PatrolState,None,0.40,97.5,0
25.63,FSM Enemy 5,FSM,PatrolState,None,0.90,60.5,0
25.63,FSM Enemy 11,FSM,PatrolState,None,1.00,33.6,0
25.63,FSM Enemy 8,FSM,PatrolState,None,1.00,61.2,0
25.63,Utility Enemy 8,Utility,AttackAction,None,1.00,69.5,0
25.63,Utility Enemy 9,Utility,AttackAction,None,1.00,83.9,0
25.63,Utility Enemy 10,Utility,AttackAction,None,1.00,72.3,0
25.63,Utility Enemy 2,Utility,AttackAction,None,1.00,104.5,0
25.63,Utility Enemy 7,Utility,AttackAction,None,1.00,81.9,0
25.63,Utility Enemy 13,Utility,Dead,None,0.00,31.3,0
25.63,Utility Enemy 3,Utility,AttackAction,None,1.00,96.8,0
25.63,Utility Enemy 14,Utility,AttackAction,None,1.00,88.6,0
25.63,Utility Enemy 15,Utility,AttackAction,None,1.00,77.6,0
25.63,Utility Enemy 1,Utility,AttackAction,None,1.00,88.3,0
25.63,Utility Enemy 12,Utility,AttackAction,None,1.00,73.8,0
25.63,Utility Enemy 11,Utility,AttackAction,None,1.00,58.7,0
25.63,Utility Enemy 5,Utility,AttackAction,None,1.00,96.4,0
25.63,Utility Enemy 6,Utility,AttackAction,None,1.00,108.2,0
25.63,Utility Enemy 4,Utility,AttackAction,None,1.00,50.1,0
26.13,Player,Player,-,None,0.79,,0
26.13,FSM Enemy 14,FSM,PatrolState,None,1.00,108.7,0
26.13,FSM Enemy 15,FSM,PatrolState,None,1.00,19.7,0
26.13,FSM Enemy 2,FSM,PatrolState,None,1.00,114.7,0
26.13,FSM Enemy 10,FSM,PatrolState,None,1.00,90.9,0
26.13,FSM Enemy 1,FSM,PatrolState,None,1.00,84.3,0
26.13,FSM Enemy 12,FSM,PatrolState,None,0.80,74.3,0
26.13,FSM Enemy 9,FSM,PatrolState,None,1.00,56.8,0
26.13,FSM Enemy 4,FSM,PatrolState,None,0.70,89.6,0
26.13,FSM Enemy 7,FSM,PatrolState,None,1.00,14.1,0
26.13,FSM Enemy 6,FSM,PatrolState,None,1.00,55.6,0
26.13,FSM Enemy 13,FSM,PatrolState,None,0.80,18.9,0
26.13,FSM Enemy 3,FSM,PatrolState,None,0.40,96.4,0
26.13,FSM Enemy 5,FSM,PatrolState,None,0.90,61.5,0
26.13,FSM Enemy 11,FSM,PatrolState,None,1.00,32.5,0
26.13,FSM Enemy 8,FSM,PatrolState,None,1.00,62.4,0
26.13,Utility Enemy 8,Utility,AttackAction,None,1.00,69.5,0
26.13,Utility Enemy 9,Utility,AttackAction,None,1.00,83.9,0
26.13,Utility Enemy 10,Utility,AttackAction,None,1.00,72.3,0
26.13,Utility Enemy 2,Utility,AttackAction,None,1.00,104.5,0
26.13,Utility Enemy 7,Utility,AttackAction,None,1.00,81.9,0
26.13,Utility Enemy 13,Utility,Dead,None,0.00,31.3,0
26.13,Utility Enemy 3,Utility,AttackAction,None,1.00,96.8,0
26.13,Utility Enemy 14,Utility,AttackAction,None,1.00,88.6,0
26.13,Utility Enemy 15,Utility,AttackAction,None,1.00,77.6,0
26.13,Utility Enemy 1,Utility,AttackAction,None,1.00,88.3,0
26.13,Utility Enemy 12,Utility,AttackAction,None,1.00,73.8,0
26.13,Utility Enemy 11,Utility,AttackAction,None,1.00,58.7,0
26.13,Utility Enemy 5,Utility,AttackAction,None,1.00,96.4,0
26.13,Utility Enemy 6,Utility,AttackAction,None,1.00,108.2,0
26.13,Utility Enemy 4,Utility,AttackAction,None,1.00,50.1,0
26.63,Player,Player,-,None,0.79,,0
26.63,FSM Enemy 14,FSM,PatrolState,None,1.00,109.5,0
26.63,FSM Enemy 15,FSM,PatrolState,None,1.00,20.0,0
26.63,FSM Enemy 2,FSM,PatrolState,None,1.00,113.9,0
26.63,FSM Enemy 10,FSM,PatrolState,None,1.00,91.5,0
26.63,FSM Enemy 1,FSM,PatrolState,None,1.00,84.0,0
26.63,FSM Enemy 12,FSM,PatrolState,None,0.80,74.8,0
26.63,FSM Enemy 9,FSM,PatrolState,None,1.00,56.4,0
26.63,FSM Enemy 4,FSM,PatrolState,None,0.70,90.8,0
26.63,FSM Enemy 7,FSM,PatrolState,None,1.00,13.8,0
26.63,FSM Enemy 6,FSM,PatrolState,None,1.00,55.2,0
26.63,FSM Enemy 13,FSM,PatrolState,None,0.80,19.6,0
26.63,FSM Enemy 3,FSM,PatrolState,None,0.40,96.1,0
26.63,FSM Enemy 5,FSM,PatrolState,None,0.90,62.6,0
26.63,FSM Enemy 11,FSM,PatrolState,None,1.00,31.4,0
26.63,FSM Enemy 8,FSM,PatrolState,None,1.00,63.6,0
26.63,Utility Enemy 8,Utility,AttackAction,None,1.00,69.5,0
26.63,Utility Enemy 9,Utility,AttackAction,None,1.00,83.9,0
26.63,Utility Enemy 10,Utility,AttackAction,None,1.00,72.3,0
26.63,Utility Enemy 2,Utility,AttackAction,None,1.00,104.5,0
26.63,Utility Enemy 7,Utility,AttackAction,None,1.00,81.9,0
26.63,Utility Enemy 13,Utility,Dead,None,0.00,31.3,0
26.63,Utility Enemy 3,Utility,AttackAction,None,1.00,96.8,0
26.63,Utility Enemy 14,Utility,AttackAction,None,1.00,88.6,0
26.63,Utility Enemy 15,Utility,AttackAction,None,1.00,77.6,0
26.63,Utility Enemy 1,Utility,AttackAction,None,1.00,88.3,0
26.63,Utility Enemy 12,Utility,AttackAction,None,1.00,73.8,0
26.63,Utility Enemy 11,Utility,AttackAction,None,1.00,58.7,0
26.63,Utility Enemy 5,Utility,AttackAction,None,1.00,96.4,0
26.63,Utility Enemy 6,Utility,AttackAction,None,1.00,108.2,0
26.63,Utility Enemy 4,Utility,AttackAction,None,1.00,50.1,0
27.14,Player,Player,-,WallDisappear,0.79,,0
27.14,FSM Enemy 14,FSM,ChaseState,WallDisappear,1.00,108.6,0
27.14,FSM Enemy 15,FSM,ChaseState,WallDisappear,1.00,20.3,0
27.14,FSM Enemy 2,FSM,ChaseState,WallDisappear,1.00,113.3,0
27.14,FSM Enemy 10,FSM,ChaseState,WallDisappear,1.00,92.0,0
27.14,FSM Enemy 1,FSM,ChaseState,WallDisappear,1.00,83.7,0
27.14,FSM Enemy 12,FSM,ChaseState,WallDisappear,0.80,75.3,0
27.14,FSM Enemy 9,FSM,ChaseState,WallDisappear,1.00,56.1,0
27.14,FSM Enemy 4,FSM,ChaseState,WallDisappear,0.70,92.0,0
27.14,FSM Enemy 7,FSM,ChaseState,WallDisappear,1.00,13.5,0
27.14,FSM Enemy 6,FSM,ChaseState,WallDisappear,1.00,54.9,0
27.14,FSM Enemy 13,FSM,ChaseState,WallDisappear,0.80,20.4,0
27.14,FSM Enemy 3,FSM,ChaseState,WallDisappear,0.40,96.5,0
27.14,FSM Enemy 5,FSM,ChaseState,WallDisappear,0.90,63.7,0
27.14,FSM Enemy 11,FSM,ChaseState,WallDisappear,1.00,30.2,0
27.14,FSM Enemy 8,FSM,ChaseState,WallDisappear,1.00,64.8,0
27.14,Utility Enemy 8,Utility,AttackAction,WallDisappear,1.00,69.5,0
27.14,Utility Enemy 9,Utility,AttackAction,WallDisappear,1.00,83.9,0
27.14,Utility Enemy 10,Utility,AttackAction,WallDisappear,1.00,72.3,0
27.14,Utility Enemy 2,Utility,AttackAction,WallDisappear,1.00,104.5,0
27.14,Utility Enemy 7,Utility,AttackAction,WallDisappear,1.00,81.9,0
27.14,Utility Enemy 13,Utility,Dead,WallDisappear,0.00,31.3,0
27.14,Utility Enemy 3,Utility,AttackAction,WallDisappear,1.00,96.8,0
27.14,Utility Enemy 14,Utility,AttackAction,WallDisappear,1.00,88.6,0
27.14,Utility Enemy 15,Utility,AttackAction,WallDisappear,1.00,77.6,0
27.14,Utility Enemy 1,Utility,AttackAction,WallDisappear,1.00,88.3,0
27.14,Utility Enemy 12,Utility,AttackAction,WallDisappear,1.00,73.8,0
27.14,Utility Enemy 11,Utility,AttackAction,WallDisappear,1.00,58.7,0
27.14,Utility Enemy 5,Utility,AttackAction,WallDisappear,1.00,96.4,0
27.14,Utility Enemy 6,Utility,AttackAction,WallDisappear,1.00,108.2,0
27.14,Utility Enemy 4,Utility,AttackAction,WallDisappear,1.00,50.1,0
27.64,Player,Player,-,WallDisappear,0.79,,0
27.64,FSM Enemy 14,FSM,ChaseState,WallDisappear,1.00,107.4,0
27.64,FSM Enemy 15,FSM,ChaseState,WallDisappear,1.00,20.0,0
27.64,FSM Enemy 2,FSM,ChaseState,WallDisappear,1.00,112.1,0
27.64,FSM Enemy 10,FSM,ChaseState,WallDisappear,1.00,90.7,0
27.64,FSM Enemy 1,FSM,ChaseState,WallDisappear,1.00,83.8,0
27.64,FSM Enemy 12,FSM,ChaseState,WallDisappear,0.80,75.0,0
27.64,FSM Enemy 9,FSM,ChaseState,WallDisappear,1.00,56.1,0
27.64,FSM Enemy 4,FSM,ChaseState,WallDisappear,0.70,91.9,0
27.64,FSM Enemy 7,FSM,ChaseState,WallDisappear,1.00,13.2,0
27.64,FSM Enemy 6,FSM,ChaseState,WallDisappear,1.00,54.7,0
27.64,FSM Enemy 13,FSM,ChaseState,WallDisappear,0.80,19.7,0
27.64,FSM Enemy 3,FSM,ChaseState,WallDisappear,0.40,95.8,0
27.64,FSM Enemy 5,FSM,ChaseState,WallDisappear,0.90,62.8,0
27.64,FSM Enemy 11,FSM,ChaseState,WallDisappear,1.00,29.0,0
27.64,FSM Enemy 8,FSM,ChaseState,WallDisappear,1.00,65.3,0
27.64,Utility Enemy 8,Utility,ChaseAction,WallDisappear,1.00,69.3,0
27.64,Utility Enemy 9,Utility,ChaseAction,WallDisappear,1.00,83.6,0
27.64,Utility Enemy 10,Utility,ChaseAction,WallDisappear,1.00,72.2,0
27.64,Utility Enemy 2,Utility,ChaseAction,WallDisappear,1.00,104.0,0
27.64,Utility Enemy 7,Utility,ChaseAction,WallDisappear,1.00,81.6,0
27.64,Utility Enemy 13,Utility,Dead,WallDisappear,0.00,31.3,0
27.64,Utility Enemy 3,Utility,ChaseAction,WallDisappear,1.00,96.4,0
27.64,Utility Enemy 14,Utility,ChaseAction,WallDisappear,1.00,87.9,0
27.64,Utility Enemy 15,Utility,ChaseAction,WallDisappear,1.00,77.3,0
27.64,Utility Enemy 1,Utility,ChaseAction,WallDisappear,1.00,87.9,0
27.64,Utility Enemy 12,Utility,ChaseAction,WallDisappear,1.00,73.7,0
27.64,Utility Enemy 11,Utility,ChaseAction,WallDisappear,1.00,57.8,0
27.64,Utility Enemy 5,Utility,ChaseAction,WallDisappear,1.00,96.1,0
27.64,Utility Enemy 6,Utility,ChaseAction,WallDisappear,1.00,107.3,0
27.64,Utility Enemy 4,Utility,ChaseAction,WallDisappear,1.00,50.0,0
28.14,Player,Player,-,WallDisappear,0.79,,0
28.14,FSM Enemy 14,FSM,ChaseState,WallDisappear,1.00,105.3,0
28.14,FSM Enemy 15,FSM,ChaseState,WallDisappear,1.00,18.4,0
28.14,FSM Enemy 2,FSM,ChaseState,WallDisappear,1.00,109.9,0
28.14,FSM Enemy 10,FSM,ChaseState,WallDisappear,1.00,88.5,0
28.14,FSM Enemy 1,FSM,ChaseState,WallDisappear,1.00,84.1,0
28.14,FSM Enemy 12,FSM,ChaseState,WallDisappear,0.80,74.5,0
28.14,FSM Enemy 9,FSM,ChaseState,WallDisappear,1.00,56.2,0
28.14,FSM Enemy 4,FSM,ChaseState,WallDisappear,0.70,90.0,0
28.14,FSM Enemy 7,FSM,ChaseState,WallDisappear,1.00,13.1,0
28.14,FSM Enemy 6,FSM,ChaseState,WallDisappear,1.00,54.7,0
28.14,FSM Enemy 13,FSM,ChaseState,WallDisappear,0.80,18.3,0
28.14,FSM Enemy 3,FSM,ChaseState,WallDisappear,0.40,93.8,0
28.14,FSM Enemy 5,FSM,ChaseState,WallDisappear,0.90,61.3,0
28.14,FSM Enemy 11,FSM,ChaseState,WallDisappear,1.00,27.1,0
28.14,FSM Enemy 8,FSM,ChaseState,WallDisappear,1.00,63.7,0
28.14,Utility Enemy 8,Utility,ChaseAction,WallDisappear,1.00,68.3,0
28.14,Utility Enemy 9,Utility,ChaseAction,WallDisappear,1.00,82.0,0
28.14,Utility Enemy 10,Utility,ChaseAction,WallDisappear,1.00,72.1,0
28.14,Utility Enemy 2,Utility,ChaseAction,WallDisappear,1.00,102.1,0
28.14,Utility Enemy 7,Utility,ChaseAction,WallDisappear,1.00,79.8,0
28.14,Utility Enemy 13,Utility,Dead,WallDisappear,0.00,31.3,0
28.14,Utility Enemy 3,Utility,ChaseAction,WallDisappear,1.00,94.6,0
28.14,Utility Enemy 14,Utility,ChaseAction,WallDisappear,1.00,86.4,0
28.14,Utility Enemy 15,Utility,ChaseAction,WallDisappear,1.00,76.4,0
28.14,Utility Enemy 1,Utility,ChaseAction,WallDisappear,1.00,85.8,0
28.14,Utility Enemy 12,Utility,ChaseAction,WallDisappear,1.00,73.3,0
28.14,Utility Enemy 11,Utility,ChaseAction,WallDisappear,1.00,55.7,0
28.14,Utility Enemy 5,Utility,ChaseAction,WallDisappear,1.00,94.0,0
28.14,Utility Enemy 6,Utility,ChaseAction,WallDisappear,1.00,105.1,0
28.14,Utility Enemy 4,Utility,ChaseAction,WallDisappear,1.00,49.8,0
28.65,Player,Player,-,WallDisappear,0.79,,0
28.65,FSM Enemy 14,FSM,ChaseState,WallDisappear,1.00,103.3,0
28.65,FSM Enemy 15,FSM,ChaseState,WallDisappear,1.00,17.0,0
28.65,FSM Enemy 2,FSM,ChaseState,WallDisappear,1.00,107.7,0
28.65,FSM Enemy 10,FSM,ChaseState,WallDisappear,1.00,86.2,0
28.65,FSM Enemy 1,FSM,ChaseState,WallDisappear,1.00,83.0,0
28.65,FSM Enemy 12,FSM,ChaseState,WallDisappear,0.80,74.1,0
28.65,FSM Enemy 9,FSM,ChaseState,WallDisappear,1.00,56.6,0
28.65,FSM Enemy 4,FSM,ChaseState,WallDisappear,0.70,88.1,0
28.65,FSM Enemy 7,FSM,ChaseState,WallDisappear,1.00,12.9,0
28.65,FSM Enemy 6,FSM,ChaseState,WallDisappear,1.00,54.8,0
28.65,FSM Enemy 13,FSM,ChaseState,WallDisappear,0.80,17.0,0
28.65,FSM Enemy 3,FSM,ChaseState,WallDisappear,0.40,91.8,0
28.65,FSM Enemy 5,FSM,ChaseState,WallDisappear,0.90,59.7,0
28.65,FSM Enemy 11,FSM,ChaseState,WallDisappear,1.00,25.2,0
28.65,FSM Enemy 8,FSM,ChaseState,WallDisappear,1.00,61.9,0
28.65,Utility Enemy 8,Utility,ChaseAction,WallDisappear,1.00,67.4,0
28.65,Utility Enemy 9,Utility,ChaseAction,WallDisappear,1.00,80.2,0
28.65,Utility Enemy 10,Utility,ChaseAction,WallDisappear,1.00,72.0,0
28.65,Utility Enemy 2,Utility,ChaseAction,WallDisappear,1.00,100.2,0
28.65,Utility Enemy 7,Utility,ChaseAction,WallDisappear,1.00,78.1,0
28.65,Utility Enemy 13,Utility,Dead,WallDisappear,0.00,31.3,0
28.65,Utility Enemy 3,Utility,ChaseAction,WallDisappear,1.00,92.8,0
28.65,Utility Enemy 14,Utility,ChaseAction,WallDisappear,1.00,84.9,0
28.65,Utility Enemy 15,Utility,ChaseAction,WallDisappear,1.00,76.2,0
28.65,Utility Enemy 1,Utility,ChaseAction,WallDisappear,1.00,83.7,0
28.65,Utility Enemy 12,Utility,ChaseAction,WallDisappear,1.00,73.0,0
28.65,Utility Enemy 11,Utility,ChaseAction,WallDisappear,1.00,53.6,0
28.65,Utility Enemy 5,Utility,ChaseAction,WallDisappear,1.00,91.7,0
28.65,Utility Enemy 6,Utility,ChaseAction,WallDisappear,1.00,102.8,0
28.65,Utility Enemy 4,Utility,ChaseAction,WallDisappear,1.00,49.7,0
29.15,Player,Player,-,WallDisappear,0.79,,0
29.15,FSM Enemy 14,FSM,ChaseState,WallDisappear,1.00,101.2,0
29.15,FSM Enemy 15,FSM,ChaseState,WallDisappear,1.00,15.8,0
29.15,FSM Enemy 2,FSM,ChaseState,WallDisappear,1.00,105.5,0
29.15,FSM Enemy 10,FSM,ChaseState,WallDisappear,1.00,84.0,0
29.15,FSM Enemy 1,FSM,ChaseState,WallDisappear,1.00,81.0,0
29.15,FSM Enemy 12,FSM,ChaseState,WallDisappear,0.80,73.7,0
29.15,FSM Enemy 9,FSM,ChaseState,WallDisappear,1.00,57.9,0
29.15,FSM Enemy 4,FSM,ChaseState,WallDisappear,0.70,86.2,0
29.15,FSM Enemy 7,FSM,ChaseState,WallDisappear,1.00,12.6,0
29.15,FSM Enemy 6,FSM,ChaseState,WallDisappear,1.00,55.0,0
29.15,FSM Enemy 13,FSM,ChaseState,WallDisappear,0.80,15.9,0
29.15,FSM Enemy 3,FSM,ChaseState,WallDisappear,0.40,89.8,0
29.15,FSM Enemy 5,FSM,ChaseState,WallDisappear,0.90,58.3,0
29.15,FSM Enemy 11,FSM,ChaseState,WallDisappear,0.50,23.3,0
29.15,FSM Enemy 8,FSM,ChaseState,WallDisappear,1.00,60.1,0
29.15,Utility Enemy 8,Utility,ChaseAction,WallDisappear,1.00,66.5,0
29.15,Utility Enemy 9,Utility,ChaseAction,WallDisappear,1.00,78.5,0
29.15,Utility Enemy 10,Utility,ChaseAction,WallDisappear,1.00,72.0,0
29.15,Utility Enemy 2,Utility,ChaseAction,WallDisappear,1.00,98.3,0
29.15,Utility Enemy 7,Utility,ChaseAction,WallDisappear,1.00,77.1,0
29.15,Utility Enemy 13,Utility,Dead,WallDisappear,0.00,31.3,0
29.15,Utility Enemy 3,Utility,ChaseAction,WallDisappear,1.00,91.0,0
29.15,Utility Enemy 14,Utility,ChaseAction,WallDisappear,1.00,83.6,0
29.15,Utility Enemy 15,Utility,ChaseAction,WallDisappear,1.00,76.1,0
29.15,Utility Enemy 1,Utility,ChaseAction,WallDisappear,1.00,81.6,0
29.15,Utility Enemy 12,Utility,ChaseAction,WallDisappear,1.00,72.8,0
29.15,Utility Enemy 11,Utility,ChaseAction,WallDisappear,1.00,51.5,0
29.15,Utility Enemy 5,Utility,ChaseAction,WallDisappear,1.00,89.5,0
29.15,Utility Enemy 6,Utility,ChaseAction,WallDisappear,1.00,100.6,0
29.15,Utility Enemy 4,Utility,ChaseAction,WallDisappear,1.00,49.7,0
29.65,Player,Player,-,WallDisappear,0.79,,0
29.65,FSM Enemy 14,FSM,ChaseState,WallDisappear,1.00,99.2,0
29.65,FSM Enemy 15,FSM,ChaseState,WallDisappear,1.00,14.8,0
29.65,FSM Enemy 2,FSM,ChaseState,WallDisappear,1.00,103.3,0
29.65,FSM Enemy 10,FSM,ChaseState,WallDisappear,1.00,81.8,0
29.65,FSM Enemy 1,FSM,ChaseState,WallDisappear,1.00,79.1,0
29.65,FSM Enemy 12,FSM,ChaseState,WallDisappear,0.80,73.4,0
29.65,FSM Enemy 9,FSM,ChaseState,WallDisappear,1.00,57.9,0
29.65,FSM Enemy 4,FSM,ChaseState,WallDisappear,0.70,84.3,0
29.65,FSM Enemy 7,FSM,ChaseState,WallDisappear,1.00,12.6,0
29.65,FSM Enemy 6,FSM,ChaseState,WallDisappear,1.00,55.3,0
29.65,FSM Enemy 13,FSM,ChaseState,WallDisappear,0.80,15.0,0
29.65,FSM Enemy 3,FSM,ChaseState,WallDisappear,0.40,87.8,0
29.65,FSM Enemy 5,FSM,ChaseState,WallDisappear,0.90,56.8,0
29.65,FSM Enemy 11,FSM,Dead,WallDisappear,0.00,23.0,0
29.65,FSM Enemy 8,FSM,ChaseState,WallDisappear,1.00,58.4,0
29.65,Utility Enemy 8,Utility,ChaseAction,WallDisappear,1.00,65.7,0
29.65,Utility Enemy 9,Utility,ChaseAction,WallDisappear,1.00,76.9,0
29.65,Utility Enemy 10,Utility,ChaseAction,WallDisappear,1.00,72.0,0
29.65,Utility Enemy 2,Utility,ChaseAction,WallDisappear,1.00,96.4,0
29.65,Utility Enemy 7,Utility,ChaseAction,WallDisappear,1.00,76.2,0
29.65,Utility Enemy 13,Utility,Dead,WallDisappear,0.00,31.3,0
29.65,Utility Enemy 3,Utility,ChaseAction,WallDisappear,1.00,89.2,0
29.65,Utility Enemy 14,Utility,ChaseAction,WallDisappear,1.00,82.2,0
29.65,Utility Enemy 15,Utility,ChaseAction,WallDisappear,1.00,75.3,0
29.65,Utility Enemy 1,Utility,ChaseAction,WallDisappear,1.00,79.5,0
29.65,Utility Enemy 12,Utility,ChaseAction,WallDisappear,1.00,71.5,0
29.65,Utility Enemy 11,Utility,ChaseAction,WallDisappear,1.00,49.4,0
29.65,Utility Enemy 5,Utility,ChaseAction,WallDisappear,1.00,87.4,0
29.65,Utility Enemy 6,Utility,ChaseAction,WallDisappear,1.00,98.3,0
29.65,Utility Enemy 4,Utility,ChaseAction,WallDisappear,1.00,49.8,0
30.16,Player,Player,-,WallDisappear,0.79,,0
30.16,FSM Enemy 14,FSM,ChaseState,WallDisappear,1.00,97.3,0
30.16,FSM Enemy 15,FSM,ChaseState,WallDisappear,1.00,14.2,0
30.16,FSM Enemy 2,FSM,ChaseState,WallDisappear,1.00,101.2,0
30.16,FSM Enemy 10,FSM,ChaseState,WallDisappear,1.00,79.6,0
30.16,FSM Enemy 1,FSM,ChaseState,WallDisappear,1.00,77.2,0
30.16,FSM Enemy 12,FSM,ChaseState,WallDisappear,0.80,73.4,0
30.16,FSM Enemy 9,FSM,ChaseState,WallDisappear,1.00,57.9,0
30.16,FSM Enemy 4,FSM,ChaseState,WallDisappear,0.70,82.4,0
30.16,FSM Enemy 7,FSM,ChaseState,WallDisappear,1.00,12.6,0
30.16,FSM Enemy 6,FSM,ChaseState,WallDisappear,1.00,55.7,0
30.16,FSM Enemy 13,FSM,ChaseState,WallDisappear,0.80,13.9,0
30.16,FSM Enemy 3,FSM,ChaseState,WallDisappear,0.40,85.8,0
30.16,FSM Enemy 5,FSM,ChaseState,WallDisappear,0.90,56.0,0
30.16,FSM Enemy 11,FSM,Dead,WallDisappear,0.00,23.0,0
30.16,FSM Enemy 8,FSM,ChaseState,WallDisappear,1.00,57.2,0
30.16,Utility Enemy 8,Utility,ChaseAction,WallDisappear,1.00,65.0,0
30.16,Utility Enemy 9,Utility,ChaseAction,WallDisappear,1.00,75.2,0
30.16,Utility Enemy 10,Utility,ChaseAction,WallDisappear,1.00,72.1,0
30.16,Utility Enemy 2,Utility,ChaseAction,WallDisappear,1.00,94.8,0
30.16,Utility Enemy 7,Utility,ChaseAction,WallDisappear,1.00,75.4,0
30.16,Utility Enemy 13,Utility,Dead,WallDisappear,0.00,31.3,0
30.16,Utility Enemy 3,Utility,ChaseAction,WallDisappear,1.00,87.3,0
30.16,Utility Enemy 14,Utility,ChaseAction,WallDisappear,1.00,80.3,0
30.16,Utility Enemy 15,Utility,ChaseAction,WallDisappear,1.00,74.1,0
30.16,Utility Enemy 1,Utility,ChaseAction,WallDisappear,1.00,77.3,0
30.16,Utility Enemy 12,Utility,ChaseAction,WallDisappear,1.00,69.7,0
30.16,Utility Enemy 11,Utility,ChaseAction,WallDisappear,1.00,47.3,0
30.16,Utility Enemy 5,Utility,ChaseAction,WallDisappear,1.00,85.2,0
30.16,Utility Enemy 6,Utility,ChaseAction,WallDisappear,1.00,96.1,0
30.16,Utility Enemy 4,Utility,ChaseAction,WallDisappear,1.00,50.1,0
30.66,Player,Player,-,WallDisappear,0.79,,0
30.66,FSM Enemy 14,FSM,ChaseState,WallDisappear,1.00,95.4,0
30.66,FSM Enemy 15,FSM,ChaseState,WallDisappear,1.00,13.6,0
30.66,FSM Enemy 2,FSM,ChaseState,WallDisappear,1.00,99.1,0
30.66,FSM Enemy 10,FSM,ChaseState,WallDisappear,1.00,77.3,0
30.66,FSM Enemy 1,FSM,ChaseState,WallDisappear,1.00,75.3,0
30.66,FSM Enemy 12,FSM,ChaseState,WallDisappear,0.80,73.3,0
30.66,FSM Enemy 9,FSM,ChaseState,WallDisappear,1.00,57.9,0
30.66,FSM Enemy 4,FSM,ChaseState,WallDisappear,0.70,80.5,0
30.66,FSM Enemy 7,FSM,ChaseState,WallDisappear,1.00,12.6,0
30.66,FSM Enemy 6,FSM,ChaseState,WallDisappear,1.00,56.0,0
30.66,FSM Enemy 13,FSM,ChaseState,WallDisappear,0.80,12.6,0
30.66,FSM Enemy 3,FSM,ChaseState,WallDisappear,0.40,83.9,0
30.66,FSM Enemy 5,FSM,ChaseState,WallDisappear,0.90,55.5,0
30.66,FSM Enemy 11,FSM,Dead,WallDisappear,0.00,23.0,0
30.66,FSM Enemy 8,FSM,ChaseState,WallDisappear,1.00,56.5,0
30.66,Utility Enemy 8,Utility,ChaseAction,WallDisappear,1.00,64.4,0
30.66,Utility Enemy 9,Utility,ChaseAction,WallDisappear,1.00,73.6,0
30.66,Utility Enemy 10,Utility,ChaseAction,WallDisappear,1.00,72.3,0
30.66,Utility Enemy 2,Utility,ChaseAction,WallDisappear,1.00,93.1,0
30.66,Utility Enemy 7,Utility,ChaseAction,WallDisappear,1.00,74.6,0
30.66,Utility Enemy 13,Utility,Dead,WallDisappear,0.00,31.3,0
30.66,Utility Enemy 3,Utility,ChaseAction,WallDisappear,1.00,85.1,0
30.66,Utility Enemy 14,Utility,ChaseAction,WallDisappear,1.00,78.5,0
30.66,Utility Enemy 15,Utility,ChaseAction,WallDisappear,1.00,72.9,0
30.66,Utility Enemy 1,Utility,ChaseAction,WallDisappear,1.00,75.5,0
30.66,Utility Enemy 12,Utility,ChaseAction,WallDisappear,1.00,68.0,0
30.66,Utility Enemy 11,Utility,ChaseAction,WallDisappear,1.00,45.3,0
30.66,Utility Enemy 5,Utility,ChaseAction,WallDisappear,1.00,83.1,0
30.66,Utility Enemy 6,Utility,ChaseAction,WallDisappear,1.00,94.1,0
30.66,Utility Enemy 4,Utility,ChaseAction,WallDisappear,1.00,50.4,0
31.16,Player,Player,-,WallDisappear,0.79,,0
31.16,FSM Enemy 14,FSM,ChaseState,WallDisappear,1.00,93.5,0
31.16,FSM Enemy 15,FSM,ChaseState,WallDisappear,1.00,12.1,0
31.16,FSM Enemy 2,FSM,ChaseState,WallDisappear,1.00,97.0,0
31.16,FSM Enemy 10,FSM,ChaseState,WallDisappear,1.00,75.1,0
31.16,FSM Enemy 1,FSM,ChaseState,WallDisappear,1.00,73.4,0
31.16,FSM Enemy 12,FSM,ChaseState,WallDisappear,0.80,73.2,0
31.16,FSM Enemy 9,FSM,ChaseState,WallDisappear,1.00,58.0,0
31.16,FSM Enemy 4,FSM,ChaseState,WallDisappear,0.70,78.7,0
31.16,FSM Enemy 7,FSM,ChaseState,WallDisappear,1.00,12.6,0
31.16,FSM Enemy 6,FSM,ChaseState,WallDisappear,1.00,56.6,0
31.16,FSM Enemy 13,FSM,ChaseState,WallDisappear,0.80,11.4,0
31.16,FSM Enemy 3,FSM,ChaseState,WallDisappear,0.40,81.9,0
31.16,FSM Enemy 5,FSM,ChaseState,WallDisappear,0.90,55.2,0
31.16,FSM Enemy 11,FSM,Dead,WallDisappear,0.00,23.0,0
31.16,FSM Enemy 8,FSM,ChaseState,WallDisappear,1.00,57.5,0
31.16,Utility Enemy 8,Utility,ChaseAction,WallDisappear,1.00,63.1,0
31.16,Utility Enemy 9,Utility,ChaseAction,WallDisappear,1.00,72.2,0
31.16,Utility Enemy 10,Utility,ChaseAction,WallDisappear,1.00,72.6,0
31.16,Utility Enemy 2,Utility,ChaseAction,WallDisappear,1.00,90.8,0
31.16,Utility Enemy 7,Utility,ChaseAction,WallDisappear,1.00,73.9,0
31.16,Utility Enemy 13,Utility,Dead,WallDisappear,0.00,31.3,0
31.16,Utility Enemy 3,Utility,ChaseAction,WallDisappear,1.00,82.9,0
31.16,Utility Enemy 14,Utility,ChaseAction,WallDisappear,1.00,76.7,0
31.16,Utility Enemy 15,Utility,ChaseAction,WallDisappear,1.00,71.8,0
31.16,Utility Enemy 1,Utility,ChaseAction,WallDisappear,1.00,74.0,0
31.16,Utility Enemy 12,Utility,ChaseAction,WallDisappear,1.00,66.3,0
31.16,Utility Enemy 11,Utility,ChaseAction,WallDisappear,1.00,43.2,0
31.16,Utility Enemy 5,Utility,ChaseAction,WallDisappear,1.00,81.0,0
31.16,Utility Enemy 6,Utility,ChaseAction,WallDisappear,1.00,91.8,0
31.16,Utility Enemy 4,Utility,ChaseAction,WallDisappear,1.00,50.8,0
31.67,Player,Player,-,WallDisappear,0.79,,0
31.67,FSM Enemy 14,FSM,ChaseState,WallDisappear,1.00,91.4,0
31.67,FSM Enemy 15,FSM,ChaseState,WallDisappear,1.00,10.9,0
31.67,FSM Enemy 2,FSM,ChaseState,WallDisappear,1.00,94.9,0
31.67,FSM Enemy 10,FSM,ChaseState,WallDisappear,1.00,72.9,0
31.67,FSM Enemy 1,FSM,ChaseState,WallDisappear,1.00,71.6,0
31.67,FSM Enemy 12,FSM,ChaseState,WallDisappear,0.80,72.8,0
31.67,FSM Enemy 9,FSM,ChaseState,WallDisappear,1.00,58.0,0
31.67,FSM Enemy 4,FSM,ChaseState,WallDisappear,0.70,76.9,0
31.67,FSM Enemy 7,FSM,ChaseState,WallDisappear,1.00,12.6,0
31.67,FSM Enemy 6,FSM,ChaseState,WallDisappear,1.00,57.1,0
31.67,FSM Enemy 13,FSM,ChaseState,WallDisappear,0.80,10.4,0
31.67,FSM Enemy 3,FSM,ChaseState,WallDisappear,0.40,80.0,0
31.67,FSM Enemy 5,FSM,ChaseState,WallDisappear,0.90,54.9,0
31.67,FSM Enemy 11,FSM,Dead,WallDisappear,0.00,23.0,0
31.67,FSM Enemy 8,FSM,ChaseState,WallDisappear,1.00,57.5,0
31.67,Utility Enemy 8,Utility,ChaseAction,WallDisappear,1.00,62.4,0
31.67,Utility Enemy 9,Utility,ChaseAction,WallDisappear,1.00,70.9,0
31.67,Utility Enemy 10,Utility,ChaseAction,WallDisappear,1.00,72.7,0
31.67,Utility Enemy 2,Utility,ChaseAction,WallDisappear,1.00,88.6,0
31.67,Utility Enemy 7,Utility,ChaseAction,WallDisappear,1.00,73.3,0
31.67,Utility Enemy 13,Utility,Dead,WallDisappear,0.00,31.3,0
31.67,Utility Enemy 3,Utility,ChaseAction,WallDisappear,1.00,80.6,0
31.67,Utility Enemy 14,Utility,ChaseAction,WallDisappear,1.00,74.9,0
31.67,Utility Enemy 15,Utility,ChaseAction,WallDisappear,1.00,70.7,0
31.67,Utility Enemy 1,Utility,ChaseAction,WallDisappear,1.00,72.5,0
31.67,Utility Enemy 12,Utility,ChaseAction,WallDisappear,1.00,64.6,0
31.67,Utility Enemy 11,Utility,ChaseAction,WallDisappear,1.00,41.2,0
31.67,Utility Enemy 5,Utility,ChaseAction,WallDisappear,1.00,79.0,0
31.67,Utility Enemy 6,Utility,ChaseAction,WallDisappear,1.00,89.6,0
31.67,Utility Enemy 4,Utility,ChaseAction,WallDisappear,1.00,51.3,0
32.17,Player,Player,-,None,0.79,,0
32.17,FSM Enemy 14,FSM,PatrolState,None,1.00,89.6,0
32.17,FSM Enemy 15,FSM,PatrolState,None,1.00,10.3,0
32.17,FSM Enemy 2,FSM,PatrolState,None,1.00,93.2,0
32.17,FSM Enemy 10,FSM,PatrolState,None,1.00,71.0,0
32.17,FSM Enemy 1,FSM,PatrolState,None,1.00,70.7,0
32.17,FSM Enemy 12,FSM,PatrolState,None,0.80,71.8,0
32.17,FSM Enemy 9,FSM,PatrolState,None,1.00,58.4,0
32.17,FSM Enemy 4,FSM,PatrolState,None,0.70,75.4,0
32.17,FSM Enemy 7,FSM,PatrolState,None,1.00,12.6,0
32.17,FSM Enemy 6,FSM,PatrolState,None,1.00,57.5,0
32.17,FSM Enemy 13,FSM,PatrolState,None,0.80,10.0,0
32.17,FSM Enemy 3,FSM,PatrolState,None,0.40,78.4,0
32.17,FSM Enemy 5,FSM,PatrolState,None,0.90,55.0,0
32.17,FSM Enemy 11,FSM,Dead,None,0.00,23.2,0
32.17,FSM Enemy 8,FSM,PatrolState,None,1.00,57.8,0
32.17,Utility Enemy 8,Utility,ChaseAction,None,1.00,62.2,0
32.17,Utility Enemy 9,Utility,ChaseAction,None,1.00,69.8,0
32.17,Utility Enemy 10,Utility,ChaseAction,None,1.00,71.5,0
32.17,Utility Enemy 2,Utility,ChaseAction,None,1.00,86.6,0
32.17,Utility Enemy 7,Utility,ChaseAction,None,1.00,72.8,0
32.17,Utility Enemy 13,Utility,Dead,None,0.00,31.4,0
32.17,Utility Enemy 3,Utility,ChaseAction,None,1.00,78.7,0
32.17,Utility Enemy 14,Utility,ChaseAction,None,1.00,73.5,0
32.17,Utility Enemy 15,Utility,ChaseAction,None,1.00,69.9,0
32.17,Utility Enemy 1,Utility,ChaseAction,None,1.00,71.3,0
32.17,Utility Enemy 12,Utility,ChaseAction,None,1.00,63.3,0
32.17,Utility Enemy 11,Utility,ChaseAction,None,1.00,39.5,0
32.17,Utility Enemy 5,Utility,ChaseAction,None,1.00,77.2,0
32.17,Utility Enemy 6,Utility,ChaseAction,None,1.00,87.7,0
32.17,Utility Enemy 4,Utility,ChaseAction,None,1.00,52.1,0
32.67,Player,Player,-,None,0.79,,0
32.67,FSM Enemy 14,FSM,PatrolState,None,1.00,93.2,0
32.67,FSM Enemy 15,FSM,PatrolState,None,1.00,10.5,0
32.67,FSM Enemy 2,FSM,PatrolState,None,1.00,95.3,0
32.67,FSM Enemy 10,FSM,PatrolState,None,1.00,72.8,0
32.67,FSM Enemy 1,FSM,PatrolState,None,1.00,72.0,0
32.67,FSM Enemy 12,FSM,PatrolState,None,0.70,74.5,0
32.67,FSM Enemy 9,FSM,PatrolState,None,1.00,60.2,0
32.67,FSM Enemy 4,FSM,PatrolState,None,0.70,77.6,0
32.67,FSM Enemy 7,FSM,PatrolState,None,1.00,13.6,0
32.67,FSM Enemy 6,FSM,PatrolState,None,1.00,59.4,0
32.67,FSM Enemy 13,FSM,PatrolState,None,0.80,10.1,0
32.67,FSM Enemy 3,FSM,PatrolState,None,0.40,80.3,0
32.67,FSM Enemy 5,FSM,PatrolState,None,0.90,56.5,0
32.67,FSM Enemy 11,FSM,Dead,None,0.00,25.6,0
32.67,FSM Enemy 8,FSM,PatrolState,None,1.00,59.7,0
32.67,Utility Enemy 8,Utility,AttackAction,None,1.00,63.7,0
32.67,Utility Enemy 9,Utility,AttackAction,None,1.00,71.7,0
32.67,Utility Enemy 10,Utility,AttackAction,None,1.00,73.0,0
32.67,Utility Enemy 2,Utility,AttackAction,None,1.00,87.5,0
32.67,Utility Enemy 7,Utility,AttackAction,None,1.00,75.3,0
32.67,Utility Enemy 13,Utility,Dead,None,0.00,32.0,0
32.67,Utility Enemy 3,Utility,AttackAction,None,1.00,79.8,0
32.67,Utility Enemy 14,Utility,AttackAction,None,1.00,75.0,0
32.67,Utility Enemy 15,Utility,AttackAction,None,1.00,71.0,0
32.67,Utility Enemy 1,Utility,AttackAction,None,1.00,72.3,0
32.67,Utility Enemy 12,Utility,AttackAction,None,1.00,64.9,0
32.67,Utility Enemy 11,Utility,AttackAction,None,1.00,40.3,0
32.67,Utility Enemy 5,Utility,AttackAction,None,1.00,77.9,0
32.67,Utility Enemy 6,Utility,AttackAction,None,1.00,88.7,0
32.67,Utility Enemy 4,Utility,AttackAction,None,1.00,54.3,0
33.17,Player,Player,-,None,0.79,,0
33.17,FSM Enemy 14,FSM,PatrolState,None,1.00,95.8,0
33.17,FSM Enemy 15,FSM,PatrolState,None,1.00,11.1,0
33.17,FSM Enemy 2,FSM,PatrolState,None,1.00,97.6,0
33.17,FSM Enemy 10,FSM,PatrolState,None,1.00,75.1,0
33.17,FSM Enemy 1,FSM,PatrolState,None,1.00,71.9,0
33.17,FSM Enemy 12,FSM,PatrolState,None,0.70,77.1,0
33.17,FSM Enemy 9,FSM,PatrolState,None,1.00,60.7,0
33.17,FSM Enemy 4,FSM,PatrolState,None,0.70,80.2,0
33.17,FSM Enemy 7,FSM,PatrolState,None,1.00,15.7,0
33.17,FSM Enemy 6,FSM,PatrolState,None,1.00,60.2,0
33.17,FSM Enemy 13,FSM,PatrolState,None,0.80,10.4,0
33.17,FSM Enemy 3,FSM,PatrolState,None,0.40,82.3,0
33.17,FSM Enemy 5,FSM,PatrolState,None,0.90,56.0,0
33.17,FSM Enemy 11,FSM,Dead,None,0.00,27.7,0
33.17,FSM Enemy 8,FSM,PatrolState,None,1.00,60.3,0
33.17,Utility Enemy 8,Utility,AttackAction,None,1.00,63.7,0
33.17,Utility Enemy 9,Utility,AttackAction,None,1.00,73.7,0
33.17,Utility Enemy 10,Utility,AttackAction,None,1.00,75.3,0
33.17,Utility Enemy 2,Utility,AttackAction,None,1.00,88.5,0
33.17,Utility Enemy 7,Utility,AttackAction,None,1.00,77.7,0
33.17,Utility Enemy 13,Utility,Dead,None,0.00,31.1,0
33.17,Utility Enemy 3,Utility,AttackAction,None,1.00,81.5,0
33.17,Utility Enemy 14,Utility,AttackAction,None,1.00,76.9,0
33.17,Utility Enemy 15,Utility,AttackAction,None,1.00,71.3,0
33.17,Utility Enemy 1,Utility,AttackAction,None,1.00,72.6,0
33.17,Utility Enemy 12,Utility,AttackAction,None,1.00,67.1,0
33.17,Utility Enemy 11,Utility,AttackAction,None,1.00,40.8,0
33.17,Utility Enemy 5,Utility,AttackAction,None,1.00,78.4,0
33.17,Utility Enemy 6,Utility,AttackAction,None,1.00,89.8,0
33.17,Utility Enemy 4,Utility,AttackAction,None,1.00,54.6,0
33.68,Player,Player,-,None,0.79,,0
33.68,FSM Enemy 14,FSM,PatrolState,None,1.00,95.9,0
33.68,FSM Enemy 15,FSM,PatrolState,None,1.00,11.4,0
33.68,FSM Enemy 2,FSM,PatrolState,None,1.00,97.5,0
33.68,FSM Enemy 10,FSM,PatrolState,None,1.00,75.2,0
33.68,FSM Enemy 1,FSM,PatrolState,None,1.00,71.3,0
33.68,FSM Enemy 12,FSM,PatrolState,None,0.70,76.5,0
33.68,FSM Enemy 9,FSM,PatrolState,None,1.00,59.4,0
33.68,FSM Enemy 4,FSM,PatrolState,None,0.70,79.9,0
33.68,FSM Enemy 7,FSM,PatrolState,None,1.00,16.2,0
33.68,FSM Enemy 6,FSM,PatrolState,None,1.00,58.7,0
33.68,FSM Enemy 13,FSM,PatrolState,None,0.80,10.4,0
33.68,FSM Enemy 3,FSM,PatrolState,None,0.40,82.2,0
33.68,FSM Enemy 5,FSM,PatrolState,None,0.90,54.1,0
33.68,FSM Enemy 11,FSM,Dead,None,0.00,27.0,0
33.68,FSM Enemy 8,FSM,PatrolState,None,1.00,59.9,0
33.68,Utility Enemy 8,Utility,AttackAction,None,1.00,62.5,0
33.68,Utility Enemy 9,Utility,AttackAction,None,1.00,72.7,0
33.68,Utility Enemy 10,Utility,AttackAction,None,1.00,74.3,0
33.68,Utility Enemy 2,Utility,AttackAction,None,1.00,87.2,0
33.68,Utility Enemy 7,Utility,AttackAction,None,1.00,76.9,0
33.68,Utility Enemy 13,Utility,Dead,None,0.00,30.1,0
33.68,Utility Enemy 3,Utility,AttackAction,None,1.00,80.4,0
33.68,Utility Enemy 14,Utility,AttackAction,None,1.00,75.8,0
33.68,Utility Enemy 15,Utility,AttackAction,None,1.00,70.0,0
33.68,Utility Enemy 1,Utility,AttackAction,None,1.00,71.3,0
33.68,Utility Enemy 12,Utility,AttackAction,None,1.00,66.0,0
33.68,Utility Enemy 11,Utility,AttackAction,None,1.00,39.5,0
33.68,Utility Enemy 5,Utility,AttackAction,None,1.00,77.2,0
33.68,Utility Enemy 6,Utility,AttackAction,None,1.00,88.6,0
33.68,Utility Enemy 4,Utility,AttackAction,None,1.00,53.4,0
34.18,Player,Player,-,None,0.79,,0
34.18,FSM Enemy 14,FSM,PatrolState,None,1.00,97.9,0
34.18,FSM Enemy 15,FSM,PatrolState,None,1.00,13.0,0
34.18,FSM Enemy 2,FSM,PatrolState,None,1.00,99.3,0
34.18,FSM Enemy 10,FSM,PatrolState,None,1.00,77.0,0
34.18,FSM Enemy 1,FSM,PatrolState,None,1.00,72.3,0
34.18,FSM Enemy 12,FSM,PatrolState,None,0.70,78.5,0
34.18,FSM Enemy 9,FSM,PatrolState,None,1.00,60.8,0
34.18,FSM Enemy 4,FSM,PatrolState,None,0.70,81.7,0
34.18,FSM Enemy 7,FSM,PatrolState,None,1.00,17.9,0
34.18,FSM Enemy 6,FSM,PatrolState,None,1.00,59.1,0
34.18,FSM Enemy 13,FSM,PatrolState,None,0.80,11.9,0
34.18,FSM Enemy 3,FSM,PatrolState,None,0.40,83.9,0
34.18,FSM Enemy 5,FSM,PatrolState,None,0.90,53.7,0
34.18,FSM Enemy 11,FSM,Dead,None,0.00,28.0,0
34.18,FSM Enemy 8,FSM,PatrolState,None,1.00,61.5,0
34.18,Utility Enemy 8,Utility,AttackAction,None,1.00,62.7,0
34.18,Utility Enemy 9,Utility,AttackAction,None,1.00,73.7,0
34.18,Utility Enemy 10,Utility,AttackAction,None,1.00,75.4,0
34.18,Utility Enemy 2,Utility,AttackAction,None,1.00,87.9,0
34.18,Utility Enemy 7,Utility,AttackAction,None,1.00,78.0,0
34.18,Utility Enemy 13,Utility,Dead,None,0.00,29.9,0
34.18,Utility Enemy 3,Utility,AttackAction,None,1.00,81.2,0
34.18,Utility Enemy 14,Utility,AttackAction,None,1.00,76.7,0
34.18,Utility Enemy 15,Utility,AttackAction,None,1.00,70.3,0
34.18,Utility Enemy 1,Utility,AttackAction,None,1.00,71.6,0
34.18,Utility Enemy 12,Utility,AttackAction,None,1.00,67.1,0
34.18,Utility Enemy 11,Utility,AttackAction,None,1.00,39.9,0
34.18,Utility Enemy 5,Utility,AttackAction,None,1.00,77.6,0
34.18,Utility Enemy 6,Utility,AttackAction,None,1.00,89.2,0
34.18,Utility Enemy 4,Utility,AttackAction,None,1.00,53.7,0
34.68,Player,Player,-,None,0.79,,0
34.68,FSM Enemy 14,FSM,PatrolState,None,1.00,99.8,0
34.68,FSM Enemy 15,FSM,PatrolState,None,1.00,14.4,0
34.68,FSM Enemy 2,FSM,PatrolState,None,1.00,101.2,0
34.68,FSM Enemy 10,FSM,PatrolState,None,1.00,79.1,0
34.68,FSM Enemy 1,FSM,PatrolState,None,1.00,74.4,0
34.68,FSM Enemy 12,FSM,PatrolState,None,0.70,79.5,0
34.68,FSM Enemy 9,FSM,PatrolState,None,1.00,62.2,0
34.68,FSM Enemy 4,FSM,PatrolState,None,0.70,82.9,0
34.68,FSM Enemy 7,FSM,PatrolState,None,1.00,18.6,0
34.68,FSM Enemy 6,FSM,PatrolState,None,1.00,59.5,0
34.68,FSM Enemy 13,FSM,PatrolState,None,0.80,13.5,0
34.68,FSM Enemy 3,FSM,PatrolState,None,0.40,85.9,0
34.68,FSM Enemy 5,FSM,PatrolState,None,0.90,54.1,0
34.68,FSM Enemy 11,FSM,Dead,None,0.00,28.1,0
34.68,FSM Enemy 8,FSM,PatrolState,None,1.00,63.6,0
34.68,Utility Enemy 8,Utility,AttackAction,None,1.00,63.7,0
34.68,Utility Enemy 9,Utility,AttackAction,None,1.00,74.1,0
34.68,Utility Enemy 10,Utility,AttackAction,None,1.00,75.7,0
34.68,Utility Enemy 2,Utility,AttackAction,None,1.00,88.7,0
34.68,Utility Enemy 7,Utility,AttackAction,None,1.00,78.2,0
34.68,Utility Enemy 13,Utility,Dead,None,0.00,30.9,0
34.68,Utility Enemy 3,Utility,AttackAction,None,1.00,81.8,0
34.68,Utility Enemy 14,Utility,AttackAction,None,1.00,77.2,0
34.68,Utility Enemy 15,Utility,AttackAction,None,1.00,71.3,0
34.68,Utility Enemy 1,Utility,AttackAction,None,1.00,72.6,0
34.68,Utility Enemy 12,Utility,AttackAction,None,1.00,67.4,0
34.68,Utility Enemy 11,Utility,AttackAction,None,1.00,40.9,0
34.68,Utility Enemy 5,Utility,AttackAction,None,1.00,78.6,0
34.68,Utility Enemy 6,Utility,AttackAction,None,1.00,90.0,0
34.68,Utility Enemy 4,Utility,AttackAction,None,1.00,54.7,0
35.18,Player,Player,-,None,0.79,,0
35.18,FSM Enemy 14,FSM,PatrolState,None,1.00,101.5,0
35.18,FSM Enemy 15,FSM,PatrolState,None,1.00,15.9,0
35.18,FSM Enemy 2,FSM,PatrolState,None,1.00,102.9,0
35.18,FSM Enemy 10,FSM,PatrolState,None,1.00,80.9,0
35.18,FSM Enemy 1,FSM,PatrolState,None,1.00,76.3,0
35.18,FSM Enemy 12,FSM,PatrolState,None,0.70,80.3,0
35.18,FSM Enemy 9,FSM,PatrolState,None,1.00,63.3,0
35.18,FSM Enemy 4,FSM,PatrolState,None,0.70,83.3,0
35.18,FSM Enemy 7,FSM,PatrolState,None,1.00,19.3,0
35.18,FSM Enemy 6,FSM,PatrolState,None,1.00,59.7,0
35.18,FSM Enemy 13,FSM,PatrolState,None,0.80,14.8,0
35.18,FSM Enemy 3,FSM,PatrolState,None,0.40,87.7,0
35.18,FSM Enemy 5,FSM,PatrolState,None,0.90,54.3,0
35.18,FSM Enemy 11,FSM,Dead,None,0.00,28.1,0
35.18,FSM Enemy 8,FSM,PatrolState,None,1.00,65.2,0
35.18,Utility Enemy 8,Utility,AttackAction,None,1.00,64.6,0
35.18,Utility Enemy 9,Utility,AttackAction,None,1.00,74.3,0
35.18,Utility Enemy 10,Utility,AttackAction,None,1.00,75.7,0
35.18,Utility Enemy 2,Utility,AttackAction,None,1.00,89.3,0
35.18,Utility Enemy 7,Utility,AttackAction,None,1.00,78.3,0
35.18,Utility Enemy 13,Utility,Dead,None,0.00,31.8,0
35.18,Utility Enemy 3,Utility,AttackAction,None,1.00,82.2,0
35.18,Utility Enemy 14,Utility,AttackAction,None,1.00,77.5,0
35.18,Utility Enemy 15,Utility,AttackAction,None,1.00,72.1,0
35.18,Utility Enemy 1,Utility,AttackAction,None,1.00,73.4,0
35.18,Utility Enemy 12,Utility,AttackAction,None,1.00,67.6,0
35.18,Utility Enemy 11,Utility,AttackAction,None,1.00,41.6,0
35.18,Utility Enemy 5,Utility,AttackAction,None,1.00,79.3,0
35.18,Utility Enemy 6,Utility,AttackAction,None,1.00,90.6,0
35.18,Utility Enemy 4,Utility,AttackAction,None,1.00,55.4,0
35.68,Player,Player,-,None,0.79,,0
35.68,FSM Enemy 14,FSM,PatrolState,None,1.00,103.7,0
35.68,FSM Enemy 15,FSM,PatrolState,None,1.00,17.5,0
35.68,FSM Enemy 2,FSM,PatrolState,None,1.00,105.0,0
35.68,FSM Enemy 10,FSM,PatrolState,None,1.00,83.1,0
35.68,FSM Enemy 1,FSM,PatrolState,None,1.00,78.0,0
35.68,FSM Enemy 12,FSM,PatrolState,None,0.70,81.9,0
35.68,FSM Enemy 9,FSM,PatrolState,None,1.00,65.0,0
35.68,FSM Enemy 4,FSM,PatrolState,None,0.70,83.8,0
35.68,FSM Enemy 7,FSM,PatrolState,None,1.00,20.9,0
35.68,FSM Enemy 6,FSM,PatrolState,None,1.00,60.4,0
35.68,FSM Enemy 13,FSM,PatrolState,None,0.80,16.5,0
35.68,FSM Enemy 3,FSM,PatrolState,None,0.40,89.8,0
35.68,FSM Enemy 5,FSM,PatrolState,None,0.90,54.4,0
35.68,FSM Enemy 11,FSM,Dead,None,0.00,28.9,0
35.68,FSM Enemy 8,FSM,PatrolState,None,1.00,66.8,0
35.68,Utility Enemy 8,Utility,AttackAction,None,1.00,65.4,0
35.68,Utility Enemy 9,Utility,AttackAction,None,1.00,75.2,0
35.68,Utility Enemy 10,Utility,AttackAction,None,1.00,76.6,0
35.68,Utility Enemy 2,Utility,AttackAction,None,1.00,90.2,0
35.68,Utility Enemy 7,Utility,AttackAction,None,1.00,79.1,0
35.68,Utility Enemy 13,Utility,Dead,None,0.00,32.4,0
35.68,Utility Enemy 3,Utility,AttackAction,None,1.00,83.1,0
35.68,Utility Enemy 14,Utility,AttackAction,None,1.00,78.5,0
35.68,Utility Enemy 15,Utility,AttackAction,None,1.00,72.9,0
35.68,Utility Enemy 1,Utility,AttackAction,None,1.00,74.3,0
35.68,Utility Enemy 12,Utility,AttackAction,None,1.00,68.5,0
35.68,Utility Enemy 11,Utility,AttackAction,None,1.00,42.4,0
35.68,Utility Enemy 5,Utility,AttackAction,None,1.00,80.2,0
35.68,Utility Enemy 6,Utility,AttackAction,None,1.00,91.5,0
35.68,Utility Enemy 4,Utility,AttackAction,None,1.00,56.3,0
36.19,Player,Player,-,None,0.79,,0
36.19,FSM Enemy 14,FSM,PatrolState,None,1.00,105.3,0
36.19,FSM Enemy 15,FSM,PatrolState,None,1.00,18.7,0
36.19,FSM Enemy 2,FSM,PatrolState,None,1.00,106.6,0
36.19,FSM Enemy 10,FSM,PatrolState,None,1.00,84.6,0
36.19,FSM Enemy 1,FSM,PatrolState,None,1.00,79.1,0
36.19,FSM Enemy 12,FSM,PatrolState,None,0.70,83.0,0
36.19,FSM Enemy 9,FSM,PatrolState,None,1.00,66.1,0
36.19,FSM Enemy 4,FSM,PatrolState,None,0.70,83.6,0
36.19,FSM Enemy 7,FSM,PatrolState,None,1.00,22.2,0
36.19,FSM Enemy 6,FSM,PatrolState,None,1.00,60.5,0
36.19,FSM Enemy 13,FSM,PatrolState,None,0.80,17.7,0
36.19,FSM Enemy 3,FSM,PatrolState,None,0.40,91.2,0
36.19,FSM Enemy 5,FSM,PatrolState,None,0.90,54.0,0
36.19,FSM Enemy 11,FSM,Dead,None,0.00,29.3,0
36.19,FSM Enemy 8,FSM,PatrolState,None,1.00,66.3,0
36.19,Utility Enemy 8,Utility,AttackAction,None,1.00,65.6,0
36.19,Utility Enemy 9,Utility,AttackAction,None,1.00,75.6,0
36.19,Utility Enemy 10,Utility,AttackAction,None,1.00,77.0,0
36.19,Utility Enemy 2,Utility,AttackAction,None,1.00,90.5,0
36.19,Utility Enemy 7,Utility,AttackAction,None,1.00,79.5,0
36.19,Utility Enemy 13,Utility,Dead,None,0.00,32.5,0
36.19,Utility Enemy 3,Utility,AttackAction,None,1.00,83.5,0
36.19,Utility Enemy 14,Utility,AttackAction,None,1.00,78.8,0
36.19,Utility Enemy 15,Utility,AttackAction,None,1.00,73.2,0
36.19,Utility Enemy 1,Utility,AttackAction,None,1.00,74.5,0
36.19,Utility Enemy 12,Utility,AttackAction,None,1.00,68.9,0
36.19,Utility Enemy 11,Utility,AttackAction,None,1.00,42.7,0
36.19,Utility Enemy 5,Utility,AttackAction,None,1.00,80.4,0
36.19,Utility Enemy 6,Utility,AttackAction,None,1.00,91.9,0
36.19,Utility Enemy 4,Utility,AttackAction,None,1.00,56.5,0
36.69,Player,Player,-,None,0.79,,0
36.69,FSM Enemy 14,FSM,PatrolState,None,1.00,106.3,0
36.69,FSM Enemy 15,FSM,PatrolState,None,1.00,19.4,0
36.69,FSM Enemy 2,FSM,PatrolState,None,1.00,107.5,0
36.69,FSM Enemy 10,FSM,PatrolState,None,1.00,85.6,0
36.69,FSM Enemy 1,FSM,PatrolState,None,1.00,79.4,0
36.69,FSM Enemy 12,FSM,PatrolState,None,0.70,84.0,0
36.69,FSM Enemy 9,FSM,PatrolState,None,1.00,66.6,0
36.69,FSM Enemy 4,FSM,PatrolState,None,0.70,83.2,0
36.69,FSM Enemy 7,FSM,PatrolState,None,1.00,23.5,0
36.69,FSM Enemy 6,FSM,PatrolState,None,1.00,60.2,0
36.69,FSM Enemy 13,FSM,PatrolState,None,0.80,18.1,0
36.69,FSM Enemy 3,FSM,PatrolState,None,0.40,92.0,0
36.69,FSM Enemy 5,FSM,PatrolState,None,0.90,52.8,0
36.69,FSM Enemy 11,FSM,Dead,None,0.00,29.4,0
36.69,FSM Enemy 8,FSM,PatrolState,None,1.00,65.1,0
36.69,Utility Enemy 8,Utility,AttackAction,None,1.00,65.0,0
36.69,Utility Enemy 9,Utility,AttackAction,None,1.00,75.6,0
36.69,Utility Enemy 10,Utility,AttackAction,None,1.00,77.2,0
36.69,Utility Enemy 2,Utility,AttackAction,None,1.00,90.2,0
36.69,Utility Enemy 7,Utility,AttackAction,None,1.00,79.7,0
36.69,Utility Enemy 13,Utility,Dead,None,0.00,31.8,0
36.69,Utility Enemy 3,Utility,AttackAction,None,1.00,83.4,0
36.69,Utility Enemy 14,Utility,AttackAction,None,1.00,78.8,0
36.69,Utility Enemy 15,Utility,AttackAction,None,1.00,72.6,0
36.69,Utility Enemy 1,Utility,AttackAction,None,1.00,74.0,0
36.69,Utility Enemy 12,Utility,AttackAction,None,1.00,68.9,0
36.69,Utility Enemy 11,Utility,AttackAction,None,1.00,42.2,0
36.69,Utility Enemy 5,Utility,AttackAction,None,1.00,80.0,0
36.69,Utility Enemy 6,Utility,AttackAction,None,1.00,91.6,0
36.69,Utility Enemy 4,Utility,AttackAction,None,1.00,56.0,0
37.19,Player,Player,-,None,0.79,,0
37.19,FSM Enemy 14,FSM,PatrolState,None,1.00,106.5,0
37.19,FSM Enemy 15,FSM,PatrolState,None,1.00,19.0,0
37.19,FSM Enemy 2,FSM,PatrolState,None,1.00,107.7,0
37.19,FSM Enemy 10,FSM,PatrolState,None,1.00,85.7,0
37.19,FSM Enemy 1,FSM,PatrolState,None,1.00,79.0,0
37.19,FSM Enemy 12,FSM,PatrolState,None,0.70,84.4,0
37.19,FSM Enemy 9,FSM,PatrolState,None,1.00,66.4,0
37.19,FSM Enemy 4,FSM,PatrolState,None,0.70,83.0,0
37.19,FSM Enemy 7,FSM,PatrolState,None,1.00,23.5,0
37.19,FSM Enemy 6,FSM,PatrolState,None,1.00,59.0,0
37.19,FSM Enemy 13,FSM,PatrolState,None,0.80,17.1,0
37.19,FSM Enemy 3,FSM,PatrolState,None,0.40,91.9,0
37.19,FSM Enemy 5,FSM,PatrolState,None,0.90,50.8,0
37.19,FSM Enemy 11,FSM,Dead,None,0.00,28.5,0
37.19,FSM Enemy 8,FSM,PatrolState,None,1.00,62.6,0
37.19,Utility Enemy 8,Utility,AttackAction,None,1.00,63.6,0
37.19,Utility Enemy 9,Utility,AttackAction,None,1.00,74.9,0
37.19,Utility Enemy 10,Utility,AttackAction,None,1.00,76.5,0
37.19,Utility Enemy 2,Utility,AttackAction,None,1.00,89.1,0
37.19,Utility Enemy 7,Utility,AttackAction,None,1.00,79.1,0
37.19,Utility Enemy 13,Utility,Dead,None,0.00,30.1,0
37.19,Utility Enemy 3,Utility,AttackAction,None,1.00,82.4,0
37.19,Utility Enemy 14,Utility,AttackAction,None,1.00,77.9,0
37.19,Utility Enemy 15,Utility,AttackAction,None,1.00,71.3,0
37.19,Utility Enemy 1,Utility,AttackAction,None,1.00,72.6,0
37.19,Utility Enemy 12,Utility,AttackAction,None,1.00,68.2,0
37.19,Utility Enemy 11,Utility,AttackAction,None,1.00,40.7,0
37.19,Utility Enemy 5,Utility,AttackAction,None,1.00,78.7,0
37.19,Utility Enemy 6,Utility,AttackAction,None,1.00,90.4,0
37.19,Utility Enemy 4,Utility,AttackAction,None,1.00,54.6,0
37.70,Player,Player,-,None,0.79,,0
37.70,FSM Enemy 14,FSM,PatrolState,None,1.00,106.7,0
37.70,FSM Enemy 15,FSM,PatrolState,None,1.00,19.1,0
37.70,FSM Enemy 2,FSM,PatrolState,None,1.00,108.1,0
37.70,FSM Enemy 10,FSM,PatrolState,None,1.00,86.1,0
37.70,FSM Enemy 1,FSM,PatrolState,None,1.00,79.0,0
37.70,FSM Enemy 12,FSM,PatrolState,None,0.70,84.6,0
37.70,FSM Enemy 9,FSM,PatrolState,None,1.00,66.4,0
37.70,FSM Enemy 4,FSM,PatrolState,None,0.70,83.2,0
37.70,FSM Enemy 7,FSM,PatrolState,None,1.00,23.2,0
37.70,FSM Enemy 6,FSM,PatrolState,None,1.00,58.1,0
37.70,FSM Enemy 13,FSM,PatrolState,None,0.80,16.0,0
37.70,FSM Enemy 3,FSM,PatrolState,None,0.40,92.1,0
37.70,FSM Enemy 5,FSM,PatrolState,None,0.90,49.2,0
37.70,FSM Enemy 11,FSM,Dead,None,0.00,27.9,0
37.70,FSM Enemy 8,FSM,PatrolState,None,1.00,60.5,0
37.70,Utility Enemy 8,Utility,AttackAction,None,1.00,62.6,0
37.70,Utility Enemy 9,Utility,AttackAction,None,1.00,74.2,0
37.70,Utility Enemy 10,Utility,AttackAction,None,1.00,76.0,0
37.70,Utility Enemy 2,Utility,AttackAction,None,1.00,88.2,0
37.70,Utility Enemy 7,Utility,AttackAction,None,1.00,78.6,0
37.70,Utility Enemy 13,Utility,AttackAction,None,1.00,108.2,0
37.70,Utility Enemy 3,Utility,AttackAction,None,1.00,81.7,0
37.70,Utility Enemy 14,Utility,AttackAction,None,1.00,77.2,0
37.70,Utility Enemy 15,Utility,AttackAction,None,1.00,70.3,0
37.70,Utility Enemy 1,Utility,AttackAction,None,1.00,71.6,0
37.70,Utility Enemy 12,Utility,AttackAction,None,1.00,67.6,0
37.70,Utility Enemy 11,Utility,AttackAction,None,1.00,39.7,0
37.70,Utility Enemy 5,Utility,AttackAction,None,1.00,77.8,0
37.70,Utility Enemy 6,Utility,AttackAction,None,1.00,89.6,0
37.70,Utility Enemy 4,Utility,AttackAction,None,1.00,53.6,0
38.20,Player,Player,-,None,0.79,,0
38.20,FSM Enemy 14,FSM,PatrolState,None,1.00,105.0,0
38.20,FSM Enemy 15,FSM,PatrolState,None,1.00,19.4,0
38.20,FSM Enemy 2,FSM,PatrolState,None,1.00,108.7,0
38.20,FSM Enemy 10,FSM,PatrolState,None,1.00,86.7,0
38.20,FSM Enemy 1,FSM,PatrolState,None,1.00,79.9,0
38.20,FSM Enemy 12,FSM,PatrolState,None,0.70,83.0,0
38.20,FSM Enemy 9,FSM,PatrolState,None,1.00,66.6,0
38.20,FSM Enemy 4,FSM,PatrolState,None,0.70,83.2,0
38.20,FSM Enemy 7,FSM,PatrolState,None,1.00,22.7,0
38.20,FSM Enemy 6,FSM,PatrolState,None,1.00,57.4,0
38.20,FSM Enemy 13,FSM,PatrolState,None,0.80,15.5,0
38.20,FSM Enemy 3,FSM,PatrolState,None,0.40,92.8,0
38.20,FSM Enemy 5,FSM,PatrolState,None,0.90,48.4,0
38.20,FSM Enemy 11,FSM,Dead,None,0.00,27.1,0
38.20,FSM Enemy 8,FSM,PatrolState,None,1.00,58.7,0
38.20,Utility Enemy 8,Utility,AttackAction,None,1.00,62.2,0
38.20,Utility Enemy 9,Utility,AttackAction,None,1.00,73.5,0
38.20,Utility Enemy 10,Utility,AttackAction,None,1.00,75.2,0
38.20,Utility Enemy 2,Utility,AttackAction,None,1.00,87.6,0
38.20,Utility Enemy 7,Utility,AttackAction,None,1.00,77.8,0
38.20,Utility Enemy 13,Utility,AttackAction,None,1.00,107.5,0
38.20,Utility Enemy 3,Utility,AttackAction,None,1.00,81.0,0
38.20,Utility Enemy 14,Utility,AttackAction,None,1.00,76.5,0
38.20,Utility Enemy 15,Utility,AttackAction,None,1.00,69.9,0
38.20,Utility Enemy 1,Utility,AttackAction,None,1.00,71.2,0
38.20,Utility Enemy 12,Utility,AttackAction,None,1.00,66.8,0
38.20,Utility Enemy 11,Utility,AttackAction,None,1.00,39.2,0
38.20,Utility Enemy 5,Utility,AttackAction,None,1.00,77.3,0
38.20,Utility Enemy 6,Utility,AttackAction,None,1.00,89.0,0
38.20,Utility Enemy 4,Utility,AttackAction,None,1.00,53.2,0
38.70,Player,Player,-,None,0.79,,0
38.70,FSM Enemy 14,FSM,PatrolState,None,1.00,102.7,0
38.70,FSM Enemy 15,FSM,PatrolState,None,1.00,18.1,0
38.70,FSM Enemy 2,FSM,PatrolState,None,1.00,108.8,0
38.70,FSM Enemy 10,FSM,PatrolState,None,1.00,86.5,0
38.70,FSM Enemy 1,FSM,PatrolState,None,1.00,80.8,0
38.70,FSM Enemy 12,FSM,PatrolState,None,0.70,81.0,0
38.70,FSM Enemy 9,FSM,PatrolState,None,1.00,65.6,0
38.70,FSM Enemy 4,FSM,PatrolState,None,0.70,82.5,0
38.70,FSM Enemy 7,FSM,PatrolState,None,1.00,21.1,0
38.70,FSM Enemy 6,FSM,PatrolState,None,1.00,56.4,0
38.70,FSM Enemy 13,FSM,PatrolState,None,0.80,14.6,0
38.70,FSM Enemy 3,FSM,PatrolState,None,0.40,92.5,0
38.70,FSM Enemy 5,FSM,PatrolState,None,0.90,48.2,0
38.70,FSM Enemy 11,FSM,Dead,None,0.00,25.2,0
38.70,FSM Enemy 8,FSM,PatrolState,None,1.00,56.2,0
38.70,Utility Enemy 8,Utility,AttackAction,None,1.00,61.5,0
38.70,Utility Enemy 9,Utility,AttackAction,None,1.00,71.9,0
38.70,Utility Enemy 10,Utility,AttackAction,None,1.00,73.6,0
38.70,Utility Enemy 2,Utility,AttackAction,None,1.00,86.5,0
38.70,Utility Enemy 7,Utility,AttackAction,None,1.00,76.2,0
38.70,Utility Enemy 13,Utility,AttackAction,None,1.00,106.2,0
38.70,Utility Enemy 3,Utility,AttackAction,None,1.00,79.6,0
38.70,Utility Enemy 14,Utility,AttackAction,None,1.00,75.1,0
38.70,Utility Enemy 15,Utility,AttackAction,None,1.00,69.1,0
38.70,Utility Enemy 1,Utility,AttackAction,None,1.00,70.5,0
38.70,Utility Enemy 12,Utility,AttackAction,None,1.00,65.2,0
38.70,Utility Enemy 11,Utility,AttackAction,None,1.00,38.2,0
38.70,Utility Enemy 5,Utility,AttackAction,None,1.00,76.4,0
38.70,Utility Enemy 6,Utility,AttackAction,None,1.00,87.9,0
38.70,Utility Enemy 4,Utility,AttackAction,None,1.00,52.3,0
39.21,Player,Player,-,None,0.79,,0
39.21,FSM Enemy 14,FSM,PatrolState,None,1.00,102.5,0
39.21,FSM Enemy 15,FSM,PatrolState,None,1.00,17.6,0
39.21,FSM Enemy 2,FSM,PatrolState,None,1.00,109.4,0
39.21,FSM Enemy 10,FSM,PatrolState,None,1.00,86.5,0
39.21,FSM Enemy 1,FSM,PatrolState,None,1.00,81.8,0
39.21,FSM Enemy 12,FSM,PatrolState,None,0.70,79.7,0
39.21,FSM Enemy 9,FSM,PatrolState,None,1.00,65.3,0
39.21,FSM Enemy 4,FSM,PatrolState,None,0.70,82.5,0
39.21,FSM Enemy 7,FSM,PatrolState,None,1.00,20.2,0
39.21,FSM Enemy 6,FSM,PatrolState,None,1.00,56.1,0
39.21,FSM Enemy 13,FSM,PatrolState,None,0.80,14.3,0
39.21,FSM Enemy 3,FSM,PatrolState,None,0.40,92.6,0
39.21,FSM Enemy 5,FSM,PatrolState,None,0.90,48.1,0
39.21,FSM Enemy 11,FSM,Dead,None,0.00,24.1,0
39.21,FSM Enemy 8,FSM,PatrolState,None,1.00,54.2,0
39.21,Utility Enemy 8,Utility,AttackAction,None,1.00,61.1,0
39.21,Utility Enemy 9,Utility,AttackAction,None,1.00,71.1,0
39.21,Utility Enemy 10,Utility,AttackAction,None,1.00,72.7,0
39.21,Utility Enemy 2,Utility,AttackAction,None,1.00,85.9,0
39.21,Utility Enemy 7,Utility,AttackAction,None,1.00,75.3,0
39.21,Utility Enemy 13,Utility,AttackAction,None,1.00,105.5,0
39.21,Utility Enemy 3,Utility,AttackAction,None,1.00,78.9,0
39.21,Utility Enemy 14,Utility,AttackAction,None,1.00,74.2,0
39.21,Utility Enemy 15,Utility,AttackAction,None,1.00,68.7,0
39.21,Utility Enemy 1,Utility,AttackAction,None,1.00,70.0,0
39.21,Utility Enemy 12,Utility,AttackAction,None,1.00,64.4,0
39.21,Utility Enemy 11,Utility,AttackAction,None,1.00,37.5,0
39.21,Utility Enemy 5,Utility,AttackAction,None,1.00,75.8,0
39.21,Utility Enemy 6,Utility,AttackAction,None,1.00,87.2,0
39.21,Utility Enemy 4,Utility,AttackAction,None,1.00,51.7,0
39.72,Player,Player,-,None,0.79,,0
39.72,FSM Enemy 14,FSM,PatrolState,None,1.00,100.8,0
39.72,FSM Enemy 15,FSM,PatrolState,None,1.00,16.1,0
39.72,FSM Enemy 2,FSM,PatrolState,None,1.00,107.8,0
39.72,FSM Enemy 10,FSM,PatrolState,None,1.00,84.8,0
39.72,FSM Enemy 1,FSM,PatrolState,None,1.00,81.4,0
39.72,FSM Enemy 12,FSM,PatrolState,None,0.70,77.2,0
39.72,FSM Enemy 9,FSM,PatrolState,None,1.00,63.3,0
39.72,FSM Enemy 4,FSM,PatrolState,None,0.70,80.9,0
39.72,FSM Enemy 7,FSM,PatrolState,None,1.00,18.5,0
39.72,FSM Enemy 6,FSM,PatrolState,None,1.00,54.3,0
39.72,FSM Enemy 13,FSM,PatrolState,None,0.80,13.5,0
39.72,FSM Enemy 3,FSM,PatrolState,None,0.40,89.8,0
39.72,FSM Enemy 5,FSM,PatrolState,None,0.90,46.9,0
39.72,FSM Enemy 11,FSM,Dead,None,0.00,21.9,0
39.72,FSM Enemy 8,FSM,PatrolState,None,1.00,50.7,0
39.72,Utility Enemy 8,Utility,AttackAction,None,1.00,59.1,0
39.72,Utility Enemy 9,Utility,AttackAction,None,1.00,68.6,0
39.72,Utility Enemy 10,Utility,AttackAction,None,1.00,70.4,0
39.72,Utility Enemy 2,Utility,AttackAction,None,1.00,83.5,0
39.72,Utility Enemy 7,Utility,AttackAction,None,1.00,73.0,0
39.72,Utility Enemy 13,Utility,AttackAction,None,1.00,103.0,0
39.72,Utility Enemy 3,Utility,AttackAction,None,1.00,76.3,0
39.72,Utility Enemy 14,Utility,AttackAction,None,1.00,71.7,0
39.72,Utility Enemy 15,Utility,AttackAction,None,1.00,66.5,0
39.72,Utility Enemy 1,Utility,AttackAction,None,1.00,67.8,0
39.72,Utility Enemy 12,Utility,AttackAction,None,1.00,61.9,0
39.72,Utility Enemy 11,Utility,AttackAction,None,1.00,35.3,0
39.72,Utility Enemy 5,Utility,AttackAction,None,1.00,73.6,0
39.72,Utility Enemy 6,Utility,AttackAction,None,1.00,84.8,0
39.72,Utility Enemy 4,Utility,AttackAction,None,1.00,49.6,0
40.22,Player,Player,-,None,0.79,,0
40.22,FSM Enemy 14,FSM,PatrolState,None,1.00,101.9,0
40.22,FSM Enemy 15,FSM,PatrolState,None,1.00,18.0,0
40.22,FSM Enemy 2,FSM,PatrolState,None,1.00,109.3,0
40.22,FSM Enemy 10,FSM,PatrolState,None,1.00,86.9,0
40.22,FSM Enemy 1,FSM,PatrolState,None,1.00,83.1,0
40.22,FSM Enemy 12,FSM,PatrolState,None,0.70,77.9,0
40.22,FSM Enemy 9,FSM,PatrolState,None,1.00,65.1,0
40.22,FSM Enemy 4,FSM,PatrolState,None,0.70,82.9,0
40.22,FSM Enemy 7,FSM,PatrolState,None,1.00,20.1,0
40.22,FSM Enemy 6,FSM,PatrolState,None,1.00,56.1,0
40.22,FSM Enemy 13,FSM,PatrolState,None,0.80,15.1,0
40.22,FSM Enemy 3,FSM,PatrolState,None,0.40,89.8,0
40.22,FSM Enemy 5,FSM,PatrolState,None,0.90,48.1,0
40.22,FSM Enemy 11,FSM,Dead,None,0.00,23.0,0
40.22,FSM Enemy 8,FSM,PatrolState,None,1.00,52.6,0
40.22,Utility Enemy 8,Utility,AttackAction,None,1.00,59.8,0
40.22,Utility Enemy 9,Utility,AttackAction,None,1.00,69.8,0
40.22,Utility Enemy 10,Utility,AttackAction,None,1.00,71.5,0
40.22,Utility Enemy 2,Utility,AttackAction,None,1.00,84.5,0
40.22,Utility Enemy 7,Utility,AttackAction,None,1.00,74.1,0
40.22,Utility Enemy 13,Utility,AttackAction,None,1.00,104.1,0
40.22,Utility Enemy 3,Utility,AttackAction,None,1.00,77.5,0
40.22,Utility Enemy 14,Utility,AttackAction,None,1.00,72.9,0
40.22,Utility Enemy 15,Utility,AttackAction,None,1.00,67.3,0
40.22,Utility Enemy 1,Utility,AttackAction,None,1.00,68.6,0
40.22,Utility Enemy 12,Utility,AttackAction,None,1.00,63.1,0
40.22,Utility Enemy 11,Utility,AttackAction,None,1.00,36.2,0
40.22,Utility Enemy 5,Utility,AttackAction,None,1.00,74.5,0
40.22,Utility Enemy 6,Utility,AttackAction,None,1.00,85.8,0
40.22,Utility Enemy 4,Utility,AttackAction,None,1.00,50.4,0
40.72,Player,Player,-,None,0.79,,0
40.72,FSM Enemy 14,FSM,PatrolState,None,1.00,102.1,0
40.72,FSM Enemy 15,FSM,PatrolState,None,1.00,19.3,0
40.72,FSM Enemy 2,FSM,PatrolState,None,1.00,110.2,0
40.72,FSM Enemy 10,FSM,PatrolState,None,1.00,88.4,0
40.72,FSM Enemy 1,FSM,PatrolState,None,1.00,84.8,0
40.72,FSM Enemy 12,FSM,PatrolState,None,0.70,77.7,0
40.72,FSM Enemy 9,FSM,PatrolState,None,1.00,66.4,0
40.72,FSM Enemy 4,FSM,PatrolState,None,0.70,84.0,0
40.72,FSM Enemy 7,FSM,PatrolState,None,1.00,20.9,0
40.72,FSM Enemy 6,FSM,PatrolState,None,1.00,57.0,0
40.72,FSM Enemy 13,FSM,PatrolState,None,0.80,16.6,0
40.72,FSM Enemy 3,FSM,PatrolState,None,0.40,89.4,0
40.72,FSM Enemy 5,FSM,PatrolState,None,0.90,49.7,0
40.72,FSM Enemy 11,FSM,Dead,None,0.00,23.1,0
40.72,FSM Enemy 8,FSM,PatrolState,None,1.00,54.2,0
40.72,Utility Enemy 8,Utility,AttackAction,None,1.00,60.3,0
40.72,Utility Enemy 9,Utility,AttackAction,None,1.00,70.1,0
40.72,Utility Enemy 10,Utility,AttackAction,None,1.00,71.7,0
40.72,Utility Enemy 2,Utility,AttackAction,None,1.00,84.9,0
40.72,Utility Enemy 7,Utility,AttackAction,None,1.00,74.3,0
40.72,Utility Enemy 13,Utility,AttackAction,None,1.00,104.4,0
40.72,Utility Enemy 3,Utility,AttackAction,None,1.00,77.8,0
40.72,Utility Enemy 14,Utility,AttackAction,None,1.00,73.2,0
40.72,Utility Enemy 15,Utility,AttackAction,None,1.00,67.8,0
40.72,Utility Enemy 1,Utility,AttackAction,None,1.00,69.1,0
40.72,Utility Enemy 12,Utility,AttackAction,None,1.00,63.3,0
40.72,Utility Enemy 11,Utility,AttackAction,None,1.00,36.6,0
40.72,Utility Enemy 5,Utility,AttackAction,None,1.00,74.9,0
40.72,Utility Enemy 6,Utility,AttackAction,None,1.00,86.2,0
40.72,Utility Enemy 4,Utility,AttackAction,None,1.00,50.9,0
41.23,Player,Player,-,None,0.79,,0
41.23,FSM Enemy 14,FSM,PatrolState,None,1.00,102.1,0
41.23,FSM Enemy 15,FSM,PatrolState,None,1.00,20.1,0
41.23,FSM Enemy 2,FSM,PatrolState,None,1.00,110.9,0
41.23,FSM Enemy 10,FSM,PatrolState,None,1.00,89.5,0
41.23,FSM Enemy 1,FSM,PatrolState,None,1.00,85.2,0
41.23,FSM Enemy 12,FSM,PatrolState,None,0.70,78.8,0
41.23,FSM Enemy 9,FSM,PatrolState,None,1.00,67.8,0
41.23,FSM Enemy 4,FSM,PatrolState,None,0.70,85.6,0
41.23,FSM Enemy 7,FSM,PatrolState,None,1.00,22.1,0
41.23,FSM Enemy 6,FSM,PatrolState,None,1.00,58.2,0
41.23,FSM Enemy 13,FSM,PatrolState,None,0.80,17.1,0
41.23,FSM Enemy 3,FSM,PatrolState,None,0.40,88.2,0
41.23,FSM Enemy 5,FSM,PatrolState,None,0.90,50.0,0
41.23,FSM Enemy 11,FSM,Dead,None,0.00,23.9,0
41.23,FSM Enemy 8,FSM,PatrolState,None,1.00,55.5,0
41.23,Utility Enemy 8,Utility,AttackAction,None,1.00,59.8,0
41.23,Utility Enemy 9,Utility,AttackAction,None,1.00,70.6,0
41.23,Utility Enemy 10,Utility,AttackAction,None,1.00,72.4,0
41.23,Utility Enemy 2,Utility,AttackAction,None,1.00,84.9,0
41.23,Utility Enemy 7,Utility,AttackAction,None,1.00,75.0,0
41.23,Utility Enemy 13,Utility,AttackAction,None,1.00,104.7,0
41.23,Utility Enemy 3,Utility,AttackAction,None,1.00,78.1,0
41.23,Utility Enemy 14,Utility,AttackAction,None,1.00,73.6,0
41.23,Utility Enemy 15,Utility,AttackAction,None,1.00,67.4,0
41.23,Utility Enemy 1,Utility,AttackAction,None,1.00,68.7,0
41.23,Utility Enemy 12,Utility,AttackAction,None,1.00,63.9,0
41.23,Utility Enemy 11,Utility,AttackAction,None,1.00,36.3,0
41.23,Utility Enemy 5,Utility,AttackAction,None,1.00,74.7,0
41.23,Utility Enemy 6,Utility,AttackAction,None,1.00,86.2,0
41.23,Utility Enemy 4,Utility,AttackAction,None,1.00,50.5,0
41.73,Player,Player,-,None,0.79,,0
41.73,FSM Enemy 14,FSM,PatrolState,None,1.00,102.2,0
41.73,FSM Enemy 15,FSM,PatrolState,None,1.00,20.5,0
41.73,FSM Enemy 2,FSM,PatrolState,None,1.00,111.2,0
41.73,FSM Enemy 10,FSM,PatrolState,None,1.00,89.7,0
41.73,FSM Enemy 1,FSM,PatrolState,None,1.00,84.0,0
41.73,FSM Enemy 12,FSM,PatrolState,None,0.70,81.2,0
41.73,FSM Enemy 9,FSM,PatrolState,None,1.00,68.9,0
41.73,FSM Enemy 4,FSM,PatrolState,None,0.70,87.4,0
41.73,FSM Enemy 7,FSM,PatrolState,None,1.00,23.4,0
41.73,FSM Enemy 6,FSM,PatrolState,None,1.00,59.5,0
41.73,FSM Enemy 13,FSM,PatrolState,None,0.80,16.3,0
41.73,FSM Enemy 3,FSM,PatrolState,None,0.40,86.7,0
41.73,FSM Enemy 5,FSM,PatrolState,None,0.90,48.6,0
41.73,FSM Enemy 11,FSM,Dead,None,0.00,25.3,0
41.73,FSM Enemy 8,FSM,PatrolState,None,1.00,56.0,0
41.73,Utility Enemy 8,Utility,AttackAction,None,1.00,58.0,0
41.73,Utility Enemy 9,Utility,AttackAction,None,1.00,71.1,0
41.73,Utility Enemy 10,Utility,AttackAction,None,1.00,73.3,0
41.73,Utility Enemy 2,Utility,AttackAction,None,1.00,84.1,0
41.73,Utility Enemy 7,Utility,AttackAction,None,1.00,76.0,0
41.73,Utility Enemy 13,Utility,AttackAction,None,1.00,104.5,0
41.73,Utility Enemy 3,Utility,AttackAction,None,1.00,78.1,0
41.73,Utility Enemy 14,Utility,AttackAction,None,1.00,73.9,0
41.73,Utility Enemy 15,Utility,AttackAction,None,1.00,65.8,0
41.73,Utility Enemy 1,Utility,AttackAction,None,1.00,67.2,0
41.73,Utility Enemy 12,Utility,AttackAction,None,1.00,64.5,0
41.73,Utility Enemy 11,Utility,AttackAction,None,1.00,35.0,0
41.73,Utility Enemy 5,Utility,AttackAction,None,1.00,73.4,0
41.73,Utility Enemy 6,Utility,AttackAction,None,1.00,85.5,0
41.73,Utility Enemy 4,Utility,AttackAction,None,1.00,49.0,0
42.23,Player,Player,-,None,0.79,,0
42.23,FSM Enemy 14,FSM,PatrolState,None,1.00,101.3,0
42.23,FSM Enemy 15,FSM,PatrolState,None,1.00,19.5,0
42.23,FSM Enemy 2,FSM,PatrolState,None,1.00,110.0,0
42.23,FSM Enemy 10,FSM,PatrolState,None,1.00,88.7,0
42.23,FSM Enemy 1,FSM,PatrolState,None,1.00,83.7,0
42.23,FSM Enemy 12,FSM,PatrolState,None,0.70,80.8,0
42.23,FSM Enemy 9,FSM,PatrolState,None,1.00,67.9,0
42.23,FSM Enemy 4,FSM,PatrolState,None,0.70,86.4,0
42.23,FSM Enemy 7,FSM,PatrolState,None,1.00,20.8,0
42.23,FSM Enemy 6,FSM,PatrolState,None,1.00,58.5,0
42.23,FSM Enemy 13,FSM,PatrolState,None,0.80,15.2,0
42.23,FSM Enemy 3,FSM,PatrolState,None,0.40,86.0,0
42.23,FSM Enemy 5,FSM,PatrolState,None,0.90,48.0,0
42.23,FSM Enemy 11,FSM,Dead,None,0.00,23.8,0
42.23,FSM Enemy 8,FSM,PatrolState,None,1.00,55.2,0
42.23,Utility Enemy 8,Utility,AttackAction,None,1.00,56.2,0
42.23,Utility Enemy 9,Utility,AttackAction,None,1.00,69.2,0
42.23,Utility Enemy 10,Utility,AttackAction,None,1.00,71.6,0
42.23,Utility Enemy 2,Utility,AttackAction,None,1.00,82.0,0
42.23,Utility Enemy 7,Utility,AttackAction,None,1.00,74.2,0
42.23,Utility Enemy 13,Utility,AttackAction,None,1.00,102.5,0
42.23,Utility Enemy 3,Utility,AttackAction,None,1.00,76.1,0
42.23,Utility Enemy 14,Utility,AttackAction,None,1.00,72.0,0
42.23,Utility Enemy 15,Utility,AttackAction,None,1.00,63.9,0
42.23,Utility Enemy 1,Utility,AttackAction,None,1.00,65.2,0
42.23,Utility Enemy 12,Utility,AttackAction,None,1.00,62.7,0
42.23,Utility Enemy 11,Utility,AttackAction,None,1.00,33.0,0
42.23,Utility Enemy 5,Utility,AttackAction,None,1.00,71.4,0
42.23,Utility Enemy 6,Utility,AttackAction,None,1.00,83.4,0
42.23,Utility Enemy 4,Utility,AttackAction,None,1.00,47.0,0
42.73,Player,Player,-,None,0.73,,0
42.73,FSM Enemy 14,FSM,PatrolState,None,1.00,100.0,0
42.73,FSM Enemy 15,FSM,PatrolState,None,1.00,18.4,0
42.73,FSM Enemy 2,FSM,PatrolState,None,1.00,108.8,0
42.73,FSM Enemy 10,FSM,PatrolState,None,1.00,87.4,0
42.73,FSM Enemy 1,FSM,PatrolState,None,1.00,84.9,0
42.73,FSM Enemy 12,FSM,PatrolState,None,0.70,78.6,0
42.73,FSM Enemy 9,FSM,PatrolState,None,1.00,66.2,0
42.73,FSM Enemy 4,FSM,PatrolState,None,0.70,83.5,0
42.73,FSM Enemy 7,FSM,AttackState,None,1.00,16.1,1
42.73,FSM Enemy 6,FSM,PatrolState,None,1.00,56.3,0
42.73,FSM Enemy 13,FSM,PatrolState,None,0.80,15.4,0
42.73,FSM Enemy 3,FSM,PatrolState,None,0.40,85.7,0
42.73,FSM Enemy 5,FSM,PatrolState,None,0.90,49.0,0
42.73,FSM Enemy 11,FSM,Dead,None,0.00,20.4,0
42.73,FSM Enemy 8,FSM,PatrolState,None,1.00,54.3,0
42.73,Utility Enemy 8,Utility,AttackAction,None,1.00,55.2,0
42.73,Utility Enemy 9,Utility,AttackAction,None,1.00,66.3,0
42.73,Utility Enemy 10,Utility,AttackAction,None,1.00,68.5,0
42.73,Utility Enemy 2,Utility,AttackAction,None,1.00,80.0,0
42.73,Utility Enemy 7,Utility,AttackAction,None,1.00,71.2,0
42.73,Utility Enemy 13,Utility,AttackAction,None,1.00,100.0,0
42.73,Utility Enemy 3,Utility,AttackAction,None,1.00,73.5,0
42.73,Utility Enemy 14,Utility,AttackAction,None,1.00,69.2,0
42.73,Utility Enemy 15,Utility,AttackAction,None,1.00,62.7,0
42.73,Utility Enemy 1,Utility,AttackAction,None,1.00,64.0,0
42.73,Utility Enemy 12,Utility,AttackAction,None,1.00,59.7,0
42.73,Utility Enemy 11,Utility,AttackAction,None,1.00,31.4,0
42.73,Utility Enemy 5,Utility,AttackAction,None,1.00,69.8,0
42.73,Utility Enemy 6,Utility,AttackAction,None,1.00,81.3,0
42.73,Utility Enemy 4,Utility,AttackAction,None,1.00,45.7,0
43.24,Player,Player,-,None,0.73,,0
43.24,FSM Enemy 14,FSM,PatrolState,None,1.00,101.1,0
43.24,FSM Enemy 15,FSM,PatrolState,None,1.00,19.8,0
43.24,FSM Enemy 2,FSM,PatrolState,None,1.00,109.7,0
43.24,FSM Enemy 10,FSM,PatrolState,None,1.00,87.6,0
43.24,FSM Enemy 1,FSM,PatrolState,None,1.00,85.8,0
43.24,FSM Enemy 12,FSM,PatrolState,None,0.70,78.5,0
43.24,FSM Enemy 9,FSM,PatrolState,None,1.00,67.0,0
43.24,FSM Enemy 4,FSM,PatrolState,None,0.70,82.9,0
43.24,FSM Enemy 7,FSM,AttackState,None,1.00,15.0,1
43.24,FSM Enemy 6,FSM,PatrolState,None,1.00,56.4,0
43.24,FSM Enemy 13,FSM,PatrolState,None,0.80,17.4,0
43.24,FSM Enemy 3,FSM,PatrolState,None,0.40,87.5,0
43.24,FSM Enemy 5,FSM,PatrolState,None,0.90,51.2,0
43.24,FSM Enemy 11,FSM,Dead,None,0.00,19.1,1
43.24,FSM Enemy 8,FSM,PatrolState,None,1.00,55.7,0
43.24,Utility Enemy 8,Utility,AttackAction,None,1.00,55.9,0
43.24,Utility Enemy 9,Utility,AttackAction,None,1.00,65.7,0
43.24,Utility Enemy 10,Utility,AttackAction,None,1.00,67.7,0
43.24,Utility Enemy 2,Utility,AttackAction,None,1.00,80.2,0
43.24,Utility Enemy 7,Utility,AttackAction,None,1.00,70.3,0
43.24,Utility Enemy 13,Utility,AttackAction,None,1.00,99.8,0
43.24,Utility Enemy 3,Utility,AttackAction,None,1.00,73.2,0
43.24,Utility Enemy 14,Utility,AttackAction,None,1.00,68.7,0
43.24,Utility Enemy 15,Utility,AttackAction,None,1.00,63.4,0
43.24,Utility Enemy 1,Utility,AttackAction,None,1.00,64.6,0
43.24,Utility Enemy 12,Utility,AttackAction,None,1.00,59.0,0
43.24,Utility Enemy 11,Utility,AttackAction,None,1.00,31.8,0
43.24,Utility Enemy 5,Utility,AttackAction,None,1.00,70.3,0
43.24,Utility Enemy 6,Utility,AttackAction,None,1.00,81.5,0
43.24,Utility Enemy 4,Utility,AttackAction,None,1.00,46.3,0
43.74,Player,Player,-,None,0.73,,0
43.74,FSM Enemy 14,FSM,PatrolState,None,1.00,102.5,0
43.74,FSM Enemy 15,FSM,PatrolState,None,1.00,21.2,0
43.74,FSM Enemy 2,FSM,PatrolState,None,1.00,110.5,0
43.74,FSM Enemy 10,FSM,PatrolState,None,1.00,88.0,0
43.74,FSM Enemy 1,FSM,PatrolState,None,1.00,84.7,0
43.74,FSM Enemy 12,FSM,PatrolState,None,0.70,79.8,0
43.74,FSM Enemy 9,FSM,PatrolState,None,1.00,68.3,0
43.74,FSM Enemy 4,FSM,PatrolState,None,0.70,83.5,0
43.74,FSM Enemy 7,FSM,AttackState,None,1.00,15.3,1
43.74,FSM Enemy 6,FSM,PatrolState,None,1.00,57.5,0
43.74,FSM Enemy 13,FSM,PatrolState,None,0.80,18.4,0
43.74,FSM Enemy 3,FSM,PatrolState,None,0.40,88.9,0
43.74,FSM Enemy 5,FSM,PatrolState,None,0.90,52.3,0
43.74,FSM Enemy 11,FSM,Dead,None,0.00,19.4,1
43.74,FSM Enemy 8,FSM,PatrolState,None,1.00,57.1,0
43.74,Utility Enemy 8,Utility,AttackAction,None,1.00,56.0,0
43.74,Utility Enemy 9,Utility,AttackAction,None,1.00,66.0,0
43.74,Utility Enemy 10,Utility,AttackAction,None,1.00,68.0,0
43.74,Utility Enemy 2,Utility,AttackAction,None,1.00,80.4,0
43.74,Utility Enemy 7,Utility,AttackAction,None,1.00,70.6,0
43.74,Utility Enemy 13,Utility,AttackAction,None,1.00,100.1,0
43.74,Utility Enemy 3,Utility,AttackAction,None,1.00,73.5,0
43.74,Utility Enemy 14,Utility,AttackAction,None,1.00,69.0,0
43.74,Utility Enemy 15,Utility,AttackAction,None,1.00,63.5,0
43.74,Utility Enemy 1,Utility,AttackAction,None,1.00,64.8,0
43.74,Utility Enemy 12,Utility,AttackAction,None,1.00,59.3,0
43.74,Utility Enemy 11,Utility,AttackAction,None,1.00,32.0,0
43.74,Utility Enemy 5,Utility,AttackAction,None,1.00,70.5,0
43.74,Utility Enemy 6,Utility,AttackAction,None,1.00,81.7,0
43.74,Utility Enemy 4,Utility,AttackAction,None,1.00,46.4,0
44.25,Player,Player,-,None,0.73,,0
44.25,FSM Enemy 14,FSM,PatrolState,None,1.00,105.0,0
44.25,FSM Enemy 15,FSM,PatrolState,None,1.00,24.0,0
44.25,FSM Enemy 2,FSM,PatrolState,None,1.00,111.4,0
44.25,FSM Enemy 10,FSM,PatrolState,None,1.00,89.8,0
44.25,FSM Enemy 1,FSM,PatrolState,None,1.00,84.7,0
44.25,FSM Enemy 12,FSM,PatrolState,None,0.70,82.0,0
44.25,FSM Enemy 9,FSM,PatrolState,None,1.00,71.0,0
44.25,FSM Enemy 4,FSM,PatrolState,None,0.70,85.2,0
44.25,FSM Enemy 7,FSM,ChaseState,None,1.00,16.2,0
44.25,FSM Enemy 6,FSM,PatrolState,None,1.00,59.8,0
44.25,FSM Enemy 13,FSM,PatrolState,None,0.80,20.3,0
44.25,FSM Enemy 3,FSM,PatrolState,None,0.40,90.2,0
44.25,FSM Enemy 5,FSM,PatrolState,None,0.90,54.4,0
44.25,FSM Enemy 11,FSM,Dead,None,0.00,20.6,0
44.25,FSM Enemy 8,FSM,PatrolState,None,1.00,59.9,0
44.25,Utility Enemy 8,Utility,AttackAction,None,1.00,57.5,0
44.25,Utility Enemy 9,Utility,AttackAction,None,1.00,67.5,0
44.25,Utility Enemy 10,Utility,AttackAction,None,1.00,69.4,0
44.25,Utility Enemy 2,Utility,AttackAction,None,1.00,82.1,0
44.25,Utility Enemy 7,Utility,AttackAction,None,1.00,72.1,0
44.25,Utility Enemy 13,Utility,AttackAction,None,1.00,101.8,0
44.25,Utility Enemy 3,Utility,AttackAction,None,1.00,75.1,0
44.25,Utility Enemy 14,Utility,AttackAction,None,1.00,70.6,0
44.25,Utility Enemy 15,Utility,AttackAction,None,1.00,65.0,0
44.25,Utility Enemy 1,Utility,AttackAction,None,1.00,66.3,0
44.25,Utility Enemy 12,Utility,AttackAction,None,1.00,60.9,0
44.25,Utility Enemy 11,Utility,AttackAction,None,1.00,33.6,0
44.25,Utility Enemy 5,Utility,AttackAction,None,1.00,72.1,0
44.25,Utility Enemy 6,Utility,AttackAction,None,1.00,83.4,0
44.25,Utility Enemy 4,Utility,AttackAction,None,1.00,48.0,0
44.75,Player,Player,-,None,0.73,,0
44.75,FSM Enemy 14,FSM,PatrolState,None,1.00,103.9,0
44.75,FSM Enemy 15,FSM,PatrolState,None,1.00,23.3,0
44.75,FSM Enemy 2,FSM,PatrolState,None,1.00,110.0,0
44.75,FSM Enemy 10,FSM,PatrolState,None,1.00,89.6,0
44.75,FSM Enemy 1,FSM,PatrolState,None,1.00,83.5,0
44.75,FSM Enemy 12,FSM,PatrolState,None,0.70,80.7,0
44.75,FSM Enemy 9,FSM,PatrolState,None,1.00,71.3,0
44.75,FSM Enemy 4,FSM,PatrolState,None,0.70,84.8,0
44.75,FSM Enemy 7,FSM,ChaseState,None,1.00,13.3,0
44.75,FSM Enemy 6,FSM,PatrolState,None,1.00,59.9,0
44.75,FSM Enemy 13,FSM,PatrolState,None,0.80,21.5,0
44.75,FSM Enemy 3,FSM,PatrolState,None,0.40,88.7,0
44.75,FSM Enemy 5,FSM,PatrolState,None,0.90,55.6,0
44.75,FSM Enemy 11,FSM,ChaseState,None,1.00,52.5,0
44.75,FSM Enemy 8,FSM,PatrolState,None,1.00,59.5,0
44.75,Utility Enemy 8,Utility,AttackAction,None,1.00,57.3,0
44.75,Utility Enemy 9,Utility,AttackAction,None,1.00,66.9,0
44.75,Utility Enemy 10,Utility,AttackAction,None,1.00,68.8,0
44.75,Utility Enemy 2,Utility,AttackAction,None,1.00,81.7,0
44.75,Utility Enemy 7,Utility,AttackAction,None,1.00,71.4,0
44.75,Utility Enemy 13,Utility,AttackAction,None,1.00,101.2,0
44.75,Utility Enemy 3,Utility,AttackAction,None,1.00,74.6,0
44.75,Utility Enemy 14,Utility,AttackAction,None,1.00,70.0,0
44.75,Utility Enemy 15,Utility,AttackAction,None,1.00,64.8,0
44.75,Utility Enemy 1,Utility,AttackAction,None,1.00,66.1,0
44.75,Utility Enemy 12,Utility,AttackAction,None,1.00,60.2,0
44.75,Utility Enemy 11,Utility,AttackAction,None,1.00,33.3,0
44.75,Utility Enemy 5,Utility,AttackAction,None,1.00,71.8,0
44.75,Utility Enemy 6,Utility,AttackAction,None,1.00,83.0,0
44.75,Utility Enemy 4,Utility,AttackAction,None,1.00,47.8,0
45.25,Player,Player,-,None,0.68,,0
45.25,FSM Enemy 14,FSM,PatrolState,None,1.00,101.1,0
45.25,FSM Enemy 15,FSM,PatrolState,None,1.00,21.3,0
45.25,FSM Enemy 2,FSM,PatrolState,None,1.00,107.2,0
45.25,FSM Enemy 10,FSM,PatrolState,None,1.00,87.8,0
45.25,FSM Enemy 1,FSM,PatrolState,None,1.00,82.6,0
45.25,FSM Enemy 12,FSM,PatrolState,None,0.70,76.4,0
45.25,FSM Enemy 9,FSM,PatrolState,None,1.00,68.7,0
45.25,FSM Enemy 4,FSM,PatrolState,None,0.70,82.2,0
45.25,FSM Enemy 7,FSM,AttackState,None,0.75,9.7,1
45.25,FSM Enemy 6,FSM,PatrolState,None,0.90,57.9,0
45.25,FSM Enemy 13,FSM,PatrolState,None,0.80,23.6,0
45.25,FSM Enemy 3,FSM,PatrolState,None,0.40,86.4,0
45.25,FSM Enemy 5,FSM,PatrolState,None,0.90,57.2,0
45.25,FSM Enemy 11,FSM,ChaseState,None,1.00,48.1,0
45.25,FSM Enemy 8,FSM,PatrolState,None,1.00,58.1,0
45.25,Utility Enemy 8,Utility,AttackAction,None,1.00,56.7,0
45.25,Utility Enemy 9,Utility,AttackAction,None,1.00,64.2,0
45.25,Utility Enemy 10,Utility,AttackAction,None,1.00,65.9,0
45.25,Utility Enemy 2,Utility,AttackAction,None,1.00,79.9,0
45.25,Utility Enemy 7,Utility,AttackAction,None,1.00,68.5,0
45.25,Utility Enemy 13,Utility,AttackAction,None,1.00,98.9,0
45.25,Utility Enemy 3,Utility,AttackAction,None,1.00,72.2,0
45.25,Utility Enemy 14,Utility,AttackAction,None,1.00,67.5,0
45.25,Utility Enemy 15,Utility,AttackAction,None,1.00,64.0,0
45.25,Utility Enemy 1,Utility,AttackAction,None,1.00,65.2,0
45.25,Utility Enemy 12,Utility,AttackAction,None,1.00,57.5,0
45.25,Utility Enemy 11,Utility,AttackAction,None,1.00,32.3,0
45.25,Utility Enemy 5,Utility,AttackAction,None,1.00,70.5,0
45.25,Utility Enemy 6,Utility,AttackAction,None,1.00,81.2,0
45.25,Utility Enemy 4,Utility,AttackAction,None,1.00,46.9,0
45.75,Player,Player,-,None,0.68,,0
45.75,FSM Enemy 14,FSM,PatrolState,None,1.00,100.2,0
45.75,FSM Enemy 15,FSM,PatrolState,None,1.00,20.7,0
45.75,FSM Enemy 2,FSM,PatrolState,None,1.00,106.1,0
45.75,FSM Enemy 10,FSM,PatrolState,None,1.00,87.8,0
45.75,FSM Enemy 1,FSM,PatrolState,None,1.00,82.1,0
45.75,FSM Enemy 12,FSM,PatrolState,None,0.70,74.2,0
45.75,FSM Enemy 9,FSM,PatrolState,None,1.00,67.9,0
45.75,FSM Enemy 4,FSM,PatrolState,None,0.70,81.3,0
45.75,FSM Enemy 7,FSM,Dead,None,0.00,9.2,1
45.75,FSM Enemy 6,FSM,PatrolState,None,0.90,58.0,0
45.75,FSM Enemy 13,FSM,PatrolState,None,0.80,25.7,0
45.75,FSM Enemy 3,FSM,PatrolState,None,0.40,85.5,0
45.75,FSM Enemy 5,FSM,PatrolState,None,0.90,58.0,0
45.75,FSM Enemy 11,FSM,ChaseState,None,1.00,46.4,0
45.75,FSM Enemy 8,FSM,PatrolState,None,1.00,58.5,0
45.75,Utility Enemy 8,Utility,AttackAction,None,1.00,57.1,0
45.75,Utility Enemy 9,Utility,AttackAction,None,1.00,63.6,0
45.75,Utility Enemy 10,Utility,AttackAction,None,1.00,65.2,0
45.75,Utility Enemy 2,Utility,AttackAction,None,1.00,79.8,0
45.75,Utility Enemy 7,Utility,AttackAction,None,1.00,67.8,0
45.75,Utility Enemy 13,Utility,AttackAction,None,1.00,98.6,0
45.75,Utility Enemy 3,Utility,AttackAction,None,1.00,71.8,0
45.75,Utility Enemy 14,Utility,AttackAction,None,1.00,66.9,0
45.75,Utility Enemy 15,Utility,AttackAction,None,1.00,64.2,0
45.75,Utility Enemy 1,Utility,AttackAction,None,1.00,65.5,0
45.75,Utility Enemy 12,Utility,AttackAction,None,1.00,56.8,0
45.75,Utility Enemy 11,Utility,AttackAction,None,1.00,32.5,0
45.75,Utility Enemy 5,Utility,AttackAction,None,1.00,70.7,0
45.75,Utility Enemy 6,Utility,AttackAction,None,1.00,81.0,0
45.75,Utility Enemy 4,Utility,AttackAction,None,1.00,47.2,0
46.25,Player,Player,-,None,0.68,,0
46.25,FSM Enemy 14,FSM,PatrolState,None,1.00,98.2,0
46.25,FSM Enemy 15,FSM,PatrolState,None,1.00,18.6,0
46.25,FSM Enemy 2,FSM,PatrolState,None,1.00,103.9,0
46.25,FSM Enemy 10,FSM,PatrolState,None,1.00,86.6,0
46.25,FSM Enemy 1,FSM,PatrolState,None,1.00,79.9,0
46.25,FSM Enemy 12,FSM,PatrolState,None,0.70,72.0,0
46.25,FSM Enemy 9,FSM,PatrolState,None,1.00,66.6,0
46.25,FSM Enemy 4,FSM,PatrolState,None,0.70,79.9,0
46.25,FSM Enemy 7,FSM,Dead,None,0.00,7.9,1
46.25,FSM Enemy 6,FSM,PatrolState,None,0.90,57.7,0
46.25,FSM Enemy 13,FSM,PatrolState,None,0.80,26.4,0
46.25,FSM Enemy 3,FSM,PatrolState,None,0.40,83.0,0
46.25,FSM Enemy 5,FSM,PatrolState,None,0.90,56.9,0
46.25,FSM Enemy 11,FSM,ChaseState,None,1.00,43.9,0
46.25,FSM Enemy 8,FSM,PatrolState,None,1.00,57.7,0
46.25,Utility Enemy 8,Utility,AttackAction,None,1.00,55.8,0
46.25,Utility Enemy 9,Utility,AttackAction,None,1.00,62.3,0
46.25,Utility Enemy 10,Utility,AttackAction,None,1.00,64.0,0
46.25,Utility Enemy 2,Utility,AttackAction,None,1.00,78.4,0
46.25,Utility Enemy 7,Utility,AttackAction,None,1.00,66.6,0
46.25,Utility Enemy 13,Utility,AttackAction,None,1.00,97.2,0
46.25,Utility Enemy 3,Utility,AttackAction,None,1.00,70.4,0
46.25,Utility Enemy 14,Utility,AttackAction,None,1.00,65.6,0
46.25,Utility Enemy 15,Utility,AttackAction,None,1.00,63.0,0
46.25,Utility Enemy 1,Utility,AttackAction,None,1.00,64.2,0
46.25,Utility Enemy 12,Utility,AttackAction,None,1.00,55.6,0
46.25,Utility Enemy 11,Utility,AttackAction,None,1.00,31.3,0
46.25,Utility Enemy 5,Utility,AttackAction,None,1.00,69.3,0
46.25,Utility Enemy 6,Utility,AttackAction,None,1.00,79.6,0
46.25,Utility Enemy 4,Utility,AttackAction,None,1.00,45.9,0
46.76,Player,Player,-,None,0.68,,0
46.76,FSM Enemy 14,FSM,PatrolState,None,1.00,96.7,0
46.76,FSM Enemy 15,FSM,PatrolState,None,1.00,16.4,0
46.76,FSM Enemy 2,FSM,PatrolState,None,1.00,102.1,0
46.76,FSM Enemy 10,FSM,PatrolState,None,1.00,85.4,0
46.76,FSM Enemy 1,FSM,PatrolState,None,1.00,76.6,0
46.76,FSM Enemy 12,FSM,PatrolState,None,0.70,71.1,0
46.76,FSM Enemy 9,FSM,PatrolState,None,1.00,65.6,0
46.76,FSM Enemy 4,FSM,PatrolState,None,0.70,79.2,0
46.76,FSM Enemy 7,FSM,Dead,None,0.00,7.2,1
46.76,FSM Enemy 6,FSM,PatrolState,None,0.90,58.4,0
46.76,FSM Enemy 13,FSM,PatrolState,None,0.80,25.6,0
46.76,FSM Enemy 3,FSM,PatrolState,None,0.40,80.4,0
46.76,FSM Enemy 5,FSM,PatrolState,None,0.90,54.5,0
46.76,FSM Enemy 11,FSM,ChaseState,None,1.00,40.6,0
46.76,FSM Enemy 8,FSM,PatrolState,None,1.00,56.8,0
46.76,Utility Enemy 8,Utility,AttackAction,None,1.00,53.9,0
46.76,Utility Enemy 9,Utility,AttackAction,None,1.00,61.7,0
46.76,Utility Enemy 10,Utility,AttackAction,None,1.00,63.7,0
46.76,Utility Enemy 2,Utility,AttackAction,None,1.00,76.9,0
46.76,Utility Enemy 7,Utility,AttackAction,None,1.00,66.3,0
46.76,Utility Enemy 13,Utility,AttackAction,None,1.00,96.1,0
46.76,Utility Enemy 3,Utility,AttackAction,None,1.00,69.4,0
46.76,Utility Enemy 14,Utility,AttackAction,None,1.00,64.8,0
46.76,Utility Enemy 15,Utility,AttackAction,None,1.00,61.1,0
46.76,Utility Enemy 1,Utility,AttackAction,None,1.00,62.3,0
46.76,Utility Enemy 12,Utility,AttackAction,None,1.00,55.0,0
46.76,Utility Enemy 11,Utility,AttackAction,None,1.00,29.4,0
46.76,Utility Enemy 5,Utility,AttackAction,None,1.00,67.6,0
46.76,Utility Enemy 6,Utility,AttackAction,None,1.00,78.2,0
46.76,Utility Enemy 4,Utility,AttackAction,None,1.00,44.0,0
47.26,Player,Player,-,None,0.68,,0
47.26,FSM Enemy 14,FSM,PatrolState,None,1.00,96.4,0
47.26,FSM Enemy 15,FSM,PatrolState,None,1.00,15.8,0
47.26,FSM Enemy 2,FSM,PatrolState,None,1.00,101.7,0
47.26,FSM Enemy 10,FSM,PatrolState,None,1.00,85.6,0
47.26,FSM Enemy 1,FSM,PatrolState,None,1.00,74.0,0
47.26,FSM Enemy 12,FSM,PatrolState,None,0.70,71.1,0
47.26,FSM Enemy 9,FSM,PatrolState,None,1.00,65.4,0
47.26,FSM Enemy 4,FSM,PatrolState,None,0.70,79.6,0
47.26,FSM Enemy 7,FSM,Dead,None,0.00,8.0,1
47.26,FSM Enemy 6,FSM,PatrolState,None,0.90,60.2,0
47.26,FSM Enemy 13,FSM,PatrolState,None,0.55,23.0,0
47.26,FSM Enemy 3,FSM,PatrolState,None,0.40,79.0,0
47.26,FSM Enemy 5,FSM,PatrolState,None,0.90,52.9,0
47.26,FSM Enemy 11,FSM,ChaseState,None,1.00,38.4,0
47.26,FSM Enemy 8,FSM,PatrolState,None,1.00,57.0,0
47.26,Utility Enemy 8,Utility,AttackAction,None,1.00,52.9,0
47.26,Utility Enemy 9,Utility,AttackAction,None,1.00,62.3,0
47.26,Utility Enemy 10,Utility,AttackAction,None,1.00,64.5,0
47.26,Utility Enemy 2,Utility,AttackAction,None,1.00,76.6,0
47.26,Utility Enemy 7,Utility,AttackAction,None,1.00,67.2,0
47.26,Utility Enemy 13,Utility,AttackAction,None,1.00,96.2,0
47.26,Utility Enemy 3,Utility,AttackAction,None,1.00,69.6,0
47.26,Utility Enemy 14,Utility,AttackAction,None,1.00,65.2,0
47.26,Utility Enemy 15,Utility,AttackAction,None,1.00,60.2,0
47.26,Utility Enemy 1,Utility,AttackAction,None,1.00,61.5,0
47.26,Utility Enemy 12,Utility,AttackAction,None,1.00,55.7,0
47.26,Utility Enemy 11,Utility,AttackAction,None,1.00,28.6,0
47.26,Utility Enemy 5,Utility,AttackAction,None,1.00,67.0,0
47.26,Utility Enemy 6,Utility,AttackAction,None,1.00,77.9,0
47.26,Utility Enemy 4,Utility,AttackAction,None,1.00,43.2,0
47.77,Player,Player,-,None,0.68,,0
47.77,FSM Enemy 14,FSM,PatrolState,None,1.00,96.8,0
47.77,FSM Enemy 15,FSM,PatrolState,None,1.00,16.4,0
47.77,FSM Enemy 2,FSM,PatrolState,None,1.00,101.9,0
47.77,FSM Enemy 10,FSM,PatrolState,None,1.00,86.5,0
47.77,FSM Enemy 1,FSM,PatrolState,None,1.00,71.5,0
47.77,FSM Enemy 12,FSM,PatrolState,None,0.70,71.9,0
47.77,FSM Enemy 9,FSM,PatrolState,None,1.00,65.1,0
47.77,FSM Enemy 4,FSM,PatrolState,None,0.70,80.9,0
47.77,FSM Enemy 7,FSM,Dead,None,0.00,9.9,1
47.77,FSM Enemy 6,FSM,PatrolState,None,0.90,62.8,0
47.77,FSM Enemy 13,FSM,Dead,None,0.00,20.5,0
47.77,FSM Enemy 3,FSM,PatrolState,None,0.40,78.3,0
47.77,FSM Enemy 5,FSM,PatrolState,None,0.90,51.4,0
47.77,FSM Enemy 11,FSM,PatrolState,None,1.00,37.1,0
47.77,FSM Enemy 8,FSM,PatrolState,None,1.00,57.8,0
47.77,Utility Enemy 8,Utility,AttackAction,None,1.00,52.3,0
47.77,Utility Enemy 9,Utility,AttackAction,None,1.00,63.7,0
47.77,Utility Enemy 10,Utility,AttackAction,None,1.00,66.2,0
47.77,Utility Enemy 2,Utility,AttackAction,None,1.00,77.0,0
47.77,Utility Enemy 7,Utility,AttackAction,None,1.00,68.9,0
47.77,Utility Enemy 13,Utility,AttackAction,None,1.00,97.1,0
47.77,Utility Enemy 3,Utility,AttackAction,None,1.00,70.6,0
47.77,Utility Enemy 14,Utility,AttackAction,None,1.00,66.4,0
47.77,Utility Enemy 15,Utility,AttackAction,None,1.00,59.7,0
47.77,Utility Enemy 1,Utility,AttackAction,None,1.00,61.0,0
47.77,Utility Enemy 12,Utility,AttackAction,None,1.00,57.2,0
47.77,Utility Enemy 11,Utility,AttackAction,None,1.00,28.2,0
47.77,Utility Enemy 5,Utility,AttackAction,None,1.00,66.8,0
47.77,Utility Enemy 6,Utility,AttackAction,None,1.00,78.3,0
47.77,Utility Enemy 4,Utility,AttackAction,None,1.00,42.7,0
48.27,Player,Player,-,None,0.68,,0
48.27,FSM Enemy 14,FSM,PatrolState,None,1.00,96.9,0
48.27,FSM Enemy 15,FSM,PatrolState,None,1.00,17.3,0
48.27,FSM Enemy 2,FSM,PatrolState,None,1.00,102.3,0
48.27,FSM Enemy 10,FSM,PatrolState,None,1.00,86.2,0
48.27,FSM Enemy 1,FSM,PatrolState,None,1.00,68.4,0
48.27,FSM Enemy 12,FSM,PatrolState,None,0.70,72.6,0
48.27,FSM Enemy 9,FSM,PatrolState,None,1.00,64.1,0
48.27,FSM Enemy 4,FSM,PatrolState,None,0.70,81.8,0
48.27,FSM Enemy 7,FSM,Dead,None,0.00,11.9,1
48.27,FSM Enemy 6,FSM,PatrolState,None,0.90,65.0,0
48.27,FSM Enemy 13,FSM,Dead,None,0.00,18.0,1
48.27,FSM Enemy 3,FSM,PatrolState,None,0.40,78.0,0
48.27,FSM Enemy 5,FSM,PatrolState,None,0.90,49.2,0
48.27,FSM Enemy 11,FSM,PatrolState,None,1.00,36.2,0
48.27,FSM Enemy 8,FSM,PatrolState,None,1.00,57.8,0
48.27,Utility Enemy 8,Utility,AttackAction,None,1.00,50.9,0
48.27,Utility Enemy 9,Utility,AttackAction,None,1.00,64.7,0
48.27,Utility Enemy 10,Utility,AttackAction,None,1.00,67.6,0
48.27,Utility Enemy 2,Utility,AttackAction,None,1.00,76.6,0
48.27,Utility Enemy 7,Utility,AttackAction,None,1.00,70.3,0
48.27,Utility Enemy 13,Utility,AttackAction,None,1.00,97.5,0
48.27,Utility Enemy 3,Utility,AttackAction,None,1.00,71.1,0
48.27,Utility Enemy 14,Utility,AttackAction,None,1.00,67.2,0
48.27,Utility Enemy 15,Utility,AttackAction,None,1.00,58.5,0
48.27,Utility Enemy 1,Utility,AttackAction,None,1.00,59.9,0
48.27,Utility Enemy 12,Utility,AttackAction,None,1.00,58.4,0
48.27,Utility Enemy 11,Utility,AttackAction,None,1.00,27.3,0
48.27,Utility Enemy 5,Utility,AttackAction,None,1.00,65.9,0
48.27,Utility Enemy 6,Utility,AttackAction,None,1.00,78.0,0
48.27,Utility Enemy 4,Utility,AttackAction,None,1.00,41.6,0
48.77,Player,Player,-,None,0.68,,0
48.77,FSM Enemy 14,FSM,PatrolState,None,1.00,96.1,0
48.77,FSM Enemy 15,FSM,PatrolState,None,1.00,17.9,0
48.77,FSM Enemy 2,FSM,PatrolState,None,1.00,102.4,0
48.77,FSM Enemy 10,FSM,PatrolState,None,1.00,84.8,0
48.77,FSM Enemy 1,FSM,PatrolState,None,1.00,65.5,0
48.77,FSM Enemy 12,FSM,PatrolState,None,0.70,72.3,0
48.77,FSM Enemy 9,FSM,PatrolState,None,1.00,62.3,0
48.77,FSM Enemy 4,FSM,PatrolState,None,0.70,81.7,0
48.77,FSM Enemy 7,FSM,Dead,None,0.00,13.1,1
48.77,FSM Enemy 6,FSM,PatrolState,None,0.90,66.0,0
48.77,FSM Enemy 13,FSM,Dead,None,0.00,15.9,1
48.77,FSM Enemy 3,FSM,PatrolState,None,0.40,77.4,0
48.77,FSM Enemy 5,FSM,PatrolState,None,0.90,47.2,0
48.77,FSM Enemy 11,FSM,PatrolState,None,1.00,34.7,0
48.77,FSM Enemy 8,FSM,PatrolState,None,1.00,57.2,0
48.77,Utility Enemy 8,Utility,AttackAction,None,1.00,49.2,0
48.77,Utility Enemy 9,Utility,AttackAction,None,1.00,64.8,0
48.77,Utility Enemy 10,Utility,AttackAction,None,1.00,67.9,0
48.77,Utility Enemy 2,Utility,AttackAction,None,1.00,75.6,0
48.77,Utility Enemy 7,Utility,AttackAction,None,1.00,70.7,0
48.77,Utility Enemy 13,Utility,AttackAction,None,1.00,96.9,0
48.77,Utility Enemy 3,Utility,AttackAction,None,1.00,70.8,0
48.77,Utility Enemy 14,Utility,AttackAction,None,1.00,67.1,0
48.77,Utility Enemy 15,Utility,AttackAction,None,1.00,57.0,0
48.77,Utility Enemy 1,Utility,AttackAction,None,1.00,58.3,0
48.77,Utility Enemy 12,Utility,AttackAction,None,1.00,58.6,0
48.77,Utility Enemy 11,Utility,AttackAction,None,1.00,26.0,0
48.77,Utility Enemy 5,Utility,AttackAction,None,1.00,64.6,0
48.77,Utility Enemy 6,Utility,AttackAction,None,1.00,77.1,0
48.77,Utility Enemy 4,Utility,AttackAction,None,1.00,40.1,0
49.28,Player,Player,-,None,0.68,,0
49.28,FSM Enemy 14,FSM,PatrolState,None,1.00,95.3,0
49.28,FSM Enemy 15,FSM,PatrolState,None,1.00,18.7,0
49.28,FSM Enemy 2,FSM,PatrolState,None,1.00,102.6,0
49.28,FSM Enemy 10,FSM,PatrolState,None,1.00,83.5,0
49.28,FSM Enemy 1,FSM,PatrolState,None,1.00,64.2,0
49.28,FSM Enemy 12,FSM,PatrolState,None,0.70,71.7,0
49.28,FSM Enemy 9,FSM,PatrolState,None,1.00,60.5,0
49.28,FSM Enemy 4,FSM,PatrolState,None,0.70,81.5,0
49.28,FSM Enemy 7,FSM,Dead,None,0.00,14.0,0
49.28,FSM Enemy 6,FSM,PatrolState,None,0.90,67.0,0
49.28,FSM Enemy 13,FSM,Dead,None,0.00,14.2,1
49.28,FSM Enemy 3,FSM,PatrolState,None,0.40,77.1,0
49.28,FSM Enemy 5,FSM,PatrolState,None,0.90,45.6,0
49.28,FSM Enemy 11,FSM,PatrolState,None,1.00,33.3,0
49.28,FSM Enemy 8,FSM,PatrolState,None,1.00,56.7,0
49.28,Utility Enemy 8,Utility,AttackAction,None,1.00,47.8,0
49.28,Utility Enemy 9,Utility,AttackAction,None,1.00,64.7,0
49.28,Utility Enemy 10,Utility,AttackAction,None,1.00,68.1,0
49.28,Utility Enemy 2,Utility,AttackAction,None,1.00,74.8,0
49.28,Utility Enemy 7,Utility,AttackAction,None,1.00,71.0,0
49.28,Utility Enemy 13,Utility,AttackAction,None,1.00,96.4,0
49.28,Utility Enemy 3,Utility,AttackAction,None,1.00,70.4,0
49.28,Utility Enemy 14,Utility,AttackAction,None,1.00,66.9,0
49.28,Utility Enemy 15,Utility,AttackAction,None,1.00,55.6,0
49.28,Utility Enemy 1,Utility,AttackAction,None,1.00,57.0,0
49.28,Utility Enemy 12,Utility,AttackAction,None,1.00,58.6,0
49.28,Utility Enemy 11,Utility,AttackAction,None,1.00,24.9,0
49.28,Utility Enemy 5,Utility,AttackAction,None,1.00,63.4,0
49.28,Utility Enemy 6,Utility,AttackAction,None,1.00,76.2,0
49.28,Utility Enemy 4,Utility,AttackAction,None,1.00,38.8,0
49.78,Player,Player,-,None,0.68,,0
49.78,FSM Enemy 14,FSM,PatrolState,None,1.00,94.0,0
49.78,FSM Enemy 15,FSM,PatrolState,None,1.00,20.9,0
49.78,FSM Enemy 2,FSM,PatrolState,None,1.00,100.8,0
49.78,FSM Enemy 10,FSM,PatrolState,None,1.00,81.4,0
49.78,FSM Enemy 1,FSM,PatrolState,None,1.00,61.6,0
49.78,FSM Enemy 12,FSM,PatrolState,None,0.70,73.2,0
49.78,FSM Enemy 9,FSM,PatrolState,None,1.00,58.2,0
49.78,FSM Enemy 4,FSM,PatrolState,None,0.70,81.8,0
49.78,FSM Enemy 7,FSM,Dead,None,0.00,16.6,0
49.78,FSM Enemy 6,FSM,PatrolState,None,0.90,68.7,0
49.78,FSM Enemy 13,FSM,Dead,None,0.00,10.6,1
49.78,FSM Enemy 3,FSM,PatrolState,None,0.40,75.8,0
49.78,FSM Enemy 5,FSM,PatrolState,None,0.90,42.3,0
49.78,FSM Enemy 11,FSM,PatrolState,None,1.00,31.9,0
49.78,FSM Enemy 8,FSM,PatrolState,None,1.00,55.1,0
49.78,Utility Enemy 8,Utility,AttackAction,None,1.00,44.9,0
49.78,Utility Enemy 9,Utility,AttackAction,None,1.00,64.8,0
49.78,Utility Enemy 10,Utility,AttackAction,None,1.00,68.8,0
49.78,Utility Enemy 2,Utility,AttackAction,None,1.00,73.0,0
49.78,Utility Enemy 7,Utility,AttackAction,None,1.00,71.7,0
49.78,Utility Enemy 13,Utility,AttackAction,None,1.00,95.4,0
49.78,Utility Enemy 3,Utility,AttackAction,None,1.00,69.7,0
49.78,Utility Enemy 14,Utility,AttackAction,None,1.00,66.6,0
49.78,Utility Enemy 15,Utility,AttackAction,None,1.00,52.9,0
49.78,Utility Enemy 1,Utility,AttackAction,None,1.00,54.3,0
49.78,Utility Enemy 12,Utility,AttackAction,None,1.00,59.0,0
49.78,Utility Enemy 11,Utility,AttackAction,None,1.00,22.8,0
49.78,Utility Enemy 5,Utility,AttackAction,None,1.00,61.1,0
49.78,Utility Enemy 6,Utility,AttackAction,None,1.00,74.6,0
49.78,Utility Enemy 4,Utility,AttackAction,None,1.00,36.2,0
50.28,Player,Player,-,None,0.68,,0
50.28,FSM Enemy 14,FSM,PatrolState,None,1.00,92.8,0
50.28,FSM Enemy 15,FSM,PatrolState,None,1.00,22.5,0
50.28,FSM Enemy 2,FSM,PatrolState,None,1.00,98.2,0
50.28,FSM Enemy 10,FSM,PatrolState,None,1.00,79.3,0
50.28,FSM Enemy 1,FSM,PatrolState,None,1.00,59.2,0
50.28,FSM Enemy 12,FSM,PatrolState,None,0.70,75.6,0
50.28,FSM Enemy 9,FSM,PatrolState,None,1.00,56.2,0
50.28,FSM Enemy 4,FSM,PatrolState,None,0.70,82.8,0
50.28,FSM Enemy 7,FSM,Dead,None,0.00,19.6,0
50.28,FSM Enemy 6,FSM,PatrolState,None,0.90,70.7,0
50.28,FSM Enemy 13,FSM,Dead,None,0.00,7.1,1
50.28,FSM Enemy 3,FSM,PatrolState,None,0.40,74.6,0
50.28,FSM Enemy 5,FSM,PatrolState,None,0.90,39.1,0
50.28,FSM Enemy 11,FSM,PatrolState,None,1.00,31.1,0
50.28,FSM Enemy 8,FSM,PatrolState,None,1.00,54.0,0
50.28,Utility Enemy 8,Utility,AttackAction,None,1.00,42.0,0
50.28,Utility Enemy 9,Utility,AttackAction,None,1.00,65.2,0
50.28,Utility Enemy 10,Utility,AttackAction,None,1.00,69.6,0
50.28,Utility Enemy 2,Utility,AttackAction,None,1.00,71.3,0
50.28,Utility Enemy 7,Utility,AttackAction,None,1.00,72.5,0
50.28,Utility Enemy 13,Utility,AttackAction,None,1.00,94.5,0
50.28,Utility Enemy 3,Utility,AttackAction,None,1.00,69.2,0
50.28,Utility Enemy 14,Utility,AttackAction,None,1.00,66.6,0
50.28,Utility Enemy 15,Utility,AttackAction,None,1.00,50.2,0
50.28,Utility Enemy 1,Utility,AttackAction,None,1.00,51.7,0
50.28,Utility Enemy 12,Utility,AttackAction,None,1.00,59.6,0
50.28,Utility Enemy 11,Utility,AttackAction,None,1.00,21.2,0
50.28,Utility Enemy 5,Utility,AttackAction,None,1.00,58.8,0
50.28,Utility Enemy 6,Utility,AttackAction,None,1.00,73.0,0
50.28,Utility Enemy 4,Utility,AttackAction,None,1.00,33.8,0
50.78,Player,Player,-,None,0.68,,0
50.78,FSM Enemy 14,FSM,PatrolState,None,1.00,90.6,0
50.78,FSM Enemy 15,FSM,PatrolState,None,1.00,23.2,0
50.78,FSM Enemy 2,FSM,PatrolState,None,1.00,95.0,0
50.78,FSM Enemy 10,FSM,PatrolState,None,1.00,76.6,0
50.78,FSM Enemy 1,FSM,PatrolState,None,1.00,56.7,0
50.78,FSM Enemy 12,FSM,PatrolState,None,0.70,77.5,0
50.78,FSM Enemy 9,FSM,PatrolState,None,1.00,53.6,0
50.78,FSM Enemy 4,FSM,PatrolState,None,0.70,83.2,0
50.78,FSM Enemy 7,FSM,Dead,None,0.00,22.4,0
50.78,FSM Enemy 6,FSM,PatrolState,None,0.90,71.8,0
50.78,FSM Enemy 13,FSM,Dead,None,0.00,4.6,1
50.78,FSM Enemy 3,FSM,PatrolState,None,0.40,72.9,0
50.78,FSM Enemy 5,FSM,PatrolState,None,0.90,36.0,0
50.78,FSM Enemy 11,FSM,PatrolState,None,1.00,30.1,0
50.78,FSM Enemy 8,FSM,PatrolState,None,1.00,51.4,0
50.78,Utility Enemy 8,Utility,AttackAction,None,1.00,38.8,0
50.78,Utility Enemy 9,Utility,AttackAction,None,1.00,64.9,0
50.78,Utility Enemy 10,Utility,AttackAction,None,1.00,69.8,0
50.78,Utility Enemy 2,Utility,AttackAction,None,1.00,69.1,0
50.78,Utility Enemy 7,Utility,AttackAction,None,1.00,72.8,0
50.78,Utility Enemy 13,Utility,AttackAction,None,1.00,93.0,0
50.78,Utility Enemy 3,Utility,AttackAction,None,1.00,68.1,0
50.78,Utility Enemy 14,Utility,AttackAction,None,1.00,66.0,0
50.78,Utility Enemy 15,Utility,AttackAction,None,1.00,47.1,0
50.78,Utility Enemy 1,Utility,AttackAction,None,1.00,48.6,0
50.78,Utility Enemy 12,Utility,AttackAction,None,1.00,59.6,0
50.78,Utility Enemy 11,Utility,AttackAction,None,1.00,19.3,0
50.78,Utility Enemy 5,Utility,AttackAction,None,1.00,56.0,0
50.78,Utility Enemy 6,Utility,AttackAction,None,1.00,70.8,0
50.78,Utility Enemy 4,Utility,AttackAction,None,1.00,31.0,0
51.29,Player,Player,-,None,0.68,,0
51.29,FSM Enemy 14,FSM,PatrolState,None,1.00,89.2,0
51.29,FSM Enemy 15,FSM,PatrolState,None,1.00,25.0,0
51.29,FSM Enemy 2,FSM,PatrolState,None,1.00,92.9,0
51.29,FSM Enemy 10,FSM,PatrolState,None,1.00,74.9,0
51.29,FSM Enemy 1,FSM,PatrolState,None,1.00,54.4,0
51.29,FSM Enemy 12,FSM,PatrolState,None,0.70,80.3,0
51.29,FSM Enemy 9,FSM,PatrolState,None,1.00,52.3,0
51.29,FSM Enemy 4,FSM,PatrolState,None,0.70,84.9,0
51.29,FSM Enemy 7,FSM,Dead,None,0.00,25.9,0
51.29,FSM Enemy 6,FSM,PatrolState,None,0.90,74.3,0
51.29,FSM Enemy 13,FSM,Dead,None,0.00,3.5,1
51.29,FSM Enemy 3,FSM,PatrolState,None,0.40,72.0,0
51.29,FSM Enemy 5,FSM,PatrolState,None,0.90,33.9,0
51.29,FSM Enemy 11,FSM,PatrolState,None,1.00,30.8,0
51.29,FSM Enemy 8,FSM,PatrolState,None,1.00,49.5,0
51.29,Utility Enemy 8,Utility,AttackAction,None,1.00,36.4,0
51.29,Utility Enemy 9,Utility,AttackAction,None,1.00,65.9,0
51.29,Utility Enemy 10,Utility,AttackAction,None,1.00,71.3,0
51.29,Utility Enemy 2,Utility,AttackAction,None,1.00,67.9,0
51.29,Utility Enemy 7,Utility,AttackAction,None,1.00,74.3,0
51.29,Utility Enemy 13,Utility,AttackAction,None,1.00,92.6,0
51.29,Utility Enemy 3,Utility,AttackAction,None,1.00,68.3,0
51.29,Utility Enemy 14,Utility,AttackAction,None,1.00,66.6,0
51.29,Utility Enemy 15,Utility,AttackAction,None,1.00,44.8,0
51.29,Utility Enemy 1,Utility,AttackAction,None,1.00,46.4,0
51.29,Utility Enemy 12,Utility,AttackAction,None,1.00,60.9,0
51.29,Utility Enemy 11,Utility,SpreadFireAction,None,1.00,19.0,1
51.29,Utility Enemy 5,Utility,AttackAction,None,1.00,54.2,0
51.29,Utility Enemy 6,Utility,AttackAction,None,1.00,69.7,0
51.29,Utility Enemy 4,Utility,AttackAction,None,1.00,29.2,0
51.79,Player,Player,-,None,0.68,,0
51.79,FSM Enemy 14,FSM,PatrolState,None,1.00,87.3,0
51.79,FSM Enemy 15,FSM,PatrolState,None,1.00,26.3,0
51.79,FSM Enemy 2,FSM,PatrolState,None,1.00,91.2,0
51.79,FSM Enemy 10,FSM,PatrolState,None,1.00,72.5,0
51.79,FSM Enemy 1,FSM,PatrolState,None,1.00,52.0,0
51.79,FSM Enemy 12,FSM,PatrolState,None,0.70,82.5,0
51.79,FSM Enemy 9,FSM,PatrolState,None,1.00,50.9,0
51.79,FSM Enemy 4,FSM,PatrolState,None,0.70,86.0,0
51.79,FSM Enemy 7,FSM,Dead,None,0.00,29.1,0
51.79,FSM Enemy 6,FSM,PatrolState,None,0.90,76.2,0
51.79,FSM Enemy 13,FSM,Dead,None,0.00,6.0,0
51.79,FSM Enemy 3,FSM,PatrolState,None,0.40,70.6,0
51.79,FSM Enemy 5,FSM,PatrolState,None,0.90,31.5,0
51.79,FSM Enemy 11,FSM,PatrolState,None,1.00,31.4,0
51.79,FSM Enemy 8,FSM,PatrolState,None,1.00,47.0,0
51.79,Utility Enemy 8,Utility,AttackAction,None,1.00,33.6,0
51.79,Utility Enemy 9,Utility,AttackAction,None,1.00,66.2,0
51.79,Utility Enemy 10,Utility,AttackAction,None,1.00,72.1,0
51.79,Utility Enemy 2,Utility,AttackAction,None,1.00,66.2,0
51.79,Utility Enemy 7,Utility,AttackAction,None,1.00,75.1,0
51.79,Utility Enemy 13,Utility,AttackAction,None,1.00,91.6,0
51.79,Utility Enemy 3,Utility,AttackAction,None,1.00,67.8,0
51.79,Utility Enemy 14,Utility,AttackAction,None,1.00,66.6,0
51.79,Utility Enemy 15,Utility,AttackAction,None,1.00,42.2,0
51.79,Utility Enemy 1,Utility,AttackAction,None,1.00,43.7,0
51.79,Utility Enemy 12,Utility,AttackAction,None,1.00,61.6,0
51.79,Utility Enemy 11,Utility,SpreadFireAction,None,1.00,18.7,1
51.79,Utility Enemy 5,Utility,AttackAction,None,1.00,51.9,0
51.79,Utility Enemy 6,Utility,AttackAction,None,1.00,68.1,0
51.79,Utility Enemy 4,Utility,AttackAction,None,1.00,27.2,0
52.30,Player,Player,-,None,0.68,,0
52.30,FSM Enemy 14,FSM,PatrolState,None,1.00,84.5,0
52.30,FSM Enemy 15,FSM,PatrolState,None,1.00,27.8,0
52.30,FSM Enemy 2,FSM,PatrolState,None,1.00,89.5,0
52.30,FSM Enemy 10,FSM,PatrolState,None,1.00,69.1,0
52.30,FSM Enemy 1,FSM,PatrolState,None,1.00,49.6,0
52.30,FSM Enemy 12,FSM,PatrolState,None,0.70,83.6,0
52.30,FSM Enemy 9,FSM,PatrolState,None,1.00,49.1,0
52.30,FSM Enemy 4,FSM,PatrolState,None,0.70,86.1,0
52.30,FSM Enemy 7,FSM,Dead,None,0.00,31.7,0
52.30,FSM Enemy 6,FSM,PatrolState,None,0.90,77.3,0
52.30,FSM Enemy 13,FSM,Dead,None,0.00,9.8,0
52.30,FSM Enemy 3,FSM,PatrolState,None,0.40,68.5,0
52.30,FSM Enemy 5,FSM,PatrolState,None,0.90,28.3,0
52.30,FSM Enemy 11,FSM,PatrolState,None,1.00,31.5,0
52.30,FSM Enemy 8,FSM,PatrolState,None,1.00,43.2,0
52.30,Utility Enemy 8,Utility,AttackAction,None,1.00,30.2,0
52.30,Utility Enemy 9,Utility,AttackAction,None,1.00,65.6,0
52.30,Utility Enemy 10,Utility,AttackAction,None,1.00,71.9,0
52.30,Utility Enemy 2,Utility,AttackAction,None,1.00,63.6,0
52.30,Utility Enemy 7,Utility,AttackAction,None,1.00,74.9,0
52.30,Utility Enemy 13,Utility,AttackAction,None,1.00,89.5,0
52.30,Utility Enemy 3,Utility,AttackAction,None,1.00,66.3,0
52.30,Utility Enemy 14,Utility,AttackAction,None,1.00,65.5,0
52.30,Utility Enemy 15,Utility,AttackAction,None,1.00,38.8,0
52.30,Utility Enemy 1,Utility,AttackAction,None,1.00,40.4,0
52.30,Utility Enemy 12,Utility,AttackAction,None,1.00,61.3,0
52.30,Utility Enemy 11,Utility,SpreadFireAction,None,1.00,17.8,1
52.30,Utility Enemy 5,Utility,AttackAction,None,1.00,48.9,0
52.30,Utility Enemy 6,Utility,AttackAction,None,1.00,65.5,0
52.30,Utility Enemy 4,Utility,AttackAction,None,1.00,24.5,0
52.81,Player,Player,-,None,0.68,,0
52.81,FSM Enemy 14,FSM,PatrolState,None,1.00,80.6,0
52.81,FSM Enemy 15,FSM,PatrolState,None,1.00,27.9,0
52.81,FSM Enemy 2,FSM,PatrolState,None,1.00,86.9,0
52.81,FSM Enemy 10,FSM,PatrolState,None,1.00,64.8,0
52.81,FSM Enemy 1,FSM,PatrolState,None,1.00,48.1,0
52.81,FSM Enemy 12,FSM,PatrolState,None,0.70,82.7,0
52.81,FSM Enemy 9,FSM,PatrolState,None,1.00,46.1,0
52.81,FSM Enemy 4,FSM,PatrolState,None,0.70,84.7,0
52.81,FSM Enemy 7,FSM,Dead,None,0.00,32.9,0
52.81,FSM Enemy 6,FSM,PatrolState,None,0.90,76.6,0
52.81,FSM Enemy 13,FSM,Dead,None,0.00,13.2,0
52.81,FSM Enemy 3,FSM,PatrolState,None,0.40,66.2,0
52.81,FSM Enemy 5,FSM,PatrolState,None,0.90,24.6,0
52.81,FSM Enemy 11,FSM,PatrolState,None,1.00,30.3,0
52.81,FSM Enemy 8,FSM,PatrolState,None,1.00,38.4,0
52.81,Utility Enemy 8,Utility,AttackAction,None,1.00,26.6,0
52.81,Utility Enemy 9,Utility,AttackAction,None,1.00,63.3,0
52.81,Utility Enemy 10,Utility,AttackAction,None,1.00,70.0,0
52.81,Utility Enemy 2,Utility,AttackAction,None,1.00,60.2,0
52.81,Utility Enemy 7,Utility,AttackAction,None,1.00,73.0,0
52.81,Utility Enemy 13,Utility,AttackAction,None,1.00,86.3,0
52.81,Utility Enemy 3,Utility,AttackAction,None,1.00,63.5,0
52.81,Utility Enemy 14,Utility,AttackAction,None,1.00,63.0,0
52.81,Utility Enemy 15,Utility,AttackAction,None,1.00,35.2,0
52.81,Utility Enemy 1,Utility,AttackAction,None,1.00,36.8,0
52.81,Utility Enemy 12,Utility,AttackAction,None,1.00,59.3,0
52.81,Utility Enemy 11,Utility,SpreadFireAction,None,1.00,15.9,1
52.81,Utility Enemy 5,Utility,AttackAction,None,1.00,45.3,0
52.81,Utility Enemy 6,Utility,AttackAction,None,1.00,62.1,0
52.81,Utility Enemy 4,Utility,AttackAction,None,1.00,21.0,0
53.31,Player,Player,-,None,0.68,,0
53.31,FSM Enemy 14,FSM,PatrolState,None,1.00,77.7,0
53.31,FSM Enemy 15,FSM,PatrolState,None,1.00,26.2,0
53.31,FSM Enemy 2,FSM,PatrolState,None,1.00,84.2,0
53.31,FSM Enemy 10,FSM,PatrolState,None,1.00,60.4,0
53.31,FSM Enemy 1,FSM,PatrolState,None,1.00,48.5,0
53.31,FSM Enemy 12,FSM,PatrolState,None,0.70,80.3,0
53.31,FSM Enemy 9,FSM,PatrolState,None,1.00,42.3,0
53.31,FSM Enemy 4,FSM,PatrolState,None,0.70,82.2,0
53.31,FSM Enemy 7,FSM,Dead,None,0.00,32.5,0
53.31,FSM Enemy 6,FSM,PatrolState,None,0.90,74.4,0
53.31,FSM Enemy 13,FSM,Dead,None,0.00,15.9,0
53.31,FSM Enemy 3,FSM,PatrolState,None,0.40,64.4,0
53.31,FSM Enemy 5,FSM,PatrolState,None,0.90,22.4,0
53.31,FSM Enemy 11,FSM,PatrolState,None,1.00,27.8,0
53.31,FSM Enemy 8,FSM,PatrolState,None,1.00,33.8,0
53.31,Utility Enemy 8,Utility,AttackAction,None,1.00,23.7,0
53.31,Utility Enemy 9,Utility,AttackAction,None,1.00,59.8,0
53.31,Utility Enemy 10,Utility,AttackAction,None,1.00,66.6,0
53.31,Utility Enemy 2,Utility,AttackAction,None,1.00,56.5,0
53.31,Utility Enemy 7,Utility,AttackAction,None,1.00,69.7,0
53.31,Utility Enemy 13,Utility,AttackAction,None,1.00,82.6,0
53.31,Utility Enemy 3,Utility,AttackAction,None,1.00,59.7,0
53.31,Utility Enemy 14,Utility,AttackAction,None,1.00,59.4,0
53.31,Utility Enemy 15,Utility,AttackAction,None,1.00,32.2,0
53.31,Utility Enemy 1,Utility,AttackAction,None,1.00,33.8,0
53.31,Utility Enemy 12,Utility,AttackAction,None,1.00,55.9,0
53.31,Utility Enemy 11,Utility,AttackAction,None,0.75,12.7,1
53.31,Utility Enemy 5,Utility,AttackAction,None,1.00,41.9,0
53.31,Utility Enemy 6,Utility,AttackAction,None,1.00,58.4,0
53.31,Utility Enemy 4,Utility,AttackAction,None,1.00,17.4,0
53.82,Player,Player,-,None,0.68,,0
53.82,FSM Enemy 14,FSM,PatrolState,None,1.00,75.3,0
53.82,FSM Enemy 15,FSM,PatrolState,None,1.00,24.4,0
53.82,FSM Enemy 2,FSM,PatrolState,None,1.00,81.7,0
53.82,FSM Enemy 10,FSM,PatrolState,None,1.00,56.4,0
53.82,FSM Enemy 1,FSM,PatrolState,None,1.00,49.4,0
53.82,FSM Enemy 12,FSM,PatrolState,None,0.70,77.7,0
53.82,FSM Enemy 9,FSM,PatrolState,None,1.00,38.6,0
53.82,FSM Enemy 4,FSM,PatrolState,None,0.70,78.1,0
53.82,FSM Enemy 7,FSM,Dead,None,0.00,32.2,0
53.82,FSM Enemy 6,FSM,PatrolState,None,0.90,72.4,0
53.82,FSM Enemy 13,FSM,Dead,None,0.00,18.7,0
53.82,FSM Enemy 3,FSM,PatrolState,None,0.40,62.4,0
53.82,FSM Enemy 5,FSM,PatrolState,None,0.90,21.4,0
53.82,FSM Enemy 11,FSM,PatrolState,None,1.00,25.9,0
53.82,FSM Enemy 8,FSM,PatrolState,None,0.90,29.6,0
53.82,Utility Enemy 8,Utility,AttackAction,None,1.00,21.3,0
53.82,Utility Enemy 9,Utility,AttackAction,None,1.00,56.3,0
53.82,Utility Enemy 10,Utility,AttackAction,None,1.00,63.3,0
53.82,Utility Enemy 2,Utility,AttackAction,None,1.00,53.1,0
53.82,Utility Enemy 7,Utility,AttackAction,None,1.00,66.4,0
53.82,Utility Enemy 13,Utility,AttackAction,None,1.00,79.0,0
53.82,Utility Enemy 3,Utility,AttackAction,None,1.00,56.1,0
53.82,Utility Enemy 14,Utility,AttackAction,None,1.00,55.8,0
53.82,Utility Enemy 15,Utility,AttackAction,None,1.00,29.6,0
53.82,Utility Enemy 1,Utility,AttackAction,None,1.00,31.1,0
53.82,Utility Enemy 12,Utility,AttackAction,None,1.00,52.6,0
53.82,Utility Enemy 11,Utility,AttackAction,None,0.50,9.9,1
53.82,Utility Enemy 5,Utility,AttackAction,None,1.00,38.9,0
53.82,Utility Enemy 6,Utility,AttackAction,None,1.00,55.0,0
53.82,Utility Enemy 4,Utility,AttackAction,None,1.00,14.1,0
54.32,Player,Player,-,None,0.68,,0
54.32,FSM Enemy 14,FSM,PatrolState,None,1.00,73.9,0
54.32,FSM Enemy 15,FSM,PatrolState,None,1.00,22.1,0
54.32,FSM Enemy 2,FSM,PatrolState,None,1.00,80.3,0
54.32,FSM Enemy 10,FSM,PatrolState,None,1.00,54.7,0
54.32,FSM Enemy 1,FSM,PatrolState,None,1.00,51.7,0
54.32,FSM Enemy 12,FSM,PatrolState,None,0.70,75.3,0
54.32,FSM Enemy 9,FSM,PatrolState,None,1.00,35.5,0
54.32,FSM Enemy 4,FSM,PatrolState,None,0.70,74.3,0
54.32,FSM Enemy 7,FSM,Dead,None,0.00,31.1,0
54.32,FSM Enemy 6,FSM,PatrolState,None,0.90,70.3,0
54.32,FSM Enemy 13,FSM,Dead,None,0.00,20.5,0
54.32,FSM Enemy 3,FSM,PatrolState,None,0.40,60.9,0
54.32,FSM Enemy 5,FSM,PatrolState,None,0.90,22.6,0
54.32,FSM Enemy 11,FSM,PatrolState,None,1.00,24.5,0
54.32,FSM Enemy 8,FSM,PatrolState,None,0.90,27.7,0
54.32,Utility Enemy 8,Utility,AttackAction,None,1.00,20.8,0
54.32,Utility Enemy 9,Utility,AttackAction,None,1.00,53.3,0
54.32,Utility Enemy 10,Utility,AttackAction,None,1.00,60.3,0
54.32,Utility Enemy 2,Utility,AttackAction,None,1.00,51.0,0
54.32,Utility Enemy 7,Utility,AttackAction,None,1.00,63.4,0
54.32,Utility Enemy 13,Utility,AttackAction,None,1.00,76.4,0
54.32,Utility Enemy 3,Utility,AttackAction,None,1.00,53.2,0
54.32,Utility Enemy 14,Utility,AttackAction,None,1.00,52.8,0
54.32,Utility Enemy 15,Utility,AttackAction,None,1.00,28.7,0
54.32,Utility Enemy 1,Utility,AttackAction,None,1.00,30.1,0
54.32,Utility Enemy 12,Utility,AttackAction,None,1.00,49.6,0
54.32,Utility Enemy 11,Utility,AttackAction,None,0.50,7.2,1
54.32,Utility Enemy 5,Utility,AttackAction,None,1.00,37.4,0
54.32,Utility Enemy 6,Utility,AttackAction,None,1.00,52.8,0
54.32,Utility Enemy 4,Utility,AttackAction,None,1.00,12.3,1
54.82,Player,Player,-,None,0.63,,0
54.82,FSM Enemy 14,FSM,PatrolState,None,1.00,74.7,0
54.82,FSM Enemy 15,FSM,PatrolState,None,1.00,19.0,0
54.82,FSM Enemy 2,FSM,PatrolState,None,1.00,81.4,0
54.82,FSM Enemy 10,FSM,PatrolState,None,1.00,55.8,0
54.82,FSM Enemy 1,FSM,PatrolState,None,1.00,55.5,0
54.82,FSM Enemy 12,FSM,PatrolState,None,0.70,73.9,0
54.82,FSM Enemy 9,FSM,PatrolState,None,1.00,34.0,0
54.82,FSM Enemy 4,FSM,PatrolState,None,0.70,72.0,0
54.82,FSM Enemy 7,FSM,Dead,None,0.00,28.4,0
54.82,FSM Enemy 6,FSM,PatrolState,None,0.90,68.6,0
54.82,FSM Enemy 13,FSM,Dead,None,0.00,20.1,0
54.82,FSM Enemy 3,FSM,PatrolState,None,0.40,62.2,0
54.82,FSM Enemy 5,FSM,PatrolState,None,0.90,25.6,0
54.82,FSM Enemy 11,FSM,PatrolState,None,1.00,22.2,0
54.82,FSM Enemy 8,FSM,PatrolState,None,0.90,28.8,0
54.82,Utility Enemy 8,Utility,AttackAction,None,1.00,22.9,0
54.82,Utility Enemy 9,Utility,AttackAction,None,1.00,51.6,0
54.82,Utility Enemy 10,Utility,AttackAction,None,1.00,58.3,0
54.82,Utility Enemy 2,Utility,AttackAction,None,1.00,51.4,0
54.82,Utility Enemy 7,Utility,AttackAction,None,1.00,61.4,0
54.82,Utility Enemy 13,Utility,AttackAction,None,1.00,76.1,0
54.82,Utility Enemy 3,Utility,AttackAction,None,1.00,52.3,0
54.82,Utility Enemy 14,Utility,AttackAction,None,1.00,51.5,0
54.82,Utility Enemy 15,Utility,AttackAction,None,1.00,30.5,0
54.82,Utility Enemy 1,Utility,AttackAction,None,1.00,31.9,0
54.82,Utility Enemy 12,Utility,AttackAction,None,1.00,47.7,0
54.82,Utility Enemy 11,Utility,Dead,None,0.00,4.5,1
54.82,Utility Enemy 5,Utility,AttackAction,None,1.00,38.6,0
54.82,Utility Enemy 6,Utility,AttackAction,None,1.00,53.2,0
54.82,Utility Enemy 4,Utility,AttackAction,None,1.00,13.7,1
55.32,Player,Player,-,None,0.63,,0
55.32,FSM Enemy 14,FSM,PatrolState,None,1.00,77.0,0
55.32,FSM Enemy 15,FSM,PatrolState,None,1.00,16.6,0
55.32,FSM Enemy 2,FSM,PatrolState,None,1.00,84.0,0
55.32,FSM Enemy 10,FSM,PatrolState,None,1.00,58.2,0
55.32,FSM Enemy 1,FSM,PatrolState,None,1.00,58.9,0
55.32,FSM Enemy 12,FSM,PatrolState,None,0.70,74.0,0
55.32,FSM Enemy 9,FSM,PatrolState,None,1.00,33.8,0
55.32,FSM Enemy 4,FSM,PatrolState,None,0.70,71.5,0
55.32,FSM Enemy 7,FSM,Dead,None,0.00,25.3,0
55.32,FSM Enemy 6,FSM,PatrolState,None,0.90,67.8,0
55.32,FSM Enemy 13,FSM,Dead,None,0.00,18.8,1
55.32,FSM Enemy 3,FSM,PatrolState,None,0.40,64.7,0
55.32,FSM Enemy 5,FSM,PatrolState,None,0.90,28.6,0
55.32,FSM Enemy 11,FSM,PatrolState,None,1.00,20.3,0
55.32,FSM Enemy 8,FSM,PatrolState,None,0.90,30.4,0
55.32,Utility Enemy 8,Utility,AttackAction,None,1.00,25.9,0
55.32,Utility Enemy 9,Utility,AttackAction,None,1.00,51.4,0
55.32,Utility Enemy 10,Utility,AttackAction,None,1.00,57.6,0
55.32,Utility Enemy 2,Utility,AttackAction,None,1.00,53.3,0
55.32,Utility Enemy 7,Utility,AttackAction,None,1.00,60.7,0
55.32,Utility Enemy 13,Utility,AttackAction,None,1.00,77.3,0
55.32,Utility Enemy 3,Utility,AttackAction,None,1.00,53.0,0
55.32,Utility Enemy 14,Utility,AttackAction,None,1.00,51.6,0
55.32,Utility Enemy 15,Utility,AttackAction,None,1.00,33.4,0
55.32,Utility Enemy 1,Utility,AttackAction,None,1.00,34.7,0
55.32,Utility Enemy 12,Utility,AttackAction,None,1.00,47.0,0
55.32,Utility Enemy 11,Utility,Dead,None,0.00,3.7,1
55.32,Utility Enemy 5,Utility,AttackAction,None,1.00,41.0,0
55.32,Utility Enemy 6,Utility,AttackAction,None,1.00,55.0,0
55.32,Utility Enemy 4,Utility,SpreadFireAction,None,1.00,16.4,1
55.83,Player,Player,-,None,0.63,,0
55.83,FSM Enemy 14,FSM,PatrolState,None,1.00,79.1,0
55.83,FSM Enemy 15,FSM,PatrolState,None,1.00,14.9,0
55.83,FSM Enemy 2,FSM,PatrolState,None,1.00,86.7,0
55.83,FSM Enemy 10,FSM,PatrolState,None,1.00,60.5,0
55.83,FSM Enemy 1,FSM,PatrolState,None,1.00,61.5,0
55.83,FSM Enemy 12,FSM,PatrolState,None,0.70,72.7,0
55.83,FSM Enemy 9,FSM,PatrolState,None,1.00,33.5,0
55.83,FSM Enemy 4,FSM,PatrolState,None,0.70,71.0,0
55.83,FSM Enemy 7,FSM,Dead,None,0.00,22.2,0
55.83,FSM Enemy 6,FSM,PatrolState,None,0.90,67.2,0
55.83,FSM Enemy 13,FSM,Dead,None,0.00,18.2,0
55.83,FSM Enemy 3,FSM,PatrolState,None,0.40,66.7,0
55.83,FSM Enemy 5,FSM,PatrolState,None,0.90,31.6,0
55.83,FSM Enemy 11,FSM,PatrolState,None,1.00,18.2,0
55.83,FSM Enemy 8,FSM,PatrolState,None,0.90,32.0,0
55.83,Utility Enemy 8,Utility,AttackAction,None,1.00,28.9,0
55.83,Utility Enemy 9,Utility,AttackAction,None,1.00,51.1,0
55.83,Utility Enemy 10,Utility,AttackAction,None,1.00,56.8,0
55.83,Utility Enemy 2,Utility,AttackAction,None,1.00,55.1,0
55.83,Utility Enemy 7,Utility,AttackAction,None,1.00,59.9,0
55.83,Utility Enemy 13,Utility,AttackAction,None,1.00,78.4,0
55.83,Utility Enemy 3,Utility,AttackAction,None,1.00,53.6,0
55.83,Utility Enemy 14,Utility,AttackAction,None,1.00,51.7,0
55.83,Utility Enemy 15,Utility,AttackAction,None,1.00,36.1,0
55.83,Utility Enemy 1,Utility,AttackAction,None,1.00,37.4,0
55.83,Utility Enemy 12,Utility,AttackAction,None,1.00,46.4,0
55.83,Utility Enemy 11,Utility,Dead,None,0.00,5.0,0
55.83,Utility Enemy 5,Utility,AttackAction,None,1.00,43.5,0
55.83,Utility Enemy 6,Utility,AttackAction,None,1.00,56.7,0
55.83,Utility Enemy 4,Utility,SpreadFireAction,None,1.00,19.1,1
56.33,Player,Player,-,None,0.63,,0
56.33,FSM Enemy 14,FSM,PatrolState,None,1.00,79.2,0
56.33,FSM Enemy 15,FSM,PatrolState,None,1.00,12.7,0
56.33,FSM Enemy 2,FSM,PatrolState,None,1.00,87.1,0
56.33,FSM Enemy 10,FSM,PatrolState,None,1.00,60.5,0
56.33,FSM Enemy 1,FSM,PatrolState,None,1.00,62.5,0
56.33,FSM Enemy 12,FSM,PatrolState,None,0.70,69.5,0
56.33,FSM Enemy 9,FSM,PatrolState,None,1.00,31.7,0
56.33,FSM Enemy 4,FSM,PatrolState,None,0.70,69.0,0
56.33,FSM Enemy 7,FSM,Dead,None,0.00,21.0,0
56.33,FSM Enemy 6,FSM,PatrolState,None,0.90,66.2,0
56.33,FSM Enemy 13,FSM,Dead,None,0.00,19.6,0
56.33,FSM Enemy 3,FSM,PatrolState,None,0.40,66.3,0
56.33,FSM Enemy 5,FSM,PatrolState,None,0.90,33.6,0
56.33,FSM Enemy 11,FSM,PatrolState,None,1.00,17.2,0
56.33,FSM Enemy 8,FSM,PatrolState,None,0.90,31.1,0
56.33,Utility Enemy 8,Utility,AttackAction,None,1.00,29.8,0
56.33,Utility Enemy 9,Utility,AttackAction,None,1.00,49.4,0
56.33,Utility Enemy 10,Utility,AttackAction,None,1.00,55.0,0
56.33,Utility Enemy 2,Utility,AttackAction,None,1.00,54.7,0
56.33,Utility Enemy 7,Utility,AttackAction,None,1.00,58.1,0
56.33,Utility Enemy 13,Utility,AttackAction,None,1.00,77.5,0
56.33,Utility Enemy 3,Utility,AttackAction,None,1.00,52.3,0
56.33,Utility Enemy 14,Utility,AttackAction,None,1.00,50.2,0
56.33,Utility Enemy 15,Utility,AttackAction,None,1.00,36.8,0
56.33,Utility Enemy 1,Utility,AttackAction,None,1.00,38.0,0
56.33,Utility Enemy 12,Utility,AttackAction,None,1.00,44.6,0
56.33,Utility Enemy 11,Utility,Dead,None,0.00,5.1,0
56.33,Utility Enemy 5,Utility,AttackAction,None,1.00,43.6,0
56.33,Utility Enemy 6,Utility,AttackAction,None,1.00,56.3,0
56.33,Utility Enemy 4,Utility,ChaseAction,None,1.00,19.6,0
56.83,Player,Player,-,None,0.63,,0
56.83,FSM Enemy 14,FSM,PatrolState,None,1.00,78.1,0
56.83,FSM Enemy 15,FSM,PatrolState,None,1.00,9.8,0
56.83,FSM Enemy 2,FSM,PatrolState,None,1.00,86.5,0
56.83,FSM Enemy 10,FSM,PatrolState,None,1.00,59.4,0
56.83,FSM Enemy 1,FSM,PatrolState,None,1.00,63.4,0
56.83,FSM Enemy 12,FSM,PatrolState,None,0.70,65.3,0
56.83,FSM Enemy 9,FSM,PatrolState,None,1.00,28.7,0
56.83,FSM Enemy 4,FSM,PatrolState,None,0.70,65.6,0
56.83,FSM Enemy 7,FSM,Dead,None,0.00,20.4,0
56.83,FSM Enemy 6,FSM,PatrolState,None,0.90,63.4,0
56.83,FSM Enemy 13,FSM,Dead,None,0.00,22.4,0
56.83,FSM Enemy 3,FSM,PatrolState,None,0.40,65.2,0
56.83,FSM Enemy 5,FSM,PatrolState,None,0.90,36.0,0
56.83,FSM Enemy 11,FSM,PatrolState,None,1.00,16.5,0
56.83,FSM Enemy 8,FSM,PatrolState,None,0.90,29.3,0
56.83,Utility Enemy 8,Utility,AttackAction,None,1.00,30.5,0
56.83,Utility Enemy 9,Utility,AttackAction,None,1.00,46.6,0
56.83,Utility Enemy 10,Utility,AttackAction,None,1.00,52.1,0
56.83,Utility Enemy 2,Utility,AttackAction,None,1.00,53.3,0
56.83,Utility Enemy 7,Utility,AttackAction,None,1.00,55.1,0
56.83,Utility Enemy 13,Utility,AttackAction,None,1.00,75.4,0
56.83,Utility Enemy 3,Utility,AttackAction,None,1.00,49.9,0
56.83,Utility Enemy 14,Utility,AttackAction,None,1.00,47.5,0
56.83,Utility Enemy 15,Utility,AttackAction,None,1.00,36.9,0
56.83,Utility Enemy 1,Utility,AttackAction,None,1.00,38.1,0
56.83,Utility Enemy 12,Utility,AttackAction,None,1.00,41.6,0
56.83,Utility Enemy 11,Utility,Dead,None,0.00,5.7,0
56.83,Utility Enemy 5,Utility,AttackAction,None,1.00,43.1,0
56.83,Utility Enemy 6,Utility,AttackAction,None,1.00,54.8,0
56.83,Utility Enemy 4,Utility,SpreadFireAction,None,1.00,18.1,1
57.33,Player,Player,-,None,0.63,,0
57.33,FSM Enemy 14,FSM,PatrolState,None,1.00,76.6,0
57.33,FSM Enemy 15,FSM,Dead,None,0.00,6.8,0
57.33,FSM Enemy 2,FSM,PatrolState,None,1.00,87.2,0
57.33,FSM Enemy 10,FSM,PatrolState,None,1.00,59.5,0
57.33,FSM Enemy 1,FSM,PatrolState,None,1.00,64.7,0
57.33,FSM Enemy 12,FSM,PatrolState,None,0.70,61.3,0
57.33,FSM Enemy 9,FSM,PatrolState,None,1.00,26.3,0
57.33,FSM Enemy 4,FSM,PatrolState,None,0.70,62.1,0
57.33,FSM Enemy 7,FSM,Dead,None,0.00,19.0,0
57.33,FSM Enemy 6,FSM,PatrolState,None,0.90,60.4,0
57.33,FSM Enemy 13,FSM,Dead,None,0.00,24.6,0
57.33,FSM Enemy 3,FSM,PatrolState,None,0.40,65.4,0
57.33,FSM Enemy 5,FSM,PatrolState,None,0.90,38.8,0
57.33,FSM Enemy 11,FSM,PatrolState,None,1.00,15.4,0
57.33,FSM Enemy 8,FSM,PatrolState,None,0.90,29.0,0
57.33,Utility Enemy 8,Utility,AttackAction,None,1.00,32.5,0
57.33,Utility Enemy 9,Utility,AttackAction,None,1.00,44.4,0
57.33,Utility Enemy 10,Utility,AttackAction,None,1.00,49.6,0
57.33,Utility Enemy 2,Utility,AttackAction,None,1.00,53.3,0
57.33,Utility Enemy 7,Utility,AttackAction,None,1.00,52.6,0
57.33,Utility Enemy 13,Utility,AttackAction,None,1.00,74.3,0
57.33,Utility Enemy 3,Utility,AttackAction,None,1.00,48.5,0
57.33,Utility Enemy 14,Utility,AttackAction,None,1.00,45.7,0
57.33,Utility Enemy 15,Utility,AttackAction,None,1.00,38.5,0
57.33,Utility Enemy 1,Utility,AttackAction,None,1.00,39.5,0
57.33,Utility Enemy 12,Utility,AttackAction,None,1.00,39.2,0
57.33,Utility Enemy 11,Utility,Dead,None,0.00,8.3,0
57.33,Utility Enemy 5,Utility,AttackAction,None,1.00,43.9,0
57.33,Utility Enemy 6,Utility,AttackAction,None,1.00,54.6,0
57.33,Utility Enemy 4,Utility,SpreadFireAction,None,1.00,19.8,1
57.84,Player,Player,-,None,0.63,,0
57.84,FSM Enemy 14,FSM,PatrolState,None,1.00,76.3,0
57.84,FSM Enemy 15,FSM,Dead,None,0.00,3.9,0
57.84,FSM Enemy 2,FSM,PatrolState,None,1.00,89.4,0
57.84,FSM Enemy 10,FSM,PatrolState,None,1.00,61.2,0
57.84,FSM Enemy 1,FSM,PatrolState,None,1.00,66.6,0
57.84,FSM Enemy 12,FSM,PatrolState,None,0.70,58.2,0
57.84,FSM Enemy 9,FSM,PatrolState,None,1.00,25.8,0
57.84,FSM Enemy 4,FSM,PatrolState,None,0.70,59.9,0
57.84,FSM Enemy 7,FSM,Dead,None,0.00,16.7,0
57.84,FSM Enemy 6,FSM,PatrolState,None,0.90,57.6,0
57.84,FSM Enemy 13,FSM,Dead,None,0.00,26.0,0
57.84,FSM Enemy 3,FSM,PatrolState,None,0.40,66.9,0
57.84,FSM Enemy 5,FSM,PatrolState,None,0.90,42.3,0
57.84,FSM Enemy 11,FSM,PatrolState,None,1.00,13.8,0
57.84,FSM Enemy 8,FSM,PatrolState,None,0.90,30.2,0
57.84,Utility Enemy 8,Utility,AttackAction,None,1.00,35.4,0
57.84,Utility Enemy 9,Utility,AttackAction,None,1.00,43.7,0
57.84,Utility Enemy 10,Utility,AttackAction,None,1.00,48.2,0
57.84,Utility Enemy 2,Utility,AttackAction,None,1.00,54.8,0
57.84,Utility Enemy 7,Utility,AttackAction,None,1.00,51.2,0
57.84,Utility Enemy 13,Utility,AttackAction,None,1.00,74.9,0
57.84,Utility Enemy 3,Utility,AttackAction,None,1.00,48.7,0
57.84,Utility Enemy 14,Utility,AttackAction,None,1.00,45.4,0
57.84,Utility Enemy 15,Utility,AttackAction,None,1.00,41.2,0
57.84,Utility Enemy 1,Utility,AttackAction,None,1.00,42.2,0
57.84,Utility Enemy 12,Utility,AttackAction,None,1.00,38.1,0
57.84,Utility Enemy 11,Utility,Dead,None,0.00,11.4,0
57.84,Utility Enemy 5,Utility,AttackAction,None,1.00,46.2,0
57.84,Utility Enemy 6,Utility,AttackAction,None,1.00,56.1,0
57.84,Utility Enemy 4,Utility,ChaseAction,None,1.00,21.8,0
58.34,Player,Player,-,None,0.63,,0
58.34,FSM Enemy 14,FSM,PatrolState,None,1.00,76.0,0
58.34,FSM Enemy 15,FSM,Dead,None,0.00,1.7,0
58.34,FSM Enemy 2,FSM,PatrolState,None,1.00,91.2,0
58.34,FSM Enemy 10,FSM,PatrolState,None,1.00,62.7,0
58.34,FSM Enemy 1,FSM,PatrolState,None,1.00,68.4,0
58.34,FSM Enemy 12,FSM,PatrolState,None,0.70,55.2,0
58.34,FSM Enemy 9,FSM,PatrolState,None,1.00,25.5,0
58.34,FSM Enemy 4,FSM,PatrolState,None,0.70,57.6,0
58.34,FSM Enemy 7,FSM,Dead,None,0.00,14.9,0
58.34,FSM Enemy 6,FSM,PatrolState,None,0.90,54.9,0
58.34,FSM Enemy 13,FSM,Dead,None,0.00,27.7,0
58.34,FSM Enemy 3,FSM,PatrolState,None,0.40,68.3,0
58.34,FSM Enemy 5,FSM,PatrolState,None,0.90,45.5,0
58.34,FSM Enemy 11,FSM,PatrolState,None,1.00,12.5,0
58.34,FSM Enemy 8,FSM,PatrolState,None,0.90,31.5,0
58.34,Utility Enemy 8,Utility,AttackAction,None,1.00,38.3,0
58.34,Utility Enemy 9,Utility,AttackAction,None,1.00,43.0,0
58.34,Utility Enemy 10,Utility,AttackAction,None,1.00,46.9,0
58.34,Utility Enemy 2,Utility,AttackAction,None,1.00,56.3,0
58.34,Utility Enemy 7,Utility,AttackAction,None,1.00,49.9,0
58.34,Utility Enemy 13,Utility,AttackAction,None,1.00,75.4,0
58.34,Utility Enemy 3,Utility,AttackAction,None,1.00,49.0,0
58.34,Utility Enemy 14,Utility,AttackAction,None,1.00,45.1,0
58.34,Utility Enemy 15,Utility,AttackAction,None,1.00,43.9,0
58.34,Utility Enemy 1,Utility,AttackAction,None,1.00,44.8,0
58.34,Utility Enemy 12,Utility,AttackAction,None,1.00,37.1,0
58.34,Utility Enemy 11,Utility,Dead,None,0.00,14.5,0
58.34,Utility Enemy 5,Utility,AttackAction,None,1.00,48.5,0
58.34,Utility Enemy 6,Utility,AttackAction,None,1.00,57.5,0
58.34,Utility Enemy 4,Utility,ChaseAction,None,1.00,22.5,0
58.84,Player,Player,-,None,0.63,,0
58.84,FSM Enemy 14,FSM,PatrolState,None,1.00,75.0,0
58.84,FSM Enemy 15,FSM,Dead,None,0.00,2.6,1
58.84,FSM Enemy 2,FSM,PatrolState,None,1.00,92.4,0
58.84,FSM Enemy 10,FSM,PatrolState,None,1.00,63.0,0
58.84,FSM Enemy 1,FSM,PatrolState,None,1.00,70.0,0
58.84,FSM Enemy 12,FSM,PatrolState,None,0.70,51.6,0
58.84,FSM Enemy 9,FSM,PatrolState,None,1.00,24.4,0
58.84,FSM Enemy 4,FSM,PatrolState,None,0.70,54.8,0
58.84,FSM Enemy 7,FSM,Dead,None,0.00,14.3,0
58.84,FSM Enemy 6,FSM,PatrolState,None,0.90,51.9,0
58.84,FSM Enemy 13,FSM,Dead,None,0.00,30.2,0
58.84,FSM Enemy 3,FSM,PatrolState,None,0.40,69.0,0
58.84,FSM Enemy 5,FSM,PatrolState,None,0.90,47.7,0
58.84,FSM Enemy 11,FSM,PatrolState,None,0.50,12.3,0
58.84,FSM Enemy 8,FSM,PatrolState,None,0.90,32.5,0
58.84,Utility Enemy 8,Utility,AttackAction,None,1.00,40.8,0
58.84,Utility Enemy 9,Utility,AttackAction,None,1.00,41.7,0
58.84,Utility Enemy 10,Utility,AttackAction,None,1.00,45.1,0
58.84,Utility Enemy 2,Utility,AttackAction,None,1.00,57.2,0
58.84,Utility Enemy 7,Utility,AttackAction,None,1.00,47.9,0
58.84,Utility Enemy 13,Utility,AttackAction,None,1.00,75.3,0
58.84,Utility Enemy 3,Utility,AttackAction,None,1.00,48.6,0
58.84,Utility Enemy 14,Utility,AttackAction,None,1.00,44.2,0
58.84,Utility Enemy 15,Utility,AttackAction,None,1.00,46.2,0
58.84,Utility Enemy 1,Utility,AttackAction,None,1.00,47.0,0
58.84,Utility Enemy 12,Utility,AttackAction,None,1.00,35.5,0
58.84,Utility Enemy 11,Utility,Dead,None,0.00,17.4,0
58.84,Utility Enemy 5,Utility,AttackAction,None,1.00,50.2,0
58.84,Utility Enemy 6,Utility,AttackAction,None,1.00,58.3,0
58.84,Utility Enemy 4,Utility,ChaseAction,None,1.00,22.9,0
59.34,Player,Player,-,None,0.63,,0
59.34,FSM Enemy 14,FSM,PatrolState,None,1.00,75.5,0
59.34,FSM Enemy 15,FSM,Dead,None,0.00,5.4,0
59.34,FSM Enemy 2,FSM,PatrolState,None,1.00,94.7,0
59.34,FSM Enemy 10,FSM,PatrolState,None,1.00,63.7,0
59.34,FSM Enemy 1,FSM,PatrolState,None,1.00,71.7,0
59.34,FSM Enemy 12,FSM,PatrolState,None,0.70,49.2,0
59.34,FSM Enemy 9,FSM,PatrolState,None,1.00,25.1,0
59.34,FSM Enemy 4,FSM,PatrolState,None,0.70,53.2,0
59.34,FSM Enemy 7,FSM,Dead,None,0.00,13.1,0
59.34,FSM Enemy 6,FSM,PatrolState,None,0.90,50.0,0
59.34,FSM Enemy 13,FSM,Dead,None,0.00,31.9,0
59.34,FSM Enemy 3,FSM,PatrolState,None,0.40,70.5,0
59.34,FSM Enemy 5,FSM,PatrolState,None,0.90,49.4,0
59.34,FSM Enemy 11,FSM,Dead,None,0.00,11.0,0
59.34,FSM Enemy 8,FSM,PatrolState,None,0.90,34.1,0
59.34,Utility Enemy 8,Utility,AttackAction,None,1.00,43.7,0
59.34,Utility Enemy 9,Utility,AttackAction,None,1.00,41.7,0
59.34,Utility Enemy 10,Utility,AttackAction,None,1.00,44.5,0
59.34,Utility Enemy 2,Utility,AttackAction,None,1.00,59.1,0
59.34,Utility Enemy 7,Utility,AttackAction,None,1.00,47.3,0
59.34,Utility Enemy 13,Utility,AttackAction,None,1.00,76.3,0
59.34,Utility Enemy 3,Utility,AttackAction,None,1.00,49.5,0
59.34,Utility Enemy 14,Utility,AttackAction,None,1.00,44.7,0
59.34,Utility Enemy 15,Utility,AttackAction,None,1.00,48.9,0
59.34,Utility Enemy 1,Utility,AttackAction,None,1.00,49.8,0
59.34,Utility Enemy 12,Utility,AttackAction,None,1.00,35.3,0
59.34,Utility Enemy 11,Utility,Dead,None,0.00,20.3,0
59.34,Utility Enemy 5,Utility,AttackAction,None,1.00,52.7,0
59.34,Utility Enemy 6,Utility,AttackAction,None,1.00,60.1,0
59.34,Utility Enemy 4,Utility,ChaseAction,None,1.00,23.6,0
59.85,Player,Player,-,None,0.63,,0
59.85,FSM Enemy 14,FSM,PatrolState,None,1.00,76.5,0
59.85,FSM Enemy 15,FSM,Dead,None,0.00,6.5,1
59.85,FSM Enemy 2,FSM,PatrolState,None,1.00,97.6,0
59.85,FSM Enemy 10,FSM,PatrolState,None,1.00,64.8,0
59.85,FSM Enemy 1,FSM,PatrolState,None,1.00,71.2,0
59.85,FSM Enemy 12,FSM,PatrolState,None,0.70,50.8,0
59.85,FSM Enemy 9,FSM,PatrolState,None,1.00,27.1,0
59.85,FSM Enemy 4,FSM,PatrolState,None,0.70,53.9,0
59.85,FSM Enemy 7,FSM,Dead,None,0.00,11.1,0
59.85,FSM Enemy 6,FSM,PatrolState,None,0.90,51.2,0
59.85,FSM Enemy 13,FSM,Dead,None,0.00,30.8,0
59.85,FSM Enemy 3,FSM,PatrolState,None,0.40,71.4,0
59.85,FSM Enemy 5,FSM,PatrolState,None,0.90,48.4,0
59.85,FSM Enemy 11,FSM,Dead,None,0.00,9.0,0
59.85,FSM Enemy 8,FSM,PatrolState,None,0.90,34.3,0
59.85,Utility Enemy 8,Utility,AttackAction,None,1.00,44.7,0
59.85,Utility Enemy 9,Utility,AttackAction,None,1.00,43.7,0
59.85,Utility Enemy 10,Utility,AttackAction,None,1.00,46.3,0
59.85,Utility Enemy 2,Utility,AttackAction,None,1.00,61.0,0
59.85,Utility Enemy 7,Utility,AttackAction,None,1.00,49.1,0
59.85,Utility Enemy 13,Utility,AttackAction,None,1.00,78.4,0
59.85,Utility Enemy 3,Utility,AttackAction,None,1.00,51.5,0
59.85,Utility Enemy 14,Utility,AttackAction,None,1.00,46.7,0
59.85,Utility Enemy 15,Utility,AttackAction,None,1.00,50.1,0
59.85,Utility Enemy 1,Utility,AttackAction,None,1.00,51.1,0
59.85,Utility Enemy 12,Utility,AttackAction,None,1.00,37.2,0
59.85,Utility Enemy 11,Utility,Dead,None,0.00,20.8,0
59.85,Utility Enemy 5,Utility,AttackAction,None,1.00,54.3,0
59.85,Utility Enemy 6,Utility,AttackAction,None,1.00,62.0,0
59.85,Utility Enemy 4,Utility,ChaseAction,None,1.00,22.2,0
60.35,Player,Player,-,None,0.63,,0
60.35,FSM Enemy 14,FSM,PatrolState,None,0.90,76.6,0
60.35,FSM Enemy 15,FSM,Dead,None,0.00,9.2,0
60.35,FSM Enemy 2,FSM,PatrolState,None,1.00,100.2,0
60.35,FSM Enemy 10,FSM,PatrolState,None,1.00,65.7,0
60.35,FSM Enemy 1,FSM,PatrolState,None,1.00,72.8,0
60.35,FSM Enemy 12,FSM,PatrolState,None,0.70,51.3,0
60.35,FSM Enemy 9,FSM,PatrolState,None,1.00,28.3,0
60.35,FSM Enemy 4,FSM,PatrolState,None,0.70,52.7,0
60.35,FSM Enemy 7,FSM,Dead,None,0.00,10.5,0
60.35,FSM Enemy 6,FSM,PatrolState,None,0.90,49.9,0
60.35,FSM Enemy 13,FSM,Dead,None,0.00,32.6,0
60.35,FSM Enemy 3,FSM,PatrolState,None,0.40,73.0,0
60.35,FSM Enemy 5,FSM,PatrolState,None,0.90,49.9,0
60.35,FSM Enemy 11,FSM,Dead,None,0.00,7.6,0
60.35,FSM Enemy 8,FSM,PatrolState,None,0.90,36.7,0
60.35,Utility Enemy 8,Utility,AttackAction,None,1.00,47.4,0
60.35,Utility Enemy 9,Utility,AttackAction,None,1.00,44.2,0
60.35,Utility Enemy 10,Utility,AttackAction,None,1.00,46.1,0
60.35,Utility Enemy 2,Utility,AttackAction,None,1.00,63.0,0
60.35,Utility Enemy 7,Utility,AttackAction,None,1.00,48.8,0
60.35,Utility Enemy 13,Utility,AttackAction,None,1.00,79.6,0
60.35,Utility Enemy 3,Utility,AttackAction,None,1.00,52.7,0
60.35,Utility Enemy 14,Utility,AttackAction,None,1.00,47.5,0
60.35,Utility Enemy 15,Utility,AttackAction,None,1.00,52.8,0
60.35,Utility Enemy 1,Utility,AttackAction,None,1.00,53.7,0
60.35,Utility Enemy 12,Utility,AttackAction,None,1.00,37.4,0
60.35,Utility Enemy 11,Utility,Dead,None,0.00,23.6,0
60.35,Utility Enemy 5,Utility,AttackAction,None,1.00,56.7,0
60.35,Utility Enemy 6,Utility,AttackAction,None,1.00,64.0,0
60.35,Utility Enemy 4,Utility,ChaseAction,None,1.00,22.7,0
60.85,Player,Player,-,None,0.63,,0
60.85,FSM Enemy 14,FSM,PatrolState,None,0.90,73.9,0
60.85,FSM Enemy 15,FSM,Dead,None,0.00,10.4,0
60.85,FSM Enemy 2,FSM,PatrolState,None,1.00,99.9,0
60.85,FSM Enemy 10,FSM,PatrolState,None,1.00,63.8,0
60.85,FSM Enemy 1,FSM,PatrolState,None,1.00,73.3,0
60.85,FSM Enemy 12,FSM,PatrolState,None,0.70,49.6,0
60.85,FSM Enemy 9,FSM,PatrolState,None,1.00,26.6,0
60.85,FSM Enemy 4,FSM,PatrolState,None,0.70,50.4,0
60.85,FSM Enemy 7,FSM,PatrolState,None,1.00,80.4,0
60.85,FSM Enemy 6,FSM,PatrolState,None,0.90,46.9,0
60.85,FSM Enemy 13,FSM,Dead,None,0.00,35.6,0
60.85,FSM Enemy 3,FSM,PatrolState,None,0.40,72.1,0
60.85,FSM Enemy 5,FSM,PatrolState,None,0.90,50.8,0
60.85,FSM Enemy 11,FSM,Dead,None,0.00,9.7,0
60.85,FSM Enemy 8,FSM,PatrolState,None,0.90,37.1,0
60.85,Utility Enemy 8,Utility,AttackAction,None,1.00,48.5,0
60.85,Utility Enemy 9,Utility,AttackAction,None,1.00,41.8,0
60.85,Utility Enemy 10,Utility,AttackAction,None,1.00,43.4,0
60.85,Utility Enemy 2,Utility,AttackAction,None,1.00,62.3,0
60.85,Utility Enemy 7,Utility,AttackAction,None,1.00,46.1,0
60.85,Utility Enemy 13,Utility,AttackAction,None,1.00,77.9,0
60.85,Utility Enemy 3,Utility,AttackAction,None,1.00,51.0,0
60.85,Utility Enemy 14,Utility,AttackAction,None,1.00,45.4,0
60.85,Utility Enemy 15,Utility,AttackAction,None,1.00,53.5,0
60.85,Utility Enemy 1,Utility,AttackAction,None,1.00,54.3,0
60.85,Utility Enemy 12,Utility,AttackAction,None,1.00,35.0,0
60.85,Utility Enemy 11,Utility,Dead,None,0.00,25.3,0
60.85,Utility Enemy 5,Utility,AttackAction,None,1.00,56.8,0
60.85,Utility Enemy 6,Utility,AttackAction,None,1.00,63.2,0
60.85,Utility Enemy 4,Utility,ChaseAction,None,1.00,21.9,0
61.36,Player,Player,-,None,0.63,,0
61.36,FSM Enemy 14,FSM,PatrolState,None,0.90,71.6,0
61.36,FSM Enemy 15,FSM,Dead,None,0.00,11.3,0
61.36,FSM Enemy 2,FSM,PatrolState,None,1.00,97.9,0
61.36,FSM Enemy 10,FSM,PatrolState,None,1.00,61.2,0
61.36,FSM Enemy 1,FSM,PatrolState,None,1.00,73.3,0
61.36,FSM Enemy 12,FSM,PatrolState,None,0.70,47.8,0
61.36,FSM Enemy 9,FSM,PatrolState,None,1.00,25.8,0
61.36,FSM Enemy 4,FSM,PatrolState,None,0.70,47.9,0
61.36,FSM Enemy 7,FSM,PatrolState,None,1.00,77.5,0
61.36,FSM Enemy 6,FSM,PatrolState,None,0.90,43.7,0
61.36,FSM Enemy 13,FSM,Dead,None,0.00,38.1,0
61.36,FSM Enemy 3,FSM,PatrolState,None,0.40,70.3,0
61.36,FSM Enemy 5,FSM,PatrolState,None,0.90,51.0,0
61.36,FSM Enemy 11,FSM,Dead,None,0.00,12.7,0
61.36,FSM Enemy 8,FSM,PatrolState,None,0.90,36.0,0
61.36,Utility Enemy 8,Utility,AttackAction,None,1.00,48.7,0
61.36,Utility Enemy 9,Utility,AttackAction,None,1.00,38.9,0
61.36,Utility Enemy 10,Utility,AttackAction,None,1.00,40.4,0
61.36,Utility Enemy 2,Utility,AttackAction,None,1.00,60.6,0
61.36,Utility Enemy 7,Utility,AttackAction,None,1.00,43.0,0
61.36,Utility Enemy 13,Utility,AttackAction,None,1.00,75.4,0
61.36,Utility Enemy 3,Utility,AttackAction,None,1.00,48.4,0
61.36,Utility Enemy 14,Utility,AttackAction,None,1.00,42.7,0
61.36,Utility Enemy 15,Utility,AttackAction,None,1.00,53.3,0
61.36,Utility Enemy 1,Utility,AttackAction,None,1.00,54.0,0
61.36,Utility Enemy 12,Utility,AttackAction,None,1.00,32.0,0
61.36,Utility Enemy 11,Utility,Dead,None,0.00,26.3,0
61.36,Utility Enemy 5,Utility,AttackAction,None,1.00,56.0,0
61.36,Utility Enemy 6,Utility,AttackAction,None,1.00,61.4,0
61.36,Utility Enemy 4,Utility,ChaseAction,None,1.00,20.7,0
61.86,Player,Player,-,None,0.63,,0
61.86,FSM Enemy 14,FSM,PatrolState,None,0.90,69.8,0
61.86,FSM Enemy 15,FSM,Dead,None,0.00,12.8,0
61.86,FSM Enemy 2,FSM,PatrolState,None,1.00,94.6,0
61.86,FSM Enemy 10,FSM,PatrolState,None,1.00,58.5,0
61.86,FSM Enemy 1,FSM,PatrolState,None,1.00,73.7,0
61.86,FSM Enemy 12,FSM,PatrolState,None,0.45,46.1,0
61.86,FSM Enemy 9,FSM,PatrolState,None,1.00,25.2,0
61.86,FSM Enemy 4,FSM,PatrolState,None,0.70,45.5,0
61.86,FSM Enemy 7,FSM,PatrolState,None,1.00,74.4,0
61.86,FSM Enemy 6,FSM,PatrolState,None,0.15,40.6,0
61.86,FSM Enemy 13,FSM,Dead,None,0.00,40.7,0
61.86,FSM Enemy 3,FSM,PatrolState,None,0.40,68.5,0
61.86,FSM Enemy 5,FSM,PatrolState,None,0.90,52.2,0
61.86,FSM Enemy 11,FSM,Dead,None,0.00,15.8,0
61.86,FSM Enemy 8,FSM,PatrolState,None,0.90,35.3,0
61.86,Utility Enemy 8,Utility,AttackAction,None,1.00,48.9,0
61.86,Utility Enemy 9,Utility,AttackAction,None,1.00,36.0,0
61.86,Utility Enemy 10,Utility,AttackAction,None,1.00,37.3,0
61.86,Utility Enemy 2,Utility,AttackAction,None,1.00,58.9,0
61.86,Utility Enemy 7,Utility,AttackAction,None,1.00,39.9,0
61.86,Utility Enemy 13,Utility,AttackAction,None,1.00,72.8,0
61.86,Utility Enemy 3,Utility,AttackAction,None,1.00,45.9,0
61.86,Utility Enemy 14,Utility,AttackAction,None,1.00,39.9,0
61.86,Utility Enemy 15,Utility,AttackAction,None,1.00,53.0,0
61.86,Utility Enemy 1,Utility,AttackAction,None,1.00,53.7,0
61.86,Utility Enemy 12,Utility,AttackAction,None,1.00,29.0,0
61.86,Utility Enemy 11,Utility,Dead,None,0.00,27.5,0
61.86,Utility Enemy 5,Utility,AttackAction,None,1.00,55.1,0
61.86,Utility Enemy 6,Utility,AttackAction,None,1.00,59.5,0
61.86,Utility Enemy 4,Utility,AttackAction,None,1.00,20.7,0
62.36,Player,Player,-,WallDisappear,0.63,,0
62.36,FSM Enemy 14,FSM,ChaseState,WallDisappear,0.90,67.8,0
62.36,FSM Enemy 15,FSM,Dead,WallDisappear,0.00,14.6,0
62.36,FSM Enemy 2,FSM,ChaseState,WallDisappear,1.00,91.8,0
62.36,FSM Enemy 10,FSM,ChaseState,WallDisappear,1.00,56.1,0
62.36,FSM Enemy 1,FSM,ChaseState,WallDisappear,1.00,74.1,0
62.36,FSM Enemy 12,FSM,ChaseState,WallDisappear,0.45,44.2,0
62.36,FSM Enemy 9,FSM,ChaseState,WallDisappear,1.00,25.1,0
62.36,FSM Enemy 4,FSM,ChaseState,WallDisappear,0.70,43.0,0
62.36,FSM Enemy 7,FSM,ChaseState,WallDisappear,1.00,71.7,0
62.36,FSM Enemy 6,FSM,ChaseState,WallDisappear,0.15,37.5,0
62.36,FSM Enemy 13,FSM,Dead,WallDisappear,0.00,43.2,0
62.36,FSM Enemy 3,FSM,ChaseState,WallDisappear,0.40,67.0,0
62.36,FSM Enemy 5,FSM,ChaseState,WallDisappear,0.90,54.8,0
62.36,FSM Enemy 11,FSM,Dead,WallDisappear,0.00,18.9,0
62.36,FSM Enemy 8,FSM,ChaseState,WallDisappear,0.90,36.1,0
62.36,Utility Enemy 8,Utility,ChaseAction,WallDisappear,1.00,49.2,0
62.36,Utility Enemy 9,Utility,ChaseAction,WallDisappear,1.00,33.1,0
62.36,Utility Enemy 10,Utility,ChaseAction,WallDisappear,1.00,34.2,0
62.36,Utility Enemy 2,Utility,ChaseAction,WallDisappear,1.00,57.2,0
62.36,Utility Enemy 7,Utility,ChaseAction,WallDisappear,1.00,36.8,0
62.36,Utility Enemy 13,Utility,ChaseAction,WallDisappear,1.00,70.2,0
62.36,Utility Enemy 3,Utility,ChaseAction,WallDisappear,1.00,43.3,0
62.36,Utility Enemy 14,Utility,ChaseAction,WallDisappear,1.00,37.1,0
62.36,Utility Enemy 15,Utility,ChaseAction,WallDisappear,1.00,52.8,0
62.36,Utility Enemy 1,Utility,ChaseAction,WallDisappear,1.00,53.4,0
62.36,Utility Enemy 12,Utility,ChaseAction,WallDisappear,1.00,26.0,0
62.36,Utility Enemy 11,Utility,Dead,WallDisappear,0.00,28.9,0
62.36,Utility Enemy 5,Utility,ChaseAction,WallDisappear,1.00,54.2,0
62.36,Utility Enemy 6,Utility,AttackAction,WallDisappear,1.00,57.8,0
62.36,Utility Enemy 4,Utility,ChaseAction,WallDisappear,1.00,22.2,0
62.87,Player,Player,-,WallDisappear,0.63,,0
62.87,FSM Enemy 14,FSM,ChaseState,WallDisappear,0.90,64.4,0
62.87,FSM Enemy 15,FSM,Dead,WallDisappear,0.00,17.0,0
62.87,FSM Enemy 2,FSM,ChaseState,WallDisappear,1.00,88.2,0
62.87,FSM Enemy 10,FSM,ChaseState,WallDisappear,1.00,53.5,0
62.87,FSM Enemy 1,FSM,ChaseState,WallDisappear,1.00,73.7,0
62.87,FSM Enemy 12,FSM,ChaseState,WallDisappear,0.45,40.1,0
62.87,FSM Enemy 9,FSM,ChaseState,WallDisappear,1.00,26.5,0
62.87,FSM Enemy 4,FSM,ChaseState,WallDisappear,0.70,39.6,0
62.87,FSM Enemy 7,FSM,ChaseState,WallDisappear,1.00,69.0,0
62.87,FSM Enemy 6,FSM,ChaseState,WallDisappear,0.15,32.8,0
62.87,FSM Enemy 13,FSM,PatrolState,WallDisappear,1.00,65.1,0
62.87,FSM Enemy 3,FSM,ChaseState,WallDisappear,0.40,64.8,0
62.87,FSM Enemy 5,FSM,ChaseState,WallDisappear,0.90,56.0,0
62.87,FSM Enemy 11,FSM,Dead,WallDisappear,0.00,21.9,0
62.87,FSM Enemy 8,FSM,ChaseState,WallDisappear,0.90,35.3,0
62.87,Utility Enemy 8,Utility,ChaseAction,WallDisappear,1.00,48.9,0
62.87,Utility Enemy 9,Utility,ChaseAction,WallDisappear,1.00,29.6,0
62.87,Utility Enemy 10,Utility,ChaseAction,WallDisappear,1.00,29.9,0
62.87,Utility Enemy 2,Utility,ChaseAction,WallDisappear,1.00,54.4,0
62.87,Utility Enemy 7,Utility,ChaseAction,WallDisappear,1.00,32.7,0
62.87,Utility Enemy 13,Utility,ChaseAction,WallDisappear,1.00,66.5,0
62.87,Utility Enemy 3,Utility,ChaseAction,WallDisappear,1.00,39.6,0
62.87,Utility Enemy 14,Utility,ChaseAction,WallDisappear,1.00,33.6,0
62.87,Utility Enemy 15,Utility,ChaseAction,WallDisappear,1.00,51.9,0
62.87,Utility Enemy 1,Utility,ChaseAction,WallDisappear,1.00,52.2,0
62.87,Utility Enemy 12,Utility,ChaseAction,WallDisappear,1.00,22.2,0
62.87,Utility Enemy 11,Utility,Dead,WallDisappear,0.00,30.6,0
62.87,Utility Enemy 5,Utility,ChaseAction,WallDisappear,1.00,52.4,0
62.87,Utility Enemy 6,Utility,ChaseAction,WallDisappear,1.00,55.4,0
62.87,Utility Enemy 4,Utility,ChaseAction,WallDisappear,1.00,24.2,0
63.37,Player,Player,-,WallDisappear,0.63,,0
63.37,FSM Enemy 14,FSM,ChaseState,WallDisappear,0.90,62.1,0
63.37,FSM Enemy 15,FSM,Dead,WallDisappear,0.00,20.1,0
63.37,FSM Enemy 2,FSM,ChaseState,WallDisappear,1.00,85.7,0
63.37,FSM Enemy 10,FSM,ChaseState,WallDisappear,1.00,51.9,0
63.37,FSM Enemy 1,FSM,ChaseState,WallDisappear,1.00,74.0,0
63.37,FSM Enemy 12,FSM,ChaseState,WallDisappear,0.45,35.7,0
63.37,FSM Enemy 9,FSM,ChaseState,WallDisappear,1.00,29.6,0
63.37,FSM Enemy 4,FSM,ChaseState,WallDisappear,0.70,37.2,0
63.37,FSM Enemy 7,FSM,ChaseState,WallDisappear,1.00,67.7,0
63.37,FSM Enemy 6,FSM,ChaseState,WallDisappear,0.15,28.1,0
63.37,FSM Enemy 13,FSM,PatrolState,WallDisappear,1.00,68.2,0
63.37,FSM Enemy 3,FSM,ChaseState,WallDisappear,0.40,63.5,0
63.37,FSM Enemy 5,FSM,ChaseState,WallDisappear,0.90,56.8,0
63.37,FSM Enemy 11,FSM,Dead,WallDisappear,0.00,24.5,0
63.37,FSM Enemy 8,FSM,ChaseState,WallDisappear,0.90,35.6,0
63.37,Utility Enemy 8,Utility,ChaseAction,WallDisappear,1.00,49.3,0
63.37,Utility Enemy 9,Utility,ChaseAction,WallDisappear,1.00,27.4,0
63.37,Utility Enemy 10,Utility,ChaseAction,WallDisappear,1.00,25.7,0
63.37,Utility Enemy 2,Utility,ChaseAction,WallDisappear,1.00,52.6,0
63.37,Utility Enemy 7,Utility,ChaseAction,WallDisappear,1.00,28.3,0
63.37,Utility Enemy 13,Utility,ChaseAction,WallDisappear,1.00,63.2,0
63.37,Utility Enemy 3,Utility,ChaseAction,WallDisappear,1.00,36.7,0
63.37,Utility Enemy 14,Utility,ChaseAction,WallDisappear,1.00,31.3,0
63.37,Utility Enemy 15,Utility,ChaseAction,WallDisappear,1.00,52.0,0
63.37,Utility Enemy 1,Utility,ChaseAction,WallDisappear,1.00,51.7,0
63.37,Utility Enemy 12,Utility,ChaseAction,WallDisappear,1.00,19.7,0
63.37,Utility Enemy 11,Utility,Dead,WallDisappear,0.00,33.5,0
63.37,Utility Enemy 5,Utility,ChaseAction,WallDisappear,1.00,51.4,0
63.37,Utility Enemy 6,Utility,ChaseAction,WallDisappear,1.00,53.4,0
63.37,Utility Enemy 4,Utility,ChaseAction,WallDisappear,1.00,27.1,0
63.88,Player,Player,-,WallDisappear,0.63,,0
63.88,FSM Enemy 14,FSM,ChaseState,WallDisappear,0.90,60.2,0
63.88,FSM Enemy 15,FSM,Dead,WallDisappear,0.00,23.2,0
63.88,FSM Enemy 2,FSM,ChaseState,WallDisappear,1.00,83.3,0
63.88,FSM Enemy 10,FSM,ChaseState,WallDisappear,1.00,50.5,0
63.88,FSM Enemy 1,FSM,ChaseState,WallDisappear,1.00,74.3,0
63.88,FSM Enemy 12,FSM,ChaseState,WallDisappear,0.45,31.5,0
63.88,FSM Enemy 9,FSM,ChaseState,WallDisappear,1.00,32.1,0
63.88,FSM Enemy 4,FSM,ChaseState,WallDisappear,0.70,34.3,0
63.88,FSM Enemy 7,FSM,ChaseState,WallDisappear,1.00,66.8,0
63.88,FSM Enemy 6,FSM,ChaseState,WallDisappear,0.15,24.4,0
63.88,FSM Enemy 13,FSM,PatrolState,WallDisappear,1.00,70.4,0
63.88,FSM Enemy 3,FSM,ChaseState,WallDisappear,0.40,62.3,0
63.88,FSM Enemy 5,FSM,ChaseState,WallDisappear,0.90,57.7,0
63.88,FSM Enemy 11,FSM,Dead,WallDisappear,0.00,27.2,0
63.88,FSM Enemy 8,FSM,ChaseState,WallDisappear,0.90,35.9,0
63.88,Utility Enemy 8,Utility,ChaseAction,WallDisappear,1.00,49.8,0
63.88,Utility Enemy 9,Utility,ChaseAction,WallDisappear,1.00,26.0,0
63.88,Utility Enemy 10,Utility,ChaseAction,WallDisappear,1.00,22.1,0
63.88,Utility Enemy 2,Utility,ChaseAction,WallDisappear,1.00,51.2,0
63.88,Utility Enemy 7,Utility,ChaseAction,WallDisappear,1.00,24.3,0
63.88,Utility Enemy 13,Utility,ChaseAction,WallDisappear,1.00,60.0,0
63.88,Utility Enemy 3,Utility,ChaseAction,WallDisappear,1.00,34.3,0
63.88,Utility Enemy 14,Utility,ChaseAction,WallDisappear,1.00,29.8,0
63.88,Utility Enemy 15,Utility,ChaseAction,WallDisappear,1.00,52.2,0
63.88,Utility Enemy 1,Utility,ChaseAction,WallDisappear,1.00,51.4,0
63.88,Utility Enemy 12,Utility,ChaseAction,WallDisappear,1.00,19.1,0
63.88,Utility Enemy 11,Utility,Dead,WallDisappear,0.00,36.4,0
63.88,Utility Enemy 5,Utility,ChaseAction,WallDisappear,1.00,50.6,0
63.88,Utility Enemy 6,Utility,ChaseAction,WallDisappear,1.00,51.8,0
63.88,Utility Enemy 4,Utility,ChaseAction,WallDisappear,1.00,30.1,0
64.38,Player,Player,-,WallDisappear,0.63,,0
64.38,FSM Enemy 14,FSM,ChaseState,WallDisappear,0.90,57.3,0
64.38,FSM Enemy 15,FSM,Dead,WallDisappear,0.00,25.7,0
64.38,FSM Enemy 2,FSM,ChaseState,WallDisappear,1.00,79.8,0
64.38,FSM Enemy 10,FSM,ChaseState,WallDisappear,1.00,47.8,0
64.38,FSM Enemy 1,FSM,ChaseState,WallDisappear,1.00,73.4,0
64.38,FSM Enemy 12,FSM,ChaseState,WallDisappear,0.45,27.4,0
64.38,FSM Enemy 9,FSM,ChaseState,WallDisappear,1.00,32.1,0
64.38,FSM Enemy 4,FSM,ChaseState,WallDisappear,0.70,30.7,0
64.38,FSM Enemy 7,FSM,ChaseState,WallDisappear,1.00,64.8,0
64.38,FSM Enemy 6,FSM,ChaseState,WallDisappear,0.15,20.9,0
64.38,FSM Enemy 13,FSM,PatrolState,WallDisappear,1.00,71.2,0
64.38,FSM Enemy 3,FSM,ChaseState,WallDisappear,0.40,59.6,0
64.38,FSM Enemy 5,FSM,ChaseState,WallDisappear,0.90,57.6,0
64.38,FSM Enemy 11,FSM,Dead,WallDisappear,0.00,30.2,0
64.38,FSM Enemy 8,FSM,ChaseState,WallDisappear,0.90,34.8,0
64.38,Utility Enemy 8,Utility,ChaseAction,WallDisappear,1.00,48.5,0
64.38,Utility Enemy 9,Utility,ChaseAction,WallDisappear,1.00,24.2,0
64.38,Utility Enemy 10,Utility,ChaseAction,WallDisappear,1.00,18.3,0
64.38,Utility Enemy 2,Utility,ChaseAction,WallDisappear,1.00,48.6,0
64.38,Utility Enemy 7,Utility,ChaseAction,WallDisappear,1.00,20.1,0
64.38,Utility Enemy 13,Utility,ChaseAction,WallDisappear,1.00,55.6,0
64.38,Utility Enemy 3,Utility,ChaseAction,WallDisappear,1.00,30.9,0
64.38,Utility Enemy 14,Utility,ChaseAction,WallDisappear,1.00,27.7,0
64.38,Utility Enemy 15,Utility,ChaseAction,WallDisappear,1.00,50.7,0
64.38,Utility Enemy 1,Utility,ChaseAction,WallDisappear,1.00,49.7,0
64.38,Utility Enemy 12,Utility,ChaseAction,WallDisappear,1.00,18.4,0
64.38,Utility Enemy 11,Utility,Dead,WallDisappear,0.00,38.5,0
64.38,Utility Enemy 5,Utility,ChaseAction,WallDisappear,1.00,48.5,0
64.38,Utility Enemy 6,Utility,ChaseAction,WallDisappear,1.00,48.9,0
64.38,Utility Enemy 4,Utility,ChaseAction,WallDisappear,1.00,32.4,0
64.89,Player,Player,-,WallDisappear,0.63,,0
64.89,FSM Enemy 14,FSM,ChaseState,WallDisappear,0.90,52.5,0
64.89,FSM Enemy 15,FSM,Dead,WallDisappear,0.00,27.0,0
64.89,FSM Enemy 2,FSM,ChaseState,WallDisappear,1.00,75.0,0
64.89,FSM Enemy 10,FSM,ChaseState,WallDisappear,1.00,43.8,0
64.89,FSM Enemy 1,FSM,ChaseState,WallDisappear,1.00,70.5,0
64.89,FSM Enemy 12,FSM,ChaseState,WallDisappear,0.45,23.8,0
64.89,FSM Enemy 9,FSM,ChaseState,WallDisappear,1.00,30.5,0
64.89,FSM Enemy 4,FSM,ChaseState,WallDisappear,0.70,26.7,0
64.89,FSM Enemy 7,FSM,ChaseState,WallDisappear,1.00,61.2,0
64.89,FSM Enemy 6,FSM,ChaseState,WallDisappear,0.15,17.3,1
64.89,FSM Enemy 13,FSM,PatrolState,WallDisappear,1.00,70.4,0
64.89,FSM Enemy 3,FSM,ChaseState,WallDisappear,0.40,55.2,0
64.89,FSM Enemy 5,FSM,ChaseState,WallDisappear,0.90,55.6,0
64.89,FSM Enemy 11,FSM,Dead,WallDisappear,0.00,32.7,0
64.89,FSM Enemy 8,FSM,ChaseState,WallDisappear,0.90,31.9,0
64.89,Utility Enemy 8,Utility,ChaseAction,WallDisappear,1.00,45.3,0
64.89,Utility Enemy 9,Utility,ChaseAction,WallDisappear,1.00,21.6,0
64.89,Utility Enemy 10,Utility,ChaseAction,WallDisappear,0.50,14.3,0
64.89,Utility Enemy 2,Utility,ChaseAction,WallDisappear,1.00,44.5,0
64.89,Utility Enemy 7,Utility,ChaseAction,WallDisappear,1.00,15.4,1
64.89,Utility Enemy 13,Utility,ChaseAction,WallDisappear,1.00,50.3,0
64.89,Utility Enemy 3,Utility,ChaseAction,WallDisappear,1.00,27.2,0
64.89,Utility Enemy 14,Utility,ChaseAction,WallDisappear,1.00,24.8,0
64.89,Utility Enemy 15,Utility,ChaseAction,WallDisappear,1.00,47.2,0
64.89,Utility Enemy 1,Utility,ChaseAction,WallDisappear,1.00,46.1,0
64.89,Utility Enemy 12,Utility,ChaseAction,WallDisappear,1.00,17.2,0
64.89,Utility Enemy 11,Utility,Dead,WallDisappear,0.00,39.0,0
64.89,Utility Enemy 5,Utility,ChaseAction,WallDisappear,1.00,44.6,0
64.89,Utility Enemy 6,Utility,ChaseAction,WallDisappear,1.00,44.4,0
64.89,Utility Enemy 4,Utility,ChaseAction,WallDisappear,1.00,33.2,0
65.39,Player,Player,-,WallDisappear,0.63,,0
65.39,FSM Enemy 14,FSM,ChaseState,WallDisappear,0.90,48.1,0
65.39,FSM Enemy 15,FSM,Dead,WallDisappear,0.00,27.6,0
65.39,FSM Enemy 2,FSM,ChaseState,WallDisappear,1.00,70.8,0
65.39,FSM Enemy 10,FSM,ChaseState,WallDisappear,1.00,40.2,0
65.39,FSM Enemy 1,FSM,ChaseState,WallDisappear,1.00,67.3,0
65.39,FSM Enemy 12,FSM,ChaseState,WallDisappear,0.45,20.9,0
65.39,FSM Enemy 9,FSM,ChaseState,WallDisappear,1.00,28.9,0
65.39,FSM Enemy 4,FSM,ChaseState,WallDisappear,0.70,23.6,0
65.39,FSM Enemy 7,FSM,ChaseState,WallDisappear,1.00,57.6,0
65.39,FSM Enemy 6,FSM,ChaseState,WallDisappear,0.15,14.7,1
65.39,FSM Enemy 13,FSM,PatrolState,WallDisappear,1.00,69.2,0
65.39,FSM Enemy 3,FSM,ChaseState,WallDisappear,0.40,51.0,0
65.39,FSM Enemy 5,FSM,ChaseState,WallDisappear,0.90,53.0,0
65.39,FSM Enemy 11,FSM,Dead,WallDisappear,0.00,34.2,0
65.39,FSM Enemy 8,FSM,ChaseState,WallDisappear,0.90,29.8,0
65.39,Utility Enemy 8,Utility,ChaseAction,WallDisappear,1.00,41.9,0
65.39,Utility Enemy 9,Utility,ChaseAction,WallDisappear,1.00,19.9,0
65.39,Utility Enemy 10,Utility,Dead,WallDisappear,0.00,11.9,0
65.39,Utility Enemy 2,Utility,ChaseAction,WallDisappear,1.00,40.9,0
65.39,Utility Enemy 7,Utility,ChaseAction,WallDisappear,1.00,11.1,1
65.39,Utility Enemy 13,Utility,ChaseAction,WallDisappear,1.00,45.8,0
65.39,Utility Enemy 3,Utility,ChaseAction,WallDisappear,1.00,24.7,0
65.39,Utility Enemy 14,Utility,ChaseAction,WallDisappear,1.00,22.8,0
65.39,Utility Enemy 15,Utility,ChaseAction,WallDisappear,1.00,43.5,0
65.39,Utility Enemy 1,Utility,ChaseAction,WallDisappear,1.00,42.4,0
65.39,Utility Enemy 12,Utility,ChaseAction,WallDisappear,1.00,16.8,0
65.39,Utility Enemy 11,Utility,Dead,WallDisappear,0.00,38.9,0
65.39,Utility Enemy 5,Utility,ChaseAction,WallDisappear,1.00,40.9,0
65.39,Utility Enemy 6,Utility,ChaseAction,WallDisappear,1.00,40.3,0
65.39,Utility Enemy 4,Utility,ChaseAction,WallDisappear,1.00,33.4,0
65.89,Player,Player,-,WallDisappear,0.63,,0
65.89,FSM Enemy 14,FSM,ChaseState,WallDisappear,0.90,46.3,0
65.89,FSM Enemy 15,FSM,Dead,WallDisappear,0.00,29.8,0
65.89,FSM Enemy 2,FSM,ChaseState,WallDisappear,1.00,69.1,0
65.89,FSM Enemy 10,FSM,ChaseState,WallDisappear,1.00,40.0,0
65.89,FSM Enemy 1,FSM,ChaseState,WallDisappear,1.00,67.2,0
65.89,FSM Enemy 12,FSM,ChaseState,WallDisappear,0.45,17.2,1
65.89,FSM Enemy 9,FSM,ChaseState,WallDisappear,1.00,30.6,0
65.89,FSM Enemy 4,FSM,ChaseState,WallDisappear,0.70,23.0,0
65.89,FSM Enemy 7,FSM,ChaseState,WallDisappear,1.00,57.2,0
65.89,FSM Enemy 6,FSM,ChaseState,WallDisappear,0.15,10.6,1
65.89,FSM Enemy 13,FSM,PatrolState,WallDisappear,1.00,71.1,0
65.89,FSM Enemy 3,FSM,ChaseState,WallDisappear,0.40,50.0,0
65.89,FSM Enemy 5,FSM,ChaseState,WallDisappear,0.90,53.3,0
65.89,FSM Enemy 11,FSM,Dead,WallDisappear,0.00,36.0,0
65.89,FSM Enemy 8,FSM,ChaseState,WallDisappear,0.90,31.5,0
65.89,Utility Enemy 8,Utility,ChaseAction,WallDisappear,1.00,41.7,0
65.89,Utility Enemy 9,Utility,ChaseAction,WallDisappear,1.00,21.8,0
65.89,Utility Enemy 10,Utility,Dead,WallDisappear,0.00,11.4,0
65.89,Utility Enemy 2,Utility,ChaseAction,WallDisappear,1.00,40.6,0
65.89,Utility Enemy 7,Utility,ChaseAction,WallDisappear,1.00,7.8,1
65.89,Utility Enemy 13,Utility,ChaseAction,WallDisappear,1.00,43.9,0
65.89,Utility Enemy 3,Utility,ChaseAction,WallDisappear,1.00,25.7,0
65.89,Utility Enemy 14,Utility,ChaseAction,WallDisappear,1.00,24.5,0
65.89,Utility Enemy 15,Utility,ChaseAction,WallDisappear,1.00,43.1,0
65.89,Utility Enemy 1,Utility,ChaseAction,WallDisappear,1.00,42.0,0
65.89,Utility Enemy 12,Utility,ChaseAction,WallDisappear,1.00,20.0,0
65.89,Utility Enemy 11,Utility,Dead,WallDisappear,0.00,41.2,0
65.89,Utility Enemy 5,Utility,ChaseAction,WallDisappear,1.00,40.6,0
65.89,Utility Enemy 6,Utility,ChaseAction,WallDisappear,1.00,39.3,0
65.89,Utility Enemy 4,Utility,ChaseAction,WallDisappear,1.00,35.7,0
66.39,Player,Player,-,WallDisappear,0.63,,0
66.39,FSM Enemy 14,FSM,ChaseState,WallDisappear,0.90,46.0,0
66.39,FSM Enemy 15,FSM,Dead,WallDisappear,0.00,30.1,0
66.39,FSM Enemy 2,FSM,ChaseState,WallDisappear,1.00,68.9,0
66.39,FSM Enemy 10,FSM,ChaseState,WallDisappear,1.00,40.4,0
66.39,FSM Enemy 1,FSM,ChaseState,WallDisappear,1.00,66.3,0
66.39,FSM Enemy 12,FSM,ChaseState,WallDisappear,0.45,15.8,0
66.39,FSM Enemy 9,FSM,ChaseState,WallDisappear,1.00,32.2,0
66.39,FSM Enemy 4,FSM,ChaseState,WallDisappear,0.70,24.5,0
66.39,FSM Enemy 7,FSM,ChaseState,WallDisappear,1.00,57.4,0
66.39,FSM Enemy 6,FSM,ChaseState,WallDisappear,0.15,9.5,1
66.39,FSM Enemy 13,FSM,PatrolState,WallDisappear,1.00,71.7,0
66.39,FSM Enemy 3,FSM,ChaseState,WallDisappear,0.40,49.5,0
66.39,FSM Enemy 5,FSM,ChaseState,WallDisappear,0.90,52.5,0
66.39,FSM Enemy 11,FSM,Dead,WallDisappear,0.00,35.5,0
66.39,FSM Enemy 8,FSM,ChaseState,WallDisappear,0.90,33.1,0
66.39,Utility Enemy 8,Utility,ChaseAction,WallDisappear,1.00,40.9,0
66.39,Utility Enemy 9,Utility,ChaseAction,WallDisappear,1.00,24.6,0
66.39,Utility Enemy 10,Utility,Dead,WallDisappear,0.00,13.0,0
66.39,Utility Enemy 2,Utility,ChaseAction,WallDisappear,1.00,40.8,0
66.39,Utility Enemy 7,Utility,ChaseAction,WallDisappear,1.00,7.0,1
66.39,Utility Enemy 13,Utility,ChaseAction,WallDisappear,1.00,44.0,0
66.39,Utility Enemy 3,Utility,ChaseAction,WallDisappear,1.00,27.6,0
66.39,Utility Enemy 14,Utility,ChaseAction,WallDisappear,1.00,26.9,0
66.39,Utility Enemy 15,Utility,ChaseAction,WallDisappear,1.00,42.6,0
66.39,Utility Enemy 1,Utility,ChaseAction,WallDisappear,1.00,41.2,0
66.39,Utility Enemy 12,Utility,ChaseAction,WallDisappear,1.00,23.6,0
66.39,Utility Enemy 11,Utility,Dead,WallDisappear,0.00,42.0,0
66.39,Utility Enemy 5,Utility,ChaseAction,WallDisappear,1.00,40.5,0
66.39,Utility Enemy 6,Utility,ChaseAction,WallDisappear,1.00,39.0,0
66.39,Utility Enemy 4,Utility,ChaseAction,WallDisappear,1.00,36.2,0
66.90,Player,Player,-,WallDisappear,0.63,,0
66.90,FSM Enemy 14,FSM,ChaseState,WallDisappear,0.90,44.2,0
66.90,FSM Enemy 15,FSM,Dead,WallDisappear,0.00,28.7,0
66.90,FSM Enemy 2,FSM,ChaseState,WallDisappear,1.00,67.3,0
66.90,FSM Enemy 10,FSM,ChaseState,WallDisappear,1.00,38.7,0
66.90,FSM Enemy 1,FSM,ChaseState,WallDisappear,1.00,63.1,0
66.90,FSM Enemy 12,FSM,ChaseState,WallDisappear,0.45,14.9,1
66.90,FSM Enemy 9,FSM,ChaseState,WallDisappear,1.00,31.5,0
66.90,FSM Enemy 4,FSM,ChaseState,WallDisappear,0.70,24.6,0
66.90,FSM Enemy 7,FSM,ChaseState,WallDisappear,1.00,55.7,0
66.90,FSM Enemy 6,FSM,ChaseState,WallDisappear,0.15,9.2,1
66.90,FSM Enemy 13,FSM,PatrolState,WallDisappear,1.00,70.2,0
66.90,FSM Enemy 3,FSM,ChaseState,WallDisappear,0.40,47.0,0
66.90,FSM Enemy 5,FSM,ChaseState,WallDisappear,0.90,49.5,0
66.90,FSM Enemy 11,FSM,Dead,WallDisappear,0.00,34.2,0
66.90,FSM Enemy 8,FSM,ChaseState,WallDisappear,0.90,32.4,0
66.90,Utility Enemy 8,Utility,ChaseAction,WallDisappear,1.00,37.9,0
66.90,Utility Enemy 9,Utility,ChaseAction,WallDisappear,1.00,25.3,0
66.90,Utility Enemy 10,Utility,Dead,WallDisappear,0.00,13.6,0
66.90,Utility Enemy 2,Utility,ChaseAction,WallDisappear,1.00,38.9,0
66.90,Utility Enemy 7,Utility,Dead,WallDisappear,0.00,6.2,1
66.90,Utility Enemy 13,Utility,ChaseAction,WallDisappear,1.00,43.0,0
66.90,Utility Enemy 3,Utility,ChaseAction,WallDisappear,1.00,27.6,0
66.90,Utility Enemy 14,Utility,ChaseAction,WallDisappear,1.00,27.2,0
66.90,Utility Enemy 15,Utility,ChaseAction,WallDisappear,1.00,39.8,0
66.90,Utility Enemy 1,Utility,ChaseAction,WallDisappear,1.00,38.6,0
66.90,Utility Enemy 12,Utility,ChaseAction,WallDisappear,1.00,24.8,0
66.90,Utility Enemy 11,Utility,Dead,WallDisappear,0.00,40.7,0
66.90,Utility Enemy 5,Utility,ChaseAction,WallDisappear,1.00,38.3,0
66.90,Utility Enemy 6,Utility,ChaseAction,WallDisappear,1.00,36.7,0
66.90,Utility Enemy 4,Utility,ChaseAction,WallDisappear,1.00,34.9,0
67.40,Player,Player,-,None,0.57,,0
67.40,FSM Enemy 14,FSM,PatrolState,None,0.90,42.4,0
67.40,FSM Enemy 15,FSM,Dead,None,0.00,28.2,0
67.40,FSM Enemy 2,FSM,PatrolState,None,1.00,66.1,0
67.40,FSM Enemy 10,FSM,PatrolState,None,1.00,37.8,0
67.40,FSM Enemy 1,FSM,PatrolState,None,1.00,60.7,0
67.40,FSM Enemy 12,FSM,ChaseState,None,0.45,13.2,0
67.40,FSM Enemy 9,FSM,PatrolState,None,1.00,31.0,0
67.40,FSM Enemy 4,FSM,PatrolState,None,0.70,24.6,0
67.40,FSM Enemy 7,FSM,PatrolState,None,1.00,54.5,0
67.40,FSM Enemy 6,FSM,TakeCoverState,None,0.15,8.3,0
67.40,FSM Enemy 13,FSM,PatrolState,None,1.00,69.3,0
67.40,FSM Enemy 3,FSM,PatrolState,None,0.40,45.4,0
67.40,FSM Enemy 5,FSM,PatrolState,None,0.90,48.0,0
67.40,FSM Enemy 11,FSM,Dead,None,0.00,33.7,0
67.40,FSM Enemy 8,FSM,PatrolState,None,0.90,32.1,0
67.40,Utility Enemy 8,Utility,AttackAction,None,1.00,35.5,0
67.40,Utility Enemy 9,Utility,AttackAction,None,1.00,26.0,0
67.40,Utility Enemy 10,Utility,Dead,None,0.00,13.7,0
67.40,Utility Enemy 2,Utility,AttackAction,None,1.00,37.3,0
67.40,Utility Enemy 7,Utility,Dead,None,0.00,6.4,1
67.40,Utility Enemy 13,Utility,AttackAction,None,1.00,41.6,0
67.40,Utility Enemy 3,Utility,AttackAction,None,1.00,27.7,0
67.40,Utility Enemy 14,Utility,AttackAction,None,1.00,27.7,0
67.40,Utility Enemy 15,Utility,AttackAction,None,1.00,37.9,0
67.40,Utility Enemy 1,Utility,AttackAction,None,1.00,36.6,0
67.40,Utility Enemy 12,Utility,AttackAction,None,1.00,26.0,0
67.40,Utility Enemy 11,Utility,Dead,None,0.00,40.1,0
67.40,Utility Enemy 5,Utility,AttackAction,None,1.00,36.7,0
67.40,Utility Enemy 6,Utility,AttackAction,None,1.00,34.6,0
67.40,Utility Enemy 4,Utility,AttackAction,None,1.00,34.4,0
67.90,Player,Player,-,None,0.57,,0
67.90,FSM Enemy 14,FSM,PatrolState,None,0.90,42.3,0
67.90,FSM Enemy 15,FSM,Dead,None,0.00,28.1,0
67.90,FSM Enemy 2,FSM,PatrolState,None,1.00,67.1,0
67.90,FSM Enemy 10,FSM,PatrolState,None,1.00,38.0,0
67.90,FSM Enemy 1,FSM,PatrolState,None,1.00,61.0,0
67.90,FSM Enemy 12,FSM,ChaseState,None,0.45,11.4,0
67.90,FSM Enemy 9,FSM,PatrolState,None,1.00,29.9,0
67.90,FSM Enemy 4,FSM,PatrolState,None,0.70,24.7,0
67.90,FSM Enemy 7,FSM,PatrolState,None,1.00,53.7,0
67.90,FSM Enemy 6,FSM,TakeCoverState,None,0.15,8.6,0
67.90,FSM Enemy 13,FSM,PatrolState,None,1.00,68.7,0
67.90,FSM Enemy 3,FSM,PatrolState,None,0.40,46.5,0
67.90,FSM Enemy 5,FSM,PatrolState,None,0.90,49.2,0
67.90,FSM Enemy 11,FSM,Dead,None,0.00,33.7,0
67.90,FSM Enemy 8,FSM,PatrolState,None,0.90,32.4,0
67.90,Utility Enemy 8,Utility,AttackAction,None,1.00,34.9,0
67.90,Utility Enemy 9,Utility,AttackAction,None,1.00,26.1,0
67.90,Utility Enemy 10,Utility,Dead,None,0.00,13.7,0
67.90,Utility Enemy 2,Utility,AttackAction,None,1.00,37.0,0
67.90,Utility Enemy 7,Utility,Dead,None,0.00,6.4,1
67.90,Utility Enemy 13,Utility,AttackAction,None,1.00,41.1,0
67.90,Utility Enemy 3,Utility,AttackAction,None,1.00,27.7,0
67.90,Utility Enemy 14,Utility,AttackAction,None,1.00,27.9,0
67.90,Utility Enemy 15,Utility,AttackAction,None,1.00,37.6,0
67.90,Utility Enemy 1,Utility,AttackAction,None,1.00,36.3,0
67.90,Utility Enemy 12,Utility,AttackAction,None,1.00,26.2,0
67.90,Utility Enemy 11,Utility,Dead,None,0.00,40.1,0
67.90,Utility Enemy 5,Utility,AttackAction,None,1.00,36.5,0
67.90,Utility Enemy 6,Utility,AttackAction,None,1.00,34.3,0
67.90,Utility Enemy 4,Utility,AttackAction,None,1.00,34.3,0
68.40,Player,Player,-,None,0.57,,0
68.40,FSM Enemy 14,FSM,PatrolState,None,0.90,43.6,0
68.40,FSM Enemy 15,FSM,Dead,None,0.00,29.7,0
68.40,FSM Enemy 2,FSM,PatrolState,None,1.00,68.9,0
68.40,FSM Enemy 10,FSM,PatrolState,None,1.00,39.6,0
68.40,FSM Enemy 1,FSM,PatrolState,None,1.00,63.8,0
68.40,FSM Enemy 12,FSM,ChaseState,None,0.45,9.8,0
68.40,FSM Enemy 9,FSM,PatrolState,None,1.00,30.3,0
68.40,FSM Enemy 4,FSM,PatrolState,None,0.70,25.6,0
68.40,FSM Enemy 7,FSM,PatrolState,None,1.00,54.3,0
68.40,FSM Enemy 6,FSM,TakeCoverState,None,0.15,9.8,0
68.40,FSM Enemy 13,FSM,PatrolState,None,1.00,69.5,0
68.40,FSM Enemy 3,FSM,PatrolState,None,0.40,49.0,0
68.40,FSM Enemy 5,FSM,PatrolState,None,0.90,52.0,0
68.40,FSM Enemy 11,FSM,Dead,None,0.00,34.7,0
68.40,FSM Enemy 8,FSM,PatrolState,None,0.80,34.6,0
68.40,Utility Enemy 8,Utility,AttackAction,None,1.00,36.5,0
68.40,Utility Enemy 9,Utility,AttackAction,None,1.00,27.6,0
68.40,Utility Enemy 10,Utility,Dead,None,0.00,14.1,0
68.40,Utility Enemy 2,Utility,AttackAction,None,1.00,38.5,0
68.40,Utility Enemy 7,Utility,Dead,None,0.00,6.5,1
68.40,Utility Enemy 13,Utility,AttackAction,None,1.00,41.8,0
68.40,Utility Enemy 3,Utility,AttackAction,None,1.00,29.1,0
68.40,Utility Enemy 14,Utility,AttackAction,None,1.00,29.4,0
68.40,Utility Enemy 15,Utility,AttackAction,None,1.00,39.2,0
68.40,Utility Enemy 1,Utility,AttackAction,None,1.00,37.8,0
68.40,Utility Enemy 12,Utility,AttackAction,None,1.00,27.7,0
68.40,Utility Enemy 11,Utility,Dead,None,0.00,41.8,0
68.40,Utility Enemy 5,Utility,AttackAction,None,1.00,38.0,0
68.40,Utility Enemy 6,Utility,AttackAction,None,1.00,35.6,0
68.40,Utility Enemy 4,Utility,AttackAction,None,1.00,36.0,0
68.91,Player,Player,-,None,0.52,,0
68.91,FSM Enemy 14,FSM,PatrolState,None,0.90,43.9,0
68.91,FSM Enemy 15,FSM,Dead,None,0.00,32.7,0
68.91,FSM Enemy 2,FSM,PatrolState,None,1.00,69.6,0
68.91,FSM Enemy 10,FSM,PatrolState,None,1.00,40.9,0
68.91,FSM Enemy 1,FSM,PatrolState,None,1.00,67.1,0
68.91,FSM Enemy 12,FSM,ChaseState,None,0.45,7.1,0
68.91,FSM Enemy 9,FSM,PatrolState,None,1.00,31.3,0
68.91,FSM Enemy 4,FSM,PatrolState,None,0.70,25.7,0
68.91,FSM Enemy 7,FSM,PatrolState,None,1.00,54.6,0
68.91,FSM Enemy 6,FSM,TakeCoverState,None,0.15,9.5,0
68.91,FSM Enemy 13,FSM,PatrolState,None,1.00,71.3,0
68.91,FSM Enemy 3,FSM,PatrolState,None,0.40,51.1,0
68.91,FSM Enemy 5,FSM,PatrolState,None,0.90,55.6,0
68.91,FSM Enemy 11,FSM,Dead,None,0.00,37.6,0
68.91,FSM Enemy 8,FSM,PatrolState,None,0.70,37.2,0
68.91,Utility Enemy 8,Utility,AttackAction,None,1.00,38.4,0
68.91,Utility Enemy 9,Utility,AttackAction,None,1.00,29.1,0
68.91,Utility Enemy 10,Utility,Dead,None,0.00,13.5,0
68.91,Utility Enemy 2,Utility,AttackAction,None,1.00,39.9,0
68.91,Utility Enemy 7,Utility,Dead,None,0.00,6.1,0
68.91,Utility Enemy 13,Utility,AttackAction,None,1.00,41.3,0
68.91,Utility Enemy 3,Utility,AttackAction,None,1.00,30.6,0
68.91,Utility Enemy 14,Utility,AttackAction,None,1.00,30.9,0
68.91,Utility Enemy 15,Utility,AttackAction,None,1.00,40.9,0
68.91,Utility Enemy 1,Utility,AttackAction,None,1.00,39.7,0
68.91,Utility Enemy 12,Utility,AttackAction,None,1.00,29.3,0
68.91,Utility Enemy 11,Utility,Dead,None,0.00,44.6,0
68.91,Utility Enemy 5,Utility,AttackAction,None,1.00,39.8,0
68.91,Utility Enemy 6,Utility,AttackAction,None,1.00,36.6,0
68.91,Utility Enemy 4,Utility,AttackAction,None,1.00,38.9,0
69.41,Player,Player,-,None,0.52,,0
69.41,FSM Enemy 14,FSM,PatrolState,None,0.90,42.3,0
69.41,FSM Enemy 15,FSM,Dead,None,0.00,34.9,0
69.41,FSM Enemy 2,FSM,PatrolState,None,1.00,68.5,0
69.41,FSM Enemy 10,FSM,PatrolState,None,1.00,40.2,0
69.41,FSM Enemy 1,FSM,PatrolState,None,1.00,68.5,0
69.41,FSM Enemy 12,FSM,ChaseState,None,0.45,5.0,0
69.41,FSM Enemy 9,FSM,PatrolState,None,1.00,30.9,0
69.41,FSM Enemy 4,FSM,PatrolState,None,0.70,24.0,0
69.41,FSM Enemy 7,FSM,PatrolState,None,1.00,53.3,0
69.41,FSM Enemy 6,FSM,TakeCoverState,None,0.15,8.1,0
69.41,FSM Enemy 13,FSM,PatrolState,None,1.00,71.7,0
69.41,FSM Enemy 3,FSM,PatrolState,None,0.40,51.4,0
69.41,FSM Enemy 5,FSM,PatrolState,None,0.90,57.7,0
69.41,FSM Enemy 11,FSM,Dead,None,0.00,40.5,0
69.41,FSM Enemy 8,FSM,PatrolState,None,0.70,37.7,0
69.41,Utility Enemy 8,Utility,AttackAction,None,1.00,38.5,0
69.41,Utility Enemy 9,Utility,AttackAction,None,1.00,28.8,0
69.41,Utility Enemy 10,Utility,Dead,None,0.00,11.6,0
69.41,Utility Enemy 2,Utility,AttackAction,None,1.00,39.5,0
69.41,Utility Enemy 7,Utility,Dead,None,0.00,5.1,0
69.41,Utility Enemy 13,Utility,AttackAction,None,1.00,39.2,0
69.41,Utility Enemy 3,Utility,AttackAction,None,1.00,30.2,0
69.41,Utility Enemy 14,Utility,AttackAction,None,1.00,30.8,0
69.41,Utility Enemy 15,Utility,AttackAction,None,1.00,40.9,0
69.41,Utility Enemy 1,Utility,AttackAction,None,1.00,39.8,0
69.41,Utility Enemy 12,Utility,AttackAction,None,1.00,29.3,0
69.41,Utility Enemy 11,Utility,Dead,None,0.00,46.2,0
69.41,Utility Enemy 5,Utility,AttackAction,None,1.00,39.8,0
69.41,Utility Enemy 6,Utility,AttackAction,None,1.00,35.8,0
69.41,Utility Enemy 4,Utility,AttackAction,None,1.00,40.8,0
69.91,Player,Player,-,None,0.52,,0
69.91,FSM Enemy 14,FSM,PatrolState,None,0.90,41.4,0
69.91,FSM Enemy 15,FSM,Dead,None,0.00,36.6,0
69.91,FSM Enemy 2,FSM,PatrolState,None,1.00,68.1,0
69.91,FSM Enemy 10,FSM,PatrolState,None,1.00,39.8,0
69.91,FSM Enemy 1,FSM,PatrolState,None,1.00,70.0,0
69.91,FSM Enemy 12,FSM,ChaseState,None,0.45,6.7,0
69.91,FSM Enemy 9,FSM,PatrolState,None,1.00,30.8,0
69.91,FSM Enemy 4,FSM,PatrolState,None,0.70,22.7,0
69.91,FSM Enemy 7,FSM,PatrolState,None,1.00,52.4,0
69.91,FSM Enemy 6,FSM,TakeCoverState,None,0.05,7.6,0
69.91,FSM Enemy 13,FSM,PatrolState,None,1.00,71.9,0
69.91,FSM Enemy 3,FSM,PatrolState,None,0.40,52.1,0
69.91,FSM Enemy 5,FSM,PatrolState,None,0.90,59.7,0
69.91,FSM Enemy 11,FSM,Dead,None,0.00,42.5,0
69.91,FSM Enemy 8,FSM,PatrolState,None,0.70,38.2,0
69.91,Utility Enemy 8,Utility,AttackAction,None,1.00,38.8,0
69.91,Utility Enemy 9,Utility,AttackAction,None,1.00,28.9,0
69.91,Utility Enemy 10,Utility,Dead,None,0.00,10.6,0
69.91,Utility Enemy 2,Utility,AttackAction,None,1.00,39.4,0
69.91,Utility Enemy 7,Utility,Dead,None,0.00,5.5,0
69.91,Utility Enemy 13,Utility,AttackAction,None,1.00,37.8,0
69.91,Utility Enemy 3,Utility,AttackAction,None,1.00,30.2,0
69.91,Utility Enemy 14,Utility,AttackAction,None,1.00,30.9,0
69.91,Utility Enemy 15,Utility,AttackAction,None,1.00,41.1,0
69.91,Utility Enemy 1,Utility,AttackAction,None,1.00,40.0,0
69.91,Utility Enemy 12,Utility,AttackAction,None,1.00,29.5,0
69.91,Utility Enemy 11,Utility,AttackAction,None,1.00,22.0,0
69.91,Utility Enemy 5,Utility,AttackAction,None,1.00,40.0,0
69.91,Utility Enemy 6,Utility,AttackAction,None,1.00,35.5,0
69.91,Utility Enemy 4,Utility,AttackAction,None,1.00,42.2,0
70.41,Player,Player,-,None,0.47,,0
70.41,FSM Enemy 14,FSM,PatrolState,None,0.90,41.6,0
70.41,FSM Enemy 15,FSM,Dead,None,0.00,39.3,0
70.41,FSM Enemy 2,FSM,PatrolState,None,1.00,68.7,0
70.41,FSM Enemy 10,FSM,PatrolState,None,1.00,40.9,0
70.41,FSM Enemy 1,FSM,PatrolState,None,1.00,72.9,0
70.41,FSM Enemy 12,FSM,ChaseState,None,0.45,11.0,0
70.41,FSM Enemy 9,FSM,PatrolState,None,1.00,32.4,0
70.41,FSM Enemy 4,FSM,PatrolState,None,0.70,23.0,0
70.41,FSM Enemy 7,FSM,PatrolState,None,1.00,53.2,0
70.41,FSM Enemy 6,FSM,TakeCoverState,None,0.05,6.4,0
70.41,FSM Enemy 13,FSM,PatrolState,None,1.00,73.6,0
70.41,FSM Enemy 3,FSM,PatrolState,None,0.40,54.3,0
70.41,FSM Enemy 5,FSM,PatrolState,None,0.90,63.1,0
70.41,FSM Enemy 11,FSM,Dead,None,0.00,45.2,0
70.41,FSM Enemy 8,FSM,PatrolState,None,0.70,40.3,0
70.41,Utility Enemy 8,Utility,AttackAction,None,1.00,40.7,0
70.41,Utility Enemy 9,Utility,AttackAction,None,1.00,30.7,0
70.41,Utility Enemy 10,Utility,Dead,None,0.00,11.7,0
70.41,Utility Enemy 2,Utility,AttackAction,None,1.00,41.0,0
70.41,Utility Enemy 7,Utility,Dead,None,0.00,8.3,0
70.41,Utility Enemy 13,Utility,AttackAction,None,1.00,37.7,0
70.41,Utility Enemy 3,Utility,AttackAction,None,1.00,32.0,0
70.41,Utility Enemy 14,Utility,AttackAction,None,1.00,32.7,0
70.41,Utility Enemy 15,Utility,AttackAction,None,1.00,42.9,0
70.41,Utility Enemy 1,Utility,AttackAction,None,1.00,41.9,0
70.41,Utility Enemy 12,Utility,AttackAction,None,1.00,31.4,0
70.41,Utility Enemy 11,Utility,AttackAction,None,1.00,20.1,0
70.41,Utility Enemy 5,Utility,AttackAction,None,1.00,41.8,0
70.41,Utility Enemy 6,Utility,AttackAction,None,1.00,36.8,0
70.41,Utility Enemy 4,Utility,AttackAction,None,1.00,44.9,0
70.91,Player,Player,-,None,0.47,,0
70.91,FSM Enemy 14,FSM,PatrolState,None,0.90,42.0,0
70.91,FSM Enemy 15,FSM,Dead,None,0.00,41.2,0
70.91,FSM Enemy 2,FSM,PatrolState,None,1.00,69.6,0
70.91,FSM Enemy 10,FSM,PatrolState,None,1.00,41.8,0
70.91,FSM Enemy 1,FSM,PatrolState,None,1.00,75.3,0
70.91,FSM Enemy 12,FSM,ChaseState,None,0.45,13.4,0
70.91,FSM Enemy 9,FSM,PatrolState,None,1.00,33.5,0
70.91,FSM Enemy 4,FSM,PatrolState,None,0.70,23.2,0
70.91,FSM Enemy 7,FSM,PatrolState,None,1.00,53.8,0
70.91,FSM Enemy 6,FSM,TakeCoverState,None,0.05,6.3,0
70.91,FSM Enemy 13,FSM,PatrolState,None,1.00,74.6,0
70.91,FSM Enemy 3,FSM,PatrolState,None,0.40,56.3,0
70.91,FSM Enemy 5,FSM,PatrolState,None,0.90,66.0,0
70.91,FSM Enemy 11,FSM,Dead,None,0.00,47.1,0
70.91,FSM Enemy 8,FSM,PatrolState,None,0.70,41.2,0
70.91,Utility Enemy 8,Utility,AttackAction,None,1.00,42.1,0
70.91,Utility Enemy 9,Utility,AttackAction,None,1.00,32.0,0
70.91,Utility Enemy 10,Utility,Dead,None,0.00,12.9,0
70.91,Utility Enemy 2,Utility,AttackAction,None,1.00,42.2,0
70.91,Utility Enemy 7,Utility,Dead,None,0.00,10.3,0
70.91,Utility Enemy 13,Utility,AttackAction,None,1.00,37.8,0
70.91,Utility Enemy 3,Utility,AttackAction,None,1.00,33.3,0
70.91,Utility Enemy 14,Utility,AttackAction,None,1.00,34.1,0
70.91,Utility Enemy 15,Utility,AttackAction,None,1.00,44.3,0
70.91,Utility Enemy 1,Utility,AttackAction,None,1.00,43.4,0
70.91,Utility Enemy 12,Utility,AttackAction,None,1.00,32.8,0
70.91,Utility Enemy 11,Utility,ReorientAction,None,1.00,19.3,0
70.91,Utility Enemy 5,Utility,AttackAction,None,1.00,43.2,0
70.91,Utility Enemy 6,Utility,AttackAction,None,1.00,37.8,0
70.91,Utility Enemy 4,Utility,AttackAction,None,1.00,46.8,0
71.41,Player,Player,-,None,0.47,,0
71.41,FSM Enemy 14,FSM,PatrolState,None,0.90,42.2,0
71.41,FSM Enemy 15,FSM,Dead,None,0.00,41.5,0
71.41,FSM Enemy 2,FSM,PatrolState,None,1.00,70.3,0
71.41,FSM Enemy 10,FSM,PatrolState,None,1.00,41.8,0
71.41,FSM Enemy 1,FSM,PatrolState,None,1.00,76.5,0
71.41,FSM Enemy 12,FSM,PatrolState,None,0.45,13.4,0
71.41,FSM Enemy 9,FSM,PatrolState,None,1.00,33.1,0
71.41,FSM Enemy 4,FSM,PatrolState,None,0.70,22.8,0
71.41,FSM Enemy 7,FSM,PatrolState,None,1.00,53.5,0
71.41,FSM Enemy 6,FSM,PatrolState,None,0.05,5.8,0
71.41,FSM Enemy 13,FSM,PatrolState,None,1.00,74.1,0
71.41,FSM Enemy 3,FSM,PatrolState,None,0.40,57.5,0
71.41,FSM Enemy 5,FSM,PatrolState,None,0.90,67.4,0
71.41,FSM Enemy 11,FSM,Dead,None,0.00,47.4,0
71.41,FSM Enemy 8,FSM,PatrolState,None,0.60,41.1,0
71.41,Utility Enemy 8,Utility,AttackAction,None,1.00,42.3,0
71.41,Utility Enemy 9,Utility,AttackAction,None,1.00,32.1,0
71.41,Utility Enemy 10,Utility,Dead,None,0.00,12.9,0
71.41,Utility Enemy 2,Utility,AttackAction,None,1.00,42.3,0
71.41,Utility Enemy 7,Utility,Dead,None,0.00,10.5,0
71.41,Utility Enemy 13,Utility,AttackAction,None,1.00,37.7,0
71.41,Utility Enemy 3,Utility,AttackAction,None,1.00,33.4,0
71.41,Utility Enemy 14,Utility,AttackAction,None,1.00,34.2,0
71.41,Utility Enemy 15,Utility,AttackAction,None,1.00,44.4,0
71.41,Utility Enemy 1,Utility,AttackAction,None,1.00,43.5,0
71.41,Utility Enemy 12,Utility,AttackAction,None,1.00,32.9,0
71.41,Utility Enemy 11,Utility,ChaseAction,None,1.00,18.5,0
71.41,Utility Enemy 5,Utility,AttackAction,None,1.00,43.3,0
71.41,Utility Enemy 6,Utility,AttackAction,None,1.00,37.9,0
71.41,Utility Enemy 4,Utility,AttackAction,None,1.00,47.0,0
71.92,Player,Player,-,None,0.47,,0
71.92,FSM Enemy 14,FSM,PatrolState,None,0.90,42.1,0
71.92,FSM Enemy 15,FSM,Dead,None,0.00,43.0,0
71.92,FSM Enemy 2,FSM,PatrolState,None,1.00,70.7,0
71.92,FSM Enemy 10,FSM,PatrolState,None,1.00,42.0,0
71.92,FSM Enemy 1,FSM,PatrolState,None,1.00,78.2,0
71.92,FSM Enemy 12,FSM,AttackState,None,0.45,14.5,1
71.92,FSM Enemy 9,FSM,PatrolState,None,1.00,33.5,0
71.92,FSM Enemy 4,FSM,PatrolState,None,0.70,22.5,0
71.92,FSM Enemy 7,FSM,PatrolState,None,1.00,53.3,0
71.92,FSM Enemy 6,FSM,PatrolState,None,0.05,6.1,0
71.92,FSM Enemy 13,FSM,PatrolState,None,1.00,74.6,0
71.92,FSM Enemy 3,FSM,PatrolState,None,0.40,58.9,0
71.92,FSM Enemy 5,FSM,PatrolState,None,0.90,69.5,0
71.92,FSM Enemy 11,FSM,Dead,None,0.00,49.0,0
71.92,FSM Enemy 8,FSM,PatrolState,None,0.60,41.6,0
71.92,Utility Enemy 8,Utility,AttackAction,None,1.00,43.0,0
71.92,Utility Enemy 9,Utility,AttackAction,None,1.00,32.9,0
71.92,Utility Enemy 10,Utility,Dead,None,0.00,13.8,0
71.92,Utility Enemy 2,Utility,AttackAction,None,1.00,42.9,0
71.92,Utility Enemy 7,Utility,Dead,None,0.00,12.2,0
71.92,Utility Enemy 13,Utility,AttackAction,None,1.00,37.4,0
71.92,Utility Enemy 3,Utility,AttackAction,None,1.00,34.1,0
71.92,Utility Enemy 14,Utility,AttackAction,None,1.00,35.0,0
71.92,Utility Enemy 15,Utility,AttackAction,None,1.00,45.1,0
71.92,Utility Enemy 1,Utility,AttackAction,None,1.00,44.2,0
71.92,Utility Enemy 12,Utility,AttackAction,None,1.00,33.8,0
71.92,Utility Enemy 11,Utility,ChaseAction,None,1.00,15.8,0
71.92,Utility Enemy 5,Utility,AttackAction,None,1.00,44.1,0
71.92,Utility Enemy 6,Utility,AttackAction,None,1.00,38.3,0
71.92,Utility Enemy 4,Utility,AttackAction,None,1.00,48.4,0
72.42,Player,Player,-,None,0.47,,0
72.42,FSM Enemy 14,FSM,PatrolState,None,0.90,42.7,0
72.42,FSM Enemy 15,FSM,PatrolState,None,1.00,41.9,0
72.42,FSM Enemy 2,FSM,PatrolState,None,1.00,71.6,0
72.42,FSM Enemy 10,FSM,PatrolState,None,1.00,42.2,0
72.42,FSM Enemy 1,FSM,PatrolState,None,1.00,79.5,0
72.42,FSM Enemy 12,FSM,AttackState,None,0.45,14.4,1
72.42,FSM Enemy 9,FSM,PatrolState,None,1.00,32.8,0
72.42,FSM Enemy 4,FSM,PatrolState,None,0.70,22.2,0
72.42,FSM Enemy 7,FSM,PatrolState,None,1.00,52.5,0
72.42,FSM Enemy 6,FSM,PatrolState,None,0.05,5.2,0
72.42,FSM Enemy 13,FSM,PatrolState,None,1.00,74.1,0
72.42,FSM Enemy 3,FSM,PatrolState,None,0.40,60.2,0
72.42,FSM Enemy 5,FSM,PatrolState,None,0.90,70.9,0
72.42,FSM Enemy 11,FSM,Dead,None,0.00,49.0,0
72.42,FSM Enemy 8,FSM,PatrolState,None,0.60,41.4,0
72.42,Utility Enemy 8,Utility,AttackAction,None,1.00,43.1,0
72.42,Utility Enemy 9,Utility,AttackAction,None,1.00,33.0,0
72.42,Utility Enemy 10,Utility,Dead,None,0.00,13.7,0
72.42,Utility Enemy 2,Utility,AttackAction,None,1.00,43.0,0
72.42,Utility Enemy 7,Utility,Dead,None,0.00,12.0,0
72.42,Utility Enemy 13,Utility,AttackAction,None,1.00,37.4,0
72.42,Utility Enemy 3,Utility,AttackAction,None,1.00,34.1,0
72.42,Utility Enemy 14,Utility,AttackAction,None,1.00,35.0,0
72.42,Utility Enemy 15,Utility,AttackAction,None,1.00,45.2,0
72.42,Utility Enemy 1,Utility,AttackAction,None,1.00,44.3,0
72.42,Utility Enemy 12,Utility,AttackAction,None,1.00,33.8,0
72.42,Utility Enemy 11,Utility,ChaseAction,None,1.00,13.8,0
72.42,Utility Enemy 5,Utility,AttackAction,None,1.00,44.1,0
72.42,Utility Enemy 6,Utility,AttackAction,None,1.00,38.4,0
72.42,Utility Enemy 4,Utility,AttackAction,None,1.00,48.4,0
72.92,Player,Player,-,None,0.47,,0
72.92,FSM Enemy 14,FSM,PatrolState,None,0.90,43.2,0
72.92,FSM Enemy 15,FSM,PatrolState,None,0.90,42.2,0
72.92,FSM Enemy 2,FSM,PatrolState,None,1.00,72.0,0
72.92,FSM Enemy 10,FSM,PatrolState,None,1.00,42.2,0
72.92,FSM Enemy 1,FSM,PatrolState,None,1.00,80.8,0
72.92,FSM Enemy 12,FSM,AttackState,None,0.45,14.9,1
72.92,FSM Enemy 9,FSM,PatrolState,None,1.00,31.8,0
72.92,FSM Enemy 4,FSM,PatrolState,None,0.70,21.9,0
72.92,FSM Enemy 7,FSM,PatrolState,None,1.00,51.7,0
72.92,FSM Enemy 6,FSM,PatrolState,None,0.05,5.6,0
72.92,FSM Enemy 13,FSM,PatrolState,None,1.00,73.8,0
72.92,FSM Enemy 3,FSM,PatrolState,None,0.40,61.3,0
72.92,FSM Enemy 5,FSM,PatrolState,None,0.90,72.3,0
72.92,FSM Enemy 11,FSM,Dead,None,0.00,49.5,0
72.92,FSM Enemy 8,FSM,PatrolState,None,0.60,42.1,0
72.92,Utility Enemy 8,Utility,AttackAction,None,1.00,43.3,0
72.92,Utility Enemy 9,Utility,AttackAction,None,1.00,33.1,0
72.92,Utility Enemy 10,Utility,Dead,None,0.00,13.9,0
72.92,Utility Enemy 2,Utility,AttackAction,None,1.00,43.2,0
72.92,Utility Enemy 7,Utility,Dead,None,0.00,12.5,0
72.92,Utility Enemy 13,Utility,AttackAction,None,1.00,37.2,0
72.92,Utility Enemy 3,Utility,AttackAction,None,1.00,34.3,0
72.92,Utility Enemy 14,Utility,AttackAction,None,1.00,35.2,0
72.92,Utility Enemy 15,Utility,AttackAction,None,1.00,45.3,0
72.92,Utility Enemy 1,Utility,AttackAction,None,1.00,44.5,0
72.92,Utility Enemy 12,Utility,AttackAction,None,1.00,34.0,0
72.92,Utility Enemy 11,Utility,ChaseAction,None,1.00,12.0,0
72.92,Utility Enemy 5,Utility,AttackAction,None,1.00,44.3,0
72.92,Utility Enemy 6,Utility,AttackAction,None,1.00,38.4,0
72.92,Utility Enemy 4,Utility,AttackAction,None,1.00,48.8,0
73.42,Player,Player,-,None,0.47,,0
73.42,FSM Enemy 14,FSM,PatrolState,None,0.90,42.8,0
73.42,FSM Enemy 15,FSM,PatrolState,None,0.80,41.9,0
73.42,FSM Enemy 2,FSM,PatrolState,None,1.00,71.5,0
73.42,FSM Enemy 10,FSM,PatrolState,None,1.00,41.5,0
73.42,FSM Enemy 1,FSM,PatrolState,None,1.00,81.3,0
73.42,FSM Enemy 12,FSM,ChaseState,None,0.45,15.6,0
73.42,FSM Enemy 9,FSM,PatrolState,None,1.00,30.4,0
73.42,FSM Enemy 4,FSM,PatrolState,None,0.70,21.0,0
73.42,FSM Enemy 7,FSM,PatrolState,None,1.00,50.5,0
73.42,FSM Enemy 6,FSM,PatrolState,None,0.05,7.2,0
73.42,FSM Enemy 13,FSM,PatrolState,None,1.00,73.2,0
73.42,FSM Enemy 3,FSM,PatrolState,None,0.40,61.4,0
73.42,FSM Enemy 5,FSM,PatrolState,None,0.90,72.9,0
73.42,FSM Enemy 11,FSM,Dead,None,0.00,50.0,0
73.42,FSM Enemy 8,FSM,PatrolState,None,0.60,42.4,0
73.42,Utility Enemy 8,Utility,AttackAction,None,1.00,42.8,0
73.42,Utility Enemy 9,Utility,AttackAction,None,1.00,32.7,0
73.42,Utility Enemy 10,Utility,Dead,None,0.00,13.8,0
73.42,Utility Enemy 2,Utility,AttackAction,None,1.00,42.8,0
73.42,Utility Enemy 7,Utility,Dead,None,0.00,13.0,0
73.42,Utility Enemy 13,Utility,AttackAction,None,1.00,36.4,0
73.42,Utility Enemy 3,Utility,AttackAction,None,1.00,33.8,0
73.42,Utility Enemy 14,Utility,AttackAction,None,1.00,34.7,0
73.42,Utility Enemy 15,Utility,AttackAction,None,1.00,44.8,0
73.42,Utility Enemy 1,Utility,AttackAction,None,1.00,44.0,0
73.42,Utility Enemy 12,Utility,AttackAction,None,1.00,33.6,0
73.42,Utility Enemy 11,Utility,ChaseAction,None,1.00,10.4,0
73.42,Utility Enemy 5,Utility,AttackAction,None,1.00,43.8,0
73.42,Utility Enemy 6,Utility,AttackAction,None,1.00,37.8,0
73.42,Utility Enemy 4,Utility,AttackAction,None,1.00,48.9,0
73.93,Player,Player,-,None,0.47,,0
73.93,FSM Enemy 14,FSM,PatrolState,None,0.90,41.2,0
73.93,FSM Enemy 15,FSM,PatrolState,None,0.80,41.1,0
73.93,FSM Enemy 2,FSM,PatrolState,None,1.00,69.1,0
73.93,FSM Enemy 10,FSM,PatrolState,None,1.00,40.3,0
73.93,FSM Enemy 1,FSM,PatrolState,None,1.00,81.6,0
73.93,FSM Enemy 12,FSM,ChaseState,None,0.45,14.9,0
73.93,FSM Enemy 9,FSM,PatrolState,None,1.00,30.5,0
73.93,FSM Enemy 4,FSM,PatrolState,None,0.70,19.2,0
73.93,FSM Enemy 7,FSM,PatrolState,None,1.00,48.7,0
73.93,FSM Enemy 6,FSM,PatrolState,None,0.05,8.7,0
73.93,FSM Enemy 13,FSM,PatrolState,None,1.00,72.7,0
73.93,FSM Enemy 3,FSM,PatrolState,None,0.40,61.1,0
73.93,FSM Enemy 5,FSM,PatrolState,None,0.90,73.5,0
73.93,FSM Enemy 11,FSM,Dead,None,0.00,51.0,0
73.93,FSM Enemy 8,FSM,PatrolState,None,0.60,42.8,0
73.93,Utility Enemy 8,Utility,AttackAction,None,1.00,42.1,0
73.93,Utility Enemy 9,Utility,AttackAction,None,1.00,31.9,0
73.93,Utility Enemy 10,Utility,Dead,None,0.00,13.1,0
73.93,Utility Enemy 2,Utility,AttackAction,None,1.00,41.8,0
73.93,Utility Enemy 7,Utility,Dead,None,0.00,13.4,0
73.93,Utility Enemy 13,Utility,AttackAction,None,1.00,34.6,0
73.93,Utility Enemy 3,Utility,AttackAction,None,1.00,33.0,0
73.93,Utility Enemy 14,Utility,AttackAction,None,1.00,34.0,0
73.93,Utility Enemy 15,Utility,AttackAction,None,1.00,44.1,0
73.93,Utility Enemy 1,Utility,AttackAction,None,1.00,43.3,0
73.93,Utility Enemy 12,Utility,AttackAction,None,1.00,33.0,0
73.93,Utility Enemy 11,Utility,ChaseAction,None,1.00,8.3,0
73.93,Utility Enemy 5,Utility,AttackAction,None,1.00,43.0,0
73.93,Utility Enemy 6,Utility,AttackAction,None,1.00,36.7,0
73.93,Utility Enemy 4,Utility,AttackAction,None,1.00,49.1,0
74.43,Player,Player,-,None,0.47,,0
74.43,FSM Enemy 14,FSM,PatrolState,None,0.90,41.7,0
74.43,FSM Enemy 15,FSM,PatrolState,None,0.80,41.8,0
74.43,FSM Enemy 2,FSM,PatrolState,None,1.00,68.7,0
74.43,FSM Enemy 10,FSM,PatrolState,None,1.00,41.9,0
74.43,FSM Enemy 1,FSM,PatrolState,None,1.00,83.7,0
74.43,FSM Enemy 12,FSM,ChaseState,None,0.45,13.2,0
74.43,FSM Enemy 9,FSM,PatrolState,None,1.00,32.1,0
74.43,FSM Enemy 4,FSM,PatrolState,None,0.70,19.2,0
74.43,FSM Enemy 7,FSM,PatrolState,None,1.00,48.7,0
74.43,FSM Enemy 6,FSM,PatrolState,None,0.05,8.5,0
74.43,FSM Enemy 13,FSM,PatrolState,None,1.00,73.2,0
74.43,FSM Enemy 3,FSM,PatrolState,None,0.40,62.9,0
74.43,FSM Enemy 5,FSM,PatrolState,None,0.90,75.6,0
74.43,FSM Enemy 11,FSM,PatrolState,None,1.00,53.5,0
74.43,FSM Enemy 8,FSM,PatrolState,None,0.60,44.8,0
74.43,Utility Enemy 8,Utility,AttackAction,None,1.00,43.0,0
74.43,Utility Enemy 9,Utility,AttackAction,None,1.00,32.7,0
74.43,Utility Enemy 10,Utility,Dead,None,0.00,13.5,0
74.43,Utility Enemy 2,Utility,AttackAction,None,1.00,42.6,0
74.43,Utility Enemy 7,Utility,Dead,None,0.00,13.7,0
74.43,Utility Enemy 13,Utility,AttackAction,None,1.00,35.0,0
74.43,Utility Enemy 3,Utility,AttackAction,None,1.00,33.8,0
74.43,Utility Enemy 14,Utility,AttackAction,None,1.00,34.8,0
74.43,Utility Enemy 15,Utility,AttackAction,None,1.00,44.9,0
74.43,Utility Enemy 1,Utility,AttackAction,None,1.00,44.1,0
74.43,Utility Enemy 12,Utility,AttackAction,None,1.00,33.7,0
74.43,Utility Enemy 11,Utility,ChaseAction,None,1.00,7.9,0
74.43,Utility Enemy 5,Utility,AttackAction,None,1.00,43.8,0
74.43,Utility Enemy 6,Utility,AttackAction,None,1.00,37.4,0
74.43,Utility Enemy 4,Utility,AttackAction,None,1.00,49.9,0
74.94,Player,Player,-,None,0.47,,0
74.94,FSM Enemy 14,FSM,PatrolState,None,0.90,42.7,0
74.94,FSM Enemy 15,FSM,PatrolState,None,0.80,42.2,0
74.94,FSM Enemy 2,FSM,PatrolState,None,1.00,68.6,0
74.94,FSM Enemy 10,FSM,PatrolState,None,1.00,43.5,0
74.94,FSM Enemy 1,FSM,PatrolState,None,1.00,85.3,0
74.94,FSM Enemy 12,FSM,ChaseState,None,0.45,11.0,0
74.94,FSM Enemy 9,FSM,PatrolState,None,1.00,33.3,0
74.94,FSM Enemy 4,FSM,PatrolState,None,0.70,19.9,0
74.94,FSM Enemy 7,FSM,PatrolState,None,1.00,48.4,0
74.94,FSM Enemy 6,FSM,PatrolState,None,0.05,9.0,0
74.94,FSM Enemy 13,FSM,PatrolState,None,1.00,73.2,0
74.94,FSM Enemy 3,FSM,PatrolState,None,0.40,64.6,0
74.94,FSM Enemy 5,FSM,PatrolState,None,0.90,77.0,0
74.94,FSM Enemy 11,FSM,PatrolState,None,1.00,53.4,0
74.94,FSM Enemy 8,FSM,PatrolState,None,0.60,46.2,0
74.94,Utility Enemy 8,Utility,AttackAction,None,1.00,43.3,0
74.94,Utility Enemy 9,Utility,AttackAction,None,1.00,33.0,0
74.94,Utility Enemy 10,Utility,Dead,None,0.00,13.7,0
74.94,Utility Enemy 2,Utility,AttackAction,None,1.00,43.0,0
74.94,Utility Enemy 7,Utility,Dead,None,0.00,13.6,0
74.94,Utility Enemy 13,Utility,AttackAction,None,1.00,35.6,0
74.94,Utility Enemy 3,Utility,AttackAction,None,1.00,34.1,0
74.94,Utility Enemy 14,Utility,AttackAction,None,1.00,35.1,0
74.94,Utility Enemy 15,Utility,AttackAction,None,1.00,45.2,0
74.94,Utility Enemy 1,Utility,AttackAction,None,1.00,44.4,0
74.94,Utility Enemy 12,Utility,AttackAction,None,1.00,34.0,0
74.94,Utility Enemy 11,Utility,AttackAction,None,1.00,8.7,0
74.94,Utility Enemy 5,Utility,AttackAction,None,1.00,44.2,0
74.94,Utility Enemy 6,Utility,AttackAction,None,1.00,37.9,0
74.94,Utility Enemy 4,Utility,AttackAction,None,1.00,49.9,0
75.44,Player,Player,-,None,0.47,,0
75.44,FSM Enemy 14,FSM,PatrolState,None,0.90,43.7,0
75.44,FSM Enemy 15,FSM,PatrolState,None,0.70,42.6,0
75.44,FSM Enemy 2,FSM,PatrolState,None,1.00,67.8,0
75.44,FSM Enemy 10,FSM,PatrolState,None,1.00,45.1,0
75.44,FSM Enemy 1,FSM,PatrolState,None,1.00,86.8,0
75.44,FSM Enemy 12,FSM,ChaseState,None,0.45,8.9,0
75.44,FSM Enemy 9,FSM,PatrolState,None,1.00,34.6,0
75.44,FSM Enemy 4,FSM,PatrolState,None,0.70,20.2,0
75.44,FSM Enemy 7,FSM,PatrolState,None,1.00,48.0,0
75.44,FSM Enemy 6,FSM,PatrolState,None,0.05,9.6,0
75.44,FSM Enemy 13,FSM,PatrolState,None,1.00,73.5,0
75.44,FSM Enemy 3,FSM,PatrolState,None,0.40,66.1,0
75.44,FSM Enemy 5,FSM,PatrolState,None,0.90,78.5,0
75.44,FSM Enemy 11,FSM,PatrolState,None,1.00,53.8,0
75.44,FSM Enemy 8,FSM,PatrolState,None,0.60,47.8,0
75.44,Utility Enemy 8,Utility,AttackAction,None,1.00,43.7,0
75.44,Utility Enemy 9,Utility,AttackAction,None,1.00,33.4,0
75.44,Utility Enemy 10,Utility,Dead,None,0.00,14.1,0
75.44,Utility Enemy 2,Utility,AttackAction,None,1.00,43.4,0
75.44,Utility Enemy 7,Utility,Dead,None,0.00,13.8,0
75.44,Utility Enemy 13,Utility,AttackAction,None,1.00,36.0,0
75.44,Utility Enemy 3,Utility,AttackAction,None,1.00,34.5,0
75.44,Utility Enemy 14,Utility,AttackAction,None,1.00,35.5,0
75.44,Utility Enemy 15,Utility,AttackAction,None,1.00,45.6,0
75.44,Utility Enemy 1,Utility,AttackAction,None,1.00,44.8,0
75.44,Utility Enemy 12,Utility,AttackAction,None,1.00,34.4,0
75.44,Utility Enemy 11,Utility,AttackAction,None,1.00,9.0,0
75.44,Utility Enemy 5,Utility,AttackAction,None,1.00,44.6,0
75.44,Utility Enemy 6,Utility,AttackAction,None,1.00,38.3,0
75.44,Utility Enemy 4,Utility,AttackAction,None,1.00,50.2,0
75.94,Player,Player,-,None,0.47,,0
75.94,FSM Enemy 14,FSM,PatrolState,None,0.90,44.9,0
75.94,FSM Enemy 15,FSM,PatrolState,None,0.70,43.1,0
75.94,FSM Enemy 2,FSM,PatrolState,None,1.00,66.7,0
75.94,FSM Enemy 10,FSM,PatrolState,None,1.00,46.5,0
75.94,FSM Enemy 1,FSM,PatrolState,None,1.00,88.5,0
75.94,FSM Enemy 12,FSM,ChaseState,None,0.45,7.1,0
75.94,FSM Enemy 9,FSM,PatrolState,None,1.00,35.5,0
75.94,FSM Enemy 4,FSM,PatrolState,None,0.70,20.5,0
75.94,FSM Enemy 7,FSM,PatrolState,None,1.00,47.7,0
75.94,FSM Enemy 6,FSM,PatrolState,None,0.05,10.2,0
75.94,FSM Enemy 13,FSM,PatrolState,None,1.00,74.0,0
75.94,FSM Enemy 3,FSM,PatrolState,None,0.40,67.5,0
75.94,FSM Enemy 5,FSM,PatrolState,None,0.90,80.2,0
75.94,FSM Enemy 11,FSM,PatrolState,None,1.00,54.5,0
75.94,FSM Enemy 8,FSM,PatrolState,None,0.60,49.4,0
75.94,Utility Enemy 8,Utility,AttackAction,None,1.00,44.1,0
75.94,Utility Enemy 9,Utility,AttackAction,None,1.00,33.8,0
75.94,Utility Enemy 10,Utility,Dead,None,0.00,14.5,0
75.94,Utility Enemy 2,Utility,AttackAction,None,1.00,43.8,0
75.94,Utility Enemy 7,Utility,Dead,None,0.00,14.3,0
75.94,Utility Enemy 13,Utility,AttackAction,None,1.00,36.2,0
75.94,Utility Enemy 3,Utility,AttackAction,None,1.00,34.9,0
75.94,Utility Enemy 14,Utility,AttackAction,None,1.00,35.9,0
75.94,Utility Enemy 15,Utility,AttackAction,None,1.00,46.0,0
75.94,Utility Enemy 1,Utility,AttackAction,None,1.00,45.2,0
75.94,Utility Enemy 12,Utility,AttackAction,None,1.00,34.8,0
75.94,Utility Enemy 11,Utility,AttackAction,None,1.00,9.3,0
75.94,Utility Enemy 5,Utility,AttackAction,None,1.00,45.0,0
75.94,Utility Enemy 6,Utility,AttackAction,None,1.00,38.6,0
75.94,Utility Enemy 4,Utility,AttackAction,None,1.00,50.6,0
76.44,Player,Player,-,None,0.47,,0
76.44,FSM Enemy 14,FSM,PatrolState,None,0.90,45.3,0
76.44,FSM Enemy 15,FSM,PatrolState,None,0.60,44.1,0
76.44,FSM Enemy 2,FSM,PatrolState,None,1.00,64.9,0
76.44,FSM Enemy 10,FSM,PatrolState,None,1.00,47.7,0
76.44,FSM Enemy 1,FSM,PatrolState,None,1.00,90.3,0
76.44,FSM Enemy 12,FSM,AttackState,None,0.45,6.8,1
76.44,FSM Enemy 9,FSM,PatrolState,None,1.00,36.5,0
76.44,FSM Enemy 4,FSM,PatrolState,None,0.70,19.8,0
76.44,FSM Enemy 7,FSM,PatrolState,None,1.00,47.8,0
76.44,FSM Enemy 6,FSM,PatrolState,None,0.05,11.2,0
76.44,FSM Enemy 13,FSM,PatrolState,None,1.00,75.2,0
76.44,FSM Enemy 3,FSM,PatrolState,None,0.40,68.7,0
76.44,FSM Enemy 5,FSM,PatrolState,None,0.90,82.2,0
76.44,FSM Enemy 11,FSM,PatrolState,None,1.00,56.3,0
76.44,FSM Enemy 8,FSM,PatrolState,None,0.60,51.3,0
76.44,Utility Enemy 8,Utility,AttackAction,None,1.00,44.9,0
76.44,Utility Enemy 9,Utility,AttackAction,None,1.00,34.6,0
76.44,Utility Enemy 10,Utility,Dead,None,0.00,15.3,0
76.44,Utility Enemy 2,Utility,AttackAction,None,1.00,44.4,0
76.44,Utility Enemy 7,Utility,Dead,None,0.00,15.5,0
76.44,Utility Enemy 13,Utility,AttackAction,None,1.00,35.9,0
76.44,Utility Enemy 3,Utility,AttackAction,None,1.00,35.6,0
76.44,Utility Enemy 14,Utility,AttackAction,None,1.00,36.7,0
76.44,Utility Enemy 15,Utility,AttackAction,None,1.00,46.7,0
76.44,Utility Enemy 1,Utility,AttackAction,None,1.00,46.0,0
76.44,Utility Enemy 12,Utility,AttackAction,None,1.00,35.6,0
76.44,Utility Enemy 11,Utility,AttackAction,None,1.00,10.0,0
76.44,Utility Enemy 5,Utility,AttackAction,None,1.00,45.7,0
76.44,Utility Enemy 6,Utility,AttackAction,None,1.00,39.1,0
76.44,Utility Enemy 4,Utility,AttackAction,None,1.00,51.9,0
76.95,Player,Player,-,None,0.47,,0
76.95,FSM Enemy 14,FSM,PatrolState,None,0.90,45.5,0
76.95,FSM Enemy 15,FSM,PatrolState,None,0.60,44.5,0
76.95,FSM Enemy 2,FSM,PatrolState,None,1.00,62.9,0
76.95,FSM Enemy 10,FSM,PatrolState,None,1.00,46.9,0
76.95,FSM Enemy 1,FSM,PatrolState,None,1.00,91.4,0
76.95,FSM Enemy 12,FSM,ChaseState,None,0.45,7.4,0
76.95,FSM Enemy 9,FSM,PatrolState,None,1.00,36.6,0
76.95,FSM Enemy 4,FSM,PatrolState,None,0.70,19.1,0
76.95,FSM Enemy 7,FSM,PatrolState,None,1.00,47.1,0
76.95,FSM Enemy 6,FSM,PatrolState,None,0.05,12.7,0
76.95,FSM Enemy 13,FSM,PatrolState,None,1.00,75.7,0
76.95,FSM Enemy 3,FSM,PatrolState,None,0.40,69.4,0
76.95,FSM Enemy 5,FSM,PatrolState,None,0.90,83.3,0
76.95,FSM Enemy 11,FSM,PatrolState,None,1.00,57.5,0
76.95,FSM Enemy 8,FSM,PatrolState,None,0.60,52.4,0
76.95,Utility Enemy 8,Utility,AttackAction,None,1.00,44.8,0
76.95,Utility Enemy 9,Utility,AttackAction,None,1.00,34.6,0
76.95,Utility Enemy 10,Utility,Dead,None,0.00,15.3,0
76.95,Utility Enemy 2,Utility,AttackAction,None,1.00,44.2,0
76.95,Utility Enemy 7,Utility,Dead,None,0.00,16.0,0
76.95,Utility Enemy 13,Utility,AttackAction,None,1.00,35.2,0
76.95,Utility Enemy 3,Utility,AttackAction,None,1.00,35.6,0
76.95,Utility Enemy 14,Utility,AttackAction,None,1.00,36.6,0
76.95,Utility Enemy 15,Utility,AttackAction,None,1.00,46.7,0
76.95,Utility Enemy 1,Utility,AttackAction,None,1.00,46.0,0
76.95,Utility Enemy 12,Utility,AttackAction,None,1.00,35.7,0
76.95,Utility Enemy 11,Utility,AttackAction,None,1.00,10.1,0
76.95,Utility Enemy 5,Utility,AttackAction,None,1.00,45.7,0
76.95,Utility Enemy 6,Utility,AttackAction,None,1.00,38.9,0
76.95,Utility Enemy 4,Utility,AttackAction,None,1.00,52.3,0
77.45,Player,Player,-,None,0.47,,0
77.45,FSM Enemy 14,FSM,PatrolState,None,0.90,46.3,0
77.45,FSM Enemy 15,FSM,PatrolState,None,0.60,44.8,0
77.45,FSM Enemy 2,FSM,PatrolState,None,1.00,63.4,0
77.45,FSM Enemy 10,FSM,PatrolState,None,1.00,47.3,0
77.45,FSM Enemy 1,FSM,PatrolState,None,1.00,92.5,0
77.45,FSM Enemy 12,FSM,AttackState,None,0.45,7.2,1
77.45,FSM Enemy 9,FSM,PatrolState,None,1.00,36.7,0
77.45,FSM Enemy 4,FSM,PatrolState,None,0.70,18.9,0
77.45,FSM Enemy 7,FSM,PatrolState,None,1.00,46.5,0
77.45,FSM Enemy 6,FSM,PatrolState,None,0.05,13.8,0
77.45,FSM Enemy 13,FSM,PatrolState,None,1.00,75.8,0
77.45,FSM Enemy 3,FSM,PatrolState,None,0.40,70.2,0
77.45,FSM Enemy 5,FSM,PatrolState,None,0.90,83.8,0
77.45,FSM Enemy 11,FSM,PatrolState,None,1.00,58.1,0
77.45,FSM Enemy 8,FSM,PatrolState,None,0.60,53.4,0
77.45,Utility Enemy 8,Utility,AttackAction,None,1.00,44.7,0
77.45,Utility Enemy 9,Utility,AttackAction,None,1.00,34.5,0
77.45,Utility Enemy 10,Utility,Dead,None,0.00,15.3,0
77.45,Utility Enemy 2,Utility,AttackAction,None,1.00,44.1,0
77.45,Utility Enemy 7,Utility,Dead,None,0.00,16.1,0
77.45,Utility Enemy 13,Utility,AttackAction,None,1.00,34.9,0
77.45,Utility Enemy 3,Utility,AttackAction,None,1.00,35.5,0
77.45,Utility Enemy 14,Utility,AttackAction,None,1.00,36.5,0
77.45,Utility Enemy 15,Utility,AttackAction,None,1.00,46.6,0
77.45,Utility Enemy 1,Utility,AttackAction,None,1.00,45.9,0
77.45,Utility Enemy 12,Utility,AttackAction,None,1.00,35.6,0
77.45,Utility Enemy 11,Utility,AttackAction,None,1.00,10.0,0
77.45,Utility Enemy 5,Utility,AttackAction,None,1.00,45.5,0
77.45,Utility Enemy 6,Utility,AttackAction,None,1.00,38.7,0
77.45,Utility Enemy 4,Utility,AttackAction,None,1.00,52.4,0
77.95,Player,Player,-,None,0.47,,0
77.95,FSM Enemy 14,FSM,PatrolState,None,0.90,47.7,0
77.95,FSM Enemy 15,FSM,PatrolState,None,0.60,44.9,0
77.95,FSM Enemy 2,FSM,PatrolState,None,1.00,65.3,0
77.95,FSM Enemy 10,FSM,PatrolState,None,1.00,48.4,0
77.95,FSM Enemy 1,FSM,PatrolState,None,1.00,93.4,0
77.95,FSM Enemy 12,FSM,AttackState,None,0.45,6.2,1
77.95,FSM Enemy 9,FSM,PatrolState,None,1.00,36.6,0
77.95,FSM Enemy 4,FSM,PatrolState,None,0.70,19.4,0
77.95,FSM Enemy 7,FSM,PatrolState,None,1.00,45.6,0
77.95,FSM Enemy 6,FSM,PatrolState,None,0.05,14.4,0
77.95,FSM Enemy 13,FSM,PatrolState,None,1.00,75.3,0
77.95,FSM Enemy 3,FSM,PatrolState,None,0.40,71.6,0
77.95,FSM Enemy 5,FSM,PatrolState,None,0.90,84.0,0
77.95,FSM Enemy 11,FSM,PatrolState,None,1.00,57.6,0
77.95,FSM Enemy 8,FSM,PatrolState,None,0.60,54.3,0
77.95,Utility Enemy 8,Utility,AttackAction,None,1.00,44.4,0
77.95,Utility Enemy 9,Utility,AttackAction,None,1.00,34.1,0
77.95,Utility Enemy 10,Utility,Dead,None,0.00,14.9,0
77.95,Utility Enemy 2,Utility,AttackAction,None,1.00,43.9,0
77.95,Utility Enemy 7,Utility,Dead,None,0.00,15.4,0
77.95,Utility Enemy 13,Utility,AttackAction,None,1.00,35.3,0
77.95,Utility Enemy 3,Utility,AttackAction,None,1.00,35.2,0
77.95,Utility Enemy 14,Utility,AttackAction,None,1.00,36.2,0
77.95,Utility Enemy 15,Utility,AttackAction,None,1.00,46.3,0
77.95,Utility Enemy 1,Utility,AttackAction,None,1.00,45.6,0
77.95,Utility Enemy 12,Utility,AttackAction,None,1.00,35.2,0
77.95,Utility Enemy 11,Utility,AttackAction,None,1.00,9.7,0
77.95,Utility Enemy 5,Utility,AttackAction,None,1.00,45.3,0
77.95,Utility Enemy 6,Utility,AttackAction,None,1.00,38.6,0
77.95,Utility Enemy 4,Utility,AttackAction,None,1.00,51.7,0
78.45,Player,Player,-,None,0.41,,0
78.45,FSM Enemy 14,FSM,PatrolState,None,0.90,49.4,0
78.45,FSM Enemy 15,FSM,PatrolState,None,0.60,45.2,0
78.45,FSM Enemy 2,FSM,PatrolState,None,1.00,67.3,0
78.45,FSM Enemy 10,FSM,PatrolState,None,1.00,49.7,0
78.45,FSM Enemy 1,FSM,PatrolState,None,1.00,94.8,0
78.45,FSM Enemy 12,FSM,Dead,None,0.00,5.5,1
78.45,FSM Enemy 9,FSM,PatrolState,None,1.00,36.9,0
78.45,FSM Enemy 4,FSM,PatrolState,None,0.70,20.1,0
78.45,FSM Enemy 7,FSM,PatrolState,None,1.00,45.1,0
78.45,FSM Enemy 6,FSM,PatrolState,None,0.05,14.9,0
78.45,FSM Enemy 13,FSM,PatrolState,None,1.00,75.1,0
78.45,FSM Enemy 3,FSM,PatrolState,None,0.40,73.2,0
78.45,FSM Enemy 5,FSM,PatrolState,None,0.90,84.5,0
78.45,FSM Enemy 11,FSM,PatrolState,None,1.00,57.5,0
78.45,FSM Enemy 8,FSM,PatrolState,None,0.60,55.6,0
78.45,Utility Enemy 8,Utility,AttackAction,None,1.00,44.5,0
78.45,Utility Enemy 9,Utility,AttackAction,None,1.00,34.2,0
78.45,Utility Enemy 10,Utility,Dead,None,0.00,14.9,0
78.45,Utility Enemy 2,Utility,AttackAction,None,1.00,44.1,0
78.45,Utility Enemy 7,Utility,Dead,None,0.00,15.0,0
78.45,Utility Enemy 13,Utility,AttackAction,None,1.00,36.0,0
78.45,Utility Enemy 3,Utility,AttackAction,None,1.00,35.3,0
78.45,Utility Enemy 14,Utility,AttackAction,None,1.00,36.3,0
78.45,Utility Enemy 15,Utility,AttackAction,None,1.00,46.4,0
78.45,Utility Enemy 1,Utility,AttackAction,None,1.00,45.6,0
78.45,Utility Enemy 12,Utility,AttackAction,None,1.00,35.3,0
78.45,Utility Enemy 11,Utility,AttackAction,None,1.00,9.7,0
78.45,Utility Enemy 5,Utility,AttackAction,None,1.00,45.4,0
78.45,Utility Enemy 6,Utility,AttackAction,None,1.00,38.9,0
78.45,Utility Enemy 4,Utility,AttackAction,None,1.00,51.3,0
78.96,Player,Player,-,None,0.41,,0
78.96,FSM Enemy 14,FSM,PatrolState,None,0.90,50.4,0
78.96,FSM Enemy 15,FSM,PatrolState,None,0.60,45.6,0
78.96,FSM Enemy 2,FSM,PatrolState,None,1.00,68.7,0
78.96,FSM Enemy 10,FSM,PatrolState,None,1.00,50.1,0
78.96,FSM Enemy 1,FSM,PatrolState,None,1.00,95.8,0
78.96,FSM Enemy 12,FSM,Dead,None,0.00,5.4,1
78.96,FSM Enemy 9,FSM,PatrolState,None,1.00,37.1,0
78.96,FSM Enemy 4,FSM,PatrolState,None,0.70,20.2,0
78.96,FSM Enemy 7,FSM,PatrolState,None,1.00,44.6,0
78.96,FSM Enemy 6,FSM,PatrolState,None,0.05,15.8,0
78.96,FSM Enemy 13,FSM,PatrolState,None,1.00,75.2,0
78.96,FSM Enemy 3,FSM,PatrolState,None,0.40,74.5,0
78.96,FSM Enemy 5,FSM,PatrolState,None,0.90,85.0,0
78.96,FSM Enemy 11,FSM,PatrolState,None,1.00,57.9,0
78.96,FSM Enemy 8,FSM,PatrolState,None,0.60,54.9,0
78.96,Utility Enemy 8,Utility,AttackAction,None,1.00,44.5,0
78.96,Utility Enemy 9,Utility,AttackAction,None,1.00,34.3,0
78.96,Utility Enemy 10,Utility,Dead,None,0.00,14.9,0
78.96,Utility Enemy 2,Utility,AttackAction,None,1.00,44.2,0
78.96,Utility Enemy 7,Utility,Dead,None,0.00,14.9,0
78.96,Utility Enemy 13,Utility,AttackAction,None,1.00,36.1,0
78.96,Utility Enemy 3,Utility,AttackAction,None,1.00,35.3,0
78.96,Utility Enemy 14,Utility,AttackAction,None,1.00,36.4,0
78.96,Utility Enemy 15,Utility,AttackAction,None,1.00,46.5,0
78.96,Utility Enemy 1,Utility,AttackAction,None,1.00,45.7,0
78.96,Utility Enemy 12,Utility,AttackAction,None,1.00,35.3,0
78.96,Utility Enemy 11,Utility,AttackAction,None,1.00,9.7,0
78.96,Utility Enemy 5,Utility,AttackAction,None,1.00,45.4,0
78.96,Utility Enemy 6,Utility,AttackAction,None,1.00,39.0,0
78.96,Utility Enemy 4,Utility,AttackAction,None,1.00,51.3,0
79.46,Player,Player,-,None,0.41,,0
79.46,FSM Enemy 14,FSM,PatrolState,None,0.90,51.3,0
79.46,FSM Enemy 15,FSM,PatrolState,None,0.60,45.9,0
79.46,FSM Enemy 2,FSM,PatrolState,None,1.00,69.9,0
79.46,FSM Enemy 10,FSM,PatrolState,None,1.00,50.4,0
79.46,FSM Enemy 1,FSM,PatrolState,None,1.00,96.4,0
79.46,FSM Enemy 12,FSM,Dead,None,0.00,5.4,1
79.46,FSM Enemy 9,FSM,PatrolState,None,1.00,37.1,0
79.46,FSM Enemy 4,FSM,PatrolState,None,0.70,20.3,0
79.46,FSM Enemy 7,FSM,PatrolState,None,1.00,44.0,0
79.46,FSM Enemy 6,FSM,PatrolState,None,0.05,16.9,0
79.46,FSM Enemy 13,FSM,PatrolState,None,1.00,75.4,0
79.46,FSM Enemy 3,FSM,PatrolState,None,0.40,75.6,0
79.46,FSM Enemy 5,FSM,PatrolState,None,0.90,85.3,0
79.46,FSM Enemy 11,FSM,PatrolState,None,1.00,58.4,0
79.46,FSM Enemy 8,FSM,PatrolState,None,0.60,53.7,0
79.46,Utility Enemy 8,Utility,AttackAction,None,1.00,44.5,0
79.46,Utility Enemy 9,Utility,AttackAction,None,1.00,34.3,0
79.46,Utility Enemy 10,Utility,Dead,None,0.00,14.9,0
79.46,Utility Enemy 2,Utility,AttackAction,None,1.00,44.2,0
79.46,Utility Enemy 7,Utility,Dead,None,0.00,14.9,0
79.46,Utility Enemy 13,Utility,AttackAction,None,1.00,36.1,0
79.46,Utility Enemy 3,Utility,AttackAction,None,1.00,35.3,0
79.46,Utility Enemy 14,Utility,AttackAction,None,1.00,36.3,0
79.46,Utility Enemy 15,Utility,AttackAction,None,1.00,46.5,0
79.46,Utility Enemy 1,Utility,AttackAction,None,1.00,45.7,0
79.46,Utility Enemy 12,Utility,AttackAction,None,1.00,35.3,0
79.46,Utility Enemy 11,Utility,AttackAction,None,1.00,9.7,0
79.46,Utility Enemy 5,Utility,AttackAction,None,1.00,45.4,0
79.46,Utility Enemy 6,Utility,AttackAction,None,1.00,39.0,0
79.46,Utility Enemy 4,Utility,AttackAction,None,1.00,51.3,0
79.97,Player,Player,-,None,0.41,,0
79.97,FSM Enemy 14,FSM,PatrolState,None,0.90,52.2,0
79.97,FSM Enemy 15,FSM,PatrolState,None,0.60,46.3,0
79.97,FSM Enemy 2,FSM,PatrolState,None,1.00,70.6,0
79.97,FSM Enemy 10,FSM,PatrolState,None,1.00,50.6,0
79.97,FSM Enemy 1,FSM,PatrolState,None,1.00,97.3,0
79.97,FSM Enemy 12,FSM,Dead,None,0.00,5.4,1
79.97,FSM Enemy 9,FSM,PatrolState,None,1.00,36.9,0
79.97,FSM Enemy 4,FSM,PatrolState,None,0.70,21.0,0
79.97,FSM Enemy 7,FSM,PatrolState,None,1.00,43.4,0
79.97,FSM Enemy 6,FSM,PatrolState,None,0.05,18.0,0
79.97,FSM Enemy 13,FSM,PatrolState,None,1.00,75.6,0
79.97,FSM Enemy 3,FSM,PatrolState,None,0.40,76.8,0
79.97,FSM Enemy 5,FSM,PatrolState,None,0.90,85.6,0
79.97,FSM Enemy 11,FSM,PatrolState,None,1.00,59.0,0
79.97,FSM Enemy 8,FSM,PatrolState,None,0.60,52.4,0
79.97,Utility Enemy 8,Utility,AttackAction,None,1.00,44.5,0
79.97,Utility Enemy 9,Utility,AttackAction,None,1.00,34.3,0
79.97,Utility Enemy 10,Utility,Dead,None,0.00,14.9,0
79.97,Utility Enemy 2,Utility,AttackAction,None,1.00,44.2,0
79.97,Utility Enemy 7,Utility,Dead,None,0.00,14.9,0
79.97,Utility Enemy 13,Utility,AttackAction,None,1.00,36.1,0
79.97,Utility Enemy 3,Utility,AttackAction,None,1.00,35.3,0
79.97,Utility Enemy 14,Utility,AttackAction,None,1.00,36.0,0
79.97,Utility Enemy 15,Utility,AttackAction,None,1.00,46.5,0
79.97,Utility Enemy 1,Utility,AttackAction,None,1.00,45.7,0
79.97,Utility Enemy 12,Utility,AttackAction,None,1.00,35.3,0
79.97,Utility Enemy 11,Utility,AttackAction,None,1.00,9.7,0
79.97,Utility Enemy 5,Utility,AttackAction,None,1.00,45.4,0
79.97,Utility Enemy 6,Utility,AttackAction,None,1.00,39.0,0
79.97,Utility Enemy 4,Utility,AttackAction,None,1.00,51.3,0
80.47,Player,Player,-,None,0.41,,0
80.47,FSM Enemy 14,FSM,PatrolState,None,0.90,53.0,0
80.47,FSM Enemy 15,FSM,PatrolState,None,0.60,45.7,0
80.47,FSM Enemy 2,FSM,PatrolState,None,1.00,70.9,0
80.47,FSM Enemy 10,FSM,PatrolState,None,1.00,50.3,0
80.47,FSM Enemy 1,FSM,PatrolState,None,1.00,97.3,0
80.47,FSM Enemy 12,FSM,Dead,None,0.00,4.8,1
80.47,FSM Enemy 9,FSM,PatrolState,None,1.00,36.0,0
80.47,FSM Enemy 4,FSM,PatrolState,None,0.70,22.0,0
80.47,FSM Enemy 7,FSM,PatrolState,None,1.00,41.8,0
80.47,FSM Enemy 6,FSM,PatrolState,None,0.05,19.7,0
80.47,FSM Enemy 13,FSM,PatrolState,None,1.00,74.8,0
80.47,FSM Enemy 3,FSM,PatrolState,None,0.40,77.2,0
80.47,FSM Enemy 5,FSM,PatrolState,None,0.90,85.0,0
80.47,FSM Enemy 11,FSM,PatrolState,None,1.00,58.7,0
80.47,FSM Enemy 8,FSM,PatrolState,None,0.60,50.3,0
80.47,Utility Enemy 8,Utility,AttackAction,None,1.00,43.6,0
80.47,Utility Enemy 9,Utility,AttackAction,None,1.00,33.3,0
80.47,Utility Enemy 10,Utility,AttackAction,None,1.00,28.0,0
80.47,Utility Enemy 2,Utility,AttackAction,None,1.00,43.2,0
80.47,Utility Enemy 7,Utility,Dead,None,0.00,14.0,0
80.47,Utility Enemy 13,Utility,AttackAction,None,1.00,35.6,0
80.47,Utility Enemy 3,Utility,AttackAction,None,1.00,34.4,0
80.47,Utility Enemy 14,Utility,AttackAction,None,1.00,35.0,0
80.47,Utility Enemy 15,Utility,AttackAction,None,1.00,45.5,0
80.47,Utility Enemy 1,Utility,AttackAction,None,1.00,44.7,0
80.47,Utility Enemy 12,Utility,AttackAction,None,1.00,34.3,0
80.47,Utility Enemy 11,Utility,AttackAction,None,1.00,8.9,0
80.47,Utility Enemy 5,Utility,AttackAction,None,1.00,44.5,0
80.47,Utility Enemy 6,Utility,AttackAction,None,1.00,38.1,0
80.47,Utility Enemy 4,Utility,AttackAction,None,1.00,50.3,0
80.98,Player,Player,-,None,0.41,,0
80.98,FSM Enemy 14,FSM,PatrolState,None,0.90,51.9,0
80.98,FSM Enemy 15,FSM,PatrolState,None,0.60,43.9,0
80.98,FSM Enemy 2,FSM,PatrolState,None,1.00,69.6,0
80.98,FSM Enemy 10,FSM,PatrolState,None,1.00,47.8,0
80.98,FSM Enemy 1,FSM,PatrolState,None,1.00,95.4,0
80.98,FSM Enemy 12,FSM,Dead,None,0.00,6.0,0
80.98,FSM Enemy 9,FSM,PatrolState,None,1.00,33.2,0
80.98,FSM Enemy 4,FSM,PatrolState,None,0.70,21.4,0
80.98,FSM Enemy 7,FSM,PatrolState,None,1.00,38.9,0
80.98,FSM Enemy 6,FSM,PatrolState,None,0.05,21.7,0
80.98,FSM Enemy 13,FSM,PatrolState,None,1.00,73.1,0
80.98,FSM Enemy 3,FSM,PatrolState,None,0.40,75.4,0
80.98,FSM Enemy 5,FSM,PatrolState,None,0.90,82.8,0
80.98,FSM Enemy 11,FSM,PatrolState,None,1.00,58.7,0
80.98,FSM Enemy 8,FSM,PatrolState,None,0.60,46.3,0
80.98,Utility Enemy 8,Utility,AttackAction,None,1.00,40.9,0
80.98,Utility Enemy 9,Utility,AttackAction,None,1.00,30.6,0
80.98,Utility Enemy 10,Utility,AttackAction,None,1.00,26.0,0
80.98,Utility Enemy 2,Utility,AttackAction,None,1.00,40.4,0
80.98,Utility Enemy 7,Utility,Dead,None,0.00,12.9,0
80.98,Utility Enemy 13,Utility,AttackAction,None,1.00,32.9,0
80.98,Utility Enemy 3,Utility,AttackAction,None,1.00,31.7,0
80.98,Utility Enemy 14,Utility,AttackAction,None,1.00,32.3,0
80.98,Utility Enemy 15,Utility,AttackAction,None,1.00,42.8,0
80.98,Utility Enemy 1,Utility,AttackAction,None,1.00,42.0,0
80.98,Utility Enemy 12,Utility,AttackAction,None,1.00,31.7,0
80.98,Utility Enemy 11,Utility,AttackAction,None,1.00,7.0,0
80.98,Utility Enemy 5,Utility,AttackAction,None,1.00,41.7,0
80.98,Utility Enemy 6,Utility,AttackAction,None,1.00,35.2,0
80.98,Utility Enemy 4,Utility,AttackAction,None,1.00,48.5,0
81.48,Player,Player,-,None,0.41,,0
81.48,FSM Enemy 14,FSM,PatrolState,None,0.90,49.8,0
81.48,FSM Enemy 15,FSM,PatrolState,None,0.60,44.4,0
81.48,FSM Enemy 2,FSM,PatrolState,None,1.00,67.7,0
81.48,FSM Enemy 10,FSM,PatrolState,None,1.00,45.5,0
81.48,FSM Enemy 1,FSM,PatrolState,None,1.00,94.9,0
81.48,FSM Enemy 12,FSM,Dead,None,0.00,9.0,0
81.48,FSM Enemy 9,FSM,PatrolState,None,1.00,31.9,0
81.48,FSM Enemy 4,FSM,PatrolState,None,0.70,19.4,0
81.48,FSM Enemy 7,FSM,PatrolState,None,1.00,38.1,0
81.48,FSM Enemy 6,FSM,PatrolState,None,0.05,22.7,0
81.48,FSM Enemy 13,FSM,PatrolState,None,1.00,73.8,0
81.48,FSM Enemy 3,FSM,PatrolState,None,0.40,74.0,0
81.48,FSM Enemy 5,FSM,PatrolState,None,0.90,82.6,0
81.48,FSM Enemy 11,FSM,PatrolState,None,1.00,61.1,0
81.48,FSM Enemy 8,FSM,PatrolState,None,0.60,43.8,0
81.48,Utility Enemy 8,Utility,AttackAction,None,1.00,39.9,0
81.48,Utility Enemy 9,Utility,AttackAction,None,1.00,29.7,0
81.48,Utility Enemy 10,Utility,AttackAction,None,1.00,26.3,0
81.48,Utility Enemy 2,Utility,AttackAction,None,1.00,39.0,0
81.48,Utility Enemy 7,Utility,Dead,None,0.00,14.4,0
81.48,Utility Enemy 13,Utility,AttackAction,None,1.00,30.1,0
81.48,Utility Enemy 3,Utility,AttackAction,None,1.00,30.6,0
81.48,Utility Enemy 14,Utility,AttackAction,None,1.00,31.3,0
81.48,Utility Enemy 15,Utility,AttackAction,None,1.00,41.6,0
81.48,Utility Enemy 1,Utility,AttackAction,None,1.00,41.0,0
81.48,Utility Enemy 12,Utility,AttackAction,None,1.00,30.9,0
81.48,Utility Enemy 11,Utility,AttackAction,None,1.00,7.4,0
81.48,Utility Enemy 5,Utility,AttackAction,None,1.00,40.6,0
81.48,Utility Enemy 6,Utility,AttackAction,None,1.00,33.5,0
81.48,Utility Enemy 4,Utility,AttackAction,None,1.00,49.1,0
81.99,Player,Player,-,None,0.41,,0
81.99,FSM Enemy 14,FSM,PatrolState,None,0.90,48.0,0
81.99,FSM Enemy 15,FSM,PatrolState,None,0.60,44.4,0
81.99,FSM Enemy 2,FSM,PatrolState,None,1.00,65.9,0
81.99,FSM Enemy 10,FSM,PatrolState,None,1.00,42.8,0
81.99,FSM Enemy 1,FSM,PatrolState,None,1.00,93.6,0
81.99,FSM Enemy 12,FSM,Dead,None,0.00,11.9,0
81.99,FSM Enemy 9,FSM,PatrolState,None,1.00,29.4,0
81.99,FSM Enemy 4,FSM,PatrolState,None,0.70,17.7,0
81.99,FSM Enemy 7,FSM,PatrolState,None,1.00,37.1,0
81.99,FSM Enemy 6,FSM,PatrolState,None,0.05,24.4,0
81.99,FSM Enemy 13,FSM,PatrolState,None,1.00,73.8,0
81.99,FSM Enemy 3,FSM,PatrolState,None,0.40,72.0,0
81.99,FSM Enemy 5,FSM,PatrolState,None,0.90,81.5,0
81.99,FSM Enemy 11,FSM,PatrolState,None,1.00,63.0,0
81.99,FSM Enemy 8,FSM,PatrolState,None,0.60,40.7,0
81.99,Utility Enemy 8,Utility,AttackAction,None,1.00,38.4,0
81.99,Utility Enemy 9,Utility,AttackAction,None,1.00,28.2,0
81.99,Utility Enemy 10,Utility,AttackAction,None,1.00,26.1,0
81.99,Utility Enemy 2,Utility,AttackAction,None,1.00,37.0,0
81.99,Utility Enemy 7,Utility,AttackAction,None,1.00,19.0,0
81.99,Utility Enemy 13,Utility,AttackAction,None,1.00,27.1,0
81.99,Utility Enemy 3,Utility,AttackAction,None,1.00,29.0,0
81.99,Utility Enemy 14,Utility,AttackAction,None,1.00,29.8,0
81.99,Utility Enemy 15,Utility,AttackAction,None,1.00,39.9,0
81.99,Utility Enemy 1,Utility,AttackAction,None,1.00,39.4,0
81.99,Utility Enemy 12,Utility,AttackAction,None,1.00,29.6,0
81.99,Utility Enemy 11,Utility,AttackAction,None,1.00,8.4,0
81.99,Utility Enemy 5,Utility,AttackAction,None,1.00,39.0,0
81.99,Utility Enemy 6,Utility,AttackAction,None,1.00,31.4,0
81.99,Utility Enemy 4,Utility,AttackAction,None,1.00,49.0,0
82.49,Player,Player,-,None,0.41,,0
82.49,FSM Enemy 14,FSM,PatrolState,None,0.90,46.3,0
82.49,FSM Enemy 15,FSM,PatrolState,None,0.60,44.4,0
82.49,FSM Enemy 2,FSM,PatrolState,None,1.00,64.1,0
82.49,FSM Enemy 10,FSM,PatrolState,None,1.00,40.1,0
82.49,FSM Enemy 1,FSM,PatrolState,None,1.00,90.8,0
82.49,FSM Enemy 12,FSM,Dead,None,0.00,14.8,0
82.49,FSM Enemy 9,FSM,PatrolState,None,1.00,26.5,0
82.49,FSM Enemy 4,FSM,PatrolState,None,0.70,16.5,0
82.49,FSM Enemy 7,FSM,PatrolState,None,1.00,36.1,0
82.49,FSM Enemy 6,FSM,PatrolState,None,0.05,26.3,0
82.49,FSM Enemy 13,FSM,PatrolState,None,1.00,73.8,0
82.49,FSM Enemy 3,FSM,PatrolState,None,0.40,68.1,0
82.49,FSM Enemy 5,FSM,PatrolState,None,0.90,80.1,0
82.49,FSM Enemy 11,FSM,PatrolState,None,1.00,64.8,0
82.49,FSM Enemy 8,FSM,PatrolState,None,0.60,37.4,0
82.49,Utility Enemy 8,Utility,AttackAction,None,1.00,36.7,0
82.49,Utility Enemy 9,Utility,AttackAction,None,1.00,26.7,0
82.49,Utility Enemy 10,Utility,AttackAction,None,1.00,25.9,0
82.49,Utility Enemy 2,Utility,AttackAction,None,1.00,34.9,0
82.49,Utility Enemy 7,Utility,AttackAction,None,1.00,17.9,0
82.49,Utility Enemy 13,Utility,AttackAction,None,1.00,24.1,0
82.49,Utility Enemy 3,Utility,AttackAction,None,1.00,27.3,0
82.49,Utility Enemy 14,Utility,AttackAction,None,1.00,28.2,0
82.49,Utility Enemy 15,Utility,AttackAction,None,1.00,38.0,0
82.49,Utility Enemy 1,Utility,AttackAction,None,1.00,37.6,0
82.49,Utility Enemy 12,Utility,AttackAction,None,1.00,28.1,0
82.49,Utility Enemy 11,Utility,AttackAction,None,1.00,10.1,0
82.49,Utility Enemy 5,Utility,AttackAction,None,1.00,37.1,0
82.49,Utility Enemy 6,Utility,AttackAction,None,1.00,29.1,0
82.49,Utility Enemy 4,Utility,AttackAction,None,1.00,48.7,0
83.00,Player,Player,-,None,0.41,,0
83.00,FSM Enemy 14,FSM,PatrolState,None,0.90,44.7,0
83.00,FSM Enemy 15,FSM,PatrolState,None,0.60,44.1,0
83.00,FSM Enemy 2,FSM,PatrolState,None,1.00,62.3,0
83.00,FSM Enemy 10,FSM,PatrolState,None,1.00,37.7,0
83.00,FSM Enemy 1,FSM,PatrolState,None,1.00,87.3,0
83.00,FSM Enemy 12,FSM,Dead,None,0.00,17.5,0
83.00,FSM Enemy 9,FSM,PatrolState,None,1.00,23.6,0
83.00,FSM Enemy 4,FSM,PatrolState,None,0.70,15.8,0
83.00,FSM Enemy 7,FSM,PatrolState,None,1.00,35.0,0
83.00,FSM Enemy 6,FSM,PatrolState,None,0.05,28.2,0
83.00,FSM Enemy 13,FSM,PatrolState,None,1.00,73.3,0
83.00,FSM Enemy 3,FSM,PatrolState,None,0.40,64.0,0
83.00,FSM Enemy 5,FSM,PatrolState,None,0.90,78.3,0
83.00,FSM Enemy 11,FSM,PatrolState,None,1.00,66.2,0
83.00,FSM Enemy 8,FSM,PatrolState,None,0.60,33.9,0
83.00,Utility Enemy 8,Utility,AttackAction,None,1.00,34.6,0
83.00,Utility Enemy 9,Utility,AttackAction,None,1.00,24.8,0
83.00,Utility Enemy 10,Utility,AttackAction,None,1.00,25.4,0
83.00,Utility Enemy 2,Utility,AttackAction,None,1.00,32.5,0
83.00,Utility Enemy 7,Utility,AttackAction,None,1.00,17.8,0
83.00,Utility Enemy 13,Utility,AttackAction,None,1.00,21.2,0
83.00,Utility Enemy 3,Utility,AttackAction,None,1.00,25.3,0
83.00,Utility Enemy 14,Utility,AttackAction,None,1.00,26.3,0
83.00,Utility Enemy 15,Utility,AttackAction,None,1.00,35.8,0
83.00,Utility Enemy 1,Utility,AttackAction,None,1.00,35.5,0
83.00,Utility Enemy 12,Utility,AttackAction,None,1.00,26.4,0
83.00,Utility Enemy 11,Utility,AttackAction,None,1.00,11.9,0
83.00,Utility Enemy 5,Utility,AttackAction,None,1.00,35.0,0
83.00,Utility Enemy 6,Utility,AttackAction,None,1.00,26.6,0
83.00,Utility Enemy 4,Utility,AttackAction,None,1.00,47.9,0
83.50,Player,Player,-,None,0.41,,0
83.50,FSM Enemy 14,FSM,PatrolState,None,0.90,45.1,0
83.50,FSM Enemy 15,FSM,PatrolState,None,0.60,42.5,0
83.50,FSM Enemy 2,FSM,PatrolState,None,1.00,61.1,0
83.50,FSM Enemy 10,FSM,PatrolState,None,1.00,37.2,0
83.50,FSM Enemy 1,FSM,PatrolState,None,1.00,83.3,0
83.50,FSM Enemy 12,FSM,Dead,None,0.00,18.8,0
83.50,FSM Enemy 9,FSM,PatrolState,None,1.00,19.9,0
83.50,FSM Enemy 4,FSM,PatrolState,None,0.70,17.5,0
83.50,FSM Enemy 7,FSM,PatrolState,None,1.00,32.6,0
83.50,FSM Enemy 6,FSM,PatrolState,None,0.05,29.1,0
83.50,FSM Enemy 13,FSM,PatrolState,None,1.00,71.1,0
83.50,FSM Enemy 3,FSM,PatrolState,None,0.40,60.7,0
83.50,FSM Enemy 5,FSM,PatrolState,None,0.90,75.7,0
83.50,FSM Enemy 11,FSM,PatrolState,None,1.00,65.6,0
83.50,FSM Enemy 8,FSM,PatrolState,None,0.60,29.8,0
83.50,Utility Enemy 8,Utility,AttackAction,None,1.00,31.7,0
83.50,Utility Enemy 9,Utility,AttackAction,None,1.00,22.0,0
83.50,Utility Enemy 10,Utility,AttackAction,None,1.00,23.3,0
83.50,Utility Enemy 2,Utility,AttackAction,None,1.00,29.6,0
83.50,Utility Enemy 7,Utility,AttackAction,None,1.00,20.0,0
83.50,Utility Enemy 13,Utility,AttackAction,None,1.00,19.8,0
83.50,Utility Enemy 3,Utility,AttackAction,None,1.00,22.5,0
83.50,Utility Enemy 14,Utility,AttackAction,None,1.00,23.5,0
83.50,Utility Enemy 15,Utility,AttackAction,None,1.00,32.9,0
83.50,Utility Enemy 1,Utility,AttackAction,None,1.00,32.6,0
83.50,Utility Enemy 12,Utility,AttackAction,None,1.00,23.6,0
83.50,Utility Enemy 11,Utility,AttackAction,None,1.00,12.7,0
83.50,Utility Enemy 5,Utility,AttackAction,None,1.00,32.0,0
83.50,Utility Enemy 6,Utility,AttackAction,None,1.00,23.7,0
83.50,Utility Enemy 4,Utility,AttackAction,None,1.00,45.5,0
84.01,Player,Player,-,None,0.41,,0
84.01,FSM Enemy 14,FSM,PatrolState,None,0.90,45.8,0
84.01,FSM Enemy 15,FSM,PatrolState,None,0.60,42.4,0
84.01,FSM Enemy 2,FSM,PatrolState,None,1.00,60.3,0
84.01,FSM Enemy 10,FSM,PatrolState,None,1.00,37.9,0
84.01,FSM Enemy 1,FSM,PatrolState,None,1.00,81.2,0
84.01,FSM Enemy 12,FSM,Dead,None,0.00,19.2,0
84.01,FSM Enemy 9,FSM,PatrolState,None,1.00,18.2,0
84.01,FSM Enemy 4,FSM,PatrolState,None,0.70,18.6,0
84.01,FSM Enemy 7,FSM,PatrolState,None,1.00,31.8,0
84.01,FSM Enemy 6,FSM,PatrolState,None,0.05,28.7,0
84.01,FSM Enemy 13,FSM,PatrolState,None,1.00,70.1,0
84.01,FSM Enemy 3,FSM,PatrolState,None,0.40,59.0,0
84.01,FSM Enemy 5,FSM,PatrolState,None,0.90,75.1,0
84.01,FSM Enemy 11,FSM,PatrolState,None,1.00,66.0,0
84.01,FSM Enemy 8,FSM,PatrolState,None,0.60,29.0,0
84.01,Utility Enemy 8,Utility,AttackAction,None,1.00,30.7,0
84.01,Utility Enemy 9,Utility,AttackAction,None,1.00,21.0,0
84.01,Utility Enemy 10,Utility,AttackAction,None,1.00,22.5,0
84.01,Utility Enemy 2,Utility,AttackAction,None,1.00,28.6,0
84.01,Utility Enemy 7,Utility,AttackAction,None,1.00,20.9,0
84.01,Utility Enemy 13,Utility,AttackAction,None,1.00,19.5,0
84.01,Utility Enemy 3,Utility,AttackAction,None,1.00,21.5,0
84.01,Utility Enemy 14,Utility,AttackAction,None,1.00,22.4,0
84.01,Utility Enemy 15,Utility,AttackAction,None,1.00,31.9,0
84.01,Utility Enemy 1,Utility,AttackAction,None,1.00,31.6,0
84.01,Utility Enemy 12,Utility,AttackAction,None,1.00,22.6,0
84.01,Utility Enemy 11,Utility,AttackAction,None,1.00,12.9,0
84.01,Utility Enemy 5,Utility,AttackAction,None,1.00,31.0,0
84.01,Utility Enemy 6,Utility,AttackAction,None,1.00,22.7,0
84.01,Utility Enemy 4,Utility,AttackAction,None,1.00,44.6,0
84.51,Player,Player,-,None,0.41,,0
84.51,FSM Enemy 14,FSM,PatrolState,None,0.90,46.4,0
84.51,FSM Enemy 15,FSM,PatrolState,None,0.60,42.5,0
84.51,FSM Enemy 2,FSM,PatrolState,None,1.00,59.7,0
84.51,FSM Enemy 10,FSM,PatrolState,None,1.00,38.6,0
84.51,FSM Enemy 1,FSM,PatrolState,None,1.00,79.8,0
84.51,FSM Enemy 12,FSM,Dead,None,0.00,19.3,0
84.51,FSM Enemy 9,FSM,PatrolState,None,1.00,17.1,0
84.51,FSM Enemy 4,FSM,PatrolState,None,0.70,18.4,0
84.51,FSM Enemy 7,FSM,PatrolState,None,1.00,31.8,0
84.51,FSM Enemy 6,FSM,PatrolState,None,0.05,27.8,0
84.51,FSM Enemy 13,FSM,PatrolState,None,1.00,69.5,0
84.51,FSM Enemy 3,FSM,PatrolState,None,0.40,57.7,0
84.51,FSM Enemy 5,FSM,PatrolState,None,0.90,75.2,0
84.51,FSM Enemy 11,FSM,PatrolState,None,1.00,67.0,0
84.51,FSM Enemy 8,FSM,PatrolState,None,0.60,29.9,0
84.51,Utility Enemy 8,Utility,AttackAction,None,1.00,30.3,0
84.51,Utility Enemy 9,Utility,AttackAction,None,1.00,20.6,0
84.51,Utility Enemy 10,Utility,AttackAction,None,1.00,22.2,0
84.51,Utility Enemy 2,Utility,AttackAction,None,1.00,28.2,0
84.51,Utility Enemy 7,Utility,AttackAction,None,1.00,21.2,0
84.51,Utility Enemy 13,Utility,AttackAction,None,1.00,19.4,0
84.51,Utility Enemy 3,Utility,AttackAction,None,1.00,21.1,0
84.51,Utility Enemy 14,Utility,AttackAction,None,1.00,22.1,0
84.51,Utility Enemy 15,Utility,AttackAction,None,1.00,31.5,0
84.51,Utility Enemy 1,Utility,AttackAction,None,1.00,31.2,0
84.51,Utility Enemy 12,Utility,AttackAction,None,1.00,22.2,0
84.51,Utility Enemy 11,Utility,AttackAction,None,1.00,13.0,0
84.51,Utility Enemy 5,Utility,AttackAction,None,1.00,30.6,0
84.51,Utility Enemy 6,Utility,AttackAction,None,1.00,22.4,0
84.51,Utility Enemy 4,Utility,AttackAction,None,1.00,44.3,0
85.01,Player,Player,-,None,0.41,,0
85.01,FSM Enemy 14,FSM,PatrolState,None,0.90,46.9,0
85.01,FSM Enemy 15,FSM,PatrolState,None,0.60,42.5,0
85.01,FSM Enemy 2,FSM,PatrolState,None,1.00,59.1,0
85.01,FSM Enemy 10,FSM,PatrolState,None,1.00,37.6,0
85.01,FSM Enemy 1,FSM,PatrolState,None,1.00,78.7,0
85.01,FSM Enemy 12,FSM,Dead,None,0.00,19.3,0
85.01,FSM Enemy 9,FSM,PatrolState,None,1.00,16.5,0
85.01,FSM Enemy 4,FSM,PatrolState,None,0.70,17.7,0
85.01,FSM Enemy 7,FSM,PatrolState,None,1.00,32.1,0
85.01,FSM Enemy 6,FSM,PatrolState,None,0.05,26.7,0
85.01,FSM Enemy 13,FSM,PatrolState,None,1.00,69.3,0
85.01,FSM Enemy 3,FSM,PatrolState,None,0.40,56.7,0
85.01,FSM Enemy 5,FSM,PatrolState,None,0.90,75.7,0
85.01,FSM Enemy 11,FSM,PatrolState,None,1.00,67.5,0
85.01,FSM Enemy 8,FSM,PatrolState,None,0.60,31.0,0
85.01,Utility Enemy 8,Utility,AttackAction,None,1.00,30.3,0
85.01,Utility Enemy 9,Utility,AttackAction,None,1.00,20.6,0
85.01,Utility Enemy 10,Utility,AttackAction,None,1.00,22.2,0
85.01,Utility Enemy 2,Utility,AttackAction,None,1.00,28.2,0
85.01,Utility Enemy 7,Utility,AttackAction,None,1.00,21.2,0
85.01,Utility Enemy 13,Utility,AttackAction,None,1.00,19.4,0
85.01,Utility Enemy 3,Utility,AttackAction,None,1.00,21.1,0
85.01,Utility Enemy 14,Utility,AttackAction,None,1.00,22.1,0
85.01,Utility Enemy 15,Utility,AttackAction,None,1.00,31.5,0
85.01,Utility Enemy 1,Utility,AttackAction,None,1.00,31.2,0
85.01,Utility Enemy 12,Utility,AttackAction,None,1.00,22.2,0
85.01,Utility Enemy 11,Utility,AttackAction,None,1.00,13.0,0
85.01,Utility Enemy 5,Utility,AttackAction,None,1.00,30.6,0
85.01,Utility Enemy 6,Utility,AttackAction,None,1.00,22.4,0
85.01,Utility Enemy 4,Utility,AttackAction,None,1.00,44.3,0
85.52,Player,Player,-,GravityFlip,0.41,,0
85.52,FSM Enemy 14,FSM,TakeCoverState,GravityFlip,0.90,47.4,0
85.52,FSM Enemy 15,FSM,TakeCoverState,GravityFlip,0.50,42.5,0
85.52,FSM Enemy 2,FSM,TakeCoverState,GravityFlip,1.00,58.5,0
85.52,FSM Enemy 10,FSM,TakeCoverState,GravityFlip,1.00,36.4,0
85.52,FSM Enemy 1,FSM,TakeCoverState,GravityFlip,1.00,77.8,0
85.52,FSM Enemy 12,FSM,Dead,GravityFlip,0.00,19.3,0
85.52,FSM Enemy 9,FSM,TakeCoverState,GravityFlip,1.00,16.0,0
85.52,FSM Enemy 4,FSM,TakeCoverState,GravityFlip,0.70,17.0,0
85.52,FSM Enemy 7,FSM,TakeCoverState,GravityFlip,1.00,32.7,0
85.52,FSM Enemy 6,FSM,TakeCoverState,GravityFlip,0.05,25.6,0
85.52,FSM Enemy 13,FSM,TakeCoverState,GravityFlip,1.00,69.1,0
85.52,FSM Enemy 3,FSM,TakeCoverState,GravityFlip,0.40,55.8,0
85.52,FSM Enemy 5,FSM,TakeCoverState,GravityFlip,0.90,76.1,0
85.52,FSM Enemy 11,FSM,TakeCoverState,GravityFlip,1.00,66.5,0
85.52,FSM Enemy 8,FSM,TakeCoverState,GravityFlip,0.60,32.2,0
85.52,Utility Enemy 8,Utility,AttackAction,GravityFlip,1.00,30.4,0
85.52,Utility Enemy 9,Utility,AttackAction,GravityFlip,1.00,20.7,0
85.52,Utility Enemy 10,Utility,AttackAction,GravityFlip,1.00,22.3,0
85.52,Utility Enemy 2,Utility,AttackAction,GravityFlip,1.00,28.3,0
85.52,Utility Enemy 7,Utility,AttackAction,GravityFlip,1.00,21.3,0
85.52,Utility Enemy 13,Utility,AttackAction,GravityFlip,1.00,19.5,0
85.52,Utility Enemy 3,Utility,AttackAction,GravityFlip,1.00,21.1,0
85.52,Utility Enemy 14,Utility,AttackAction,GravityFlip,1.00,22.1,0
85.52,Utility Enemy 15,Utility,AttackAction,GravityFlip,1.00,31.5,0
85.52,Utility Enemy 1,Utility,AttackAction,GravityFlip,1.00,31.2,0
85.52,Utility Enemy 12,Utility,AttackAction,GravityFlip,1.00,22.3,0
85.52,Utility Enemy 11,Utility,AttackAction,GravityFlip,1.00,13.1,0
85.52,Utility Enemy 5,Utility,AttackAction,GravityFlip,1.00,30.7,0
85.52,Utility Enemy 6,Utility,AttackAction,GravityFlip,1.00,22.4,0
85.52,Utility Enemy 4,Utility,AttackAction,GravityFlip,1.00,44.3,0
86.02,Player,Player,-,GravityFlip,0.41,,0
86.02,FSM Enemy 14,FSM,TakeCoverState,GravityFlip,0.90,46.6,0
86.02,FSM Enemy 15,FSM,TakeCoverState,GravityFlip,0.50,43.3,0
86.02,FSM Enemy 2,FSM,TakeCoverState,GravityFlip,1.00,56.8,0
86.02,FSM Enemy 10,FSM,TakeCoverState,GravityFlip,1.00,35.7,0
86.02,FSM Enemy 1,FSM,TakeCoverState,GravityFlip,1.00,78.4,0
86.02,FSM Enemy 12,FSM,Dead,GravityFlip,0.00,19.4,0
86.02,FSM Enemy 9,FSM,TakeCoverState,GravityFlip,1.00,14.2,0
86.02,FSM Enemy 4,FSM,TakeCoverState,GravityFlip,0.70,16.9,0
86.02,FSM Enemy 7,FSM,TakeCoverState,GravityFlip,1.00,31.7,0
86.02,FSM Enemy 6,FSM,TakeCoverState,GravityFlip,0.05,23.5,0
86.02,FSM Enemy 13,FSM,TakeCoverState,GravityFlip,1.00,67.7,0
86.02,FSM Enemy 3,FSM,TakeCoverState,GravityFlip,0.40,55.8,0
86.02,FSM Enemy 5,FSM,TakeCoverState,GravityFlip,0.90,74.6,0
86.02,FSM Enemy 11,FSM,TakeCoverState,GravityFlip,1.00,66.5,0
86.02,FSM Enemy 8,FSM,TakeCoverState,GravityFlip,0.60,31.9,0
86.02,Utility Enemy 8,Utility,TakeCoverAction,GravityFlip,1.00,29.7,0
86.02,Utility Enemy 9,Utility,TakeCoverAction,GravityFlip,1.00,19.7,0
86.02,Utility Enemy 10,Utility,TakeCoverAction,GravityFlip,1.00,22.3,0
86.02,Utility Enemy 2,Utility,TakeCoverAction,GravityFlip,1.00,28.4,0
86.02,Utility Enemy 7,Utility,TakeCoverAction,GravityFlip,1.00,21.4,0
86.02,Utility Enemy 13,Utility,TakeCoverAction,GravityFlip,1.00,18.9,0
86.02,Utility Enemy 3,Utility,TakeCoverAction,GravityFlip,1.00,22.2,0
86.02,Utility Enemy 14,Utility,TakeCoverAction,GravityFlip,1.00,22.6,0
86.02,Utility Enemy 15,Utility,TakeCoverAction,GravityFlip,1.00,31.7,0
86.02,Utility Enemy 1,Utility,TakeCoverAction,GravityFlip,1.00,31.4,0
86.02,Utility Enemy 12,Utility,TakeCoverAction,GravityFlip,1.00,22.6,0
86.02,Utility Enemy 11,Utility,TakeCoverAction,GravityFlip,1.00,13.3,0
86.02,Utility Enemy 5,Utility,TakeCoverAction,GravityFlip,1.00,30.8,0
86.02,Utility Enemy 6,Utility,TakeCoverAction,GravityFlip,1.00,21.7,0
86.02,Utility Enemy 4,Utility,TakeCoverAction,GravityFlip,1.00,44.8,0
86.52,Player,Player,-,GravityFlip,0.41,,0
86.52,FSM Enemy 14,FSM,TakeCoverState,GravityFlip,0.90,45.5,0
86.52,FSM Enemy 15,FSM,TakeCoverState,GravityFlip,0.50,44.6,0
86.52,FSM Enemy 2,FSM,TakeCoverState,GravityFlip,1.00,56.1,0
86.52,FSM Enemy 10,FSM,TakeCoverState,GravityFlip,1.00,35.4,0
86.52,FSM Enemy 1,FSM,TakeCoverState,GravityFlip,1.00,80.2,0
86.52,FSM Enemy 12,FSM,Dead,GravityFlip,0.00,19.4,0
86.52,FSM Enemy 9,FSM,TakeCoverState,GravityFlip,1.00,13.6,0
86.52,FSM Enemy 4,FSM,TakeCoverState,GravityFlip,0.70,16.9,0
86.52,FSM Enemy 7,FSM,TakeCoverState,GravityFlip,1.00,29.8,0
86.52,FSM Enemy 6,FSM,TakeCoverState,GravityFlip,0.05,21.4,0
86.52,FSM Enemy 13,FSM,TakeCoverState,GravityFlip,1.00,65.7,0
86.52,FSM Enemy 3,FSM,TakeCoverState,GravityFlip,0.40,55.8,0
86.52,FSM Enemy 5,FSM,TakeCoverState,GravityFlip,0.90,72.4,0
86.52,FSM Enemy 11,FSM,TakeCoverState,GravityFlip,1.00,66.5,0
86.52,FSM Enemy 8,FSM,TakeCoverState,GravityFlip,0.60,31.9,0
86.52,Utility Enemy 8,Utility,TakeCoverAction,GravityFlip,1.00,29.4,0
86.52,Utility Enemy 9,Utility,TakeCoverAction,GravityFlip,1.00,17.8,0
86.52,Utility Enemy 10,Utility,TakeCoverAction,GravityFlip,1.00,22.3,0
86.52,Utility Enemy 2,Utility,TakeCoverAction,GravityFlip,1.00,28.4,0
86.52,Utility Enemy 7,Utility,TakeCoverAction,GravityFlip,1.00,21.7,0
86.52,Utility Enemy 13,Utility,TakeCoverAction,GravityFlip,1.00,17.6,0
86.52,Utility Enemy 3,Utility,TakeCoverAction,GravityFlip,1.00,24.3,0
86.52,Utility Enemy 14,Utility,TakeCoverAction,GravityFlip,1.00,23.7,0
86.52,Utility Enemy 15,Utility,TakeCoverAction,GravityFlip,1.00,31.9,0
86.52,Utility Enemy 1,Utility,TakeCoverAction,GravityFlip,1.00,31.4,0
86.52,Utility Enemy 12,Utility,TakeCoverAction,GravityFlip,1.00,23.3,0
86.52,Utility Enemy 11,Utility,TakeCoverAction,GravityFlip,1.00,13.9,0
86.52,Utility Enemy 5,Utility,TakeCoverAction,GravityFlip,1.00,31.0,0
86.52,Utility Enemy 6,Utility,TakeCoverAction,GravityFlip,1.00,20.5,0
86.52,Utility Enemy 4,Utility,TakeCoverAction,GravityFlip,1.00,45.8,0
87.03,Player,Player,-,GravityFlip,0.41,,0
87.03,FSM Enemy 14,FSM,TakeCoverState,GravityFlip,0.90,44.7,0
87.03,FSM Enemy 15,FSM,TakeCoverState,GravityFlip,0.50,45.9,0
87.03,FSM Enemy 2,FSM,TakeCoverState,GravityFlip,1.00,56.1,0
87.03,FSM Enemy 10,FSM,TakeCoverState,GravityFlip,1.00,35.3,0
87.03,FSM Enemy 1,FSM,TakeCoverState,GravityFlip,1.00,80.3,0
87.03,FSM Enemy 12,FSM,Dead,GravityFlip,0.00,19.4,0
87.03,FSM Enemy 9,FSM,TakeCoverState,GravityFlip,1.00,13.6,0
87.03,FSM Enemy 4,FSM,TakeCoverState,GravityFlip,0.70,16.9,0
87.03,FSM Enemy 7,FSM,TakeCoverState,GravityFlip,1.00,28.0,0
87.03,FSM Enemy 6,FSM,TakeCoverState,GravityFlip,0.05,19.3,0
87.03,FSM Enemy 13,FSM,TakeCoverState,GravityFlip,1.00,64.8,0
87.03,FSM Enemy 3,FSM,TakeCoverState,GravityFlip,0.40,55.8,0
87.03,FSM Enemy 5,FSM,TakeCoverState,GravityFlip,0.90,70.1,0
87.03,FSM Enemy 11,FSM,TakeCoverState,GravityFlip,1.00,66.5,0
87.03,FSM Enemy 8,FSM,TakeCoverState,GravityFlip,0.60,31.9,0
87.03,Utility Enemy 8,Utility,TakeCoverAction,GravityFlip,1.00,29.4,0
87.03,Utility Enemy 9,Utility,TakeCoverAction,GravityFlip,1.00,16.0,0
87.03,Utility Enemy 10,Utility,TakeCoverAction,GravityFlip,1.00,22.4,0
87.03,Utility Enemy 2,Utility,TakeCoverAction,GravityFlip,1.00,28.5,0
87.03,Utility Enemy 7,Utility,TakeCoverAction,GravityFlip,1.00,21.7,0
87.03,Utility Enemy 13,Utility,TakeCoverAction,GravityFlip,1.00,16.6,0
87.03,Utility Enemy 3,Utility,TakeCoverAction,GravityFlip,1.00,26.2,0
87.03,Utility Enemy 14,Utility,TakeCoverAction,GravityFlip,1.00,24.9,0
87.03,Utility Enemy 15,Utility,TakeCoverAction,GravityFlip,1.00,32.1,0
87.03,Utility Enemy 1,Utility,TakeCoverAction,GravityFlip,1.00,31.4,0
87.03,Utility Enemy 12,Utility,TakeCoverAction,GravityFlip,1.00,23.9,0
87.03,Utility Enemy 11,Utility,TakeCoverAction,GravityFlip,1.00,14.9,0
87.03,Utility Enemy 5,Utility,TakeCoverAction,GravityFlip,1.00,31.3,0
87.03,Utility Enemy 6,Utility,TakeCoverAction,GravityFlip,1.00,20.3,0
87.03,Utility Enemy 4,Utility,TakeCoverAction,GravityFlip,1.00,46.9,0
87.53,Player,Player,-,GravityFlip,0.41,,0
87.53,FSM Enemy 14,FSM,TakeCoverState,GravityFlip,0.90,44.6,0
87.53,FSM Enemy 15,FSM,TakeCoverState,GravityFlip,0.50,47.0,0
87.53,FSM Enemy 2,FSM,TakeCoverState,GravityFlip,1.00,56.1,0
87.53,FSM Enemy 10,FSM,TakeCoverState,GravityFlip,1.00,35.4,0
87.53,FSM Enemy 1,FSM,TakeCoverState,GravityFlip,1.00,80.4,0
87.53,FSM Enemy 12,FSM,Dead,GravityFlip,0.00,19.4,0
87.53,FSM Enemy 9,FSM,TakeCoverState,GravityFlip,1.00,13.7,0
87.53,FSM Enemy 4,FSM,TakeCoverState,GravityFlip,0.70,17.0,0
87.53,FSM Enemy 7,FSM,TakeCoverState,GravityFlip,1.00,27.7,0
87.53,FSM Enemy 6,FSM,TakeCoverState,GravityFlip,0.05,18.6,0
87.53,FSM Enemy 13,FSM,TakeCoverState,GravityFlip,1.00,64.8,0
87.53,FSM Enemy 3,FSM,TakeCoverState,GravityFlip,0.40,55.8,0
87.53,FSM Enemy 5,FSM,TakeCoverState,GravityFlip,0.90,69.3,0
87.53,FSM Enemy 11,FSM,TakeCoverState,GravityFlip,1.00,66.5,0
87.53,FSM Enemy 8,FSM,TakeCoverState,GravityFlip,0.60,31.9,0
87.53,Utility Enemy 8,Utility,TakeCoverAction,GravityFlip,1.00,29.4,0
87.53,Utility Enemy 9,Utility,TakeCoverAction,GravityFlip,1.00,14.4,0
87.53,Utility Enemy 10,Utility,TakeCoverAction,GravityFlip,1.00,22.4,0
87.53,Utility Enemy 2,Utility,TakeCoverAction,GravityFlip,1.00,28.5,0
87.53,Utility Enemy 7,Utility,TakeCoverAction,GravityFlip,1.00,21.7,0
87.53,Utility Enemy 13,Utility,TakeCoverAction,GravityFlip,1.00,16.6,0
87.53,Utility Enemy 3,Utility,TakeCoverAction,GravityFlip,1.00,28.0,0
87.53,Utility Enemy 14,Utility,TakeCoverAction,GravityFlip,1.00,25.5,0
87.53,Utility Enemy 15,Utility,TakeCoverAction,GravityFlip,1.00,32.1,0
87.53,Utility Enemy 1,Utility,TakeCoverAction,GravityFlip,1.00,31.5,0
87.53,Utility Enemy 12,Utility,TakeCoverAction,GravityFlip,1.00,24.0,0
87.53,Utility Enemy 11,Utility,TakeCoverAction,GravityFlip,1.00,16.1,0
87.53,Utility Enemy 5,Utility,TakeCoverAction,GravityFlip,1.00,31.4,0
87.53,Utility Enemy 6,Utility,TakeCoverAction,GravityFlip,1.00,20.3,0
87.53,Utility Enemy 4,Utility,TakeCoverAction,GravityFlip,1.00,47.7,0
88.03,Player,Player,-,GravityFlip,0.41,,0
88.03,FSM Enemy 14,FSM,TakeCoverState,GravityFlip,0.90,44.6,0
88.03,FSM Enemy 15,FSM,TakeCoverState,GravityFlip,0.50,47.3,0
88.03,FSM Enemy 2,FSM,TakeCoverState,GravityFlip,1.00,56.1,0
88.03,FSM Enemy 10,FSM,TakeCoverState,GravityFlip,1.00,35.4,0
88.03,FSM Enemy 1,FSM,TakeCoverState,GravityFlip,1.00,80.4,0
88.03,FSM Enemy 12,FSM,Dead,GravityFlip,0.00,19.4,0
88.03,FSM Enemy 9,FSM,TakeCoverState,GravityFlip,1.00,13.7,0
88.03,FSM Enemy 4,FSM,TakeCoverState,GravityFlip,0.70,17.0,0
88.03,FSM Enemy 7,FSM,TakeCoverState,GravityFlip,1.00,27.7,0
88.03,FSM Enemy 6,FSM,TakeCoverState,GravityFlip,0.05,18.6,0
88.03,FSM Enemy 13,FSM,TakeCoverState,GravityFlip,1.00,64.8,0
88.03,FSM Enemy 3,FSM,TakeCoverState,GravityFlip,0.40,55.9,0
88.03,FSM Enemy 5,FSM,TakeCoverState,GravityFlip,0.90,69.3,0
88.03,FSM Enemy 11,FSM,TakeCoverState,GravityFlip,1.00,66.5,0
88.03,FSM Enemy 8,FSM,TakeCoverState,GravityFlip,0.60,32.0,0
88.03,Utility Enemy 8,Utility,TakeCoverAction,GravityFlip,1.00,29.4,0
88.03,Utility Enemy 9,Utility,TakeCoverAction,GravityFlip,1.00,13.9,0
88.03,Utility Enemy 10,Utility,TakeCoverAction,GravityFlip,1.00,22.4,0
88.03,Utility Enemy 2,Utility,TakeCoverAction,GravityFlip,1.00,28.5,0
88.03,Utility Enemy 7,Utility,TakeCoverAction,GravityFlip,1.00,21.8,0
88.03,Utility Enemy 13,Utility,TakeCoverAction,GravityFlip,1.00,16.6,0
88.03,Utility Enemy 3,Utility,TakeCoverAction,GravityFlip,1.00,28.8,0
88.03,Utility Enemy 14,Utility,TakeCoverAction,GravityFlip,1.00,25.5,0
88.03,Utility Enemy 15,Utility,TakeCoverAction,GravityFlip,1.00,32.1,0
88.03,Utility Enemy 1,Utility,TakeCoverAction,GravityFlip,1.00,31.5,0
88.03,Utility Enemy 12,Utility,TakeCoverAction,GravityFlip,1.00,24.0,0
88.03,Utility Enemy 11,Utility,TakeCoverAction,GravityFlip,1.00,17.5,0
88.03,Utility Enemy 5,Utility,TakeCoverAction,GravityFlip,1.00,31.4,0
88.03,Utility Enemy 6,Utility,TakeCoverAction,GravityFlip,1.00,20.4,0
88.03,Utility Enemy 4,Utility,TakeCoverAction,GravityFlip,1.00,47.9,0
88.54,Player,Player,-,GravityFlip,0.41,,0
88.54,FSM Enemy 14,FSM,TakeCoverState,GravityFlip,0.90,44.7,0
88.54,FSM Enemy 15,FSM,TakeCoverState,GravityFlip,0.50,47.4,0
88.54,FSM Enemy 2,FSM,TakeCoverState,GravityFlip,1.00,56.2,0
88.54,FSM Enemy 10,FSM,TakeCoverState,GravityFlip,1.00,35.4,0
88.54,FSM Enemy 1,FSM,TakeCoverState,GravityFlip,1.00,80.4,0
88.54,FSM Enemy 12,FSM,Dead,GravityFlip,0.00,19.4,0
88.54,FSM Enemy 9,FSM,TakeCoverState,GravityFlip,1.00,13.8,0
88.54,FSM Enemy 4,FSM,TakeCoverState,GravityFlip,0.70,17.1,0
88.54,FSM Enemy 7,FSM,TakeCoverState,GravityFlip,1.00,27.7,0
88.54,FSM Enemy 6,FSM,TakeCoverState,GravityFlip,0.05,18.7,0
88.54,FSM Enemy 13,FSM,TakeCoverState,GravityFlip,1.00,64.8,0
88.54,FSM Enemy 3,FSM,TakeCoverState,GravityFlip,0.40,55.9,0
88.54,FSM Enemy 5,FSM,TakeCoverState,GravityFlip,0.90,69.3,0
88.54,FSM Enemy 11,FSM,TakeCoverState,GravityFlip,1.00,66.5,0
88.54,FSM Enemy 8,FSM,TakeCoverState,GravityFlip,0.60,32.0,0
88.54,Utility Enemy 8,Utility,TakeCoverAction,GravityFlip,1.00,29.5,0
88.54,Utility Enemy 9,Utility,TakeCoverAction,GravityFlip,1.00,14.0,0
88.54,Utility Enemy 10,Utility,TakeCoverAction,GravityFlip,1.00,22.4,0
88.54,Utility Enemy 2,Utility,TakeCoverAction,GravityFlip,1.00,28.5,0
88.54,Utility Enemy 7,Utility,TakeCoverAction,GravityFlip,1.00,21.8,0
88.54,Utility Enemy 13,Utility,TakeCoverAction,GravityFlip,1.00,16.7,0
88.54,Utility Enemy 3,Utility,TakeCoverAction,GravityFlip,1.00,28.8,0
88.54,Utility Enemy 14,Utility,TakeCoverAction,GravityFlip,1.00,25.5,0
88.54,Utility Enemy 15,Utility,TakeCoverAction,GravityFlip,1.00,32.1,0
88.54,Utility Enemy 1,Utility,TakeCoverAction,GravityFlip,1.00,31.5,0
88.54,Utility Enemy 12,Utility,TakeCoverAction,GravityFlip,1.00,24.0,0
88.54,Utility Enemy 11,Utility,TakeCoverAction,GravityFlip,1.00,18.8,0
88.54,Utility Enemy 5,Utility,TakeCoverAction,GravityFlip,1.00,31.4,0
88.54,Utility Enemy 6,Utility,TakeCoverAction,GravityFlip,1.00,20.4,0
88.54,Utility Enemy 4,Utility,TakeCoverAction,GravityFlip,1.00,47.9,0
89.04,Player,Player,-,GravityFlip,0.41,,0
89.04,FSM Enemy 14,FSM,TakeCoverState,GravityFlip,0.90,44.7,0
89.04,FSM Enemy 15,FSM,TakeCoverState,GravityFlip,0.50,47.4,0
89.04,FSM Enemy 2,FSM,TakeCoverState,GravityFlip,1.00,56.2,0
89.04,FSM Enemy 10,FSM,TakeCoverState,GravityFlip,1.00,35.4,0
89.04,FSM Enemy 1,FSM,TakeCoverState,GravityFlip,1.00,80.4,0
89.04,FSM Enemy 12,FSM,Dead,GravityFlip,0.00,19.4,0
89.04,FSM Enemy 9,FSM,TakeCoverState,GravityFlip,1.00,13.8,0
89.04,FSM Enemy 4,FSM,TakeCoverState,GravityFlip,0.70,17.1,0
89.04,FSM Enemy 7,FSM,TakeCoverState,GravityFlip,1.00,27.8,0
89.04,FSM Enemy 6,FSM,TakeCoverState,GravityFlip,0.05,18.7,0
89.04,FSM Enemy 13,FSM,TakeCoverState,GravityFlip,1.00,64.8,0
89.04,FSM Enemy 3,FSM,TakeCoverState,GravityFlip,0.40,55.9,0
89.04,FSM Enemy 5,FSM,TakeCoverState,GravityFlip,0.90,69.3,0
89.04,FSM Enemy 11,FSM,TakeCoverState,GravityFlip,1.00,66.5,0
89.04,FSM Enemy 8,FSM,TakeCoverState,GravityFlip,0.60,32.0,0
89.04,Utility Enemy 8,Utility,TakeCoverAction,GravityFlip,1.00,29.5,0
89.04,Utility Enemy 9,Utility,TakeCoverAction,GravityFlip,1.00,14.0,0
89.04,Utility Enemy 10,Utility,TakeCoverAction,GravityFlip,1.00,22.5,0
89.04,Utility Enemy 2,Utility,TakeCoverAction,GravityFlip,1.00,28.5,0
89.04,Utility Enemy 7,Utility,TakeCoverAction,GravityFlip,1.00,21.8,0
89.04,Utility Enemy 13,Utility,TakeCoverAction,GravityFlip,1.00,16.7,0
89.04,Utility Enemy 3,Utility,TakeCoverAction,GravityFlip,1.00,28.8,0
89.04,Utility Enemy 14,Utility,TakeCoverAction,GravityFlip,1.00,25.6,0
89.04,Utility Enemy 15,Utility,TakeCoverAction,GravityFlip,1.00,32.2,0
89.04,Utility Enemy 1,Utility,TakeCoverAction,GravityFlip,1.00,31.5,0
89.04,Utility Enemy 12,Utility,TakeCoverAction,GravityFlip,1.00,24.1,0
89.04,Utility Enemy 11,Utility,TakeCoverAction,GravityFlip,1.00,18.9,0
89.04,Utility Enemy 5,Utility,TakeCoverAction,GravityFlip,1.00,31.4,0
89.04,Utility Enemy 6,Utility,TakeCoverAction,GravityFlip,1.00,20.4,0
89.04,Utility Enemy 4,Utility,TakeCoverAction,GravityFlip,1.00,47.9,0
89.55,Player,Player,-,GravityFlip,0.41,,0
89.55,FSM Enemy 14,FSM,TakeCoverState,GravityFlip,0.90,44.7,0
89.55,FSM Enemy 15,FSM,TakeCoverState,GravityFlip,0.50,47.4,0
89.55,FSM Enemy 2,FSM,TakeCoverState,GravityFlip,1.00,56.2,0
89.55,FSM Enemy 10,FSM,TakeCoverState,GravityFlip,1.00,35.4,0
89.55,FSM Enemy 1,FSM,TakeCoverState,GravityFlip,1.00,80.4,0
89.55,FSM Enemy 12,FSM,Dead,GravityFlip,0.00,19.4,0
89.55,FSM Enemy 9,FSM,TakeCoverState,GravityFlip,1.00,13.9,0
89.55,FSM Enemy 4,FSM,TakeCoverState,GravityFlip,0.70,17.1,0
89.55,FSM Enemy 7,FSM,TakeCoverState,GravityFlip,1.00,27.8,0
89.55,FSM Enemy 6,FSM,TakeCoverState,GravityFlip,0.05,18.7,0
89.55,FSM Enemy 13,FSM,TakeCoverState,GravityFlip,1.00,64.8,0
89.55,FSM Enemy 3,FSM,TakeCoverState,GravityFlip,0.40,55.9,0
89.55,FSM Enemy 5,FSM,TakeCoverState,GravityFlip,0.90,69.3,0
89.55,FSM Enemy 11,FSM,TakeCoverState,GravityFlip,1.00,66.5,0
89.55,FSM Enemy 8,FSM,TakeCoverState,GravityFlip,0.60,32.0,0
89.55,Utility Enemy 8,Utility,TakeCoverAction,GravityFlip,1.00,29.5,0
89.55,Utility Enemy 9,Utility,TakeCoverAction,GravityFlip,1.00,14.1,0
89.55,Utility Enemy 10,Utility,TakeCoverAction,GravityFlip,1.00,22.5,0
89.55,Utility Enemy 2,Utility,TakeCoverAction,GravityFlip,1.00,28.6,0
89.55,Utility Enemy 7,Utility,TakeCoverAction,GravityFlip,1.00,21.8,0
89.55,Utility Enemy 13,Utility,TakeCoverAction,GravityFlip,1.00,16.8,0
89.55,Utility Enemy 3,Utility,TakeCoverAction,GravityFlip,1.00,28.9,0
89.55,Utility Enemy 14,Utility,TakeCoverAction,GravityFlip,1.00,25.6,0
89.55,Utility Enemy 15,Utility,TakeCoverAction,GravityFlip,1.00,32.2,0
89.55,Utility Enemy 1,Utility,TakeCoverAction,GravityFlip,1.00,31.5,0
89.55,Utility Enemy 12,Utility,TakeCoverAction,GravityFlip,1.00,24.1,0
89.55,Utility Enemy 11,Utility,TakeCoverAction,GravityFlip,1.00,18.9,0
89.55,Utility Enemy 5,Utility,TakeCoverAction,GravityFlip,1.00,31.5,0
89.55,Utility Enemy 6,Utility,TakeCoverAction,GravityFlip,1.00,20.5,0
89.55,Utility Enemy 4,Utility,TakeCoverAction,GravityFlip,1.00,48.0,0
90.05,Player,Player,-,EnemyDuplicate,0.41,,0
90.05,FSM Enemy 14,FSM,AttackState,EnemyDuplicate,0.90,44.7,0
90.05,FSM Enemy 15,FSM,AttackState,EnemyDuplicate,0.50,47.4,0
90.05,FSM Enemy 2,FSM,AttackState,EnemyDuplicate,1.00,56.2,0
90.05,FSM Enemy 10,FSM,AttackState,EnemyDuplicate,1.00,35.4,0
90.05,FSM Enemy 1,FSM,AttackState,EnemyDuplicate,1.00,80.4,0
90.05,FSM Enemy 12,FSM,Dead,EnemyDuplicate,0.00,19.4,0
90.05,FSM Enemy 9,FSM,AttackState,EnemyDuplicate,1.00,13.9,0
90.05,FSM Enemy 4,FSM,AttackState,EnemyDuplicate,0.70,17.2,0
90.05,FSM Enemy 7,FSM,AttackState,EnemyDuplicate,1.00,27.8,0
90.05,FSM Enemy 6,FSM,AttackState,EnemyDuplicate,0.05,18.8,0
90.05,FSM Enemy 13,FSM,AttackState,EnemyDuplicate,1.00,64.9,0
90.05,FSM Enemy 3,FSM,AttackState,EnemyDuplicate,0.40,55.9,0
90.05,FSM Enemy 5,FSM,AttackState,EnemyDuplicate,0.90,69.3,0
90.05,FSM Enemy 11,FSM,AttackState,EnemyDuplicate,1.00,66.5,0
90.05,FSM Enemy 8,FSM,AttackState,EnemyDuplicate,0.60,32.0,0
90.05,Utility Enemy 8,Utility,AttackAction,EnemyDuplicate,1.00,29.6,0
90.05,Utility Enemy 9,Utility,AttackAction,EnemyDuplicate,1.00,14.1,0
90.05,Utility Enemy 10,Utility,AttackAction,EnemyDuplicate,1.00,22.5,0
90.05,Utility Enemy 2,Utility,AttackAction,EnemyDuplicate,1.00,28.6,0
90.05,Utility Enemy 7,Utility,AttackAction,EnemyDuplicate,1.00,21.9,0
90.05,Utility Enemy 13,Utility,AttackAction,EnemyDuplicate,1.00,16.8,0
90.05,Utility Enemy 3,Utility,AttackAction,EnemyDuplicate,1.00,28.9,0
90.05,Utility Enemy 14,Utility,AttackAction,EnemyDuplicate,1.00,25.6,0
90.05,Utility Enemy 15,Utility,AttackAction,EnemyDuplicate,1.00,32.2,0
90.05,Utility Enemy 1,Utility,AttackAction,EnemyDuplicate,1.00,31.6,0
90.05,Utility Enemy 12,Utility,AttackAction,EnemyDuplicate,1.00,24.1,0
90.05,Utility Enemy 11,Utility,TakeCoverAction,EnemyDuplicate,1.00,19.0,0
90.05,Utility Enemy 5,Utility,AttackAction,EnemyDuplicate,1.00,31.5,0
90.05,Utility Enemy 6,Utility,TakeCoverAction,EnemyDuplicate,1.00,20.5,0
90.05,Utility Enemy 4,Utility,AttackAction,EnemyDuplicate,1.00,48.0,0
90.55,Player,Player,-,EnemyDuplicate,0.41,,0
90.55,FSM Enemy 14,FSM,AttackState,EnemyDuplicate,0.90,44.7,0
90.55,FSM Enemy 15,FSM,AttackState,EnemyDuplicate,0.50,47.4,0
90.55,FSM Enemy 2,FSM,AttackState,EnemyDuplicate,1.00,56.2,0
90.55,FSM Enemy 10,FSM,AttackState,EnemyDuplicate,1.00,35.4,0
90.55,FSM Enemy 1,FSM,AttackState,EnemyDuplicate,1.00,80.4,0
90.55,FSM Enemy 12,FSM,Dead,EnemyDuplicate,0.00,19.4,0
90.55,FSM Enemy 9,FSM,AttackState,EnemyDuplicate,1.00,13.9,0
90.55,FSM Enemy 4,FSM,AttackState,EnemyDuplicate,0.70,17.1,0
90.55,FSM Enemy 7,FSM,AttackState,EnemyDuplicate,1.00,27.8,0
90.55,FSM Enemy 6,FSM,AttackState,EnemyDuplicate,0.05,18.8,0
90.55,FSM Enemy 13,FSM,AttackState,EnemyDuplicate,1.00,64.9,0
90.55,FSM Enemy 3,FSM,AttackState,EnemyDuplicate,0.40,55.9,0
90.55,FSM Enemy 5,FSM,AttackState,EnemyDuplicate,0.90,69.3,0
90.55,FSM Enemy 11,FSM,AttackState,EnemyDuplicate,1.00,66.5,0
90.55,FSM Enemy 8,FSM,AttackState,EnemyDuplicate,0.60,32.0,0
90.55,Utility Enemy 8,Utility,AttackAction,EnemyDuplicate,1.00,29.5,0
90.55,Utility Enemy 9,Utility,AttackAction,EnemyDuplicate,1.00,14.1,0
90.55,Utility Enemy 10,Utility,AttackAction,EnemyDuplicate,1.00,22.5,0
90.55,Utility Enemy 2,Utility,AttackAction,EnemyDuplicate,1.00,28.6,0
90.55,Utility Enemy 7,Utility,AttackAction,EnemyDuplicate,1.00,21.9,0
90.55,Utility Enemy 13,Utility,AttackAction,EnemyDuplicate,1.00,16.8,0
90.55,Utility Enemy 3,Utility,AttackAction,EnemyDuplicate,1.00,28.9,0
90.55,Utility Enemy 14,Utility,AttackAction,EnemyDuplicate,1.00,25.6,0
90.55,Utility Enemy 15,Utility,AttackAction,EnemyDuplicate,1.00,32.2,0
90.55,Utility Enemy 1,Utility,AttackAction,EnemyDuplicate,1.00,31.6,0
90.55,Utility Enemy 12,Utility,AttackAction,EnemyDuplicate,1.00,24.1,0
90.55,Utility Enemy 11,Utility,AttackAction,EnemyDuplicate,1.00,18.9,0
90.55,Utility Enemy 5,Utility,AttackAction,EnemyDuplicate,1.00,31.5,0
90.55,Utility Enemy 6,Utility,AttackAction,EnemyDuplicate,1.00,20.5,0
90.55,Utility Enemy 4,Utility,AttackAction,EnemyDuplicate,1.00,48.0,0
91.06,Player,Player,-,EnemyDuplicate,0.41,,0
91.06,FSM Enemy 14,FSM,AttackState,EnemyDuplicate,0.90,44.6,0
91.06,FSM Enemy 15,FSM,AttackState,EnemyDuplicate,0.50,47.2,0
91.06,FSM Enemy 2,FSM,AttackState,EnemyDuplicate,1.00,56.1,0
91.06,FSM Enemy 10,FSM,AttackState,EnemyDuplicate,1.00,35.2,0
91.06,FSM Enemy 1,FSM,AttackState,EnemyDuplicate,1.00,80.2,0
91.06,FSM Enemy 12,FSM,Dead,EnemyDuplicate,0.00,19.4,0
91.06,FSM Enemy 9,FSM,AttackState,EnemyDuplicate,1.00,13.4,0
91.06,FSM Enemy 4,FSM,AttackState,EnemyDuplicate,0.70,16.8,0
91.06,FSM Enemy 7,FSM,AttackState,EnemyDuplicate,1.00,27.5,0
91.06,FSM Enemy 6,FSM,AttackState,EnemyDuplicate,0.05,18.5,0
91.06,FSM Enemy 13,FSM,AttackState,EnemyDuplicate,1.00,64.7,0
91.06,FSM Enemy 3,FSM,AttackState,EnemyDuplicate,0.40,55.7,0
91.06,FSM Enemy 5,FSM,AttackState,EnemyDuplicate,0.90,69.2,0
91.06,FSM Enemy 11,FSM,AttackState,EnemyDuplicate,1.00,66.4,0
91.06,FSM Enemy 8,FSM,AttackState,EnemyDuplicate,0.60,31.8,0
91.06,Utility Enemy 8,Utility,AttackAction,EnemyDuplicate,1.00,29.3,0
91.06,Utility Enemy 9,Utility,AttackAction,EnemyDuplicate,1.00,13.6,0
91.06,Utility Enemy 10,Utility,AttackAction,EnemyDuplicate,1.00,22.2,0
91.06,Utility Enemy 2,Utility,AttackAction,EnemyDuplicate,1.00,28.3,0
91.06,Utility Enemy 7,Utility,AttackAction,EnemyDuplicate,1.00,21.6,0
91.06,Utility Enemy 13,Utility,AttackAction,EnemyDuplicate,1.00,16.4,0
91.06,Utility Enemy 3,Utility,AttackAction,EnemyDuplicate,1.00,28.6,0
91.06,Utility Enemy 14,Utility,AttackAction,EnemyDuplicate,1.00,25.3,0
91.06,Utility Enemy 15,Utility,AttackAction,EnemyDuplicate,1.00,31.9,0
91.06,Utility Enemy 1,Utility,AttackAction,EnemyDuplicate,1.00,31.3,0
91.06,Utility Enemy 12,Utility,AttackAction,EnemyDuplicate,1.00,23.8,0
91.06,Utility Enemy 11,Utility,AttackAction,EnemyDuplicate,1.00,18.7,0
91.06,Utility Enemy 5,Utility,AttackAction,EnemyDuplicate,1.00,31.2,0
91.06,Utility Enemy 6,Utility,AttackAction,EnemyDuplicate,1.00,20.1,0
91.06,Utility Enemy 4,Utility,AttackAction,EnemyDuplicate,1.00,47.8,0
91.56,Player,Player,-,EnemyDuplicate,0.41,,0
91.56,FSM Enemy 14,FSM,AttackState,EnemyDuplicate,0.90,44.6,0
91.56,FSM Enemy 15,FSM,AttackState,EnemyDuplicate,0.50,46.7,0
91.56,FSM Enemy 2,FSM,AttackState,EnemyDuplicate,1.00,56.1,0
91.56,FSM Enemy 10,FSM,AttackState,EnemyDuplicate,1.00,35.2,0
91.56,FSM Enemy 1,FSM,AttackState,EnemyDuplicate,1.00,79.8,0
91.56,FSM Enemy 12,FSM,Dead,EnemyDuplicate,0.00,19.5,0
91.56,FSM Enemy 9,FSM,AttackState,EnemyDuplicate,1.00,12.9,0
91.56,FSM Enemy 4,FSM,AttackState,EnemyDuplicate,0.70,17.3,0
91.56,FSM Enemy 7,FSM,AttackState,EnemyDuplicate,1.00,27.1,0
91.56,FSM Enemy 6,FSM,AttackState,EnemyDuplicate,0.05,18.7,0
91.56,FSM Enemy 13,FSM,AttackState,EnemyDuplicate,1.00,64.3,0
91.56,FSM Enemy 3,FSM,AttackState,EnemyDuplicate,0.40,55.4,0
91.56,FSM Enemy 5,FSM,AttackState,EnemyDuplicate,0.90,68.7,0
91.56,FSM Enemy 11,FSM,AttackState,EnemyDuplicate,1.00,66.1,0
91.56,FSM Enemy 8,FSM,AttackState,EnemyDuplicate,0.60,31.3,0
91.56,Utility Enemy 8,Utility,AttackAction,EnemyDuplicate,1.00,28.8,0
91.56,Utility Enemy 9,Utility,AttackAction,EnemyDuplicate,1.00,13.1,0
91.56,Utility Enemy 10,Utility,AttackAction,EnemyDuplicate,1.00,21.8,0
91.56,Utility Enemy 2,Utility,AttackAction,EnemyDuplicate,1.00,27.8,0
91.56,Utility Enemy 7,Utility,AttackAction,EnemyDuplicate,1.00,22.1,0
91.56,Utility Enemy 13,Utility,AttackAction,EnemyDuplicate,1.00,16.2,0
91.56,Utility Enemy 3,Utility,AttackAction,EnemyDuplicate,1.00,28.1,0
91.56,Utility Enemy 14,Utility,AttackAction,EnemyDuplicate,1.00,24.8,0
91.56,Utility Enemy 15,Utility,AttackAction,EnemyDuplicate,1.00,31.4,0
91.56,Utility Enemy 1,Utility,AttackAction,EnemyDuplicate,1.00,30.8,0
91.56,Utility Enemy 12,Utility,AttackAction,EnemyDuplicate,1.00,23.3,0
91.56,Utility Enemy 11,Utility,AttackAction,EnemyDuplicate,1.00,19.1,0
91.56,Utility Enemy 5,Utility,AttackAction,EnemyDuplicate,1.00,30.7,0
91.56,Utility Enemy 6,Utility,AttackAction,EnemyDuplicate,1.00,19.7,0
91.56,Utility Enemy 4,Utility,AttackAction,EnemyDuplicate,1.00,47.3,0
92.06,Player,Player,-,EnemyDuplicate,0.41,,0
92.06,FSM Enemy 14,FSM,AttackState,EnemyDuplicate,0.90,44.6,0
92.06,FSM Enemy 15,FSM,AttackState,EnemyDuplicate,0.50,46.7,0
92.06,FSM Enemy 2,FSM,AttackState,EnemyDuplicate,1.00,56.1,0
92.06,FSM Enemy 10,FSM,AttackState,EnemyDuplicate,1.00,35.2,0
92.06,FSM Enemy 1,FSM,AttackState,EnemyDuplicate,1.00,79.8,0
92.06,FSM Enemy 12,FSM,Dead,EnemyDuplicate,0.00,19.5,0
92.06,FSM Enemy 9,FSM,AttackState,EnemyDuplicate,1.00,12.9,0
92.06,FSM Enemy 4,FSM,AttackState,EnemyDuplicate,0.70,17.3,0
92.06,FSM Enemy 7,FSM,AttackState,EnemyDuplicate,1.00,27.1,0
92.06,FSM Enemy 6,FSM,AttackState,EnemyDuplicate,0.05,18.7,0
92.06,FSM Enemy 13,FSM,AttackState,EnemyDuplicate,1.00,64.3,0
92.06,FSM Enemy 3,FSM,AttackState,EnemyDuplicate,0.40,55.4,0
92.06,FSM Enemy 5,FSM,AttackState,EnemyDuplicate,0.90,68.7,0
92.06,FSM Enemy 11,FSM,AttackState,EnemyDuplicate,1.00,66.1,0
92.06,FSM Enemy 8,FSM,AttackState,EnemyDuplicate,0.60,31.3,0
92.06,Utility Enemy 8,Utility,AttackAction,EnemyDuplicate,1.00,28.8,0
92.06,Utility Enemy 9,Utility,AttackAction,EnemyDuplicate,1.00,13.1,0
92.06,Utility Enemy 10,Utility,AttackAction,EnemyDuplicate,1.00,21.8,0
92.06,Utility Enemy 2,Utility,AttackAction,EnemyDuplicate,1.00,27.8,0
92.06,Utility Enemy 7,Utility,AttackAction,EnemyDuplicate,1.00,22.1,0
92.06,Utility Enemy 13,Utility,AttackAction,EnemyDuplicate,1.00,16.2,0
92.06,Utility Enemy 3,Utility,AttackAction,EnemyDuplicate,1.00,28.1,0
92.06,Utility Enemy 14,Utility,AttackAction,EnemyDuplicate,1.00,24.8,0
92.06,Utility Enemy 15,Utility,AttackAction,EnemyDuplicate,1.00,31.4,0
92.06,Utility Enemy 1,Utility,AttackAction,EnemyDuplicate,1.00,30.8,0
92.06,Utility Enemy 12,Utility,AttackAction,EnemyDuplicate,1.00,23.3,0
92.06,Utility Enemy 11,Utility,AttackAction,EnemyDuplicate,1.00,19.1,0
92.06,Utility Enemy 5,Utility,AttackAction,EnemyDuplicate,1.00,30.7,0
92.06,Utility Enemy 6,Utility,AttackAction,EnemyDuplicate,1.00,19.7,0
92.06,Utility Enemy 4,Utility,AttackAction,EnemyDuplicate,1.00,47.3,0
92.57,Player,Player,-,EnemyDuplicate,0.41,,0
92.57,FSM Enemy 14,FSM,AttackState,EnemyDuplicate,0.90,44.6,0
92.57,FSM Enemy 15,FSM,AttackState,EnemyDuplicate,0.50,46.7,0
92.57,FSM Enemy 2,FSM,AttackState,EnemyDuplicate,1.00,56.1,0
92.57,FSM Enemy 10,FSM,AttackState,EnemyDuplicate,1.00,35.2,0
92.57,FSM Enemy 1,FSM,AttackState,EnemyDuplicate,1.00,79.8,0
92.57,FSM Enemy 12,FSM,Dead,EnemyDuplicate,0.00,19.5,0
92.57,FSM Enemy 9,FSM,AttackState,EnemyDuplicate,1.00,12.9,0
92.57,FSM Enemy 4,FSM,AttackState,EnemyDuplicate,0.70,17.3,0
92.57,FSM Enemy 7,FSM,AttackState,EnemyDuplicate,1.00,27.1,0
92.57,FSM Enemy 6,FSM,AttackState,EnemyDuplicate,0.05,18.7,0
92.57,FSM Enemy 13,FSM,AttackState,EnemyDuplicate,1.00,64.3,0
92.57,FSM Enemy 3,FSM,AttackState,EnemyDuplicate,0.40,55.4,0
92.57,FSM Enemy 5,FSM,AttackState,EnemyDuplicate,0.90,68.7,0
92.57,FSM Enemy 11,FSM,AttackState,EnemyDuplicate,1.00,66.1,0
92.57,FSM Enemy 8,FSM,AttackState,EnemyDuplicate,0.60,31.3,0
92.57,Utility Enemy 8,Utility,AttackAction,EnemyDuplicate,1.00,28.8,0
92.57,Utility Enemy 9,Utility,AttackAction,EnemyDuplicate,1.00,13.1,0
92.57,Utility Enemy 10,Utility,AttackAction,EnemyDuplicate,1.00,21.8,0
92.57,Utility Enemy 2,Utility,AttackAction,EnemyDuplicate,1.00,27.8,0
92.57,Utility Enemy 7,Utility,AttackAction,EnemyDuplicate,1.00,22.1,0
92.57,Utility Enemy 13,Utility,AttackAction,EnemyDuplicate,1.00,16.2,0
92.57,Utility Enemy 3,Utility,AttackAction,EnemyDuplicate,1.00,28.1,0
92.57,Utility Enemy 14,Utility,AttackAction,EnemyDuplicate,1.00,24.8,0
92.57,Utility Enemy 15,Utility,AttackAction,EnemyDuplicate,1.00,31.4,0
92.57,Utility Enemy 1,Utility,AttackAction,EnemyDuplicate,1.00,30.8,0
92.57,Utility Enemy 12,Utility,AttackAction,EnemyDuplicate,1.00,23.3,0
92.57,Utility Enemy 11,Utility,AttackAction,EnemyDuplicate,1.00,19.1,0
92.57,Utility Enemy 5,Utility,AttackAction,EnemyDuplicate,1.00,30.7,0
92.57,Utility Enemy 6,Utility,AttackAction,EnemyDuplicate,1.00,19.7,0
92.57,Utility Enemy 4,Utility,AttackAction,EnemyDuplicate,1.00,47.3,0
93.07,Player,Player,-,EnemyDuplicate,0.41,,0
93.07,FSM Enemy 14,FSM,AttackState,EnemyDuplicate,0.90,44.6,0
93.07,FSM Enemy 15,FSM,AttackState,EnemyDuplicate,0.50,46.7,0
93.07,FSM Enemy 2,FSM,AttackState,EnemyDuplicate,1.00,56.1,0
93.07,FSM Enemy 10,FSM,AttackState,EnemyDuplicate,1.00,35.2,0
93.07,FSM Enemy 1,FSM,AttackState,EnemyDuplicate,1.00,79.8,0
93.07,FSM Enemy 12,FSM,Dead,EnemyDuplicate,0.00,19.5,0
93.07,FSM Enemy 9,FSM,AttackState,EnemyDuplicate,1.00,12.9,0
93.07,FSM Enemy 4,FSM,AttackState,EnemyDuplicate,0.70,17.3,0
93.07,FSM Enemy 7,FSM,AttackState,EnemyDuplicate,1.00,27.1,0
93.07,FSM Enemy 6,FSM,AttackState,EnemyDuplicate,0.05,18.7,0
93.07,FSM Enemy 13,FSM,AttackState,EnemyDuplicate,1.00,64.3,0
93.07,FSM Enemy 3,FSM,AttackState,EnemyDuplicate,0.40,55.4,0
93.07,FSM Enemy 5,FSM,AttackState,EnemyDuplicate,0.90,68.7,0
93.07,FSM Enemy 11,FSM,AttackState,EnemyDuplicate,1.00,66.1,0
93.07,FSM Enemy 8,FSM,AttackState,EnemyDuplicate,0.60,31.3,0
93.07,Utility Enemy 8,Utility,AttackAction,EnemyDuplicate,1.00,28.8,0
93.07,Utility Enemy 9,Utility,AttackAction,EnemyDuplicate,1.00,13.1,0
93.07,Utility Enemy 10,Utility,AttackAction,EnemyDuplicate,1.00,21.8,0
93.07,Utility Enemy 2,Utility,AttackAction,EnemyDuplicate,1.00,27.8,0
93.07,Utility Enemy 7,Utility,AttackAction,EnemyDuplicate,1.00,22.1,0
93.07,Utility Enemy 13,Utility,AttackAction,EnemyDuplicate,1.00,16.2,0
93.07,Utility Enemy 3,Utility,AttackAction,EnemyDuplicate,1.00,28.1,0
93.07,Utility Enemy 14,Utility,AttackAction,EnemyDuplicate,1.00,24.8,0
93.07,Utility Enemy 15,Utility,AttackAction,EnemyDuplicate,1.00,31.4,0
93.07,Utility Enemy 1,Utility,AttackAction,EnemyDuplicate,1.00,30.8,0
93.07,Utility Enemy 12,Utility,AttackAction,EnemyDuplicate,1.00,23.3,0
93.07,Utility Enemy 11,Utility,AttackAction,EnemyDuplicate,1.00,19.1,0
93.07,Utility Enemy 5,Utility,AttackAction,EnemyDuplicate,1.00,30.7,0
93.07,Utility Enemy 6,Utility,AttackAction,EnemyDuplicate,1.00,19.7,0
93.07,Utility Enemy 4,Utility,AttackAction,EnemyDuplicate,1.00,47.3,0
93.57,Player,Player,-,EnemyDuplicate,0.41,,0
93.57,FSM Enemy 14,FSM,AttackState,EnemyDuplicate,0.90,44.6,0
93.57,FSM Enemy 15,FSM,AttackState,EnemyDuplicate,0.50,46.7,0
93.57,FSM Enemy 2,FSM,AttackState,EnemyDuplicate,1.00,56.1,0
93.57,FSM Enemy 10,FSM,AttackState,EnemyDuplicate,1.00,35.2,0
93.57,FSM Enemy 1,FSM,AttackState,EnemyDuplicate,1.00,79.8,0
93.57,FSM Enemy 12,FSM,PatrolState,EnemyDuplicate,1.00,35.0,0
93.57,FSM Enemy 9,FSM,AttackState,EnemyDuplicate,1.00,12.9,0
93.57,FSM Enemy 4,FSM,AttackState,EnemyDuplicate,0.70,17.3,0
93.57,FSM Enemy 7,FSM,AttackState,EnemyDuplicate,1.00,27.1,0
93.57,FSM Enemy 6,FSM,AttackState,EnemyDuplicate,0.05,18.7,0
93.57,FSM Enemy 13,FSM,AttackState,EnemyDuplicate,1.00,64.3,0
93.57,FSM Enemy 3,FSM,AttackState,EnemyDuplicate,0.40,55.4,0
93.57,FSM Enemy 5,FSM,AttackState,EnemyDuplicate,0.90,68.7,0
93.57,FSM Enemy 11,FSM,AttackState,EnemyDuplicate,1.00,66.1,0
93.57,FSM Enemy 8,FSM,AttackState,EnemyDuplicate,0.60,31.3,0
93.57,Utility Enemy 8,Utility,AttackAction,EnemyDuplicate,1.00,28.8,0
93.57,Utility Enemy 9,Utility,AttackAction,EnemyDuplicate,1.00,13.1,0
93.57,Utility Enemy 10,Utility,AttackAction,EnemyDuplicate,1.00,21.8,0
93.57,Utility Enemy 2,Utility,AttackAction,EnemyDuplicate,1.00,27.8,0
93.57,Utility Enemy 7,Utility,AttackAction,EnemyDuplicate,1.00,22.1,0
93.57,Utility Enemy 13,Utility,AttackAction,EnemyDuplicate,1.00,16.2,0
93.57,Utility Enemy 3,Utility,AttackAction,EnemyDuplicate,1.00,28.1,0
93.57,Utility Enemy 14,Utility,AttackAction,EnemyDuplicate,1.00,24.8,0
93.57,Utility Enemy 15,Utility,AttackAction,EnemyDuplicate,1.00,31.4,0
93.57,Utility Enemy 1,Utility,AttackAction,EnemyDuplicate,1.00,30.8,0
93.57,Utility Enemy 12,Utility,AttackAction,EnemyDuplicate,1.00,23.3,0
93.57,Utility Enemy 11,Utility,AttackAction,EnemyDuplicate,1.00,19.1,0
93.57,Utility Enemy 5,Utility,AttackAction,EnemyDuplicate,1.00,30.7,0
93.57,Utility Enemy 6,Utility,AttackAction,EnemyDuplicate,1.00,19.7,0
93.57,Utility Enemy 4,Utility,AttackAction,EnemyDuplicate,1.00,47.3,0
94.07,Player,Player,-,EnemyDuplicate,0.41,,0
94.07,FSM Enemy 14,FSM,AttackState,EnemyDuplicate,0.90,44.6,0
94.07,FSM Enemy 15,FSM,AttackState,EnemyDuplicate,0.50,46.7,0
94.07,FSM Enemy 2,FSM,AttackState,EnemyDuplicate,1.00,56.1,0
94.07,FSM Enemy 10,FSM,AttackState,EnemyDuplicate,1.00,35.2,0
94.07,FSM Enemy 1,FSM,AttackState,EnemyDuplicate,1.00,79.8,0
94.07,FSM Enemy 12,FSM,PatrolState,EnemyDuplicate,1.00,33.7,0
94.07,FSM Enemy 9,FSM,AttackState,EnemyDuplicate,1.00,12.9,0
94.07,FSM Enemy 4,FSM,AttackState,EnemyDuplicate,0.70,17.3,0
94.07,FSM Enemy 7,FSM,AttackState,EnemyDuplicate,1.00,27.1,0
94.07,FSM Enemy 6,FSM,AttackState,EnemyDuplicate,0.05,18.7,0
94.07,FSM Enemy 13,FSM,AttackState,EnemyDuplicate,1.00,64.3,0
94.07,FSM Enemy 3,FSM,AttackState,EnemyDuplicate,0.40,55.4,0
94.07,FSM Enemy 5,FSM,AttackState,EnemyDuplicate,0.90,68.7,0
94.07,FSM Enemy 11,FSM,AttackState,EnemyDuplicate,1.00,66.1,0
94.07,FSM Enemy 8,FSM,AttackState,EnemyDuplicate,0.60,31.3,0
94.07,Utility Enemy 8,Utility,AttackAction,EnemyDuplicate,1.00,28.8,0
94.07,Utility Enemy 9,Utility,AttackAction,EnemyDuplicate,1.00,13.1,0
94.07,Utility Enemy 10,Utility,AttackAction,EnemyDuplicate,1.00,21.8,0
94.07,Utility Enemy 2,Utility,AttackAction,EnemyDuplicate,1.00,27.8,0
94.07,Utility Enemy 7,Utility,AttackAction,EnemyDuplicate,1.00,22.1,0
94.07,Utility Enemy 13,Utility,AttackAction,EnemyDuplicate,1.00,16.2,0
94.07,Utility Enemy 3,Utility,AttackAction,EnemyDuplicate,1.00,28.1,0
94.07,Utility Enemy 14,Utility,AttackAction,EnemyDuplicate,1.00,24.8,0
94.07,Utility Enemy 15,Utility,AttackAction,EnemyDuplicate,1.00,31.4,0
94.07,Utility Enemy 1,Utility,AttackAction,EnemyDuplicate,1.00,30.8,0
94.07,Utility Enemy 12,Utility,AttackAction,EnemyDuplicate,1.00,23.3,0
94.07,Utility Enemy 11,Utility,AttackAction,EnemyDuplicate,1.00,19.1,0
94.07,Utility Enemy 5,Utility,AttackAction,EnemyDuplicate,1.00,30.7,0
94.07,Utility Enemy 6,Utility,AttackAction,EnemyDuplicate,1.00,19.7,0
94.07,Utility Enemy 4,Utility,AttackAction,EnemyDuplicate,1.00,47.3,0
94.58,Player,Player,-,EnemyDuplicate,0.41,,0
94.58,FSM Enemy 14,FSM,AttackState,EnemyDuplicate,0.90,44.6,0
94.58,FSM Enemy 15,FSM,AttackState,EnemyDuplicate,0.50,46.7,0
94.58,FSM Enemy 2,FSM,AttackState,EnemyDuplicate,1.00,56.1,0
94.58,FSM Enemy 10,FSM,AttackState,EnemyDuplicate,1.00,35.2,0
94.58,FSM Enemy 1,FSM,AttackState,EnemyDuplicate,1.00,79.8,0
94.58,FSM Enemy 12,FSM,PatrolState,EnemyDuplicate,1.00,32.5,0
94.58,FSM Enemy 9,FSM,AttackState,EnemyDuplicate,1.00,12.9,0
94.58,FSM Enemy 4,FSM,AttackState,EnemyDuplicate,0.70,17.3,0
94.58,FSM Enemy 7,FSM,AttackState,EnemyDuplicate,1.00,27.1,0
94.58,FSM Enemy 6,FSM,AttackState,EnemyDuplicate,0.05,18.7,0
94.58,FSM Enemy 13,FSM,AttackState,EnemyDuplicate,1.00,64.3,0
94.58,FSM Enemy 3,FSM,AttackState,EnemyDuplicate,0.40,55.4,0
94.58,FSM Enemy 5,FSM,AttackState,EnemyDuplicate,0.90,68.7,0
94.58,FSM Enemy 11,FSM,AttackState,EnemyDuplicate,1.00,66.1,0
94.58,FSM Enemy 8,FSM,AttackState,EnemyDuplicate,0.60,31.3,0
94.58,Utility Enemy 8,Utility,AttackAction,EnemyDuplicate,1.00,28.8,0
94.58,Utility Enemy 9,Utility,AttackAction,EnemyDuplicate,1.00,13.1,0
94.58,Utility Enemy 10,Utility,AttackAction,EnemyDuplicate,1.00,21.8,0
94.58,Utility Enemy 2,Utility,AttackAction,EnemyDuplicate,1.00,27.8,0
94.58,Utility Enemy 7,Utility,AttackAction,EnemyDuplicate,1.00,22.1,0
94.58,Utility Enemy 13,Utility,AttackAction,EnemyDuplicate,1.00,16.2,0
94.58,Utility Enemy 3,Utility,AttackAction,EnemyDuplicate,1.00,28.1,0
94.58,Utility Enemy 14,Utility,AttackAction,EnemyDuplicate,1.00,24.8,0
94.58,Utility Enemy 15,Utility,AttackAction,EnemyDuplicate,1.00,31.4,0
94.58,Utility Enemy 1,Utility,AttackAction,EnemyDuplicate,1.00,30.8,0
94.58,Utility Enemy 12,Utility,AttackAction,EnemyDuplicate,1.00,23.3,0
94.58,Utility Enemy 11,Utility,AttackAction,EnemyDuplicate,1.00,19.1,0
94.58,Utility Enemy 5,Utility,AttackAction,EnemyDuplicate,1.00,30.7,0
94.58,Utility Enemy 6,Utility,AttackAction,EnemyDuplicate,1.00,19.7,0
94.58,Utility Enemy 4,Utility,AttackAction,EnemyDuplicate,1.00,47.3,0
95.08,Player,Player,-,None,0.41,,0
95.08,FSM Enemy 14,FSM,PatrolState,None,0.90,44.4,0
95.08,FSM Enemy 15,FSM,PatrolState,None,0.50,46.5,0
95.08,FSM Enemy 2,FSM,PatrolState,None,1.00,56.1,0
95.08,FSM Enemy 10,FSM,PatrolState,None,1.00,35.4,0
95.08,FSM Enemy 1,FSM,PatrolState,None,1.00,79.6,0
95.08,FSM Enemy 12,FSM,PatrolState,None,1.00,31.2,0
95.08,FSM Enemy 9,FSM,PatrolState,None,1.00,13.2,0
95.08,FSM Enemy 4,FSM,PatrolState,None,0.70,17.5,0
95.08,FSM Enemy 7,FSM,PatrolState,None,1.00,27.3,0
95.08,FSM Enemy 6,FSM,PatrolState,None,0.05,18.9,0
95.08,FSM Enemy 13,FSM,PatrolState,None,1.00,64.4,0
95.08,FSM Enemy 3,FSM,PatrolState,None,0.40,55.6,0
95.08,FSM Enemy 5,FSM,PatrolState,None,0.90,68.9,0
95.08,FSM Enemy 11,FSM,PatrolState,None,1.00,66.3,0
95.08,FSM Enemy 8,FSM,PatrolState,None,0.60,31.3,0
95.08,Utility Enemy 8,Utility,AttackAction,None,1.00,28.8,0
95.08,Utility Enemy 9,Utility,AttackAction,None,1.00,13.1,0
95.08,Utility Enemy 10,Utility,AttackAction,None,1.00,21.8,0
95.08,Utility Enemy 2,Utility,AttackAction,None,1.00,27.8,0
95.08,Utility Enemy 7,Utility,AttackAction,None,1.00,22.1,0
95.08,Utility Enemy 13,Utility,AttackAction,None,1.00,16.2,0
95.08,Utility Enemy 3,Utility,AttackAction,None,1.00,28.1,0
95.08,Utility Enemy 14,Utility,AttackAction,None,1.00,24.8,0
95.08,Utility Enemy 15,Utility,AttackAction,None,1.00,31.4,0
95.08,Utility Enemy 1,Utility,AttackAction,None,1.00,30.8,0
95.08,Utility Enemy 12,Utility,AttackAction,None,1.00,23.3,0
95.08,Utility Enemy 11,Utility,AttackAction,None,1.00,19.1,0
95.08,Utility Enemy 5,Utility,AttackAction,None,1.00,30.7,0
95.08,Utility Enemy 6,Utility,AttackAction,None,1.00,19.7,0
95.08,Utility Enemy 4,Utility,AttackAction,None,1.00,47.3,0
95.58,Player,Player,-,None,0.41,,0
95.58,FSM Enemy 14,FSM,PatrolState,None,0.90,43.5,0
95.58,FSM Enemy 15,FSM,PatrolState,None,0.50,45.3,0
95.58,FSM Enemy 2,FSM,PatrolState,None,1.00,56.4,0
95.58,FSM Enemy 10,FSM,PatrolState,None,1.00,36.3,0
95.58,FSM Enemy 1,FSM,PatrolState,None,1.00,78.4,0
95.58,FSM Enemy 12,FSM,PatrolState,None,1.00,30.0,0
95.58,FSM Enemy 9,FSM,PatrolState,None,1.00,14.3,0
95.58,FSM Enemy 4,FSM,PatrolState,None,0.70,18.6,0
95.58,FSM Enemy 7,FSM,PatrolState,None,1.00,28.3,0
95.58,FSM Enemy 6,FSM,PatrolState,None,0.05,20.1,0
95.58,FSM Enemy 13,FSM,PatrolState,None,1.00,65.1,0
95.58,FSM Enemy 3,FSM,PatrolState,None,0.40,56.7,0
95.58,FSM Enemy 5,FSM,PatrolState,None,0.90,70.1,0
95.58,FSM Enemy 11,FSM,PatrolState,None,1.00,67.5,0
95.58,FSM Enemy 8,FSM,PatrolState,None,0.60,31.6,0
95.58,Utility Enemy 8,Utility,AttackAction,None,1.00,28.8,0
95.58,Utility Enemy 9,Utility,AttackAction,None,1.00,13.1,0
95.58,Utility Enemy 10,Utility,AttackAction,None,1.00,21.8,0
95.58,Utility Enemy 2,Utility,AttackAction,None,1.00,27.8,0
95.58,Utility Enemy 7,Utility,AttackAction,None,1.00,22.1,0
95.58,Utility Enemy 13,Utility,AttackAction,None,1.00,16.2,0
95.58,Utility Enemy 3,Utility,AttackAction,None,1.00,28.1,0
95.58,Utility Enemy 14,Utility,AttackAction,None,1.00,24.8,0
95.58,Utility Enemy 15,Utility,AttackAction,None,1.00,31.4,0
95.58,Utility Enemy 1,Utility,AttackAction,None,1.00,30.8,0
95.58,Utility Enemy 12,Utility,AttackAction,None,1.00,23.3,0
95.58,Utility Enemy 11,Utility,AttackAction,None,1.00,19.1,0
95.58,Utility Enemy 5,Utility,AttackAction,None,1.00,30.7,0
95.58,Utility Enemy 6,Utility,AttackAction,None,1.00,19.7,0
95.58,Utility Enemy 4,Utility,AttackAction,None,1.00,47.3,0
96.08,Player,Player,-,WallDisappear,0.41,,0
96.08,FSM Enemy 14,FSM,ChaseState,WallDisappear,0.90,42.7,0
96.08,FSM Enemy 15,FSM,ChaseState,WallDisappear,0.50,44.0,0
96.08,FSM Enemy 2,FSM,ChaseState,WallDisappear,1.00,56.7,0
96.08,FSM Enemy 10,FSM,ChaseState,WallDisappear,1.00,37.0,0
96.08,FSM Enemy 1,FSM,ChaseState,WallDisappear,1.00,77.6,0
96.08,FSM Enemy 12,FSM,ChaseState,WallDisappear,1.00,28.7,0
96.08,FSM Enemy 9,FSM,ChaseState,WallDisappear,1.00,15.5,0
96.08,FSM Enemy 4,FSM,ChaseState,WallDisappear,0.70,19.7,0
96.08,FSM Enemy 7,FSM,ChaseState,WallDisappear,1.00,29.1,0
96.08,FSM Enemy 6,FSM,ChaseState,WallDisappear,0.05,21.1,0
96.08,FSM Enemy 13,FSM,ChaseState,WallDisappear,1.00,65.8,0
96.08,FSM Enemy 3,FSM,ChaseState,WallDisappear,0.40,57.8,0
96.08,FSM Enemy 5,FSM,ChaseState,WallDisappear,0.90,71.1,0
96.08,FSM Enemy 11,FSM,ChaseState,WallDisappear,1.00,68.6,0
96.08,FSM Enemy 8,FSM,ChaseState,WallDisappear,0.60,31.6,0
96.08,Utility Enemy 8,Utility,ChaseAction,WallDisappear,1.00,28.8,0
96.08,Utility Enemy 9,Utility,ChaseAction,WallDisappear,1.00,13.1,1
96.08,Utility Enemy 10,Utility,ChaseAction,WallDisappear,1.00,21.8,0
96.08,Utility Enemy 2,Utility,ChaseAction,WallDisappear,1.00,27.8,0
96.08,Utility Enemy 7,Utility,ChaseAction,WallDisappear,1.00,22.1,0
96.08,Utility Enemy 13,Utility,ChaseAction,WallDisappear,1.00,16.2,1
96.08,Utility Enemy 3,Utility,ChaseAction,WallDisappear,1.00,28.1,0
96.08,Utility Enemy 14,Utility,ChaseAction,WallDisappear,1.00,24.8,0
96.08,Utility Enemy 15,Utility,ChaseAction,WallDisappear,1.00,31.4,0
96.08,Utility Enemy 1,Utility,ChaseAction,WallDisappear,1.00,30.8,0
96.08,Utility Enemy 12,Utility,ChaseAction,WallDisappear,1.00,23.3,0
96.08,Utility Enemy 11,Utility,AttackAction,WallDisappear,1.00,19.1,1
96.08,Utility Enemy 5,Utility,ChaseAction,WallDisappear,1.00,30.7,0
96.08,Utility Enemy 6,Utility,AttackAction,WallDisappear,1.00,19.7,1
96.08,Utility Enemy 4,Utility,ChaseAction,WallDisappear,1.00,47.3,0
96.59,Player,Player,-,WallDisappear,0.36,,0
96.59,FSM Enemy 14,FSM,ChaseState,WallDisappear,0.90,41.0,0
96.59,FSM Enemy 15,FSM,ChaseState,WallDisappear,0.50,43.2,0
96.59,FSM Enemy 2,FSM,ChaseState,WallDisappear,1.00,55.9,0
96.59,FSM Enemy 10,FSM,ChaseState,WallDisappear,1.00,35.1,0
96.59,FSM Enemy 1,FSM,ChaseState,WallDisappear,1.00,76.0,0
96.59,FSM Enemy 12,FSM,ChaseState,WallDisappear,1.00,26.5,0
96.59,FSM Enemy 9,FSM,ChaseState,WallDisappear,1.00,16.5,0
96.59,FSM Enemy 4,FSM,ChaseState,WallDisappear,0.70,18.3,0
96.59,FSM Enemy 7,FSM,ChaseState,WallDisappear,1.00,30.6,0
96.59,FSM Enemy 6,FSM,ChaseState,WallDisappear,0.05,21.6,0
96.59,FSM Enemy 13,FSM,ChaseState,WallDisappear,1.00,65.5,0
96.59,FSM Enemy 3,FSM,ChaseState,WallDisappear,0.40,56.2,0
96.59,FSM Enemy 5,FSM,ChaseState,WallDisappear,0.90,69.3,0
96.59,FSM Enemy 11,FSM,ChaseState,WallDisappear,1.00,68.0,0
96.59,FSM Enemy 8,FSM,ChaseState,WallDisappear,0.60,31.1,0
96.59,Utility Enemy 8,Utility,ChaseAction,WallDisappear,1.00,27.9,0
96.59,Utility Enemy 9,Utility,ChaseAction,WallDisappear,1.00,12.1,1
96.59,Utility Enemy 10,Utility,ChaseAction,WallDisappear,1.00,20.0,0
96.59,Utility Enemy 2,Utility,ChaseAction,WallDisappear,1.00,27.3,0
96.59,Utility Enemy 7,Utility,ChaseAction,WallDisappear,1.00,21.6,0
96.59,Utility Enemy 13,Utility,ChaseAction,WallDisappear,1.00,15.3,1
96.59,Utility Enemy 3,Utility,ChaseAction,WallDisappear,1.00,27.6,0
96.59,Utility Enemy 14,Utility,ChaseAction,WallDisappear,1.00,24.3,0
96.59,Utility Enemy 15,Utility,ChaseAction,WallDisappear,1.00,30.0,0
96.59,Utility Enemy 1,Utility,ChaseAction,WallDisappear,1.00,29.4,0
96.59,Utility Enemy 12,Utility,ChaseAction,WallDisappear,1.00,22.9,0
96.59,Utility Enemy 11,Utility,ChaseAction,WallDisappear,1.00,18.4,1
96.59,Utility Enemy 5,Utility,ChaseAction,WallDisappear,1.00,30.1,0
96.59,Utility Enemy 6,Utility,ChaseAction,WallDisappear,1.00,19.0,1
96.59,Utility Enemy 4,Utility,ChaseAction,WallDisappear,1.00,46.4,0
97.09,Player,Player,-,WallDisappear,0.36,,0
97.09,FSM Enemy 14,FSM,ChaseState,WallDisappear,0.90,38.8,0
97.09,FSM Enemy 15,FSM,ChaseState,WallDisappear,0.50,42.8,0
97.09,FSM Enemy 2,FSM,ChaseState,WallDisappear,1.00,54.8,0
97.09,FSM Enemy 10,FSM,ChaseState,WallDisappear,1.00,32.9,0
97.09,FSM Enemy 1,FSM,ChaseState,WallDisappear,1.00,73.7,0
97.09,FSM Enemy 12,FSM,ChaseState,WallDisappear,1.00,24.8,0
97.09,FSM Enemy 9,FSM,ChaseState,WallDisappear,1.00,18.0,0
97.09,FSM Enemy 4,FSM,ChaseState,WallDisappear,0.70,16.5,0
97.09,FSM Enemy 7,FSM,ChaseState,WallDisappear,1.00,32.6,0
97.09,FSM Enemy 6,FSM,ChaseState,WallDisappear,0.05,21.5,0
97.09,FSM Enemy 13,FSM,ChaseState,WallDisappear,1.00,64.0,0
97.09,FSM Enemy 3,FSM,ChaseState,WallDisappear,0.40,53.9,0
97.09,FSM Enemy 5,FSM,ChaseState,WallDisappear,0.90,66.9,0
97.09,FSM Enemy 11,FSM,ChaseState,WallDisappear,1.00,66.4,0
97.09,FSM Enemy 8,FSM,ChaseState,WallDisappear,0.60,29.8,0
97.09,Utility Enemy 8,Utility,ChaseAction,WallDisappear,1.00,26.6,0
97.09,Utility Enemy 9,Utility,ChaseAction,WallDisappear,1.00,10.5,1
97.09,Utility Enemy 10,Utility,ChaseAction,WallDisappear,1.00,17.5,1
97.09,Utility Enemy 2,Utility,ChaseAction,WallDisappear,1.00,27.2,0
97.09,Utility Enemy 7,Utility,ChaseAction,WallDisappear,1.00,21.3,0
97.09,Utility Enemy 13,Utility,ChaseAction,WallDisappear,1.00,14.0,1
97.09,Utility Enemy 3,Utility,ChaseAction,WallDisappear,1.00,25.6,0
97.09,Utility Enemy 14,Utility,ChaseAction,WallDisappear,1.00,23.9,0
97.09,Utility Enemy 15,Utility,ChaseAction,WallDisappear,1.00,28.6,0
97.09,Utility Enemy 1,Utility,ChaseAction,WallDisappear,1.00,27.7,0
97.09,Utility Enemy 12,Utility,ChaseAction,WallDisappear,1.00,22.7,0
97.09,Utility Enemy 11,Utility,ChaseAction,WallDisappear,1.00,17.7,0
97.09,Utility Enemy 5,Utility,ChaseAction,WallDisappear,1.00,28.8,0
97.09,Utility Enemy 6,Utility,ChaseAction,WallDisappear,1.00,18.0,1
97.09,Utility Enemy 4,Utility,ChaseAction,WallDisappear,1.00,45.3,0
97.60,Player,Player,-,WallDisappear,0.36,,0
97.60,FSM Enemy 14,FSM,ChaseState,WallDisappear,0.90,36.9,0
97.60,FSM Enemy 15,FSM,ChaseState,WallDisappear,0.50,42.2,0
97.60,FSM Enemy 2,FSM,ChaseState,WallDisappear,1.00,54.0,0
97.60,FSM Enemy 10,FSM,ChaseState,WallDisappear,1.00,30.8,0
97.60,FSM Enemy 1,FSM,ChaseState,WallDisappear,1.00,71.0,0
97.60,FSM Enemy 12,FSM,ChaseState,WallDisappear,1.00,22.1,0
97.60,FSM Enemy 9,FSM,ChaseState,WallDisappear,1.00,19.2,0
97.60,FSM Enemy 4,FSM,ChaseState,WallDisappear,0.70,14.8,1
97.60,FSM Enemy 7,FSM,ChaseState,WallDisappear,1.00,34.4,0
97.60,FSM Enemy 6,FSM,ChaseState,WallDisappear,0.05,21.4,0
97.60,FSM Enemy 13,FSM,ChaseState,WallDisappear,1.00,62.0,0
97.60,FSM Enemy 3,FSM,ChaseState,WallDisappear,0.40,51.5,0
97.60,FSM Enemy 5,FSM,ChaseState,WallDisappear,0.90,64.1,0
97.60,FSM Enemy 11,FSM,ChaseState,WallDisappear,1.00,64.6,0
97.60,FSM Enemy 8,FSM,ChaseState,WallDisappear,0.60,27.9,0
97.60,Utility Enemy 8,Utility,ChaseAction,WallDisappear,1.00,24.9,0
97.60,Utility Enemy 9,Utility,ChaseAction,WallDisappear,1.00,7.7,1
97.60,Utility Enemy 10,Utility,ChaseAction,WallDisappear,1.00,14.8,1
97.60,Utility Enemy 2,Utility,ChaseAction,WallDisappear,1.00,27.1,0
97.60,Utility Enemy 7,Utility,ChaseAction,WallDisappear,1.00,21.3,0
97.60,Utility Enemy 13,Utility,ChaseAction,WallDisappear,1.00,11.6,1
97.60,Utility Enemy 3,Utility,ChaseAction,WallDisappear,1.00,24.0,0
97.60,Utility Enemy 14,Utility,ChaseAction,WallDisappear,1.00,23.1,0
97.60,Utility Enemy 15,Utility,ChaseAction,WallDisappear,1.00,26.7,0
97.60,Utility Enemy 1,Utility,ChaseAction,WallDisappear,1.00,25.7,0
97.60,Utility Enemy 12,Utility,ChaseAction,WallDisappear,1.00,22.5,0
97.60,Utility Enemy 11,Utility,ChaseAction,WallDisappear,1.00,16.5,1
97.60,Utility Enemy 5,Utility,ChaseAction,WallDisappear,1.00,26.9,0
97.60,Utility Enemy 6,Utility,ChaseAction,WallDisappear,1.00,15.4,1
97.60,Utility Enemy 4,Utility,ChaseAction,WallDisappear,1.00,44.0,0
98.10,Player,Player,-,WallDisappear,0.36,,0
98.10,FSM Enemy 14,FSM,ChaseState,WallDisappear,0.90,34.9,0
98.10,FSM Enemy 15,FSM,ChaseState,WallDisappear,0.50,42.2,0
98.10,FSM Enemy 2,FSM,ChaseState,WallDisappear,1.00,52.4,0
98.10,FSM Enemy 10,FSM,ChaseState,WallDisappear,1.00,28.8,0
98.10,FSM Enemy 1,FSM,ChaseState,WallDisappear,1.00,68.8,0
98.10,FSM Enemy 12,FSM,ChaseState,WallDisappear,1.00,20.0,1
98.10,FSM Enemy 9,FSM,ChaseState,WallDisappear,1.00,20.9,0
98.10,FSM Enemy 4,FSM,ChaseState,WallDisappear,0.70,12.6,1
98.10,FSM Enemy 7,FSM,ChaseState,WallDisappear,1.00,36.6,0
98.10,FSM Enemy 6,FSM,ChaseState,WallDisappear,0.05,21.4,0
98.10,FSM Enemy 13,FSM,ChaseState,WallDisappear,1.00,60.0,0
98.10,FSM Enemy 3,FSM,ChaseState,WallDisappear,0.40,50.2,0
98.10,FSM Enemy 5,FSM,ChaseState,WallDisappear,0.90,61.8,0
98.10,FSM Enemy 11,FSM,ChaseState,WallDisappear,1.00,63.2,0
98.10,FSM Enemy 8,FSM,ChaseState,WallDisappear,0.60,27.3,0
98.10,Utility Enemy 8,Utility,ChaseAction,WallDisappear,1.00,24.6,0
98.10,Utility Enemy 9,Utility,ChaseAction,WallDisappear,1.00,5.5,1
98.10,Utility Enemy 10,Utility,ChaseAction,WallDisappear,1.00,12.5,1
98.10,Utility Enemy 2,Utility,ChaseAction,WallDisappear,1.00,27.4,0
98.10,Utility Enemy 7,Utility,ChaseAction,WallDisappear,1.00,19.5,1
98.10,Utility Enemy 13,Utility,ChaseAction,WallDisappear,1.00,9.3,1
98.10,Utility Enemy 3,Utility,ChaseAction,WallDisappear,1.00,23.6,0
98.10,Utility Enemy 14,Utility,ChaseAction,WallDisappear,1.00,23.1,0
98.10,Utility Enemy 15,Utility,ChaseAction,WallDisappear,1.00,25.0,0
98.10,Utility Enemy 1,Utility,ChaseAction,WallDisappear,1.00,24.2,0
98.10,Utility Enemy 12,Utility,ChaseAction,WallDisappear,1.00,22.8,0
98.10,Utility Enemy 11,Utility,ChaseAction,WallDisappear,1.00,14.2,1
98.10,Utility Enemy 5,Utility,ChaseAction,WallDisappear,1.00,26.3,0
98.10,Utility Enemy 6,Utility,ChaseAction,WallDisappear,1.00,13.2,1
98.10,Utility Enemy 4,Utility,ChaseAction,WallDisappear,1.00,43.3,0
98.61,Player,Player,-,WallDisappear,0.36,,0
98.61,FSM Enemy 14,FSM,ChaseState,WallDisappear,0.90,32.9,0
98.61,FSM Enemy 15,FSM,ChaseState,WallDisappear,0.50,42.4,0
98.61,FSM Enemy 2,FSM,ChaseState,WallDisappear,1.00,50.5,0
98.61,FSM Enemy 10,FSM,ChaseState,WallDisappear,1.00,26.9,0
98.61,FSM Enemy 1,FSM,ChaseState,WallDisappear,1.00,66.6,0
98.61,FSM Enemy 12,FSM,ChaseState,WallDisappear,1.00,17.8,1
98.61,FSM Enemy 9,FSM,ChaseState,WallDisappear,1.00,21.9,0
98.61,FSM Enemy 4,FSM,ChaseState,WallDisappear,0.70,10.3,1
98.61,FSM Enemy 7,FSM,ChaseState,WallDisappear,1.00,38.9,0
98.61,FSM Enemy 6,FSM,ChaseState,WallDisappear,0.05,21.6,0
98.61,FSM Enemy 13,FSM,ChaseState,WallDisappear,1.00,58.0,0
98.61,FSM Enemy 3,FSM,ChaseState,WallDisappear,0.40,49.1,0
98.61,FSM Enemy 5,FSM,ChaseState,WallDisappear,0.90,59.5,0
98.61,FSM Enemy 11,FSM,ChaseState,WallDisappear,1.00,63.3,0
98.61,FSM Enemy 8,FSM,ChaseState,WallDisappear,0.60,25.8,0
98.61,Utility Enemy 8,Utility,ChaseAction,WallDisappear,1.00,24.6,0
98.61,Utility Enemy 9,Utility,ChaseAction,WallDisappear,1.00,3.2,1
98.61,Utility Enemy 10,Utility,ChaseAction,WallDisappear,1.00,10.3,1
98.61,Utility Enemy 2,Utility,ChaseAction,WallDisappear,1.00,26.4,0
98.61,Utility Enemy 7,Utility,ChaseAction,WallDisappear,1.00,17.5,1
98.61,Utility Enemy 13,Utility,ChaseAction,WallDisappear,1.00,7.0,1
98.61,Utility Enemy 3,Utility,ChaseAction,WallDisappear,1.00,23.6,0
98.61,Utility Enemy 14,Utility,ChaseAction,WallDisappear,1.00,23.1,0
98.61,Utility Enemy 15,Utility,ChaseAction,WallDisappear,1.00,25.0,0
98.61,Utility Enemy 1,Utility,ChaseAction,WallDisappear,1.00,24.1,0
98.61,Utility Enemy 12,Utility,ChaseAction,WallDisappear,1.00,22.8,0
98.61,Utility Enemy 11,Utility,ChaseAction,WallDisappear,1.00,11.9,1
98.61,Utility Enemy 5,Utility,ChaseAction,WallDisappear,1.00,25.5,0
98.61,Utility Enemy 6,Utility,ChaseAction,WallDisappear,1.00,10.9,1
98.61,Utility Enemy 4,Utility,ChaseAction,WallDisappear,1.00,43.1,0
99.11,Player,Player,-,WallDisappear,0.36,,0
99.11,FSM Enemy 14,FSM,ChaseState,WallDisappear,0.90,30.9,0
99.11,FSM Enemy 15,FSM,ChaseState,WallDisappear,0.50,42.6,0
99.11,FSM Enemy 2,FSM,ChaseState,WallDisappear,1.00,48.7,0
99.11,FSM Enemy 10,FSM,ChaseState,WallDisappear,1.00,25.0,0
99.11,FSM Enemy 1,FSM,ChaseState,WallDisappear,1.00,64.4,0
99.11,FSM Enemy 12,FSM,ChaseState,WallDisappear,1.00,15.7,1
99.11,FSM Enemy 9,FSM,ChaseState,WallDisappear,1.00,22.2,0
99.11,FSM Enemy 4,FSM,ChaseState,WallDisappear,0.70,8.0,1
99.11,FSM Enemy 7,FSM,ChaseState,WallDisappear,1.00,41.1,0
99.11,FSM Enemy 6,FSM,ChaseState,WallDisappear,0.05,21.9,0
99.11,FSM Enemy 13,FSM,ChaseState,WallDisappear,1.00,56.1,0
99.11,FSM Enemy 3,FSM,ChaseState,WallDisappear,0.40,48.1,0
99.11,FSM Enemy 5,FSM,ChaseState,WallDisappear,0.90,57.3,0
99.11,FSM Enemy 11,FSM,ChaseState,WallDisappear,1.00,64.9,0
99.11,FSM Enemy 8,FSM,ChaseState,WallDisappear,0.60,25.3,0
99.11,Utility Enemy 8,Utility,ChaseAction,WallDisappear,1.00,24.6,0
99.11,Utility Enemy 9,Utility,ChaseAction,WallDisappear,1.00,1.0,1
99.11,Utility Enemy 10,Utility,ChaseAction,WallDisappear,1.00,8.0,1
99.11,Utility Enemy 2,Utility,ChaseAction,WallDisappear,1.00,26.1,0
99.11,Utility Enemy 7,Utility,ChaseAction,WallDisappear,1.00,15.5,1
99.11,Utility Enemy 13,Utility,ChaseAction,WallDisappear,1.00,4.8,1
99.11,Utility Enemy 3,Utility,ChaseAction,WallDisappear,1.00,23.7,0
99.11,Utility Enemy 14,Utility,ChaseAction,WallDisappear,1.00,23.1,0
99.11,Utility Enemy 15,Utility,ChaseAction,WallDisappear,1.00,24.9,0
99.11,Utility Enemy 1,Utility,ChaseAction,WallDisappear,1.00,24.0,0
99.11,Utility Enemy 12,Utility,ChaseAction,WallDisappear,1.00,22.8,0
99.11,Utility Enemy 11,Utility,ChaseAction,WallDisappear,1.00,9.7,1
99.11,Utility Enemy 5,Utility,ChaseAction,WallDisappear,1.00,25.4,0
99.11,Utility Enemy 6,Utility,ChaseAction,WallDisappear,1.00,8.6,1
99.11,Utility Enemy 4,Utility,ChaseAction,WallDisappear,1.00,43.1,0
99.62,Player,Player,-,WallDisappear,0.36,,0
99.62,FSM Enemy 14,FSM,ChaseState,WallDisappear,0.90,28.9,0
99.62,FSM Enemy 15,FSM,ChaseState,WallDisappear,0.50,43.2,0
99.62,FSM Enemy 2,FSM,ChaseState,WallDisappear,1.00,46.9,0
99.62,FSM Enemy 10,FSM,ChaseState,WallDisappear,1.00,23.2,0
99.62,FSM Enemy 1,FSM,ChaseState,WallDisappear,1.00,62.2,0
99.62,FSM Enemy 12,FSM,ChaseState,WallDisappear,1.00,13.7,1
99.62,FSM Enemy 9,FSM,ChaseState,WallDisappear,1.00,22.6,0
99.62,FSM Enemy 4,FSM,ChaseState,WallDisappear,0.70,5.6,1
99.62,FSM Enemy 7,FSM,ChaseState,WallDisappear,1.00,43.5,0
99.62,FSM Enemy 6,FSM,ChaseState,WallDisappear,0.05,22.2,0
99.62,FSM Enemy 13,FSM,ChaseState,WallDisappear,1.00,54.3,0
99.62,FSM Enemy 3,FSM,ChaseState,WallDisappear,0.40,46.5,0
99.62,FSM Enemy 5,FSM,ChaseState,WallDisappear,0.90,55.1,0
99.62,FSM Enemy 11,FSM,ChaseState,WallDisappear,1.00,65.1,0
99.62,FSM Enemy 8,FSM,ChaseState,WallDisappear,0.60,24.5,0
99.62,Utility Enemy 8,Utility,ChaseAction,WallDisappear,1.00,24.8,0
99.62,Utility Enemy 9,Utility,ChaseAction,WallDisappear,1.00,0.8,1
99.62,Utility Enemy 10,Utility,ChaseAction,WallDisappear,1.00,6.5,1
99.62,Utility Enemy 2,Utility,ChaseAction,WallDisappear,1.00,25.7,0
99.62,Utility Enemy 7,Utility,ChaseAction,WallDisappear,1.00,13.5,1
99.62,Utility Enemy 13,Utility,ChaseAction,WallDisappear,1.00,2.6,1
99.62,Utility Enemy 3,Utility,ChaseAction,WallDisappear,1.00,23.9,0
99.62,Utility Enemy 14,Utility,ChaseAction,WallDisappear,1.00,23.3,0
99.62,Utility Enemy 15,Utility,ChaseAction,WallDisappear,1.00,24.9,0
99.62,Utility Enemy 1,Utility,ChaseAction,WallDisappear,1.00,24.0,0
99.62,Utility Enemy 12,Utility,ChaseAction,WallDisappear,1.00,22.9,0
99.62,Utility Enemy 11,Utility,ChaseAction,WallDisappear,1.00,7.3,1
99.62,Utility Enemy 5,Utility,ChaseAction,WallDisappear,1.00,25.7,0
99.62,Utility Enemy 6,Utility,ChaseAction,WallDisappear,1.00,6.5,1
99.62,Utility Enemy 4,Utility,ChaseAction,WallDisappear,1.00,43.2,0
100.12,Player,Player,-,WallDisappear,0.36,,0
100.12,FSM Enemy 14,FSM,ChaseState,WallDisappear,0.90,27.0,0
100.12,FSM Enemy 15,FSM,ChaseState,WallDisappear,0.50,43.7,0
100.12,FSM Enemy 2,FSM,ChaseState,WallDisappear,1.00,45.1,0
100.12,FSM Enemy 10,FSM,ChaseState,WallDisappear,1.00,21.5,0
100.12,FSM Enemy 1,FSM,ChaseState,WallDisappear,1.00,60.0,0
100.12,FSM Enemy 12,FSM,ChaseState,WallDisappear,1.00,11.7,1
100.12,FSM Enemy 9,FSM,ChaseState,WallDisappear,1.00,22.6,0
100.12,FSM Enemy 4,FSM,ChaseState,WallDisappear,0.70,3.6,1
100.12,FSM Enemy 7,FSM,ChaseState,WallDisappear,1.00,45.7,0
100.12,FSM Enemy 6,FSM,ChaseState,WallDisappear,0.05,22.8,0
100.12,FSM Enemy 13,FSM,ChaseState,WallDisappear,1.00,52.5,0
100.12,FSM Enemy 3,FSM,ChaseState,WallDisappear,0.40,44.6,0
100.12,FSM Enemy 5,FSM,ChaseState,WallDisappear,0.90,52.9,0
100.12,FSM Enemy 11,FSM,ChaseState,WallDisappear,1.00,65.1,0
100.12,FSM Enemy 8,FSM,ChaseState,WallDisappear,0.60,24.1,0
100.12,Utility Enemy 8,Utility,ChaseAction,WallDisappear,1.00,24.8,0
100.12,Utility Enemy 9,Utility,ChaseAction,WallDisappear,1.00,0.8,1
100.12,Utility Enemy 10,Utility,ChaseAction,WallDisappear,1.00,4.7,0
100.12,Utility Enemy 2,Utility,ChaseAction,WallDisappear,1.00,25.3,0
100.12,Utility Enemy 7,Utility,ChaseAction,WallDisappear,1.00,11.7,1
100.12,Utility Enemy 13,Utility,ChaseAction,WallDisappear,1.00,1.1,1
100.12,Utility Enemy 3,Utility,ChaseAction,WallDisappear,1.00,23.9,0
100.12,Utility Enemy 14,Utility,ChaseAction,WallDisappear,1.00,23.3,0
100.12,Utility Enemy 15,Utility,ChaseAction,WallDisappear,1.00,24.8,0
100.12,Utility Enemy 1,Utility,ChaseAction,WallDisappear,1.00,23.9,0
100.12,Utility Enemy 12,Utility,ChaseAction,WallDisappear,1.00,22.9,0
100.12,Utility Enemy 11,Utility,ChaseAction,WallDisappear,1.00,5.1,1
100.12,Utility Enemy 5,Utility,ChaseAction,WallDisappear,1.00,25.6,0
100.12,Utility Enemy 6,Utility,ChaseAction,WallDisappear,1.00,4.3,1
100.12,Utility Enemy 4,Utility,ChaseAction,WallDisappear,1.00,43.2,0
100.62,Player,Player,-,WallDisappear,0.36,,0
100.62,FSM Enemy 14,FSM,ChaseState,WallDisappear,0.90,25.2,0
100.62,FSM Enemy 15,FSM,ChaseState,WallDisappear,0.50,44.3,0
100.62,FSM Enemy 2,FSM,ChaseState,WallDisappear,1.00,43.4,0
100.62,FSM Enemy 10,FSM,ChaseState,WallDisappear,1.00,19.9,0
100.62,FSM Enemy 1,FSM,ChaseState,WallDisappear,1.00,57.7,0
100.62,FSM Enemy 12,FSM,ChaseState,WallDisappear,1.00,9.7,1
100.62,FSM Enemy 9,FSM,ChaseState,WallDisappear,1.00,22.9,0
100.62,FSM Enemy 4,FSM,ChaseState,WallDisappear,0.70,2.0,1
100.62,FSM Enemy 7,FSM,ChaseState,WallDisappear,1.00,47.9,0
100.62,FSM Enemy 6,FSM,ChaseState,WallDisappear,0.05,22.9,0
100.62,FSM Enemy 13,FSM,ChaseState,WallDisappear,1.00,50.7,0
100.62,FSM Enemy 3,FSM,ChaseState,WallDisappear,0.40,42.8,0
100.62,FSM Enemy 5,FSM,ChaseState,WallDisappear,0.90,50.6,0
100.62,FSM Enemy 11,FSM,ChaseState,WallDisappear,1.00,65.1,0
100.62,FSM Enemy 8,FSM,ChaseState,WallDisappear,0.60,24.0,0
100.62,Utility Enemy 8,Utility,ChaseAction,WallDisappear,1.00,24.8,0
100.62,Utility Enemy 9,Utility,ChaseAction,WallDisappear,1.00,0.8,1
100.62,Utility Enemy 10,Utility,ChaseAction,WallDisappear,1.00,2.9,0
100.62,Utility Enemy 2,Utility,ChaseAction,WallDisappear,1.00,25.0,0
100.62,Utility Enemy 7,Utility,ChaseAction,WallDisappear,1.00,9.6,0
100.62,Utility Enemy 13,Utility,ChaseAction,WallDisappear,1.00,1.1,1
100.62,Utility Enemy 3,Utility,ChaseAction,WallDisappear,1.00,23.9,0
100.62,Utility Enemy 14,Utility,ChaseAction,WallDisappear,1.00,23.3,0
100.62,Utility Enemy 15,Utility,ChaseAction,WallDisappear,1.00,24.6,0
100.62,Utility Enemy 1,Utility,ChaseAction,WallDisappear,1.00,23.8,0
100.62,Utility Enemy 12,Utility,ChaseAction,WallDisappear,1.00,22.9,0
100.62,Utility Enemy 11,Utility,ChaseAction,WallDisappear,1.00,3.2,1
100.62,Utility Enemy 5,Utility,ChaseAction,WallDisappear,1.00,25.5,0
100.62,Utility Enemy 6,Utility,ChaseAction,WallDisappear,1.00,3.0,1
100.62,Utility Enemy 4,Utility,ChaseAction,WallDisappear,1.00,43.2,0
101.13,Player,Player,-,None,0.09,,0
101.13,FSM Enemy 14,FSM,PatrolState,None,0.90,24.0,0
101.13,FSM Enemy 15,FSM,PatrolState,None,0.50,44.5,0
101.13,FSM Enemy 2,FSM,PatrolState,None,1.00,41.8,0
101.13,FSM Enemy 10,FSM,PatrolState,None,1.00,18.6,0
101.13,FSM Enemy 1,FSM,PatrolState,None,1.00,56.1,0
101.13,FSM Enemy 12,FSM,ChaseState,None,1.00,7.9,0
101.13,FSM Enemy 9,FSM,PatrolState,None,1.00,23.4,0
101.13,FSM Enemy 4,FSM,AttackState,None,0.70,1.2,1
101.13,FSM Enemy 7,FSM,PatrolState,None,1.00,49.4,0
101.13,FSM Enemy 6,FSM,PatrolState,None,0.05,22.9,0
101.13,FSM Enemy 13,FSM,PatrolState,None,1.00,50.2,0
101.13,FSM Enemy 3,FSM,PatrolState,None,0.40,41.1,0
101.13,FSM Enemy 5,FSM,PatrolState,None,0.90,48.5,0
101.13,FSM Enemy 11,FSM,PatrolState,None,1.00,65.0,0
101.13,FSM Enemy 8,FSM,PatrolState,None,0.50,24.0,0
101.13,Utility Enemy 8,Utility,AttackAction,None,1.00,24.8,0
101.13,Utility Enemy 9,Utility,AttackAction,None,0.50,0.8,1
101.13,Utility Enemy 10,Utility,ChaseAction,None,1.00,1.9,0
101.13,Utility Enemy 2,Utility,AttackAction,None,1.00,25.0,0
101.13,Utility Enemy 7,Utility,ChaseAction,None,1.00,7.4,0
101.13,Utility Enemy 13,Utility,AttackAction,None,1.00,1.1,1
101.13,Utility Enemy 3,Utility,AttackAction,None,1.00,23.9,0
101.13,Utility Enemy 14,Utility,AttackAction,None,1.00,23.2,0
101.13,Utility Enemy 15,Utility,AttackAction,None,1.00,24.6,0
101.13,Utility Enemy 1,Utility,AttackAction,None,1.00,23.7,0
101.13,Utility Enemy 12,Utility,AttackAction,None,1.00,22.9,0
101.13,Utility Enemy 11,Utility,AttackAction,None,1.00,2.2,1
101.13,Utility Enemy 5,Utility,AttackAction,None,1.00,25.5,0
101.13,Utility Enemy 6,Utility,AttackAction,None,1.00,2.2,1
101.13,Utility Enemy 4,Utility,AttackAction,None,1.00,43.2,0
101.63,Player,Player,-,GravityFlip,0.09,,0
101.63,FSM Enemy 14,FSM,TakeCoverState,GravityFlip,0.90,25.0,0
101.63,FSM Enemy 15,FSM,TakeCoverState,GravityFlip,0.50,45.5,0
101.63,FSM Enemy 2,FSM,TakeCoverState,GravityFlip,1.00,41.9,0
101.63,FSM Enemy 10,FSM,TakeCoverState,GravityFlip,1.00,18.9,0
101.63,FSM Enemy 1,FSM,TakeCoverState,GravityFlip,1.00,57.5,0
101.63,FSM Enemy 12,FSM,TakeCoverState,GravityFlip,1.00,6.4,0
101.63,FSM Enemy 9,FSM,TakeCoverState,GravityFlip,1.00,22.9,0
101.63,FSM Enemy 4,FSM,TakeCoverState,GravityFlip,0.20,1.6,0
101.63,FSM Enemy 7,FSM,TakeCoverState,GravityFlip,1.00,48.0,0
101.63,FSM Enemy 6,FSM,TakeCoverState,GravityFlip,0.05,23.4,0
101.63,FSM Enemy 13,FSM,TakeCoverState,GravityFlip,1.00,50.5,0
101.63,FSM Enemy 3,FSM,TakeCoverState,GravityFlip,0.40,40.8,0
101.63,FSM Enemy 5,FSM,TakeCoverState,GravityFlip,0.90,48.2,0
101.63,FSM Enemy 11,FSM,TakeCoverState,GravityFlip,1.00,63.9,0
101.63,FSM Enemy 8,FSM,TakeCoverState,GravityFlip,0.50,24.3,0
101.63,Utility Enemy 8,Utility,TakeCoverAction,GravityFlip,1.00,24.8,0
101.63,Utility Enemy 9,Utility,TakeCoverAction,GravityFlip,0.50,0.9,1
101.63,Utility Enemy 10,Utility,TakeCoverAction,GravityFlip,1.00,1.5,1
101.63,Utility Enemy 2,Utility,TakeCoverAction,GravityFlip,1.00,25.3,0
101.63,Utility Enemy 7,Utility,TakeCoverAction,GravityFlip,1.00,5.5,0
101.63,Utility Enemy 13,Utility,TakeCoverAction,GravityFlip,0.75,1.1,1
101.63,Utility Enemy 3,Utility,TakeCoverAction,GravityFlip,1.00,23.9,0
101.63,Utility Enemy 14,Utility,TakeCoverAction,GravityFlip,1.00,23.2,0
101.63,Utility Enemy 15,Utility,TakeCoverAction,GravityFlip,1.00,24.7,0
101.63,Utility Enemy 1,Utility,TakeCoverAction,GravityFlip,1.00,23.8,0
101.63,Utility Enemy 12,Utility,TakeCoverAction,GravityFlip,1.00,22.8,0
101.63,Utility Enemy 11,Utility,TakeCoverAction,GravityFlip,1.00,2.3,1
101.63,Utility Enemy 5,Utility,TakeCoverAction,GravityFlip,1.00,25.6,0
101.63,Utility Enemy 6,Utility,TakeCoverAction,GravityFlip,1.00,2.2,1
101.63,Utility Enemy 4,Utility,TakeCoverAction,GravityFlip,1.00,43.3,0
102.14,Player,Player,-,GravityFlip,0.09,,0
102.14,FSM Enemy 14,FSM,TakeCoverState,GravityFlip,0.90,26.1,0
102.14,FSM Enemy 15,FSM,TakeCoverState,GravityFlip,0.50,46.2,0
102.14,FSM Enemy 2,FSM,TakeCoverState,GravityFlip,1.00,42.9,0
102.14,FSM Enemy 10,FSM,TakeCoverState,GravityFlip,1.00,17.7,0
102.14,FSM Enemy 1,FSM,TakeCoverState,GravityFlip,1.00,59.3,0
102.14,FSM Enemy 12,FSM,TakeCoverState,GravityFlip,1.00,6.5,0
102.14,FSM Enemy 9,FSM,TakeCoverState,GravityFlip,1.00,23.3,0
102.14,FSM Enemy 4,FSM,TakeCoverState,GravityFlip,0.20,3.5,0
102.14,FSM Enemy 7,FSM,TakeCoverState,GravityFlip,1.00,47.5,0
102.14,FSM Enemy 6,FSM,TakeCoverState,GravityFlip,0.05,25.5,0
102.14,FSM Enemy 13,FSM,TakeCoverState,GravityFlip,1.00,48.5,0
102.14,FSM Enemy 3,FSM,TakeCoverState,GravityFlip,0.40,39.0,0
102.14,FSM Enemy 5,FSM,TakeCoverState,GravityFlip,0.90,47.5,0
102.14,FSM Enemy 11,FSM,TakeCoverState,GravityFlip,1.00,63.1,0
102.14,FSM Enemy 8,FSM,TakeCoverState,GravityFlip,0.50,25.1,0
102.14,Utility Enemy 8,Utility,TakeCoverAction,GravityFlip,1.00,25.6,0
102.14,Utility Enemy 9,Utility,TakeCoverAction,GravityFlip,0.50,2.5,0
102.14,Utility Enemy 10,Utility,TakeCoverAction,GravityFlip,1.00,1.2,0
102.14,Utility Enemy 2,Utility,TakeCoverAction,GravityFlip,1.00,26.7,0
102.14,Utility Enemy 7,Utility,TakeCoverAction,GravityFlip,1.00,5.2,0
102.14,Utility Enemy 13,Utility,TakeCoverAction,GravityFlip,0.75,2.3,0
102.14,Utility Enemy 3,Utility,TakeCoverAction,GravityFlip,1.00,24.6,0
102.14,Utility Enemy 14,Utility,TakeCoverAction,GravityFlip,1.00,24.1,0
102.14,Utility Enemy 15,Utility,TakeCoverAction,GravityFlip,1.00,25.8,0
102.14,Utility Enemy 1,Utility,TakeCoverAction,GravityFlip,1.00,24.8,0
102.14,Utility Enemy 12,Utility,TakeCoverAction,GravityFlip,1.00,22.5,0
102.14,Utility Enemy 11,Utility,TakeCoverAction,GravityFlip,1.00,3.4,0
102.14,Utility Enemy 5,Utility,TakeCoverAction,GravityFlip,1.00,27.0,0
102.14,Utility Enemy 6,Utility,TakeCoverAction,GravityFlip,1.00,3.6,0
102.14,Utility Enemy 4,Utility,TakeCoverAction,GravityFlip,1.00,43.8,0
102.64,Player,Player,-,GravityFlip,0.09,,0
102.64,FSM Enemy 14,FSM,TakeCoverState,GravityFlip,0.90,27.3,0
102.64,FSM Enemy 15,FSM,TakeCoverState,GravityFlip,0.50,46.9,0
102.64,FSM Enemy 2,FSM,TakeCoverState,GravityFlip,1.00,43.1,0
102.64,FSM Enemy 10,FSM,TakeCoverState,GravityFlip,1.00,16.9,0
102.64,FSM Enemy 1,FSM,TakeCoverState,GravityFlip,1.00,61.2,0
102.64,FSM Enemy 12,FSM,TakeCoverState,GravityFlip,1.00,7.8,0
102.64,FSM Enemy 9,FSM,TakeCoverState,GravityFlip,1.00,24.0,0
102.64,FSM Enemy 4,FSM,TakeCoverState,GravityFlip,0.20,3.6,0
102.64,FSM Enemy 7,FSM,TakeCoverState,GravityFlip,1.00,47.5,0
102.64,FSM Enemy 6,FSM,TakeCoverState,GravityFlip,0.05,27.6,0
102.64,FSM Enemy 13,FSM,TakeCoverState,GravityFlip,1.00,46.3,0
102.64,FSM Enemy 3,FSM,TakeCoverState,GravityFlip,0.40,37.1,0
102.64,FSM Enemy 5,FSM,TakeCoverState,GravityFlip,0.90,46.9,0
102.64,FSM Enemy 11,FSM,TakeCoverState,GravityFlip,1.00,63.7,0
102.64,FSM Enemy 8,FSM,TakeCoverState,GravityFlip,0.50,25.9,0
102.64,Utility Enemy 8,Utility,TakeCoverAction,GravityFlip,1.00,26.9,0
102.64,Utility Enemy 9,Utility,TakeCoverAction,GravityFlip,0.50,4.6,0
102.64,Utility Enemy 10,Utility,TakeCoverAction,GravityFlip,1.00,3.0,0
102.64,Utility Enemy 2,Utility,TakeCoverAction,GravityFlip,1.00,27.7,0
102.64,Utility Enemy 7,Utility,TakeCoverAction,GravityFlip,1.00,6.6,0
102.64,Utility Enemy 13,Utility,TakeCoverAction,GravityFlip,0.75,4.4,0
102.64,Utility Enemy 3,Utility,TakeCoverAction,GravityFlip,1.00,25.2,0
102.64,Utility Enemy 14,Utility,TakeCoverAction,GravityFlip,1.00,24.8,0
102.64,Utility Enemy 15,Utility,TakeCoverAction,GravityFlip,1.00,26.9,0
102.64,Utility Enemy 1,Utility,TakeCoverAction,GravityFlip,1.00,25.9,0
102.64,Utility Enemy 12,Utility,TakeCoverAction,GravityFlip,1.00,22.4,0
102.64,Utility Enemy 11,Utility,TakeCoverAction,GravityFlip,1.00,5.5,0
102.64,Utility Enemy 5,Utility,TakeCoverAction,GravityFlip,1.00,27.2,0
102.64,Utility Enemy 6,Utility,TakeCoverAction,GravityFlip,1.00,5.6,0
102.64,Utility Enemy 4,Utility,TakeCoverAction,GravityFlip,1.00,44.6,0
103.15,Player,Player,-,GravityFlip,0.09,,0
103.15,FSM Enemy 14,FSM,TakeCoverState,GravityFlip,0.90,27.9,0
103.15,FSM Enemy 15,FSM,TakeCoverState,GravityFlip,0.50,47.3,0
103.15,FSM Enemy 2,FSM,TakeCoverState,GravityFlip,1.00,43.2,0
103.15,FSM Enemy 10,FSM,TakeCoverState,GravityFlip,1.00,16.9,0
103.15,FSM Enemy 1,FSM,TakeCoverState,GravityFlip,1.00,62.8,0
103.15,FSM Enemy 12,FSM,TakeCoverState,GravityFlip,1.00,8.6,0
103.15,FSM Enemy 9,FSM,TakeCoverState,GravityFlip,1.00,24.0,0
103.15,FSM Enemy 4,FSM,TakeCoverState,GravityFlip,0.20,3.6,0
103.15,FSM Enemy 7,FSM,TakeCoverState,GravityFlip,1.00,47.5,0
103.15,FSM Enemy 6,FSM,TakeCoverState,GravityFlip,0.05,29.7,0
103.15,FSM Enemy 13,FSM,TakeCoverState,GravityFlip,1.00,45.4,0
103.15,FSM Enemy 3,FSM,TakeCoverState,GravityFlip,0.40,35.7,0
103.15,FSM Enemy 5,FSM,TakeCoverState,GravityFlip,0.90,46.9,0
103.15,FSM Enemy 11,FSM,TakeCoverState,GravityFlip,1.00,64.1,0
103.15,FSM Enemy 8,FSM,TakeCoverState,GravityFlip,0.50,26.7,0
103.15,Utility Enemy 8,Utility,TakeCoverAction,GravityFlip,1.00,27.3,0
103.15,Utility Enemy 9,Utility,TakeCoverAction,GravityFlip,0.50,6.7,0
103.15,Utility Enemy 10,Utility,TakeCoverAction,GravityFlip,1.00,5.1,0
103.15,Utility Enemy 2,Utility,TakeCoverAction,GravityFlip,1.00,27.1,0
103.15,Utility Enemy 7,Utility,TakeCoverAction,GravityFlip,1.00,8.0,0
103.15,Utility Enemy 13,Utility,TakeCoverAction,GravityFlip,0.75,5.4,0
103.15,Utility Enemy 3,Utility,TakeCoverAction,GravityFlip,1.00,25.9,0
103.15,Utility Enemy 14,Utility,TakeCoverAction,GravityFlip,1.00,25.6,0
103.15,Utility Enemy 15,Utility,TakeCoverAction,GravityFlip,1.00,28.1,0
103.15,Utility Enemy 1,Utility,TakeCoverAction,GravityFlip,1.00,27.0,0
103.15,Utility Enemy 12,Utility,TakeCoverAction,GravityFlip,1.00,22.4,0
103.15,Utility Enemy 11,Utility,TakeCoverAction,GravityFlip,1.00,7.5,0
103.15,Utility Enemy 5,Utility,TakeCoverAction,GravityFlip,1.00,26.7,0
103.15,Utility Enemy 6,Utility,TakeCoverAction,GravityFlip,1.00,6.9,0
103.15,Utility Enemy 4,Utility,TakeCoverAction,GravityFlip,1.00,45.3,0
103.65,Player,Player,-,GravityFlip,0.09,,0
103.65,FSM Enemy 14,FSM,TakeCoverState,GravityFlip,0.90,27.9,0
103.65,FSM Enemy 15,FSM,TakeCoverState,GravityFlip,0.50,47.9,0
103.65,FSM Enemy 2,FSM,TakeCoverState,GravityFlip,1.00,43.2,0
103.65,FSM Enemy 10,FSM,TakeCoverState,GravityFlip,1.00,16.9,0
103.65,FSM Enemy 1,FSM,TakeCoverState,GravityFlip,1.00,62.9,0
103.65,FSM Enemy 12,FSM,TakeCoverState,GravityFlip,1.00,8.5,0
103.65,FSM Enemy 9,FSM,TakeCoverState,GravityFlip,1.00,24.0,0
103.65,FSM Enemy 4,FSM,TakeCoverState,GravityFlip,0.20,3.6,0
103.65,FSM Enemy 7,FSM,TakeCoverState,GravityFlip,1.00,47.5,0
103.65,FSM Enemy 6,FSM,TakeCoverState,GravityFlip,0.05,31.8,0
103.65,FSM Enemy 13,FSM,TakeCoverState,GravityFlip,1.00,45.4,0
103.65,FSM Enemy 3,FSM,TakeCoverState,GravityFlip,0.40,35.7,0
103.65,FSM Enemy 5,FSM,TakeCoverState,GravityFlip,0.90,46.9,0
103.65,FSM Enemy 11,FSM,TakeCoverState,GravityFlip,1.00,64.1,0
103.65,FSM Enemy 8,FSM,TakeCoverState,GravityFlip,0.50,27.7,0
103.65,Utility Enemy 8,Utility,TakeCoverAction,GravityFlip,1.00,26.8,0
103.65,Utility Enemy 9,Utility,TakeCoverAction,GravityFlip,0.50,8.6,0
103.65,Utility Enemy 10,Utility,TakeCoverAction,GravityFlip,1.00,5.5,0
103.65,Utility Enemy 2,Utility,TakeCoverAction,GravityFlip,1.00,26.6,0
103.65,Utility Enemy 7,Utility,TakeCoverAction,GravityFlip,1.00,9.7,0
103.65,Utility Enemy 13,Utility,TakeCoverAction,GravityFlip,0.75,5.4,0
103.65,Utility Enemy 3,Utility,TakeCoverAction,GravityFlip,1.00,26.8,0
103.65,Utility Enemy 14,Utility,TakeCoverAction,GravityFlip,1.00,26.0,0
103.65,Utility Enemy 15,Utility,TakeCoverAction,GravityFlip,1.00,29.1,0
103.65,Utility Enemy 1,Utility,TakeCoverAction,GravityFlip,1.00,27.2,0
103.65,Utility Enemy 12,Utility,TakeCoverAction,GravityFlip,1.00,22.5,0
103.65,Utility Enemy 11,Utility,TakeCoverAction,GravityFlip,1.00,7.8,0
103.65,Utility Enemy 5,Utility,TakeCoverAction,GravityFlip,1.00,27.7,0
103.65,Utility Enemy 6,Utility,TakeCoverAction,GravityFlip,1.00,6.9,0
103.65,Utility Enemy 4,Utility,TakeCoverAction,GravityFlip,1.00,45.7,0
104.15,Player,Player,-,GravityFlip,0.09,,0
104.15,FSM Enemy 14,FSM,TakeCoverState,GravityFlip,0.90,27.9,0
104.15,FSM Enemy 15,FSM,TakeCoverState,GravityFlip,0.50,48.2,0
104.15,FSM Enemy 2,FSM,TakeCoverState,GravityFlip,1.00,43.2,0
104.15,FSM Enemy 10,FSM,TakeCoverState,GravityFlip,1.00,16.9,0
104.15,FSM Enemy 1,FSM,TakeCoverState,GravityFlip,1.00,62.9,0
104.15,FSM Enemy 12,FSM,TakeCoverState,GravityFlip,1.00,8.5,0
104.15,FSM Enemy 9,FSM,TakeCoverState,GravityFlip,1.00,24.0,0
104.15,FSM Enemy 4,FSM,TakeCoverState,GravityFlip,0.20,3.6,0
104.15,FSM Enemy 7,FSM,TakeCoverState,GravityFlip,1.00,47.5,0
104.15,FSM Enemy 6,FSM,TakeCoverState,GravityFlip,0.05,32.1,0
104.15,FSM Enemy 13,FSM,TakeCoverState,GravityFlip,1.00,45.3,0
104.15,FSM Enemy 3,FSM,TakeCoverState,GravityFlip,0.40,35.7,0
104.15,FSM Enemy 5,FSM,TakeCoverState,GravityFlip,0.90,46.9,0
104.15,FSM Enemy 11,FSM,TakeCoverState,GravityFlip,1.00,64.1,0
104.15,FSM Enemy 8,FSM,TakeCoverState,GravityFlip,0.50,28.1,0
104.15,Utility Enemy 8,Utility,TakeCoverAction,GravityFlip,1.00,26.8,0
104.15,Utility Enemy 9,Utility,TakeCoverAction,GravityFlip,0.50,8.7,0
104.15,Utility Enemy 10,Utility,TakeCoverAction,GravityFlip,0.75,5.5,0
104.15,Utility Enemy 2,Utility,TakeCoverAction,GravityFlip,1.00,26.5,0
104.15,Utility Enemy 7,Utility,TakeCoverAction,GravityFlip,1.00,11.7,0
104.15,Utility Enemy 13,Utility,TakeCoverAction,GravityFlip,0.75,5.4,0
104.15,Utility Enemy 3,Utility,TakeCoverAction,GravityFlip,1.00,27.5,0
104.15,Utility Enemy 14,Utility,TakeCoverAction,GravityFlip,1.00,26.9,0
104.15,Utility Enemy 15,Utility,TakeCoverAction,GravityFlip,1.00,29.4,0
104.15,Utility Enemy 1,Utility,TakeCoverAction,GravityFlip,1.00,26.7,0
104.15,Utility Enemy 12,Utility,TakeCoverAction,GravityFlip,1.00,22.5,0
104.15,Utility Enemy 11,Utility,TakeCoverAction,GravityFlip,1.00,7.8,0
104.15,Utility Enemy 5,Utility,TakeCoverAction,GravityFlip,1.00,28.6,0
104.15,Utility Enemy 6,Utility,TakeCoverAction,GravityFlip,1.00,6.9,0
104.15,Utility Enemy 4,Utility,TakeCoverAction,GravityFlip,1.00,45.9,0
104.66,Player,Player,-,GravityFlip,0.09,,0
104.66,FSM Enemy 14,FSM,TakeCoverState,GravityFlip,0.90,27.9,0
104.66,FSM Enemy 15,FSM,TakeCoverState,GravityFlip,0.50,48.2,0
104.66,FSM Enemy 2,FSM,TakeCoverState,GravityFlip,1.00,43.2,0
104.66,FSM Enemy 10,FSM,TakeCoverState,GravityFlip,1.00,16.9,0
104.66,FSM Enemy 1,FSM,TakeCoverState,GravityFlip,1.00,62.9,0
104.66,FSM Enemy 12,FSM,TakeCoverState,GravityFlip,1.00,8.4,0
104.66,FSM Enemy 9,FSM,TakeCoverState,GravityFlip,1.00,24.0,0
104.66,FSM Enemy 4,FSM,TakeCoverState,GravityFlip,0.20,3.7,0
104.66,FSM Enemy 7,FSM,TakeCoverState,GravityFlip,1.00,47.2,0
104.66,FSM Enemy 6,FSM,TakeCoverState,GravityFlip,0.05,32.1,0
104.66,FSM Enemy 13,FSM,TakeCoverState,GravityFlip,1.00,45.2,0
104.66,FSM Enemy 3,FSM,TakeCoverState,GravityFlip,0.40,35.7,0
104.66,FSM Enemy 5,FSM,TakeCoverState,GravityFlip,0.90,46.9,0
104.66,FSM Enemy 11,FSM,TakeCoverState,GravityFlip,1.00,64.1,0
104.66,FSM Enemy 8,FSM,TakeCoverState,GravityFlip,0.50,28.2,0
104.66,Utility Enemy 8,Utility,TakeCoverAction,GravityFlip,1.00,26.7,0
104.66,Utility Enemy 9,Utility,TakeCoverAction,GravityFlip,0.50,8.7,0
104.66,Utility Enemy 10,Utility,TakeCoverAction,GravityFlip,0.75,5.5,0
104.66,Utility Enemy 2,Utility,TakeCoverAction,GravityFlip,1.00,26.4,0
104.66,Utility Enemy 7,Utility,TakeCoverAction,GravityFlip,1.00,12.4,0
104.66,Utility Enemy 13,Utility,TakeCoverAction,GravityFlip,0.75,5.4,0
104.66,Utility Enemy 3,Utility,TakeCoverAction,GravityFlip,1.00,28.6,0
104.66,Utility Enemy 14,Utility,TakeCoverAction,GravityFlip,1.00,27.2,0
104.66,Utility Enemy 15,Utility,TakeCoverAction,GravityFlip,1.00,29.4,0
104.66,Utility Enemy 1,Utility,TakeCoverAction,GravityFlip,1.00,26.2,0
104.66,Utility Enemy 12,Utility,TakeCoverAction,GravityFlip,1.00,22.5,0
104.66,Utility Enemy 11,Utility,TakeCoverAction,GravityFlip,1.00,7.8,0
104.66,Utility Enemy 5,Utility,TakeCoverAction,GravityFlip,1.00,28.6,0
104.66,Utility Enemy 6,Utility,TakeCoverAction,GravityFlip,1.00,6.9,0
104.66,Utility Enemy 4,Utility,TakeCoverAction,GravityFlip,1.00,46.1,0
105.16,Player,Player,-,GravityFlip,0.09,,0
105.16,FSM Enemy 14,FSM,TakeCoverState,GravityFlip,0.90,27.9,0
105.16,FSM Enemy 15,FSM,TakeCoverState,GravityFlip,0.50,48.2,0
105.16,FSM Enemy 2,FSM,TakeCoverState,GravityFlip,1.00,43.2,0
105.16,FSM Enemy 10,FSM,TakeCoverState,GravityFlip,1.00,16.9,0
105.16,FSM Enemy 1,FSM,TakeCoverState,GravityFlip,1.00,62.9,0
105.16,FSM Enemy 12,FSM,TakeCoverState,GravityFlip,1.00,8.4,0
105.16,FSM Enemy 9,FSM,TakeCoverState,GravityFlip,1.00,24.0,0
105.16,FSM Enemy 4,FSM,TakeCoverState,GravityFlip,0.20,3.7,0
105.16,FSM Enemy 7,FSM,TakeCoverState,GravityFlip,1.00,47.2,0
105.16,FSM Enemy 6,FSM,TakeCoverState,GravityFlip,0.05,32.1,0
105.16,FSM Enemy 13,FSM,TakeCoverState,GravityFlip,1.00,45.2,0
105.16,FSM Enemy 3,FSM,TakeCoverState,GravityFlip,0.40,35.7,0
105.16,FSM Enemy 5,FSM,TakeCoverState,GravityFlip,0.90,46.9,0
105.16,FSM Enemy 11,FSM,TakeCoverState,GravityFlip,1.00,64.1,0
105.16,FSM Enemy 8,FSM,TakeCoverState,GravityFlip,0.50,28.2,0
105.16,Utility Enemy 8,Utility,TakeCoverAction,GravityFlip,1.00,26.7,0
105.16,Utility Enemy 9,Utility,TakeCoverAction,GravityFlip,0.50,8.7,0
105.16,Utility Enemy 10,Utility,TakeCoverAction,GravityFlip,0.75,5.5,0
105.16,Utility Enemy 2,Utility,TakeCoverAction,GravityFlip,1.00,26.4,0
105.16,Utility Enemy 7,Utility,TakeCoverAction,GravityFlip,1.00,12.4,0
105.16,Utility Enemy 13,Utility,TakeCoverAction,GravityFlip,0.75,5.4,0
105.16,Utility Enemy 3,Utility,TakeCoverAction,GravityFlip,1.00,29.4,0
105.16,Utility Enemy 14,Utility,TakeCoverAction,GravityFlip,1.00,27.2,0
105.16,Utility Enemy 15,Utility,TakeCoverAction,GravityFlip,1.00,29.4,0
105.16,Utility Enemy 1,Utility,TakeCoverAction,GravityFlip,1.00,25.8,0
105.16,Utility Enemy 12,Utility,TakeCoverAction,GravityFlip,1.00,22.5,0
105.16,Utility Enemy 11,Utility,TakeCoverAction,GravityFlip,0.75,7.8,0
105.16,Utility Enemy 5,Utility,TakeCoverAction,GravityFlip,1.00,28.6,0
105.16,Utility Enemy 6,Utility,TakeCoverAction,GravityFlip,1.00,6.9,0
105.16,Utility Enemy 4,Utility,TakeCoverAction,GravityFlip,1.00,46.1,0
105.66,Player,Player,-,GravityFlip,0.09,,0
105.66,FSM Enemy 14,FSM,TakeCoverState,GravityFlip,0.90,27.9,0
105.66,FSM Enemy 15,FSM,TakeCoverState,GravityFlip,0.50,48.2,0
105.66,FSM Enemy 2,FSM,TakeCoverState,GravityFlip,1.00,43.2,0
105.66,FSM Enemy 10,FSM,TakeCoverState,GravityFlip,1.00,17.0,0
105.66,FSM Enemy 1,FSM,TakeCoverState,GravityFlip,1.00,62.9,0
105.66,FSM Enemy 12,FSM,TakeCoverState,GravityFlip,1.00,8.3,0
105.66,FSM Enemy 9,FSM,TakeCoverState,GravityFlip,1.00,24.0,0
105.66,FSM Enemy 4,FSM,TakeCoverState,GravityFlip,0.20,3.7,0
105.66,FSM Enemy 7,FSM,TakeCoverState,GravityFlip,1.00,47.2,0
105.66,FSM Enemy 6,FSM,TakeCoverState,GravityFlip,0.05,32.1,0
105.66,FSM Enemy 13,FSM,TakeCoverState,GravityFlip,1.00,45.2,0
105.66,FSM Enemy 3,FSM,TakeCoverState,GravityFlip,0.40,35.7,0
105.66,FSM Enemy 5,FSM,TakeCoverState,GravityFlip,0.90,46.9,0
105.66,FSM Enemy 11,FSM,TakeCoverState,GravityFlip,1.00,64.1,0
105.66,FSM Enemy 8,FSM,TakeCoverState,GravityFlip,0.50,28.2,0
105.66,Utility Enemy 8,Utility,TakeCoverAction,GravityFlip,1.00,26.7,0
105.66,Utility Enemy 9,Utility,TakeCoverAction,GravityFlip,0.50,8.7,0
105.66,Utility Enemy 10,Utility,TakeCoverAction,GravityFlip,0.75,5.6,0
105.66,Utility Enemy 2,Utility,TakeCoverAction,GravityFlip,1.00,27.0,0
105.66,Utility Enemy 7,Utility,TakeCoverAction,GravityFlip,1.00,12.4,0
105.66,Utility Enemy 13,Utility,TakeCoverAction,GravityFlip,0.75,5.4,0
105.66,Utility Enemy 3,Utility,TakeCoverAction,GravityFlip,1.00,29.5,0
105.66,Utility Enemy 14,Utility,TakeCoverAction,GravityFlip,1.00,27.2,0
105.66,Utility Enemy 15,Utility,TakeCoverAction,GravityFlip,1.00,29.4,0
105.66,Utility Enemy 1,Utility,TakeCoverAction,GravityFlip,1.00,26.1,0
105.66,Utility Enemy 12,Utility,TakeCoverAction,GravityFlip,1.00,22.5,0
105.66,Utility Enemy 11,Utility,TakeCoverAction,GravityFlip,0.75,7.8,0
105.66,Utility Enemy 5,Utility,TakeCoverAction,GravityFlip,1.00,28.6,0
105.66,Utility Enemy 6,Utility,TakeCoverAction,GravityFlip,1.00,6.9,0
105.66,Utility Enemy 4,Utility,TakeCoverAction,GravityFlip,1.00,46.1,0
106.16,Player,Player,-,GravityFlip,0.09,,0
106.16,FSM Enemy 14,FSM,TakeCoverState,GravityFlip,0.90,27.9,0
106.16,FSM Enemy 15,FSM,TakeCoverState,GravityFlip,0.50,48.3,0
106.16,FSM Enemy 2,FSM,TakeCoverState,GravityFlip,1.00,43.2,0
106.16,FSM Enemy 10,FSM,TakeCoverState,GravityFlip,1.00,17.0,0
106.16,FSM Enemy 1,FSM,TakeCoverState,GravityFlip,1.00,62.9,0
106.16,FSM Enemy 12,FSM,TakeCoverState,GravityFlip,1.00,8.3,0
106.16,FSM Enemy 9,FSM,TakeCoverState,GravityFlip,1.00,24.0,0
106.16,FSM Enemy 4,FSM,TakeCoverState,GravityFlip,0.20,3.7,0
106.16,FSM Enemy 7,FSM,TakeCoverState,GravityFlip,1.00,47.2,0
106.16,FSM Enemy 6,FSM,TakeCoverState,GravityFlip,0.05,32.1,0
106.16,FSM Enemy 13,FSM,TakeCoverState,GravityFlip,1.00,45.2,0
106.16,FSM Enemy 3,FSM,TakeCoverState,GravityFlip,0.40,35.7,0
106.16,FSM Enemy 5,FSM,TakeCoverState,GravityFlip,0.90,46.9,0
106.16,FSM Enemy 11,FSM,TakeCoverState,GravityFlip,1.00,64.1,0
106.16,FSM Enemy 8,FSM,TakeCoverState,GravityFlip,0.50,28.2,0
106.16,Utility Enemy 8,Utility,TakeCoverAction,GravityFlip,1.00,26.7,0
106.16,Utility Enemy 9,Utility,TakeCoverAction,GravityFlip,0.50,8.8,0
106.16,Utility Enemy 10,Utility,TakeCoverAction,GravityFlip,0.50,5.6,0
106.16,Utility Enemy 2,Utility,TakeCoverAction,GravityFlip,1.00,27.6,0
106.16,Utility Enemy 7,Utility,TakeCoverAction,GravityFlip,1.00,12.4,0
106.16,Utility Enemy 13,Utility,TakeCoverAction,GravityFlip,0.75,5.5,0
106.16,Utility Enemy 3,Utility,TakeCoverAction,GravityFlip,1.00,29.5,0
106.16,Utility Enemy 14,Utility,TakeCoverAction,GravityFlip,1.00,27.2,0
106.16,Utility Enemy 15,Utility,TakeCoverAction,GravityFlip,1.00,29.4,0
106.16,Utility Enemy 1,Utility,TakeCoverAction,GravityFlip,1.00,26.7,0
106.16,Utility Enemy 12,Utility,TakeCoverAction,GravityFlip,1.00,22.5,0
106.16,Utility Enemy 11,Utility,TakeCoverAction,GravityFlip,0.75,7.8,0
106.16,Utility Enemy 5,Utility,TakeCoverAction,GravityFlip,1.00,28.6,0
106.16,Utility Enemy 6,Utility,TakeCoverAction,GravityFlip,1.00,6.9,0
106.16,Utility Enemy 4,Utility,TakeCoverAction,GravityFlip,1.00,46.1,0
106.66,Player,Player,-,None,0.00,,0
106.66,FSM Enemy 14,FSM,PatrolState,None,0.90,27.9,0
106.66,FSM Enemy 15,FSM,PatrolState,None,0.50,49.5,0
106.66,FSM Enemy 2,FSM,PatrolState,None,1.00,43.5,0
106.66,FSM Enemy 10,FSM,PatrolState,None,1.00,17.3,0
106.66,FSM Enemy 1,FSM,PatrolState,None,1.00,63.1,0
106.66,FSM Enemy 12,FSM,PatrolState,None,1.00,8.2,0
106.66,FSM Enemy 9,FSM,PatrolState,None,1.00,23.7,0
106.66,FSM Enemy 4,FSM,PatrolState,None,0.20,3.8,0
106.66,FSM Enemy 7,FSM,PatrolState,None,1.00,47.4,0
106.66,FSM Enemy 6,FSM,PatrolState,None,0.05,32.1,0
106.66,FSM Enemy 13,FSM,PatrolState,None,0.90,45.2,0
106.66,FSM Enemy 3,FSM,PatrolState,None,0.40,35.9,0
106.66,FSM Enemy 5,FSM,PatrolState,None,0.90,47.2,0
106.66,FSM Enemy 11,FSM,PatrolState,None,1.00,64.0,0
106.66,FSM Enemy 8,FSM,PatrolState,None,0.40,28.3,0
106.66,Utility Enemy 8,Utility,AttackAction,None,1.00,26.7,0
106.66,Utility Enemy 9,Utility,AttackAction,None,0.50,8.7,0
106.66,Utility Enemy 10,Utility,AttackAction,None,0.50,5.5,0
106.66,Utility Enemy 2,Utility,AttackAction,None,1.00,27.6,0
106.66,Utility Enemy 7,Utility,AttackAction,None,1.00,12.4,0
106.66,Utility Enemy 13,Utility,AttackAction,None,0.75,5.4,0
106.66,Utility Enemy 3,Utility,AttackAction,None,1.00,29.5,0
106.66,Utility Enemy 14,Utility,AttackAction,None,1.00,27.2,0
106.66,Utility Enemy 15,Utility,AttackAction,None,1.00,29.4,0
106.66,Utility Enemy 1,Utility,AttackAction,None,1.00,27.7,0
106.66,Utility Enemy 12,Utility,AttackAction,None,1.00,22.5,0
106.66,Utility Enemy 11,Utility,AttackAction,None,0.75,7.8,0
106.66,Utility Enemy 5,Utility,AttackAction,None,1.00,28.6,0
106.66,Utility Enemy 6,Utility,AttackAction,None,1.00,6.9,0
106.66,Utility Enemy 4,Utility,AttackAction,None,1.00,46.1,0
