time,enemyId,aiType,action,activeGlitch,health,distToPlayer,canSeePlayer,playerHealth,damageDealt,topUtilityScore,secondScore,seed
0.00,Player,Player,-,None,1.00,,0,1.00,,,,81768406
0.00,FSM Enemy 13,FSM,PatrolState,None,1.00,49.2,0,1.00,0,,,81768406
0.00,FSM Enemy 10,FSM,PatrolState,None,1.00,66.4,0,1.00,0,,,81768406
0.00,FSM Enemy 14,FSM,PatrolState,None,1.00,75.0,0,1.00,0,,,81768406
0.00,FSM Enemy 4,FSM,PatrolState,None,1.00,48.9,0,1.00,0,,,81768406
0.00,FSM Enemy 12,FSM,PatrolState,None,1.00,38.1,0,1.00,0,,,81768406
0.00,FSM Enemy 3,FSM,PatrolState,None,1.00,82.0,0,1.00,0,,,81768406
0.00,FSM Enemy 5,FSM,PatrolState,None,1.00,69.3,0,1.00,0,,,81768406
0.00,FSM Enemy 1,FSM,PatrolState,None,1.00,89.4,0,1.00,0,,,81768406
0.00,FSM Enemy 7,FSM,PatrolState,None,1.00,28.1,0,1.00,0,,,81768406
0.00,FSM Enemy 2,FSM,PatrolState,None,1.00,89.4,0,1.00,0,,,81768406
0.00,FSM Enemy 15,FSM,PatrolState,None,1.00,28.5,0,1.00,0,,,81768406
0.00,FSM Enemy 6,FSM,PatrolState,None,1.00,28.1,0,1.00,0,,,81768406
0.00,FSM Enemy 11,FSM,PatrolState,None,1.00,37.9,0,1.00,0,,,81768406
0.00,FSM Enemy 9,FSM,PatrolState,None,1.00,33.4,0,1.00,0,,,81768406
0.00,FSM Enemy 8,FSM,PatrolState,None,1.00,48.1,0,1.00,0,,,81768406
0.00,Utility Enemy 4,Utility,PatrolAction,None,1.00,62.9,0,1.00,0,0.120,0.000,81768406
0.00,Utility Enemy 7,Utility,PatrolAction,None,1.00,42.0,0,1.00,0,0.120,0.000,81768406
0.00,Utility Enemy 8,Utility,PatrolAction,None,1.00,77.4,0,1.00,0,0.120,0.000,81768406
0.00,Utility Enemy 14,Utility,PatrolAction,None,1.00,50.6,0,1.00,0,0.120,0.000,81768406
0.00,Utility Enemy 5,Utility,PatrolAction,None,1.00,84.0,0,1.00,0,0.120,0.000,81768406
0.00,Utility Enemy 6,Utility,PatrolAction,None,1.00,42.0,0,1.00,0,0.120,0.000,81768406
0.00,Utility Enemy 9,Utility,PatrolAction,None,1.00,44.6,0,1.00,0,0.120,0.000,81768406
0.00,Utility Enemy 2,Utility,PatrolAction,None,1.00,84.4,0,1.00,0,0.120,0.000,81768406
0.00,Utility Enemy 1,Utility,PatrolAction,None,1.00,84.4,0,1.00,0,0.120,0.000,81768406
0.00,Utility Enemy 13,Utility,PatrolAction,None,1.00,50.6,0,1.00,0,0.120,0.000,81768406
0.00,Utility Enemy 10,Utility,PatrolAction,None,1.00,30.2,0,1.00,0,0.120,0.000,81768406
0.00,Utility Enemy 15,Utility,PatrolAction,None,1.00,80.1,0,1.00,0,0.120,0.000,81768406
0.00,Utility Enemy 11,Utility,PatrolAction,None,1.00,33.7,0,1.00,0,0.120,0.000,81768406
0.00,Utility Enemy 3,Utility,PatrolAction,None,1.00,62.9,0,1.00,0,0.120,0.000,81768406
0.00,Utility Enemy 12,Utility,PatrolAction,None,1.00,33.7,0,1.00,0,0.120,0.000,81768406
1.00,Player,Player,-,None,1.00,,0,1.00,,,,81768406
1.00,FSM Enemy 13,FSM,PatrolState,None,1.00,45.2,0,1.00,0,,,81768406
1.00,FSM Enemy 10,FSM,PatrolState,None,1.00,67.1,0,1.00,0,,,81768406
1.00,FSM Enemy 14,FSM,PatrolState,None,1.00,75.2,0,1.00,0,,,81768406
1.00,FSM Enemy 4,FSM,PatrolState,None,1.00,50.3,0,1.00,0,,,81768406
1.00,FSM Enemy 12,FSM,PatrolState,None,1.00,39.1,0,1.00,0,,,81768406
1.00,FSM Enemy 3,FSM,PatrolState,None,1.00,80.1,0,1.00,0,,,81768406
1.00,FSM Enemy 5,FSM,PatrolState,None,1.00,67.5,0,1.00,0,,,81768406
1.00,FSM Enemy 1,FSM,PatrolState,None,1.00,88.9,0,1.00,0,,,81768406
1.00,FSM Enemy 7,FSM,PatrolState,None,1.00,26.2,0,1.00,0,,,81768406
1.00,FSM Enemy 2,FSM,PatrolState,None,1.00,91.3,0,1.00,0,,,81768406
1.00,FSM Enemy 15,FSM,PatrolState,None,1.00,27.9,0,1.00,0,,,81768406
1.00,FSM Enemy 6,FSM,PatrolState,None,1.00,30.6,0,1.00,0,,,81768406
1.00,FSM Enemy 11,FSM,PatrolState,None,1.00,36.4,0,1.00,0,,,81768406
1.00,FSM Enemy 9,FSM,PatrolState,None,1.00,31.5,0,1.00,0,,,81768406
1.00,FSM Enemy 8,FSM,PatrolState,None,1.00,48.7,0,1.00,0,,,81768406
1.00,Utility Enemy 4,Utility,PatrolAction,None,1.00,62.0,0,1.00,0,0.120,0.000,81768406
1.00,Utility Enemy 7,Utility,PatrolAction,None,1.00,46.8,0,1.00,0,0.120,0.000,81768406
1.00,Utility Enemy 8,Utility,PatrolAction,None,1.00,78.4,0,1.00,0,0.120,0.000,81768406
1.00,Utility Enemy 14,Utility,PatrolAction,None,1.00,51.2,0,1.00,0,0.120,0.000,81768406
1.00,Utility Enemy 5,Utility,PatrolAction,None,1.00,85.2,0,1.00,0,0.120,0.000,81768406
1.00,Utility Enemy 6,Utility,PatrolAction,None,1.00,43.5,0,1.00,0,0.120,0.000,81768406
1.00,Utility Enemy 9,Utility,PatrolAction,None,1.00,44.0,0,1.00,0,0.120,0.000,81768406
1.00,Utility Enemy 2,Utility,PatrolAction,None,1.00,85.2,0,1.00,0,0.120,0.000,81768406
1.00,Utility Enemy 1,Utility,PatrolAction,None,1.00,83.3,0,1.00,0,0.120,0.000,81768406
1.00,Utility Enemy 13,Utility,PatrolAction,None,1.00,47.2,0,1.00,0,0.120,0.000,81768406
1.00,Utility Enemy 10,Utility,PatrolAction,None,1.00,35.0,0,1.00,0,0.120,0.000,81768406
1.00,Utility Enemy 15,Utility,PatrolAction,None,1.00,76.7,0,1.00,0,0.120,0.000,81768406
1.00,Utility Enemy 11,Utility,PatrolAction,None,1.00,31.6,0,1.00,0,0.120,0.000,81768406
1.00,Utility Enemy 3,Utility,PatrolAction,None,1.00,66.8,0,1.00,0,0.120,0.000,81768406
1.00,Utility Enemy 12,Utility,PatrolAction,None,1.00,38.7,0,1.00,0,0.120,0.000,81768406
2.01,Player,Player,-,None,1.00,,0,1.00,,,,81768406
2.01,FSM Enemy 13,FSM,PatrolState,None,1.00,40.0,0,1.00,0,,,81768406
2.01,FSM Enemy 10,FSM,PatrolState,None,1.00,70.8,0,1.00,0,,,81768406
2.01,FSM Enemy 14,FSM,PatrolState,None,1.00,78.3,0,1.00,0,,,81768406
2.01,FSM Enemy 4,FSM,PatrolState,None,1.00,54.7,0,1.00,0,,,81768406
2.01,FSM Enemy 12,FSM,PatrolState,None,1.00,42.2,0,1.00,0,,,81768406
2.01,FSM Enemy 3,FSM,PatrolState,None,1.00,80.3,0,1.00,0,,,81768406
2.01,FSM Enemy 5,FSM,PatrolState,None,1.00,64.7,0,1.00,0,,,81768406
2.01,FSM Enemy 1,FSM,PatrolState,None,1.00,85.9,0,1.00,0,,,81768406
2.01,FSM Enemy 7,FSM,PatrolState,None,1.00,22.3,0,1.00,0,,,81768406
2.01,FSM Enemy 2,FSM,PatrolState,None,1.00,96.3,0,1.00,0,,,81768406
2.01,FSM Enemy 15,FSM,PatrolState,None,1.00,28.0,0,1.00,0,,,81768406
2.01,FSM Enemy 6,FSM,PatrolState,None,1.00,34.9,0,1.00,0,,,81768406
2.01,FSM Enemy 11,FSM,PatrolState,None,1.00,33.2,0,1.00,0,,,81768406
2.01,FSM Enemy 9,FSM,PatrolState,None,1.00,32.0,0,1.00,0,,,81768406
2.01,FSM Enemy 8,FSM,PatrolState,None,1.00,51.8,0,1.00,0,,,81768406
2.01,Utility Enemy 4,Utility,PatrolAction,None,1.00,61.3,0,1.00,0,0.120,0.000,81768406
2.01,Utility Enemy 7,Utility,PatrolAction,None,1.00,53.4,0,1.00,0,0.120,0.000,81768406
2.01,Utility Enemy 8,Utility,PatrolAction,None,1.00,79.2,0,1.00,0,0.120,0.000,81768406
2.01,Utility Enemy 14,Utility,PatrolAction,None,1.00,54.8,0,1.00,0,0.120,0.000,81768406
2.01,Utility Enemy 5,Utility,PatrolAction,None,1.00,87.6,0,1.00,0,0.120,0.000,81768406
2.01,Utility Enemy 6,Utility,PatrolAction,None,1.00,42.7,0,1.00,0,0.120,0.000,81768406
2.01,Utility Enemy 9,Utility,PatrolAction,None,1.00,45.5,0,1.00,0,0.120,0.000,81768406
2.01,Utility Enemy 2,Utility,PatrolAction,None,1.00,88.9,0,1.00,0,0.120,0.000,81768406
2.01,Utility Enemy 1,Utility,PatrolAction,None,1.00,79.6,0,1.00,0,0.120,0.000,81768406
2.01,Utility Enemy 13,Utility,PatrolAction,None,1.00,43.5,0,1.00,0,0.120,0.000,81768406
2.01,Utility Enemy 10,Utility,PatrolAction,None,1.00,40.2,0,1.00,0,0.120,0.000,81768406
2.01,Utility Enemy 15,Utility,PatrolAction,None,1.00,75.0,0,1.00,0,0.120,0.000,81768406
2.01,Utility Enemy 11,Utility,PatrolAction,None,1.00,29.0,0,1.00,0,0.120,0.000,81768406
2.01,Utility Enemy 3,Utility,PatrolAction,None,1.00,74.3,0,1.00,0,0.120,0.000,81768406
2.01,Utility Enemy 12,Utility,PatrolAction,None,1.00,46.8,0,1.00,0,0.120,0.000,81768406
3.01,Player,Player,-,None,1.00,,0,1.00,,,,81768406
3.01,FSM Enemy 13,FSM,PatrolState,None,1.00,39.1,0,1.00,0,,,81768406
3.01,FSM Enemy 10,FSM,PatrolState,None,1.00,76.5,0,1.00,0,,,81768406
3.01,FSM Enemy 14,FSM,PatrolState,None,1.00,83.7,0,1.00,0,,,81768406
3.01,FSM Enemy 4,FSM,PatrolState,None,1.00,59.8,0,1.00,0,,,81768406
3.01,FSM Enemy 12,FSM,PatrolState,None,1.00,45.8,0,1.00,0,,,81768406
3.01,FSM Enemy 3,FSM,PatrolState,None,1.00,82.5,0,1.00,0,,,81768406
3.01,FSM Enemy 5,FSM,PatrolState,None,1.00,64.0,0,1.00,0,,,81768406
3.01,FSM Enemy 1,FSM,PatrolState,None,1.00,85.2,0,1.00,0,,,81768406
3.01,FSM Enemy 7,FSM,PatrolState,None,0.75,18.4,0,1.00,0,,,81768406
3.01,FSM Enemy 2,FSM,PatrolState,None,1.00,103.0,0,1.00,0,,,81768406
3.01,FSM Enemy 15,FSM,PatrolState,None,1.00,30.9,0,1.00,0,,,81768406
3.01,FSM Enemy 6,FSM,PatrolState,None,1.00,38.5,0,1.00,0,,,81768406
3.01,FSM Enemy 11,FSM,PatrolState,None,1.00,30.3,0,1.00,0,,,81768406
3.01,FSM Enemy 9,FSM,PatrolState,None,1.00,35.0,0,1.00,0,,,81768406
3.01,FSM Enemy 8,FSM,PatrolState,None,1.00,57.2,0,1.00,0,,,81768406
3.01,Utility Enemy 4,Utility,PatrolAction,None,1.00,60.3,0,1.00,0,0.120,0.000,81768406
3.01,Utility Enemy 7,Utility,PatrolAction,None,1.00,55.5,0,1.00,0,0.120,0.000,81768406
3.01,Utility Enemy 8,Utility,PatrolAction,None,1.00,80.4,0,1.00,0,0.120,0.000,81768406
3.01,Utility Enemy 14,Utility,PatrolAction,None,1.00,56.5,0,1.00,0,0.120,0.000,81768406
3.01,Utility Enemy 5,Utility,PatrolAction,None,1.00,86.8,0,1.00,0,0.120,0.000,81768406
3.01,Utility Enemy 6,Utility,PatrolAction,None,1.00,37.6,0,1.00,0,0.120,0.000,81768406
3.01,Utility Enemy 9,Utility,PatrolAction,None,1.00,49.7,0,1.00,0,0.120,0.000,81768406
3.01,Utility Enemy 2,Utility,PatrolAction,None,1.00,92.8,0,1.00,0,0.120,0.000,81768406
3.01,Utility Enemy 1,Utility,PatrolAction,None,1.00,77.7,0,1.00,0,0.120,0.000,81768406
3.01,Utility Enemy 13,Utility,PatrolAction,None,1.00,45.6,0,1.00,0,0.120,0.000,81768406
3.01,Utility Enemy 10,Utility,PatrolAction,None,1.00,39.1,0,1.00,0,0.120,0.000,81768406
3.01,Utility Enemy 15,Utility,PatrolAction,None,1.00,72.5,0,1.00,0,0.120,0.000,81768406
3.01,Utility Enemy 11,Utility,PatrolAction,None,1.00,26.0,0,1.00,0,0.120,0.000,81768406
3.01,Utility Enemy 3,Utility,PatrolAction,None,1.00,82.2,0,1.00,0,0.120,0.000,81768406
3.01,Utility Enemy 12,Utility,PatrolAction,None,1.00,53.1,0,1.00,0,0.120,0.000,81768406
4.01,Player,Player,-,None,1.00,,0,1.00,,,,81768406
4.01,FSM Enemy 13,FSM,PatrolState,None,1.00,38.1,0,1.00,0,,,81768406
4.01,FSM Enemy 10,FSM,PatrolState,None,1.00,82.2,0,1.00,0,,,81768406
4.01,FSM Enemy 14,FSM,PatrolState,None,1.00,89.3,0,1.00,0,,,81768406
4.01,FSM Enemy 4,FSM,PatrolState,None,1.00,65.1,0,1.00,0,,,81768406
4.01,FSM Enemy 12,FSM,PatrolState,None,1.00,50.5,0,1.00,0,,,81768406
4.01,FSM Enemy 3,FSM,PatrolState,None,1.00,84.6,0,1.00,0,,,81768406
4.01,FSM Enemy 5,FSM,PatrolState,None,1.00,63.3,0,1.00,0,,,81768406
4.01,FSM Enemy 1,FSM,PatrolState,None,1.00,84.4,0,1.00,0,,,81768406
4.01,FSM Enemy 7,FSM,Dead,None,0.00,13.9,0,1.00,0,,,81768406
4.01,FSM Enemy 2,FSM,PatrolState,None,1.00,109.4,0,1.00,0,,,81768406
4.01,FSM Enemy 15,FSM,PatrolState,None,1.00,33.5,0,1.00,0,,,81768406
4.01,FSM Enemy 6,FSM,PatrolState,None,1.00,40.1,0,1.00,0,,,81768406
4.01,FSM Enemy 11,FSM,PatrolState,None,1.00,27.0,0,1.00,0,,,81768406
4.01,FSM Enemy 9,FSM,PatrolState,None,1.00,40.6,0,1.00,0,,,81768406
4.01,FSM Enemy 8,FSM,PatrolState,None,1.00,61.5,0,1.00,0,,,81768406
4.01,Utility Enemy 4,Utility,PatrolAction,None,1.00,56.4,0,1.00,0,0.120,0.000,81768406
4.01,Utility Enemy 7,Utility,PatrolAction,None,1.00,58.0,0,1.00,0,0.120,0.000,81768406
4.01,Utility Enemy 8,Utility,PatrolAction,None,1.00,81.6,0,1.00,0,0.120,0.000,81768406
4.01,Utility Enemy 14,Utility,PatrolAction,None,1.00,58.0,0,1.00,0,0.120,0.000,81768406
4.01,Utility Enemy 5,Utility,PatrolAction,None,1.00,86.1,0,1.00,0,0.120,0.000,81768406
4.01,Utility Enemy 6,Utility,PatrolAction,None,1.00,33.1,0,1.00,0,0.120,0.000,81768406
4.01,Utility Enemy 9,Utility,PatrolAction,None,1.00,57.0,0,1.00,0,0.120,0.000,81768406
4.01,Utility Enemy 2,Utility,PatrolAction,None,1.00,92.9,0,1.00,0,0.120,0.000,81768406
4.01,Utility Enemy 1,Utility,PatrolAction,None,1.00,79.6,0,1.00,0,0.120,0.000,81768406
4.01,Utility Enemy 13,Utility,PatrolAction,None,1.00,48.2,0,1.00,0,0.120,0.000,81768406
4.01,Utility Enemy 10,Utility,PatrolAction,None,1.00,39.3,0,1.00,0,0.120,0.000,81768406
4.01,Utility Enemy 15,Utility,PatrolAction,None,1.00,70.4,0,1.00,0,0.120,0.000,81768406
4.01,Utility Enemy 11,Utility,PatrolAction,None,1.00,20.2,0,1.00,0,0.120,0.000,81768406
4.01,Utility Enemy 3,Utility,PatrolAction,None,1.00,85.4,0,1.00,0,0.120,0.000,81768406
4.01,Utility Enemy 12,Utility,PatrolAction,None,1.00,54.6,0,1.00,0,0.120,0.000,81768406
5.01,Player,Player,-,None,1.00,,0,1.00,,,,81768406
5.01,FSM Enemy 13,FSM,PatrolState,None,1.00,37.4,0,1.00,0,,,81768406
5.01,FSM Enemy 10,FSM,PatrolState,None,1.00,83.7,0,1.00,0,,,81768406
5.01,FSM Enemy 14,FSM,PatrolState,None,1.00,90.7,0,1.00,0,,,81768406
5.01,FSM Enemy 4,FSM,PatrolState,None,1.00,68.6,0,1.00,0,,,81768406
5.01,FSM Enemy 12,FSM,PatrolState,None,1.00,55.0,0,1.00,0,,,81768406
5.01,FSM Enemy 3,FSM,PatrolState,None,1.00,86.0,0,1.00,0,,,81768406
5.01,FSM Enemy 5,FSM,PatrolState,None,1.00,64.2,0,1.00,0,,,81768406
5.01,FSM Enemy 1,FSM,PatrolState,None,1.00,83.4,0,1.00,0,,,81768406
5.01,FSM Enemy 7,FSM,Dead,None,0.00,9.6,0,1.00,0,,,81768406
5.01,FSM Enemy 2,FSM,PatrolState,None,1.00,110.5,0,1.00,0,,,81768406
5.01,FSM Enemy 15,FSM,PatrolState,None,1.00,33.3,0,1.00,0,,,81768406
5.01,FSM Enemy 6,FSM,PatrolState,None,1.00,41.8,0,1.00,0,,,81768406
5.01,FSM Enemy 11,FSM,PatrolState,None,0.50,24.4,0,1.00,0,,,81768406
5.01,FSM Enemy 9,FSM,PatrolState,None,1.00,45.7,0,1.00,0,,,81768406
5.01,FSM Enemy 8,FSM,PatrolState,None,1.00,64.6,0,1.00,0,,,81768406
5.01,Utility Enemy 4,Utility,PatrolAction,None,1.00,53.4,0,1.00,0,0.120,0.000,81768406
5.01,Utility Enemy 7,Utility,PatrolAction,None,1.00,59.5,0,1.00,0,0.120,0.000,81768406
5.01,Utility Enemy 8,Utility,PatrolAction,None,1.00,79.1,0,1.00,0,0.120,0.000,81768406
5.01,Utility Enemy 14,Utility,PatrolAction,None,1.00,60.5,0,1.00,0,0.120,0.000,81768406
5.01,Utility Enemy 5,Utility,PatrolAction,None,1.00,84.9,0,1.00,0,0.120,0.000,81768406
5.01,Utility Enemy 6,Utility,PatrolAction,None,1.00,30.9,0,1.00,0,0.120,0.000,81768406
5.01,Utility Enemy 9,Utility,PatrolAction,None,1.00,63.9,0,1.00,0,0.120,0.000,81768406
5.01,Utility Enemy 2,Utility,PatrolAction,None,1.00,96.5,0,1.00,0,0.120,0.000,81768406
5.01,Utility Enemy 1,Utility,PatrolAction,None,1.00,83.9,0,1.00,0,0.120,0.000,81768406
5.01,Utility Enemy 13,Utility,PatrolAction,None,1.00,46.8,0,1.00,0,0.120,0.000,81768406
5.01,Utility Enemy 10,Utility,PatrolAction,None,1.00,43.3,0,1.00,0,0.120,0.000,81768406
5.01,Utility Enemy 15,Utility,PatrolAction,None,1.00,69.4,0,1.00,0,0.120,0.000,81768406
5.01,Utility Enemy 11,Utility,SpreadFireAction,None,1.00,17.6,1,1.00,0,0.147,0.125,81768406
5.01,Utility Enemy 3,Utility,PatrolAction,None,1.00,86.3,0,1.00,0,0.120,0.000,81768406
5.01,Utility Enemy 12,Utility,PatrolAction,None,1.00,54.9,0,1.00,0,0.120,0.000,81768406
6.01,Player,Player,-,None,1.00,,0,1.00,,,,81768406
6.01,FSM Enemy 13,FSM,PatrolState,None,1.00,36.8,0,1.00,0,,,81768406
6.01,FSM Enemy 10,FSM,PatrolState,None,1.00,85.1,0,1.00,0,,,81768406
6.01,FSM Enemy 14,FSM,PatrolState,None,1.00,94.1,0,1.00,0,,,81768406
6.01,FSM Enemy 4,FSM,PatrolState,None,1.00,72.9,0,1.00,0,,,81768406
6.01,FSM Enemy 12,FSM,PatrolState,None,1.00,60.4,0,1.00,0,,,81768406
6.01,FSM Enemy 3,FSM,PatrolState,None,1.00,87.2,0,1.00,0,,,81768406
6.01,FSM Enemy 5,FSM,PatrolState,None,1.00,65.2,0,1.00,0,,,81768406
6.01,FSM Enemy 1,FSM,PatrolState,None,1.00,83.1,0,1.00,0,,,81768406
6.01,FSM Enemy 7,FSM,Dead,None,0.00,4.6,0,1.00,0,,,81768406
6.01,FSM Enemy 2,FSM,PatrolState,None,1.00,112.4,0,1.00,0,,,81768406
6.01,FSM Enemy 15,FSM,PatrolState,None,1.00,32.4,0,1.00,0,,,81768406
6.01,FSM Enemy 6,FSM,PatrolState,None,1.00,44.2,0,1.00,0,,,81768406
6.01,FSM Enemy 11,FSM,Dead,None,0.00,21.3,0,1.00,0,,,81768406
6.01,FSM Enemy 9,FSM,PatrolState,None,1.00,51.7,0,1.00,0,,,81768406
6.01,FSM Enemy 8,FSM,PatrolState,None,1.00,64.8,0,1.00,0,,,81768406
6.01,Utility Enemy 4,Utility,PatrolAction,None,1.00,51.4,0,1.00,0,0.120,0.000,81768406
6.01,Utility Enemy 7,Utility,PatrolAction,None,1.00,60.3,0,1.00,0,0.120,0.000,81768406
6.01,Utility Enemy 8,Utility,PatrolAction,None,1.00,76.1,0,1.00,0,0.120,0.000,81768406
6.01,Utility Enemy 14,Utility,PatrolAction,None,1.00,66.4,0,1.00,0,0.120,0.000,81768406
6.01,Utility Enemy 5,Utility,PatrolAction,None,1.00,84.4,0,1.00,0,0.120,0.000,81768406
6.01,Utility Enemy 6,Utility,PatrolAction,None,1.00,25.9,0,1.00,0,0.120,0.000,81768406
6.01,Utility Enemy 9,Utility,PatrolAction,None,1.00,72.8,0,1.00,0,0.120,0.000,81768406
6.01,Utility Enemy 2,Utility,PatrolAction,None,1.00,102.1,0,1.00,0,0.120,0.000,81768406
6.01,Utility Enemy 1,Utility,PatrolAction,None,1.00,89.0,0,1.00,0,0.120,0.000,81768406
6.01,Utility Enemy 13,Utility,PatrolAction,None,1.00,41.6,0,1.00,0,0.120,0.000,81768406
6.01,Utility Enemy 10,Utility,PatrolAction,None,1.00,51.5,0,1.00,0,0.120,0.000,81768406
6.01,Utility Enemy 15,Utility,PatrolAction,None,1.00,69.7,0,1.00,0,0.120,0.000,81768406
6.01,Utility Enemy 11,Utility,ChaseAction,None,1.00,17.0,1,1.00,0,0.490,0.400,81768406
6.01,Utility Enemy 3,Utility,PatrolAction,None,1.00,88.1,0,1.00,0,0.120,0.000,81768406
6.01,Utility Enemy 12,Utility,PatrolAction,None,1.00,57.4,0,1.00,0,0.120,0.000,81768406
7.02,Player,Player,-,None,1.00,,0,1.00,,,,81768406
7.02,FSM Enemy 13,FSM,PatrolState,None,1.00,33.8,0,1.00,0,,,81768406
7.02,FSM Enemy 10,FSM,PatrolState,None,1.00,86.8,0,1.00,0,,,81768406
7.02,FSM Enemy 14,FSM,PatrolState,None,1.00,98.2,0,1.00,0,,,81768406
7.02,FSM Enemy 4,FSM,PatrolState,None,1.00,77.8,0,1.00,0,,,81768406
7.02,FSM Enemy 12,FSM,PatrolState,None,1.00,66.7,0,1.00,0,,,81768406
7.02,FSM Enemy 3,FSM,PatrolState,None,1.00,87.9,0,1.00,0,,,81768406
7.02,FSM Enemy 5,FSM,PatrolState,None,1.00,65.2,0,1.00,0,,,81768406
7.02,FSM Enemy 1,FSM,PatrolState,None,1.00,84.0,0,1.00,0,,,81768406
7.02,FSM Enemy 7,FSM,Dead,None,0.00,2.2,0,1.00,0,,,81768406
7.02,FSM Enemy 2,FSM,PatrolState,None,1.00,115.4,0,1.00,0,,,81768406
7.02,FSM Enemy 15,FSM,PatrolState,None,1.00,32.4,0,1.00,0,,,81768406
7.02,FSM Enemy 6,FSM,PatrolState,None,1.00,48.6,0,1.00,0,,,81768406
7.02,FSM Enemy 11,FSM,Dead,None,0.00,15.6,0,1.00,0,,,81768406
7.02,FSM Enemy 9,FSM,PatrolState,None,1.00,58.1,0,1.00,0,,,81768406
7.02,FSM Enemy 8,FSM,PatrolState,None,1.00,64.7,0,1.00,0,,,81768406
7.02,Utility Enemy 4,Utility,PatrolAction,None,1.00,50.9,0,1.00,0,0.120,0.000,81768406
7.02,Utility Enemy 7,Utility,PatrolAction,None,1.00,63.2,0,1.00,0,0.120,0.000,81768406
7.02,Utility Enemy 8,Utility,PatrolAction,None,1.00,76.1,0,1.00,0,0.120,0.000,81768406
7.02,Utility Enemy 14,Utility,PatrolAction,None,1.00,72.8,0,1.00,0,0.120,0.000,81768406
7.02,Utility Enemy 5,Utility,PatrolAction,None,1.00,89.0,0,1.00,0,0.120,0.000,81768406
7.02,Utility Enemy 6,Utility,SpreadFireAction,None,1.00,16.5,1,1.00,0,0.149,0.125,81768406
7.02,Utility Enemy 9,Utility,PatrolAction,None,1.00,81.8,0,1.00,0,0.120,0.000,81768406
7.02,Utility Enemy 2,Utility,PatrolAction,None,1.00,105.7,0,1.00,0,0.120,0.000,81768406
7.02,Utility Enemy 1,Utility,PatrolAction,None,1.00,92.9,0,1.00,0,0.120,0.000,81768406
7.02,Utility Enemy 13,Utility,PatrolAction,None,1.00,38.1,0,1.00,0,0.120,0.000,81768406
7.02,Utility Enemy 10,Utility,PatrolAction,None,1.00,61.9,0,1.00,0,0.120,0.000,81768406
7.02,Utility Enemy 15,Utility,PatrolAction,None,1.00,69.8,0,1.00,0,0.120,0.000,81768406
7.02,Utility Enemy 11,Utility,SpreadFireAction,None,1.00,17.0,1,1.00,0,0.157,0.125,81768406
7.02,Utility Enemy 3,Utility,PatrolAction,None,1.00,89.0,0,1.00,0,0.120,0.000,81768406
7.02,Utility Enemy 12,Utility,PatrolAction,None,1.00,60.3,0,1.00,0,0.120,0.000,81768406
8.03,Player,Player,-,None,1.00,,0,1.00,,,,81768406
8.03,FSM Enemy 13,FSM,PatrolState,None,1.00,29.3,0,1.00,0,,,81768406
8.03,FSM Enemy 10,FSM,PatrolState,None,1.00,87.7,0,1.00,0,,,81768406
8.03,FSM Enemy 14,FSM,PatrolState,None,1.00,100.4,0,1.00,0,,,81768406
8.03,FSM Enemy 4,FSM,PatrolState,None,1.00,80.3,0,1.00,0,,,81768406
8.03,FSM Enemy 12,FSM,PatrolState,None,1.00,72.6,0,1.00,0,,,81768406
8.03,FSM Enemy 3,FSM,PatrolState,None,1.00,89.3,0,1.00,0,,,81768406
8.03,FSM Enemy 5,FSM,PatrolState,None,1.00,64.5,0,1.00,0,,,81768406
8.03,FSM Enemy 1,FSM,PatrolState,None,1.00,84.3,0,1.00,0,,,81768406
8.03,FSM Enemy 7,FSM,Dead,None,0.00,5.4,0,1.00,0,,,81768406
8.03,FSM Enemy 2,FSM,PatrolState,None,1.00,116.5,0,1.00,0,,,81768406
8.03,FSM Enemy 15,FSM,PatrolState,None,1.00,32.2,0,1.00,0,,,81768406
8.03,FSM Enemy 6,FSM,PatrolState,None,1.00,53.8,0,1.00,0,,,81768406
8.03,FSM Enemy 11,FSM,Dead,None,0.00,11.6,0,1.00,0,,,81768406
8.03,FSM Enemy 9,FSM,PatrolState,None,1.00,62.6,0,1.00,0,,,81768406
8.03,FSM Enemy 8,FSM,PatrolState,None,1.00,63.1,0,1.00,0,,,81768406
8.03,Utility Enemy 4,Utility,PatrolAction,None,1.00,52.8,0,1.00,0,0.120,0.000,81768406
8.03,Utility Enemy 7,Utility,PatrolAction,None,1.00,65.5,0,1.00,0,0.120,0.000,81768406
8.03,Utility Enemy 8,Utility,PatrolAction,None,1.00,78.8,0,1.00,0,0.120,0.000,81768406
8.03,Utility Enemy 14,Utility,PatrolAction,None,1.00,76.0,0,1.00,0,0.120,0.000,81768406
8.03,Utility Enemy 5,Utility,PatrolAction,None,1.00,92.0,0,1.00,0,0.120,0.000,81768406
8.03,Utility Enemy 6,Utility,Dead,None,0.00,12.4,1,1.00,0,0.202,0.179,81768406
8.03,Utility Enemy 9,Utility,PatrolAction,None,1.00,84.3,0,1.00,0,0.120,0.000,81768406
8.03,Utility Enemy 2,Utility,PatrolAction,None,1.00,107.3,0,1.00,0,0.120,0.000,81768406
8.03,Utility Enemy 1,Utility,PatrolAction,None,1.00,95.3,0,1.00,0,0.120,0.000,81768406
8.03,Utility Enemy 13,Utility,PatrolAction,None,1.00,39.5,0,1.00,0,0.120,0.000,81768406
8.03,Utility Enemy 10,Utility,PatrolAction,None,1.00,69.3,0,1.00,0,0.120,0.000,81768406
8.03,Utility Enemy 15,Utility,PatrolAction,None,1.00,70.6,0,1.00,0,0.120,0.000,81768406
8.03,Utility Enemy 11,Utility,SpreadFireAction,None,1.00,17.4,1,1.00,0,0.152,0.125,81768406
8.03,Utility Enemy 3,Utility,PatrolAction,None,1.00,87.9,0,1.00,0,0.120,0.000,81768406
8.03,Utility Enemy 12,Utility,PatrolAction,None,1.00,59.4,0,1.00,0,0.120,0.000,81768406
9.03,Player,Player,-,None,1.00,,0,1.00,,,,81768406
9.03,FSM Enemy 13,FSM,PatrolState,None,1.00,24.3,0,1.00,0,,,81768406
9.03,FSM Enemy 10,FSM,PatrolState,None,1.00,87.7,0,1.00,0,,,81768406
9.03,FSM Enemy 14,FSM,PatrolState,None,1.00,100.2,0,1.00,0,,,81768406
9.03,FSM Enemy 4,FSM,PatrolState,None,1.00,80.5,0,1.00,0,,,81768406
9.03,FSM Enemy 12,FSM,PatrolState,None,1.00,73.9,0,1.00,0,,,81768406
9.03,FSM Enemy 3,FSM,PatrolState,None,1.00,89.8,0,1.00,0,,,81768406
9.03,FSM Enemy 5,FSM,PatrolState,None,1.00,62.0,0,1.00,0,,,81768406
9.03,FSM Enemy 1,FSM,PatrolState,None,1.00,83.3,0,1.00,0,,,81768406
9.03,FSM Enemy 7,FSM,Dead,None,0.00,8.1,1,1.00,0,,,81768406
9.03,FSM Enemy 2,FSM,PatrolState,None,1.00,114.6,0,1.00,0,,,81768406
9.03,FSM Enemy 15,FSM,PatrolState,None,1.00,30.4,0,1.00,0,,,81768406
9.03,FSM Enemy 6,FSM,PatrolState,None,1.00,57.3,0,1.00,0,,,81768406
9.03,FSM Enemy 11,FSM,Dead,None,0.00,8.7,0,1.00,0,,,81768406
9.03,FSM Enemy 9,FSM,PatrolState,None,1.00,64.0,0,1.00,0,,,81768406
9.03,FSM Enemy 8,FSM,PatrolState,None,1.00,59.0,0,1.00,0,,,81768406
9.03,Utility Enemy 4,Utility,PatrolAction,None,1.00,50.9,0,1.00,0,0.120,0.000,81768406
9.03,Utility Enemy 7,Utility,PatrolAction,None,1.00,67.2,0,1.00,0,0.120,0.000,81768406
9.03,Utility Enemy 8,Utility,PatrolAction,None,1.00,78.7,0,1.00,0,0.120,0.000,81768406
9.03,Utility Enemy 14,Utility,PatrolAction,None,1.00,76.0,0,1.00,0,0.120,0.000,81768406
9.03,Utility Enemy 5,Utility,PatrolAction,None,1.00,91.7,0,1.00,0,0.120,0.000,81768406
9.03,Utility Enemy 6,Utility,Dead,None,0.00,8.9,1,1.00,0,0.202,0.179,81768406
9.03,Utility Enemy 9,Utility,PatrolAction,None,1.00,84.1,0,1.00,0,0.120,0.000,81768406
9.03,Utility Enemy 2,Utility,PatrolAction,None,1.00,108.7,0,1.00,0,0.120,0.000,81768406
9.03,Utility Enemy 1,Utility,PatrolAction,None,1.00,93.9,0,1.00,0,0.120,0.000,81768406
9.03,Utility Enemy 13,Utility,PatrolAction,None,1.00,40.0,0,1.00,0,0.120,0.000,81768406
9.03,Utility Enemy 10,Utility,PatrolAction,None,1.00,67.9,0,1.00,0,0.120,0.000,81768406
9.03,Utility Enemy 15,Utility,PatrolAction,None,1.00,70.0,0,1.00,0,0.120,0.000,81768406
9.03,Utility Enemy 11,Utility,SpreadFireAction,None,1.00,16.0,1,1.00,0,0.163,0.125,81768406
9.03,Utility Enemy 3,Utility,PatrolAction,None,1.00,91.1,0,1.00,0,0.120,0.000,81768406
9.03,Utility Enemy 12,Utility,PatrolAction,None,1.00,56.6,0,1.00,0,0.120,0.000,81768406
10.03,Player,Player,-,None,1.00,,0,1.00,,,,81768406
10.03,FSM Enemy 13,FSM,PatrolState,None,1.00,22.2,0,1.00,0,,,81768406
10.03,FSM Enemy 10,FSM,PatrolState,None,1.00,88.3,0,1.00,0,,,81768406
10.03,FSM Enemy 14,FSM,PatrolState,None,1.00,101.2,0,1.00,0,,,81768406
10.03,FSM Enemy 4,FSM,PatrolState,None,1.00,82.0,0,1.00,0,,,81768406
10.03,FSM Enemy 12,FSM,PatrolState,None,1.00,75.6,0,1.00,0,,,81768406
10.03,FSM Enemy 3,FSM,PatrolState,None,1.00,90.6,0,1.00,0,,,81768406
10.03,FSM Enemy 5,FSM,PatrolState,None,1.00,59.4,0,1.00,0,,,81768406
10.03,FSM Enemy 1,FSM,PatrolState,None,1.00,82.1,0,1.00,0,,,81768406
10.03,FSM Enemy 7,FSM,Dead,None,0.00,12.5,1,1.00,0,,,81768406
10.03,FSM Enemy 2,FSM,PatrolState,None,1.00,115.8,0,1.00,0,,,81768406
10.03,FSM Enemy 15,FSM,PatrolState,None,1.00,30.6,0,1.00,0,,,81768406
10.03,FSM Enemy 6,FSM,PatrolState,None,1.00,61.9,0,1.00,0,,,81768406
10.03,FSM Enemy 11,FSM,Dead,None,0.00,6.0,0,1.00,0,,,81768406
10.03,FSM Enemy 9,FSM,PatrolState,None,1.00,63.3,0,1.00,0,,,81768406
10.03,FSM Enemy 8,FSM,PatrolState,None,1.00,56.2,0,1.00,0,,,81768406
10.03,Utility Enemy 4,Utility,PatrolAction,None,1.00,48.8,0,1.00,0,0.120,0.000,81768406
10.03,Utility Enemy 7,Utility,PatrolAction,None,1.00,72.3,0,1.00,0,0.120,0.000,81768406
10.03,Utility Enemy 8,Utility,PatrolAction,None,1.00,79.1,0,1.00,0,0.120,0.000,81768406
10.03,Utility Enemy 14,Utility,PatrolAction,None,1.00,76.9,0,1.00,0,0.120,0.000,81768406
10.03,Utility Enemy 5,Utility,PatrolAction,None,1.00,87.5,0,1.00,0,0.120,0.000,81768406
10.03,Utility Enemy 6,Utility,Dead,None,0.00,4.9,1,1.00,0,0.202,0.179,81768406
10.03,Utility Enemy 9,Utility,PatrolAction,None,1.00,84.5,0,1.00,0,0.120,0.000,81768406
10.03,Utility Enemy 2,Utility,PatrolAction,None,1.00,110.5,0,1.00,0,0.120,0.000,81768406
10.03,Utility Enemy 1,Utility,PatrolAction,None,1.00,88.8,0,1.00,0,0.120,0.000,81768406
10.03,Utility Enemy 13,Utility,PatrolAction,None,1.00,40.2,0,1.00,0,0.120,0.000,81768406
10.03,Utility Enemy 10,Utility,PatrolAction,None,1.00,66.8,0,1.00,0,0.120,0.000,81768406
10.03,Utility Enemy 15,Utility,PatrolAction,None,1.00,62.8,0,1.00,0,0.120,0.000,81768406
10.03,Utility Enemy 11,Utility,SpreadFireAction,None,1.00,16.2,1,1.00,0,0.168,0.125,81768406
10.03,Utility Enemy 3,Utility,PatrolAction,None,1.00,96.8,0,1.00,0,0.120,0.000,81768406
10.03,Utility Enemy 12,Utility,PatrolAction,None,1.00,54.4,0,1.00,0,0.120,0.000,81768406
11.04,Player,Player,-,None,1.00,,0,1.00,,,,81768406
11.04,FSM Enemy 13,FSM,PatrolState,None,1.00,24.8,0,1.00,0,,,81768406
11.04,FSM Enemy 10,FSM,PatrolState,None,1.00,91.6,0,1.00,0,,,81768406
11.04,FSM Enemy 14,FSM,PatrolState,None,1.00,104.0,0,1.00,0,,,81768406
11.04,FSM Enemy 4,FSM,PatrolState,None,1.00,85.4,0,1.00,0,,,81768406
11.04,FSM Enemy 12,FSM,PatrolState,None,1.00,77.1,0,1.00,0,,,81768406
11.04,FSM Enemy 3,FSM,PatrolState,None,1.00,95.6,0,1.00,0,,,81768406
11.04,FSM Enemy 5,FSM,PatrolState,None,1.00,62.9,0,1.00,0,,,81768406
11.04,FSM Enemy 1,FSM,PatrolState,None,1.00,86.6,0,1.00,0,,,81768406
11.04,FSM Enemy 7,FSM,Dead,None,0.00,13.2,1,1.00,0,,,81768406
11.04,FSM Enemy 2,FSM,PatrolState,None,1.00,118.4,0,1.00,0,,,81768406
11.04,FSM Enemy 15,FSM,PatrolState,None,1.00,33.0,0,1.00,0,,,81768406
11.04,FSM Enemy 6,FSM,PatrolState,None,1.00,64.9,0,1.00,0,,,81768406
11.04,FSM Enemy 11,FSM,Dead,None,0.00,3.6,0,1.00,0,,,81768406
11.04,FSM Enemy 9,FSM,PatrolState,None,1.00,65.2,0,1.00,0,,,81768406
11.04,FSM Enemy 8,FSM,PatrolState,None,1.00,60.0,0,1.00,0,,,81768406
11.04,Utility Enemy 4,Utility,PatrolAction,None,1.00,54.5,0,1.00,0,0.120,0.000,81768406
11.04,Utility Enemy 7,Utility,PatrolAction,None,1.00,78.1,0,1.00,0,0.120,0.000,81768406
11.04,Utility Enemy 8,Utility,PatrolAction,None,1.00,85.5,0,1.00,0,0.120,0.000,81768406
11.04,Utility Enemy 14,Utility,PatrolAction,None,1.00,77.6,0,1.00,0,0.120,0.000,81768406
11.04,Utility Enemy 5,Utility,PatrolAction,None,1.00,88.4,0,1.00,0,0.120,0.000,81768406
11.04,Utility Enemy 6,Utility,Dead,None,0.00,4.2,1,1.00,0,0.202,0.179,81768406
11.04,Utility Enemy 9,Utility,PatrolAction,None,1.00,87.1,0,1.00,0,0.120,0.000,81768406
11.04,Utility Enemy 2,Utility,PatrolAction,None,1.00,112.1,0,1.00,0,0.120,0.000,81768406
11.04,Utility Enemy 1,Utility,PatrolAction,None,1.00,89.0,0,1.00,0,0.120,0.000,81768406
11.04,Utility Enemy 13,Utility,PatrolAction,None,1.00,44.7,0,1.00,0,0.120,0.000,81768406
11.04,Utility Enemy 10,Utility,PatrolAction,None,1.00,68.3,0,1.00,0,0.120,0.000,81768406
11.04,Utility Enemy 15,Utility,PatrolAction,None,1.00,62.8,0,1.00,0,0.120,0.000,81768406
11.04,Utility Enemy 11,Utility,Dead,None,0.00,18.9,0,1.00,0,0.189,0.136,81768406
11.04,Utility Enemy 3,Utility,PatrolAction,None,1.00,100.5,0,1.00,0,0.120,0.000,81768406
11.04,Utility Enemy 12,Utility,PatrolAction,None,1.00,52.6,0,1.00,0,0.120,0.000,81768406
12.04,Player,Player,-,None,1.00,,0,1.00,,,,81768406
12.04,FSM Enemy 13,FSM,PatrolState,None,1.00,23.7,0,1.00,0,,,81768406
12.04,FSM Enemy 10,FSM,PatrolState,None,1.00,92.4,0,1.00,0,,,81768406
12.04,FSM Enemy 14,FSM,PatrolState,None,1.00,102.1,0,1.00,0,,,81768406
12.04,FSM Enemy 4,FSM,PatrolState,None,1.00,86.6,0,1.00,0,,,81768406
12.04,FSM Enemy 12,FSM,PatrolState,None,1.00,77.0,0,1.00,0,,,81768406
12.04,FSM Enemy 3,FSM,PatrolState,None,1.00,98.0,0,1.00,0,,,81768406
12.04,FSM Enemy 5,FSM,PatrolState,None,1.00,64.6,0,1.00,0,,,81768406
12.04,FSM Enemy 1,FSM,PatrolState,None,1.00,88.2,0,1.00,0,,,81768406
12.04,FSM Enemy 7,FSM,Dead,None,0.00,13.3,1,1.00,0,,,81768406
12.04,FSM Enemy 2,FSM,PatrolState,None,1.00,117.6,0,1.00,0,,,81768406
12.04,FSM Enemy 15,FSM,PatrolState,None,0.75,32.9,0,1.00,0,,,81768406
12.04,FSM Enemy 6,FSM,PatrolState,None,1.00,66.4,0,1.00,0,,,81768406
12.04,FSM Enemy 11,FSM,Dead,None,0.00,3.5,0,1.00,0,,,81768406
12.04,FSM Enemy 9,FSM,PatrolState,None,1.00,64.1,0,1.00,0,,,81768406
12.04,FSM Enemy 8,FSM,PatrolState,None,1.00,59.3,0,1.00,0,,,81768406
12.04,Utility Enemy 4,Utility,PatrolAction,None,1.00,57.9,0,1.00,0,0.120,0.000,81768406
12.04,Utility Enemy 7,Utility,PatrolAction,None,1.00,78.7,0,1.00,0,0.120,0.000,81768406
12.04,Utility Enemy 8,Utility,PatrolAction,None,1.00,83.2,0,1.00,0,0.120,0.000,81768406
12.04,Utility Enemy 14,Utility,PatrolAction,None,1.00,74.8,0,1.00,0,0.120,0.000,81768406
12.04,Utility Enemy 5,Utility,PatrolAction,None,1.00,88.1,0,1.00,0,0.120,0.000,81768406
12.04,Utility Enemy 6,Utility,Dead,None,0.00,4.2,1,1.00,0,0.202,0.179,81768406
12.04,Utility Enemy 9,Utility,PatrolAction,None,1.00,88.0,0,1.00,0,0.120,0.000,81768406
12.04,Utility Enemy 2,Utility,PatrolAction,None,1.00,111.5,0,1.00,0,0.120,0.000,81768406
12.04,Utility Enemy 1,Utility,PatrolAction,None,1.00,88.8,0,1.00,0,0.120,0.000,81768406
12.04,Utility Enemy 13,Utility,PatrolAction,None,1.00,40.7,0,1.00,0,0.120,0.000,81768406
12.04,Utility Enemy 10,Utility,PatrolAction,None,1.00,70.7,0,1.00,0,0.120,0.000,81768406
12.04,Utility Enemy 15,Utility,PatrolAction,None,1.00,63.2,0,1.00,0,0.120,0.000,81768406
12.04,Utility Enemy 11,Utility,Dead,None,0.00,19.1,0,1.00,0,0.189,0.136,81768406
12.04,Utility Enemy 3,Utility,PatrolAction,None,1.00,101.2,0,1.00,0,0.120,0.000,81768406
12.04,Utility Enemy 12,Utility,PatrolAction,None,1.00,53.0,0,1.00,0,0.120,0.000,81768406
13.05,Player,Player,-,None,1.00,,0,1.00,,,,81768406
13.05,FSM Enemy 13,FSM,PatrolState,None,1.00,22.7,0,1.00,0,,,81768406
13.05,FSM Enemy 10,FSM,PatrolState,None,1.00,93.0,0,1.00,0,,,81768406
13.05,FSM Enemy 14,FSM,PatrolState,None,1.00,99.8,0,1.00,0,,,81768406
13.05,FSM Enemy 4,FSM,PatrolState,None,1.00,87.7,0,1.00,0,,,81768406
13.05,FSM Enemy 12,FSM,PatrolState,None,1.00,76.9,0,1.00,0,,,81768406
13.05,FSM Enemy 3,FSM,PatrolState,None,1.00,99.5,0,1.00,0,,,81768406
13.05,FSM Enemy 5,FSM,PatrolState,None,1.00,66.0,0,1.00,0,,,81768406
13.05,FSM Enemy 1,FSM,PatrolState,None,1.00,85.7,0,1.00,0,,,81768406
13.05,FSM Enemy 7,FSM,Dead,None,0.00,13.3,1,1.00,0,,,81768406
13.05,FSM Enemy 2,FSM,PatrolState,None,1.00,116.5,0,1.00,0,,,81768406
13.05,FSM Enemy 15,FSM,PatrolState,None,0.50,32.8,0,1.00,0,,,81768406
13.05,FSM Enemy 6,FSM,PatrolState,None,1.00,67.6,0,1.00,0,,,81768406
13.05,FSM Enemy 11,FSM,Dead,None,0.00,3.5,0,1.00,0,,,81768406
13.05,FSM Enemy 9,FSM,PatrolState,None,1.00,62.8,0,1.00,0,,,81768406
13.05,FSM Enemy 8,FSM,PatrolState,None,1.00,61.2,0,1.00,0,,,81768406
13.05,Utility Enemy 4,Utility,PatrolAction,None,1.00,61.5,0,1.00,0,0.120,0.000,81768406
13.05,Utility Enemy 7,Utility,PatrolAction,None,1.00,80.5,0,1.00,0,0.120,0.000,81768406
13.05,Utility Enemy 8,Utility,PatrolAction,None,1.00,79.8,0,1.00,0,0.120,0.000,81768406
13.05,Utility Enemy 14,Utility,PatrolAction,None,1.00,72.9,0,1.00,0,0.120,0.000,81768406
13.05,Utility Enemy 5,Utility,PatrolAction,None,1.00,87.9,0,1.00,0,0.120,0.000,81768406
13.05,Utility Enemy 6,Utility,Dead,None,0.00,4.2,1,1.00,0,0.202,0.179,81768406
13.05,Utility Enemy 9,Utility,PatrolAction,None,1.00,91.9,0,1.00,0,0.120,0.000,81768406
13.05,Utility Enemy 2,Utility,PatrolAction,None,1.00,114.0,0,1.00,0,0.120,0.000,81768406
13.05,Utility Enemy 1,Utility,PatrolAction,None,1.00,90.5,0,1.00,0,0.120,0.000,81768406
13.05,Utility Enemy 13,Utility,PatrolAction,None,1.00,38.0,0,1.00,0,0.120,0.000,81768406
13.05,Utility Enemy 10,Utility,PatrolAction,None,1.00,70.5,0,1.00,0,0.120,0.000,81768406
13.05,Utility Enemy 15,Utility,PatrolAction,None,1.00,67.2,0,1.00,0,0.120,0.000,81768406
13.05,Utility Enemy 11,Utility,Dead,None,0.00,19.1,0,1.00,0,0.189,0.136,81768406
13.05,Utility Enemy 3,Utility,PatrolAction,None,1.00,102.4,0,1.00,0,0.120,0.000,81768406
13.05,Utility Enemy 12,Utility,PatrolAction,None,1.00,54.5,0,1.00,0,0.120,0.000,81768406
14.05,Player,Player,-,None,1.00,,0,1.00,,,,81768406
14.05,FSM Enemy 13,FSM,PatrolState,None,1.00,17.2,0,1.00,0,,,81768406
14.05,FSM Enemy 10,FSM,PatrolState,None,1.00,91.9,0,1.00,0,,,81768406
14.05,FSM Enemy 14,FSM,PatrolState,None,1.00,96.7,0,1.00,0,,,81768406
14.05,FSM Enemy 4,FSM,PatrolState,None,1.00,89.8,0,1.00,0,,,81768406
14.05,FSM Enemy 12,FSM,PatrolState,None,1.00,78.3,0,1.00,0,,,81768406
14.05,FSM Enemy 3,FSM,PatrolState,None,1.00,95.5,0,1.00,0,,,81768406
14.05,FSM Enemy 5,FSM,PatrolState,None,1.00,62.3,0,1.00,0,,,81768406
14.05,FSM Enemy 1,FSM,PatrolState,None,1.00,78.8,0,1.00,0,,,81768406
14.05,FSM Enemy 7,FSM,Dead,None,0.00,16.7,1,1.00,0,,,81768406
14.05,FSM Enemy 2,FSM,PatrolState,None,1.00,113.3,0,1.00,0,,,81768406
14.05,FSM Enemy 15,FSM,PatrolState,None,0.50,31.0,0,1.00,0,,,81768406
14.05,FSM Enemy 6,FSM,PatrolState,None,1.00,70.4,0,1.00,0,,,81768406
14.05,FSM Enemy 11,FSM,Dead,None,0.00,4.5,0,1.00,0,,,81768406
14.05,FSM Enemy 9,FSM,PatrolState,None,1.00,60.7,0,1.00,0,,,81768406
14.05,FSM Enemy 8,FSM,PatrolState,None,1.00,60.5,0,1.00,0,,,81768406
14.05,Utility Enemy 4,Utility,PatrolAction,None,1.00,62.6,0,1.00,0,0.120,0.000,81768406
14.05,Utility Enemy 7,Utility,PatrolAction,None,1.00,83.5,0,1.00,0,0.120,0.000,81768406
14.05,Utility Enemy 8,Utility,PatrolAction,None,1.00,74.4,0,1.00,0,0.120,0.000,81768406
14.05,Utility Enemy 14,Utility,PatrolAction,None,1.00,72.7,0,1.00,0,0.120,0.000,81768406
14.05,Utility Enemy 5,Utility,PatrolAction,None,1.00,83.4,0,1.00,0,0.120,0.000,81768406
14.05,Utility Enemy 6,Utility,Dead,None,0.00,1.6,0,1.00,0,0.202,0.179,81768406
14.05,Utility Enemy 9,Utility,PatrolAction,None,1.00,94.9,0,1.00,0,0.120,0.000,81768406
14.05,Utility Enemy 2,Utility,PatrolAction,None,1.00,116.0,0,1.00,0,0.120,0.000,81768406
14.05,Utility Enemy 1,Utility,PatrolAction,None,1.00,88.7,0,1.00,0,0.120,0.000,81768406
14.05,Utility Enemy 13,Utility,PatrolAction,None,1.00,37.6,0,1.00,0,0.120,0.000,81768406
14.05,Utility Enemy 10,Utility,PatrolAction,None,1.00,69.0,0,1.00,0,0.120,0.000,81768406
14.05,Utility Enemy 15,Utility,PatrolAction,None,1.00,66.6,0,1.00,0,0.120,0.000,81768406
14.05,Utility Enemy 11,Utility,Dead,None,0.00,18.4,0,1.00,0,0.189,0.136,81768406
14.05,Utility Enemy 3,Utility,PatrolAction,None,1.00,99.4,0,1.00,0,0.120,0.000,81768406
14.05,Utility Enemy 12,Utility,PatrolAction,None,1.00,51.5,0,1.00,0,0.120,0.000,81768406
15.05,Player,Player,-,None,1.00,,0,1.00,,,,81768406
15.05,FSM Enemy 13,FSM,PatrolState,None,1.00,15.5,0,1.00,0,,,81768406
15.05,FSM Enemy 10,FSM,PatrolState,None,1.00,92.6,0,1.00,0,,,81768406
15.05,FSM Enemy 14,FSM,PatrolState,None,1.00,93.9,0,1.00,0,,,81768406
15.05,FSM Enemy 4,FSM,PatrolState,None,1.00,90.6,0,1.00,0,,,81768406
15.05,FSM Enemy 12,FSM,PatrolState,None,1.00,78.1,0,1.00,0,,,81768406
15.05,FSM Enemy 3,FSM,PatrolState,None,1.00,94.0,0,1.00,0,,,81768406
15.05,FSM Enemy 5,FSM,PatrolState,None,1.00,62.5,0,1.00,0,,,81768406
15.05,FSM Enemy 1,FSM,PatrolState,None,1.00,76.4,0,1.00,0,,,81768406
15.05,FSM Enemy 7,FSM,Dead,None,0.00,16.2,1,1.00,0,,,81768406
15.05,FSM Enemy 2,FSM,PatrolState,None,1.00,110.4,0,1.00,0,,,81768406
15.05,FSM Enemy 15,FSM,PatrolState,None,0.50,30.6,0,1.00,0,,,81768406
15.05,FSM Enemy 6,FSM,PatrolState,None,1.00,70.9,0,1.00,0,,,81768406
15.05,FSM Enemy 11,FSM,Dead,None,0.00,4.7,0,1.00,0,,,81768406
15.05,FSM Enemy 9,FSM,PatrolState,None,1.00,59.3,0,1.00,0,,,81768406
15.05,FSM Enemy 8,FSM,PatrolState,None,1.00,62.3,0,1.00,0,,,81768406
15.05,Utility Enemy 4,Utility,PatrolAction,None,1.00,66.8,0,1.00,0,0.120,0.000,81768406
15.05,Utility Enemy 7,Utility,PatrolAction,None,1.00,80.0,0,1.00,0,0.120,0.000,81768406
15.05,Utility Enemy 8,Utility,PatrolAction,None,1.00,75.5,0,1.00,0,0.120,0.000,81768406
15.05,Utility Enemy 14,Utility,PatrolAction,None,1.00,68.3,0,1.00,0,0.120,0.000,81768406
15.05,Utility Enemy 5,Utility,PatrolAction,None,1.00,79.4,0,1.00,0,0.120,0.000,81768406
15.05,Utility Enemy 6,Utility,Dead,None,0.00,2.0,0,1.00,0,0.202,0.179,81768406
15.05,Utility Enemy 9,Utility,PatrolAction,None,1.00,94.9,0,1.00,0,0.120,0.000,81768406
15.05,Utility Enemy 2,Utility,PatrolAction,None,1.00,119.3,0,1.00,0,0.120,0.000,81768406
15.05,Utility Enemy 1,Utility,PatrolAction,None,1.00,86.4,0,1.00,0,0.120,0.000,81768406
15.05,Utility Enemy 13,Utility,PatrolAction,None,1.00,39.9,0,1.00,0,0.120,0.000,81768406
15.05,Utility Enemy 10,Utility,PatrolAction,None,1.00,64.1,0,1.00,0,0.120,0.000,81768406
15.05,Utility Enemy 15,Utility,PatrolAction,None,1.00,69.6,0,1.00,0,0.120,0.000,81768406
15.05,Utility Enemy 11,Utility,Dead,None,0.00,17.9,0,1.00,0,0.189,0.136,81768406
15.05,Utility Enemy 3,Utility,PatrolAction,None,1.00,99.4,0,1.00,0,0.120,0.000,81768406
15.05,Utility Enemy 12,Utility,PatrolAction,None,1.00,47.8,0,1.00,0,0.120,0.000,81768406
16.05,Player,Player,-,None,1.00,,0,1.00,,,,81768406
16.05,FSM Enemy 13,FSM,PatrolState,None,1.00,14.5,0,1.00,0,,,81768406
16.05,FSM Enemy 10,FSM,PatrolState,None,1.00,93.7,0,1.00,0,,,81768406
16.05,FSM Enemy 14,FSM,PatrolState,None,1.00,94.9,0,1.00,0,,,81768406
16.05,FSM Enemy 4,FSM,PatrolState,None,1.00,88.6,0,1.00,0,,,81768406
16.05,FSM Enemy 12,FSM,PatrolState,None,1.00,77.5,0,1.00,0,,,81768406
16.05,FSM Enemy 3,FSM,PatrolState,None,1.00,93.1,0,1.00,0,,,81768406
16.05,FSM Enemy 5,FSM,PatrolState,None,1.00,63.6,0,1.00,0,,,81768406
16.05,FSM Enemy 1,FSM,PatrolState,None,1.00,75.2,0,1.00,0,,,81768406
16.05,FSM Enemy 7,FSM,Dead,None,0.00,14.9,1,1.00,0,,,81768406
16.05,FSM Enemy 2,FSM,PatrolState,None,1.00,108.0,0,1.00,0,,,81768406
16.05,FSM Enemy 15,FSM,PatrolState,None,0.50,29.1,0,1.00,0,,,81768406
16.05,FSM Enemy 6,FSM,PatrolState,None,1.00,70.6,0,1.00,0,,,81768406
16.05,FSM Enemy 11,FSM,Dead,None,0.00,4.4,0,1.00,0,,,81768406
16.05,FSM Enemy 9,FSM,PatrolState,None,1.00,58.2,0,1.00,0,,,81768406
16.05,FSM Enemy 8,FSM,PatrolState,None,1.00,64.8,0,1.00,0,,,81768406
16.05,Utility Enemy 4,Utility,PatrolAction,None,1.00,68.6,0,1.00,0,0.120,0.000,81768406
16.05,Utility Enemy 7,Utility,PatrolAction,None,1.00,75.3,0,1.00,0,0.120,0.000,81768406
16.05,Utility Enemy 8,Utility,PatrolAction,None,1.00,77.7,0,1.00,0,0.120,0.000,81768406
16.05,Utility Enemy 14,Utility,PatrolAction,None,1.00,63.0,0,1.00,0,0.120,0.000,81768406
16.05,Utility Enemy 5,Utility,PatrolAction,None,1.00,76.6,0,1.00,0,0.120,0.000,81768406
16.05,Utility Enemy 6,Utility,Dead,None,0.00,2.4,1,1.00,0,0.202,0.179,81768406
16.05,Utility Enemy 9,Utility,PatrolAction,None,1.00,90.7,0,1.00,0,0.120,0.000,81768406
16.05,Utility Enemy 2,Utility,PatrolAction,None,1.00,117.5,0,1.00,0,0.120,0.000,81768406
16.05,Utility Enemy 1,Utility,PatrolAction,None,1.00,84.2,0,1.00,0,0.120,0.000,81768406
16.05,Utility Enemy 13,Utility,PatrolAction,None,1.00,42.2,0,1.00,0,0.120,0.000,81768406
16.05,Utility Enemy 10,Utility,PatrolAction,None,1.00,61.4,0,1.00,0,0.120,0.000,81768406
16.05,Utility Enemy 15,Utility,PatrolAction,None,1.00,68.0,0,1.00,0,0.120,0.000,81768406
16.05,Utility Enemy 11,Utility,Dead,None,0.00,17.5,0,1.00,0,0.189,0.136,81768406
16.05,Utility Enemy 3,Utility,PatrolAction,None,1.00,102.4,0,1.00,0,0.120,0.000,81768406
16.05,Utility Enemy 12,Utility,PatrolAction,None,1.00,47.2,0,1.00,0,0.120,0.000,81768406
17.06,Player,Player,-,None,1.00,,0,1.00,,,,81768406
17.06,FSM Enemy 13,FSM,PatrolState,None,1.00,16.3,0,1.00,0,,,81768406
17.06,FSM Enemy 10,FSM,PatrolState,None,1.00,93.1,0,1.00,0,,,81768406
17.06,FSM Enemy 14,FSM,PatrolState,None,1.00,94.2,0,1.00,0,,,81768406
17.06,FSM Enemy 4,FSM,PatrolState,None,1.00,82.0,0,1.00,0,,,81768406
17.06,FSM Enemy 12,FSM,PatrolState,None,1.00,73.2,0,1.00,0,,,81768406
17.06,FSM Enemy 3,FSM,PatrolState,None,1.00,92.2,0,1.00,0,,,81768406
17.06,FSM Enemy 5,FSM,PatrolState,None,1.00,66.0,0,1.00,0,,,81768406
17.06,FSM Enemy 1,FSM,PatrolState,None,1.00,76.0,0,1.00,0,,,81768406
17.06,FSM Enemy 7,FSM,Dead,None,0.00,9.5,1,1.00,0,,,81768406
17.06,FSM Enemy 2,FSM,PatrolState,None,1.00,104.6,0,1.00,0,,,81768406
17.06,FSM Enemy 15,FSM,PatrolState,None,0.50,26.2,0,1.00,0,,,81768406
17.06,FSM Enemy 6,FSM,PatrolState,None,1.00,65.0,0,1.00,0,,,81768406
17.06,FSM Enemy 11,FSM,Dead,None,0.00,7.8,0,1.00,0,,,81768406
17.06,FSM Enemy 9,FSM,PatrolState,None,1.00,54.8,0,1.00,0,,,81768406
17.06,FSM Enemy 8,FSM,PatrolState,None,1.00,65.4,0,1.00,0,,,81768406
17.06,Utility Enemy 4,Utility,PatrolAction,None,1.00,65.2,0,1.00,0,0.120,0.000,81768406
17.06,Utility Enemy 7,Utility,PatrolAction,None,1.00,69.1,0,1.00,0,0.120,0.000,81768406
17.06,Utility Enemy 8,Utility,PatrolAction,None,1.00,80.5,0,1.00,0,0.120,0.000,81768406
17.06,Utility Enemy 14,Utility,PatrolAction,None,1.00,54.0,0,1.00,0,0.120,0.000,81768406
17.06,Utility Enemy 5,Utility,PatrolAction,None,1.00,80.9,0,1.00,0,0.120,0.000,81768406
17.06,Utility Enemy 6,Utility,Dead,None,0.00,7.5,1,1.00,0,0.202,0.179,81768406
17.06,Utility Enemy 9,Utility,PatrolAction,None,1.00,84.2,0,1.00,0,0.120,0.000,81768406
17.06,Utility Enemy 2,Utility,PatrolAction,None,1.00,112.5,0,1.00,0,0.120,0.000,81768406
17.06,Utility Enemy 1,Utility,PatrolAction,None,1.00,84.3,0,1.00,0,0.120,0.000,81768406
17.06,Utility Enemy 13,Utility,PatrolAction,None,1.00,47.6,0,1.00,0,0.120,0.000,81768406
17.06,Utility Enemy 10,Utility,PatrolAction,None,1.00,54.3,0,1.00,0,0.120,0.000,81768406
17.06,Utility Enemy 15,Utility,PatrolAction,None,1.00,66.6,0,1.00,0,0.120,0.000,81768406
17.06,Utility Enemy 11,Utility,Dead,None,0.00,15.5,0,1.00,0,0.189,0.136,81768406
17.06,Utility Enemy 3,Utility,PatrolAction,None,1.00,103.6,0,1.00,0,0.120,0.000,81768406
17.06,Utility Enemy 12,Utility,PatrolAction,None,1.00,43.9,0,1.00,0,0.120,0.000,81768406
18.07,Player,Player,-,None,1.00,,0,1.00,,,,81768406
18.07,FSM Enemy 13,FSM,ChaseState,None,1.00,19.1,1,1.00,0,,,81768406
18.07,FSM Enemy 10,FSM,PatrolState,None,1.00,89.0,0,1.00,0,,,81768406
18.07,FSM Enemy 14,FSM,PatrolState,None,1.00,90.1,0,1.00,0,,,81768406
18.07,FSM Enemy 4,FSM,PatrolState,None,1.00,72.3,0,1.00,0,,,81768406
18.07,FSM Enemy 12,FSM,PatrolState,None,1.00,66.7,0,1.00,0,,,81768406
18.07,FSM Enemy 3,FSM,PatrolState,None,1.00,87.4,0,1.00,0,,,81768406
18.07,FSM Enemy 5,FSM,PatrolState,None,1.00,66.0,0,1.00,0,,,81768406
18.07,FSM Enemy 1,FSM,PatrolState,None,1.00,74.6,0,1.00,0,,,81768406
18.07,FSM Enemy 7,FSM,Dead,None,0.00,5.0,1,1.00,0,,,81768406
18.07,FSM Enemy 2,FSM,PatrolState,None,1.00,97.5,0,1.00,0,,,81768406
18.07,FSM Enemy 15,FSM,PatrolState,None,0.50,20.9,0,1.00,0,,,81768406
18.07,FSM Enemy 6,FSM,PatrolState,None,1.00,57.0,0,1.00,0,,,81768406
18.07,FSM Enemy 11,FSM,Dead,None,0.00,15.3,0,1.00,0,,,81768406
18.07,FSM Enemy 9,FSM,PatrolState,None,1.00,50.2,0,1.00,0,,,81768406
18.07,FSM Enemy 8,FSM,PatrolState,None,1.00,59.6,0,1.00,0,,,81768406
18.07,Utility Enemy 4,Utility,PatrolAction,None,1.00,61.5,0,1.00,0,0.120,0.000,81768406
18.07,Utility Enemy 7,Utility,PatrolAction,None,1.00,60.8,0,1.00,0,0.120,0.000,81768406
18.07,Utility Enemy 8,Utility,PatrolAction,None,1.00,79.7,0,1.00,0,0.120,0.000,81768406
18.07,Utility Enemy 14,Utility,PatrolAction,None,1.00,42.2,0,1.00,0,0.120,0.000,81768406
18.07,Utility Enemy 5,Utility,PatrolAction,None,1.00,84.1,0,1.00,0,0.120,0.000,81768406
18.07,Utility Enemy 6,Utility,Dead,None,0.00,14.7,1,1.00,0,0.202,0.179,81768406
18.07,Utility Enemy 9,Utility,PatrolAction,None,1.00,78.1,0,1.00,0,0.120,0.000,81768406
18.07,Utility Enemy 2,Utility,PatrolAction,None,1.00,103.0,0,1.00,0,0.120,0.000,81768406
18.07,Utility Enemy 1,Utility,PatrolAction,None,1.00,84.3,0,1.00,0,0.120,0.000,81768406
18.07,Utility Enemy 13,Utility,PatrolAction,None,1.00,49.6,0,1.00,0,0.120,0.000,81768406
18.07,Utility Enemy 10,Utility,PatrolAction,None,1.00,43.2,0,1.00,0,0.120,0.000,81768406
18.07,Utility Enemy 15,Utility,PatrolAction,None,1.00,63.3,0,1.00,0,0.120,0.000,81768406
18.07,Utility Enemy 11,Utility,Dead,None,0.00,11.5,0,1.00,0,0.189,0.136,81768406
18.07,Utility Enemy 3,Utility,PatrolAction,None,1.00,94.2,0,1.00,0,0.120,0.000,81768406
18.07,Utility Enemy 12,Utility,PatrolAction,None,1.00,35.1,0,1.00,0,0.120,0.000,81768406
19.07,Player,Player,-,None,0.95,,0,0.95,,,,81768406
19.07,FSM Enemy 13,FSM,ChaseState,None,1.00,20.8,0,0.95,0,,,81768406
19.07,FSM Enemy 10,FSM,PatrolState,None,1.00,86.2,0,0.95,0,,,81768406
19.07,FSM Enemy 14,FSM,PatrolState,None,1.00,86.3,0,0.95,0,,,81768406
19.07,FSM Enemy 4,FSM,PatrolState,None,1.00,62.6,0,0.95,0,,,81768406
19.07,FSM Enemy 12,FSM,PatrolState,None,1.00,60.1,0,0.95,0,,,81768406
19.07,FSM Enemy 3,FSM,PatrolState,None,1.00,83.5,0,0.95,0,,,81768406
19.07,FSM Enemy 5,FSM,PatrolState,None,1.00,67.0,0,0.95,0,,,81768406
19.07,FSM Enemy 1,FSM,PatrolState,None,1.00,74.3,0,0.95,0,,,81768406
19.07,FSM Enemy 7,FSM,AttackState,None,1.00,13.6,1,0.95,8,,,81768406
19.07,FSM Enemy 2,FSM,PatrolState,None,1.00,90.9,0,0.95,0,,,81768406
19.07,FSM Enemy 15,FSM,PatrolState,None,0.50,20.6,0,0.95,0,,,81768406
19.07,FSM Enemy 6,FSM,PatrolState,None,1.00,49.0,0,0.95,0,,,81768406
19.07,FSM Enemy 11,FSM,Dead,None,0.00,22.7,0,0.95,0,,,81768406
19.07,FSM Enemy 9,FSM,PatrolState,None,1.00,46.9,0,0.95,0,,,81768406
19.07,FSM Enemy 8,FSM,PatrolState,None,1.00,54.8,0,0.95,0,,,81768406
19.07,Utility Enemy 4,Utility,PatrolAction,None,1.00,65.7,0,0.95,0,0.120,0.000,81768406
19.07,Utility Enemy 7,Utility,PatrolAction,None,1.00,55.0,0,0.95,0,0.120,0.000,81768406
19.07,Utility Enemy 8,Utility,PatrolAction,None,1.00,78.8,0,0.95,0,0.120,0.000,81768406
19.07,Utility Enemy 14,Utility,PatrolAction,None,1.00,30.5,0,0.95,0,0.120,0.000,81768406
19.07,Utility Enemy 5,Utility,PatrolAction,None,1.00,82.6,0,0.95,0,0.120,0.000,81768406
19.07,Utility Enemy 6,Utility,Dead,None,0.00,22.1,0,0.95,0,0.202,0.179,81768406
19.07,Utility Enemy 9,Utility,PatrolAction,None,1.00,77.7,0,0.95,0,0.120,0.000,81768406
19.07,Utility Enemy 2,Utility,PatrolAction,None,1.00,95.2,0,0.95,0,0.120,0.000,81768406
19.07,Utility Enemy 1,Utility,PatrolAction,None,1.00,85.5,0,0.95,0,0.120,0.000,81768406
19.07,Utility Enemy 13,Utility,PatrolAction,None,1.00,49.3,0,0.95,0,0.120,0.000,81768406
19.07,Utility Enemy 10,Utility,PatrolAction,None,1.00,32.3,0,0.95,0,0.120,0.000,81768406
19.07,Utility Enemy 15,Utility,PatrolAction,None,1.00,66.3,0,0.95,0,0.120,0.000,81768406
19.07,Utility Enemy 11,Utility,Dead,None,0.00,12.2,0,0.95,0,0.189,0.136,81768406
19.07,Utility Enemy 3,Utility,PatrolAction,None,1.00,84.0,0,0.95,0,0.120,0.000,81768406
19.07,Utility Enemy 12,Utility,PatrolAction,None,1.00,25.5,0,0.95,0,0.120,0.000,81768406
20.08,Player,Player,-,None,0.95,,0,0.95,,,,81768406
20.08,FSM Enemy 13,FSM,ChaseState,None,1.00,23.3,0,0.95,0,,,81768406
20.08,FSM Enemy 10,FSM,PatrolState,None,1.00,83.6,0,0.95,0,,,81768406
20.08,FSM Enemy 14,FSM,PatrolState,None,1.00,82.8,0,0.95,0,,,81768406
20.08,FSM Enemy 4,FSM,PatrolState,None,1.00,56.0,0,0.95,0,,,81768406
20.08,FSM Enemy 12,FSM,PatrolState,None,1.00,50.9,0,0.95,0,,,81768406
20.08,FSM Enemy 3,FSM,PatrolState,None,1.00,79.8,0,0.95,0,,,81768406
20.08,FSM Enemy 5,FSM,PatrolState,None,1.00,68.2,0,0.95,0,,,81768406
20.08,FSM Enemy 1,FSM,PatrolState,None,1.00,75.3,0,0.95,0,,,81768406
20.08,FSM Enemy 7,FSM,AttackState,None,1.00,15.8,1,0.95,8,,,81768406
20.08,FSM Enemy 2,FSM,PatrolState,None,1.00,86.5,0,0.95,0,,,81768406
20.08,FSM Enemy 15,FSM,PatrolState,None,0.50,22.2,0,0.95,0,,,81768406
20.08,FSM Enemy 6,FSM,PatrolState,None,1.00,39.9,0,0.95,0,,,81768406
20.08,FSM Enemy 11,FSM,Dead,None,0.00,30.4,0,0.95,0,,,81768406
20.08,FSM Enemy 9,FSM,PatrolState,None,1.00,44.2,0,0.95,0,,,81768406
20.08,FSM Enemy 8,FSM,PatrolState,None,1.00,50.3,0,0.95,0,,,81768406
20.08,Utility Enemy 4,Utility,PatrolAction,None,1.00,70.6,0,0.95,0,0.120,0.000,81768406
20.08,Utility Enemy 7,Utility,PatrolAction,None,1.00,50.4,0,0.95,0,0.120,0.000,81768406
20.08,Utility Enemy 8,Utility,PatrolAction,None,1.00,79.4,0,0.95,0,0.120,0.000,81768406
20.08,Utility Enemy 14,Utility,PatrolAction,None,1.00,23.2,0,0.95,0,0.120,0.000,81768406
20.08,Utility Enemy 5,Utility,PatrolAction,None,1.00,79.5,0,0.95,0,0.120,0.000,81768406
20.08,Utility Enemy 6,Utility,Dead,None,0.00,29.7,0,0.95,0,0.202,0.179,81768406
20.08,Utility Enemy 9,Utility,PatrolAction,None,1.00,77.5,0,0.95,0,0.120,0.000,81768406
20.08,Utility Enemy 2,Utility,PatrolAction,None,1.00,90.3,0,0.95,0,0.120,0.000,81768406
20.08,Utility Enemy 1,Utility,PatrolAction,None,1.00,84.1,0,0.95,0,0.120,0.000,81768406
20.08,Utility Enemy 13,Utility,PatrolAction,None,1.00,49.3,0,0.95,0,0.120,0.000,81768406
20.08,Utility Enemy 10,Utility,PatrolAction,None,1.00,20.2,0,0.95,0,0.120,0.000,81768406
20.08,Utility Enemy 15,Utility,PatrolAction,None,1.00,69.5,0,0.95,0,0.120,0.000,81768406
20.08,Utility Enemy 11,Utility,Dead,None,0.00,16.6,0,0.95,0,0.189,0.136,81768406
20.08,Utility Enemy 3,Utility,PatrolAction,None,1.00,75.0,0,0.95,0,0.120,0.000,81768406
20.08,Utility Enemy 12,Utility,SpreadFireAction,None,1.00,14.5,1,0.95,0,0.180,0.168,81768406
21.08,Player,Player,-,None,0.89,,0,0.89,,,,81768406
21.08,FSM Enemy 13,FSM,ChaseState,None,1.00,21.0,0,0.89,0,,,81768406
21.08,FSM Enemy 10,FSM,PatrolState,None,1.00,78.9,0,0.89,0,,,81768406
21.08,FSM Enemy 14,FSM,PatrolState,None,1.00,79.3,0,0.89,0,,,81768406
21.08,FSM Enemy 4,FSM,PatrolState,None,1.00,54.2,0,0.89,0,,,81768406
21.08,FSM Enemy 12,FSM,PatrolState,None,1.00,46.9,0,0.89,0,,,81768406
21.08,FSM Enemy 3,FSM,PatrolState,None,1.00,74.8,0,0.89,0,,,81768406
21.08,FSM Enemy 5,FSM,PatrolState,None,1.00,66.2,0,0.89,0,,,81768406
21.08,FSM Enemy 1,FSM,PatrolState,None,1.00,76.1,0,0.89,0,,,81768406
21.08,FSM Enemy 7,FSM,AttackState,None,1.00,15.2,1,0.89,8,,,81768406
21.08,FSM Enemy 2,FSM,PatrolState,None,1.00,84.7,0,0.89,0,,,81768406
21.08,FSM Enemy 15,FSM,PatrolState,None,0.50,20.1,0,0.89,0,,,81768406
21.08,FSM Enemy 6,FSM,PatrolState,None,1.00,35.7,0,0.89,0,,,81768406
21.08,FSM Enemy 11,FSM,PatrolState,None,1.00,60.7,0,0.89,0,,,81768406
21.08,FSM Enemy 9,FSM,PatrolState,None,1.00,42.8,0,0.89,0,,,81768406
21.08,FSM Enemy 8,FSM,PatrolState,None,1.00,44.7,0,0.89,0,,,81768406
21.08,Utility Enemy 4,Utility,PatrolAction,None,1.00,71.9,0,0.89,0,0.120,0.000,81768406
21.08,Utility Enemy 7,Utility,PatrolAction,None,1.00,47.8,0,0.89,0,0.120,0.000,81768406
21.08,Utility Enemy 8,Utility,PatrolAction,None,1.00,77.4,0,0.89,0,0.120,0.000,81768406
21.08,Utility Enemy 14,Utility,PatrolAction,None,1.00,21.0,0,0.89,0,0.120,0.000,81768406
21.08,Utility Enemy 5,Utility,PatrolAction,None,1.00,73.2,0,0.89,0,0.120,0.000,81768406
21.08,Utility Enemy 6,Utility,Dead,None,0.00,32.2,0,0.89,0,0.202,0.179,81768406
21.08,Utility Enemy 9,Utility,PatrolAction,None,1.00,72.2,0,0.89,0,0.120,0.000,81768406
21.08,Utility Enemy 2,Utility,PatrolAction,None,1.00,84.5,0,0.89,0,0.120,0.000,81768406
21.08,Utility Enemy 1,Utility,PatrolAction,None,1.00,79.4,0,0.89,0,0.120,0.000,81768406
21.08,Utility Enemy 13,Utility,PatrolAction,None,1.00,46.4,0,0.89,0,0.120,0.000,81768406
21.08,Utility Enemy 10,Utility,SpreadFireAction,None,1.00,17.4,1,0.89,0,0.151,0.125,81768406
21.08,Utility Enemy 15,Utility,PatrolAction,None,1.00,64.3,0,0.89,0,0.120,0.000,81768406
21.08,Utility Enemy 11,Utility,Dead,None,0.00,17.0,0,0.89,0,0.189,0.136,81768406
21.08,Utility Enemy 3,Utility,PatrolAction,None,1.00,75.1,0,0.89,0,0.120,0.000,81768406
21.08,Utility Enemy 12,Utility,AttackAction,None,1.00,10.9,1,0.89,8,0.382,0.133,81768406
22.09,Player,Player,-,None,0.84,,0,0.84,,,,81768406
22.09,FSM Enemy 13,FSM,ChaseState,None,1.00,22.3,0,0.84,0,,,81768406
22.09,FSM Enemy 10,FSM,PatrolState,None,1.00,70.0,0,0.84,0,,,81768406
22.09,FSM Enemy 14,FSM,PatrolState,None,1.00,70.3,0,0.84,0,,,81768406
22.09,FSM Enemy 4,FSM,PatrolState,None,1.00,49.9,0,0.84,0,,,81768406
22.09,FSM Enemy 12,FSM,PatrolState,None,1.00,44.8,0,0.84,0,,,81768406
22.09,FSM Enemy 3,FSM,PatrolState,None,1.00,70.3,0,0.84,0,,,81768406
22.09,FSM Enemy 5,FSM,PatrolState,None,1.00,62.8,0,0.84,0,,,81768406
22.09,FSM Enemy 1,FSM,PatrolState,None,1.00,74.8,0,0.84,0,,,81768406
22.09,FSM Enemy 7,FSM,ChaseState,None,1.00,13.4,0,0.84,8,,,81768406
22.09,FSM Enemy 2,FSM,PatrolState,None,1.00,79.2,0,0.84,0,,,81768406
22.09,FSM Enemy 15,FSM,AttackState,None,0.50,15.9,1,0.84,0,,,81768406
22.09,FSM Enemy 6,FSM,PatrolState,None,1.00,31.4,0,0.84,0,,,81768406
22.09,FSM Enemy 11,FSM,PatrolState,None,1.00,52.1,0,0.84,0,,,81768406
22.09,FSM Enemy 9,FSM,PatrolState,None,1.00,37.3,0,0.84,0,,,81768406
22.09,FSM Enemy 8,FSM,PatrolState,None,1.00,36.8,0,0.84,0,,,81768406
22.09,Utility Enemy 4,Utility,PatrolAction,None,1.00,69.9,0,0.84,0,0.120,0.000,81768406
22.09,Utility Enemy 7,Utility,PatrolAction,None,1.00,43.1,0,0.84,0,0.120,0.000,81768406
22.09,Utility Enemy 8,Utility,PatrolAction,None,1.00,72.1,0,0.84,0,0.120,0.000,81768406
22.09,Utility Enemy 14,Utility,PatrolAction,None,1.00,17.5,0,0.84,0,0.120,0.000,81768406
22.09,Utility Enemy 5,Utility,PatrolAction,None,1.00,66.9,0,0.84,0,0.120,0.000,81768406
22.09,Utility Enemy 6,Utility,Dead,None,0.00,37.0,0,0.84,0,0.202,0.179,81768406
22.09,Utility Enemy 9,Utility,PatrolAction,None,1.00,60.2,0,0.84,0,0.120,0.000,81768406
22.09,Utility Enemy 2,Utility,PatrolAction,None,1.00,74.2,0,0.84,0,0.120,0.000,81768406
22.09,Utility Enemy 1,Utility,PatrolAction,None,1.00,71.1,0,0.84,0,0.120,0.000,81768406
22.09,Utility Enemy 13,Utility,PatrolAction,None,1.00,46.0,0,0.84,0,0.120,0.000,81768406
22.09,Utility Enemy 10,Utility,SpreadFireAction,None,1.00,16.0,1,0.84,0,0.168,0.125,81768406
22.09,Utility Enemy 15,Utility,PatrolAction,None,1.00,62.4,0,0.84,0,0.120,0.000,81768406
22.09,Utility Enemy 11,Utility,Dead,None,0.00,19.0,0,0.84,0,0.189,0.136,81768406
22.09,Utility Enemy 3,Utility,PatrolAction,None,1.00,72.3,0,0.84,0,0.120,0.000,81768406
22.09,Utility Enemy 12,Utility,AttackAction,None,0.50,5.9,1,0.84,16,0.666,0.380,81768406
23.09,Player,Player,-,None,0.79,,0,0.79,,,,81768406
23.09,FSM Enemy 13,FSM,PatrolState,None,1.00,25.1,0,0.79,0,,,81768406
23.09,FSM Enemy 10,FSM,PatrolState,None,1.00,64.8,0,0.79,0,,,81768406
23.09,FSM Enemy 14,FSM,PatrolState,None,1.00,65.1,0,0.79,0,,,81768406
23.09,FSM Enemy 4,FSM,PatrolState,None,1.00,46.2,0,0.79,0,,,81768406
23.09,FSM Enemy 12,FSM,PatrolState,None,1.00,41.7,0,0.79,0,,,81768406
23.09,FSM Enemy 3,FSM,PatrolState,None,1.00,71.9,0,0.79,0,,,81768406
23.09,FSM Enemy 5,FSM,PatrolState,None,1.00,65.9,0,0.79,0,,,81768406
23.09,FSM Enemy 1,FSM,PatrolState,None,1.00,79.6,0,0.79,0,,,81768406
23.09,FSM Enemy 7,FSM,AttackState,None,1.00,17.6,1,0.79,16,,,81768406
23.09,FSM Enemy 2,FSM,PatrolState,None,1.00,78.3,0,0.79,0,,,81768406
23.09,FSM Enemy 15,FSM,ChaseState,None,0.50,18.8,0,0.79,0,,,81768406
23.09,FSM Enemy 6,FSM,PatrolState,None,1.00,26.1,0,0.79,0,,,81768406
23.09,FSM Enemy 11,FSM,PatrolState,None,1.00,49.7,0,0.79,0,,,81768406
23.09,FSM Enemy 9,FSM,PatrolState,None,1.00,34.6,0,0.79,0,,,81768406
23.09,FSM Enemy 8,FSM,PatrolState,None,1.00,36.9,0,0.79,0,,,81768406
23.09,Utility Enemy 4,Utility,PatrolAction,None,1.00,72.1,0,0.79,0,0.120,0.000,81768406
23.09,Utility Enemy 7,Utility,PatrolAction,None,1.00,43.2,0,0.79,0,0.120,0.000,81768406
23.09,Utility Enemy 8,Utility,PatrolAction,None,1.00,72.6,0,0.79,0,0.120,0.000,81768406
23.09,Utility Enemy 14,Utility,PatrolAction,None,1.00,16.6,0,0.79,0,0.120,0.000,81768406
23.09,Utility Enemy 5,Utility,PatrolAction,None,1.00,66.9,0,0.79,0,0.120,0.000,81768406
23.09,Utility Enemy 6,Utility,PatrolAction,None,1.00,51.0,0,0.79,0,0.120,0.000,81768406
23.09,Utility Enemy 9,Utility,PatrolAction,None,1.00,52.8,0,0.79,0,0.120,0.000,81768406
23.09,Utility Enemy 2,Utility,PatrolAction,None,1.00,68.1,0,0.79,0,0.120,0.000,81768406
23.09,Utility Enemy 1,Utility,PatrolAction,None,1.00,68.5,0,0.79,0,0.120,0.000,81768406
23.09,Utility Enemy 13,Utility,PatrolAction,None,1.00,50.0,0,0.79,0,0.120,0.000,81768406
23.09,Utility Enemy 10,Utility,AttackAction,None,1.00,11.8,1,0.79,0,0.342,0.142,81768406
23.09,Utility Enemy 15,Utility,PatrolAction,None,1.00,66.8,0,0.79,0,0.120,0.000,81768406
23.09,Utility Enemy 11,Utility,Dead,None,0.00,24.1,0,0.79,0,0.189,0.136,81768406
23.09,Utility Enemy 3,Utility,PatrolAction,None,1.00,70.8,0,0.79,0,0.120,0.000,81768406
23.09,Utility Enemy 12,Utility,Dead,None,0.00,2.2,1,0.79,16,0.805,0.730,81768406
24.09,Player,Player,-,None,0.68,,0,0.68,,,,81768406
24.09,FSM Enemy 13,FSM,PatrolState,None,1.00,23.5,0,0.68,0,,,81768406
24.09,FSM Enemy 10,FSM,PatrolState,None,1.00,67.2,0,0.68,0,,,81768406
24.09,FSM Enemy 14,FSM,PatrolState,None,1.00,68.6,0,0.68,0,,,81768406
24.09,FSM Enemy 4,FSM,PatrolState,None,1.00,50.2,0,0.68,0,,,81768406
24.09,FSM Enemy 12,FSM,PatrolState,None,1.00,43.9,0,0.68,0,,,81768406
24.09,FSM Enemy 3,FSM,PatrolState,None,1.00,79.1,0,0.68,0,,,81768406
24.09,FSM Enemy 5,FSM,PatrolState,None,1.00,68.0,0,0.68,0,,,81768406
24.09,FSM Enemy 1,FSM,PatrolState,None,1.00,86.3,0,0.68,0,,,81768406
24.09,FSM Enemy 7,FSM,ChaseState,None,1.00,18.0,1,0.68,24,,,81768406
24.09,FSM Enemy 2,FSM,PatrolState,None,1.00,85.4,0,0.68,0,,,81768406
24.09,FSM Enemy 15,FSM,AttackState,None,0.50,17.7,1,0.68,0,,,81768406
24.09,FSM Enemy 6,FSM,PatrolState,None,1.00,23.7,0,0.68,0,,,81768406
24.09,FSM Enemy 11,FSM,PatrolState,None,1.00,52.5,0,0.68,0,,,81768406
24.09,FSM Enemy 9,FSM,PatrolState,None,1.00,38.7,0,0.68,0,,,81768406
24.09,FSM Enemy 8,FSM,PatrolState,None,1.00,43.0,0,0.68,0,,,81768406
24.09,Utility Enemy 4,Utility,PatrolAction,None,1.00,78.0,0,0.68,0,0.120,0.000,81768406
24.09,Utility Enemy 7,Utility,PatrolAction,None,1.00,50.7,0,0.68,0,0.120,0.000,81768406
24.09,Utility Enemy 8,Utility,PatrolAction,None,1.00,79.6,0,0.68,0,0.120,0.000,81768406
24.09,Utility Enemy 14,Utility,PatrolAction,None,1.00,20.5,0,0.68,0,0.120,0.000,81768406
24.09,Utility Enemy 5,Utility,PatrolAction,None,1.00,71.4,0,0.68,0,0.120,0.000,81768406
24.09,Utility Enemy 6,Utility,PatrolAction,None,1.00,52.5,0,0.68,0,0.120,0.000,81768406
24.09,Utility Enemy 9,Utility,PatrolAction,None,1.00,57.4,0,0.68,0,0.120,0.000,81768406
24.09,Utility Enemy 2,Utility,PatrolAction,None,1.00,69.1,0,0.68,0,0.120,0.000,81768406
24.09,Utility Enemy 1,Utility,PatrolAction,None,1.00,69.2,0,0.68,0,0.120,0.000,81768406
24.09,Utility Enemy 13,Utility,PatrolAction,None,1.00,48.7,0,0.68,0,0.120,0.000,81768406
24.09,Utility Enemy 10,Utility,AttackAction,None,1.00,8.6,1,0.68,8,0.504,0.125,81768406
24.09,Utility Enemy 15,Utility,PatrolAction,None,1.00,72.0,0,0.68,0,0.120,0.000,81768406
24.09,Utility Enemy 11,Utility,Dead,None,0.00,24.7,0,0.68,0,0.189,0.136,81768406
24.09,Utility Enemy 3,Utility,PatrolAction,None,1.00,76.1,0,0.68,0,0.120,0.000,81768406
24.09,Utility Enemy 12,Utility,Dead,None,0.00,3.2,0,0.68,16,0.805,0.730,81768406
25.10,Player,Player,-,None,0.63,,0,0.63,,,,81768406
25.10,FSM Enemy 13,FSM,PatrolState,None,1.00,23.9,0,0.63,0,,,81768406
25.10,FSM Enemy 10,FSM,PatrolState,None,1.00,65.5,0,0.63,0,,,81768406
25.10,FSM Enemy 14,FSM,PatrolState,None,1.00,69.2,0,0.63,0,,,81768406
25.10,FSM Enemy 4,FSM,PatrolState,None,1.00,52.6,0,0.63,0,,,81768406
25.10,FSM Enemy 12,FSM,PatrolState,None,1.00,46.2,0,0.63,0,,,81768406
25.10,FSM Enemy 3,FSM,PatrolState,None,1.00,82.0,0,0.63,0,,,81768406
25.10,FSM Enemy 5,FSM,PatrolState,None,1.00,66.7,0,0.63,0,,,81768406
25.10,FSM Enemy 1,FSM,PatrolState,None,1.00,88.6,0,0.63,0,,,81768406
25.10,FSM Enemy 7,FSM,AttackState,None,1.00,18.0,1,0.63,24,,,81768406
25.10,FSM Enemy 2,FSM,PatrolState,None,1.00,88.6,0,0.63,0,,,81768406
25.10,FSM Enemy 15,FSM,AttackState,None,0.50,18.0,1,0.63,0,,,81768406
25.10,FSM Enemy 6,FSM,PatrolState,None,1.00,22.8,0,0.63,0,,,81768406
25.10,FSM Enemy 11,FSM,PatrolState,None,1.00,51.6,0,0.63,0,,,81768406
25.10,FSM Enemy 9,FSM,PatrolState,None,1.00,38.2,0,0.63,0,,,81768406
25.10,FSM Enemy 8,FSM,PatrolState,None,1.00,44.8,0,0.63,0,,,81768406
25.10,Utility Enemy 4,Utility,PatrolAction,None,1.00,74.8,0,0.63,0,0.120,0.000,81768406
25.10,Utility Enemy 7,Utility,PatrolAction,None,1.00,49.2,0,0.63,0,0.120,0.000,81768406
25.10,Utility Enemy 8,Utility,PatrolAction,None,1.00,82.1,0,0.63,0,0.120,0.000,81768406
25.10,Utility Enemy 14,Utility,SpreadFireAction,None,1.00,19.0,1,0.63,0,0.132,0.125,81768406
25.10,Utility Enemy 5,Utility,PatrolAction,None,1.00,70.4,0,0.63,0,0.120,0.000,81768406
25.10,Utility Enemy 6,Utility,PatrolAction,None,1.00,53.1,0,0.63,0,0.120,0.000,81768406
25.10,Utility Enemy 9,Utility,PatrolAction,None,1.00,57.9,0,0.63,0,0.120,0.000,81768406
25.10,Utility Enemy 2,Utility,PatrolAction,None,1.00,72.4,0,0.63,0,0.120,0.000,81768406
25.10,Utility Enemy 1,Utility,PatrolAction,None,1.00,68.7,0,0.63,0,0.120,0.000,81768406
25.10,Utility Enemy 13,Utility,PatrolAction,None,1.00,44.6,0,0.63,0,0.120,0.000,81768406
25.10,Utility Enemy 10,Utility,Dead,None,0.00,8.2,1,0.63,16,0.544,0.504,81768406
25.10,Utility Enemy 15,Utility,PatrolAction,None,1.00,71.4,0,0.63,0,0.120,0.000,81768406
25.10,Utility Enemy 11,Utility,Dead,None,0.00,25.0,0,0.63,0,0.189,0.136,81768406
25.10,Utility Enemy 3,Utility,PatrolAction,None,1.00,73.3,0,0.63,0,0.120,0.000,81768406
25.10,Utility Enemy 12,Utility,Dead,None,0.00,4.0,0,0.63,16,0.805,0.730,81768406
26.10,Player,Player,-,None,0.57,,0,0.57,,,,81768406
26.10,FSM Enemy 13,FSM,PatrolState,None,1.00,28.1,0,0.57,0,,,81768406
26.10,FSM Enemy 10,FSM,PatrolState,None,1.00,62.2,0,0.57,0,,,81768406
26.10,FSM Enemy 14,FSM,PatrolState,None,1.00,67.6,0,0.57,0,,,81768406
26.10,FSM Enemy 4,FSM,PatrolState,None,1.00,50.9,0,0.57,0,,,81768406
26.10,FSM Enemy 12,FSM,PatrolState,None,1.00,42.4,0,0.57,0,,,81768406
26.10,FSM Enemy 3,FSM,PatrolState,None,1.00,84.5,0,0.57,0,,,81768406
26.10,FSM Enemy 5,FSM,PatrolState,None,1.00,69.2,0,0.57,0,,,81768406
26.10,FSM Enemy 1,FSM,PatrolState,None,1.00,92.2,0,0.57,0,,,81768406
26.10,FSM Enemy 7,FSM,ChaseState,None,1.00,18.4,1,0.57,24,,,81768406
26.10,FSM Enemy 2,FSM,PatrolState,None,1.00,89.2,0,0.57,0,,,81768406
26.10,FSM Enemy 15,FSM,AttackState,None,0.50,17.8,1,0.57,8,,,81768406
26.10,FSM Enemy 6,FSM,PatrolState,None,1.00,21.3,0,0.57,0,,,81768406
26.10,FSM Enemy 11,FSM,PatrolState,None,1.00,51.6,0,0.57,0,,,81768406
26.10,FSM Enemy 9,FSM,PatrolState,None,1.00,36.1,0,0.57,0,,,81768406
26.10,FSM Enemy 8,FSM,PatrolState,None,1.00,47.4,0,0.57,0,,,81768406
26.10,Utility Enemy 4,Utility,PatrolAction,None,1.00,78.1,0,0.57,0,0.120,0.000,81768406
26.10,Utility Enemy 7,Utility,PatrolAction,None,1.00,50.2,0,0.57,0,0.120,0.000,81768406
26.10,Utility Enemy 8,Utility,PatrolAction,None,1.00,84.6,0,0.57,0,0.120,0.000,81768406
26.10,Utility Enemy 14,Utility,SpreadFireAction,None,1.00,17.6,1,0.57,0,0.142,0.125,81768406
26.10,Utility Enemy 5,Utility,PatrolAction,None,1.00,76.8,0,0.57,0,0.120,0.000,81768406
26.10,Utility Enemy 6,Utility,PatrolAction,None,1.00,52.9,0,0.57,0,0.120,0.000,81768406
26.10,Utility Enemy 9,Utility,PatrolAction,None,1.00,56.8,0,0.57,0,0.120,0.000,81768406
26.10,Utility Enemy 2,Utility,PatrolAction,None,1.00,71.7,0,0.57,0,0.120,0.000,81768406
26.10,Utility Enemy 1,Utility,PatrolAction,None,1.00,70.1,0,0.57,0,0.120,0.000,81768406
26.10,Utility Enemy 13,Utility,PatrolAction,None,1.00,44.3,0,0.57,0,0.120,0.000,81768406
26.10,Utility Enemy 10,Utility,Dead,None,0.00,5.0,1,0.57,16,0.544,0.504,81768406
26.10,Utility Enemy 15,Utility,PatrolAction,None,1.00,71.1,0,0.57,0,0.120,0.000,81768406
26.10,Utility Enemy 11,Utility,PatrolAction,None,1.00,56.0,0,0.57,0,0.120,0.000,81768406
26.10,Utility Enemy 3,Utility,PatrolAction,None,1.00,67.2,0,0.57,0,0.120,0.000,81768406
26.10,Utility Enemy 12,Utility,Dead,None,0.00,5.3,0,0.57,16,0.805,0.730,81768406
27.10,Player,Player,-,None,0.57,,0,0.57,,,,81768406
27.10,FSM Enemy 13,FSM,PatrolState,None,1.00,33.2,0,0.57,0,,,81768406
27.10,FSM Enemy 10,FSM,PatrolState,None,1.00,60.7,0,0.57,0,,,81768406
27.10,FSM Enemy 14,FSM,PatrolState,None,1.00,67.3,0,0.57,0,,,81768406
27.10,FSM Enemy 4,FSM,PatrolState,None,1.00,49.6,0,0.57,0,,,81768406
27.10,FSM Enemy 12,FSM,PatrolState,None,1.00,37.3,0,0.57,0,,,81768406
27.10,FSM Enemy 3,FSM,PatrolState,None,1.00,88.2,0,0.57,0,,,81768406
27.10,FSM Enemy 5,FSM,PatrolState,None,1.00,73.6,0,0.57,0,,,81768406
27.10,FSM Enemy 1,FSM,PatrolState,None,1.00,98.0,0,0.57,0,,,81768406
27.10,FSM Enemy 7,FSM,ChaseState,None,1.00,18.9,1,0.57,24,,,81768406
27.10,FSM Enemy 2,FSM,PatrolState,None,1.00,91.1,0,0.57,0,,,81768406
27.10,FSM Enemy 15,FSM,ChaseState,None,0.50,19.1,1,0.57,8,,,81768406
27.10,FSM Enemy 6,FSM,Dead,None,0.00,18.7,0,0.57,0,,,81768406
27.10,FSM Enemy 11,FSM,PatrolState,None,1.00,54.1,0,0.57,0,,,81768406
27.10,FSM Enemy 9,FSM,PatrolState,None,1.00,35.6,0,0.57,0,,,81768406
27.10,FSM Enemy 8,FSM,PatrolState,None,1.00,52.2,0,0.57,0,,,81768406
27.10,Utility Enemy 4,Utility,PatrolAction,None,1.00,85.2,0,0.57,0,0.120,0.000,81768406
27.10,Utility Enemy 7,Utility,PatrolAction,None,1.00,48.6,0,0.57,0,0.120,0.000,81768406
27.10,Utility Enemy 8,Utility,PatrolAction,None,1.00,90.8,0,0.57,0,0.120,0.000,81768406
27.10,Utility Enemy 14,Utility,SpreadFireAction,None,1.00,18.4,1,0.57,0,0.148,0.125,81768406
27.10,Utility Enemy 5,Utility,PatrolAction,None,1.00,80.2,0,0.57,0,0.120,0.000,81768406
27.10,Utility Enemy 6,Utility,PatrolAction,None,1.00,52.1,0,0.57,0,0.120,0.000,81768406
27.10,Utility Enemy 9,Utility,PatrolAction,None,1.00,56.2,0,0.57,0,0.120,0.000,81768406
27.10,Utility Enemy 2,Utility,PatrolAction,None,1.00,76.3,0,0.57,0,0.120,0.000,81768406
27.10,Utility Enemy 1,Utility,PatrolAction,None,1.00,74.4,0,0.57,0,0.120,0.000,81768406
27.10,Utility Enemy 13,Utility,PatrolAction,None,1.00,49.3,0,0.57,0,0.120,0.000,81768406
27.10,Utility Enemy 10,Utility,Dead,None,0.00,0.5,1,0.57,16,0.544,0.504,81768406
27.10,Utility Enemy 15,Utility,PatrolAction,None,1.00,73.9,0,0.57,0,0.120,0.000,81768406
27.10,Utility Enemy 11,Utility,PatrolAction,None,1.00,54.3,0,0.57,0,0.120,0.000,81768406
27.10,Utility Enemy 3,Utility,PatrolAction,None,1.00,64.0,0,0.57,0,0.120,0.000,81768406
27.10,Utility Enemy 12,Utility,Dead,None,0.00,9.4,0,0.57,16,0.805,0.730,81768406
28.10,Player,Player,-,None,0.57,,0,0.57,,,,81768406
28.10,FSM Enemy 13,FSM,PatrolState,None,1.00,38.8,0,0.57,0,,,81768406
28.10,FSM Enemy 10,FSM,PatrolState,None,1.00,59.3,0,0.57,0,,,81768406
28.10,FSM Enemy 14,FSM,PatrolState,None,1.00,67.3,0,0.57,0,,,81768406
28.10,FSM Enemy 4,FSM,PatrolState,None,1.00,46.5,0,0.57,0,,,81768406
28.10,FSM Enemy 12,FSM,PatrolState,None,1.00,32.2,0,0.57,0,,,81768406
28.10,FSM Enemy 3,FSM,PatrolState,None,1.00,89.3,0,0.57,0,,,81768406
28.10,FSM Enemy 5,FSM,PatrolState,None,1.00,77.9,0,0.57,0,,,81768406
28.10,FSM Enemy 1,FSM,PatrolState,None,1.00,102.9,0,0.57,0,,,81768406
28.10,FSM Enemy 7,FSM,ChaseState,None,1.00,18.7,1,0.57,24,,,81768406
28.10,FSM Enemy 2,FSM,PatrolState,None,1.00,89.8,0,0.57,0,,,81768406
28.10,FSM Enemy 15,FSM,ChaseState,None,0.50,18.8,1,0.57,8,,,81768406
28.10,FSM Enemy 6,FSM,Dead,None,0.00,14.5,0,0.57,0,,,81768406
28.10,FSM Enemy 11,FSM,PatrolState,None,1.00,56.0,0,0.57,0,,,81768406
28.10,FSM Enemy 9,FSM,PatrolState,None,1.00,35.1,0,0.57,0,,,81768406
28.10,FSM Enemy 8,FSM,PatrolState,None,1.00,55.6,0,0.57,0,,,81768406
28.10,Utility Enemy 4,Utility,PatrolAction,None,1.00,92.0,0,0.57,0,0.120,0.000,81768406
28.10,Utility Enemy 7,Utility,PatrolAction,None,1.00,45.1,0,0.57,0,0.120,0.000,81768406
28.10,Utility Enemy 8,Utility,PatrolAction,None,1.00,94.6,0,0.57,0,0.120,0.000,81768406
28.10,Utility Enemy 14,Utility,ChaseAction,None,1.00,18.5,1,0.57,0,0.490,0.400,81768406
28.10,Utility Enemy 5,Utility,PatrolAction,None,1.00,80.8,0,0.57,0,0.120,0.000,81768406
28.10,Utility Enemy 6,Utility,PatrolAction,None,1.00,50.4,0,0.57,0,0.120,0.000,81768406
28.10,Utility Enemy 9,Utility,PatrolAction,None,1.00,54.8,0,0.57,0,0.120,0.000,81768406
28.10,Utility Enemy 2,Utility,PatrolAction,None,1.00,75.4,0,0.57,0,0.120,0.000,81768406
28.10,Utility Enemy 1,Utility,PatrolAction,None,1.00,77.5,0,0.57,0,0.120,0.000,81768406
28.10,Utility Enemy 13,Utility,PatrolAction,None,1.00,52.2,0,0.57,0,0.120,0.000,81768406
28.10,Utility Enemy 10,Utility,Dead,None,0.00,4.2,0,0.57,16,0.544,0.504,81768406
28.10,Utility Enemy 15,Utility,PatrolAction,None,1.00,78.0,0,0.57,0,0.120,0.000,81768406
28.10,Utility Enemy 11,Utility,PatrolAction,None,1.00,53.0,0,0.57,0,0.120,0.000,81768406
28.10,Utility Enemy 3,Utility,PatrolAction,None,1.00,62.8,0,0.57,0,0.120,0.000,81768406
28.10,Utility Enemy 12,Utility,Dead,None,0.00,13.5,0,0.57,16,0.805,0.730,81768406
29.10,Player,Player,-,None,0.47,,0,0.47,,,,81768406
29.10,FSM Enemy 13,FSM,PatrolState,None,1.00,42.0,0,0.47,0,,,81768406
29.10,FSM Enemy 10,FSM,PatrolState,None,1.00,56.8,0,0.47,0,,,81768406
29.10,FSM Enemy 14,FSM,PatrolState,None,1.00,67.8,0,0.47,0,,,81768406
29.10,FSM Enemy 4,FSM,PatrolState,None,1.00,44.3,0,0.47,0,,,81768406
29.10,FSM Enemy 12,FSM,PatrolState,None,1.00,28.9,0,0.47,0,,,81768406
29.10,FSM Enemy 3,FSM,PatrolState,None,1.00,88.4,0,0.47,0,,,81768406
29.10,FSM Enemy 5,FSM,PatrolState,None,1.00,79.2,0,0.47,0,,,81768406
29.10,FSM Enemy 1,FSM,PatrolState,None,1.00,101.4,0,0.47,0,,,81768406
29.10,FSM Enemy 7,FSM,ChaseState,None,1.00,18.4,1,0.47,24,,,81768406
29.10,FSM Enemy 2,FSM,PatrolState,None,1.00,87.1,0,0.47,0,,,81768406
29.10,FSM Enemy 15,FSM,ChaseState,None,0.50,18.4,1,0.47,24,,,81768406
29.10,FSM Enemy 6,FSM,Dead,None,0.00,13.4,0,0.47,0,,,81768406
29.10,FSM Enemy 11,FSM,PatrolState,None,1.00,54.8,0,0.47,0,,,81768406
29.10,FSM Enemy 9,FSM,PatrolState,None,1.00,32.6,0,0.47,0,,,81768406
29.10,FSM Enemy 8,FSM,PatrolState,None,1.00,54.4,0,0.47,0,,,81768406
29.10,Utility Enemy 4,Utility,PatrolAction,None,1.00,94.7,0,0.47,0,0.120,0.000,81768406
29.10,Utility Enemy 7,Utility,PatrolAction,None,1.00,44.1,0,0.47,0,0.120,0.000,81768406
29.10,Utility Enemy 8,Utility,PatrolAction,None,1.00,90.6,0,0.47,0,0.120,0.000,81768406
29.10,Utility Enemy 14,Utility,SpreadFireAction,None,1.00,17.4,1,0.47,0,0.159,0.125,81768406
29.10,Utility Enemy 5,Utility,PatrolAction,None,1.00,79.1,0,0.47,0,0.120,0.000,81768406
29.10,Utility Enemy 6,Utility,PatrolAction,None,1.00,49.3,0,0.47,0,0.120,0.000,81768406
29.10,Utility Enemy 9,Utility,PatrolAction,None,1.00,50.8,0,0.47,0,0.120,0.000,81768406
29.10,Utility Enemy 2,Utility,PatrolAction,None,1.00,73.2,0,0.47,0,0.120,0.000,81768406
29.10,Utility Enemy 1,Utility,PatrolAction,None,1.00,78.4,0,0.47,0,0.120,0.000,81768406
29.10,Utility Enemy 13,Utility,PatrolAction,None,1.00,51.0,0,0.47,0,0.120,0.000,81768406
29.10,Utility Enemy 10,Utility,Dead,None,0.00,5.1,0,0.47,16,0.544,0.504,81768406
29.10,Utility Enemy 15,Utility,PatrolAction,None,1.00,79.4,0,0.47,0,0.120,0.000,81768406
29.10,Utility Enemy 11,Utility,PatrolAction,None,1.00,54.4,0,0.47,0,0.120,0.000,81768406
29.10,Utility Enemy 3,Utility,PatrolAction,None,1.00,64.4,0,0.47,0,0.120,0.000,81768406
29.10,Utility Enemy 12,Utility,Dead,None,0.00,14.3,0,0.47,16,0.805,0.730,81768406
30.11,Player,Player,-,None,0.47,,0,0.47,,,,81768406
30.11,FSM Enemy 13,FSM,PatrolState,None,1.00,45.7,0,0.47,0,,,81768406
30.11,FSM Enemy 10,FSM,PatrolState,None,1.00,56.3,0,0.47,0,,,81768406
30.11,FSM Enemy 14,FSM,PatrolState,None,1.00,67.7,0,0.47,0,,,81768406
30.11,FSM Enemy 4,FSM,PatrolState,None,1.00,42.3,0,0.47,0,,,81768406
30.11,FSM Enemy 12,FSM,PatrolState,None,1.00,25.7,0,0.47,0,,,81768406
30.11,FSM Enemy 3,FSM,PatrolState,None,1.00,88.3,0,0.47,0,,,81768406
30.11,FSM Enemy 5,FSM,PatrolState,None,1.00,81.0,0,0.47,0,,,81768406
30.11,FSM Enemy 1,FSM,PatrolState,None,1.00,100.4,0,0.47,0,,,81768406
30.11,FSM Enemy 7,FSM,Dead,None,0.00,17.3,1,0.47,24,,,81768406
30.11,FSM Enemy 2,FSM,PatrolState,None,1.00,84.9,0,0.47,0,,,81768406
30.11,FSM Enemy 15,FSM,AttackState,None,0.50,17.0,1,0.47,24,,,81768406
30.11,FSM Enemy 6,FSM,Dead,None,0.00,12.0,0,0.47,0,,,81768406
30.11,FSM Enemy 11,FSM,PatrolState,None,1.00,54.3,0,0.47,0,,,81768406
30.11,FSM Enemy 9,FSM,PatrolState,None,1.00,30.7,0,0.47,0,,,81768406
30.11,FSM Enemy 8,FSM,PatrolState,None,1.00,53.7,0,0.47,0,,,81768406
30.11,Utility Enemy 4,Utility,PatrolAction,None,1.00,91.5,0,0.47,0,0.120,0.000,81768406
30.11,Utility Enemy 7,Utility,PatrolAction,None,1.00,46.9,0,0.47,0,0.120,0.000,81768406
30.11,Utility Enemy 8,Utility,PatrolAction,None,1.00,87.2,0,0.47,0,0.120,0.000,81768406
30.11,Utility Enemy 14,Utility,SpreadFireAction,None,1.00,18.0,1,0.47,0,0.140,0.125,81768406
30.11,Utility Enemy 5,Utility,PatrolAction,None,1.00,77.6,0,0.47,0,0.120,0.000,81768406
30.11,Utility Enemy 6,Utility,PatrolAction,None,1.00,50.1,0,0.47,0,0.120,0.000,81768406
30.11,Utility Enemy 9,Utility,PatrolAction,None,1.00,48.5,0,0.47,0,0.120,0.000,81768406
30.11,Utility Enemy 2,Utility,PatrolAction,None,1.00,75.2,0,0.47,0,0.120,0.000,81768406
30.11,Utility Enemy 1,Utility,PatrolAction,None,1.00,78.2,0,0.47,0,0.120,0.000,81768406
30.11,Utility Enemy 13,Utility,PatrolAction,None,1.00,50.6,0,0.47,0,0.120,0.000,81768406
30.11,Utility Enemy 10,Utility,Dead,None,0.00,6.4,0,0.47,16,0.544,0.504,81768406
30.11,Utility Enemy 15,Utility,PatrolAction,None,1.00,80.7,0,0.47,0,0.120,0.000,81768406
30.11,Utility Enemy 11,Utility,PatrolAction,None,1.00,57.8,0,0.47,0,0.120,0.000,81768406
30.11,Utility Enemy 3,Utility,PatrolAction,None,1.00,67.0,0,0.47,0,0.120,0.000,81768406
30.11,Utility Enemy 12,Utility,Dead,None,0.00,15.7,0,0.47,16,0.805,0.730,81768406
31.11,Player,Player,-,None,0.47,,0,0.47,,,,81768406
31.11,FSM Enemy 13,FSM,PatrolState,None,1.00,47.9,0,0.47,0,,,81768406
31.11,FSM Enemy 10,FSM,PatrolState,None,1.00,55.8,0,0.47,0,,,81768406
31.11,FSM Enemy 14,FSM,PatrolState,None,1.00,66.5,0,0.47,0,,,81768406
31.11,FSM Enemy 4,FSM,PatrolState,None,1.00,41.1,0,0.47,0,,,81768406
31.11,FSM Enemy 12,FSM,PatrolState,None,1.00,24.8,0,0.47,0,,,81768406
31.11,FSM Enemy 3,FSM,PatrolState,None,1.00,86.8,0,0.47,0,,,81768406
31.11,FSM Enemy 5,FSM,PatrolState,None,1.00,81.7,0,0.47,0,,,81768406
31.11,FSM Enemy 1,FSM,PatrolState,None,1.00,97.6,0,0.47,0,,,81768406
31.11,FSM Enemy 7,FSM,Dead,None,0.00,17.2,1,0.47,24,,,81768406
31.11,FSM Enemy 2,FSM,PatrolState,None,1.00,81.7,0,0.47,0,,,81768406
31.11,FSM Enemy 15,FSM,Dead,None,0.00,16.7,1,0.47,24,,,81768406
31.11,FSM Enemy 6,FSM,Dead,None,0.00,12.2,0,0.47,0,,,81768406
31.11,FSM Enemy 11,FSM,PatrolState,None,1.00,52.4,0,0.47,0,,,81768406
31.11,FSM Enemy 9,FSM,PatrolState,None,1.00,28.9,0,0.47,0,,,81768406
31.11,FSM Enemy 8,FSM,PatrolState,None,1.00,51.4,0,0.47,0,,,81768406
31.11,Utility Enemy 4,Utility,PatrolAction,None,1.00,87.2,0,0.47,0,0.120,0.000,81768406
31.11,Utility Enemy 7,Utility,PatrolAction,None,1.00,48.8,0,0.47,0,0.120,0.000,81768406
31.11,Utility Enemy 8,Utility,PatrolAction,None,1.00,86.0,0,0.47,0,0.120,0.000,81768406
31.11,Utility Enemy 14,Utility,SpreadFireAction,None,1.00,17.2,1,0.47,0,0.152,0.125,81768406
31.11,Utility Enemy 5,Utility,PatrolAction,None,1.00,72.7,0,0.47,0,0.120,0.000,81768406
31.11,Utility Enemy 6,Utility,PatrolAction,None,1.00,52.4,0,0.47,0,0.120,0.000,81768406
31.11,Utility Enemy 9,Utility,PatrolAction,None,1.00,47.5,0,0.47,0,0.120,0.000,81768406
31.11,Utility Enemy 2,Utility,PatrolAction,None,1.00,78.9,0,0.47,0,0.120,0.000,81768406
31.11,Utility Enemy 1,Utility,PatrolAction,None,1.00,75.4,0,0.47,0,0.120,0.000,81768406
31.11,Utility Enemy 13,Utility,PatrolAction,None,1.00,49.2,0,0.47,0,0.120,0.000,81768406
31.11,Utility Enemy 10,Utility,Dead,None,0.00,6.4,0,0.47,16,0.544,0.504,81768406
31.11,Utility Enemy 15,Utility,PatrolAction,None,1.00,78.4,0,0.47,0,0.120,0.000,81768406
31.11,Utility Enemy 11,Utility,PatrolAction,None,1.00,60.8,0,0.47,0,0.120,0.000,81768406
31.11,Utility Enemy 3,Utility,PatrolAction,None,1.00,67.8,0,0.47,0,0.120,0.000,81768406
31.11,Utility Enemy 12,Utility,Dead,None,0.00,15.4,0,0.47,16,0.805,0.730,81768406
32.11,Player,Player,-,None,0.47,,0,0.47,,,,81768406
32.11,FSM Enemy 13,FSM,PatrolState,None,1.00,49.7,0,0.47,0,,,81768406
32.11,FSM Enemy 10,FSM,PatrolState,None,1.00,56.8,0,0.47,0,,,81768406
32.11,FSM Enemy 14,FSM,PatrolState,None,1.00,64.8,0,0.47,0,,,81768406
32.11,FSM Enemy 4,FSM,PatrolState,None,1.00,39.9,0,0.47,0,,,81768406
32.11,FSM Enemy 12,FSM,PatrolState,None,1.00,25.8,0,0.47,0,,,81768406
32.11,FSM Enemy 3,FSM,PatrolState,None,1.00,83.5,0,0.47,0,,,81768406
32.11,FSM Enemy 5,FSM,PatrolState,None,1.00,82.1,0,0.47,0,,,81768406
32.11,FSM Enemy 1,FSM,PatrolState,None,1.00,93.8,0,0.47,0,,,81768406
32.11,FSM Enemy 7,FSM,Dead,None,0.00,16.8,1,0.47,24,,,81768406
32.11,FSM Enemy 2,FSM,PatrolState,None,1.00,78.0,0,0.47,0,,,81768406
32.11,FSM Enemy 15,FSM,Dead,None,0.00,16.0,1,0.47,24,,,81768406
32.11,FSM Enemy 6,FSM,Dead,None,0.00,13.0,0,0.47,0,,,81768406
32.11,FSM Enemy 11,FSM,PatrolState,None,1.00,49.7,0,0.47,0,,,81768406
32.11,FSM Enemy 9,FSM,PatrolState,None,1.00,30.0,0,0.47,0,,,81768406
32.11,FSM Enemy 8,FSM,PatrolState,None,1.00,48.5,0,0.47,0,,,81768406
32.11,Utility Enemy 4,Utility,PatrolAction,None,1.00,83.1,0,0.47,0,0.120,0.000,81768406
32.11,Utility Enemy 7,Utility,PatrolAction,None,1.00,50.0,0,0.47,0,0.120,0.000,81768406
32.11,Utility Enemy 8,Utility,PatrolAction,None,1.00,88.2,0,0.47,0,0.120,0.000,81768406
32.11,Utility Enemy 14,Utility,SpreadFireAction,None,1.00,15.9,1,0.47,0,0.164,0.125,81768406
32.11,Utility Enemy 5,Utility,PatrolAction,None,1.00,73.3,0,0.47,0,0.120,0.000,81768406
32.11,Utility Enemy 6,Utility,PatrolAction,None,1.00,54.3,0,0.47,0,0.120,0.000,81768406
32.11,Utility Enemy 9,Utility,PatrolAction,None,1.00,47.9,0,0.47,0,0.120,0.000,81768406
32.11,Utility Enemy 2,Utility,PatrolAction,None,1.00,80.9,0,0.47,0,0.120,0.000,81768406
32.11,Utility Enemy 1,Utility,PatrolAction,None,1.00,72.1,0,0.47,0,0.120,0.000,81768406
32.11,Utility Enemy 13,Utility,PatrolAction,None,1.00,48.6,0,0.47,0,0.120,0.000,81768406
32.11,Utility Enemy 10,Utility,Dead,None,0.00,6.4,0,0.47,16,0.544,0.504,81768406
32.11,Utility Enemy 15,Utility,PatrolAction,None,1.00,75.8,0,0.47,0,0.120,0.000,81768406
32.11,Utility Enemy 11,Utility,PatrolAction,None,1.00,58.5,0,0.47,0,0.120,0.000,81768406
32.11,Utility Enemy 3,Utility,PatrolAction,None,1.00,63.1,0,0.47,0,0.120,0.000,81768406
32.11,Utility Enemy 12,Utility,Dead,None,0.00,14.7,0,0.47,16,0.805,0.730,81768406
33.11,Player,Player,-,None,0.47,,0,0.47,,,,81768406
33.11,FSM Enemy 13,FSM,PatrolState,None,1.00,54.7,0,0.47,0,,,81768406
33.11,FSM Enemy 10,FSM,PatrolState,None,1.00,57.5,0,0.47,0,,,81768406
33.11,FSM Enemy 14,FSM,PatrolState,None,1.00,62.1,0,0.47,0,,,81768406
33.11,FSM Enemy 4,FSM,PatrolState,None,1.00,36.2,0,0.47,0,,,81768406
33.11,FSM Enemy 12,FSM,PatrolState,None,0.75,23.4,0,0.47,0,,,81768406
33.11,FSM Enemy 3,FSM,PatrolState,None,1.00,80.5,0,0.47,0,,,81768406
33.11,FSM Enemy 5,FSM,PatrolState,None,1.00,84.8,0,0.47,0,,,81768406
33.11,FSM Enemy 1,FSM,PatrolState,None,1.00,92.0,0,0.47,0,,,81768406
33.11,FSM Enemy 7,FSM,Dead,None,0.00,19.6,1,0.47,24,,,81768406
33.11,FSM Enemy 2,FSM,PatrolState,None,1.00,73.6,0,0.47,0,,,81768406
33.11,FSM Enemy 15,FSM,Dead,None,0.00,18.3,1,0.47,24,,,81768406
33.11,FSM Enemy 6,FSM,Dead,None,0.00,11.5,0,0.47,0,,,81768406
33.11,FSM Enemy 11,FSM,PatrolState,None,1.00,49.3,0,0.47,0,,,81768406
33.11,FSM Enemy 9,FSM,PatrolState,None,1.00,31.7,0,0.47,0,,,81768406
33.11,FSM Enemy 8,FSM,PatrolState,None,1.00,46.7,0,0.47,0,,,81768406
33.11,Utility Enemy 4,Utility,PatrolAction,None,1.00,79.7,0,0.47,0,0.120,0.000,81768406
33.11,Utility Enemy 7,Utility,PatrolAction,None,1.00,48.3,0,0.47,0,0.120,0.000,81768406
33.11,Utility Enemy 8,Utility,PatrolAction,None,1.00,85.4,0,0.47,0,0.120,0.000,81768406
33.11,Utility Enemy 14,Utility,ChaseAction,None,1.00,14.4,0,0.47,0,0.490,0.400,81768406
33.11,Utility Enemy 5,Utility,PatrolAction,None,1.00,77.3,0,0.47,0,0.120,0.000,81768406
33.11,Utility Enemy 6,Utility,PatrolAction,None,1.00,53.8,0,0.47,0,0.120,0.000,81768406
33.11,Utility Enemy 9,Utility,PatrolAction,None,1.00,48.0,0,0.47,0,0.120,0.000,81768406
33.11,Utility Enemy 2,Utility,PatrolAction,None,1.00,81.0,0,0.47,0,0.120,0.000,81768406
33.11,Utility Enemy 1,Utility,PatrolAction,None,1.00,74.3,0,0.47,0,0.120,0.000,81768406
33.11,Utility Enemy 13,Utility,PatrolAction,None,1.00,54.1,0,0.47,0,0.120,0.000,81768406
33.11,Utility Enemy 10,Utility,Dead,None,0.00,9.6,0,0.47,16,0.544,0.504,81768406
33.11,Utility Enemy 15,Utility,PatrolAction,None,1.00,75.6,0,0.47,0,0.120,0.000,81768406
33.11,Utility Enemy 11,Utility,PatrolAction,None,1.00,52.9,0,0.47,0,0.120,0.000,81768406
33.11,Utility Enemy 3,Utility,PatrolAction,None,1.00,58.6,0,0.47,0,0.120,0.000,81768406
33.11,Utility Enemy 12,Utility,Dead,None,0.00,16.9,0,0.47,16,0.805,0.730,81768406
34.12,Player,Player,-,None,0.47,,0,0.47,,,,81768406
34.12,FSM Enemy 13,FSM,PatrolState,None,1.00,60.1,0,0.47,0,,,81768406
34.12,FSM Enemy 10,FSM,PatrolState,None,1.00,61.2,0,0.47,0,,,81768406
34.12,FSM Enemy 14,FSM,PatrolState,None,1.00,61.6,0,0.47,0,,,81768406
34.12,FSM Enemy 4,FSM,PatrolState,None,1.00,34.9,0,0.47,0,,,81768406
34.12,FSM Enemy 12,FSM,ChaseState,None,0.50,18.6,1,0.47,0,,,81768406
34.12,FSM Enemy 3,FSM,PatrolState,None,1.00,80.8,0,0.47,0,,,81768406
34.12,FSM Enemy 5,FSM,PatrolState,None,1.00,89.3,0,0.47,0,,,81768406
34.12,FSM Enemy 1,FSM,PatrolState,None,1.00,92.8,0,0.47,0,,,81768406
34.12,FSM Enemy 7,FSM,Dead,None,0.00,22.8,0,0.47,24,,,81768406
34.12,FSM Enemy 2,FSM,PatrolState,None,1.00,76.3,0,0.47,0,,,81768406
34.12,FSM Enemy 15,FSM,Dead,None,0.00,21.6,0,0.47,24,,,81768406
34.12,FSM Enemy 6,FSM,Dead,None,0.00,8.5,0,0.47,0,,,81768406
34.12,FSM Enemy 11,FSM,PatrolState,None,1.00,51.2,0,0.47,0,,,81768406
34.12,FSM Enemy 9,FSM,PatrolState,None,1.00,36.4,0,0.47,0,,,81768406
34.12,FSM Enemy 8,FSM,PatrolState,None,1.00,47.9,0,0.47,0,,,81768406
34.12,Utility Enemy 4,Utility,PatrolAction,None,1.00,80.1,0,0.47,0,0.120,0.000,81768406
34.12,Utility Enemy 7,Utility,PatrolAction,None,1.00,49.0,0,0.47,0,0.120,0.000,81768406
34.12,Utility Enemy 8,Utility,PatrolAction,None,1.00,84.8,0,0.47,0,0.120,0.000,81768406
34.12,Utility Enemy 14,Utility,ChaseAction,None,1.00,12.8,1,0.47,0,0.490,0.400,81768406
34.12,Utility Enemy 5,Utility,PatrolAction,None,1.00,77.5,0,0.47,0,0.120,0.000,81768406
34.12,Utility Enemy 6,Utility,PatrolAction,None,1.00,50.5,0,0.47,0,0.120,0.000,81768406
34.12,Utility Enemy 9,Utility,PatrolAction,None,1.00,48.2,0,0.47,0,0.120,0.000,81768406
34.12,Utility Enemy 2,Utility,PatrolAction,None,1.00,84.1,0,0.47,0,0.120,0.000,81768406
34.12,Utility Enemy 1,Utility,PatrolAction,None,1.00,79.6,0,0.47,0,0.120,0.000,81768406
34.12,Utility Enemy 13,Utility,PatrolAction,None,1.00,59.9,0,0.47,0,0.120,0.000,81768406
34.12,Utility Enemy 10,Utility,Dead,None,0.00,12.4,0,0.47,16,0.544,0.504,81768406
34.12,Utility Enemy 15,Utility,PatrolAction,None,1.00,78.0,0,0.47,0,0.120,0.000,81768406
34.12,Utility Enemy 11,Utility,PatrolAction,None,1.00,50.7,0,0.47,0,0.120,0.000,81768406
34.12,Utility Enemy 3,Utility,PatrolAction,None,1.00,63.1,0,0.47,0,0.120,0.000,81768406
34.12,Utility Enemy 12,Utility,Dead,None,0.00,20.2,0,0.47,16,0.805,0.730,81768406
35.12,Player,Player,-,None,0.41,,0,0.41,,,,81768406
35.12,FSM Enemy 13,FSM,PatrolState,None,1.00,61.7,0,0.41,0,,,81768406
35.12,FSM Enemy 10,FSM,PatrolState,None,1.00,62.2,0,0.41,0,,,81768406
35.12,FSM Enemy 14,FSM,PatrolState,None,1.00,59.5,0,0.41,0,,,81768406
35.12,FSM Enemy 4,FSM,PatrolState,None,1.00,35.7,0,0.41,0,,,81768406
35.12,FSM Enemy 12,FSM,TakeCoverState,None,0.25,17.9,0,0.41,0,,,81768406
35.12,FSM Enemy 3,FSM,PatrolState,None,1.00,76.9,0,0.41,0,,,81768406
35.12,FSM Enemy 5,FSM,PatrolState,None,1.00,88.4,0,0.41,0,,,81768406
35.12,FSM Enemy 1,FSM,PatrolState,None,1.00,93.5,0,0.41,0,,,81768406
35.12,FSM Enemy 7,FSM,Dead,None,0.00,22.6,0,0.41,24,,,81768406
35.12,FSM Enemy 2,FSM,PatrolState,None,1.00,77.3,0,0.41,0,,,81768406
35.12,FSM Enemy 15,FSM,Dead,None,0.00,21.2,0,0.41,24,,,81768406
35.12,FSM Enemy 6,FSM,Dead,None,0.00,9.8,0,0.41,0,,,81768406
35.12,FSM Enemy 11,FSM,PatrolState,None,1.00,49.2,0,0.41,0,,,81768406
35.12,FSM Enemy 9,FSM,PatrolState,None,1.00,37.5,0,0.41,0,,,81768406
35.12,FSM Enemy 8,FSM,PatrolState,None,1.00,48.2,0,0.41,0,,,81768406
35.12,Utility Enemy 4,Utility,PatrolAction,None,1.00,80.9,0,0.41,0,0.120,0.000,81768406
35.12,Utility Enemy 7,Utility,PatrolAction,None,1.00,51.4,0,0.41,0,0.120,0.000,81768406
35.12,Utility Enemy 8,Utility,PatrolAction,None,1.00,85.3,0,0.41,0,0.120,0.000,81768406
35.12,Utility Enemy 14,Utility,AttackAction,None,1.00,10.5,1,0.41,8,0.408,0.128,81768406
35.12,Utility Enemy 5,Utility,PatrolAction,None,1.00,72.2,0,0.41,0,0.120,0.000,81768406
35.12,Utility Enemy 6,Utility,PatrolAction,None,1.00,44.6,0,0.41,0,0.120,0.000,81768406
35.12,Utility Enemy 9,Utility,PatrolAction,None,1.00,45.9,0,0.41,0,0.120,0.000,81768406
35.12,Utility Enemy 2,Utility,PatrolAction,None,1.00,86.0,0,0.41,0,0.120,0.000,81768406
35.12,Utility Enemy 1,Utility,PatrolAction,None,1.00,81.9,0,0.41,0,0.120,0.000,81768406
35.12,Utility Enemy 13,Utility,PatrolAction,None,1.00,55.9,0,0.41,0,0.120,0.000,81768406
35.12,Utility Enemy 10,Utility,Dead,None,0.00,12.6,0,0.41,16,0.544,0.504,81768406
35.12,Utility Enemy 15,Utility,PatrolAction,None,1.00,74.5,0,0.41,0,0.120,0.000,81768406
35.12,Utility Enemy 11,Utility,PatrolAction,None,1.00,46.6,0,0.41,0,0.120,0.000,81768406
35.12,Utility Enemy 3,Utility,PatrolAction,None,1.00,64.8,0,0.41,0,0.120,0.000,81768406
35.12,Utility Enemy 12,Utility,Dead,None,0.00,19.8,0,0.41,16,0.805,0.730,81768406
36.12,Player,Player,-,None,0.41,,0,0.41,,,,81768406
36.12,FSM Enemy 13,FSM,PatrolState,None,1.00,63.5,0,0.41,0,,,81768406
36.12,FSM Enemy 10,FSM,PatrolState,None,1.00,64.3,0,0.41,0,,,81768406
36.12,FSM Enemy 14,FSM,PatrolState,None,1.00,58.5,0,0.41,0,,,81768406
36.12,FSM Enemy 4,FSM,PatrolState,None,1.00,36.2,0,0.41,0,,,81768406
36.12,FSM Enemy 12,FSM,Dead,None,0.00,20.3,0,0.41,0,,,81768406
36.12,FSM Enemy 3,FSM,PatrolState,None,1.00,74.1,0,0.41,0,,,81768406
36.12,FSM Enemy 5,FSM,PatrolState,None,1.00,86.4,0,0.41,0,,,81768406
36.12,FSM Enemy 1,FSM,PatrolState,None,1.00,95.4,0,0.41,0,,,81768406
36.12,FSM Enemy 7,FSM,Dead,None,0.00,22.4,0,0.41,24,,,81768406
36.12,FSM Enemy 2,FSM,PatrolState,None,1.00,79.3,0,0.41,0,,,81768406
36.12,FSM Enemy 15,FSM,Dead,None,0.00,21.0,0,0.41,24,,,81768406
36.12,FSM Enemy 6,FSM,Dead,None,0.00,10.1,0,0.41,0,,,81768406
36.12,FSM Enemy 11,FSM,PatrolState,None,1.00,47.9,0,0.41,0,,,81768406
36.12,FSM Enemy 9,FSM,PatrolState,None,1.00,39.7,0,0.41,0,,,81768406
36.12,FSM Enemy 8,FSM,PatrolState,None,1.00,45.8,0,0.41,0,,,81768406
36.12,Utility Enemy 4,Utility,PatrolAction,None,1.00,83.6,0,0.41,0,0.120,0.000,81768406
36.12,Utility Enemy 7,Utility,PatrolAction,None,1.00,54.5,0,0.41,0,0.120,0.000,81768406
36.12,Utility Enemy 8,Utility,PatrolAction,None,1.00,85.3,0,0.41,0,0.120,0.000,81768406
36.12,Utility Enemy 14,Utility,AttackAction,None,1.00,10.2,1,0.41,8,0.433,0.125,81768406
36.12,Utility Enemy 5,Utility,PatrolAction,None,1.00,67.7,0,0.41,0,0.120,0.000,81768406
36.12,Utility Enemy 6,Utility,PatrolAction,None,1.00,46.0,0,0.41,0,0.120,0.000,81768406
36.12,Utility Enemy 9,Utility,PatrolAction,None,1.00,47.7,0,0.41,0,0.120,0.000,81768406
36.12,Utility Enemy 2,Utility,PatrolAction,None,1.00,87.0,0,0.41,0,0.120,0.000,81768406
36.12,Utility Enemy 1,Utility,PatrolAction,None,1.00,83.0,0,0.41,0,0.120,0.000,81768406
36.12,Utility Enemy 13,Utility,PatrolAction,None,1.00,54.4,0,0.41,0,0.120,0.000,81768406
36.12,Utility Enemy 10,Utility,Dead,None,0.00,12.5,0,0.41,16,0.544,0.504,81768406
36.12,Utility Enemy 15,Utility,PatrolAction,None,1.00,71.6,0,0.41,0,0.120,0.000,81768406
36.12,Utility Enemy 11,Utility,PatrolAction,None,1.00,43.0,0,0.41,0,0.120,0.000,81768406
36.12,Utility Enemy 3,Utility,PatrolAction,None,1.00,64.0,0,0.41,0,0.120,0.000,81768406
36.12,Utility Enemy 12,Utility,Dead,None,0.00,19.6,0,0.41,16,0.805,0.730,81768406
37.13,Player,Player,-,None,0.41,,0,0.41,,,,81768406
37.13,FSM Enemy 13,FSM,PatrolState,None,1.00,66.7,0,0.41,0,,,81768406
37.13,FSM Enemy 10,FSM,PatrolState,None,1.00,60.6,0,0.41,0,,,81768406
37.13,FSM Enemy 14,FSM,PatrolState,None,1.00,54.9,0,0.41,0,,,81768406
37.13,FSM Enemy 4,FSM,PatrolState,None,1.00,31.9,0,0.41,0,,,81768406
37.13,FSM Enemy 12,FSM,Dead,None,0.00,18.1,0,0.41,0,,,81768406
37.13,FSM Enemy 3,FSM,PatrolState,None,1.00,71.0,0,0.41,0,,,81768406
37.13,FSM Enemy 5,FSM,PatrolState,None,1.00,84.7,0,0.41,0,,,81768406
37.13,FSM Enemy 1,FSM,PatrolState,None,1.00,96.8,0,0.41,0,,,81768406
37.13,FSM Enemy 7,FSM,Dead,None,0.00,24.2,0,0.41,24,,,81768406
37.13,FSM Enemy 2,FSM,PatrolState,None,1.00,78.6,0,0.41,0,,,81768406
37.13,FSM Enemy 15,FSM,Dead,None,0.00,22.3,0,0.41,24,,,81768406
37.13,FSM Enemy 6,FSM,Dead,None,0.00,11.5,0,0.41,0,,,81768406
37.13,FSM Enemy 11,FSM,PatrolState,None,1.00,47.6,0,0.41,0,,,81768406
37.13,FSM Enemy 9,FSM,PatrolState,None,1.00,37.9,0,0.41,0,,,81768406
37.13,FSM Enemy 8,FSM,PatrolState,None,1.00,44.2,0,0.41,0,,,81768406
37.13,Utility Enemy 4,Utility,PatrolAction,None,1.00,86.6,0,0.41,0,0.120,0.000,81768406
37.13,Utility Enemy 7,Utility,PatrolAction,None,1.00,48.3,0,0.41,0,0.120,0.000,81768406
37.13,Utility Enemy 8,Utility,PatrolAction,None,1.00,80.8,0,0.41,0,0.120,0.000,81768406
37.13,Utility Enemy 14,Utility,AttackAction,None,1.00,10.4,1,0.41,8,0.420,0.125,81768406
37.13,Utility Enemy 5,Utility,PatrolAction,None,1.00,65.9,0,0.41,0,0.120,0.000,81768406
37.13,Utility Enemy 6,Utility,PatrolAction,None,1.00,48.0,0,0.41,0,0.120,0.000,81768406
37.13,Utility Enemy 9,Utility,PatrolAction,None,1.00,48.8,0,0.41,0,0.120,0.000,81768406
37.13,Utility Enemy 2,Utility,PatrolAction,None,1.00,84.8,0,0.41,0,0.120,0.000,81768406
37.13,Utility Enemy 1,Utility,PatrolAction,None,1.00,79.3,0,0.41,0,0.120,0.000,81768406
37.13,Utility Enemy 13,Utility,PatrolAction,None,1.00,57.1,0,0.41,0,0.120,0.000,81768406
37.13,Utility Enemy 10,Utility,Dead,None,0.00,14.8,0,0.41,16,0.544,0.504,81768406
37.13,Utility Enemy 15,Utility,PatrolAction,None,1.00,71.7,0,0.41,0,0.120,0.000,81768406
37.13,Utility Enemy 11,Utility,PatrolAction,None,1.00,35.9,0,0.41,0,0.120,0.000,81768406
37.13,Utility Enemy 3,Utility,PatrolAction,None,1.00,63.4,0,0.41,0,0.120,0.000,81768406
37.13,Utility Enemy 12,Utility,Dead,None,0.00,21.0,0,0.41,16,0.805,0.730,81768406
38.13,Player,Player,-,None,0.41,,0,0.41,,,,81768406
38.13,FSM Enemy 13,FSM,PatrolState,None,1.00,71.6,0,0.41,0,,,81768406
38.13,FSM Enemy 10,FSM,PatrolState,None,1.00,56.6,0,0.41,0,,,81768406
38.13,FSM Enemy 14,FSM,PatrolState,None,1.00,50.6,0,0.41,0,,,81768406
38.13,FSM Enemy 4,FSM,PatrolState,None,1.00,26.4,0,0.41,0,,,81768406
38.13,FSM Enemy 12,FSM,Dead,None,0.00,14.1,0,0.41,0,,,81768406
38.13,FSM Enemy 3,FSM,PatrolState,None,1.00,70.9,0,0.41,0,,,81768406
38.13,FSM Enemy 5,FSM,PatrolState,None,1.00,84.8,0,0.41,0,,,81768406
38.13,FSM Enemy 1,FSM,PatrolState,None,1.00,99.4,0,0.41,0,,,81768406
38.13,FSM Enemy 7,FSM,Dead,None,0.00,27.8,0,0.41,24,,,81768406
38.13,FSM Enemy 2,FSM,PatrolState,None,1.00,77.5,0,0.41,0,,,81768406
38.13,FSM Enemy 15,FSM,Dead,None,0.00,25.7,0,0.41,24,,,81768406
38.13,FSM Enemy 6,FSM,Dead,None,0.00,13.1,0,0.41,0,,,81768406
38.13,FSM Enemy 11,FSM,PatrolState,None,1.00,49.5,0,0.41,0,,,81768406
38.13,FSM Enemy 9,FSM,PatrolState,None,1.00,35.2,0,0.41,0,,,81768406
38.13,FSM Enemy 8,FSM,PatrolState,None,1.00,45.0,0,0.41,0,,,81768406
38.13,Utility Enemy 4,Utility,PatrolAction,None,1.00,88.8,0,0.41,0,0.120,0.000,81768406
38.13,Utility Enemy 7,Utility,PatrolAction,None,1.00,43.2,0,0.41,0,0.120,0.000,81768406
38.13,Utility Enemy 8,Utility,PatrolAction,None,1.00,77.1,0,0.41,0,0.120,0.000,81768406
38.13,Utility Enemy 14,Utility,AttackAction,None,1.00,13.0,0,0.41,8,0.296,0.152,81768406
38.13,Utility Enemy 5,Utility,PatrolAction,None,1.00,69.6,0,0.41,0,0.120,0.000,81768406
38.13,Utility Enemy 6,Utility,PatrolAction,None,1.00,48.3,0,0.41,0,0.120,0.000,81768406
38.13,Utility Enemy 9,Utility,PatrolAction,None,1.00,44.3,0,0.41,0,0.120,0.000,81768406
38.13,Utility Enemy 2,Utility,PatrolAction,None,1.00,82.3,0,0.41,0,0.120,0.000,81768406
38.13,Utility Enemy 1,Utility,PatrolAction,None,1.00,83.1,0,0.41,0,0.120,0.000,81768406
38.13,Utility Enemy 13,Utility,PatrolAction,None,1.00,57.9,0,0.41,0,0.120,0.000,81768406
38.13,Utility Enemy 10,Utility,Dead,None,0.00,18.8,0,0.41,16,0.544,0.504,81768406
38.13,Utility Enemy 15,Utility,PatrolAction,None,1.00,74.1,0,0.41,0,0.120,0.000,81768406
38.13,Utility Enemy 11,Utility,PatrolAction,None,1.00,28.1,0,0.41,0,0.120,0.000,81768406
38.13,Utility Enemy 3,Utility,PatrolAction,None,1.00,60.1,0,0.41,0,0.120,0.000,81768406
38.13,Utility Enemy 12,Utility,PatrolAction,None,1.00,38.5,0,0.41,16,0.120,0.000,81768406
39.13,Player,Player,-,EnemyDuplicate,0.41,,0,0.41,,,,81768406
39.13,FSM Enemy 13,FSM,AttackState,EnemyDuplicate,1.00,75.4,0,0.41,0,,,81768406
39.13,FSM Enemy 10,FSM,AttackState,EnemyDuplicate,1.00,53.4,0,0.41,0,,,81768406
39.13,FSM Enemy 14,FSM,AttackState,EnemyDuplicate,1.00,46.0,0,0.41,0,,,81768406
39.13,FSM Enemy 4,FSM,AttackState,EnemyDuplicate,1.00,21.2,0,0.41,0,,,81768406
39.13,FSM Enemy 12,FSM,Dead,EnemyDuplicate,0.00,9.8,0,0.41,0,,,81768406
39.13,FSM Enemy 3,FSM,AttackState,EnemyDuplicate,1.00,69.6,0,0.41,0,,,81768406
39.13,FSM Enemy 5,FSM,AttackState,EnemyDuplicate,1.00,86.4,0,0.41,0,,,81768406
39.13,FSM Enemy 1,FSM,AttackState,EnemyDuplicate,1.00,100.1,0,0.41,0,,,81768406
39.13,FSM Enemy 7,FSM,Dead,EnemyDuplicate,0.00,32.5,0,0.41,24,,,81768406
39.13,FSM Enemy 2,FSM,AttackState,EnemyDuplicate,1.00,73.8,0,0.41,0,,,81768406
39.13,FSM Enemy 15,FSM,Dead,EnemyDuplicate,0.00,30.0,0,0.41,24,,,81768406
39.13,FSM Enemy 6,FSM,Dead,EnemyDuplicate,0.00,16.8,0,0.41,0,,,81768406
39.13,FSM Enemy 11,FSM,AttackState,EnemyDuplicate,1.00,52.5,0,0.41,0,,,81768406
39.13,FSM Enemy 9,FSM,AttackState,EnemyDuplicate,1.00,34.3,0,0.41,0,,,81768406
39.13,FSM Enemy 8,FSM,AttackState,EnemyDuplicate,1.00,45.9,0,0.41,0,,,81768406
39.13,Utility Enemy 4,Utility,RepositionAction,EnemyDuplicate,1.00,90.4,0,0.41,0,0.650,0.120,81768406
39.13,Utility Enemy 7,Utility,RepositionAction,EnemyDuplicate,1.00,36.0,0,0.41,0,0.650,0.120,81768406
39.13,Utility Enemy 8,Utility,RepositionAction,EnemyDuplicate,1.00,74.2,0,0.41,0,0.650,0.120,81768406
39.13,Utility Enemy 14,Utility,RepositionAction,EnemyDuplicate,1.00,16.8,0,0.41,8,1.050,0.540,81768406
39.13,Utility Enemy 5,Utility,RepositionAction,EnemyDuplicate,1.00,74.3,0,0.41,0,0.650,0.120,81768406
39.13,Utility Enemy 6,Utility,RepositionAction,EnemyDuplicate,1.00,42.0,0,0.41,0,0.650,0.120,81768406
39.13,Utility Enemy 9,Utility,RepositionAction,EnemyDuplicate,1.00,40.2,0,0.41,0,0.650,0.120,81768406
39.13,Utility Enemy 2,Utility,RepositionAction,EnemyDuplicate,1.00,79.0,0,0.41,0,0.650,0.120,81768406
39.13,Utility Enemy 1,Utility,RepositionAction,EnemyDuplicate,1.00,83.4,0,0.41,0,0.650,0.120,81768406
39.13,Utility Enemy 13,Utility,RepositionAction,EnemyDuplicate,1.00,62.0,0,0.41,0,0.650,0.120,81768406
39.13,Utility Enemy 10,Utility,Dead,EnemyDuplicate,0.00,24.0,0,0.41,16,0.544,0.504,81768406
39.13,Utility Enemy 15,Utility,RepositionAction,EnemyDuplicate,1.00,75.4,0,0.41,0,0.650,0.120,81768406
39.13,Utility Enemy 11,Utility,RepositionAction,EnemyDuplicate,1.00,22.9,0,0.41,0,0.650,0.120,81768406
39.13,Utility Enemy 3,Utility,RepositionAction,EnemyDuplicate,1.00,56.7,0,0.41,0,0.650,0.120,81768406
39.13,Utility Enemy 12,Utility,RepositionAction,EnemyDuplicate,1.00,37.8,0,0.41,16,0.650,0.120,81768406
40.13,Player,Player,-,EnemyDuplicate,0.41,,0,0.41,,,,81768406
40.13,FSM Enemy 13,FSM,AttackState,EnemyDuplicate,1.00,76.0,0,0.41,0,,,81768406
40.13,FSM Enemy 10,FSM,AttackState,EnemyDuplicate,1.00,53.4,0,0.41,0,,,81768406
40.13,FSM Enemy 14,FSM,AttackState,EnemyDuplicate,1.00,45.8,0,0.41,0,,,81768406
40.13,FSM Enemy 4,FSM,AttackState,EnemyDuplicate,1.00,20.9,0,0.41,0,,,81768406
40.13,FSM Enemy 12,FSM,Dead,EnemyDuplicate,0.00,9.2,0,0.41,0,,,81768406
40.13,FSM Enemy 3,FSM,AttackState,EnemyDuplicate,1.00,69.9,0,0.41,0,,,81768406
40.13,FSM Enemy 5,FSM,AttackState,EnemyDuplicate,1.00,86.9,0,0.41,0,,,81768406
40.13,FSM Enemy 1,FSM,AttackState,EnemyDuplicate,1.00,100.5,0,0.41,0,,,81768406
40.13,FSM Enemy 7,FSM,Dead,EnemyDuplicate,0.00,33.1,0,0.41,24,,,81768406
40.13,FSM Enemy 2,FSM,AttackState,EnemyDuplicate,1.00,73.7,0,0.41,0,,,81768406
40.13,FSM Enemy 15,FSM,Dead,EnemyDuplicate,0.00,30.7,0,0.41,24,,,81768406
40.13,FSM Enemy 6,FSM,Dead,EnemyDuplicate,0.00,17.0,0,0.41,0,,,81768406
40.13,FSM Enemy 11,FSM,AttackState,EnemyDuplicate,1.00,53.1,0,0.41,0,,,81768406
40.13,FSM Enemy 9,FSM,AttackState,EnemyDuplicate,1.00,34.7,0,0.41,0,,,81768406
40.13,FSM Enemy 8,FSM,AttackState,EnemyDuplicate,1.00,46.4,0,0.41,0,,,81768406
40.13,Utility Enemy 4,Utility,RepositionAction,EnemyDuplicate,1.00,90.7,0,0.41,0,0.650,0.120,81768406
40.13,Utility Enemy 7,Utility,RepositionAction,EnemyDuplicate,1.00,34.4,0,0.41,0,0.650,0.120,81768406
40.13,Utility Enemy 8,Utility,RepositionAction,EnemyDuplicate,1.00,77.7,0,0.41,0,0.650,0.120,81768406
40.13,Utility Enemy 14,Utility,RepositionAction,EnemyDuplicate,1.00,14.8,0,0.41,8,1.050,0.540,81768406
40.13,Utility Enemy 5,Utility,RepositionAction,EnemyDuplicate,1.00,77.4,0,0.41,0,0.650,0.120,81768406
40.13,Utility Enemy 6,Utility,RepositionAction,EnemyDuplicate,1.00,40.9,0,0.41,0,0.650,0.120,81768406
40.13,Utility Enemy 9,Utility,RepositionAction,EnemyDuplicate,1.00,41.5,0,0.41,0,0.650,0.120,81768406
40.13,Utility Enemy 2,Utility,RepositionAction,EnemyDuplicate,1.00,79.4,0,0.41,0,0.650,0.120,81768406
40.13,Utility Enemy 1,Utility,RepositionAction,EnemyDuplicate,1.00,80.8,0,0.41,0,0.650,0.120,81768406
40.13,Utility Enemy 13,Utility,RepositionAction,EnemyDuplicate,1.00,66.0,0,0.41,0,0.650,0.120,81768406
40.13,Utility Enemy 10,Utility,RepositionAction,EnemyDuplicate,1.00,39.7,0,0.41,16,0.650,0.120,81768406
40.13,Utility Enemy 15,Utility,RepositionAction,EnemyDuplicate,1.00,77.2,0,0.41,0,0.650,0.120,81768406
40.13,Utility Enemy 11,Utility,RepositionAction,EnemyDuplicate,1.00,24.9,0,0.41,0,0.650,0.120,81768406
40.13,Utility Enemy 3,Utility,RepositionAction,EnemyDuplicate,1.00,60.1,0,0.41,0,0.650,0.120,81768406
40.13,Utility Enemy 12,Utility,RepositionAction,EnemyDuplicate,1.00,34.0,0,0.41,16,0.650,0.120,81768406
41.13,Player,Player,-,EnemyDuplicate,0.41,,0,0.41,,,,81768406
41.13,FSM Enemy 13,FSM,AttackState,EnemyDuplicate,1.00,79.1,0,0.41,0,,,81768406
41.13,FSM Enemy 10,FSM,AttackState,EnemyDuplicate,1.00,55.6,0,0.41,0,,,81768406
41.13,FSM Enemy 14,FSM,AttackState,EnemyDuplicate,1.00,46.6,0,0.41,0,,,81768406
41.13,FSM Enemy 4,FSM,AttackState,EnemyDuplicate,1.00,21.5,0,0.41,0,,,81768406
41.13,FSM Enemy 12,FSM,Dead,EnemyDuplicate,0.00,6.5,0,0.41,0,,,81768406
41.13,FSM Enemy 3,FSM,AttackState,EnemyDuplicate,1.00,72.7,0,0.41,0,,,81768406
41.13,FSM Enemy 5,FSM,AttackState,EnemyDuplicate,1.00,90.3,0,0.41,0,,,81768406
41.13,FSM Enemy 1,FSM,AttackState,EnemyDuplicate,1.00,103.8,0,0.41,0,,,81768406
41.13,FSM Enemy 7,FSM,Dead,EnemyDuplicate,0.00,35.6,0,0.41,24,,,81768406
41.13,FSM Enemy 2,FSM,AttackState,EnemyDuplicate,1.00,75.1,0,0.41,0,,,81768406
41.13,FSM Enemy 15,FSM,Dead,EnemyDuplicate,0.00,33.4,0,0.41,24,,,81768406
41.13,FSM Enemy 6,FSM,Dead,EnemyDuplicate,0.00,16.4,0,0.41,0,,,81768406
41.13,FSM Enemy 11,FSM,AttackState,EnemyDuplicate,1.00,56.3,0,0.41,0,,,81768406
41.13,FSM Enemy 9,FSM,AttackState,EnemyDuplicate,1.00,37.9,0,0.41,0,,,81768406
41.13,FSM Enemy 8,FSM,AttackState,EnemyDuplicate,1.00,49.7,0,0.41,0,,,81768406
41.13,Utility Enemy 4,Utility,RepositionAction,EnemyDuplicate,1.00,93.0,0,0.41,0,0.650,0.120,81768406
41.13,Utility Enemy 7,Utility,RepositionAction,EnemyDuplicate,1.00,38.9,0,0.41,0,0.650,0.120,81768406
41.13,Utility Enemy 8,Utility,RepositionAction,EnemyDuplicate,1.00,81.6,0,0.41,0,0.650,0.120,81768406
41.13,Utility Enemy 14,Utility,RepositionAction,EnemyDuplicate,1.00,18.7,0,0.41,8,1.050,0.540,81768406
41.13,Utility Enemy 5,Utility,RepositionAction,EnemyDuplicate,1.00,79.5,0,0.41,0,0.650,0.120,81768406
41.13,Utility Enemy 6,Utility,RepositionAction,EnemyDuplicate,1.00,46.1,0,0.41,0,0.650,0.120,81768406
41.13,Utility Enemy 9,Utility,RepositionAction,EnemyDuplicate,1.00,41.4,0,0.41,0,0.650,0.120,81768406
41.13,Utility Enemy 2,Utility,RepositionAction,EnemyDuplicate,1.00,78.0,0,0.41,0,0.650,0.120,81768406
41.13,Utility Enemy 1,Utility,RepositionAction,EnemyDuplicate,1.00,81.1,0,0.41,0,0.650,0.120,81768406
41.13,Utility Enemy 13,Utility,RepositionAction,EnemyDuplicate,1.00,66.5,0,0.41,0,0.650,0.120,81768406
41.13,Utility Enemy 10,Utility,RepositionAction,EnemyDuplicate,1.00,40.3,0,0.41,16,0.650,0.120,81768406
41.13,Utility Enemy 15,Utility,RepositionAction,EnemyDuplicate,1.00,84.1,0,0.41,0,0.650,0.120,81768406
41.13,Utility Enemy 11,Utility,RepositionAction,EnemyDuplicate,0.90,30.0,0,0.41,0,0.650,0.120,81768406
41.13,Utility Enemy 3,Utility,RepositionAction,EnemyDuplicate,1.00,63.1,0,0.41,0,0.650,0.120,81768406
41.13,Utility Enemy 12,Utility,RepositionAction,EnemyDuplicate,1.00,33.7,0,0.41,16,0.650,0.120,81768406
42.14,Player,Player,-,EnemyDuplicate,0.41,,0,0.41,,,,81768406
42.14,FSM Enemy 13,FSM,AttackState,EnemyDuplicate,1.00,83.5,0,0.41,0,,,81768406
42.14,FSM Enemy 10,FSM,AttackState,EnemyDuplicate,1.00,57.6,0,0.41,0,,,81768406
42.14,FSM Enemy 14,FSM,AttackState,EnemyDuplicate,1.00,46.6,0,0.41,0,,,81768406
42.14,FSM Enemy 4,FSM,AttackState,EnemyDuplicate,1.00,21.5,0,0.41,0,,,81768406
42.14,FSM Enemy 12,FSM,Dead,EnemyDuplicate,0.00,2.8,0,0.41,0,,,81768406
42.14,FSM Enemy 3,FSM,AttackState,EnemyDuplicate,1.00,75.7,0,0.41,0,,,81768406
42.14,FSM Enemy 5,FSM,AttackState,EnemyDuplicate,1.00,94.6,0,0.41,0,,,81768406
42.14,FSM Enemy 1,FSM,AttackState,EnemyDuplicate,1.00,107.6,0,0.41,0,,,81768406
42.14,FSM Enemy 7,FSM,Dead,EnemyDuplicate,0.00,39.7,0,0.41,24,,,81768406
42.14,FSM Enemy 2,FSM,AttackState,EnemyDuplicate,1.00,75.9,0,0.41,0,,,81768406
42.14,FSM Enemy 15,FSM,Dead,EnemyDuplicate,0.00,37.6,0,0.41,24,,,81768406
42.14,FSM Enemy 6,FSM,ChaseState,EnemyDuplicate,1.00,76.2,0,0.41,0,,,81768406
42.14,FSM Enemy 11,FSM,AttackState,EnemyDuplicate,1.00,60.8,0,0.41,0,,,81768406
42.14,FSM Enemy 9,FSM,AttackState,EnemyDuplicate,1.00,41.6,0,0.41,0,,,81768406
42.14,FSM Enemy 8,FSM,AttackState,EnemyDuplicate,1.00,53.8,0,0.41,0,,,81768406
42.14,Utility Enemy 4,Utility,RepositionAction,EnemyDuplicate,1.00,95.0,0,0.41,0,0.650,0.120,81768406
42.14,Utility Enemy 7,Utility,RepositionAction,EnemyDuplicate,1.00,38.0,0,0.41,0,0.650,0.120,81768406
42.14,Utility Enemy 8,Utility,RepositionAction,EnemyDuplicate,1.00,80.5,0,0.41,0,0.650,0.120,81768406
42.14,Utility Enemy 14,Utility,RepositionAction,EnemyDuplicate,1.00,21.6,0,0.41,8,1.050,0.540,81768406
42.14,Utility Enemy 5,Utility,RepositionAction,EnemyDuplicate,1.00,84.1,0,0.41,0,0.650,0.120,81768406
42.14,Utility Enemy 6,Utility,RepositionAction,EnemyDuplicate,1.00,46.2,0,0.41,0,0.650,0.120,81768406
42.14,Utility Enemy 9,Utility,RepositionAction,EnemyDuplicate,1.00,41.8,0,0.41,0,0.650,0.120,81768406
42.14,Utility Enemy 2,Utility,RepositionAction,EnemyDuplicate,1.00,78.9,0,0.41,0,0.650,0.120,81768406
42.14,Utility Enemy 1,Utility,RepositionAction,EnemyDuplicate,1.00,84.4,0,0.41,0,0.650,0.120,81768406
42.14,Utility Enemy 13,Utility,RepositionAction,EnemyDuplicate,1.00,67.7,0,0.41,0,0.650,0.120,81768406
42.14,Utility Enemy 10,Utility,RepositionAction,EnemyDuplicate,1.00,46.0,0,0.41,16,0.650,0.120,81768406
42.14,Utility Enemy 15,Utility,RepositionAction,EnemyDuplicate,1.00,87.3,0,0.41,0,0.650,0.120,81768406
42.14,Utility Enemy 11,Utility,RepositionAction,EnemyDuplicate,0.90,29.7,0,0.41,0,0.650,0.120,81768406
42.14,Utility Enemy 3,Utility,RepositionAction,EnemyDuplicate,1.00,65.1,0,0.41,0,0.650,0.120,81768406
42.14,Utility Enemy 12,Utility,RepositionAction,EnemyDuplicate,1.00,37.8,0,0.41,16,0.650,0.120,81768406
43.14,Player,Player,-,EnemyDuplicate,0.41,,0,0.41,,,,81768406
43.14,FSM Enemy 13,FSM,AttackState,EnemyDuplicate,1.00,90.9,0,0.41,0,,,81768406
43.14,FSM Enemy 10,FSM,AttackState,EnemyDuplicate,1.00,59.8,0,0.41,0,,,81768406
43.14,FSM Enemy 14,FSM,AttackState,EnemyDuplicate,1.00,45.6,0,0.41,0,,,81768406
43.14,FSM Enemy 4,FSM,AttackState,EnemyDuplicate,1.00,21.7,0,0.41,0,,,81768406
43.14,FSM Enemy 12,FSM,Dead,EnemyDuplicate,0.00,5.7,0,0.41,0,,,81768406
43.14,FSM Enemy 3,FSM,AttackState,EnemyDuplicate,1.00,79.4,0,0.41,0,,,81768406
43.14,FSM Enemy 5,FSM,AttackState,EnemyDuplicate,1.00,101.1,0,0.41,0,,,81768406
43.14,FSM Enemy 1,FSM,AttackState,EnemyDuplicate,1.00,112.8,0,0.41,0,,,81768406
43.14,FSM Enemy 7,FSM,Dead,EnemyDuplicate,0.00,47.1,0,0.41,24,,,81768406
43.14,FSM Enemy 2,FSM,AttackState,EnemyDuplicate,1.00,75.6,0,0.41,0,,,81768406
43.14,FSM Enemy 15,FSM,Dead,EnemyDuplicate,0.00,45.1,0,0.41,24,,,81768406
43.14,FSM Enemy 6,FSM,ChaseState,EnemyDuplicate,1.00,79.3,0,0.41,0,,,81768406
43.14,FSM Enemy 11,FSM,AttackState,EnemyDuplicate,1.00,68.0,0,0.41,0,,,81768406
43.14,FSM Enemy 9,FSM,AttackState,EnemyDuplicate,1.00,47.0,0,0.41,0,,,81768406
43.14,FSM Enemy 8,FSM,AttackState,EnemyDuplicate,1.00,59.8,0,0.41,0,,,81768406
43.14,Utility Enemy 4,Utility,RepositionAction,EnemyDuplicate,1.00,95.2,0,0.41,0,0.650,0.120,81768406
43.14,Utility Enemy 7,Utility,RepositionAction,EnemyDuplicate,1.00,34.5,0,0.41,0,0.650,0.120,81768406
43.14,Utility Enemy 8,Utility,RepositionAction,EnemyDuplicate,1.00,85.4,0,0.41,0,0.650,0.120,81768406
43.14,Utility Enemy 14,Utility,RepositionAction,EnemyDuplicate,1.00,26.1,0,0.41,8,0.650,0.120,81768406
43.14,Utility Enemy 5,Utility,RepositionAction,EnemyDuplicate,1.00,90.8,0,0.41,0,0.650,0.120,81768406
43.14,Utility Enemy 6,Utility,RepositionAction,EnemyDuplicate,1.00,44.7,0,0.41,0,0.650,0.120,81768406
43.14,Utility Enemy 9,Utility,RepositionAction,EnemyDuplicate,1.00,40.4,0,0.41,0,0.650,0.120,81768406
43.14,Utility Enemy 2,Utility,RepositionAction,EnemyDuplicate,1.00,82.2,0,0.41,0,0.650,0.120,81768406
43.14,Utility Enemy 1,Utility,RepositionAction,EnemyDuplicate,1.00,87.7,0,0.41,0,0.650,0.120,81768406
43.14,Utility Enemy 13,Utility,RepositionAction,EnemyDuplicate,1.00,74.3,0,0.41,0,0.650,0.120,81768406
43.14,Utility Enemy 10,Utility,RepositionAction,EnemyDuplicate,1.00,54.8,0,0.41,16,0.650,0.120,81768406
43.14,Utility Enemy 15,Utility,RepositionAction,EnemyDuplicate,1.00,94.1,0,0.41,0,0.650,0.120,81768406
43.14,Utility Enemy 11,Utility,RepositionAction,EnemyDuplicate,0.90,29.1,0,0.41,0,0.650,0.120,81768406
43.14,Utility Enemy 3,Utility,RepositionAction,EnemyDuplicate,1.00,68.7,0,0.41,0,0.650,0.120,81768406
43.14,Utility Enemy 12,Utility,RepositionAction,EnemyDuplicate,1.00,39.8,0,0.41,16,0.650,0.120,81768406
44.15,Player,Player,-,None,0.41,,0,0.41,,,,81768406
44.15,FSM Enemy 13,FSM,PatrolState,None,1.00,98.2,0,0.41,0,,,81768406
44.15,FSM Enemy 10,FSM,PatrolState,None,1.00,66.6,0,0.41,0,,,81768406
44.15,FSM Enemy 14,FSM,PatrolState,None,1.00,49.0,0,0.41,0,,,81768406
44.15,FSM Enemy 4,FSM,PatrolState,None,1.00,26.1,0,0.41,0,,,81768406
44.15,FSM Enemy 12,FSM,Dead,None,0.00,12.0,0,0.41,0,,,81768406
44.15,FSM Enemy 3,FSM,PatrolState,None,1.00,86.1,0,0.41,0,,,81768406
44.15,FSM Enemy 5,FSM,PatrolState,None,1.00,105.7,0,0.41,0,,,81768406
44.15,FSM Enemy 1,FSM,PatrolState,None,1.00,117.6,0,0.41,0,,,81768406
44.15,FSM Enemy 7,FSM,Dead,None,0.00,52.6,0,0.41,24,,,81768406
44.15,FSM Enemy 2,FSM,PatrolState,None,1.00,79.2,0,0.41,0,,,81768406
44.15,FSM Enemy 15,FSM,Dead,None,0.00,50.7,0,0.41,24,,,81768406
44.15,FSM Enemy 6,FSM,ChaseState,None,1.00,81.1,0,0.41,0,,,81768406
44.15,FSM Enemy 11,FSM,PatrolState,None,1.00,75.5,0,0.41,0,,,81768406
44.15,FSM Enemy 9,FSM,PatrolState,None,1.00,51.1,0,0.41,0,,,81768406
44.15,FSM Enemy 8,FSM,PatrolState,None,1.00,66.8,0,0.41,0,,,81768406
44.15,Utility Enemy 4,Utility,PatrolAction,None,1.00,103.2,0,0.41,0,0.120,0.000,81768406
44.15,Utility Enemy 7,Utility,PatrolAction,None,1.00,35.6,0,0.41,0,0.120,0.000,81768406
44.15,Utility Enemy 8,Utility,PatrolAction,None,1.00,89.2,0,0.41,0,0.120,0.000,81768406
44.15,Utility Enemy 14,Utility,PatrolAction,None,1.00,31.0,0,0.41,8,0.120,0.000,81768406
44.15,Utility Enemy 5,Utility,PatrolAction,None,1.00,97.3,0,0.41,0,0.120,0.000,81768406
44.15,Utility Enemy 6,Utility,PatrolAction,None,1.00,49.0,0,0.41,0,0.120,0.000,81768406
44.15,Utility Enemy 9,Utility,PatrolAction,None,1.00,40.0,0,0.41,0,0.120,0.000,81768406
44.15,Utility Enemy 2,Utility,PatrolAction,None,1.00,84.0,0,0.41,0,0.120,0.000,81768406
44.15,Utility Enemy 1,Utility,PatrolAction,None,1.00,91.4,0,0.41,0,0.120,0.000,81768406
44.15,Utility Enemy 13,Utility,PatrolAction,None,1.00,83.6,0,0.41,0,0.120,0.000,81768406
44.15,Utility Enemy 10,Utility,PatrolAction,None,1.00,60.0,0,0.41,16,0.120,0.000,81768406
44.15,Utility Enemy 15,Utility,PatrolAction,None,1.00,101.0,0,0.41,0,0.120,0.000,81768406
44.15,Utility Enemy 11,Utility,PatrolAction,None,0.90,32.9,0,0.41,0,0.120,0.000,81768406
44.15,Utility Enemy 3,Utility,PatrolAction,None,1.00,71.9,0,0.41,0,0.120,0.000,81768406
44.15,Utility Enemy 12,Utility,PatrolAction,None,1.00,43.7,0,0.41,16,0.120,0.000,81768406
45.16,Player,Player,-,None,0.41,,0,0.41,,,,81768406
45.16,FSM Enemy 13,FSM,PatrolState,None,1.00,96.2,0,0.41,0,,,81768406
45.16,FSM Enemy 10,FSM,PatrolState,None,1.00,69.4,0,0.41,0,,,81768406
45.16,FSM Enemy 14,FSM,PatrolState,None,1.00,52.3,0,0.41,0,,,81768406
45.16,FSM Enemy 4,FSM,PatrolState,None,1.00,26.9,0,0.41,0,,,81768406
45.16,FSM Enemy 12,FSM,Dead,None,0.00,11.5,0,0.41,0,,,81768406
45.16,FSM Enemy 3,FSM,PatrolState,None,1.00,87.5,0,0.41,0,,,81768406
45.16,FSM Enemy 5,FSM,PatrolState,None,1.00,103.1,0,0.41,0,,,81768406
45.16,FSM Enemy 1,FSM,PatrolState,None,1.00,115.8,0,0.41,0,,,81768406
45.16,FSM Enemy 7,FSM,PatrolState,None,1.00,49.9,0,0.41,24,,,81768406
45.16,FSM Enemy 2,FSM,PatrolState,None,1.00,80.2,0,0.41,0,,,81768406
45.16,FSM Enemy 15,FSM,Dead,None,0.00,49.8,0,0.41,24,,,81768406
45.16,FSM Enemy 6,FSM,ChaseState,None,1.00,75.9,0,0.41,0,,,81768406
45.16,FSM Enemy 11,FSM,PatrolState,None,1.00,76.5,0,0.41,0,,,81768406
45.16,FSM Enemy 9,FSM,PatrolState,None,1.00,48.4,0,0.41,0,,,81768406
45.16,FSM Enemy 8,FSM,PatrolState,None,1.00,65.2,0,0.41,0,,,81768406
45.16,Utility Enemy 4,Utility,PatrolAction,None,1.00,107.5,0,0.41,0,0.120,0.000,81768406
45.16,Utility Enemy 7,Utility,PatrolAction,None,1.00,34.3,0,0.41,0,0.120,0.000,81768406
45.16,Utility Enemy 8,Utility,PatrolAction,None,1.00,86.2,0,0.41,0,0.120,0.000,81768406
45.16,Utility Enemy 14,Utility,PatrolAction,None,1.00,27.8,0,0.41,8,0.120,0.000,81768406
45.16,Utility Enemy 5,Utility,PatrolAction,None,1.00,95.8,0,0.41,0,0.120,0.000,81768406
45.16,Utility Enemy 6,Utility,PatrolAction,None,1.00,50.7,0,0.41,0,0.120,0.000,81768406
45.16,Utility Enemy 9,Utility,PatrolAction,None,1.00,38.4,0,0.41,0,0.120,0.000,81768406
45.16,Utility Enemy 2,Utility,PatrolAction,None,1.00,82.5,0,0.41,0,0.120,0.000,81768406
45.16,Utility Enemy 1,Utility,PatrolAction,None,1.00,89.8,0,0.41,0,0.120,0.000,81768406
45.16,Utility Enemy 13,Utility,PatrolAction,None,1.00,86.4,0,0.41,0,0.120,0.000,81768406
45.16,Utility Enemy 10,Utility,PatrolAction,None,1.00,60.1,0,0.41,16,0.120,0.000,81768406
45.16,Utility Enemy 15,Utility,PatrolAction,None,1.00,97.1,0,0.41,0,0.120,0.000,81768406
45.16,Utility Enemy 11,Utility,PatrolAction,None,0.90,34.4,0,0.41,0,0.120,0.000,81768406
45.16,Utility Enemy 3,Utility,PatrolAction,None,1.00,75.8,0,0.41,0,0.120,0.000,81768406
45.16,Utility Enemy 12,Utility,PatrolAction,None,1.00,39.0,0,0.41,16,0.120,0.000,81768406
46.17,Player,Player,-,None,0.41,,0,0.41,,,,81768406
46.17,FSM Enemy 13,FSM,PatrolState,None,1.00,91.7,0,0.41,0,,,81768406
46.17,FSM Enemy 10,FSM,PatrolState,None,1.00,70.4,0,0.41,0,,,81768406
46.17,FSM Enemy 14,FSM,PatrolState,None,1.00,54.7,0,0.41,0,,,81768406
46.17,FSM Enemy 4,FSM,PatrolState,None,1.00,27.0,0,0.41,0,,,81768406
46.17,FSM Enemy 12,FSM,Dead,None,0.00,9.8,0,0.41,0,,,81768406
46.17,FSM Enemy 3,FSM,PatrolState,None,1.00,86.8,0,0.41,0,,,81768406
46.17,FSM Enemy 5,FSM,PatrolState,None,1.00,99.1,0,0.41,0,,,81768406
46.17,FSM Enemy 1,FSM,PatrolState,None,1.00,112.5,0,0.41,0,,,81768406
46.17,FSM Enemy 7,FSM,PatrolState,None,1.00,48.2,0,0.41,24,,,81768406
46.17,FSM Enemy 2,FSM,PatrolState,None,1.00,80.1,0,0.41,0,,,81768406
46.17,FSM Enemy 15,FSM,PatrolState,None,1.00,87.7,0,0.41,24,,,81768406
46.17,FSM Enemy 6,FSM,PatrolState,None,1.00,70.3,0,0.41,0,,,81768406
46.17,FSM Enemy 11,FSM,PatrolState,None,1.00,76.2,0,0.41,0,,,81768406
46.17,FSM Enemy 9,FSM,PatrolState,None,1.00,44.2,0,0.41,0,,,81768406
46.17,FSM Enemy 8,FSM,PatrolState,None,1.00,62.2,0,0.41,0,,,81768406
46.17,Utility Enemy 4,Utility,PatrolAction,None,1.00,108.8,0,0.41,0,0.120,0.000,81768406
46.17,Utility Enemy 7,Utility,PatrolAction,None,1.00,34.9,0,0.41,0,0.120,0.000,81768406
46.17,Utility Enemy 8,Utility,PatrolAction,None,1.00,82.1,0,0.41,0,0.120,0.000,81768406
46.17,Utility Enemy 14,Utility,PatrolAction,None,1.00,24.0,0,0.41,8,0.120,0.000,81768406
46.17,Utility Enemy 5,Utility,PatrolAction,None,1.00,90.9,0,0.41,0,0.120,0.000,81768406
46.17,Utility Enemy 6,Utility,PatrolAction,None,1.00,45.9,0,0.41,0,0.120,0.000,81768406
46.17,Utility Enemy 9,Utility,PatrolAction,None,1.00,37.3,0,0.41,0,0.120,0.000,81768406
46.17,Utility Enemy 2,Utility,PatrolAction,None,1.00,79.3,0,0.41,0,0.120,0.000,81768406
46.17,Utility Enemy 1,Utility,PatrolAction,None,1.00,89.7,0,0.41,0,0.120,0.000,81768406
46.17,Utility Enemy 13,Utility,PatrolAction,None,1.00,85.0,0,0.41,0,0.120,0.000,81768406
46.17,Utility Enemy 10,Utility,PatrolAction,None,1.00,59.5,0,0.41,16,0.120,0.000,81768406
46.17,Utility Enemy 15,Utility,PatrolAction,None,1.00,96.6,0,0.41,0,0.120,0.000,81768406
46.17,Utility Enemy 11,Utility,PatrolAction,None,0.90,34.4,0,0.41,0,0.120,0.000,81768406
46.17,Utility Enemy 3,Utility,PatrolAction,None,1.00,77.5,0,0.41,0,0.120,0.000,81768406
46.17,Utility Enemy 12,Utility,PatrolAction,None,1.00,34.6,0,0.41,16,0.120,0.000,81768406
47.17,Player,Player,-,None,0.41,,0,0.41,,,,81768406
47.17,FSM Enemy 13,FSM,PatrolState,None,1.00,86.2,0,0.41,0,,,81768406
47.17,FSM Enemy 10,FSM,PatrolState,None,1.00,68.1,0,0.41,0,,,81768406
47.17,FSM Enemy 14,FSM,PatrolState,None,1.00,58.2,0,0.41,0,,,81768406
47.17,FSM Enemy 4,FSM,PatrolState,None,1.00,28.9,0,0.41,0,,,81768406
47.17,FSM Enemy 12,FSM,Dead,None,0.00,8.8,0,0.41,0,,,81768406
47.17,FSM Enemy 3,FSM,PatrolState,None,1.00,87.6,0,0.41,0,,,81768406
47.17,FSM Enemy 5,FSM,PatrolState,None,1.00,97.4,0,0.41,0,,,81768406
47.17,FSM Enemy 1,FSM,PatrolState,None,1.00,110.0,0,0.41,0,,,81768406
47.17,FSM Enemy 7,FSM,PatrolState,None,1.00,47.3,0,0.41,24,,,81768406
47.17,FSM Enemy 2,FSM,PatrolState,None,1.00,80.6,0,0.41,0,,,81768406
47.17,FSM Enemy 15,FSM,PatrolState,None,1.00,86.0,0,0.41,24,,,81768406
47.17,FSM Enemy 6,FSM,PatrolState,None,1.00,64.9,0,0.41,0,,,81768406
47.17,FSM Enemy 11,FSM,PatrolState,None,1.00,75.0,0,0.41,0,,,81768406
47.17,FSM Enemy 9,FSM,PatrolState,None,1.00,39.9,0,0.41,0,,,81768406
47.17,FSM Enemy 8,FSM,PatrolState,None,1.00,61.6,0,0.41,0,,,81768406
47.17,Utility Enemy 4,Utility,PatrolAction,None,1.00,105.4,0,0.41,0,0.120,0.000,81768406
47.17,Utility Enemy 7,Utility,PatrolAction,None,1.00,38.7,0,0.41,0,0.120,0.000,81768406
47.17,Utility Enemy 8,Utility,PatrolAction,None,1.00,81.1,0,0.41,0,0.120,0.000,81768406
47.17,Utility Enemy 14,Utility,PatrolAction,None,1.00,18.8,1,0.41,8,0.120,0.000,81768406
47.17,Utility Enemy 5,Utility,PatrolAction,None,1.00,85.2,0,0.41,0,0.120,0.000,81768406
47.17,Utility Enemy 6,Utility,PatrolAction,None,1.00,42.2,0,0.41,0,0.120,0.000,81768406
47.17,Utility Enemy 9,Utility,PatrolAction,None,1.00,39.3,0,0.41,0,0.120,0.000,81768406
47.17,Utility Enemy 2,Utility,PatrolAction,None,1.00,78.4,0,0.41,0,0.120,0.000,81768406
47.17,Utility Enemy 1,Utility,PatrolAction,None,1.00,90.2,0,0.41,0,0.120,0.000,81768406
47.17,Utility Enemy 13,Utility,PatrolAction,None,1.00,79.3,0,0.41,0,0.120,0.000,81768406
47.17,Utility Enemy 10,Utility,PatrolAction,None,1.00,59.4,0,0.41,16,0.120,0.000,81768406
47.17,Utility Enemy 15,Utility,PatrolAction,None,1.00,97.9,0,0.41,0,0.120,0.000,81768406
47.17,Utility Enemy 11,Utility,PatrolAction,None,0.90,29.6,0,0.41,0,0.120,0.000,81768406
47.17,Utility Enemy 3,Utility,PatrolAction,None,1.00,78.4,0,0.41,0,0.120,0.000,81768406
47.17,Utility Enemy 12,Utility,PatrolAction,None,1.00,31.4,0,0.41,16,0.120,0.000,81768406
48.18,Player,Player,-,None,0.41,,0,0.41,,,,81768406
48.18,FSM Enemy 13,FSM,PatrolState,None,1.00,82.0,0,0.41,0,,,81768406
48.18,FSM Enemy 10,FSM,PatrolState,None,1.00,66.3,0,0.41,0,,,81768406
48.18,FSM Enemy 14,FSM,PatrolState,None,1.00,61.3,0,0.41,0,,,81768406
48.18,FSM Enemy 4,FSM,PatrolState,None,1.00,29.1,0,0.41,0,,,81768406
48.18,FSM Enemy 12,FSM,Dead,None,0.00,9.2,0,0.41,0,,,81768406
48.18,FSM Enemy 3,FSM,PatrolState,None,1.00,89.3,0,0.41,0,,,81768406
48.18,FSM Enemy 5,FSM,PatrolState,None,1.00,97.2,0,0.41,0,,,81768406
48.18,FSM Enemy 1,FSM,PatrolState,None,1.00,108.8,0,0.41,0,,,81768406
48.18,FSM Enemy 7,FSM,PatrolState,None,1.00,46.4,0,0.41,24,,,81768406
48.18,FSM Enemy 2,FSM,PatrolState,None,1.00,80.8,0,0.41,0,,,81768406
48.18,FSM Enemy 15,FSM,PatrolState,None,1.00,84.5,0,0.41,24,,,81768406
48.18,FSM Enemy 6,FSM,PatrolState,None,1.00,60.7,0,0.41,0,,,81768406
48.18,FSM Enemy 11,FSM,PatrolState,None,1.00,75.0,0,0.41,0,,,81768406
48.18,FSM Enemy 9,FSM,PatrolState,None,1.00,36.9,0,0.41,0,,,81768406
48.18,FSM Enemy 8,FSM,PatrolState,None,1.00,62.9,0,0.41,0,,,81768406
48.18,Utility Enemy 4,Utility,PatrolAction,None,1.00,103.0,0,0.41,0,0.120,0.000,81768406
48.18,Utility Enemy 7,Utility,PatrolAction,None,1.00,41.9,0,0.41,0,0.120,0.000,81768406
48.18,Utility Enemy 8,Utility,PatrolAction,None,1.00,81.5,0,0.41,0,0.120,0.000,81768406
48.18,Utility Enemy 14,Utility,SpreadFireAction,None,1.00,16.4,1,0.41,8,0.164,0.125,81768406
48.18,Utility Enemy 5,Utility,PatrolAction,None,1.00,85.2,0,0.41,0,0.120,0.000,81768406
48.18,Utility Enemy 6,Utility,PatrolAction,None,1.00,44.3,0,0.41,0,0.120,0.000,81768406
48.18,Utility Enemy 9,Utility,PatrolAction,None,1.00,40.9,0,0.41,0,0.120,0.000,81768406
48.18,Utility Enemy 2,Utility,PatrolAction,None,1.00,78.4,0,0.41,0,0.120,0.000,81768406
48.18,Utility Enemy 1,Utility,PatrolAction,None,1.00,91.7,0,0.41,0,0.120,0.000,81768406
48.18,Utility Enemy 13,Utility,PatrolAction,None,1.00,74.4,0,0.41,0,0.120,0.000,81768406
48.18,Utility Enemy 10,Utility,PatrolAction,None,1.00,61.0,0,0.41,16,0.120,0.000,81768406
48.18,Utility Enemy 15,Utility,PatrolAction,None,1.00,95.6,0,0.41,0,0.120,0.000,81768406
48.18,Utility Enemy 11,Utility,PatrolAction,None,0.90,25.1,0,0.41,0,0.120,0.000,81768406
48.18,Utility Enemy 3,Utility,PatrolAction,None,1.00,82.4,0,0.41,0,0.120,0.000,81768406
48.18,Utility Enemy 12,Utility,PatrolAction,None,1.00,28.2,0,0.41,16,0.120,0.000,81768406
49.18,Player,Player,-,None,0.41,,0,0.41,,,,81768406
49.18,FSM Enemy 13,FSM,PatrolState,None,1.00,82.8,0,0.41,0,,,81768406
49.18,FSM Enemy 10,FSM,PatrolState,None,1.00,64.7,0,0.41,0,,,81768406
49.18,FSM Enemy 14,FSM,PatrolState,None,1.00,60.9,0,0.41,0,,,81768406
49.18,FSM Enemy 4,FSM,PatrolState,None,1.00,28.4,0,0.41,0,,,81768406
49.18,FSM Enemy 12,FSM,Dead,None,0.00,9.3,0,0.41,0,,,81768406
49.18,FSM Enemy 3,FSM,PatrolState,None,1.00,89.8,0,0.41,0,,,81768406
49.18,FSM Enemy 5,FSM,PatrolState,None,1.00,98.9,0,0.41,0,,,81768406
49.18,FSM Enemy 1,FSM,PatrolState,None,1.00,110.7,0,0.41,0,,,81768406
49.18,FSM Enemy 7,FSM,PatrolState,None,1.00,45.3,0,0.41,24,,,81768406
49.18,FSM Enemy 2,FSM,PatrolState,None,1.00,78.5,0,0.41,0,,,81768406
49.18,FSM Enemy 15,FSM,PatrolState,None,1.00,82.6,0,0.41,24,,,81768406
49.18,FSM Enemy 6,FSM,PatrolState,None,1.00,58.6,0,0.41,0,,,81768406
49.18,FSM Enemy 11,FSM,PatrolState,None,1.00,77.2,0,0.41,0,,,81768406
49.18,FSM Enemy 9,FSM,PatrolState,None,1.00,38.4,0,0.41,0,,,81768406
49.18,FSM Enemy 8,FSM,PatrolState,None,1.00,65.5,0,0.41,0,,,81768406
49.18,Utility Enemy 4,Utility,PatrolAction,None,1.00,101.7,0,0.41,0,0.120,0.000,81768406
49.18,Utility Enemy 7,Utility,PatrolAction,None,1.00,46.2,0,0.41,0,0.120,0.000,81768406
49.18,Utility Enemy 8,Utility,PatrolAction,None,1.00,82.3,0,0.41,0,0.120,0.000,81768406
49.18,Utility Enemy 14,Utility,SpreadFireAction,None,1.00,16.6,0,0.41,8,0.160,0.125,81768406
49.18,Utility Enemy 5,Utility,PatrolAction,None,1.00,85.2,0,0.41,0,0.120,0.000,81768406
49.18,Utility Enemy 6,Utility,PatrolAction,None,1.00,43.8,0,0.41,0,0.120,0.000,81768406
49.18,Utility Enemy 9,Utility,PatrolAction,None,1.00,40.5,0,0.41,0,0.120,0.000,81768406
49.18,Utility Enemy 2,Utility,PatrolAction,None,1.00,77.5,0,0.41,0,0.120,0.000,81768406
49.18,Utility Enemy 1,Utility,PatrolAction,None,1.00,92.1,0,0.41,0,0.120,0.000,81768406
49.18,Utility Enemy 13,Utility,PatrolAction,None,1.00,73.0,0,0.41,0,0.120,0.000,81768406
49.18,Utility Enemy 10,Utility,PatrolAction,None,1.00,61.5,0,0.41,16,0.120,0.000,81768406
49.18,Utility Enemy 15,Utility,PatrolAction,None,1.00,97.6,0,0.41,0,0.120,0.000,81768406
49.18,Utility Enemy 11,Utility,PatrolAction,None,0.90,22.8,0,0.41,0,0.120,0.000,81768406
49.18,Utility Enemy 3,Utility,PatrolAction,None,1.00,83.5,0,0.41,0,0.120,0.000,81768406
49.18,Utility Enemy 12,Utility,PatrolAction,None,1.00,27.8,0,0.41,16,0.120,0.000,81768406
50.18,Player,Player,-,None,0.41,,0,0.41,,,,81768406
50.18,FSM Enemy 13,FSM,PatrolState,None,1.00,85.1,0,0.41,0,,,81768406
50.18,FSM Enemy 10,FSM,PatrolState,None,1.00,63.1,0,0.41,0,,,81768406
50.18,FSM Enemy 14,FSM,PatrolState,None,1.00,60.5,0,0.41,0,,,81768406
50.18,FSM Enemy 4,FSM,PatrolState,None,1.00,28.6,0,0.41,0,,,81768406
50.18,FSM Enemy 12,FSM,Dead,None,0.00,8.9,0,0.41,0,,,81768406
50.18,FSM Enemy 3,FSM,PatrolState,None,1.00,87.8,0,0.41,0,,,81768406
50.18,FSM Enemy 5,FSM,PatrolState,None,1.00,100.4,0,0.41,0,,,81768406
50.18,FSM Enemy 1,FSM,PatrolState,None,1.00,112.5,0,0.41,0,,,81768406
50.18,FSM Enemy 7,FSM,PatrolState,None,1.00,44.3,0,0.41,24,,,81768406
50.18,FSM Enemy 2,FSM,PatrolState,None,1.00,76.1,0,0.41,0,,,81768406
50.18,FSM Enemy 15,FSM,PatrolState,None,1.00,80.5,0,0.41,24,,,81768406
50.18,FSM Enemy 6,FSM,PatrolState,None,1.00,56.3,0,0.41,0,,,81768406
50.18,FSM Enemy 11,FSM,PatrolState,None,1.00,78.7,0,0.41,0,,,81768406
50.18,FSM Enemy 9,FSM,PatrolState,None,1.00,38.4,0,0.41,0,,,81768406
50.18,FSM Enemy 8,FSM,PatrolState,None,1.00,67.9,0,0.41,0,,,81768406
50.18,Utility Enemy 4,Utility,PatrolAction,None,1.00,100.5,0,0.41,0,0.120,0.000,81768406
50.18,Utility Enemy 7,Utility,PatrolAction,None,1.00,50.5,0,0.41,0,0.120,0.000,81768406
50.18,Utility Enemy 8,Utility,PatrolAction,None,1.00,82.0,0,0.41,0,0.120,0.000,81768406
50.18,Utility Enemy 14,Utility,SpreadFireAction,None,1.00,16.4,1,0.41,8,0.165,0.125,81768406
50.18,Utility Enemy 5,Utility,PatrolAction,None,1.00,82.9,0,0.41,0,0.120,0.000,81768406
50.18,Utility Enemy 6,Utility,PatrolAction,None,1.00,46.7,0,0.41,0,0.120,0.000,81768406
50.18,Utility Enemy 9,Utility,PatrolAction,None,1.00,41.6,0,0.41,0,0.120,0.000,81768406
50.18,Utility Enemy 2,Utility,PatrolAction,None,1.00,77.1,0,0.41,0,0.120,0.000,81768406
50.18,Utility Enemy 1,Utility,PatrolAction,None,1.00,91.1,0,0.41,0,0.120,0.000,81768406
50.18,Utility Enemy 13,Utility,PatrolAction,None,1.00,70.4,0,0.41,0,0.120,0.000,81768406
50.18,Utility Enemy 10,Utility,PatrolAction,None,1.00,57.2,0,0.41,16,0.120,0.000,81768406
50.18,Utility Enemy 15,Utility,PatrolAction,None,1.00,100.2,0,0.41,0,0.120,0.000,81768406
50.18,Utility Enemy 11,Utility,PatrolAction,None,0.90,23.3,0,0.41,0,0.120,0.000,81768406
50.18,Utility Enemy 3,Utility,PatrolAction,None,1.00,81.6,0,0.41,0,0.120,0.000,81768406
50.18,Utility Enemy 12,Utility,PatrolAction,None,1.00,30.2,0,0.41,16,0.120,0.000,81768406
51.18,Player,Player,-,None,0.41,,0,0.41,,,,81768406
51.18,FSM Enemy 13,FSM,PatrolState,None,1.00,87.4,0,0.41,0,,,81768406
51.18,FSM Enemy 10,FSM,PatrolState,None,1.00,61.6,0,0.41,0,,,81768406
51.18,FSM Enemy 14,FSM,PatrolState,None,1.00,60.3,0,0.41,0,,,81768406
51.18,FSM Enemy 4,FSM,PatrolState,None,1.00,28.6,0,0.41,0,,,81768406
51.18,FSM Enemy 12,FSM,PatrolState,None,1.00,56.7,0,0.41,0,,,81768406
51.18,FSM Enemy 3,FSM,PatrolState,None,1.00,85.9,0,0.41,0,,,81768406
51.18,FSM Enemy 5,FSM,PatrolState,None,1.00,100.7,0,0.41,0,,,81768406
51.18,FSM Enemy 1,FSM,PatrolState,None,1.00,114.3,0,0.41,0,,,81768406
51.18,FSM Enemy 7,FSM,PatrolState,None,1.00,43.2,0,0.41,24,,,81768406
51.18,FSM Enemy 2,FSM,PatrolState,None,1.00,73.7,0,0.41,0,,,81768406
51.18,FSM Enemy 15,FSM,PatrolState,None,1.00,78.5,0,0.41,24,,,81768406
51.18,FSM Enemy 6,FSM,PatrolState,None,1.00,53.9,0,0.41,0,,,81768406
51.18,FSM Enemy 11,FSM,PatrolState,None,1.00,80.3,0,0.41,0,,,81768406
51.18,FSM Enemy 9,FSM,PatrolState,None,1.00,40.1,0,0.41,0,,,81768406
51.18,FSM Enemy 8,FSM,PatrolState,None,1.00,70.4,0,0.41,0,,,81768406
51.18,Utility Enemy 4,Utility,PatrolAction,None,1.00,99.4,0,0.41,0,0.120,0.000,81768406
51.18,Utility Enemy 7,Utility,PatrolAction,None,1.00,46.3,0,0.41,0,0.120,0.000,81768406
51.18,Utility Enemy 8,Utility,PatrolAction,None,1.00,83.2,0,0.41,0,0.120,0.000,81768406
51.18,Utility Enemy 14,Utility,SpreadFireAction,None,1.00,16.5,0,0.41,8,0.160,0.125,81768406
51.18,Utility Enemy 5,Utility,PatrolAction,None,1.00,86.8,0,0.41,0,0.120,0.000,81768406
51.18,Utility Enemy 6,Utility,PatrolAction,None,1.00,46.1,0,0.41,0,0.120,0.000,81768406
51.18,Utility Enemy 9,Utility,PatrolAction,None,1.00,43.2,0,0.41,0,0.120,0.000,81768406
51.18,Utility Enemy 2,Utility,PatrolAction,None,1.00,81.6,0,0.41,0,0.120,0.000,81768406
51.18,Utility Enemy 1,Utility,PatrolAction,None,1.00,86.7,0,0.41,0,0.120,0.000,81768406
51.18,Utility Enemy 13,Utility,PatrolAction,None,1.00,67.6,0,0.41,0,0.120,0.000,81768406
51.18,Utility Enemy 10,Utility,PatrolAction,None,1.00,53.2,0,0.41,16,0.120,0.000,81768406
51.18,Utility Enemy 15,Utility,PatrolAction,None,1.00,97.9,0,0.41,0,0.120,0.000,81768406
51.18,Utility Enemy 11,Utility,PatrolAction,None,0.90,25.7,0,0.41,0,0.120,0.000,81768406
51.18,Utility Enemy 3,Utility,PatrolAction,None,1.00,82.5,0,0.41,0,0.120,0.000,81768406
51.18,Utility Enemy 12,Utility,PatrolAction,None,1.00,33.6,0,0.41,16,0.120,0.000,81768406
52.19,Player,Player,-,None,0.41,,0,0.41,,,,81768406
52.19,FSM Enemy 13,FSM,PatrolState,None,1.00,84.2,0,0.41,0,,,81768406
52.19,FSM Enemy 10,FSM,PatrolState,None,1.00,61.5,0,0.41,0,,,81768406
52.19,FSM Enemy 14,FSM,PatrolState,None,1.00,61.0,0,0.41,0,,,81768406
52.19,FSM Enemy 4,FSM,PatrolState,None,1.00,28.1,0,0.41,0,,,81768406
52.19,FSM Enemy 12,FSM,PatrolState,None,1.00,52.5,0,0.41,0,,,81768406
52.19,FSM Enemy 3,FSM,PatrolState,None,1.00,84.4,0,0.41,0,,,81768406
52.19,FSM Enemy 5,FSM,PatrolState,None,1.00,99.6,0,0.41,0,,,81768406
52.19,FSM Enemy 1,FSM,PatrolState,None,1.00,115.5,0,0.41,0,,,81768406
52.19,FSM Enemy 7,FSM,PatrolState,None,1.00,43.0,0,0.41,24,,,81768406
52.19,FSM Enemy 2,FSM,PatrolState,None,1.00,72.3,0,0.41,0,,,81768406
52.19,FSM Enemy 15,FSM,PatrolState,None,1.00,76.7,0,0.41,24,,,81768406
52.19,FSM Enemy 6,FSM,PatrolState,None,1.00,49.9,0,0.41,0,,,81768406
52.19,FSM Enemy 11,FSM,PatrolState,None,1.00,80.0,0,0.41,0,,,81768406
52.19,FSM Enemy 9,FSM,PatrolState,None,1.00,41.1,0,0.41,0,,,81768406
52.19,FSM Enemy 8,FSM,PatrolState,None,1.00,72.1,0,0.41,0,,,81768406
52.19,Utility Enemy 4,Utility,PatrolAction,None,1.00,98.6,0,0.41,0,0.120,0.000,81768406
52.19,Utility Enemy 7,Utility,PatrolAction,None,1.00,45.7,0,0.41,0,0.120,0.000,81768406
52.19,Utility Enemy 8,Utility,PatrolAction,None,1.00,84.5,0,0.41,0,0.120,0.000,81768406
52.19,Utility Enemy 14,Utility,SpreadFireAction,None,1.00,17.0,1,0.41,8,0.164,0.125,81768406
52.19,Utility Enemy 5,Utility,PatrolAction,None,1.00,85.8,0,0.41,0,0.120,0.000,81768406
52.19,Utility Enemy 6,Utility,PatrolAction,None,1.00,50.3,0,0.41,0,0.120,0.000,81768406
52.19,Utility Enemy 9,Utility,PatrolAction,None,1.00,42.0,0,0.41,0,0.120,0.000,81768406
52.19,Utility Enemy 2,Utility,PatrolAction,None,1.00,87.4,0,0.41,0,0.120,0.000,81768406
52.19,Utility Enemy 1,Utility,PatrolAction,None,1.00,82.8,0,0.41,0,0.120,0.000,81768406
52.19,Utility Enemy 13,Utility,PatrolAction,None,1.00,65.3,0,0.41,0,0.120,0.000,81768406
52.19,Utility Enemy 10,Utility,PatrolAction,None,1.00,51.6,0,0.41,16,0.120,0.000,81768406
52.19,Utility Enemy 15,Utility,PatrolAction,None,1.00,93.4,0,0.41,0,0.120,0.000,81768406
52.19,Utility Enemy 11,Utility,PatrolAction,None,0.90,25.0,0,0.41,0,0.120,0.000,81768406
52.19,Utility Enemy 3,Utility,PatrolAction,None,1.00,87.0,0,0.41,0,0.120,0.000,81768406
52.19,Utility Enemy 12,Utility,PatrolAction,None,1.00,34.7,0,0.41,16,0.120,0.000,81768406
53.19,Player,Player,-,None,0.41,,0,0.41,,,,81768406
53.19,FSM Enemy 13,FSM,PatrolState,None,1.00,84.2,0,0.41,0,,,81768406
53.19,FSM Enemy 10,FSM,PatrolState,None,1.00,65.3,0,0.41,0,,,81768406
53.19,FSM Enemy 14,FSM,PatrolState,None,1.00,62.1,0,0.41,0,,,81768406
53.19,FSM Enemy 4,FSM,PatrolState,None,1.00,29.2,0,0.41,0,,,81768406
53.19,FSM Enemy 12,FSM,PatrolState,None,1.00,52.1,0,0.41,0,,,81768406
53.19,FSM Enemy 3,FSM,PatrolState,None,1.00,88.7,0,0.41,0,,,81768406
53.19,FSM Enemy 5,FSM,PatrolState,None,1.00,103.1,0,0.41,0,,,81768406
53.19,FSM Enemy 1,FSM,PatrolState,None,1.00,120.7,0,0.41,0,,,81768406
53.19,FSM Enemy 7,FSM,PatrolState,None,1.00,45.8,0,0.41,24,,,81768406
53.19,FSM Enemy 2,FSM,PatrolState,None,1.00,77.3,0,0.41,0,,,81768406
53.19,FSM Enemy 15,FSM,PatrolState,None,1.00,78.3,0,0.41,24,,,81768406
53.19,FSM Enemy 6,FSM,PatrolState,None,1.00,49.9,0,0.41,0,,,81768406
53.19,FSM Enemy 11,FSM,PatrolState,None,1.00,83.5,0,0.41,0,,,81768406
53.19,FSM Enemy 9,FSM,PatrolState,None,1.00,46.1,0,0.41,0,,,81768406
53.19,FSM Enemy 8,FSM,PatrolState,None,1.00,77.7,0,0.41,0,,,81768406
53.19,Utility Enemy 4,Utility,PatrolAction,None,1.00,102.1,0,0.41,0,0.120,0.000,81768406
53.19,Utility Enemy 7,Utility,PatrolAction,None,1.00,47.2,0,0.41,0,0.120,0.000,81768406
53.19,Utility Enemy 8,Utility,PatrolAction,None,1.00,85.5,0,0.41,0,0.120,0.000,81768406
53.19,Utility Enemy 14,Utility,ChaseAction,None,1.00,20.1,0,0.41,8,0.490,0.400,81768406
53.19,Utility Enemy 5,Utility,PatrolAction,None,1.00,87.4,0,0.41,0,0.120,0.000,81768406
53.19,Utility Enemy 6,Utility,PatrolAction,None,1.00,57.8,0,0.41,0,0.120,0.000,81768406
53.19,Utility Enemy 9,Utility,PatrolAction,None,1.00,41.3,0,0.41,0,0.120,0.000,81768406
53.19,Utility Enemy 2,Utility,PatrolAction,None,1.00,89.7,0,0.41,0,0.120,0.000,81768406
53.19,Utility Enemy 1,Utility,PatrolAction,None,1.00,82.3,0,0.41,0,0.120,0.000,81768406
53.19,Utility Enemy 13,Utility,PatrolAction,None,1.00,69.7,0,0.41,0,0.120,0.000,81768406
53.19,Utility Enemy 10,Utility,PatrolAction,None,1.00,54.9,0,0.41,16,0.120,0.000,81768406
53.19,Utility Enemy 15,Utility,PatrolAction,None,1.00,97.9,0,0.41,0,0.120,0.000,81768406
53.19,Utility Enemy 11,Utility,PatrolAction,None,0.90,24.9,0,0.41,0,0.120,0.000,81768406
53.19,Utility Enemy 3,Utility,PatrolAction,None,1.00,89.1,0,0.41,0,0.120,0.000,81768406
53.19,Utility Enemy 12,Utility,PatrolAction,None,1.00,35.5,0,0.41,16,0.120,0.000,81768406
54.19,Player,Player,-,None,0.41,,0,0.41,,,,81768406
54.19,FSM Enemy 13,FSM,PatrolState,None,1.00,85.2,0,0.41,0,,,81768406
54.19,FSM Enemy 10,FSM,PatrolState,None,1.00,68.9,0,0.41,0,,,81768406
54.19,FSM Enemy 14,FSM,PatrolState,None,1.00,62.5,0,0.41,0,,,81768406
54.19,FSM Enemy 4,FSM,PatrolState,None,1.00,29.7,0,0.41,0,,,81768406
54.19,FSM Enemy 12,FSM,PatrolState,None,1.00,53.0,0,0.41,0,,,81768406
54.19,FSM Enemy 3,FSM,PatrolState,None,1.00,93.8,0,0.41,0,,,81768406
54.19,FSM Enemy 5,FSM,PatrolState,None,1.00,107.2,0,0.41,0,,,81768406
54.19,FSM Enemy 1,FSM,PatrolState,None,1.00,126.2,0,0.41,0,,,81768406
54.19,FSM Enemy 7,FSM,PatrolState,None,1.00,48.7,0,0.41,24,,,81768406
54.19,FSM Enemy 2,FSM,PatrolState,None,1.00,82.1,0,0.41,0,,,81768406
54.19,FSM Enemy 15,FSM,PatrolState,None,1.00,79.7,0,0.41,24,,,81768406
54.19,FSM Enemy 6,FSM,PatrolState,None,1.00,50.8,0,0.41,0,,,81768406
54.19,FSM Enemy 11,FSM,PatrolState,None,1.00,86.1,0,0.41,0,,,81768406
54.19,FSM Enemy 9,FSM,PatrolState,None,1.00,51.6,0,0.41,0,,,81768406
54.19,FSM Enemy 8,FSM,PatrolState,None,1.00,80.0,0,0.41,0,,,81768406
54.19,Utility Enemy 4,Utility,PatrolAction,None,1.00,105.9,0,0.41,0,0.120,0.000,81768406
54.19,Utility Enemy 7,Utility,PatrolAction,None,1.00,51.3,0,0.41,0,0.120,0.000,81768406
54.19,Utility Enemy 8,Utility,PatrolAction,None,1.00,87.4,0,0.41,0,0.120,0.000,81768406
54.19,Utility Enemy 14,Utility,ChaseAction,None,1.00,22.8,0,0.41,8,0.490,0.400,81768406
54.19,Utility Enemy 5,Utility,PatrolAction,None,1.00,88.8,0,0.41,0,0.120,0.000,81768406
54.19,Utility Enemy 6,Utility,PatrolAction,None,1.00,60.6,0,0.41,0,0.120,0.000,81768406
54.19,Utility Enemy 9,Utility,PatrolAction,None,1.00,40.2,0,0.41,0,0.120,0.000,81768406
54.19,Utility Enemy 2,Utility,PatrolAction,None,1.00,87.8,0,0.41,0,0.120,0.000,81768406
54.19,Utility Enemy 1,Utility,PatrolAction,None,1.00,83.8,0,0.41,0,0.120,0.000,81768406
54.19,Utility Enemy 13,Utility,PatrolAction,None,1.00,72.0,0,0.41,0,0.120,0.000,81768406
54.19,Utility Enemy 10,Utility,PatrolAction,None,1.00,54.9,0,0.41,16,0.120,0.000,81768406
54.19,Utility Enemy 15,Utility,PatrolAction,None,1.00,105.0,0,0.41,0,0.120,0.000,81768406
54.19,Utility Enemy 11,Utility,PatrolAction,None,0.90,25.8,0,0.41,0,0.120,0.000,81768406
54.19,Utility Enemy 3,Utility,PatrolAction,None,1.00,87.2,0,0.41,0,0.120,0.000,81768406
54.19,Utility Enemy 12,Utility,PatrolAction,None,1.00,37.8,0,0.41,16,0.120,0.000,81768406
55.20,Player,Player,-,None,0.41,,0,0.41,,,,81768406
55.20,FSM Enemy 13,FSM,PatrolState,None,1.00,83.5,0,0.41,0,,,81768406
55.20,FSM Enemy 10,FSM,PatrolState,None,1.00,69.8,0,0.41,0,,,81768406
55.20,FSM Enemy 14,FSM,PatrolState,None,1.00,60.4,0,0.41,0,,,81768406
55.20,FSM Enemy 4,FSM,PatrolState,None,1.00,27.6,0,0.41,0,,,81768406
55.20,FSM Enemy 12,FSM,PatrolState,None,1.00,51.2,0,0.41,0,,,81768406
55.20,FSM Enemy 3,FSM,PatrolState,None,1.00,95.9,0,0.41,0,,,81768406
55.20,FSM Enemy 5,FSM,PatrolState,None,1.00,108.2,0,0.41,0,,,81768406
55.20,FSM Enemy 1,FSM,PatrolState,None,1.00,125.9,0,0.41,0,,,81768406
55.20,FSM Enemy 7,FSM,PatrolState,None,1.00,48.7,0,0.41,24,,,81768406
55.20,FSM Enemy 2,FSM,PatrolState,None,1.00,84.2,0,0.41,0,,,81768406
55.20,FSM Enemy 15,FSM,PatrolState,None,1.00,78.0,0,0.41,24,,,81768406
55.20,FSM Enemy 6,FSM,PatrolState,None,1.00,49.0,0,0.41,0,,,81768406
55.20,FSM Enemy 11,FSM,PatrolState,None,1.00,85.6,0,0.41,0,,,81768406
55.20,FSM Enemy 9,FSM,PatrolState,None,1.00,53.9,0,0.41,0,,,81768406
55.20,FSM Enemy 8,FSM,PatrolState,None,1.00,78.4,0,0.41,0,,,81768406
55.20,Utility Enemy 4,Utility,PatrolAction,None,1.00,105.7,0,0.41,0,0.120,0.000,81768406
55.20,Utility Enemy 7,Utility,PatrolAction,None,1.00,52.0,0,0.41,0,0.120,0.000,81768406
55.20,Utility Enemy 8,Utility,PatrolAction,None,1.00,91.3,0,0.41,0,0.120,0.000,81768406
55.20,Utility Enemy 14,Utility,ChaseAction,None,1.00,22.4,0,0.41,8,0.490,0.400,81768406
55.20,Utility Enemy 5,Utility,PatrolAction,None,1.00,86.6,0,0.41,0,0.120,0.000,81768406
55.20,Utility Enemy 6,Utility,PatrolAction,None,1.00,58.1,0,0.41,0,0.120,0.000,81768406
55.20,Utility Enemy 9,Utility,PatrolAction,None,1.00,42.6,0,0.41,0,0.120,0.000,81768406
55.20,Utility Enemy 2,Utility,PatrolAction,None,1.00,84.4,0,0.41,0,0.120,0.000,81768406
55.20,Utility Enemy 1,Utility,PatrolAction,None,1.00,83.3,0,0.41,0,0.120,0.000,81768406
55.20,Utility Enemy 13,Utility,PatrolAction,None,1.00,68.2,0,0.41,0,0.120,0.000,81768406
55.20,Utility Enemy 10,Utility,PatrolAction,None,1.00,51.4,0,0.41,16,0.120,0.000,81768406
55.20,Utility Enemy 15,Utility,PatrolAction,None,1.00,104.1,0,0.41,0,0.120,0.000,81768406
55.20,Utility Enemy 11,Utility,PatrolAction,None,0.90,24.0,0,0.41,0,0.120,0.000,81768406
55.20,Utility Enemy 3,Utility,PatrolAction,None,1.00,87.4,0,0.41,0,0.120,0.000,81768406
55.20,Utility Enemy 12,Utility,PatrolAction,None,1.00,39.5,0,0.41,16,0.120,0.000,81768406
56.20,Player,Player,-,None,0.41,,0,0.41,,,,81768406
56.20,FSM Enemy 13,FSM,PatrolState,None,1.00,83.1,0,0.41,0,,,81768406
56.20,FSM Enemy 10,FSM,PatrolState,None,1.00,69.8,0,0.41,0,,,81768406
56.20,FSM Enemy 14,FSM,PatrolState,None,1.00,57.4,0,0.41,0,,,81768406
56.20,FSM Enemy 4,FSM,PatrolState,None,1.00,25.0,0,0.41,0,,,81768406
56.20,FSM Enemy 12,FSM,PatrolState,None,1.00,49.1,0,0.41,0,,,81768406
56.20,FSM Enemy 3,FSM,PatrolState,None,1.00,97.0,0,0.41,0,,,81768406
56.20,FSM Enemy 5,FSM,PatrolState,None,1.00,108.4,0,0.41,0,,,81768406
56.20,FSM Enemy 1,FSM,PatrolState,None,1.00,123.1,0,0.41,0,,,81768406
56.20,FSM Enemy 7,FSM,PatrolState,None,1.00,48.0,0,0.41,24,,,81768406
56.20,FSM Enemy 2,FSM,PatrolState,None,1.00,84.4,0,0.41,0,,,81768406
56.20,FSM Enemy 15,FSM,PatrolState,None,1.00,75.5,0,0.41,24,,,81768406
56.20,FSM Enemy 6,FSM,PatrolState,None,1.00,46.8,0,0.41,0,,,81768406
56.20,FSM Enemy 11,FSM,PatrolState,None,1.00,83.8,0,0.41,0,,,81768406
56.20,FSM Enemy 9,FSM,PatrolState,None,1.00,55.4,0,0.41,0,,,81768406
56.20,FSM Enemy 8,FSM,PatrolState,None,1.00,76.0,0,0.41,0,,,81768406
56.20,Utility Enemy 4,Utility,PatrolAction,None,1.00,104.0,0,0.41,0,0.120,0.000,81768406
56.20,Utility Enemy 7,Utility,PatrolAction,None,1.00,49.3,0,0.41,0,0.120,0.000,81768406
56.20,Utility Enemy 8,Utility,PatrolAction,None,1.00,94.8,0,0.41,0,0.120,0.000,81768406
56.20,Utility Enemy 14,Utility,ChaseAction,None,1.00,21.2,0,0.41,8,0.490,0.400,81768406
56.20,Utility Enemy 5,Utility,PatrolAction,None,1.00,82.2,0,0.41,0,0.120,0.000,81768406
56.20,Utility Enemy 6,Utility,PatrolAction,None,1.00,59.9,0,0.41,0,0.120,0.000,81768406
56.20,Utility Enemy 9,Utility,PatrolAction,None,1.00,44.6,0,0.41,0,0.120,0.000,81768406
56.20,Utility Enemy 2,Utility,PatrolAction,None,1.00,84.6,0,0.41,0,0.120,0.000,81768406
56.20,Utility Enemy 1,Utility,PatrolAction,None,1.00,82.5,0,0.41,0,0.120,0.000,81768406
56.20,Utility Enemy 13,Utility,PatrolAction,None,1.00,64.3,0,0.41,0,0.120,0.000,81768406
56.20,Utility Enemy 10,Utility,PatrolAction,None,1.00,52.7,0,0.41,16,0.120,0.000,81768406
56.20,Utility Enemy 15,Utility,PatrolAction,None,1.00,100.2,0,0.41,0,0.120,0.000,81768406
56.20,Utility Enemy 11,Utility,PatrolAction,None,0.90,22.4,0,0.41,0,0.120,0.000,81768406
56.20,Utility Enemy 3,Utility,PatrolAction,None,1.00,88.2,0,0.41,0,0.120,0.000,81768406
56.20,Utility Enemy 12,Utility,PatrolAction,None,1.00,41.7,0,0.41,16,0.120,0.000,81768406
57.21,Player,Player,-,None,0.41,,0,0.41,,,,81768406
57.21,FSM Enemy 13,FSM,PatrolState,None,1.00,81.8,0,0.41,0,,,81768406
57.21,FSM Enemy 10,FSM,PatrolState,None,1.00,69.0,0,0.41,0,,,81768406
57.21,FSM Enemy 14,FSM,PatrolState,None,1.00,53.8,0,0.41,0,,,81768406
57.21,FSM Enemy 4,FSM,PatrolState,None,1.00,21.7,0,0.41,0,,,81768406
57.21,FSM Enemy 12,FSM,PatrolState,None,1.00,45.7,0,0.41,0,,,81768406
57.21,FSM Enemy 3,FSM,PatrolState,None,1.00,97.1,0,0.41,0,,,81768406
57.21,FSM Enemy 5,FSM,PatrolState,None,1.00,105.9,0,0.41,0,,,81768406
57.21,FSM Enemy 1,FSM,PatrolState,None,1.00,119.1,0,0.41,0,,,81768406
57.21,FSM Enemy 7,FSM,PatrolState,None,1.00,46.4,0,0.41,24,,,81768406
57.21,FSM Enemy 2,FSM,PatrolState,None,1.00,82.9,0,0.41,0,,,81768406
57.21,FSM Enemy 15,FSM,PatrolState,None,1.00,72.0,0,0.41,24,,,81768406
57.21,FSM Enemy 6,FSM,PatrolState,None,1.00,43.5,0,0.41,0,,,81768406
57.21,FSM Enemy 11,FSM,PatrolState,None,1.00,81.0,0,0.41,0,,,81768406
57.21,FSM Enemy 9,FSM,PatrolState,None,1.00,54.9,0,0.41,0,,,81768406
57.21,FSM Enemy 8,FSM,PatrolState,None,1.00,72.5,0,0.41,0,,,81768406
57.21,Utility Enemy 4,Utility,PatrolAction,None,1.00,100.2,0,0.41,0,0.120,0.000,81768406
57.21,Utility Enemy 7,Utility,PatrolAction,None,1.00,47.4,0,0.41,0,0.120,0.000,81768406
57.21,Utility Enemy 8,Utility,PatrolAction,None,1.00,97.2,0,0.41,0,0.120,0.000,81768406
57.21,Utility Enemy 14,Utility,PatrolAction,None,1.00,18.7,0,0.41,8,0.120,0.000,81768406
57.21,Utility Enemy 5,Utility,PatrolAction,None,1.00,79.9,0,0.41,0,0.120,0.000,81768406
57.21,Utility Enemy 6,Utility,PatrolAction,None,1.00,59.5,0,0.41,0,0.120,0.000,81768406
57.21,Utility Enemy 9,Utility,PatrolAction,None,1.00,44.9,0,0.41,0,0.120,0.000,81768406
57.21,Utility Enemy 2,Utility,PatrolAction,None,1.00,82.3,0,0.41,0,0.120,0.000,81768406
57.21,Utility Enemy 1,Utility,PatrolAction,None,1.00,76.8,0,0.41,0,0.120,0.000,81768406
57.21,Utility Enemy 13,Utility,PatrolAction,None,1.00,61.9,0,0.41,0,0.120,0.000,81768406
57.21,Utility Enemy 10,Utility,PatrolAction,None,1.00,53.8,0,0.41,16,0.120,0.000,81768406
57.21,Utility Enemy 15,Utility,PatrolAction,None,1.00,95.2,0,0.41,0,0.120,0.000,81768406
57.21,Utility Enemy 11,Utility,PatrolAction,None,0.90,25.0,0,0.41,0,0.120,0.000,81768406
57.21,Utility Enemy 3,Utility,PatrolAction,None,1.00,89.6,0,0.41,0,0.120,0.000,81768406
57.21,Utility Enemy 12,Utility,PatrolAction,None,1.00,43.1,0,0.41,16,0.120,0.000,81768406
58.22,Player,Player,-,None,0.41,,0,0.41,,,,81768406
58.22,FSM Enemy 13,FSM,PatrolState,None,1.00,82.7,0,0.41,0,,,81768406
58.22,FSM Enemy 10,FSM,PatrolState,None,1.00,70.2,0,0.41,0,,,81768406
58.22,FSM Enemy 14,FSM,PatrolState,None,1.00,52.6,0,0.41,0,,,81768406
58.22,FSM Enemy 4,FSM,PatrolState,None,1.00,23.4,0,0.41,0,,,81768406
58.22,FSM Enemy 12,FSM,PatrolState,None,1.00,43.2,0,0.41,0,,,81768406
58.22,FSM Enemy 3,FSM,PatrolState,None,1.00,98.7,0,0.41,0,,,81768406
58.22,FSM Enemy 5,FSM,PatrolState,None,1.00,104.0,0,0.41,0,,,81768406
58.22,FSM Enemy 1,FSM,PatrolState,None,1.00,116.7,0,0.41,0,,,81768406
58.22,FSM Enemy 7,FSM,PatrolState,None,1.00,46.4,0,0.41,24,,,81768406
58.22,FSM Enemy 2,FSM,PatrolState,None,1.00,82.0,0,0.41,0,,,81768406
58.22,FSM Enemy 15,FSM,PatrolState,None,1.00,70.0,0,0.41,24,,,81768406
58.22,FSM Enemy 6,FSM,PatrolState,None,1.00,41.0,0,0.41,0,,,81768406
58.22,FSM Enemy 11,FSM,PatrolState,None,1.00,78.9,0,0.41,0,,,81768406
58.22,FSM Enemy 9,FSM,PatrolState,None,1.00,55.9,0,0.41,0,,,81768406
58.22,FSM Enemy 8,FSM,PatrolState,None,1.00,70.4,0,0.41,0,,,81768406
58.22,Utility Enemy 4,Utility,PatrolAction,None,1.00,98.0,0,0.41,0,0.120,0.000,81768406
58.22,Utility Enemy 7,Utility,PatrolAction,None,1.00,45.4,0,0.41,0,0.120,0.000,81768406
58.22,Utility Enemy 8,Utility,PatrolAction,None,1.00,101.6,0,0.41,0,0.120,0.000,81768406
58.22,Utility Enemy 14,Utility,PatrolAction,None,1.00,19.3,0,0.41,8,0.120,0.000,81768406
58.22,Utility Enemy 5,Utility,PatrolAction,None,1.00,79.3,0,0.41,0,0.120,0.000,81768406
58.22,Utility Enemy 6,Utility,PatrolAction,None,1.00,60.4,0,0.41,0,0.120,0.000,81768406
58.22,Utility Enemy 9,Utility,PatrolAction,None,1.00,42.0,0,0.41,0,0.120,0.000,81768406
58.22,Utility Enemy 2,Utility,PatrolAction,None,1.00,81.8,0,0.41,0,0.120,0.000,81768406
58.22,Utility Enemy 1,Utility,PatrolAction,None,1.00,72.3,0,0.41,0,0.120,0.000,81768406
58.22,Utility Enemy 13,Utility,PatrolAction,None,1.00,62.5,0,0.41,0,0.120,0.000,81768406
58.22,Utility Enemy 10,Utility,PatrolAction,None,1.00,57.2,0,0.41,16,0.120,0.000,81768406
58.22,Utility Enemy 15,Utility,PatrolAction,None,1.00,97.1,0,0.41,0,0.120,0.000,81768406
58.22,Utility Enemy 11,Utility,PatrolAction,None,0.90,26.2,0,0.41,0,0.120,0.000,81768406
58.22,Utility Enemy 3,Utility,PatrolAction,None,1.00,91.4,0,0.41,0,0.120,0.000,81768406
58.22,Utility Enemy 12,Utility,PatrolAction,None,1.00,43.2,0,0.41,16,0.120,0.000,81768406
59.22,Player,Player,-,None,0.41,,0,0.41,,,,81768406
59.22,FSM Enemy 13,FSM,PatrolState,None,1.00,85.2,0,0.41,0,,,81768406
59.22,FSM Enemy 10,FSM,PatrolState,None,1.00,72.0,0,0.41,0,,,81768406
59.22,FSM Enemy 14,FSM,PatrolState,None,1.00,54.6,0,0.41,0,,,81768406
59.22,FSM Enemy 4,FSM,PatrolState,None,1.00,25.8,0,0.41,0,,,81768406
59.22,FSM Enemy 12,FSM,PatrolState,None,1.00,40.8,0,0.41,0,,,81768406
59.22,FSM Enemy 3,FSM,PatrolState,None,1.00,96.8,0,0.41,0,,,81768406
59.22,FSM Enemy 5,FSM,PatrolState,None,1.00,102.4,0,0.41,0,,,81768406
59.22,FSM Enemy 1,FSM,PatrolState,None,1.00,114.4,0,0.41,0,,,81768406
59.22,FSM Enemy 7,FSM,PatrolState,None,1.00,46.7,0,0.41,24,,,81768406
59.22,FSM Enemy 2,FSM,PatrolState,None,1.00,80.2,0,0.41,0,,,81768406
59.22,FSM Enemy 15,FSM,PatrolState,None,1.00,68.2,0,0.41,24,,,81768406
59.22,FSM Enemy 6,FSM,PatrolState,None,1.00,38.7,0,0.41,0,,,81768406
59.22,FSM Enemy 11,FSM,PatrolState,None,1.00,79.3,0,0.41,0,,,81768406
59.22,FSM Enemy 9,FSM,PatrolState,None,1.00,56.3,0,0.41,0,,,81768406
59.22,FSM Enemy 8,FSM,PatrolState,None,1.00,68.4,0,0.41,0,,,81768406
59.22,Utility Enemy 4,Utility,PatrolAction,None,1.00,94.6,0,0.41,0,0.120,0.000,81768406
59.22,Utility Enemy 7,Utility,PatrolAction,None,1.00,47.1,0,0.41,0,0.120,0.000,81768406
59.22,Utility Enemy 8,Utility,PatrolAction,None,1.00,105.9,0,0.41,0,0.120,0.000,81768406
59.22,Utility Enemy 14,Utility,PatrolAction,None,1.00,20.0,0,0.41,8,0.120,0.000,81768406
59.22,Utility Enemy 5,Utility,PatrolAction,None,1.00,81.8,0,0.41,0,0.120,0.000,81768406
59.22,Utility Enemy 6,Utility,PatrolAction,None,1.00,63.2,0,0.41,0,0.120,0.000,81768406
59.22,Utility Enemy 9,Utility,PatrolAction,None,1.00,39.6,0,0.41,0,0.120,0.000,81768406
59.22,Utility Enemy 2,Utility,PatrolAction,None,1.00,77.9,0,0.41,0,0.120,0.000,81768406
59.22,Utility Enemy 1,Utility,PatrolAction,None,1.00,68.5,0,0.41,0,0.120,0.000,81768406
59.22,Utility Enemy 13,Utility,PatrolAction,None,1.00,63.8,0,0.41,0,0.120,0.000,81768406
59.22,Utility Enemy 10,Utility,PatrolAction,None,1.00,55.9,0,0.41,16,0.120,0.000,81768406
59.22,Utility Enemy 15,Utility,PatrolAction,None,1.00,99.4,0,0.41,0,0.120,0.000,81768406
59.22,Utility Enemy 11,Utility,PatrolAction,None,0.90,22.2,0,0.41,0,0.120,0.000,81768406
59.22,Utility Enemy 3,Utility,PatrolAction,None,1.00,90.2,0,0.41,0,0.120,0.000,81768406
59.22,Utility Enemy 12,Utility,PatrolAction,None,1.00,43.4,0,0.41,16,0.120,0.000,81768406
60.23,Player,Player,-,None,0.41,,0,0.41,,,,81768406
60.23,FSM Enemy 13,FSM,PatrolState,None,1.00,87.5,0,0.41,0,,,81768406
60.23,FSM Enemy 10,FSM,PatrolState,None,1.00,73.4,0,0.41,0,,,81768406
60.23,FSM Enemy 14,FSM,PatrolState,None,1.00,56.3,0,0.41,0,,,81768406
60.23,FSM Enemy 4,FSM,PatrolState,None,1.00,27.7,0,0.41,0,,,81768406
60.23,FSM Enemy 12,FSM,PatrolState,None,1.00,38.2,0,0.41,0,,,81768406
60.23,FSM Enemy 3,FSM,PatrolState,None,1.00,93.8,0,0.41,0,,,81768406
60.23,FSM Enemy 5,FSM,PatrolState,None,1.00,100.3,0,0.41,0,,,81768406
60.23,FSM Enemy 1,FSM,PatrolState,None,1.00,112.1,0,0.41,0,,,81768406
60.23,FSM Enemy 7,FSM,PatrolState,None,1.00,46.6,0,0.41,24,,,81768406
60.23,FSM Enemy 2,FSM,PatrolState,None,1.00,77.9,0,0.41,0,,,81768406
60.23,FSM Enemy 15,FSM,PatrolState,None,1.00,66.0,0,0.41,24,,,81768406
60.23,FSM Enemy 6,FSM,PatrolState,None,1.00,36.2,0,0.41,0,,,81768406
60.23,FSM Enemy 11,FSM,PatrolState,None,1.00,81.3,0,0.41,0,,,81768406
60.23,FSM Enemy 9,FSM,PatrolState,None,1.00,54.2,0,0.41,0,,,81768406
60.23,FSM Enemy 8,FSM,PatrolState,None,1.00,66.0,0,0.41,0,,,81768406
60.23,Utility Enemy 4,Utility,PatrolAction,None,1.00,92.2,0,0.41,0,0.120,0.000,81768406
60.23,Utility Enemy 7,Utility,PatrolAction,None,1.00,49.0,0,0.41,0,0.120,0.000,81768406
60.23,Utility Enemy 8,Utility,PatrolAction,None,1.00,107.8,0,0.41,0,0.120,0.000,81768406
60.23,Utility Enemy 14,Utility,PatrolAction,None,1.00,22.5,0,0.41,8,0.120,0.000,81768406
60.23,Utility Enemy 5,Utility,PatrolAction,None,1.00,86.0,0,0.41,0,0.120,0.000,81768406
60.23,Utility Enemy 6,Utility,PatrolAction,None,1.00,64.1,0,0.41,0,0.120,0.000,81768406
60.23,Utility Enemy 9,Utility,PatrolAction,None,1.00,39.6,0,0.41,0,0.120,0.000,81768406
60.23,Utility Enemy 2,Utility,PatrolAction,None,1.00,73.2,0,0.41,0,0.120,0.000,81768406
60.23,Utility Enemy 1,Utility,PatrolAction,None,1.00,66.4,0,0.41,0,0.120,0.000,81768406
60.23,Utility Enemy 13,Utility,PatrolAction,None,1.00,67.8,0,0.41,0,0.120,0.000,81768406
60.23,Utility Enemy 10,Utility,PatrolAction,None,1.00,51.7,0,0.41,16,0.120,0.000,81768406
60.23,Utility Enemy 15,Utility,PatrolAction,None,1.00,99.5,0,0.41,0,0.120,0.000,81768406
60.23,Utility Enemy 11,Utility,PatrolAction,None,0.90,18.6,0,0.41,0,0.120,0.000,81768406
60.23,Utility Enemy 3,Utility,PatrolAction,None,1.00,87.8,0,0.41,0,0.120,0.000,81768406
60.23,Utility Enemy 12,Utility,PatrolAction,None,1.00,44.5,0,0.41,16,0.120,0.000,81768406
61.23,Player,Player,-,None,0.41,,0,0.41,,,,81768406
61.23,FSM Enemy 13,FSM,PatrolState,None,1.00,89.7,0,0.41,0,,,81768406
61.23,FSM Enemy 10,FSM,PatrolState,None,1.00,75.3,0,0.41,0,,,81768406
61.23,FSM Enemy 14,FSM,PatrolState,None,1.00,58.7,0,0.41,0,,,81768406
61.23,FSM Enemy 4,FSM,PatrolState,None,1.00,30.1,0,0.41,0,,,81768406
61.23,FSM Enemy 12,FSM,PatrolState,None,1.00,35.8,0,0.41,0,,,81768406
61.23,FSM Enemy 3,FSM,PatrolState,None,1.00,91.4,0,0.41,0,,,81768406
61.23,FSM Enemy 5,FSM,PatrolState,None,1.00,98.6,0,0.41,0,,,81768406
61.23,FSM Enemy 1,FSM,PatrolState,None,1.00,114.1,0,0.41,0,,,81768406
61.23,FSM Enemy 7,FSM,PatrolState,None,1.00,46.6,0,0.41,24,,,81768406
61.23,FSM Enemy 2,FSM,PatrolState,None,1.00,79.4,0,0.41,0,,,81768406
61.23,FSM Enemy 15,FSM,PatrolState,None,1.00,64.3,0,0.41,24,,,81768406
61.23,FSM Enemy 6,FSM,PatrolState,None,1.00,33.8,0,0.41,0,,,81768406
61.23,FSM Enemy 11,FSM,PatrolState,None,1.00,83.4,0,0.41,0,,,81768406
61.23,FSM Enemy 9,FSM,PatrolState,None,1.00,52.7,0,0.41,0,,,81768406
61.23,FSM Enemy 8,FSM,PatrolState,None,1.00,64.0,0,0.41,0,,,81768406
61.23,Utility Enemy 4,Utility,PatrolAction,None,1.00,94.1,0,0.41,0,0.120,0.000,81768406
61.23,Utility Enemy 7,Utility,PatrolAction,None,1.00,51.8,0,0.41,0,0.120,0.000,81768406
61.23,Utility Enemy 8,Utility,PatrolAction,None,1.00,110.3,0,0.41,0,0.120,0.000,81768406
61.23,Utility Enemy 14,Utility,PatrolAction,None,1.00,21.5,0,0.41,8,0.120,0.000,81768406
61.23,Utility Enemy 5,Utility,PatrolAction,None,1.00,89.8,0,0.41,0,0.120,0.000,81768406
61.23,Utility Enemy 6,Utility,PatrolAction,None,1.00,67.9,0,0.41,0,0.120,0.000,81768406
61.23,Utility Enemy 9,Utility,Dead,None,0.00,43.9,0,0.41,0,0.120,0.000,81768406
61.23,Utility Enemy 2,Utility,PatrolAction,None,1.00,73.9,0,0.41,0,0.120,0.000,81768406
61.23,Utility Enemy 1,Utility,PatrolAction,None,1.00,64.3,0,0.41,0,0.120,0.000,81768406
61.23,Utility Enemy 13,Utility,PatrolAction,None,1.00,71.9,0,0.41,0,0.120,0.000,81768406
61.23,Utility Enemy 10,Utility,PatrolAction,None,1.00,48.8,0,0.41,16,0.120,0.000,81768406
61.23,Utility Enemy 15,Utility,PatrolAction,None,1.00,100.5,0,0.41,0,0.120,0.000,81768406
61.23,Utility Enemy 11,Utility,PatrolAction,None,0.90,14.9,0,0.41,0,0.120,0.000,81768406
61.23,Utility Enemy 3,Utility,PatrolAction,None,1.00,87.2,0,0.41,0,0.120,0.000,81768406
61.23,Utility Enemy 12,Utility,PatrolAction,None,1.00,47.4,0,0.41,16,0.120,0.000,81768406
62.24,Player,Player,-,None,0.41,,0,0.41,,,,81768406
62.24,FSM Enemy 13,FSM,PatrolState,None,1.00,92.1,0,0.41,0,,,81768406
62.24,FSM Enemy 10,FSM,PatrolState,None,1.00,77.6,0,0.41,0,,,81768406
62.24,FSM Enemy 14,FSM,PatrolState,None,1.00,61.2,0,0.41,0,,,81768406
62.24,FSM Enemy 4,FSM,PatrolState,None,1.00,32.6,0,0.41,0,,,81768406
62.24,FSM Enemy 12,FSM,PatrolState,None,1.00,33.4,0,0.41,0,,,81768406
62.24,FSM Enemy 3,FSM,PatrolState,None,1.00,89.0,0,0.41,0,,,81768406
62.24,FSM Enemy 5,FSM,PatrolState,None,1.00,97.0,0,0.41,0,,,81768406
62.24,FSM Enemy 1,FSM,PatrolState,None,1.00,116.2,0,0.41,0,,,81768406
62.24,FSM Enemy 7,FSM,PatrolState,None,1.00,47.2,0,0.41,24,,,81768406
62.24,FSM Enemy 2,FSM,PatrolState,None,1.00,81.2,0,0.41,0,,,81768406
62.24,FSM Enemy 15,FSM,PatrolState,None,1.00,62.7,0,0.41,24,,,81768406
62.24,FSM Enemy 6,FSM,PatrolState,None,1.00,31.5,0,0.41,0,,,81768406
62.24,FSM Enemy 11,FSM,PatrolState,None,1.00,85.6,0,0.41,0,,,81768406
62.24,FSM Enemy 9,FSM,PatrolState,None,1.00,51.2,0,0.41,0,,,81768406
62.24,FSM Enemy 8,FSM,PatrolState,None,1.00,61.9,0,0.41,0,,,81768406
62.24,Utility Enemy 4,Utility,PatrolAction,None,1.00,96.3,0,0.41,0,0.120,0.000,81768406
62.24,Utility Enemy 7,Utility,PatrolAction,None,1.00,54.8,0,0.41,0,0.120,0.000,81768406
62.24,Utility Enemy 8,Utility,PatrolAction,None,1.00,107.8,0,0.41,0,0.120,0.000,81768406
62.24,Utility Enemy 14,Utility,PatrolAction,None,1.00,24.3,0,0.41,8,0.120,0.000,81768406
62.24,Utility Enemy 5,Utility,PatrolAction,None,1.00,87.9,0,0.41,0,0.120,0.000,81768406
62.24,Utility Enemy 6,Utility,PatrolAction,None,1.00,69.6,0,0.41,0,0.120,0.000,81768406
62.24,Utility Enemy 9,Utility,Dead,None,0.00,43.9,0,0.41,0,0.120,0.000,81768406
62.24,Utility Enemy 2,Utility,PatrolAction,None,1.00,75.4,0,0.41,0,0.120,0.000,81768406
62.24,Utility Enemy 1,Utility,PatrolAction,None,1.00,59.8,0,0.41,0,0.120,0.000,81768406
62.24,Utility Enemy 13,Utility,PatrolAction,None,1.00,73.7,0,0.41,0,0.120,0.000,81768406
62.24,Utility Enemy 10,Utility,PatrolAction,None,1.00,47.7,0,0.41,16,0.120,0.000,81768406
62.24,Utility Enemy 15,Utility,PatrolAction,None,1.00,104.2,0,0.41,0,0.120,0.000,81768406
62.24,Utility Enemy 11,Utility,PatrolAction,None,0.90,11.1,0,0.41,0,0.120,0.000,81768406
62.24,Utility Enemy 3,Utility,PatrolAction,None,1.00,89.0,0,0.41,0,0.120,0.000,81768406
62.24,Utility Enemy 12,Utility,PatrolAction,None,1.00,50.0,0,0.41,16,0.120,0.000,81768406
63.25,Player,Player,-,None,0.41,,0,0.41,,,,81768406
63.25,FSM Enemy 13,FSM,PatrolState,None,1.00,94.1,0,0.41,0,,,81768406
63.25,FSM Enemy 10,FSM,PatrolState,None,1.00,74.3,0,0.41,0,,,81768406
63.25,FSM Enemy 14,FSM,PatrolState,None,1.00,61.9,0,0.41,0,,,81768406
63.25,FSM Enemy 4,FSM,PatrolState,None,1.00,32.6,0,0.41,0,,,81768406
63.25,FSM Enemy 12,FSM,PatrolState,None,1.00,30.7,0,0.41,0,,,81768406
63.25,FSM Enemy 3,FSM,PatrolState,None,1.00,85.1,0,0.41,0,,,81768406
63.25,FSM Enemy 5,FSM,PatrolState,None,1.00,97.5,0,0.41,0,,,81768406
63.25,FSM Enemy 1,FSM,PatrolState,None,1.00,117.3,0,0.41,0,,,81768406
63.25,FSM Enemy 7,FSM,PatrolState,None,1.00,47.0,0,0.41,24,,,81768406
63.25,FSM Enemy 2,FSM,PatrolState,None,1.00,81.3,0,0.41,0,,,81768406
63.25,FSM Enemy 15,FSM,PatrolState,None,1.00,59.9,0,0.41,24,,,81768406
63.25,FSM Enemy 6,FSM,PatrolState,None,1.00,28.9,0,0.41,0,,,81768406
63.25,FSM Enemy 11,FSM,PatrolState,None,1.00,87.9,0,0.41,0,,,81768406
63.25,FSM Enemy 9,FSM,PatrolState,None,1.00,49.0,0,0.41,0,,,81768406
63.25,FSM Enemy 8,FSM,PatrolState,None,1.00,58.6,0,0.41,0,,,81768406
63.25,Utility Enemy 4,Utility,PatrolAction,None,1.00,97.3,0,0.41,0,0.120,0.000,81768406
63.25,Utility Enemy 7,Utility,PatrolAction,None,1.00,56.5,0,0.41,0,0.120,0.000,81768406
63.25,Utility Enemy 8,Utility,PatrolAction,None,1.00,103.2,0,0.41,0,0.120,0.000,81768406
63.25,Utility Enemy 14,Utility,PatrolAction,None,1.00,24.6,0,0.41,8,0.120,0.000,81768406
63.25,Utility Enemy 5,Utility,PatrolAction,None,1.00,84.8,0,0.41,0,0.120,0.000,81768406
63.25,Utility Enemy 6,Utility,PatrolAction,None,1.00,69.7,0,0.41,0,0.120,0.000,81768406
63.25,Utility Enemy 9,Utility,Dead,None,0.00,42.2,0,0.41,0,0.120,0.000,81768406
63.25,Utility Enemy 2,Utility,PatrolAction,None,1.00,71.5,0,0.41,0,0.120,0.000,81768406
63.25,Utility Enemy 1,Utility,PatrolAction,None,1.00,54.6,0,0.41,0,0.120,0.000,81768406
63.25,Utility Enemy 13,Utility,PatrolAction,None,1.00,73.9,0,0.41,0,0.120,0.000,81768406
63.25,Utility Enemy 10,Utility,PatrolAction,None,1.00,49.6,0,0.41,16,0.120,0.000,81768406
63.25,Utility Enemy 15,Utility,PatrolAction,None,1.00,100.2,0,0.41,0,0.120,0.000,81768406
63.25,Utility Enemy 11,Utility,PatrolAction,None,0.90,9.5,0,0.41,0,0.120,0.000,81768406
63.25,Utility Enemy 3,Utility,PatrolAction,None,1.00,87.7,0,0.41,0,0.120,0.000,81768406
63.25,Utility Enemy 12,Utility,PatrolAction,None,1.00,46.0,0,0.41,16,0.120,0.000,81768406
64.25,Player,Player,-,None,0.41,,0,0.41,,,,81768406
64.25,FSM Enemy 13,FSM,PatrolState,None,1.00,95.2,0,0.41,0,,,81768406
64.25,FSM Enemy 10,FSM,PatrolState,None,1.00,71.4,0,0.41,0,,,81768406
64.25,FSM Enemy 14,FSM,PatrolState,None,1.00,63.2,0,0.41,0,,,81768406
64.25,FSM Enemy 4,FSM,PatrolState,None,1.00,29.8,0,0.41,0,,,81768406
64.25,FSM Enemy 12,FSM,PatrolState,None,1.00,28.2,0,0.41,0,,,81768406
64.25,FSM Enemy 3,FSM,PatrolState,None,1.00,83.8,0,0.41,0,,,81768406
64.25,FSM Enemy 5,FSM,PatrolState,None,1.00,99.2,0,0.41,0,,,81768406
64.25,FSM Enemy 1,FSM,PatrolState,None,1.00,118.9,0,0.41,0,,,81768406
64.25,FSM Enemy 7,FSM,PatrolState,None,1.00,47.6,0,0.41,24,,,81768406
64.25,FSM Enemy 2,FSM,PatrolState,None,1.00,82.0,0,0.41,0,,,81768406
64.25,FSM Enemy 15,FSM,PatrolState,None,1.00,57.9,0,0.41,24,,,81768406
64.25,FSM Enemy 6,FSM,PatrolState,None,1.00,27.1,0,0.41,0,,,81768406
64.25,FSM Enemy 11,FSM,PatrolState,None,1.00,89.8,0,0.41,0,,,81768406
64.25,FSM Enemy 9,FSM,PatrolState,None,1.00,47.4,0,0.41,0,,,81768406
64.25,FSM Enemy 8,FSM,PatrolState,None,1.00,56.3,0,0.41,0,,,81768406
64.25,Utility Enemy 4,Utility,PatrolAction,None,1.00,99.2,0,0.41,0,0.120,0.000,81768406
64.25,Utility Enemy 7,Utility,PatrolAction,None,1.00,58.1,0,0.41,0,0.120,0.000,81768406
64.25,Utility Enemy 8,Utility,PatrolAction,None,1.00,104.5,0,0.41,0,0.120,0.000,81768406
64.25,Utility Enemy 14,Utility,PatrolAction,None,1.00,24.2,0,0.41,8,0.120,0.000,81768406
64.25,Utility Enemy 5,Utility,PatrolAction,None,1.00,82.0,0,0.41,0,0.120,0.000,81768406
64.25,Utility Enemy 6,Utility,PatrolAction,None,1.00,72.5,0,0.41,0,0.120,0.000,81768406
64.25,Utility Enemy 9,Utility,Dead,None,0.00,41.4,0,0.41,0,0.120,0.000,81768406
64.25,Utility Enemy 2,Utility,PatrolAction,None,1.00,68.4,0,0.41,0,0.120,0.000,81768406
64.25,Utility Enemy 1,Utility,PatrolAction,None,1.00,50.9,0,0.41,0,0.120,0.000,81768406
64.25,Utility Enemy 13,Utility,PatrolAction,None,1.00,74.7,0,0.41,0,0.120,0.000,81768406
64.25,Utility Enemy 10,Utility,PatrolAction,None,1.00,52.2,0,0.41,16,0.120,0.000,81768406
64.25,Utility Enemy 15,Utility,PatrolAction,None,1.00,95.7,0,0.41,0,0.120,0.000,81768406
64.25,Utility Enemy 11,Utility,PatrolAction,None,0.90,11.5,0,0.41,0,0.120,0.000,81768406
64.25,Utility Enemy 3,Utility,PatrolAction,None,1.00,83.2,0,0.41,0,0.120,0.000,81768406
64.25,Utility Enemy 12,Utility,PatrolAction,None,1.00,41.6,0,0.41,16,0.120,0.000,81768406
65.25,Player,Player,-,None,0.41,,0,0.41,,,,81768406
65.25,FSM Enemy 13,FSM,PatrolState,None,1.00,93.7,0,0.41,0,,,81768406
65.25,FSM Enemy 10,FSM,PatrolState,None,1.00,69.5,0,0.41,0,,,81768406
65.25,FSM Enemy 14,FSM,PatrolState,None,1.00,64.8,0,0.41,0,,,81768406
65.25,FSM Enemy 4,FSM,PatrolState,None,1.00,27.5,0,0.41,0,,,81768406
65.25,FSM Enemy 12,FSM,PatrolState,None,1.00,25.9,0,0.41,0,,,81768406
65.25,FSM Enemy 3,FSM,PatrolState,None,1.00,85.4,0,0.41,0,,,81768406
65.25,FSM Enemy 5,FSM,PatrolState,None,1.00,101.3,0,0.41,0,,,81768406
65.25,FSM Enemy 1,FSM,PatrolState,None,1.00,121.2,0,0.41,0,,,81768406
65.25,FSM Enemy 7,FSM,PatrolState,None,1.00,48.4,0,0.41,24,,,81768406
65.25,FSM Enemy 2,FSM,PatrolState,None,1.00,84.0,0,0.41,0,,,81768406
65.25,FSM Enemy 15,FSM,PatrolState,None,1.00,56.6,0,0.41,24,,,81768406
65.25,FSM Enemy 6,FSM,PatrolState,None,0.25,26.9,0,0.41,0,,,81768406
65.25,FSM Enemy 11,FSM,PatrolState,None,1.00,91.4,0,0.41,0,,,81768406
65.25,FSM Enemy 9,FSM,PatrolState,None,1.00,47.2,0,0.41,0,,,81768406
65.25,FSM Enemy 8,FSM,PatrolState,None,1.00,57.4,0,0.41,0,,,81768406
65.25,Utility Enemy 4,Utility,PatrolAction,None,1.00,99.2,0,0.41,0,0.120,0.000,81768406
65.25,Utility Enemy 7,Utility,PatrolAction,None,1.00,60.6,0,0.41,0,0.120,0.000,81768406
65.25,Utility Enemy 8,Utility,PatrolAction,None,1.00,104.6,0,0.41,0,0.120,0.000,81768406
65.25,Utility Enemy 14,Utility,PatrolAction,None,1.00,22.3,0,0.41,8,0.120,0.000,81768406
65.25,Utility Enemy 5,Utility,PatrolAction,None,1.00,78.6,0,0.41,0,0.120,0.000,81768406
65.25,Utility Enemy 6,Utility,PatrolAction,None,1.00,74.2,0,0.41,0,0.120,0.000,81768406
65.25,Utility Enemy 9,Utility,Dead,None,0.00,41.4,0,0.41,0,0.120,0.000,81768406
65.25,Utility Enemy 2,Utility,PatrolAction,None,1.00,66.9,0,0.41,0,0.120,0.000,81768406
65.25,Utility Enemy 1,Utility,PatrolAction,None,1.00,48.1,0,0.41,0,0.120,0.000,81768406
65.25,Utility Enemy 13,Utility,PatrolAction,None,1.00,74.2,0,0.41,0,0.120,0.000,81768406
65.25,Utility Enemy 10,Utility,PatrolAction,None,1.00,49.0,0,0.41,16,0.120,0.000,81768406
65.25,Utility Enemy 15,Utility,PatrolAction,None,1.00,96.3,0,0.41,0,0.120,0.000,81768406
65.25,Utility Enemy 11,Utility,PatrolAction,None,0.90,15.0,0,0.41,0,0.120,0.000,81768406
65.25,Utility Enemy 3,Utility,PatrolAction,None,1.00,79.5,0,0.41,0,0.120,0.000,81768406
65.25,Utility Enemy 12,Utility,PatrolAction,None,1.00,39.5,0,0.41,16,0.120,0.000,81768406
66.26,Player,Player,-,None,0.41,,0,0.41,,,,81768406
66.26,FSM Enemy 13,FSM,PatrolState,None,1.00,92.3,0,0.41,0,,,81768406
66.26,FSM Enemy 10,FSM,PatrolState,None,1.00,67.4,0,0.41,0,,,81768406
66.26,FSM Enemy 14,FSM,PatrolState,None,1.00,64.8,0,0.41,0,,,81768406
66.26,FSM Enemy 4,FSM,PatrolState,None,1.00,25.9,0,0.41,0,,,81768406
66.26,FSM Enemy 12,FSM,PatrolState,None,1.00,23.5,0,0.41,0,,,81768406
66.26,FSM Enemy 3,FSM,PatrolState,None,1.00,87.0,0,0.41,0,,,81768406
66.26,FSM Enemy 5,FSM,PatrolState,None,1.00,103.5,0,0.41,0,,,81768406
66.26,FSM Enemy 1,FSM,PatrolState,None,1.00,121.3,0,0.41,0,,,81768406
66.26,FSM Enemy 7,FSM,PatrolState,None,1.00,49.2,0,0.41,24,,,81768406
66.26,FSM Enemy 2,FSM,PatrolState,None,1.00,85.9,0,0.41,0,,,81768406
66.26,FSM Enemy 15,FSM,PatrolState,None,1.00,55.7,0,0.41,24,,,81768406
66.26,FSM Enemy 6,FSM,PatrolState,None,0.25,26.5,0,0.41,0,,,81768406
66.26,FSM Enemy 11,FSM,PatrolState,None,1.00,92.0,0,0.41,0,,,81768406
66.26,FSM Enemy 9,FSM,PatrolState,None,1.00,49.1,0,0.41,0,,,81768406
66.26,FSM Enemy 8,FSM,PatrolState,None,1.00,56.6,0,0.41,0,,,81768406
66.26,Utility Enemy 4,Utility,PatrolAction,None,1.00,94.8,0,0.41,0,0.120,0.000,81768406
66.26,Utility Enemy 7,Utility,PatrolAction,None,1.00,64.8,0,0.41,0,0.120,0.000,81768406
66.26,Utility Enemy 8,Utility,PatrolAction,None,1.00,102.7,0,0.41,0,0.120,0.000,81768406
66.26,Utility Enemy 14,Utility,PatrolAction,None,1.00,18.6,0,0.41,8,0.120,0.000,81768406
66.26,Utility Enemy 5,Utility,PatrolAction,None,1.00,77.3,0,0.41,0,0.120,0.000,81768406
66.26,Utility Enemy 6,Utility,PatrolAction,None,1.00,74.7,0,0.41,0,0.120,0.000,81768406
66.26,Utility Enemy 9,Utility,Dead,None,0.00,41.4,0,0.41,0,0.120,0.000,81768406
66.26,Utility Enemy 2,Utility,PatrolAction,None,1.00,66.0,0,0.41,0,0.120,0.000,81768406
66.26,Utility Enemy 1,Utility,PatrolAction,None,1.00,51.5,0,0.41,0,0.120,0.000,81768406
66.26,Utility Enemy 13,Utility,PatrolAction,None,1.00,70.0,0,0.41,0,0.120,0.000,81768406
66.26,Utility Enemy 10,Utility,PatrolAction,None,1.00,47.1,0,0.41,16,0.120,0.000,81768406
66.26,Utility Enemy 15,Utility,PatrolAction,None,1.00,98.4,0,0.41,0,0.120,0.000,81768406
66.26,Utility Enemy 11,Utility,PatrolAction,None,0.90,19.2,0,0.41,0,0.120,0.000,81768406
66.26,Utility Enemy 3,Utility,PatrolAction,None,1.00,77.0,0,0.41,0,0.120,0.000,81768406
66.26,Utility Enemy 12,Utility,PatrolAction,None,1.00,42.9,0,0.41,16,0.120,0.000,81768406
67.26,Player,Player,-,None,0.41,,0,0.41,,,,81768406
67.26,FSM Enemy 13,FSM,PatrolState,None,1.00,92.2,0,0.41,0,,,81768406
67.26,FSM Enemy 10,FSM,PatrolState,None,1.00,65.2,0,0.41,0,,,81768406
67.26,FSM Enemy 14,FSM,PatrolState,None,1.00,62.8,0,0.41,0,,,81768406
67.26,FSM Enemy 4,FSM,PatrolState,None,1.00,24.7,0,0.41,0,,,81768406
67.26,FSM Enemy 12,FSM,PatrolState,None,1.00,19.7,0,0.41,0,,,81768406
67.26,FSM Enemy 3,FSM,PatrolState,None,1.00,88.1,0,0.41,0,,,81768406
67.26,FSM Enemy 5,FSM,PatrolState,None,1.00,104.5,0,0.41,0,,,81768406
67.26,FSM Enemy 1,FSM,PatrolState,None,1.00,120.0,0,0.41,0,,,81768406
67.26,FSM Enemy 7,FSM,PatrolState,None,1.00,48.8,0,0.41,24,,,81768406
67.26,FSM Enemy 2,FSM,PatrolState,None,1.00,87.1,0,0.41,0,,,81768406
67.26,FSM Enemy 15,FSM,PatrolState,None,1.00,54.9,0,0.41,24,,,81768406
67.26,FSM Enemy 6,FSM,PatrolState,None,0.25,24.9,0,0.41,0,,,81768406
67.26,FSM Enemy 11,FSM,PatrolState,None,1.00,89.8,0,0.41,0,,,81768406
67.26,FSM Enemy 9,FSM,PatrolState,None,1.00,50.2,0,0.41,0,,,81768406
67.26,FSM Enemy 8,FSM,PatrolState,None,1.00,55.6,0,0.41,0,,,81768406
67.26,Utility Enemy 4,Utility,PatrolAction,None,1.00,92.7,0,0.41,0,0.120,0.000,81768406
67.26,Utility Enemy 7,Utility,PatrolAction,None,1.00,67.8,0,0.41,0,0.120,0.000,81768406
67.26,Utility Enemy 8,Utility,PatrolAction,None,1.00,103.2,0,0.41,0,0.120,0.000,81768406
67.26,Utility Enemy 14,Utility,PatrolAction,None,1.00,13.3,0,0.41,8,0.120,0.000,81768406
67.26,Utility Enemy 5,Utility,PatrolAction,None,1.00,79.5,0,0.41,0,0.120,0.000,81768406
67.26,Utility Enemy 6,Utility,PatrolAction,None,1.00,71.0,0,0.41,0,0.120,0.000,81768406
67.26,Utility Enemy 9,Utility,Dead,None,0.00,41.5,0,0.41,0,0.120,0.000,81768406
67.26,Utility Enemy 2,Utility,PatrolAction,None,1.00,68.7,0,0.41,0,0.120,0.000,81768406
67.26,Utility Enemy 1,Utility,PatrolAction,None,1.00,54.9,0,0.41,0,0.120,0.000,81768406
67.26,Utility Enemy 13,Utility,PatrolAction,None,1.00,67.1,0,0.41,0,0.120,0.000,81768406
67.26,Utility Enemy 10,Utility,PatrolAction,None,1.00,46.5,0,0.41,16,0.120,0.000,81768406
67.26,Utility Enemy 15,Utility,PatrolAction,None,1.00,98.3,0,0.41,0,0.120,0.000,81768406
67.26,Utility Enemy 11,Utility,PatrolAction,None,0.90,21.0,0,0.41,0,0.120,0.000,81768406
67.26,Utility Enemy 3,Utility,PatrolAction,None,1.00,74.7,0,0.41,0,0.120,0.000,81768406
67.26,Utility Enemy 12,Utility,PatrolAction,None,1.00,44.7,0,0.41,16,0.120,0.000,81768406
68.27,Player,Player,-,None,0.41,,0,0.41,,,,81768406
68.27,FSM Enemy 13,FSM,PatrolState,None,1.00,89.6,0,0.41,0,,,81768406
68.27,FSM Enemy 10,FSM,PatrolState,None,1.00,62.4,0,0.41,0,,,81768406
68.27,FSM Enemy 14,FSM,PatrolState,None,1.00,60.4,0,0.41,0,,,81768406
68.27,FSM Enemy 4,FSM,PatrolState,None,1.00,22.4,0,0.41,0,,,81768406
68.27,FSM Enemy 12,FSM,AttackState,None,0.75,17.2,1,0.41,0,,,81768406
68.27,FSM Enemy 3,FSM,PatrolState,None,1.00,89.4,0,0.41,0,,,81768406
68.27,FSM Enemy 5,FSM,PatrolState,None,1.00,105.2,0,0.41,0,,,81768406
68.27,FSM Enemy 1,FSM,PatrolState,None,1.00,118.1,0,0.41,0,,,81768406
68.27,FSM Enemy 7,FSM,PatrolState,None,1.00,48.2,0,0.41,24,,,81768406
68.27,FSM Enemy 2,FSM,PatrolState,None,1.00,85.5,0,0.41,0,,,81768406
68.27,FSM Enemy 15,FSM,PatrolState,None,1.00,53.7,0,0.41,24,,,81768406
68.27,FSM Enemy 6,FSM,PatrolState,None,0.25,22.7,0,0.41,0,,,81768406
68.27,FSM Enemy 11,FSM,PatrolState,None,1.00,86.0,0,0.41,0,,,81768406
68.27,FSM Enemy 9,FSM,PatrolState,None,1.00,50.9,0,0.41,0,,,81768406
68.27,FSM Enemy 8,FSM,PatrolState,None,1.00,56.1,0,0.41,0,,,81768406
68.27,Utility Enemy 4,Utility,PatrolAction,None,1.00,90.9,0,0.41,0,0.120,0.000,81768406
68.27,Utility Enemy 7,Utility,PatrolAction,None,1.00,66.5,0,0.41,0,0.120,0.000,81768406
68.27,Utility Enemy 8,Utility,PatrolAction,None,1.00,105.3,0,0.41,0,0.120,0.000,81768406
68.27,Utility Enemy 14,Utility,PatrolAction,None,1.00,8.3,0,0.41,8,0.120,0.000,81768406
68.27,Utility Enemy 5,Utility,PatrolAction,None,1.00,82.6,0,0.41,0,0.120,0.000,81768406
68.27,Utility Enemy 6,Utility,PatrolAction,None,1.00,68.1,0,0.41,0,0.120,0.000,81768406
68.27,Utility Enemy 9,Utility,Dead,None,0.00,41.2,0,0.41,0,0.120,0.000,81768406
68.27,Utility Enemy 2,Utility,PatrolAction,None,1.00,69.2,0,0.41,0,0.120,0.000,81768406
68.27,Utility Enemy 1,Utility,PatrolAction,None,1.00,57.1,0,0.41,0,0.120,0.000,81768406
68.27,Utility Enemy 13,Utility,PatrolAction,None,1.00,68.7,0,0.41,0,0.120,0.000,81768406
68.27,Utility Enemy 10,Utility,PatrolAction,None,1.00,45.3,0,0.41,16,0.120,0.000,81768406
68.27,Utility Enemy 15,Utility,PatrolAction,None,1.00,98.4,0,0.41,0,0.120,0.000,81768406
68.27,Utility Enemy 11,Utility,PatrolAction,None,0.40,21.9,0,0.41,0,0.120,0.000,81768406
68.27,Utility Enemy 3,Utility,PatrolAction,None,1.00,71.3,0,0.41,0,0.120,0.000,81768406
68.27,Utility Enemy 12,Utility,PatrolAction,None,1.00,41.5,0,0.41,16,0.120,0.000,81768406
69.27,Player,Player,-,None,0.41,,0,0.41,,,,81768406
69.27,FSM Enemy 13,FSM,PatrolState,None,1.00,87.1,0,0.41,0,,,81768406
69.27,FSM Enemy 10,FSM,PatrolState,None,1.00,60.2,0,0.41,0,,,81768406
69.27,FSM Enemy 14,FSM,PatrolState,None,1.00,57.9,0,0.41,0,,,81768406
69.27,FSM Enemy 4,FSM,PatrolState,None,1.00,20.4,0,0.41,0,,,81768406
69.27,FSM Enemy 12,FSM,Dead,None,0.00,17.3,1,0.41,0,,,81768406
69.27,FSM Enemy 3,FSM,PatrolState,None,1.00,91.7,0,0.41,0,,,81768406
69.27,FSM Enemy 5,FSM,PatrolState,None,1.00,104.2,0,0.41,0,,,81768406
69.27,FSM Enemy 1,FSM,PatrolState,None,1.00,115.7,0,0.41,0,,,81768406
69.27,FSM Enemy 7,FSM,PatrolState,None,1.00,49.3,0,0.41,24,,,81768406
69.27,FSM Enemy 2,FSM,PatrolState,None,1.00,83.2,0,0.41,0,,,81768406
69.27,FSM Enemy 15,FSM,PatrolState,None,1.00,53.9,0,0.41,24,,,81768406
69.27,FSM Enemy 6,FSM,PatrolState,None,0.25,21.7,0,0.41,0,,,81768406
69.27,FSM Enemy 11,FSM,PatrolState,None,1.00,83.5,0,0.41,0,,,81768406
69.27,FSM Enemy 9,FSM,PatrolState,None,1.00,52.9,0,0.41,0,,,81768406
69.27,FSM Enemy 8,FSM,PatrolState,None,1.00,57.6,0,0.41,0,,,81768406
69.27,Utility Enemy 4,Utility,PatrolAction,None,1.00,93.3,0,0.41,0,0.120,0.000,81768406
69.27,Utility Enemy 7,Utility,PatrolAction,None,1.00,66.1,0,0.41,0,0.120,0.000,81768406
69.27,Utility Enemy 8,Utility,PatrolAction,None,1.00,108.7,0,0.41,0,0.120,0.000,81768406
69.27,Utility Enemy 14,Utility,PatrolAction,None,1.00,8.5,0,0.41,8,0.120,0.000,81768406
69.27,Utility Enemy 5,Utility,PatrolAction,None,1.00,87.0,0,0.41,0,0.120,0.000,81768406
69.27,Utility Enemy 6,Utility,PatrolAction,None,1.00,67.0,0,0.41,0,0.120,0.000,81768406
69.27,Utility Enemy 9,Utility,Dead,None,0.00,41.2,0,0.41,0,0.120,0.000,81768406
69.27,Utility Enemy 2,Utility,PatrolAction,None,1.00,70.0,0,0.41,0,0.120,0.000,81768406
69.27,Utility Enemy 1,Utility,PatrolAction,None,1.00,55.7,0,0.41,0,0.120,0.000,81768406
69.27,Utility Enemy 13,Utility,PatrolAction,None,1.00,72.7,0,0.41,0,0.120,0.000,81768406
69.27,Utility Enemy 10,Utility,PatrolAction,None,1.00,48.1,0,0.41,16,0.120,0.000,81768406
69.27,Utility Enemy 15,Utility,PatrolAction,None,1.00,99.7,0,0.41,0,0.120,0.000,81768406
69.27,Utility Enemy 11,Utility,PatrolAction,None,0.40,21.6,0,0.41,0,0.120,0.000,81768406
69.27,Utility Enemy 3,Utility,PatrolAction,None,1.00,70.7,0,0.41,0,0.120,0.000,81768406
69.27,Utility Enemy 12,Utility,PatrolAction,None,1.00,39.7,0,0.41,16,0.120,0.000,81768406
70.28,Player,Player,-,None,0.41,,0,0.41,,,,81768406
70.28,FSM Enemy 13,FSM,PatrolState,None,1.00,84.6,0,0.41,0,,,81768406
70.28,FSM Enemy 10,FSM,PatrolState,None,1.00,60.8,0,0.41,0,,,81768406
70.28,FSM Enemy 14,FSM,PatrolState,None,1.00,55.5,0,0.41,0,,,81768406
70.28,FSM Enemy 4,FSM,ChaseState,None,1.00,19.3,1,0.41,0,,,81768406
70.28,FSM Enemy 12,FSM,Dead,None,0.00,17.3,1,0.41,0,,,81768406
70.28,FSM Enemy 3,FSM,PatrolState,None,1.00,92.4,0,0.41,0,,,81768406
70.28,FSM Enemy 5,FSM,PatrolState,None,1.00,102.7,0,0.41,0,,,81768406
70.28,FSM Enemy 1,FSM,PatrolState,None,1.00,113.4,0,0.41,0,,,81768406
70.28,FSM Enemy 7,FSM,PatrolState,None,1.00,50.6,0,0.41,24,,,81768406
70.28,FSM Enemy 2,FSM,PatrolState,None,1.00,80.7,0,0.41,0,,,81768406
70.28,FSM Enemy 15,FSM,PatrolState,None,1.00,54.3,0,0.41,24,,,81768406
70.28,FSM Enemy 6,FSM,PatrolState,None,0.25,20.6,0,0.41,0,,,81768406
70.28,FSM Enemy 11,FSM,PatrolState,None,1.00,81.1,0,0.41,0,,,81768406
70.28,FSM Enemy 9,FSM,PatrolState,None,1.00,53.6,0,0.41,0,,,81768406
70.28,FSM Enemy 8,FSM,PatrolState,None,1.00,60.1,0,0.41,0,,,81768406
70.28,Utility Enemy 4,Utility,PatrolAction,None,1.00,96.6,0,0.41,0,0.120,0.000,81768406
70.28,Utility Enemy 7,Utility,PatrolAction,None,1.00,64.5,0,0.41,0,0.120,0.000,81768406
70.28,Utility Enemy 8,Utility,PatrolAction,None,1.00,109.4,0,0.41,0,0.120,0.000,81768406
70.28,Utility Enemy 14,Utility,PatrolAction,None,1.00,8.0,0,0.41,8,0.120,0.000,81768406
70.28,Utility Enemy 5,Utility,PatrolAction,None,1.00,91.0,0,0.41,0,0.120,0.000,81768406
70.28,Utility Enemy 6,Utility,PatrolAction,None,1.00,63.5,0,0.41,0,0.120,0.000,81768406
70.28,Utility Enemy 9,Utility,Dead,None,0.00,41.2,0,0.41,0,0.120,0.000,81768406
70.28,Utility Enemy 2,Utility,PatrolAction,None,1.00,67.9,0,0.41,0,0.120,0.000,81768406
70.28,Utility Enemy 1,Utility,PatrolAction,None,1.00,54.5,0,0.41,0,0.120,0.000,81768406
70.28,Utility Enemy 13,Utility,PatrolAction,None,1.00,76.8,0,0.41,0,0.120,0.000,81768406
70.28,Utility Enemy 10,Utility,PatrolAction,None,1.00,52.3,0,0.41,16,0.120,0.000,81768406
70.28,Utility Enemy 15,Utility,PatrolAction,None,1.00,100.2,0,0.41,0,0.120,0.000,81768406
70.28,Utility Enemy 11,Utility,PatrolAction,None,0.40,22.9,0,0.41,0,0.120,0.000,81768406
70.28,Utility Enemy 3,Utility,PatrolAction,None,1.00,68.7,0,0.41,0,0.120,0.000,81768406
70.28,Utility Enemy 12,Utility,PatrolAction,None,1.00,40.0,0,0.41,16,0.120,0.000,81768406
71.28,Player,Player,-,None,0.41,,0,0.41,,,,81768406
71.28,FSM Enemy 13,FSM,PatrolState,None,1.00,83.0,0,0.41,0,,,81768406
71.28,FSM Enemy 10,FSM,PatrolState,None,1.00,63.3,0,0.41,0,,,81768406
71.28,FSM Enemy 14,FSM,PatrolState,None,1.00,55.8,0,0.41,0,,,81768406
71.28,FSM Enemy 4,FSM,ChaseState,None,1.00,18.6,1,0.41,0,,,81768406
71.28,FSM Enemy 12,FSM,Dead,None,0.00,17.3,1,0.41,0,,,81768406
71.28,FSM Enemy 3,FSM,PatrolState,None,1.00,90.8,0,0.41,0,,,81768406
71.28,FSM Enemy 5,FSM,PatrolState,None,1.00,101.2,0,0.41,0,,,81768406
71.28,FSM Enemy 1,FSM,PatrolState,None,1.00,111.0,0,0.41,0,,,81768406
71.28,FSM Enemy 7,FSM,PatrolState,None,1.00,52.0,0,0.41,24,,,81768406
71.28,FSM Enemy 2,FSM,PatrolState,None,1.00,78.3,0,0.41,0,,,81768406
71.28,FSM Enemy 15,FSM,PatrolState,None,1.00,54.5,0,0.41,24,,,81768406
71.28,FSM Enemy 6,FSM,Dead,None,0.00,19.8,1,0.41,0,,,81768406
71.28,FSM Enemy 11,FSM,PatrolState,None,1.00,78.6,0,0.41,0,,,81768406
71.28,FSM Enemy 9,FSM,PatrolState,None,1.00,52.6,0,0.41,0,,,81768406
71.28,FSM Enemy 8,FSM,PatrolState,None,1.00,62.4,0,0.41,0,,,81768406
71.28,Utility Enemy 4,Utility,PatrolAction,None,1.00,97.2,0,0.41,0,0.120,0.000,81768406
71.28,Utility Enemy 7,Utility,PatrolAction,None,1.00,63.6,0,0.41,0,0.120,0.000,81768406
71.28,Utility Enemy 8,Utility,PatrolAction,None,1.00,108.2,0,0.41,0,0.120,0.000,81768406
71.28,Utility Enemy 14,Utility,PatrolAction,None,1.00,8.9,0,0.41,8,0.120,0.000,81768406
71.28,Utility Enemy 5,Utility,PatrolAction,None,1.00,93.7,0,0.41,0,0.120,0.000,81768406
71.28,Utility Enemy 6,Utility,PatrolAction,None,1.00,60.0,0,0.41,0,0.120,0.000,81768406
71.28,Utility Enemy 9,Utility,Dead,None,0.00,41.2,0,0.41,0,0.120,0.000,81768406
71.28,Utility Enemy 2,Utility,PatrolAction,None,1.00,65.0,0,0.41,0,0.120,0.000,81768406
71.28,Utility Enemy 1,Utility,PatrolAction,None,1.00,53.9,0,0.41,0,0.120,0.000,81768406
71.28,Utility Enemy 13,Utility,PatrolAction,None,1.00,81.0,0,0.41,0,0.120,0.000,81768406
71.28,Utility Enemy 10,Utility,PatrolAction,None,1.00,51.9,0,0.41,16,0.120,0.000,81768406
71.28,Utility Enemy 15,Utility,PatrolAction,None,1.00,100.5,0,0.41,0,0.120,0.000,81768406
71.28,Utility Enemy 11,Utility,PatrolAction,None,0.40,25.8,0,0.41,0,0.120,0.000,81768406
71.28,Utility Enemy 3,Utility,PatrolAction,None,1.00,67.2,0,0.41,0,0.120,0.000,81768406
71.28,Utility Enemy 12,Utility,PatrolAction,None,1.00,41.4,0,0.41,16,0.120,0.000,81768406
72.29,Player,Player,-,None,0.41,,0,0.41,,,,81768406
72.29,FSM Enemy 13,FSM,PatrolState,None,1.00,85.3,0,0.41,0,,,81768406
72.29,FSM Enemy 10,FSM,PatrolState,None,1.00,65.7,0,0.41,0,,,81768406
72.29,FSM Enemy 14,FSM,PatrolState,None,1.00,58.3,0,0.41,0,,,81768406
72.29,FSM Enemy 4,FSM,AttackState,None,1.00,18.0,1,0.41,0,,,81768406
72.29,FSM Enemy 12,FSM,Dead,None,0.00,17.3,1,0.41,0,,,81768406
72.29,FSM Enemy 3,FSM,PatrolState,None,1.00,89.2,0,0.41,0,,,81768406
72.29,FSM Enemy 5,FSM,PatrolState,None,1.00,99.7,0,0.41,0,,,81768406
72.29,FSM Enemy 1,FSM,PatrolState,None,1.00,108.6,0,0.41,0,,,81768406
72.29,FSM Enemy 7,FSM,PatrolState,None,1.00,53.5,0,0.41,24,,,81768406
72.29,FSM Enemy 2,FSM,PatrolState,None,1.00,76.7,0,0.41,0,,,81768406
72.29,FSM Enemy 15,FSM,PatrolState,None,1.00,54.6,0,0.41,24,,,81768406
72.29,FSM Enemy 6,FSM,Dead,None,0.00,19.8,1,0.41,0,,,81768406
72.29,FSM Enemy 11,FSM,PatrolState,None,1.00,79.2,0,0.41,0,,,81768406
72.29,FSM Enemy 9,FSM,PatrolState,None,1.00,51.0,0,0.41,0,,,81768406
72.29,FSM Enemy 8,FSM,PatrolState,None,1.00,63.8,0,0.41,0,,,81768406
72.29,Utility Enemy 4,Utility,PatrolAction,None,1.00,97.7,0,0.41,0,0.120,0.000,81768406
72.29,Utility Enemy 7,Utility,PatrolAction,None,1.00,63.8,0,0.41,0,0.120,0.000,81768406
72.29,Utility Enemy 8,Utility,PatrolAction,None,1.00,104.5,0,0.41,0,0.120,0.000,81768406
72.29,Utility Enemy 14,Utility,PatrolAction,None,1.00,9.8,0,0.41,8,0.120,0.000,81768406
72.29,Utility Enemy 5,Utility,PatrolAction,None,1.00,95.3,0,0.41,0,0.120,0.000,81768406
72.29,Utility Enemy 6,Utility,PatrolAction,None,1.00,60.7,0,0.41,0,0.120,0.000,81768406
72.29,Utility Enemy 9,Utility,Dead,None,0.00,41.2,0,0.41,0,0.120,0.000,81768406
72.29,Utility Enemy 2,Utility,PatrolAction,None,1.00,63.6,0,0.41,0,0.120,0.000,81768406
72.29,Utility Enemy 1,Utility,PatrolAction,None,1.00,54.3,0,0.41,0,0.120,0.000,81768406
72.29,Utility Enemy 13,Utility,PatrolAction,None,1.00,85.2,0,0.41,0,0.120,0.000,81768406
72.29,Utility Enemy 10,Utility,PatrolAction,None,1.00,47.5,0,0.41,16,0.120,0.000,81768406
72.29,Utility Enemy 15,Utility,PatrolAction,None,1.00,101.4,0,0.41,0,0.120,0.000,81768406
72.29,Utility Enemy 11,Utility,Dead,None,0.00,29.5,0,0.41,0,0.120,0.000,81768406
72.29,Utility Enemy 3,Utility,PatrolAction,None,1.00,66.3,0,0.41,0,0.120,0.000,81768406
72.29,Utility Enemy 12,Utility,PatrolAction,None,1.00,42.9,0,0.41,16,0.120,0.000,81768406
73.29,Player,Player,-,None,0.41,,0,0.41,,,,81768406
73.29,FSM Enemy 13,FSM,PatrolState,None,1.00,84.9,0,0.41,0,,,81768406
73.29,FSM Enemy 10,FSM,PatrolState,None,1.00,68.3,0,0.41,0,,,81768406
73.29,FSM Enemy 14,FSM,PatrolState,None,1.00,60.9,0,0.41,0,,,81768406
73.29,FSM Enemy 4,FSM,ChaseState,None,1.00,18.2,1,0.41,0,,,81768406
73.29,FSM Enemy 12,FSM,Dead,None,0.00,17.0,1,0.41,0,,,81768406
73.29,FSM Enemy 3,FSM,PatrolState,None,1.00,87.1,0,0.41,0,,,81768406
73.29,FSM Enemy 5,FSM,PatrolState,None,1.00,97.7,0,0.41,0,,,81768406
73.29,FSM Enemy 1,FSM,PatrolState,None,1.00,106.2,0,0.41,0,,,81768406
73.29,FSM Enemy 7,FSM,PatrolState,None,1.00,54.9,0,0.41,24,,,81768406
73.29,FSM Enemy 2,FSM,PatrolState,None,1.00,78.5,0,0.41,0,,,81768406
73.29,FSM Enemy 15,FSM,PatrolState,None,1.00,54.6,0,0.41,24,,,81768406
73.29,FSM Enemy 6,FSM,Dead,None,0.00,19.5,1,0.41,0,,,81768406
73.29,FSM Enemy 11,FSM,PatrolState,None,1.00,81.0,0,0.41,0,,,81768406
73.29,FSM Enemy 9,FSM,PatrolState,None,1.00,49.4,0,0.41,0,,,81768406
73.29,FSM Enemy 8,FSM,PatrolState,None,1.00,65.2,0,0.41,0,,,81768406
73.29,Utility Enemy 4,Utility,PatrolAction,None,1.00,96.6,0,0.41,0,0.120,0.000,81768406
73.29,Utility Enemy 7,Utility,PatrolAction,None,1.00,65.7,0,0.41,0,0.120,0.000,81768406
73.29,Utility Enemy 8,Utility,PatrolAction,None,1.00,100.8,0,0.41,0,0.120,0.000,81768406
73.29,Utility Enemy 14,Utility,PatrolAction,None,1.00,10.7,0,0.41,8,0.120,0.000,81768406
73.29,Utility Enemy 5,Utility,PatrolAction,None,1.00,91.0,0,0.41,0,0.120,0.000,81768406
73.29,Utility Enemy 6,Utility,PatrolAction,None,1.00,62.5,0,0.41,0,0.120,0.000,81768406
73.29,Utility Enemy 9,Utility,Dead,None,0.00,41.4,0,0.41,0,0.120,0.000,81768406
73.29,Utility Enemy 2,Utility,PatrolAction,None,1.00,60.4,0,0.41,0,0.120,0.000,81768406
73.29,Utility Enemy 1,Utility,PatrolAction,None,1.00,54.7,0,0.41,0,0.120,0.000,81768406
73.29,Utility Enemy 13,Utility,PatrolAction,None,1.00,84.6,0,0.41,0,0.120,0.000,81768406
73.29,Utility Enemy 10,Utility,PatrolAction,None,1.00,44.0,0,0.41,16,0.120,0.000,81768406
73.29,Utility Enemy 15,Utility,PatrolAction,None,1.00,102.4,0,0.41,0,0.120,0.000,81768406
73.29,Utility Enemy 11,Utility,Dead,None,0.00,29.2,0,0.41,0,0.120,0.000,81768406
73.29,Utility Enemy 3,Utility,PatrolAction,None,1.00,67.3,0,0.41,0,0.120,0.000,81768406
73.29,Utility Enemy 12,Utility,PatrolAction,None,1.00,40.4,0,0.41,16,0.120,0.000,81768406
74.30,Player,Player,-,None,0.41,,0,0.41,,,,81768406
74.30,FSM Enemy 13,FSM,PatrolState,None,1.00,86.7,0,0.41,0,,,81768406
74.30,FSM Enemy 10,FSM,PatrolState,None,1.00,72.6,0,0.41,0,,,81768406
74.30,FSM Enemy 14,FSM,PatrolState,None,1.00,64.6,0,0.41,0,,,81768406
74.30,FSM Enemy 4,FSM,ChaseState,None,1.00,18.5,0,0.41,0,,,81768406
74.30,FSM Enemy 12,FSM,Dead,None,0.00,19.0,0,0.41,0,,,81768406
74.30,FSM Enemy 3,FSM,PatrolState,None,1.00,86.8,0,0.41,0,,,81768406
74.30,FSM Enemy 5,FSM,PatrolState,None,1.00,97.7,0,0.41,0,,,81768406
74.30,FSM Enemy 1,FSM,PatrolState,None,1.00,106.6,0,0.41,0,,,81768406
74.30,FSM Enemy 7,FSM,PatrolState,None,1.00,58.5,0,0.41,24,,,81768406
74.30,FSM Enemy 2,FSM,PatrolState,None,1.00,81.4,0,0.41,0,,,81768406
74.30,FSM Enemy 15,FSM,PatrolState,None,1.00,57.1,0,0.41,24,,,81768406
74.30,FSM Enemy 6,FSM,Dead,None,0.00,21.0,0,0.41,0,,,81768406
74.30,FSM Enemy 11,FSM,PatrolState,None,1.00,84.3,0,0.41,0,,,81768406
74.30,FSM Enemy 9,FSM,PatrolState,None,1.00,49.7,0,0.41,0,,,81768406
74.30,FSM Enemy 8,FSM,PatrolState,None,1.00,69.1,0,0.41,0,,,81768406
74.30,Utility Enemy 4,Utility,PatrolAction,None,1.00,97.4,0,0.41,0,0.120,0.000,81768406
74.30,Utility Enemy 7,Utility,PatrolAction,None,1.00,65.3,0,0.41,0,0.120,0.000,81768406
74.30,Utility Enemy 8,Utility,PatrolAction,None,1.00,98.8,0,0.41,0,0.120,0.000,81768406
74.30,Utility Enemy 14,Utility,PatrolAction,None,1.00,13.8,0,0.41,8,0.120,0.000,81768406
74.30,Utility Enemy 5,Utility,PatrolAction,None,1.00,88.9,0,0.41,0,0.120,0.000,81768406
74.30,Utility Enemy 6,Utility,PatrolAction,None,1.00,68.1,0,0.41,0,0.120,0.000,81768406
74.30,Utility Enemy 9,Utility,Dead,None,0.00,42.9,0,0.41,0,0.120,0.000,81768406
74.30,Utility Enemy 2,Utility,PatrolAction,None,1.00,61.2,0,0.41,0,0.120,0.000,81768406
74.30,Utility Enemy 1,Utility,PatrolAction,None,1.00,57.8,0,0.41,0,0.120,0.000,81768406
74.30,Utility Enemy 13,Utility,PatrolAction,None,1.00,84.8,0,0.41,0,0.120,0.000,81768406
74.30,Utility Enemy 10,Utility,PatrolAction,None,1.00,47.6,0,0.41,16,0.120,0.000,81768406
74.30,Utility Enemy 15,Utility,PatrolAction,None,1.00,104.7,0,0.41,0,0.120,0.000,81768406
74.30,Utility Enemy 11,Utility,Dead,None,0.00,30.6,0,0.41,0,0.120,0.000,81768406
74.30,Utility Enemy 3,Utility,PatrolAction,None,1.00,70.4,0,0.41,0,0.120,0.000,81768406
74.30,Utility Enemy 12,Utility,PatrolAction,None,1.00,40.2,0,0.41,16,0.120,0.000,81768406
75.30,Player,Player,-,None,0.41,,0,0.41,,,,81768406
75.30,FSM Enemy 13,FSM,PatrolState,None,1.00,86.2,0,0.41,0,,,81768406
75.30,FSM Enemy 10,FSM,PatrolState,None,1.00,73.1,0,0.41,0,,,81768406
75.30,FSM Enemy 14,FSM,PatrolState,None,1.00,65.4,0,0.41,0,,,81768406
75.30,FSM Enemy 4,FSM,AttackState,None,1.00,16.4,1,0.41,0,,,81768406
75.30,FSM Enemy 12,FSM,Dead,None,0.00,18.8,0,0.41,0,,,81768406
75.30,FSM Enemy 3,FSM,PatrolState,None,1.00,84.8,0,0.41,0,,,81768406
75.30,FSM Enemy 5,FSM,PatrolState,None,1.00,98.2,0,0.41,0,,,81768406
75.30,FSM Enemy 1,FSM,PatrolState,None,1.00,107.5,0,0.41,0,,,81768406
75.30,FSM Enemy 7,FSM,PatrolState,None,1.00,60.1,0,0.41,24,,,81768406
75.30,FSM Enemy 2,FSM,PatrolState,None,1.00,81.1,0,0.41,0,,,81768406
75.30,FSM Enemy 15,FSM,PatrolState,None,1.00,56.8,0,0.41,24,,,81768406
75.30,FSM Enemy 6,FSM,Dead,None,0.00,21.3,0,0.41,0,,,81768406
75.30,FSM Enemy 11,FSM,PatrolState,None,1.00,85.7,0,0.41,0,,,81768406
75.30,FSM Enemy 9,FSM,PatrolState,None,1.00,46.3,0,0.41,0,,,81768406
75.30,FSM Enemy 8,FSM,PatrolState,None,1.00,69.6,0,0.41,0,,,81768406
75.30,Utility Enemy 4,Utility,PatrolAction,None,1.00,94.0,0,0.41,0,0.120,0.000,81768406
75.30,Utility Enemy 7,Utility,PatrolAction,None,1.00,59.9,0,0.41,0,0.120,0.000,81768406
75.30,Utility Enemy 8,Utility,PatrolAction,None,1.00,95.3,0,0.41,0,0.120,0.000,81768406
75.30,Utility Enemy 14,Utility,PatrolAction,None,1.00,10.8,0,0.41,8,0.120,0.000,81768406
75.30,Utility Enemy 5,Utility,PatrolAction,None,1.00,85.7,0,0.41,0,0.120,0.000,81768406
75.30,Utility Enemy 6,Utility,PatrolAction,None,1.00,63.7,0,0.41,0,0.120,0.000,81768406
75.30,Utility Enemy 9,Utility,Dead,None,0.00,41.3,0,0.41,0,0.120,0.000,81768406
75.30,Utility Enemy 2,Utility,PatrolAction,None,1.00,62.1,0,0.41,0,0.120,0.000,81768406
75.30,Utility Enemy 1,Utility,PatrolAction,None,1.00,58.2,0,0.41,0,0.120,0.000,81768406
75.30,Utility Enemy 13,Utility,PatrolAction,None,1.00,82.2,0,0.41,0,0.120,0.000,81768406
75.30,Utility Enemy 10,Utility,PatrolAction,None,1.00,45.6,0,0.41,16,0.120,0.000,81768406
75.30,Utility Enemy 15,Utility,PatrolAction,None,1.00,102.5,0,0.41,0,0.120,0.000,81768406
75.30,Utility Enemy 11,Utility,Dead,None,0.00,31.1,0,0.41,0,0.120,0.000,81768406
75.30,Utility Enemy 3,Utility,PatrolAction,None,1.00,68.7,0,0.41,0,0.120,0.000,81768406
75.30,Utility Enemy 12,Utility,PatrolAction,None,1.00,40.5,0,0.41,16,0.120,0.000,81768406
76.30,Player,Player,-,WallDisappear,0.41,,0,0.41,,,,81768406
76.30,FSM Enemy 13,FSM,ChaseState,WallDisappear,1.00,86.1,0,0.41,0,,,81768406
76.30,FSM Enemy 10,FSM,ChaseState,WallDisappear,1.00,71.6,0,0.41,0,,,81768406
76.30,FSM Enemy 14,FSM,ChaseState,WallDisappear,1.00,65.2,0,0.41,0,,,81768406
76.30,FSM Enemy 4,FSM,ChaseState,WallDisappear,1.00,15.5,1,0.41,0,,,81768406
76.30,FSM Enemy 12,FSM,Dead,WallDisappear,0.00,20.2,0,0.41,0,,,81768406
76.30,FSM Enemy 3,FSM,ChaseState,WallDisappear,1.00,84.9,0,0.41,0,,,81768406
76.30,FSM Enemy 5,FSM,ChaseState,WallDisappear,1.00,100.2,0,0.41,0,,,81768406
76.30,FSM Enemy 1,FSM,ChaseState,WallDisappear,1.00,108.0,0,0.41,0,,,81768406
76.30,FSM Enemy 7,FSM,ChaseState,WallDisappear,1.00,61.8,0,0.41,24,,,81768406
76.30,FSM Enemy 2,FSM,ChaseState,WallDisappear,1.00,80.6,0,0.41,0,,,81768406
76.30,FSM Enemy 15,FSM,ChaseState,WallDisappear,1.00,57.5,0,0.41,24,,,81768406
76.30,FSM Enemy 6,FSM,Dead,WallDisappear,0.00,22.8,0,0.41,0,,,81768406
76.30,FSM Enemy 11,FSM,ChaseState,WallDisappear,1.00,86.3,0,0.41,0,,,81768406
76.30,FSM Enemy 9,FSM,ChaseState,WallDisappear,1.00,46.9,0,0.41,0,,,81768406
76.30,FSM Enemy 8,FSM,ChaseState,WallDisappear,1.00,69.9,0,0.41,0,,,81768406
76.30,Utility Enemy 4,Utility,ChaseAction,WallDisappear,1.00,91.8,0,0.41,0,0.850,0.300,81768406
76.30,Utility Enemy 7,Utility,ChaseAction,WallDisappear,1.00,58.3,0,0.41,0,0.850,0.300,81768406
76.30,Utility Enemy 8,Utility,ChaseAction,WallDisappear,1.00,96.1,0,0.41,0,0.850,0.300,81768406
76.30,Utility Enemy 14,Utility,ChaseAction,WallDisappear,1.00,8.8,0,0.41,8,0.850,0.300,81768406
76.30,Utility Enemy 5,Utility,ChaseAction,WallDisappear,1.00,85.2,0,0.41,0,0.850,0.300,81768406
76.30,Utility Enemy 6,Utility,ChaseAction,WallDisappear,1.00,60.8,0,0.41,0,0.850,0.300,81768406
76.30,Utility Enemy 9,Utility,ChaseAction,WallDisappear,1.00,29.3,0,0.41,0,0.850,0.300,81768406
76.30,Utility Enemy 2,Utility,ChaseAction,WallDisappear,1.00,63.1,0,0.41,0,0.850,0.300,81768406
76.30,Utility Enemy 1,Utility,ChaseAction,WallDisappear,1.00,60.0,0,0.41,0,0.850,0.300,81768406
76.30,Utility Enemy 13,Utility,ChaseAction,WallDisappear,1.00,81.6,0,0.41,0,0.850,0.300,81768406
76.30,Utility Enemy 10,Utility,ChaseAction,WallDisappear,1.00,45.3,0,0.41,16,0.850,0.300,81768406
76.30,Utility Enemy 15,Utility,ChaseAction,WallDisappear,1.00,102.7,0,0.41,0,0.850,0.300,81768406
76.30,Utility Enemy 11,Utility,Dead,WallDisappear,0.00,32.5,0,0.41,0,0.120,0.000,81768406
76.30,Utility Enemy 3,Utility,ChaseAction,WallDisappear,1.00,68.4,0,0.41,0,0.850,0.300,81768406
76.30,Utility Enemy 12,Utility,ChaseAction,WallDisappear,1.00,45.3,0,0.41,16,0.850,0.300,81768406
77.31,Player,Player,-,WallDisappear,0.41,,0,0.41,,,,81768406
77.31,FSM Enemy 13,FSM,ChaseState,WallDisappear,1.00,82.2,0,0.41,0,,,81768406
77.31,FSM Enemy 10,FSM,ChaseState,WallDisappear,1.00,69.5,0,0.41,0,,,81768406
77.31,FSM Enemy 14,FSM,ChaseState,WallDisappear,1.00,63.0,0,0.41,0,,,81768406
77.31,FSM Enemy 4,FSM,ChaseState,WallDisappear,1.00,14.8,1,0.41,0,,,81768406
77.31,FSM Enemy 12,FSM,Dead,WallDisappear,0.00,20.2,0,0.41,0,,,81768406
77.31,FSM Enemy 3,FSM,ChaseState,WallDisappear,1.00,80.5,0,0.41,0,,,81768406
77.31,FSM Enemy 5,FSM,ChaseState,WallDisappear,1.00,95.9,0,0.41,0,,,81768406
77.31,FSM Enemy 1,FSM,ChaseState,WallDisappear,1.00,103.7,0,0.41,0,,,81768406
77.31,FSM Enemy 7,FSM,ChaseState,WallDisappear,1.00,57.3,0,0.41,24,,,81768406
77.31,FSM Enemy 2,FSM,ChaseState,WallDisappear,1.00,78.4,0,0.41,0,,,81768406
77.31,FSM Enemy 15,FSM,ChaseState,WallDisappear,1.00,53.0,0,0.41,24,,,81768406
77.31,FSM Enemy 6,FSM,Dead,WallDisappear,0.00,22.8,0,0.41,0,,,81768406
77.31,FSM Enemy 11,FSM,ChaseState,WallDisappear,1.00,82.7,0,0.41,0,,,81768406
77.31,FSM Enemy 9,FSM,ChaseState,WallDisappear,1.00,50.7,0,0.41,0,,,81768406
77.31,FSM Enemy 8,FSM,ChaseState,WallDisappear,1.00,65.5,0,0.41,0,,,81768406
77.31,Utility Enemy 4,Utility,ChaseAction,WallDisappear,1.00,87.9,0,0.41,0,0.850,0.300,81768406
77.31,Utility Enemy 7,Utility,ChaseAction,WallDisappear,1.00,56.4,0,0.41,0,0.850,0.300,81768406
77.31,Utility Enemy 8,Utility,ChaseAction,WallDisappear,1.00,91.6,0,0.41,0,0.850,0.300,81768406
77.31,Utility Enemy 14,Utility,Dead,WallDisappear,0.00,8.5,0,0.41,8,0.850,0.300,81768406
77.31,Utility Enemy 5,Utility,ChaseAction,WallDisappear,1.00,80.8,0,0.41,0,0.850,0.300,81768406
77.31,Utility Enemy 6,Utility,ChaseAction,WallDisappear,1.00,58.1,0,0.41,0,0.850,0.300,81768406
77.31,Utility Enemy 9,Utility,ChaseAction,WallDisappear,1.00,30.9,0,0.41,0,0.850,0.300,81768406
77.31,Utility Enemy 2,Utility,ChaseAction,WallDisappear,1.00,60.4,0,0.41,0,0.850,0.300,81768406
77.31,Utility Enemy 1,Utility,ChaseAction,WallDisappear,1.00,59.5,0,0.41,0,0.850,0.300,81768406
77.31,Utility Enemy 13,Utility,ChaseAction,WallDisappear,1.00,77.8,0,0.41,0,0.850,0.300,81768406
77.31,Utility Enemy 10,Utility,ChaseAction,WallDisappear,1.00,43.1,0,0.41,16,0.850,0.300,81768406
77.31,Utility Enemy 15,Utility,ChaseAction,WallDisappear,1.00,98.6,0,0.41,0,0.850,0.300,81768406
77.31,Utility Enemy 11,Utility,Dead,WallDisappear,0.00,32.5,0,0.41,0,0.120,0.000,81768406
77.31,Utility Enemy 3,Utility,ChaseAction,WallDisappear,1.00,65.7,0,0.41,0,0.850,0.300,81768406
77.31,Utility Enemy 12,Utility,ChaseAction,WallDisappear,1.00,43.5,0,0.41,16,0.850,0.300,81768406
78.32,Player,Player,-,WallDisappear,0.41,,0,0.41,,,,81768406
78.32,FSM Enemy 13,FSM,ChaseState,WallDisappear,1.00,78.3,0,0.41,0,,,81768406
78.32,FSM Enemy 10,FSM,ChaseState,WallDisappear,1.00,67.7,0,0.41,0,,,81768406
78.32,FSM Enemy 14,FSM,ChaseState,WallDisappear,1.00,61.1,0,0.41,0,,,81768406
78.32,FSM Enemy 4,FSM,ChaseState,WallDisappear,1.00,14.1,1,0.41,0,,,81768406
78.32,FSM Enemy 12,FSM,Dead,WallDisappear,0.00,20.2,0,0.41,0,,,81768406
78.32,FSM Enemy 3,FSM,ChaseState,WallDisappear,1.00,76.4,0,0.41,0,,,81768406
78.32,FSM Enemy 5,FSM,ChaseState,WallDisappear,1.00,91.5,0,0.41,0,,,81768406
78.32,FSM Enemy 1,FSM,ChaseState,WallDisappear,1.00,99.9,0,0.41,0,,,81768406
78.32,FSM Enemy 7,FSM,ChaseState,WallDisappear,1.00,52.8,0,0.41,24,,,81768406
78.32,FSM Enemy 2,FSM,ChaseState,WallDisappear,1.00,76.1,0,0.41,0,,,81768406
78.32,FSM Enemy 15,FSM,ChaseState,WallDisappear,1.00,48.5,0,0.41,24,,,81768406
78.32,FSM Enemy 6,FSM,Dead,WallDisappear,0.00,22.8,0,0.41,0,,,81768406
78.32,FSM Enemy 11,FSM,ChaseState,WallDisappear,1.00,79.3,0,0.41,0,,,81768406
78.32,FSM Enemy 9,FSM,ChaseState,WallDisappear,1.00,54.7,0,0.41,0,,,81768406
78.32,FSM Enemy 8,FSM,ChaseState,WallDisappear,1.00,61.4,0,0.41,0,,,81768406
78.32,Utility Enemy 4,Utility,ChaseAction,WallDisappear,1.00,84.1,0,0.41,0,0.850,0.300,81768406
78.32,Utility Enemy 7,Utility,ChaseAction,WallDisappear,1.00,54.7,0,0.41,0,0.850,0.300,81768406
78.32,Utility Enemy 8,Utility,ChaseAction,WallDisappear,1.00,87.2,0,0.41,0,0.850,0.300,81768406
78.32,Utility Enemy 14,Utility,Dead,WallDisappear,0.00,8.5,0,0.41,8,0.850,0.300,81768406
78.32,Utility Enemy 5,Utility,ChaseAction,WallDisappear,1.00,76.4,0,0.41,0,0.850,0.300,81768406
78.32,Utility Enemy 6,Utility,ChaseAction,WallDisappear,1.00,54.4,0,0.41,0,0.850,0.300,81768406
78.32,Utility Enemy 9,Utility,ChaseAction,WallDisappear,1.00,33.1,0,0.41,0,0.850,0.300,81768406
78.32,Utility Enemy 2,Utility,ChaseAction,WallDisappear,1.00,58.1,0,0.41,0,0.850,0.300,81768406
78.32,Utility Enemy 1,Utility,ChaseAction,WallDisappear,1.00,59.5,0,0.41,0,0.850,0.300,81768406
78.32,Utility Enemy 13,Utility,ChaseAction,WallDisappear,1.00,73.7,0,0.41,0,0.850,0.300,81768406
78.32,Utility Enemy 10,Utility,ChaseAction,WallDisappear,1.00,41.3,0,0.41,16,0.850,0.300,81768406
78.32,Utility Enemy 15,Utility,ChaseAction,WallDisappear,1.00,94.5,0,0.41,0,0.850,0.300,81768406
78.32,Utility Enemy 11,Utility,Dead,WallDisappear,0.00,32.5,0,0.41,0,0.120,0.000,81768406
78.32,Utility Enemy 3,Utility,ChaseAction,WallDisappear,1.00,63.2,0,0.41,0,0.850,0.300,81768406
78.32,Utility Enemy 12,Utility,ChaseAction,WallDisappear,1.00,41.8,0,0.41,16,0.850,0.300,81768406
79.32,Player,Player,-,WallDisappear,0.41,,0,0.41,,,,81768406
79.32,FSM Enemy 13,FSM,ChaseState,WallDisappear,1.00,74.6,0,0.41,0,,,81768406
79.32,FSM Enemy 10,FSM,ChaseState,WallDisappear,1.00,66.1,0,0.41,0,,,81768406
79.32,FSM Enemy 14,FSM,ChaseState,WallDisappear,1.00,60.3,0,0.41,0,,,81768406
79.32,FSM Enemy 4,FSM,Dead,WallDisappear,0.00,13.6,1,0.41,0,,,81768406
79.32,FSM Enemy 12,FSM,Dead,WallDisappear,0.00,20.2,0,0.41,0,,,81768406
79.32,FSM Enemy 3,FSM,ChaseState,WallDisappear,1.00,72.6,0,0.41,0,,,81768406
79.32,FSM Enemy 5,FSM,ChaseState,WallDisappear,1.00,87.1,0,0.41,0,,,81768406
79.32,FSM Enemy 1,FSM,ChaseState,WallDisappear,1.00,95.5,0,0.41,0,,,81768406
79.32,FSM Enemy 7,FSM,ChaseState,WallDisappear,1.00,48.3,0,0.41,24,,,81768406
79.32,FSM Enemy 2,FSM,ChaseState,WallDisappear,1.00,73.9,0,0.41,0,,,81768406
79.32,FSM Enemy 15,FSM,ChaseState,WallDisappear,1.00,44.2,0,0.41,24,,,81768406
79.32,FSM Enemy 6,FSM,Dead,WallDisappear,0.00,22.8,0,0.41,0,,,81768406
79.32,FSM Enemy 11,FSM,ChaseState,WallDisappear,1.00,76.0,0,0.41,0,,,81768406
79.32,FSM Enemy 9,FSM,ChaseState,WallDisappear,1.00,58.5,0,0.41,0,,,81768406
79.32,FSM Enemy 8,FSM,ChaseState,WallDisappear,1.00,60.4,0,0.41,0,,,81768406
79.32,Utility Enemy 4,Utility,ChaseAction,WallDisappear,1.00,80.4,0,0.41,0,0.850,0.300,81768406
79.32,Utility Enemy 7,Utility,ChaseAction,WallDisappear,1.00,53.4,0,0.41,0,0.850,0.300,81768406
79.32,Utility Enemy 8,Utility,ChaseAction,WallDisappear,1.00,83.2,0,0.41,0,0.850,0.300,81768406
79.32,Utility Enemy 14,Utility,Dead,WallDisappear,0.00,8.5,0,0.41,8,0.850,0.300,81768406
79.32,Utility Enemy 5,Utility,ChaseAction,WallDisappear,1.00,72.0,0,0.41,0,0.850,0.300,81768406
79.32,Utility Enemy 6,Utility,ChaseAction,WallDisappear,1.00,50.7,0,0.41,0,0.850,0.300,81768406
79.32,Utility Enemy 9,Utility,ChaseAction,WallDisappear,1.00,35.8,0,0.41,0,0.850,0.300,81768406
79.32,Utility Enemy 2,Utility,ChaseAction,WallDisappear,1.00,55.9,0,0.41,0,0.850,0.300,81768406
79.32,Utility Enemy 1,Utility,ChaseAction,WallDisappear,1.00,59.5,0,0.41,0,0.850,0.300,81768406
79.32,Utility Enemy 13,Utility,ChaseAction,WallDisappear,1.00,72.1,0,0.41,0,0.850,0.300,81768406
79.32,Utility Enemy 10,Utility,ChaseAction,WallDisappear,1.00,39.9,0,0.41,16,0.850,0.300,81768406
79.32,Utility Enemy 15,Utility,ChaseAction,WallDisappear,1.00,90.5,0,0.41,0,0.850,0.300,81768406
79.32,Utility Enemy 11,Utility,Dead,WallDisappear,0.00,32.5,0,0.41,0,0.120,0.000,81768406
79.32,Utility Enemy 3,Utility,ChaseAction,WallDisappear,1.00,60.8,0,0.41,0,0.850,0.300,81768406
79.32,Utility Enemy 12,Utility,ChaseAction,WallDisappear,1.00,43.7,0,0.41,16,0.850,0.300,81768406
80.32,Player,Player,-,WallDisappear,0.41,,0,0.41,,,,81768406
80.32,FSM Enemy 13,FSM,ChaseState,WallDisappear,1.00,71.3,0,0.41,0,,,81768406
80.32,FSM Enemy 10,FSM,ChaseState,WallDisappear,1.00,67.6,0,0.41,0,,,81768406
80.32,FSM Enemy 14,FSM,ChaseState,WallDisappear,1.00,63.4,0,0.41,0,,,81768406
80.32,FSM Enemy 4,FSM,Dead,WallDisappear,0.00,16.3,0,0.41,0,,,81768406
80.32,FSM Enemy 12,FSM,Dead,WallDisappear,0.00,21.0,0,0.41,0,,,81768406
80.32,FSM Enemy 3,FSM,ChaseState,WallDisappear,1.00,71.6,0,0.41,0,,,81768406
80.32,FSM Enemy 5,FSM,ChaseState,WallDisappear,1.00,84.8,0,0.41,0,,,81768406
80.32,FSM Enemy 1,FSM,ChaseState,WallDisappear,1.00,93.5,0,0.41,0,,,81768406
80.32,FSM Enemy 7,FSM,ChaseState,WallDisappear,1.00,44.4,0,0.41,24,,,81768406
80.32,FSM Enemy 2,FSM,ChaseState,WallDisappear,1.00,75.0,0,0.41,0,,,81768406
80.32,FSM Enemy 15,FSM,ChaseState,WallDisappear,1.00,41.3,0,0.41,24,,,81768406
80.32,FSM Enemy 6,FSM,Dead,WallDisappear,0.00,22.8,0,0.41,0,,,81768406
80.32,FSM Enemy 11,FSM,ChaseState,WallDisappear,1.00,73.6,0,0.41,0,,,81768406
80.32,FSM Enemy 9,FSM,ChaseState,WallDisappear,1.00,61.0,0,0.41,0,,,81768406
80.32,FSM Enemy 8,FSM,ChaseState,WallDisappear,1.00,62.7,0,0.41,0,,,81768406
80.32,Utility Enemy 4,Utility,ChaseAction,WallDisappear,1.00,79.3,0,0.41,0,0.850,0.300,81768406
80.32,Utility Enemy 7,Utility,ChaseAction,WallDisappear,1.00,55.1,0,0.41,0,0.850,0.300,81768406
80.32,Utility Enemy 8,Utility,ChaseAction,WallDisappear,1.00,81.9,0,0.41,0,0.850,0.300,81768406
80.32,Utility Enemy 14,Utility,Dead,WallDisappear,0.00,10.7,0,0.41,8,0.850,0.300,81768406
80.32,Utility Enemy 5,Utility,ChaseAction,WallDisappear,1.00,69.8,0,0.41,0,0.850,0.300,81768406
80.32,Utility Enemy 6,Utility,ChaseAction,WallDisappear,1.00,50.0,0,0.41,0,0.850,0.300,81768406
80.32,Utility Enemy 9,Utility,ChaseAction,WallDisappear,1.00,41.6,0,0.41,0,0.850,0.300,81768406
80.32,Utility Enemy 2,Utility,ChaseAction,WallDisappear,1.00,56.9,0,0.41,0,0.850,0.300,81768406
80.32,Utility Enemy 1,Utility,ChaseAction,WallDisappear,1.00,61.8,0,0.41,0,0.850,0.300,81768406
80.32,Utility Enemy 13,Utility,ChaseAction,WallDisappear,1.00,71.3,0,0.41,0,0.850,0.300,81768406
80.32,Utility Enemy 10,Utility,ChaseAction,WallDisappear,1.00,39.9,0,0.41,16,0.850,0.300,81768406
80.32,Utility Enemy 15,Utility,ChaseAction,WallDisappear,1.00,88.4,0,0.41,0,0.850,0.300,81768406
80.32,Utility Enemy 11,Utility,Dead,WallDisappear,0.00,32.2,0,0.41,0,0.120,0.000,81768406
80.32,Utility Enemy 3,Utility,ChaseAction,WallDisappear,1.00,61.6,0,0.41,0,0.850,0.300,81768406
80.32,Utility Enemy 12,Utility,ChaseAction,WallDisappear,1.00,46.2,0,0.41,16,0.850,0.300,81768406
81.32,Player,Player,-,None,0.41,,0,0.41,,,,81768406
81.32,FSM Enemy 13,FSM,PatrolState,None,1.00,69.6,0,0.41,0,,,81768406
81.32,FSM Enemy 10,FSM,PatrolState,None,1.00,67.8,0,0.41,0,,,81768406
81.32,FSM Enemy 14,FSM,PatrolState,None,1.00,63.9,0,0.41,0,,,81768406
81.32,FSM Enemy 4,FSM,Dead,None,0.00,17.0,0,0.41,0,,,81768406
81.32,FSM Enemy 12,FSM,Dead,None,0.00,21.4,0,0.41,0,,,81768406
81.32,FSM Enemy 3,FSM,PatrolState,None,1.00,71.3,0,0.41,0,,,81768406
81.32,FSM Enemy 5,FSM,PatrolState,None,1.00,84.0,0,0.41,0,,,81768406
81.32,FSM Enemy 1,FSM,PatrolState,None,1.00,94.2,0,0.41,0,,,81768406
81.32,FSM Enemy 7,FSM,PatrolState,None,1.00,43.3,0,0.41,24,,,81768406
81.32,FSM Enemy 2,FSM,PatrolState,None,1.00,75.9,0,0.41,0,,,81768406
81.32,FSM Enemy 15,FSM,PatrolState,None,1.00,40.1,0,0.41,24,,,81768406
81.32,FSM Enemy 6,FSM,Dead,None,0.00,22.9,0,0.41,0,,,81768406
81.32,FSM Enemy 11,FSM,PatrolState,None,1.00,73.7,0,0.41,0,,,81768406
81.32,FSM Enemy 9,FSM,PatrolState,None,1.00,60.5,0,0.41,0,,,81768406
81.32,FSM Enemy 8,FSM,PatrolState,None,1.00,64.5,0,0.41,0,,,81768406
81.32,Utility Enemy 4,Utility,PatrolAction,None,1.00,77.2,0,0.41,0,0.120,0.000,81768406
81.32,Utility Enemy 7,Utility,PatrolAction,None,1.00,55.2,0,0.41,0,0.120,0.000,81768406
81.32,Utility Enemy 8,Utility,PatrolAction,None,1.00,78.5,0,0.41,0,0.120,0.000,81768406
81.32,Utility Enemy 14,Utility,Dead,None,0.00,11.3,0,0.41,8,0.850,0.300,81768406
81.32,Utility Enemy 5,Utility,PatrolAction,None,1.00,69.2,0,0.41,0,0.120,0.000,81768406
81.32,Utility Enemy 6,Utility,PatrolAction,None,1.00,48.5,0,0.41,0,0.120,0.000,81768406
81.32,Utility Enemy 9,Utility,PatrolAction,None,1.00,45.2,0,0.41,0,0.120,0.000,81768406
81.32,Utility Enemy 2,Utility,PatrolAction,None,1.00,57.6,0,0.41,0,0.120,0.000,81768406
81.32,Utility Enemy 1,Utility,PatrolAction,None,1.00,61.6,0,0.41,0,0.120,0.000,81768406
81.32,Utility Enemy 13,Utility,PatrolAction,None,1.00,70.7,0,0.41,0,0.120,0.000,81768406
81.32,Utility Enemy 10,Utility,PatrolAction,None,1.00,38.5,0,0.41,16,0.120,0.000,81768406
81.32,Utility Enemy 15,Utility,PatrolAction,None,1.00,85.1,0,0.41,0,0.120,0.000,81768406
81.32,Utility Enemy 11,Utility,Dead,None,0.00,32.2,0,0.41,0,0.120,0.000,81768406
81.32,Utility Enemy 3,Utility,PatrolAction,None,1.00,61.1,0,0.41,0,0.120,0.000,81768406
81.32,Utility Enemy 12,Utility,PatrolAction,None,1.00,45.4,0,0.41,16,0.120,0.000,81768406
82.33,Player,Player,-,None,0.41,,0,0.41,,,,81768406
82.33,FSM Enemy 13,FSM,PatrolState,None,1.00,70.2,0,0.41,0,,,81768406
82.33,FSM Enemy 10,FSM,PatrolState,None,1.00,69.2,0,0.41,0,,,81768406
82.33,FSM Enemy 14,FSM,PatrolState,None,1.00,65.2,0,0.41,0,,,81768406
82.33,FSM Enemy 4,FSM,Dead,None,0.00,18.0,0,0.41,0,,,81768406
82.33,FSM Enemy 12,FSM,Dead,None,0.00,21.7,0,0.41,0,,,81768406
82.33,FSM Enemy 3,FSM,PatrolState,None,1.00,74.0,0,0.41,0,,,81768406
82.33,FSM Enemy 5,FSM,PatrolState,None,1.00,86.9,0,0.41,0,,,81768406
82.33,FSM Enemy 1,FSM,PatrolState,None,1.00,97.5,0,0.41,0,,,81768406
82.33,FSM Enemy 7,FSM,PatrolState,None,1.00,45.5,0,0.41,24,,,81768406
82.33,FSM Enemy 2,FSM,PatrolState,None,1.00,77.2,0,0.41,0,,,81768406
82.33,FSM Enemy 15,FSM,PatrolState,None,1.00,42.5,0,0.41,24,,,81768406
82.33,FSM Enemy 6,FSM,Dead,None,0.00,22.9,0,0.41,0,,,81768406
82.33,FSM Enemy 11,FSM,PatrolState,None,1.00,74.7,0,0.41,0,,,81768406
82.33,FSM Enemy 9,FSM,PatrolState,None,1.00,59.7,0,0.41,0,,,81768406
82.33,FSM Enemy 8,FSM,PatrolState,None,1.00,67.5,0,0.41,0,,,81768406
82.33,Utility Enemy 4,Utility,PatrolAction,None,1.00,79.2,0,0.41,0,0.120,0.000,81768406
82.33,Utility Enemy 7,Utility,PatrolAction,None,1.00,51.6,0,0.41,0,0.120,0.000,81768406
82.33,Utility Enemy 8,Utility,PatrolAction,None,1.00,76.3,0,0.41,0,0.120,0.000,81768406
82.33,Utility Enemy 14,Utility,Dead,None,0.00,12.2,0,0.41,8,0.850,0.300,81768406
82.33,Utility Enemy 5,Utility,PatrolAction,None,1.00,72.0,0,0.41,0,0.120,0.000,81768406
82.33,Utility Enemy 6,Utility,PatrolAction,None,1.00,52.4,0,0.41,0,0.120,0.000,81768406
82.33,Utility Enemy 9,Utility,PatrolAction,None,1.00,48.6,0,0.41,0,0.120,0.000,81768406
82.33,Utility Enemy 2,Utility,PatrolAction,None,1.00,61.7,0,0.41,0,0.120,0.000,81768406
82.33,Utility Enemy 1,Utility,PatrolAction,None,1.00,58.9,0,0.41,0,0.120,0.000,81768406
82.33,Utility Enemy 13,Utility,PatrolAction,None,1.00,69.8,0,0.41,0,0.120,0.000,81768406
82.33,Utility Enemy 10,Utility,PatrolAction,None,1.00,34.3,0,0.41,16,0.120,0.000,81768406
82.33,Utility Enemy 15,Utility,PatrolAction,None,1.00,81.8,0,0.41,0,0.120,0.000,81768406
82.33,Utility Enemy 11,Utility,Dead,None,0.00,32.0,0,0.41,0,0.120,0.000,81768406
82.33,Utility Enemy 3,Utility,PatrolAction,None,1.00,64.0,0,0.41,0,0.120,0.000,81768406
82.33,Utility Enemy 12,Utility,PatrolAction,None,1.00,42.4,0,0.41,16,0.120,0.000,81768406
83.33,Player,Player,-,None,0.41,,0,0.41,,,,81768406
83.33,FSM Enemy 13,FSM,PatrolState,None,1.00,70.9,0,0.41,0,,,81768406
83.33,FSM Enemy 10,FSM,PatrolState,None,1.00,69.9,0,0.41,0,,,81768406
83.33,FSM Enemy 14,FSM,PatrolState,None,1.00,65.2,0,0.41,0,,,81768406
83.33,FSM Enemy 4,FSM,Dead,None,0.00,18.1,0,0.41,0,,,81768406
83.33,FSM Enemy 12,FSM,Dead,None,0.00,21.7,0,0.41,0,,,81768406
83.33,FSM Enemy 3,FSM,PatrolState,None,1.00,76.2,0,0.41,0,,,81768406
83.33,FSM Enemy 5,FSM,PatrolState,None,1.00,89.2,0,0.41,0,,,81768406
83.33,FSM Enemy 1,FSM,PatrolState,None,1.00,100.0,0,0.41,0,,,81768406
83.33,FSM Enemy 7,FSM,PatrolState,None,1.00,47.7,0,0.41,24,,,81768406
83.33,FSM Enemy 2,FSM,PatrolState,None,1.00,77.5,0,0.41,0,,,81768406
83.33,FSM Enemy 15,FSM,PatrolState,None,1.00,44.6,0,0.41,24,,,81768406
83.33,FSM Enemy 6,FSM,Dead,None,0.00,22.9,0,0.41,0,,,81768406
83.33,FSM Enemy 11,FSM,PatrolState,None,1.00,75.7,0,0.41,0,,,81768406
83.33,FSM Enemy 9,FSM,PatrolState,None,1.00,58.8,0,0.41,0,,,81768406
83.33,FSM Enemy 8,FSM,PatrolState,None,1.00,70.0,0,0.41,0,,,81768406
83.33,Utility Enemy 4,Utility,PatrolAction,None,1.00,78.4,0,0.41,0,0.120,0.000,81768406
83.33,Utility Enemy 7,Utility,PatrolAction,None,1.00,49.4,0,0.41,0,0.120,0.000,81768406
83.33,Utility Enemy 8,Utility,PatrolAction,None,1.00,80.4,0,0.41,0,0.120,0.000,81768406
83.33,Utility Enemy 14,Utility,Dead,None,0.00,12.2,0,0.41,8,0.850,0.300,81768406
83.33,Utility Enemy 5,Utility,PatrolAction,None,1.00,70.3,0,0.41,0,0.120,0.000,81768406
83.33,Utility Enemy 6,Utility,PatrolAction,None,1.00,53.4,0,0.41,0,0.120,0.000,81768406
83.33,Utility Enemy 9,Utility,PatrolAction,None,1.00,46.1,0,0.41,0,0.120,0.000,81768406
83.33,Utility Enemy 2,Utility,PatrolAction,None,1.00,64.9,0,0.41,0,0.120,0.000,81768406
83.33,Utility Enemy 1,Utility,PatrolAction,None,1.00,54.4,0,0.41,0,0.120,0.000,81768406
83.33,Utility Enemy 13,Utility,PatrolAction,None,1.00,69.2,0,0.41,0,0.120,0.000,81768406
83.33,Utility Enemy 10,Utility,PatrolAction,None,1.00,29.9,0,0.41,16,0.120,0.000,81768406
83.33,Utility Enemy 15,Utility,PatrolAction,None,1.00,77.6,0,0.41,0,0.120,0.000,81768406
83.33,Utility Enemy 11,Utility,Dead,None,0.00,32.0,0,0.41,0,0.120,0.000,81768406
83.33,Utility Enemy 3,Utility,PatrolAction,None,1.00,65.9,0,0.41,0,0.120,0.000,81768406
83.33,Utility Enemy 12,Utility,PatrolAction,None,1.00,41.7,0,0.41,16,0.120,0.000,81768406
84.34,Player,Player,-,None,0.41,,0,0.41,,,,81768406
84.34,FSM Enemy 13,FSM,PatrolState,None,1.00,71.6,0,0.41,0,,,81768406
84.34,FSM Enemy 10,FSM,PatrolState,None,1.00,70.6,0,0.41,0,,,81768406
84.34,FSM Enemy 14,FSM,PatrolState,None,1.00,65.2,0,0.41,0,,,81768406
84.34,FSM Enemy 4,FSM,Dead,None,0.00,18.1,0,0.41,0,,,81768406
84.34,FSM Enemy 12,FSM,PatrolState,None,1.00,52.8,0,0.41,0,,,81768406
84.34,FSM Enemy 3,FSM,PatrolState,None,1.00,78.3,0,0.41,0,,,81768406
84.34,FSM Enemy 5,FSM,PatrolState,None,1.00,91.5,0,0.41,0,,,81768406
84.34,FSM Enemy 1,FSM,PatrolState,None,1.00,102.5,0,0.41,0,,,81768406
84.34,FSM Enemy 7,FSM,PatrolState,None,1.00,49.8,0,0.41,24,,,81768406
84.34,FSM Enemy 2,FSM,PatrolState,None,1.00,77.7,0,0.41,0,,,81768406
84.34,FSM Enemy 15,FSM,PatrolState,None,1.00,46.8,0,0.41,24,,,81768406
84.34,FSM Enemy 6,FSM,Dead,None,0.00,22.9,0,0.41,0,,,81768406
84.34,FSM Enemy 11,FSM,PatrolState,None,1.00,76.7,0,0.41,0,,,81768406
84.34,FSM Enemy 9,FSM,PatrolState,None,1.00,56.6,0,0.41,0,,,81768406
84.34,FSM Enemy 8,FSM,PatrolState,None,1.00,72.4,0,0.41,0,,,81768406
84.34,Utility Enemy 4,Utility,PatrolAction,None,1.00,77.2,0,0.41,0,0.120,0.000,81768406
84.34,Utility Enemy 7,Utility,PatrolAction,None,1.00,48.7,0,0.41,0,0.120,0.000,81768406
84.34,Utility Enemy 8,Utility,PatrolAction,None,1.00,84.8,0,0.41,0,0.120,0.000,81768406
84.34,Utility Enemy 14,Utility,Dead,None,0.00,12.2,0,0.41,8,0.850,0.300,81768406
84.34,Utility Enemy 5,Utility,PatrolAction,None,1.00,67.2,0,0.41,0,0.120,0.000,81768406
84.34,Utility Enemy 6,Utility,PatrolAction,None,1.00,49.2,0,0.41,0,0.120,0.000,81768406
84.34,Utility Enemy 9,Utility,PatrolAction,None,1.00,42.9,0,0.41,0,0.120,0.000,81768406
84.34,Utility Enemy 2,Utility,PatrolAction,None,1.00,68.8,0,0.41,0,0.120,0.000,81768406
84.34,Utility Enemy 1,Utility,PatrolAction,None,1.00,53.6,0,0.41,0,0.120,0.000,81768406
84.34,Utility Enemy 13,Utility,PatrolAction,None,1.00,68.4,0,0.41,0,0.120,0.000,81768406
84.34,Utility Enemy 10,Utility,PatrolAction,None,1.00,30.9,0,0.41,16,0.120,0.000,81768406
84.34,Utility Enemy 15,Utility,PatrolAction,None,1.00,73.2,0,0.41,0,0.120,0.000,81768406
84.34,Utility Enemy 11,Utility,Dead,None,0.00,32.0,0,0.41,0,0.120,0.000,81768406
84.34,Utility Enemy 3,Utility,PatrolAction,None,1.00,70.1,0,0.41,0,0.120,0.000,81768406
84.34,Utility Enemy 12,Utility,PatrolAction,None,1.00,41.6,0,0.41,16,0.120,0.000,81768406
85.34,Player,Player,-,None,0.41,,0,0.41,,,,81768406
85.34,FSM Enemy 13,FSM,PatrolState,None,1.00,72.3,0,0.41,0,,,81768406
85.34,FSM Enemy 10,FSM,PatrolState,None,1.00,71.3,0,0.41,0,,,81768406
85.34,FSM Enemy 14,FSM,PatrolState,None,1.00,65.3,0,0.41,0,,,81768406
85.34,FSM Enemy 4,FSM,Dead,None,0.00,18.1,0,0.41,0,,,81768406
85.34,FSM Enemy 12,FSM,PatrolState,None,1.00,51.6,0,0.41,0,,,81768406
85.34,FSM Enemy 3,FSM,PatrolState,None,1.00,80.6,0,0.41,0,,,81768406
85.34,FSM Enemy 5,FSM,PatrolState,None,1.00,93.8,0,0.41,0,,,81768406
85.34,FSM Enemy 1,FSM,PatrolState,None,1.00,105.0,0,0.41,0,,,81768406
85.34,FSM Enemy 7,FSM,PatrolState,None,1.00,52.0,0,0.41,24,,,81768406
85.34,FSM Enemy 2,FSM,PatrolState,None,1.00,78.0,0,0.41,0,,,81768406
85.34,FSM Enemy 15,FSM,PatrolState,None,1.00,49.0,0,0.41,24,,,81768406
85.34,FSM Enemy 6,FSM,Dead,None,0.00,22.9,0,0.41,0,,,81768406
85.34,FSM Enemy 11,FSM,PatrolState,None,1.00,77.8,0,0.41,0,,,81768406
85.34,FSM Enemy 9,FSM,PatrolState,None,1.00,54.2,0,0.41,0,,,81768406
85.34,FSM Enemy 8,FSM,PatrolState,None,1.00,74.8,0,0.41,0,,,81768406
85.34,Utility Enemy 4,Utility,PatrolAction,None,1.00,77.8,0,0.41,0,0.120,0.000,81768406
85.34,Utility Enemy 7,Utility,PatrolAction,None,1.00,46.0,0,0.41,0,0.120,0.000,81768406
85.34,Utility Enemy 8,Utility,PatrolAction,None,1.00,89.1,0,0.41,0,0.120,0.000,81768406
85.34,Utility Enemy 14,Utility,Dead,None,0.00,12.2,0,0.41,8,0.850,0.300,81768406
85.34,Utility Enemy 5,Utility,PatrolAction,None,1.00,62.9,0,0.41,0,0.120,0.000,81768406
85.34,Utility Enemy 6,Utility,PatrolAction,None,1.00,45.0,0,0.41,0,0.120,0.000,81768406
85.34,Utility Enemy 9,Utility,PatrolAction,None,1.00,41.0,0,0.41,0,0.120,0.000,81768406
85.34,Utility Enemy 2,Utility,PatrolAction,None,1.00,72.2,0,0.41,0,0.120,0.000,81768406
85.34,Utility Enemy 1,Utility,PatrolAction,None,1.00,56.0,0,0.41,0,0.120,0.000,81768406
85.34,Utility Enemy 13,Utility,PatrolAction,None,1.00,72.5,0,0.41,0,0.120,0.000,81768406
85.34,Utility Enemy 10,Utility,PatrolAction,None,1.00,34.9,0,0.41,16,0.120,0.000,81768406
85.34,Utility Enemy 15,Utility,PatrolAction,None,1.00,74.4,0,0.41,0,0.120,0.000,81768406
85.34,Utility Enemy 11,Utility,Dead,None,0.00,32.0,0,0.41,0,0.120,0.000,81768406
85.34,Utility Enemy 3,Utility,PatrolAction,None,1.00,68.1,0,0.41,0,0.120,0.000,81768406
85.34,Utility Enemy 12,Utility,PatrolAction,None,1.00,40.9,0,0.41,16,0.120,0.000,81768406
86.34,Player,Player,-,None,0.41,,0,0.41,,,,81768406
86.34,FSM Enemy 13,FSM,PatrolState,None,1.00,73.7,0,0.41,0,,,81768406
86.34,FSM Enemy 10,FSM,PatrolState,None,1.00,72.2,0,0.41,0,,,81768406
86.34,FSM Enemy 14,FSM,PatrolState,None,1.00,65.5,0,0.41,0,,,81768406
86.34,FSM Enemy 4,FSM,Dead,None,0.00,18.1,0,0.41,0,,,81768406
86.34,FSM Enemy 12,FSM,PatrolState,None,1.00,49.5,0,0.41,0,,,81768406
86.34,FSM Enemy 3,FSM,PatrolState,None,1.00,82.8,0,0.41,0,,,81768406
86.34,FSM Enemy 5,FSM,PatrolState,None,1.00,96.1,0,0.41,0,,,81768406
86.34,FSM Enemy 1,FSM,PatrolState,None,1.00,107.5,0,0.41,0,,,81768406
86.34,FSM Enemy 7,FSM,PatrolState,None,1.00,54.3,0,0.41,24,,,81768406
86.34,FSM Enemy 2,FSM,PatrolState,None,1.00,78.5,0,0.41,0,,,81768406
86.34,FSM Enemy 15,FSM,PatrolState,None,1.00,51.2,0,0.41,24,,,81768406
86.34,FSM Enemy 6,FSM,PatrolState,None,1.00,51.9,0,0.41,0,,,81768406
86.34,FSM Enemy 11,FSM,PatrolState,None,1.00,79.0,0,0.41,0,,,81768406
86.34,FSM Enemy 9,FSM,PatrolState,None,1.00,51.9,0,0.41,0,,,81768406
86.34,FSM Enemy 8,FSM,PatrolState,None,1.00,77.1,0,0.41,0,,,81768406
86.34,Utility Enemy 4,Utility,PatrolAction,None,1.00,78.8,0,0.41,0,0.120,0.000,81768406
86.34,Utility Enemy 7,Utility,PatrolAction,None,1.00,43.0,0,0.41,0,0.120,0.000,81768406
86.34,Utility Enemy 8,Utility,PatrolAction,None,1.00,93.3,0,0.41,0,0.120,0.000,81768406
86.34,Utility Enemy 14,Utility,Dead,None,0.00,12.2,0,0.41,8,0.850,0.300,81768406
86.34,Utility Enemy 5,Utility,PatrolAction,None,1.00,59.2,0,0.41,0,0.120,0.000,81768406
86.34,Utility Enemy 6,Utility,PatrolAction,None,1.00,41.6,0,0.41,0,0.120,0.000,81768406
86.34,Utility Enemy 9,Utility,PatrolAction,None,1.00,37.9,0,0.41,0,0.120,0.000,81768406
86.34,Utility Enemy 2,Utility,PatrolAction,None,1.00,72.4,0,0.41,0,0.120,0.000,81768406
86.34,Utility Enemy 1,Utility,PatrolAction,None,1.00,52.2,0,0.41,0,0.120,0.000,81768406
86.34,Utility Enemy 13,Utility,PatrolAction,None,1.00,76.9,0,0.41,0,0.120,0.000,81768406
86.34,Utility Enemy 10,Utility,PatrolAction,None,1.00,39.0,0,0.41,16,0.120,0.000,81768406
86.34,Utility Enemy 15,Utility,PatrolAction,None,1.00,78.8,0,0.41,0,0.120,0.000,81768406
86.34,Utility Enemy 11,Utility,Dead,None,0.00,32.0,0,0.41,0,0.120,0.000,81768406
86.34,Utility Enemy 3,Utility,PatrolAction,None,1.00,64.3,0,0.41,0,0.120,0.000,81768406
86.34,Utility Enemy 12,Utility,PatrolAction,None,1.00,40.3,0,0.41,16,0.120,0.000,81768406
87.34,Player,Player,-,None,0.41,,0,0.41,,,,81768406
87.34,FSM Enemy 13,FSM,PatrolState,None,1.00,75.6,0,0.41,0,,,81768406
87.34,FSM Enemy 10,FSM,PatrolState,None,1.00,73.0,0,0.41,0,,,81768406
87.34,FSM Enemy 14,FSM,PatrolState,None,1.00,67.2,0,0.41,0,,,81768406
87.34,FSM Enemy 4,FSM,Dead,None,0.00,18.6,0,0.41,0,,,81768406
87.34,FSM Enemy 12,FSM,PatrolState,None,1.00,47.1,0,0.41,0,,,81768406
87.34,FSM Enemy 3,FSM,PatrolState,None,1.00,85.5,0,0.41,0,,,81768406
87.34,FSM Enemy 5,FSM,PatrolState,None,1.00,98.5,0,0.41,0,,,81768406
87.34,FSM Enemy 1,FSM,PatrolState,None,1.00,110.3,0,0.41,0,,,81768406
87.34,FSM Enemy 7,FSM,PatrolState,None,1.00,56.6,0,0.41,24,,,81768406
87.34,FSM Enemy 2,FSM,PatrolState,None,1.00,79.9,0,0.41,0,,,81768406
87.34,FSM Enemy 15,FSM,PatrolState,None,1.00,53.4,0,0.41,24,,,81768406
87.34,FSM Enemy 6,FSM,PatrolState,None,1.00,51.4,0,0.41,0,,,81768406
87.34,FSM Enemy 11,FSM,PatrolState,None,1.00,80.4,0,0.41,0,,,81768406
87.34,FSM Enemy 9,FSM,PatrolState,None,1.00,49.8,0,0.41,0,,,81768406
87.34,FSM Enemy 8,FSM,PatrolState,None,1.00,77.4,0,0.41,0,,,81768406
87.34,Utility Enemy 4,Utility,PatrolAction,None,1.00,77.1,0,0.41,0,0.120,0.000,81768406
87.34,Utility Enemy 7,Utility,PatrolAction,None,1.00,40.5,0,0.41,0,0.120,0.000,81768406
87.34,Utility Enemy 8,Utility,PatrolAction,None,1.00,97.8,0,0.41,0,0.120,0.000,81768406
87.34,Utility Enemy 14,Utility,Dead,None,0.00,12.6,0,0.41,8,0.850,0.300,81768406
87.34,Utility Enemy 5,Utility,PatrolAction,None,1.00,62.7,0,0.41,0,0.120,0.000,81768406
87.34,Utility Enemy 6,Utility,PatrolAction,None,1.00,38.5,0,0.41,0,0.120,0.000,81768406
87.34,Utility Enemy 9,Utility,PatrolAction,None,1.00,35.0,0,0.41,0,0.120,0.000,81768406
87.34,Utility Enemy 2,Utility,PatrolAction,None,1.00,69.0,0,0.41,0,0.120,0.000,81768406
87.34,Utility Enemy 1,Utility,PatrolAction,None,1.00,55.5,0,0.41,0,0.120,0.000,81768406
87.34,Utility Enemy 13,Utility,PatrolAction,None,1.00,76.9,0,0.41,0,0.120,0.000,81768406
87.34,Utility Enemy 10,Utility,PatrolAction,None,1.00,41.5,0,0.41,16,0.120,0.000,81768406
87.34,Utility Enemy 15,Utility,PatrolAction,None,1.00,83.2,0,0.41,0,0.120,0.000,81768406
87.34,Utility Enemy 11,Utility,PatrolAction,None,1.00,81.7,0,0.41,0,0.120,0.000,81768406
87.34,Utility Enemy 3,Utility,PatrolAction,None,1.00,65.1,0,0.41,0,0.120,0.000,81768406
87.34,Utility Enemy 12,Utility,PatrolAction,None,1.00,40.2,0,0.41,16,0.120,0.000,81768406
88.35,Player,Player,-,None,0.41,,0,0.41,,,,81768406
88.35,FSM Enemy 13,FSM,PatrolState,None,1.00,72.8,0,0.41,0,,,81768406
88.35,FSM Enemy 10,FSM,PatrolState,None,1.00,70.9,0,0.41,0,,,81768406
88.35,FSM Enemy 14,FSM,PatrolState,None,1.00,68.2,0,0.41,0,,,81768406
88.35,FSM Enemy 4,FSM,Dead,None,0.00,18.6,0,0.41,0,,,81768406
88.35,FSM Enemy 12,FSM,PatrolState,None,1.00,39.6,0,0.41,0,,,81768406
88.35,FSM Enemy 3,FSM,PatrolState,None,1.00,84.9,0,0.41,0,,,81768406
88.35,FSM Enemy 5,FSM,PatrolState,None,1.00,95.5,0,0.41,0,,,81768406
88.35,FSM Enemy 1,FSM,PatrolState,None,1.00,108.7,0,0.41,0,,,81768406
88.35,FSM Enemy 7,FSM,PatrolState,None,1.00,54.1,0,0.41,24,,,81768406
88.35,FSM Enemy 2,FSM,PatrolState,None,1.00,80.0,0,0.41,0,,,81768406
88.35,FSM Enemy 15,FSM,PatrolState,None,1.00,50.6,0,0.41,24,,,81768406
88.35,FSM Enemy 6,FSM,PatrolState,None,1.00,44.1,0,0.41,0,,,81768406
88.35,FSM Enemy 11,FSM,PatrolState,None,1.00,77.5,0,0.41,0,,,81768406
88.35,FSM Enemy 9,FSM,PatrolState,None,1.00,43.2,0,0.41,0,,,81768406
88.35,FSM Enemy 8,FSM,PatrolState,None,1.00,71.3,0,0.41,0,,,81768406
88.35,Utility Enemy 4,Utility,PatrolAction,None,1.00,69.1,0,0.41,0,0.120,0.000,81768406
88.35,Utility Enemy 7,Utility,PatrolAction,None,1.00,35.2,0,0.41,0,0.120,0.000,81768406
88.35,Utility Enemy 8,Utility,PatrolAction,None,1.00,95.6,0,0.41,0,0.120,0.000,81768406
88.35,Utility Enemy 14,Utility,Dead,None,0.00,13.4,0,0.41,8,0.850,0.300,81768406
88.35,Utility Enemy 5,Utility,PatrolAction,None,1.00,62.5,0,0.41,0,0.120,0.000,81768406
88.35,Utility Enemy 6,Utility,PatrolAction,None,1.00,31.8,0,0.41,0,0.120,0.000,81768406
88.35,Utility Enemy 9,Utility,PatrolAction,None,1.00,33.9,0,0.41,0,0.120,0.000,81768406
88.35,Utility Enemy 2,Utility,PatrolAction,None,1.00,62.1,0,0.41,0,0.120,0.000,81768406
88.35,Utility Enemy 1,Utility,PatrolAction,None,1.00,55.6,0,0.41,0,0.120,0.000,81768406
88.35,Utility Enemy 13,Utility,PatrolAction,None,1.00,67.6,0,0.41,0,0.120,0.000,81768406
88.35,Utility Enemy 10,Utility,PatrolAction,None,1.00,33.0,0,0.41,16,0.120,0.000,81768406
88.35,Utility Enemy 15,Utility,PatrolAction,None,1.00,78.5,0,0.41,0,0.120,0.000,81768406
88.35,Utility Enemy 11,Utility,PatrolAction,None,1.00,81.0,0,0.41,0,0.120,0.000,81768406
88.35,Utility Enemy 3,Utility,PatrolAction,None,1.00,66.0,0,0.41,0,0.120,0.000,81768406
88.35,Utility Enemy 12,Utility,PatrolAction,None,1.00,34.0,0,0.41,16,0.120,0.000,81768406
89.35,Player,Player,-,None,0.41,,0,0.41,,,,81768406
89.35,FSM Enemy 13,FSM,PatrolState,None,1.00,75.3,0,0.41,0,,,81768406
89.35,FSM Enemy 10,FSM,PatrolState,None,1.00,71.3,0,0.41,0,,,81768406
89.35,FSM Enemy 14,FSM,PatrolState,None,1.00,70.1,0,0.41,0,,,81768406
89.35,FSM Enemy 4,FSM,Dead,None,0.00,18.6,0,0.41,0,,,81768406
89.35,FSM Enemy 12,FSM,PatrolState,None,1.00,37.1,0,0.41,0,,,81768406
89.35,FSM Enemy 3,FSM,PatrolState,None,1.00,87.4,0,0.41,0,,,81768406
89.35,FSM Enemy 5,FSM,PatrolState,None,1.00,96.9,0,0.41,0,,,81768406
89.35,FSM Enemy 1,FSM,PatrolState,None,1.00,111.1,0,0.41,0,,,81768406
89.35,FSM Enemy 7,FSM,PatrolState,None,1.00,56.6,0,0.41,24,,,81768406
89.35,FSM Enemy 2,FSM,PatrolState,None,1.00,82.5,0,0.41,0,,,81768406
89.35,FSM Enemy 15,FSM,PatrolState,None,1.00,52.6,0,0.41,24,,,81768406
89.35,FSM Enemy 6,FSM,PatrolState,None,1.00,41.7,0,0.41,0,,,81768406
89.35,FSM Enemy 11,FSM,PatrolState,None,1.00,79.4,0,0.41,0,,,81768406
89.35,FSM Enemy 9,FSM,PatrolState,None,1.00,40.9,0,0.41,0,,,81768406
89.35,FSM Enemy 8,FSM,PatrolState,None,1.00,69.8,0,0.41,0,,,81768406
89.35,Utility Enemy 4,Utility,PatrolAction,None,1.00,66.1,0,0.41,0,0.120,0.000,81768406
89.35,Utility Enemy 7,Utility,PatrolAction,None,1.00,35.6,0,0.41,0,0.120,0.000,81768406
89.35,Utility Enemy 8,Utility,PatrolAction,None,1.00,96.5,0,0.41,0,0.120,0.000,81768406
89.35,Utility Enemy 14,Utility,Dead,None,0.00,13.4,0,0.41,8,0.850,0.300,81768406
89.35,Utility Enemy 5,Utility,PatrolAction,None,1.00,66.3,0,0.41,0,0.120,0.000,81768406
89.35,Utility Enemy 6,Utility,PatrolAction,None,1.00,28.7,0,0.41,0,0.120,0.000,81768406
89.35,Utility Enemy 9,Utility,PatrolAction,None,1.00,34.0,0,0.41,0,0.120,0.000,81768406
89.35,Utility Enemy 2,Utility,PatrolAction,None,1.00,59.9,0,0.41,0,0.120,0.000,81768406
89.35,Utility Enemy 1,Utility,PatrolAction,None,1.00,59.7,0,0.41,0,0.120,0.000,81768406
89.35,Utility Enemy 13,Utility,PatrolAction,None,1.00,65.0,0,0.41,0,0.120,0.000,81768406
89.35,Utility Enemy 10,Utility,PatrolAction,None,1.00,29.3,0,0.41,16,0.120,0.000,81768406
89.35,Utility Enemy 15,Utility,PatrolAction,None,1.00,78.2,0,0.41,0,0.120,0.000,81768406
89.35,Utility Enemy 11,Utility,PatrolAction,None,1.00,85.5,0,0.41,0,0.120,0.000,81768406
89.35,Utility Enemy 3,Utility,PatrolAction,None,1.00,70.2,0,0.41,0,0.120,0.000,81768406
89.35,Utility Enemy 12,Utility,PatrolAction,None,1.00,33.1,0,0.41,16,0.120,0.000,81768406
90.36,Player,Player,-,None,0.41,,0,0.41,,,,81768406
90.36,FSM Enemy 13,FSM,PatrolState,None,1.00,77.8,0,0.41,0,,,81768406
90.36,FSM Enemy 10,FSM,PatrolState,None,1.00,71.9,0,0.41,0,,,81768406
90.36,FSM Enemy 14,FSM,PatrolState,None,1.00,72.0,0,0.41,0,,,81768406
90.36,FSM Enemy 4,FSM,Dead,None,0.00,18.6,0,0.41,0,,,81768406
90.36,FSM Enemy 12,FSM,PatrolState,None,1.00,34.6,0,0.41,0,,,81768406
90.36,FSM Enemy 3,FSM,PatrolState,None,1.00,89.9,0,0.41,0,,,81768406
90.36,FSM Enemy 5,FSM,PatrolState,None,1.00,98.4,0,0.41,0,,,81768406
90.36,FSM Enemy 1,FSM,PatrolState,None,1.00,113.5,0,0.41,0,,,81768406
90.36,FSM Enemy 7,FSM,PatrolState,None,1.00,59.1,0,0.41,24,,,81768406
90.36,FSM Enemy 2,FSM,PatrolState,None,1.00,85.0,0,0.41,0,,,81768406
90.36,FSM Enemy 15,FSM,PatrolState,None,1.00,54.7,0,0.41,24,,,81768406
90.36,FSM Enemy 6,FSM,PatrolState,None,0.75,39.3,0,0.41,0,,,81768406
90.36,FSM Enemy 11,FSM,PatrolState,None,1.00,79.9,0,0.41,0,,,81768406
90.36,FSM Enemy 9,FSM,PatrolState,None,1.00,42.7,0,0.41,0,,,81768406
90.36,FSM Enemy 8,FSM,PatrolState,None,1.00,68.3,0,0.41,0,,,81768406
90.36,Utility Enemy 4,Utility,PatrolAction,None,1.00,66.2,0,0.41,0,0.120,0.000,81768406
90.36,Utility Enemy 7,Utility,PatrolAction,None,1.00,32.6,0,0.41,0,0.120,0.000,81768406
90.36,Utility Enemy 8,Utility,PatrolAction,None,1.00,95.5,0,0.41,0,0.120,0.000,81768406
90.36,Utility Enemy 14,Utility,Dead,None,0.00,13.4,0,0.41,8,0.850,0.300,81768406
90.36,Utility Enemy 5,Utility,PatrolAction,None,1.00,66.0,0,0.41,0,0.120,0.000,81768406
90.36,Utility Enemy 6,Utility,PatrolAction,None,1.00,27.3,0,0.41,0,0.120,0.000,81768406
90.36,Utility Enemy 9,Utility,PatrolAction,None,1.00,34.5,0,0.41,0,0.120,0.000,81768406
90.36,Utility Enemy 2,Utility,PatrolAction,None,1.00,58.4,0,0.41,0,0.120,0.000,81768406
90.36,Utility Enemy 1,Utility,PatrolAction,None,1.00,63.8,0,0.41,0,0.120,0.000,81768406
90.36,Utility Enemy 13,Utility,PatrolAction,None,1.00,68.5,0,0.41,0,0.120,0.000,81768406
90.36,Utility Enemy 10,Utility,PatrolAction,None,1.00,25.8,0,0.41,16,0.120,0.000,81768406
90.36,Utility Enemy 15,Utility,PatrolAction,None,1.00,77.2,0,0.41,0,0.120,0.000,81768406
90.36,Utility Enemy 11,Utility,PatrolAction,None,1.00,88.6,0,0.41,0,0.120,0.000,81768406
90.36,Utility Enemy 3,Utility,PatrolAction,None,1.00,74.4,0,0.41,0,0.120,0.000,81768406
90.36,Utility Enemy 12,Utility,PatrolAction,None,1.00,31.2,0,0.41,16,0.120,0.000,81768406
91.37,Player,Player,-,None,0.41,,0,0.41,,,,81768406
91.37,FSM Enemy 13,FSM,PatrolState,None,1.00,80.3,0,0.41,0,,,81768406
91.37,FSM Enemy 10,FSM,PatrolState,None,1.00,73.0,0,0.41,0,,,81768406
91.37,FSM Enemy 14,FSM,PatrolState,None,1.00,73.7,0,0.41,0,,,81768406
91.37,FSM Enemy 4,FSM,Dead,None,0.00,18.6,0,0.41,0,,,81768406
91.37,FSM Enemy 12,FSM,PatrolState,None,1.00,32.1,0,0.41,0,,,81768406
91.37,FSM Enemy 3,FSM,PatrolState,None,1.00,92.4,0,0.41,0,,,81768406
91.37,FSM Enemy 5,FSM,PatrolState,None,1.00,99.9,0,0.41,0,,,81768406
91.37,FSM Enemy 1,FSM,PatrolState,None,1.00,115.9,0,0.41,0,,,81768406
91.37,FSM Enemy 7,FSM,PatrolState,None,1.00,61.5,0,0.41,24,,,81768406
91.37,FSM Enemy 2,FSM,PatrolState,None,1.00,87.5,0,0.41,0,,,81768406
91.37,FSM Enemy 15,FSM,PatrolState,None,1.00,56.8,0,0.41,24,,,81768406
91.37,FSM Enemy 6,FSM,PatrolState,None,0.50,37.0,0,0.41,0,,,81768406
91.37,FSM Enemy 11,FSM,PatrolState,None,1.00,80.4,0,0.41,0,,,81768406
91.37,FSM Enemy 9,FSM,PatrolState,None,1.00,44.9,0,0.41,0,,,81768406
91.37,FSM Enemy 8,FSM,PatrolState,None,1.00,66.8,0,0.41,0,,,81768406
91.37,Utility Enemy 4,Utility,PatrolAction,None,1.00,70.1,0,0.41,0,0.120,0.000,81768406
91.37,Utility Enemy 7,Utility,PatrolAction,None,1.00,28.5,0,0.41,0,0.120,0.000,81768406
91.37,Utility Enemy 8,Utility,PatrolAction,None,1.00,95.1,0,0.41,0,0.120,0.000,81768406
91.37,Utility Enemy 14,Utility,Dead,None,0.00,13.4,0,0.41,8,0.850,0.300,81768406
91.37,Utility Enemy 5,Utility,PatrolAction,None,1.00,65.0,0,0.41,0,0.120,0.000,81768406
91.37,Utility Enemy 6,Utility,PatrolAction,None,1.00,27.3,0,0.41,0,0.120,0.000,81768406
91.37,Utility Enemy 9,Utility,PatrolAction,None,1.00,39.0,0,0.41,0,0.120,0.000,81768406
91.37,Utility Enemy 2,Utility,PatrolAction,None,1.00,54.2,0,0.41,0,0.120,0.000,81768406
91.37,Utility Enemy 1,Utility,PatrolAction,None,1.00,68.0,0,0.41,0,0.120,0.000,81768406
91.37,Utility Enemy 13,Utility,PatrolAction,None,1.00,70.2,0,0.41,0,0.120,0.000,81768406
91.37,Utility Enemy 10,Utility,PatrolAction,None,1.00,23.5,0,0.41,16,0.120,0.000,81768406
91.37,Utility Enemy 15,Utility,PatrolAction,None,1.00,75.4,0,0.41,0,0.120,0.000,81768406
91.37,Utility Enemy 11,Utility,PatrolAction,None,1.00,89.8,0,0.41,0,0.120,0.000,81768406
91.37,Utility Enemy 3,Utility,PatrolAction,None,1.00,77.9,0,0.41,0,0.120,0.000,81768406
91.37,Utility Enemy 12,Utility,PatrolAction,None,1.00,27.4,0,0.41,16,0.120,0.000,81768406
92.38,Player,Player,-,None,0.41,,0,0.41,,,,81768406
92.38,FSM Enemy 13,FSM,PatrolState,None,1.00,82.8,0,0.41,0,,,81768406
92.38,FSM Enemy 10,FSM,PatrolState,None,1.00,75.4,0,0.41,0,,,81768406
92.38,FSM Enemy 14,FSM,PatrolState,None,1.00,73.0,0,0.41,0,,,81768406
92.38,FSM Enemy 4,FSM,Dead,None,0.00,18.6,0,0.41,0,,,81768406
92.38,FSM Enemy 12,FSM,PatrolState,None,1.00,29.7,0,0.41,0,,,81768406
92.38,FSM Enemy 3,FSM,PatrolState,None,1.00,94.9,0,0.41,0,,,81768406
92.38,FSM Enemy 5,FSM,PatrolState,None,1.00,101.4,0,0.41,0,,,81768406
92.38,FSM Enemy 1,FSM,PatrolState,None,1.00,118.4,0,0.41,0,,,81768406
92.38,FSM Enemy 7,FSM,PatrolState,None,1.00,64.0,0,0.41,24,,,81768406
92.38,FSM Enemy 2,FSM,PatrolState,None,1.00,90.0,0,0.41,0,,,81768406
92.38,FSM Enemy 15,FSM,PatrolState,None,1.00,58.9,0,0.41,24,,,81768406
92.38,FSM Enemy 6,FSM,PatrolState,None,0.25,34.6,0,0.41,0,,,81768406
92.38,FSM Enemy 11,FSM,PatrolState,None,1.00,82.0,0,0.41,0,,,81768406
92.38,FSM Enemy 9,FSM,PatrolState,None,1.00,47.1,0,0.41,0,,,81768406
92.38,FSM Enemy 8,FSM,PatrolState,None,1.00,65.5,0,0.41,0,,,81768406
92.38,Utility Enemy 4,Utility,PatrolAction,None,1.00,73.1,0,0.41,0,0.120,0.000,81768406
92.38,Utility Enemy 7,Utility,PatrolAction,None,1.00,25.0,0,0.41,0,0.120,0.000,81768406
92.38,Utility Enemy 8,Utility,PatrolAction,None,1.00,95.3,0,0.41,0,0.120,0.000,81768406
92.38,Utility Enemy 14,Utility,PatrolAction,None,1.00,63.9,0,0.41,8,0.120,0.000,81768406
92.38,Utility Enemy 5,Utility,PatrolAction,None,1.00,61.7,0,0.41,0,0.120,0.000,81768406
92.38,Utility Enemy 6,Utility,PatrolAction,None,1.00,26.4,0,0.41,0,0.120,0.000,81768406
92.38,Utility Enemy 9,Utility,PatrolAction,None,1.00,42.2,0,0.41,0,0.120,0.000,81768406
92.38,Utility Enemy 2,Utility,PatrolAction,None,1.00,52.4,0,0.41,0,0.120,0.000,81768406
92.38,Utility Enemy 1,Utility,PatrolAction,None,1.00,68.1,0,0.41,0,0.120,0.000,81768406
92.38,Utility Enemy 13,Utility,PatrolAction,None,1.00,71.8,0,0.41,0,0.120,0.000,81768406
92.38,Utility Enemy 10,Utility,PatrolAction,None,1.00,20.1,0,0.41,16,0.120,0.000,81768406
92.38,Utility Enemy 15,Utility,PatrolAction,None,1.00,72.6,0,0.41,0,0.120,0.000,81768406
92.38,Utility Enemy 11,Utility,PatrolAction,None,1.00,91.4,0,0.41,0,0.120,0.000,81768406
92.38,Utility Enemy 3,Utility,PatrolAction,None,1.00,81.1,0,0.41,0,0.120,0.000,81768406
92.38,Utility Enemy 12,Utility,PatrolAction,None,1.00,26.6,0,0.41,16,0.120,0.000,81768406
93.38,Player,Player,-,None,0.41,,0,0.41,,,,81768406
93.38,FSM Enemy 13,FSM,PatrolState,None,1.00,85.2,0,0.41,0,,,81768406
93.38,FSM Enemy 10,FSM,PatrolState,None,1.00,74.9,0,0.41,0,,,81768406
93.38,FSM Enemy 14,FSM,PatrolState,None,1.00,70.6,0,0.41,0,,,81768406
93.38,FSM Enemy 4,FSM,Dead,None,0.00,18.6,0,0.41,0,,,81768406
93.38,FSM Enemy 12,FSM,PatrolState,None,0.50,27.2,0,0.41,0,,,81768406
93.38,FSM Enemy 3,FSM,PatrolState,None,1.00,95.8,0,0.41,0,,,81768406
93.38,FSM Enemy 5,FSM,PatrolState,None,1.00,102.0,0,0.41,0,,,81768406
93.38,FSM Enemy 1,FSM,PatrolState,None,1.00,117.6,0,0.41,0,,,81768406
93.38,FSM Enemy 7,FSM,PatrolState,None,1.00,66.0,0,0.41,24,,,81768406
93.38,FSM Enemy 2,FSM,PatrolState,None,1.00,90.4,0,0.41,0,,,81768406
93.38,FSM Enemy 15,FSM,PatrolState,None,1.00,61.3,0,0.41,24,,,81768406
93.38,FSM Enemy 6,FSM,PatrolState,None,0.25,32.3,0,0.41,0,,,81768406
93.38,FSM Enemy 11,FSM,PatrolState,None,1.00,80.2,0,0.41,0,,,81768406
93.38,FSM Enemy 9,FSM,PatrolState,None,1.00,47.4,0,0.41,0,,,81768406
93.38,FSM Enemy 8,FSM,PatrolState,None,1.00,65.6,0,0.41,0,,,81768406
93.38,Utility Enemy 4,Utility,PatrolAction,None,1.00,70.6,0,0.41,0,0.120,0.000,81768406
93.38,Utility Enemy 7,Utility,PatrolAction,None,1.00,27.0,0,0.41,0,0.120,0.000,81768406
93.38,Utility Enemy 8,Utility,PatrolAction,None,1.00,97.4,0,0.41,0,0.120,0.000,81768406
93.38,Utility Enemy 14,Utility,PatrolAction,None,1.00,61.0,0,0.41,8,0.120,0.000,81768406
93.38,Utility Enemy 5,Utility,PatrolAction,None,1.00,57.7,0,0.41,0,0.120,0.000,81768406
93.38,Utility Enemy 6,Utility,PatrolAction,None,1.00,24.0,0,0.41,0,0.120,0.000,81768406
93.38,Utility Enemy 9,Utility,PatrolAction,None,1.00,38.6,0,0.41,0,0.120,0.000,81768406
93.38,Utility Enemy 2,Utility,PatrolAction,None,1.00,51.2,0,0.41,0,0.120,0.000,81768406
93.38,Utility Enemy 1,Utility,PatrolAction,None,1.00,67.8,0,0.41,0,0.120,0.000,81768406
93.38,Utility Enemy 13,Utility,PatrolAction,None,1.00,68.3,0,0.41,0,0.120,0.000,81768406
93.38,Utility Enemy 10,Utility,PatrolAction,None,1.00,20.2,0,0.41,16,0.120,0.000,81768406
93.38,Utility Enemy 15,Utility,PatrolAction,None,1.00,70.7,0,0.41,0,0.120,0.000,81768406
93.38,Utility Enemy 11,Utility,PatrolAction,None,1.00,94.4,0,0.41,0,0.120,0.000,81768406
93.38,Utility Enemy 3,Utility,PatrolAction,None,1.00,79.5,0,0.41,0,0.120,0.000,81768406
93.38,Utility Enemy 12,Utility,PatrolAction,None,1.00,30.3,0,0.41,16,0.120,0.000,81768406
94.38,Player,Player,-,None,0.41,,0,0.41,,,,81768406
94.38,FSM Enemy 13,FSM,PatrolState,None,1.00,87.6,0,0.41,0,,,81768406
94.38,FSM Enemy 10,FSM,PatrolState,None,1.00,72.6,0,0.41,0,,,81768406
94.38,FSM Enemy 14,FSM,PatrolState,None,1.00,68.2,0,0.41,0,,,81768406
94.38,FSM Enemy 4,FSM,PatrolState,None,1.00,60.8,0,0.41,0,,,81768406
94.38,FSM Enemy 12,FSM,Dead,None,0.00,25.1,0,0.41,0,,,81768406
94.38,FSM Enemy 3,FSM,PatrolState,None,1.00,95.7,0,0.41,0,,,81768406
94.38,FSM Enemy 5,FSM,PatrolState,None,1.00,102.5,0,0.41,0,,,81768406
94.38,FSM Enemy 1,FSM,PatrolState,None,1.00,115.5,0,0.41,0,,,81768406
94.38,FSM Enemy 7,FSM,PatrolState,None,1.00,67.8,0,0.41,24,,,81768406
94.38,FSM Enemy 2,FSM,PatrolState,None,1.00,89.4,0,0.41,0,,,81768406
94.38,FSM Enemy 15,FSM,PatrolState,None,1.00,63.8,0,0.41,24,,,81768406
94.38,FSM Enemy 6,FSM,PatrolState,None,0.25,30.1,0,0.41,0,,,81768406
94.38,FSM Enemy 11,FSM,PatrolState,None,1.00,78.0,0,0.41,0,,,81768406
94.38,FSM Enemy 9,FSM,PatrolState,None,1.00,46.6,0,0.41,0,,,81768406
94.38,FSM Enemy 8,FSM,PatrolState,None,1.00,67.0,0,0.41,0,,,81768406
94.38,Utility Enemy 4,Utility,PatrolAction,None,1.00,69.4,0,0.41,0,0.120,0.000,81768406
94.38,Utility Enemy 7,Utility,PatrolAction,None,1.00,31.1,0,0.41,0,0.120,0.000,81768406
94.38,Utility Enemy 8,Utility,PatrolAction,None,1.00,100.9,0,0.41,0,0.120,0.000,81768406
94.38,Utility Enemy 14,Utility,PatrolAction,None,1.00,58.2,0,0.41,8,0.120,0.000,81768406
94.38,Utility Enemy 5,Utility,PatrolAction,None,1.00,54.2,0,0.41,0,0.120,0.000,81768406
94.38,Utility Enemy 6,Utility,PatrolAction,None,1.00,23.6,0,0.41,0,0.120,0.000,81768406
94.38,Utility Enemy 9,Utility,PatrolAction,None,1.00,34.9,0,0.41,0,0.120,0.000,81768406
94.38,Utility Enemy 2,Utility,PatrolAction,None,1.00,54.7,0,0.41,0,0.120,0.000,81768406
94.38,Utility Enemy 1,Utility,PatrolAction,None,1.00,68.0,0,0.41,0,0.120,0.000,81768406
94.38,Utility Enemy 13,Utility,PatrolAction,None,1.00,63.8,0,0.41,0,0.120,0.000,81768406
94.38,Utility Enemy 10,Utility,PatrolAction,None,1.00,22.5,0,0.41,16,0.120,0.000,81768406
94.38,Utility Enemy 15,Utility,PatrolAction,None,1.00,69.9,0,0.41,0,0.120,0.000,81768406
94.38,Utility Enemy 11,Utility,PatrolAction,None,1.00,90.7,0,0.41,0,0.120,0.000,81768406
94.38,Utility Enemy 3,Utility,PatrolAction,None,1.00,75.2,0,0.41,0,0.120,0.000,81768406
94.38,Utility Enemy 12,Utility,PatrolAction,None,1.00,34.0,0,0.41,16,0.120,0.000,81768406
95.38,Player,Player,-,None,0.41,,0,0.41,,,,81768406
95.38,FSM Enemy 13,FSM,PatrolState,None,1.00,90.0,0,0.41,0,,,81768406
95.38,FSM Enemy 10,FSM,PatrolState,None,1.00,70.4,0,0.41,0,,,81768406
95.38,FSM Enemy 14,FSM,PatrolState,None,1.00,65.8,0,0.41,0,,,81768406
95.38,FSM Enemy 4,FSM,PatrolState,None,1.00,58.3,0,0.41,0,,,81768406
95.38,FSM Enemy 12,FSM,Dead,None,0.00,25.1,0,0.41,0,,,81768406
95.38,FSM Enemy 3,FSM,PatrolState,None,1.00,95.6,0,0.41,0,,,81768406
95.38,FSM Enemy 5,FSM,PatrolState,None,1.00,100.7,0,0.41,0,,,81768406
95.38,FSM Enemy 1,FSM,PatrolState,None,1.00,113.4,0,0.41,0,,,81768406
95.38,FSM Enemy 7,FSM,PatrolState,None,1.00,69.7,0,0.41,24,,,81768406
95.38,FSM Enemy 2,FSM,PatrolState,None,1.00,87.4,0,0.41,0,,,81768406
95.38,FSM Enemy 15,FSM,PatrolState,None,1.00,66.2,0,0.41,24,,,81768406
95.38,FSM Enemy 6,FSM,Dead,None,0.00,28.0,0,0.41,0,,,81768406
95.38,FSM Enemy 11,FSM,PatrolState,None,1.00,76.5,0,0.41,0,,,81768406
95.38,FSM Enemy 9,FSM,PatrolState,None,1.00,46.0,0,0.41,0,,,81768406
95.38,FSM Enemy 8,FSM,PatrolState,None,1.00,68.4,0,0.41,0,,,81768406
95.38,Utility Enemy 4,Utility,PatrolAction,None,1.00,70.8,0,0.41,0,0.120,0.000,81768406
95.38,Utility Enemy 7,Utility,PatrolAction,None,1.00,35.2,0,0.41,0,0.120,0.000,81768406
95.38,Utility Enemy 8,Utility,PatrolAction,None,1.00,102.5,0,0.41,0,0.120,0.000,81768406
95.38,Utility Enemy 14,Utility,PatrolAction,None,1.00,59.7,0,0.41,8,0.120,0.000,81768406
95.38,Utility Enemy 5,Utility,PatrolAction,None,1.00,51.1,0,0.41,0,0.120,0.000,81768406
95.38,Utility Enemy 6,Utility,PatrolAction,None,1.00,24.5,0,0.41,0,0.120,0.000,81768406
95.38,Utility Enemy 9,Utility,PatrolAction,None,1.00,37.0,0,0.41,0,0.120,0.000,81768406
95.38,Utility Enemy 2,Utility,PatrolAction,None,1.00,57.1,0,0.41,0,0.120,0.000,81768406
95.38,Utility Enemy 1,Utility,PatrolAction,None,1.00,69.9,0,0.41,0,0.120,0.000,81768406
95.38,Utility Enemy 13,Utility,PatrolAction,None,1.00,61.0,0,0.41,0,0.120,0.000,81768406
95.38,Utility Enemy 10,Utility,PatrolAction,None,1.00,21.1,0,0.41,16,0.120,0.000,81768406
95.38,Utility Enemy 15,Utility,PatrolAction,None,1.00,68.5,0,0.41,0,0.120,0.000,81768406
95.38,Utility Enemy 11,Utility,PatrolAction,None,1.00,86.3,0,0.41,0,0.120,0.000,81768406
95.38,Utility Enemy 3,Utility,PatrolAction,None,1.00,74.2,0,0.41,0,0.120,0.000,81768406
95.38,Utility Enemy 12,Utility,PatrolAction,None,1.00,35.8,0,0.41,16,0.120,0.000,81768406
96.39,Player,Player,-,None,0.41,,0,0.41,,,,81768406
96.39,FSM Enemy 13,FSM,PatrolState,None,1.00,89.3,0,0.41,0,,,81768406
96.39,FSM Enemy 10,FSM,PatrolState,None,1.00,68.2,0,0.41,0,,,81768406
96.39,FSM Enemy 14,FSM,PatrolState,None,1.00,63.5,0,0.41,0,,,81768406
96.39,FSM Enemy 4,FSM,PatrolState,None,1.00,55.9,0,0.41,0,,,81768406
96.39,FSM Enemy 12,FSM,Dead,None,0.00,25.1,0,0.41,0,,,81768406
96.39,FSM Enemy 3,FSM,PatrolState,None,1.00,95.6,0,0.41,0,,,81768406
96.39,FSM Enemy 5,FSM,PatrolState,None,1.00,102.2,0,0.41,0,,,81768406
96.39,FSM Enemy 1,FSM,PatrolState,None,1.00,113.5,0,0.41,0,,,81768406
96.39,FSM Enemy 7,FSM,PatrolState,None,1.00,71.8,0,0.41,24,,,81768406
96.39,FSM Enemy 2,FSM,PatrolState,None,1.00,85.4,0,0.41,0,,,81768406
96.39,FSM Enemy 15,FSM,PatrolState,None,1.00,68.7,0,0.41,24,,,81768406
96.39,FSM Enemy 6,FSM,Dead,None,0.00,28.0,0,0.41,0,,,81768406
96.39,FSM Enemy 11,FSM,PatrolState,None,1.00,76.1,0,0.41,0,,,81768406
96.39,FSM Enemy 9,FSM,PatrolState,None,1.00,45.4,0,0.41,0,,,81768406
96.39,FSM Enemy 8,FSM,PatrolState,None,1.00,69.9,0,0.41,0,,,81768406
96.39,Utility Enemy 4,Utility,PatrolAction,None,1.00,74.2,0,0.41,0,0.120,0.000,81768406
96.39,Utility Enemy 7,Utility,PatrolAction,None,1.00,33.3,0,0.41,0,0.120,0.000,81768406
96.39,Utility Enemy 8,Utility,PatrolAction,None,1.00,100.9,0,0.41,0,0.120,0.000,81768406
96.39,Utility Enemy 14,Utility,PatrolAction,None,1.00,63.5,0,0.41,8,0.120,0.000,81768406
96.39,Utility Enemy 5,Utility,PatrolAction,None,1.00,47.6,0,0.41,0,0.120,0.000,81768406
96.39,Utility Enemy 6,Utility,PatrolAction,None,1.00,21.2,0,0.41,0,0.120,0.000,81768406
96.39,Utility Enemy 9,Utility,PatrolAction,None,1.00,41.3,0,0.41,0,0.120,0.000,81768406
96.39,Utility Enemy 2,Utility,PatrolAction,None,1.00,58.8,0,0.41,0,0.120,0.000,81768406
96.39,Utility Enemy 1,Utility,PatrolAction,None,1.00,73.3,0,0.41,0,0.120,0.000,81768406
96.39,Utility Enemy 13,Utility,PatrolAction,None,1.00,64.6,0,0.41,0,0.120,0.000,81768406
96.39,Utility Enemy 10,Utility,PatrolAction,None,1.00,23.5,0,0.41,16,0.120,0.000,81768406
96.39,Utility Enemy 15,Utility,PatrolAction,None,1.00,66.4,0,0.41,0,0.120,0.000,81768406
96.39,Utility Enemy 11,Utility,PatrolAction,None,1.00,82.7,0,0.41,0,0.120,0.000,81768406
96.39,Utility Enemy 3,Utility,PatrolAction,None,1.00,71.8,0,0.41,0,0.120,0.000,81768406
96.39,Utility Enemy 12,Utility,PatrolAction,None,1.00,33.6,0,0.41,16,0.120,0.000,81768406
97.39,Player,Player,-,None,0.41,,0,0.41,,,,81768406
97.39,FSM Enemy 13,FSM,PatrolState,None,1.00,87.5,0,0.41,0,,,81768406
97.39,FSM Enemy 10,FSM,PatrolState,None,1.00,66.0,0,0.41,0,,,81768406
97.39,FSM Enemy 14,FSM,PatrolState,None,1.00,61.3,0,0.41,0,,,81768406
97.39,FSM Enemy 4,FSM,PatrolState,None,1.00,53.4,0,0.41,0,,,81768406
97.39,FSM Enemy 12,FSM,Dead,None,0.00,25.1,0,0.41,0,,,81768406
97.39,FSM Enemy 3,FSM,PatrolState,None,1.00,95.6,0,0.41,0,,,81768406
97.39,FSM Enemy 5,FSM,PatrolState,None,1.00,104.5,0,0.41,0,,,81768406
97.39,FSM Enemy 1,FSM,PatrolState,None,1.00,115.2,0,0.41,0,,,81768406
97.39,FSM Enemy 7,FSM,PatrolState,None,1.00,71.3,0,0.41,24,,,81768406
97.39,FSM Enemy 2,FSM,PatrolState,None,1.00,83.3,0,0.41,0,,,81768406
97.39,FSM Enemy 15,FSM,PatrolState,None,1.00,71.2,0,0.41,24,,,81768406
97.39,FSM Enemy 6,FSM,Dead,None,0.00,28.0,0,0.41,0,,,81768406
97.39,FSM Enemy 11,FSM,PatrolState,None,1.00,76.1,0,0.41,0,,,81768406
97.39,FSM Enemy 9,FSM,PatrolState,None,1.00,45.0,0,0.41,0,,,81768406
97.39,FSM Enemy 8,FSM,PatrolState,None,1.00,71.5,0,0.41,0,,,81768406
97.39,Utility Enemy 4,Utility,PatrolAction,None,1.00,75.4,0,0.41,0,0.120,0.000,81768406
97.39,Utility Enemy 7,Utility,PatrolAction,None,1.00,35.3,0,0.41,0,0.120,0.000,81768406
97.39,Utility Enemy 8,Utility,PatrolAction,None,1.00,99.4,0,0.41,0,0.120,0.000,81768406
97.39,Utility Enemy 14,Utility,PatrolAction,None,1.00,66.5,0,0.41,8,0.120,0.000,81768406
97.39,Utility Enemy 5,Utility,PatrolAction,None,1.00,44.8,0,0.41,0,0.120,0.000,81768406
97.39,Utility Enemy 6,Utility,PatrolAction,None,1.00,17.0,0,0.41,0,0.120,0.000,81768406
97.39,Utility Enemy 9,Utility,PatrolAction,None,1.00,45.2,0,0.41,0,0.120,0.000,81768406
97.39,Utility Enemy 2,Utility,PatrolAction,None,1.00,56.8,0,0.41,0,0.120,0.000,81768406
97.39,Utility Enemy 1,Utility,PatrolAction,None,1.00,70.2,0,0.41,0,0.120,0.000,81768406
97.39,Utility Enemy 13,Utility,PatrolAction,None,1.00,65.5,0,0.41,0,0.120,0.000,81768406
97.39,Utility Enemy 10,Utility,PatrolAction,None,0.50,27.6,0,0.41,16,0.120,0.000,81768406
97.39,Utility Enemy 15,Utility,PatrolAction,None,1.00,64.7,0,0.41,0,0.120,0.000,81768406
97.39,Utility Enemy 11,Utility,PatrolAction,None,1.00,79.4,0,0.41,0,0.120,0.000,81768406
97.39,Utility Enemy 3,Utility,PatrolAction,None,1.00,67.3,0,0.41,0,0.120,0.000,81768406
97.39,Utility Enemy 12,Utility,PatrolAction,None,1.00,30.2,0,0.41,16,0.120,0.000,81768406
98.40,Player,Player,-,None,0.41,,0,0.41,,,,81768406
98.40,FSM Enemy 13,FSM,PatrolState,None,1.00,87.7,0,0.41,0,,,81768406
98.40,FSM Enemy 10,FSM,PatrolState,None,1.00,63.2,0,0.41,0,,,81768406
98.40,FSM Enemy 14,FSM,PatrolState,None,1.00,61.9,0,0.41,0,,,81768406
98.40,FSM Enemy 4,FSM,PatrolState,None,1.00,50.4,0,0.41,0,,,81768406
98.40,FSM Enemy 12,FSM,Dead,None,0.00,24.5,0,0.41,0,,,81768406
98.40,FSM Enemy 3,FSM,PatrolState,None,1.00,94.9,0,0.41,0,,,81768406
98.40,FSM Enemy 5,FSM,PatrolState,None,1.00,103.7,0,0.41,0,,,81768406
98.40,FSM Enemy 1,FSM,PatrolState,None,1.00,116.2,0,0.41,0,,,81768406
98.40,FSM Enemy 7,FSM,PatrolState,None,1.00,69.9,0,0.41,24,,,81768406
98.40,FSM Enemy 2,FSM,PatrolState,None,1.00,80.6,0,0.41,0,,,81768406
98.40,FSM Enemy 15,FSM,PatrolState,None,1.00,72.1,0,0.41,24,,,81768406
98.40,FSM Enemy 6,FSM,Dead,None,0.00,27.3,0,0.41,0,,,81768406
98.40,FSM Enemy 11,FSM,PatrolState,None,1.00,75.4,0,0.41,0,,,81768406
98.40,FSM Enemy 9,FSM,PatrolState,None,1.00,45.7,0,0.41,0,,,81768406
98.40,FSM Enemy 8,FSM,PatrolState,None,1.00,72.3,0,0.41,0,,,81768406
98.40,Utility Enemy 4,Utility,PatrolAction,None,1.00,70.1,0,0.41,0,0.120,0.000,81768406
98.40,Utility Enemy 7,Utility,PatrolAction,None,1.00,33.8,0,0.41,0,0.120,0.000,81768406
98.40,Utility Enemy 8,Utility,PatrolAction,None,1.00,98.8,0,0.41,0,0.120,0.000,81768406
98.40,Utility Enemy 14,Utility,PatrolAction,None,1.00,68.3,0,0.41,8,0.120,0.000,81768406
98.40,Utility Enemy 5,Utility,PatrolAction,None,1.00,47.7,0,0.41,0,0.120,0.000,81768406
98.40,Utility Enemy 6,Utility,PatrolAction,None,1.00,13.5,0,0.41,0,0.120,0.000,81768406
98.40,Utility Enemy 9,Utility,PatrolAction,None,1.00,43.2,0,0.41,0,0.120,0.000,81768406
98.40,Utility Enemy 2,Utility,PatrolAction,None,1.00,51.8,0,0.41,0,0.120,0.000,81768406
98.40,Utility Enemy 1,Utility,PatrolAction,None,1.00,65.4,0,0.41,0,0.120,0.000,81768406
98.40,Utility Enemy 13,Utility,PatrolAction,None,1.00,65.8,0,0.41,0,0.120,0.000,81768406
98.40,Utility Enemy 10,Utility,Dead,None,0.00,27.4,0,0.41,16,0.120,0.000,81768406
98.40,Utility Enemy 15,Utility,PatrolAction,None,1.00,64.1,0,0.41,0,0.120,0.000,81768406
98.40,Utility Enemy 11,Utility,PatrolAction,None,1.00,78.1,0,0.41,0,0.120,0.000,81768406
98.40,Utility Enemy 3,Utility,PatrolAction,None,1.00,62.4,0,0.41,0,0.120,0.000,81768406
98.40,Utility Enemy 12,Utility,PatrolAction,None,1.00,26.8,0,0.41,16,0.120,0.000,81768406
99.40,Player,Player,-,None,0.41,,0,0.41,,,,81768406
99.40,FSM Enemy 13,FSM,PatrolState,None,1.00,86.1,0,0.41,0,,,81768406
99.40,FSM Enemy 10,FSM,PatrolState,None,1.00,59.4,0,0.41,0,,,81768406
99.40,FSM Enemy 14,FSM,PatrolState,None,1.00,58.9,0,0.41,0,,,81768406
99.40,FSM Enemy 4,FSM,PatrolState,None,1.00,45.9,0,0.41,0,,,81768406
99.40,FSM Enemy 12,FSM,Dead,None,0.00,22.8,0,0.41,0,,,81768406
99.40,FSM Enemy 3,FSM,PatrolState,None,1.00,90.4,0,0.41,0,,,81768406
99.40,FSM Enemy 5,FSM,PatrolState,None,1.00,97.6,0,0.41,0,,,81768406
99.40,FSM Enemy 1,FSM,PatrolState,None,1.00,113.7,0,0.41,0,,,81768406
99.40,FSM Enemy 7,FSM,PatrolState,None,1.00,67.7,0,0.41,24,,,81768406
99.40,FSM Enemy 2,FSM,PatrolState,None,1.00,74.0,0,0.41,0,,,81768406
99.40,FSM Enemy 15,FSM,PatrolState,None,1.00,70.6,0,0.41,24,,,81768406
99.40,FSM Enemy 6,FSM,Dead,None,0.00,25.3,0,0.41,0,,,81768406
99.40,FSM Enemy 11,FSM,PatrolState,None,1.00,72.8,0,0.41,0,,,81768406
99.40,FSM Enemy 9,FSM,PatrolState,None,1.00,43.9,0,0.41,0,,,81768406
99.40,FSM Enemy 8,FSM,PatrolState,None,1.00,68.5,0,0.41,0,,,81768406
99.40,Utility Enemy 4,Utility,PatrolAction,None,1.00,61.1,0,0.41,0,0.120,0.000,81768406
99.40,Utility Enemy 7,Utility,PatrolAction,None,1.00,29.1,0,0.41,0,0.120,0.000,81768406
99.40,Utility Enemy 8,Utility,PatrolAction,None,1.00,96.5,0,0.41,0,0.120,0.000,81768406
99.40,Utility Enemy 14,Utility,PatrolAction,None,1.00,64.1,0,0.41,8,0.120,0.000,81768406
99.40,Utility Enemy 5,Utility,PatrolAction,None,1.00,49.5,0,0.41,0,0.120,0.000,81768406
99.40,Utility Enemy 6,Utility,PatrolAction,None,1.00,12.8,0,0.41,0,0.120,0.000,81768406
99.40,Utility Enemy 9,Utility,PatrolAction,None,1.00,36.9,0,0.41,0,0.120,0.000,81768406
99.40,Utility Enemy 2,Utility,PatrolAction,None,1.00,44.8,0,0.41,0,0.120,0.000,81768406
99.40,Utility Enemy 1,Utility,PatrolAction,None,1.00,57.4,0,0.41,0,0.120,0.000,81768406
99.40,Utility Enemy 13,Utility,PatrolAction,None,1.00,63.0,0,0.41,0,0.120,0.000,81768406
99.40,Utility Enemy 10,Utility,Dead,None,0.00,24.9,0,0.41,16,0.120,0.000,81768406
99.40,Utility Enemy 15,Utility,PatrolAction,None,1.00,62.0,0,0.41,0,0.120,0.000,81768406
99.40,Utility Enemy 11,Utility,PatrolAction,None,1.00,79.2,0,0.41,0,0.120,0.000,81768406
99.40,Utility Enemy 3,Utility,PatrolAction,None,1.00,53.7,0,0.41,0,0.120,0.000,81768406
99.40,Utility Enemy 12,Utility,PatrolAction,None,1.00,26.3,0,0.41,16,0.120,0.000,81768406
100.40,Player,Player,-,None,0.41,,0,0.41,,,,81768406
100.40,FSM Enemy 13,FSM,PatrolState,None,1.00,83.4,0,0.41,0,,,81768406
100.40,FSM Enemy 10,FSM,PatrolState,None,1.00,57.4,0,0.41,0,,,81768406
100.40,FSM Enemy 14,FSM,PatrolState,None,1.00,56.5,0,0.41,0,,,81768406
100.40,FSM Enemy 4,FSM,PatrolState,None,1.00,40.5,0,0.41,0,,,81768406
100.40,FSM Enemy 12,FSM,Dead,None,0.00,19.5,1,0.41,0,,,81768406
100.40,FSM Enemy 3,FSM,PatrolState,None,1.00,86.3,0,0.41,0,,,81768406
100.40,FSM Enemy 5,FSM,PatrolState,None,1.00,91.3,0,0.41,0,,,81768406
100.40,FSM Enemy 1,FSM,PatrolState,None,1.00,111.1,0,0.41,0,,,81768406
100.40,FSM Enemy 7,FSM,PatrolState,None,1.00,64.5,0,0.41,24,,,81768406
100.40,FSM Enemy 2,FSM,PatrolState,None,1.00,68.3,0,0.41,0,,,81768406
100.40,FSM Enemy 15,FSM,PatrolState,None,1.00,68.2,0,0.41,24,,,81768406
100.40,FSM Enemy 6,FSM,Dead,None,0.00,21.9,0,0.41,0,,,81768406
100.40,FSM Enemy 11,FSM,PatrolState,None,1.00,70.5,0,0.41,0,,,81768406
100.40,FSM Enemy 9,FSM,PatrolState,None,1.00,41.8,0,0.41,0,,,81768406
100.40,FSM Enemy 8,FSM,PatrolState,None,1.00,63.5,0,0.41,0,,,81768406
100.40,Utility Enemy 4,Utility,PatrolAction,None,1.00,52.5,0,0.41,0,0.120,0.000,81768406
100.40,Utility Enemy 7,Utility,PatrolAction,None,1.00,26.9,0,0.41,0,0.120,0.000,81768406
100.40,Utility Enemy 8,Utility,PatrolAction,None,1.00,89.9,0,0.41,0,0.120,0.000,81768406
100.40,Utility Enemy 14,Utility,PatrolAction,None,1.00,56.6,0,0.41,8,0.120,0.000,81768406
100.40,Utility Enemy 5,Utility,PatrolAction,None,1.00,50.3,0,0.41,0,0.120,0.000,81768406
100.40,Utility Enemy 6,Utility,PatrolAction,None,1.00,12.5,0,0.41,0,0.120,0.000,81768406
100.40,Utility Enemy 9,Utility,PatrolAction,None,1.00,36.0,0,0.41,0,0.120,0.000,81768406
100.40,Utility Enemy 2,Utility,PatrolAction,None,1.00,44.6,0,0.41,0,0.120,0.000,81768406
100.40,Utility Enemy 1,Utility,PatrolAction,None,1.00,50.3,0,0.41,0,0.120,0.000,81768406
100.40,Utility Enemy 13,Utility,PatrolAction,None,1.00,58.9,0,0.41,0,0.120,0.000,81768406
100.40,Utility Enemy 10,Utility,Dead,None,0.00,21.1,0,0.41,16,0.120,0.000,81768406
100.40,Utility Enemy 15,Utility,PatrolAction,None,1.00,57.2,0,0.41,0,0.120,0.000,81768406
100.40,Utility Enemy 11,Utility,PatrolAction,None,1.00,77.9,0,0.41,0,0.120,0.000,81768406
100.40,Utility Enemy 3,Utility,PatrolAction,None,1.00,45.7,0,0.41,0,0.120,0.000,81768406
100.40,Utility Enemy 12,Utility,PatrolAction,None,1.00,24.8,0,0.41,16,0.120,0.000,81768406
101.41,Player,Player,-,None,0.41,,0,0.41,,,,81768406
101.41,FSM Enemy 13,FSM,PatrolState,None,1.00,78.3,0,0.41,0,,,81768406
101.41,FSM Enemy 10,FSM,PatrolState,None,1.00,53.0,0,0.41,0,,,81768406
101.41,FSM Enemy 14,FSM,PatrolState,None,1.00,53.6,0,0.41,0,,,81768406
101.41,FSM Enemy 4,FSM,PatrolState,None,1.00,35.4,0,0.41,0,,,81768406
101.41,FSM Enemy 12,FSM,Dead,None,0.00,18.0,1,0.41,0,,,81768406
101.41,FSM Enemy 3,FSM,PatrolState,None,1.00,81.5,0,0.41,0,,,81768406
101.41,FSM Enemy 5,FSM,PatrolState,None,1.00,84.3,0,0.41,0,,,81768406
101.41,FSM Enemy 1,FSM,PatrolState,None,1.00,107.9,0,0.41,0,,,81768406
101.41,FSM Enemy 7,FSM,PatrolState,None,1.00,61.2,0,0.41,24,,,81768406
101.41,FSM Enemy 2,FSM,PatrolState,None,1.00,63.3,0,0.41,0,,,81768406
101.41,FSM Enemy 15,FSM,PatrolState,None,1.00,65.6,0,0.41,24,,,81768406
101.41,FSM Enemy 6,FSM,Dead,None,0.00,19.8,1,0.41,0,,,81768406
101.41,FSM Enemy 11,FSM,PatrolState,None,1.00,69.4,0,0.41,0,,,81768406
101.41,FSM Enemy 9,FSM,PatrolState,None,1.00,38.4,0,0.41,0,,,81768406
101.41,FSM Enemy 8,FSM,PatrolState,None,1.00,57.8,0,0.41,0,,,81768406
101.41,Utility Enemy 4,Utility,PatrolAction,None,1.00,44.2,0,0.41,0,0.120,0.000,81768406
101.41,Utility Enemy 7,Utility,PatrolAction,None,1.00,24.6,0,0.41,0,0.120,0.000,81768406
101.41,Utility Enemy 8,Utility,PatrolAction,None,1.00,84.4,0,0.41,0,0.120,0.000,81768406
101.41,Utility Enemy 14,Utility,PatrolAction,None,1.00,50.1,0,0.41,8,0.120,0.000,81768406
101.41,Utility Enemy 5,Utility,PatrolAction,None,1.00,50.7,0,0.41,0,0.120,0.000,81768406
101.41,Utility Enemy 6,Utility,PatrolAction,None,1.00,17.2,0,0.41,0,0.120,0.000,81768406
101.41,Utility Enemy 9,Utility,PatrolAction,None,1.00,34.9,0,0.41,0,0.120,0.000,81768406
101.41,Utility Enemy 2,Utility,PatrolAction,None,1.00,44.3,0,0.41,0,0.120,0.000,81768406
101.41,Utility Enemy 1,Utility,PatrolAction,None,1.00,47.1,0,0.41,0,0.120,0.000,81768406
101.41,Utility Enemy 13,Utility,PatrolAction,None,1.00,56.6,0,0.41,0,0.120,0.000,81768406
101.41,Utility Enemy 10,Utility,Dead,None,0.00,18.4,0,0.41,16,0.120,0.000,81768406
101.41,Utility Enemy 15,Utility,PatrolAction,None,1.00,50.7,0,0.41,0,0.120,0.000,81768406
101.41,Utility Enemy 11,Utility,PatrolAction,None,1.00,75.6,0,0.41,0,0.120,0.000,81768406
101.41,Utility Enemy 3,Utility,PatrolAction,None,1.00,43.4,0,0.41,0,0.120,0.000,81768406
101.41,Utility Enemy 12,Utility,PatrolAction,None,1.00,17.9,0,0.41,16,0.120,0.000,81768406
102.41,Player,Player,-,None,0.41,,0,0.41,,,,81768406
102.41,FSM Enemy 13,FSM,PatrolState,None,1.00,74.7,0,0.41,0,,,81768406
102.41,FSM Enemy 10,FSM,PatrolState,None,1.00,49.2,0,0.41,0,,,81768406
102.41,FSM Enemy 14,FSM,PatrolState,None,1.00,51.7,0,0.41,0,,,81768406
102.41,FSM Enemy 4,FSM,PatrolState,None,1.00,31.8,0,0.41,0,,,81768406
102.41,FSM Enemy 12,FSM,Dead,None,0.00,18.2,0,0.41,0,,,81768406
102.41,FSM Enemy 3,FSM,PatrolState,None,1.00,78.2,0,0.41,0,,,81768406
102.41,FSM Enemy 5,FSM,PatrolState,None,1.00,78.6,0,0.41,0,,,81768406
102.41,FSM Enemy 1,FSM,PatrolState,None,1.00,103.6,0,0.41,0,,,81768406
102.41,FSM Enemy 7,FSM,PatrolState,None,1.00,59.0,0,0.41,24,,,81768406
102.41,FSM Enemy 2,FSM,PatrolState,None,1.00,61.6,0,0.41,0,,,81768406
102.41,FSM Enemy 15,FSM,PatrolState,None,1.00,63.8,0,0.41,24,,,81768406
102.41,FSM Enemy 6,FSM,Dead,None,0.00,19.5,0,0.41,0,,,81768406
102.41,FSM Enemy 11,FSM,PatrolState,None,1.00,69.9,0,0.41,0,,,81768406
102.41,FSM Enemy 9,FSM,PatrolState,None,1.00,35.5,0,0.41,0,,,81768406
102.41,FSM Enemy 8,FSM,PatrolState,None,1.00,53.4,0,0.41,0,,,81768406
102.41,Utility Enemy 4,Utility,PatrolAction,None,1.00,38.4,0,0.41,0,0.120,0.000,81768406
102.41,Utility Enemy 7,Utility,PatrolAction,None,1.00,22.6,0,0.41,0,0.120,0.000,81768406
102.41,Utility Enemy 8,Utility,PatrolAction,None,1.00,79.7,0,0.41,0,0.120,0.000,81768406
102.41,Utility Enemy 14,Utility,PatrolAction,None,1.00,51.8,0,0.41,8,0.120,0.000,81768406
102.41,Utility Enemy 5,Utility,PatrolAction,None,1.00,51.2,0,0.41,0,0.120,0.000,81768406
102.41,Utility Enemy 6,Utility,RepositionAction,None,1.00,19.7,1,0.41,0,0.125,0.124,81768406
102.41,Utility Enemy 9,Utility,PatrolAction,None,1.00,33.7,0,0.41,0,0.120,0.000,81768406
102.41,Utility Enemy 2,Utility,PatrolAction,None,1.00,40.4,0,0.41,0,0.120,0.000,81768406
102.41,Utility Enemy 1,Utility,PatrolAction,None,1.00,47.2,0,0.41,0,0.120,0.000,81768406
102.41,Utility Enemy 13,Utility,PatrolAction,None,1.00,56.6,0,0.41,0,0.120,0.000,81768406
102.41,Utility Enemy 10,Utility,Dead,None,0.00,17.5,0,0.41,16,0.120,0.000,81768406
102.41,Utility Enemy 15,Utility,PatrolAction,None,1.00,44.2,0,0.41,0,0.120,0.000,81768406
102.41,Utility Enemy 11,Utility,PatrolAction,None,1.00,74.0,0,0.41,0,0.120,0.000,81768406
102.41,Utility Enemy 3,Utility,PatrolAction,None,1.00,37.9,0,0.41,0,0.120,0.000,81768406
102.41,Utility Enemy 12,Utility,PatrolAction,None,1.00,12.8,0,0.41,16,0.120,0.000,81768406
103.42,Player,Player,-,None,0.41,,0,0.41,,,,81768406
103.42,FSM Enemy 13,FSM,PatrolState,None,1.00,67.7,0,0.41,0,,,81768406
103.42,FSM Enemy 10,FSM,PatrolState,None,1.00,42.8,0,0.41,0,,,81768406
103.42,FSM Enemy 14,FSM,PatrolState,None,1.00,49.1,0,0.41,0,,,81768406
103.42,FSM Enemy 4,FSM,PatrolState,None,1.00,26.4,0,0.41,0,,,81768406
103.42,FSM Enemy 12,FSM,Dead,None,0.00,18.4,0,0.41,0,,,81768406
103.42,FSM Enemy 3,FSM,PatrolState,None,1.00,73.2,0,0.41,0,,,81768406
103.42,FSM Enemy 5,FSM,PatrolState,None,1.00,69.5,0,0.41,0,,,81768406
103.42,FSM Enemy 1,FSM,PatrolState,None,1.00,94.8,0,0.41,0,,,81768406
103.42,FSM Enemy 7,FSM,PatrolState,None,1.00,53.3,0,0.41,24,,,81768406
103.42,FSM Enemy 2,FSM,PatrolState,None,1.00,58.9,0,0.41,0,,,81768406
103.42,FSM Enemy 15,FSM,PatrolState,None,1.00,58.2,0,0.41,24,,,81768406
103.42,FSM Enemy 6,FSM,Dead,None,0.00,18.6,0,0.41,0,,,81768406
103.42,FSM Enemy 11,FSM,PatrolState,None,1.00,68.2,0,0.41,0,,,81768406
103.42,FSM Enemy 9,FSM,PatrolState,None,1.00,29.7,0,0.41,0,,,81768406
103.42,FSM Enemy 8,FSM,PatrolState,None,1.00,45.6,0,0.41,0,,,81768406
103.42,Utility Enemy 4,Utility,PatrolAction,None,1.00,33.4,0,0.41,0,0.120,0.000,81768406
103.42,Utility Enemy 7,Utility,PatrolAction,None,1.00,19.6,0,0.41,0,0.120,0.000,81768406
103.42,Utility Enemy 8,Utility,PatrolAction,None,1.00,68.9,0,0.41,0,0.120,0.000,81768406
103.42,Utility Enemy 14,Utility,PatrolAction,None,1.00,51.9,0,0.41,8,0.120,0.000,81768406
103.42,Utility Enemy 5,Utility,PatrolAction,None,1.00,47.4,0,0.41,0,0.120,0.000,81768406
103.42,Utility Enemy 6,Utility,ChaseAction,None,1.00,22.9,0,0.41,0,0.490,0.400,81768406
103.42,Utility Enemy 9,Utility,PatrolAction,None,1.00,29.2,0,0.41,0,0.120,0.000,81768406
103.42,Utility Enemy 2,Utility,PatrolAction,None,1.00,32.4,0,0.41,0,0.120,0.000,81768406
103.42,Utility Enemy 1,Utility,PatrolAction,None,1.00,41.9,0,0.41,0,0.120,0.000,81768406
103.42,Utility Enemy 13,Utility,PatrolAction,None,1.00,52.3,0,0.41,0,0.120,0.000,81768406
103.42,Utility Enemy 10,Utility,Dead,None,0.00,15.7,0,0.41,16,0.120,0.000,81768406
103.42,Utility Enemy 15,Utility,PatrolAction,None,1.00,36.7,0,0.41,0,0.120,0.000,81768406
103.42,Utility Enemy 11,Utility,PatrolAction,None,1.00,70.0,0,0.41,0,0.120,0.000,81768406
103.42,Utility Enemy 3,Utility,PatrolAction,None,1.00,32.0,0,0.41,0,0.120,0.000,81768406
103.42,Utility Enemy 12,Utility,AttackAction,None,1.00,4.0,1,0.41,16,0.764,0.125,81768406
104.43,Player,Player,-,None,0.31,,0,0.31,,,,81768406
104.43,FSM Enemy 13,FSM,PatrolState,None,1.00,65.3,0,0.31,0,,,81768406
104.43,FSM Enemy 10,FSM,PatrolState,None,1.00,38.7,0,0.31,0,,,81768406
104.43,FSM Enemy 14,FSM,PatrolState,None,1.00,43.3,0,0.31,0,,,81768406
104.43,FSM Enemy 4,FSM,PatrolState,None,1.00,26.4,0,0.31,0,,,81768406
104.43,FSM Enemy 12,FSM,Dead,None,0.00,22.1,0,0.31,0,,,81768406
104.43,FSM Enemy 3,FSM,PatrolState,None,1.00,71.3,0,0.31,0,,,81768406
104.43,FSM Enemy 5,FSM,PatrolState,None,1.00,67.7,0,0.31,0,,,81768406
104.43,FSM Enemy 1,FSM,PatrolState,None,1.00,91.1,0,0.31,0,,,81768406
104.43,FSM Enemy 7,FSM,PatrolState,None,1.00,52.9,0,0.31,24,,,81768406
104.43,FSM Enemy 2,FSM,PatrolState,None,1.00,57.1,0,0.31,0,,,81768406
104.43,FSM Enemy 15,FSM,PatrolState,None,1.00,57.6,0,0.31,24,,,81768406
104.43,FSM Enemy 6,FSM,Dead,None,0.00,21.9,0,0.31,0,,,81768406
104.43,FSM Enemy 11,FSM,PatrolState,None,1.00,71.6,0,0.31,0,,,81768406
104.43,FSM Enemy 9,FSM,PatrolState,None,1.00,28.9,0,0.31,0,,,81768406
104.43,FSM Enemy 8,FSM,PatrolState,None,1.00,41.5,0,0.31,0,,,81768406
104.43,Utility Enemy 4,Utility,PatrolAction,None,1.00,31.6,0,0.31,0,0.120,0.000,81768406
104.43,Utility Enemy 7,Utility,PatrolAction,None,1.00,13.1,0,0.31,0,0.120,0.000,81768406
104.43,Utility Enemy 8,Utility,PatrolAction,None,1.00,62.9,0,0.31,0,0.120,0.000,81768406
104.43,Utility Enemy 14,Utility,PatrolAction,None,1.00,56.4,0,0.31,8,0.120,0.000,81768406
104.43,Utility Enemy 5,Utility,PatrolAction,None,1.00,50.3,0,0.31,0,0.120,0.000,81768406
104.43,Utility Enemy 6,Utility,ChaseAction,None,1.00,22.1,0,0.31,0,0.490,0.400,81768406
104.43,Utility Enemy 9,Utility,PatrolAction,None,1.00,20.8,0,0.31,0,0.120,0.000,81768406
104.43,Utility Enemy 2,Utility,PatrolAction,None,1.00,25.9,0,0.31,0,0.120,0.000,81768406
104.43,Utility Enemy 1,Utility,PatrolAction,None,1.00,37.4,0,0.31,0,0.120,0.000,81768406
104.43,Utility Enemy 13,Utility,PatrolAction,None,1.00,51.0,0,0.31,0,0.120,0.000,81768406
104.43,Utility Enemy 10,Utility,Dead,None,0.00,18.9,0,0.31,16,0.120,0.000,81768406
104.43,Utility Enemy 15,Utility,PatrolAction,None,1.00,37.0,0,0.31,0,0.120,0.000,81768406
104.43,Utility Enemy 11,Utility,PatrolAction,None,1.00,70.4,0,0.31,0,0.120,0.000,81768406
104.43,Utility Enemy 3,Utility,PatrolAction,None,1.00,26.8,0,0.31,0,0.120,0.000,81768406
104.43,Utility Enemy 12,Utility,AttackAction,None,1.00,5.9,1,0.31,32,0.670,0.125,81768406
105.43,Player,Player,-,None,0.25,,0,0.25,,,,81768406
105.43,FSM Enemy 13,FSM,PatrolState,None,1.00,59.0,0,0.25,0,,,81768406
105.43,FSM Enemy 10,FSM,PatrolState,None,1.00,36.1,0,0.25,0,,,81768406
105.43,FSM Enemy 14,FSM,PatrolState,None,1.00,40.7,0,0.25,0,,,81768406
105.43,FSM Enemy 4,FSM,PatrolState,None,1.00,22.6,0,0.25,0,,,81768406
105.43,FSM Enemy 12,FSM,Dead,None,0.00,22.0,0,0.25,0,,,81768406
105.43,FSM Enemy 3,FSM,PatrolState,None,1.00,69.0,0,0.25,0,,,81768406
105.43,FSM Enemy 5,FSM,PatrolState,None,1.00,65.5,0,0.25,0,,,81768406
105.43,FSM Enemy 1,FSM,PatrolState,None,1.00,85.4,0,0.25,0,,,81768406
105.43,FSM Enemy 7,FSM,PatrolState,None,1.00,48.3,0,0.25,24,,,81768406
105.43,FSM Enemy 2,FSM,PatrolState,None,1.00,58.9,0,0.25,0,,,81768406
105.43,FSM Enemy 15,FSM,PatrolState,None,1.00,53.2,0,0.25,24,,,81768406
105.43,FSM Enemy 6,FSM,Dead,None,0.00,21.2,0,0.25,0,,,81768406
105.43,FSM Enemy 11,FSM,PatrolState,None,1.00,70.5,0,0.25,0,,,81768406
105.43,FSM Enemy 9,FSM,PatrolState,None,1.00,24.9,0,0.25,0,,,81768406
105.43,FSM Enemy 8,FSM,PatrolState,None,1.00,35.7,0,0.25,0,,,81768406
105.43,Utility Enemy 4,Utility,PatrolAction,None,1.00,32.5,0,0.25,0,0.120,0.000,81768406
105.43,Utility Enemy 7,Utility,PatrolAction,None,1.00,13.7,0,0.25,0,0.120,0.000,81768406
105.43,Utility Enemy 8,Utility,PatrolAction,None,1.00,56.8,0,0.25,0,0.120,0.000,81768406
105.43,Utility Enemy 14,Utility,PatrolAction,None,1.00,51.9,0,0.25,8,0.120,0.000,81768406
105.43,Utility Enemy 5,Utility,PatrolAction,None,1.00,52.0,0,0.25,0,0.120,0.000,81768406
105.43,Utility Enemy 6,Utility,ChaseAction,None,1.00,21.0,0,0.25,0,0.490,0.400,81768406
105.43,Utility Enemy 9,Utility,ChaseAction,None,1.00,17.3,0,0.25,0,0.490,0.400,81768406
105.43,Utility Enemy 2,Utility,PatrolAction,None,1.00,20.2,0,0.25,0,0.120,0.000,81768406
105.43,Utility Enemy 1,Utility,PatrolAction,None,1.00,31.8,0,0.25,0,0.120,0.000,81768406
105.43,Utility Enemy 13,Utility,PatrolAction,None,1.00,46.7,0,0.25,0,0.120,0.000,81768406
105.43,Utility Enemy 10,Utility,Dead,None,0.00,18.0,0,0.25,16,0.120,0.000,81768406
105.43,Utility Enemy 15,Utility,PatrolAction,None,1.00,34.6,0,0.25,0,0.120,0.000,81768406
105.43,Utility Enemy 11,Utility,PatrolAction,None,1.00,67.0,0,0.25,0,0.120,0.000,81768406
105.43,Utility Enemy 3,Utility,PatrolAction,None,1.00,28.9,0,0.25,0,0.120,0.000,81768406
105.43,Utility Enemy 12,Utility,AttackAction,None,1.00,5.7,1,0.25,40,0.695,0.125,81768406
106.44,Player,Player,-,None,0.20,,0,0.20,,,,81768406
106.44,FSM Enemy 13,FSM,PatrolState,None,1.00,53.7,0,0.20,0,,,81768406
106.44,FSM Enemy 10,FSM,PatrolState,None,1.00,31.9,0,0.20,0,,,81768406
106.44,FSM Enemy 14,FSM,PatrolState,None,1.00,37.9,0,0.20,0,,,81768406
106.44,FSM Enemy 4,FSM,PatrolState,None,1.00,21.6,0,0.20,0,,,81768406
106.44,FSM Enemy 12,FSM,Dead,None,0.00,24.8,0,0.20,0,,,81768406
106.44,FSM Enemy 3,FSM,PatrolState,None,1.00,61.8,0,0.20,0,,,81768406
106.44,FSM Enemy 5,FSM,PatrolState,None,1.00,60.2,0,0.20,0,,,81768406
106.44,FSM Enemy 1,FSM,PatrolState,None,1.00,76.5,0,0.20,0,,,81768406
106.44,FSM Enemy 7,FSM,PatrolState,None,1.00,43.7,0,0.20,24,,,81768406
106.44,FSM Enemy 2,FSM,PatrolState,None,1.00,59.7,0,0.20,0,,,81768406
106.44,FSM Enemy 15,FSM,PatrolState,None,1.00,46.0,0,0.20,24,,,81768406
106.44,FSM Enemy 6,FSM,Dead,None,0.00,23.1,0,0.20,0,,,81768406
106.44,FSM Enemy 11,FSM,PatrolState,None,1.00,67.9,0,0.20,0,,,81768406
106.44,FSM Enemy 9,FSM,PatrolState,None,1.00,15.7,0,0.20,0,,,81768406
106.44,FSM Enemy 8,FSM,PatrolState,None,1.00,26.7,0,0.20,0,,,81768406
106.44,Utility Enemy 4,Utility,PatrolAction,None,1.00,29.7,0,0.20,0,0.120,0.000,81768406
106.44,Utility Enemy 7,Utility,PatrolAction,None,1.00,20.9,0,0.20,0,0.120,0.000,81768406
106.44,Utility Enemy 8,Utility,PatrolAction,None,1.00,47.7,0,0.20,0,0.120,0.000,81768406
106.44,Utility Enemy 14,Utility,PatrolAction,None,1.00,43.5,0,0.20,8,0.120,0.000,81768406
106.44,Utility Enemy 5,Utility,PatrolAction,None,1.00,50.6,0,0.20,0,0.120,0.000,81768406
106.44,Utility Enemy 6,Utility,ChaseAction,None,1.00,23.6,0,0.20,0,0.490,0.400,81768406
106.44,Utility Enemy 9,Utility,ChaseAction,None,1.00,17.3,0,0.20,0,0.490,0.400,81768406
106.44,Utility Enemy 2,Utility,SpreadFireAction,None,1.00,16.7,1,0.20,0,0.159,0.125,81768406
106.44,Utility Enemy 1,Utility,PatrolAction,None,1.00,21.7,0,0.20,0,0.120,0.000,81768406
106.44,Utility Enemy 13,Utility,PatrolAction,None,1.00,45.0,0,0.20,0,0.120,0.000,81768406
106.44,Utility Enemy 10,Utility,Dead,None,0.00,20.0,0,0.20,16,0.120,0.000,81768406
106.44,Utility Enemy 15,Utility,PatrolAction,None,1.00,30.4,0,0.20,0,0.120,0.000,81768406
106.44,Utility Enemy 11,Utility,PatrolAction,None,1.00,61.5,0,0.20,0,0.120,0.000,81768406
106.44,Utility Enemy 3,Utility,PatrolAction,None,1.00,31.5,0,0.20,0,0.120,0.000,81768406
106.44,Utility Enemy 12,Utility,ChaseAction,None,1.00,11.4,0,0.20,48,0.490,0.400,81768406
107.44,Player,Player,-,None,0.20,,0,0.20,,,,81768406
107.44,FSM Enemy 13,FSM,PatrolState,None,1.00,49.9,0,0.20,0,,,81768406
107.44,FSM Enemy 10,FSM,PatrolState,None,1.00,30.4,0,0.20,0,,,81768406
107.44,FSM Enemy 14,FSM,PatrolState,None,1.00,38.4,0,0.20,0,,,81768406
107.44,FSM Enemy 4,FSM,PatrolState,None,1.00,22.8,0,0.20,0,,,81768406
107.44,FSM Enemy 12,FSM,Dead,None,0.00,27.6,0,0.20,0,,,81768406
107.44,FSM Enemy 3,FSM,PatrolState,None,1.00,55.2,0,0.20,0,,,81768406
107.44,FSM Enemy 5,FSM,PatrolState,None,1.00,55.6,0,0.20,0,,,81768406
107.44,FSM Enemy 1,FSM,PatrolState,None,1.00,69.1,0,0.20,0,,,81768406
107.44,FSM Enemy 7,FSM,PatrolState,None,1.00,40.8,0,0.20,24,,,81768406
107.44,FSM Enemy 2,FSM,PatrolState,None,1.00,61.5,0,0.20,0,,,81768406
107.44,FSM Enemy 15,FSM,PatrolState,None,1.00,39.4,0,0.20,24,,,81768406
107.44,FSM Enemy 6,FSM,Dead,None,0.00,25.3,0,0.20,0,,,81768406
107.44,FSM Enemy 11,FSM,PatrolState,None,1.00,63.5,0,0.20,0,,,81768406
107.44,FSM Enemy 9,FSM,AttackState,None,1.00,8.6,1,0.20,0,,,81768406
107.44,FSM Enemy 8,FSM,PatrolState,None,1.00,18.5,0,0.20,0,,,81768406
107.44,Utility Enemy 4,Utility,PatrolAction,None,1.00,28.2,0,0.20,0,0.120,0.000,81768406
107.44,Utility Enemy 7,Utility,PatrolAction,None,1.00,29.0,0,0.20,0,0.120,0.000,81768406
107.44,Utility Enemy 8,Utility,PatrolAction,None,1.00,43.2,0,0.20,0,0.120,0.000,81768406
107.44,Utility Enemy 14,Utility,PatrolAction,None,1.00,33.3,0,0.20,8,0.120,0.000,81768406
107.44,Utility Enemy 5,Utility,PatrolAction,None,1.00,42.9,0,0.20,0,0.120,0.000,81768406
107.44,Utility Enemy 6,Utility,PatrolAction,None,1.00,28.8,0,0.20,0,0.120,0.000,81768406
107.44,Utility Enemy 9,Utility,RepositionAction,None,1.00,20.7,0,0.20,0,0.125,0.114,81768406
107.44,Utility Enemy 2,Utility,SpreadFireAction,None,1.00,18.1,0,0.20,0,0.145,0.125,81768406
107.44,Utility Enemy 1,Utility,SpreadFireAction,None,1.00,16.0,1,0.20,0,0.168,0.125,81768406
107.44,Utility Enemy 13,Utility,PatrolAction,None,1.00,43.5,0,0.20,0,0.120,0.000,81768406
107.44,Utility Enemy 10,Utility,Dead,None,0.00,22.5,0,0.20,16,0.120,0.000,81768406
107.44,Utility Enemy 15,Utility,PatrolAction,None,1.00,28.0,0,0.20,0,0.120,0.000,81768406
107.44,Utility Enemy 11,Utility,PatrolAction,None,1.00,56.3,0,0.20,0,0.120,0.000,81768406
107.44,Utility Enemy 3,Utility,PatrolAction,None,1.00,35.5,0,0.20,0,0.120,0.000,81768406
107.44,Utility Enemy 12,Utility,ChaseAction,None,1.00,13.7,0,0.20,48,0.490,0.400,81768406
108.45,Player,Player,-,None,0.20,,0,0.20,,,,81768406
108.45,FSM Enemy 13,FSM,PatrolState,None,1.00,49.3,0,0.20,0,,,81768406
108.45,FSM Enemy 10,FSM,PatrolState,None,1.00,37.4,0,0.20,0,,,81768406
108.45,FSM Enemy 14,FSM,PatrolState,None,1.00,44.0,0,0.20,0,,,81768406
108.45,FSM Enemy 4,FSM,PatrolState,None,1.00,18.5,0,0.20,0,,,81768406
108.45,FSM Enemy 12,FSM,Dead,None,0.00,22.9,0,0.20,0,,,81768406
108.45,FSM Enemy 3,FSM,PatrolState,None,1.00,57.7,0,0.20,0,,,81768406
108.45,FSM Enemy 5,FSM,PatrolState,None,1.00,58.6,0,0.20,0,,,81768406
108.45,FSM Enemy 1,FSM,PatrolState,None,1.00,70.8,0,0.20,0,,,81768406
108.45,FSM Enemy 7,FSM,PatrolState,None,1.00,35.9,0,0.20,24,,,81768406
108.45,FSM Enemy 2,FSM,PatrolState,None,1.00,68.9,0,0.20,0,,,81768406
108.45,FSM Enemy 15,FSM,PatrolState,None,1.00,34.1,0,0.20,24,,,81768406
108.45,FSM Enemy 6,FSM,Dead,None,0.00,20.3,0,0.20,0,,,81768406
108.45,FSM Enemy 11,FSM,PatrolState,None,1.00,58.5,0,0.20,0,,,81768406
108.45,FSM Enemy 9,FSM,AttackState,None,1.00,9.6,1,0.20,0,,,81768406
108.45,FSM Enemy 8,FSM,ChaseState,None,1.00,19.3,0,0.20,0,,,81768406
108.45,Utility Enemy 4,Utility,PatrolAction,None,1.00,36.4,0,0.20,0,0.120,0.000,81768406
108.45,Utility Enemy 7,Utility,PatrolAction,None,1.00,36.7,0,0.20,0,0.120,0.000,81768406
108.45,Utility Enemy 8,Utility,PatrolAction,None,1.00,49.1,0,0.20,0,0.120,0.000,81768406
108.45,Utility Enemy 14,Utility,PatrolAction,None,1.00,26.1,0,0.20,8,0.120,0.000,81768406
108.45,Utility Enemy 5,Utility,PatrolAction,None,1.00,33.5,0,0.20,0,0.120,0.000,81768406
108.45,Utility Enemy 6,Utility,PatrolAction,None,1.00,25.1,0,0.20,0,0.120,0.000,81768406
108.45,Utility Enemy 9,Utility,ChaseAction,None,1.00,22.4,0,0.20,0,0.490,0.400,81768406
108.45,Utility Enemy 2,Utility,ChaseAction,None,1.00,21.7,0,0.20,0,0.490,0.400,81768406
108.45,Utility Enemy 1,Utility,ChaseAction,None,1.00,21.5,0,0.20,0,0.490,0.400,81768406
108.45,Utility Enemy 13,Utility,PatrolAction,None,1.00,40.2,0,0.20,0,0.120,0.000,81768406
108.45,Utility Enemy 10,Utility,Dead,None,0.00,17.9,0,0.20,16,0.120,0.000,81768406
108.45,Utility Enemy 15,Utility,PatrolAction,None,1.00,18.5,0,0.20,0,0.120,0.000,81768406
108.45,Utility Enemy 11,Utility,PatrolAction,None,1.00,56.6,0,0.20,0,0.120,0.000,81768406
108.45,Utility Enemy 3,Utility,PatrolAction,None,1.00,39.4,0,0.20,0,0.120,0.000,81768406
108.45,Utility Enemy 12,Utility,ChaseAction,None,1.00,11.8,0,0.20,48,0.490,0.400,81768406
109.45,Player,Player,-,None,0.09,,0,0.09,,,,81768406
109.45,FSM Enemy 13,FSM,PatrolState,None,1.00,49.2,0,0.09,0,,,81768406
109.45,FSM Enemy 10,FSM,PatrolState,None,1.00,44.9,0,0.09,0,,,81768406
109.45,FSM Enemy 14,FSM,PatrolState,None,1.00,53.0,0,0.09,0,,,81768406
109.45,FSM Enemy 4,FSM,PatrolState,None,1.00,17.2,0,0.09,0,,,81768406
109.45,FSM Enemy 12,FSM,PatrolState,None,1.00,49.3,0,0.09,0,,,81768406
109.45,FSM Enemy 3,FSM,PatrolState,None,1.00,60.7,0,0.09,0,,,81768406
109.45,FSM Enemy 5,FSM,PatrolState,None,1.00,61.1,0,0.09,0,,,81768406
109.45,FSM Enemy 1,FSM,PatrolState,None,1.00,73.8,0,0.09,0,,,81768406
109.45,FSM Enemy 7,FSM,PatrolState,None,1.00,31.5,0,0.09,24,,,81768406
109.45,FSM Enemy 2,FSM,PatrolState,None,1.00,77.4,0,0.09,0,,,81768406
109.45,FSM Enemy 15,FSM,PatrolState,None,1.00,29.9,0,0.09,24,,,81768406
109.45,FSM Enemy 6,FSM,Dead,None,0.00,16.5,0,0.09,0,,,81768406
109.45,FSM Enemy 11,FSM,PatrolState,None,1.00,53.9,0,0.09,0,,,81768406
109.45,FSM Enemy 9,FSM,ChaseState,None,1.00,13.7,0,0.09,8,,,81768406
109.45,FSM Enemy 8,FSM,ChaseState,None,1.00,18.7,0,0.09,0,,,81768406
109.45,Utility Enemy 4,Utility,PatrolAction,None,1.00,43.0,0,0.09,0,0.120,0.000,81768406
109.45,Utility Enemy 7,Utility,PatrolAction,None,1.00,46.3,0,0.09,0,0.120,0.000,81768406
109.45,Utility Enemy 8,Utility,PatrolAction,None,1.00,56.3,0,0.09,0,0.120,0.000,81768406
109.45,Utility Enemy 14,Utility,PatrolAction,None,1.00,25.0,0,0.09,8,0.120,0.000,81768406
109.45,Utility Enemy 5,Utility,PatrolAction,None,1.00,29.9,0,0.09,0,0.120,0.000,81768406
109.45,Utility Enemy 6,Utility,PatrolAction,None,1.00,21.2,0,0.09,0,0.120,0.000,81768406
109.45,Utility Enemy 9,Utility,ChaseAction,None,1.00,24.0,0,0.09,0,0.490,0.400,81768406
109.45,Utility Enemy 2,Utility,ChaseAction,None,1.00,23.8,0,0.09,0,0.490,0.400,81768406
109.45,Utility Enemy 1,Utility,ChaseAction,None,1.00,23.8,0,0.09,0,0.490,0.400,81768406
109.45,Utility Enemy 13,Utility,PatrolAction,None,1.00,35.3,0,0.09,0,0.120,0.000,81768406
109.45,Utility Enemy 10,Utility,Dead,None,0.00,14.9,0,0.09,16,0.120,0.000,81768406
109.45,Utility Enemy 15,Utility,AttackAction,None,1.00,9.4,1,0.09,8,0.477,0.125,81768406
109.45,Utility Enemy 11,Utility,PatrolAction,None,1.00,57.5,0,0.09,0,0.120,0.000,81768406
109.45,Utility Enemy 3,Utility,PatrolAction,None,1.00,41.8,0,0.09,0,0.120,0.000,81768406
109.45,Utility Enemy 12,Utility,ChaseAction,None,1.00,16.1,0,0.09,48,0.490,0.400,81768406
110.45,Player,Player,-,None,0.09,,0,0.09,,,,81768406
110.45,FSM Enemy 13,FSM,PatrolState,None,1.00,46.4,0,0.09,0,,,81768406
110.45,FSM Enemy 10,FSM,PatrolState,None,1.00,45.6,0,0.09,0,,,81768406
110.45,FSM Enemy 14,FSM,PatrolState,None,1.00,56.1,0,0.09,0,,,81768406
110.45,FSM Enemy 4,FSM,PatrolState,None,1.00,25.3,0,0.09,0,,,81768406
110.45,FSM Enemy 12,FSM,PatrolState,None,1.00,50.2,0,0.09,0,,,81768406
110.45,FSM Enemy 3,FSM,PatrolState,None,1.00,54.5,0,0.09,0,,,81768406
110.45,FSM Enemy 5,FSM,PatrolState,None,1.00,54.2,0,0.09,0,,,81768406
110.45,FSM Enemy 1,FSM,PatrolState,None,1.00,69.2,0,0.09,0,,,81768406
110.45,FSM Enemy 7,FSM,PatrolState,None,1.00,30.1,0,0.09,24,,,81768406
110.45,FSM Enemy 2,FSM,PatrolState,None,1.00,78.7,0,0.09,0,,,81768406
110.45,FSM Enemy 15,FSM,PatrolState,None,1.00,27.3,0,0.09,24,,,81768406
110.45,FSM Enemy 6,FSM,PatrolState,None,1.00,50.0,0,0.09,0,,,81768406
110.45,FSM Enemy 11,FSM,PatrolState,None,1.00,49.7,0,0.09,0,,,81768406
110.45,FSM Enemy 9,FSM,ChaseState,None,1.00,7.0,0,0.09,8,,,81768406
110.45,FSM Enemy 8,FSM,ChaseState,None,1.00,10.3,0,0.09,0,,,81768406
110.45,Utility Enemy 4,Utility,PatrolAction,None,1.00,37.6,0,0.09,0,0.120,0.000,81768406
110.45,Utility Enemy 7,Utility,PatrolAction,None,1.00,51.9,0,0.09,0,0.120,0.000,81768406
110.45,Utility Enemy 8,Utility,PatrolAction,None,1.00,54.9,0,0.09,0,0.120,0.000,81768406
110.45,Utility Enemy 14,Utility,PatrolAction,None,1.00,22.9,0,0.09,8,0.120,0.000,81768406
110.45,Utility Enemy 5,Utility,PatrolAction,None,1.00,31.7,0,0.09,0,0.120,0.000,81768406
110.45,Utility Enemy 6,Utility,PatrolAction,None,1.00,24.9,0,0.09,0,0.120,0.000,81768406
110.45,Utility Enemy 9,Utility,ChaseAction,None,1.00,21.5,0,0.09,0,0.490,0.400,81768406
110.45,Utility Enemy 2,Utility,ChaseAction,None,1.00,19.8,0,0.09,0,0.490,0.400,81768406
110.45,Utility Enemy 1,Utility,ChaseAction,None,1.00,17.1,0,0.09,0,0.490,0.400,81768406
110.45,Utility Enemy 13,Utility,PatrolAction,None,1.00,31.7,0,0.09,0,0.120,0.000,81768406
110.45,Utility Enemy 10,Utility,Dead,None,0.00,20.9,0,0.09,16,0.120,0.000,81768406
110.45,Utility Enemy 15,Utility,AttackAction,None,1.00,13.5,1,0.09,8,0.332,0.144,81768406
110.45,Utility Enemy 11,Utility,PatrolAction,None,1.00,48.4,0,0.09,0,0.120,0.000,81768406
110.45,Utility Enemy 3,Utility,PatrolAction,None,1.00,38.5,0,0.09,0,0.120,0.000,81768406
110.45,Utility Enemy 12,Utility,ChaseAction,None,1.00,19.1,0,0.09,48,0.490,0.400,81768406
111.45,Player,Player,-,GravityFlip,0.09,,0,0.09,,,,81768406
111.45,FSM Enemy 13,FSM,TakeCoverState,GravityFlip,1.00,46.2,0,0.09,0,,,81768406
111.45,FSM Enemy 10,FSM,TakeCoverState,GravityFlip,1.00,44.2,0,0.09,0,,,81768406
111.45,FSM Enemy 14,FSM,TakeCoverState,GravityFlip,1.00,56.6,0,0.09,0,,,81768406
111.45,FSM Enemy 4,FSM,TakeCoverState,GravityFlip,1.00,28.8,0,0.09,0,,,81768406
111.45,FSM Enemy 12,FSM,TakeCoverState,GravityFlip,1.00,48.0,0,0.09,0,,,81768406
111.45,FSM Enemy 3,FSM,TakeCoverState,GravityFlip,1.00,51.2,0,0.09,0,,,81768406
111.45,FSM Enemy 5,FSM,TakeCoverState,GravityFlip,1.00,51.8,0,0.09,0,,,81768406
111.45,FSM Enemy 1,FSM,TakeCoverState,GravityFlip,1.00,68.0,0,0.09,0,,,81768406
111.45,FSM Enemy 7,FSM,TakeCoverState,GravityFlip,1.00,32.6,0,0.09,24,,,81768406
111.45,FSM Enemy 2,FSM,TakeCoverState,GravityFlip,1.00,77.8,0,0.09,0,,,81768406
111.45,FSM Enemy 15,FSM,TakeCoverState,GravityFlip,1.00,27.2,0,0.09,24,,,81768406
111.45,FSM Enemy 6,FSM,TakeCoverState,GravityFlip,1.00,45.0,0,0.09,0,,,81768406
111.45,FSM Enemy 11,FSM,TakeCoverState,GravityFlip,1.00,49.3,0,0.09,0,,,81768406
111.45,FSM Enemy 9,FSM,TakeCoverState,GravityFlip,1.00,5.3,0,0.09,8,,,81768406
111.45,FSM Enemy 8,FSM,TakeCoverState,GravityFlip,1.00,5.2,0,0.09,0,,,81768406
111.45,Utility Enemy 4,Utility,PatrolAction,GravityFlip,1.00,34.0,0,0.09,0,0.120,0.000,81768406
111.45,Utility Enemy 7,Utility,PatrolAction,GravityFlip,1.00,48.6,0,0.09,0,0.120,0.000,81768406
111.45,Utility Enemy 8,Utility,PatrolAction,GravityFlip,1.00,55.7,0,0.09,0,0.120,0.000,81768406
111.45,Utility Enemy 14,Utility,PatrolAction,GravityFlip,1.00,24.3,0,0.09,8,0.120,0.000,81768406
111.45,Utility Enemy 5,Utility,PatrolAction,GravityFlip,1.00,37.0,0,0.09,0,0.120,0.000,81768406
111.45,Utility Enemy 6,Utility,PatrolAction,GravityFlip,1.00,24.1,0,0.09,0,0.120,0.000,81768406
111.45,Utility Enemy 9,Utility,ChaseAction,GravityFlip,1.00,15.8,0,0.09,0,0.490,0.400,81768406
111.45,Utility Enemy 2,Utility,ChaseAction,GravityFlip,1.00,13.9,0,0.09,0,0.490,0.400,81768406
111.45,Utility Enemy 1,Utility,ChaseAction,GravityFlip,1.00,11.2,0,0.09,0,0.490,0.400,81768406
111.45,Utility Enemy 13,Utility,PatrolAction,GravityFlip,1.00,32.3,0,0.09,0,0.120,0.000,81768406
111.45,Utility Enemy 10,Utility,Dead,GravityFlip,0.00,22.7,0,0.09,16,0.120,0.000,81768406
111.45,Utility Enemy 15,Utility,ChaseAction,GravityFlip,1.00,13.5,0,0.09,8,0.490,0.400,81768406
111.45,Utility Enemy 11,Utility,PatrolAction,GravityFlip,1.00,43.7,0,0.09,0,0.120,0.000,81768406
111.45,Utility Enemy 3,Utility,PatrolAction,GravityFlip,1.00,33.1,0,0.09,0,0.120,0.000,81768406
111.45,Utility Enemy 12,Utility,PatrolAction,GravityFlip,1.00,20.5,0,0.09,48,0.120,0.000,81768406
112.45,Player,Player,-,GravityFlip,0.09,,0,0.09,,,,81768406
112.45,FSM Enemy 13,FSM,TakeCoverState,GravityFlip,1.00,42.6,0,0.09,0,,,81768406
112.45,FSM Enemy 10,FSM,TakeCoverState,GravityFlip,1.00,47.3,0,0.09,0,,,81768406
112.45,FSM Enemy 14,FSM,TakeCoverState,GravityFlip,1.00,54.1,0,0.09,0,,,81768406
112.45,FSM Enemy 4,FSM,TakeCoverState,GravityFlip,1.00,31.5,0,0.09,0,,,81768406
112.45,FSM Enemy 12,FSM,TakeCoverState,GravityFlip,1.00,45.5,0,0.09,0,,,81768406
112.45,FSM Enemy 3,FSM,TakeCoverState,GravityFlip,1.00,51.3,0,0.09,0,,,81768406
112.45,FSM Enemy 5,FSM,TakeCoverState,GravityFlip,1.00,52.4,0,0.09,0,,,81768406
112.45,FSM Enemy 1,FSM,TakeCoverState,GravityFlip,1.00,68.1,0,0.09,0,,,81768406
112.45,FSM Enemy 7,FSM,TakeCoverState,GravityFlip,1.00,29.2,0,0.09,24,,,81768406
112.45,FSM Enemy 2,FSM,TakeCoverState,GravityFlip,1.00,75.5,0,0.09,0,,,81768406
112.45,FSM Enemy 15,FSM,TakeCoverState,GravityFlip,1.00,26.8,0,0.09,24,,,81768406
112.45,FSM Enemy 6,FSM,TakeCoverState,GravityFlip,1.00,47.9,0,0.09,0,,,81768406
112.45,FSM Enemy 11,FSM,TakeCoverState,GravityFlip,1.00,46.0,0,0.09,0,,,81768406
112.45,FSM Enemy 9,FSM,TakeCoverState,GravityFlip,1.00,5.6,0,0.09,8,,,81768406
112.45,FSM Enemy 8,FSM,TakeCoverState,GravityFlip,1.00,4.5,0,0.09,0,,,81768406
112.45,Utility Enemy 4,Utility,TakeCoverAction,GravityFlip,1.00,33.5,0,0.09,0,0.820,0.750,81768406
112.45,Utility Enemy 7,Utility,TakeCoverAction,GravityFlip,1.00,49.7,0,0.09,0,0.820,0.750,81768406
112.45,Utility Enemy 8,Utility,TakeCoverAction,GravityFlip,1.00,55.3,0,0.09,0,0.820,0.750,81768406
112.45,Utility Enemy 14,Utility,TakeCoverAction,GravityFlip,1.00,25.2,0,0.09,8,0.820,0.750,81768406
112.45,Utility Enemy 5,Utility,TakeCoverAction,GravityFlip,1.00,37.7,0,0.09,0,0.820,0.750,81768406
112.45,Utility Enemy 6,Utility,TakeCoverAction,GravityFlip,1.00,24.8,0,0.09,0,0.820,0.750,81768406
112.45,Utility Enemy 9,Utility,TakeCoverAction,GravityFlip,1.00,13.6,0,0.09,0,0.820,0.750,81768406
112.45,Utility Enemy 2,Utility,TakeCoverAction,GravityFlip,1.00,14.3,0,0.09,0,0.820,0.750,81768406
112.45,Utility Enemy 1,Utility,TakeCoverAction,GravityFlip,1.00,8.1,0,0.09,0,0.820,0.750,81768406
112.45,Utility Enemy 13,Utility,TakeCoverAction,GravityFlip,1.00,32.0,0,0.09,0,0.820,0.750,81768406
112.45,Utility Enemy 10,Utility,Dead,GravityFlip,0.00,22.7,0,0.09,16,0.120,0.000,81768406
112.45,Utility Enemy 15,Utility,TakeCoverAction,GravityFlip,1.00,9.3,0,0.09,8,0.820,0.810,81768406
112.45,Utility Enemy 11,Utility,TakeCoverAction,GravityFlip,1.00,43.8,0,0.09,0,0.820,0.750,81768406
112.45,Utility Enemy 3,Utility,TakeCoverAction,GravityFlip,1.00,36.6,0,0.09,0,0.820,0.750,81768406
112.45,Utility Enemy 12,Utility,TakeCoverAction,GravityFlip,1.00,18.9,0,0.09,48,0.820,0.750,81768406
113.46,Player,Player,-,GravityFlip,0.09,,0,0.09,,,,81768406
113.46,FSM Enemy 13,FSM,TakeCoverState,GravityFlip,1.00,40.3,0,0.09,0,,,81768406
113.46,FSM Enemy 10,FSM,TakeCoverState,GravityFlip,1.00,48.8,0,0.09,0,,,81768406
113.46,FSM Enemy 14,FSM,TakeCoverState,GravityFlip,1.00,53.8,0,0.09,0,,,81768406
113.46,FSM Enemy 4,FSM,TakeCoverState,GravityFlip,1.00,29.5,0,0.09,0,,,81768406
113.46,FSM Enemy 12,FSM,TakeCoverState,GravityFlip,1.00,45.5,0,0.09,0,,,81768406
113.46,FSM Enemy 3,FSM,TakeCoverState,GravityFlip,1.00,51.3,0,0.09,0,,,81768406
113.46,FSM Enemy 5,FSM,TakeCoverState,GravityFlip,1.00,52.4,0,0.09,0,,,81768406
113.46,FSM Enemy 1,FSM,TakeCoverState,GravityFlip,1.00,68.1,0,0.09,0,,,81768406
113.46,FSM Enemy 7,FSM,TakeCoverState,GravityFlip,1.00,29.5,0,0.09,24,,,81768406
113.46,FSM Enemy 2,FSM,TakeCoverState,GravityFlip,1.00,71.2,0,0.09,0,,,81768406
113.46,FSM Enemy 15,FSM,TakeCoverState,GravityFlip,1.00,26.8,0,0.09,24,,,81768406
113.46,FSM Enemy 6,FSM,TakeCoverState,GravityFlip,1.00,50.4,0,0.09,0,,,81768406
113.46,FSM Enemy 11,FSM,TakeCoverState,GravityFlip,1.00,43.0,0,0.09,0,,,81768406
113.46,FSM Enemy 9,FSM,TakeCoverState,GravityFlip,1.00,5.6,0,0.09,8,,,81768406
113.46,FSM Enemy 8,FSM,TakeCoverState,GravityFlip,1.00,4.8,0,0.09,0,,,81768406
113.46,Utility Enemy 4,Utility,TakeCoverAction,GravityFlip,1.00,33.5,0,0.09,0,0.820,0.750,81768406
113.46,Utility Enemy 7,Utility,TakeCoverAction,GravityFlip,1.00,53.6,0,0.09,0,0.820,0.750,81768406
113.46,Utility Enemy 8,Utility,TakeCoverAction,GravityFlip,1.00,55.2,0,0.09,0,0.820,0.750,81768406
113.46,Utility Enemy 14,Utility,TakeCoverAction,GravityFlip,1.00,25.5,0,0.09,8,0.820,0.750,81768406
113.46,Utility Enemy 5,Utility,TakeCoverAction,GravityFlip,1.00,37.7,0,0.09,0,0.820,0.750,81768406
113.46,Utility Enemy 6,Utility,TakeCoverAction,GravityFlip,1.00,25.2,0,0.09,0,0.820,0.750,81768406
113.46,Utility Enemy 9,Utility,TakeCoverAction,GravityFlip,1.00,13.5,0,0.09,0,0.820,0.750,81768406
113.46,Utility Enemy 2,Utility,TakeCoverAction,GravityFlip,1.00,14.3,0,0.09,0,0.820,0.750,81768406
113.46,Utility Enemy 1,Utility,TakeCoverAction,GravityFlip,1.00,5.3,0,0.09,0,0.820,0.750,81768406
113.46,Utility Enemy 13,Utility,TakeCoverAction,GravityFlip,1.00,32.0,0,0.09,0,0.820,0.750,81768406
113.46,Utility Enemy 10,Utility,TakeCoverAction,GravityFlip,1.00,55.7,0,0.09,16,0.820,0.750,81768406
113.46,Utility Enemy 15,Utility,TakeCoverAction,GravityFlip,1.00,6.6,0,0.09,8,0.820,0.810,81768406
113.46,Utility Enemy 11,Utility,TakeCoverAction,GravityFlip,1.00,44.4,0,0.09,0,0.820,0.750,81768406
113.46,Utility Enemy 3,Utility,TakeCoverAction,GravityFlip,1.00,37.7,0,0.09,0,0.820,0.750,81768406
113.46,Utility Enemy 12,Utility,TakeCoverAction,GravityFlip,1.00,15.8,0,0.09,48,0.820,0.750,81768406
114.46,Player,Player,-,GravityFlip,0.09,,0,0.09,,,,81768406
114.46,FSM Enemy 13,FSM,TakeCoverState,GravityFlip,1.00,40.3,0,0.09,0,,,81768406
114.46,FSM Enemy 10,FSM,TakeCoverState,GravityFlip,1.00,48.8,0,0.09,0,,,81768406
114.46,FSM Enemy 14,FSM,TakeCoverState,GravityFlip,1.00,53.8,0,0.09,0,,,81768406
114.46,FSM Enemy 4,FSM,TakeCoverState,GravityFlip,1.00,29.5,0,0.09,0,,,81768406
114.46,FSM Enemy 12,FSM,TakeCoverState,GravityFlip,1.00,45.6,0,0.09,0,,,81768406
114.46,FSM Enemy 3,FSM,TakeCoverState,GravityFlip,1.00,51.3,0,0.09,0,,,81768406
114.46,FSM Enemy 5,FSM,TakeCoverState,GravityFlip,1.00,52.4,0,0.09,0,,,81768406
114.46,FSM Enemy 1,FSM,TakeCoverState,GravityFlip,1.00,68.1,0,0.09,0,,,81768406
114.46,FSM Enemy 7,FSM,TakeCoverState,GravityFlip,1.00,30.3,0,0.09,24,,,81768406
114.46,FSM Enemy 2,FSM,TakeCoverState,GravityFlip,1.00,70.1,0,0.09,0,,,81768406
114.46,FSM Enemy 15,FSM,TakeCoverState,GravityFlip,1.00,26.8,0,0.09,24,,,81768406
114.46,FSM Enemy 6,FSM,TakeCoverState,GravityFlip,1.00,50.4,0,0.09,0,,,81768406
114.46,FSM Enemy 11,FSM,TakeCoverState,GravityFlip,1.00,43.0,0,0.09,0,,,81768406
114.46,FSM Enemy 9,FSM,TakeCoverState,GravityFlip,1.00,5.7,0,0.09,8,,,81768406
114.46,FSM Enemy 8,FSM,TakeCoverState,GravityFlip,1.00,4.9,0,0.09,0,,,81768406
114.46,Utility Enemy 4,Utility,TakeCoverAction,GravityFlip,1.00,33.5,0,0.09,0,0.820,0.750,81768406
114.46,Utility Enemy 7,Utility,TakeCoverAction,GravityFlip,1.00,53.9,0,0.09,0,0.820,0.750,81768406
114.46,Utility Enemy 8,Utility,TakeCoverAction,GravityFlip,1.00,55.2,0,0.09,0,0.820,0.750,81768406
114.46,Utility Enemy 14,Utility,TakeCoverAction,GravityFlip,1.00,25.5,0,0.09,8,0.820,0.750,81768406
114.46,Utility Enemy 5,Utility,TakeCoverAction,GravityFlip,1.00,37.7,0,0.09,0,0.820,0.750,81768406
114.46,Utility Enemy 6,Utility,TakeCoverAction,GravityFlip,1.00,25.2,0,0.09,0,0.820,0.750,81768406
114.46,Utility Enemy 9,Utility,TakeCoverAction,GravityFlip,1.00,13.5,0,0.09,0,0.820,0.750,81768406
114.46,Utility Enemy 2,Utility,TakeCoverAction,GravityFlip,1.00,14.3,0,0.09,0,0.820,0.750,81768406
114.46,Utility Enemy 1,Utility,TakeCoverAction,GravityFlip,1.00,4.5,0,0.09,0,0.820,0.750,81768406
114.46,Utility Enemy 13,Utility,TakeCoverAction,GravityFlip,1.00,32.0,0,0.09,0,0.820,0.750,81768406
114.46,Utility Enemy 10,Utility,TakeCoverAction,GravityFlip,1.00,54.6,0,0.09,16,0.820,0.750,81768406
114.46,Utility Enemy 15,Utility,TakeCoverAction,GravityFlip,1.00,6.6,0,0.09,8,0.820,0.810,81768406
114.46,Utility Enemy 11,Utility,TakeCoverAction,GravityFlip,1.00,44.4,0,0.09,0,0.820,0.750,81768406
114.46,Utility Enemy 3,Utility,TakeCoverAction,GravityFlip,1.00,37.7,0,0.09,0,0.820,0.750,81768406
114.46,Utility Enemy 12,Utility,TakeCoverAction,GravityFlip,1.00,15.5,0,0.09,48,0.820,0.750,81768406
115.47,Player,Player,-,GravityFlip,0.09,,0,0.09,,,,81768406
115.47,FSM Enemy 13,FSM,TakeCoverState,GravityFlip,1.00,40.3,0,0.09,0,,,81768406
115.47,FSM Enemy 10,FSM,TakeCoverState,GravityFlip,1.00,48.8,0,0.09,0,,,81768406
115.47,FSM Enemy 14,FSM,TakeCoverState,GravityFlip,1.00,53.8,0,0.09,0,,,81768406
115.47,FSM Enemy 4,FSM,TakeCoverState,GravityFlip,1.00,29.5,0,0.09,0,,,81768406
115.47,FSM Enemy 12,FSM,TakeCoverState,GravityFlip,1.00,45.6,0,0.09,0,,,81768406
115.47,FSM Enemy 3,FSM,TakeCoverState,GravityFlip,1.00,51.3,0,0.09,0,,,81768406
115.47,FSM Enemy 5,FSM,TakeCoverState,GravityFlip,1.00,52.4,0,0.09,0,,,81768406
115.47,FSM Enemy 1,FSM,TakeCoverState,GravityFlip,1.00,68.1,0,0.09,0,,,81768406
115.47,FSM Enemy 7,FSM,TakeCoverState,GravityFlip,1.00,30.3,0,0.09,24,,,81768406
115.47,FSM Enemy 2,FSM,TakeCoverState,GravityFlip,1.00,70.1,0,0.09,0,,,81768406
115.47,FSM Enemy 15,FSM,TakeCoverState,GravityFlip,1.00,26.8,0,0.09,24,,,81768406
115.47,FSM Enemy 6,FSM,TakeCoverState,GravityFlip,1.00,50.4,0,0.09,0,,,81768406
115.47,FSM Enemy 11,FSM,TakeCoverState,GravityFlip,1.00,43.0,0,0.09,0,,,81768406
115.47,FSM Enemy 9,FSM,TakeCoverState,GravityFlip,1.00,5.7,0,0.09,8,,,81768406
115.47,FSM Enemy 8,FSM,TakeCoverState,GravityFlip,1.00,5.1,0,0.09,0,,,81768406
115.47,Utility Enemy 4,Utility,TakeCoverAction,GravityFlip,1.00,33.5,0,0.09,0,0.820,0.750,81768406
115.47,Utility Enemy 7,Utility,TakeCoverAction,GravityFlip,1.00,53.9,0,0.09,0,0.820,0.750,81768406
115.47,Utility Enemy 8,Utility,TakeCoverAction,GravityFlip,1.00,55.2,0,0.09,0,0.820,0.750,81768406
115.47,Utility Enemy 14,Utility,TakeCoverAction,GravityFlip,1.00,25.5,0,0.09,8,0.820,0.750,81768406
115.47,Utility Enemy 5,Utility,TakeCoverAction,GravityFlip,1.00,37.7,0,0.09,0,0.820,0.750,81768406
115.47,Utility Enemy 6,Utility,TakeCoverAction,GravityFlip,1.00,25.2,0,0.09,0,0.820,0.750,81768406
115.47,Utility Enemy 9,Utility,TakeCoverAction,GravityFlip,1.00,13.6,0,0.09,0,0.820,0.750,81768406
115.47,Utility Enemy 2,Utility,TakeCoverAction,GravityFlip,1.00,14.3,0,0.09,0,0.820,0.750,81768406
115.47,Utility Enemy 1,Utility,TakeCoverAction,GravityFlip,1.00,3.5,0,0.09,0,0.820,0.750,81768406
115.47,Utility Enemy 13,Utility,TakeCoverAction,GravityFlip,1.00,32.0,0,0.09,0,0.820,0.750,81768406
115.47,Utility Enemy 10,Utility,TakeCoverAction,GravityFlip,1.00,54.6,0,0.09,16,0.820,0.750,81768406
115.47,Utility Enemy 15,Utility,TakeCoverAction,GravityFlip,1.00,6.7,0,0.09,8,0.820,0.750,81768406
115.47,Utility Enemy 11,Utility,TakeCoverAction,GravityFlip,1.00,44.4,0,0.09,0,0.820,0.750,81768406
115.47,Utility Enemy 3,Utility,TakeCoverAction,GravityFlip,1.00,37.7,0,0.09,0,0.820,0.750,81768406
115.47,Utility Enemy 12,Utility,TakeCoverAction,GravityFlip,1.00,15.5,0,0.09,48,0.820,0.750,81768406
116.47,Player,Player,-,None,0.09,,0,0.09,,,,81768406
116.47,FSM Enemy 13,FSM,PatrolState,None,1.00,40.3,0,0.09,0,,,81768406
116.47,FSM Enemy 10,FSM,PatrolState,None,1.00,48.8,0,0.09,0,,,81768406
116.47,FSM Enemy 14,FSM,PatrolState,None,1.00,53.8,0,0.09,0,,,81768406
116.47,FSM Enemy 4,FSM,PatrolState,None,1.00,29.6,0,0.09,0,,,81768406
116.47,FSM Enemy 12,FSM,PatrolState,None,1.00,45.5,0,0.09,0,,,81768406
116.47,FSM Enemy 3,FSM,PatrolState,None,1.00,51.3,0,0.09,0,,,81768406
116.47,FSM Enemy 5,FSM,PatrolState,None,1.00,52.4,0,0.09,0,,,81768406
116.47,FSM Enemy 1,FSM,PatrolState,None,1.00,68.1,0,0.09,0,,,81768406
116.47,FSM Enemy 7,FSM,PatrolState,None,1.00,30.3,0,0.09,24,,,81768406
116.47,FSM Enemy 2,FSM,PatrolState,None,1.00,70.1,0,0.09,0,,,81768406
116.47,FSM Enemy 15,FSM,PatrolState,None,1.00,26.8,0,0.09,24,,,81768406
116.47,FSM Enemy 6,FSM,PatrolState,None,1.00,50.4,0,0.09,0,,,81768406
116.47,FSM Enemy 11,FSM,PatrolState,None,1.00,43.0,0,0.09,0,,,81768406
116.47,FSM Enemy 9,FSM,PatrolState,None,1.00,5.7,0,0.09,8,,,81768406
116.47,FSM Enemy 8,FSM,PatrolState,None,1.00,5.1,0,0.09,0,,,81768406
116.47,Utility Enemy 4,Utility,TakeCoverAction,None,1.00,33.5,0,0.09,0,0.820,0.750,81768406
116.47,Utility Enemy 7,Utility,TakeCoverAction,None,1.00,53.9,0,0.09,0,0.820,0.750,81768406
116.47,Utility Enemy 8,Utility,TakeCoverAction,None,1.00,55.2,0,0.09,0,0.820,0.750,81768406
116.47,Utility Enemy 14,Utility,PatrolAction,None,1.00,25.5,0,0.09,8,0.120,0.000,81768406
116.47,Utility Enemy 5,Utility,TakeCoverAction,None,1.00,37.7,0,0.09,0,0.820,0.750,81768406
116.47,Utility Enemy 6,Utility,TakeCoverAction,None,1.00,25.2,0,0.09,0,0.820,0.750,81768406
116.47,Utility Enemy 9,Utility,TakeCoverAction,None,1.00,13.6,0,0.09,0,0.820,0.750,81768406
116.47,Utility Enemy 2,Utility,TakeCoverAction,None,1.00,14.4,0,0.09,0,0.820,0.750,81768406
116.47,Utility Enemy 1,Utility,TakeCoverAction,None,1.00,3.5,0,0.09,0,0.820,0.750,81768406
116.47,Utility Enemy 13,Utility,TakeCoverAction,None,1.00,32.0,0,0.09,0,0.820,0.750,81768406
116.47,Utility Enemy 10,Utility,TakeCoverAction,None,1.00,54.6,0,0.09,16,0.820,0.750,81768406
116.47,Utility Enemy 15,Utility,TakeCoverAction,None,1.00,6.7,0,0.09,8,0.820,0.750,81768406
116.47,Utility Enemy 11,Utility,PatrolAction,None,1.00,44.4,0,0.09,0,0.120,0.000,81768406
116.47,Utility Enemy 3,Utility,TakeCoverAction,None,1.00,37.7,0,0.09,0,0.820,0.750,81768406
116.47,Utility Enemy 12,Utility,TakeCoverAction,None,1.00,15.5,0,0.09,48,0.820,0.750,81768406
117.47,Player,Player,-,GravityFlip,0.09,,0,0.09,,,,81768406
117.47,FSM Enemy 13,FSM,TakeCoverState,GravityFlip,1.00,40.0,0,0.09,0,,,81768406
117.47,FSM Enemy 10,FSM,TakeCoverState,GravityFlip,1.00,48.0,0,0.09,0,,,81768406
117.47,FSM Enemy 14,FSM,TakeCoverState,GravityFlip,1.00,54.0,0,0.09,0,,,81768406
117.47,FSM Enemy 4,FSM,TakeCoverState,GravityFlip,1.00,30.2,0,0.09,0,,,81768406
117.47,FSM Enemy 12,FSM,TakeCoverState,GravityFlip,1.00,44.6,0,0.09,0,,,81768406
117.47,FSM Enemy 3,FSM,TakeCoverState,GravityFlip,1.00,51.4,0,0.09,0,,,81768406
117.47,FSM Enemy 5,FSM,TakeCoverState,GravityFlip,1.00,52.3,0,0.09,0,,,81768406
117.47,FSM Enemy 1,FSM,TakeCoverState,GravityFlip,1.00,67.3,0,0.09,0,,,81768406
117.47,FSM Enemy 7,FSM,TakeCoverState,GravityFlip,1.00,29.8,0,0.09,24,,,81768406
117.47,FSM Enemy 2,FSM,TakeCoverState,GravityFlip,1.00,69.4,0,0.09,0,,,81768406
117.47,FSM Enemy 15,FSM,TakeCoverState,GravityFlip,1.00,25.8,0,0.09,24,,,81768406
117.47,FSM Enemy 6,FSM,TakeCoverState,GravityFlip,1.00,49.6,0,0.09,0,,,81768406
117.47,FSM Enemy 11,FSM,TakeCoverState,GravityFlip,1.00,43.7,0,0.09,0,,,81768406
117.47,FSM Enemy 9,FSM,TakeCoverState,GravityFlip,1.00,5.0,0,0.09,8,,,81768406
117.47,FSM Enemy 8,FSM,TakeCoverState,GravityFlip,1.00,5.1,0,0.09,0,,,81768406
117.47,Utility Enemy 4,Utility,TakeCoverAction,GravityFlip,1.00,35.3,0,0.09,0,0.820,0.750,81768406
117.47,Utility Enemy 7,Utility,TakeCoverAction,GravityFlip,1.00,51.7,0,0.09,0,0.820,0.750,81768406
117.47,Utility Enemy 8,Utility,TakeCoverAction,GravityFlip,1.00,54.4,0,0.09,0,0.820,0.750,81768406
117.47,Utility Enemy 14,Utility,TakeCoverAction,GravityFlip,1.00,24.7,0,0.09,8,0.820,0.750,81768406
117.47,Utility Enemy 5,Utility,TakeCoverAction,GravityFlip,1.00,38.0,0,0.09,0,0.820,0.750,81768406
117.47,Utility Enemy 6,Utility,TakeCoverAction,GravityFlip,1.00,24.6,0,0.09,0,0.820,0.750,81768406
117.47,Utility Enemy 9,Utility,TakeCoverAction,GravityFlip,1.00,13.7,0,0.09,0,0.820,0.750,81768406
117.47,Utility Enemy 2,Utility,TakeCoverAction,GravityFlip,1.00,14.3,0,0.09,0,0.820,0.750,81768406
117.47,Utility Enemy 1,Utility,TakeCoverAction,GravityFlip,1.00,3.9,0,0.09,0,0.820,0.750,81768406
117.47,Utility Enemy 13,Utility,TakeCoverAction,GravityFlip,1.00,30.1,0,0.09,0,0.820,0.750,81768406
117.47,Utility Enemy 10,Utility,TakeCoverAction,GravityFlip,1.00,55.1,0,0.09,16,0.820,0.750,81768406
117.47,Utility Enemy 15,Utility,TakeCoverAction,GravityFlip,1.00,7.9,0,0.09,8,0.820,0.750,81768406
117.47,Utility Enemy 11,Utility,TakeCoverAction,GravityFlip,1.00,41.8,0,0.09,0,0.820,0.750,81768406
117.47,Utility Enemy 3,Utility,TakeCoverAction,GravityFlip,1.00,36.4,0,0.09,0,0.820,0.750,81768406
117.47,Utility Enemy 12,Utility,TakeCoverAction,GravityFlip,1.00,14.8,0,0.09,48,0.820,0.750,81768406
118.47,Player,Player,-,EnemyDuplicate,0.09,,0,0.09,,,,81768406
118.47,FSM Enemy 13,FSM,AttackState,EnemyDuplicate,1.00,40.0,0,0.09,0,,,81768406
118.47,FSM Enemy 10,FSM,AttackState,EnemyDuplicate,1.00,48.0,0,0.09,0,,,81768406
118.47,FSM Enemy 14,FSM,AttackState,EnemyDuplicate,1.00,54.0,0,0.09,0,,,81768406
118.47,FSM Enemy 4,FSM,AttackState,EnemyDuplicate,1.00,30.2,0,0.09,0,,,81768406
118.47,FSM Enemy 12,FSM,AttackState,EnemyDuplicate,1.00,44.6,0,0.09,0,,,81768406
118.47,FSM Enemy 3,FSM,AttackState,EnemyDuplicate,1.00,51.4,0,0.09,0,,,81768406
118.47,FSM Enemy 5,FSM,AttackState,EnemyDuplicate,1.00,52.3,0,0.09,0,,,81768406
118.47,FSM Enemy 1,FSM,AttackState,EnemyDuplicate,1.00,67.3,0,0.09,0,,,81768406
118.47,FSM Enemy 7,FSM,AttackState,EnemyDuplicate,1.00,29.8,0,0.09,24,,,81768406
118.47,FSM Enemy 2,FSM,AttackState,EnemyDuplicate,1.00,69.4,0,0.09,0,,,81768406
118.47,FSM Enemy 15,FSM,AttackState,EnemyDuplicate,1.00,25.8,0,0.09,24,,,81768406
118.47,FSM Enemy 6,FSM,AttackState,EnemyDuplicate,1.00,49.6,0,0.09,0,,,81768406
118.47,FSM Enemy 11,FSM,AttackState,EnemyDuplicate,1.00,43.7,0,0.09,0,,,81768406
118.47,FSM Enemy 9,FSM,AttackState,EnemyDuplicate,1.00,5.0,0,0.09,8,,,81768406
118.47,FSM Enemy 8,FSM,AttackState,EnemyDuplicate,1.00,5.1,0,0.09,0,,,81768406
118.47,Utility Enemy 4,Utility,RepositionAction,EnemyDuplicate,1.00,34.5,0,0.09,0,0.650,0.120,81768406
118.47,Utility Enemy 7,Utility,RepositionAction,EnemyDuplicate,1.00,54.0,0,0.09,0,0.650,0.120,81768406
118.47,Utility Enemy 8,Utility,RepositionAction,EnemyDuplicate,1.00,54.4,0,0.09,0,0.650,0.120,81768406
118.47,Utility Enemy 14,Utility,RepositionAction,EnemyDuplicate,1.00,24.7,0,0.09,8,0.650,0.120,81768406
118.47,Utility Enemy 5,Utility,RepositionAction,EnemyDuplicate,1.00,38.1,0,0.09,0,0.650,0.120,81768406
118.47,Utility Enemy 6,Utility,RepositionAction,EnemyDuplicate,1.00,24.6,0,0.09,0,0.650,0.120,81768406
118.47,Utility Enemy 9,Utility,RepositionAction,EnemyDuplicate,1.00,13.5,0,0.09,0,0.650,0.120,81768406
118.47,Utility Enemy 2,Utility,RepositionAction,EnemyDuplicate,1.00,14.2,0,0.09,0,0.650,0.120,81768406
118.47,Utility Enemy 1,Utility,RepositionAction,EnemyDuplicate,1.00,3.9,0,0.09,0,0.650,0.120,81768406
118.47,Utility Enemy 13,Utility,RepositionAction,EnemyDuplicate,1.00,31.4,0,0.09,0,0.650,0.120,81768406
118.47,Utility Enemy 10,Utility,RepositionAction,EnemyDuplicate,1.00,55.1,0,0.09,16,0.650,0.120,81768406
118.47,Utility Enemy 15,Utility,RepositionAction,EnemyDuplicate,1.00,6.7,0,0.09,8,0.650,0.120,81768406
118.47,Utility Enemy 11,Utility,RepositionAction,EnemyDuplicate,1.00,41.8,0,0.09,0,0.650,0.120,81768406
118.47,Utility Enemy 3,Utility,RepositionAction,EnemyDuplicate,1.00,37.7,0,0.09,0,0.650,0.120,81768406
118.47,Utility Enemy 12,Utility,RepositionAction,EnemyDuplicate,1.00,14.9,0,0.09,48,0.650,0.120,81768406
119.47,Player,Player,-,GravityFlip,0.09,,0,0.09,,,,81768406
119.47,FSM Enemy 13,FSM,TakeCoverState,GravityFlip,1.00,40.0,0,0.09,0,,,81768406
119.47,FSM Enemy 10,FSM,TakeCoverState,GravityFlip,1.00,48.0,0,0.09,0,,,81768406
119.47,FSM Enemy 14,FSM,TakeCoverState,GravityFlip,1.00,54.0,0,0.09,0,,,81768406
119.47,FSM Enemy 4,FSM,TakeCoverState,GravityFlip,1.00,30.2,0,0.09,0,,,81768406
119.47,FSM Enemy 12,FSM,TakeCoverState,GravityFlip,1.00,44.6,0,0.09,0,,,81768406
119.47,FSM Enemy 3,FSM,TakeCoverState,GravityFlip,1.00,51.4,0,0.09,0,,,81768406
119.47,FSM Enemy 5,FSM,TakeCoverState,GravityFlip,1.00,52.3,0,0.09,0,,,81768406
119.47,FSM Enemy 1,FSM,TakeCoverState,GravityFlip,1.00,67.3,0,0.09,0,,,81768406
119.47,FSM Enemy 7,FSM,TakeCoverState,GravityFlip,1.00,29.8,0,0.09,24,,,81768406
119.47,FSM Enemy 2,FSM,TakeCoverState,GravityFlip,1.00,69.4,0,0.09,0,,,81768406
119.47,FSM Enemy 15,FSM,TakeCoverState,GravityFlip,1.00,25.8,0,0.09,24,,,81768406
119.47,FSM Enemy 6,FSM,TakeCoverState,GravityFlip,1.00,49.6,0,0.09,0,,,81768406
119.47,FSM Enemy 11,FSM,TakeCoverState,GravityFlip,1.00,43.7,0,0.09,0,,,81768406
119.47,FSM Enemy 9,FSM,TakeCoverState,GravityFlip,1.00,5.0,0,0.09,8,,,81768406
119.47,FSM Enemy 8,FSM,TakeCoverState,GravityFlip,1.00,5.1,0,0.09,0,,,81768406
119.47,Utility Enemy 4,Utility,TakeCoverAction,GravityFlip,1.00,31.6,0,0.09,0,0.820,0.750,81768406
119.47,Utility Enemy 7,Utility,TakeCoverAction,GravityFlip,1.00,56.0,0,0.09,0,0.820,0.750,81768406
119.47,Utility Enemy 8,Utility,TakeCoverAction,GravityFlip,1.00,56.2,0,0.09,0,0.820,0.750,81768406
119.47,Utility Enemy 14,Utility,TakeCoverAction,GravityFlip,1.00,26.5,0,0.09,8,0.820,0.750,81768406
119.47,Utility Enemy 5,Utility,TakeCoverAction,GravityFlip,1.00,41.7,0,0.09,0,0.820,0.750,81768406
119.47,Utility Enemy 6,Utility,TakeCoverAction,GravityFlip,1.00,25.4,0,0.09,0,0.820,0.750,81768406
119.47,Utility Enemy 9,Utility,TakeCoverAction,GravityFlip,1.00,10.4,0,0.09,0,0.820,0.750,81768406
119.47,Utility Enemy 2,Utility,TakeCoverAction,GravityFlip,1.00,12.1,0,0.09,0,0.820,0.750,81768406
119.47,Utility Enemy 1,Utility,TakeCoverAction,GravityFlip,1.00,5.5,0,0.09,0,0.820,0.750,81768406
119.47,Utility Enemy 13,Utility,TakeCoverAction,GravityFlip,1.00,29.6,0,0.09,0,0.820,0.750,81768406
119.47,Utility Enemy 10,Utility,TakeCoverAction,GravityFlip,1.00,57.2,0,0.09,16,0.820,0.750,81768406
119.47,Utility Enemy 15,Utility,TakeCoverAction,GravityFlip,1.00,10.4,0,0.09,8,0.820,0.750,81768406
119.47,Utility Enemy 11,Utility,TakeCoverAction,GravityFlip,1.00,45.1,0,0.09,0,0.820,0.750,81768406
119.47,Utility Enemy 3,Utility,TakeCoverAction,GravityFlip,1.00,35.9,0,0.09,0,0.820,0.750,81768406
119.47,Utility Enemy 12,Utility,TakeCoverAction,GravityFlip,1.00,14.3,0,0.09,48,0.820,0.750,81768406
120.48,Player,Player,-,GravityFlip,0.09,,0,0.09,,,,81768406
120.48,FSM Enemy 13,FSM,TakeCoverState,GravityFlip,1.00,40.0,0,0.09,0,,,81768406
120.48,FSM Enemy 10,FSM,TakeCoverState,GravityFlip,1.00,48.0,0,0.09,0,,,81768406
120.48,FSM Enemy 14,FSM,TakeCoverState,GravityFlip,1.00,54.0,0,0.09,0,,,81768406
120.48,FSM Enemy 4,FSM,TakeCoverState,GravityFlip,1.00,30.2,0,0.09,0,,,81768406
120.48,FSM Enemy 12,FSM,TakeCoverState,GravityFlip,1.00,44.6,0,0.09,0,,,81768406
120.48,FSM Enemy 3,FSM,TakeCoverState,GravityFlip,1.00,51.4,0,0.09,0,,,81768406
120.48,FSM Enemy 5,FSM,TakeCoverState,GravityFlip,1.00,52.3,0,0.09,0,,,81768406
120.48,FSM Enemy 1,FSM,TakeCoverState,GravityFlip,1.00,67.3,0,0.09,0,,,81768406
120.48,FSM Enemy 7,FSM,TakeCoverState,GravityFlip,1.00,29.8,0,0.09,24,,,81768406
120.48,FSM Enemy 2,FSM,TakeCoverState,GravityFlip,1.00,69.4,0,0.09,0,,,81768406
120.48,FSM Enemy 15,FSM,TakeCoverState,GravityFlip,1.00,25.8,0,0.09,24,,,81768406
120.48,FSM Enemy 6,FSM,TakeCoverState,GravityFlip,1.00,49.6,0,0.09,0,,,81768406
120.48,FSM Enemy 11,FSM,TakeCoverState,GravityFlip,1.00,43.7,0,0.09,0,,,81768406
120.48,FSM Enemy 9,FSM,TakeCoverState,GravityFlip,1.00,5.0,0,0.09,8,,,81768406
120.48,FSM Enemy 8,FSM,TakeCoverState,GravityFlip,1.00,5.2,0,0.09,0,,,81768406
120.48,Utility Enemy 4,Utility,TakeCoverAction,GravityFlip,1.00,31.4,0,0.09,0,0.820,0.750,81768406
120.48,Utility Enemy 7,Utility,TakeCoverAction,GravityFlip,1.00,56.0,0,0.09,0,0.820,0.750,81768406
120.48,Utility Enemy 8,Utility,TakeCoverAction,GravityFlip,1.00,56.5,0,0.09,0,0.820,0.750,81768406
120.48,Utility Enemy 14,Utility,TakeCoverAction,GravityFlip,1.00,26.6,0,0.09,8,0.820,0.750,81768406
120.48,Utility Enemy 5,Utility,TakeCoverAction,GravityFlip,1.00,40.5,0,0.09,0,0.820,0.750,81768406
120.48,Utility Enemy 6,Utility,TakeCoverAction,GravityFlip,1.00,25.4,0,0.09,0,0.820,0.750,81768406
120.48,Utility Enemy 9,Utility,TakeCoverAction,GravityFlip,1.00,11.1,0,0.09,0,0.820,0.750,81768406
120.48,Utility Enemy 2,Utility,TakeCoverAction,GravityFlip,1.00,11.8,0,0.09,0,0.820,0.750,81768406
120.48,Utility Enemy 1,Utility,TakeCoverAction,GravityFlip,1.00,5.6,0,0.09,0,0.820,0.750,81768406
120.48,Utility Enemy 13,Utility,TakeCoverAction,GravityFlip,1.00,31.3,0,0.09,0,0.820,0.750,81768406
120.48,Utility Enemy 10,Utility,TakeCoverAction,GravityFlip,1.00,54.6,0,0.09,16,0.820,0.750,81768406
120.48,Utility Enemy 15,Utility,TakeCoverAction,GravityFlip,1.00,8.1,0,0.09,8,0.820,0.750,81768406
120.48,Utility Enemy 11,Utility,TakeCoverAction,GravityFlip,1.00,45.1,0,0.09,0,0.820,0.750,81768406
120.48,Utility Enemy 3,Utility,TakeCoverAction,GravityFlip,1.00,37.0,0,0.09,0,0.820,0.750,81768406
120.48,Utility Enemy 12,Utility,TakeCoverAction,GravityFlip,1.00,14.2,0,0.09,48,0.820,0.750,81768406
121.48,Player,Player,-,GravityFlip,0.09,,0,0.09,,,,81768406
121.48,FSM Enemy 13,FSM,TakeCoverState,GravityFlip,1.00,40.0,0,0.09,0,,,81768406
121.48,FSM Enemy 10,FSM,TakeCoverState,GravityFlip,1.00,48.0,0,0.09,0,,,81768406
121.48,FSM Enemy 14,FSM,TakeCoverState,GravityFlip,1.00,54.0,0,0.09,0,,,81768406
121.48,FSM Enemy 4,FSM,TakeCoverState,GravityFlip,1.00,30.2,0,0.09,0,,,81768406
121.48,FSM Enemy 12,FSM,TakeCoverState,GravityFlip,1.00,44.6,0,0.09,0,,,81768406
121.48,FSM Enemy 3,FSM,TakeCoverState,GravityFlip,1.00,51.4,0,0.09,0,,,81768406
121.48,FSM Enemy 5,FSM,TakeCoverState,GravityFlip,1.00,52.3,0,0.09,0,,,81768406
121.48,FSM Enemy 1,FSM,TakeCoverState,GravityFlip,1.00,67.3,0,0.09,0,,,81768406
121.48,FSM Enemy 7,FSM,TakeCoverState,GravityFlip,1.00,29.8,0,0.09,24,,,81768406
121.48,FSM Enemy 2,FSM,TakeCoverState,GravityFlip,1.00,69.4,0,0.09,0,,,81768406
121.48,FSM Enemy 15,FSM,TakeCoverState,GravityFlip,1.00,25.9,0,0.09,24,,,81768406
121.48,FSM Enemy 6,FSM,TakeCoverState,GravityFlip,1.00,49.6,0,0.09,0,,,81768406
121.48,FSM Enemy 11,FSM,TakeCoverState,GravityFlip,1.00,43.7,0,0.09,0,,,81768406
121.48,FSM Enemy 9,FSM,TakeCoverState,GravityFlip,1.00,5.1,0,0.09,8,,,81768406
121.48,FSM Enemy 8,FSM,TakeCoverState,GravityFlip,1.00,5.2,0,0.09,0,,,81768406
121.48,Utility Enemy 4,Utility,TakeCoverAction,GravityFlip,1.00,31.4,0,0.09,0,0.820,0.750,81768406
121.48,Utility Enemy 7,Utility,TakeCoverAction,GravityFlip,1.00,56.0,0,0.09,0,0.820,0.750,81768406
121.48,Utility Enemy 8,Utility,TakeCoverAction,GravityFlip,1.00,56.5,0,0.09,0,0.820,0.750,81768406
121.48,Utility Enemy 14,Utility,TakeCoverAction,GravityFlip,1.00,26.6,0,0.09,8,0.820,0.750,81768406
121.48,Utility Enemy 5,Utility,TakeCoverAction,GravityFlip,1.00,40.5,0,0.09,0,0.820,0.750,81768406
121.48,Utility Enemy 6,Utility,TakeCoverAction,GravityFlip,1.00,25.4,0,0.09,0,0.820,0.750,81768406
121.48,Utility Enemy 9,Utility,TakeCoverAction,GravityFlip,1.00,11.1,0,0.09,0,0.820,0.750,81768406
121.48,Utility Enemy 2,Utility,TakeCoverAction,GravityFlip,1.00,11.8,0,0.09,0,0.820,0.750,81768406
121.48,Utility Enemy 1,Utility,TakeCoverAction,GravityFlip,1.00,5.6,0,0.09,0,0.820,0.750,81768406
121.48,Utility Enemy 13,Utility,TakeCoverAction,GravityFlip,1.00,31.3,0,0.09,0,0.820,0.750,81768406
121.48,Utility Enemy 10,Utility,TakeCoverAction,GravityFlip,1.00,54.6,0,0.09,16,0.820,0.750,81768406
121.48,Utility Enemy 15,Utility,TakeCoverAction,GravityFlip,1.00,6.8,0,0.09,8,0.820,0.750,81768406
121.48,Utility Enemy 11,Utility,TakeCoverAction,GravityFlip,1.00,45.1,0,0.09,0,0.820,0.750,81768406
121.48,Utility Enemy 3,Utility,TakeCoverAction,GravityFlip,1.00,37.9,0,0.09,0,0.820,0.750,81768406
121.48,Utility Enemy 12,Utility,TakeCoverAction,GravityFlip,1.00,14.2,0,0.09,48,0.820,0.750,81768406
122.49,Player,Player,-,GravityFlip,0.09,,0,0.09,,,,81768406
122.49,FSM Enemy 13,FSM,TakeCoverState,GravityFlip,1.00,40.0,0,0.09,0,,,81768406
122.49,FSM Enemy 10,FSM,TakeCoverState,GravityFlip,1.00,48.0,0,0.09,0,,,81768406
122.49,FSM Enemy 14,FSM,TakeCoverState,GravityFlip,1.00,54.0,0,0.09,0,,,81768406
122.49,FSM Enemy 4,FSM,TakeCoverState,GravityFlip,1.00,30.2,0,0.09,0,,,81768406
122.49,FSM Enemy 12,FSM,TakeCoverState,GravityFlip,1.00,44.6,0,0.09,0,,,81768406
122.49,FSM Enemy 3,FSM,TakeCoverState,GravityFlip,1.00,51.4,0,0.09,0,,,81768406
122.49,FSM Enemy 5,FSM,TakeCoverState,GravityFlip,1.00,52.3,0,0.09,0,,,81768406
122.49,FSM Enemy 1,FSM,TakeCoverState,GravityFlip,1.00,67.3,0,0.09,0,,,81768406
122.49,FSM Enemy 7,FSM,TakeCoverState,GravityFlip,1.00,29.8,0,0.09,24,,,81768406
122.49,FSM Enemy 2,FSM,TakeCoverState,GravityFlip,1.00,69.4,0,0.09,0,,,81768406
122.49,FSM Enemy 15,FSM,TakeCoverState,GravityFlip,1.00,25.8,0,0.09,24,,,81768406
122.49,FSM Enemy 6,FSM,TakeCoverState,GravityFlip,1.00,49.6,0,0.09,0,,,81768406
122.49,FSM Enemy 11,FSM,TakeCoverState,GravityFlip,1.00,43.7,0,0.09,0,,,81768406
122.49,FSM Enemy 9,FSM,TakeCoverState,GravityFlip,1.00,4.9,0,0.09,8,,,81768406
122.49,FSM Enemy 8,FSM,TakeCoverState,GravityFlip,1.00,5.1,0,0.09,0,,,81768406
122.49,Utility Enemy 4,Utility,TakeCoverAction,GravityFlip,1.00,31.4,0,0.09,0,0.820,0.750,81768406
122.49,Utility Enemy 7,Utility,TakeCoverAction,GravityFlip,1.00,56.0,0,0.09,0,0.820,0.750,81768406
122.49,Utility Enemy 8,Utility,TakeCoverAction,GravityFlip,1.00,56.5,0,0.09,0,0.820,0.750,81768406
122.49,Utility Enemy 14,Utility,TakeCoverAction,GravityFlip,1.00,26.6,0,0.09,8,0.820,0.750,81768406
122.49,Utility Enemy 5,Utility,TakeCoverAction,GravityFlip,1.00,40.5,0,0.09,0,0.820,0.750,81768406
122.49,Utility Enemy 6,Utility,TakeCoverAction,GravityFlip,1.00,25.3,0,0.09,0,0.820,0.750,81768406
122.49,Utility Enemy 9,Utility,TakeCoverAction,GravityFlip,1.00,11.1,0,0.09,0,0.820,0.750,81768406
122.49,Utility Enemy 2,Utility,TakeCoverAction,GravityFlip,1.00,11.8,0,0.09,0,0.820,0.750,81768406
122.49,Utility Enemy 1,Utility,TakeCoverAction,GravityFlip,1.00,5.5,0,0.09,0,0.820,0.750,81768406
122.49,Utility Enemy 13,Utility,TakeCoverAction,GravityFlip,1.00,31.2,0,0.09,0,0.820,0.750,81768406
122.49,Utility Enemy 10,Utility,TakeCoverAction,GravityFlip,1.00,54.6,0,0.09,16,0.820,0.750,81768406
122.49,Utility Enemy 15,Utility,TakeCoverAction,GravityFlip,1.00,6.7,0,0.09,8,0.820,0.750,81768406
122.49,Utility Enemy 11,Utility,TakeCoverAction,GravityFlip,1.00,45.1,0,0.09,0,0.820,0.750,81768406
122.49,Utility Enemy 3,Utility,TakeCoverAction,GravityFlip,1.00,37.9,0,0.09,0,0.820,0.750,81768406
122.49,Utility Enemy 12,Utility,TakeCoverAction,GravityFlip,1.00,14.2,0,0.09,48,0.820,0.750,81768406
123.49,Player,Player,-,GravityFlip,0.09,,0,0.09,,,,81768406
123.49,FSM Enemy 13,FSM,TakeCoverState,GravityFlip,1.00,40.0,0,0.09,0,,,81768406
123.49,FSM Enemy 10,FSM,TakeCoverState,GravityFlip,1.00,48.0,0,0.09,0,,,81768406
123.49,FSM Enemy 14,FSM,TakeCoverState,GravityFlip,1.00,54.0,0,0.09,0,,,81768406
123.49,FSM Enemy 4,FSM,TakeCoverState,GravityFlip,1.00,30.2,0,0.09,0,,,81768406
123.49,FSM Enemy 12,FSM,TakeCoverState,GravityFlip,1.00,44.6,0,0.09,0,,,81768406
123.49,FSM Enemy 3,FSM,TakeCoverState,GravityFlip,1.00,51.4,0,0.09,0,,,81768406
123.49,FSM Enemy 5,FSM,TakeCoverState,GravityFlip,1.00,52.3,0,0.09,0,,,81768406
123.49,FSM Enemy 1,FSM,TakeCoverState,GravityFlip,1.00,67.3,0,0.09,0,,,81768406
123.49,FSM Enemy 7,FSM,TakeCoverState,GravityFlip,1.00,29.8,0,0.09,24,,,81768406
123.49,FSM Enemy 2,FSM,TakeCoverState,GravityFlip,1.00,69.4,0,0.09,0,,,81768406
123.49,FSM Enemy 15,FSM,TakeCoverState,GravityFlip,1.00,25.8,0,0.09,24,,,81768406
123.49,FSM Enemy 6,FSM,TakeCoverState,GravityFlip,1.00,49.6,0,0.09,0,,,81768406
123.49,FSM Enemy 11,FSM,TakeCoverState,GravityFlip,1.00,43.7,0,0.09,0,,,81768406
123.49,FSM Enemy 9,FSM,TakeCoverState,GravityFlip,1.00,4.9,0,0.09,8,,,81768406
123.49,FSM Enemy 8,FSM,TakeCoverState,GravityFlip,1.00,5.1,0,0.09,0,,,81768406
123.49,Utility Enemy 4,Utility,TakeCoverAction,GravityFlip,1.00,31.4,0,0.09,0,0.820,0.750,81768406
123.49,Utility Enemy 7,Utility,TakeCoverAction,GravityFlip,1.00,56.0,0,0.09,0,0.820,0.750,81768406
123.49,Utility Enemy 8,Utility,TakeCoverAction,GravityFlip,1.00,56.5,0,0.09,0,0.820,0.750,81768406
123.49,Utility Enemy 14,Utility,TakeCoverAction,GravityFlip,1.00,26.6,0,0.09,8,0.820,0.750,81768406
123.49,Utility Enemy 5,Utility,TakeCoverAction,GravityFlip,1.00,40.5,0,0.09,0,0.820,0.750,81768406
123.49,Utility Enemy 6,Utility,TakeCoverAction,GravityFlip,1.00,25.3,0,0.09,0,0.820,0.750,81768406
123.49,Utility Enemy 9,Utility,TakeCoverAction,GravityFlip,1.00,11.1,0,0.09,0,0.820,0.750,81768406
123.49,Utility Enemy 2,Utility,TakeCoverAction,GravityFlip,1.00,11.8,0,0.09,0,0.820,0.750,81768406
123.49,Utility Enemy 1,Utility,TakeCoverAction,GravityFlip,1.00,5.5,0,0.09,0,0.820,0.750,81768406
123.49,Utility Enemy 13,Utility,TakeCoverAction,GravityFlip,1.00,31.2,0,0.09,0,0.820,0.750,81768406
123.49,Utility Enemy 10,Utility,TakeCoverAction,GravityFlip,1.00,54.6,0,0.09,16,0.820,0.750,81768406
123.49,Utility Enemy 15,Utility,TakeCoverAction,GravityFlip,1.00,6.7,0,0.09,8,0.820,0.750,81768406
123.49,Utility Enemy 11,Utility,TakeCoverAction,GravityFlip,1.00,45.1,0,0.09,0,0.820,0.750,81768406
123.49,Utility Enemy 3,Utility,TakeCoverAction,GravityFlip,1.00,37.9,0,0.09,0,0.820,0.750,81768406
123.49,Utility Enemy 12,Utility,TakeCoverAction,GravityFlip,1.00,14.2,0,0.09,48,0.820,0.750,81768406
124.49,Player,Player,-,None,0.09,,0,0.09,,,,81768406
124.49,FSM Enemy 13,FSM,PatrolState,None,1.00,40.5,0,0.09,0,,,81768406
124.49,FSM Enemy 10,FSM,PatrolState,None,1.00,47.5,0,0.09,0,,,81768406
124.49,FSM Enemy 14,FSM,PatrolState,None,1.00,54.1,0,0.09,0,,,81768406
124.49,FSM Enemy 4,FSM,PatrolState,None,1.00,30.6,0,0.09,0,,,81768406
124.49,FSM Enemy 12,FSM,PatrolState,None,1.00,44.0,0,0.09,0,,,81768406
124.49,FSM Enemy 3,FSM,PatrolState,None,1.00,51.5,0,0.09,0,,,81768406
124.49,FSM Enemy 5,FSM,PatrolState,None,1.00,51.9,0,0.09,0,,,81768406
124.49,FSM Enemy 1,FSM,PatrolState,None,1.00,67.4,0,0.09,0,,,81768406
124.49,FSM Enemy 7,FSM,PatrolState,None,1.00,29.5,0,0.09,24,,,81768406
124.49,FSM Enemy 2,FSM,PatrolState,None,1.00,69.2,0,0.09,0,,,81768406
124.49,FSM Enemy 15,FSM,PatrolState,None,1.00,26.1,0,0.09,24,,,81768406
124.49,FSM Enemy 6,FSM,PatrolState,None,1.00,48.9,0,0.09,0,,,81768406
124.49,FSM Enemy 11,FSM,PatrolState,None,1.00,44.3,0,0.09,0,,,81768406
124.49,FSM Enemy 9,FSM,PatrolState,None,1.00,5.6,0,0.09,8,,,81768406
124.49,FSM Enemy 8,FSM,PatrolState,None,1.00,5.6,0,0.09,0,,,81768406
124.49,Utility Enemy 4,Utility,PatrolAction,None,1.00,32.0,0,0.09,0,0.120,0.000,81768406
124.49,Utility Enemy 7,Utility,PatrolAction,None,1.00,55.4,0,0.09,0,0.120,0.000,81768406
124.49,Utility Enemy 8,Utility,PatrolAction,None,1.00,55.9,0,0.09,0,0.120,0.000,81768406
124.49,Utility Enemy 14,Utility,PatrolAction,None,1.00,26.5,0,0.09,8,0.120,0.000,81768406
124.49,Utility Enemy 5,Utility,PatrolAction,None,1.00,39.9,0,0.09,0,0.120,0.000,81768406
124.49,Utility Enemy 6,Utility,PatrolAction,None,1.00,25.2,0,0.09,0,0.120,0.000,81768406
124.49,Utility Enemy 9,Utility,PatrolAction,None,1.00,11.2,0,0.09,0,0.120,0.000,81768406
124.49,Utility Enemy 2,Utility,PatrolAction,None,1.00,11.4,0,0.09,0,0.120,0.000,81768406
124.49,Utility Enemy 1,Utility,Dead,None,0.00,5.5,0,0.09,0,0.820,0.750,81768406
124.49,Utility Enemy 13,Utility,PatrolAction,None,1.00,30.7,0,0.09,0,0.120,0.000,81768406
124.49,Utility Enemy 10,Utility,PatrolAction,None,1.00,54.3,0,0.09,16,0.120,0.000,81768406
124.49,Utility Enemy 15,Utility,PatrolAction,None,1.00,7.3,0,0.09,8,0.120,0.000,81768406
124.49,Utility Enemy 11,Utility,PatrolAction,None,1.00,45.0,0,0.09,0,0.120,0.000,81768406
124.49,Utility Enemy 3,Utility,PatrolAction,None,1.00,38.3,0,0.09,0,0.120,0.000,81768406
124.49,Utility Enemy 12,Utility,PatrolAction,None,1.00,13.6,0,0.09,48,0.120,0.000,81768406
125.49,Player,Player,-,None,0.09,,0,0.09,,,,81768406
125.49,FSM Enemy 13,FSM,PatrolState,None,1.00,42.6,0,0.09,0,,,81768406
125.49,FSM Enemy 10,FSM,PatrolState,None,1.00,45.8,0,0.09,0,,,81768406
125.49,FSM Enemy 14,FSM,PatrolState,None,1.00,54.5,0,0.09,0,,,81768406
125.49,FSM Enemy 4,FSM,PatrolState,None,1.00,31.5,0,0.09,0,,,81768406
125.49,FSM Enemy 12,FSM,PatrolState,None,1.00,43.2,0,0.09,0,,,81768406
125.49,FSM Enemy 3,FSM,PatrolState,None,1.00,53.7,0,0.09,0,,,81768406
125.49,FSM Enemy 5,FSM,PatrolState,None,1.00,50.2,0,0.09,0,,,81768406
125.49,FSM Enemy 1,FSM,PatrolState,None,1.00,68.8,0,0.09,0,,,81768406
125.49,FSM Enemy 7,FSM,PatrolState,None,1.00,29.0,0,0.09,24,,,81768406
125.49,FSM Enemy 2,FSM,PatrolState,None,1.00,68.4,0,0.09,0,,,81768406
125.49,FSM Enemy 15,FSM,PatrolState,None,1.00,27.8,0,0.09,24,,,81768406
125.49,FSM Enemy 6,FSM,PatrolState,None,1.00,46.5,0,0.09,0,,,81768406
125.49,FSM Enemy 11,FSM,PatrolState,None,1.00,46.7,0,0.09,0,,,81768406
125.49,FSM Enemy 9,FSM,PatrolState,None,1.00,7.9,0,0.09,8,,,81768406
125.49,FSM Enemy 8,FSM,PatrolState,None,1.00,8.0,0,0.09,0,,,81768406
125.49,Utility Enemy 4,Utility,PatrolAction,None,1.00,36.4,0,0.09,0,0.120,0.000,81768406
125.49,Utility Enemy 7,Utility,PatrolAction,None,1.00,51.0,0,0.09,0,0.120,0.000,81768406
125.49,Utility Enemy 8,Utility,PatrolAction,None,1.00,51.9,0,0.09,0,0.120,0.000,81768406
125.49,Utility Enemy 14,Utility,PatrolAction,None,1.00,26.3,0,0.09,8,0.120,0.000,81768406
125.49,Utility Enemy 5,Utility,PatrolAction,None,1.00,35.7,0,0.09,0,0.120,0.000,81768406
125.49,Utility Enemy 6,Utility,PatrolAction,None,1.00,23.9,0,0.09,0,0.120,0.000,81768406
125.49,Utility Enemy 9,Utility,PatrolAction,None,1.00,12.6,0,0.09,0,0.120,0.000,81768406
125.49,Utility Enemy 2,Utility,PatrolAction,None,1.00,14.1,0,0.09,0,0.120,0.000,81768406
125.49,Utility Enemy 1,Utility,Dead,None,0.00,5.5,0,0.09,0,0.820,0.750,81768406
125.49,Utility Enemy 13,Utility,PatrolAction,None,1.00,26.7,0,0.09,0,0.120,0.000,81768406
125.49,Utility Enemy 10,Utility,PatrolAction,None,1.00,51.8,0,0.09,16,0.120,0.000,81768406
125.49,Utility Enemy 15,Utility,PatrolAction,None,1.00,8.9,0,0.09,8,0.120,0.000,81768406
125.49,Utility Enemy 11,Utility,PatrolAction,None,1.00,44.2,0,0.09,0,0.120,0.000,81768406
125.49,Utility Enemy 3,Utility,PatrolAction,None,1.00,41.0,0,0.09,0,0.120,0.000,81768406
125.49,Utility Enemy 12,Utility,PatrolAction,None,1.00,9.2,0,0.09,48,0.120,0.000,81768406
126.49,Player,Player,-,None,0.09,,0,0.09,,,,81768406
126.49,FSM Enemy 13,FSM,PatrolState,None,1.00,44.8,0,0.09,0,,,81768406
126.49,FSM Enemy 10,FSM,PatrolState,None,1.00,44.1,0,0.09,0,,,81768406
126.49,FSM Enemy 14,FSM,PatrolState,None,1.00,55.1,0,0.09,0,,,81768406
126.49,FSM Enemy 4,FSM,PatrolState,None,1.00,33.5,0,0.09,0,,,81768406
126.49,FSM Enemy 12,FSM,PatrolState,None,1.00,42.7,0,0.09,0,,,81768406
126.49,FSM Enemy 3,FSM,PatrolState,None,1.00,56.1,0,0.09,0,,,81768406
126.49,FSM Enemy 5,FSM,PatrolState,None,1.00,48.2,0,0.09,0,,,81768406
126.49,FSM Enemy 1,FSM,PatrolState,None,1.00,70.3,0,0.09,0,,,81768406
126.49,FSM Enemy 7,FSM,PatrolState,None,1.00,30.3,0,0.09,24,,,81768406
126.49,FSM Enemy 2,FSM,PatrolState,None,1.00,67.7,0,0.09,0,,,81768406
126.49,FSM Enemy 15,FSM,Dead,None,0.00,30.1,0,0.09,24,,,81768406
126.49,FSM Enemy 6,FSM,PatrolState,None,1.00,44.1,0,0.09,0,,,81768406
126.49,FSM Enemy 11,FSM,PatrolState,None,1.00,49.1,0,0.09,0,,,81768406
126.49,FSM Enemy 9,FSM,PatrolState,None,1.00,10.3,0,0.09,8,,,81768406
126.49,FSM Enemy 8,FSM,PatrolState,None,1.00,10.4,0,0.09,0,,,81768406
126.49,Utility Enemy 4,Utility,PatrolAction,None,1.00,39.8,0,0.09,0,0.120,0.000,81768406
126.49,Utility Enemy 7,Utility,PatrolAction,None,1.00,51.2,0,0.09,0,0.120,0.000,81768406
126.49,Utility Enemy 8,Utility,PatrolAction,None,1.00,53.3,0,0.09,0,0.120,0.000,81768406
126.49,Utility Enemy 14,Utility,PatrolAction,None,1.00,29.2,0,0.09,8,0.120,0.000,81768406
126.49,Utility Enemy 5,Utility,PatrolAction,None,1.00,34.2,0,0.09,0,0.120,0.000,81768406
126.49,Utility Enemy 6,Utility,PatrolAction,None,1.00,22.5,0,0.09,0,0.120,0.000,81768406
126.49,Utility Enemy 9,Utility,PatrolAction,None,1.00,17.0,0,0.09,0,0.120,0.000,81768406
126.49,Utility Enemy 2,Utility,PatrolAction,None,1.00,17.8,0,0.09,0,0.120,0.000,81768406
126.49,Utility Enemy 1,Utility,Dead,None,0.00,5.5,0,0.09,0,0.820,0.750,81768406
126.49,Utility Enemy 13,Utility,PatrolAction,None,1.00,25.6,0,0.09,0,0.120,0.000,81768406
126.49,Utility Enemy 10,Utility,PatrolAction,None,1.00,53.4,0,0.09,16,0.120,0.000,81768406
126.49,Utility Enemy 15,Utility,PatrolAction,None,1.00,10.5,0,0.09,8,0.120,0.000,81768406
126.49,Utility Enemy 11,Utility,PatrolAction,None,1.00,44.8,0,0.09,0,0.120,0.000,81768406
126.49,Utility Enemy 3,Utility,PatrolAction,None,1.00,44.7,0,0.09,0,0.120,0.000,81768406
126.49,Utility Enemy 12,Utility,PatrolAction,None,1.00,7.1,0,0.09,48,0.120,0.000,81768406
127.49,Player,Player,-,EnemyDuplicate,0.09,,0,0.09,,,,81768406
127.49,FSM Enemy 13,FSM,AttackState,EnemyDuplicate,1.00,45.4,0,0.09,0,,,81768406
127.49,FSM Enemy 10,FSM,AttackState,EnemyDuplicate,1.00,43.7,0,0.09,0,,,81768406
127.49,FSM Enemy 14,FSM,AttackState,EnemyDuplicate,1.00,55.3,0,0.09,0,,,81768406
127.49,FSM Enemy 4,FSM,AttackState,EnemyDuplicate,1.00,34.1,0,0.09,0,,,81768406
127.49,FSM Enemy 12,FSM,AttackState,EnemyDuplicate,1.00,42.6,0,0.09,0,,,81768406
127.49,FSM Enemy 3,FSM,AttackState,EnemyDuplicate,1.00,56.7,0,0.09,0,,,81768406
127.49,FSM Enemy 5,FSM,AttackState,EnemyDuplicate,1.00,47.7,0,0.09,0,,,81768406
127.49,FSM Enemy 1,FSM,AttackState,EnemyDuplicate,1.00,70.8,0,0.09,0,,,81768406
127.49,FSM Enemy 7,FSM,AttackState,EnemyDuplicate,1.00,30.6,0,0.09,24,,,81768406
127.49,FSM Enemy 2,FSM,AttackState,EnemyDuplicate,1.00,67.6,0,0.09,0,,,81768406
127.49,FSM Enemy 15,FSM,Dead,EnemyDuplicate,0.00,30.1,0,0.09,24,,,81768406
127.49,FSM Enemy 6,FSM,AttackState,EnemyDuplicate,1.00,43.4,0,0.09,0,,,81768406
127.49,FSM Enemy 11,FSM,AttackState,EnemyDuplicate,1.00,49.8,0,0.09,0,,,81768406
127.49,FSM Enemy 9,FSM,AttackState,EnemyDuplicate,1.00,11.0,0,0.09,8,,,81768406
127.49,FSM Enemy 8,FSM,AttackState,EnemyDuplicate,1.00,11.0,0,0.09,0,,,81768406
127.49,Utility Enemy 4,Utility,RepositionAction,EnemyDuplicate,0.90,38.7,0,0.09,0,0.650,0.120,81768406
127.49,Utility Enemy 7,Utility,RepositionAction,EnemyDuplicate,1.00,51.1,0,0.09,0,0.650,0.120,81768406
127.49,Utility Enemy 8,Utility,RepositionAction,EnemyDuplicate,1.00,53.0,0,0.09,0,0.650,0.120,81768406
127.49,Utility Enemy 14,Utility,RepositionAction,EnemyDuplicate,1.00,33.2,0,0.09,8,0.650,0.120,81768406
127.49,Utility Enemy 5,Utility,RepositionAction,EnemyDuplicate,1.00,36.0,0,0.09,0,0.650,0.120,81768406
127.49,Utility Enemy 6,Utility,RepositionAction,EnemyDuplicate,1.00,21.7,0,0.09,0,0.650,0.120,81768406
127.49,Utility Enemy 9,Utility,RepositionAction,EnemyDuplicate,1.00,21.3,0,0.09,0,0.650,0.120,81768406
127.49,Utility Enemy 2,Utility,RepositionAction,EnemyDuplicate,1.00,20.6,0,0.09,0,0.650,0.120,81768406
127.49,Utility Enemy 1,Utility,Dead,EnemyDuplicate,0.00,5.5,0,0.09,0,0.820,0.750,81768406
127.49,Utility Enemy 13,Utility,RepositionAction,EnemyDuplicate,1.00,24.9,0,0.09,0,0.650,0.120,81768406
127.49,Utility Enemy 10,Utility,RepositionAction,EnemyDuplicate,0.90,53.9,0,0.09,16,0.650,0.120,81768406
127.49,Utility Enemy 15,Utility,RepositionAction,EnemyDuplicate,1.00,12.5,0,0.09,8,0.650,0.120,81768406
127.49,Utility Enemy 11,Utility,RepositionAction,EnemyDuplicate,1.00,45.2,0,0.09,0,0.650,0.120,81768406
127.49,Utility Enemy 3,Utility,RepositionAction,EnemyDuplicate,0.90,45.1,0,0.09,0,0.650,0.120,81768406
127.49,Utility Enemy 12,Utility,RepositionAction,EnemyDuplicate,1.00,7.9,0,0.09,48,0.650,0.120,81768406
128.50,Player,Player,-,EnemyDuplicate,0.09,,0,0.09,,,,81768406
128.50,FSM Enemy 13,FSM,AttackState,EnemyDuplicate,1.00,45.4,0,0.09,0,,,81768406
128.50,FSM Enemy 10,FSM,AttackState,EnemyDuplicate,1.00,43.7,0,0.09,0,,,81768406
128.50,FSM Enemy 14,FSM,AttackState,EnemyDuplicate,1.00,55.3,0,0.09,0,,,81768406
128.50,FSM Enemy 4,FSM,AttackState,EnemyDuplicate,1.00,34.1,0,0.09,0,,,81768406
128.50,FSM Enemy 12,FSM,AttackState,EnemyDuplicate,1.00,42.6,0,0.09,0,,,81768406
128.50,FSM Enemy 3,FSM,AttackState,EnemyDuplicate,1.00,56.7,0,0.09,0,,,81768406
128.50,FSM Enemy 5,FSM,AttackState,EnemyDuplicate,1.00,47.7,0,0.09,0,,,81768406
128.50,FSM Enemy 1,FSM,AttackState,EnemyDuplicate,1.00,70.8,0,0.09,0,,,81768406
128.50,FSM Enemy 7,FSM,AttackState,EnemyDuplicate,1.00,30.6,0,0.09,24,,,81768406
128.50,FSM Enemy 2,FSM,AttackState,EnemyDuplicate,1.00,67.6,0,0.09,0,,,81768406
128.50,FSM Enemy 15,FSM,Dead,EnemyDuplicate,0.00,30.1,0,0.09,24,,,81768406
128.50,FSM Enemy 6,FSM,AttackState,EnemyDuplicate,1.00,43.4,0,0.09,0,,,81768406
128.50,FSM Enemy 11,FSM,AttackState,EnemyDuplicate,1.00,49.8,0,0.09,0,,,81768406
128.50,FSM Enemy 9,FSM,AttackState,EnemyDuplicate,1.00,11.0,0,0.09,8,,,81768406
128.50,FSM Enemy 8,FSM,AttackState,EnemyDuplicate,1.00,11.0,0,0.09,0,,,81768406
128.50,Utility Enemy 4,Utility,RepositionAction,EnemyDuplicate,0.90,36.0,0,0.09,0,0.650,0.120,81768406
128.50,Utility Enemy 7,Utility,RepositionAction,EnemyDuplicate,1.00,48.4,0,0.09,0,0.650,0.120,81768406
128.50,Utility Enemy 8,Utility,RepositionAction,EnemyDuplicate,1.00,53.8,0,0.09,0,0.650,0.120,81768406
128.50,Utility Enemy 14,Utility,RepositionAction,EnemyDuplicate,1.00,35.9,0,0.09,8,0.650,0.120,81768406
128.50,Utility Enemy 5,Utility,RepositionAction,EnemyDuplicate,1.00,37.4,0,0.09,0,0.650,0.120,81768406
128.50,Utility Enemy 6,Utility,RepositionAction,EnemyDuplicate,1.00,25.0,0,0.09,0,0.650,0.120,81768406
128.50,Utility Enemy 9,Utility,RepositionAction,EnemyDuplicate,1.00,25.2,0,0.09,0,0.650,0.120,81768406
128.50,Utility Enemy 2,Utility,RepositionAction,EnemyDuplicate,1.00,24.5,0,0.09,0,0.650,0.120,81768406
128.50,Utility Enemy 1,Utility,Dead,EnemyDuplicate,0.00,5.5,0,0.09,0,0.820,0.750,81768406
128.50,Utility Enemy 13,Utility,RepositionAction,EnemyDuplicate,1.00,24.6,0,0.09,0,0.650,0.120,81768406
128.50,Utility Enemy 10,Utility,RepositionAction,EnemyDuplicate,0.90,52.2,0,0.09,16,0.650,0.120,81768406
128.50,Utility Enemy 15,Utility,RepositionAction,EnemyDuplicate,1.00,12.4,0,0.09,8,0.650,0.120,81768406
128.50,Utility Enemy 11,Utility,RepositionAction,EnemyDuplicate,1.00,45.0,0,0.09,0,0.650,0.120,81768406
128.50,Utility Enemy 3,Utility,RepositionAction,EnemyDuplicate,0.90,41.7,0,0.09,0,0.650,0.120,81768406
128.50,Utility Enemy 12,Utility,RepositionAction,EnemyDuplicate,1.00,7.3,0,0.09,48,0.650,0.120,81768406
129.50,Player,Player,-,EnemyDuplicate,0.09,,0,0.09,,,,81768406
129.50,FSM Enemy 13,FSM,AttackState,EnemyDuplicate,1.00,45.4,0,0.09,0,,,81768406
129.50,FSM Enemy 10,FSM,AttackState,EnemyDuplicate,1.00,43.7,0,0.09,0,,,81768406
129.50,FSM Enemy 14,FSM,AttackState,EnemyDuplicate,1.00,55.3,0,0.09,0,,,81768406
129.50,FSM Enemy 4,FSM,AttackState,EnemyDuplicate,1.00,34.1,0,0.09,0,,,81768406
129.50,FSM Enemy 12,FSM,AttackState,EnemyDuplicate,1.00,42.6,0,0.09,0,,,81768406
129.50,FSM Enemy 3,FSM,AttackState,EnemyDuplicate,1.00,56.7,0,0.09,0,,,81768406
129.50,FSM Enemy 5,FSM,AttackState,EnemyDuplicate,1.00,47.7,0,0.09,0,,,81768406
129.50,FSM Enemy 1,FSM,AttackState,EnemyDuplicate,1.00,70.8,0,0.09,0,,,81768406
129.50,FSM Enemy 7,FSM,AttackState,EnemyDuplicate,1.00,30.6,0,0.09,24,,,81768406
129.50,FSM Enemy 2,FSM,AttackState,EnemyDuplicate,1.00,67.6,0,0.09,0,,,81768406
129.50,FSM Enemy 15,FSM,Dead,EnemyDuplicate,0.00,30.1,0,0.09,24,,,81768406
129.50,FSM Enemy 6,FSM,AttackState,EnemyDuplicate,1.00,43.4,0,0.09,0,,,81768406
129.50,FSM Enemy 11,FSM,AttackState,EnemyDuplicate,1.00,49.8,0,0.09,0,,,81768406
129.50,FSM Enemy 9,FSM,AttackState,EnemyDuplicate,1.00,11.0,0,0.09,8,,,81768406
129.50,FSM Enemy 8,FSM,AttackState,EnemyDuplicate,1.00,11.0,0,0.09,0,,,81768406
129.50,Utility Enemy 4,Utility,RepositionAction,EnemyDuplicate,0.90,38.4,0,0.09,0,0.650,0.120,81768406
129.50,Utility Enemy 7,Utility,RepositionAction,EnemyDuplicate,1.00,51.2,0,0.09,0,0.650,0.120,81768406
129.50,Utility Enemy 8,Utility,RepositionAction,EnemyDuplicate,1.00,58.3,0,0.09,0,0.650,0.120,81768406
129.50,Utility Enemy 14,Utility,RepositionAction,EnemyDuplicate,1.00,39.0,0,0.09,8,0.650,0.120,81768406
129.50,Utility Enemy 5,Utility,RepositionAction,EnemyDuplicate,1.00,40.3,0,0.09,0,0.650,0.120,81768406
129.50,Utility Enemy 6,Utility,RepositionAction,EnemyDuplicate,1.00,29.4,0,0.09,0,0.650,0.120,81768406
129.50,Utility Enemy 9,Utility,RepositionAction,EnemyDuplicate,1.00,25.6,0,0.09,0,0.650,0.120,81768406
129.50,Utility Enemy 2,Utility,RepositionAction,EnemyDuplicate,1.00,23.6,0,0.09,0,0.650,0.120,81768406
129.50,Utility Enemy 1,Utility,Dead,EnemyDuplicate,0.00,5.5,0,0.09,0,0.820,0.750,81768406
129.50,Utility Enemy 13,Utility,RepositionAction,EnemyDuplicate,0.90,20.8,0,0.09,0,0.650,0.120,81768406
129.50,Utility Enemy 10,Utility,RepositionAction,EnemyDuplicate,0.90,53.7,0,0.09,16,0.650,0.120,81768406
129.50,Utility Enemy 15,Utility,RepositionAction,EnemyDuplicate,0.75,15.3,0,0.09,8,0.650,0.120,81768406
129.50,Utility Enemy 11,Utility,RepositionAction,EnemyDuplicate,1.00,48.4,0,0.09,0,0.650,0.120,81768406
129.50,Utility Enemy 3,Utility,RepositionAction,EnemyDuplicate,0.90,43.6,0,0.09,0,0.650,0.120,81768406
129.50,Utility Enemy 12,Utility,RepositionAction,EnemyDuplicate,1.00,8.4,0,0.09,48,0.650,0.120,81768406
130.50,Player,Player,-,EnemyDuplicate,0.09,,0,0.09,,,,81768406
130.50,FSM Enemy 13,FSM,AttackState,EnemyDuplicate,1.00,45.4,0,0.09,0,,,81768406
130.50,FSM Enemy 10,FSM,AttackState,EnemyDuplicate,1.00,43.7,0,0.09,0,,,81768406
130.50,FSM Enemy 14,FSM,AttackState,EnemyDuplicate,1.00,55.3,0,0.09,0,,,81768406
130.50,FSM Enemy 4,FSM,AttackState,EnemyDuplicate,1.00,34.1,0,0.09,0,,,81768406
130.50,FSM Enemy 12,FSM,AttackState,EnemyDuplicate,1.00,42.6,0,0.09,0,,,81768406
130.50,FSM Enemy 3,FSM,AttackState,EnemyDuplicate,1.00,56.7,0,0.09,0,,,81768406
130.50,FSM Enemy 5,FSM,AttackState,EnemyDuplicate,1.00,47.7,0,0.09,0,,,81768406
130.50,FSM Enemy 1,FSM,AttackState,EnemyDuplicate,1.00,70.8,0,0.09,0,,,81768406
130.50,FSM Enemy 7,FSM,AttackState,EnemyDuplicate,1.00,30.6,0,0.09,24,,,81768406
130.50,FSM Enemy 2,FSM,AttackState,EnemyDuplicate,1.00,67.6,0,0.09,0,,,81768406
130.50,FSM Enemy 15,FSM,Dead,EnemyDuplicate,0.00,30.1,0,0.09,24,,,81768406
130.50,FSM Enemy 6,FSM,AttackState,EnemyDuplicate,1.00,43.4,0,0.09,0,,,81768406
130.50,FSM Enemy 11,FSM,AttackState,EnemyDuplicate,1.00,49.8,0,0.09,0,,,81768406
130.50,FSM Enemy 9,FSM,AttackState,EnemyDuplicate,1.00,11.0,0,0.09,8,,,81768406
130.50,FSM Enemy 8,FSM,AttackState,EnemyDuplicate,1.00,11.0,0,0.09,0,,,81768406
130.50,Utility Enemy 4,Utility,RepositionAction,EnemyDuplicate,0.90,40.0,0,0.09,0,0.650,0.120,81768406
130.50,Utility Enemy 7,Utility,RepositionAction,EnemyDuplicate,1.00,50.2,0,0.09,0,0.650,0.120,81768406
130.50,Utility Enemy 8,Utility,RepositionAction,EnemyDuplicate,1.00,59.6,0,0.09,0,0.650,0.120,81768406
130.50,Utility Enemy 14,Utility,RepositionAction,EnemyDuplicate,1.00,40.4,0,0.09,8,0.650,0.120,81768406
130.50,Utility Enemy 5,Utility,RepositionAction,EnemyDuplicate,1.00,37.6,0,0.09,0,0.650,0.120,81768406
130.50,Utility Enemy 6,Utility,RepositionAction,EnemyDuplicate,1.00,32.1,0,0.09,0,0.650,0.120,81768406
130.50,Utility Enemy 9,Utility,RepositionAction,EnemyDuplicate,1.00,26.0,0,0.09,0,0.650,0.120,81768406
130.50,Utility Enemy 2,Utility,RepositionAction,EnemyDuplicate,1.00,24.6,0,0.09,0,0.650,0.120,81768406
130.50,Utility Enemy 1,Utility,Dead,EnemyDuplicate,0.00,5.5,0,0.09,0,0.820,0.750,81768406
130.50,Utility Enemy 13,Utility,RepositionAction,EnemyDuplicate,0.90,21.1,0,0.09,0,0.650,0.120,81768406
130.50,Utility Enemy 10,Utility,RepositionAction,EnemyDuplicate,0.80,53.3,0,0.09,16,0.650,0.120,81768406
130.50,Utility Enemy 15,Utility,Dead,EnemyDuplicate,0.00,17.7,0,0.09,8,0.650,0.120,81768406
130.50,Utility Enemy 11,Utility,RepositionAction,EnemyDuplicate,1.00,49.1,0,0.09,0,0.650,0.120,81768406
130.50,Utility Enemy 3,Utility,RepositionAction,EnemyDuplicate,0.90,42.0,0,0.09,0,0.650,0.120,81768406
130.50,Utility Enemy 12,Utility,RepositionAction,EnemyDuplicate,1.00,9.8,0,0.09,48,0.650,0.120,81768406
131.51,Player,Player,-,EnemyDuplicate,0.09,,0,0.09,,,,81768406
131.51,FSM Enemy 13,FSM,AttackState,EnemyDuplicate,1.00,45.4,0,0.09,0,,,81768406
131.51,FSM Enemy 10,FSM,AttackState,EnemyDuplicate,1.00,43.7,0,0.09,0,,,81768406
131.51,FSM Enemy 14,FSM,AttackState,EnemyDuplicate,1.00,55.3,0,0.09,0,,,81768406
131.51,FSM Enemy 4,FSM,AttackState,EnemyDuplicate,1.00,34.1,0,0.09,0,,,81768406
131.51,FSM Enemy 12,FSM,AttackState,EnemyDuplicate,1.00,42.6,0,0.09,0,,,81768406
131.51,FSM Enemy 3,FSM,AttackState,EnemyDuplicate,1.00,56.7,0,0.09,0,,,81768406
131.51,FSM Enemy 5,FSM,AttackState,EnemyDuplicate,1.00,47.7,0,0.09,0,,,81768406
131.51,FSM Enemy 1,FSM,AttackState,EnemyDuplicate,1.00,70.8,0,0.09,0,,,81768406
131.51,FSM Enemy 7,FSM,AttackState,EnemyDuplicate,1.00,30.6,0,0.09,24,,,81768406
131.51,FSM Enemy 2,FSM,AttackState,EnemyDuplicate,1.00,67.6,0,0.09,0,,,81768406
131.51,FSM Enemy 15,FSM,Dead,EnemyDuplicate,0.00,30.1,0,0.09,24,,,81768406
131.51,FSM Enemy 6,FSM,AttackState,EnemyDuplicate,1.00,43.4,0,0.09,0,,,81768406
131.51,FSM Enemy 11,FSM,AttackState,EnemyDuplicate,1.00,49.8,0,0.09,0,,,81768406
131.51,FSM Enemy 9,FSM,AttackState,EnemyDuplicate,1.00,11.0,0,0.09,8,,,81768406
131.51,FSM Enemy 8,FSM,AttackState,EnemyDuplicate,1.00,11.0,0,0.09,0,,,81768406
131.51,Utility Enemy 4,Utility,RepositionAction,EnemyDuplicate,0.90,42.8,0,0.09,0,0.650,0.120,81768406
131.51,Utility Enemy 7,Utility,RepositionAction,EnemyDuplicate,1.00,47.1,0,0.09,0,0.650,0.120,81768406
131.51,Utility Enemy 8,Utility,RepositionAction,EnemyDuplicate,1.00,61.7,0,0.09,0,0.650,0.120,81768406
131.51,Utility Enemy 14,Utility,RepositionAction,EnemyDuplicate,1.00,36.6,0,0.09,8,0.650,0.120,81768406
131.51,Utility Enemy 5,Utility,RepositionAction,EnemyDuplicate,1.00,35.6,0,0.09,0,0.650,0.120,81768406
131.51,Utility Enemy 6,Utility,RepositionAction,EnemyDuplicate,1.00,33.2,0,0.09,0,0.650,0.120,81768406
131.51,Utility Enemy 9,Utility,RepositionAction,EnemyDuplicate,1.00,23.5,0,0.09,0,0.650,0.120,81768406
131.51,Utility Enemy 2,Utility,RepositionAction,EnemyDuplicate,1.00,28.2,0,0.09,0,0.650,0.120,81768406
131.51,Utility Enemy 1,Utility,Dead,EnemyDuplicate,0.00,5.5,0,0.09,0,0.820,0.750,81768406
131.51,Utility Enemy 13,Utility,RepositionAction,EnemyDuplicate,0.90,23.9,0,0.09,0,0.650,0.120,81768406
131.51,Utility Enemy 10,Utility,RepositionAction,EnemyDuplicate,0.70,50.1,0,0.09,16,0.650,0.120,81768406
131.51,Utility Enemy 15,Utility,Dead,EnemyDuplicate,0.00,17.7,0,0.09,8,0.650,0.120,81768406
131.51,Utility Enemy 11,Utility,RepositionAction,EnemyDuplicate,1.00,46.0,0,0.09,0,0.650,0.120,81768406
131.51,Utility Enemy 3,Utility,RepositionAction,EnemyDuplicate,0.90,41.2,0,0.09,0,0.650,0.120,81768406
131.51,Utility Enemy 12,Utility,RepositionAction,EnemyDuplicate,0.75,8.5,0,0.09,48,0.650,0.120,81768406
132.51,Player,Player,-,GravityFlip,0.09,,0,0.09,,,,81768406
132.51,FSM Enemy 13,FSM,TakeCoverState,GravityFlip,1.00,43.7,0,0.09,0,,,81768406
132.51,FSM Enemy 10,FSM,TakeCoverState,GravityFlip,1.00,44.1,0,0.09,0,,,81768406
132.51,FSM Enemy 14,FSM,TakeCoverState,GravityFlip,1.00,55.4,0,0.09,0,,,81768406
132.51,FSM Enemy 4,FSM,TakeCoverState,GravityFlip,1.00,33.1,0,0.09,0,,,81768406
132.51,FSM Enemy 12,FSM,TakeCoverState,GravityFlip,1.00,42.8,0,0.09,0,,,81768406
132.51,FSM Enemy 3,FSM,TakeCoverState,GravityFlip,1.00,54.7,0,0.09,0,,,81768406
132.51,FSM Enemy 5,FSM,TakeCoverState,GravityFlip,1.00,47.9,0,0.09,0,,,81768406
132.51,FSM Enemy 1,FSM,TakeCoverState,GravityFlip,1.00,69.1,0,0.09,0,,,81768406
132.51,FSM Enemy 7,FSM,TakeCoverState,GravityFlip,1.00,32.3,0,0.09,24,,,81768406
132.51,FSM Enemy 2,FSM,TakeCoverState,GravityFlip,1.00,67.2,0,0.09,0,,,81768406
132.51,FSM Enemy 15,FSM,Dead,GravityFlip,0.00,30.1,0,0.09,24,,,81768406
132.51,FSM Enemy 6,FSM,TakeCoverState,GravityFlip,1.00,41.4,0,0.09,0,,,81768406
132.51,FSM Enemy 11,FSM,TakeCoverState,GravityFlip,1.00,49.5,0,0.09,0,,,81768406
132.51,FSM Enemy 9,FSM,TakeCoverState,GravityFlip,1.00,11.4,0,0.09,8,,,81768406
132.51,FSM Enemy 8,FSM,TakeCoverState,GravityFlip,1.00,12.1,0,0.09,0,,,81768406
132.51,Utility Enemy 4,Utility,TakeCoverAction,GravityFlip,0.90,41.0,0,0.09,0,0.820,0.750,81768406
132.51,Utility Enemy 7,Utility,TakeCoverAction,GravityFlip,1.00,43.0,0,0.09,0,0.820,0.750,81768406
132.51,Utility Enemy 8,Utility,TakeCoverAction,GravityFlip,1.00,63.9,0,0.09,0,0.820,0.750,81768406
132.51,Utility Enemy 14,Utility,TakeCoverAction,GravityFlip,1.00,34.0,0,0.09,8,0.820,0.750,81768406
132.51,Utility Enemy 5,Utility,TakeCoverAction,GravityFlip,1.00,32.5,0,0.09,0,0.820,0.750,81768406
132.51,Utility Enemy 6,Utility,TakeCoverAction,GravityFlip,1.00,33.1,0,0.09,0,0.820,0.750,81768406
132.51,Utility Enemy 9,Utility,TakeCoverAction,GravityFlip,1.00,25.7,0,0.09,0,0.820,0.750,81768406
132.51,Utility Enemy 2,Utility,TakeCoverAction,GravityFlip,1.00,30.7,0,0.09,0,0.820,0.750,81768406
132.51,Utility Enemy 1,Utility,Dead,GravityFlip,0.00,5.5,0,0.09,0,0.820,0.750,81768406
132.51,Utility Enemy 13,Utility,TakeCoverAction,GravityFlip,0.90,26.8,0,0.09,0,0.820,0.750,81768406
132.51,Utility Enemy 10,Utility,TakeCoverAction,GravityFlip,0.70,50.5,0,0.09,16,0.820,0.750,81768406
132.51,Utility Enemy 15,Utility,Dead,GravityFlip,0.00,17.7,0,0.09,8,0.650,0.120,81768406
132.51,Utility Enemy 11,Utility,TakeCoverAction,GravityFlip,1.00,46.2,0,0.09,0,0.820,0.750,81768406
132.51,Utility Enemy 3,Utility,TakeCoverAction,GravityFlip,0.90,41.2,0,0.09,0,0.820,0.750,81768406
132.51,Utility Enemy 12,Utility,TakeCoverAction,GravityFlip,0.75,6.9,0,0.09,48,0.820,0.750,81768406
133.51,Player,Player,-,GravityFlip,0.09,,0,0.09,,,,81768406
133.51,FSM Enemy 13,FSM,TakeCoverState,GravityFlip,1.00,40.4,0,0.09,0,,,81768406
133.51,FSM Enemy 10,FSM,TakeCoverState,GravityFlip,1.00,41.1,0,0.09,0,,,81768406
133.51,FSM Enemy 14,FSM,TakeCoverState,GravityFlip,1.00,56.0,0,0.09,0,,,81768406
133.51,FSM Enemy 4,FSM,TakeCoverState,GravityFlip,1.00,33.1,0,0.09,0,,,81768406
133.51,FSM Enemy 12,FSM,TakeCoverState,GravityFlip,1.00,45.4,0,0.09,0,,,81768406
133.51,FSM Enemy 3,FSM,TakeCoverState,GravityFlip,1.00,53.4,0,0.09,0,,,81768406
133.51,FSM Enemy 5,FSM,TakeCoverState,GravityFlip,1.00,48.8,0,0.09,0,,,81768406
133.51,FSM Enemy 1,FSM,TakeCoverState,GravityFlip,1.00,68.8,0,0.09,0,,,81768406
133.51,FSM Enemy 7,FSM,TakeCoverState,GravityFlip,1.00,33.4,0,0.09,24,,,81768406
133.51,FSM Enemy 2,FSM,TakeCoverState,GravityFlip,1.00,67.2,0,0.09,0,,,81768406
133.51,FSM Enemy 15,FSM,Dead,GravityFlip,0.00,30.1,0,0.09,24,,,81768406
133.51,FSM Enemy 6,FSM,TakeCoverState,GravityFlip,1.00,37.4,0,0.09,0,,,81768406
133.51,FSM Enemy 11,FSM,TakeCoverState,GravityFlip,1.00,45.8,0,0.09,0,,,81768406
133.51,FSM Enemy 9,FSM,TakeCoverState,GravityFlip,1.00,12.2,0,0.09,8,,,81768406
133.51,FSM Enemy 8,FSM,TakeCoverState,GravityFlip,1.00,8.1,0,0.09,0,,,81768406
133.51,Utility Enemy 4,Utility,TakeCoverAction,GravityFlip,0.90,40.5,0,0.09,0,0.820,0.750,81768406
133.51,Utility Enemy 7,Utility,TakeCoverAction,GravityFlip,1.00,43.0,0,0.09,0,0.820,0.750,81768406
133.51,Utility Enemy 8,Utility,TakeCoverAction,GravityFlip,1.00,63.9,0,0.09,0,0.820,0.750,81768406
133.51,Utility Enemy 14,Utility,TakeCoverAction,GravityFlip,1.00,34.3,0,0.09,8,0.820,0.750,81768406
133.51,Utility Enemy 5,Utility,TakeCoverAction,GravityFlip,1.00,32.1,0,0.09,0,0.820,0.750,81768406
133.51,Utility Enemy 6,Utility,TakeCoverAction,GravityFlip,1.00,29.6,0,0.09,0,0.820,0.750,81768406
133.51,Utility Enemy 9,Utility,TakeCoverAction,GravityFlip,1.00,23.9,0,0.09,0,0.820,0.750,81768406
133.51,Utility Enemy 2,Utility,TakeCoverAction,GravityFlip,1.00,28.9,0,0.09,0,0.820,0.750,81768406
133.51,Utility Enemy 1,Utility,Dead,GravityFlip,0.00,5.5,0,0.09,0,0.820,0.750,81768406
133.51,Utility Enemy 13,Utility,TakeCoverAction,GravityFlip,0.90,27.0,0,0.09,0,0.820,0.750,81768406
133.51,Utility Enemy 10,Utility,TakeCoverAction,GravityFlip,0.70,50.7,0,0.09,16,0.820,0.750,81768406
133.51,Utility Enemy 15,Utility,Dead,GravityFlip,0.00,17.7,0,0.09,8,0.650,0.120,81768406
133.51,Utility Enemy 11,Utility,TakeCoverAction,GravityFlip,1.00,43.9,0,0.09,0,0.820,0.750,81768406
133.51,Utility Enemy 3,Utility,TakeCoverAction,GravityFlip,0.90,41.4,0,0.09,0,0.820,0.750,81768406
133.51,Utility Enemy 12,Utility,TakeCoverAction,GravityFlip,0.75,5.9,0,0.09,48,0.820,0.750,81768406
134.51,Player,Player,-,GravityFlip,0.09,,0,0.09,,,,81768406
134.51,FSM Enemy 13,FSM,TakeCoverState,GravityFlip,1.00,40.3,0,0.09,0,,,81768406
134.51,FSM Enemy 10,FSM,TakeCoverState,GravityFlip,1.00,40.2,0,0.09,0,,,81768406
134.51,FSM Enemy 14,FSM,TakeCoverState,GravityFlip,1.00,56.1,0,0.09,0,,,81768406
134.51,FSM Enemy 4,FSM,TakeCoverState,GravityFlip,1.00,33.1,0,0.09,0,,,81768406
134.51,FSM Enemy 12,FSM,TakeCoverState,GravityFlip,1.00,45.5,0,0.09,0,,,81768406
134.51,FSM Enemy 3,FSM,TakeCoverState,GravityFlip,1.00,53.4,0,0.09,0,,,81768406
134.51,FSM Enemy 5,FSM,TakeCoverState,GravityFlip,1.00,48.8,0,0.09,0,,,81768406
134.51,FSM Enemy 1,FSM,TakeCoverState,GravityFlip,1.00,68.8,0,0.09,0,,,81768406
134.51,FSM Enemy 7,FSM,TakeCoverState,GravityFlip,1.00,33.7,0,0.09,24,,,81768406
134.51,FSM Enemy 2,FSM,TakeCoverState,GravityFlip,1.00,67.2,0,0.09,0,,,81768406
134.51,FSM Enemy 15,FSM,Dead,GravityFlip,0.00,30.1,0,0.09,24,,,81768406
134.51,FSM Enemy 6,FSM,TakeCoverState,GravityFlip,1.00,35.0,0,0.09,0,,,81768406
134.51,FSM Enemy 11,FSM,TakeCoverState,GravityFlip,1.00,43.0,0,0.09,0,,,81768406
134.51,FSM Enemy 9,FSM,TakeCoverState,GravityFlip,1.00,12.2,0,0.09,8,,,81768406
134.51,FSM Enemy 8,FSM,TakeCoverState,GravityFlip,1.00,7.0,0,0.09,0,,,81768406
134.51,Utility Enemy 4,Utility,TakeCoverAction,GravityFlip,0.90,40.4,0,0.09,0,0.820,0.750,81768406
134.51,Utility Enemy 7,Utility,TakeCoverAction,GravityFlip,1.00,43.0,0,0.09,0,0.820,0.750,81768406
134.51,Utility Enemy 8,Utility,TakeCoverAction,GravityFlip,1.00,63.9,0,0.09,0,0.820,0.750,81768406
134.51,Utility Enemy 14,Utility,TakeCoverAction,GravityFlip,1.00,34.3,0,0.09,8,0.820,0.750,81768406
134.51,Utility Enemy 5,Utility,TakeCoverAction,GravityFlip,1.00,32.1,0,0.09,0,0.820,0.750,81768406
134.51,Utility Enemy 6,Utility,TakeCoverAction,GravityFlip,1.00,28.6,0,0.09,0,0.820,0.750,81768406
134.51,Utility Enemy 9,Utility,TakeCoverAction,GravityFlip,1.00,23.9,0,0.09,0,0.820,0.750,81768406
134.51,Utility Enemy 2,Utility,TakeCoverAction,GravityFlip,1.00,28.9,0,0.09,0,0.820,0.750,81768406
134.51,Utility Enemy 1,Utility,Dead,GravityFlip,0.00,5.5,0,0.09,0,0.820,0.750,81768406
134.51,Utility Enemy 13,Utility,TakeCoverAction,GravityFlip,0.90,27.0,0,0.09,0,0.820,0.750,81768406
134.51,Utility Enemy 10,Utility,TakeCoverAction,GravityFlip,0.70,50.7,0,0.09,16,0.820,0.750,81768406
134.51,Utility Enemy 15,Utility,Dead,GravityFlip,0.00,17.7,0,0.09,8,0.650,0.120,81768406
134.51,Utility Enemy 11,Utility,TakeCoverAction,GravityFlip,1.00,41.8,0,0.09,0,0.820,0.750,81768406
134.51,Utility Enemy 3,Utility,TakeCoverAction,GravityFlip,0.90,41.4,0,0.09,0,0.820,0.750,81768406
134.51,Utility Enemy 12,Utility,TakeCoverAction,GravityFlip,0.75,5.9,0,0.09,48,0.820,0.750,81768406
135.52,Player,Player,-,GravityFlip,0.09,,0,0.09,,,,81768406
135.52,FSM Enemy 13,FSM,TakeCoverState,GravityFlip,1.00,40.3,0,0.09,0,,,81768406
135.52,FSM Enemy 10,FSM,TakeCoverState,GravityFlip,1.00,40.2,0,0.09,0,,,81768406
135.52,FSM Enemy 14,FSM,TakeCoverState,GravityFlip,1.00,56.1,0,0.09,0,,,81768406
135.52,FSM Enemy 4,FSM,TakeCoverState,GravityFlip,1.00,33.1,0,0.09,0,,,81768406
135.52,FSM Enemy 12,FSM,TakeCoverState,GravityFlip,1.00,45.5,0,0.09,0,,,81768406
135.52,FSM Enemy 3,FSM,TakeCoverState,GravityFlip,1.00,53.4,0,0.09,0,,,81768406
135.52,FSM Enemy 5,FSM,TakeCoverState,GravityFlip,1.00,48.8,0,0.09,0,,,81768406
135.52,FSM Enemy 1,FSM,TakeCoverState,GravityFlip,1.00,68.8,0,0.09,0,,,81768406
135.52,FSM Enemy 7,FSM,TakeCoverState,GravityFlip,1.00,33.7,0,0.09,24,,,81768406
135.52,FSM Enemy 2,FSM,TakeCoverState,GravityFlip,1.00,67.2,0,0.09,0,,,81768406
135.52,FSM Enemy 15,FSM,Dead,GravityFlip,0.00,30.1,0,0.09,24,,,81768406
135.52,FSM Enemy 6,FSM,TakeCoverState,GravityFlip,1.00,35.0,0,0.09,0,,,81768406
135.52,FSM Enemy 11,FSM,TakeCoverState,GravityFlip,1.00,43.0,0,0.09,0,,,81768406
135.52,FSM Enemy 9,FSM,TakeCoverState,GravityFlip,1.00,12.2,0,0.09,8,,,81768406
135.52,FSM Enemy 8,FSM,TakeCoverState,GravityFlip,1.00,7.0,0,0.09,0,,,81768406
135.52,Utility Enemy 4,Utility,TakeCoverAction,GravityFlip,0.90,40.5,0,0.09,0,0.820,0.750,81768406
135.52,Utility Enemy 7,Utility,TakeCoverAction,GravityFlip,1.00,43.0,0,0.09,0,0.820,0.750,81768406
135.52,Utility Enemy 8,Utility,TakeCoverAction,GravityFlip,1.00,63.9,0,0.09,0,0.820,0.750,81768406
135.52,Utility Enemy 14,Utility,TakeCoverAction,GravityFlip,1.00,34.3,0,0.09,8,0.820,0.750,81768406
135.52,Utility Enemy 5,Utility,TakeCoverAction,GravityFlip,1.00,32.1,0,0.09,0,0.820,0.750,81768406
135.52,Utility Enemy 6,Utility,TakeCoverAction,GravityFlip,1.00,28.6,0,0.09,0,0.820,0.750,81768406
135.52,Utility Enemy 9,Utility,TakeCoverAction,GravityFlip,1.00,24.0,0,0.09,0,0.820,0.750,81768406
135.52,Utility Enemy 2,Utility,TakeCoverAction,GravityFlip,1.00,29.0,0,0.09,0,0.820,0.750,81768406
135.52,Utility Enemy 1,Utility,Dead,GravityFlip,0.00,5.6,0,0.09,0,0.820,0.750,81768406
135.52,Utility Enemy 13,Utility,TakeCoverAction,GravityFlip,0.90,27.0,0,0.09,0,0.820,0.750,81768406
135.52,Utility Enemy 10,Utility,TakeCoverAction,GravityFlip,0.70,50.7,0,0.09,16,0.820,0.750,81768406
135.52,Utility Enemy 15,Utility,Dead,GravityFlip,0.00,17.7,0,0.09,8,0.650,0.120,81768406
135.52,Utility Enemy 11,Utility,TakeCoverAction,GravityFlip,1.00,41.8,0,0.09,0,0.820,0.750,81768406
135.52,Utility Enemy 3,Utility,TakeCoverAction,GravityFlip,0.90,41.4,0,0.09,0,0.820,0.750,81768406
135.52,Utility Enemy 12,Utility,TakeCoverAction,GravityFlip,0.75,6.0,0,0.09,48,0.820,0.750,81768406
136.52,Player,Player,-,GravityFlip,0.09,,0,0.09,,,,81768406
136.52,FSM Enemy 13,FSM,TakeCoverState,GravityFlip,1.00,40.3,0,0.09,0,,,81768406
136.52,FSM Enemy 10,FSM,TakeCoverState,GravityFlip,1.00,40.2,0,0.09,0,,,81768406
136.52,FSM Enemy 14,FSM,TakeCoverState,GravityFlip,1.00,56.1,0,0.09,0,,,81768406
136.52,FSM Enemy 4,FSM,TakeCoverState,GravityFlip,1.00,33.1,0,0.09,0,,,81768406
136.52,FSM Enemy 12,FSM,TakeCoverState,GravityFlip,1.00,45.5,0,0.09,0,,,81768406
136.52,FSM Enemy 3,FSM,TakeCoverState,GravityFlip,1.00,53.4,0,0.09,0,,,81768406
136.52,FSM Enemy 5,FSM,TakeCoverState,GravityFlip,1.00,48.9,0,0.09,0,,,81768406
136.52,FSM Enemy 1,FSM,TakeCoverState,GravityFlip,1.00,68.8,0,0.09,0,,,81768406
136.52,FSM Enemy 7,FSM,TakeCoverState,GravityFlip,1.00,33.7,0,0.09,24,,,81768406
136.52,FSM Enemy 2,FSM,TakeCoverState,GravityFlip,1.00,67.2,0,0.09,0,,,81768406
136.52,FSM Enemy 15,FSM,Dead,GravityFlip,0.00,30.1,0,0.09,24,,,81768406
136.52,FSM Enemy 6,FSM,TakeCoverState,GravityFlip,1.00,35.0,0,0.09,0,,,81768406
136.52,FSM Enemy 11,FSM,TakeCoverState,GravityFlip,1.00,43.0,0,0.09,0,,,81768406
136.52,FSM Enemy 9,FSM,TakeCoverState,GravityFlip,1.00,12.2,0,0.09,8,,,81768406
136.52,FSM Enemy 8,FSM,TakeCoverState,GravityFlip,1.00,7.0,0,0.09,0,,,81768406
136.52,Utility Enemy 4,Utility,TakeCoverAction,GravityFlip,0.90,40.5,0,0.09,0,0.820,0.750,81768406
136.52,Utility Enemy 7,Utility,TakeCoverAction,GravityFlip,1.00,43.0,0,0.09,0,0.820,0.750,81768406
136.52,Utility Enemy 8,Utility,TakeCoverAction,GravityFlip,1.00,63.9,0,0.09,0,0.820,0.750,81768406
136.52,Utility Enemy 14,Utility,TakeCoverAction,GravityFlip,1.00,34.3,0,0.09,8,0.820,0.750,81768406
136.52,Utility Enemy 5,Utility,TakeCoverAction,GravityFlip,1.00,32.1,0,0.09,0,0.820,0.750,81768406
136.52,Utility Enemy 6,Utility,TakeCoverAction,GravityFlip,1.00,28.6,0,0.09,0,0.820,0.750,81768406
136.52,Utility Enemy 9,Utility,TakeCoverAction,GravityFlip,1.00,24.0,0,0.09,0,0.820,0.750,81768406
136.52,Utility Enemy 2,Utility,TakeCoverAction,GravityFlip,1.00,29.0,0,0.09,0,0.820,0.750,81768406
136.52,Utility Enemy 1,Utility,Dead,GravityFlip,0.00,5.6,0,0.09,0,0.820,0.750,81768406
136.52,Utility Enemy 13,Utility,TakeCoverAction,GravityFlip,0.90,27.1,0,0.09,0,0.820,0.750,81768406
136.52,Utility Enemy 10,Utility,TakeCoverAction,GravityFlip,0.70,50.7,0,0.09,16,0.820,0.750,81768406
136.52,Utility Enemy 15,Utility,Dead,GravityFlip,0.00,17.7,0,0.09,8,0.650,0.120,81768406
136.52,Utility Enemy 11,Utility,TakeCoverAction,GravityFlip,1.00,41.8,0,0.09,0,0.820,0.750,81768406
136.52,Utility Enemy 3,Utility,TakeCoverAction,GravityFlip,0.90,41.4,0,0.09,0,0.820,0.750,81768406
136.52,Utility Enemy 12,Utility,TakeCoverAction,GravityFlip,0.75,6.0,0,0.09,48,0.820,0.750,81768406
137.52,Player,Player,-,None,0.09,,0,0.09,,,,81768406
137.52,FSM Enemy 13,FSM,PatrolState,None,1.00,39.9,0,0.09,0,,,81768406
137.52,FSM Enemy 10,FSM,PatrolState,None,1.00,40.6,0,0.09,0,,,81768406
137.52,FSM Enemy 14,FSM,PatrolState,None,1.00,56.2,0,0.09,0,,,81768406
137.52,FSM Enemy 4,FSM,PatrolState,None,1.00,33.0,0,0.09,0,,,81768406
137.52,FSM Enemy 12,FSM,PatrolState,None,1.00,45.1,0,0.09,0,,,81768406
137.52,FSM Enemy 3,FSM,PatrolState,None,1.00,53.8,0,0.09,0,,,81768406
137.52,FSM Enemy 5,FSM,PatrolState,None,1.00,48.5,0,0.09,0,,,81768406
137.52,FSM Enemy 1,FSM,PatrolState,None,1.00,69.2,0,0.09,0,,,81768406
137.52,FSM Enemy 7,FSM,PatrolState,None,1.00,33.6,0,0.09,24,,,81768406
137.52,FSM Enemy 2,FSM,PatrolState,None,1.00,66.9,0,0.09,0,,,81768406
137.52,FSM Enemy 15,FSM,Dead,None,0.00,30.1,0,0.09,24,,,81768406
137.52,FSM Enemy 6,FSM,PatrolState,None,1.00,34.6,0,0.09,0,,,81768406
137.52,FSM Enemy 11,FSM,PatrolState,None,1.00,43.1,0,0.09,0,,,81768406
137.52,FSM Enemy 9,FSM,PatrolState,None,1.00,12.7,0,0.09,8,,,81768406
137.52,FSM Enemy 8,FSM,PatrolState,None,1.00,7.4,0,0.09,0,,,81768406
137.52,Utility Enemy 4,Utility,PatrolAction,None,0.90,40.6,0,0.09,0,0.120,0.000,81768406
137.52,Utility Enemy 7,Utility,PatrolAction,None,1.00,42.8,0,0.09,0,0.120,0.000,81768406
137.52,Utility Enemy 8,Utility,PatrolAction,None,1.00,64.1,0,0.09,0,0.120,0.000,81768406
137.52,Utility Enemy 14,Utility,PatrolAction,None,1.00,34.3,0,0.09,8,0.120,0.000,81768406
137.52,Utility Enemy 5,Utility,PatrolAction,None,1.00,32.2,0,0.09,0,0.120,0.000,81768406
137.52,Utility Enemy 6,Utility,PatrolAction,None,1.00,28.7,0,0.09,0,0.120,0.000,81768406
137.52,Utility Enemy 9,Utility,PatrolAction,None,1.00,23.7,0,0.09,0,0.120,0.000,81768406
137.52,Utility Enemy 2,Utility,PatrolAction,None,1.00,28.9,0,0.09,0,0.120,0.000,81768406
137.52,Utility Enemy 1,Utility,Dead,None,0.00,5.5,0,0.09,0,0.820,0.750,81768406
137.52,Utility Enemy 13,Utility,PatrolAction,None,0.90,27.0,0,0.09,0,0.120,0.000,81768406
137.52,Utility Enemy 10,Utility,PatrolAction,None,0.70,50.6,0,0.09,16,0.120,0.000,81768406
137.52,Utility Enemy 15,Utility,Dead,None,0.00,17.7,0,0.09,8,0.650,0.120,81768406
137.52,Utility Enemy 11,Utility,PatrolAction,None,1.00,41.7,0,0.09,0,0.120,0.000,81768406
137.52,Utility Enemy 3,Utility,PatrolAction,None,0.90,41.2,0,0.09,0,0.120,0.000,81768406
137.52,Utility Enemy 12,Utility,PatrolAction,None,0.75,6.0,0,0.09,48,0.120,0.000,81768406
138.53,Player,Player,-,None,0.09,,0,0.09,,,,81768406
138.53,FSM Enemy 13,FSM,PatrolState,None,1.00,37.6,0,0.09,0,,,81768406
138.53,FSM Enemy 10,FSM,PatrolState,None,1.00,42.9,0,0.09,0,,,81768406
138.53,FSM Enemy 14,FSM,PatrolState,None,1.00,56.9,0,0.09,0,,,81768406
138.53,FSM Enemy 4,FSM,PatrolState,None,1.00,32.6,0,0.09,0,,,81768406
138.53,FSM Enemy 12,FSM,PatrolState,None,1.00,43.3,0,0.09,0,,,81768406
138.53,FSM Enemy 3,FSM,PatrolState,None,1.00,56.1,0,0.09,0,,,81768406
138.53,FSM Enemy 5,FSM,PatrolState,None,1.00,48.2,0,0.09,0,,,81768406
138.53,FSM Enemy 1,FSM,PatrolState,None,1.00,71.4,0,0.09,0,,,81768406
138.53,FSM Enemy 7,FSM,PatrolState,None,1.00,33.6,0,0.09,24,,,81768406
138.53,FSM Enemy 2,FSM,PatrolState,None,1.00,65.1,0,0.09,0,,,81768406
138.53,FSM Enemy 15,FSM,Dead,None,0.00,30.1,0,0.09,24,,,81768406
138.53,FSM Enemy 6,FSM,PatrolState,None,1.00,32.2,0,0.09,0,,,81768406
138.53,FSM Enemy 11,FSM,PatrolState,None,1.00,44.2,0,0.09,0,,,81768406
138.53,FSM Enemy 9,FSM,PatrolState,None,1.00,15.1,0,0.09,8,,,81768406
138.53,FSM Enemy 8,FSM,PatrolState,None,1.00,9.7,0,0.09,0,,,81768406
138.53,Utility Enemy 4,Utility,PatrolAction,None,0.90,42.9,0,0.09,0,0.120,0.000,81768406
138.53,Utility Enemy 7,Utility,PatrolAction,None,1.00,40.2,0,0.09,0,0.120,0.000,81768406
138.53,Utility Enemy 8,Utility,PatrolAction,None,1.00,68.0,0,0.09,0,0.120,0.000,81768406
138.53,Utility Enemy 14,Utility,PatrolAction,None,1.00,35.6,0,0.09,8,0.120,0.000,81768406
138.53,Utility Enemy 5,Utility,PatrolAction,None,1.00,32.8,0,0.09,0,0.120,0.000,81768406
138.53,Utility Enemy 6,Utility,PatrolAction,None,1.00,32.0,0,0.09,0,0.120,0.000,81768406
138.53,Utility Enemy 9,Utility,PatrolAction,None,1.00,19.5,0,0.09,0,0.120,0.000,81768406
138.53,Utility Enemy 2,Utility,PatrolAction,None,1.00,27.4,0,0.09,0,0.120,0.000,81768406
138.53,Utility Enemy 1,Utility,Dead,None,0.00,5.5,0,0.09,0,0.820,0.750,81768406
138.53,Utility Enemy 13,Utility,PatrolAction,None,0.90,25.9,0,0.09,0,0.120,0.000,81768406
138.53,Utility Enemy 10,Utility,PatrolAction,None,0.70,47.7,0,0.09,16,0.120,0.000,81768406
138.53,Utility Enemy 15,Utility,Dead,None,0.00,17.7,0,0.09,8,0.650,0.120,81768406
138.53,Utility Enemy 11,Utility,PatrolAction,None,1.00,38.3,0,0.09,0,0.120,0.000,81768406
138.53,Utility Enemy 3,Utility,PatrolAction,None,0.90,36.9,0,0.09,0,0.120,0.000,81768406
138.53,Utility Enemy 12,Utility,PatrolAction,None,0.75,8.2,0,0.09,48,0.120,0.000,81768406
139.53,Player,Player,-,None,0.09,,0,0.09,,,,81768406
139.53,FSM Enemy 13,FSM,PatrolState,None,1.00,38.1,0,0.09,0,,,81768406
139.53,FSM Enemy 10,FSM,PatrolState,None,1.00,45.3,0,0.09,0,,,81768406
139.53,FSM Enemy 14,FSM,PatrolState,None,1.00,57.3,0,0.09,0,,,81768406
139.53,FSM Enemy 4,FSM,PatrolState,None,1.00,33.7,0,0.09,0,,,81768406
139.53,FSM Enemy 12,FSM,PatrolState,None,1.00,43.4,0,0.09,0,,,81768406
139.53,FSM Enemy 3,FSM,PatrolState,None,1.00,58.4,0,0.09,0,,,81768406
139.53,FSM Enemy 5,FSM,PatrolState,None,1.00,49.1,0,0.09,0,,,81768406
139.53,FSM Enemy 1,FSM,PatrolState,None,1.00,72.9,0,0.09,0,,,81768406
139.53,FSM Enemy 7,FSM,PatrolState,None,1.00,32.1,0,0.09,24,,,81768406
139.53,FSM Enemy 2,FSM,PatrolState,None,1.00,63.4,0,0.09,0,,,81768406
139.53,FSM Enemy 15,FSM,Dead,None,0.00,30.1,0,0.09,24,,,81768406
139.53,FSM Enemy 6,FSM,PatrolState,None,1.00,29.8,0,0.09,0,,,81768406
139.53,FSM Enemy 11,FSM,PatrolState,None,1.00,46.6,0,0.09,0,,,81768406
139.53,FSM Enemy 9,FSM,PatrolState,None,1.00,17.6,0,0.09,8,,,81768406
139.53,FSM Enemy 8,FSM,PatrolState,None,1.00,12.1,0,0.09,0,,,81768406
139.53,Utility Enemy 4,Utility,PatrolAction,None,0.90,45.7,0,0.09,0,0.120,0.000,81768406
139.53,Utility Enemy 7,Utility,PatrolAction,None,1.00,38.0,0,0.09,0,0.120,0.000,81768406
139.53,Utility Enemy 8,Utility,PatrolAction,None,1.00,69.4,0,0.09,0,0.120,0.000,81768406
139.53,Utility Enemy 14,Utility,PatrolAction,None,1.00,37.6,0,0.09,8,0.120,0.000,81768406
139.53,Utility Enemy 5,Utility,PatrolAction,None,1.00,34.3,0,0.09,0,0.120,0.000,81768406
139.53,Utility Enemy 6,Utility,PatrolAction,None,1.00,35.6,0,0.09,0,0.120,0.000,81768406
139.53,Utility Enemy 9,Utility,PatrolAction,None,1.00,16.0,0,0.09,0,0.120,0.000,81768406
139.53,Utility Enemy 2,Utility,PatrolAction,None,1.00,26.5,0,0.09,0,0.120,0.000,81768406
139.53,Utility Enemy 1,Utility,PatrolAction,None,1.00,30.9,0,0.09,0,0.120,0.000,81768406
139.53,Utility Enemy 13,Utility,PatrolAction,None,0.90,26.3,0,0.09,0,0.120,0.000,81768406
139.53,Utility Enemy 10,Utility,PatrolAction,None,0.70,44.6,0,0.09,16,0.120,0.000,81768406
139.53,Utility Enemy 15,Utility,Dead,None,0.00,17.7,0,0.09,8,0.650,0.120,81768406
139.53,Utility Enemy 11,Utility,PatrolAction,None,1.00,34.2,0,0.09,0,0.120,0.000,81768406
139.53,Utility Enemy 3,Utility,PatrolAction,None,0.90,37.0,0,0.09,0,0.120,0.000,81768406
139.53,Utility Enemy 12,Utility,PatrolAction,None,0.50,11.8,0,0.09,48,0.120,0.000,81768406
140.53,Player,Player,-,None,0.09,,0,0.09,,,,81768406
140.53,FSM Enemy 13,FSM,PatrolState,None,1.00,39.4,0,0.09,0,,,81768406
140.53,FSM Enemy 10,FSM,PatrolState,None,1.00,47.6,0,0.09,0,,,81768406
140.53,FSM Enemy 14,FSM,PatrolState,None,1.00,57.7,0,0.09,0,,,81768406
140.53,FSM Enemy 4,FSM,PatrolState,None,1.00,36.0,0,0.09,0,,,81768406
140.53,FSM Enemy 12,FSM,PatrolState,None,1.00,43.7,0,0.09,0,,,81768406
140.53,FSM Enemy 3,FSM,PatrolState,None,1.00,60.8,0,0.09,0,,,81768406
140.53,FSM Enemy 5,FSM,PatrolState,None,1.00,49.2,0,0.09,0,,,81768406
140.53,FSM Enemy 1,FSM,PatrolState,None,1.00,73.3,0,0.09,0,,,81768406
140.53,FSM Enemy 7,FSM,PatrolState,None,1.00,32.9,0,0.09,24,,,81768406
140.53,FSM Enemy 2,FSM,PatrolState,None,1.00,61.7,0,0.09,0,,,81768406
140.53,FSM Enemy 15,FSM,Dead,None,0.00,30.1,0,0.09,24,,,81768406
140.53,FSM Enemy 6,FSM,PatrolState,None,1.00,27.5,0,0.09,0,,,81768406
140.53,FSM Enemy 11,FSM,PatrolState,None,1.00,49.0,0,0.09,0,,,81768406
140.53,FSM Enemy 9,FSM,PatrolState,None,1.00,20.1,0,0.09,8,,,81768406
140.53,FSM Enemy 8,FSM,PatrolState,None,1.00,14.5,0,0.09,0,,,81768406
140.53,Utility Enemy 4,Utility,PatrolAction,None,0.90,43.2,0,0.09,0,0.120,0.000,81768406
140.53,Utility Enemy 7,Utility,PatrolAction,None,1.00,39.2,0,0.09,0,0.120,0.000,81768406
140.53,Utility Enemy 8,Utility,PatrolAction,None,1.00,66.2,0,0.09,0,0.120,0.000,81768406
140.53,Utility Enemy 14,Utility,PatrolAction,None,1.00,39.0,0,0.09,8,0.120,0.000,81768406
140.53,Utility Enemy 5,Utility,PatrolAction,None,1.00,32.1,0,0.09,0,0.120,0.000,81768406
140.53,Utility Enemy 6,Utility,PatrolAction,None,1.00,38.8,0,0.09,0,0.120,0.000,81768406
140.53,Utility Enemy 9,Utility,PatrolAction,None,1.00,15.9,0,0.09,0,0.120,0.000,81768406
140.53,Utility Enemy 2,Utility,PatrolAction,None,1.00,28.8,0,0.09,0,0.120,0.000,81768406
140.53,Utility Enemy 1,Utility,PatrolAction,None,1.00,33.0,0,0.09,0,0.120,0.000,81768406
140.53,Utility Enemy 13,Utility,PatrolAction,None,0.90,29.7,0,0.09,0,0.120,0.000,81768406
140.53,Utility Enemy 10,Utility,PatrolAction,None,0.70,43.3,0,0.09,16,0.120,0.000,81768406
140.53,Utility Enemy 15,Utility,Dead,None,0.00,17.7,0,0.09,8,0.650,0.120,81768406
140.53,Utility Enemy 11,Utility,PatrolAction,None,1.00,35.9,0,0.09,0,0.120,0.000,81768406
140.53,Utility Enemy 3,Utility,PatrolAction,None,0.90,41.5,0,0.09,0,0.120,0.000,81768406
140.53,Utility Enemy 12,Utility,PatrolAction,None,0.50,10.7,0,0.09,48,0.120,0.000,81768406
141.53,Player,Player,-,EnemyDuplicate,0.04,,0,0.04,,,,81768406
141.53,FSM Enemy 13,FSM,AttackState,EnemyDuplicate,1.00,39.8,0,0.04,0,,,81768406
141.53,FSM Enemy 10,FSM,AttackState,EnemyDuplicate,1.00,48.2,0,0.04,0,,,81768406
141.53,FSM Enemy 14,FSM,AttackState,EnemyDuplicate,1.00,57.8,0,0.04,0,,,81768406
141.53,FSM Enemy 4,FSM,AttackState,EnemyDuplicate,1.00,36.5,0,0.04,0,,,81768406
141.53,FSM Enemy 12,FSM,AttackState,EnemyDuplicate,1.00,43.7,0,0.04,0,,,81768406
141.53,FSM Enemy 3,FSM,AttackState,EnemyDuplicate,1.00,61.3,0,0.04,0,,,81768406
141.53,FSM Enemy 5,FSM,AttackState,EnemyDuplicate,1.00,48.8,0,0.04,0,,,81768406
141.53,FSM Enemy 1,FSM,AttackState,EnemyDuplicate,1.00,73.3,0,0.04,0,,,81768406
141.53,FSM Enemy 7,FSM,AttackState,EnemyDuplicate,1.00,33.5,0,0.04,24,,,81768406
141.53,FSM Enemy 2,FSM,AttackState,EnemyDuplicate,1.00,61.3,0,0.04,0,,,81768406
141.53,FSM Enemy 15,FSM,PatrolState,EnemyDuplicate,1.00,33.4,0,0.04,24,,,81768406
141.53,FSM Enemy 6,FSM,AttackState,EnemyDuplicate,1.00,26.9,0,0.04,0,,,81768406
141.53,FSM Enemy 11,FSM,AttackState,EnemyDuplicate,1.00,49.6,0,0.04,0,,,81768406
141.53,FSM Enemy 9,FSM,AttackState,EnemyDuplicate,1.00,20.7,0,0.04,8,,,81768406
141.53,FSM Enemy 8,FSM,AttackState,EnemyDuplicate,1.00,15.1,0,0.04,0,,,81768406
141.53,Utility Enemy 4,Utility,RepositionAction,EnemyDuplicate,0.90,42.5,0,0.04,0,0.650,0.120,81768406
141.53,Utility Enemy 7,Utility,RepositionAction,EnemyDuplicate,1.00,40.4,0,0.04,0,0.650,0.120,81768406
141.53,Utility Enemy 8,Utility,RepositionAction,EnemyDuplicate,1.00,62.9,0,0.04,0,0.650,0.120,81768406
141.53,Utility Enemy 14,Utility,RepositionAction,EnemyDuplicate,1.00,41.3,0,0.04,8,0.650,0.120,81768406
141.53,Utility Enemy 5,Utility,RepositionAction,EnemyDuplicate,1.00,28.9,0,0.04,0,0.650,0.120,81768406
141.53,Utility Enemy 6,Utility,RepositionAction,EnemyDuplicate,1.00,40.1,0,0.04,0,0.650,0.120,81768406
141.53,Utility Enemy 9,Utility,RepositionAction,EnemyDuplicate,1.00,17.0,0,0.04,0,0.650,0.120,81768406
141.53,Utility Enemy 2,Utility,RepositionAction,EnemyDuplicate,1.00,31.3,0,0.04,0,0.650,0.120,81768406
141.53,Utility Enemy 1,Utility,RepositionAction,EnemyDuplicate,1.00,34.2,0,0.04,0,0.650,0.120,81768406
141.53,Utility Enemy 13,Utility,RepositionAction,EnemyDuplicate,0.90,30.3,0,0.04,0,0.650,0.120,81768406
141.53,Utility Enemy 10,Utility,RepositionAction,EnemyDuplicate,0.60,40.5,0,0.04,16,0.650,0.120,81768406
141.53,Utility Enemy 15,Utility,Dead,EnemyDuplicate,0.00,17.7,0,0.04,8,0.650,0.120,81768406
141.53,Utility Enemy 11,Utility,RepositionAction,EnemyDuplicate,1.00,36.7,0,0.04,0,0.650,0.120,81768406
141.53,Utility Enemy 3,Utility,RepositionAction,EnemyDuplicate,0.90,44.8,0,0.04,0,0.650,0.120,81768406
141.53,Utility Enemy 12,Utility,AttackAction,EnemyDuplicate,0.50,8.4,1,0.04,56,1.289,0.775,81768406
142.53,Player,Player,-,EnemyDuplicate,0.04,,0,0.04,,,,81768406
142.53,FSM Enemy 13,FSM,AttackState,EnemyDuplicate,1.00,39.8,0,0.04,0,,,81768406
142.53,FSM Enemy 10,FSM,AttackState,EnemyDuplicate,1.00,48.2,0,0.04,0,,,81768406
142.53,FSM Enemy 14,FSM,AttackState,EnemyDuplicate,1.00,57.8,0,0.04,0,,,81768406
142.53,FSM Enemy 4,FSM,AttackState,EnemyDuplicate,1.00,36.5,0,0.04,0,,,81768406
142.53,FSM Enemy 12,FSM,AttackState,EnemyDuplicate,1.00,43.7,0,0.04,0,,,81768406
142.53,FSM Enemy 3,FSM,AttackState,EnemyDuplicate,1.00,61.3,0,0.04,0,,,81768406
142.53,FSM Enemy 5,FSM,AttackState,EnemyDuplicate,1.00,48.8,0,0.04,0,,,81768406
142.53,FSM Enemy 1,FSM,AttackState,EnemyDuplicate,1.00,73.3,0,0.04,0,,,81768406
142.53,FSM Enemy 7,FSM,AttackState,EnemyDuplicate,1.00,33.5,0,0.04,24,,,81768406
142.53,FSM Enemy 2,FSM,AttackState,EnemyDuplicate,1.00,61.3,0,0.04,0,,,81768406
142.53,FSM Enemy 15,FSM,PatrolState,EnemyDuplicate,1.00,31.7,0,0.04,24,,,81768406
142.53,FSM Enemy 6,FSM,AttackState,EnemyDuplicate,1.00,26.9,0,0.04,0,,,81768406
142.53,FSM Enemy 11,FSM,AttackState,EnemyDuplicate,1.00,49.6,0,0.04,0,,,81768406
142.53,FSM Enemy 9,FSM,AttackState,EnemyDuplicate,1.00,20.7,0,0.04,8,,,81768406
142.53,FSM Enemy 8,FSM,AttackState,EnemyDuplicate,1.00,15.1,0,0.04,0,,,81768406
142.53,Utility Enemy 4,Utility,RepositionAction,EnemyDuplicate,0.90,39.2,0,0.04,0,0.650,0.120,81768406
142.53,Utility Enemy 7,Utility,RepositionAction,EnemyDuplicate,1.00,40.5,0,0.04,0,0.650,0.120,81768406
142.53,Utility Enemy 8,Utility,RepositionAction,EnemyDuplicate,1.00,63.0,0,0.04,0,0.650,0.120,81768406
142.53,Utility Enemy 14,Utility,RepositionAction,EnemyDuplicate,1.00,45.3,0,0.04,8,0.650,0.120,81768406
142.53,Utility Enemy 5,Utility,RepositionAction,EnemyDuplicate,1.00,25.9,0,0.04,0,0.650,0.120,81768406
142.53,Utility Enemy 6,Utility,RepositionAction,EnemyDuplicate,1.00,38.6,0,0.04,0,0.650,0.120,81768406
142.53,Utility Enemy 9,Utility,RepositionAction,EnemyDuplicate,1.00,12.7,0,0.04,0,0.650,0.120,81768406
142.53,Utility Enemy 2,Utility,RepositionAction,EnemyDuplicate,1.00,35.5,0,0.04,0,0.650,0.120,81768406
142.53,Utility Enemy 1,Utility,RepositionAction,EnemyDuplicate,1.00,33.5,0,0.04,0,0.650,0.120,81768406
142.53,Utility Enemy 13,Utility,RepositionAction,EnemyDuplicate,0.90,30.3,0,0.04,0,0.650,0.120,81768406
142.53,Utility Enemy 10,Utility,RepositionAction,EnemyDuplicate,0.60,38.5,0,0.04,16,0.650,0.120,81768406
142.53,Utility Enemy 15,Utility,Dead,EnemyDuplicate,0.00,17.7,0,0.04,8,0.650,0.120,81768406
142.53,Utility Enemy 11,Utility,RepositionAction,EnemyDuplicate,1.00,39.2,0,0.04,0,0.650,0.120,81768406
142.53,Utility Enemy 3,Utility,RepositionAction,EnemyDuplicate,0.90,42.0,0,0.04,0,0.650,0.120,81768406
142.53,Utility Enemy 12,Utility,Dead,EnemyDuplicate,0.00,8.3,1,0.04,56,1.317,0.775,81768406
143.54,Player,Player,-,EnemyDuplicate,0.04,,0,0.04,,,,81768406
143.54,FSM Enemy 13,FSM,AttackState,EnemyDuplicate,1.00,39.8,0,0.04,0,,,81768406
143.54,FSM Enemy 10,FSM,AttackState,EnemyDuplicate,1.00,48.2,0,0.04,0,,,81768406
143.54,FSM Enemy 14,FSM,AttackState,EnemyDuplicate,1.00,57.8,0,0.04,0,,,81768406
143.54,FSM Enemy 4,FSM,AttackState,EnemyDuplicate,1.00,36.5,0,0.04,0,,,81768406
143.54,FSM Enemy 12,FSM,AttackState,EnemyDuplicate,1.00,43.7,0,0.04,0,,,81768406
143.54,FSM Enemy 3,FSM,AttackState,EnemyDuplicate,1.00,61.3,0,0.04,0,,,81768406
143.54,FSM Enemy 5,FSM,AttackState,EnemyDuplicate,1.00,48.8,0,0.04,0,,,81768406
143.54,FSM Enemy 1,FSM,AttackState,EnemyDuplicate,1.00,73.3,0,0.04,0,,,81768406
143.54,FSM Enemy 7,FSM,AttackState,EnemyDuplicate,1.00,33.5,0,0.04,24,,,81768406
143.54,FSM Enemy 2,FSM,AttackState,EnemyDuplicate,1.00,61.3,0,0.04,0,,,81768406
143.54,FSM Enemy 15,FSM,PatrolState,EnemyDuplicate,1.00,30.0,0,0.04,24,,,81768406
143.54,FSM Enemy 6,FSM,AttackState,EnemyDuplicate,1.00,26.9,0,0.04,0,,,81768406
143.54,FSM Enemy 11,FSM,AttackState,EnemyDuplicate,1.00,49.6,0,0.04,0,,,81768406
143.54,FSM Enemy 9,FSM,AttackState,EnemyDuplicate,1.00,20.7,0,0.04,8,,,81768406
143.54,FSM Enemy 8,FSM,AttackState,EnemyDuplicate,1.00,15.1,0,0.04,0,,,81768406
143.54,Utility Enemy 4,Utility,RepositionAction,EnemyDuplicate,0.90,42.2,0,0.04,0,0.650,0.120,81768406
143.54,Utility Enemy 7,Utility,RepositionAction,EnemyDuplicate,1.00,39.0,0,0.04,0,0.650,0.120,81768406
143.54,Utility Enemy 8,Utility,RepositionAction,EnemyDuplicate,1.00,65.9,0,0.04,0,0.650,0.120,81768406
143.54,Utility Enemy 14,Utility,RepositionAction,EnemyDuplicate,1.00,42.3,0,0.04,8,0.650,0.120,81768406
143.54,Utility Enemy 5,Utility,RepositionAction,EnemyDuplicate,1.00,22.8,0,0.04,0,0.650,0.120,81768406
143.54,Utility Enemy 6,Utility,RepositionAction,EnemyDuplicate,1.00,41.0,0,0.04,0,0.650,0.120,81768406
143.54,Utility Enemy 9,Utility,RepositionAction,EnemyDuplicate,1.00,13.7,0,0.04,0,0.650,0.120,81768406
143.54,Utility Enemy 2,Utility,RepositionAction,EnemyDuplicate,1.00,37.2,0,0.04,0,0.650,0.120,81768406
143.54,Utility Enemy 1,Utility,RepositionAction,EnemyDuplicate,1.00,35.6,0,0.04,0,0.650,0.120,81768406
143.54,Utility Enemy 13,Utility,RepositionAction,EnemyDuplicate,0.90,32.6,0,0.04,0,0.650,0.120,81768406
143.54,Utility Enemy 10,Utility,RepositionAction,EnemyDuplicate,0.60,41.1,0,0.04,16,0.650,0.120,81768406
143.54,Utility Enemy 15,Utility,Dead,EnemyDuplicate,0.00,17.7,0,0.04,8,0.650,0.120,81768406
143.54,Utility Enemy 11,Utility,RepositionAction,EnemyDuplicate,1.00,43.3,0,0.04,0,0.650,0.120,81768406
143.54,Utility Enemy 3,Utility,RepositionAction,EnemyDuplicate,0.90,40.2,0,0.04,0,0.650,0.120,81768406
143.54,Utility Enemy 12,Utility,Dead,EnemyDuplicate,0.00,8.3,1,0.04,56,1.317,0.775,81768406
144.54,Player,Player,-,EnemyDuplicate,0.04,,0,0.04,,,,81768406
144.54,FSM Enemy 13,FSM,AttackState,EnemyDuplicate,1.00,39.8,0,0.04,0,,,81768406
144.54,FSM Enemy 10,FSM,AttackState,EnemyDuplicate,1.00,48.2,0,0.04,0,,,81768406
144.54,FSM Enemy 14,FSM,AttackState,EnemyDuplicate,1.00,57.8,0,0.04,0,,,81768406
144.54,FSM Enemy 4,FSM,AttackState,EnemyDuplicate,1.00,36.5,0,0.04,0,,,81768406
144.54,FSM Enemy 12,FSM,AttackState,EnemyDuplicate,1.00,43.7,0,0.04,0,,,81768406
144.54,FSM Enemy 3,FSM,AttackState,EnemyDuplicate,1.00,61.3,0,0.04,0,,,81768406
144.54,FSM Enemy 5,FSM,AttackState,EnemyDuplicate,1.00,48.8,0,0.04,0,,,81768406
144.54,FSM Enemy 1,FSM,AttackState,EnemyDuplicate,1.00,73.3,0,0.04,0,,,81768406
144.54,FSM Enemy 7,FSM,AttackState,EnemyDuplicate,1.00,33.5,0,0.04,24,,,81768406
144.54,FSM Enemy 2,FSM,AttackState,EnemyDuplicate,1.00,61.3,0,0.04,0,,,81768406
144.54,FSM Enemy 15,FSM,PatrolState,EnemyDuplicate,1.00,28.1,0,0.04,24,,,81768406
144.54,FSM Enemy 6,FSM,AttackState,EnemyDuplicate,1.00,26.9,0,0.04,0,,,81768406
144.54,FSM Enemy 11,FSM,AttackState,EnemyDuplicate,1.00,49.6,0,0.04,0,,,81768406
144.54,FSM Enemy 9,FSM,AttackState,EnemyDuplicate,1.00,20.7,0,0.04,8,,,81768406
144.54,FSM Enemy 8,FSM,AttackState,EnemyDuplicate,1.00,15.1,0,0.04,0,,,81768406
144.54,Utility Enemy 4,Utility,RepositionAction,EnemyDuplicate,0.90,41.7,0,0.04,0,0.650,0.120,81768406
144.54,Utility Enemy 7,Utility,RepositionAction,EnemyDuplicate,1.00,43.3,0,0.04,0,0.650,0.120,81768406
144.54,Utility Enemy 8,Utility,RepositionAction,EnemyDuplicate,1.00,68.0,0,0.04,0,0.650,0.120,81768406
144.54,Utility Enemy 14,Utility,RepositionAction,EnemyDuplicate,1.00,38.8,0,0.04,8,0.650,0.120,81768406
144.54,Utility Enemy 5,Utility,RepositionAction,EnemyDuplicate,1.00,23.8,0,0.04,0,0.650,0.120,81768406
144.54,Utility Enemy 6,Utility,RepositionAction,EnemyDuplicate,1.00,40.2,0,0.04,0,0.650,0.120,81768406
144.54,Utility Enemy 9,Utility,RepositionAction,EnemyDuplicate,1.00,14.5,0,0.04,0,0.650,0.120,81768406
144.54,Utility Enemy 2,Utility,RepositionAction,EnemyDuplicate,1.00,36.3,0,0.04,0,0.650,0.120,81768406
144.54,Utility Enemy 1,Utility,RepositionAction,EnemyDuplicate,1.00,36.5,0,0.04,0,0.650,0.120,81768406
144.54,Utility Enemy 13,Utility,RepositionAction,EnemyDuplicate,0.90,33.9,0,0.04,0,0.650,0.120,81768406
144.54,Utility Enemy 10,Utility,RepositionAction,EnemyDuplicate,0.60,39.9,0,0.04,16,0.650,0.120,81768406
144.54,Utility Enemy 15,Utility,Dead,EnemyDuplicate,0.00,17.7,0,0.04,8,0.650,0.120,81768406
144.54,Utility Enemy 11,Utility,RepositionAction,EnemyDuplicate,1.00,47.7,0,0.04,0,0.650,0.120,81768406
144.54,Utility Enemy 3,Utility,RepositionAction,EnemyDuplicate,0.90,40.8,0,0.04,0,0.650,0.120,81768406
144.54,Utility Enemy 12,Utility,Dead,EnemyDuplicate,0.00,8.3,1,0.04,56,1.317,0.775,81768406
145.54,Player,Player,-,WallDisappear,0.04,,0,0.04,,,,81768406
145.54,FSM Enemy 13,FSM,ChaseState,WallDisappear,1.00,38.5,0,0.04,0,,,81768406
145.54,FSM Enemy 10,FSM,ChaseState,WallDisappear,1.00,45.3,0,0.04,0,,,81768406
145.54,FSM Enemy 14,FSM,ChaseState,WallDisappear,1.00,55.2,0,0.04,0,,,81768406
145.54,FSM Enemy 4,FSM,ChaseState,WallDisappear,1.00,37.1,0,0.04,0,,,81768406
145.54,FSM Enemy 12,FSM,ChaseState,WallDisappear,1.00,42.0,0,0.04,0,,,81768406
145.54,FSM Enemy 3,FSM,ChaseState,WallDisappear,1.00,58.9,0,0.04,0,,,81768406
145.54,FSM Enemy 5,FSM,ChaseState,WallDisappear,1.00,46.0,0,0.04,0,,,81768406
145.54,FSM Enemy 1,FSM,ChaseState,WallDisappear,1.00,70.9,0,0.04,0,,,81768406
145.54,FSM Enemy 7,FSM,ChaseState,WallDisappear,1.00,31.0,0,0.04,24,,,81768406
145.54,FSM Enemy 2,FSM,ChaseState,WallDisappear,1.00,59.1,0,0.04,0,,,81768406
145.54,FSM Enemy 15,FSM,ChaseState,WallDisappear,1.00,25.5,0,0.04,24,,,81768406
145.54,FSM Enemy 6,FSM,ChaseState,WallDisappear,1.00,24.7,0,0.04,0,,,81768406
145.54,FSM Enemy 11,FSM,ChaseState,WallDisappear,1.00,46.8,0,0.04,0,,,81768406
145.54,FSM Enemy 9,FSM,ChaseState,WallDisappear,1.00,17.7,1,0.04,8,,,81768406
145.54,FSM Enemy 8,FSM,ChaseState,WallDisappear,1.00,12.7,1,0.04,0,,,81768406
145.54,Utility Enemy 4,Utility,ChaseAction,WallDisappear,0.90,37.9,0,0.04,0,0.850,0.300,81768406
145.54,Utility Enemy 7,Utility,ChaseAction,WallDisappear,1.00,40.3,0,0.04,0,0.850,0.300,81768406
145.54,Utility Enemy 8,Utility,ChaseAction,WallDisappear,1.00,65.2,0,0.04,0,0.850,0.300,81768406
145.54,Utility Enemy 14,Utility,ChaseAction,WallDisappear,1.00,37.4,0,0.04,8,0.850,0.300,81768406
145.54,Utility Enemy 5,Utility,ChaseAction,WallDisappear,1.00,24.0,0,0.04,0,0.850,0.300,81768406
145.54,Utility Enemy 6,Utility,ChaseAction,WallDisappear,1.00,38.0,0,0.04,0,0.850,0.300,81768406
145.54,Utility Enemy 9,Utility,ChaseAction,WallDisappear,1.00,14.3,1,0.04,0,0.850,0.300,81768406
145.54,Utility Enemy 2,Utility,ChaseAction,WallDisappear,1.00,31.9,0,0.04,0,0.850,0.300,81768406
145.54,Utility Enemy 1,Utility,ChaseAction,WallDisappear,1.00,34.3,0,0.04,0,0.850,0.300,81768406
145.54,Utility Enemy 13,Utility,ChaseAction,WallDisappear,0.90,31.1,0,0.04,0,0.850,0.300,81768406
145.54,Utility Enemy 10,Utility,ChaseAction,WallDisappear,0.60,37.8,0,0.04,16,0.850,0.300,81768406
145.54,Utility Enemy 15,Utility,ChaseAction,WallDisappear,1.00,37.0,0,0.04,8,0.850,0.300,81768406
145.54,Utility Enemy 11,Utility,ChaseAction,WallDisappear,1.00,48.0,0,0.04,0,0.850,0.300,81768406
145.54,Utility Enemy 3,Utility,ChaseAction,WallDisappear,0.90,39.7,0,0.04,0,0.850,0.300,81768406
145.54,Utility Enemy 12,Utility,Dead,WallDisappear,0.00,8.3,1,0.04,56,1.317,0.775,81768406
146.55,Player,Player,-,WallDisappear,0.04,,0,0.04,,,,81768406
146.55,FSM Enemy 13,FSM,ChaseState,WallDisappear,1.00,36.5,0,0.04,0,,,81768406
146.55,FSM Enemy 10,FSM,ChaseState,WallDisappear,1.00,40.7,0,0.04,0,,,81768406
146.55,FSM Enemy 14,FSM,ChaseState,WallDisappear,1.00,51.0,0,0.04,0,,,81768406
146.55,FSM Enemy 4,FSM,ChaseState,WallDisappear,1.00,37.7,0,0.04,0,,,81768406
146.55,FSM Enemy 12,FSM,ChaseState,WallDisappear,1.00,39.2,0,0.04,0,,,81768406
146.55,FSM Enemy 3,FSM,ChaseState,WallDisappear,1.00,54.4,0,0.04,0,,,81768406
146.55,FSM Enemy 5,FSM,ChaseState,WallDisappear,1.00,41.4,0,0.04,0,,,81768406
146.55,FSM Enemy 1,FSM,ChaseState,WallDisappear,1.00,66.5,0,0.04,0,,,81768406
146.55,FSM Enemy 7,FSM,ChaseState,WallDisappear,1.00,28.0,0,0.04,24,,,81768406
146.55,FSM Enemy 2,FSM,ChaseState,WallDisappear,1.00,55.4,0,0.04,0,,,81768406
146.55,FSM Enemy 15,FSM,ChaseState,WallDisappear,1.00,21.9,0,0.04,24,,,81768406
146.55,FSM Enemy 6,FSM,ChaseState,WallDisappear,1.00,21.6,0,0.04,0,,,81768406
146.55,FSM Enemy 11,FSM,ChaseState,WallDisappear,1.00,42.5,0,0.04,0,,,81768406
146.55,FSM Enemy 9,FSM,ChaseState,WallDisappear,1.00,13.3,1,0.04,8,,,81768406
146.55,FSM Enemy 8,FSM,ChaseState,WallDisappear,1.00,8.7,0,0.04,0,,,81768406
146.55,Utility Enemy 4,Utility,ChaseAction,WallDisappear,0.90,33.5,0,0.04,0,0.850,0.300,81768406
146.55,Utility Enemy 7,Utility,ChaseAction,WallDisappear,1.00,35.8,0,0.04,0,0.850,0.300,81768406
146.55,Utility Enemy 8,Utility,ChaseAction,WallDisappear,1.00,60.7,0,0.04,0,0.850,0.300,81768406
146.55,Utility Enemy 14,Utility,ChaseAction,WallDisappear,1.00,36.7,0,0.04,8,0.850,0.300,81768406
146.55,Utility Enemy 5,Utility,ChaseAction,WallDisappear,1.00,21.1,0,0.04,0,0.850,0.300,81768406
146.55,Utility Enemy 6,Utility,ChaseAction,WallDisappear,1.00,36.3,0,0.04,0,0.850,0.300,81768406
146.55,Utility Enemy 9,Utility,ChaseAction,WallDisappear,1.00,12.4,1,0.04,0,0.850,0.300,81768406
146.55,Utility Enemy 2,Utility,ChaseAction,WallDisappear,1.00,27.4,0,0.04,0,0.850,0.300,81768406
146.55,Utility Enemy 1,Utility,ChaseAction,WallDisappear,1.00,30.0,0,0.04,0,0.850,0.300,81768406
146.55,Utility Enemy 13,Utility,ChaseAction,WallDisappear,0.90,27.1,0,0.04,0,0.850,0.300,81768406
146.55,Utility Enemy 10,Utility,ChaseAction,WallDisappear,0.60,34.6,0,0.04,16,0.850,0.300,81768406
146.55,Utility Enemy 15,Utility,ChaseAction,WallDisappear,1.00,32.6,0,0.04,8,0.850,0.300,81768406
146.55,Utility Enemy 11,Utility,ChaseAction,WallDisappear,1.00,46.1,0,0.04,0,0.850,0.300,81768406
146.55,Utility Enemy 3,Utility,ChaseAction,WallDisappear,0.90,35.8,0,0.04,0,0.850,0.300,81768406
146.55,Utility Enemy 12,Utility,Dead,WallDisappear,0.00,8.3,1,0.04,56,1.317,0.775,81768406
147.55,Player,Player,-,WallDisappear,0.04,,0,0.04,,,,81768406
147.55,FSM Enemy 13,FSM,ChaseState,WallDisappear,1.00,35.0,0,0.04,0,,,81768406
147.55,FSM Enemy 10,FSM,ChaseState,WallDisappear,1.00,36.2,0,0.04,0,,,81768406
147.55,FSM Enemy 14,FSM,ChaseState,WallDisappear,1.00,47.3,0,0.04,0,,,81768406
147.55,FSM Enemy 4,FSM,ChaseState,WallDisappear,1.00,38.3,0,0.04,0,,,81768406
147.55,FSM Enemy 12,FSM,ChaseState,WallDisappear,1.00,36.7,0,0.04,0,,,81768406
147.55,FSM Enemy 3,FSM,ChaseState,WallDisappear,1.00,49.9,0,0.04,0,,,81768406
147.55,FSM Enemy 5,FSM,ChaseState,WallDisappear,1.00,37.1,0,0.04,0,,,81768406
147.55,FSM Enemy 1,FSM,ChaseState,WallDisappear,1.00,62.0,0,0.04,0,,,81768406
147.55,FSM Enemy 7,FSM,ChaseState,WallDisappear,1.00,25.6,0,0.04,24,,,81768406
147.55,FSM Enemy 2,FSM,ChaseState,WallDisappear,1.00,51.6,0,0.04,0,,,81768406
147.55,FSM Enemy 15,FSM,ChaseState,WallDisappear,1.00,18.3,1,0.04,24,,,81768406
147.55,FSM Enemy 6,FSM,ChaseState,WallDisappear,1.00,19.0,0,0.04,0,,,81768406
147.55,FSM Enemy 11,FSM,ChaseState,WallDisappear,1.00,38.2,0,0.04,0,,,81768406
147.55,FSM Enemy 9,FSM,ChaseState,WallDisappear,1.00,9.0,1,0.04,8,,,81768406
147.55,FSM Enemy 8,FSM,ChaseState,WallDisappear,1.00,5.4,1,0.04,0,,,81768406
147.55,Utility Enemy 4,Utility,ChaseAction,WallDisappear,0.90,29.1,0,0.04,0,0.850,0.300,81768406
147.55,Utility Enemy 7,Utility,ChaseAction,WallDisappear,1.00,31.3,0,0.04,0,0.850,0.300,81768406
147.55,Utility Enemy 8,Utility,ChaseAction,WallDisappear,1.00,56.3,0,0.04,0,0.850,0.300,81768406
147.55,Utility Enemy 14,Utility,ChaseAction,WallDisappear,1.00,36.0,0,0.04,8,0.850,0.300,81768406
147.55,Utility Enemy 5,Utility,ChaseAction,WallDisappear,1.00,16.9,1,0.04,0,0.850,0.300,81768406
147.55,Utility Enemy 6,Utility,ChaseAction,WallDisappear,1.00,35.1,0,0.04,0,0.850,0.300,81768406
147.55,Utility Enemy 9,Utility,ChaseAction,WallDisappear,1.00,8.1,1,0.04,0,0.850,0.522,81768406
147.55,Utility Enemy 2,Utility,ChaseAction,WallDisappear,1.00,22.9,0,0.04,0,0.850,0.300,81768406
147.55,Utility Enemy 1,Utility,ChaseAction,WallDisappear,1.00,25.6,0,0.04,0,0.850,0.300,81768406
147.55,Utility Enemy 13,Utility,ChaseAction,WallDisappear,0.90,23.4,0,0.04,0,0.850,0.300,81768406
147.55,Utility Enemy 10,Utility,ChaseAction,WallDisappear,0.60,30.2,0,0.04,16,0.850,0.300,81768406
147.55,Utility Enemy 15,Utility,ChaseAction,WallDisappear,1.00,30.8,0,0.04,8,0.850,0.300,81768406
147.55,Utility Enemy 11,Utility,ChaseAction,WallDisappear,1.00,44.5,0,0.04,0,0.850,0.300,81768406
147.55,Utility Enemy 3,Utility,ChaseAction,WallDisappear,0.90,32.1,0,0.04,0,0.850,0.300,81768406
147.55,Utility Enemy 12,Utility,Dead,WallDisappear,0.00,8.3,1,0.04,56,1.317,0.775,81768406
148.56,Player,Player,-,WallDisappear,0.04,,0,0.04,,,,81768406
148.56,FSM Enemy 13,FSM,ChaseState,WallDisappear,1.00,34.1,0,0.04,0,,,81768406
148.56,FSM Enemy 10,FSM,ChaseState,WallDisappear,1.00,31.7,0,0.04,0,,,81768406
148.56,FSM Enemy 14,FSM,ChaseState,WallDisappear,1.00,43.3,0,0.04,0,,,81768406
148.56,FSM Enemy 4,FSM,ChaseState,WallDisappear,1.00,38.9,0,0.04,0,,,81768406
148.56,FSM Enemy 12,FSM,ChaseState,WallDisappear,1.00,35.7,0,0.04,0,,,81768406
148.56,FSM Enemy 3,FSM,ChaseState,WallDisappear,1.00,45.4,0,0.04,0,,,81768406
148.56,FSM Enemy 5,FSM,ChaseState,WallDisappear,1.00,32.9,0,0.04,0,,,81768406
148.56,FSM Enemy 1,FSM,ChaseState,WallDisappear,1.00,57.5,0,0.04,0,,,81768406
148.56,FSM Enemy 7,FSM,ChaseState,WallDisappear,1.00,23.8,0,0.04,24,,,81768406
148.56,FSM Enemy 2,FSM,ChaseState,WallDisappear,1.00,47.2,0,0.04,0,,,81768406
148.56,FSM Enemy 15,FSM,ChaseState,WallDisappear,1.00,13.9,1,0.04,24,,,81768406
148.56,FSM Enemy 6,FSM,ChaseState,WallDisappear,1.00,18.3,0,0.04,0,,,81768406
148.56,FSM Enemy 11,FSM,ChaseState,WallDisappear,1.00,34.0,0,0.04,0,,,81768406
148.56,FSM Enemy 9,FSM,ChaseState,WallDisappear,0.25,5.0,1,0.04,8,,,81768406
148.56,FSM Enemy 8,FSM,ChaseState,WallDisappear,1.00,3.0,0,0.04,0,,,81768406
148.56,Utility Enemy 4,Utility,ChaseAction,WallDisappear,0.90,24.9,0,0.04,0,0.850,0.300,81768406
148.56,Utility Enemy 7,Utility,ChaseAction,WallDisappear,1.00,26.8,0,0.04,0,0.850,0.300,81768406
148.56,Utility Enemy 8,Utility,ChaseAction,WallDisappear,1.00,51.8,0,0.04,0,0.850,0.300,81768406
148.56,Utility Enemy 14,Utility,ChaseAction,WallDisappear,1.00,35.4,0,0.04,8,0.850,0.300,81768406
148.56,Utility Enemy 5,Utility,ChaseAction,WallDisappear,1.00,12.5,0,0.04,0,1.340,0.400,81768406
148.56,Utility Enemy 6,Utility,ChaseAction,WallDisappear,1.00,34.6,0,0.04,0,0.850,0.300,81768406
148.56,Utility Enemy 9,Utility,Dead,WallDisappear,0.00,6.8,1,0.04,0,0.850,0.581,81768406
148.56,Utility Enemy 2,Utility,ChaseAction,WallDisappear,1.00,18.4,1,0.04,0,0.885,0.300,81768406
148.56,Utility Enemy 1,Utility,ChaseAction,WallDisappear,1.00,21.1,0,0.04,0,0.850,0.300,81768406
148.56,Utility Enemy 13,Utility,ChaseAction,WallDisappear,0.90,20.0,0,0.04,0,0.850,0.300,81768406
148.56,Utility Enemy 10,Utility,ChaseAction,WallDisappear,0.60,25.8,0,0.04,16,0.850,0.300,81768406
148.56,Utility Enemy 15,Utility,ChaseAction,WallDisappear,1.00,26.7,0,0.04,8,0.850,0.300,81768406
148.56,Utility Enemy 11,Utility,ChaseAction,WallDisappear,1.00,43.1,0,0.04,0,0.850,0.300,81768406
148.56,Utility Enemy 3,Utility,ChaseAction,WallDisappear,0.90,28.5,0,0.04,0,0.850,0.300,81768406
148.56,Utility Enemy 12,Utility,Dead,WallDisappear,0.00,8.3,1,0.04,56,1.317,0.775,81768406
149.56,Player,Player,-,WallDisappear,0.04,,0,0.04,,,,81768406
149.56,FSM Enemy 13,FSM,ChaseState,WallDisappear,1.00,33.8,0,0.04,0,,,81768406
149.56,FSM Enemy 10,FSM,ChaseState,WallDisappear,1.00,27.2,0,0.04,0,,,81768406
149.56,FSM Enemy 14,FSM,ChaseState,WallDisappear,1.00,38.8,0,0.04,0,,,81768406
149.56,FSM Enemy 4,FSM,ChaseState,WallDisappear,1.00,39.5,0,0.04,0,,,81768406
149.56,FSM Enemy 12,FSM,ChaseState,WallDisappear,1.00,35.7,0,0.04,0,,,81768406
149.56,FSM Enemy 3,FSM,ChaseState,WallDisappear,1.00,40.9,0,0.04,0,,,81768406
149.56,FSM Enemy 5,FSM,ChaseState,WallDisappear,1.00,28.7,0,0.04,0,,,81768406
149.56,FSM Enemy 1,FSM,ChaseState,WallDisappear,1.00,53.0,0,0.04,0,,,81768406
149.56,FSM Enemy 7,FSM,ChaseState,WallDisappear,1.00,22.9,0,0.04,24,,,81768406
149.56,FSM Enemy 2,FSM,ChaseState,WallDisappear,1.00,42.9,0,0.04,0,,,81768406
149.56,FSM Enemy 15,FSM,ChaseState,WallDisappear,1.00,9.4,1,0.04,24,,,81768406
149.56,FSM Enemy 6,FSM,ChaseState,WallDisappear,1.00,18.7,0,0.04,0,,,81768406
149.56,FSM Enemy 11,FSM,ChaseState,WallDisappear,1.00,29.9,0,0.04,0,,,81768406
149.56,FSM Enemy 9,FSM,Dead,WallDisappear,0.00,4.9,1,0.04,8,,,81768406
149.56,FSM Enemy 8,FSM,ChaseState,WallDisappear,1.00,1.1,1,0.04,0,,,81768406
149.56,Utility Enemy 4,Utility,ChaseAction,WallDisappear,0.90,20.8,0,0.04,0,0.850,0.300,81768406
149.56,Utility Enemy 7,Utility,ChaseAction,WallDisappear,1.00,22.3,0,0.04,0,0.850,0.300,81768406
149.56,Utility Enemy 8,Utility,ChaseAction,WallDisappear,1.00,47.3,0,0.04,0,0.850,0.300,81768406
149.56,Utility Enemy 14,Utility,ChaseAction,WallDisappear,1.00,34.8,0,0.04,8,0.850,0.300,81768406
149.56,Utility Enemy 5,Utility,ChaseAction,WallDisappear,1.00,8.3,0,0.04,0,1.340,0.400,81768406
149.56,Utility Enemy 6,Utility,ChaseAction,WallDisappear,1.00,34.0,0,0.04,0,0.850,0.300,81768406
149.56,Utility Enemy 9,Utility,Dead,WallDisappear,0.00,6.8,1,0.04,0,0.850,0.581,81768406
149.56,Utility Enemy 2,Utility,ChaseAction,WallDisappear,1.00,14.5,0,0.04,0,1.340,0.400,81768406
149.56,Utility Enemy 1,Utility,ChaseAction,WallDisappear,1.00,16.7,0,0.04,0,1.340,0.400,81768406
149.56,Utility Enemy 13,Utility,ChaseAction,WallDisappear,0.90,16.1,1,0.04,0,0.850,0.334,81768406
149.56,Utility Enemy 10,Utility,ChaseAction,WallDisappear,0.60,21.4,0,0.04,16,0.850,0.300,81768406
149.56,Utility Enemy 15,Utility,ChaseAction,WallDisappear,1.00,22.2,0,0.04,8,0.850,0.300,81768406
149.56,Utility Enemy 11,Utility,ChaseAction,WallDisappear,1.00,41.3,0,0.04,0,0.850,0.300,81768406
149.56,Utility Enemy 3,Utility,ChaseAction,WallDisappear,0.90,25.4,0,0.04,0,0.850,0.300,81768406
149.56,Utility Enemy 12,Utility,Dead,WallDisappear,0.00,8.3,1,0.04,56,1.317,0.775,81768406
