time,enemyId,aiType,action,activeGlitch,health,distToPlayer,canSeePlayer
0.00,Player,Player,-,None,1.00,,0
0.00,FSM Enemy 12,FSM,PatrolState,None,1.00,38.1,0
0.00,FSM Enemy 15,FSM,PatrolState,None,1.00,28.5,0
0.00,FSM Enemy 13,FSM,PatrolState,None,1.00,49.2,0
0.00,FSM Enemy 4,FSM,PatrolState,None,1.00,48.9,0
0.00,FSM Enemy 6,FSM,PatrolState,None,1.00,28.1,0
0.00,FSM Enemy 7,FSM,PatrolState,None,1.00,28.1,0
0.00,FSM Enemy 3,FSM,PatrolState,None,0.90,82.0,0
0.00,FSM Enemy 5,FSM,PatrolState,None,1.00,69.3,0
0.00,FSM Enemy 8,FSM,PatrolState,None,1.00,48.1,0
0.00,FSM Enemy 9,FSM,PatrolState,None,1.00,33.4,0
0.00,FSM Enemy 11,FSM,PatrolState,None,1.00,37.9,0
0.00,FSM Enemy 2,FSM,PatrolState,None,1.00,89.4,0
0.00,FSM Enemy 10,FSM,PatrolState,None,1.00,66.4,0
0.00,FSM Enemy 1,FSM,PatrolState,None,1.00,89.4,0
0.00,FSM Enemy 14,FSM,PatrolState,None,1.00,75.0,0
0.00,Utility Enemy 9,Utility,AttackAction,None,1.00,44.6,0
0.00,Utility Enemy 10,Utility,AttackAction,None,1.00,30.2,0
0.00,Utility Enemy 12,Utility,AttackAction,None,1.00,33.7,0
0.00,Utility Enemy 6,Utility,AttackAction,None,1.00,42.0,0
0.00,Utility Enemy 1,Utility,AttackAction,None,1.00,84.4,0
0.00,Utility Enemy 7,Utility,AttackAction,None,1.00,42.0,0
0.00,Utility Enemy 11,Utility,AttackAction,None,1.00,33.7,0
0.00,Utility Enemy 13,Utility,AttackAction,None,1.00,50.6,0
0.00,Utility Enemy 15,Utility,AttackAction,None,1.00,80.1,0
0.00,Utility Enemy 5,Utility,AttackAction,None,1.00,84.0,0
0.00,Utility Enemy 2,Utility,AttackAction,None,1.00,84.4,0
0.00,Utility Enemy 8,Utility,AttackAction,None,1.00,77.4,0
0.00,Utility Enemy 4,Utility,AttackAction,None,1.00,62.9,0
0.00,Utility Enemy 14,Utility,AttackAction,None,1.00,50.6,0
0.00,Utility Enemy 3,Utility,AttackAction,None,1.00,62.9,0
0.50,Player,Player,-,None,1.00,,0
0.50,FSM Enemy 12,FSM,PatrolState,None,1.00,37.0,0
0.50,FSM Enemy 15,FSM,PatrolState,None,1.00,29.6,0
0.50,FSM Enemy 13,FSM,PatrolState,None,1.00,48.3,0
0.50,FSM Enemy 4,FSM,PatrolState,None,1.00,48.4,0
0.50,FSM Enemy 6,FSM,PatrolState,None,1.00,29.1,0
0.50,FSM Enemy 7,FSM,PatrolState,None,1.00,27.1,0
0.50,FSM Enemy 3,FSM,PatrolState,None,0.90,81.2,0
0.50,FSM Enemy 5,FSM,PatrolState,None,1.00,69.1,0
0.50,FSM Enemy 8,FSM,PatrolState,None,1.00,47.4,0
0.50,FSM Enemy 9,FSM,PatrolState,None,1.00,33.2,0
0.50,FSM Enemy 11,FSM,PatrolState,None,1.00,38.3,0
0.50,FSM Enemy 2,FSM,PatrolState,None,1.00,89.9,0
0.50,FSM Enemy 10,FSM,PatrolState,None,1.00,67.0,0
0.50,FSM Enemy 1,FSM,PatrolState,None,1.00,90.2,0
0.50,FSM Enemy 14,FSM,PatrolState,None,1.00,75.8,0
0.50,Utility Enemy 9,Utility,AttackAction,None,1.00,44.6,0
0.50,Utility Enemy 10,Utility,AttackAction,None,1.00,30.2,0
0.50,Utility Enemy 12,Utility,AttackAction,None,1.00,33.7,0
0.50,Utility Enemy 6,Utility,AttackAction,None,1.00,42.0,0
0.50,Utility Enemy 1,Utility,AttackAction,None,1.00,84.4,0
0.50,Utility Enemy 7,Utility,AttackAction,None,1.00,42.0,0
0.50,Utility Enemy 11,Utility,AttackAction,None,1.00,33.7,0
0.50,Utility Enemy 13,Utility,AttackAction,None,1.00,50.6,0
0.50,Utility Enemy 15,Utility,AttackAction,None,1.00,80.1,0
0.50,Utility Enemy 5,Utility,AttackAction,None,1.00,84.0,0
0.50,Utility Enemy 2,Utility,AttackAction,None,1.00,84.4,0
0.50,Utility Enemy 8,Utility,AttackAction,None,1.00,77.4,0
0.50,Utility Enemy 4,Utility,AttackAction,None,1.00,62.9,0
0.50,Utility Enemy 14,Utility,AttackAction,None,1.00,50.6,0
0.50,Utility Enemy 3,Utility,AttackAction,None,1.00,62.9,0
1.01,Player,Player,-,None,1.00,,0
1.01,FSM Enemy 12,FSM,PatrolState,None,1.00,35.9,0
1.01,FSM Enemy 15,FSM,PatrolState,None,1.00,30.8,0
1.01,FSM Enemy 13,FSM,PatrolState,None,1.00,47.2,0
1.01,FSM Enemy 4,FSM,PatrolState,None,0.90,47.8,0
1.01,FSM Enemy 6,FSM,PatrolState,None,1.00,30.4,0
1.01,FSM Enemy 7,FSM,PatrolState,None,1.00,26.0,0
1.01,FSM Enemy 3,FSM,PatrolState,None,0.90,80.2,0
1.01,FSM Enemy 5,FSM,PatrolState,None,1.00,69.0,0
1.01,FSM Enemy 8,FSM,PatrolState,None,1.00,46.7,0
1.01,FSM Enemy 9,FSM,PatrolState,None,1.00,33.1,0
1.01,FSM Enemy 11,FSM,PatrolState,None,1.00,38.7,0
1.01,FSM Enemy 2,FSM,PatrolState,None,1.00,90.5,0
1.01,FSM Enemy 10,FSM,PatrolState,None,1.00,67.7,0
1.01,FSM Enemy 1,FSM,PatrolState,None,1.00,91.0,0
1.01,FSM Enemy 14,FSM,PatrolState,None,1.00,76.8,0
1.01,Utility Enemy 9,Utility,AttackAction,None,1.00,44.6,0
1.01,Utility Enemy 10,Utility,AttackAction,None,1.00,30.2,0
1.01,Utility Enemy 12,Utility,AttackAction,None,1.00,33.7,0
1.01,Utility Enemy 6,Utility,AttackAction,None,1.00,42.0,0
1.01,Utility Enemy 1,Utility,AttackAction,None,1.00,84.4,0
1.01,Utility Enemy 7,Utility,AttackAction,None,1.00,42.0,0
1.01,Utility Enemy 11,Utility,AttackAction,None,1.00,33.7,0
1.01,Utility Enemy 13,Utility,AttackAction,None,1.00,50.6,0
1.01,Utility Enemy 15,Utility,AttackAction,None,1.00,80.1,0
1.01,Utility Enemy 5,Utility,AttackAction,None,1.00,84.0,0
1.01,Utility Enemy 2,Utility,AttackAction,None,1.00,84.4,0
1.01,Utility Enemy 8,Utility,AttackAction,None,1.00,77.4,0
1.01,Utility Enemy 4,Utility,AttackAction,None,1.00,62.9,0
1.01,Utility Enemy 14,Utility,AttackAction,None,1.00,50.6,0
1.01,Utility Enemy 3,Utility,AttackAction,None,1.00,62.9,0
1.51,Player,Player,-,None,1.00,,0
1.51,FSM Enemy 12,FSM,PatrolState,None,1.00,34.7,0
1.51,FSM Enemy 15,FSM,PatrolState,None,1.00,30.3,0
1.51,FSM Enemy 13,FSM,PatrolState,None,1.00,46.2,0
1.51,FSM Enemy 4,FSM,PatrolState,None,0.90,47.3,0
1.51,FSM Enemy 6,FSM,PatrolState,None,0.90,31.6,0
1.51,FSM Enemy 7,FSM,PatrolState,None,1.00,25.2,0
1.51,FSM Enemy 3,FSM,PatrolState,None,0.90,79.2,0
1.51,FSM Enemy 5,FSM,PatrolState,None,1.00,68.9,0
1.51,FSM Enemy 8,FSM,PatrolState,None,1.00,46.0,0
1.51,FSM Enemy 9,FSM,PatrolState,None,1.00,33.1,0
1.51,FSM Enemy 11,FSM,PatrolState,None,0.90,39.2,0
1.51,FSM Enemy 2,FSM,PatrolState,None,1.00,91.0,0
1.51,FSM Enemy 10,FSM,PatrolState,None,1.00,68.4,0
1.51,FSM Enemy 1,FSM,PatrolState,None,1.00,91.9,0
1.51,FSM Enemy 14,FSM,PatrolState,None,1.00,77.8,0
1.51,Utility Enemy 9,Utility,AttackAction,None,1.00,44.6,0
1.51,Utility Enemy 10,Utility,AttackAction,None,1.00,30.2,0
1.51,Utility Enemy 12,Utility,AttackAction,None,1.00,33.7,0
1.51,Utility Enemy 6,Utility,AttackAction,None,1.00,42.0,0
1.51,Utility Enemy 1,Utility,AttackAction,None,1.00,84.4,0
1.51,Utility Enemy 7,Utility,AttackAction,None,1.00,42.0,0
1.51,Utility Enemy 11,Utility,AttackAction,None,1.00,33.7,0
1.51,Utility Enemy 13,Utility,AttackAction,None,1.00,50.6,0
1.51,Utility Enemy 15,Utility,AttackAction,None,1.00,80.1,0
1.51,Utility Enemy 5,Utility,AttackAction,None,1.00,84.0,0
1.51,Utility Enemy 2,Utility,AttackAction,None,1.00,84.4,0
1.51,Utility Enemy 8,Utility,AttackAction,None,1.00,77.4,0
1.51,Utility Enemy 4,Utility,AttackAction,None,1.00,62.9,0
1.51,Utility Enemy 14,Utility,AttackAction,None,1.00,50.6,0
1.51,Utility Enemy 3,Utility,AttackAction,None,1.00,62.9,0
2.02,Player,Player,-,None,1.00,,0
2.02,FSM Enemy 12,FSM,PatrolState,None,1.00,34.2,0
2.02,FSM Enemy 15,FSM,PatrolState,None,1.00,28.5,0
2.02,FSM Enemy 13,FSM,PatrolState,None,1.00,46.3,0
2.02,FSM Enemy 4,FSM,PatrolState,None,0.90,47.4,0
2.02,FSM Enemy 6,FSM,PatrolState,None,0.80,33.5,0
2.02,FSM Enemy 7,FSM,PatrolState,None,1.00,24.8,0
2.02,FSM Enemy 3,FSM,PatrolState,None,0.90,78.0,0
2.02,FSM Enemy 5,FSM,PatrolState,None,1.00,68.3,0
2.02,FSM Enemy 8,FSM,PatrolState,None,1.00,45.1,0
2.02,FSM Enemy 9,FSM,PatrolState,None,1.00,33.0,0
2.02,FSM Enemy 11,FSM,PatrolState,None,0.90,39.0,0
2.02,FSM Enemy 2,FSM,PatrolState,None,1.00,91.8,0
2.02,FSM Enemy 10,FSM,PatrolState,None,1.00,68.2,0
2.02,FSM Enemy 1,FSM,PatrolState,None,1.00,92.3,0
2.02,FSM Enemy 14,FSM,PatrolState,None,1.00,79.0,0
2.02,Utility Enemy 9,Utility,AttackAction,None,1.00,45.2,0
2.02,Utility Enemy 10,Utility,AttackAction,None,1.00,31.0,0
2.02,Utility Enemy 12,Utility,AttackAction,None,1.00,34.4,0
2.02,Utility Enemy 6,Utility,AttackAction,None,1.00,41.4,0
2.02,Utility Enemy 1,Utility,AttackAction,None,1.00,84.1,0
2.02,Utility Enemy 7,Utility,AttackAction,None,1.00,42.8,0
2.02,Utility Enemy 11,Utility,AttackAction,None,1.00,33.0,0
2.02,Utility Enemy 13,Utility,AttackAction,None,1.00,49.9,0
2.02,Utility Enemy 15,Utility,AttackAction,None,1.00,79.7,0
2.02,Utility Enemy 5,Utility,AttackAction,None,1.00,83.8,0
2.02,Utility Enemy 2,Utility,AttackAction,None,1.00,84.4,0
2.02,Utility Enemy 8,Utility,AttackAction,None,1.00,76.9,0
2.02,Utility Enemy 4,Utility,AttackAction,None,1.00,62.3,0
2.02,Utility Enemy 14,Utility,AttackAction,None,1.00,51.1,0
2.02,Utility Enemy 3,Utility,AttackAction,None,1.00,63.3,0
2.52,Player,Player,-,None,1.00,,0
2.52,FSM Enemy 12,FSM,PatrolState,None,1.00,35.5,0
2.52,FSM Enemy 15,FSM,PatrolState,None,1.00,25.5,0
2.52,FSM Enemy 13,FSM,PatrolState,None,1.00,45.3,0
2.52,FSM Enemy 4,FSM,PatrolState,None,0.90,49.1,0
2.52,FSM Enemy 6,FSM,PatrolState,None,0.80,37.1,0
2.52,FSM Enemy 7,FSM,PatrolState,None,1.00,22.9,0
2.52,FSM Enemy 3,FSM,PatrolState,None,0.90,76.7,0
2.52,FSM Enemy 5,FSM,PatrolState,None,1.00,66.6,0
2.52,FSM Enemy 8,FSM,PatrolState,None,1.00,44.2,0
2.52,FSM Enemy 9,FSM,PatrolState,None,1.00,33.1,0
2.52,FSM Enemy 11,FSM,PatrolState,None,0.90,37.3,0
2.52,FSM Enemy 2,FSM,PatrolState,None,1.00,93.1,0
2.52,FSM Enemy 10,FSM,PatrolState,None,1.00,67.8,0
2.52,FSM Enemy 1,FSM,PatrolState,None,1.00,92.0,0
2.52,FSM Enemy 14,FSM,PatrolState,None,1.00,81.2,0
2.52,Utility Enemy 9,Utility,AttackAction,None,1.00,47.4,0
2.52,Utility Enemy 10,Utility,AttackAction,None,1.00,33.4,0
2.52,Utility Enemy 12,Utility,AttackAction,None,1.00,36.7,0
2.52,Utility Enemy 6,Utility,AttackAction,None,1.00,39.0,0
2.52,Utility Enemy 1,Utility,AttackAction,None,1.00,83.4,0
2.52,Utility Enemy 7,Utility,AttackAction,None,1.00,45.1,0
2.52,Utility Enemy 11,Utility,AttackAction,None,1.00,30.7,0
2.52,Utility Enemy 13,Utility,AttackAction,None,1.00,47.8,0
2.52,Utility Enemy 15,Utility,AttackAction,None,1.00,78.6,0
2.52,Utility Enemy 5,Utility,AttackAction,None,1.00,83.7,0
2.52,Utility Enemy 2,Utility,AttackAction,None,1.00,84.8,0
2.52,Utility Enemy 8,Utility,AttackAction,None,1.00,75.5,0
2.52,Utility Enemy 4,Utility,AttackAction,None,1.00,60.6,0
2.52,Utility Enemy 14,Utility,AttackAction,None,1.00,53.1,0
2.52,Utility Enemy 3,Utility,AttackAction,None,1.00,64.9,0
3.03,Player,Player,-,None,1.00,,0
3.03,FSM Enemy 12,FSM,PatrolState,None,1.00,37.0,0
3.03,FSM Enemy 15,FSM,PatrolState,None,1.00,23.1,0
3.03,FSM Enemy 13,FSM,PatrolState,None,1.00,44.6,0
3.03,FSM Enemy 4,FSM,PatrolState,None,0.90,50.7,0
3.03,FSM Enemy 6,FSM,PatrolState,None,0.80,40.4,0
3.03,FSM Enemy 7,FSM,PatrolState,None,1.00,21.3,0
3.03,FSM Enemy 3,FSM,PatrolState,None,0.90,75.9,0
3.03,FSM Enemy 5,FSM,PatrolState,None,1.00,65.6,0
3.03,FSM Enemy 8,FSM,PatrolState,None,1.00,43.3,0
3.03,FSM Enemy 9,FSM,PatrolState,None,1.00,32.7,0
3.03,FSM Enemy 11,FSM,PatrolState,None,0.90,35.8,0
3.03,FSM Enemy 2,FSM,PatrolState,None,1.00,94.0,0
3.03,FSM Enemy 10,FSM,PatrolState,None,1.00,67.6,0
3.03,FSM Enemy 1,FSM,PatrolState,None,1.00,90.6,0
3.03,FSM Enemy 14,FSM,PatrolState,None,1.00,83.5,0
3.03,Utility Enemy 9,Utility,AttackAction,None,1.00,49.4,0
3.03,Utility Enemy 10,Utility,AttackAction,None,1.00,35.3,0
3.03,Utility Enemy 12,Utility,AttackAction,None,1.00,38.7,0
3.03,Utility Enemy 6,Utility,AttackAction,None,1.00,37.0,0
3.03,Utility Enemy 1,Utility,AttackAction,None,1.00,83.2,0
3.03,Utility Enemy 7,Utility,AttackAction,None,1.00,47.1,0
3.03,Utility Enemy 11,Utility,AttackAction,None,1.00,28.7,0
3.03,Utility Enemy 13,Utility,AttackAction,None,1.00,46.1,0
3.03,Utility Enemy 15,Utility,AttackAction,None,1.00,78.0,0
3.03,Utility Enemy 5,Utility,AttackAction,None,1.00,84.0,0
3.03,Utility Enemy 2,Utility,AttackAction,None,1.00,85.6,0
3.03,Utility Enemy 8,Utility,AttackAction,None,1.00,74.6,0
3.03,Utility Enemy 4,Utility,AttackAction,None,1.00,59.3,0
3.03,Utility Enemy 14,Utility,AttackAction,None,1.00,55.0,0
3.03,Utility Enemy 3,Utility,AttackAction,None,1.00,66.5,0
3.53,Player,Player,-,None,1.00,,0
3.53,FSM Enemy 12,FSM,PatrolState,None,1.00,40.2,0
3.53,FSM Enemy 15,FSM,PatrolState,None,1.00,21.0,0
3.53,FSM Enemy 13,FSM,PatrolState,None,1.00,43.9,0
3.53,FSM Enemy 4,FSM,PatrolState,None,0.90,52.4,0
3.53,FSM Enemy 6,FSM,PatrolState,None,0.80,43.7,0
3.53,FSM Enemy 7,FSM,PatrolState,None,1.00,19.9,0
3.53,FSM Enemy 3,FSM,PatrolState,None,0.90,76.1,0
3.53,FSM Enemy 5,FSM,PatrolState,None,1.00,65.2,0
3.53,FSM Enemy 8,FSM,PatrolState,None,1.00,42.5,0
3.53,FSM Enemy 9,FSM,PatrolState,None,1.00,32.0,0
3.53,FSM Enemy 11,FSM,PatrolState,None,0.90,34.4,0
3.53,FSM Enemy 2,FSM,PatrolState,None,1.00,94.9,0
3.53,FSM Enemy 10,FSM,PatrolState,None,1.00,67.4,0
3.53,FSM Enemy 1,FSM,PatrolState,None,1.00,89.2,0
3.53,FSM Enemy 14,FSM,PatrolState,None,1.00,85.7,0
3.53,Utility Enemy 9,Utility,AttackAction,None,1.00,51.4,0
3.53,Utility Enemy 10,Utility,AttackAction,None,1.00,37.4,0
3.53,Utility Enemy 12,Utility,AttackAction,None,1.00,40.8,0
3.53,Utility Enemy 6,Utility,AttackAction,None,1.00,34.9,0
3.53,Utility Enemy 1,Utility,AttackAction,None,1.00,82.9,0
3.53,Utility Enemy 7,Utility,AttackAction,None,1.00,49.2,0
3.53,Utility Enemy 11,Utility,AttackAction,None,1.00,26.7,0
3.53,Utility Enemy 13,Utility,AttackAction,None,1.00,44.5,0
3.53,Utility Enemy 15,Utility,AttackAction,None,1.00,77.4,0
3.53,Utility Enemy 5,Utility,AttackAction,None,1.00,84.2,0
3.53,Utility Enemy 2,Utility,AttackAction,None,1.00,86.3,0
3.53,Utility Enemy 8,Utility,AttackAction,None,1.00,73.7,0
3.53,Utility Enemy 4,Utility,AttackAction,None,1.00,58.1,0
3.53,Utility Enemy 14,Utility,AttackAction,None,1.00,56.9,0
3.53,Utility Enemy 3,Utility,AttackAction,None,1.00,68.1,0
4.03,Player,Player,-,None,0.95,,0
4.03,FSM Enemy 12,FSM,PatrolState,None,1.00,44.3,0
4.03,FSM Enemy 15,FSM,PatrolState,None,1.00,18.9,0
4.03,FSM Enemy 13,FSM,PatrolState,None,1.00,41.5,0
4.03,FSM Enemy 4,FSM,PatrolState,None,0.90,54.4,0
4.03,FSM Enemy 6,FSM,PatrolState,None,0.80,47.7,0
4.03,FSM Enemy 7,FSM,Dead,None,0.00,17.7,0
4.03,FSM Enemy 3,FSM,PatrolState,None,0.90,76.7,0
4.03,FSM Enemy 5,FSM,PatrolState,None,1.00,64.7,0
4.03,FSM Enemy 8,FSM,PatrolState,None,1.00,43.5,0
4.03,FSM Enemy 9,FSM,PatrolState,None,1.00,31.7,0
4.03,FSM Enemy 11,FSM,PatrolState,None,0.90,32.2,0
4.03,FSM Enemy 2,FSM,PatrolState,None,1.00,96.2,0
4.03,FSM Enemy 10,FSM,PatrolState,None,1.00,67.7,0
4.03,FSM Enemy 1,FSM,PatrolState,None,1.00,87.8,0
4.03,FSM Enemy 14,FSM,PatrolState,None,1.00,88.6,0
4.03,Utility Enemy 9,Utility,AttackAction,None,1.00,54.1,0
4.03,Utility Enemy 10,Utility,AttackAction,None,1.00,40.2,0
4.03,Utility Enemy 12,Utility,AttackAction,None,1.00,43.6,0
4.03,Utility Enemy 6,Utility,AttackAction,None,1.00,32.1,0
4.03,Utility Enemy 1,Utility,AttackAction,None,1.00,82.8,0
4.03,Utility Enemy 7,Utility,AttackAction,None,1.00,52.0,0
4.03,Utility Enemy 11,Utility,AttackAction,None,1.00,24.1,0
4.03,Utility Enemy 13,Utility,AttackAction,None,1.00,42.3,0
4.03,Utility Enemy 15,Utility,AttackAction,None,1.00,76.7,0
4.03,Utility Enemy 5,Utility,AttackAction,None,1.00,84.7,0
4.03,Utility Enemy 2,Utility,AttackAction,None,1.00,87.4,0
4.03,Utility Enemy 8,Utility,AttackAction,None,1.00,72.6,0
4.03,Utility Enemy 4,Utility,AttackAction,None,1.00,56.5,0
4.03,Utility Enemy 14,Utility,AttackAction,None,1.00,59.6,0
4.03,Utility Enemy 3,Utility,AttackAction,None,1.00,70.4,0
4.53,Player,Player,-,None,0.95,,0
4.53,FSM Enemy 12,FSM,PatrolState,None,1.00,48.6,0
4.53,FSM Enemy 15,FSM,PatrolState,None,1.00,17.4,0
4.53,FSM Enemy 13,FSM,PatrolState,None,1.00,38.5,0
4.53,FSM Enemy 4,FSM,PatrolState,None,0.90,56.6,0
4.53,FSM Enemy 6,FSM,PatrolState,None,0.80,51.3,0
4.53,FSM Enemy 7,FSM,Dead,None,0.00,14.7,0
4.53,FSM Enemy 3,FSM,PatrolState,None,0.90,77.8,0
4.53,FSM Enemy 5,FSM,PatrolState,None,1.00,64.0,0
4.53,FSM Enemy 8,FSM,PatrolState,None,1.00,45.4,0
4.53,FSM Enemy 9,FSM,PatrolState,None,1.00,31.7,0
4.53,FSM Enemy 11,FSM,PatrolState,None,0.90,29.4,0
4.53,FSM Enemy 2,FSM,PatrolState,None,1.00,98.5,0
4.53,FSM Enemy 10,FSM,PatrolState,None,1.00,68.1,0
4.53,FSM Enemy 1,FSM,PatrolState,None,1.00,86.4,0
4.53,FSM Enemy 14,FSM,PatrolState,None,1.00,90.9,0
4.53,Utility Enemy 9,Utility,AttackAction,None,1.00,57.2,0
4.53,Utility Enemy 10,Utility,AttackAction,None,1.00,43.2,0
4.53,Utility Enemy 12,Utility,AttackAction,None,1.00,46.7,0
4.53,Utility Enemy 6,Utility,AttackAction,None,1.00,29.0,0
4.53,Utility Enemy 1,Utility,AttackAction,None,1.00,82.5,0
4.53,Utility Enemy 7,Utility,AttackAction,None,1.00,55.1,0
4.53,Utility Enemy 11,Utility,AttackAction,None,0.75,21.2,0
4.53,Utility Enemy 13,Utility,AttackAction,None,1.00,39.9,0
4.53,Utility Enemy 15,Utility,AttackAction,None,1.00,75.9,0
4.53,Utility Enemy 5,Utility,AttackAction,None,1.00,85.3,0
4.53,Utility Enemy 2,Utility,AttackAction,None,1.00,88.7,0
4.53,Utility Enemy 8,Utility,AttackAction,None,1.00,71.4,0
4.53,Utility Enemy 4,Utility,AttackAction,None,1.00,54.8,0
4.53,Utility Enemy 14,Utility,AttackAction,None,1.00,62.4,0
4.53,Utility Enemy 3,Utility,AttackAction,None,1.00,72.9,0
5.03,Player,Player,-,None,0.95,,0
5.03,FSM Enemy 12,FSM,PatrolState,None,1.00,52.8,0
5.03,FSM Enemy 15,FSM,PatrolState,None,1.00,16.6,0
5.03,FSM Enemy 13,FSM,PatrolState,None,1.00,35.4,0
5.03,FSM Enemy 4,FSM,PatrolState,None,0.90,58.6,0
5.03,FSM Enemy 6,FSM,PatrolState,None,0.80,54.3,0
5.03,FSM Enemy 7,FSM,Dead,None,0.00,11.7,0
5.03,FSM Enemy 3,FSM,PatrolState,None,0.90,79.5,0
5.03,FSM Enemy 5,FSM,PatrolState,None,1.00,63.3,0
5.03,FSM Enemy 8,FSM,PatrolState,None,1.00,47.0,0
5.03,FSM Enemy 9,FSM,PatrolState,None,1.00,31.7,0
5.03,FSM Enemy 11,FSM,PatrolState,None,0.90,26.6,0
5.03,FSM Enemy 2,FSM,PatrolState,None,1.00,100.8,0
5.03,FSM Enemy 10,FSM,PatrolState,None,1.00,68.4,0
5.03,FSM Enemy 1,FSM,PatrolState,None,1.00,84.9,0
5.03,FSM Enemy 14,FSM,PatrolState,None,1.00,92.1,0
5.03,Utility Enemy 9,Utility,AttackAction,None,1.00,60.1,0
5.03,Utility Enemy 10,Utility,AttackAction,None,1.00,46.3,0
5.03,Utility Enemy 12,Utility,AttackAction,None,1.00,49.7,0
5.03,Utility Enemy 6,Utility,AttackAction,None,1.00,25.9,0
5.03,Utility Enemy 1,Utility,AttackAction,None,1.00,82.2,0
5.03,Utility Enemy 7,Utility,AttackAction,None,1.00,58.2,0
5.03,Utility Enemy 11,Utility,SpreadFireAction,None,0.50,18.3,1
5.03,Utility Enemy 13,Utility,AttackAction,None,1.00,37.5,0
5.03,Utility Enemy 15,Utility,AttackAction,None,1.00,75.0,0
5.03,Utility Enemy 5,Utility,AttackAction,None,1.00,85.6,0
5.03,Utility Enemy 2,Utility,AttackAction,None,1.00,89.7,0
5.03,Utility Enemy 8,Utility,AttackAction,None,1.00,70.0,0
5.03,Utility Enemy 4,Utility,AttackAction,None,1.00,53.0,0
5.03,Utility Enemy 14,Utility,AttackAction,None,1.00,65.2,0
5.03,Utility Enemy 3,Utility,AttackAction,None,1.00,75.2,0
5.54,Player,Player,-,None,0.95,,0
5.54,FSM Enemy 12,FSM,PatrolState,None,1.00,57.0,0
5.54,FSM Enemy 15,FSM,PatrolState,None,1.00,16.8,0
5.54,FSM Enemy 13,FSM,PatrolState,None,1.00,32.2,0
5.54,FSM Enemy 4,FSM,PatrolState,None,0.90,60.6,0
5.54,FSM Enemy 6,FSM,PatrolState,None,0.80,56.8,0
5.54,FSM Enemy 7,FSM,Dead,None,0.00,8.8,0
5.54,FSM Enemy 3,FSM,PatrolState,None,0.90,81.2,0
5.54,FSM Enemy 5,FSM,PatrolState,None,1.00,62.7,0
5.54,FSM Enemy 8,FSM,PatrolState,None,1.00,47.4,0
5.54,FSM Enemy 9,FSM,PatrolState,None,1.00,33.4,0
5.54,FSM Enemy 11,FSM,PatrolState,None,0.90,23.9,0
5.54,FSM Enemy 2,FSM,PatrolState,None,1.00,102.9,0
5.54,FSM Enemy 10,FSM,PatrolState,None,1.00,68.7,0
5.54,FSM Enemy 1,FSM,PatrolState,None,1.00,83.6,0
5.54,FSM Enemy 14,FSM,PatrolState,None,1.00,93.3,0
5.54,Utility Enemy 9,Utility,AttackAction,None,1.00,63.0,0
5.54,Utility Enemy 10,Utility,AttackAction,None,1.00,49.4,0
5.54,Utility Enemy 12,Utility,AttackAction,None,1.00,52.7,0
5.54,Utility Enemy 6,Utility,AttackAction,None,1.00,22.9,0
5.54,Utility Enemy 1,Utility,AttackAction,None,1.00,81.8,0
5.54,Utility Enemy 7,Utility,AttackAction,None,1.00,61.3,0
5.54,Utility Enemy 11,Utility,TakeCoverAction,None,0.25,15.5,1
5.54,Utility Enemy 13,Utility,AttackAction,None,1.00,35.1,0
5.54,Utility Enemy 15,Utility,AttackAction,None,1.00,74.1,0
5.54,Utility Enemy 5,Utility,AttackAction,None,1.00,86.0,0
5.54,Utility Enemy 2,Utility,AttackAction,None,1.00,90.8,0
5.54,Utility Enemy 8,Utility,AttackAction,None,1.00,68.7,0
5.54,Utility Enemy 4,Utility,AttackAction,None,1.00,51.2,0
5.54,Utility Enemy 14,Utility,AttackAction,None,1.00,67.9,0
5.54,Utility Enemy 3,Utility,AttackAction,None,1.00,77.5,0
6.04,Player,Player,-,None,0.95,,0
6.04,FSM Enemy 12,FSM,PatrolState,None,1.00,60.6,0
6.04,FSM Enemy 15,FSM,PatrolState,None,1.00,18.0,0
6.04,FSM Enemy 13,FSM,PatrolState,None,1.00,29.3,0
6.04,FSM Enemy 4,FSM,PatrolState,None,0.90,62.3,0
6.04,FSM Enemy 6,FSM,PatrolState,None,0.80,59.0,0
6.04,FSM Enemy 7,FSM,Dead,None,0.00,6.1,0
6.04,FSM Enemy 3,FSM,PatrolState,None,0.90,82.6,0
6.04,FSM Enemy 5,FSM,PatrolState,None,1.00,62.2,0
6.04,FSM Enemy 8,FSM,PatrolState,None,1.00,47.6,0
6.04,FSM Enemy 9,FSM,PatrolState,None,1.00,35.6,0
6.04,FSM Enemy 11,FSM,PatrolState,None,0.90,21.5,0
6.04,FSM Enemy 2,FSM,PatrolState,None,1.00,104.7,0
6.04,FSM Enemy 10,FSM,PatrolState,None,1.00,68.7,0
6.04,FSM Enemy 1,FSM,PatrolState,None,1.00,82.3,0
6.04,FSM Enemy 14,FSM,PatrolState,None,1.00,94.2,0
6.04,Utility Enemy 9,Utility,AttackAction,None,1.00,65.6,0
6.04,Utility Enemy 10,Utility,AttackAction,None,1.00,52.2,0
6.04,Utility Enemy 12,Utility,AttackAction,None,1.00,55.4,0
6.04,Utility Enemy 6,Utility,AttackAction,None,1.00,20.2,0
6.04,Utility Enemy 1,Utility,AttackAction,None,1.00,81.4,0
6.04,Utility Enemy 7,Utility,AttackAction,None,1.00,64.1,0
6.04,Utility Enemy 11,Utility,ReorientAction,None,0.25,13.5,1
6.04,Utility Enemy 13,Utility,AttackAction,None,1.00,32.8,0
6.04,Utility Enemy 15,Utility,AttackAction,None,1.00,73.2,0
6.04,Utility Enemy 5,Utility,AttackAction,None,1.00,86.2,0
6.04,Utility Enemy 2,Utility,AttackAction,None,1.00,91.6,0
6.04,Utility Enemy 8,Utility,AttackAction,None,1.00,67.4,0
6.04,Utility Enemy 4,Utility,AttackAction,None,1.00,49.5,0
6.04,Utility Enemy 14,Utility,AttackAction,None,1.00,70.3,0
6.04,Utility Enemy 3,Utility,AttackAction,None,1.00,79.5,0
6.54,Player,Player,-,None,0.95,,0
6.54,FSM Enemy 12,FSM,PatrolState,None,1.00,64.0,0
6.54,FSM Enemy 15,FSM,PatrolState,None,1.00,20.4,0
6.54,FSM Enemy 13,FSM,PatrolState,None,1.00,26.4,0
6.54,FSM Enemy 4,FSM,PatrolState,None,0.90,64.1,0
6.54,FSM Enemy 6,FSM,PatrolState,None,0.80,61.4,0
6.54,FSM Enemy 7,FSM,Dead,None,0.00,3.5,0
6.54,FSM Enemy 3,FSM,PatrolState,None,0.90,83.4,0
6.54,FSM Enemy 5,FSM,PatrolState,None,1.00,61.7,0
6.54,FSM Enemy 8,FSM,PatrolState,None,1.00,47.9,0
6.54,FSM Enemy 9,FSM,PatrolState,None,1.00,37.7,0
6.54,FSM Enemy 11,FSM,PatrolState,None,0.90,19.0,0
6.54,FSM Enemy 2,FSM,PatrolState,None,1.00,106.6,0
6.54,FSM Enemy 10,FSM,PatrolState,None,1.00,68.9,0
6.54,FSM Enemy 1,FSM,PatrolState,None,1.00,81.6,0
6.54,FSM Enemy 14,FSM,PatrolState,None,1.00,95.4,0
6.54,Utility Enemy 9,Utility,AttackAction,None,1.00,68.4,0
6.54,Utility Enemy 10,Utility,AttackAction,None,1.00,55.1,0
6.54,Utility Enemy 12,Utility,AttackAction,None,1.00,58.2,0
6.54,Utility Enemy 6,Utility,SpreadFireAction,None,1.00,17.4,1
6.54,Utility Enemy 1,Utility,AttackAction,None,1.00,81.1,0
6.54,Utility Enemy 7,Utility,AttackAction,None,1.00,67.0,0
6.54,Utility Enemy 11,Utility,Dead,None,0.00,10.7,1
6.54,Utility Enemy 13,Utility,AttackAction,None,1.00,30.6,0
6.54,Utility Enemy 15,Utility,AttackAction,None,1.00,72.4,0
6.54,Utility Enemy 5,Utility,AttackAction,None,1.00,86.6,0
6.54,Utility Enemy 2,Utility,AttackAction,None,1.00,92.5,0
6.54,Utility Enemy 8,Utility,AttackAction,None,1.00,66.1,0
6.54,Utility Enemy 4,Utility,AttackAction,None,1.00,47.9,0
6.54,Utility Enemy 14,Utility,AttackAction,None,1.00,73.0,0
6.54,Utility Enemy 3,Utility,AttackAction,None,1.00,81.7,0
7.04,Player,Player,-,None,0.95,,0
7.04,FSM Enemy 12,FSM,PatrolState,None,1.00,67.9,0
7.04,FSM Enemy 15,FSM,PatrolState,None,1.00,23.7,0
7.04,FSM Enemy 13,FSM,PatrolState,None,1.00,24.0,0
7.04,FSM Enemy 4,FSM,PatrolState,None,0.90,66.5,0
7.04,FSM Enemy 6,FSM,PatrolState,None,0.70,64.2,0
7.04,FSM Enemy 7,FSM,Dead,None,0.00,3.1,0
7.04,FSM Enemy 3,FSM,PatrolState,None,0.80,83.5,0
7.04,FSM Enemy 5,FSM,PatrolState,None,1.00,60.0,0
7.04,FSM Enemy 8,FSM,PatrolState,None,1.00,49.1,0
7.04,FSM Enemy 9,FSM,PatrolState,None,1.00,40.7,0
7.04,FSM Enemy 11,FSM,PatrolState,None,0.90,15.8,0
7.04,FSM Enemy 2,FSM,PatrolState,None,1.00,109.3,0
7.04,FSM Enemy 10,FSM,PatrolState,None,1.00,70.2,0
7.04,FSM Enemy 1,FSM,PatrolState,None,1.00,81.7,0
7.04,FSM Enemy 14,FSM,PatrolState,None,1.00,97.5,0
7.04,Utility Enemy 9,Utility,AttackAction,None,1.00,71.6,0
7.04,Utility Enemy 10,Utility,AttackAction,None,1.00,58.4,0
7.04,Utility Enemy 12,Utility,AttackAction,None,1.00,61.5,0
7.04,Utility Enemy 6,Utility,SpreadFireAction,None,1.00,14.1,1
7.04,Utility Enemy 1,Utility,AttackAction,None,1.00,81.6,0
7.04,Utility Enemy 7,Utility,AttackAction,None,1.00,70.3,0
7.04,Utility Enemy 11,Utility,Dead,None,0.00,7.9,1
7.04,Utility Enemy 13,Utility,AttackAction,None,1.00,28.8,0
7.04,Utility Enemy 15,Utility,AttackAction,None,1.00,72.3,0
7.04,Utility Enemy 5,Utility,AttackAction,None,1.00,87.8,0
7.04,Utility Enemy 2,Utility,AttackAction,None,1.00,94.4,0
7.04,Utility Enemy 8,Utility,AttackAction,None,1.00,65.6,0
7.04,Utility Enemy 4,Utility,AttackAction,None,1.00,46.9,0
7.04,Utility Enemy 14,Utility,AttackAction,None,1.00,76.2,0
7.04,Utility Enemy 3,Utility,AttackAction,None,1.00,84.7,0
7.55,Player,Player,-,None,0.95,,0
7.55,FSM Enemy 12,FSM,PatrolState,None,1.00,70.9,0
7.55,FSM Enemy 15,FSM,PatrolState,None,1.00,26.8,0
7.55,FSM Enemy 13,FSM,PatrolState,None,1.00,23.6,0
7.55,FSM Enemy 4,FSM,PatrolState,None,0.90,68.1,0
7.55,FSM Enemy 6,FSM,PatrolState,None,0.70,65.7,0
7.55,FSM Enemy 7,FSM,Dead,None,0.00,5.0,1
7.55,FSM Enemy 3,FSM,PatrolState,None,0.70,83.9,0
7.55,FSM Enemy 5,FSM,PatrolState,None,1.00,59.0,0
7.55,FSM Enemy 8,FSM,PatrolState,None,1.00,50.3,0
7.55,FSM Enemy 9,FSM,PatrolState,None,1.00,43.3,0
7.55,FSM Enemy 11,FSM,AttackState,None,0.90,13.0,1
7.55,FSM Enemy 2,FSM,PatrolState,None,1.00,111.6,0
7.55,FSM Enemy 10,FSM,PatrolState,None,1.00,71.7,0
7.55,FSM Enemy 1,FSM,PatrolState,None,1.00,82.5,0
7.55,FSM Enemy 14,FSM,PatrolState,None,1.00,99.1,0
7.55,Utility Enemy 9,Utility,AttackAction,None,1.00,73.8,0
7.55,Utility Enemy 10,Utility,AttackAction,None,1.00,60.4,0
7.55,Utility Enemy 12,Utility,AttackAction,None,1.00,63.6,0
7.55,Utility Enemy 6,Utility,TakeCoverAction,None,0.25,11.8,1
7.55,Utility Enemy 1,Utility,AttackAction,None,1.00,82.7,0
7.55,Utility Enemy 7,Utility,AttackAction,None,1.00,72.3,0
7.55,Utility Enemy 11,Utility,Dead,None,0.00,7.2,1
7.55,Utility Enemy 13,Utility,AttackAction,None,1.00,28.6,0
7.55,Utility Enemy 15,Utility,AttackAction,None,1.00,73.1,0
7.55,Utility Enemy 5,Utility,AttackAction,None,1.00,89.3,0
7.55,Utility Enemy 2,Utility,AttackAction,None,1.00,96.2,0
7.55,Utility Enemy 8,Utility,AttackAction,None,1.00,66.1,0
7.55,Utility Enemy 4,Utility,AttackAction,None,1.00,47.1,0
7.55,Utility Enemy 14,Utility,AttackAction,None,1.00,78.3,0
7.55,Utility Enemy 3,Utility,AttackAction,None,1.00,86.8,0
8.05,Player,Player,-,None,0.95,,0
8.05,FSM Enemy 12,FSM,PatrolState,None,1.00,72.5,0
8.05,FSM Enemy 15,FSM,PatrolState,None,1.00,29.7,0
8.05,FSM Enemy 13,FSM,PatrolState,None,1.00,23.6,0
8.05,FSM Enemy 4,FSM,PatrolState,None,0.90,71.0,0
8.05,FSM Enemy 6,FSM,PatrolState,None,0.70,66.8,0
8.05,FSM Enemy 7,FSM,Dead,None,0.00,6.6,1
8.05,FSM Enemy 3,FSM,PatrolState,None,0.70,84.2,0
8.05,FSM Enemy 5,FSM,PatrolState,None,1.00,58.2,0
8.05,FSM Enemy 8,FSM,PatrolState,None,1.00,52.0,0
8.05,FSM Enemy 9,FSM,PatrolState,None,1.00,45.8,0
8.05,FSM Enemy 11,FSM,AttackState,None,0.90,11.1,1
8.05,FSM Enemy 2,FSM,PatrolState,None,1.00,113.7,0
8.05,FSM Enemy 10,FSM,PatrolState,None,1.00,74.5,0
8.05,FSM Enemy 1,FSM,PatrolState,None,1.00,83.3,0
8.05,FSM Enemy 14,FSM,PatrolState,None,1.00,100.5,0
8.05,Utility Enemy 9,Utility,AttackAction,None,1.00,75.7,0
8.05,Utility Enemy 10,Utility,AttackAction,None,1.00,62.1,0
8.05,Utility Enemy 12,Utility,AttackAction,None,1.00,65.5,0
8.05,Utility Enemy 6,Utility,AttackAction,None,0.25,8.3,1
8.05,Utility Enemy 1,Utility,AttackAction,None,1.00,83.8,0
8.05,Utility Enemy 7,Utility,AttackAction,None,1.00,74.0,0
8.05,Utility Enemy 11,Utility,Dead,None,0.00,6.9,1
8.05,Utility Enemy 13,Utility,AttackAction,None,1.00,28.5,0
8.05,Utility Enemy 15,Utility,AttackAction,None,1.00,73.9,0
8.05,Utility Enemy 5,Utility,AttackAction,None,1.00,90.7,0
8.05,Utility Enemy 2,Utility,AttackAction,None,1.00,97.8,0
8.05,Utility Enemy 8,Utility,AttackAction,None,1.00,66.6,0
8.05,Utility Enemy 4,Utility,AttackAction,None,1.00,47.4,0
8.05,Utility Enemy 14,Utility,AttackAction,None,1.00,80.3,0
8.05,Utility Enemy 3,Utility,AttackAction,None,1.00,88.8,0
8.55,Player,Player,-,None,0.95,,0
8.55,FSM Enemy 12,FSM,PatrolState,None,1.00,74.0,0
8.55,FSM Enemy 15,FSM,PatrolState,None,1.00,31.6,0
8.55,FSM Enemy 13,FSM,PatrolState,None,1.00,23.9,0
8.55,FSM Enemy 4,FSM,PatrolState,None,0.90,74.5,0
8.55,FSM Enemy 6,FSM,PatrolState,None,0.70,68.4,0
8.55,FSM Enemy 7,FSM,Dead,None,0.00,8.8,1
8.55,FSM Enemy 3,FSM,PatrolState,None,0.70,84.6,0
8.55,FSM Enemy 5,FSM,PatrolState,None,1.00,57.3,0
8.55,FSM Enemy 8,FSM,PatrolState,None,1.00,53.8,0
8.55,FSM Enemy 9,FSM,PatrolState,None,1.00,48.6,0
8.55,FSM Enemy 11,FSM,AttackState,None,0.90,9.0,1
8.55,FSM Enemy 2,FSM,PatrolState,None,1.00,115.1,0
8.55,FSM Enemy 10,FSM,PatrolState,None,1.00,77.6,0
8.55,FSM Enemy 1,FSM,PatrolState,None,1.00,84.1,0
8.55,FSM Enemy 14,FSM,PatrolState,None,1.00,102.2,0
8.55,Utility Enemy 9,Utility,AttackAction,None,1.00,77.9,0
8.55,Utility Enemy 10,Utility,AttackAction,None,1.00,64.2,0
8.55,Utility Enemy 12,Utility,AttackAction,None,1.00,67.7,0
8.55,Utility Enemy 6,Utility,AttackAction,None,0.25,5.9,1
8.55,Utility Enemy 1,Utility,AttackAction,None,1.00,84.9,0
8.55,Utility Enemy 7,Utility,AttackAction,None,1.00,76.1,0
8.55,Utility Enemy 11,Utility,Dead,None,0.00,7.1,0
8.55,Utility Enemy 13,Utility,AttackAction,None,1.00,28.5,0
8.55,Utility Enemy 15,Utility,AttackAction,None,1.00,74.7,0
8.55,Utility Enemy 5,Utility,AttackAction,None,1.00,92.2,0
8.55,Utility Enemy 2,Utility,AttackAction,None,1.00,99.7,0
8.55,Utility Enemy 8,Utility,AttackAction,None,1.00,67.2,0
8.55,Utility Enemy 4,Utility,AttackAction,None,1.00,47.7,0
8.55,Utility Enemy 14,Utility,AttackAction,None,1.00,82.6,0
8.55,Utility Enemy 3,Utility,AttackAction,None,1.00,91.0,0
9.05,Player,Player,-,None,0.95,,0
9.05,FSM Enemy 12,FSM,PatrolState,None,1.00,76.7,0
9.05,FSM Enemy 15,FSM,PatrolState,None,1.00,33.2,0
9.05,FSM Enemy 13,FSM,PatrolState,None,0.90,24.9,0
9.05,FSM Enemy 4,FSM,PatrolState,None,0.90,78.7,0
9.05,FSM Enemy 6,FSM,PatrolState,None,0.70,70.1,0
9.05,FSM Enemy 7,FSM,Dead,None,0.00,11.7,1
9.05,FSM Enemy 3,FSM,PatrolState,None,0.70,86.0,0
9.05,FSM Enemy 5,FSM,PatrolState,None,1.00,56.6,0
9.05,FSM Enemy 8,FSM,PatrolState,None,1.00,56.3,0
9.05,FSM Enemy 9,FSM,PatrolState,None,1.00,52.2,0
9.05,FSM Enemy 11,FSM,AttackState,None,0.90,6.5,1
9.05,FSM Enemy 2,FSM,PatrolState,None,1.00,117.0,0
9.05,FSM Enemy 10,FSM,PatrolState,None,1.00,81.6,0
9.05,FSM Enemy 1,FSM,PatrolState,None,1.00,85.2,0
9.05,FSM Enemy 14,FSM,PatrolState,None,1.00,104.7,0
9.05,Utility Enemy 9,Utility,AttackAction,None,1.00,81.0,0
9.05,Utility Enemy 10,Utility,AttackAction,None,1.00,67.0,0
9.05,Utility Enemy 12,Utility,AttackAction,None,1.00,70.7,0
9.05,Utility Enemy 6,Utility,Dead,None,0.00,2.9,1
9.05,Utility Enemy 1,Utility,AttackAction,None,1.00,86.5,0
9.05,Utility Enemy 7,Utility,AttackAction,None,1.00,79.0,0
9.05,Utility Enemy 11,Utility,Dead,None,0.00,8.6,0
9.05,Utility Enemy 13,Utility,AttackAction,None,1.00,28.7,0
9.05,Utility Enemy 15,Utility,AttackAction,None,1.00,75.9,0
9.05,Utility Enemy 5,Utility,AttackAction,None,1.00,94.4,0
9.05,Utility Enemy 2,Utility,AttackAction,None,1.00,102.2,0
9.05,Utility Enemy 8,Utility,AttackAction,None,1.00,68.0,0
9.05,Utility Enemy 4,Utility,AttackAction,None,1.00,48.4,0
9.05,Utility Enemy 14,Utility,AttackAction,None,1.00,85.6,0
9.05,Utility Enemy 3,Utility,AttackAction,None,1.00,94.1,0
9.55,Player,Player,-,None,0.95,,0
9.55,FSM Enemy 12,FSM,PatrolState,None,1.00,79.4,0
9.55,FSM Enemy 15,FSM,PatrolState,None,1.00,34.8,0
9.55,FSM Enemy 13,FSM,PatrolState,None,0.90,26.1,0
9.55,FSM Enemy 4,FSM,PatrolState,None,0.90,82.9,0
9.55,FSM Enemy 6,FSM,PatrolState,None,0.70,71.8,0
9.55,FSM Enemy 7,FSM,Dead,None,0.00,14.7,1
9.55,FSM Enemy 3,FSM,PatrolState,None,0.70,87.3,0
9.55,FSM Enemy 5,FSM,PatrolState,None,1.00,55.7,0
9.55,FSM Enemy 8,FSM,PatrolState,None,1.00,58.5,0
9.55,FSM Enemy 9,FSM,PatrolState,None,1.00,55.8,0
9.55,FSM Enemy 11,FSM,Dead,None,0.00,4.2,1
9.55,FSM Enemy 2,FSM,PatrolState,None,1.00,118.6,0
9.55,FSM Enemy 10,FSM,PatrolState,None,1.00,85.4,0
9.55,FSM Enemy 1,FSM,PatrolState,None,1.00,85.9,0
9.55,FSM Enemy 14,FSM,PatrolState,None,1.00,107.1,0
9.55,Utility Enemy 9,Utility,AttackAction,None,1.00,84.0,0
9.55,Utility Enemy 10,Utility,AttackAction,None,1.00,69.9,0
9.55,Utility Enemy 12,Utility,AttackAction,None,1.00,73.7,0
9.55,Utility Enemy 6,Utility,Dead,None,0.00,0.8,0
9.55,Utility Enemy 1,Utility,AttackAction,None,1.00,87.9,0
9.55,Utility Enemy 7,Utility,AttackAction,None,1.00,81.9,0
9.55,Utility Enemy 11,Utility,Dead,None,0.00,10.5,0
9.55,Utility Enemy 13,Utility,AttackAction,None,1.00,28.9,0
9.55,Utility Enemy 15,Utility,AttackAction,None,1.00,76.9,0
9.55,Utility Enemy 5,Utility,AttackAction,None,1.00,96.3,0
9.55,Utility Enemy 2,Utility,AttackAction,None,1.00,104.5,0
9.55,Utility Enemy 8,Utility,AttackAction,None,1.00,68.7,0
9.55,Utility Enemy 4,Utility,AttackAction,None,1.00,48.8,0
9.55,Utility Enemy 14,Utility,AttackAction,None,1.00,88.7,0
9.55,Utility Enemy 3,Utility,AttackAction,None,1.00,97.0,0
10.06,Player,Player,-,None,0.95,,0
10.06,FSM Enemy 12,FSM,PatrolState,None,1.00,81.9,0
10.06,FSM Enemy 15,FSM,PatrolState,None,1.00,35.5,0
10.06,FSM Enemy 13,FSM,PatrolState,None,0.90,26.5,0
10.06,FSM Enemy 4,FSM,PatrolState,None,0.90,86.7,0
10.06,FSM Enemy 6,FSM,PatrolState,None,0.70,73.6,0
10.06,FSM Enemy 7,FSM,Dead,None,0.00,17.0,1
10.06,FSM Enemy 3,FSM,PatrolState,None,0.70,87.5,0
10.06,FSM Enemy 5,FSM,PatrolState,None,1.00,53.5,0
10.06,FSM Enemy 8,FSM,PatrolState,None,1.00,59.4,0
10.06,FSM Enemy 9,FSM,PatrolState,None,1.00,58.7,0
10.06,FSM Enemy 11,FSM,Dead,None,0.00,2.2,1
10.06,FSM Enemy 2,FSM,PatrolState,None,1.00,119.1,0
10.06,FSM Enemy 10,FSM,PatrolState,None,1.00,88.2,0
10.06,FSM Enemy 1,FSM,PatrolState,None,1.00,85.2,0
10.06,FSM Enemy 14,FSM,PatrolState,None,1.00,108.7,0
10.06,Utility Enemy 9,Utility,AttackAction,None,1.00,86.7,0
10.06,Utility Enemy 10,Utility,AttackAction,None,1.00,72.8,0
10.06,Utility Enemy 12,Utility,AttackAction,None,1.00,76.5,0
10.06,Utility Enemy 6,Utility,Dead,None,0.00,3.0,0
10.06,Utility Enemy 1,Utility,AttackAction,None,1.00,88.0,0
10.06,Utility Enemy 7,Utility,AttackAction,None,1.00,84.8,0
10.06,Utility Enemy 11,Utility,Dead,None,0.00,11.7,0
10.06,Utility Enemy 13,Utility,AttackAction,None,1.00,28.0,0
10.06,Utility Enemy 15,Utility,AttackAction,None,1.00,76.6,0
10.06,Utility Enemy 5,Utility,AttackAction,None,1.00,96.9,0
10.06,Utility Enemy 2,Utility,AttackAction,None,1.00,105.7,0
10.06,Utility Enemy 8,Utility,AttackAction,None,1.00,68.0,0
10.06,Utility Enemy 4,Utility,AttackAction,None,1.00,48.0,0
10.06,Utility Enemy 14,Utility,AttackAction,None,1.00,91.2,0
10.06,Utility Enemy 3,Utility,AttackAction,None,1.00,99.2,0
10.56,Player,Player,-,None,0.95,,0
10.56,FSM Enemy 12,FSM,PatrolState,None,1.00,79.7,0
10.56,FSM Enemy 15,FSM,PatrolState,None,1.00,32.0,0
10.56,FSM Enemy 13,FSM,PatrolState,None,0.90,25.5,0
10.56,FSM Enemy 4,FSM,PatrolState,None,0.90,85.7,0
10.56,FSM Enemy 6,FSM,PatrolState,None,0.70,70.9,0
10.56,FSM Enemy 7,FSM,Dead,None,0.00,14.6,1
10.56,FSM Enemy 3,FSM,PatrolState,None,0.70,84.6,0
10.56,FSM Enemy 5,FSM,PatrolState,None,1.00,50.7,0
10.56,FSM Enemy 8,FSM,PatrolState,None,1.00,57.1,0
10.56,FSM Enemy 9,FSM,PatrolState,None,1.00,57.0,0
10.56,FSM Enemy 11,FSM,Dead,None,0.00,2.0,1
10.56,FSM Enemy 2,FSM,PatrolState,None,1.00,115.4,0
10.56,FSM Enemy 10,FSM,PatrolState,None,1.00,86.9,0
10.56,FSM Enemy 1,FSM,PatrolState,None,1.00,83.3,0
10.56,FSM Enemy 14,FSM,PatrolState,None,1.00,105.8,0
10.56,Utility Enemy 9,Utility,AttackAction,None,1.00,84.6,0
10.56,Utility Enemy 10,Utility,AttackAction,None,1.00,71.1,0
10.56,Utility Enemy 12,Utility,AttackAction,None,1.00,74.5,0
10.56,Utility Enemy 6,Utility,Dead,None,0.00,2.1,0
10.56,Utility Enemy 1,Utility,AttackAction,None,1.00,85.8,0
10.56,Utility Enemy 7,Utility,AttackAction,None,1.00,83.1,0
10.56,Utility Enemy 11,Utility,Dead,None,0.00,9.2,0
10.56,Utility Enemy 13,Utility,AttackAction,None,1.00,26.3,0
10.56,Utility Enemy 15,Utility,AttackAction,None,1.00,74.6,0
10.56,Utility Enemy 5,Utility,AttackAction,None,1.00,94.5,0
10.56,Utility Enemy 2,Utility,AttackAction,None,1.00,103.1,0
10.56,Utility Enemy 8,Utility,AttackAction,None,1.00,66.1,0
10.56,Utility Enemy 4,Utility,AttackAction,None,1.00,46.2,0
10.56,Utility Enemy 14,Utility,AttackAction,None,1.00,89.0,0
10.56,Utility Enemy 3,Utility,AttackAction,None,1.00,96.8,0
11.06,Player,Player,-,None,0.95,,0
11.06,FSM Enemy 12,FSM,PatrolState,None,1.00,76.5,0
11.06,FSM Enemy 15,FSM,PatrolState,None,1.00,28.4,0
11.06,FSM Enemy 13,FSM,PatrolState,None,0.90,25.0,0
11.06,FSM Enemy 4,FSM,PatrolState,None,0.90,83.9,0
11.06,FSM Enemy 6,FSM,PatrolState,None,0.70,66.9,0
11.06,FSM Enemy 7,FSM,Dead,None,0.00,11.6,1
11.06,FSM Enemy 3,FSM,PatrolState,None,0.70,82.0,0
11.06,FSM Enemy 5,FSM,PatrolState,None,1.00,49.0,0
11.06,FSM Enemy 8,FSM,PatrolState,None,1.00,55.0,0
11.06,FSM Enemy 9,FSM,PatrolState,None,1.00,54.8,0
11.06,FSM Enemy 11,FSM,Dead,None,0.00,4.9,1
11.06,FSM Enemy 2,FSM,PatrolState,None,1.00,111.7,0
11.06,FSM Enemy 10,FSM,PatrolState,None,1.00,85.3,0
11.06,FSM Enemy 1,FSM,PatrolState,None,1.00,82.6,0
11.06,FSM Enemy 14,FSM,PatrolState,None,1.00,102.6,0
11.06,Utility Enemy 9,Utility,AttackAction,None,1.00,81.6,0
11.06,Utility Enemy 10,Utility,AttackAction,None,1.00,68.2,0
11.06,Utility Enemy 12,Utility,AttackAction,None,1.00,71.5,0
11.06,Utility Enemy 6,Utility,Dead,None,0.00,3.1,1
11.06,Utility Enemy 1,Utility,AttackAction,None,1.00,84.3,0
11.06,Utility Enemy 7,Utility,AttackAction,None,1.00,80.1,0
11.06,Utility Enemy 11,Utility,Dead,None,0.00,6.7,0
11.06,Utility Enemy 13,Utility,AttackAction,None,1.00,26.0,0
11.06,Utility Enemy 15,Utility,AttackAction,None,1.00,73.5,0
11.06,Utility Enemy 5,Utility,AttackAction,None,1.00,92.5,0
11.06,Utility Enemy 2,Utility,AttackAction,None,1.00,100.8,0
11.06,Utility Enemy 8,Utility,AttackAction,None,1.00,65.4,0
11.06,Utility Enemy 4,Utility,AttackAction,None,1.00,45.7,0
11.06,Utility Enemy 14,Utility,AttackAction,None,1.00,85.9,0
11.06,Utility Enemy 3,Utility,AttackAction,None,1.00,93.8,0
11.56,Player,Player,-,None,0.95,,0
11.56,FSM Enemy 12,FSM,PatrolState,None,1.00,74.9,0
11.56,FSM Enemy 15,FSM,PatrolState,None,1.00,25.2,0
11.56,FSM Enemy 13,FSM,PatrolState,None,0.90,22.4,0
11.56,FSM Enemy 4,FSM,PatrolState,None,0.90,83.2,0
11.56,FSM Enemy 6,FSM,PatrolState,None,0.70,65.0,0
11.56,FSM Enemy 7,FSM,Dead,None,0.00,9.8,1
11.56,FSM Enemy 3,FSM,PatrolState,None,0.70,79.4,0
11.56,FSM Enemy 5,FSM,PatrolState,None,1.00,46.3,0
11.56,FSM Enemy 8,FSM,PatrolState,None,1.00,52.0,0
11.56,FSM Enemy 9,FSM,PatrolState,None,1.00,52.1,0
11.56,FSM Enemy 11,FSM,Dead,None,0.00,6.9,1
11.56,FSM Enemy 2,FSM,PatrolState,None,1.00,108.3,0
11.56,FSM Enemy 10,FSM,PatrolState,None,1.00,84.3,0
11.56,FSM Enemy 1,FSM,PatrolState,None,1.00,80.3,0
11.56,FSM Enemy 14,FSM,PatrolState,None,1.00,100.2,0
11.56,Utility Enemy 9,Utility,AttackAction,None,1.00,79.8,0
11.56,Utility Enemy 10,Utility,AttackAction,None,1.00,66.9,0
11.56,Utility Enemy 12,Utility,AttackAction,None,1.00,69.9,0
11.56,Utility Enemy 6,Utility,Dead,None,0.00,5.5,1
11.56,Utility Enemy 1,Utility,AttackAction,None,1.00,82.2,0
11.56,Utility Enemy 7,Utility,AttackAction,None,1.00,78.8,0
11.56,Utility Enemy 11,Utility,Dead,None,0.00,4.6,0
11.56,Utility Enemy 13,Utility,AttackAction,None,1.00,24.7,0
11.56,Utility Enemy 15,Utility,AttackAction,None,1.00,71.6,0
11.56,Utility Enemy 5,Utility,AttackAction,None,1.00,90.3,0
11.56,Utility Enemy 2,Utility,AttackAction,None,1.00,98.5,0
11.56,Utility Enemy 8,Utility,AttackAction,None,1.00,63.7,0
11.56,Utility Enemy 4,Utility,AttackAction,None,1.00,44.1,0
11.56,Utility Enemy 14,Utility,AttackAction,None,1.00,84.0,0
11.56,Utility Enemy 3,Utility,AttackAction,None,1.00,91.7,0
12.06,Player,Player,-,None,0.95,,0
12.06,FSM Enemy 12,FSM,PatrolState,None,1.00,75.9,0
12.06,FSM Enemy 15,FSM,PatrolState,None,1.00,24.3,0
12.06,FSM Enemy 13,FSM,PatrolState,None,0.90,20.4,0
12.06,FSM Enemy 4,FSM,PatrolState,None,0.90,85.2,0
12.06,FSM Enemy 6,FSM,PatrolState,None,0.70,67.1,0
12.06,FSM Enemy 7,FSM,Dead,None,0.00,10.6,1
12.06,FSM Enemy 3,FSM,PatrolState,None,0.70,79.9,0
12.06,FSM Enemy 5,FSM,PatrolState,None,1.00,44.1,0
12.06,FSM Enemy 8,FSM,PatrolState,None,1.00,51.0,0
12.06,FSM Enemy 9,FSM,PatrolState,None,1.00,51.4,0
12.06,FSM Enemy 11,FSM,Dead,None,0.00,6.3,0
12.06,FSM Enemy 2,FSM,PatrolState,None,1.00,107.3,0
12.06,FSM Enemy 10,FSM,PatrolState,None,1.00,85.7,0
12.06,FSM Enemy 1,FSM,PatrolState,None,1.00,79.1,0
12.06,FSM Enemy 14,FSM,PatrolState,None,1.00,100.2,0
12.06,Utility Enemy 9,Utility,AttackAction,None,1.00,80.7,0
12.06,Utility Enemy 10,Utility,AttackAction,None,1.00,68.0,0
12.06,Utility Enemy 12,Utility,AttackAction,None,1.00,70.8,0
12.06,Utility Enemy 6,Utility,Dead,None,0.00,5.8,0
12.06,Utility Enemy 1,Utility,AttackAction,None,1.00,81.6,0
12.06,Utility Enemy 7,Utility,AttackAction,None,1.00,79.8,0
12.06,Utility Enemy 11,Utility,Dead,None,0.00,4.4,0
12.06,Utility Enemy 13,Utility,AttackAction,None,1.00,23.5,0
12.06,Utility Enemy 15,Utility,AttackAction,None,1.00,70.8,0
12.06,Utility Enemy 5,Utility,AttackAction,None,1.00,89.9,0
12.06,Utility Enemy 2,Utility,AttackAction,None,1.00,98.3,0
12.06,Utility Enemy 8,Utility,AttackAction,None,1.00,62.8,0
12.06,Utility Enemy 4,Utility,AttackAction,None,1.00,43.1,0
12.06,Utility Enemy 14,Utility,AttackAction,None,1.00,84.8,0
12.06,Utility Enemy 3,Utility,AttackAction,None,1.00,92.1,0
12.57,Player,Player,-,None,0.95,,0
12.57,FSM Enemy 12,FSM,PatrolState,None,1.00,76.7,0
12.57,FSM Enemy 15,FSM,PatrolState,None,1.00,23.7,0
12.57,FSM Enemy 13,FSM,PatrolState,None,0.90,19.5,0
12.57,FSM Enemy 4,FSM,PatrolState,None,0.90,86.7,0
12.57,FSM Enemy 6,FSM,PatrolState,None,0.70,68.7,0
12.57,FSM Enemy 7,FSM,Dead,None,0.00,11.0,1
12.57,FSM Enemy 3,FSM,PatrolState,None,0.70,81.0,0
12.57,FSM Enemy 5,FSM,PatrolState,None,1.00,42.9,0
12.57,FSM Enemy 8,FSM,PatrolState,None,1.00,50.6,0
12.57,FSM Enemy 9,FSM,PatrolState,None,1.00,50.5,0
12.57,FSM Enemy 11,FSM,Dead,None,0.00,6.2,0
12.57,FSM Enemy 2,FSM,PatrolState,None,1.00,106.4,0
12.57,FSM Enemy 10,FSM,PatrolState,None,1.00,87.2,0
12.57,FSM Enemy 1,FSM,PatrolState,None,1.00,80.3,0
12.57,FSM Enemy 14,FSM,PatrolState,None,1.00,100.2,0
12.57,Utility Enemy 9,Utility,AttackAction,None,1.00,81.0,0
12.57,Utility Enemy 10,Utility,AttackAction,None,1.00,68.3,0
12.57,Utility Enemy 12,Utility,AttackAction,None,1.00,71.2,0
12.57,Utility Enemy 6,Utility,Dead,None,0.00,5.8,0
12.57,Utility Enemy 1,Utility,AttackAction,None,1.00,81.6,0
12.57,Utility Enemy 7,Utility,AttackAction,None,1.00,80.1,0
12.57,Utility Enemy 11,Utility,Dead,None,0.00,4.8,0
12.57,Utility Enemy 13,Utility,AttackAction,None,1.00,23.5,0
12.57,Utility Enemy 15,Utility,AttackAction,None,1.00,70.8,0
12.57,Utility Enemy 5,Utility,AttackAction,None,1.00,90.1,0
12.57,Utility Enemy 2,Utility,AttackAction,None,1.00,98.5,0
12.57,Utility Enemy 8,Utility,AttackAction,None,1.00,62.8,0
12.57,Utility Enemy 4,Utility,AttackAction,None,1.00,43.1,0
12.57,Utility Enemy 14,Utility,AttackAction,None,1.00,85.1,0
12.57,Utility Enemy 3,Utility,AttackAction,None,1.00,92.4,0
13.07,Player,Player,-,None,0.95,,0
13.07,FSM Enemy 12,FSM,PatrolState,None,1.00,80.0,0
13.07,FSM Enemy 15,FSM,PatrolState,None,1.00,24.3,0
13.07,FSM Enemy 13,FSM,ChaseState,None,0.90,18.1,1
13.07,FSM Enemy 4,FSM,PatrolState,None,0.90,87.9,0
13.07,FSM Enemy 6,FSM,PatrolState,None,0.70,71.9,0
13.07,FSM Enemy 7,FSM,Dead,None,0.00,13.3,1
13.07,FSM Enemy 3,FSM,PatrolState,None,0.70,83.1,0
13.07,FSM Enemy 5,FSM,PatrolState,None,1.00,43.2,0
13.07,FSM Enemy 8,FSM,PatrolState,None,1.00,51.1,0
13.07,FSM Enemy 9,FSM,PatrolState,None,1.00,51.2,0
13.07,FSM Enemy 11,FSM,Dead,None,0.00,5.6,0
13.07,FSM Enemy 2,FSM,PatrolState,None,1.00,106.8,0
13.07,FSM Enemy 10,FSM,PatrolState,None,1.00,90.0,0
13.07,FSM Enemy 1,FSM,PatrolState,None,1.00,81.4,0
13.07,FSM Enemy 14,FSM,PatrolState,None,1.00,101.7,0
13.07,Utility Enemy 9,Utility,AttackAction,None,1.00,83.1,0
13.07,Utility Enemy 10,Utility,AttackAction,None,1.00,70.4,0
13.07,Utility Enemy 12,Utility,AttackAction,None,1.00,73.2,0
13.07,Utility Enemy 6,Utility,Dead,None,0.00,6.3,0
13.07,Utility Enemy 1,Utility,AttackAction,None,1.00,82.2,0
13.07,Utility Enemy 7,Utility,AttackAction,None,1.00,82.2,0
13.07,Utility Enemy 11,Utility,Dead,None,0.00,7.1,0
13.07,Utility Enemy 13,Utility,AttackAction,None,1.00,23.3,0
13.07,Utility Enemy 15,Utility,AttackAction,None,1.00,71.1,0
13.07,Utility Enemy 5,Utility,AttackAction,None,1.00,91.0,0
13.07,Utility Enemy 2,Utility,AttackAction,None,1.00,99.8,0
13.07,Utility Enemy 8,Utility,AttackAction,None,1.00,62.8,0
13.07,Utility Enemy 4,Utility,AttackAction,None,1.00,43.0,0
13.07,Utility Enemy 14,Utility,AttackAction,None,1.00,87.1,0
13.07,Utility Enemy 3,Utility,AttackAction,None,1.00,94.3,0
13.57,Player,Player,-,None,0.89,,0
13.57,FSM Enemy 12,FSM,PatrolState,None,1.00,82.5,0
13.57,FSM Enemy 15,FSM,PatrolState,None,1.00,24.3,0
13.57,FSM Enemy 13,FSM,AttackState,None,0.90,17.2,1
13.57,FSM Enemy 4,FSM,PatrolState,None,0.90,87.9,0
13.57,FSM Enemy 6,FSM,PatrolState,None,0.70,74.4,0
13.57,FSM Enemy 7,FSM,Dead,None,0.00,14.5,1
13.57,FSM Enemy 3,FSM,PatrolState,None,0.70,85.0,0
13.57,FSM Enemy 5,FSM,PatrolState,None,1.00,43.7,0
13.57,FSM Enemy 8,FSM,PatrolState,None,1.00,51.4,0
13.57,FSM Enemy 9,FSM,PatrolState,None,1.00,52.9,0
13.57,FSM Enemy 11,FSM,Dead,None,0.00,5.1,0
13.57,FSM Enemy 2,FSM,PatrolState,None,1.00,106.6,0
13.57,FSM Enemy 10,FSM,PatrolState,None,1.00,92.2,0
13.57,FSM Enemy 1,FSM,PatrolState,None,1.00,82.6,0
13.57,FSM Enemy 14,FSM,PatrolState,None,1.00,102.3,0
13.57,Utility Enemy 9,Utility,AttackAction,None,1.00,84.3,0
13.57,Utility Enemy 10,Utility,AttackAction,None,1.00,71.6,0
13.57,Utility Enemy 12,Utility,AttackAction,None,1.00,74.5,0
13.57,Utility Enemy 6,Utility,Dead,None,0.00,6.4,0
13.57,Utility Enemy 1,Utility,AttackAction,None,1.00,82.6,0
13.57,Utility Enemy 7,Utility,AttackAction,None,1.00,83.4,0
13.57,Utility Enemy 11,Utility,Dead,None,0.00,8.2,0
13.57,Utility Enemy 13,Utility,AttackAction,None,1.00,23.2,0
13.57,Utility Enemy 15,Utility,AttackAction,None,1.00,71.3,0
13.57,Utility Enemy 5,Utility,AttackAction,None,1.00,91.6,0
13.57,Utility Enemy 2,Utility,AttackAction,None,1.00,100.6,0
13.57,Utility Enemy 8,Utility,AttackAction,None,1.00,62.9,0
13.57,Utility Enemy 4,Utility,AttackAction,None,1.00,43.0,0
13.57,Utility Enemy 14,Utility,AttackAction,None,1.00,88.3,0
13.57,Utility Enemy 3,Utility,AttackAction,None,1.00,95.4,0
14.07,Player,Player,-,None,0.89,,0
14.07,FSM Enemy 12,FSM,PatrolState,None,1.00,84.8,0
14.07,FSM Enemy 15,FSM,PatrolState,None,1.00,24.4,0
14.07,FSM Enemy 13,FSM,AttackState,None,0.90,17.6,1
14.07,FSM Enemy 4,FSM,PatrolState,None,0.90,87.7,0
14.07,FSM Enemy 6,FSM,PatrolState,None,0.70,76.6,0
14.07,FSM Enemy 7,FSM,Dead,None,0.00,15.9,1
14.07,FSM Enemy 3,FSM,PatrolState,None,0.70,86.8,0
14.07,FSM Enemy 5,FSM,PatrolState,None,1.00,44.5,0
14.07,FSM Enemy 8,FSM,PatrolState,None,1.00,51.6,0
14.07,FSM Enemy 9,FSM,PatrolState,None,1.00,54.8,0
14.07,FSM Enemy 11,FSM,Dead,None,0.00,6.1,0
14.07,FSM Enemy 2,FSM,PatrolState,None,1.00,106.3,0
14.07,FSM Enemy 10,FSM,PatrolState,None,1.00,94.0,0
14.07,FSM Enemy 1,FSM,PatrolState,None,1.00,83.8,0
14.07,FSM Enemy 14,FSM,PatrolState,None,1.00,102.7,0
14.07,Utility Enemy 9,Utility,AttackAction,None,1.00,85.3,0
14.07,Utility Enemy 10,Utility,AttackAction,None,1.00,72.7,0
14.07,Utility Enemy 12,Utility,AttackAction,None,1.00,75.5,0
14.07,Utility Enemy 6,Utility,Dead,None,0.00,7.6,0
14.07,Utility Enemy 1,Utility,AttackAction,None,1.00,83.0,0
14.07,Utility Enemy 7,Utility,AttackAction,None,1.00,84.5,0
14.07,Utility Enemy 11,Utility,Dead,None,0.00,9.7,0
14.07,Utility Enemy 13,Utility,AttackAction,None,1.00,23.4,0
14.07,Utility Enemy 15,Utility,AttackAction,None,1.00,71.6,0
14.07,Utility Enemy 5,Utility,AttackAction,None,1.00,92.2,0
14.07,Utility Enemy 2,Utility,AttackAction,None,1.00,101.3,0
14.07,Utility Enemy 8,Utility,AttackAction,None,1.00,63.0,0
14.07,Utility Enemy 4,Utility,AttackAction,None,1.00,43.1,0
14.07,Utility Enemy 14,Utility,AttackAction,None,1.00,89.3,0
14.07,Utility Enemy 3,Utility,AttackAction,None,1.00,96.4,0
14.57,Player,Player,-,None,0.89,,0
14.57,FSM Enemy 12,FSM,PatrolState,None,1.00,88.2,0
14.57,FSM Enemy 15,FSM,PatrolState,None,1.00,26.1,0
14.57,FSM Enemy 13,FSM,AttackState,None,0.90,17.9,1
14.57,FSM Enemy 4,FSM,PatrolState,None,0.90,88.6,0
14.57,FSM Enemy 6,FSM,PatrolState,None,0.70,80.0,0
14.57,FSM Enemy 7,FSM,Dead,None,0.00,18.3,1
14.57,FSM Enemy 3,FSM,PatrolState,None,0.70,89.3,0
14.57,FSM Enemy 5,FSM,PatrolState,None,1.00,45.4,0
14.57,FSM Enemy 8,FSM,PatrolState,None,1.00,52.7,0
14.57,FSM Enemy 9,FSM,PatrolState,None,1.00,57.7,0
14.57,FSM Enemy 11,FSM,Dead,None,0.00,7.1,0
14.57,FSM Enemy 2,FSM,PatrolState,None,1.00,107.1,0
14.57,FSM Enemy 10,FSM,PatrolState,None,1.00,95.2,0
14.57,FSM Enemy 1,FSM,PatrolState,None,1.00,84.1,0
14.57,FSM Enemy 14,FSM,PatrolState,None,1.00,104.2,0
14.57,Utility Enemy 9,Utility,AttackAction,None,1.00,87.5,0
14.57,Utility Enemy 10,Utility,AttackAction,None,1.00,74.8,0
14.57,Utility Enemy 12,Utility,AttackAction,None,1.00,77.7,0
14.57,Utility Enemy 6,Utility,Dead,None,0.00,9.2,0
14.57,Utility Enemy 1,Utility,AttackAction,None,1.00,83.7,0
14.57,Utility Enemy 7,Utility,AttackAction,None,1.00,86.6,0
14.57,Utility Enemy 11,Utility,Dead,None,0.00,12.0,0
14.57,Utility Enemy 13,Utility,AttackAction,None,1.00,23.7,0
14.57,Utility Enemy 15,Utility,AttackAction,None,1.00,72.1,0
14.57,Utility Enemy 5,Utility,AttackAction,None,1.00,93.3,0
14.57,Utility Enemy 2,Utility,AttackAction,None,1.00,102.7,0
14.57,Utility Enemy 8,Utility,AttackAction,None,1.00,63.2,0
14.57,Utility Enemy 4,Utility,AttackAction,None,1.00,43.3,0
14.57,Utility Enemy 14,Utility,AttackAction,None,1.00,91.4,0
14.57,Utility Enemy 3,Utility,AttackAction,None,1.00,98.4,0
15.08,Player,Player,-,None,0.89,,0
15.08,FSM Enemy 12,FSM,PatrolState,None,1.00,91.8,0
15.08,FSM Enemy 15,FSM,PatrolState,None,1.00,29.0,0
15.08,FSM Enemy 13,FSM,ChaseState,None,0.90,18.6,0
15.08,FSM Enemy 4,FSM,PatrolState,None,0.90,89.8,0
15.08,FSM Enemy 6,FSM,PatrolState,None,0.70,83.5,0
15.08,FSM Enemy 7,FSM,Dead,None,0.00,20.6,0
15.08,FSM Enemy 3,FSM,PatrolState,None,0.70,92.2,0
15.08,FSM Enemy 5,FSM,PatrolState,None,1.00,46.9,0
15.08,FSM Enemy 8,FSM,PatrolState,None,1.00,54.3,0
15.08,FSM Enemy 9,FSM,PatrolState,None,1.00,61.0,0
15.08,FSM Enemy 11,FSM,Dead,None,0.00,7.6,0
15.08,FSM Enemy 2,FSM,PatrolState,None,1.00,109.7,0
15.08,FSM Enemy 10,FSM,PatrolState,None,1.00,96.8,0
15.08,FSM Enemy 1,FSM,PatrolState,None,1.00,84.9,0
15.08,FSM Enemy 14,FSM,PatrolState,None,1.00,106.2,0
15.08,Utility Enemy 9,Utility,AttackAction,None,1.00,90.0,0
15.08,Utility Enemy 10,Utility,AttackAction,None,1.00,77.2,0
15.08,Utility Enemy 12,Utility,AttackAction,None,1.00,80.2,0
15.08,Utility Enemy 6,Utility,Dead,None,0.00,10.2,0
15.08,Utility Enemy 1,Utility,AttackAction,None,1.00,85.0,0
15.08,Utility Enemy 7,Utility,AttackAction,None,1.00,89.0,0
15.08,Utility Enemy 11,Utility,Dead,None,0.00,14.1,0
15.08,Utility Enemy 13,Utility,AttackAction,None,1.00,24.4,0
15.08,Utility Enemy 15,Utility,AttackAction,None,1.00,73.0,0
15.08,Utility Enemy 5,Utility,AttackAction,None,1.00,95.0,0
15.08,Utility Enemy 2,Utility,AttackAction,None,1.00,104.7,0
15.08,Utility Enemy 8,Utility,AttackAction,None,1.00,63.9,0
15.08,Utility Enemy 4,Utility,AttackAction,None,1.00,43.9,0
15.08,Utility Enemy 14,Utility,AttackAction,None,1.00,93.9,0
15.08,Utility Enemy 3,Utility,AttackAction,None,1.00,100.8,0
15.58,Player,Player,-,None,0.89,,0
15.58,FSM Enemy 12,FSM,PatrolState,None,1.00,93.8,0
15.58,FSM Enemy 15,FSM,PatrolState,None,1.00,30.5,0
15.58,FSM Enemy 13,FSM,ChaseState,None,0.90,17.6,0
15.58,FSM Enemy 4,FSM,PatrolState,None,0.90,89.6,0
15.58,FSM Enemy 6,FSM,PatrolState,None,0.70,85.3,0
15.58,FSM Enemy 7,FSM,Dead,None,0.00,21.3,0
15.58,FSM Enemy 3,FSM,PatrolState,None,0.70,94.0,0
15.58,FSM Enemy 5,FSM,PatrolState,None,1.00,47.9,0
15.58,FSM Enemy 8,FSM,PatrolState,None,1.00,54.7,0
15.58,FSM Enemy 9,FSM,PatrolState,None,1.00,62.7,0
15.58,FSM Enemy 11,FSM,Dead,None,0.00,7.9,0
15.58,FSM Enemy 2,FSM,PatrolState,None,1.00,110.9,0
15.58,FSM Enemy 10,FSM,PatrolState,None,1.00,96.7,0
15.58,FSM Enemy 1,FSM,PatrolState,None,1.00,85.3,0
15.58,FSM Enemy 14,FSM,PatrolState,None,1.00,106.6,0
15.58,Utility Enemy 9,Utility,AttackAction,None,1.00,90.7,0
15.58,Utility Enemy 10,Utility,AttackAction,None,1.00,77.9,0
15.58,Utility Enemy 12,Utility,AttackAction,None,1.00,80.9,0
15.58,Utility Enemy 6,Utility,Dead,None,0.00,10.7,0
15.58,Utility Enemy 1,Utility,AttackAction,None,1.00,85.4,0
15.58,Utility Enemy 7,Utility,AttackAction,None,1.00,89.8,0
15.58,Utility Enemy 11,Utility,Dead,None,0.00,14.8,0
15.58,Utility Enemy 13,Utility,AttackAction,None,1.00,24.6,0
15.58,Utility Enemy 15,Utility,AttackAction,None,1.00,73.3,0
15.58,Utility Enemy 5,Utility,AttackAction,None,1.00,95.5,0
15.58,Utility Enemy 2,Utility,AttackAction,None,1.00,105.3,0
15.58,Utility Enemy 8,Utility,AttackAction,None,1.00,64.1,0
15.58,Utility Enemy 4,Utility,AttackAction,None,1.00,44.2,0
15.58,Utility Enemy 14,Utility,AttackAction,None,1.00,94.7,0
15.58,Utility Enemy 3,Utility,AttackAction,None,1.00,101.5,0
16.09,Player,Player,-,None,0.89,,0
16.09,FSM Enemy 12,FSM,PatrolState,None,1.00,94.0,0
16.09,FSM Enemy 15,FSM,PatrolState,None,1.00,31.0,0
16.09,FSM Enemy 13,FSM,ChaseState,None,0.90,16.1,0
16.09,FSM Enemy 4,FSM,PatrolState,None,0.90,89.8,0
16.09,FSM Enemy 6,FSM,PatrolState,None,0.70,84.3,0
16.09,FSM Enemy 7,FSM,Dead,None,0.00,20.7,0
16.09,FSM Enemy 3,FSM,PatrolState,None,0.70,94.9,0
16.09,FSM Enemy 5,FSM,PatrolState,None,1.00,48.7,0
16.09,FSM Enemy 8,FSM,PatrolState,None,1.00,55.3,0
16.09,FSM Enemy 9,FSM,PatrolState,None,1.00,63.1,0
16.09,FSM Enemy 11,FSM,Dead,None,0.00,7.6,0
16.09,FSM Enemy 2,FSM,PatrolState,None,1.00,111.0,0
16.09,FSM Enemy 10,FSM,PatrolState,None,1.00,95.6,0
16.09,FSM Enemy 1,FSM,PatrolState,None,1.00,85.5,0
16.09,FSM Enemy 14,FSM,PatrolState,None,1.00,105.7,0
16.09,Utility Enemy 9,Utility,AttackAction,None,1.00,90.1,0
16.09,Utility Enemy 10,Utility,AttackAction,None,1.00,77.3,0
16.09,Utility Enemy 12,Utility,AttackAction,None,1.00,80.3,0
16.09,Utility Enemy 6,Utility,Dead,None,0.00,10.3,0
16.09,Utility Enemy 1,Utility,AttackAction,None,1.00,85.2,0
16.09,Utility Enemy 7,Utility,AttackAction,None,1.00,89.1,0
16.09,Utility Enemy 11,Utility,Dead,None,0.00,14.3,0
16.09,Utility Enemy 13,Utility,AttackAction,None,1.00,24.6,0
16.09,Utility Enemy 15,Utility,AttackAction,None,1.00,73.2,0
16.09,Utility Enemy 5,Utility,AttackAction,None,1.00,95.2,0
16.09,Utility Enemy 2,Utility,AttackAction,None,1.00,104.9,0
16.09,Utility Enemy 8,Utility,AttackAction,None,1.00,64.1,0
16.09,Utility Enemy 4,Utility,AttackAction,None,1.00,44.2,0
16.09,Utility Enemy 14,Utility,AttackAction,None,1.00,94.1,0
16.09,Utility Enemy 3,Utility,AttackAction,None,1.00,101.0,0
16.59,Player,Player,-,None,0.89,,0
16.59,FSM Enemy 12,FSM,PatrolState,None,1.00,93.8,0
16.59,FSM Enemy 15,FSM,PatrolState,None,1.00,33.0,0
16.59,FSM Enemy 13,FSM,AttackState,None,0.90,17.4,1
16.59,FSM Enemy 4,FSM,PatrolState,None,0.90,90.7,0
16.59,FSM Enemy 6,FSM,PatrolState,None,0.70,82.8,0
16.59,FSM Enemy 7,FSM,Dead,None,0.00,21.2,0
16.59,FSM Enemy 3,FSM,PatrolState,None,0.70,97.6,0
16.59,FSM Enemy 5,FSM,PatrolState,None,1.00,51.5,0
16.59,FSM Enemy 8,FSM,PatrolState,None,1.00,57.7,0
16.59,FSM Enemy 9,FSM,PatrolState,None,1.00,64.6,0
16.59,FSM Enemy 11,FSM,Dead,None,0.00,9.0,0
16.59,FSM Enemy 2,FSM,PatrolState,None,1.00,112.4,0
16.59,FSM Enemy 10,FSM,PatrolState,None,1.00,95.8,0
16.59,FSM Enemy 1,FSM,PatrolState,None,1.00,87.7,0
16.59,FSM Enemy 14,FSM,PatrolState,None,1.00,106.2,0
16.59,Utility Enemy 9,Utility,AttackAction,None,1.00,90.0,0
16.59,Utility Enemy 10,Utility,AttackAction,None,1.00,76.8,0
16.59,Utility Enemy 12,Utility,AttackAction,None,1.00,80.0,0
16.59,Utility Enemy 6,Utility,Dead,None,0.00,10.8,0
16.59,Utility Enemy 1,Utility,AttackAction,None,1.00,86.9,0
16.59,Utility Enemy 7,Utility,AttackAction,None,1.00,88.6,0
16.59,Utility Enemy 11,Utility,Dead,None,0.00,15.5,0
16.59,Utility Enemy 13,Utility,AttackAction,None,1.00,26.9,0
16.59,Utility Enemy 15,Utility,AttackAction,None,1.00,75.1,0
16.59,Utility Enemy 5,Utility,AttackAction,None,1.00,96.7,0
16.59,Utility Enemy 2,Utility,AttackAction,None,1.00,106.1,0
16.59,Utility Enemy 8,Utility,AttackAction,None,1.00,66.2,0
16.59,Utility Enemy 4,Utility,AttackAction,None,1.00,46.3,0
16.59,Utility Enemy 14,Utility,AttackAction,None,1.00,94.1,0
16.59,Utility Enemy 3,Utility,AttackAction,None,1.00,101.4,0
17.09,Player,Player,-,None,0.89,,0
17.09,FSM Enemy 12,FSM,PatrolState,None,1.00,93.8,0
17.09,FSM Enemy 15,FSM,PatrolState,None,1.00,34.5,0
17.09,FSM Enemy 13,FSM,ChaseState,None,0.90,17.8,0
17.09,FSM Enemy 4,FSM,PatrolState,None,0.90,91.7,0
17.09,FSM Enemy 6,FSM,PatrolState,None,0.70,81.8,0
17.09,FSM Enemy 7,FSM,Dead,None,0.00,21.5,0
17.09,FSM Enemy 3,FSM,PatrolState,None,0.70,99.6,0
17.09,FSM Enemy 5,FSM,PatrolState,None,1.00,53.5,0
17.09,FSM Enemy 8,FSM,PatrolState,None,1.00,59.7,0
17.09,FSM Enemy 9,FSM,PatrolState,None,1.00,66.0,0
17.09,FSM Enemy 11,FSM,Dead,None,0.00,9.5,0
17.09,FSM Enemy 2,FSM,PatrolState,None,1.00,113.0,0
17.09,FSM Enemy 10,FSM,PatrolState,None,1.00,95.7,0
17.09,FSM Enemy 1,FSM,PatrolState,None,1.00,89.0,0
17.09,FSM Enemy 14,FSM,PatrolState,None,1.00,107.3,0
17.09,Utility Enemy 9,Utility,AttackAction,None,1.00,90.0,0
17.09,Utility Enemy 10,Utility,AttackAction,None,1.00,76.6,0
17.09,Utility Enemy 12,Utility,AttackAction,None,1.00,80.0,0
17.09,Utility Enemy 6,Utility,Dead,None,0.00,11.0,0
17.09,Utility Enemy 1,Utility,AttackAction,None,1.00,87.9,0
17.09,Utility Enemy 7,Utility,AttackAction,None,1.00,88.5,0
17.09,Utility Enemy 11,Utility,Dead,None,0.00,16.1,0
17.09,Utility Enemy 13,Utility,AttackAction,None,1.00,28.0,0
17.09,Utility Enemy 15,Utility,AttackAction,None,1.00,76.1,0
17.09,Utility Enemy 5,Utility,AttackAction,None,1.00,97.5,0
17.09,Utility Enemy 2,Utility,AttackAction,None,1.00,106.8,0
17.09,Utility Enemy 8,Utility,AttackAction,None,1.00,67.2,0
17.09,Utility Enemy 4,Utility,AttackAction,None,1.00,47.4,0
17.09,Utility Enemy 14,Utility,AttackAction,None,1.00,94.3,0
17.09,Utility Enemy 3,Utility,AttackAction,None,1.00,101.7,0
17.59,Player,Player,-,None,0.89,,0
17.59,FSM Enemy 12,FSM,PatrolState,None,1.00,94.0,0
17.59,FSM Enemy 15,FSM,PatrolState,None,1.00,36.6,0
17.59,FSM Enemy 13,FSM,ChaseState,None,0.90,18.3,0
17.59,FSM Enemy 4,FSM,PatrolState,None,0.80,92.6,0
17.59,FSM Enemy 6,FSM,PatrolState,None,0.70,81.2,0
17.59,FSM Enemy 7,FSM,Dead,None,0.00,22.5,0
17.59,FSM Enemy 3,FSM,PatrolState,None,0.70,102.2,0
17.59,FSM Enemy 5,FSM,PatrolState,None,1.00,55.9,0
17.59,FSM Enemy 8,FSM,PatrolState,None,1.00,62.2,0
17.59,FSM Enemy 9,FSM,PatrolState,None,1.00,68.0,0
17.59,FSM Enemy 11,FSM,Dead,None,0.00,10.9,0
17.59,FSM Enemy 2,FSM,PatrolState,None,1.00,113.1,0
17.59,FSM Enemy 10,FSM,PatrolState,None,1.00,96.2,0
17.59,FSM Enemy 1,FSM,PatrolState,None,1.00,90.6,0
17.59,FSM Enemy 14,FSM,PatrolState,None,1.00,108.9,0
17.59,Utility Enemy 9,Utility,AttackAction,None,1.00,90.6,0
17.59,Utility Enemy 10,Utility,AttackAction,None,1.00,76.9,0
17.59,Utility Enemy 12,Utility,AttackAction,None,1.00,80.5,0
17.59,Utility Enemy 6,Utility,Dead,None,0.00,12.0,0
17.59,Utility Enemy 1,Utility,AttackAction,None,1.00,89.3,0
17.59,Utility Enemy 7,Utility,AttackAction,None,1.00,88.8,0
17.59,Utility Enemy 11,Utility,Dead,None,0.00,17.5,0
17.59,Utility Enemy 13,Utility,AttackAction,None,1.00,29.7,0
17.59,Utility Enemy 15,Utility,AttackAction,None,1.00,77.6,0
17.59,Utility Enemy 5,Utility,AttackAction,None,1.00,98.9,0
17.59,Utility Enemy 2,Utility,AttackAction,None,1.00,108.1,0
17.59,Utility Enemy 8,Utility,AttackAction,None,1.00,68.7,0
17.59,Utility Enemy 4,Utility,AttackAction,None,1.00,48.9,0
17.59,Utility Enemy 14,Utility,AttackAction,None,1.00,95.0,0
17.59,Utility Enemy 3,Utility,AttackAction,None,1.00,102.6,0
18.09,Player,Player,-,None,0.89,,0
18.09,FSM Enemy 12,FSM,PatrolState,None,1.00,93.5,0
18.09,FSM Enemy 15,FSM,PatrolState,None,1.00,37.8,0
18.09,FSM Enemy 13,FSM,ChaseState,None,0.90,18.4,0
18.09,FSM Enemy 4,FSM,PatrolState,None,0.80,91.9,0
18.09,FSM Enemy 6,FSM,PatrolState,None,0.70,80.3,0
18.09,FSM Enemy 7,FSM,Dead,None,0.00,23.0,0
18.09,FSM Enemy 3,FSM,PatrolState,None,0.70,104.1,0
18.09,FSM Enemy 5,FSM,PatrolState,None,1.00,57.9,0
18.09,FSM Enemy 8,FSM,PatrolState,None,1.00,64.1,0
18.09,FSM Enemy 9,FSM,PatrolState,None,1.00,69.4,0
18.09,FSM Enemy 11,FSM,Dead,None,0.00,11.9,0
18.09,FSM Enemy 2,FSM,PatrolState,None,1.00,112.7,0
18.09,FSM Enemy 10,FSM,PatrolState,None,1.00,96.2,0
18.09,FSM Enemy 1,FSM,PatrolState,None,1.00,91.8,0
18.09,FSM Enemy 14,FSM,PatrolState,None,1.00,108.6,0
18.09,Utility Enemy 9,Utility,AttackAction,None,1.00,90.7,0
18.09,Utility Enemy 10,Utility,AttackAction,None,1.00,76.9,0
18.09,Utility Enemy 12,Utility,AttackAction,None,1.00,80.5,0
18.09,Utility Enemy 6,Utility,Dead,None,0.00,12.8,0
18.09,Utility Enemy 1,Utility,AttackAction,None,1.00,90.1,0
18.09,Utility Enemy 7,Utility,AttackAction,None,1.00,88.8,0
18.09,Utility Enemy 11,Utility,Dead,None,0.00,18.3,0
18.09,Utility Enemy 13,Utility,AttackAction,None,1.00,30.7,0
18.09,Utility Enemy 15,Utility,AttackAction,None,1.00,78.5,0
18.09,Utility Enemy 5,Utility,AttackAction,None,1.00,99.6,0
18.09,Utility Enemy 2,Utility,AttackAction,None,1.00,108.7,0
18.09,Utility Enemy 8,Utility,AttackAction,None,1.00,69.6,0
18.09,Utility Enemy 4,Utility,AttackAction,None,1.00,49.9,0
18.09,Utility Enemy 14,Utility,AttackAction,None,1.00,95.1,0
18.09,Utility Enemy 3,Utility,AttackAction,None,1.00,102.9,0
18.60,Player,Player,-,None,0.89,,0
18.60,FSM Enemy 12,FSM,PatrolState,None,1.00,92.3,0
18.60,FSM Enemy 15,FSM,PatrolState,None,1.00,37.8,0
18.60,FSM Enemy 13,FSM,ChaseState,None,0.90,18.5,0
18.60,FSM Enemy 4,FSM,PatrolState,None,0.80,92.4,0
18.60,FSM Enemy 6,FSM,PatrolState,None,0.70,79.4,0
18.60,FSM Enemy 7,FSM,Dead,None,0.00,23.4,0
18.60,FSM Enemy 3,FSM,PatrolState,None,0.70,106.2,0
18.60,FSM Enemy 5,FSM,PatrolState,None,1.00,60.2,0
18.60,FSM Enemy 8,FSM,PatrolState,None,1.00,65.9,0
18.60,FSM Enemy 9,FSM,PatrolState,None,1.00,70.9,0
18.60,FSM Enemy 11,FSM,Dead,None,0.00,12.6,0
18.60,FSM Enemy 2,FSM,PatrolState,None,1.00,112.4,0
18.60,FSM Enemy 10,FSM,PatrolState,None,1.00,96.2,0
18.60,FSM Enemy 1,FSM,PatrolState,None,1.00,93.1,0
18.60,FSM Enemy 14,FSM,PatrolState,None,1.00,108.0,0
18.60,Utility Enemy 9,Utility,AttackAction,None,1.00,90.7,0
18.60,Utility Enemy 10,Utility,AttackAction,None,1.00,76.7,0
18.60,Utility Enemy 12,Utility,AttackAction,None,1.00,80.5,0
18.60,Utility Enemy 6,Utility,Dead,None,0.00,13.2,0
18.60,Utility Enemy 1,Utility,AttackAction,None,1.00,91.1,0
18.60,Utility Enemy 7,Utility,AttackAction,None,1.00,88.6,0
18.60,Utility Enemy 11,Utility,Dead,None,0.00,19.0,0
18.60,Utility Enemy 13,Utility,AttackAction,None,1.00,31.8,0
18.60,Utility Enemy 15,Utility,AttackAction,None,1.00,79.5,0
18.60,Utility Enemy 5,Utility,AttackAction,None,1.00,100.4,0
18.60,Utility Enemy 2,Utility,AttackAction,None,1.00,109.4,0
18.60,Utility Enemy 8,Utility,AttackAction,None,1.00,70.6,0
18.60,Utility Enemy 4,Utility,AttackAction,None,1.00,51.0,0
18.60,Utility Enemy 14,Utility,AttackAction,None,1.00,95.3,0
18.60,Utility Enemy 3,Utility,AttackAction,None,1.00,103.2,0
19.10,Player,Player,-,None,0.89,,0
19.10,FSM Enemy 12,FSM,PatrolState,None,1.00,90.0,0
19.10,FSM Enemy 15,FSM,PatrolState,None,1.00,36.6,0
19.10,FSM Enemy 13,FSM,ChaseState,None,0.90,18.0,0
19.10,FSM Enemy 4,FSM,PatrolState,None,0.80,92.3,0
19.10,FSM Enemy 6,FSM,PatrolState,None,0.70,77.2,0
19.10,FSM Enemy 7,FSM,PatrolState,None,1.00,48.0,0
19.10,FSM Enemy 3,FSM,PatrolState,None,0.70,106.5,0
19.10,FSM Enemy 5,FSM,PatrolState,None,1.00,61.6,0
19.10,FSM Enemy 8,FSM,PatrolState,None,1.00,66.1,0
19.10,FSM Enemy 9,FSM,PatrolState,None,1.00,70.8,0
19.10,FSM Enemy 11,FSM,Dead,None,0.00,14.3,0
19.10,FSM Enemy 2,FSM,PatrolState,None,1.00,110.7,0
19.10,FSM Enemy 10,FSM,PatrolState,None,1.00,94.6,0
19.10,FSM Enemy 1,FSM,PatrolState,None,1.00,93.3,0
19.10,FSM Enemy 14,FSM,PatrolState,None,1.00,105.7,0
19.10,Utility Enemy 9,Utility,AttackAction,None,1.00,89.4,0
19.10,Utility Enemy 10,Utility,AttackAction,None,1.00,75.4,0
19.10,Utility Enemy 12,Utility,AttackAction,None,1.00,79.2,0
19.10,Utility Enemy 6,Utility,Dead,None,0.00,14.5,0
19.10,Utility Enemy 1,Utility,AttackAction,None,1.00,90.8,0
19.10,Utility Enemy 7,Utility,AttackAction,None,1.00,87.2,0
19.10,Utility Enemy 11,Utility,Dead,None,0.00,19.4,0
19.10,Utility Enemy 13,Utility,AttackAction,None,1.00,32.5,0
19.10,Utility Enemy 15,Utility,AttackAction,None,1.00,79.4,0
19.10,Utility Enemy 5,Utility,AttackAction,None,1.00,99.8,0
19.10,Utility Enemy 2,Utility,AttackAction,None,1.00,108.5,0
19.10,Utility Enemy 8,Utility,AttackAction,None,1.00,70.8,0
19.10,Utility Enemy 4,Utility,AttackAction,None,1.00,51.3,0
19.10,Utility Enemy 14,Utility,AttackAction,None,1.00,93.9,0
19.10,Utility Enemy 3,Utility,AttackAction,None,1.00,102.0,0
19.60,Player,Player,-,None,0.89,,0
19.60,FSM Enemy 12,FSM,PatrolState,None,1.00,89.0,0
19.60,FSM Enemy 15,FSM,PatrolState,None,1.00,34.1,0
19.60,FSM Enemy 13,FSM,ChaseState,None,0.90,15.5,0
19.60,FSM Enemy 4,FSM,PatrolState,None,0.80,91.5,0
19.60,FSM Enemy 6,FSM,PatrolState,None,0.70,74.7,0
19.60,FSM Enemy 7,FSM,PatrolState,None,1.00,44.9,0
19.60,FSM Enemy 3,FSM,PatrolState,None,0.70,103.9,0
19.60,FSM Enemy 5,FSM,PatrolState,None,1.00,61.6,0
19.60,FSM Enemy 8,FSM,PatrolState,None,1.00,65.0,0
19.60,FSM Enemy 9,FSM,PatrolState,None,1.00,68.0,0
19.60,FSM Enemy 11,FSM,Dead,None,0.00,13.8,0
19.60,FSM Enemy 2,FSM,PatrolState,None,1.00,109.3,0
19.60,FSM Enemy 10,FSM,PatrolState,None,1.00,92.2,0
19.60,FSM Enemy 1,FSM,PatrolState,None,1.00,92.0,0
19.60,FSM Enemy 14,FSM,PatrolState,None,1.00,102.7,0
19.60,Utility Enemy 9,Utility,AttackAction,None,1.00,87.5,0
19.60,Utility Enemy 10,Utility,AttackAction,None,1.00,73.7,0
19.60,Utility Enemy 12,Utility,AttackAction,None,1.00,77.3,0
19.60,Utility Enemy 6,Utility,Dead,None,0.00,13.8,0
19.60,Utility Enemy 1,Utility,AttackAction,None,1.00,89.3,0
19.60,Utility Enemy 7,Utility,AttackAction,None,1.00,85.5,0
19.60,Utility Enemy 11,Utility,Dead,None,0.00,17.9,0
19.60,Utility Enemy 13,Utility,AttackAction,None,1.00,31.5,0
19.60,Utility Enemy 15,Utility,AttackAction,None,1.00,78.1,0
19.60,Utility Enemy 5,Utility,AttackAction,None,1.00,98.1,0
19.60,Utility Enemy 2,Utility,AttackAction,None,1.00,106.6,0
19.60,Utility Enemy 8,Utility,AttackAction,None,1.00,69.7,0
19.60,Utility Enemy 4,Utility,AttackAction,None,1.00,50.3,0
19.60,Utility Enemy 14,Utility,AttackAction,None,1.00,92.0,0
19.60,Utility Enemy 3,Utility,AttackAction,None,1.00,100.0,0
20.10,Player,Player,-,None,0.89,,0
20.10,FSM Enemy 12,FSM,PatrolState,None,1.00,89.6,0
20.10,FSM Enemy 15,FSM,PatrolState,None,1.00,32.0,0
20.10,FSM Enemy 13,FSM,ChaseState,None,0.90,12.9,0
20.10,FSM Enemy 4,FSM,PatrolState,None,0.80,91.9,0
20.10,FSM Enemy 6,FSM,PatrolState,None,0.70,73.5,0
20.10,FSM Enemy 7,FSM,PatrolState,None,1.00,42.9,0
20.10,FSM Enemy 3,FSM,PatrolState,None,0.70,101.3,0
20.10,FSM Enemy 5,FSM,PatrolState,None,1.00,61.4,0
20.10,FSM Enemy 8,FSM,PatrolState,None,1.00,64.5,0
20.10,FSM Enemy 9,FSM,PatrolState,None,1.00,65.7,0
20.10,FSM Enemy 11,FSM,Dead,None,0.00,12.3,0
20.10,FSM Enemy 2,FSM,PatrolState,None,1.00,108.7,0
20.10,FSM Enemy 10,FSM,PatrolState,None,1.00,90.8,0
20.10,FSM Enemy 1,FSM,PatrolState,None,1.00,90.4,0
20.10,FSM Enemy 14,FSM,PatrolState,None,1.00,100.8,0
20.10,Utility Enemy 9,Utility,AttackAction,None,1.00,86.9,0
20.10,Utility Enemy 10,Utility,AttackAction,None,1.00,73.3,0
20.10,Utility Enemy 12,Utility,AttackAction,None,1.00,76.8,0
20.10,Utility Enemy 6,Utility,Dead,None,0.00,12.4,0
20.10,Utility Enemy 1,Utility,AttackAction,None,1.00,87.9,0
20.10,Utility Enemy 7,Utility,AttackAction,None,1.00,85.1,0
20.10,Utility Enemy 11,Utility,Dead,None,0.00,16.3,0
20.10,Utility Enemy 13,Utility,AttackAction,None,1.00,29.8,0
20.10,Utility Enemy 15,Utility,AttackAction,None,1.00,76.7,0
20.10,Utility Enemy 5,Utility,AttackAction,None,1.00,96.8,0
20.10,Utility Enemy 2,Utility,AttackAction,None,1.00,105.4,0
20.10,Utility Enemy 8,Utility,AttackAction,None,1.00,68.3,0
20.10,Utility Enemy 4,Utility,AttackAction,None,1.00,48.8,0
20.10,Utility Enemy 14,Utility,AttackAction,None,1.00,91.3,0
20.10,Utility Enemy 3,Utility,AttackAction,None,1.00,99.1,0
20.60,Player,Player,-,None,0.89,,0
20.60,FSM Enemy 12,FSM,PatrolState,None,1.00,90.6,0
20.60,FSM Enemy 15,FSM,PatrolState,None,1.00,31.3,0
20.60,FSM Enemy 13,FSM,ChaseState,None,0.90,11.1,0
20.60,FSM Enemy 4,FSM,PatrolState,None,0.80,93.2,0
20.60,FSM Enemy 6,FSM,PatrolState,None,0.70,72.9,0
20.60,FSM Enemy 7,FSM,PatrolState,None,1.00,41.8,0
20.60,FSM Enemy 3,FSM,PatrolState,None,0.70,99.9,0
20.60,FSM Enemy 5,FSM,PatrolState,None,1.00,62.2,0
20.60,FSM Enemy 8,FSM,PatrolState,None,1.00,65.1,0
20.60,FSM Enemy 9,FSM,PatrolState,None,1.00,64.5,0
20.60,FSM Enemy 11,FSM,Dead,None,0.00,12.2,0
20.60,FSM Enemy 2,FSM,PatrolState,None,1.00,109.2,0
20.60,FSM Enemy 10,FSM,PatrolState,None,1.00,91.8,0
20.60,FSM Enemy 1,FSM,PatrolState,None,1.00,88.8,0
20.60,FSM Enemy 14,FSM,PatrolState,None,1.00,99.8,0
20.60,Utility Enemy 9,Utility,AttackAction,None,1.00,87.0,0
20.60,Utility Enemy 10,Utility,AttackAction,None,1.00,73.5,0
20.60,Utility Enemy 12,Utility,AttackAction,None,1.00,77.0,0
20.60,Utility Enemy 6,Utility,Dead,None,0.00,12.5,0
20.60,Utility Enemy 1,Utility,AttackAction,None,1.00,87.6,0
20.60,Utility Enemy 7,Utility,AttackAction,None,1.00,85.4,0
20.60,Utility Enemy 11,Utility,Dead,None,0.00,16.2,0
20.60,Utility Enemy 13,Utility,AttackAction,None,1.00,29.5,0
20.60,Utility Enemy 15,Utility,AttackAction,None,1.00,76.4,0
20.60,Utility Enemy 5,Utility,AttackAction,None,1.00,96.5,0
20.60,Utility Enemy 2,Utility,AttackAction,None,1.00,105.2,0
20.60,Utility Enemy 8,Utility,AttackAction,None,1.00,67.9,0
20.60,Utility Enemy 4,Utility,AttackAction,None,1.00,48.4,0
20.60,Utility Enemy 14,Utility,AttackAction,None,1.00,91.4,0
20.60,Utility Enemy 3,Utility,AttackAction,None,1.00,99.1,0
21.11,Player,Player,-,None,0.89,,0
21.11,FSM Enemy 12,FSM,PatrolState,None,1.00,90.7,0
21.11,FSM Enemy 15,FSM,PatrolState,None,1.00,31.6,0
21.11,FSM Enemy 13,FSM,ChaseState,None,0.90,9.8,0
21.11,FSM Enemy 4,FSM,PatrolState,None,0.80,94.7,0
21.11,FSM Enemy 6,FSM,PatrolState,None,0.70,72.2,0
21.11,FSM Enemy 7,FSM,PatrolState,None,1.00,41.0,0
21.11,FSM Enemy 3,FSM,PatrolState,None,0.70,99.3,0
21.11,FSM Enemy 5,FSM,PatrolState,None,1.00,64.2,0
21.11,FSM Enemy 8,FSM,PatrolState,None,1.00,66.6,0
21.11,FSM Enemy 9,FSM,PatrolState,None,1.00,63.8,0
21.11,FSM Enemy 11,FSM,Dead,None,0.00,12.3,0
21.11,FSM Enemy 2,FSM,PatrolState,None,1.00,110.4,0
21.11,FSM Enemy 10,FSM,PatrolState,None,1.00,93.7,0
21.11,FSM Enemy 1,FSM,PatrolState,None,1.00,88.3,0
21.11,FSM Enemy 14,FSM,PatrolState,None,1.00,99.2,0
21.11,Utility Enemy 9,Utility,AttackAction,None,1.00,87.2,0
21.11,Utility Enemy 10,Utility,AttackAction,None,1.00,73.6,0
21.11,Utility Enemy 12,Utility,AttackAction,None,1.00,77.2,0
21.11,Utility Enemy 6,Utility,Dead,None,0.00,12.5,0
21.11,Utility Enemy 1,Utility,AttackAction,None,1.00,88.3,0
21.11,Utility Enemy 7,Utility,AttackAction,None,1.00,85.5,0
21.11,Utility Enemy 11,Utility,Dead,None,0.00,16.6,0
21.11,Utility Enemy 13,Utility,AttackAction,None,1.00,30.1,0
21.11,Utility Enemy 15,Utility,AttackAction,None,1.00,77.1,0
21.11,Utility Enemy 5,Utility,AttackAction,None,1.00,97.2,0
21.11,Utility Enemy 2,Utility,AttackAction,None,1.00,105.9,0
21.11,Utility Enemy 8,Utility,AttackAction,None,1.00,68.6,0
21.11,Utility Enemy 4,Utility,AttackAction,None,1.00,49.1,0
21.11,Utility Enemy 14,Utility,AttackAction,None,1.00,91.7,0
21.11,Utility Enemy 3,Utility,AttackAction,None,1.00,99.5,0
21.61,Player,Player,-,None,0.89,,0
21.61,FSM Enemy 12,FSM,PatrolState,None,1.00,89.7,0
21.61,FSM Enemy 15,FSM,PatrolState,None,1.00,31.5,0
21.61,FSM Enemy 13,FSM,PatrolState,None,0.90,9.1,0
21.61,FSM Enemy 4,FSM,PatrolState,None,0.80,95.4,0
21.61,FSM Enemy 6,FSM,PatrolState,None,0.70,70.8,0
21.61,FSM Enemy 7,FSM,PatrolState,None,1.00,39.3,0
21.61,FSM Enemy 3,FSM,PatrolState,None,0.70,98.2,0
21.61,FSM Enemy 5,FSM,PatrolState,None,1.00,65.8,0
21.61,FSM Enemy 8,FSM,PatrolState,None,1.00,67.4,0
21.61,FSM Enemy 9,FSM,PatrolState,None,1.00,62.3,0
21.61,FSM Enemy 11,FSM,Dead,None,0.00,12.4,0
21.61,FSM Enemy 2,FSM,PatrolState,None,1.00,110.7,0
21.61,FSM Enemy 10,FSM,PatrolState,None,1.00,94.8,0
21.61,FSM Enemy 1,FSM,PatrolState,None,1.00,87.6,0
21.61,FSM Enemy 14,FSM,PatrolState,None,1.00,97.9,0
21.61,Utility Enemy 9,Utility,AttackAction,None,1.00,86.7,0
21.61,Utility Enemy 10,Utility,AttackAction,None,1.00,72.9,0
21.61,Utility Enemy 12,Utility,AttackAction,None,1.00,76.5,0
21.61,Utility Enemy 6,Utility,Dead,None,0.00,12.3,0
21.61,Utility Enemy 1,Utility,AttackAction,None,1.00,88.5,0
21.61,Utility Enemy 7,Utility,AttackAction,None,1.00,84.8,0
21.61,Utility Enemy 11,Utility,AttackAction,None,1.00,15.2,0
21.61,Utility Enemy 13,Utility,AttackAction,None,1.00,30.5,0
21.61,Utility Enemy 15,Utility,AttackAction,None,1.00,77.4,0
21.61,Utility Enemy 5,Utility,AttackAction,None,1.00,97.3,0
21.61,Utility Enemy 2,Utility,AttackAction,None,1.00,105.8,0
21.61,Utility Enemy 8,Utility,AttackAction,None,1.00,69.0,0
21.61,Utility Enemy 4,Utility,AttackAction,None,1.00,49.5,0
21.61,Utility Enemy 14,Utility,AttackAction,None,1.00,91.1,0
21.61,Utility Enemy 3,Utility,AttackAction,None,1.00,99.1,0
22.12,Player,Player,-,None,0.89,,0
22.12,FSM Enemy 12,FSM,PatrolState,None,1.00,89.3,0
22.12,FSM Enemy 15,FSM,PatrolState,None,1.00,31.4,0
22.12,FSM Enemy 13,FSM,PatrolState,None,0.90,9.6,0
22.12,FSM Enemy 4,FSM,PatrolState,None,0.80,96.5,0
22.12,FSM Enemy 6,FSM,PatrolState,None,0.70,70.4,0
22.12,FSM Enemy 7,FSM,PatrolState,None,1.00,38.1,0
22.12,FSM Enemy 3,FSM,PatrolState,None,0.70,97.1,0
22.12,FSM Enemy 5,FSM,PatrolState,None,1.00,65.8,0
22.12,FSM Enemy 8,FSM,PatrolState,None,1.00,68.1,0
22.12,FSM Enemy 9,FSM,PatrolState,None,1.00,61.0,0
22.12,FSM Enemy 11,FSM,Dead,None,0.00,12.4,0
22.12,FSM Enemy 2,FSM,PatrolState,None,1.00,111.3,0
22.12,FSM Enemy 10,FSM,PatrolState,None,1.00,96.0,0
22.12,FSM Enemy 1,FSM,PatrolState,None,1.00,86.5,0
22.12,FSM Enemy 14,FSM,PatrolState,None,1.00,97.1,0
22.12,Utility Enemy 9,Utility,AttackAction,None,1.00,86.6,0
22.12,Utility Enemy 10,Utility,AttackAction,None,1.00,72.8,0
22.12,Utility Enemy 12,Utility,AttackAction,None,1.00,76.4,0
22.12,Utility Enemy 6,Utility,Dead,None,0.00,12.3,0
22.12,Utility Enemy 1,Utility,AttackAction,None,1.00,88.6,0
22.12,Utility Enemy 7,Utility,AttackAction,None,1.00,84.7,0
22.12,Utility Enemy 11,Utility,AttackAction,None,1.00,15.2,0
22.12,Utility Enemy 13,Utility,AttackAction,None,1.00,30.6,0
22.12,Utility Enemy 15,Utility,AttackAction,None,1.00,77.4,0
22.12,Utility Enemy 5,Utility,AttackAction,None,1.00,97.3,0
22.12,Utility Enemy 2,Utility,AttackAction,None,1.00,105.8,0
22.12,Utility Enemy 8,Utility,AttackAction,None,1.00,69.0,0
22.12,Utility Enemy 4,Utility,AttackAction,None,1.00,49.5,0
22.12,Utility Enemy 14,Utility,AttackAction,None,1.00,91.1,0
22.12,Utility Enemy 3,Utility,AttackAction,None,1.00,99.1,0
22.62,Player,Player,-,None,0.89,,0
22.62,FSM Enemy 12,FSM,PatrolState,None,1.00,89.1,0
22.62,FSM Enemy 15,FSM,PatrolState,None,1.00,31.5,0
22.62,FSM Enemy 13,FSM,PatrolState,None,0.90,10.1,0
22.62,FSM Enemy 4,FSM,PatrolState,None,0.80,96.4,0
22.62,FSM Enemy 6,FSM,PatrolState,None,0.70,70.5,0
22.62,FSM Enemy 7,FSM,PatrolState,None,1.00,36.9,0
22.62,FSM Enemy 3,FSM,PatrolState,None,0.70,96.0,0
22.62,FSM Enemy 5,FSM,PatrolState,None,1.00,65.3,0
22.62,FSM Enemy 8,FSM,PatrolState,None,1.00,67.2,0
22.62,FSM Enemy 9,FSM,PatrolState,None,1.00,59.8,0
22.62,FSM Enemy 11,FSM,Dead,None,0.00,12.4,0
22.62,FSM Enemy 2,FSM,PatrolState,None,1.00,111.9,0
22.62,FSM Enemy 10,FSM,PatrolState,None,1.00,97.2,0
22.62,FSM Enemy 1,FSM,PatrolState,None,1.00,85.4,0
22.62,FSM Enemy 14,FSM,PatrolState,None,1.00,97.9,0
22.62,Utility Enemy 9,Utility,AttackAction,None,1.00,86.6,0
22.62,Utility Enemy 10,Utility,AttackAction,None,1.00,72.8,0
22.62,Utility Enemy 12,Utility,AttackAction,None,1.00,76.4,0
22.62,Utility Enemy 6,Utility,Dead,None,0.00,12.3,0
22.62,Utility Enemy 1,Utility,AttackAction,None,1.00,88.6,0
22.62,Utility Enemy 7,Utility,AttackAction,None,1.00,84.7,0
22.62,Utility Enemy 11,Utility,AttackAction,None,1.00,15.2,0
22.62,Utility Enemy 13,Utility,AttackAction,None,1.00,30.6,0
22.62,Utility Enemy 15,Utility,AttackAction,None,1.00,77.4,0
22.62,Utility Enemy 5,Utility,AttackAction,None,1.00,97.3,0
22.62,Utility Enemy 2,Utility,AttackAction,None,1.00,105.8,0
22.62,Utility Enemy 8,Utility,AttackAction,None,1.00,69.0,0
22.62,Utility Enemy 4,Utility,AttackAction,None,1.00,49.5,0
22.62,Utility Enemy 14,Utility,AttackAction,None,1.00,91.1,0
22.62,Utility Enemy 3,Utility,AttackAction,None,1.00,99.1,0
23.12,Player,Player,-,GravityFlip,0.89,,0
23.12,FSM Enemy 12,FSM,TakeCoverState,GravityFlip,1.00,88.3,0
23.12,FSM Enemy 15,FSM,TakeCoverState,GravityFlip,1.00,30.8,0
23.12,FSM Enemy 13,FSM,TakeCoverState,GravityFlip,0.90,11.5,0
23.12,FSM Enemy 4,FSM,TakeCoverState,GravityFlip,0.80,94.8,0
23.12,FSM Enemy 6,FSM,TakeCoverState,GravityFlip,0.70,69.7,0
23.12,FSM Enemy 7,FSM,TakeCoverState,GravityFlip,1.00,36.7,0
23.12,FSM Enemy 3,FSM,TakeCoverState,GravityFlip,0.70,95.5,0
23.12,FSM Enemy 5,FSM,TakeCoverState,GravityFlip,1.00,65.3,0
23.12,FSM Enemy 8,FSM,TakeCoverState,GravityFlip,1.00,65.9,0
23.12,FSM Enemy 9,FSM,TakeCoverState,GravityFlip,1.00,58.0,0
23.12,FSM Enemy 11,FSM,Dead,GravityFlip,0.00,12.4,0
23.12,FSM Enemy 2,FSM,TakeCoverState,GravityFlip,1.00,111.6,0
23.12,FSM Enemy 10,FSM,TakeCoverState,GravityFlip,1.00,99.0,0
23.12,FSM Enemy 1,FSM,TakeCoverState,GravityFlip,1.00,85.3,0
23.12,FSM Enemy 14,FSM,TakeCoverState,GravityFlip,1.00,98.0,0
23.12,Utility Enemy 9,Utility,TakeCoverAction,GravityFlip,1.00,86.1,0
23.12,Utility Enemy 10,Utility,TakeCoverAction,GravityFlip,1.00,72.1,0
23.12,Utility Enemy 12,Utility,TakeCoverAction,GravityFlip,1.00,77.2,0
23.12,Utility Enemy 6,Utility,Dead,GravityFlip,0.00,12.3,0
23.12,Utility Enemy 1,Utility,TakeCoverAction,GravityFlip,1.00,87.8,0
23.12,Utility Enemy 7,Utility,TakeCoverAction,GravityFlip,1.00,84.4,0
23.12,Utility Enemy 11,Utility,TakeCoverAction,GravityFlip,1.00,15.3,0
23.12,Utility Enemy 13,Utility,TakeCoverAction,GravityFlip,1.00,30.1,0
23.12,Utility Enemy 15,Utility,TakeCoverAction,GravityFlip,1.00,77.4,0
23.12,Utility Enemy 5,Utility,TakeCoverAction,GravityFlip,1.00,97.4,0
23.12,Utility Enemy 2,Utility,TakeCoverAction,GravityFlip,1.00,105.0,0
23.12,Utility Enemy 8,Utility,TakeCoverAction,GravityFlip,1.00,69.6,0
23.12,Utility Enemy 4,Utility,TakeCoverAction,GravityFlip,1.00,49.3,0
23.12,Utility Enemy 14,Utility,TakeCoverAction,GravityFlip,1.00,91.1,0
23.12,Utility Enemy 3,Utility,TakeCoverAction,GravityFlip,1.00,99.6,0
23.63,Player,Player,-,GravityFlip,0.89,,0
23.63,FSM Enemy 12,FSM,TakeCoverState,GravityFlip,1.00,86.8,0
23.63,FSM Enemy 15,FSM,TakeCoverState,GravityFlip,1.00,28.7,0
23.63,FSM Enemy 13,FSM,TakeCoverState,GravityFlip,0.90,13.1,0
23.63,FSM Enemy 4,FSM,TakeCoverState,GravityFlip,0.80,93.7,0
23.63,FSM Enemy 6,FSM,TakeCoverState,GravityFlip,0.70,67.5,0
23.63,FSM Enemy 7,FSM,TakeCoverState,GravityFlip,1.00,38.5,0
23.63,FSM Enemy 3,FSM,TakeCoverState,GravityFlip,0.70,96.6,0
23.63,FSM Enemy 5,FSM,TakeCoverState,GravityFlip,1.00,66.6,0
23.63,FSM Enemy 8,FSM,TakeCoverState,GravityFlip,1.00,64.7,0
23.63,FSM Enemy 9,FSM,TakeCoverState,GravityFlip,1.00,55.8,0
23.63,FSM Enemy 11,FSM,Dead,GravityFlip,0.00,12.4,0
23.63,FSM Enemy 2,FSM,TakeCoverState,GravityFlip,1.00,109.4,0
23.63,FSM Enemy 10,FSM,TakeCoverState,GravityFlip,1.00,101.0,0
23.63,FSM Enemy 1,FSM,TakeCoverState,GravityFlip,1.00,87.3,0
23.63,FSM Enemy 14,FSM,TakeCoverState,GravityFlip,1.00,96.1,0
23.63,Utility Enemy 9,Utility,TakeCoverAction,GravityFlip,1.00,85.0,0
23.63,Utility Enemy 10,Utility,TakeCoverAction,GravityFlip,1.00,71.1,0
23.63,Utility Enemy 12,Utility,TakeCoverAction,GravityFlip,1.00,79.3,0
23.63,Utility Enemy 6,Utility,Dead,GravityFlip,0.00,12.3,0
23.63,Utility Enemy 1,Utility,TakeCoverAction,GravityFlip,1.00,85.7,0
23.63,Utility Enemy 7,Utility,TakeCoverAction,GravityFlip,1.00,83.5,0
23.63,Utility Enemy 11,Utility,TakeCoverAction,GravityFlip,1.00,15.5,0
23.63,Utility Enemy 13,Utility,TakeCoverAction,GravityFlip,1.00,28.6,0
23.63,Utility Enemy 15,Utility,TakeCoverAction,GravityFlip,1.00,77.4,0
23.63,Utility Enemy 5,Utility,TakeCoverAction,GravityFlip,1.00,97.4,0
23.63,Utility Enemy 2,Utility,TakeCoverAction,GravityFlip,1.00,102.9,0
23.63,Utility Enemy 8,Utility,TakeCoverAction,GravityFlip,1.00,71.1,0
23.63,Utility Enemy 4,Utility,TakeCoverAction,GravityFlip,1.00,48.5,0
23.63,Utility Enemy 14,Utility,TakeCoverAction,GravityFlip,1.00,91.1,0
23.63,Utility Enemy 3,Utility,TakeCoverAction,GravityFlip,1.00,101.3,0
24.13,Player,Player,-,WallDisappear,0.89,,0
24.13,FSM Enemy 12,FSM,ChaseState,WallDisappear,1.00,86.0,0
24.13,FSM Enemy 15,FSM,ChaseState,WallDisappear,1.00,27.7,0
24.13,FSM Enemy 13,FSM,ChaseState,WallDisappear,0.90,14.0,0
24.13,FSM Enemy 4,FSM,ChaseState,WallDisappear,0.80,93.6,0
24.13,FSM Enemy 6,FSM,ChaseState,WallDisappear,0.70,66.4,0
24.13,FSM Enemy 7,FSM,ChaseState,WallDisappear,1.00,39.5,0
24.13,FSM Enemy 3,FSM,ChaseState,WallDisappear,0.70,97.2,0
24.13,FSM Enemy 5,FSM,ChaseState,WallDisappear,1.00,67.3,0
24.13,FSM Enemy 8,FSM,ChaseState,WallDisappear,1.00,64.1,0
24.13,FSM Enemy 9,FSM,ChaseState,WallDisappear,1.00,54.6,0
24.13,FSM Enemy 11,FSM,Dead,WallDisappear,0.00,12.4,0
24.13,FSM Enemy 2,FSM,ChaseState,WallDisappear,1.00,108.2,0
24.13,FSM Enemy 10,FSM,ChaseState,WallDisappear,1.00,102.0,0
24.13,FSM Enemy 1,FSM,ChaseState,WallDisappear,1.00,87.9,0
24.13,FSM Enemy 14,FSM,ChaseState,WallDisappear,1.00,95.2,0
24.13,Utility Enemy 9,Utility,AttackAction,WallDisappear,1.00,84.7,0
24.13,Utility Enemy 10,Utility,AttackAction,WallDisappear,1.00,71.1,0
24.13,Utility Enemy 12,Utility,AttackAction,WallDisappear,1.00,80.6,0
24.13,Utility Enemy 6,Utility,AttackAction,WallDisappear,1.00,48.5,0
24.13,Utility Enemy 1,Utility,AttackAction,WallDisappear,1.00,84.3,0
24.13,Utility Enemy 7,Utility,AttackAction,WallDisappear,1.00,83.4,0
24.13,Utility Enemy 11,Utility,ChaseAction,WallDisappear,1.00,15.5,0
24.13,Utility Enemy 13,Utility,AttackAction,WallDisappear,1.00,27.7,0
24.13,Utility Enemy 15,Utility,AttackAction,WallDisappear,1.00,77.4,0
24.13,Utility Enemy 5,Utility,AttackAction,WallDisappear,1.00,97.4,0
24.13,Utility Enemy 2,Utility,AttackAction,WallDisappear,1.00,101.4,0
24.13,Utility Enemy 8,Utility,AttackAction,WallDisappear,1.00,71.5,0
24.13,Utility Enemy 4,Utility,AttackAction,WallDisappear,1.00,47.7,0
24.13,Utility Enemy 14,Utility,AttackAction,WallDisappear,1.00,91.1,0
24.13,Utility Enemy 3,Utility,AttackAction,WallDisappear,1.00,102.5,0
24.63,Player,Player,-,TimeStutter,0.89,,0
24.63,FSM Enemy 12,FSM,FrozenState,TimeStutter,1.00,85.1,0
24.63,FSM Enemy 15,FSM,FrozenState,TimeStutter,1.00,28.5,0
24.63,FSM Enemy 13,FSM,FrozenState,TimeStutter,0.90,13.1,0
24.63,FSM Enemy 4,FSM,FrozenState,TimeStutter,0.80,92.5,0
24.63,FSM Enemy 6,FSM,FrozenState,TimeStutter,0.70,65.5,0
24.63,FSM Enemy 7,FSM,FrozenState,TimeStutter,1.00,39.0,0
24.63,FSM Enemy 3,FSM,FrozenState,TimeStutter,0.70,96.5,0
24.63,FSM Enemy 5,FSM,FrozenState,TimeStutter,1.00,66.9,0
24.63,FSM Enemy 8,FSM,FrozenState,TimeStutter,1.00,63.3,0
24.63,FSM Enemy 9,FSM,FrozenState,TimeStutter,1.00,55.3,0
24.63,FSM Enemy 11,FSM,PatrolState,TimeStutter,1.00,81.2,0
24.63,FSM Enemy 2,FSM,FrozenState,TimeStutter,1.00,107.3,0
24.63,FSM Enemy 10,FSM,FrozenState,TimeStutter,1.00,100.9,0
24.63,FSM Enemy 1,FSM,FrozenState,TimeStutter,1.00,87.3,0
24.63,FSM Enemy 14,FSM,FrozenState,TimeStutter,1.00,94.1,0
24.63,Utility Enemy 9,Utility,FreezeAction,TimeStutter,1.00,84.7,0
24.63,Utility Enemy 10,Utility,FreezeAction,TimeStutter,1.00,71.0,0
24.63,Utility Enemy 12,Utility,FreezeAction,TimeStutter,1.00,80.5,0
24.63,Utility Enemy 6,Utility,FreezeAction,TimeStutter,1.00,48.5,0
24.63,Utility Enemy 1,Utility,FreezeAction,TimeStutter,1.00,84.3,0
24.63,Utility Enemy 7,Utility,FreezeAction,TimeStutter,1.00,83.4,0
24.63,Utility Enemy 11,Utility,FreezeAction,TimeStutter,1.00,15.3,0
24.63,Utility Enemy 13,Utility,FreezeAction,TimeStutter,1.00,27.8,0
24.63,Utility Enemy 15,Utility,FreezeAction,TimeStutter,1.00,77.4,0
24.63,Utility Enemy 5,Utility,FreezeAction,TimeStutter,1.00,97.3,0
24.63,Utility Enemy 2,Utility,FreezeAction,TimeStutter,1.00,101.2,0
24.63,Utility Enemy 8,Utility,FreezeAction,TimeStutter,1.00,71.5,0
24.63,Utility Enemy 4,Utility,FreezeAction,TimeStutter,1.00,47.8,0
24.63,Utility Enemy 14,Utility,FreezeAction,TimeStutter,1.00,90.9,0
24.63,Utility Enemy 3,Utility,FreezeAction,TimeStutter,1.00,102.4,0
25.14,Player,Player,-,PlayerDuplicate,0.89,,0
25.14,FSM Enemy 12,FSM,FrozenState,PlayerDuplicate,1.00,85.1,0
25.14,FSM Enemy 15,FSM,FrozenState,PlayerDuplicate,1.00,28.5,0
25.14,FSM Enemy 13,FSM,FrozenState,PlayerDuplicate,0.90,13.0,0
25.14,FSM Enemy 4,FSM,FrozenState,PlayerDuplicate,0.80,92.4,0
25.14,FSM Enemy 6,FSM,FrozenState,PlayerDuplicate,0.70,65.4,0
25.14,FSM Enemy 7,FSM,FrozenState,PlayerDuplicate,1.00,39.0,0
25.14,FSM Enemy 3,FSM,FrozenState,PlayerDuplicate,0.70,96.5,0
25.14,FSM Enemy 5,FSM,FrozenState,PlayerDuplicate,1.00,66.9,0
25.14,FSM Enemy 8,FSM,FrozenState,PlayerDuplicate,1.00,63.3,0
25.14,FSM Enemy 9,FSM,FrozenState,PlayerDuplicate,1.00,55.4,0
25.14,FSM Enemy 11,FSM,AttackState,PlayerDuplicate,1.00,80.5,0
25.14,FSM Enemy 2,FSM,FrozenState,PlayerDuplicate,1.00,107.2,0
25.14,FSM Enemy 10,FSM,FrozenState,PlayerDuplicate,1.00,100.8,0
25.14,FSM Enemy 1,FSM,FrozenState,PlayerDuplicate,1.00,87.3,0
25.14,FSM Enemy 14,FSM,FrozenState,PlayerDuplicate,1.00,94.0,0
25.14,Utility Enemy 9,Utility,FreezeAction,PlayerDuplicate,1.00,84.7,0
25.14,Utility Enemy 10,Utility,FreezeAction,PlayerDuplicate,1.00,71.0,0
25.14,Utility Enemy 12,Utility,FreezeAction,PlayerDuplicate,1.00,80.5,0
25.14,Utility Enemy 6,Utility,FreezeAction,PlayerDuplicate,1.00,48.5,0
25.14,Utility Enemy 1,Utility,FreezeAction,PlayerDuplicate,1.00,84.3,0
25.14,Utility Enemy 7,Utility,FreezeAction,PlayerDuplicate,1.00,83.4,0
25.14,Utility Enemy 11,Utility,FreezeAction,PlayerDuplicate,1.00,15.3,0
25.14,Utility Enemy 13,Utility,FreezeAction,PlayerDuplicate,1.00,27.8,0
25.14,Utility Enemy 15,Utility,FreezeAction,PlayerDuplicate,1.00,77.4,0
25.14,Utility Enemy 5,Utility,FreezeAction,PlayerDuplicate,1.00,97.3,0
25.14,Utility Enemy 2,Utility,FreezeAction,PlayerDuplicate,1.00,101.2,0
25.14,Utility Enemy 8,Utility,FreezeAction,PlayerDuplicate,1.00,71.5,0
25.14,Utility Enemy 4,Utility,FreezeAction,PlayerDuplicate,1.00,47.8,0
25.14,Utility Enemy 14,Utility,FreezeAction,PlayerDuplicate,1.00,90.9,0
25.14,Utility Enemy 3,Utility,FreezeAction,PlayerDuplicate,1.00,102.4,0
25.65,Player,Player,-,PlayerDuplicate,0.89,,0
25.65,FSM Enemy 12,FSM,FrozenState,PlayerDuplicate,1.00,85.1,0
25.65,FSM Enemy 15,FSM,FrozenState,PlayerDuplicate,1.00,28.5,0
25.65,FSM Enemy 13,FSM,FrozenState,PlayerDuplicate,0.90,13.0,0
25.65,FSM Enemy 4,FSM,FrozenState,PlayerDuplicate,0.80,92.4,0
25.65,FSM Enemy 6,FSM,FrozenState,PlayerDuplicate,0.70,65.4,0
25.65,FSM Enemy 7,FSM,FrozenState,PlayerDuplicate,1.00,39.0,0
25.65,FSM Enemy 3,FSM,FrozenState,PlayerDuplicate,0.70,96.5,0
25.65,FSM Enemy 5,FSM,FrozenState,PlayerDuplicate,1.00,66.9,0
25.65,FSM Enemy 8,FSM,FrozenState,PlayerDuplicate,1.00,63.3,0
25.65,FSM Enemy 9,FSM,FrozenState,PlayerDuplicate,1.00,55.4,0
25.65,FSM Enemy 11,FSM,AttackState,PlayerDuplicate,1.00,80.5,0
25.65,FSM Enemy 2,FSM,FrozenState,PlayerDuplicate,1.00,107.2,0
25.65,FSM Enemy 10,FSM,FrozenState,PlayerDuplicate,1.00,100.8,0
25.65,FSM Enemy 1,FSM,FrozenState,PlayerDuplicate,1.00,87.3,0
25.65,FSM Enemy 14,FSM,FrozenState,PlayerDuplicate,1.00,94.0,0
25.65,Utility Enemy 9,Utility,FreezeAction,PlayerDuplicate,1.00,84.7,0
25.65,Utility Enemy 10,Utility,FreezeAction,PlayerDuplicate,1.00,71.0,0
25.65,Utility Enemy 12,Utility,FreezeAction,PlayerDuplicate,1.00,80.5,0
25.65,Utility Enemy 6,Utility,FreezeAction,PlayerDuplicate,1.00,48.5,0
25.65,Utility Enemy 1,Utility,FreezeAction,PlayerDuplicate,1.00,84.3,0
25.65,Utility Enemy 7,Utility,FreezeAction,PlayerDuplicate,1.00,83.4,0
25.65,Utility Enemy 11,Utility,FreezeAction,PlayerDuplicate,1.00,15.3,0
25.65,Utility Enemy 13,Utility,FreezeAction,PlayerDuplicate,1.00,27.8,0
25.65,Utility Enemy 15,Utility,FreezeAction,PlayerDuplicate,1.00,77.4,0
25.65,Utility Enemy 5,Utility,FreezeAction,PlayerDuplicate,1.00,97.3,0
25.65,Utility Enemy 2,Utility,FreezeAction,PlayerDuplicate,1.00,101.2,0
25.65,Utility Enemy 8,Utility,FreezeAction,PlayerDuplicate,1.00,71.5,0
25.65,Utility Enemy 4,Utility,FreezeAction,PlayerDuplicate,1.00,47.8,0
25.65,Utility Enemy 14,Utility,FreezeAction,PlayerDuplicate,1.00,90.9,0
25.65,Utility Enemy 3,Utility,FreezeAction,PlayerDuplicate,1.00,102.4,0
26.15,Player,Player,-,PlayerDuplicate,0.89,,0
26.15,FSM Enemy 12,FSM,FrozenState,PlayerDuplicate,1.00,85.1,0
26.15,FSM Enemy 15,FSM,FrozenState,PlayerDuplicate,1.00,28.5,0
26.15,FSM Enemy 13,FSM,FrozenState,PlayerDuplicate,0.90,13.0,0
26.15,FSM Enemy 4,FSM,FrozenState,PlayerDuplicate,0.80,92.4,0
26.15,FSM Enemy 6,FSM,FrozenState,PlayerDuplicate,0.70,65.4,0
26.15,FSM Enemy 7,FSM,FrozenState,PlayerDuplicate,1.00,39.0,0
26.15,FSM Enemy 3,FSM,FrozenState,PlayerDuplicate,0.70,96.5,0
26.15,FSM Enemy 5,FSM,FrozenState,PlayerDuplicate,1.00,66.9,0
26.15,FSM Enemy 8,FSM,FrozenState,PlayerDuplicate,1.00,63.3,0
26.15,FSM Enemy 9,FSM,FrozenState,PlayerDuplicate,1.00,55.4,0
26.15,FSM Enemy 11,FSM,AttackState,PlayerDuplicate,1.00,80.5,0
26.15,FSM Enemy 2,FSM,FrozenState,PlayerDuplicate,1.00,107.2,0
26.15,FSM Enemy 10,FSM,FrozenState,PlayerDuplicate,1.00,100.8,0
26.15,FSM Enemy 1,FSM,FrozenState,PlayerDuplicate,1.00,87.3,0
26.15,FSM Enemy 14,FSM,FrozenState,PlayerDuplicate,1.00,94.0,0
26.15,Utility Enemy 9,Utility,FreezeAction,PlayerDuplicate,1.00,84.7,0
26.15,Utility Enemy 10,Utility,FreezeAction,PlayerDuplicate,1.00,71.0,0
26.15,Utility Enemy 12,Utility,FreezeAction,PlayerDuplicate,1.00,80.5,0
26.15,Utility Enemy 6,Utility,FreezeAction,PlayerDuplicate,1.00,48.5,0
26.15,Utility Enemy 1,Utility,FreezeAction,PlayerDuplicate,1.00,84.3,0
26.15,Utility Enemy 7,Utility,FreezeAction,PlayerDuplicate,1.00,83.4,0
26.15,Utility Enemy 11,Utility,FreezeAction,PlayerDuplicate,1.00,15.3,0
26.15,Utility Enemy 13,Utility,FreezeAction,PlayerDuplicate,1.00,27.8,0
26.15,Utility Enemy 15,Utility,FreezeAction,PlayerDuplicate,1.00,77.4,0
26.15,Utility Enemy 5,Utility,FreezeAction,PlayerDuplicate,1.00,97.3,0
26.15,Utility Enemy 2,Utility,FreezeAction,PlayerDuplicate,1.00,101.2,0
26.15,Utility Enemy 8,Utility,FreezeAction,PlayerDuplicate,1.00,71.5,0
26.15,Utility Enemy 4,Utility,FreezeAction,PlayerDuplicate,1.00,47.8,0
26.15,Utility Enemy 14,Utility,FreezeAction,PlayerDuplicate,1.00,90.9,0
26.15,Utility Enemy 3,Utility,FreezeAction,PlayerDuplicate,1.00,102.4,0
26.66,Player,Player,-,PlayerDuplicate,0.89,,0
26.66,FSM Enemy 12,FSM,FrozenState,PlayerDuplicate,1.00,85.1,0
26.66,FSM Enemy 15,FSM,FrozenState,PlayerDuplicate,1.00,28.5,0
26.66,FSM Enemy 13,FSM,FrozenState,PlayerDuplicate,0.90,13.0,0
26.66,FSM Enemy 4,FSM,FrozenState,PlayerDuplicate,0.80,92.4,0
26.66,FSM Enemy 6,FSM,FrozenState,PlayerDuplicate,0.70,65.4,0
26.66,FSM Enemy 7,FSM,FrozenState,PlayerDuplicate,1.00,39.0,0
26.66,FSM Enemy 3,FSM,FrozenState,PlayerDuplicate,0.70,96.5,0
26.66,FSM Enemy 5,FSM,FrozenState,PlayerDuplicate,1.00,66.9,0
26.66,FSM Enemy 8,FSM,FrozenState,PlayerDuplicate,1.00,63.3,0
26.66,FSM Enemy 9,FSM,FrozenState,PlayerDuplicate,1.00,55.4,0
26.66,FSM Enemy 11,FSM,AttackState,PlayerDuplicate,1.00,80.5,0
26.66,FSM Enemy 2,FSM,FrozenState,PlayerDuplicate,1.00,107.2,0
26.66,FSM Enemy 10,FSM,FrozenState,PlayerDuplicate,1.00,100.8,0
26.66,FSM Enemy 1,FSM,FrozenState,PlayerDuplicate,1.00,87.3,0
26.66,FSM Enemy 14,FSM,FrozenState,PlayerDuplicate,1.00,94.0,0
26.66,Utility Enemy 9,Utility,FreezeAction,PlayerDuplicate,1.00,84.7,0
26.66,Utility Enemy 10,Utility,FreezeAction,PlayerDuplicate,1.00,71.0,0
26.66,Utility Enemy 12,Utility,FreezeAction,PlayerDuplicate,1.00,80.5,0
26.66,Utility Enemy 6,Utility,FreezeAction,PlayerDuplicate,1.00,48.5,0
26.66,Utility Enemy 1,Utility,FreezeAction,PlayerDuplicate,1.00,84.3,0
26.66,Utility Enemy 7,Utility,FreezeAction,PlayerDuplicate,1.00,83.4,0
26.66,Utility Enemy 11,Utility,FreezeAction,PlayerDuplicate,1.00,15.3,0
26.66,Utility Enemy 13,Utility,FreezeAction,PlayerDuplicate,1.00,27.8,0
26.66,Utility Enemy 15,Utility,FreezeAction,PlayerDuplicate,1.00,77.4,0
26.66,Utility Enemy 5,Utility,FreezeAction,PlayerDuplicate,1.00,97.3,0
26.66,Utility Enemy 2,Utility,FreezeAction,PlayerDuplicate,1.00,101.2,0
26.66,Utility Enemy 8,Utility,FreezeAction,PlayerDuplicate,1.00,71.5,0
26.66,Utility Enemy 4,Utility,FreezeAction,PlayerDuplicate,1.00,47.8,0
26.66,Utility Enemy 14,Utility,FreezeAction,PlayerDuplicate,1.00,90.9,0
26.66,Utility Enemy 3,Utility,FreezeAction,PlayerDuplicate,1.00,102.4,0
27.16,Player,Player,-,PlayerDuplicate,0.89,,0
27.16,FSM Enemy 12,FSM,FrozenState,PlayerDuplicate,1.00,85.1,0
27.16,FSM Enemy 15,FSM,FrozenState,PlayerDuplicate,1.00,28.5,0
27.16,FSM Enemy 13,FSM,FrozenState,PlayerDuplicate,0.90,13.0,0
27.16,FSM Enemy 4,FSM,FrozenState,PlayerDuplicate,0.80,92.4,0
27.16,FSM Enemy 6,FSM,FrozenState,PlayerDuplicate,0.70,65.4,0
27.16,FSM Enemy 7,FSM,FrozenState,PlayerDuplicate,1.00,39.0,0
27.16,FSM Enemy 3,FSM,FrozenState,PlayerDuplicate,0.70,96.5,0
27.16,FSM Enemy 5,FSM,FrozenState,PlayerDuplicate,1.00,66.9,0
27.16,FSM Enemy 8,FSM,FrozenState,PlayerDuplicate,1.00,63.3,0
27.16,FSM Enemy 9,FSM,FrozenState,PlayerDuplicate,1.00,55.4,0
27.16,FSM Enemy 11,FSM,AttackState,PlayerDuplicate,1.00,80.5,0
27.16,FSM Enemy 2,FSM,FrozenState,PlayerDuplicate,1.00,107.2,0
27.16,FSM Enemy 10,FSM,FrozenState,PlayerDuplicate,1.00,100.8,0
27.16,FSM Enemy 1,FSM,FrozenState,PlayerDuplicate,1.00,87.3,0
27.16,FSM Enemy 14,FSM,FrozenState,PlayerDuplicate,1.00,94.0,0
27.16,Utility Enemy 9,Utility,FreezeAction,PlayerDuplicate,1.00,84.7,0
27.16,Utility Enemy 10,Utility,FreezeAction,PlayerDuplicate,1.00,71.0,0
27.16,Utility Enemy 12,Utility,FreezeAction,PlayerDuplicate,1.00,80.5,0
27.16,Utility Enemy 6,Utility,FreezeAction,PlayerDuplicate,1.00,48.5,0
27.16,Utility Enemy 1,Utility,FreezeAction,PlayerDuplicate,1.00,84.3,0
27.16,Utility Enemy 7,Utility,FreezeAction,PlayerDuplicate,1.00,83.4,0
27.16,Utility Enemy 11,Utility,FreezeAction,PlayerDuplicate,1.00,15.3,0
27.16,Utility Enemy 13,Utility,FreezeAction,PlayerDuplicate,1.00,27.8,0
27.16,Utility Enemy 15,Utility,FreezeAction,PlayerDuplicate,1.00,77.4,0
27.16,Utility Enemy 5,Utility,FreezeAction,PlayerDuplicate,1.00,97.3,0
27.16,Utility Enemy 2,Utility,FreezeAction,PlayerDuplicate,1.00,101.2,0
27.16,Utility Enemy 8,Utility,FreezeAction,PlayerDuplicate,1.00,71.5,0
27.16,Utility Enemy 4,Utility,FreezeAction,PlayerDuplicate,1.00,47.8,0
27.16,Utility Enemy 14,Utility,FreezeAction,PlayerDuplicate,1.00,90.9,0
27.16,Utility Enemy 3,Utility,FreezeAction,PlayerDuplicate,1.00,102.4,0
27.67,Player,Player,-,PlayerDuplicate,0.89,,0
27.67,FSM Enemy 12,FSM,FrozenState,PlayerDuplicate,1.00,85.1,0
27.67,FSM Enemy 15,FSM,FrozenState,PlayerDuplicate,1.00,28.5,0
27.67,FSM Enemy 13,FSM,FrozenState,PlayerDuplicate,0.90,13.0,0
27.67,FSM Enemy 4,FSM,FrozenState,PlayerDuplicate,0.80,92.4,0
27.67,FSM Enemy 6,FSM,FrozenState,PlayerDuplicate,0.70,65.4,0
27.67,FSM Enemy 7,FSM,FrozenState,PlayerDuplicate,1.00,39.0,0
27.67,FSM Enemy 3,FSM,FrozenState,PlayerDuplicate,0.70,96.5,0
27.67,FSM Enemy 5,FSM,FrozenState,PlayerDuplicate,1.00,66.9,0
27.67,FSM Enemy 8,FSM,FrozenState,PlayerDuplicate,1.00,63.3,0
27.67,FSM Enemy 9,FSM,FrozenState,PlayerDuplicate,1.00,55.4,0
27.67,FSM Enemy 11,FSM,AttackState,PlayerDuplicate,1.00,80.5,0
27.67,FSM Enemy 2,FSM,FrozenState,PlayerDuplicate,1.00,107.2,0
27.67,FSM Enemy 10,FSM,FrozenState,PlayerDuplicate,1.00,100.8,0
27.67,FSM Enemy 1,FSM,FrozenState,PlayerDuplicate,1.00,87.3,0
27.67,FSM Enemy 14,FSM,FrozenState,PlayerDuplicate,1.00,94.0,0
27.67,Utility Enemy 9,Utility,FreezeAction,PlayerDuplicate,1.00,84.7,0
27.67,Utility Enemy 10,Utility,FreezeAction,PlayerDuplicate,1.00,71.0,0
27.67,Utility Enemy 12,Utility,FreezeAction,PlayerDuplicate,1.00,80.5,0
27.67,Utility Enemy 6,Utility,FreezeAction,PlayerDuplicate,1.00,48.5,0
27.67,Utility Enemy 1,Utility,FreezeAction,PlayerDuplicate,1.00,84.3,0
27.67,Utility Enemy 7,Utility,FreezeAction,PlayerDuplicate,1.00,83.4,0
27.67,Utility Enemy 11,Utility,FreezeAction,PlayerDuplicate,1.00,15.3,0
27.67,Utility Enemy 13,Utility,FreezeAction,PlayerDuplicate,1.00,27.8,0
27.67,Utility Enemy 15,Utility,FreezeAction,PlayerDuplicate,1.00,77.4,0
27.67,Utility Enemy 5,Utility,FreezeAction,PlayerDuplicate,1.00,97.3,0
27.67,Utility Enemy 2,Utility,FreezeAction,PlayerDuplicate,1.00,101.2,0
27.67,Utility Enemy 8,Utility,FreezeAction,PlayerDuplicate,1.00,71.5,0
27.67,Utility Enemy 4,Utility,FreezeAction,PlayerDuplicate,1.00,47.8,0
27.67,Utility Enemy 14,Utility,FreezeAction,PlayerDuplicate,1.00,90.9,0
27.67,Utility Enemy 3,Utility,FreezeAction,PlayerDuplicate,1.00,102.4,0
28.17,Player,Player,-,PlayerDuplicate,0.89,,0
28.17,FSM Enemy 12,FSM,FrozenState,PlayerDuplicate,1.00,85.1,0
28.17,FSM Enemy 15,FSM,FrozenState,PlayerDuplicate,1.00,28.5,0
28.17,FSM Enemy 13,FSM,FrozenState,PlayerDuplicate,0.90,13.0,0
28.17,FSM Enemy 4,FSM,FrozenState,PlayerDuplicate,0.80,92.4,0
28.17,FSM Enemy 6,FSM,FrozenState,PlayerDuplicate,0.70,65.4,0
28.17,FSM Enemy 7,FSM,FrozenState,PlayerDuplicate,1.00,39.0,0
28.17,FSM Enemy 3,FSM,FrozenState,PlayerDuplicate,0.70,96.5,0
28.17,FSM Enemy 5,FSM,FrozenState,PlayerDuplicate,1.00,66.9,0
28.17,FSM Enemy 8,FSM,FrozenState,PlayerDuplicate,1.00,63.3,0
28.17,FSM Enemy 9,FSM,FrozenState,PlayerDuplicate,1.00,55.4,0
28.17,FSM Enemy 11,FSM,AttackState,PlayerDuplicate,1.00,80.5,0
28.17,FSM Enemy 2,FSM,FrozenState,PlayerDuplicate,1.00,107.2,0
28.17,FSM Enemy 10,FSM,FrozenState,PlayerDuplicate,1.00,100.8,0
28.17,FSM Enemy 1,FSM,FrozenState,PlayerDuplicate,1.00,87.3,0
28.17,FSM Enemy 14,FSM,FrozenState,PlayerDuplicate,1.00,94.0,0
28.17,Utility Enemy 9,Utility,FreezeAction,PlayerDuplicate,1.00,84.7,0
28.17,Utility Enemy 10,Utility,FreezeAction,PlayerDuplicate,1.00,71.0,0
28.17,Utility Enemy 12,Utility,FreezeAction,PlayerDuplicate,1.00,80.5,0
28.17,Utility Enemy 6,Utility,FreezeAction,PlayerDuplicate,1.00,48.5,0
28.17,Utility Enemy 1,Utility,FreezeAction,PlayerDuplicate,1.00,84.3,0
28.17,Utility Enemy 7,Utility,FreezeAction,PlayerDuplicate,1.00,83.4,0
28.17,Utility Enemy 11,Utility,FreezeAction,PlayerDuplicate,1.00,15.3,0
28.17,Utility Enemy 13,Utility,FreezeAction,PlayerDuplicate,1.00,27.8,0
28.17,Utility Enemy 15,Utility,FreezeAction,PlayerDuplicate,1.00,77.4,0
28.17,Utility Enemy 5,Utility,FreezeAction,PlayerDuplicate,1.00,97.3,0
28.17,Utility Enemy 2,Utility,FreezeAction,PlayerDuplicate,1.00,101.2,0
28.17,Utility Enemy 8,Utility,FreezeAction,PlayerDuplicate,1.00,71.5,0
28.17,Utility Enemy 4,Utility,FreezeAction,PlayerDuplicate,1.00,47.8,0
28.17,Utility Enemy 14,Utility,FreezeAction,PlayerDuplicate,1.00,90.9,0
28.17,Utility Enemy 3,Utility,FreezeAction,PlayerDuplicate,1.00,102.4,0
28.67,Player,Player,-,PlayerDuplicate,0.89,,0
28.67,FSM Enemy 12,FSM,FrozenState,PlayerDuplicate,1.00,85.1,0
28.67,FSM Enemy 15,FSM,FrozenState,PlayerDuplicate,1.00,28.5,0
28.67,FSM Enemy 13,FSM,FrozenState,PlayerDuplicate,0.90,13.0,0
28.67,FSM Enemy 4,FSM,FrozenState,PlayerDuplicate,0.80,92.4,0
28.67,FSM Enemy 6,FSM,FrozenState,PlayerDuplicate,0.70,65.4,0
28.67,FSM Enemy 7,FSM,FrozenState,PlayerDuplicate,1.00,39.0,0
28.67,FSM Enemy 3,FSM,FrozenState,PlayerDuplicate,0.70,96.5,0
28.67,FSM Enemy 5,FSM,FrozenState,PlayerDuplicate,1.00,66.9,0
28.67,FSM Enemy 8,FSM,FrozenState,PlayerDuplicate,1.00,63.3,0
28.67,FSM Enemy 9,FSM,FrozenState,PlayerDuplicate,1.00,55.4,0
28.67,FSM Enemy 11,FSM,AttackState,PlayerDuplicate,1.00,80.5,0
28.67,FSM Enemy 2,FSM,FrozenState,PlayerDuplicate,1.00,107.2,0
28.67,FSM Enemy 10,FSM,FrozenState,PlayerDuplicate,1.00,100.8,0
28.67,FSM Enemy 1,FSM,FrozenState,PlayerDuplicate,1.00,87.3,0
28.67,FSM Enemy 14,FSM,FrozenState,PlayerDuplicate,1.00,94.0,0
28.67,Utility Enemy 9,Utility,FreezeAction,PlayerDuplicate,1.00,84.7,0
28.67,Utility Enemy 10,Utility,FreezeAction,PlayerDuplicate,1.00,71.0,0
28.67,Utility Enemy 12,Utility,FreezeAction,PlayerDuplicate,1.00,80.5,0
28.67,Utility Enemy 6,Utility,FreezeAction,PlayerDuplicate,1.00,48.5,0
28.67,Utility Enemy 1,Utility,FreezeAction,PlayerDuplicate,1.00,84.3,0
28.67,Utility Enemy 7,Utility,FreezeAction,PlayerDuplicate,1.00,83.4,0
28.67,Utility Enemy 11,Utility,FreezeAction,PlayerDuplicate,1.00,15.3,0
28.67,Utility Enemy 13,Utility,FreezeAction,PlayerDuplicate,1.00,27.8,0
28.67,Utility Enemy 15,Utility,FreezeAction,PlayerDuplicate,1.00,77.4,0
28.67,Utility Enemy 5,Utility,FreezeAction,PlayerDuplicate,1.00,97.3,0
28.67,Utility Enemy 2,Utility,FreezeAction,PlayerDuplicate,1.00,101.2,0
28.67,Utility Enemy 8,Utility,FreezeAction,PlayerDuplicate,1.00,71.5,0
28.67,Utility Enemy 4,Utility,FreezeAction,PlayerDuplicate,1.00,47.8,0
28.67,Utility Enemy 14,Utility,FreezeAction,PlayerDuplicate,1.00,90.9,0
28.67,Utility Enemy 3,Utility,FreezeAction,PlayerDuplicate,1.00,102.4,0
29.18,Player,Player,-,PlayerDuplicate,0.89,,0
29.18,FSM Enemy 12,FSM,FrozenState,PlayerDuplicate,1.00,85.1,0
29.18,FSM Enemy 15,FSM,FrozenState,PlayerDuplicate,1.00,28.5,0
29.18,FSM Enemy 13,FSM,FrozenState,PlayerDuplicate,0.90,13.0,0
29.18,FSM Enemy 4,FSM,FrozenState,PlayerDuplicate,0.80,92.4,0
29.18,FSM Enemy 6,FSM,FrozenState,PlayerDuplicate,0.70,65.4,0
29.18,FSM Enemy 7,FSM,FrozenState,PlayerDuplicate,1.00,39.0,0
29.18,FSM Enemy 3,FSM,FrozenState,PlayerDuplicate,0.70,96.5,0
29.18,FSM Enemy 5,FSM,FrozenState,PlayerDuplicate,1.00,66.9,0
29.18,FSM Enemy 8,FSM,FrozenState,PlayerDuplicate,1.00,63.3,0
29.18,FSM Enemy 9,FSM,FrozenState,PlayerDuplicate,1.00,55.4,0
29.18,FSM Enemy 11,FSM,AttackState,PlayerDuplicate,1.00,80.5,0
29.18,FSM Enemy 2,FSM,FrozenState,PlayerDuplicate,1.00,107.2,0
29.18,FSM Enemy 10,FSM,FrozenState,PlayerDuplicate,1.00,100.8,0
29.18,FSM Enemy 1,FSM,FrozenState,PlayerDuplicate,1.00,87.3,0
29.18,FSM Enemy 14,FSM,FrozenState,PlayerDuplicate,1.00,94.0,0
29.18,Utility Enemy 9,Utility,FreezeAction,PlayerDuplicate,1.00,84.7,0
29.18,Utility Enemy 10,Utility,FreezeAction,PlayerDuplicate,1.00,71.0,0
29.18,Utility Enemy 12,Utility,FreezeAction,PlayerDuplicate,1.00,80.5,0
29.18,Utility Enemy 6,Utility,FreezeAction,PlayerDuplicate,1.00,48.5,0
29.18,Utility Enemy 1,Utility,FreezeAction,PlayerDuplicate,1.00,84.3,0
29.18,Utility Enemy 7,Utility,FreezeAction,PlayerDuplicate,1.00,83.4,0
29.18,Utility Enemy 11,Utility,FreezeAction,PlayerDuplicate,1.00,15.3,0
29.18,Utility Enemy 13,Utility,FreezeAction,PlayerDuplicate,1.00,27.8,0
29.18,Utility Enemy 15,Utility,FreezeAction,PlayerDuplicate,1.00,77.4,0
29.18,Utility Enemy 5,Utility,FreezeAction,PlayerDuplicate,1.00,97.3,0
29.18,Utility Enemy 2,Utility,FreezeAction,PlayerDuplicate,1.00,101.2,0
29.18,Utility Enemy 8,Utility,FreezeAction,PlayerDuplicate,1.00,71.5,0
29.18,Utility Enemy 4,Utility,FreezeAction,PlayerDuplicate,1.00,47.8,0
29.18,Utility Enemy 14,Utility,FreezeAction,PlayerDuplicate,1.00,90.9,0
29.18,Utility Enemy 3,Utility,FreezeAction,PlayerDuplicate,1.00,102.4,0
29.68,Player,Player,-,PlayerDuplicate,0.89,,0
29.68,FSM Enemy 12,FSM,AttackState,PlayerDuplicate,1.00,85.1,0
29.68,FSM Enemy 15,FSM,AttackState,PlayerDuplicate,1.00,28.5,0
29.68,FSM Enemy 13,FSM,AttackState,PlayerDuplicate,0.90,13.0,0
29.68,FSM Enemy 4,FSM,AttackState,PlayerDuplicate,0.80,92.4,0
29.68,FSM Enemy 6,FSM,AttackState,PlayerDuplicate,0.70,65.4,0
29.68,FSM Enemy 7,FSM,AttackState,PlayerDuplicate,1.00,39.0,0
29.68,FSM Enemy 3,FSM,AttackState,PlayerDuplicate,0.70,96.5,0
29.68,FSM Enemy 5,FSM,AttackState,PlayerDuplicate,1.00,66.9,0
29.68,FSM Enemy 8,FSM,AttackState,PlayerDuplicate,1.00,63.3,0
29.68,FSM Enemy 9,FSM,AttackState,PlayerDuplicate,1.00,55.4,0
29.68,FSM Enemy 11,FSM,AttackState,PlayerDuplicate,1.00,80.5,0
29.68,FSM Enemy 2,FSM,AttackState,PlayerDuplicate,1.00,107.2,0
29.68,FSM Enemy 10,FSM,AttackState,PlayerDuplicate,1.00,100.8,0
29.68,FSM Enemy 1,FSM,AttackState,PlayerDuplicate,1.00,87.3,0
29.68,FSM Enemy 14,FSM,AttackState,PlayerDuplicate,1.00,94.0,0
29.68,Utility Enemy 9,Utility,AttackAction,PlayerDuplicate,1.00,84.7,0
29.68,Utility Enemy 10,Utility,AttackAction,PlayerDuplicate,1.00,71.0,0
29.68,Utility Enemy 12,Utility,AttackAction,PlayerDuplicate,1.00,80.5,0
29.68,Utility Enemy 6,Utility,AttackAction,PlayerDuplicate,1.00,48.5,0
29.68,Utility Enemy 1,Utility,AttackAction,PlayerDuplicate,1.00,84.3,0
29.68,Utility Enemy 7,Utility,AttackAction,PlayerDuplicate,1.00,83.4,0
29.68,Utility Enemy 11,Utility,AttackAction,PlayerDuplicate,1.00,15.3,0
29.68,Utility Enemy 13,Utility,AttackAction,PlayerDuplicate,1.00,27.8,0
29.68,Utility Enemy 15,Utility,AttackAction,PlayerDuplicate,1.00,77.4,0
29.68,Utility Enemy 5,Utility,AttackAction,PlayerDuplicate,1.00,97.3,0
29.68,Utility Enemy 2,Utility,AttackAction,PlayerDuplicate,1.00,101.2,0
29.68,Utility Enemy 8,Utility,AttackAction,PlayerDuplicate,1.00,71.5,0
29.68,Utility Enemy 4,Utility,AttackAction,PlayerDuplicate,1.00,47.8,0
29.68,Utility Enemy 14,Utility,AttackAction,PlayerDuplicate,1.00,90.9,0
29.68,Utility Enemy 3,Utility,AttackAction,PlayerDuplicate,1.00,102.4,0
30.18,Player,Player,-,None,0.89,,0
30.18,FSM Enemy 12,FSM,PatrolState,None,1.00,84.5,0
30.18,FSM Enemy 15,FSM,PatrolState,None,1.00,29.0,0
30.18,FSM Enemy 13,FSM,PatrolState,None,0.90,13.5,0
30.18,FSM Enemy 4,FSM,PatrolState,None,0.80,91.9,0
30.18,FSM Enemy 6,FSM,PatrolState,None,0.70,65.9,0
30.18,FSM Enemy 7,FSM,PatrolState,None,1.00,38.4,0
30.18,FSM Enemy 3,FSM,PatrolState,None,0.70,96.3,0
30.18,FSM Enemy 5,FSM,PatrolState,None,1.00,66.7,0
30.18,FSM Enemy 8,FSM,PatrolState,None,1.00,62.7,0
30.18,FSM Enemy 9,FSM,PatrolState,None,1.00,56.0,0
30.18,FSM Enemy 11,FSM,PatrolState,None,1.00,79.9,0
30.18,FSM Enemy 2,FSM,PatrolState,None,1.00,107.8,0
30.18,FSM Enemy 10,FSM,PatrolState,None,1.00,100.7,0
30.18,FSM Enemy 1,FSM,PatrolState,None,1.00,87.6,0
30.18,FSM Enemy 14,FSM,PatrolState,None,1.00,94.6,0
30.18,Utility Enemy 9,Utility,AttackAction,None,1.00,84.7,0
30.18,Utility Enemy 10,Utility,AttackAction,None,1.00,71.0,0
30.18,Utility Enemy 12,Utility,AttackAction,None,1.00,80.5,0
30.18,Utility Enemy 6,Utility,AttackAction,None,1.00,48.5,0
30.18,Utility Enemy 1,Utility,AttackAction,None,1.00,84.3,0
30.18,Utility Enemy 7,Utility,AttackAction,None,1.00,83.4,0
30.18,Utility Enemy 11,Utility,AttackAction,None,1.00,15.3,0
30.18,Utility Enemy 13,Utility,AttackAction,None,1.00,27.8,0
30.18,Utility Enemy 15,Utility,AttackAction,None,1.00,77.4,0
30.18,Utility Enemy 5,Utility,AttackAction,None,1.00,97.3,0
30.18,Utility Enemy 2,Utility,AttackAction,None,1.00,101.2,0
30.18,Utility Enemy 8,Utility,AttackAction,None,1.00,71.5,0
30.18,Utility Enemy 4,Utility,AttackAction,None,1.00,47.8,0
30.18,Utility Enemy 14,Utility,AttackAction,None,1.00,90.9,0
30.18,Utility Enemy 3,Utility,AttackAction,None,1.00,102.4,0
30.68,Player,Player,-,GravityFlip,0.89,,0
30.68,FSM Enemy 12,FSM,TakeCoverState,GravityFlip,1.00,83.5,0
30.68,FSM Enemy 15,FSM,TakeCoverState,GravityFlip,1.00,30.0,0
30.68,FSM Enemy 13,FSM,TakeCoverState,GravityFlip,0.90,14.4,0
30.68,FSM Enemy 4,FSM,TakeCoverState,GravityFlip,0.80,91.0,0
30.68,FSM Enemy 6,FSM,TakeCoverState,GravityFlip,0.70,66.7,0
30.68,FSM Enemy 7,FSM,TakeCoverState,GravityFlip,1.00,37.4,0
30.68,FSM Enemy 3,FSM,TakeCoverState,GravityFlip,0.70,95.9,0
30.68,FSM Enemy 5,FSM,TakeCoverState,GravityFlip,1.00,66.4,0
30.68,FSM Enemy 8,FSM,TakeCoverState,GravityFlip,1.00,61.6,0
30.68,FSM Enemy 9,FSM,TakeCoverState,GravityFlip,1.00,56.9,0
30.68,FSM Enemy 11,FSM,TakeCoverState,GravityFlip,1.00,78.8,0
30.68,FSM Enemy 2,FSM,TakeCoverState,GravityFlip,1.00,108.8,0
30.68,FSM Enemy 10,FSM,TakeCoverState,GravityFlip,1.00,100.5,0
30.68,FSM Enemy 1,FSM,TakeCoverState,GravityFlip,1.00,88.2,0
30.68,FSM Enemy 14,FSM,TakeCoverState,GravityFlip,1.00,95.7,0
30.68,Utility Enemy 9,Utility,TakeCoverAction,GravityFlip,1.00,84.7,0
30.68,Utility Enemy 10,Utility,TakeCoverAction,GravityFlip,1.00,71.0,0
30.68,Utility Enemy 12,Utility,TakeCoverAction,GravityFlip,1.00,80.5,0
30.68,Utility Enemy 6,Utility,TakeCoverAction,GravityFlip,1.00,48.5,0
30.68,Utility Enemy 1,Utility,TakeCoverAction,GravityFlip,1.00,84.3,0
30.68,Utility Enemy 7,Utility,TakeCoverAction,GravityFlip,1.00,83.4,0
30.68,Utility Enemy 11,Utility,AttackAction,GravityFlip,1.00,15.3,0
30.68,Utility Enemy 13,Utility,TakeCoverAction,GravityFlip,1.00,27.8,0
30.68,Utility Enemy 15,Utility,TakeCoverAction,GravityFlip,1.00,77.4,0
30.68,Utility Enemy 5,Utility,TakeCoverAction,GravityFlip,1.00,97.3,0
30.68,Utility Enemy 2,Utility,TakeCoverAction,GravityFlip,1.00,101.2,0
30.68,Utility Enemy 8,Utility,TakeCoverAction,GravityFlip,1.00,71.5,0
30.68,Utility Enemy 4,Utility,TakeCoverAction,GravityFlip,1.00,47.8,0
30.68,Utility Enemy 14,Utility,TakeCoverAction,GravityFlip,1.00,90.9,0
30.68,Utility Enemy 3,Utility,TakeCoverAction,GravityFlip,1.00,102.4,0
31.19,Player,Player,-,GravityFlip,0.89,,0
31.19,FSM Enemy 12,FSM,TakeCoverState,GravityFlip,1.00,83.7,0
31.19,FSM Enemy 15,FSM,TakeCoverState,GravityFlip,1.00,28.8,0
31.19,FSM Enemy 13,FSM,TakeCoverState,GravityFlip,0.90,15.0,0
31.19,FSM Enemy 4,FSM,TakeCoverState,GravityFlip,0.80,90.3,0
31.19,FSM Enemy 6,FSM,TakeCoverState,GravityFlip,0.70,65.3,0
31.19,FSM Enemy 7,FSM,TakeCoverState,GravityFlip,1.00,38.7,0
31.19,FSM Enemy 3,FSM,TakeCoverState,GravityFlip,0.70,96.9,0
31.19,FSM Enemy 5,FSM,TakeCoverState,GravityFlip,1.00,66.4,0
31.19,FSM Enemy 8,FSM,TakeCoverState,GravityFlip,1.00,62.0,0
31.19,FSM Enemy 9,FSM,TakeCoverState,GravityFlip,1.00,55.6,0
31.19,FSM Enemy 11,FSM,TakeCoverState,GravityFlip,1.00,78.5,0
31.19,FSM Enemy 2,FSM,TakeCoverState,GravityFlip,1.00,108.8,0
31.19,FSM Enemy 10,FSM,TakeCoverState,GravityFlip,1.00,101.3,0
31.19,FSM Enemy 1,FSM,TakeCoverState,GravityFlip,1.00,88.2,0
31.19,FSM Enemy 14,FSM,TakeCoverState,GravityFlip,1.00,95.7,0
31.19,Utility Enemy 9,Utility,TakeCoverAction,GravityFlip,1.00,84.7,0
31.19,Utility Enemy 10,Utility,TakeCoverAction,GravityFlip,1.00,71.0,0
31.19,Utility Enemy 12,Utility,TakeCoverAction,GravityFlip,1.00,81.7,0
31.19,Utility Enemy 6,Utility,TakeCoverAction,GravityFlip,1.00,47.5,0
31.19,Utility Enemy 1,Utility,TakeCoverAction,GravityFlip,1.00,84.3,0
31.19,Utility Enemy 7,Utility,TakeCoverAction,GravityFlip,1.00,83.4,0
31.19,Utility Enemy 11,Utility,TakeCoverAction,GravityFlip,1.00,15.5,0
31.19,Utility Enemy 13,Utility,TakeCoverAction,GravityFlip,1.00,27.8,0
31.19,Utility Enemy 15,Utility,TakeCoverAction,GravityFlip,1.00,77.4,0
31.19,Utility Enemy 5,Utility,TakeCoverAction,GravityFlip,1.00,97.3,0
31.19,Utility Enemy 2,Utility,TakeCoverAction,GravityFlip,1.00,99.6,0
31.19,Utility Enemy 8,Utility,TakeCoverAction,GravityFlip,1.00,71.5,0
31.19,Utility Enemy 4,Utility,TakeCoverAction,GravityFlip,1.00,47.8,0
31.19,Utility Enemy 14,Utility,TakeCoverAction,GravityFlip,1.00,91.1,0
31.19,Utility Enemy 3,Utility,TakeCoverAction,GravityFlip,1.00,103.8,0
31.69,Player,Player,-,GravityFlip,0.89,,0
31.69,FSM Enemy 12,FSM,TakeCoverState,GravityFlip,1.00,83.7,0
31.69,FSM Enemy 15,FSM,TakeCoverState,GravityFlip,1.00,27.2,0
31.69,FSM Enemy 13,FSM,TakeCoverState,GravityFlip,0.90,15.2,0
31.69,FSM Enemy 4,FSM,TakeCoverState,GravityFlip,0.80,90.2,0
31.69,FSM Enemy 6,FSM,TakeCoverState,GravityFlip,0.70,64.9,0
31.69,FSM Enemy 7,FSM,TakeCoverState,GravityFlip,1.00,40.9,0
31.69,FSM Enemy 3,FSM,TakeCoverState,GravityFlip,0.70,97.1,0
31.69,FSM Enemy 5,FSM,TakeCoverState,GravityFlip,1.00,66.4,0
31.69,FSM Enemy 8,FSM,TakeCoverState,GravityFlip,1.00,62.1,0
31.69,FSM Enemy 9,FSM,TakeCoverState,GravityFlip,1.00,53.4,0
31.69,FSM Enemy 11,FSM,TakeCoverState,GravityFlip,1.00,78.5,0
31.69,FSM Enemy 2,FSM,TakeCoverState,GravityFlip,1.00,108.8,0
31.69,FSM Enemy 10,FSM,TakeCoverState,GravityFlip,1.00,102.6,0
31.69,FSM Enemy 1,FSM,TakeCoverState,GravityFlip,1.00,88.2,0
31.69,FSM Enemy 14,FSM,TakeCoverState,GravityFlip,1.00,95.7,0
31.69,Utility Enemy 9,Utility,TakeCoverAction,GravityFlip,1.00,84.7,0
31.69,Utility Enemy 10,Utility,TakeCoverAction,GravityFlip,1.00,71.0,0
31.69,Utility Enemy 12,Utility,TakeCoverAction,GravityFlip,1.00,81.7,0
31.69,Utility Enemy 6,Utility,TakeCoverAction,GravityFlip,1.00,46.3,0
31.69,Utility Enemy 1,Utility,TakeCoverAction,GravityFlip,1.00,84.3,0
31.69,Utility Enemy 7,Utility,TakeCoverAction,GravityFlip,1.00,83.4,0
31.69,Utility Enemy 11,Utility,TakeCoverAction,GravityFlip,1.00,15.9,0
31.69,Utility Enemy 13,Utility,TakeCoverAction,GravityFlip,1.00,27.8,0
31.69,Utility Enemy 15,Utility,TakeCoverAction,GravityFlip,1.00,77.4,0
31.69,Utility Enemy 5,Utility,TakeCoverAction,GravityFlip,1.00,97.3,0
31.69,Utility Enemy 2,Utility,TakeCoverAction,GravityFlip,1.00,97.5,0
31.69,Utility Enemy 8,Utility,TakeCoverAction,GravityFlip,1.00,71.5,0
31.69,Utility Enemy 4,Utility,TakeCoverAction,GravityFlip,1.00,47.8,0
31.69,Utility Enemy 14,Utility,TakeCoverAction,GravityFlip,1.00,91.1,0
31.69,Utility Enemy 3,Utility,TakeCoverAction,GravityFlip,1.00,104.3,0
32.19,Player,Player,-,GravityFlip,0.89,,0
32.19,FSM Enemy 12,FSM,TakeCoverState,GravityFlip,1.00,83.7,0
32.19,FSM Enemy 15,FSM,TakeCoverState,GravityFlip,1.00,27.1,0
32.19,FSM Enemy 13,FSM,TakeCoverState,GravityFlip,0.90,15.2,0
32.19,FSM Enemy 4,FSM,TakeCoverState,GravityFlip,0.80,90.2,0
32.19,FSM Enemy 6,FSM,TakeCoverState,GravityFlip,0.70,64.9,0
32.19,FSM Enemy 7,FSM,TakeCoverState,GravityFlip,1.00,43.0,0
32.19,FSM Enemy 3,FSM,TakeCoverState,GravityFlip,0.70,97.1,0
32.19,FSM Enemy 5,FSM,TakeCoverState,GravityFlip,1.00,66.4,0
32.19,FSM Enemy 8,FSM,TakeCoverState,GravityFlip,1.00,62.1,0
32.19,FSM Enemy 9,FSM,TakeCoverState,GravityFlip,1.00,52.9,0
32.19,FSM Enemy 11,FSM,TakeCoverState,GravityFlip,1.00,78.5,0
32.19,FSM Enemy 2,FSM,TakeCoverState,GravityFlip,1.00,108.8,0
32.19,FSM Enemy 10,FSM,TakeCoverState,GravityFlip,1.00,103.8,0
32.19,FSM Enemy 1,FSM,TakeCoverState,GravityFlip,1.00,88.2,0
32.19,FSM Enemy 14,FSM,TakeCoverState,GravityFlip,1.00,95.7,0
32.19,Utility Enemy 9,Utility,TakeCoverAction,GravityFlip,1.00,84.7,0
32.19,Utility Enemy 10,Utility,TakeCoverAction,GravityFlip,1.00,71.0,0
32.19,Utility Enemy 12,Utility,TakeCoverAction,GravityFlip,1.00,81.7,0
32.19,Utility Enemy 6,Utility,TakeCoverAction,GravityFlip,1.00,46.0,0
32.19,Utility Enemy 1,Utility,TakeCoverAction,GravityFlip,1.00,84.3,0
32.19,Utility Enemy 7,Utility,TakeCoverAction,GravityFlip,1.00,83.4,0
32.19,Utility Enemy 11,Utility,TakeCoverAction,GravityFlip,1.00,16.5,0
32.19,Utility Enemy 13,Utility,TakeCoverAction,GravityFlip,1.00,27.8,0
32.19,Utility Enemy 15,Utility,TakeCoverAction,GravityFlip,1.00,77.4,0
32.19,Utility Enemy 5,Utility,TakeCoverAction,GravityFlip,1.00,97.3,0
32.19,Utility Enemy 2,Utility,TakeCoverAction,GravityFlip,1.00,97.0,0
32.19,Utility Enemy 8,Utility,TakeCoverAction,GravityFlip,1.00,71.5,0
32.19,Utility Enemy 4,Utility,TakeCoverAction,GravityFlip,1.00,47.8,0
32.19,Utility Enemy 14,Utility,TakeCoverAction,GravityFlip,1.00,91.1,0
32.19,Utility Enemy 3,Utility,TakeCoverAction,GravityFlip,1.00,104.3,0
32.69,Player,Player,-,GravityFlip,0.89,,0
32.69,FSM Enemy 12,FSM,TakeCoverState,GravityFlip,1.00,83.7,0
32.69,FSM Enemy 15,FSM,TakeCoverState,GravityFlip,1.00,27.1,0
32.69,FSM Enemy 13,FSM,TakeCoverState,GravityFlip,0.90,15.2,0
32.69,FSM Enemy 4,FSM,TakeCoverState,GravityFlip,0.80,90.2,0
32.69,FSM Enemy 6,FSM,TakeCoverState,GravityFlip,0.70,64.9,0
32.69,FSM Enemy 7,FSM,TakeCoverState,GravityFlip,1.00,44.5,0
32.69,FSM Enemy 3,FSM,TakeCoverState,GravityFlip,0.70,97.1,0
32.69,FSM Enemy 5,FSM,TakeCoverState,GravityFlip,1.00,66.4,0
32.69,FSM Enemy 8,FSM,TakeCoverState,GravityFlip,1.00,62.1,0
32.69,FSM Enemy 9,FSM,TakeCoverState,GravityFlip,1.00,52.9,0
32.69,FSM Enemy 11,FSM,TakeCoverState,GravityFlip,1.00,78.5,0
32.69,FSM Enemy 2,FSM,TakeCoverState,GravityFlip,1.00,108.8,0
32.69,FSM Enemy 10,FSM,TakeCoverState,GravityFlip,1.00,104.0,0
32.69,FSM Enemy 1,FSM,TakeCoverState,GravityFlip,1.00,88.2,0
32.69,FSM Enemy 14,FSM,TakeCoverState,GravityFlip,1.00,95.7,0
32.69,Utility Enemy 9,Utility,TakeCoverAction,GravityFlip,1.00,84.7,0
32.69,Utility Enemy 10,Utility,TakeCoverAction,GravityFlip,1.00,71.0,0
32.69,Utility Enemy 12,Utility,TakeCoverAction,GravityFlip,1.00,81.7,0
32.69,Utility Enemy 6,Utility,TakeCoverAction,GravityFlip,1.00,46.0,0
32.69,Utility Enemy 1,Utility,TakeCoverAction,GravityFlip,1.00,84.3,0
32.69,Utility Enemy 7,Utility,TakeCoverAction,GravityFlip,1.00,83.4,0
32.69,Utility Enemy 11,Utility,TakeCoverAction,GravityFlip,1.00,17.5,0
32.69,Utility Enemy 13,Utility,TakeCoverAction,GravityFlip,1.00,27.8,0
32.69,Utility Enemy 15,Utility,TakeCoverAction,GravityFlip,1.00,77.4,0
32.69,Utility Enemy 5,Utility,TakeCoverAction,GravityFlip,1.00,97.3,0
32.69,Utility Enemy 2,Utility,TakeCoverAction,GravityFlip,1.00,97.0,0
32.69,Utility Enemy 8,Utility,TakeCoverAction,GravityFlip,1.00,71.5,0
32.69,Utility Enemy 4,Utility,TakeCoverAction,GravityFlip,1.00,47.8,0
32.69,Utility Enemy 14,Utility,TakeCoverAction,GravityFlip,1.00,91.1,0
32.69,Utility Enemy 3,Utility,TakeCoverAction,GravityFlip,1.00,104.3,0
33.19,Player,Player,-,GravityFlip,0.89,,0
33.19,FSM Enemy 12,FSM,TakeCoverState,GravityFlip,1.00,83.7,0
33.19,FSM Enemy 15,FSM,TakeCoverState,GravityFlip,1.00,27.1,0
33.19,FSM Enemy 13,FSM,TakeCoverState,GravityFlip,0.90,15.2,0
33.19,FSM Enemy 4,FSM,TakeCoverState,GravityFlip,0.80,90.2,0
33.19,FSM Enemy 6,FSM,TakeCoverState,GravityFlip,0.70,64.9,0
33.19,FSM Enemy 7,FSM,TakeCoverState,GravityFlip,1.00,44.5,0
33.19,FSM Enemy 3,FSM,TakeCoverState,GravityFlip,0.70,97.1,0
33.19,FSM Enemy 5,FSM,TakeCoverState,GravityFlip,1.00,66.4,0
33.19,FSM Enemy 8,FSM,TakeCoverState,GravityFlip,1.00,62.1,0
33.19,FSM Enemy 9,FSM,TakeCoverState,GravityFlip,1.00,52.9,0
33.19,FSM Enemy 11,FSM,TakeCoverState,GravityFlip,1.00,78.5,0
33.19,FSM Enemy 2,FSM,TakeCoverState,GravityFlip,1.00,108.8,0
33.19,FSM Enemy 10,FSM,TakeCoverState,GravityFlip,1.00,104.0,0
33.19,FSM Enemy 1,FSM,TakeCoverState,GravityFlip,1.00,88.2,0
33.19,FSM Enemy 14,FSM,TakeCoverState,GravityFlip,1.00,95.7,0
33.19,Utility Enemy 9,Utility,TakeCoverAction,GravityFlip,1.00,84.7,0
33.19,Utility Enemy 10,Utility,TakeCoverAction,GravityFlip,1.00,71.0,0
33.19,Utility Enemy 12,Utility,TakeCoverAction,GravityFlip,1.00,81.7,0
33.19,Utility Enemy 6,Utility,TakeCoverAction,GravityFlip,1.00,46.0,0
33.19,Utility Enemy 1,Utility,TakeCoverAction,GravityFlip,1.00,84.3,0
33.19,Utility Enemy 7,Utility,TakeCoverAction,GravityFlip,1.00,83.4,0
33.19,Utility Enemy 11,Utility,TakeCoverAction,GravityFlip,1.00,17.7,0
33.19,Utility Enemy 13,Utility,TakeCoverAction,GravityFlip,1.00,27.8,0
33.19,Utility Enemy 15,Utility,TakeCoverAction,GravityFlip,1.00,77.4,0
33.19,Utility Enemy 5,Utility,TakeCoverAction,GravityFlip,1.00,97.3,0
33.19,Utility Enemy 2,Utility,TakeCoverAction,GravityFlip,1.00,97.0,0
33.19,Utility Enemy 8,Utility,TakeCoverAction,GravityFlip,1.00,71.5,0
33.19,Utility Enemy 4,Utility,TakeCoverAction,GravityFlip,1.00,47.8,0
33.19,Utility Enemy 14,Utility,TakeCoverAction,GravityFlip,1.00,91.1,0
33.19,Utility Enemy 3,Utility,TakeCoverAction,GravityFlip,1.00,104.3,0
33.70,Player,Player,-,GravityFlip,0.89,,0
33.70,FSM Enemy 12,FSM,TakeCoverState,GravityFlip,1.00,83.7,0
33.70,FSM Enemy 15,FSM,TakeCoverState,GravityFlip,1.00,27.1,0
33.70,FSM Enemy 13,FSM,TakeCoverState,GravityFlip,0.90,15.2,0
33.70,FSM Enemy 4,FSM,TakeCoverState,GravityFlip,0.80,90.2,0
33.70,FSM Enemy 6,FSM,TakeCoverState,GravityFlip,0.70,64.9,0
33.70,FSM Enemy 7,FSM,TakeCoverState,GravityFlip,1.00,44.5,0
33.70,FSM Enemy 3,FSM,TakeCoverState,GravityFlip,0.70,97.1,0
33.70,FSM Enemy 5,FSM,TakeCoverState,GravityFlip,1.00,66.4,0
33.70,FSM Enemy 8,FSM,TakeCoverState,GravityFlip,1.00,62.1,0
33.70,FSM Enemy 9,FSM,TakeCoverState,GravityFlip,1.00,52.9,0
33.70,FSM Enemy 11,FSM,TakeCoverState,GravityFlip,1.00,78.5,0
33.70,FSM Enemy 2,FSM,TakeCoverState,GravityFlip,1.00,108.8,0
33.70,FSM Enemy 10,FSM,TakeCoverState,GravityFlip,1.00,104.0,0
33.70,FSM Enemy 1,FSM,TakeCoverState,GravityFlip,1.00,88.2,0
33.70,FSM Enemy 14,FSM,TakeCoverState,GravityFlip,1.00,95.7,0
33.70,Utility Enemy 9,Utility,TakeCoverAction,GravityFlip,1.00,84.7,0
33.70,Utility Enemy 10,Utility,TakeCoverAction,GravityFlip,1.00,71.0,0
33.70,Utility Enemy 12,Utility,TakeCoverAction,GravityFlip,1.00,81.7,0
33.70,Utility Enemy 6,Utility,TakeCoverAction,GravityFlip,1.00,46.0,0
33.70,Utility Enemy 1,Utility,TakeCoverAction,GravityFlip,1.00,84.3,0
33.70,Utility Enemy 7,Utility,TakeCoverAction,GravityFlip,1.00,83.4,0
33.70,Utility Enemy 11,Utility,TakeCoverAction,GravityFlip,1.00,17.7,0
33.70,Utility Enemy 13,Utility,TakeCoverAction,GravityFlip,1.00,27.8,0
33.70,Utility Enemy 15,Utility,TakeCoverAction,GravityFlip,1.00,77.4,0
33.70,Utility Enemy 5,Utility,TakeCoverAction,GravityFlip,1.00,97.3,0
33.70,Utility Enemy 2,Utility,TakeCoverAction,GravityFlip,1.00,97.0,0
33.70,Utility Enemy 8,Utility,TakeCoverAction,GravityFlip,1.00,71.5,0
33.70,Utility Enemy 4,Utility,TakeCoverAction,GravityFlip,1.00,47.8,0
33.70,Utility Enemy 14,Utility,TakeCoverAction,GravityFlip,1.00,91.1,0
33.70,Utility Enemy 3,Utility,TakeCoverAction,GravityFlip,1.00,104.3,0
34.20,Player,Player,-,GravityFlip,0.89,,0
34.20,FSM Enemy 12,FSM,TakeCoverState,GravityFlip,1.00,83.7,0
34.20,FSM Enemy 15,FSM,TakeCoverState,GravityFlip,1.00,27.1,0
34.20,FSM Enemy 13,FSM,TakeCoverState,GravityFlip,0.90,15.2,0
34.20,FSM Enemy 4,FSM,TakeCoverState,GravityFlip,0.80,90.2,0
34.20,FSM Enemy 6,FSM,TakeCoverState,GravityFlip,0.70,64.9,0
34.20,FSM Enemy 7,FSM,TakeCoverState,GravityFlip,1.00,44.5,0
34.20,FSM Enemy 3,FSM,TakeCoverState,GravityFlip,0.70,97.1,0
34.20,FSM Enemy 5,FSM,TakeCoverState,GravityFlip,1.00,66.4,0
34.20,FSM Enemy 8,FSM,TakeCoverState,GravityFlip,1.00,62.1,0
34.20,FSM Enemy 9,FSM,TakeCoverState,GravityFlip,1.00,52.9,0
34.20,FSM Enemy 11,FSM,TakeCoverState,GravityFlip,1.00,78.5,0
34.20,FSM Enemy 2,FSM,TakeCoverState,GravityFlip,1.00,108.8,0
34.20,FSM Enemy 10,FSM,TakeCoverState,GravityFlip,1.00,104.0,0
34.20,FSM Enemy 1,FSM,TakeCoverState,GravityFlip,1.00,88.2,0
34.20,FSM Enemy 14,FSM,TakeCoverState,GravityFlip,1.00,95.7,0
34.20,Utility Enemy 9,Utility,TakeCoverAction,GravityFlip,1.00,84.7,0
34.20,Utility Enemy 10,Utility,TakeCoverAction,GravityFlip,1.00,71.0,0
34.20,Utility Enemy 12,Utility,TakeCoverAction,GravityFlip,1.00,81.7,0
34.20,Utility Enemy 6,Utility,TakeCoverAction,GravityFlip,1.00,46.0,0
34.20,Utility Enemy 1,Utility,TakeCoverAction,GravityFlip,1.00,84.3,0
34.20,Utility Enemy 7,Utility,TakeCoverAction,GravityFlip,1.00,83.4,0
34.20,Utility Enemy 11,Utility,TakeCoverAction,GravityFlip,1.00,17.7,0
34.20,Utility Enemy 13,Utility,TakeCoverAction,GravityFlip,1.00,27.8,0
34.20,Utility Enemy 15,Utility,TakeCoverAction,GravityFlip,1.00,77.4,0
34.20,Utility Enemy 5,Utility,TakeCoverAction,GravityFlip,1.00,97.3,0
34.20,Utility Enemy 2,Utility,TakeCoverAction,GravityFlip,1.00,97.0,0
34.20,Utility Enemy 8,Utility,TakeCoverAction,GravityFlip,1.00,71.5,0
34.20,Utility Enemy 4,Utility,TakeCoverAction,GravityFlip,1.00,47.8,0
34.20,Utility Enemy 14,Utility,TakeCoverAction,GravityFlip,1.00,91.1,0
34.20,Utility Enemy 3,Utility,TakeCoverAction,GravityFlip,1.00,104.3,0
34.70,Player,Player,-,GravityFlip,0.89,,0
34.70,FSM Enemy 12,FSM,TakeCoverState,GravityFlip,1.00,83.7,0
34.70,FSM Enemy 15,FSM,TakeCoverState,GravityFlip,1.00,27.1,0
34.70,FSM Enemy 13,FSM,TakeCoverState,GravityFlip,0.90,15.2,0
34.70,FSM Enemy 4,FSM,TakeCoverState,GravityFlip,0.80,90.2,0
34.70,FSM Enemy 6,FSM,TakeCoverState,GravityFlip,0.70,64.9,0
34.70,FSM Enemy 7,FSM,TakeCoverState,GravityFlip,1.00,44.5,0
34.70,FSM Enemy 3,FSM,TakeCoverState,GravityFlip,0.70,97.1,0
34.70,FSM Enemy 5,FSM,TakeCoverState,GravityFlip,1.00,66.4,0
34.70,FSM Enemy 8,FSM,TakeCoverState,GravityFlip,1.00,62.1,0
34.70,FSM Enemy 9,FSM,TakeCoverState,GravityFlip,1.00,52.9,0
34.70,FSM Enemy 11,FSM,TakeCoverState,GravityFlip,1.00,78.5,0
34.70,FSM Enemy 2,FSM,TakeCoverState,GravityFlip,1.00,108.8,0
34.70,FSM Enemy 10,FSM,TakeCoverState,GravityFlip,1.00,104.0,0
34.70,FSM Enemy 1,FSM,TakeCoverState,GravityFlip,1.00,88.2,0
34.70,FSM Enemy 14,FSM,TakeCoverState,GravityFlip,1.00,95.7,0
34.70,Utility Enemy 9,Utility,TakeCoverAction,GravityFlip,1.00,84.7,0
34.70,Utility Enemy 10,Utility,TakeCoverAction,GravityFlip,1.00,71.0,0
34.70,Utility Enemy 12,Utility,TakeCoverAction,GravityFlip,1.00,81.7,0
34.70,Utility Enemy 6,Utility,TakeCoverAction,GravityFlip,1.00,46.0,0
34.70,Utility Enemy 1,Utility,TakeCoverAction,GravityFlip,1.00,84.3,0
34.70,Utility Enemy 7,Utility,TakeCoverAction,GravityFlip,1.00,83.4,0
34.70,Utility Enemy 11,Utility,TakeCoverAction,GravityFlip,1.00,17.7,0
34.70,Utility Enemy 13,Utility,TakeCoverAction,GravityFlip,1.00,27.8,0
34.70,Utility Enemy 15,Utility,TakeCoverAction,GravityFlip,1.00,77.4,0
34.70,Utility Enemy 5,Utility,TakeCoverAction,GravityFlip,1.00,97.3,0
34.70,Utility Enemy 2,Utility,TakeCoverAction,GravityFlip,1.00,97.0,0
34.70,Utility Enemy 8,Utility,TakeCoverAction,GravityFlip,1.00,71.5,0
34.70,Utility Enemy 4,Utility,TakeCoverAction,GravityFlip,1.00,47.8,0
34.70,Utility Enemy 14,Utility,TakeCoverAction,GravityFlip,1.00,91.1,0
34.70,Utility Enemy 3,Utility,TakeCoverAction,GravityFlip,1.00,104.3,0
35.20,Player,Player,-,GravityFlip,0.89,,0
35.20,FSM Enemy 12,FSM,TakeCoverState,GravityFlip,1.00,83.7,0
35.20,FSM Enemy 15,FSM,TakeCoverState,GravityFlip,1.00,27.1,0
35.20,FSM Enemy 13,FSM,TakeCoverState,GravityFlip,0.90,15.2,0
35.20,FSM Enemy 4,FSM,TakeCoverState,GravityFlip,0.80,90.2,0
35.20,FSM Enemy 6,FSM,TakeCoverState,GravityFlip,0.70,64.9,0
35.20,FSM Enemy 7,FSM,TakeCoverState,GravityFlip,1.00,44.5,0
35.20,FSM Enemy 3,FSM,TakeCoverState,GravityFlip,0.70,97.1,0
35.20,FSM Enemy 5,FSM,TakeCoverState,GravityFlip,1.00,66.4,0
35.20,FSM Enemy 8,FSM,TakeCoverState,GravityFlip,1.00,62.1,0
35.20,FSM Enemy 9,FSM,TakeCoverState,GravityFlip,1.00,52.9,0
35.20,FSM Enemy 11,FSM,TakeCoverState,GravityFlip,1.00,78.5,0
35.20,FSM Enemy 2,FSM,TakeCoverState,GravityFlip,1.00,108.8,0
35.20,FSM Enemy 10,FSM,TakeCoverState,GravityFlip,1.00,104.0,0
35.20,FSM Enemy 1,FSM,TakeCoverState,GravityFlip,1.00,88.2,0
35.20,FSM Enemy 14,FSM,TakeCoverState,GravityFlip,1.00,95.7,0
35.20,Utility Enemy 9,Utility,TakeCoverAction,GravityFlip,1.00,84.7,0
35.20,Utility Enemy 10,Utility,TakeCoverAction,GravityFlip,1.00,71.0,0
35.20,Utility Enemy 12,Utility,TakeCoverAction,GravityFlip,1.00,81.7,0
35.20,Utility Enemy 6,Utility,TakeCoverAction,GravityFlip,1.00,46.0,0
35.20,Utility Enemy 1,Utility,TakeCoverAction,GravityFlip,1.00,84.3,0
35.20,Utility Enemy 7,Utility,TakeCoverAction,GravityFlip,1.00,83.4,0
35.20,Utility Enemy 11,Utility,TakeCoverAction,GravityFlip,1.00,17.7,0
35.20,Utility Enemy 13,Utility,TakeCoverAction,GravityFlip,1.00,27.8,0
35.20,Utility Enemy 15,Utility,TakeCoverAction,GravityFlip,1.00,77.4,0
35.20,Utility Enemy 5,Utility,TakeCoverAction,GravityFlip,1.00,97.3,0
35.20,Utility Enemy 2,Utility,TakeCoverAction,GravityFlip,1.00,97.0,0
35.20,Utility Enemy 8,Utility,TakeCoverAction,GravityFlip,1.00,71.5,0
35.20,Utility Enemy 4,Utility,TakeCoverAction,GravityFlip,1.00,47.8,0
35.20,Utility Enemy 14,Utility,TakeCoverAction,GravityFlip,1.00,91.1,0
35.20,Utility Enemy 3,Utility,TakeCoverAction,GravityFlip,1.00,104.3,0
35.71,Player,Player,-,None,0.89,,0
35.71,FSM Enemy 12,FSM,PatrolState,None,1.00,83.5,0
35.71,FSM Enemy 15,FSM,PatrolState,None,1.00,27.3,0
35.71,FSM Enemy 13,FSM,PatrolState,None,0.90,15.3,0
35.71,FSM Enemy 4,FSM,PatrolState,None,0.80,90.2,0
35.71,FSM Enemy 6,FSM,PatrolState,None,0.70,64.7,0
35.71,FSM Enemy 7,FSM,PatrolState,None,1.00,44.2,0
35.71,FSM Enemy 3,FSM,PatrolState,None,0.70,97.0,0
35.71,FSM Enemy 5,FSM,PatrolState,None,1.00,66.4,0
35.71,FSM Enemy 8,FSM,PatrolState,None,1.00,62.2,0
35.71,FSM Enemy 9,FSM,PatrolState,None,1.00,53.1,0
35.71,FSM Enemy 11,FSM,PatrolState,None,1.00,78.3,0
35.71,FSM Enemy 2,FSM,PatrolState,None,1.00,109.0,0
35.71,FSM Enemy 10,FSM,PatrolState,None,1.00,103.8,0
35.71,FSM Enemy 1,FSM,PatrolState,None,1.00,88.1,0
35.71,FSM Enemy 14,FSM,PatrolState,None,1.00,95.8,0
35.71,Utility Enemy 9,Utility,AttackAction,None,1.00,84.7,0
35.71,Utility Enemy 10,Utility,AttackAction,None,1.00,71.0,0
35.71,Utility Enemy 12,Utility,AttackAction,None,1.00,81.7,0
35.71,Utility Enemy 6,Utility,AttackAction,None,1.00,46.0,0
35.71,Utility Enemy 1,Utility,AttackAction,None,1.00,84.3,0
35.71,Utility Enemy 7,Utility,AttackAction,None,1.00,83.4,0
35.71,Utility Enemy 11,Utility,AttackAction,None,1.00,17.7,0
35.71,Utility Enemy 13,Utility,AttackAction,None,1.00,27.8,0
35.71,Utility Enemy 15,Utility,AttackAction,None,1.00,77.4,0
35.71,Utility Enemy 5,Utility,AttackAction,None,1.00,97.3,0
35.71,Utility Enemy 2,Utility,AttackAction,None,1.00,97.0,0
35.71,Utility Enemy 8,Utility,AttackAction,None,1.00,71.5,0
35.71,Utility Enemy 4,Utility,AttackAction,None,1.00,47.8,0
35.71,Utility Enemy 14,Utility,AttackAction,None,1.00,91.1,0
35.71,Utility Enemy 3,Utility,AttackAction,None,1.00,104.3,0
36.21,Player,Player,-,None,0.89,,0
36.21,FSM Enemy 12,FSM,PatrolState,None,1.00,82.3,0
36.21,FSM Enemy 15,FSM,PatrolState,None,1.00,28.4,0
36.21,FSM Enemy 13,FSM,PatrolState,None,0.90,16.0,0
36.21,FSM Enemy 4,FSM,PatrolState,None,0.80,90.1,0
36.21,FSM Enemy 6,FSM,PatrolState,None,0.70,64.0,0
36.21,FSM Enemy 7,FSM,PatrolState,None,1.00,43.0,0
36.21,FSM Enemy 3,FSM,PatrolState,None,0.70,96.4,0
36.21,FSM Enemy 5,FSM,PatrolState,None,1.00,66.5,0
36.21,FSM Enemy 8,FSM,PatrolState,None,1.00,62.9,0
36.21,FSM Enemy 9,FSM,PatrolState,None,1.00,54.3,0
36.21,FSM Enemy 11,FSM,PatrolState,None,1.00,77.3,0
36.21,FSM Enemy 2,FSM,PatrolState,None,1.00,110.3,0
36.21,FSM Enemy 10,FSM,PatrolState,None,1.00,103.1,0
36.21,FSM Enemy 1,FSM,PatrolState,None,1.00,86.8,0
36.21,FSM Enemy 14,FSM,PatrolState,None,1.00,96.4,0
36.21,Utility Enemy 9,Utility,AttackAction,None,1.00,84.7,0
36.21,Utility Enemy 10,Utility,AttackAction,None,1.00,71.0,0
36.21,Utility Enemy 12,Utility,AttackAction,None,1.00,81.7,0
36.21,Utility Enemy 6,Utility,AttackAction,None,1.00,46.0,0
36.21,Utility Enemy 1,Utility,AttackAction,None,1.00,84.3,0
36.21,Utility Enemy 7,Utility,AttackAction,None,1.00,83.4,0
36.21,Utility Enemy 11,Utility,AttackAction,None,1.00,17.7,0
36.21,Utility Enemy 13,Utility,AttackAction,None,1.00,27.8,0
36.21,Utility Enemy 15,Utility,AttackAction,None,1.00,77.4,0
36.21,Utility Enemy 5,Utility,AttackAction,None,1.00,97.3,0
36.21,Utility Enemy 2,Utility,AttackAction,None,1.00,97.0,0
36.21,Utility Enemy 8,Utility,AttackAction,None,1.00,71.5,0
36.21,Utility Enemy 4,Utility,AttackAction,None,1.00,47.8,0
36.21,Utility Enemy 14,Utility,AttackAction,None,1.00,91.1,0
36.21,Utility Enemy 3,Utility,AttackAction,None,1.00,104.3,0
36.72,Player,Player,-,None,0.89,,0
36.72,FSM Enemy 12,FSM,PatrolState,None,1.00,81.1,0
36.72,FSM Enemy 15,FSM,PatrolState,None,1.00,29.6,0
36.72,FSM Enemy 13,FSM,PatrolState,None,0.90,16.3,0
36.72,FSM Enemy 4,FSM,PatrolState,None,0.80,90.1,0
36.72,FSM Enemy 6,FSM,PatrolState,None,0.70,64.3,0
36.72,FSM Enemy 7,FSM,PatrolState,None,1.00,41.8,0
36.72,FSM Enemy 3,FSM,PatrolState,None,0.70,95.7,0
36.72,FSM Enemy 5,FSM,PatrolState,None,1.00,66.5,0
36.72,FSM Enemy 8,FSM,PatrolState,None,1.00,63.8,0
36.72,FSM Enemy 9,FSM,PatrolState,None,1.00,55.5,0
36.72,FSM Enemy 11,FSM,PatrolState,None,1.00,76.3,0
36.72,FSM Enemy 2,FSM,PatrolState,None,1.00,111.5,0
36.72,FSM Enemy 10,FSM,PatrolState,None,1.00,102.2,0
36.72,FSM Enemy 1,FSM,PatrolState,None,1.00,85.6,0
36.72,FSM Enemy 14,FSM,PatrolState,None,1.00,96.9,0
36.72,Utility Enemy 9,Utility,AttackAction,None,1.00,84.7,0
36.72,Utility Enemy 10,Utility,AttackAction,None,1.00,71.0,0
36.72,Utility Enemy 12,Utility,AttackAction,None,1.00,81.7,0
36.72,Utility Enemy 6,Utility,AttackAction,None,1.00,46.0,0
36.72,Utility Enemy 1,Utility,AttackAction,None,1.00,84.3,0
36.72,Utility Enemy 7,Utility,AttackAction,None,1.00,83.4,0
36.72,Utility Enemy 11,Utility,AttackAction,None,1.00,17.7,0
36.72,Utility Enemy 13,Utility,AttackAction,None,1.00,27.8,0
36.72,Utility Enemy 15,Utility,AttackAction,None,1.00,77.4,0
36.72,Utility Enemy 5,Utility,AttackAction,None,1.00,97.3,0
36.72,Utility Enemy 2,Utility,AttackAction,None,1.00,97.0,0
36.72,Utility Enemy 8,Utility,AttackAction,None,1.00,71.5,0
36.72,Utility Enemy 4,Utility,AttackAction,None,1.00,47.8,0
36.72,Utility Enemy 14,Utility,AttackAction,None,1.00,91.1,0
36.72,Utility Enemy 3,Utility,AttackAction,None,1.00,104.3,0
37.22,Player,Player,-,None,0.89,,0
37.22,FSM Enemy 12,FSM,PatrolState,None,1.00,80.8,0
37.22,FSM Enemy 15,FSM,PatrolState,None,1.00,30.7,0
37.22,FSM Enemy 13,FSM,PatrolState,None,0.90,16.6,0
37.22,FSM Enemy 4,FSM,PatrolState,None,0.80,90.1,0
37.22,FSM Enemy 6,FSM,PatrolState,None,0.70,65.2,0
37.22,FSM Enemy 7,FSM,PatrolState,None,1.00,40.5,0
37.22,FSM Enemy 3,FSM,PatrolState,None,0.70,95.1,0
37.22,FSM Enemy 5,FSM,PatrolState,None,1.00,66.6,0
37.22,FSM Enemy 8,FSM,PatrolState,None,1.00,65.0,0
37.22,FSM Enemy 9,FSM,PatrolState,None,1.00,56.7,0
37.22,FSM Enemy 11,FSM,PatrolState,None,1.00,75.2,0
37.22,FSM Enemy 2,FSM,PatrolState,None,1.00,112.3,0
37.22,FSM Enemy 10,FSM,PatrolState,None,1.00,101.3,0
37.22,FSM Enemy 1,FSM,PatrolState,None,1.00,84.4,0
37.22,FSM Enemy 14,FSM,PatrolState,None,1.00,97.5,0
37.22,Utility Enemy 9,Utility,AttackAction,None,1.00,84.7,0
37.22,Utility Enemy 10,Utility,AttackAction,None,1.00,71.0,0
37.22,Utility Enemy 12,Utility,AttackAction,None,1.00,81.7,0
37.22,Utility Enemy 6,Utility,AttackAction,None,1.00,46.0,0
37.22,Utility Enemy 1,Utility,AttackAction,None,1.00,84.3,0
37.22,Utility Enemy 7,Utility,AttackAction,None,1.00,83.4,0
37.22,Utility Enemy 11,Utility,AttackAction,None,1.00,17.7,0
37.22,Utility Enemy 13,Utility,AttackAction,None,1.00,27.8,0
37.22,Utility Enemy 15,Utility,AttackAction,None,1.00,77.4,0
37.22,Utility Enemy 5,Utility,AttackAction,None,1.00,97.3,0
37.22,Utility Enemy 2,Utility,AttackAction,None,1.00,97.0,0
37.22,Utility Enemy 8,Utility,AttackAction,None,1.00,71.5,0
37.22,Utility Enemy 4,Utility,AttackAction,None,1.00,47.8,0
37.22,Utility Enemy 14,Utility,AttackAction,None,1.00,91.1,0
37.22,Utility Enemy 3,Utility,AttackAction,None,1.00,104.3,0
37.73,Player,Player,-,None,0.89,,0
37.73,FSM Enemy 12,FSM,PatrolState,None,1.00,80.8,0
37.73,FSM Enemy 15,FSM,PatrolState,None,1.00,31.9,0
37.73,FSM Enemy 13,FSM,PatrolState,None,0.90,17.0,0
37.73,FSM Enemy 4,FSM,PatrolState,None,0.80,90.1,0
37.73,FSM Enemy 6,FSM,PatrolState,None,0.70,66.1,0
37.73,FSM Enemy 7,FSM,PatrolState,None,1.00,39.3,0
37.73,FSM Enemy 3,FSM,PatrolState,None,0.70,94.3,0
37.73,FSM Enemy 5,FSM,PatrolState,None,1.00,66.7,0
37.73,FSM Enemy 8,FSM,PatrolState,None,1.00,66.2,0
37.73,FSM Enemy 9,FSM,PatrolState,None,1.00,58.0,0
37.73,FSM Enemy 11,FSM,PatrolState,None,1.00,74.0,0
37.73,FSM Enemy 2,FSM,PatrolState,None,1.00,112.2,0
37.73,FSM Enemy 10,FSM,PatrolState,None,1.00,100.3,0
37.73,FSM Enemy 1,FSM,PatrolState,None,1.00,83.1,0
37.73,FSM Enemy 14,FSM,PatrolState,None,1.00,98.1,0
37.73,Utility Enemy 9,Utility,AttackAction,None,1.00,84.7,0
37.73,Utility Enemy 10,Utility,AttackAction,None,1.00,71.0,0
37.73,Utility Enemy 12,Utility,AttackAction,None,1.00,81.7,0
37.73,Utility Enemy 6,Utility,AttackAction,None,1.00,46.0,0
37.73,Utility Enemy 1,Utility,AttackAction,None,1.00,84.3,0
37.73,Utility Enemy 7,Utility,AttackAction,None,1.00,83.4,0
37.73,Utility Enemy 11,Utility,AttackAction,None,1.00,17.7,0
37.73,Utility Enemy 13,Utility,AttackAction,None,1.00,27.8,0
37.73,Utility Enemy 15,Utility,AttackAction,None,1.00,77.4,0
37.73,Utility Enemy 5,Utility,AttackAction,None,1.00,97.3,0
37.73,Utility Enemy 2,Utility,AttackAction,None,1.00,97.0,0
37.73,Utility Enemy 8,Utility,AttackAction,None,1.00,71.5,0
37.73,Utility Enemy 4,Utility,AttackAction,None,1.00,47.8,0
37.73,Utility Enemy 14,Utility,AttackAction,None,1.00,91.1,0
37.73,Utility Enemy 3,Utility,AttackAction,None,1.00,104.3,0
38.23,Player,Player,-,None,0.89,,0
38.23,FSM Enemy 12,FSM,PatrolState,None,1.00,80.1,0
38.23,FSM Enemy 15,FSM,PatrolState,None,1.00,33.0,0
38.23,FSM Enemy 13,FSM,PatrolState,None,0.90,17.4,0
38.23,FSM Enemy 4,FSM,PatrolState,None,0.80,90.2,0
38.23,FSM Enemy 6,FSM,PatrolState,None,0.70,67.1,0
38.23,FSM Enemy 7,FSM,PatrolState,None,1.00,38.0,0
38.23,FSM Enemy 3,FSM,PatrolState,None,0.70,93.3,0
38.23,FSM Enemy 5,FSM,PatrolState,None,1.00,66.8,0
38.23,FSM Enemy 8,FSM,PatrolState,None,1.00,67.4,0
38.23,FSM Enemy 9,FSM,PatrolState,None,1.00,59.2,0
38.23,FSM Enemy 11,FSM,PatrolState,None,1.00,72.8,0
38.23,FSM Enemy 2,FSM,PatrolState,None,1.00,112.0,0
38.23,FSM Enemy 10,FSM,PatrolState,None,1.00,99.1,0
38.23,FSM Enemy 1,FSM,PatrolState,None,1.00,81.9,0
38.23,FSM Enemy 14,FSM,PatrolState,None,1.00,98.8,0
38.23,Utility Enemy 9,Utility,AttackAction,None,1.00,84.7,0
38.23,Utility Enemy 10,Utility,AttackAction,None,1.00,71.0,0
38.23,Utility Enemy 12,Utility,AttackAction,None,1.00,81.7,0
38.23,Utility Enemy 6,Utility,AttackAction,None,1.00,46.0,0
38.23,Utility Enemy 1,Utility,AttackAction,None,1.00,84.3,0
38.23,Utility Enemy 7,Utility,AttackAction,None,1.00,83.4,0
38.23,Utility Enemy 11,Utility,AttackAction,None,1.00,17.7,0
38.23,Utility Enemy 13,Utility,AttackAction,None,1.00,27.8,0
38.23,Utility Enemy 15,Utility,AttackAction,None,1.00,77.4,0
38.23,Utility Enemy 5,Utility,AttackAction,None,1.00,97.3,0
38.23,Utility Enemy 2,Utility,AttackAction,None,1.00,97.0,0
38.23,Utility Enemy 8,Utility,AttackAction,None,1.00,71.5,0
38.23,Utility Enemy 4,Utility,AttackAction,None,1.00,47.8,0
38.23,Utility Enemy 14,Utility,AttackAction,None,1.00,91.1,0
38.23,Utility Enemy 3,Utility,AttackAction,None,1.00,104.3,0
38.73,Player,Player,-,None,0.89,,0
38.73,FSM Enemy 12,FSM,PatrolState,None,1.00,79.3,0
38.73,FSM Enemy 15,FSM,PatrolState,None,1.00,34.2,0
38.73,FSM Enemy 13,FSM,PatrolState,None,0.90,18.0,0
38.73,FSM Enemy 4,FSM,PatrolState,None,0.80,90.3,0
38.73,FSM Enemy 6,FSM,PatrolState,None,0.70,68.0,0
38.73,FSM Enemy 7,FSM,PatrolState,None,1.00,36.8,0
38.73,FSM Enemy 3,FSM,PatrolState,None,0.70,92.3,0
38.73,FSM Enemy 5,FSM,PatrolState,None,1.00,66.9,0
38.73,FSM Enemy 8,FSM,PatrolState,None,1.00,68.6,0
38.73,FSM Enemy 9,FSM,PatrolState,None,1.00,60.4,0
38.73,FSM Enemy 11,FSM,PatrolState,None,1.00,71.6,0
38.73,FSM Enemy 2,FSM,PatrolState,None,1.00,111.8,0
38.73,FSM Enemy 10,FSM,PatrolState,None,1.00,98.0,0
38.73,FSM Enemy 1,FSM,PatrolState,None,1.00,80.7,0
38.73,FSM Enemy 14,FSM,PatrolState,None,1.00,99.0,0
38.73,Utility Enemy 9,Utility,AttackAction,None,1.00,84.7,0
38.73,Utility Enemy 10,Utility,AttackAction,None,1.00,71.0,0
38.73,Utility Enemy 12,Utility,AttackAction,None,1.00,81.7,0
38.73,Utility Enemy 6,Utility,AttackAction,None,1.00,46.0,0
38.73,Utility Enemy 1,Utility,AttackAction,None,1.00,84.3,0
38.73,Utility Enemy 7,Utility,AttackAction,None,1.00,83.4,0
38.73,Utility Enemy 11,Utility,AttackAction,None,1.00,17.7,0
38.73,Utility Enemy 13,Utility,AttackAction,None,1.00,27.8,0
38.73,Utility Enemy 15,Utility,AttackAction,None,1.00,77.4,0
38.73,Utility Enemy 5,Utility,AttackAction,None,1.00,97.3,0
38.73,Utility Enemy 2,Utility,AttackAction,None,1.00,97.0,0
38.73,Utility Enemy 8,Utility,AttackAction,None,1.00,71.5,0
38.73,Utility Enemy 4,Utility,AttackAction,None,1.00,47.8,0
38.73,Utility Enemy 14,Utility,AttackAction,None,1.00,91.1,0
38.73,Utility Enemy 3,Utility,AttackAction,None,1.00,104.3,0
39.23,Player,Player,-,None,0.89,,0
39.23,FSM Enemy 12,FSM,PatrolState,None,1.00,78.6,0
39.23,FSM Enemy 15,FSM,PatrolState,None,1.00,35.2,0
39.23,FSM Enemy 13,FSM,PatrolState,None,0.90,18.6,0
39.23,FSM Enemy 4,FSM,PatrolState,None,0.80,90.4,0
39.23,FSM Enemy 6,FSM,PatrolState,None,0.70,69.1,0
39.23,FSM Enemy 7,FSM,PatrolState,None,1.00,35.6,0
39.23,FSM Enemy 3,FSM,PatrolState,None,0.70,91.4,0
39.23,FSM Enemy 5,FSM,PatrolState,None,1.00,67.1,0
39.23,FSM Enemy 8,FSM,PatrolState,None,1.00,69.8,0
39.23,FSM Enemy 9,FSM,PatrolState,None,1.00,61.6,0
39.23,FSM Enemy 11,FSM,PatrolState,None,1.00,70.4,0
39.23,FSM Enemy 2,FSM,PatrolState,None,1.00,111.7,0
39.23,FSM Enemy 10,FSM,PatrolState,None,1.00,96.8,0
39.23,FSM Enemy 1,FSM,PatrolState,None,1.00,79.8,0
39.23,FSM Enemy 14,FSM,PatrolState,None,1.00,98.9,0
39.23,Utility Enemy 9,Utility,AttackAction,None,1.00,84.7,0
39.23,Utility Enemy 10,Utility,AttackAction,None,1.00,71.0,0
39.23,Utility Enemy 12,Utility,AttackAction,None,1.00,81.7,0
39.23,Utility Enemy 6,Utility,AttackAction,None,1.00,46.0,0
39.23,Utility Enemy 1,Utility,AttackAction,None,1.00,84.3,0
39.23,Utility Enemy 7,Utility,AttackAction,None,1.00,83.4,0
39.23,Utility Enemy 11,Utility,AttackAction,None,1.00,17.7,0
39.23,Utility Enemy 13,Utility,AttackAction,None,1.00,27.8,0
39.23,Utility Enemy 15,Utility,AttackAction,None,1.00,77.4,0
39.23,Utility Enemy 5,Utility,AttackAction,None,1.00,97.3,0
39.23,Utility Enemy 2,Utility,AttackAction,None,1.00,97.0,0
39.23,Utility Enemy 8,Utility,AttackAction,None,1.00,71.5,0
39.23,Utility Enemy 4,Utility,AttackAction,None,1.00,47.8,0
39.23,Utility Enemy 14,Utility,AttackAction,None,1.00,91.1,0
39.23,Utility Enemy 3,Utility,AttackAction,None,1.00,104.3,0
39.73,Player,Player,-,None,0.89,,0
39.73,FSM Enemy 12,FSM,PatrolState,None,1.00,77.8,0
39.73,FSM Enemy 15,FSM,PatrolState,None,1.00,36.0,0
39.73,FSM Enemy 13,FSM,PatrolState,None,0.90,19.3,0
39.73,FSM Enemy 4,FSM,PatrolState,None,0.80,90.5,0
39.73,FSM Enemy 6,FSM,PatrolState,None,0.70,70.2,0
39.73,FSM Enemy 7,FSM,PatrolState,None,1.00,34.4,0
39.73,FSM Enemy 3,FSM,PatrolState,None,0.70,91.5,0
39.73,FSM Enemy 5,FSM,PatrolState,None,1.00,67.3,0
39.73,FSM Enemy 8,FSM,PatrolState,None,1.00,70.0,0
39.73,FSM Enemy 9,FSM,PatrolState,None,1.00,62.8,0
39.73,FSM Enemy 11,FSM,PatrolState,None,1.00,69.2,0
39.73,FSM Enemy 2,FSM,PatrolState,None,1.00,111.8,0
39.73,FSM Enemy 10,FSM,PatrolState,None,1.00,95.7,0
39.73,FSM Enemy 1,FSM,PatrolState,None,1.00,80.1,0
39.73,FSM Enemy 14,FSM,PatrolState,None,1.00,98.9,0
39.73,Utility Enemy 9,Utility,AttackAction,None,1.00,84.7,0
39.73,Utility Enemy 10,Utility,AttackAction,None,1.00,71.0,0
39.73,Utility Enemy 12,Utility,AttackAction,None,1.00,81.7,0
39.73,Utility Enemy 6,Utility,AttackAction,None,1.00,46.0,0
39.73,Utility Enemy 1,Utility,AttackAction,None,1.00,84.3,0
39.73,Utility Enemy 7,Utility,AttackAction,None,1.00,83.4,0
39.73,Utility Enemy 11,Utility,AttackAction,None,1.00,17.7,0
39.73,Utility Enemy 13,Utility,AttackAction,None,1.00,27.8,0
39.73,Utility Enemy 15,Utility,AttackAction,None,1.00,77.4,0
39.73,Utility Enemy 5,Utility,AttackAction,None,1.00,97.3,0
39.73,Utility Enemy 2,Utility,AttackAction,None,1.00,97.0,0
39.73,Utility Enemy 8,Utility,AttackAction,None,1.00,71.5,0
39.73,Utility Enemy 4,Utility,AttackAction,None,1.00,47.8,0
39.73,Utility Enemy 14,Utility,AttackAction,None,1.00,91.1,0
39.73,Utility Enemy 3,Utility,AttackAction,None,1.00,104.3,0
40.24,Player,Player,-,None,0.89,,0
40.24,FSM Enemy 12,FSM,PatrolState,None,1.00,77.1,0
40.24,FSM Enemy 15,FSM,PatrolState,None,1.00,36.8,0
40.24,FSM Enemy 13,FSM,PatrolState,None,0.90,20.0,0
40.24,FSM Enemy 4,FSM,PatrolState,None,0.80,90.6,0
40.24,FSM Enemy 6,FSM,PatrolState,None,0.70,71.4,0
40.24,FSM Enemy 7,FSM,PatrolState,None,1.00,33.1,0
40.24,FSM Enemy 3,FSM,PatrolState,None,0.70,91.7,0
40.24,FSM Enemy 5,FSM,PatrolState,None,1.00,67.4,0
40.24,FSM Enemy 8,FSM,PatrolState,None,1.00,68.8,0
40.24,FSM Enemy 9,FSM,PatrolState,None,1.00,64.0,0
40.24,FSM Enemy 11,FSM,PatrolState,None,1.00,68.0,0
40.24,FSM Enemy 2,FSM,PatrolState,None,1.00,112.8,0
40.24,FSM Enemy 10,FSM,PatrolState,None,1.00,94.6,0
40.24,FSM Enemy 1,FSM,PatrolState,None,1.00,81.3,0
40.24,FSM Enemy 14,FSM,PatrolState,None,1.00,98.9,0
40.24,Utility Enemy 9,Utility,AttackAction,None,1.00,84.7,0
40.24,Utility Enemy 10,Utility,AttackAction,None,1.00,71.0,0
40.24,Utility Enemy 12,Utility,AttackAction,None,1.00,81.7,0
40.24,Utility Enemy 6,Utility,AttackAction,None,1.00,46.0,0
40.24,Utility Enemy 1,Utility,AttackAction,None,1.00,84.3,0
40.24,Utility Enemy 7,Utility,AttackAction,None,1.00,83.4,0
40.24,Utility Enemy 11,Utility,AttackAction,None,1.00,17.7,0
40.24,Utility Enemy 13,Utility,AttackAction,None,1.00,27.8,0
40.24,Utility Enemy 15,Utility,AttackAction,None,1.00,77.4,0
40.24,Utility Enemy 5,Utility,AttackAction,None,1.00,97.3,0
40.24,Utility Enemy 2,Utility,AttackAction,None,1.00,97.0,0
40.24,Utility Enemy 8,Utility,AttackAction,None,1.00,71.5,0
40.24,Utility Enemy 4,Utility,AttackAction,None,1.00,47.8,0
40.24,Utility Enemy 14,Utility,AttackAction,None,1.00,91.1,0
40.24,Utility Enemy 3,Utility,AttackAction,None,1.00,104.3,0
40.74,Player,Player,-,None,0.89,,0
40.74,FSM Enemy 12,FSM,PatrolState,None,1.00,76.3,0
40.74,FSM Enemy 15,FSM,PatrolState,None,1.00,37.7,0
40.74,FSM Enemy 13,FSM,PatrolState,None,0.90,20.8,0
40.74,FSM Enemy 4,FSM,PatrolState,None,0.80,90.6,0
40.74,FSM Enemy 6,FSM,PatrolState,None,0.70,72.3,0
40.74,FSM Enemy 7,FSM,PatrolState,None,1.00,31.9,0
40.74,FSM Enemy 3,FSM,PatrolState,None,0.70,91.9,0
40.74,FSM Enemy 5,FSM,PatrolState,None,1.00,66.9,0
40.74,FSM Enemy 8,FSM,PatrolState,None,1.00,67.5,0
40.74,FSM Enemy 9,FSM,PatrolState,None,1.00,65.3,0
40.74,FSM Enemy 11,FSM,PatrolState,None,1.00,66.8,0
40.74,FSM Enemy 2,FSM,PatrolState,None,1.00,113.9,0
40.74,FSM Enemy 10,FSM,PatrolState,None,1.00,93.4,0
40.74,FSM Enemy 1,FSM,PatrolState,None,1.00,82.6,0
40.74,FSM Enemy 14,FSM,PatrolState,None,1.00,98.9,0
40.74,Utility Enemy 9,Utility,AttackAction,None,1.00,84.7,0
40.74,Utility Enemy 10,Utility,AttackAction,None,1.00,71.0,0
40.74,Utility Enemy 12,Utility,AttackAction,None,1.00,81.7,0
40.74,Utility Enemy 6,Utility,AttackAction,None,1.00,46.0,0
40.74,Utility Enemy 1,Utility,AttackAction,None,1.00,84.3,0
40.74,Utility Enemy 7,Utility,AttackAction,None,1.00,83.4,0
40.74,Utility Enemy 11,Utility,AttackAction,None,1.00,17.7,0
40.74,Utility Enemy 13,Utility,AttackAction,None,1.00,27.8,0
40.74,Utility Enemy 15,Utility,AttackAction,None,1.00,77.4,0
40.74,Utility Enemy 5,Utility,AttackAction,None,1.00,97.3,0
40.74,Utility Enemy 2,Utility,AttackAction,None,1.00,97.0,0
40.74,Utility Enemy 8,Utility,AttackAction,None,1.00,71.5,0
40.74,Utility Enemy 4,Utility,AttackAction,None,1.00,47.8,0
40.74,Utility Enemy 14,Utility,AttackAction,None,1.00,91.1,0
40.74,Utility Enemy 3,Utility,AttackAction,None,1.00,104.3,0
41.25,Player,Player,-,None,0.89,,0
41.25,FSM Enemy 12,FSM,PatrolState,None,1.00,75.6,0
41.25,FSM Enemy 15,FSM,PatrolState,None,1.00,38.5,0
41.25,FSM Enemy 13,FSM,PatrolState,None,0.90,21.6,0
41.25,FSM Enemy 4,FSM,PatrolState,None,0.80,90.5,0
41.25,FSM Enemy 6,FSM,PatrolState,None,0.70,71.6,0
41.25,FSM Enemy 7,FSM,PatrolState,None,1.00,30.7,0
41.25,FSM Enemy 3,FSM,PatrolState,None,0.70,92.2,0
41.25,FSM Enemy 5,FSM,PatrolState,None,1.00,66.4,0
41.25,FSM Enemy 8,FSM,PatrolState,None,1.00,66.3,0
41.25,FSM Enemy 9,FSM,PatrolState,None,1.00,66.5,0
41.25,FSM Enemy 11,FSM,PatrolState,None,1.00,65.6,0
41.25,FSM Enemy 2,FSM,PatrolState,None,1.00,115.0,0
41.25,FSM Enemy 10,FSM,PatrolState,None,1.00,92.3,0
41.25,FSM Enemy 1,FSM,PatrolState,None,1.00,83.8,0
41.25,FSM Enemy 14,FSM,PatrolState,None,1.00,99.3,0
41.25,Utility Enemy 9,Utility,AttackAction,None,1.00,84.7,0
41.25,Utility Enemy 10,Utility,AttackAction,None,1.00,71.0,0
41.25,Utility Enemy 12,Utility,AttackAction,None,1.00,81.7,0
41.25,Utility Enemy 6,Utility,AttackAction,None,1.00,46.0,0
41.25,Utility Enemy 1,Utility,AttackAction,None,1.00,84.3,0
41.25,Utility Enemy 7,Utility,AttackAction,None,1.00,83.4,0
41.25,Utility Enemy 11,Utility,AttackAction,None,1.00,17.7,0
41.25,Utility Enemy 13,Utility,AttackAction,None,1.00,27.8,0
41.25,Utility Enemy 15,Utility,AttackAction,None,1.00,77.4,0
41.25,Utility Enemy 5,Utility,AttackAction,None,1.00,97.3,0
41.25,Utility Enemy 2,Utility,AttackAction,None,1.00,97.0,0
41.25,Utility Enemy 8,Utility,AttackAction,None,1.00,71.5,0
41.25,Utility Enemy 4,Utility,AttackAction,None,1.00,47.8,0
41.25,Utility Enemy 14,Utility,AttackAction,None,1.00,91.1,0
41.25,Utility Enemy 3,Utility,AttackAction,None,1.00,104.3,0
41.75,Player,Player,-,None,0.89,,0
41.75,FSM Enemy 12,FSM,PatrolState,None,1.00,74.9,0
41.75,FSM Enemy 15,FSM,PatrolState,None,1.00,39.4,0
41.75,FSM Enemy 13,FSM,PatrolState,None,0.90,22.4,0
41.75,FSM Enemy 4,FSM,PatrolState,None,0.80,90.3,0
41.75,FSM Enemy 6,FSM,PatrolState,None,0.70,70.6,0
41.75,FSM Enemy 7,FSM,PatrolState,None,1.00,29.5,0
41.75,FSM Enemy 3,FSM,PatrolState,None,0.70,92.4,0
41.75,FSM Enemy 5,FSM,PatrolState,None,1.00,65.9,0
41.75,FSM Enemy 8,FSM,PatrolState,None,1.00,65.0,0
41.75,FSM Enemy 9,FSM,PatrolState,None,1.00,67.7,0
41.75,FSM Enemy 11,FSM,PatrolState,None,1.00,64.8,0
41.75,FSM Enemy 2,FSM,PatrolState,None,1.00,116.1,0
41.75,FSM Enemy 10,FSM,PatrolState,None,1.00,91.2,0
41.75,FSM Enemy 1,FSM,PatrolState,None,1.00,85.0,0
41.75,FSM Enemy 14,FSM,PatrolState,None,1.00,100.5,0
41.75,Utility Enemy 9,Utility,AttackAction,None,1.00,84.7,0
41.75,Utility Enemy 10,Utility,AttackAction,None,1.00,71.0,0
41.75,Utility Enemy 12,Utility,AttackAction,None,1.00,81.7,0
41.75,Utility Enemy 6,Utility,AttackAction,None,1.00,46.0,0
41.75,Utility Enemy 1,Utility,AttackAction,None,1.00,84.3,0
41.75,Utility Enemy 7,Utility,AttackAction,None,1.00,83.4,0
41.75,Utility Enemy 11,Utility,AttackAction,None,1.00,17.7,0
41.75,Utility Enemy 13,Utility,AttackAction,None,1.00,27.8,0
41.75,Utility Enemy 15,Utility,AttackAction,None,1.00,77.4,0
41.75,Utility Enemy 5,Utility,AttackAction,None,1.00,97.3,0
41.75,Utility Enemy 2,Utility,AttackAction,None,1.00,97.0,0
41.75,Utility Enemy 8,Utility,AttackAction,None,1.00,71.5,0
41.75,Utility Enemy 4,Utility,AttackAction,None,1.00,47.8,0
41.75,Utility Enemy 14,Utility,AttackAction,None,1.00,91.1,0
41.75,Utility Enemy 3,Utility,AttackAction,None,1.00,104.3,0
42.25,Player,Player,-,None,0.89,,0
42.25,FSM Enemy 12,FSM,PatrolState,None,1.00,74.2,0
42.25,FSM Enemy 15,FSM,PatrolState,None,1.00,38.8,0
42.25,FSM Enemy 13,FSM,PatrolState,None,0.90,22.7,0
42.25,FSM Enemy 4,FSM,PatrolState,None,0.80,90.1,0
42.25,FSM Enemy 6,FSM,PatrolState,None,0.70,69.6,0
42.25,FSM Enemy 7,FSM,PatrolState,None,1.00,28.4,0
42.25,FSM Enemy 3,FSM,PatrolState,None,0.70,92.9,0
42.25,FSM Enemy 5,FSM,PatrolState,None,1.00,65.4,0
42.25,FSM Enemy 8,FSM,PatrolState,None,1.00,63.8,0
42.25,FSM Enemy 9,FSM,PatrolState,None,1.00,69.0,0
42.25,FSM Enemy 11,FSM,PatrolState,None,1.00,63.6,0
42.25,FSM Enemy 2,FSM,PatrolState,None,1.00,117.2,0
42.25,FSM Enemy 10,FSM,PatrolState,None,1.00,90.1,0
42.25,FSM Enemy 1,FSM,PatrolState,None,1.00,86.2,0
42.25,FSM Enemy 14,FSM,PatrolState,None,1.00,101.7,0
42.25,Utility Enemy 9,Utility,AttackAction,None,1.00,84.7,0
42.25,Utility Enemy 10,Utility,AttackAction,None,1.00,71.0,0
42.25,Utility Enemy 12,Utility,AttackAction,None,1.00,81.7,0
42.25,Utility Enemy 6,Utility,AttackAction,None,1.00,46.0,0
42.25,Utility Enemy 1,Utility,AttackAction,None,1.00,84.3,0
42.25,Utility Enemy 7,Utility,AttackAction,None,1.00,83.4,0
42.25,Utility Enemy 11,Utility,AttackAction,None,1.00,17.7,0
42.25,Utility Enemy 13,Utility,AttackAction,None,1.00,27.8,0
42.25,Utility Enemy 15,Utility,AttackAction,None,1.00,77.4,0
42.25,Utility Enemy 5,Utility,AttackAction,None,1.00,97.3,0
42.25,Utility Enemy 2,Utility,AttackAction,None,1.00,97.0,0
42.25,Utility Enemy 8,Utility,AttackAction,None,1.00,71.5,0
42.25,Utility Enemy 4,Utility,AttackAction,None,1.00,47.8,0
42.25,Utility Enemy 14,Utility,AttackAction,None,1.00,91.1,0
42.25,Utility Enemy 3,Utility,AttackAction,None,1.00,104.3,0
42.76,Player,Player,-,None,0.89,,0
42.76,FSM Enemy 12,FSM,PatrolState,None,1.00,74.2,0
42.76,FSM Enemy 15,FSM,PatrolState,None,1.00,37.9,0
42.76,FSM Enemy 13,FSM,PatrolState,None,0.90,23.0,0
42.76,FSM Enemy 4,FSM,PatrolState,None,0.80,90.0,0
42.76,FSM Enemy 6,FSM,PatrolState,None,0.70,68.6,0
42.76,FSM Enemy 7,FSM,PatrolState,None,1.00,27.3,0
42.76,FSM Enemy 3,FSM,PatrolState,None,0.70,93.6,0
42.76,FSM Enemy 5,FSM,PatrolState,None,1.00,64.9,0
42.76,FSM Enemy 8,FSM,PatrolState,None,1.00,62.6,0
42.76,FSM Enemy 9,FSM,PatrolState,None,1.00,70.0,0
42.76,FSM Enemy 11,FSM,PatrolState,None,1.00,62.4,0
42.76,FSM Enemy 2,FSM,PatrolState,None,1.00,118.2,0
42.76,FSM Enemy 10,FSM,PatrolState,None,1.00,89.6,0
42.76,FSM Enemy 1,FSM,PatrolState,None,1.00,87.4,0
42.76,FSM Enemy 14,FSM,PatrolState,None,1.00,102.9,0
42.76,Utility Enemy 9,Utility,AttackAction,None,1.00,84.7,0
42.76,Utility Enemy 10,Utility,AttackAction,None,1.00,71.0,0
42.76,Utility Enemy 12,Utility,AttackAction,None,1.00,81.7,0
42.76,Utility Enemy 6,Utility,AttackAction,None,1.00,46.0,0
42.76,Utility Enemy 1,Utility,AttackAction,None,1.00,84.3,0
42.76,Utility Enemy 7,Utility,AttackAction,None,1.00,83.4,0
42.76,Utility Enemy 11,Utility,AttackAction,None,1.00,17.7,0
42.76,Utility Enemy 13,Utility,AttackAction,None,1.00,27.8,0
42.76,Utility Enemy 15,Utility,AttackAction,None,1.00,77.4,0
42.76,Utility Enemy 5,Utility,AttackAction,None,1.00,97.3,0
42.76,Utility Enemy 2,Utility,AttackAction,None,1.00,97.0,0
42.76,Utility Enemy 8,Utility,AttackAction,None,1.00,71.5,0
42.76,Utility Enemy 4,Utility,AttackAction,None,1.00,47.8,0
42.76,Utility Enemy 14,Utility,AttackAction,None,1.00,91.1,0
42.76,Utility Enemy 3,Utility,AttackAction,None,1.00,104.3,0
43.26,Player,Player,-,None,0.89,,0
43.26,FSM Enemy 12,FSM,PatrolState,None,1.00,75.4,0
43.26,FSM Enemy 15,FSM,PatrolState,None,1.00,37.1,0
43.26,FSM Enemy 13,FSM,PatrolState,None,0.90,23.4,0
43.26,FSM Enemy 4,FSM,PatrolState,None,0.80,89.9,0
43.26,FSM Enemy 6,FSM,PatrolState,None,0.70,67.6,0
43.26,FSM Enemy 7,FSM,PatrolState,None,1.00,26.2,0
43.26,FSM Enemy 3,FSM,PatrolState,None,0.70,94.4,0
43.26,FSM Enemy 5,FSM,PatrolState,None,1.00,64.5,0
43.26,FSM Enemy 8,FSM,PatrolState,None,1.00,61.3,0
43.26,FSM Enemy 9,FSM,PatrolState,None,1.00,69.7,0
43.26,FSM Enemy 11,FSM,PatrolState,None,1.00,61.3,0
43.26,FSM Enemy 2,FSM,PatrolState,None,1.00,119.3,0
43.26,FSM Enemy 10,FSM,PatrolState,None,1.00,89.8,0
43.26,FSM Enemy 1,FSM,PatrolState,None,1.00,87.3,0
43.26,FSM Enemy 14,FSM,PatrolState,None,1.00,104.1,0
43.26,Utility Enemy 9,Utility,AttackAction,None,1.00,84.7,0
43.26,Utility Enemy 10,Utility,AttackAction,None,1.00,71.0,0
43.26,Utility Enemy 12,Utility,AttackAction,None,1.00,81.7,0
43.26,Utility Enemy 6,Utility,AttackAction,None,1.00,46.0,0
43.26,Utility Enemy 1,Utility,AttackAction,None,1.00,84.3,0
43.26,Utility Enemy 7,Utility,AttackAction,None,1.00,83.4,0
43.26,Utility Enemy 11,Utility,AttackAction,None,1.00,17.7,0
43.26,Utility Enemy 13,Utility,AttackAction,None,1.00,27.8,0
43.26,Utility Enemy 15,Utility,AttackAction,None,1.00,77.4,0
43.26,Utility Enemy 5,Utility,AttackAction,None,1.00,97.3,0
43.26,Utility Enemy 2,Utility,AttackAction,None,1.00,97.0,0
43.26,Utility Enemy 8,Utility,AttackAction,None,1.00,71.5,0
43.26,Utility Enemy 4,Utility,AttackAction,None,1.00,47.8,0
43.26,Utility Enemy 14,Utility,AttackAction,None,1.00,91.1,0
43.26,Utility Enemy 3,Utility,AttackAction,None,1.00,104.3,0
43.77,Player,Player,-,None,0.89,,0
43.77,FSM Enemy 12,FSM,PatrolState,None,1.00,76.5,0
43.77,FSM Enemy 15,FSM,PatrolState,None,1.00,36.3,0
43.77,FSM Enemy 13,FSM,PatrolState,None,0.90,23.9,0
43.77,FSM Enemy 4,FSM,PatrolState,None,0.80,89.8,0
43.77,FSM Enemy 6,FSM,PatrolState,None,0.70,66.6,0
43.77,FSM Enemy 7,FSM,PatrolState,None,1.00,25.1,0
43.77,FSM Enemy 3,FSM,PatrolState,None,0.70,95.2,0
43.77,FSM Enemy 5,FSM,PatrolState,None,1.00,64.0,0
43.77,FSM Enemy 8,FSM,PatrolState,None,1.00,60.1,0
43.77,FSM Enemy 9,FSM,PatrolState,None,1.00,69.4,0
43.77,FSM Enemy 11,FSM,PatrolState,None,1.00,60.2,0
43.77,FSM Enemy 2,FSM,PatrolState,None,1.00,120.3,0
43.77,FSM Enemy 10,FSM,PatrolState,None,1.00,89.9,0
43.77,FSM Enemy 1,FSM,PatrolState,None,1.00,87.2,0
43.77,FSM Enemy 14,FSM,PatrolState,None,1.00,105.3,0
43.77,Utility Enemy 9,Utility,AttackAction,None,1.00,84.7,0
43.77,Utility Enemy 10,Utility,AttackAction,None,1.00,71.0,0
43.77,Utility Enemy 12,Utility,AttackAction,None,1.00,81.7,0
43.77,Utility Enemy 6,Utility,AttackAction,None,1.00,46.0,0
43.77,Utility Enemy 1,Utility,AttackAction,None,1.00,84.3,0
43.77,Utility Enemy 7,Utility,AttackAction,None,1.00,83.4,0
43.77,Utility Enemy 11,Utility,AttackAction,None,1.00,17.7,0
43.77,Utility Enemy 13,Utility,AttackAction,None,1.00,27.8,0
43.77,Utility Enemy 15,Utility,AttackAction,None,1.00,77.4,0
43.77,Utility Enemy 5,Utility,AttackAction,None,1.00,97.3,0
43.77,Utility Enemy 2,Utility,AttackAction,None,1.00,97.0,0
43.77,Utility Enemy 8,Utility,AttackAction,None,1.00,71.5,0
43.77,Utility Enemy 4,Utility,AttackAction,None,1.00,47.8,0
43.77,Utility Enemy 14,Utility,AttackAction,None,1.00,91.1,0
43.77,Utility Enemy 3,Utility,AttackAction,None,1.00,104.3,0
44.27,Player,Player,-,None,0.89,,0
44.27,FSM Enemy 12,FSM,PatrolState,None,1.00,77.4,0
44.27,FSM Enemy 15,FSM,PatrolState,None,1.00,35.4,0
44.27,FSM Enemy 13,FSM,PatrolState,None,0.90,24.4,0
44.27,FSM Enemy 4,FSM,PatrolState,None,0.80,89.7,0
44.27,FSM Enemy 6,FSM,PatrolState,None,0.70,65.6,0
44.27,FSM Enemy 7,FSM,PatrolState,None,1.00,24.1,0
44.27,FSM Enemy 3,FSM,PatrolState,None,0.70,96.0,0
44.27,FSM Enemy 5,FSM,PatrolState,None,1.00,63.6,0
44.27,FSM Enemy 8,FSM,PatrolState,None,1.00,58.9,0
44.27,FSM Enemy 9,FSM,PatrolState,None,1.00,69.2,0
44.27,FSM Enemy 11,FSM,PatrolState,None,1.00,59.0,0
44.27,FSM Enemy 2,FSM,PatrolState,None,1.00,121.4,0
44.27,FSM Enemy 10,FSM,PatrolState,None,1.00,89.7,0
44.27,FSM Enemy 1,FSM,PatrolState,None,1.00,87.0,0
44.27,FSM Enemy 14,FSM,PatrolState,None,1.00,106.5,0
44.27,Utility Enemy 9,Utility,AttackAction,None,1.00,84.7,0
44.27,Utility Enemy 10,Utility,AttackAction,None,1.00,71.0,0
44.27,Utility Enemy 12,Utility,AttackAction,None,1.00,81.7,0
44.27,Utility Enemy 6,Utility,AttackAction,None,1.00,46.0,0
44.27,Utility Enemy 1,Utility,AttackAction,None,1.00,84.3,0
44.27,Utility Enemy 7,Utility,AttackAction,None,1.00,83.4,0
44.27,Utility Enemy 11,Utility,AttackAction,None,1.00,17.7,0
44.27,Utility Enemy 13,Utility,AttackAction,None,1.00,27.8,0
44.27,Utility Enemy 15,Utility,AttackAction,None,1.00,77.4,0
44.27,Utility Enemy 5,Utility,AttackAction,None,1.00,97.3,0
44.27,Utility Enemy 2,Utility,AttackAction,None,1.00,97.0,0
44.27,Utility Enemy 8,Utility,AttackAction,None,1.00,71.5,0
44.27,Utility Enemy 4,Utility,AttackAction,None,1.00,47.8,0
44.27,Utility Enemy 14,Utility,AttackAction,None,1.00,91.1,0
44.27,Utility Enemy 3,Utility,AttackAction,None,1.00,104.3,0
44.78,Player,Player,-,None,0.89,,0
44.78,FSM Enemy 12,FSM,PatrolState,None,1.00,77.9,0
44.78,FSM Enemy 15,FSM,PatrolState,None,1.00,34.7,0
44.78,FSM Enemy 13,FSM,PatrolState,None,0.90,25.0,0
44.78,FSM Enemy 4,FSM,PatrolState,None,0.80,89.7,0
44.78,FSM Enemy 6,FSM,PatrolState,None,0.70,64.6,0
44.78,FSM Enemy 7,FSM,PatrolState,None,1.00,23.0,0
44.78,FSM Enemy 3,FSM,PatrolState,None,0.70,96.8,0
44.78,FSM Enemy 5,FSM,PatrolState,None,1.00,63.3,0
44.78,FSM Enemy 8,FSM,PatrolState,None,1.00,57.6,0
44.78,FSM Enemy 9,FSM,PatrolState,None,1.00,69.1,0
44.78,FSM Enemy 11,FSM,PatrolState,None,1.00,57.9,0
44.78,FSM Enemy 2,FSM,PatrolState,None,1.00,120.9,0
44.78,FSM Enemy 10,FSM,PatrolState,None,1.00,90.0,0
44.78,FSM Enemy 1,FSM,PatrolState,None,1.00,86.9,0
44.78,FSM Enemy 14,FSM,PatrolState,None,1.00,107.7,0
44.78,Utility Enemy 9,Utility,AttackAction,None,1.00,84.7,0
44.78,Utility Enemy 10,Utility,AttackAction,None,1.00,71.0,0
44.78,Utility Enemy 12,Utility,AttackAction,None,1.00,81.7,0
44.78,Utility Enemy 6,Utility,AttackAction,None,1.00,46.0,0
44.78,Utility Enemy 1,Utility,AttackAction,None,1.00,84.3,0
44.78,Utility Enemy 7,Utility,AttackAction,None,1.00,83.4,0
44.78,Utility Enemy 11,Utility,AttackAction,None,1.00,17.7,0
44.78,Utility Enemy 13,Utility,AttackAction,None,1.00,27.8,0
44.78,Utility Enemy 15,Utility,AttackAction,None,1.00,77.4,0
44.78,Utility Enemy 5,Utility,AttackAction,None,1.00,97.3,0
44.78,Utility Enemy 2,Utility,AttackAction,None,1.00,97.0,0
44.78,Utility Enemy 8,Utility,AttackAction,None,1.00,71.5,0
44.78,Utility Enemy 4,Utility,AttackAction,None,1.00,47.8,0
44.78,Utility Enemy 14,Utility,AttackAction,None,1.00,91.1,0
44.78,Utility Enemy 3,Utility,AttackAction,None,1.00,104.3,0
45.28,Player,Player,-,None,0.89,,0
45.28,FSM Enemy 12,FSM,PatrolState,None,1.00,78.4,0
45.28,FSM Enemy 15,FSM,PatrolState,None,1.00,33.9,0
45.28,FSM Enemy 13,FSM,PatrolState,None,0.90,25.6,0
45.28,FSM Enemy 4,FSM,PatrolState,None,0.80,89.6,0
45.28,FSM Enemy 6,FSM,PatrolState,None,0.70,63.7,0
45.28,FSM Enemy 7,FSM,PatrolState,None,1.00,22.0,0
45.28,FSM Enemy 3,FSM,PatrolState,None,0.70,97.6,0
45.28,FSM Enemy 5,FSM,PatrolState,None,1.00,62.9,0
45.28,FSM Enemy 8,FSM,PatrolState,None,1.00,56.6,0
45.28,FSM Enemy 9,FSM,PatrolState,None,1.00,68.9,0
45.28,FSM Enemy 11,FSM,PatrolState,None,1.00,56.8,0
45.28,FSM Enemy 2,FSM,PatrolState,None,1.00,119.8,0
45.28,FSM Enemy 10,FSM,PatrolState,None,1.00,90.4,0
45.28,FSM Enemy 1,FSM,PatrolState,None,1.00,86.8,0
45.28,FSM Enemy 14,FSM,PatrolState,None,1.00,107.8,0
45.28,Utility Enemy 9,Utility,AttackAction,None,1.00,84.7,0
45.28,Utility Enemy 10,Utility,AttackAction,None,1.00,71.0,0
45.28,Utility Enemy 12,Utility,AttackAction,None,1.00,81.7,0
45.28,Utility Enemy 6,Utility,AttackAction,None,1.00,46.0,0
45.28,Utility Enemy 1,Utility,AttackAction,None,1.00,84.3,0
45.28,Utility Enemy 7,Utility,AttackAction,None,1.00,83.4,0
45.28,Utility Enemy 11,Utility,AttackAction,None,1.00,17.7,0
45.28,Utility Enemy 13,Utility,AttackAction,None,1.00,27.8,0
45.28,Utility Enemy 15,Utility,AttackAction,None,1.00,77.4,0
45.28,Utility Enemy 5,Utility,AttackAction,None,1.00,97.3,0
45.28,Utility Enemy 2,Utility,AttackAction,None,1.00,97.0,0
45.28,Utility Enemy 8,Utility,AttackAction,None,1.00,71.5,0
45.28,Utility Enemy 4,Utility,AttackAction,None,1.00,47.8,0
45.28,Utility Enemy 14,Utility,AttackAction,None,1.00,91.1,0
45.28,Utility Enemy 3,Utility,AttackAction,None,1.00,104.3,0
45.79,Player,Player,-,None,0.89,,0
45.79,FSM Enemy 12,FSM,PatrolState,None,1.00,78.9,0
45.79,FSM Enemy 15,FSM,PatrolState,None,1.00,33.2,0
45.79,FSM Enemy 13,FSM,PatrolState,None,0.90,26.3,0
45.79,FSM Enemy 4,FSM,PatrolState,None,0.80,89.6,0
45.79,FSM Enemy 6,FSM,PatrolState,None,0.70,62.7,0
45.79,FSM Enemy 7,FSM,PatrolState,None,1.00,21.0,0
45.79,FSM Enemy 3,FSM,PatrolState,None,0.70,97.2,0
45.79,FSM Enemy 5,FSM,PatrolState,None,1.00,62.6,0
45.79,FSM Enemy 8,FSM,PatrolState,None,1.00,56.0,0
45.79,FSM Enemy 9,FSM,PatrolState,None,1.00,68.8,0
45.79,FSM Enemy 11,FSM,PatrolState,None,1.00,55.8,0
45.79,FSM Enemy 2,FSM,PatrolState,None,1.00,118.7,0
45.79,FSM Enemy 10,FSM,PatrolState,None,1.00,90.9,0
45.79,FSM Enemy 1,FSM,PatrolState,None,1.00,86.7,0
45.79,FSM Enemy 14,FSM,PatrolState,None,1.00,107.6,0
45.79,Utility Enemy 9,Utility,AttackAction,None,1.00,84.6,0
45.79,Utility Enemy 10,Utility,AttackAction,None,1.00,71.0,0
45.79,Utility Enemy 12,Utility,AttackAction,None,1.00,81.7,0
45.79,Utility Enemy 6,Utility,AttackAction,None,1.00,46.0,0
45.79,Utility Enemy 1,Utility,AttackAction,None,1.00,84.3,0
45.79,Utility Enemy 7,Utility,AttackAction,None,1.00,83.4,0
45.79,Utility Enemy 11,Utility,AttackAction,None,1.00,17.7,0
45.79,Utility Enemy 13,Utility,AttackAction,None,1.00,27.8,0
45.79,Utility Enemy 15,Utility,AttackAction,None,1.00,77.4,0
45.79,Utility Enemy 5,Utility,AttackAction,None,1.00,97.3,0
45.79,Utility Enemy 2,Utility,AttackAction,None,1.00,96.9,0
45.79,Utility Enemy 8,Utility,AttackAction,None,1.00,71.5,0
45.79,Utility Enemy 4,Utility,AttackAction,None,1.00,47.8,0
45.79,Utility Enemy 14,Utility,AttackAction,None,1.00,91.1,0
45.79,Utility Enemy 3,Utility,AttackAction,None,1.00,104.2,0
46.29,Player,Player,-,None,0.89,,0
46.29,FSM Enemy 12,FSM,PatrolState,None,1.00,78.7,0
46.29,FSM Enemy 15,FSM,PatrolState,None,1.00,31.4,0
46.29,FSM Enemy 13,FSM,PatrolState,None,0.90,26.3,0
46.29,FSM Enemy 4,FSM,PatrolState,None,0.80,88.6,0
46.29,FSM Enemy 6,FSM,PatrolState,None,0.70,61.1,0
46.29,FSM Enemy 7,FSM,PatrolState,None,1.00,20.0,0
46.29,FSM Enemy 3,FSM,PatrolState,None,0.70,95.3,0
46.29,FSM Enemy 5,FSM,PatrolState,None,1.00,61.5,0
46.29,FSM Enemy 8,FSM,PatrolState,None,1.00,54.4,0
46.29,FSM Enemy 9,FSM,PatrolState,None,1.00,67.7,0
46.29,FSM Enemy 11,FSM,PatrolState,None,1.00,53.8,0
46.29,FSM Enemy 2,FSM,PatrolState,None,1.00,116.5,0
46.29,FSM Enemy 10,FSM,PatrolState,None,1.00,90.3,0
46.29,FSM Enemy 1,FSM,PatrolState,None,1.00,85.8,0
46.29,FSM Enemy 14,FSM,PatrolState,None,1.00,106.4,0
46.29,Utility Enemy 9,Utility,AttackAction,None,1.00,83.8,0
46.29,Utility Enemy 10,Utility,AttackAction,None,1.00,70.3,0
46.29,Utility Enemy 12,Utility,AttackAction,None,1.00,80.9,0
46.29,Utility Enemy 6,Utility,AttackAction,None,1.00,45.1,0
46.29,Utility Enemy 1,Utility,AttackAction,None,1.00,83.3,0
46.29,Utility Enemy 7,Utility,AttackAction,None,1.00,82.7,0
46.29,Utility Enemy 11,Utility,AttackAction,None,1.00,17.1,0
46.29,Utility Enemy 13,Utility,AttackAction,None,1.00,27.0,0
46.29,Utility Enemy 15,Utility,AttackAction,None,1.00,76.4,0
46.29,Utility Enemy 5,Utility,AttackAction,None,1.00,96.2,0
46.29,Utility Enemy 2,Utility,AttackAction,None,1.00,95.8,0
46.29,Utility Enemy 8,Utility,AttackAction,None,1.00,70.6,0
46.29,Utility Enemy 4,Utility,AttackAction,None,1.00,46.9,0
46.29,Utility Enemy 14,Utility,AttackAction,None,1.00,90.2,0
46.29,Utility Enemy 3,Utility,AttackAction,None,1.00,103.2,0
46.79,Player,Player,-,None,0.89,,0
46.79,FSM Enemy 12,FSM,PatrolState,None,1.00,78.7,0
46.79,FSM Enemy 15,FSM,PatrolState,None,1.00,29.8,0
46.79,FSM Enemy 13,FSM,PatrolState,None,0.90,26.3,0
46.79,FSM Enemy 4,FSM,PatrolState,None,0.80,87.9,0
46.79,FSM Enemy 6,FSM,PatrolState,None,0.70,61.1,0
46.79,FSM Enemy 7,FSM,PatrolState,None,1.00,19.9,0
46.79,FSM Enemy 3,FSM,PatrolState,None,0.70,93.5,0
46.79,FSM Enemy 5,FSM,PatrolState,None,1.00,60.3,0
46.79,FSM Enemy 8,FSM,PatrolState,None,1.00,53.6,0
46.79,FSM Enemy 9,FSM,PatrolState,None,1.00,66.7,0
46.79,FSM Enemy 11,FSM,PatrolState,None,1.00,52.7,0
46.79,FSM Enemy 2,FSM,PatrolState,None,1.00,114.4,0
46.79,FSM Enemy 10,FSM,PatrolState,None,1.00,89.8,0
46.79,FSM Enemy 1,FSM,PatrolState,None,1.00,84.8,0
46.79,FSM Enemy 14,FSM,PatrolState,None,1.00,105.4,0
46.79,Utility Enemy 9,Utility,AttackAction,None,1.00,83.2,0
46.79,Utility Enemy 10,Utility,AttackAction,None,1.00,69.8,0
46.79,Utility Enemy 12,Utility,AttackAction,None,1.00,80.3,0
46.79,Utility Enemy 6,Utility,AttackAction,None,1.00,44.2,0
46.79,Utility Enemy 1,Utility,AttackAction,None,1.00,82.3,0
46.79,Utility Enemy 7,Utility,AttackAction,None,1.00,82.2,0
46.79,Utility Enemy 11,Utility,AttackAction,None,1.00,16.7,0
46.79,Utility Enemy 13,Utility,AttackAction,None,1.00,26.2,0
46.79,Utility Enemy 15,Utility,AttackAction,None,1.00,75.5,0
46.79,Utility Enemy 5,Utility,AttackAction,None,1.00,95.2,0
46.79,Utility Enemy 2,Utility,AttackAction,None,1.00,94.8,0
46.79,Utility Enemy 8,Utility,AttackAction,None,1.00,69.7,0
46.79,Utility Enemy 4,Utility,AttackAction,None,1.00,46.1,0
46.79,Utility Enemy 14,Utility,AttackAction,None,1.00,89.4,0
46.79,Utility Enemy 3,Utility,AttackAction,None,1.00,102.3,0
47.30,Player,Player,-,None,0.89,,0
47.30,FSM Enemy 12,FSM,PatrolState,None,1.00,78.9,0
47.30,FSM Enemy 15,FSM,PatrolState,None,1.00,28.6,0
47.30,FSM Enemy 13,FSM,PatrolState,None,0.90,26.6,0
47.30,FSM Enemy 4,FSM,PatrolState,None,0.80,87.6,0
47.30,FSM Enemy 6,FSM,PatrolState,None,0.70,62.1,0
47.30,FSM Enemy 7,FSM,PatrolState,None,1.00,20.2,0
47.30,FSM Enemy 3,FSM,PatrolState,None,0.70,92.1,0
47.30,FSM Enemy 5,FSM,PatrolState,None,1.00,59.5,0
47.30,FSM Enemy 8,FSM,PatrolState,None,1.00,52.9,0
47.30,FSM Enemy 9,FSM,PatrolState,None,1.00,66.1,0
47.30,FSM Enemy 11,FSM,PatrolState,None,1.00,51.4,0
47.30,FSM Enemy 2,FSM,PatrolState,None,1.00,112.7,0
47.30,FSM Enemy 10,FSM,PatrolState,None,1.00,89.7,0
47.30,FSM Enemy 1,FSM,PatrolState,None,1.00,84.2,0
47.30,FSM Enemy 14,FSM,PatrolState,None,1.00,104.7,0
47.30,Utility Enemy 9,Utility,AttackAction,None,1.00,82.8,0
47.30,Utility Enemy 10,Utility,AttackAction,None,1.00,69.5,0
47.30,Utility Enemy 12,Utility,AttackAction,None,1.00,79.9,0
47.30,Utility Enemy 6,Utility,AttackAction,None,1.00,43.6,0
47.30,Utility Enemy 1,Utility,AttackAction,None,1.00,81.6,0
47.30,Utility Enemy 7,Utility,AttackAction,None,1.00,82.0,0
47.30,Utility Enemy 11,Utility,AttackAction,None,1.00,16.4,0
47.30,Utility Enemy 13,Utility,AttackAction,None,1.00,25.6,0
47.30,Utility Enemy 15,Utility,AttackAction,None,1.00,74.9,0
47.30,Utility Enemy 5,Utility,AttackAction,None,1.00,94.5,0
47.30,Utility Enemy 2,Utility,AttackAction,None,1.00,94.1,0
47.30,Utility Enemy 8,Utility,AttackAction,None,1.00,69.0,0
47.30,Utility Enemy 4,Utility,AttackAction,None,1.00,45.5,0
47.30,Utility Enemy 14,Utility,AttackAction,None,1.00,89.0,0
47.30,Utility Enemy 3,Utility,AttackAction,None,1.00,101.7,0
47.81,Player,Player,-,None,0.89,,0
47.81,FSM Enemy 12,FSM,PatrolState,None,1.00,79.3,0
47.81,FSM Enemy 15,FSM,PatrolState,None,1.00,27.8,0
47.81,FSM Enemy 13,FSM,PatrolState,None,0.90,27.3,0
47.81,FSM Enemy 4,FSM,PatrolState,None,0.80,87.5,0
47.81,FSM Enemy 6,FSM,PatrolState,None,0.70,63.2,0
47.81,FSM Enemy 7,FSM,PatrolState,None,1.00,20.9,0
47.81,FSM Enemy 3,FSM,PatrolState,None,0.70,91.0,0
47.81,FSM Enemy 5,FSM,PatrolState,None,1.00,59.2,0
47.81,FSM Enemy 8,FSM,PatrolState,None,1.00,52.7,0
47.81,FSM Enemy 9,FSM,PatrolState,None,1.00,65.9,0
47.81,FSM Enemy 11,FSM,PatrolState,None,1.00,49.9,0
47.81,FSM Enemy 2,FSM,PatrolState,None,1.00,111.4,0
47.81,FSM Enemy 10,FSM,PatrolState,None,1.00,89.9,0
47.81,FSM Enemy 1,FSM,PatrolState,None,1.00,84.0,0
47.81,FSM Enemy 14,FSM,PatrolState,None,1.00,104.4,0
47.81,Utility Enemy 9,Utility,AttackAction,None,1.00,82.6,0
47.81,Utility Enemy 10,Utility,AttackAction,None,1.00,69.4,0
47.81,Utility Enemy 12,Utility,AttackAction,None,1.00,79.7,0
47.81,Utility Enemy 6,Utility,AttackAction,None,1.00,43.4,0
47.81,Utility Enemy 1,Utility,AttackAction,None,1.00,81.4,0
47.81,Utility Enemy 7,Utility,AttackAction,None,1.00,81.8,0
47.81,Utility Enemy 11,Utility,AttackAction,None,1.00,16.3,0
47.81,Utility Enemy 13,Utility,AttackAction,None,1.00,25.4,0
47.81,Utility Enemy 15,Utility,AttackAction,None,1.00,74.6,0
47.81,Utility Enemy 5,Utility,AttackAction,None,1.00,94.2,0
47.81,Utility Enemy 2,Utility,AttackAction,None,1.00,93.8,0
47.81,Utility Enemy 8,Utility,AttackAction,None,1.00,68.8,0
47.81,Utility Enemy 4,Utility,AttackAction,None,1.00,45.2,0
47.81,Utility Enemy 14,Utility,AttackAction,None,1.00,88.7,0
47.81,Utility Enemy 3,Utility,AttackAction,None,1.00,101.4,0
48.31,Player,Player,-,None,0.89,,0
48.31,FSM Enemy 12,FSM,PatrolState,None,1.00,79.7,0
48.31,FSM Enemy 15,FSM,PatrolState,None,1.00,26.4,0
48.31,FSM Enemy 13,FSM,PatrolState,None,0.90,27.6,0
48.31,FSM Enemy 4,FSM,PatrolState,None,0.80,87.0,0
48.31,FSM Enemy 6,FSM,PatrolState,None,0.70,64.0,0
48.31,FSM Enemy 7,FSM,PatrolState,None,1.00,21.2,0
48.31,FSM Enemy 3,FSM,PatrolState,None,0.70,89.5,0
48.31,FSM Enemy 5,FSM,PatrolState,None,1.00,58.3,0
48.31,FSM Enemy 8,FSM,PatrolState,None,1.00,51.9,0
48.31,FSM Enemy 9,FSM,PatrolState,None,1.00,65.1,0
48.31,FSM Enemy 11,FSM,PatrolState,None,1.00,48.0,0
48.31,FSM Enemy 2,FSM,PatrolState,None,1.00,109.6,0
48.31,FSM Enemy 10,FSM,PatrolState,None,1.00,89.7,0
48.31,FSM Enemy 1,FSM,PatrolState,None,1.00,83.4,0
48.31,FSM Enemy 14,FSM,PatrolState,None,1.00,103.4,0
48.31,Utility Enemy 9,Utility,AttackAction,None,1.00,82.0,0
48.31,Utility Enemy 10,Utility,AttackAction,None,1.00,69.0,0
48.31,Utility Enemy 12,Utility,AttackAction,None,1.00,79.2,0
48.31,Utility Enemy 6,Utility,AttackAction,None,1.00,42.8,0
48.31,Utility Enemy 1,Utility,AttackAction,None,1.00,80.6,0
48.31,Utility Enemy 7,Utility,AttackAction,None,1.00,81.4,0
48.31,Utility Enemy 11,Utility,AttackAction,None,1.00,16.0,0
48.31,Utility Enemy 13,Utility,AttackAction,None,1.00,24.9,0
48.31,Utility Enemy 15,Utility,AttackAction,None,1.00,73.9,0
48.31,Utility Enemy 5,Utility,AttackAction,None,1.00,93.5,0
48.31,Utility Enemy 2,Utility,AttackAction,None,1.00,93.0,0
48.31,Utility Enemy 8,Utility,AttackAction,None,1.00,68.2,0
48.31,Utility Enemy 4,Utility,AttackAction,None,1.00,44.6,0
48.31,Utility Enemy 14,Utility,AttackAction,None,1.00,88.1,0
48.31,Utility Enemy 3,Utility,AttackAction,None,1.00,100.7,0
48.81,Player,Player,-,None,0.89,,0
48.81,FSM Enemy 12,FSM,PatrolState,None,1.00,80.9,0
48.81,FSM Enemy 15,FSM,PatrolState,None,1.00,25.7,0
48.81,FSM Enemy 13,FSM,PatrolState,None,0.90,28.5,0
48.81,FSM Enemy 4,FSM,PatrolState,None,0.70,87.1,0
48.81,FSM Enemy 6,FSM,PatrolState,None,0.70,65.2,0
48.81,FSM Enemy 7,FSM,PatrolState,None,1.00,22.1,0
48.81,FSM Enemy 3,FSM,PatrolState,None,0.70,88.6,0
48.81,FSM Enemy 5,FSM,PatrolState,None,1.00,57.1,0
48.81,FSM Enemy 8,FSM,PatrolState,None,1.00,51.7,0
48.81,FSM Enemy 9,FSM,PatrolState,None,1.00,65.0,0
48.81,FSM Enemy 11,FSM,PatrolState,None,1.00,46.6,0
48.81,FSM Enemy 2,FSM,PatrolState,None,1.00,108.4,0
48.81,FSM Enemy 10,FSM,PatrolState,None,1.00,90.1,0
48.81,FSM Enemy 1,FSM,PatrolState,None,1.00,83.1,0
48.81,FSM Enemy 14,FSM,PatrolState,None,1.00,102.6,0
48.81,Utility Enemy 9,Utility,AttackAction,None,1.00,81.9,0
48.81,Utility Enemy 10,Utility,AttackAction,None,1.00,68.9,0
48.81,Utility Enemy 12,Utility,AttackAction,None,1.00,79.1,0
48.81,Utility Enemy 6,Utility,AttackAction,None,1.00,42.7,0
48.81,Utility Enemy 1,Utility,AttackAction,None,1.00,80.5,0
48.81,Utility Enemy 7,Utility,AttackAction,None,1.00,81.3,0
48.81,Utility Enemy 11,Utility,AttackAction,None,1.00,16.0,0
48.81,Utility Enemy 13,Utility,AttackAction,None,1.00,24.8,0
48.81,Utility Enemy 15,Utility,AttackAction,None,1.00,73.8,0
48.81,Utility Enemy 5,Utility,AttackAction,None,1.00,93.3,0
48.81,Utility Enemy 2,Utility,AttackAction,None,1.00,92.9,0
48.81,Utility Enemy 8,Utility,AttackAction,None,1.00,68.1,0
48.81,Utility Enemy 4,Utility,AttackAction,None,1.00,44.5,0
48.81,Utility Enemy 14,Utility,AttackAction,None,1.00,88.0,0
48.81,Utility Enemy 3,Utility,AttackAction,None,1.00,100.6,0
49.32,Player,Player,-,None,0.89,,0
49.32,FSM Enemy 12,FSM,PatrolState,None,1.00,82.1,0
49.32,FSM Enemy 15,FSM,PatrolState,None,1.00,25.1,0
49.32,FSM Enemy 13,FSM,PatrolState,None,0.90,29.5,0
49.32,FSM Enemy 4,FSM,PatrolState,None,0.70,87.4,0
49.32,FSM Enemy 6,FSM,PatrolState,None,0.70,66.4,0
49.32,FSM Enemy 7,FSM,PatrolState,None,1.00,23.0,0
49.32,FSM Enemy 3,FSM,PatrolState,None,0.70,88.0,0
49.32,FSM Enemy 5,FSM,PatrolState,None,1.00,56.0,0
49.32,FSM Enemy 8,FSM,PatrolState,None,1.00,51.6,0
49.32,FSM Enemy 9,FSM,PatrolState,None,1.00,65.1,0
49.32,FSM Enemy 11,FSM,PatrolState,None,1.00,45.4,0
49.32,FSM Enemy 2,FSM,PatrolState,None,1.00,107.5,0
49.32,FSM Enemy 10,FSM,PatrolState,None,1.00,90.7,0
49.32,FSM Enemy 1,FSM,PatrolState,None,1.00,82.1,0
49.32,FSM Enemy 14,FSM,PatrolState,None,1.00,102.0,0
49.32,Utility Enemy 9,Utility,AttackAction,None,1.00,81.9,0
49.32,Utility Enemy 10,Utility,AttackAction,None,1.00,68.9,0
49.32,Utility Enemy 12,Utility,AttackAction,None,1.00,79.1,0
49.32,Utility Enemy 6,Utility,AttackAction,None,1.00,42.7,0
49.32,Utility Enemy 1,Utility,AttackAction,None,1.00,80.5,0
49.32,Utility Enemy 7,Utility,AttackAction,None,1.00,81.3,0
49.32,Utility Enemy 11,Utility,AttackAction,None,1.00,16.0,0
49.32,Utility Enemy 13,Utility,AttackAction,None,1.00,24.8,0
49.32,Utility Enemy 15,Utility,AttackAction,None,1.00,73.8,0
49.32,Utility Enemy 5,Utility,AttackAction,None,1.00,93.3,0
49.32,Utility Enemy 2,Utility,AttackAction,None,1.00,92.9,0
49.32,Utility Enemy 8,Utility,AttackAction,None,1.00,68.1,0
49.32,Utility Enemy 4,Utility,AttackAction,None,1.00,44.5,0
49.32,Utility Enemy 14,Utility,AttackAction,None,1.00,88.0,0
49.32,Utility Enemy 3,Utility,AttackAction,None,1.00,100.6,0
49.82,Player,Player,-,None,0.89,,0
49.82,FSM Enemy 12,FSM,PatrolState,None,1.00,83.4,0
49.82,FSM Enemy 15,FSM,PatrolState,None,1.00,24.6,0
49.82,FSM Enemy 13,FSM,PatrolState,None,0.90,30.5,0
49.82,FSM Enemy 4,FSM,PatrolState,None,0.70,87.8,0
49.82,FSM Enemy 6,FSM,PatrolState,None,0.70,67.7,0
49.82,FSM Enemy 7,FSM,PatrolState,None,1.00,22.3,0
49.82,FSM Enemy 3,FSM,PatrolState,None,0.70,88.0,0
49.82,FSM Enemy 5,FSM,PatrolState,None,1.00,54.8,0
49.82,FSM Enemy 8,FSM,PatrolState,None,1.00,52.8,0
49.82,FSM Enemy 9,FSM,PatrolState,None,1.00,65.5,0
49.82,FSM Enemy 11,FSM,PatrolState,None,1.00,44.2,0
49.82,FSM Enemy 2,FSM,PatrolState,None,1.00,107.9,0
49.82,FSM Enemy 10,FSM,PatrolState,None,1.00,91.4,0
49.82,FSM Enemy 1,FSM,PatrolState,None,1.00,81.0,0
49.82,FSM Enemy 14,FSM,PatrolState,None,1.00,101.5,0
49.82,Utility Enemy 9,Utility,AttackAction,None,1.00,81.9,0
49.82,Utility Enemy 10,Utility,AttackAction,None,1.00,68.9,0
49.82,Utility Enemy 12,Utility,AttackAction,None,1.00,79.1,0
49.82,Utility Enemy 6,Utility,AttackAction,None,1.00,42.7,0
49.82,Utility Enemy 1,Utility,AttackAction,None,1.00,80.5,0
49.82,Utility Enemy 7,Utility,AttackAction,None,1.00,81.3,0
49.82,Utility Enemy 11,Utility,AttackAction,None,1.00,16.0,0
49.82,Utility Enemy 13,Utility,AttackAction,None,1.00,24.8,0
49.82,Utility Enemy 15,Utility,AttackAction,None,1.00,73.8,0
49.82,Utility Enemy 5,Utility,AttackAction,None,1.00,93.3,0
49.82,Utility Enemy 2,Utility,AttackAction,None,1.00,92.9,0
49.82,Utility Enemy 8,Utility,AttackAction,None,1.00,68.1,0
49.82,Utility Enemy 4,Utility,AttackAction,None,1.00,44.5,0
49.82,Utility Enemy 14,Utility,AttackAction,None,1.00,88.0,0
49.82,Utility Enemy 3,Utility,AttackAction,None,1.00,100.6,0
50.32,Player,Player,-,None,0.89,,0
50.32,FSM Enemy 12,FSM,PatrolState,None,1.00,84.6,0
50.32,FSM Enemy 15,FSM,PatrolState,None,1.00,24.2,0
50.32,FSM Enemy 13,FSM,PatrolState,None,0.90,30.5,0
50.32,FSM Enemy 4,FSM,PatrolState,None,0.70,88.1,0
50.32,FSM Enemy 6,FSM,PatrolState,None,0.70,68.9,0
50.32,FSM Enemy 7,FSM,PatrolState,None,1.00,21.3,0
50.32,FSM Enemy 3,FSM,PatrolState,None,0.70,88.2,0
50.32,FSM Enemy 5,FSM,PatrolState,None,1.00,53.7,0
50.32,FSM Enemy 8,FSM,PatrolState,None,1.00,54.0,0
50.32,FSM Enemy 9,FSM,PatrolState,None,1.00,66.1,0
50.32,FSM Enemy 11,FSM,PatrolState,None,1.00,43.0,0
50.32,FSM Enemy 2,FSM,PatrolState,None,1.00,107.1,0
50.32,FSM Enemy 10,FSM,PatrolState,None,1.00,92.0,0
50.32,FSM Enemy 1,FSM,PatrolState,None,1.00,80.0,0
50.32,FSM Enemy 14,FSM,PatrolState,None,1.00,101.3,0
50.32,Utility Enemy 9,Utility,AttackAction,None,1.00,81.9,0
50.32,Utility Enemy 10,Utility,AttackAction,None,1.00,68.9,0
50.32,Utility Enemy 12,Utility,AttackAction,None,1.00,79.1,0
50.32,Utility Enemy 6,Utility,AttackAction,None,1.00,42.7,0
50.32,Utility Enemy 1,Utility,AttackAction,None,1.00,80.5,0
50.32,Utility Enemy 7,Utility,AttackAction,None,1.00,81.3,0
50.32,Utility Enemy 11,Utility,AttackAction,None,1.00,16.0,0
50.32,Utility Enemy 13,Utility,AttackAction,None,1.00,24.8,0
50.32,Utility Enemy 15,Utility,AttackAction,None,1.00,73.8,0
50.32,Utility Enemy 5,Utility,AttackAction,None,1.00,93.3,0
50.32,Utility Enemy 2,Utility,AttackAction,None,1.00,92.9,0
50.32,Utility Enemy 8,Utility,AttackAction,None,1.00,68.1,0
50.32,Utility Enemy 4,Utility,AttackAction,None,1.00,44.5,0
50.32,Utility Enemy 14,Utility,AttackAction,None,1.00,88.0,0
50.32,Utility Enemy 3,Utility,AttackAction,None,1.00,100.6,0
50.83,Player,Player,-,None,0.89,,0
50.83,FSM Enemy 12,FSM,PatrolState,None,1.00,85.8,0
50.83,FSM Enemy 15,FSM,PatrolState,None,1.00,23.8,0
50.83,FSM Enemy 13,FSM,PatrolState,None,0.90,30.0,0
50.83,FSM Enemy 4,FSM,PatrolState,None,0.70,88.8,0
50.83,FSM Enemy 6,FSM,PatrolState,None,0.70,70.1,0
50.83,FSM Enemy 7,FSM,PatrolState,None,1.00,20.3,0
50.83,FSM Enemy 3,FSM,PatrolState,None,0.70,88.3,0
50.83,FSM Enemy 5,FSM,PatrolState,None,1.00,52.6,0
50.83,FSM Enemy 8,FSM,PatrolState,None,1.00,55.2,0
50.83,FSM Enemy 9,FSM,PatrolState,None,1.00,65.1,0
50.83,FSM Enemy 11,FSM,PatrolState,None,1.00,41.8,0
50.83,FSM Enemy 2,FSM,PatrolState,None,1.00,106.0,0
50.83,FSM Enemy 10,FSM,PatrolState,None,1.00,92.7,0
50.83,FSM Enemy 1,FSM,PatrolState,None,1.00,78.9,0
50.83,FSM Enemy 14,FSM,PatrolState,None,1.00,101.4,0
50.83,Utility Enemy 9,Utility,AttackAction,None,1.00,81.9,0
50.83,Utility Enemy 10,Utility,AttackAction,None,1.00,68.9,0
50.83,Utility Enemy 12,Utility,AttackAction,None,1.00,79.1,0
50.83,Utility Enemy 6,Utility,AttackAction,None,1.00,42.7,0
50.83,Utility Enemy 1,Utility,AttackAction,None,1.00,80.5,0
50.83,Utility Enemy 7,Utility,AttackAction,None,1.00,81.3,0
50.83,Utility Enemy 11,Utility,AttackAction,None,1.00,16.0,0
50.83,Utility Enemy 13,Utility,AttackAction,None,1.00,24.8,0
50.83,Utility Enemy 15,Utility,AttackAction,None,1.00,73.8,0
50.83,Utility Enemy 5,Utility,AttackAction,None,1.00,93.3,0
50.83,Utility Enemy 2,Utility,AttackAction,None,1.00,92.9,0
50.83,Utility Enemy 8,Utility,AttackAction,None,1.00,68.1,0
50.83,Utility Enemy 4,Utility,AttackAction,None,1.00,44.5,0
50.83,Utility Enemy 14,Utility,AttackAction,None,1.00,88.0,0
50.83,Utility Enemy 3,Utility,AttackAction,None,1.00,100.6,0
51.33,Player,Player,-,GravityFlip,0.89,,0
51.33,FSM Enemy 12,FSM,TakeCoverState,GravityFlip,1.00,87.4,0
51.33,FSM Enemy 15,FSM,TakeCoverState,GravityFlip,1.00,23.5,0
51.33,FSM Enemy 13,FSM,TakeCoverState,GravityFlip,0.90,29.7,0
51.33,FSM Enemy 4,FSM,TakeCoverState,GravityFlip,0.70,89.1,0
51.33,FSM Enemy 6,FSM,TakeCoverState,GravityFlip,0.70,70.5,0
51.33,FSM Enemy 7,FSM,TakeCoverState,GravityFlip,0.25,20.1,0
51.33,FSM Enemy 3,FSM,TakeCoverState,GravityFlip,0.70,87.8,0
51.33,FSM Enemy 5,FSM,TakeCoverState,GravityFlip,1.00,52.5,0
51.33,FSM Enemy 8,FSM,TakeCoverState,GravityFlip,1.00,56.2,0
51.33,FSM Enemy 9,FSM,TakeCoverState,GravityFlip,1.00,65.0,0
51.33,FSM Enemy 11,FSM,TakeCoverState,GravityFlip,1.00,40.3,0
51.33,FSM Enemy 2,FSM,TakeCoverState,GravityFlip,1.00,104.7,0
51.33,FSM Enemy 10,FSM,TakeCoverState,GravityFlip,1.00,93.4,0
51.33,FSM Enemy 1,FSM,TakeCoverState,GravityFlip,1.00,78.8,0
51.33,FSM Enemy 14,FSM,TakeCoverState,GravityFlip,1.00,101.7,0
51.33,Utility Enemy 9,Utility,TakeCoverAction,GravityFlip,1.00,81.9,0
51.33,Utility Enemy 10,Utility,TakeCoverAction,GravityFlip,1.00,68.9,0
51.33,Utility Enemy 12,Utility,TakeCoverAction,GravityFlip,1.00,79.1,0
51.33,Utility Enemy 6,Utility,TakeCoverAction,GravityFlip,1.00,42.7,0
51.33,Utility Enemy 1,Utility,TakeCoverAction,GravityFlip,1.00,80.5,0
51.33,Utility Enemy 7,Utility,TakeCoverAction,GravityFlip,1.00,81.3,0
51.33,Utility Enemy 11,Utility,TakeCoverAction,GravityFlip,1.00,16.0,0
51.33,Utility Enemy 13,Utility,TakeCoverAction,GravityFlip,1.00,24.8,0
51.33,Utility Enemy 15,Utility,TakeCoverAction,GravityFlip,1.00,73.8,0
51.33,Utility Enemy 5,Utility,TakeCoverAction,GravityFlip,1.00,93.3,0
51.33,Utility Enemy 2,Utility,TakeCoverAction,GravityFlip,1.00,92.9,0
51.33,Utility Enemy 8,Utility,TakeCoverAction,GravityFlip,1.00,68.1,0
51.33,Utility Enemy 4,Utility,TakeCoverAction,GravityFlip,1.00,44.5,0
51.33,Utility Enemy 14,Utility,TakeCoverAction,GravityFlip,1.00,87.7,0
51.33,Utility Enemy 3,Utility,TakeCoverAction,GravityFlip,1.00,100.6,0
51.83,Player,Player,-,GravityFlip,0.89,,0
51.83,FSM Enemy 12,FSM,TakeCoverState,GravityFlip,1.00,88.2,0
51.83,FSM Enemy 15,FSM,TakeCoverState,GravityFlip,1.00,23.5,0
51.83,FSM Enemy 13,FSM,TakeCoverState,GravityFlip,0.90,30.7,0
51.83,FSM Enemy 4,FSM,TakeCoverState,GravityFlip,0.70,89.2,0
51.83,FSM Enemy 6,FSM,TakeCoverState,GravityFlip,0.70,70.5,0
51.83,FSM Enemy 7,FSM,Dead,GravityFlip,0.00,20.2,0
51.83,FSM Enemy 3,FSM,TakeCoverState,GravityFlip,0.70,86.8,0
51.83,FSM Enemy 5,FSM,TakeCoverState,GravityFlip,1.00,53.6,0
51.83,FSM Enemy 8,FSM,TakeCoverState,GravityFlip,1.00,56.9,0
51.83,FSM Enemy 9,FSM,TakeCoverState,GravityFlip,1.00,66.3,0
51.83,FSM Enemy 11,FSM,TakeCoverState,GravityFlip,1.00,38.7,0
51.83,FSM Enemy 2,FSM,TakeCoverState,GravityFlip,1.00,103.1,0
51.83,FSM Enemy 10,FSM,TakeCoverState,GravityFlip,1.00,94.2,0
51.83,FSM Enemy 1,FSM,TakeCoverState,GravityFlip,1.00,80.1,0
51.83,FSM Enemy 14,FSM,TakeCoverState,GravityFlip,1.00,100.5,0
51.83,Utility Enemy 9,Utility,TakeCoverAction,GravityFlip,1.00,81.9,0
51.83,Utility Enemy 10,Utility,TakeCoverAction,GravityFlip,1.00,68.9,0
51.83,Utility Enemy 12,Utility,TakeCoverAction,GravityFlip,1.00,79.1,0
51.83,Utility Enemy 6,Utility,TakeCoverAction,GravityFlip,1.00,42.7,0
51.83,Utility Enemy 1,Utility,TakeCoverAction,GravityFlip,1.00,80.5,0
51.83,Utility Enemy 7,Utility,TakeCoverAction,GravityFlip,1.00,81.3,0
51.83,Utility Enemy 11,Utility,TakeCoverAction,GravityFlip,1.00,16.0,0
51.83,Utility Enemy 13,Utility,TakeCoverAction,GravityFlip,1.00,24.8,0
51.83,Utility Enemy 15,Utility,TakeCoverAction,GravityFlip,1.00,73.8,0
51.83,Utility Enemy 5,Utility,TakeCoverAction,GravityFlip,1.00,93.3,0
51.83,Utility Enemy 2,Utility,TakeCoverAction,GravityFlip,1.00,92.9,0
51.83,Utility Enemy 8,Utility,TakeCoverAction,GravityFlip,1.00,68.1,0
51.83,Utility Enemy 4,Utility,TakeCoverAction,GravityFlip,1.00,44.5,0
51.83,Utility Enemy 14,Utility,TakeCoverAction,GravityFlip,1.00,86.6,0
51.83,Utility Enemy 3,Utility,TakeCoverAction,GravityFlip,1.00,100.6,0
52.33,Player,Player,-,GravityFlip,0.89,,0
52.33,FSM Enemy 12,FSM,TakeCoverState,GravityFlip,1.00,89.3,0
52.33,FSM Enemy 15,FSM,TakeCoverState,GravityFlip,1.00,24.0,0
52.33,FSM Enemy 13,FSM,TakeCoverState,GravityFlip,0.90,32.1,0
52.33,FSM Enemy 4,FSM,TakeCoverState,GravityFlip,0.70,89.9,0
52.33,FSM Enemy 6,FSM,TakeCoverState,GravityFlip,0.70,71.3,0
52.33,FSM Enemy 7,FSM,Dead,GravityFlip,0.00,20.8,0
52.33,FSM Enemy 3,FSM,TakeCoverState,GravityFlip,0.70,86.6,0
52.33,FSM Enemy 5,FSM,TakeCoverState,GravityFlip,1.00,53.9,0
52.33,FSM Enemy 8,FSM,TakeCoverState,GravityFlip,1.00,57.4,0
52.33,FSM Enemy 9,FSM,TakeCoverState,GravityFlip,1.00,67.0,0
52.33,FSM Enemy 11,FSM,TakeCoverState,GravityFlip,1.00,37.6,0
52.33,FSM Enemy 2,FSM,TakeCoverState,GravityFlip,1.00,103.6,0
52.33,FSM Enemy 10,FSM,TakeCoverState,GravityFlip,1.00,95.2,0
52.33,FSM Enemy 1,FSM,TakeCoverState,GravityFlip,1.00,81.0,0
52.33,FSM Enemy 14,FSM,TakeCoverState,GravityFlip,1.00,100.3,0
52.33,Utility Enemy 9,Utility,TakeCoverAction,GravityFlip,1.00,82.7,0
52.33,Utility Enemy 10,Utility,TakeCoverAction,GravityFlip,1.00,69.6,0
52.33,Utility Enemy 12,Utility,TakeCoverAction,GravityFlip,1.00,79.8,0
52.33,Utility Enemy 6,Utility,TakeCoverAction,GravityFlip,1.00,42.8,0
52.33,Utility Enemy 1,Utility,TakeCoverAction,GravityFlip,1.00,80.8,0
52.33,Utility Enemy 7,Utility,TakeCoverAction,GravityFlip,1.00,82.1,0
52.33,Utility Enemy 11,Utility,TakeCoverAction,GravityFlip,1.00,16.4,0
52.33,Utility Enemy 13,Utility,TakeCoverAction,GravityFlip,1.00,24.8,0
52.33,Utility Enemy 15,Utility,TakeCoverAction,GravityFlip,1.00,74.0,0
52.33,Utility Enemy 5,Utility,TakeCoverAction,GravityFlip,1.00,93.7,0
52.33,Utility Enemy 2,Utility,TakeCoverAction,GravityFlip,1.00,93.4,0
52.33,Utility Enemy 8,Utility,TakeCoverAction,GravityFlip,1.00,68.2,0
52.33,Utility Enemy 4,Utility,TakeCoverAction,GravityFlip,1.00,44.6,0
52.33,Utility Enemy 14,Utility,TakeCoverAction,GravityFlip,1.00,87.4,0
52.33,Utility Enemy 3,Utility,TakeCoverAction,GravityFlip,1.00,101.3,0
52.84,Player,Player,-,GravityFlip,0.89,,0
52.84,FSM Enemy 12,FSM,TakeCoverState,GravityFlip,1.00,89.6,0
52.84,FSM Enemy 15,FSM,TakeCoverState,GravityFlip,1.00,25.7,0
52.84,FSM Enemy 13,FSM,TakeCoverState,GravityFlip,0.90,34.9,0
52.84,FSM Enemy 4,FSM,TakeCoverState,GravityFlip,0.70,91.6,0
52.84,FSM Enemy 6,FSM,TakeCoverState,GravityFlip,0.70,72.5,0
52.84,FSM Enemy 7,FSM,Dead,GravityFlip,0.00,22.6,0
52.84,FSM Enemy 3,FSM,TakeCoverState,GravityFlip,0.70,88.3,0
52.84,FSM Enemy 5,FSM,TakeCoverState,GravityFlip,1.00,55.1,0
52.84,FSM Enemy 8,FSM,TakeCoverState,GravityFlip,1.00,59.0,0
52.84,FSM Enemy 9,FSM,TakeCoverState,GravityFlip,1.00,68.8,0
52.84,FSM Enemy 11,FSM,TakeCoverState,GravityFlip,1.00,37.7,0
52.84,FSM Enemy 2,FSM,TakeCoverState,GravityFlip,1.00,105.4,0
52.84,FSM Enemy 10,FSM,TakeCoverState,GravityFlip,1.00,97.1,0
52.84,FSM Enemy 1,FSM,TakeCoverState,GravityFlip,1.00,82.5,0
52.84,FSM Enemy 14,FSM,TakeCoverState,GravityFlip,1.00,102.1,0
52.84,Utility Enemy 9,Utility,TakeCoverAction,GravityFlip,1.00,84.2,0
52.84,Utility Enemy 10,Utility,TakeCoverAction,GravityFlip,1.00,70.9,0
52.84,Utility Enemy 12,Utility,TakeCoverAction,GravityFlip,1.00,81.3,0
52.84,Utility Enemy 6,Utility,TakeCoverAction,GravityFlip,1.00,44.1,0
52.84,Utility Enemy 1,Utility,TakeCoverAction,GravityFlip,1.00,82.3,0
52.84,Utility Enemy 7,Utility,TakeCoverAction,GravityFlip,1.00,83.3,0
52.84,Utility Enemy 11,Utility,TakeCoverAction,GravityFlip,1.00,17.4,0
52.84,Utility Enemy 13,Utility,TakeCoverAction,GravityFlip,1.00,26.0,0
52.84,Utility Enemy 15,Utility,TakeCoverAction,GravityFlip,1.00,75.4,0
52.84,Utility Enemy 5,Utility,TakeCoverAction,GravityFlip,1.00,95.5,0
52.84,Utility Enemy 2,Utility,TakeCoverAction,GravityFlip,1.00,95.2,0
52.84,Utility Enemy 8,Utility,TakeCoverAction,GravityFlip,1.00,69.5,0
52.84,Utility Enemy 4,Utility,TakeCoverAction,GravityFlip,1.00,45.8,0
52.84,Utility Enemy 14,Utility,TakeCoverAction,GravityFlip,1.00,89.0,0
52.84,Utility Enemy 3,Utility,TakeCoverAction,GravityFlip,1.00,103.1,0
53.34,Player,Player,-,GravityFlip,0.89,,0
53.34,FSM Enemy 12,FSM,TakeCoverState,GravityFlip,1.00,87.9,0
53.34,FSM Enemy 15,FSM,TakeCoverState,GravityFlip,1.00,26.0,0
53.34,FSM Enemy 13,FSM,TakeCoverState,GravityFlip,0.90,35.7,0
53.34,FSM Enemy 4,FSM,TakeCoverState,GravityFlip,0.70,91.9,0
53.34,FSM Enemy 6,FSM,TakeCoverState,GravityFlip,0.70,72.7,0
53.34,FSM Enemy 7,FSM,Dead,GravityFlip,0.00,23.0,0
53.34,FSM Enemy 3,FSM,TakeCoverState,GravityFlip,0.70,88.7,0
53.34,FSM Enemy 5,FSM,TakeCoverState,GravityFlip,1.00,55.4,0
53.34,FSM Enemy 8,FSM,TakeCoverState,GravityFlip,1.00,59.5,0
53.34,FSM Enemy 9,FSM,TakeCoverState,GravityFlip,1.00,69.3,0
53.34,FSM Enemy 11,FSM,TakeCoverState,GravityFlip,1.00,37.4,0
53.34,FSM Enemy 2,FSM,TakeCoverState,GravityFlip,1.00,105.9,0
53.34,FSM Enemy 10,FSM,TakeCoverState,GravityFlip,1.00,97.5,0
53.34,FSM Enemy 1,FSM,TakeCoverState,GravityFlip,1.00,82.9,0
53.34,FSM Enemy 14,FSM,TakeCoverState,GravityFlip,1.00,102.5,0
53.34,Utility Enemy 9,Utility,TakeCoverAction,GravityFlip,1.00,84.5,0
53.34,Utility Enemy 10,Utility,TakeCoverAction,GravityFlip,1.00,71.1,0
53.34,Utility Enemy 12,Utility,TakeCoverAction,GravityFlip,1.00,81.6,0
53.34,Utility Enemy 6,Utility,TakeCoverAction,GravityFlip,1.00,44.4,0
53.34,Utility Enemy 1,Utility,TakeCoverAction,GravityFlip,1.00,82.7,0
53.34,Utility Enemy 7,Utility,TakeCoverAction,GravityFlip,1.00,83.6,0
53.34,Utility Enemy 11,Utility,TakeCoverAction,GravityFlip,1.00,17.6,0
53.34,Utility Enemy 13,Utility,TakeCoverAction,GravityFlip,1.00,26.3,0
53.34,Utility Enemy 15,Utility,TakeCoverAction,GravityFlip,1.00,75.7,0
53.34,Utility Enemy 5,Utility,TakeCoverAction,GravityFlip,1.00,95.9,0
53.34,Utility Enemy 2,Utility,TakeCoverAction,GravityFlip,1.00,95.6,0
53.34,Utility Enemy 8,Utility,TakeCoverAction,GravityFlip,1.00,69.8,0
53.34,Utility Enemy 4,Utility,TakeCoverAction,GravityFlip,1.00,46.2,0
53.34,Utility Enemy 14,Utility,TakeCoverAction,GravityFlip,1.00,89.4,0
53.34,Utility Enemy 3,Utility,TakeCoverAction,GravityFlip,1.00,103.5,0
53.85,Player,Player,-,GravityFlip,0.89,,0
53.85,FSM Enemy 12,FSM,TakeCoverState,GravityFlip,1.00,85.9,0
53.85,FSM Enemy 15,FSM,TakeCoverState,GravityFlip,1.00,26.1,0
53.85,FSM Enemy 13,FSM,TakeCoverState,GravityFlip,0.90,35.7,0
53.85,FSM Enemy 4,FSM,TakeCoverState,GravityFlip,0.70,91.9,0
53.85,FSM Enemy 6,FSM,TakeCoverState,GravityFlip,0.70,72.7,0
53.85,FSM Enemy 7,FSM,Dead,GravityFlip,0.00,23.0,0
53.85,FSM Enemy 3,FSM,TakeCoverState,GravityFlip,0.70,88.8,0
53.85,FSM Enemy 5,FSM,TakeCoverState,GravityFlip,1.00,55.5,0
53.85,FSM Enemy 8,FSM,TakeCoverState,GravityFlip,1.00,59.5,0
53.85,FSM Enemy 9,FSM,TakeCoverState,GravityFlip,1.00,69.3,0
53.85,FSM Enemy 11,FSM,TakeCoverState,GravityFlip,1.00,37.5,0
53.85,FSM Enemy 2,FSM,TakeCoverState,GravityFlip,1.00,105.9,0
53.85,FSM Enemy 10,FSM,TakeCoverState,GravityFlip,1.00,97.5,0
53.85,FSM Enemy 1,FSM,TakeCoverState,GravityFlip,1.00,82.9,0
53.85,FSM Enemy 14,FSM,TakeCoverState,GravityFlip,1.00,102.5,0
53.85,Utility Enemy 9,Utility,TakeCoverAction,GravityFlip,1.00,84.5,0
53.85,Utility Enemy 10,Utility,TakeCoverAction,GravityFlip,1.00,71.1,0
53.85,Utility Enemy 12,Utility,TakeCoverAction,GravityFlip,1.00,81.6,0
53.85,Utility Enemy 6,Utility,TakeCoverAction,GravityFlip,1.00,44.5,0
53.85,Utility Enemy 1,Utility,TakeCoverAction,GravityFlip,1.00,82.7,0
53.85,Utility Enemy 7,Utility,TakeCoverAction,GravityFlip,1.00,83.5,0
53.85,Utility Enemy 11,Utility,TakeCoverAction,GravityFlip,1.00,17.6,0
53.85,Utility Enemy 13,Utility,TakeCoverAction,GravityFlip,1.00,26.3,0
53.85,Utility Enemy 15,Utility,TakeCoverAction,GravityFlip,1.00,75.8,0
53.85,Utility Enemy 5,Utility,TakeCoverAction,GravityFlip,1.00,95.9,0
53.85,Utility Enemy 2,Utility,TakeCoverAction,GravityFlip,1.00,95.7,0
53.85,Utility Enemy 8,Utility,TakeCoverAction,GravityFlip,1.00,69.9,0
53.85,Utility Enemy 4,Utility,TakeCoverAction,GravityFlip,1.00,46.2,0
53.85,Utility Enemy 14,Utility,TakeCoverAction,GravityFlip,1.00,89.4,0
53.85,Utility Enemy 3,Utility,TakeCoverAction,GravityFlip,1.00,103.5,0
54.35,Player,Player,-,GravityFlip,0.89,,0
54.35,FSM Enemy 12,FSM,TakeCoverState,GravityFlip,1.00,85.0,0
54.35,FSM Enemy 15,FSM,TakeCoverState,GravityFlip,1.00,25.7,0
54.35,FSM Enemy 13,FSM,TakeCoverState,GravityFlip,0.90,35.7,0
54.35,FSM Enemy 4,FSM,TakeCoverState,GravityFlip,0.70,91.3,0
54.35,FSM Enemy 6,FSM,TakeCoverState,GravityFlip,0.70,72.0,0
54.35,FSM Enemy 7,FSM,Dead,GravityFlip,0.00,22.5,0
54.35,FSM Enemy 3,FSM,TakeCoverState,GravityFlip,0.70,88.6,0
54.35,FSM Enemy 5,FSM,TakeCoverState,GravityFlip,1.00,55.5,0
54.35,FSM Enemy 8,FSM,TakeCoverState,GravityFlip,1.00,59.3,0
54.35,FSM Enemy 9,FSM,TakeCoverState,GravityFlip,1.00,68.8,0
54.35,FSM Enemy 11,FSM,TakeCoverState,GravityFlip,1.00,37.3,0
54.35,FSM Enemy 2,FSM,TakeCoverState,GravityFlip,1.00,105.5,0
54.35,FSM Enemy 10,FSM,TakeCoverState,GravityFlip,1.00,97.1,0
54.35,FSM Enemy 1,FSM,TakeCoverState,GravityFlip,1.00,83.0,0
54.35,FSM Enemy 14,FSM,TakeCoverState,GravityFlip,1.00,102.0,0
54.35,Utility Enemy 9,Utility,TakeCoverAction,GravityFlip,1.00,83.8,0
54.35,Utility Enemy 10,Utility,TakeCoverAction,GravityFlip,1.00,70.4,0
54.35,Utility Enemy 12,Utility,TakeCoverAction,GravityFlip,1.00,80.9,0
54.35,Utility Enemy 6,Utility,TakeCoverAction,GravityFlip,1.00,44.5,0
54.35,Utility Enemy 1,Utility,TakeCoverAction,GravityFlip,1.00,82.7,0
54.35,Utility Enemy 7,Utility,TakeCoverAction,GravityFlip,1.00,82.9,0
54.35,Utility Enemy 11,Utility,TakeCoverAction,GravityFlip,1.00,17.1,0
54.35,Utility Enemy 13,Utility,TakeCoverAction,GravityFlip,1.00,26.4,0
54.35,Utility Enemy 15,Utility,TakeCoverAction,GravityFlip,1.00,75.8,0
54.35,Utility Enemy 5,Utility,TakeCoverAction,GravityFlip,1.00,95.7,0
54.35,Utility Enemy 2,Utility,TakeCoverAction,GravityFlip,1.00,95.3,0
54.35,Utility Enemy 8,Utility,TakeCoverAction,GravityFlip,1.00,69.9,0
54.35,Utility Enemy 4,Utility,TakeCoverAction,GravityFlip,1.00,46.3,0
54.35,Utility Enemy 14,Utility,TakeCoverAction,GravityFlip,1.00,88.8,0
54.35,Utility Enemy 3,Utility,TakeCoverAction,GravityFlip,1.00,103.0,0
54.85,Player,Player,-,GravityFlip,0.89,,0
54.85,FSM Enemy 12,FSM,TakeCoverState,GravityFlip,1.00,85.2,0
54.85,FSM Enemy 15,FSM,TakeCoverState,GravityFlip,1.00,26.0,0
54.85,FSM Enemy 13,FSM,TakeCoverState,GravityFlip,0.90,36.0,0
54.85,FSM Enemy 4,FSM,TakeCoverState,GravityFlip,0.70,91.6,0
54.85,FSM Enemy 6,FSM,TakeCoverState,GravityFlip,0.70,72.2,0
54.85,FSM Enemy 7,FSM,Dead,GravityFlip,0.00,22.9,0
54.85,FSM Enemy 3,FSM,TakeCoverState,GravityFlip,0.70,88.9,0
54.85,FSM Enemy 5,FSM,TakeCoverState,GravityFlip,1.00,55.9,0
54.85,FSM Enemy 8,FSM,TakeCoverState,GravityFlip,1.00,59.7,0
54.85,FSM Enemy 9,FSM,TakeCoverState,GravityFlip,1.00,69.2,0
54.85,FSM Enemy 11,FSM,TakeCoverState,GravityFlip,1.00,37.6,0
54.85,FSM Enemy 2,FSM,TakeCoverState,GravityFlip,1.00,105.8,0
54.85,FSM Enemy 10,FSM,TakeCoverState,GravityFlip,1.00,97.4,0
54.85,FSM Enemy 1,FSM,TakeCoverState,GravityFlip,1.00,83.3,0
54.85,FSM Enemy 14,FSM,TakeCoverState,GravityFlip,1.00,102.4,0
54.85,Utility Enemy 9,Utility,TakeCoverAction,GravityFlip,1.00,84.1,0
54.85,Utility Enemy 10,Utility,TakeCoverAction,GravityFlip,1.00,70.7,0
54.85,Utility Enemy 12,Utility,TakeCoverAction,GravityFlip,1.00,81.2,0
54.85,Utility Enemy 6,Utility,TakeCoverAction,GravityFlip,1.00,44.8,0
54.85,Utility Enemy 1,Utility,TakeCoverAction,GravityFlip,1.00,83.0,0
54.85,Utility Enemy 7,Utility,TakeCoverAction,GravityFlip,1.00,83.1,0
54.85,Utility Enemy 11,Utility,TakeCoverAction,GravityFlip,1.00,17.3,0
54.85,Utility Enemy 13,Utility,TakeCoverAction,GravityFlip,1.00,26.7,0
54.85,Utility Enemy 15,Utility,TakeCoverAction,GravityFlip,1.00,76.1,0
54.85,Utility Enemy 5,Utility,TakeCoverAction,GravityFlip,1.00,96.1,0
54.85,Utility Enemy 2,Utility,TakeCoverAction,GravityFlip,1.00,95.7,0
54.85,Utility Enemy 8,Utility,TakeCoverAction,GravityFlip,1.00,70.2,0
54.85,Utility Enemy 4,Utility,TakeCoverAction,GravityFlip,1.00,46.6,0
54.85,Utility Enemy 14,Utility,TakeCoverAction,GravityFlip,1.00,89.1,0
54.85,Utility Enemy 3,Utility,TakeCoverAction,GravityFlip,1.00,103.3,0
55.36,Player,Player,-,GravityFlip,0.89,,0
55.36,FSM Enemy 12,FSM,TakeCoverState,GravityFlip,1.00,86.0,0
55.36,FSM Enemy 15,FSM,TakeCoverState,GravityFlip,1.00,26.8,0
55.36,FSM Enemy 13,FSM,TakeCoverState,GravityFlip,0.90,36.6,0
55.36,FSM Enemy 4,FSM,TakeCoverState,GravityFlip,0.70,92.4,0
55.36,FSM Enemy 6,FSM,TakeCoverState,GravityFlip,0.70,72.9,0
55.36,FSM Enemy 7,FSM,Dead,GravityFlip,0.00,23.7,0
55.36,FSM Enemy 3,FSM,TakeCoverState,GravityFlip,0.70,89.7,0
55.36,FSM Enemy 5,FSM,TakeCoverState,GravityFlip,1.00,56.3,0
55.36,FSM Enemy 8,FSM,TakeCoverState,GravityFlip,1.00,60.4,0
55.36,FSM Enemy 9,FSM,TakeCoverState,GravityFlip,1.00,70.0,0
55.36,FSM Enemy 11,FSM,TakeCoverState,GravityFlip,1.00,38.3,0
55.36,FSM Enemy 2,FSM,TakeCoverState,GravityFlip,1.00,106.7,0
55.36,FSM Enemy 10,FSM,TakeCoverState,GravityFlip,1.00,98.3,0
55.36,FSM Enemy 1,FSM,TakeCoverState,GravityFlip,1.00,83.7,0
55.36,FSM Enemy 14,FSM,TakeCoverState,GravityFlip,1.00,103.3,0
55.36,Utility Enemy 9,Utility,TakeCoverAction,GravityFlip,1.00,84.9,0
55.36,Utility Enemy 10,Utility,TakeCoverAction,GravityFlip,1.00,71.4,0
55.36,Utility Enemy 12,Utility,TakeCoverAction,GravityFlip,1.00,82.0,0
55.36,Utility Enemy 6,Utility,TakeCoverAction,GravityFlip,1.00,45.3,0
55.36,Utility Enemy 1,Utility,TakeCoverAction,GravityFlip,1.00,83.6,0
55.36,Utility Enemy 7,Utility,TakeCoverAction,GravityFlip,1.00,83.8,0
55.36,Utility Enemy 11,Utility,TakeCoverAction,GravityFlip,1.00,17.9,0
55.36,Utility Enemy 13,Utility,TakeCoverAction,GravityFlip,1.00,27.1,0
55.36,Utility Enemy 15,Utility,TakeCoverAction,GravityFlip,1.00,76.7,0
55.36,Utility Enemy 5,Utility,TakeCoverAction,GravityFlip,1.00,96.8,0
55.36,Utility Enemy 2,Utility,TakeCoverAction,GravityFlip,1.00,96.5,0
55.36,Utility Enemy 8,Utility,TakeCoverAction,GravityFlip,1.00,70.7,0
55.36,Utility Enemy 4,Utility,TakeCoverAction,GravityFlip,1.00,47.1,0
55.36,Utility Enemy 14,Utility,TakeCoverAction,GravityFlip,1.00,89.9,0
55.36,Utility Enemy 3,Utility,TakeCoverAction,GravityFlip,1.00,104.2,0
55.86,Player,Player,-,GravityFlip,0.89,,0
55.86,FSM Enemy 12,FSM,TakeCoverState,GravityFlip,1.00,85.8,0
55.86,FSM Enemy 15,FSM,TakeCoverState,GravityFlip,1.00,27.2,0
55.86,FSM Enemy 13,FSM,TakeCoverState,GravityFlip,0.90,37.2,0
55.86,FSM Enemy 4,FSM,TakeCoverState,GravityFlip,0.70,92.5,0
55.86,FSM Enemy 6,FSM,TakeCoverState,GravityFlip,0.70,72.7,0
55.86,FSM Enemy 7,FSM,Dead,GravityFlip,0.00,24.0,0
55.86,FSM Enemy 3,FSM,TakeCoverState,GravityFlip,0.70,90.3,0
55.86,FSM Enemy 5,FSM,TakeCoverState,GravityFlip,1.00,57.1,0
55.86,FSM Enemy 8,FSM,TakeCoverState,GravityFlip,1.00,61.0,0
55.86,FSM Enemy 9,FSM,TakeCoverState,GravityFlip,1.00,70.4,0
55.86,FSM Enemy 11,FSM,TakeCoverState,GravityFlip,1.00,38.9,0
55.86,FSM Enemy 2,FSM,TakeCoverState,GravityFlip,1.00,107.1,0
55.86,FSM Enemy 10,FSM,TakeCoverState,GravityFlip,1.00,98.7,0
55.86,FSM Enemy 1,FSM,TakeCoverState,GravityFlip,1.00,84.5,0
55.86,FSM Enemy 14,FSM,TakeCoverState,GravityFlip,1.00,103.6,0
55.86,Utility Enemy 9,Utility,TakeCoverAction,GravityFlip,1.00,84.8,0
55.86,Utility Enemy 10,Utility,TakeCoverAction,GravityFlip,1.00,71.2,0
55.86,Utility Enemy 12,Utility,TakeCoverAction,GravityFlip,1.00,81.9,0
55.86,Utility Enemy 6,Utility,TakeCoverAction,GravityFlip,1.00,46.1,0
55.86,Utility Enemy 1,Utility,TakeCoverAction,GravityFlip,1.00,84.3,0
55.86,Utility Enemy 7,Utility,TakeCoverAction,GravityFlip,1.00,83.6,0
55.86,Utility Enemy 11,Utility,TakeCoverAction,GravityFlip,1.00,17.9,0
55.86,Utility Enemy 13,Utility,TakeCoverAction,GravityFlip,1.00,27.8,0
55.86,Utility Enemy 15,Utility,TakeCoverAction,GravityFlip,1.00,77.4,0
55.86,Utility Enemy 5,Utility,TakeCoverAction,GravityFlip,1.00,97.4,0
55.86,Utility Enemy 2,Utility,TakeCoverAction,GravityFlip,1.00,97.1,0
55.86,Utility Enemy 8,Utility,TakeCoverAction,GravityFlip,1.00,71.5,0
55.86,Utility Enemy 4,Utility,TakeCoverAction,GravityFlip,1.00,47.8,0
55.86,Utility Enemy 14,Utility,TakeCoverAction,GravityFlip,1.00,90.0,0
55.86,Utility Enemy 3,Utility,TakeCoverAction,GravityFlip,1.00,104.4,0
56.36,Player,Player,-,None,0.89,,0
56.36,FSM Enemy 12,FSM,PatrolState,None,1.00,84.3,0
56.36,FSM Enemy 15,FSM,PatrolState,None,1.00,27.1,0
56.36,FSM Enemy 13,FSM,PatrolState,None,0.90,36.7,0
56.36,FSM Enemy 4,FSM,PatrolState,None,0.70,91.1,0
56.36,FSM Enemy 6,FSM,PatrolState,None,0.70,72.9,0
56.36,FSM Enemy 7,FSM,Dead,None,0.00,23.6,0
56.36,FSM Enemy 3,FSM,PatrolState,None,0.70,90.9,0
56.36,FSM Enemy 5,FSM,PatrolState,None,1.00,56.7,0
56.36,FSM Enemy 8,FSM,PatrolState,None,1.00,61.1,0
56.36,FSM Enemy 9,FSM,PatrolState,None,1.00,69.1,0
56.36,FSM Enemy 11,FSM,PatrolState,None,1.00,38.2,0
56.36,FSM Enemy 2,FSM,PatrolState,None,1.00,107.4,0
56.36,FSM Enemy 10,FSM,PatrolState,None,1.00,98.7,0
56.36,FSM Enemy 1,FSM,PatrolState,None,1.00,84.2,0
56.36,FSM Enemy 14,FSM,PatrolState,None,1.00,103.7,0
56.36,Utility Enemy 9,Utility,AttackAction,None,1.00,84.2,0
56.36,Utility Enemy 10,Utility,AttackAction,None,1.00,70.5,0
56.36,Utility Enemy 12,Utility,AttackAction,None,1.00,81.3,0
56.36,Utility Enemy 6,Utility,AttackAction,None,1.00,46.1,0
56.36,Utility Enemy 1,Utility,AttackAction,None,1.00,84.3,0
56.36,Utility Enemy 7,Utility,AttackAction,None,1.00,82.9,0
56.36,Utility Enemy 11,Utility,AttackAction,None,1.00,17.4,0
56.36,Utility Enemy 13,Utility,AttackAction,None,1.00,27.9,0
56.36,Utility Enemy 15,Utility,AttackAction,None,1.00,77.5,0
56.36,Utility Enemy 5,Utility,AttackAction,None,1.00,97.3,0
56.36,Utility Enemy 2,Utility,AttackAction,None,1.00,96.8,0
56.36,Utility Enemy 8,Utility,AttackAction,None,1.00,71.6,0
56.36,Utility Enemy 4,Utility,AttackAction,None,1.00,47.9,0
56.36,Utility Enemy 14,Utility,AttackAction,None,1.00,89.4,0
56.36,Utility Enemy 3,Utility,AttackAction,None,1.00,103.9,0
56.87,Player,Player,-,None,0.89,,0
56.87,FSM Enemy 12,FSM,PatrolState,None,1.00,83.0,0
56.87,FSM Enemy 15,FSM,PatrolState,None,1.00,27.4,0
56.87,FSM Enemy 13,FSM,PatrolState,None,0.90,35.9,0
56.87,FSM Enemy 4,FSM,PatrolState,None,0.70,89.9,0
56.87,FSM Enemy 6,FSM,PatrolState,None,0.70,73.7,0
56.87,FSM Enemy 7,FSM,Dead,None,0.00,23.6,0
56.87,FSM Enemy 3,FSM,PatrolState,None,0.70,91.8,0
56.87,FSM Enemy 5,FSM,PatrolState,None,1.00,55.9,0
56.87,FSM Enemy 8,FSM,PatrolState,None,1.00,61.7,0
56.87,FSM Enemy 9,FSM,PatrolState,None,1.00,68.0,0
56.87,FSM Enemy 11,FSM,PatrolState,None,1.00,37.5,0
56.87,FSM Enemy 2,FSM,PatrolState,None,1.00,108.2,0
56.87,FSM Enemy 10,FSM,PatrolState,None,1.00,98.9,0
56.87,FSM Enemy 1,FSM,PatrolState,None,1.00,83.7,0
56.87,FSM Enemy 14,FSM,PatrolState,None,1.00,104.4,0
56.87,Utility Enemy 9,Utility,AttackAction,None,1.00,84.2,0
56.87,Utility Enemy 10,Utility,AttackAction,None,1.00,70.5,0
56.87,Utility Enemy 12,Utility,AttackAction,None,1.00,81.2,0
56.87,Utility Enemy 6,Utility,AttackAction,None,1.00,46.1,0
56.87,Utility Enemy 1,Utility,AttackAction,None,1.00,84.3,0
56.87,Utility Enemy 7,Utility,AttackAction,None,1.00,82.9,0
56.87,Utility Enemy 11,Utility,AttackAction,None,1.00,17.4,0
56.87,Utility Enemy 13,Utility,AttackAction,None,1.00,27.9,0
56.87,Utility Enemy 15,Utility,AttackAction,None,1.00,77.5,0
56.87,Utility Enemy 5,Utility,AttackAction,None,1.00,97.2,0
56.87,Utility Enemy 2,Utility,AttackAction,None,1.00,96.8,0
56.87,Utility Enemy 8,Utility,AttackAction,None,1.00,71.6,0
56.87,Utility Enemy 4,Utility,AttackAction,None,1.00,47.9,0
56.87,Utility Enemy 14,Utility,AttackAction,None,1.00,89.3,0
56.87,Utility Enemy 3,Utility,AttackAction,None,1.00,103.9,0
57.37,Player,Player,-,None,0.89,,0
57.37,FSM Enemy 12,FSM,PatrolState,None,1.00,82.4,0
57.37,FSM Enemy 15,FSM,PatrolState,None,1.00,28.5,0
57.37,FSM Enemy 13,FSM,PatrolState,None,0.90,35.7,0
57.37,FSM Enemy 4,FSM,PatrolState,None,0.70,90.0,0
57.37,FSM Enemy 6,FSM,PatrolState,None,0.70,74.2,0
57.37,FSM Enemy 7,FSM,Dead,None,0.00,24.3,0
57.37,FSM Enemy 3,FSM,PatrolState,None,0.70,93.4,0
57.37,FSM Enemy 5,FSM,PatrolState,None,1.00,55.7,0
57.37,FSM Enemy 8,FSM,PatrolState,None,1.00,63.5,0
57.37,FSM Enemy 9,FSM,PatrolState,None,1.00,67.6,0
57.37,FSM Enemy 11,FSM,PatrolState,None,1.00,37.4,0
57.37,FSM Enemy 2,FSM,PatrolState,None,1.00,109.9,0
57.37,FSM Enemy 10,FSM,PatrolState,None,1.00,99.5,0
57.37,FSM Enemy 1,FSM,PatrolState,None,1.00,84.1,0
57.37,FSM Enemy 14,FSM,PatrolState,None,1.00,106.0,0
57.37,Utility Enemy 9,Utility,AttackAction,None,1.00,84.8,0
57.37,Utility Enemy 10,Utility,AttackAction,None,1.00,71.1,0
57.37,Utility Enemy 12,Utility,AttackAction,None,1.00,81.9,0
57.37,Utility Enemy 6,Utility,AttackAction,None,1.00,46.6,0
57.37,Utility Enemy 1,Utility,AttackAction,None,1.00,84.9,0
57.37,Utility Enemy 7,Utility,AttackAction,None,1.00,83.5,0
57.37,Utility Enemy 11,Utility,AttackAction,None,1.00,17.9,0
57.37,Utility Enemy 13,Utility,AttackAction,None,1.00,28.4,0
57.37,Utility Enemy 15,Utility,AttackAction,None,1.00,78.0,0
57.37,Utility Enemy 5,Utility,AttackAction,None,1.00,97.9,0
57.37,Utility Enemy 2,Utility,AttackAction,None,1.00,97.5,0
57.37,Utility Enemy 8,Utility,AttackAction,None,1.00,72.1,0
57.37,Utility Enemy 4,Utility,AttackAction,None,1.00,48.4,0
57.37,Utility Enemy 14,Utility,AttackAction,None,1.00,90.1,0
57.37,Utility Enemy 3,Utility,AttackAction,None,1.00,104.7,0
57.87,Player,Player,-,None,0.89,,0
57.87,FSM Enemy 12,FSM,PatrolState,None,1.00,81.5,0
57.87,FSM Enemy 15,FSM,PatrolState,None,1.00,29.0,0
57.87,FSM Enemy 13,FSM,PatrolState,None,0.90,35.0,0
57.87,FSM Enemy 4,FSM,PatrolState,None,0.70,89.8,0
57.87,FSM Enemy 6,FSM,PatrolState,None,0.70,74.3,0
57.87,FSM Enemy 7,FSM,Dead,None,0.00,24.5,0
57.87,FSM Enemy 3,FSM,PatrolState,None,0.70,94.3,0
57.87,FSM Enemy 5,FSM,PatrolState,None,1.00,54.8,0
57.87,FSM Enemy 8,FSM,PatrolState,None,1.00,64.7,0
57.87,FSM Enemy 9,FSM,PatrolState,None,1.00,66.6,0
57.87,FSM Enemy 11,FSM,PatrolState,None,1.00,36.7,0
57.87,FSM Enemy 2,FSM,PatrolState,None,1.00,111.0,0
57.87,FSM Enemy 10,FSM,PatrolState,None,1.00,99.4,0
57.87,FSM Enemy 1,FSM,PatrolState,None,1.00,84.1,0
57.87,FSM Enemy 14,FSM,PatrolState,None,1.00,107.0,0
57.87,Utility Enemy 9,Utility,AttackAction,None,1.00,85.1,0
57.87,Utility Enemy 10,Utility,AttackAction,None,1.00,71.3,0
57.87,Utility Enemy 12,Utility,AttackAction,None,1.00,82.2,0
57.87,Utility Enemy 6,Utility,AttackAction,None,1.00,46.6,0
57.87,Utility Enemy 1,Utility,AttackAction,None,1.00,84.9,0
57.87,Utility Enemy 7,Utility,AttackAction,None,1.00,83.7,0
57.87,Utility Enemy 11,Utility,AttackAction,None,1.00,18.1,0
57.87,Utility Enemy 13,Utility,AttackAction,None,1.00,28.3,0
57.87,Utility Enemy 15,Utility,AttackAction,None,1.00,77.9,0
57.87,Utility Enemy 5,Utility,AttackAction,None,1.00,98.0,0
57.87,Utility Enemy 2,Utility,AttackAction,None,1.00,97.6,0
57.87,Utility Enemy 8,Utility,AttackAction,None,1.00,72.0,0
57.87,Utility Enemy 4,Utility,AttackAction,None,1.00,48.3,0
57.87,Utility Enemy 14,Utility,AttackAction,None,1.00,90.3,0
57.87,Utility Enemy 3,Utility,AttackAction,None,1.00,104.8,0
58.38,Player,Player,-,None,0.89,,0
58.38,FSM Enemy 12,FSM,PatrolState,None,1.00,80.3,0
58.38,FSM Enemy 15,FSM,PatrolState,None,1.00,29.0,0
58.38,FSM Enemy 13,FSM,PatrolState,None,0.90,33.3,0
58.38,FSM Enemy 4,FSM,PatrolState,None,0.70,88.9,0
58.38,FSM Enemy 6,FSM,PatrolState,None,0.70,74.6,0
58.38,FSM Enemy 7,FSM,Dead,None,0.00,23.9,0
58.38,FSM Enemy 3,FSM,PatrolState,None,0.70,94.3,0
58.38,FSM Enemy 5,FSM,PatrolState,None,1.00,53.1,0
58.38,FSM Enemy 8,FSM,PatrolState,None,1.00,65.0,0
58.38,FSM Enemy 9,FSM,PatrolState,None,1.00,64.9,0
58.38,FSM Enemy 11,FSM,PatrolState,None,1.00,34.6,0
58.38,FSM Enemy 2,FSM,PatrolState,None,1.00,111.3,0
58.38,FSM Enemy 10,FSM,PatrolState,None,1.00,98.6,0
58.38,FSM Enemy 1,FSM,PatrolState,None,1.00,83.2,0
58.38,FSM Enemy 14,FSM,PatrolState,None,1.00,107.2,0
58.38,Utility Enemy 9,Utility,AttackAction,None,1.00,85.0,0
58.38,Utility Enemy 10,Utility,AttackAction,None,1.00,71.4,0
58.38,Utility Enemy 12,Utility,AttackAction,None,1.00,82.0,0
58.38,Utility Enemy 6,Utility,AttackAction,None,1.00,45.6,0
58.38,Utility Enemy 1,Utility,AttackAction,None,1.00,83.9,0
58.38,Utility Enemy 7,Utility,AttackAction,None,1.00,83.8,0
58.38,Utility Enemy 11,Utility,AttackAction,None,1.00,17.9,0
58.38,Utility Enemy 13,Utility,AttackAction,None,1.00,27.3,0
58.38,Utility Enemy 15,Utility,AttackAction,None,1.00,76.9,0
58.38,Utility Enemy 5,Utility,AttackAction,None,1.00,97.0,0
58.38,Utility Enemy 2,Utility,AttackAction,None,1.00,96.7,0
58.38,Utility Enemy 8,Utility,AttackAction,None,1.00,71.0,0
58.38,Utility Enemy 4,Utility,AttackAction,None,1.00,47.3,0
58.38,Utility Enemy 14,Utility,AttackAction,None,1.00,90.0,0
58.38,Utility Enemy 3,Utility,AttackAction,None,1.00,104.3,0
58.89,Player,Player,-,None,0.89,,0
58.89,FSM Enemy 12,FSM,PatrolState,None,1.00,79.6,0
58.89,FSM Enemy 15,FSM,PatrolState,None,1.00,29.9,0
58.89,FSM Enemy 13,FSM,PatrolState,None,0.90,32.4,0
58.89,FSM Enemy 4,FSM,PatrolState,None,0.60,88.2,0
58.89,FSM Enemy 6,FSM,PatrolState,None,0.70,75.1,0
58.89,FSM Enemy 7,FSM,Dead,None,0.00,24.0,0
58.89,FSM Enemy 3,FSM,PatrolState,None,0.70,95.2,0
58.89,FSM Enemy 5,FSM,PatrolState,None,1.00,52.5,0
58.89,FSM Enemy 8,FSM,PatrolState,None,1.00,66.2,0
58.89,FSM Enemy 9,FSM,PatrolState,None,1.00,63.9,0
58.89,FSM Enemy 11,FSM,PatrolState,None,1.00,33.4,0
58.89,FSM Enemy 2,FSM,PatrolState,None,1.00,112.4,0
58.89,FSM Enemy 10,FSM,PatrolState,None,1.00,98.5,0
58.89,FSM Enemy 1,FSM,PatrolState,None,1.00,82.5,0
58.89,FSM Enemy 14,FSM,PatrolState,None,1.00,108.2,0
58.89,Utility Enemy 9,Utility,AttackAction,None,1.00,85.4,0
58.89,Utility Enemy 10,Utility,AttackAction,None,1.00,71.9,0
58.89,Utility Enemy 12,Utility,AttackAction,None,1.00,82.5,0
58.89,Utility Enemy 6,Utility,AttackAction,None,1.00,45.3,0
58.89,Utility Enemy 1,Utility,AttackAction,None,1.00,83.7,0
58.89,Utility Enemy 7,Utility,AttackAction,None,1.00,84.3,0
58.89,Utility Enemy 11,Utility,AttackAction,None,1.00,18.3,0
58.89,Utility Enemy 13,Utility,AttackAction,None,1.00,27.1,0
58.89,Utility Enemy 15,Utility,AttackAction,None,1.00,76.7,0
58.89,Utility Enemy 5,Utility,AttackAction,None,1.00,97.0,0
58.89,Utility Enemy 2,Utility,AttackAction,None,1.00,96.8,0
58.89,Utility Enemy 8,Utility,AttackAction,None,1.00,70.7,0
58.89,Utility Enemy 4,Utility,AttackAction,None,1.00,47.0,0
58.89,Utility Enemy 14,Utility,AttackAction,None,1.00,90.4,0
58.89,Utility Enemy 3,Utility,AttackAction,None,1.00,104.6,0
59.39,Player,Player,-,None,0.89,,0
59.39,FSM Enemy 12,FSM,PatrolState,None,1.00,78.4,0
59.39,FSM Enemy 15,FSM,PatrolState,None,1.00,31.4,0
59.39,FSM Enemy 13,FSM,PatrolState,None,0.90,32.6,0
59.39,FSM Enemy 4,FSM,PatrolState,None,0.60,87.3,0
59.39,FSM Enemy 6,FSM,PatrolState,None,0.70,74.5,0
59.39,FSM Enemy 7,FSM,Dead,None,0.00,24.6,0
59.39,FSM Enemy 3,FSM,PatrolState,None,0.70,96.8,0
59.39,FSM Enemy 5,FSM,PatrolState,None,1.00,54.4,0
59.39,FSM Enemy 8,FSM,PatrolState,None,1.00,68.2,0
59.39,FSM Enemy 9,FSM,PatrolState,None,1.00,63.7,0
59.39,FSM Enemy 11,FSM,PatrolState,None,1.00,33.0,0
59.39,FSM Enemy 2,FSM,PatrolState,None,1.00,114.0,0
59.39,FSM Enemy 10,FSM,PatrolState,None,1.00,99.0,0
59.39,FSM Enemy 1,FSM,PatrolState,None,1.00,82.1,0
59.39,FSM Enemy 14,FSM,PatrolState,None,1.00,109.6,0
59.39,Utility Enemy 9,Utility,AttackAction,None,1.00,85.6,0
59.39,Utility Enemy 10,Utility,AttackAction,None,1.00,71.9,0
59.39,Utility Enemy 12,Utility,AttackAction,None,1.00,82.7,0
59.39,Utility Enemy 6,Utility,AttackAction,None,1.00,46.1,0
59.39,Utility Enemy 1,Utility,AttackAction,None,1.00,84.5,0
59.39,Utility Enemy 7,Utility,AttackAction,None,1.00,84.4,0
59.39,Utility Enemy 11,Utility,AttackAction,None,1.00,18.4,0
59.39,Utility Enemy 13,Utility,AttackAction,None,1.00,27.9,0
59.39,Utility Enemy 15,Utility,AttackAction,None,1.00,77.5,0
59.39,Utility Enemy 5,Utility,AttackAction,None,1.00,97.8,0
59.39,Utility Enemy 2,Utility,AttackAction,None,1.00,97.5,0
59.39,Utility Enemy 8,Utility,AttackAction,None,1.00,71.5,0
59.39,Utility Enemy 4,Utility,AttackAction,None,1.00,47.8,0
59.39,Utility Enemy 14,Utility,AttackAction,None,1.00,90.7,0
59.39,Utility Enemy 3,Utility,AttackAction,None,1.00,105.1,0
59.89,Player,Player,-,None,0.89,,0
59.89,FSM Enemy 12,FSM,PatrolState,None,1.00,76.7,0
59.89,FSM Enemy 15,FSM,PatrolState,None,1.00,31.8,0
59.89,FSM Enemy 13,FSM,PatrolState,None,0.90,31.9,0
59.89,FSM Enemy 4,FSM,PatrolState,None,0.60,85.3,0
59.89,FSM Enemy 6,FSM,PatrolState,None,0.70,72.5,0
59.89,FSM Enemy 7,FSM,Dead,None,0.00,23.9,0
59.89,FSM Enemy 3,FSM,PatrolState,None,0.70,96.7,0
59.89,FSM Enemy 5,FSM,PatrolState,None,1.00,55.6,0
59.89,FSM Enemy 8,FSM,PatrolState,None,1.00,68.9,0
59.89,FSM Enemy 9,FSM,PatrolState,None,1.00,64.0,0
59.89,FSM Enemy 11,FSM,PatrolState,None,1.00,31.5,0
59.89,FSM Enemy 2,FSM,PatrolState,None,1.00,114.3,0
59.89,FSM Enemy 10,FSM,PatrolState,None,1.00,98.2,0
59.89,FSM Enemy 1,FSM,PatrolState,None,1.00,80.7,0
59.89,FSM Enemy 14,FSM,PatrolState,None,1.00,109.7,0
59.89,Utility Enemy 9,Utility,AttackAction,None,1.00,84.8,0
59.89,Utility Enemy 10,Utility,AttackAction,None,1.00,71.1,0
59.89,Utility Enemy 12,Utility,AttackAction,None,1.00,81.9,0
59.89,Utility Enemy 6,Utility,AttackAction,None,1.00,45.9,0
59.89,Utility Enemy 1,Utility,AttackAction,None,1.00,84.2,0
59.89,Utility Enemy 7,Utility,AttackAction,None,1.00,83.6,0
59.89,Utility Enemy 11,Utility,AttackAction,None,1.00,17.8,0
59.89,Utility Enemy 13,Utility,AttackAction,None,1.00,27.7,0
59.89,Utility Enemy 15,Utility,AttackAction,None,1.00,77.3,0
59.89,Utility Enemy 5,Utility,AttackAction,None,1.00,97.3,0
59.89,Utility Enemy 2,Utility,AttackAction,None,1.00,96.9,0
59.89,Utility Enemy 8,Utility,AttackAction,None,1.00,71.4,0
59.89,Utility Enemy 4,Utility,AttackAction,None,1.00,47.7,0
59.89,Utility Enemy 14,Utility,AttackAction,None,1.00,89.9,0
59.89,Utility Enemy 3,Utility,AttackAction,None,1.00,104.3,0
60.39,Player,Player,-,None,0.89,,0
60.39,FSM Enemy 12,FSM,PatrolState,None,1.00,75.7,0
60.39,FSM Enemy 15,FSM,PatrolState,None,1.00,32.3,0
60.39,FSM Enemy 13,FSM,PatrolState,None,0.90,31.1,0
60.39,FSM Enemy 4,FSM,PatrolState,None,0.60,83.6,0
60.39,FSM Enemy 6,FSM,PatrolState,None,0.70,70.9,0
60.39,FSM Enemy 7,FSM,Dead,None,0.00,23.3,0
60.39,FSM Enemy 3,FSM,PatrolState,None,0.70,95.3,0
60.39,FSM Enemy 5,FSM,PatrolState,None,1.00,56.5,0
60.39,FSM Enemy 8,FSM,PatrolState,None,1.00,69.6,0
60.39,FSM Enemy 9,FSM,PatrolState,None,1.00,64.1,0
60.39,FSM Enemy 11,FSM,PatrolState,None,1.00,29.9,0
60.39,FSM Enemy 2,FSM,PatrolState,None,1.00,114.6,0
60.39,FSM Enemy 10,FSM,PatrolState,None,1.00,97.5,0
60.39,FSM Enemy 1,FSM,PatrolState,None,1.00,79.2,0
60.39,FSM Enemy 14,FSM,PatrolState,None,1.00,108.3,0
60.39,Utility Enemy 9,Utility,AttackAction,None,1.00,84.3,0
60.39,Utility Enemy 10,Utility,AttackAction,None,1.00,70.7,0
60.39,Utility Enemy 12,Utility,AttackAction,None,1.00,81.3,0
60.39,Utility Enemy 6,Utility,AttackAction,None,1.00,45.5,0
60.39,Utility Enemy 1,Utility,AttackAction,None,1.00,83.7,0
60.39,Utility Enemy 7,Utility,AttackAction,None,1.00,83.1,0
60.39,Utility Enemy 11,Utility,AttackAction,None,1.00,17.4,0
60.39,Utility Enemy 13,Utility,AttackAction,None,1.00,27.3,0
60.39,Utility Enemy 15,Utility,AttackAction,None,1.00,76.9,0
60.39,Utility Enemy 5,Utility,AttackAction,None,1.00,96.8,0
60.39,Utility Enemy 2,Utility,AttackAction,None,1.00,96.4,0
60.39,Utility Enemy 8,Utility,AttackAction,None,1.00,71.0,0
60.39,Utility Enemy 4,Utility,AttackAction,None,1.00,47.3,0
60.39,Utility Enemy 14,Utility,AttackAction,None,1.00,89.4,0
60.39,Utility Enemy 3,Utility,AttackAction,None,1.00,103.7,0
60.89,Player,Player,-,None,0.89,,0
60.89,FSM Enemy 12,FSM,PatrolState,None,1.00,74.7,0
60.89,FSM Enemy 15,FSM,PatrolState,None,1.00,32.9,0
60.89,FSM Enemy 13,FSM,PatrolState,None,0.90,30.6,0
60.89,FSM Enemy 4,FSM,PatrolState,None,0.60,81.8,0
60.89,FSM Enemy 6,FSM,PatrolState,None,0.70,69.2,0
60.89,FSM Enemy 7,FSM,Dead,None,0.00,22.9,0
60.89,FSM Enemy 3,FSM,PatrolState,None,0.70,94.0,0
60.89,FSM Enemy 5,FSM,PatrolState,None,1.00,57.7,0
60.89,FSM Enemy 8,FSM,PatrolState,None,1.00,69.7,0
60.89,FSM Enemy 9,FSM,PatrolState,None,1.00,63.6,0
60.89,FSM Enemy 11,FSM,PatrolState,None,1.00,28.5,0
60.89,FSM Enemy 2,FSM,PatrolState,None,1.00,115.1,0
60.89,FSM Enemy 10,FSM,PatrolState,None,1.00,96.9,0
60.89,FSM Enemy 1,FSM,PatrolState,None,1.00,79.0,0
60.89,FSM Enemy 14,FSM,PatrolState,None,1.00,106.6,0
60.89,Utility Enemy 9,Utility,AttackAction,None,1.00,83.7,0
60.89,Utility Enemy 10,Utility,AttackAction,None,1.00,70.1,0
60.89,Utility Enemy 12,Utility,AttackAction,None,1.00,80.8,0
60.89,Utility Enemy 6,Utility,AttackAction,None,1.00,45.4,0
60.89,Utility Enemy 1,Utility,AttackAction,None,1.00,83.5,0
60.89,Utility Enemy 7,Utility,AttackAction,None,1.00,82.5,0
60.89,Utility Enemy 11,Utility,AttackAction,None,1.00,17.0,0
60.89,Utility Enemy 13,Utility,AttackAction,None,1.00,27.2,0
60.89,Utility Enemy 15,Utility,AttackAction,None,1.00,76.7,0
60.89,Utility Enemy 5,Utility,AttackAction,None,1.00,96.4,0
60.89,Utility Enemy 2,Utility,AttackAction,None,1.00,95.9,0
60.89,Utility Enemy 8,Utility,AttackAction,None,1.00,70.8,0
60.89,Utility Enemy 4,Utility,AttackAction,None,1.00,47.2,0
60.89,Utility Enemy 14,Utility,AttackAction,None,1.00,88.8,0
60.89,Utility Enemy 3,Utility,AttackAction,None,1.00,103.2,0
61.40,Player,Player,-,None,0.89,,0
61.40,FSM Enemy 12,FSM,PatrolState,None,1.00,73.9,0
61.40,FSM Enemy 15,FSM,PatrolState,None,1.00,33.7,0
61.40,FSM Enemy 13,FSM,PatrolState,None,0.90,30.2,0
61.40,FSM Enemy 4,FSM,PatrolState,None,0.60,81.9,0
61.40,FSM Enemy 6,FSM,PatrolState,None,0.70,67.7,0
61.40,FSM Enemy 7,FSM,Dead,None,0.00,22.6,0
61.40,FSM Enemy 3,FSM,PatrolState,None,0.70,92.9,0
61.40,FSM Enemy 5,FSM,PatrolState,None,1.00,58.9,0
61.40,FSM Enemy 8,FSM,PatrolState,None,1.00,68.3,0
61.40,FSM Enemy 9,FSM,PatrolState,None,1.00,62.6,0
61.40,FSM Enemy 11,FSM,PatrolState,None,1.00,27.2,0
61.40,FSM Enemy 2,FSM,PatrolState,None,1.00,115.8,0
61.40,FSM Enemy 10,FSM,PatrolState,None,1.00,96.6,0
61.40,FSM Enemy 1,FSM,PatrolState,None,1.00,79.0,0
61.40,FSM Enemy 14,FSM,PatrolState,None,1.00,105.2,0
61.40,Utility Enemy 9,Utility,AttackAction,None,1.00,83.4,0
61.40,Utility Enemy 10,Utility,AttackAction,None,1.00,69.8,0
61.40,Utility Enemy 12,Utility,AttackAction,None,1.00,80.5,0
61.40,Utility Enemy 6,Utility,AttackAction,None,1.00,45.3,0
61.40,Utility Enemy 1,Utility,AttackAction,None,1.00,83.4,0
61.40,Utility Enemy 7,Utility,AttackAction,None,1.00,82.2,0
61.40,Utility Enemy 11,Utility,AttackAction,None,1.00,16.8,0
61.40,Utility Enemy 13,Utility,AttackAction,None,1.00,27.1,0
61.40,Utility Enemy 15,Utility,AttackAction,None,1.00,76.6,0
61.40,Utility Enemy 5,Utility,AttackAction,None,1.00,96.2,0
61.40,Utility Enemy 2,Utility,AttackAction,None,1.00,95.7,0
61.40,Utility Enemy 8,Utility,AttackAction,None,1.00,70.7,0
61.40,Utility Enemy 4,Utility,AttackAction,None,1.00,47.1,0
61.40,Utility Enemy 14,Utility,AttackAction,None,1.00,88.5,0
61.40,Utility Enemy 3,Utility,AttackAction,None,1.00,102.9,0
61.90,Player,Player,-,None,0.89,,0
61.90,FSM Enemy 12,FSM,PatrolState,None,1.00,73.5,0
61.90,FSM Enemy 15,FSM,PatrolState,None,1.00,34.8,0
61.90,FSM Enemy 13,FSM,PatrolState,None,0.90,29.9,0
61.90,FSM Enemy 4,FSM,PatrolState,None,0.60,83.2,0
61.90,FSM Enemy 6,FSM,PatrolState,None,0.70,66.6,0
61.90,FSM Enemy 7,FSM,Dead,None,0.00,22.6,0
61.90,FSM Enemy 3,FSM,PatrolState,None,0.70,92.1,0
61.90,FSM Enemy 5,FSM,PatrolState,None,1.00,60.1,0
61.90,FSM Enemy 8,FSM,PatrolState,None,1.00,67.1,0
61.90,FSM Enemy 9,FSM,PatrolState,None,1.00,61.9,0
61.90,FSM Enemy 11,FSM,PatrolState,None,1.00,26.2,0
61.90,FSM Enemy 2,FSM,PatrolState,None,1.00,116.6,0
61.90,FSM Enemy 10,FSM,PatrolState,None,1.00,96.5,0
61.90,FSM Enemy 1,FSM,PatrolState,None,1.00,79.0,0
61.90,FSM Enemy 14,FSM,PatrolState,None,1.00,104.0,0
61.90,Utility Enemy 9,Utility,AttackAction,None,1.00,83.4,0
61.90,Utility Enemy 10,Utility,AttackAction,None,1.00,69.8,0
61.90,Utility Enemy 12,Utility,AttackAction,None,1.00,80.5,0
61.90,Utility Enemy 6,Utility,AttackAction,None,1.00,45.3,0
61.90,Utility Enemy 1,Utility,AttackAction,None,1.00,83.4,0
61.90,Utility Enemy 7,Utility,AttackAction,None,1.00,82.2,0
61.90,Utility Enemy 11,Utility,AttackAction,None,1.00,16.8,0
61.90,Utility Enemy 13,Utility,AttackAction,None,1.00,27.1,0
61.90,Utility Enemy 15,Utility,AttackAction,None,1.00,76.6,0
61.90,Utility Enemy 5,Utility,AttackAction,None,1.00,96.2,0
61.90,Utility Enemy 2,Utility,AttackAction,None,1.00,95.7,0
61.90,Utility Enemy 8,Utility,AttackAction,None,1.00,70.7,0
61.90,Utility Enemy 4,Utility,AttackAction,None,1.00,47.1,0
61.90,Utility Enemy 14,Utility,AttackAction,None,1.00,88.5,0
61.90,Utility Enemy 3,Utility,AttackAction,None,1.00,102.9,0
62.40,Player,Player,-,None,0.89,,0
62.40,FSM Enemy 12,FSM,PatrolState,None,1.00,73.0,0
62.40,FSM Enemy 15,FSM,PatrolState,None,1.00,36.0,0
62.40,FSM Enemy 13,FSM,PatrolState,None,0.90,29.8,0
62.40,FSM Enemy 4,FSM,PatrolState,None,0.60,84.3,0
62.40,FSM Enemy 6,FSM,PatrolState,None,0.70,65.6,0
62.40,FSM Enemy 7,FSM,Dead,None,0.00,22.6,0
62.40,FSM Enemy 3,FSM,PatrolState,None,0.70,91.2,0
62.40,FSM Enemy 5,FSM,PatrolState,None,1.00,61.3,0
62.40,FSM Enemy 8,FSM,PatrolState,None,1.00,66.0,0
62.40,FSM Enemy 9,FSM,PatrolState,None,1.00,61.2,0
62.40,FSM Enemy 11,FSM,PatrolState,None,1.00,25.1,0
62.40,FSM Enemy 2,FSM,PatrolState,None,1.00,117.5,0
62.40,FSM Enemy 10,FSM,PatrolState,None,1.00,96.5,0
62.40,FSM Enemy 1,FSM,PatrolState,None,1.00,79.1,0
62.40,FSM Enemy 14,FSM,PatrolState,None,1.00,103.1,0
62.40,Utility Enemy 9,Utility,AttackAction,None,1.00,83.4,0
62.40,Utility Enemy 10,Utility,AttackAction,None,1.00,69.8,0
62.40,Utility Enemy 12,Utility,AttackAction,None,1.00,80.5,0
62.40,Utility Enemy 6,Utility,AttackAction,None,1.00,45.3,0
62.40,Utility Enemy 1,Utility,AttackAction,None,1.00,83.4,0
62.40,Utility Enemy 7,Utility,AttackAction,None,1.00,82.2,0
62.40,Utility Enemy 11,Utility,AttackAction,None,1.00,16.8,0
62.40,Utility Enemy 13,Utility,AttackAction,None,1.00,27.1,0
62.40,Utility Enemy 15,Utility,AttackAction,None,1.00,76.6,0
62.40,Utility Enemy 5,Utility,AttackAction,None,1.00,96.2,0
62.40,Utility Enemy 2,Utility,AttackAction,None,1.00,95.7,0
62.40,Utility Enemy 8,Utility,AttackAction,None,1.00,70.7,0
62.40,Utility Enemy 4,Utility,AttackAction,None,1.00,47.1,0
62.40,Utility Enemy 14,Utility,AttackAction,None,1.00,88.5,0
62.40,Utility Enemy 3,Utility,AttackAction,None,1.00,102.9,0
62.90,Player,Player,-,None,0.89,,0
62.90,FSM Enemy 12,FSM,PatrolState,None,1.00,72.6,0
62.90,FSM Enemy 15,FSM,PatrolState,None,1.00,37.1,0
62.90,FSM Enemy 13,FSM,PatrolState,None,0.90,29.7,0
62.90,FSM Enemy 4,FSM,PatrolState,None,0.60,85.5,0
62.90,FSM Enemy 6,FSM,PatrolState,None,0.70,65.2,0
62.90,FSM Enemy 7,FSM,Dead,None,0.00,22.6,0
62.90,FSM Enemy 3,FSM,PatrolState,None,0.70,90.3,0
62.90,FSM Enemy 5,FSM,PatrolState,None,1.00,62.3,0
62.90,FSM Enemy 8,FSM,PatrolState,None,1.00,64.9,0
62.90,FSM Enemy 9,FSM,PatrolState,None,1.00,60.6,0
62.90,FSM Enemy 11,FSM,PatrolState,None,1.00,24.0,0
62.90,FSM Enemy 2,FSM,PatrolState,None,1.00,118.3,0
62.90,FSM Enemy 10,FSM,PatrolState,None,1.00,96.1,0
62.90,FSM Enemy 1,FSM,PatrolState,None,1.00,79.1,0
62.90,FSM Enemy 14,FSM,PatrolState,None,1.00,104.2,0
62.90,Utility Enemy 9,Utility,AttackAction,None,1.00,83.4,0
62.90,Utility Enemy 10,Utility,AttackAction,None,1.00,69.8,0
62.90,Utility Enemy 12,Utility,AttackAction,None,1.00,80.5,0
62.90,Utility Enemy 6,Utility,AttackAction,None,1.00,45.3,0
62.90,Utility Enemy 1,Utility,AttackAction,None,1.00,83.4,0
62.90,Utility Enemy 7,Utility,AttackAction,None,1.00,82.2,0
62.90,Utility Enemy 11,Utility,AttackAction,None,1.00,16.8,0
62.90,Utility Enemy 13,Utility,AttackAction,None,1.00,27.1,0
62.90,Utility Enemy 15,Utility,AttackAction,None,1.00,76.6,0
62.90,Utility Enemy 5,Utility,AttackAction,None,1.00,96.2,0
62.90,Utility Enemy 2,Utility,AttackAction,None,1.00,95.7,0
62.90,Utility Enemy 8,Utility,AttackAction,None,1.00,70.7,0
62.90,Utility Enemy 4,Utility,AttackAction,None,1.00,47.1,0
62.90,Utility Enemy 14,Utility,AttackAction,None,1.00,88.5,0
62.90,Utility Enemy 3,Utility,AttackAction,None,1.00,102.9,0
63.41,Player,Player,-,None,0.89,,0
63.41,FSM Enemy 12,FSM,PatrolState,None,1.00,72.2,0
63.41,FSM Enemy 15,FSM,PatrolState,None,1.00,38.3,0
63.41,FSM Enemy 13,FSM,PatrolState,None,0.90,29.7,0
63.41,FSM Enemy 4,FSM,PatrolState,None,0.60,86.3,0
63.41,FSM Enemy 6,FSM,PatrolState,None,0.70,64.9,0
63.41,FSM Enemy 7,FSM,Dead,None,0.00,22.6,0
63.41,FSM Enemy 3,FSM,PatrolState,None,0.70,89.3,0
63.41,FSM Enemy 5,FSM,PatrolState,None,1.00,61.3,0
63.41,FSM Enemy 8,FSM,PatrolState,None,1.00,63.7,0
63.41,FSM Enemy 9,FSM,PatrolState,None,1.00,59.9,0
63.41,FSM Enemy 11,FSM,PatrolState,None,1.00,22.9,0
63.41,FSM Enemy 2,FSM,PatrolState,None,1.00,119.2,0
63.41,FSM Enemy 10,FSM,PatrolState,None,1.00,95.5,0
63.41,FSM Enemy 1,FSM,PatrolState,None,1.00,79.3,0
63.41,FSM Enemy 14,FSM,PatrolState,None,1.00,105.4,0
63.41,Utility Enemy 9,Utility,AttackAction,None,1.00,83.4,0
63.41,Utility Enemy 10,Utility,AttackAction,None,1.00,69.8,0
63.41,Utility Enemy 12,Utility,AttackAction,None,1.00,80.5,0
63.41,Utility Enemy 6,Utility,AttackAction,None,1.00,45.3,0
63.41,Utility Enemy 1,Utility,AttackAction,None,1.00,83.4,0
63.41,Utility Enemy 7,Utility,AttackAction,None,1.00,82.2,0
63.41,Utility Enemy 11,Utility,AttackAction,None,1.00,16.8,0
63.41,Utility Enemy 13,Utility,AttackAction,None,1.00,27.1,0
63.41,Utility Enemy 15,Utility,AttackAction,None,1.00,76.6,0
63.41,Utility Enemy 5,Utility,AttackAction,None,1.00,96.2,0
63.41,Utility Enemy 2,Utility,AttackAction,None,1.00,95.7,0
63.41,Utility Enemy 8,Utility,AttackAction,None,1.00,70.7,0
63.41,Utility Enemy 4,Utility,AttackAction,None,1.00,47.1,0
63.41,Utility Enemy 14,Utility,AttackAction,None,1.00,88.5,0
63.41,Utility Enemy 3,Utility,AttackAction,None,1.00,102.9,0
63.91,Player,Player,-,None,0.89,,0
63.91,FSM Enemy 12,FSM,PatrolState,None,1.00,71.8,0
63.91,FSM Enemy 15,FSM,PatrolState,None,1.00,38.9,0
63.91,FSM Enemy 13,FSM,PatrolState,None,0.90,29.7,0
63.91,FSM Enemy 4,FSM,PatrolState,None,0.60,86.8,0
63.91,FSM Enemy 6,FSM,PatrolState,None,0.70,64.5,0
63.91,FSM Enemy 7,FSM,Dead,None,0.00,22.6,0
63.91,FSM Enemy 3,FSM,PatrolState,None,0.70,88.4,0
63.91,FSM Enemy 5,FSM,PatrolState,None,1.00,60.2,0
63.91,FSM Enemy 8,FSM,PatrolState,None,1.00,62.6,0
63.91,FSM Enemy 9,FSM,PatrolState,None,1.00,59.3,0
63.91,FSM Enemy 11,FSM,PatrolState,None,1.00,21.9,0
63.91,FSM Enemy 2,FSM,PatrolState,None,1.00,120.0,0
63.91,FSM Enemy 10,FSM,PatrolState,None,1.00,94.9,0
63.91,FSM Enemy 1,FSM,PatrolState,None,1.00,80.3,0
63.91,FSM Enemy 14,FSM,PatrolState,None,1.00,106.7,0
63.91,Utility Enemy 9,Utility,AttackAction,None,1.00,83.4,0
63.91,Utility Enemy 10,Utility,AttackAction,None,1.00,69.8,0
63.91,Utility Enemy 12,Utility,AttackAction,None,1.00,80.5,0
63.91,Utility Enemy 6,Utility,AttackAction,None,1.00,45.3,0
63.91,Utility Enemy 1,Utility,AttackAction,None,1.00,83.4,0
63.91,Utility Enemy 7,Utility,AttackAction,None,1.00,82.2,0
63.91,Utility Enemy 11,Utility,AttackAction,None,1.00,16.8,0
63.91,Utility Enemy 13,Utility,AttackAction,None,1.00,27.1,0
63.91,Utility Enemy 15,Utility,AttackAction,None,1.00,76.6,0
63.91,Utility Enemy 5,Utility,AttackAction,None,1.00,96.2,0
63.91,Utility Enemy 2,Utility,AttackAction,None,1.00,95.7,0
63.91,Utility Enemy 8,Utility,AttackAction,None,1.00,70.7,0
63.91,Utility Enemy 4,Utility,AttackAction,None,1.00,47.1,0
63.91,Utility Enemy 14,Utility,AttackAction,None,1.00,88.5,0
63.91,Utility Enemy 3,Utility,AttackAction,None,1.00,102.9,0
64.41,Player,Player,-,None,0.89,,0
64.41,FSM Enemy 12,FSM,PatrolState,None,1.00,71.7,0
64.41,FSM Enemy 15,FSM,PatrolState,None,1.00,37.8,0
64.41,FSM Enemy 13,FSM,PatrolState,None,0.90,29.8,0
64.41,FSM Enemy 4,FSM,PatrolState,None,0.50,87.1,0
64.41,FSM Enemy 6,FSM,PatrolState,None,0.70,64.2,0
64.41,FSM Enemy 7,FSM,Dead,None,0.00,22.6,0
64.41,FSM Enemy 3,FSM,PatrolState,None,0.70,87.4,0
64.41,FSM Enemy 5,FSM,PatrolState,None,1.00,59.1,0
64.41,FSM Enemy 8,FSM,PatrolState,None,1.00,61.4,0
64.41,FSM Enemy 9,FSM,PatrolState,None,1.00,58.7,0
64.41,FSM Enemy 11,FSM,PatrolState,None,1.00,20.9,0
64.41,FSM Enemy 2,FSM,PatrolState,None,1.00,120.9,0
64.41,FSM Enemy 10,FSM,PatrolState,None,1.00,94.3,0
64.41,FSM Enemy 1,FSM,PatrolState,None,1.00,81.5,0
64.41,FSM Enemy 14,FSM,PatrolState,None,1.00,107.9,0
64.41,Utility Enemy 9,Utility,AttackAction,None,1.00,83.4,0
64.41,Utility Enemy 10,Utility,AttackAction,None,1.00,69.8,0
64.41,Utility Enemy 12,Utility,AttackAction,None,1.00,80.5,0
64.41,Utility Enemy 6,Utility,AttackAction,None,1.00,45.3,0
64.41,Utility Enemy 1,Utility,AttackAction,None,1.00,83.4,0
64.41,Utility Enemy 7,Utility,AttackAction,None,1.00,82.2,0
64.41,Utility Enemy 11,Utility,AttackAction,None,1.00,16.8,0
64.41,Utility Enemy 13,Utility,AttackAction,None,1.00,27.1,0
64.41,Utility Enemy 15,Utility,AttackAction,None,1.00,76.6,0
64.41,Utility Enemy 5,Utility,AttackAction,None,1.00,96.2,0
64.41,Utility Enemy 2,Utility,AttackAction,None,1.00,95.7,0
64.41,Utility Enemy 8,Utility,AttackAction,None,1.00,70.7,0
64.41,Utility Enemy 4,Utility,AttackAction,None,1.00,47.1,0
64.41,Utility Enemy 14,Utility,AttackAction,None,1.00,88.5,0
64.41,Utility Enemy 3,Utility,AttackAction,None,1.00,102.9,0
64.91,Player,Player,-,None,0.89,,0
64.91,FSM Enemy 12,FSM,PatrolState,None,1.00,71.7,0
64.91,FSM Enemy 15,FSM,PatrolState,None,1.00,36.7,0
64.91,FSM Enemy 13,FSM,PatrolState,None,0.90,30.0,0
64.91,FSM Enemy 4,FSM,PatrolState,None,0.40,87.5,0
64.91,FSM Enemy 6,FSM,PatrolState,None,0.70,63.9,0
64.91,FSM Enemy 7,FSM,Dead,None,0.00,22.6,0
64.91,FSM Enemy 3,FSM,PatrolState,None,0.70,86.4,0
64.91,FSM Enemy 5,FSM,PatrolState,None,1.00,57.9,0
64.91,FSM Enemy 8,FSM,PatrolState,None,1.00,60.3,0
64.91,FSM Enemy 9,FSM,PatrolState,None,1.00,58.1,0
64.91,FSM Enemy 11,FSM,PatrolState,None,1.00,19.9,0
64.91,FSM Enemy 2,FSM,PatrolState,None,1.00,121.8,0
64.91,FSM Enemy 10,FSM,PatrolState,None,1.00,93.8,0
64.91,FSM Enemy 1,FSM,PatrolState,None,1.00,82.7,0
64.91,FSM Enemy 14,FSM,PatrolState,None,1.00,107.7,0
64.91,Utility Enemy 9,Utility,AttackAction,None,1.00,83.4,0
64.91,Utility Enemy 10,Utility,AttackAction,None,1.00,69.8,0
64.91,Utility Enemy 12,Utility,AttackAction,None,1.00,80.5,0
64.91,Utility Enemy 6,Utility,AttackAction,None,1.00,45.3,0
64.91,Utility Enemy 1,Utility,AttackAction,None,1.00,83.4,0
64.91,Utility Enemy 7,Utility,AttackAction,None,1.00,82.2,0
64.91,Utility Enemy 11,Utility,AttackAction,None,1.00,16.8,0
64.91,Utility Enemy 13,Utility,AttackAction,None,1.00,27.1,0
64.91,Utility Enemy 15,Utility,AttackAction,None,1.00,76.6,0
64.91,Utility Enemy 5,Utility,AttackAction,None,1.00,96.2,0
64.91,Utility Enemy 2,Utility,AttackAction,None,1.00,95.7,0
64.91,Utility Enemy 8,Utility,AttackAction,None,1.00,70.7,0
64.91,Utility Enemy 4,Utility,AttackAction,None,1.00,47.1,0
64.91,Utility Enemy 14,Utility,AttackAction,None,1.00,88.5,0
64.91,Utility Enemy 3,Utility,AttackAction,None,1.00,102.9,0
65.42,Player,Player,-,None,0.89,,0
65.42,FSM Enemy 12,FSM,PatrolState,None,1.00,71.8,0
65.42,FSM Enemy 15,FSM,PatrolState,None,1.00,35.8,0
65.42,FSM Enemy 13,FSM,PatrolState,None,0.90,30.2,0
65.42,FSM Enemy 4,FSM,PatrolState,None,0.40,88.0,0
65.42,FSM Enemy 6,FSM,PatrolState,None,0.70,63.6,0
65.42,FSM Enemy 7,FSM,Dead,None,0.00,22.6,0
65.42,FSM Enemy 3,FSM,PatrolState,None,0.70,85.4,0
65.42,FSM Enemy 5,FSM,PatrolState,None,1.00,56.8,0
65.42,FSM Enemy 8,FSM,PatrolState,None,1.00,59.2,0
65.42,FSM Enemy 9,FSM,PatrolState,None,1.00,57.6,0
65.42,FSM Enemy 11,FSM,PatrolState,None,1.00,18.9,0
65.42,FSM Enemy 2,FSM,PatrolState,None,1.00,122.7,0
65.42,FSM Enemy 10,FSM,PatrolState,None,1.00,93.3,0
65.42,FSM Enemy 1,FSM,PatrolState,None,1.00,83.9,0
65.42,FSM Enemy 14,FSM,PatrolState,None,1.00,106.9,0
65.42,Utility Enemy 9,Utility,AttackAction,None,1.00,83.4,0
65.42,Utility Enemy 10,Utility,AttackAction,None,1.00,69.8,0
65.42,Utility Enemy 12,Utility,AttackAction,None,1.00,80.5,0
65.42,Utility Enemy 6,Utility,AttackAction,None,1.00,45.3,0
65.42,Utility Enemy 1,Utility,AttackAction,None,1.00,83.4,0
65.42,Utility Enemy 7,Utility,AttackAction,None,1.00,82.2,0
65.42,Utility Enemy 11,Utility,AttackAction,None,1.00,16.8,0
65.42,Utility Enemy 13,Utility,AttackAction,None,1.00,27.1,0
65.42,Utility Enemy 15,Utility,AttackAction,None,1.00,76.6,0
65.42,Utility Enemy 5,Utility,AttackAction,None,1.00,96.2,0
65.42,Utility Enemy 2,Utility,AttackAction,None,1.00,95.7,0
65.42,Utility Enemy 8,Utility,AttackAction,None,1.00,70.7,0
65.42,Utility Enemy 4,Utility,AttackAction,None,1.00,47.1,0
65.42,Utility Enemy 14,Utility,AttackAction,None,1.00,88.5,0
65.42,Utility Enemy 3,Utility,AttackAction,None,1.00,102.9,0
65.92,Player,Player,-,None,0.89,,0
65.92,FSM Enemy 12,FSM,PatrolState,None,1.00,71.9,0
65.92,FSM Enemy 15,FSM,PatrolState,None,1.00,34.9,0
65.92,FSM Enemy 13,FSM,PatrolState,None,0.90,30.2,0
65.92,FSM Enemy 4,FSM,PatrolState,None,0.40,88.5,0
65.92,FSM Enemy 6,FSM,PatrolState,None,0.70,63.4,0
65.92,FSM Enemy 7,FSM,Dead,None,0.00,22.6,0
65.92,FSM Enemy 3,FSM,PatrolState,None,0.70,85.9,0
65.92,FSM Enemy 5,FSM,PatrolState,None,1.00,55.7,0
65.92,FSM Enemy 8,FSM,PatrolState,None,1.00,58.0,0
65.92,FSM Enemy 9,FSM,PatrolState,None,1.00,57.0,0
65.92,FSM Enemy 11,FSM,PatrolState,None,1.00,18.0,0
65.92,FSM Enemy 2,FSM,PatrolState,None,1.00,123.6,0
65.92,FSM Enemy 10,FSM,PatrolState,None,1.00,92.7,0
65.92,FSM Enemy 1,FSM,PatrolState,None,1.00,85.1,0
65.92,FSM Enemy 14,FSM,PatrolState,None,1.00,106.2,0
65.92,Utility Enemy 9,Utility,AttackAction,None,1.00,83.4,0
65.92,Utility Enemy 10,Utility,AttackAction,None,1.00,69.8,0
65.92,Utility Enemy 12,Utility,AttackAction,None,1.00,80.5,0
65.92,Utility Enemy 6,Utility,AttackAction,None,1.00,45.3,0
65.92,Utility Enemy 1,Utility,AttackAction,None,1.00,83.4,0
65.92,Utility Enemy 7,Utility,AttackAction,None,1.00,82.2,0
65.92,Utility Enemy 11,Utility,AttackAction,None,1.00,16.8,0
65.92,Utility Enemy 13,Utility,AttackAction,None,1.00,27.1,0
65.92,Utility Enemy 15,Utility,AttackAction,None,1.00,76.6,0
65.92,Utility Enemy 5,Utility,AttackAction,None,1.00,96.2,0
65.92,Utility Enemy 2,Utility,AttackAction,None,1.00,95.7,0
65.92,Utility Enemy 8,Utility,AttackAction,None,1.00,70.7,0
65.92,Utility Enemy 4,Utility,AttackAction,None,1.00,47.1,0
65.92,Utility Enemy 14,Utility,AttackAction,None,1.00,88.5,0
65.92,Utility Enemy 3,Utility,AttackAction,None,1.00,102.9,0
66.43,Player,Player,-,None,0.89,,0
66.43,FSM Enemy 12,FSM,PatrolState,None,1.00,72.0,0
66.43,FSM Enemy 15,FSM,PatrolState,None,1.00,34.0,0
66.43,FSM Enemy 13,FSM,PatrolState,None,0.90,29.4,0
66.43,FSM Enemy 4,FSM,PatrolState,None,0.40,89.0,0
66.43,FSM Enemy 6,FSM,PatrolState,None,0.70,63.2,0
66.43,FSM Enemy 7,FSM,PatrolState,None,1.00,71.5,0
66.43,FSM Enemy 3,FSM,PatrolState,None,0.70,87.2,0
66.43,FSM Enemy 5,FSM,PatrolState,None,1.00,54.6,0
66.43,FSM Enemy 8,FSM,PatrolState,None,1.00,56.9,0
66.43,FSM Enemy 9,FSM,PatrolState,None,1.00,57.1,0
66.43,FSM Enemy 11,FSM,PatrolState,None,1.00,17.1,0
66.43,FSM Enemy 2,FSM,PatrolState,None,1.00,124.5,0
66.43,FSM Enemy 10,FSM,PatrolState,None,1.00,92.2,0
66.43,FSM Enemy 1,FSM,PatrolState,None,1.00,86.3,0
66.43,FSM Enemy 14,FSM,PatrolState,None,1.00,105.7,0
66.43,Utility Enemy 9,Utility,AttackAction,None,1.00,83.4,0
66.43,Utility Enemy 10,Utility,AttackAction,None,1.00,69.8,0
66.43,Utility Enemy 12,Utility,AttackAction,None,1.00,80.5,0
66.43,Utility Enemy 6,Utility,AttackAction,None,1.00,45.3,0
66.43,Utility Enemy 1,Utility,AttackAction,None,1.00,83.4,0
66.43,Utility Enemy 7,Utility,AttackAction,None,1.00,82.2,0
66.43,Utility Enemy 11,Utility,AttackAction,None,1.00,16.8,0
66.43,Utility Enemy 13,Utility,AttackAction,None,1.00,27.1,0
66.43,Utility Enemy 15,Utility,AttackAction,None,1.00,76.6,0
66.43,Utility Enemy 5,Utility,AttackAction,None,1.00,96.2,0
66.43,Utility Enemy 2,Utility,AttackAction,None,1.00,95.7,0
66.43,Utility Enemy 8,Utility,AttackAction,None,1.00,70.7,0
66.43,Utility Enemy 4,Utility,AttackAction,None,1.00,47.1,0
66.43,Utility Enemy 14,Utility,AttackAction,None,1.00,88.5,0
66.43,Utility Enemy 3,Utility,AttackAction,None,1.00,102.9,0
66.93,Player,Player,-,None,0.89,,0
66.93,FSM Enemy 12,FSM,PatrolState,None,1.00,72.2,0
66.93,FSM Enemy 15,FSM,PatrolState,None,1.00,33.2,0
66.93,FSM Enemy 13,FSM,PatrolState,None,0.90,28.6,0
66.93,FSM Enemy 4,FSM,PatrolState,None,0.40,89.5,0
66.93,FSM Enemy 6,FSM,PatrolState,None,0.45,63.0,0
66.93,FSM Enemy 7,FSM,PatrolState,None,1.00,70.4,0
66.93,FSM Enemy 3,FSM,PatrolState,None,0.70,88.4,0
66.93,FSM Enemy 5,FSM,PatrolState,None,1.00,53.5,0
66.93,FSM Enemy 8,FSM,PatrolState,None,1.00,56.6,0
66.93,FSM Enemy 9,FSM,PatrolState,None,1.00,58.3,0
66.93,FSM Enemy 11,FSM,PatrolState,None,1.00,16.3,0
66.93,FSM Enemy 2,FSM,PatrolState,None,1.00,125.1,0
66.93,FSM Enemy 10,FSM,PatrolState,None,1.00,91.7,0
66.93,FSM Enemy 1,FSM,PatrolState,None,1.00,87.0,0
66.93,FSM Enemy 14,FSM,PatrolState,None,1.00,105.6,0
66.93,Utility Enemy 9,Utility,AttackAction,None,1.00,83.4,0
66.93,Utility Enemy 10,Utility,AttackAction,None,1.00,69.8,0
66.93,Utility Enemy 12,Utility,AttackAction,None,1.00,80.5,0
66.93,Utility Enemy 6,Utility,AttackAction,None,1.00,45.3,0
66.93,Utility Enemy 1,Utility,AttackAction,None,1.00,83.4,0
66.93,Utility Enemy 7,Utility,AttackAction,None,1.00,82.2,0
66.93,Utility Enemy 11,Utility,AttackAction,None,1.00,16.8,0
66.93,Utility Enemy 13,Utility,AttackAction,None,1.00,27.1,0
66.93,Utility Enemy 15,Utility,AttackAction,None,1.00,76.6,0
66.93,Utility Enemy 5,Utility,AttackAction,None,1.00,96.2,0
66.93,Utility Enemy 2,Utility,AttackAction,None,1.00,95.7,0
66.93,Utility Enemy 8,Utility,AttackAction,None,1.00,70.7,0
66.93,Utility Enemy 4,Utility,AttackAction,None,1.00,47.1,0
66.93,Utility Enemy 14,Utility,AttackAction,None,1.00,88.5,0
66.93,Utility Enemy 3,Utility,AttackAction,None,1.00,102.9,0
67.43,Player,Player,-,None,0.89,,0
67.43,FSM Enemy 12,FSM,PatrolState,None,1.00,72.3,0
67.43,FSM Enemy 15,FSM,PatrolState,None,1.00,32.3,0
67.43,FSM Enemy 13,FSM,PatrolState,None,0.90,27.9,0
67.43,FSM Enemy 4,FSM,PatrolState,None,0.40,90.0,0
67.43,FSM Enemy 6,FSM,PatrolState,None,0.45,62.9,0
67.43,FSM Enemy 7,FSM,PatrolState,None,1.00,69.2,0
67.43,FSM Enemy 3,FSM,PatrolState,None,0.70,89.6,0
67.43,FSM Enemy 5,FSM,PatrolState,None,1.00,52.4,0
67.43,FSM Enemy 8,FSM,PatrolState,None,1.00,57.0,0
67.43,FSM Enemy 9,FSM,PatrolState,None,1.00,59.5,0
67.43,FSM Enemy 11,FSM,PatrolState,None,1.00,15.6,0
67.43,FSM Enemy 2,FSM,PatrolState,None,1.00,124.3,0
67.43,FSM Enemy 10,FSM,PatrolState,None,1.00,91.2,0
67.43,FSM Enemy 1,FSM,PatrolState,None,1.00,86.0,0
67.43,FSM Enemy 14,FSM,PatrolState,None,1.00,105.5,0
67.43,Utility Enemy 9,Utility,AttackAction,None,1.00,83.4,0
67.43,Utility Enemy 10,Utility,AttackAction,None,1.00,69.8,0
67.43,Utility Enemy 12,Utility,AttackAction,None,1.00,80.5,0
67.43,Utility Enemy 6,Utility,AttackAction,None,1.00,45.3,0
67.43,Utility Enemy 1,Utility,AttackAction,None,1.00,83.4,0
67.43,Utility Enemy 7,Utility,AttackAction,None,1.00,82.2,0
67.43,Utility Enemy 11,Utility,AttackAction,None,1.00,16.8,0
67.43,Utility Enemy 13,Utility,AttackAction,None,1.00,27.1,0
67.43,Utility Enemy 15,Utility,AttackAction,None,1.00,76.6,0
67.43,Utility Enemy 5,Utility,AttackAction,None,1.00,96.2,0
67.43,Utility Enemy 2,Utility,AttackAction,None,1.00,95.7,0
67.43,Utility Enemy 8,Utility,AttackAction,None,1.00,70.7,0
67.43,Utility Enemy 4,Utility,AttackAction,None,1.00,47.1,0
67.43,Utility Enemy 14,Utility,AttackAction,None,1.00,88.5,0
67.43,Utility Enemy 3,Utility,AttackAction,None,1.00,102.9,0
67.93,Player,Player,-,None,0.89,,0
67.93,FSM Enemy 12,FSM,PatrolState,None,1.00,72.5,0
67.93,FSM Enemy 15,FSM,PatrolState,None,1.00,31.5,0
67.93,FSM Enemy 13,FSM,PatrolState,None,0.90,27.0,0
67.93,FSM Enemy 4,FSM,PatrolState,None,0.40,90.6,0
67.93,FSM Enemy 6,FSM,PatrolState,None,0.45,63.3,0
67.93,FSM Enemy 7,FSM,PatrolState,None,1.00,68.0,0
67.93,FSM Enemy 3,FSM,PatrolState,None,0.70,90.9,0
67.93,FSM Enemy 5,FSM,PatrolState,None,1.00,51.3,0
67.93,FSM Enemy 8,FSM,PatrolState,None,1.00,57.4,0
67.93,FSM Enemy 9,FSM,PatrolState,None,1.00,60.7,0
67.93,FSM Enemy 11,FSM,PatrolState,None,1.00,14.9,0
67.93,FSM Enemy 2,FSM,PatrolState,None,1.00,123.1,0
67.93,FSM Enemy 10,FSM,PatrolState,None,1.00,90.8,0
67.93,FSM Enemy 1,FSM,PatrolState,None,1.00,85.0,0
67.93,FSM Enemy 14,FSM,PatrolState,None,1.00,105.4,0
67.93,Utility Enemy 9,Utility,AttackAction,None,1.00,83.4,0
67.93,Utility Enemy 10,Utility,AttackAction,None,1.00,69.8,0
67.93,Utility Enemy 12,Utility,AttackAction,None,1.00,80.5,0
67.93,Utility Enemy 6,Utility,AttackAction,None,1.00,45.3,0
67.93,Utility Enemy 1,Utility,AttackAction,None,1.00,83.4,0
67.93,Utility Enemy 7,Utility,AttackAction,None,1.00,82.2,0
67.93,Utility Enemy 11,Utility,AttackAction,None,1.00,16.8,0
67.93,Utility Enemy 13,Utility,AttackAction,None,1.00,27.1,0
67.93,Utility Enemy 15,Utility,AttackAction,None,1.00,76.6,0
67.93,Utility Enemy 5,Utility,AttackAction,None,1.00,96.2,0
67.93,Utility Enemy 2,Utility,AttackAction,None,1.00,95.7,0
67.93,Utility Enemy 8,Utility,AttackAction,None,1.00,70.7,0
67.93,Utility Enemy 4,Utility,AttackAction,None,1.00,47.1,0
67.93,Utility Enemy 14,Utility,AttackAction,None,1.00,88.5,0
67.93,Utility Enemy 3,Utility,AttackAction,None,1.00,102.9,0
68.43,Player,Player,-,None,0.89,,0
68.43,FSM Enemy 12,FSM,PatrolState,None,1.00,72.7,0
68.43,FSM Enemy 15,FSM,PatrolState,None,1.00,30.8,0
68.43,FSM Enemy 13,FSM,PatrolState,None,0.90,26.0,0
68.43,FSM Enemy 4,FSM,PatrolState,None,0.40,91.1,0
68.43,FSM Enemy 6,FSM,PatrolState,None,0.45,62.8,0
68.43,FSM Enemy 7,FSM,PatrolState,None,1.00,66.8,0
68.43,FSM Enemy 3,FSM,PatrolState,None,0.70,92.1,0
68.43,FSM Enemy 5,FSM,PatrolState,None,1.00,50.2,0
68.43,FSM Enemy 8,FSM,PatrolState,None,1.00,57.8,0
68.43,FSM Enemy 9,FSM,PatrolState,None,1.00,62.0,0
68.43,FSM Enemy 11,FSM,PatrolState,None,1.00,15.0,0
68.43,FSM Enemy 2,FSM,PatrolState,None,1.00,121.9,0
68.43,FSM Enemy 10,FSM,PatrolState,None,1.00,90.3,0
68.43,FSM Enemy 1,FSM,PatrolState,None,1.00,83.9,0
68.43,FSM Enemy 14,FSM,PatrolState,None,1.00,105.4,0
68.43,Utility Enemy 9,Utility,AttackAction,None,1.00,83.4,0
68.43,Utility Enemy 10,Utility,AttackAction,None,1.00,69.8,0
68.43,Utility Enemy 12,Utility,AttackAction,None,1.00,80.5,0
68.43,Utility Enemy 6,Utility,AttackAction,None,1.00,45.3,0
68.43,Utility Enemy 1,Utility,AttackAction,None,1.00,83.4,0
68.43,Utility Enemy 7,Utility,AttackAction,None,1.00,82.2,0
68.43,Utility Enemy 11,Utility,AttackAction,None,1.00,16.8,0
68.43,Utility Enemy 13,Utility,AttackAction,None,1.00,27.1,0
68.43,Utility Enemy 15,Utility,AttackAction,None,1.00,76.6,0
68.43,Utility Enemy 5,Utility,AttackAction,None,1.00,96.2,0
68.43,Utility Enemy 2,Utility,AttackAction,None,1.00,95.7,0
68.43,Utility Enemy 8,Utility,AttackAction,None,1.00,70.7,0
68.43,Utility Enemy 4,Utility,AttackAction,None,1.00,47.1,0
68.43,Utility Enemy 14,Utility,AttackAction,None,1.00,88.5,0
68.43,Utility Enemy 3,Utility,AttackAction,None,1.00,102.9,0
68.94,Player,Player,-,None,0.89,,0
68.94,FSM Enemy 12,FSM,PatrolState,None,1.00,73.2,0
68.94,FSM Enemy 15,FSM,PatrolState,None,1.00,30.1,0
68.94,FSM Enemy 13,FSM,PatrolState,None,0.90,24.9,0
68.94,FSM Enemy 4,FSM,PatrolState,None,0.40,91.5,0
68.94,FSM Enemy 6,FSM,PatrolState,None,0.45,62.8,0
68.94,FSM Enemy 7,FSM,PatrolState,None,1.00,65.6,0
68.94,FSM Enemy 3,FSM,PatrolState,None,0.70,93.4,0
68.94,FSM Enemy 5,FSM,PatrolState,None,1.00,49.7,0
68.94,FSM Enemy 8,FSM,PatrolState,None,1.00,58.4,0
68.94,FSM Enemy 9,FSM,PatrolState,None,1.00,63.2,0
68.94,FSM Enemy 11,FSM,PatrolState,None,1.00,15.4,0
68.94,FSM Enemy 2,FSM,PatrolState,None,1.00,120.8,0
68.94,FSM Enemy 10,FSM,PatrolState,None,1.00,90.9,0
68.94,FSM Enemy 1,FSM,PatrolState,None,1.00,82.9,0
68.94,FSM Enemy 14,FSM,PatrolState,None,1.00,105.3,0
68.94,Utility Enemy 9,Utility,AttackAction,None,1.00,83.4,0
68.94,Utility Enemy 10,Utility,AttackAction,None,1.00,69.8,0
68.94,Utility Enemy 12,Utility,AttackAction,None,1.00,80.5,0
68.94,Utility Enemy 6,Utility,AttackAction,None,1.00,45.3,0
68.94,Utility Enemy 1,Utility,AttackAction,None,1.00,83.4,0
68.94,Utility Enemy 7,Utility,AttackAction,None,1.00,82.2,0
68.94,Utility Enemy 11,Utility,AttackAction,None,1.00,16.8,0
68.94,Utility Enemy 13,Utility,AttackAction,None,1.00,27.1,0
68.94,Utility Enemy 15,Utility,AttackAction,None,1.00,76.6,0
68.94,Utility Enemy 5,Utility,AttackAction,None,1.00,96.2,0
68.94,Utility Enemy 2,Utility,AttackAction,None,1.00,95.7,0
68.94,Utility Enemy 8,Utility,AttackAction,None,1.00,70.7,0
68.94,Utility Enemy 4,Utility,AttackAction,None,1.00,47.1,0
68.94,Utility Enemy 14,Utility,AttackAction,None,1.00,88.5,0
68.94,Utility Enemy 3,Utility,AttackAction,None,1.00,102.9,0
69.44,Player,Player,-,None,0.89,,0
69.44,FSM Enemy 12,FSM,PatrolState,None,1.00,74.3,0
69.44,FSM Enemy 15,FSM,PatrolState,None,1.00,29.4,0
69.44,FSM Enemy 13,FSM,PatrolState,None,0.90,24.2,0
69.44,FSM Enemy 4,FSM,PatrolState,None,0.40,91.9,0
69.44,FSM Enemy 6,FSM,PatrolState,None,0.45,62.8,0
69.44,FSM Enemy 7,FSM,PatrolState,None,1.00,64.4,0
69.44,FSM Enemy 3,FSM,PatrolState,None,0.70,94.6,0
69.44,FSM Enemy 5,FSM,PatrolState,None,1.00,50.7,0
69.44,FSM Enemy 8,FSM,PatrolState,None,1.00,59.1,0
69.44,FSM Enemy 9,FSM,PatrolState,None,1.00,64.4,0
69.44,FSM Enemy 11,FSM,PatrolState,None,1.00,15.8,0
69.44,FSM Enemy 2,FSM,PatrolState,None,1.00,119.6,0
69.44,FSM Enemy 10,FSM,PatrolState,None,1.00,92.0,0
69.44,FSM Enemy 1,FSM,PatrolState,None,1.00,82.9,0
69.44,FSM Enemy 14,FSM,PatrolState,None,1.00,105.3,0
69.44,Utility Enemy 9,Utility,AttackAction,None,1.00,83.4,0
69.44,Utility Enemy 10,Utility,AttackAction,None,1.00,69.8,0
69.44,Utility Enemy 12,Utility,AttackAction,None,1.00,80.5,0
69.44,Utility Enemy 6,Utility,AttackAction,None,1.00,45.3,0
69.44,Utility Enemy 1,Utility,AttackAction,None,1.00,83.4,0
69.44,Utility Enemy 7,Utility,AttackAction,None,1.00,82.2,0
69.44,Utility Enemy 11,Utility,AttackAction,None,1.00,16.8,0
69.44,Utility Enemy 13,Utility,AttackAction,None,1.00,27.1,0
69.44,Utility Enemy 15,Utility,AttackAction,None,1.00,76.6,0
69.44,Utility Enemy 5,Utility,AttackAction,None,1.00,96.2,0
69.44,Utility Enemy 2,Utility,AttackAction,None,1.00,95.7,0
69.44,Utility Enemy 8,Utility,AttackAction,None,1.00,70.7,0
69.44,Utility Enemy 4,Utility,AttackAction,None,1.00,47.1,0
69.44,Utility Enemy 14,Utility,AttackAction,None,1.00,88.5,0
69.44,Utility Enemy 3,Utility,AttackAction,None,1.00,102.9,0
69.94,Player,Player,-,None,0.89,,0
69.94,FSM Enemy 12,FSM,PatrolState,None,1.00,75.4,0
69.94,FSM Enemy 15,FSM,PatrolState,None,1.00,29.0,0
69.94,FSM Enemy 13,FSM,PatrolState,None,0.90,24.7,0
69.94,FSM Enemy 4,FSM,PatrolState,None,0.40,92.3,0
69.94,FSM Enemy 6,FSM,PatrolState,None,0.45,62.8,0
69.94,FSM Enemy 7,FSM,PatrolState,None,1.00,63.2,0
69.94,FSM Enemy 3,FSM,PatrolState,None,0.70,95.8,0
69.94,FSM Enemy 5,FSM,PatrolState,None,1.00,51.7,0
69.94,FSM Enemy 8,FSM,PatrolState,None,1.00,59.9,0
69.94,FSM Enemy 9,FSM,PatrolState,None,1.00,65.7,0
69.94,FSM Enemy 11,FSM,PatrolState,None,1.00,16.1,0
69.94,FSM Enemy 2,FSM,PatrolState,None,1.00,118.4,0
69.94,FSM Enemy 10,FSM,PatrolState,None,1.00,93.1,0
69.94,FSM Enemy 1,FSM,PatrolState,None,1.00,83.5,0
69.94,FSM Enemy 14,FSM,PatrolState,None,1.00,105.3,0
69.94,Utility Enemy 9,Utility,AttackAction,None,1.00,83.4,0
69.94,Utility Enemy 10,Utility,AttackAction,None,1.00,69.8,0
69.94,Utility Enemy 12,Utility,AttackAction,None,1.00,80.5,0
69.94,Utility Enemy 6,Utility,AttackAction,None,1.00,45.3,0
69.94,Utility Enemy 1,Utility,AttackAction,None,1.00,83.4,0
69.94,Utility Enemy 7,Utility,AttackAction,None,1.00,82.2,0
69.94,Utility Enemy 11,Utility,AttackAction,None,1.00,16.8,0
69.94,Utility Enemy 13,Utility,AttackAction,None,1.00,27.1,0
69.94,Utility Enemy 15,Utility,AttackAction,None,1.00,76.6,0
69.94,Utility Enemy 5,Utility,AttackAction,None,1.00,96.2,0
69.94,Utility Enemy 2,Utility,AttackAction,None,1.00,95.7,0
69.94,Utility Enemy 8,Utility,AttackAction,None,1.00,70.7,0
69.94,Utility Enemy 4,Utility,AttackAction,None,1.00,47.1,0
69.94,Utility Enemy 14,Utility,AttackAction,None,1.00,88.5,0
69.94,Utility Enemy 3,Utility,AttackAction,None,1.00,102.9,0
70.44,Player,Player,-,None,0.89,,0
70.44,FSM Enemy 12,FSM,PatrolState,None,1.00,76.5,0
70.44,FSM Enemy 15,FSM,PatrolState,None,1.00,29.5,0
70.44,FSM Enemy 13,FSM,PatrolState,None,0.90,25.8,0
70.44,FSM Enemy 4,FSM,PatrolState,None,0.40,92.7,0
70.44,FSM Enemy 6,FSM,PatrolState,None,0.45,62.8,0
70.44,FSM Enemy 7,FSM,PatrolState,None,1.00,62.0,0
70.44,FSM Enemy 3,FSM,PatrolState,None,0.70,96.6,0
70.44,FSM Enemy 5,FSM,PatrolState,None,1.00,52.8,0
70.44,FSM Enemy 8,FSM,PatrolState,None,1.00,61.1,0
70.44,FSM Enemy 9,FSM,PatrolState,None,1.00,66.9,0
70.44,FSM Enemy 11,FSM,PatrolState,None,1.00,16.2,0
70.44,FSM Enemy 2,FSM,PatrolState,None,1.00,117.2,0
70.44,FSM Enemy 10,FSM,PatrolState,None,1.00,94.2,0
70.44,FSM Enemy 1,FSM,PatrolState,None,1.00,84.1,0
70.44,FSM Enemy 14,FSM,PatrolState,None,1.00,105.2,0
70.44,Utility Enemy 9,Utility,AttackAction,None,1.00,83.4,0
70.44,Utility Enemy 10,Utility,AttackAction,None,1.00,69.8,0
70.44,Utility Enemy 12,Utility,AttackAction,None,1.00,80.5,0
70.44,Utility Enemy 6,Utility,AttackAction,None,1.00,45.3,0
70.44,Utility Enemy 1,Utility,AttackAction,None,1.00,83.4,0
70.44,Utility Enemy 7,Utility,AttackAction,None,1.00,82.2,0
70.44,Utility Enemy 11,Utility,AttackAction,None,1.00,16.8,0
70.44,Utility Enemy 13,Utility,AttackAction,None,1.00,27.1,0
70.44,Utility Enemy 15,Utility,AttackAction,None,1.00,76.6,0
70.44,Utility Enemy 5,Utility,AttackAction,None,1.00,96.2,0
70.44,Utility Enemy 2,Utility,AttackAction,None,1.00,95.7,0
70.44,Utility Enemy 8,Utility,AttackAction,None,1.00,70.7,0
70.44,Utility Enemy 4,Utility,AttackAction,None,1.00,47.1,0
70.44,Utility Enemy 14,Utility,AttackAction,None,1.00,88.5,0
70.44,Utility Enemy 3,Utility,AttackAction,None,1.00,102.9,0
70.94,Player,Player,-,None,0.89,,0
70.94,FSM Enemy 12,FSM,PatrolState,None,1.00,77.6,0
70.94,FSM Enemy 15,FSM,PatrolState,None,1.00,30.0,0
70.94,FSM Enemy 13,FSM,PatrolState,None,0.90,26.9,0
70.94,FSM Enemy 4,FSM,PatrolState,None,0.40,93.1,0
70.94,FSM Enemy 6,FSM,PatrolState,None,0.45,62.7,0
70.94,FSM Enemy 7,FSM,PatrolState,None,1.00,60.8,0
70.94,FSM Enemy 3,FSM,PatrolState,None,0.70,95.4,0
70.94,FSM Enemy 5,FSM,PatrolState,None,1.00,53.9,0
70.94,FSM Enemy 8,FSM,PatrolState,None,1.00,62.3,0
70.94,FSM Enemy 9,FSM,PatrolState,None,1.00,68.1,0
70.94,FSM Enemy 11,FSM,PatrolState,None,1.00,16.5,0
70.94,FSM Enemy 2,FSM,PatrolState,None,1.00,116.0,0
70.94,FSM Enemy 10,FSM,PatrolState,None,1.00,95.3,0
70.94,FSM Enemy 1,FSM,PatrolState,None,1.00,84.7,0
70.94,FSM Enemy 14,FSM,PatrolState,None,1.00,105.3,0
70.94,Utility Enemy 9,Utility,AttackAction,None,1.00,83.4,0
70.94,Utility Enemy 10,Utility,AttackAction,None,1.00,69.8,0
70.94,Utility Enemy 12,Utility,AttackAction,None,1.00,80.5,0
70.94,Utility Enemy 6,Utility,AttackAction,None,1.00,45.3,0
70.94,Utility Enemy 1,Utility,AttackAction,None,1.00,83.4,0
70.94,Utility Enemy 7,Utility,AttackAction,None,1.00,82.2,0
70.94,Utility Enemy 11,Utility,AttackAction,None,1.00,16.8,0
70.94,Utility Enemy 13,Utility,AttackAction,None,1.00,27.1,0
70.94,Utility Enemy 15,Utility,AttackAction,None,1.00,76.6,0
70.94,Utility Enemy 5,Utility,AttackAction,None,1.00,96.2,0
70.94,Utility Enemy 2,Utility,AttackAction,None,1.00,95.7,0
70.94,Utility Enemy 8,Utility,AttackAction,None,1.00,70.7,0
70.94,Utility Enemy 4,Utility,AttackAction,None,1.00,47.1,0
70.94,Utility Enemy 14,Utility,AttackAction,None,1.00,88.5,0
70.94,Utility Enemy 3,Utility,AttackAction,None,1.00,102.9,0
71.45,Player,Player,-,None,0.89,,0
71.45,FSM Enemy 12,FSM,PatrolState,None,1.00,78.8,0
71.45,FSM Enemy 15,FSM,PatrolState,None,1.00,30.6,0
71.45,FSM Enemy 13,FSM,PatrolState,None,0.90,28.0,0
71.45,FSM Enemy 4,FSM,PatrolState,None,0.40,93.6,0
71.45,FSM Enemy 6,FSM,PatrolState,None,0.45,62.6,0
71.45,FSM Enemy 7,FSM,PatrolState,None,1.00,59.6,0
71.45,FSM Enemy 3,FSM,PatrolState,None,0.70,94.2,0
71.45,FSM Enemy 5,FSM,PatrolState,None,1.00,55.0,0
71.45,FSM Enemy 8,FSM,PatrolState,None,1.00,63.5,0
71.45,FSM Enemy 9,FSM,PatrolState,None,1.00,69.4,0
71.45,FSM Enemy 11,FSM,PatrolState,None,1.00,16.8,0
71.45,FSM Enemy 2,FSM,PatrolState,None,1.00,114.9,0
71.45,FSM Enemy 10,FSM,PatrolState,None,1.00,95.7,0
71.45,FSM Enemy 1,FSM,PatrolState,None,1.00,85.4,0
71.45,FSM Enemy 14,FSM,PatrolState,None,1.00,105.9,0
71.45,Utility Enemy 9,Utility,AttackAction,None,1.00,83.4,0
71.45,Utility Enemy 10,Utility,AttackAction,None,1.00,69.8,0
71.45,Utility Enemy 12,Utility,AttackAction,None,1.00,80.5,0
71.45,Utility Enemy 6,Utility,AttackAction,None,1.00,45.3,0
71.45,Utility Enemy 1,Utility,AttackAction,None,1.00,83.4,0
71.45,Utility Enemy 7,Utility,AttackAction,None,1.00,82.2,0
71.45,Utility Enemy 11,Utility,AttackAction,None,1.00,16.8,0
71.45,Utility Enemy 13,Utility,AttackAction,None,1.00,27.1,0
71.45,Utility Enemy 15,Utility,AttackAction,None,1.00,76.6,0
71.45,Utility Enemy 5,Utility,AttackAction,None,1.00,96.2,0
71.45,Utility Enemy 2,Utility,AttackAction,None,1.00,95.7,0
71.45,Utility Enemy 8,Utility,AttackAction,None,1.00,70.7,0
71.45,Utility Enemy 4,Utility,AttackAction,None,1.00,47.1,0
71.45,Utility Enemy 14,Utility,AttackAction,None,1.00,88.5,0
71.45,Utility Enemy 3,Utility,AttackAction,None,1.00,102.9,0
71.95,Player,Player,-,None,0.89,,0
71.95,FSM Enemy 12,FSM,PatrolState,None,1.00,79.9,0
71.95,FSM Enemy 15,FSM,PatrolState,None,1.00,31.2,0
71.95,FSM Enemy 13,FSM,PatrolState,None,0.90,29.2,0
71.95,FSM Enemy 4,FSM,PatrolState,None,0.40,94.0,0
71.95,FSM Enemy 6,FSM,PatrolState,None,0.45,62.5,0
71.95,FSM Enemy 7,FSM,PatrolState,None,1.00,58.4,0
71.95,FSM Enemy 3,FSM,PatrolState,None,0.70,93.0,0
71.95,FSM Enemy 5,FSM,PatrolState,None,1.00,56.1,0
71.95,FSM Enemy 8,FSM,PatrolState,None,1.00,64.7,0
71.95,FSM Enemy 9,FSM,PatrolState,None,1.00,69.1,0
71.95,FSM Enemy 11,FSM,PatrolState,None,1.00,17.2,0
71.95,FSM Enemy 2,FSM,PatrolState,None,1.00,113.7,0
71.95,FSM Enemy 10,FSM,PatrolState,None,1.00,95.8,0
71.95,FSM Enemy 1,FSM,PatrolState,None,1.00,86.0,0
71.95,FSM Enemy 14,FSM,PatrolState,None,1.00,106.6,0
71.95,Utility Enemy 9,Utility,AttackAction,None,1.00,83.4,0
71.95,Utility Enemy 10,Utility,AttackAction,None,1.00,69.8,0
71.95,Utility Enemy 12,Utility,AttackAction,None,1.00,80.5,0
71.95,Utility Enemy 6,Utility,AttackAction,None,1.00,45.3,0
71.95,Utility Enemy 1,Utility,AttackAction,None,1.00,83.4,0
71.95,Utility Enemy 7,Utility,AttackAction,None,1.00,82.2,0
71.95,Utility Enemy 11,Utility,AttackAction,None,1.00,16.8,0
71.95,Utility Enemy 13,Utility,AttackAction,None,1.00,27.1,0
71.95,Utility Enemy 15,Utility,AttackAction,None,1.00,76.6,0
71.95,Utility Enemy 5,Utility,AttackAction,None,1.00,96.2,0
71.95,Utility Enemy 2,Utility,AttackAction,None,1.00,95.7,0
71.95,Utility Enemy 8,Utility,AttackAction,None,1.00,70.7,0
71.95,Utility Enemy 4,Utility,AttackAction,None,1.00,47.1,0
71.95,Utility Enemy 14,Utility,AttackAction,None,1.00,88.5,0
71.95,Utility Enemy 3,Utility,AttackAction,None,1.00,102.9,0
72.45,Player,Player,-,None,0.89,,0
72.45,FSM Enemy 12,FSM,PatrolState,None,1.00,81.0,0
72.45,FSM Enemy 15,FSM,PatrolState,None,1.00,31.9,0
72.45,FSM Enemy 13,FSM,PatrolState,None,0.90,30.3,0
72.45,FSM Enemy 4,FSM,PatrolState,None,0.40,94.1,0
72.45,FSM Enemy 6,FSM,PatrolState,None,0.45,62.4,0
72.45,FSM Enemy 7,FSM,PatrolState,None,1.00,57.3,0
72.45,FSM Enemy 3,FSM,PatrolState,None,0.70,91.8,0
72.45,FSM Enemy 5,FSM,PatrolState,None,1.00,57.2,0
72.45,FSM Enemy 8,FSM,PatrolState,None,1.00,65.4,0
72.45,FSM Enemy 9,FSM,PatrolState,None,1.00,68.1,0
72.45,FSM Enemy 11,FSM,PatrolState,None,1.00,17.5,0
72.45,FSM Enemy 2,FSM,PatrolState,None,1.00,112.5,0
72.45,FSM Enemy 10,FSM,PatrolState,None,1.00,95.8,0
72.45,FSM Enemy 1,FSM,PatrolState,None,1.00,86.7,0
72.45,FSM Enemy 14,FSM,PatrolState,None,1.00,107.3,0
72.45,Utility Enemy 9,Utility,AttackAction,None,1.00,83.4,0
72.45,Utility Enemy 10,Utility,AttackAction,None,1.00,69.8,0
72.45,Utility Enemy 12,Utility,AttackAction,None,1.00,80.5,0
72.45,Utility Enemy 6,Utility,AttackAction,None,1.00,45.3,0
72.45,Utility Enemy 1,Utility,AttackAction,None,1.00,83.4,0
72.45,Utility Enemy 7,Utility,AttackAction,None,1.00,82.2,0
72.45,Utility Enemy 11,Utility,AttackAction,None,1.00,16.8,0
72.45,Utility Enemy 13,Utility,AttackAction,None,1.00,27.1,0
72.45,Utility Enemy 15,Utility,AttackAction,None,1.00,76.6,0
72.45,Utility Enemy 5,Utility,AttackAction,None,1.00,96.2,0
72.45,Utility Enemy 2,Utility,AttackAction,None,1.00,95.7,0
72.45,Utility Enemy 8,Utility,AttackAction,None,1.00,70.7,0
72.45,Utility Enemy 4,Utility,AttackAction,None,1.00,47.1,0
72.45,Utility Enemy 14,Utility,AttackAction,None,1.00,88.5,0
72.45,Utility Enemy 3,Utility,AttackAction,None,1.00,102.9,0
72.95,Player,Player,-,None,0.89,,0
72.95,FSM Enemy 12,FSM,PatrolState,None,1.00,80.6,0
72.95,FSM Enemy 15,FSM,PatrolState,None,1.00,32.5,0
72.95,FSM Enemy 13,FSM,PatrolState,None,0.90,31.4,0
72.95,FSM Enemy 4,FSM,PatrolState,None,0.40,94.0,0
72.95,FSM Enemy 6,FSM,PatrolState,None,0.45,62.3,0
72.95,FSM Enemy 7,FSM,PatrolState,None,1.00,56.0,0
72.95,FSM Enemy 3,FSM,PatrolState,None,0.70,90.6,0
72.95,FSM Enemy 5,FSM,PatrolState,None,1.00,58.1,0
72.95,FSM Enemy 8,FSM,PatrolState,None,1.00,65.9,0
72.95,FSM Enemy 9,FSM,PatrolState,None,1.00,67.0,0
72.95,FSM Enemy 11,FSM,PatrolState,None,1.00,16.7,0
72.95,FSM Enemy 2,FSM,PatrolState,None,1.00,112.8,0
72.95,FSM Enemy 10,FSM,PatrolState,None,1.00,95.8,0
72.95,FSM Enemy 1,FSM,PatrolState,None,1.00,87.3,0
72.95,FSM Enemy 14,FSM,PatrolState,None,1.00,107.8,0
72.95,Utility Enemy 9,Utility,AttackAction,None,1.00,83.3,0
72.95,Utility Enemy 10,Utility,AttackAction,None,1.00,69.7,0
72.95,Utility Enemy 12,Utility,AttackAction,None,1.00,80.4,0
72.95,Utility Enemy 6,Utility,AttackAction,None,1.00,45.2,0
72.95,Utility Enemy 1,Utility,AttackAction,None,1.00,83.2,0
72.95,Utility Enemy 7,Utility,AttackAction,None,1.00,82.2,0
72.95,Utility Enemy 11,Utility,AttackAction,None,1.00,16.7,0
72.95,Utility Enemy 13,Utility,AttackAction,None,1.00,27.1,0
72.95,Utility Enemy 15,Utility,AttackAction,None,1.00,76.5,0
72.95,Utility Enemy 5,Utility,AttackAction,None,1.00,96.1,0
72.95,Utility Enemy 2,Utility,AttackAction,None,1.00,95.6,0
72.95,Utility Enemy 8,Utility,AttackAction,None,1.00,70.7,0
72.95,Utility Enemy 4,Utility,AttackAction,None,1.00,47.0,0
72.95,Utility Enemy 14,Utility,AttackAction,None,1.00,88.4,0
72.95,Utility Enemy 3,Utility,AttackAction,None,1.00,102.8,0
73.45,Player,Player,-,None,0.89,,0
73.45,FSM Enemy 12,FSM,PatrolState,None,1.00,80.9,0
73.45,FSM Enemy 15,FSM,PatrolState,None,1.00,32.3,0
73.45,FSM Enemy 13,FSM,PatrolState,None,0.90,30.2,0
73.45,FSM Enemy 4,FSM,PatrolState,None,0.40,94.0,0
73.45,FSM Enemy 6,FSM,PatrolState,None,0.45,64.1,0
73.45,FSM Enemy 7,FSM,PatrolState,None,1.00,52.8,0
73.45,FSM Enemy 3,FSM,PatrolState,None,0.70,87.5,0
73.45,FSM Enemy 5,FSM,PatrolState,None,1.00,54.7,0
73.45,FSM Enemy 8,FSM,PatrolState,None,1.00,65.2,0
73.45,FSM Enemy 9,FSM,PatrolState,None,1.00,65.3,0
73.45,FSM Enemy 11,FSM,PatrolState,None,1.00,14.4,0
73.45,FSM Enemy 2,FSM,PatrolState,None,1.00,112.9,0
73.45,FSM Enemy 10,FSM,PatrolState,None,1.00,94.6,0
73.45,FSM Enemy 1,FSM,PatrolState,None,1.00,85.5,0
73.45,FSM Enemy 14,FSM,PatrolState,None,1.00,107.7,0
73.45,Utility Enemy 9,Utility,AttackAction,None,1.00,83.8,0
73.45,Utility Enemy 10,Utility,AttackAction,None,1.00,70.7,0
73.45,Utility Enemy 12,Utility,AttackAction,None,1.00,80.9,0
73.45,Utility Enemy 6,Utility,AttackAction,None,1.00,42.8,0
73.45,Utility Enemy 1,Utility,AttackAction,None,1.00,81.0,0
73.45,Utility Enemy 7,Utility,AttackAction,None,1.00,83.2,0
73.45,Utility Enemy 11,Utility,AttackAction,None,1.00,17.2,0
73.45,Utility Enemy 13,Utility,AttackAction,None,1.00,24.9,0
73.45,Utility Enemy 15,Utility,AttackAction,None,1.00,74.1,0
73.45,Utility Enemy 5,Utility,AttackAction,None,1.00,94.2,0
73.45,Utility Enemy 2,Utility,AttackAction,None,1.00,94.0,0
73.45,Utility Enemy 8,Utility,AttackAction,None,1.00,68.2,0
73.45,Utility Enemy 4,Utility,AttackAction,None,1.00,44.6,0
73.45,Utility Enemy 14,Utility,AttackAction,None,1.00,88.5,0
73.45,Utility Enemy 3,Utility,AttackAction,None,1.00,102.2,0
73.96,Player,Player,-,None,0.89,,0
73.96,FSM Enemy 12,FSM,PatrolState,None,1.00,81.6,0
73.96,FSM Enemy 15,FSM,PatrolState,None,1.00,33.8,0
73.96,FSM Enemy 13,FSM,PatrolState,None,0.90,30.9,0
73.96,FSM Enemy 4,FSM,PatrolState,None,0.40,95.0,0
73.96,FSM Enemy 6,FSM,PatrolState,None,0.45,66.4,0
73.96,FSM Enemy 7,FSM,PatrolState,None,1.00,51.8,0
73.96,FSM Enemy 3,FSM,PatrolState,None,0.70,86.4,0
73.96,FSM Enemy 5,FSM,PatrolState,None,1.00,53.1,0
73.96,FSM Enemy 8,FSM,PatrolState,None,1.00,66.3,0
73.96,FSM Enemy 9,FSM,PatrolState,None,1.00,65.1,0
73.96,FSM Enemy 11,FSM,PatrolState,None,1.00,13.5,0
73.96,FSM Enemy 2,FSM,PatrolState,None,1.00,114.7,0
73.96,FSM Enemy 10,FSM,PatrolState,None,1.00,95.2,0
73.96,FSM Enemy 1,FSM,PatrolState,None,1.00,85.8,0
73.96,FSM Enemy 14,FSM,PatrolState,None,1.00,109.2,0
73.96,Utility Enemy 9,Utility,AttackAction,None,1.00,84.9,0
73.96,Utility Enemy 10,Utility,AttackAction,None,1.00,72.0,0
73.96,Utility Enemy 12,Utility,AttackAction,None,1.00,82.1,0
73.96,Utility Enemy 6,Utility,AttackAction,None,1.00,42.6,0
73.96,Utility Enemy 1,Utility,AttackAction,None,1.00,80.9,0
73.96,Utility Enemy 7,Utility,AttackAction,None,1.00,84.4,0
73.96,Utility Enemy 11,Utility,AttackAction,None,1.00,18.1,0
73.96,Utility Enemy 13,Utility,AttackAction,None,1.00,24.6,0
73.96,Utility Enemy 15,Utility,AttackAction,None,1.00,73.9,0
73.96,Utility Enemy 5,Utility,AttackAction,None,1.00,94.4,0
73.96,Utility Enemy 2,Utility,AttackAction,None,1.00,94.5,0
73.96,Utility Enemy 8,Utility,AttackAction,None,1.00,67.9,0
73.96,Utility Enemy 4,Utility,AttackAction,None,1.00,44.3,0
73.96,Utility Enemy 14,Utility,AttackAction,None,1.00,89.5,0
73.96,Utility Enemy 3,Utility,AttackAction,None,1.00,103.1,0
74.47,Player,Player,-,None,0.89,,0
74.47,FSM Enemy 12,FSM,PatrolState,None,1.00,81.8,0
74.47,FSM Enemy 15,FSM,PatrolState,None,1.00,35.8,0
74.47,FSM Enemy 13,FSM,PatrolState,None,0.90,32.0,0
74.47,FSM Enemy 4,FSM,PatrolState,None,0.40,95.7,0
74.47,FSM Enemy 6,FSM,PatrolState,None,0.45,68.1,0
74.47,FSM Enemy 7,FSM,PatrolState,None,1.00,51.9,0
74.47,FSM Enemy 3,FSM,PatrolState,None,0.70,86.7,0
74.47,FSM Enemy 5,FSM,PatrolState,None,1.00,52.9,0
74.47,FSM Enemy 8,FSM,PatrolState,None,1.00,68.2,0
74.47,FSM Enemy 9,FSM,PatrolState,None,1.00,65.3,0
74.47,FSM Enemy 11,FSM,PatrolState,None,1.00,13.4,0
74.47,FSM Enemy 2,FSM,PatrolState,None,1.00,117.2,0
74.47,FSM Enemy 10,FSM,PatrolState,None,1.00,96.6,0
74.47,FSM Enemy 1,FSM,PatrolState,None,1.00,87.5,0
74.47,FSM Enemy 14,FSM,PatrolState,None,1.00,111.1,0
74.47,Utility Enemy 9,Utility,AttackAction,None,1.00,85.8,0
74.47,Utility Enemy 10,Utility,AttackAction,None,1.00,72.7,0
74.47,Utility Enemy 12,Utility,AttackAction,None,1.00,83.0,0
74.47,Utility Enemy 6,Utility,AttackAction,None,1.00,43.6,0
74.47,Utility Enemy 1,Utility,AttackAction,None,1.00,82.1,0
74.47,Utility Enemy 7,Utility,AttackAction,None,1.00,85.1,0
74.47,Utility Enemy 11,Utility,AttackAction,None,1.00,18.7,0
74.47,Utility Enemy 13,Utility,AttackAction,None,1.00,25.5,0
74.47,Utility Enemy 15,Utility,AttackAction,None,1.00,75.0,0
74.47,Utility Enemy 5,Utility,AttackAction,None,1.00,95.6,0
74.47,Utility Enemy 2,Utility,AttackAction,None,1.00,95.7,0
74.47,Utility Enemy 8,Utility,AttackAction,None,1.00,68.9,0
74.47,Utility Enemy 4,Utility,AttackAction,None,1.00,45.3,0
74.47,Utility Enemy 14,Utility,AttackAction,None,1.00,90.5,0
74.47,Utility Enemy 3,Utility,AttackAction,None,1.00,104.3,0
74.97,Player,Player,-,None,0.89,,0
74.97,FSM Enemy 12,FSM,PatrolState,None,1.00,81.4,0
74.97,FSM Enemy 15,FSM,PatrolState,None,1.00,37.1,0
74.97,FSM Enemy 13,FSM,PatrolState,None,0.90,31.3,0
74.97,FSM Enemy 4,FSM,PatrolState,None,0.40,94.8,0
74.97,FSM Enemy 6,FSM,PatrolState,None,0.45,69.2,0
74.97,FSM Enemy 7,FSM,PatrolState,None,1.00,51.2,0
74.97,FSM Enemy 3,FSM,PatrolState,None,0.70,88.1,0
74.97,FSM Enemy 5,FSM,PatrolState,None,1.00,52.6,0
74.97,FSM Enemy 8,FSM,PatrolState,None,1.00,69.4,0
74.97,FSM Enemy 9,FSM,PatrolState,None,1.00,64.6,0
74.97,FSM Enemy 11,FSM,PatrolState,None,1.00,13.8,0
74.97,FSM Enemy 2,FSM,PatrolState,None,1.00,118.9,0
74.97,FSM Enemy 10,FSM,PatrolState,None,1.00,97.1,0
74.97,FSM Enemy 1,FSM,PatrolState,None,1.00,88.7,0
74.97,FSM Enemy 14,FSM,PatrolState,None,1.00,111.1,0
74.97,Utility Enemy 9,Utility,AttackAction,None,1.00,86.0,0
74.97,Utility Enemy 10,Utility,AttackAction,None,1.00,72.8,0
74.97,Utility Enemy 12,Utility,AttackAction,None,1.00,83.1,0
74.97,Utility Enemy 6,Utility,AttackAction,None,1.00,44.1,0
74.97,Utility Enemy 1,Utility,AttackAction,None,1.00,82.6,0
74.97,Utility Enemy 7,Utility,AttackAction,None,1.00,85.2,0
74.97,Utility Enemy 11,Utility,AttackAction,None,1.00,18.8,0
74.97,Utility Enemy 13,Utility,AttackAction,None,1.00,25.9,0
74.97,Utility Enemy 15,Utility,AttackAction,None,1.00,75.4,0
74.97,Utility Enemy 5,Utility,AttackAction,None,1.00,96.1,0
74.97,Utility Enemy 2,Utility,AttackAction,None,1.00,96.1,0
74.97,Utility Enemy 8,Utility,AttackAction,None,1.00,69.3,0
74.97,Utility Enemy 4,Utility,AttackAction,None,1.00,45.7,0
74.97,Utility Enemy 14,Utility,AttackAction,None,1.00,90.8,0
74.97,Utility Enemy 3,Utility,AttackAction,None,1.00,104.6,0
75.47,Player,Player,-,None,0.89,,0
75.47,FSM Enemy 12,FSM,PatrolState,None,1.00,81.0,0
75.47,FSM Enemy 15,FSM,PatrolState,None,1.00,37.7,0
75.47,FSM Enemy 13,FSM,PatrolState,None,0.90,30.1,0
75.47,FSM Enemy 4,FSM,PatrolState,None,0.40,93.6,0
75.47,FSM Enemy 6,FSM,PatrolState,None,0.45,70.2,0
75.47,FSM Enemy 7,FSM,PatrolState,None,1.00,50.1,0
75.47,FSM Enemy 3,FSM,PatrolState,None,0.70,89.3,0
75.47,FSM Enemy 5,FSM,PatrolState,None,1.00,52.9,0
75.47,FSM Enemy 8,FSM,PatrolState,None,1.00,68.6,0
75.47,FSM Enemy 9,FSM,PatrolState,None,1.00,63.6,0
75.47,FSM Enemy 11,FSM,PatrolState,None,1.00,14.1,0
75.47,FSM Enemy 2,FSM,PatrolState,None,1.00,119.5,0
75.47,FSM Enemy 10,FSM,PatrolState,None,1.00,96.5,0
75.47,FSM Enemy 1,FSM,PatrolState,None,1.00,88.2,0
75.47,FSM Enemy 14,FSM,PatrolState,None,1.00,111.0,0
75.47,Utility Enemy 9,Utility,AttackAction,None,1.00,86.0,0
75.47,Utility Enemy 10,Utility,AttackAction,None,1.00,72.8,0
75.47,Utility Enemy 12,Utility,AttackAction,None,1.00,83.1,0
75.47,Utility Enemy 6,Utility,AttackAction,None,1.00,44.0,0
75.47,Utility Enemy 1,Utility,AttackAction,None,1.00,82.6,0
75.47,Utility Enemy 7,Utility,AttackAction,None,1.00,85.2,0
75.47,Utility Enemy 11,Utility,AttackAction,None,1.00,18.8,0
75.47,Utility Enemy 13,Utility,AttackAction,None,1.00,25.9,0
75.47,Utility Enemy 15,Utility,AttackAction,None,1.00,75.4,0
75.47,Utility Enemy 5,Utility,AttackAction,None,1.00,96.1,0
75.47,Utility Enemy 2,Utility,AttackAction,None,1.00,96.1,0
75.47,Utility Enemy 8,Utility,AttackAction,None,1.00,69.3,0
75.47,Utility Enemy 4,Utility,AttackAction,None,1.00,45.7,0
75.47,Utility Enemy 14,Utility,AttackAction,None,1.00,90.8,0
75.47,Utility Enemy 3,Utility,AttackAction,None,1.00,104.6,0
75.98,Player,Player,-,None,0.89,,0
75.98,FSM Enemy 12,FSM,PatrolState,None,1.00,80.5,0
75.98,FSM Enemy 15,FSM,PatrolState,None,1.00,36.6,0
75.98,FSM Enemy 13,FSM,PatrolState,None,0.90,29.0,0
75.98,FSM Enemy 4,FSM,PatrolState,None,0.40,92.4,0
75.98,FSM Enemy 6,FSM,PatrolState,None,0.45,70.9,0
75.98,FSM Enemy 7,FSM,PatrolState,None,1.00,49.0,0
75.98,FSM Enemy 3,FSM,PatrolState,None,0.70,90.5,0
75.98,FSM Enemy 5,FSM,PatrolState,None,1.00,53.3,0
75.98,FSM Enemy 8,FSM,PatrolState,None,1.00,67.4,0
75.98,FSM Enemy 9,FSM,PatrolState,None,1.00,62.7,0
75.98,FSM Enemy 11,FSM,PatrolState,None,1.00,14.6,0
75.98,FSM Enemy 2,FSM,PatrolState,None,1.00,119.8,0
75.98,FSM Enemy 10,FSM,PatrolState,None,1.00,95.6,0
75.98,FSM Enemy 1,FSM,PatrolState,None,1.00,87.2,0
75.98,FSM Enemy 14,FSM,PatrolState,None,1.00,110.8,0
75.98,Utility Enemy 9,Utility,AttackAction,None,1.00,86.0,0
75.98,Utility Enemy 10,Utility,AttackAction,None,1.00,72.8,0
75.98,Utility Enemy 12,Utility,AttackAction,None,1.00,83.1,0
75.98,Utility Enemy 6,Utility,AttackAction,None,1.00,44.0,0
75.98,Utility Enemy 1,Utility,AttackAction,None,1.00,82.5,0
75.98,Utility Enemy 7,Utility,AttackAction,None,1.00,85.2,0
75.98,Utility Enemy 11,Utility,AttackAction,None,1.00,18.8,0
75.98,Utility Enemy 13,Utility,AttackAction,None,1.00,25.9,0
75.98,Utility Enemy 15,Utility,AttackAction,None,1.00,75.4,0
75.98,Utility Enemy 5,Utility,AttackAction,None,1.00,96.1,0
75.98,Utility Enemy 2,Utility,AttackAction,None,1.00,96.1,0
75.98,Utility Enemy 8,Utility,AttackAction,None,1.00,69.3,0
75.98,Utility Enemy 4,Utility,AttackAction,None,1.00,45.7,0
75.98,Utility Enemy 14,Utility,AttackAction,None,1.00,90.8,0
75.98,Utility Enemy 3,Utility,AttackAction,None,1.00,104.6,0
76.48,Player,Player,-,None,0.89,,0
76.48,FSM Enemy 12,FSM,PatrolState,None,1.00,80.1,0
76.48,FSM Enemy 15,FSM,PatrolState,None,1.00,35.4,0
76.48,FSM Enemy 13,FSM,PatrolState,None,0.90,27.8,0
76.48,FSM Enemy 4,FSM,PatrolState,None,0.40,91.6,0
76.48,FSM Enemy 6,FSM,PatrolState,None,0.45,71.5,0
76.48,FSM Enemy 7,FSM,PatrolState,None,1.00,47.9,0
76.48,FSM Enemy 3,FSM,PatrolState,None,0.70,91.6,0
76.48,FSM Enemy 5,FSM,PatrolState,None,1.00,53.7,0
76.48,FSM Enemy 8,FSM,PatrolState,None,1.00,66.1,0
76.48,FSM Enemy 9,FSM,PatrolState,None,1.00,61.7,0
76.48,FSM Enemy 11,FSM,PatrolState,None,1.00,15.1,0
76.48,FSM Enemy 2,FSM,PatrolState,None,1.00,120.2,0
76.48,FSM Enemy 10,FSM,PatrolState,None,1.00,94.6,0
76.48,FSM Enemy 1,FSM,PatrolState,None,1.00,86.0,0
76.48,FSM Enemy 14,FSM,PatrolState,None,1.00,110.4,0
76.48,Utility Enemy 9,Utility,AttackAction,None,1.00,86.0,0
76.48,Utility Enemy 10,Utility,AttackAction,None,1.00,72.8,0
76.48,Utility Enemy 12,Utility,AttackAction,None,1.00,83.2,0
76.48,Utility Enemy 6,Utility,AttackAction,None,1.00,44.0,0
76.48,Utility Enemy 1,Utility,AttackAction,None,1.00,82.5,0
76.48,Utility Enemy 7,Utility,AttackAction,None,1.00,85.2,0
76.48,Utility Enemy 11,Utility,AttackAction,None,1.00,18.8,0
76.48,Utility Enemy 13,Utility,AttackAction,None,1.00,25.9,0
76.48,Utility Enemy 15,Utility,AttackAction,None,1.00,75.3,0
76.48,Utility Enemy 5,Utility,AttackAction,None,1.00,96.1,0
76.48,Utility Enemy 2,Utility,AttackAction,None,1.00,96.1,0
76.48,Utility Enemy 8,Utility,AttackAction,None,1.00,69.3,0
76.48,Utility Enemy 4,Utility,AttackAction,None,1.00,45.7,0
76.48,Utility Enemy 14,Utility,AttackAction,None,1.00,90.8,0
76.48,Utility Enemy 3,Utility,AttackAction,None,1.00,104.6,0
76.98,Player,Player,-,WallDisappear,0.89,,0
76.98,FSM Enemy 12,FSM,ChaseState,WallDisappear,1.00,79.8,0
76.98,FSM Enemy 15,FSM,ChaseState,WallDisappear,1.00,34.4,0
76.98,FSM Enemy 13,FSM,ChaseState,WallDisappear,0.90,27.0,0
76.98,FSM Enemy 4,FSM,ChaseState,WallDisappear,0.40,90.7,0
76.98,FSM Enemy 6,FSM,ChaseState,WallDisappear,0.35,71.2,0
76.98,FSM Enemy 7,FSM,ChaseState,WallDisappear,1.00,47.0,0
76.98,FSM Enemy 3,FSM,ChaseState,WallDisappear,0.70,92.1,0
76.98,FSM Enemy 5,FSM,ChaseState,WallDisappear,1.00,53.9,0
76.98,FSM Enemy 8,FSM,ChaseState,WallDisappear,1.00,64.6,0
76.98,FSM Enemy 9,FSM,ChaseState,WallDisappear,1.00,60.3,0
76.98,FSM Enemy 11,FSM,ChaseState,WallDisappear,1.00,15.3,0
76.98,FSM Enemy 2,FSM,ChaseState,WallDisappear,1.00,120.1,0
76.98,FSM Enemy 10,FSM,ChaseState,WallDisappear,1.00,93.7,0
76.98,FSM Enemy 1,FSM,ChaseState,WallDisappear,1.00,85.2,0
76.98,FSM Enemy 14,FSM,ChaseState,WallDisappear,1.00,109.8,0
76.98,Utility Enemy 9,Utility,ChaseAction,WallDisappear,1.00,86.0,0
76.98,Utility Enemy 10,Utility,ChaseAction,WallDisappear,1.00,72.7,0
76.98,Utility Enemy 12,Utility,ChaseAction,WallDisappear,1.00,83.1,0
76.98,Utility Enemy 6,Utility,ChaseAction,WallDisappear,1.00,44.0,0
76.98,Utility Enemy 1,Utility,ChaseAction,WallDisappear,1.00,82.4,0
76.98,Utility Enemy 7,Utility,ChaseAction,WallDisappear,1.00,85.2,0
76.98,Utility Enemy 11,Utility,ChaseAction,WallDisappear,1.00,18.8,0
76.98,Utility Enemy 13,Utility,ChaseAction,WallDisappear,1.00,26.0,0
76.98,Utility Enemy 15,Utility,ChaseAction,WallDisappear,1.00,75.3,0
76.98,Utility Enemy 5,Utility,ChaseAction,WallDisappear,1.00,96.0,0
76.98,Utility Enemy 2,Utility,ChaseAction,WallDisappear,1.00,95.9,0
76.98,Utility Enemy 8,Utility,ChaseAction,WallDisappear,1.00,69.2,0
76.98,Utility Enemy 4,Utility,ChaseAction,WallDisappear,1.00,45.7,0
76.98,Utility Enemy 14,Utility,ChaseAction,WallDisappear,1.00,90.6,0
76.98,Utility Enemy 3,Utility,ChaseAction,WallDisappear,1.00,104.5,0
77.49,Player,Player,-,WallDisappear,0.89,,0
77.49,FSM Enemy 12,FSM,ChaseState,WallDisappear,1.00,79.1,0
77.49,FSM Enemy 15,FSM,ChaseState,WallDisappear,1.00,35.6,0
77.49,FSM Enemy 13,FSM,ChaseState,WallDisappear,0.90,25.2,0
77.49,FSM Enemy 4,FSM,ChaseState,WallDisappear,0.40,88.8,0
77.49,FSM Enemy 6,FSM,ChaseState,WallDisappear,0.35,69.5,0
77.49,FSM Enemy 7,FSM,ChaseState,WallDisappear,1.00,44.8,0
77.49,FSM Enemy 3,FSM,ChaseState,WallDisappear,0.70,90.2,0
77.49,FSM Enemy 5,FSM,ChaseState,WallDisappear,1.00,53.3,0
77.49,FSM Enemy 8,FSM,ChaseState,WallDisappear,1.00,62.7,0
77.49,FSM Enemy 9,FSM,ChaseState,WallDisappear,1.00,58.7,0
77.49,FSM Enemy 11,FSM,ChaseState,WallDisappear,1.00,15.6,0
77.49,FSM Enemy 2,FSM,ChaseState,WallDisappear,1.00,118.4,0
77.49,FSM Enemy 10,FSM,ChaseState,WallDisappear,1.00,91.5,0
77.49,FSM Enemy 1,FSM,ChaseState,WallDisappear,1.00,84.2,0
77.49,FSM Enemy 14,FSM,ChaseState,WallDisappear,1.00,107.7,0
77.49,Utility Enemy 9,Utility,ChaseAction,WallDisappear,1.00,84.3,0
77.49,Utility Enemy 10,Utility,ChaseAction,WallDisappear,1.00,71.0,0
77.49,Utility Enemy 12,Utility,ChaseAction,WallDisappear,1.00,81.6,0
77.49,Utility Enemy 6,Utility,ChaseAction,WallDisappear,1.00,43.4,0
77.49,Utility Enemy 1,Utility,ChaseAction,WallDisappear,1.00,81.5,0
77.49,Utility Enemy 7,Utility,ChaseAction,WallDisappear,1.00,84.3,0
77.49,Utility Enemy 11,Utility,ChaseAction,WallDisappear,1.00,17.7,0
77.49,Utility Enemy 13,Utility,ChaseAction,WallDisappear,1.00,27.3,0
77.49,Utility Enemy 15,Utility,ChaseAction,WallDisappear,1.00,74.4,0
77.49,Utility Enemy 5,Utility,ChaseAction,WallDisappear,1.00,94.2,0
77.49,Utility Enemy 2,Utility,ChaseAction,WallDisappear,1.00,94.0,0
77.49,Utility Enemy 8,Utility,ChaseAction,WallDisappear,1.00,68.7,0
77.49,Utility Enemy 4,Utility,ChaseAction,WallDisappear,1.00,46.1,0
77.49,Utility Enemy 14,Utility,ChaseAction,WallDisappear,1.00,89.3,0
77.49,Utility Enemy 3,Utility,ChaseAction,WallDisappear,1.00,102.6,0
77.99,Player,Player,-,WallDisappear,0.89,,0
77.99,FSM Enemy 12,FSM,ChaseState,WallDisappear,1.00,78.5,0
77.99,FSM Enemy 15,FSM,ChaseState,WallDisappear,1.00,37.6,0
77.99,FSM Enemy 13,FSM,ChaseState,WallDisappear,0.90,23.4,0
77.99,FSM Enemy 4,FSM,ChaseState,WallDisappear,0.40,87.0,0
77.99,FSM Enemy 6,FSM,ChaseState,WallDisappear,0.35,67.8,0
77.99,FSM Enemy 7,FSM,ChaseState,WallDisappear,1.00,42.5,0
77.99,FSM Enemy 3,FSM,ChaseState,WallDisappear,0.70,88.1,0
77.99,FSM Enemy 5,FSM,ChaseState,WallDisappear,1.00,52.8,0
77.99,FSM Enemy 8,FSM,ChaseState,WallDisappear,1.00,60.8,0
77.99,FSM Enemy 9,FSM,ChaseState,WallDisappear,1.00,57.3,0
77.99,FSM Enemy 11,FSM,ChaseState,WallDisappear,1.00,15.4,0
77.99,FSM Enemy 2,FSM,ChaseState,WallDisappear,1.00,116.6,0
77.99,FSM Enemy 10,FSM,ChaseState,WallDisappear,1.00,89.2,0
77.99,FSM Enemy 1,FSM,ChaseState,WallDisappear,1.00,82.9,0
77.99,FSM Enemy 14,FSM,ChaseState,WallDisappear,1.00,105.5,0
77.99,Utility Enemy 9,Utility,ChaseAction,WallDisappear,1.00,82.4,0
77.99,Utility Enemy 10,Utility,ChaseAction,WallDisappear,1.00,69.3,0
77.99,Utility Enemy 12,Utility,ChaseAction,WallDisappear,1.00,79.9,0
77.99,Utility Enemy 6,Utility,ChaseAction,WallDisappear,1.00,42.3,0
77.99,Utility Enemy 1,Utility,ChaseAction,WallDisappear,1.00,79.7,0
77.99,Utility Enemy 7,Utility,ChaseAction,WallDisappear,1.00,83.2,0
77.99,Utility Enemy 11,Utility,ChaseAction,WallDisappear,1.00,16.5,0
77.99,Utility Enemy 13,Utility,ChaseAction,WallDisappear,1.00,28.7,0
77.99,Utility Enemy 15,Utility,ChaseAction,WallDisappear,1.00,74.2,0
77.99,Utility Enemy 5,Utility,ChaseAction,WallDisappear,1.00,91.9,0
77.99,Utility Enemy 2,Utility,ChaseAction,WallDisappear,1.00,91.7,0
77.99,Utility Enemy 8,Utility,ChaseAction,WallDisappear,1.00,68.0,0
77.99,Utility Enemy 4,Utility,ChaseAction,WallDisappear,1.00,46.4,0
77.99,Utility Enemy 14,Utility,ChaseAction,WallDisappear,1.00,87.8,0
77.99,Utility Enemy 3,Utility,ChaseAction,WallDisappear,1.00,100.4,0
78.49,Player,Player,-,WallDisappear,0.89,,0
78.49,FSM Enemy 12,FSM,ChaseState,WallDisappear,1.00,77.9,0
78.49,FSM Enemy 15,FSM,ChaseState,WallDisappear,1.00,39.6,0
78.49,FSM Enemy 13,FSM,ChaseState,WallDisappear,0.90,21.7,0
78.49,FSM Enemy 4,FSM,ChaseState,WallDisappear,0.40,85.1,0
78.49,FSM Enemy 6,FSM,ChaseState,WallDisappear,0.35,66.1,0
78.49,FSM Enemy 7,FSM,ChaseState,WallDisappear,1.00,40.4,0
78.49,FSM Enemy 3,FSM,ChaseState,WallDisappear,0.70,86.1,0
78.49,FSM Enemy 5,FSM,ChaseState,WallDisappear,1.00,52.4,0
78.49,FSM Enemy 8,FSM,ChaseState,WallDisappear,1.00,59.1,0
78.49,FSM Enemy 9,FSM,ChaseState,WallDisappear,1.00,58.5,0
78.49,FSM Enemy 11,FSM,ChaseState,WallDisappear,1.00,14.6,0
78.49,FSM Enemy 2,FSM,ChaseState,WallDisappear,1.00,114.9,0
78.49,FSM Enemy 10,FSM,ChaseState,WallDisappear,1.00,87.0,0
78.49,FSM Enemy 1,FSM,ChaseState,WallDisappear,1.00,81.3,0
78.49,FSM Enemy 14,FSM,ChaseState,WallDisappear,1.00,103.4,0
78.49,Utility Enemy 9,Utility,ChaseAction,WallDisappear,1.00,80.4,0
78.49,Utility Enemy 10,Utility,ChaseAction,WallDisappear,1.00,67.6,0
78.49,Utility Enemy 12,Utility,ChaseAction,WallDisappear,1.00,78.2,0
78.49,Utility Enemy 6,Utility,ChaseAction,WallDisappear,1.00,40.3,0
78.49,Utility Enemy 1,Utility,ChaseAction,WallDisappear,1.00,77.8,0
78.49,Utility Enemy 7,Utility,ChaseAction,WallDisappear,1.00,82.2,0
78.49,Utility Enemy 11,Utility,ChaseAction,WallDisappear,1.00,16.2,0
78.49,Utility Enemy 13,Utility,ChaseAction,WallDisappear,1.00,30.3,0
78.49,Utility Enemy 15,Utility,ChaseAction,WallDisappear,1.00,74.2,0
78.49,Utility Enemy 5,Utility,ChaseAction,WallDisappear,1.00,89.7,0
78.49,Utility Enemy 2,Utility,ChaseAction,WallDisappear,1.00,89.6,0
78.49,Utility Enemy 8,Utility,ChaseAction,WallDisappear,1.00,67.5,0
78.49,Utility Enemy 4,Utility,ChaseAction,WallDisappear,1.00,47.0,0
78.49,Utility Enemy 14,Utility,ChaseAction,WallDisappear,1.00,86.3,0
78.49,Utility Enemy 3,Utility,ChaseAction,WallDisappear,1.00,98.3,0
78.99,Player,Player,-,WallDisappear,0.89,,0
78.99,FSM Enemy 12,FSM,ChaseState,WallDisappear,1.00,77.5,0
78.99,FSM Enemy 15,FSM,ChaseState,WallDisappear,1.00,41.1,0
78.99,FSM Enemy 13,FSM,ChaseState,WallDisappear,0.90,19.1,0
78.99,FSM Enemy 4,FSM,ChaseState,WallDisappear,0.40,82.9,0
78.99,FSM Enemy 6,FSM,ChaseState,WallDisappear,0.35,64.7,0
78.99,FSM Enemy 7,FSM,ChaseState,WallDisappear,1.00,37.3,0
78.99,FSM Enemy 3,FSM,ChaseState,WallDisappear,0.70,83.0,0
78.99,FSM Enemy 5,FSM,ChaseState,WallDisappear,1.00,50.9,0
78.99,FSM Enemy 8,FSM,ChaseState,WallDisappear,1.00,57.2,0
78.99,FSM Enemy 9,FSM,ChaseState,WallDisappear,1.00,58.3,0
78.99,FSM Enemy 11,FSM,ChaseState,WallDisappear,1.00,14.4,0
78.99,FSM Enemy 2,FSM,ChaseState,WallDisappear,1.00,111.8,0
78.99,FSM Enemy 10,FSM,ChaseState,WallDisappear,1.00,83.9,0
78.99,FSM Enemy 1,FSM,ChaseState,WallDisappear,1.00,78.0,0
78.99,FSM Enemy 14,FSM,ChaseState,WallDisappear,1.00,100.7,0
78.99,Utility Enemy 9,Utility,ChaseAction,WallDisappear,1.00,78.5,0
78.99,Utility Enemy 10,Utility,ChaseAction,WallDisappear,1.00,66.1,0
78.99,Utility Enemy 12,Utility,ChaseAction,WallDisappear,1.00,76.6,0
78.99,Utility Enemy 6,Utility,ChaseAction,WallDisappear,1.00,36.9,0
78.99,Utility Enemy 1,Utility,ChaseAction,WallDisappear,1.00,74.6,0
78.99,Utility Enemy 7,Utility,ChaseAction,WallDisappear,1.00,81.4,0
78.99,Utility Enemy 11,Utility,ChaseAction,WallDisappear,1.00,16.5,0
78.99,Utility Enemy 13,Utility,ChaseAction,WallDisappear,1.00,30.7,0
78.99,Utility Enemy 15,Utility,ChaseAction,WallDisappear,1.00,72.5,0
78.99,Utility Enemy 5,Utility,ChaseAction,WallDisappear,1.00,86.4,0
78.99,Utility Enemy 2,Utility,ChaseAction,WallDisappear,1.00,86.4,0
78.99,Utility Enemy 8,Utility,ChaseAction,WallDisappear,1.00,65.3,0
78.99,Utility Enemy 4,Utility,ChaseAction,WallDisappear,1.00,46.5,0
78.99,Utility Enemy 14,Utility,ChaseAction,WallDisappear,1.00,84.5,0
78.99,Utility Enemy 3,Utility,ChaseAction,WallDisappear,1.00,95.6,0
79.50,Player,Player,-,WallDisappear,0.89,,0
79.50,FSM Enemy 12,FSM,ChaseState,WallDisappear,1.00,77.1,0
79.50,FSM Enemy 15,FSM,ChaseState,WallDisappear,1.00,43.3,0
79.50,FSM Enemy 13,FSM,ChaseState,WallDisappear,0.90,17.9,0
79.50,FSM Enemy 4,FSM,ChaseState,WallDisappear,0.40,81.2,0
79.50,FSM Enemy 6,FSM,ChaseState,WallDisappear,0.35,63.2,0
79.50,FSM Enemy 7,FSM,ChaseState,WallDisappear,1.00,35.7,0
79.50,FSM Enemy 3,FSM,ChaseState,WallDisappear,0.70,81.1,0
79.50,FSM Enemy 5,FSM,ChaseState,WallDisappear,1.00,50.8,0
79.50,FSM Enemy 8,FSM,ChaseState,WallDisappear,1.00,56.8,0
79.50,FSM Enemy 9,FSM,ChaseState,WallDisappear,1.00,58.4,0
79.50,FSM Enemy 11,FSM,ChaseState,WallDisappear,1.00,14.5,0
79.50,FSM Enemy 2,FSM,ChaseState,WallDisappear,1.00,109.7,0
79.50,FSM Enemy 10,FSM,ChaseState,WallDisappear,1.00,81.7,0
79.50,FSM Enemy 1,FSM,ChaseState,WallDisappear,1.00,76.2,0
79.50,FSM Enemy 14,FSM,ChaseState,WallDisappear,1.00,98.8,0
79.50,Utility Enemy 9,Utility,ChaseAction,WallDisappear,1.00,76.8,0
79.50,Utility Enemy 10,Utility,ChaseAction,WallDisappear,1.00,64.6,0
79.50,Utility Enemy 12,Utility,ChaseAction,WallDisappear,1.00,74.9,0
79.50,Utility Enemy 6,Utility,ChaseAction,WallDisappear,1.00,34.8,0
79.50,Utility Enemy 1,Utility,ChaseAction,WallDisappear,1.00,73.0,0
79.50,Utility Enemy 7,Utility,ChaseAction,WallDisappear,1.00,80.6,0
79.50,Utility Enemy 11,Utility,ChaseAction,WallDisappear,1.00,16.6,0
79.50,Utility Enemy 13,Utility,ChaseAction,WallDisappear,1.00,32.2,0
79.50,Utility Enemy 15,Utility,ChaseAction,WallDisappear,1.00,71.5,0
79.50,Utility Enemy 5,Utility,ChaseAction,WallDisappear,1.00,84.4,0
79.50,Utility Enemy 2,Utility,ChaseAction,WallDisappear,1.00,84.4,0
79.50,Utility Enemy 8,Utility,ChaseAction,WallDisappear,1.00,64.5,0
79.50,Utility Enemy 4,Utility,ChaseAction,WallDisappear,1.00,47.3,0
79.50,Utility Enemy 14,Utility,ChaseAction,WallDisappear,1.00,82.7,0
79.50,Utility Enemy 3,Utility,ChaseAction,WallDisappear,1.00,93.7,0
80.00,Player,Player,-,WallDisappear,0.89,,0
80.00,FSM Enemy 12,FSM,ChaseState,WallDisappear,1.00,76.4,0
80.00,FSM Enemy 15,FSM,ChaseState,WallDisappear,1.00,45.4,0
80.00,FSM Enemy 13,FSM,ChaseState,WallDisappear,0.90,16.9,0
80.00,FSM Enemy 4,FSM,ChaseState,WallDisappear,0.40,79.3,0
80.00,FSM Enemy 6,FSM,ChaseState,WallDisappear,0.35,61.6,0
80.00,FSM Enemy 7,FSM,ChaseState,WallDisappear,1.00,34.5,0
80.00,FSM Enemy 3,FSM,ChaseState,WallDisappear,0.70,79.2,0
80.00,FSM Enemy 5,FSM,ChaseState,WallDisappear,1.00,50.8,0
80.00,FSM Enemy 8,FSM,ChaseState,WallDisappear,1.00,57.8,0
80.00,FSM Enemy 9,FSM,ChaseState,WallDisappear,1.00,58.5,0
80.00,FSM Enemy 11,FSM,ChaseState,WallDisappear,1.00,14.5,0
80.00,FSM Enemy 2,FSM,ChaseState,WallDisappear,1.00,107.5,0
80.00,FSM Enemy 10,FSM,ChaseState,WallDisappear,1.00,79.5,0
80.00,FSM Enemy 1,FSM,ChaseState,WallDisappear,1.00,74.4,0
80.00,FSM Enemy 14,FSM,ChaseState,WallDisappear,1.00,96.8,0
80.00,Utility Enemy 9,Utility,ChaseAction,WallDisappear,1.00,74.8,0
80.00,Utility Enemy 10,Utility,ChaseAction,WallDisappear,1.00,62.9,0
80.00,Utility Enemy 12,Utility,ChaseAction,WallDisappear,1.00,73.1,0
80.00,Utility Enemy 6,Utility,ChaseAction,WallDisappear,1.00,32.8,0
80.00,Utility Enemy 1,Utility,ChaseAction,WallDisappear,1.00,71.7,0
80.00,Utility Enemy 7,Utility,ChaseAction,WallDisappear,1.00,79.7,0
80.00,Utility Enemy 11,Utility,ChaseAction,WallDisappear,1.00,16.6,0
80.00,Utility Enemy 13,Utility,ChaseAction,WallDisappear,1.00,33.1,0
80.00,Utility Enemy 15,Utility,ChaseAction,WallDisappear,1.00,70.4,0
80.00,Utility Enemy 5,Utility,ChaseAction,WallDisappear,1.00,82.3,0
80.00,Utility Enemy 2,Utility,ChaseAction,WallDisappear,1.00,82.3,0
80.00,Utility Enemy 8,Utility,ChaseAction,WallDisappear,1.00,63.7,0
80.00,Utility Enemy 4,Utility,ChaseAction,WallDisappear,1.00,48.0,0
80.00,Utility Enemy 14,Utility,ChaseAction,WallDisappear,1.00,80.8,0
80.00,Utility Enemy 3,Utility,ChaseAction,WallDisappear,1.00,91.5,0
80.50,Player,Player,-,WallDisappear,0.89,,0
80.50,FSM Enemy 12,FSM,ChaseState,WallDisappear,1.00,74.6,0
80.50,FSM Enemy 15,FSM,ChaseState,WallDisappear,1.00,47.4,0
80.50,FSM Enemy 13,FSM,ChaseState,WallDisappear,0.90,16.1,0
80.50,FSM Enemy 4,FSM,ChaseState,WallDisappear,0.40,77.4,0
80.50,FSM Enemy 6,FSM,ChaseState,WallDisappear,0.35,60.1,0
80.50,FSM Enemy 7,FSM,ChaseState,WallDisappear,1.00,33.8,0
80.50,FSM Enemy 3,FSM,ChaseState,WallDisappear,0.70,77.2,0
80.50,FSM Enemy 5,FSM,ChaseState,WallDisappear,1.00,50.9,0
80.50,FSM Enemy 8,FSM,ChaseState,WallDisappear,1.00,57.8,0
80.50,FSM Enemy 9,FSM,ChaseState,WallDisappear,1.00,58.5,0
80.50,FSM Enemy 11,FSM,ChaseState,WallDisappear,1.00,14.5,0
80.50,FSM Enemy 2,FSM,ChaseState,WallDisappear,1.00,105.3,0
80.50,FSM Enemy 10,FSM,ChaseState,WallDisappear,1.00,77.3,0
80.50,FSM Enemy 1,FSM,ChaseState,WallDisappear,1.00,72.7,0
80.50,FSM Enemy 14,FSM,ChaseState,WallDisappear,1.00,94.8,0
80.50,Utility Enemy 9,Utility,ChaseAction,WallDisappear,1.00,72.9,0
80.50,Utility Enemy 10,Utility,ChaseAction,WallDisappear,1.00,61.2,0
80.50,Utility Enemy 12,Utility,ChaseAction,WallDisappear,1.00,71.3,0
80.50,Utility Enemy 6,Utility,ChaseAction,WallDisappear,1.00,30.8,0
80.50,Utility Enemy 1,Utility,ChaseAction,WallDisappear,1.00,70.4,0
80.50,Utility Enemy 7,Utility,ChaseAction,WallDisappear,1.00,78.8,0
80.50,Utility Enemy 11,Utility,ChaseAction,WallDisappear,1.00,16.6,0
80.50,Utility Enemy 13,Utility,ChaseAction,WallDisappear,0.75,33.6,0
80.50,Utility Enemy 15,Utility,ChaseAction,WallDisappear,1.00,69.4,0
80.50,Utility Enemy 5,Utility,ChaseAction,WallDisappear,1.00,80.3,0
80.50,Utility Enemy 2,Utility,ChaseAction,WallDisappear,1.00,80.2,0
80.50,Utility Enemy 8,Utility,ChaseAction,WallDisappear,1.00,63.0,0
80.50,Utility Enemy 4,Utility,ChaseAction,WallDisappear,1.00,48.9,0
80.50,Utility Enemy 14,Utility,ChaseAction,WallDisappear,1.00,79.0,0
80.50,Utility Enemy 3,Utility,ChaseAction,WallDisappear,1.00,89.4,0
81.01,Player,Player,-,WallDisappear,0.89,,0
81.01,FSM Enemy 12,FSM,ChaseState,WallDisappear,1.00,72.7,0
81.01,FSM Enemy 15,FSM,ChaseState,WallDisappear,1.00,49.5,0
81.01,FSM Enemy 13,FSM,ChaseState,WallDisappear,0.90,15.6,0
81.01,FSM Enemy 4,FSM,ChaseState,WallDisappear,0.40,75.6,0
81.01,FSM Enemy 6,FSM,ChaseState,WallDisappear,0.35,58.6,0
81.01,FSM Enemy 7,FSM,Dead,WallDisappear,0.00,32.2,0
81.01,FSM Enemy 3,FSM,ChaseState,WallDisappear,0.70,75.3,0
81.01,FSM Enemy 5,FSM,ChaseState,WallDisappear,1.00,51.1,0
81.01,FSM Enemy 8,FSM,ChaseState,WallDisappear,1.00,57.8,0
81.01,FSM Enemy 9,FSM,ChaseState,WallDisappear,1.00,58.5,0
81.01,FSM Enemy 11,FSM,ChaseState,WallDisappear,1.00,14.5,0
81.01,FSM Enemy 2,FSM,ChaseState,WallDisappear,1.00,103.0,0
81.01,FSM Enemy 10,FSM,ChaseState,WallDisappear,1.00,75.1,0
81.01,FSM Enemy 1,FSM,ChaseState,WallDisappear,1.00,70.9,0
81.01,FSM Enemy 14,FSM,ChaseState,WallDisappear,1.00,92.7,0
81.01,Utility Enemy 9,Utility,ChaseAction,WallDisappear,1.00,71.1,0
81.01,Utility Enemy 10,Utility,ChaseAction,WallDisappear,1.00,59.6,0
81.01,Utility Enemy 12,Utility,ChaseAction,WallDisappear,1.00,69.5,0
81.01,Utility Enemy 6,Utility,ChaseAction,WallDisappear,1.00,28.9,0
81.01,Utility Enemy 1,Utility,ChaseAction,WallDisappear,1.00,69.1,0
81.01,Utility Enemy 7,Utility,ChaseAction,WallDisappear,1.00,78.0,0
81.01,Utility Enemy 11,Utility,ChaseAction,WallDisappear,1.00,16.6,0
81.01,Utility Enemy 13,Utility,ChaseAction,WallDisappear,0.75,35.1,0
81.01,Utility Enemy 15,Utility,ChaseAction,WallDisappear,1.00,68.5,0
81.01,Utility Enemy 5,Utility,ChaseAction,WallDisappear,1.00,78.3,0
81.01,Utility Enemy 2,Utility,ChaseAction,WallDisappear,1.00,78.0,0
81.01,Utility Enemy 8,Utility,ChaseAction,WallDisappear,1.00,62.1,0
81.01,Utility Enemy 4,Utility,ChaseAction,WallDisappear,1.00,49.9,0
81.01,Utility Enemy 14,Utility,ChaseAction,WallDisappear,1.00,77.1,0
81.01,Utility Enemy 3,Utility,ChaseAction,WallDisappear,1.00,87.3,0
81.51,Player,Player,-,WallDisappear,0.89,,0
81.51,FSM Enemy 12,FSM,ChaseState,WallDisappear,1.00,70.9,0
81.51,FSM Enemy 15,FSM,ChaseState,WallDisappear,1.00,51.6,0
81.51,FSM Enemy 13,FSM,ChaseState,WallDisappear,0.90,15.4,0
81.51,FSM Enemy 4,FSM,ChaseState,WallDisappear,0.40,73.8,0
81.51,FSM Enemy 6,FSM,ChaseState,WallDisappear,0.35,57.1,0
81.51,FSM Enemy 7,FSM,Dead,WallDisappear,0.00,32.2,0
81.51,FSM Enemy 3,FSM,ChaseState,WallDisappear,0.70,73.5,0
81.51,FSM Enemy 5,FSM,ChaseState,WallDisappear,1.00,51.4,0
81.51,FSM Enemy 8,FSM,ChaseState,WallDisappear,1.00,57.8,0
81.51,FSM Enemy 9,FSM,ChaseState,WallDisappear,1.00,58.5,0
81.51,FSM Enemy 11,FSM,ChaseState,WallDisappear,1.00,14.5,0
81.51,FSM Enemy 2,FSM,ChaseState,WallDisappear,1.00,100.8,0
81.51,FSM Enemy 10,FSM,ChaseState,WallDisappear,1.00,72.8,0
81.51,FSM Enemy 1,FSM,ChaseState,WallDisappear,1.00,69.2,0
81.51,FSM Enemy 14,FSM,ChaseState,WallDisappear,1.00,90.4,0
81.51,Utility Enemy 9,Utility,ChaseAction,WallDisappear,1.00,69.2,0
81.51,Utility Enemy 10,Utility,ChaseAction,WallDisappear,1.00,58.1,0
81.51,Utility Enemy 12,Utility,ChaseAction,WallDisappear,1.00,67.7,0
81.51,Utility Enemy 6,Utility,ChaseAction,WallDisappear,1.00,27.0,0
81.51,Utility Enemy 1,Utility,ChaseAction,WallDisappear,1.00,67.9,0
81.51,Utility Enemy 7,Utility,ChaseAction,WallDisappear,1.00,77.2,0
81.51,Utility Enemy 11,Utility,ChaseAction,WallDisappear,1.00,16.6,0
81.51,Utility Enemy 13,Utility,ChaseAction,WallDisappear,0.75,36.7,0
81.51,Utility Enemy 15,Utility,ChaseAction,WallDisappear,1.00,67.7,0
81.51,Utility Enemy 5,Utility,ChaseAction,WallDisappear,1.00,76.4,0
81.51,Utility Enemy 2,Utility,ChaseAction,WallDisappear,1.00,75.9,0
81.51,Utility Enemy 8,Utility,ChaseAction,WallDisappear,1.00,61.3,0
81.51,Utility Enemy 4,Utility,ChaseAction,WallDisappear,1.00,50.9,0
81.51,Utility Enemy 14,Utility,ChaseAction,WallDisappear,1.00,75.2,0
81.51,Utility Enemy 3,Utility,ChaseAction,WallDisappear,1.00,85.2,0
82.01,Player,Player,-,None,0.89,,0
82.01,FSM Enemy 12,FSM,PatrolState,None,1.00,69.6,0
82.01,FSM Enemy 15,FSM,PatrolState,None,1.00,51.8,0
82.01,FSM Enemy 13,FSM,PatrolState,None,0.90,15.3,0
82.01,FSM Enemy 4,FSM,PatrolState,None,0.40,72.6,0
82.01,FSM Enemy 6,FSM,PatrolState,None,0.35,56.7,0
82.01,FSM Enemy 7,FSM,Dead,None,0.00,32.2,0
82.01,FSM Enemy 3,FSM,PatrolState,None,0.70,73.3,0
82.01,FSM Enemy 5,FSM,PatrolState,None,1.00,51.7,0
82.01,FSM Enemy 8,FSM,PatrolState,None,1.00,57.5,0
82.01,FSM Enemy 9,FSM,PatrolState,None,1.00,58.1,0
82.01,FSM Enemy 11,FSM,PatrolState,None,1.00,14.6,0
82.01,FSM Enemy 2,FSM,PatrolState,None,1.00,100.7,0
82.01,FSM Enemy 10,FSM,PatrolState,None,1.00,71.4,0
82.01,FSM Enemy 1,FSM,PatrolState,None,1.00,68.1,0
82.01,FSM Enemy 14,FSM,PatrolState,None,1.00,89.0,0
82.01,Utility Enemy 9,Utility,AttackAction,None,1.00,67.7,0
82.01,Utility Enemy 10,Utility,AttackAction,None,1.00,56.9,0
82.01,Utility Enemy 12,Utility,AttackAction,None,1.00,66.3,0
82.01,Utility Enemy 6,Utility,Dead,None,0.00,25.7,0
82.01,Utility Enemy 1,Utility,AttackAction,None,1.00,66.9,0
82.01,Utility Enemy 7,Utility,AttackAction,None,1.00,76.6,0
82.01,Utility Enemy 11,Utility,AttackAction,None,1.00,16.6,0
82.01,Utility Enemy 13,Utility,AttackAction,None,0.75,38.1,0
82.01,Utility Enemy 15,Utility,AttackAction,None,1.00,67.0,0
82.01,Utility Enemy 5,Utility,AttackAction,None,1.00,74.8,0
82.01,Utility Enemy 2,Utility,AttackAction,None,1.00,74.2,0
82.01,Utility Enemy 8,Utility,AttackAction,None,1.00,60.7,0
82.01,Utility Enemy 4,Utility,AttackAction,None,1.00,51.8,0
82.01,Utility Enemy 14,Utility,AttackAction,None,1.00,73.8,0
82.01,Utility Enemy 3,Utility,AttackAction,None,1.00,83.4,0
82.51,Player,Player,-,None,0.89,,0
82.51,FSM Enemy 12,FSM,PatrolState,None,1.00,69.7,0
82.51,FSM Enemy 15,FSM,PatrolState,None,1.00,50.9,0
82.51,FSM Enemy 13,FSM,PatrolState,None,0.90,15.6,0
82.51,FSM Enemy 4,FSM,PatrolState,None,0.40,73.2,0
82.51,FSM Enemy 6,FSM,PatrolState,None,0.35,56.9,0
82.51,FSM Enemy 7,FSM,Dead,None,0.00,32.2,0
82.51,FSM Enemy 3,FSM,PatrolState,None,0.70,74.3,0
82.51,FSM Enemy 5,FSM,PatrolState,None,1.00,51.9,0
82.51,FSM Enemy 8,FSM,PatrolState,None,1.00,56.9,0
82.51,FSM Enemy 9,FSM,PatrolState,None,1.00,57.3,0
82.51,FSM Enemy 11,FSM,PatrolState,None,1.00,15.0,0
82.51,FSM Enemy 2,FSM,PatrolState,None,1.00,102.0,0
82.51,FSM Enemy 10,FSM,PatrolState,None,1.00,72.3,0
82.51,FSM Enemy 1,FSM,PatrolState,None,1.00,68.9,0
82.51,FSM Enemy 14,FSM,PatrolState,None,1.00,89.9,0
82.51,Utility Enemy 9,Utility,AttackAction,None,1.00,67.6,0
82.51,Utility Enemy 10,Utility,AttackAction,None,1.00,56.8,0
82.51,Utility Enemy 12,Utility,AttackAction,None,1.00,66.2,0
82.51,Utility Enemy 6,Utility,Dead,None,0.00,25.7,0
82.51,Utility Enemy 1,Utility,AttackAction,None,1.00,66.8,0
82.51,Utility Enemy 7,Utility,AttackAction,None,1.00,76.6,0
82.51,Utility Enemy 11,Utility,AttackAction,None,1.00,16.6,0
82.51,Utility Enemy 13,Utility,AttackAction,None,0.75,38.2,0
82.51,Utility Enemy 15,Utility,AttackAction,None,1.00,67.0,0
82.51,Utility Enemy 5,Utility,AttackAction,None,1.00,74.8,0
82.51,Utility Enemy 2,Utility,AttackAction,None,1.00,74.1,0
82.51,Utility Enemy 8,Utility,AttackAction,None,1.00,60.7,0
82.51,Utility Enemy 4,Utility,AttackAction,None,1.00,51.9,0
82.51,Utility Enemy 14,Utility,AttackAction,None,1.00,73.7,0
82.51,Utility Enemy 3,Utility,AttackAction,None,1.00,83.3,0
83.01,Player,Player,-,None,0.89,,0
83.01,FSM Enemy 12,FSM,PatrolState,None,1.00,70.0,0
83.01,FSM Enemy 15,FSM,PatrolState,None,1.00,49.9,0
83.01,FSM Enemy 13,FSM,PatrolState,None,0.90,16.1,0
83.01,FSM Enemy 4,FSM,PatrolState,None,0.40,74.1,0
83.01,FSM Enemy 6,FSM,PatrolState,None,0.35,57.1,0
83.01,FSM Enemy 7,FSM,Dead,None,0.00,32.2,0
83.01,FSM Enemy 3,FSM,PatrolState,None,0.70,75.3,0
83.01,FSM Enemy 5,FSM,PatrolState,None,1.00,52.0,0
83.01,FSM Enemy 8,FSM,PatrolState,None,1.00,56.6,0
83.01,FSM Enemy 9,FSM,PatrolState,None,1.00,56.6,0
83.01,FSM Enemy 11,FSM,PatrolState,None,1.00,15.4,0
83.01,FSM Enemy 2,FSM,PatrolState,None,1.00,103.2,0
83.01,FSM Enemy 10,FSM,PatrolState,None,1.00,73.5,0
83.01,FSM Enemy 1,FSM,PatrolState,None,1.00,69.8,0
83.01,FSM Enemy 14,FSM,PatrolState,None,1.00,91.2,0
83.01,Utility Enemy 9,Utility,AttackAction,None,1.00,67.6,0
83.01,Utility Enemy 10,Utility,AttackAction,None,1.00,56.7,0
83.01,Utility Enemy 12,Utility,AttackAction,None,1.00,66.2,0
83.01,Utility Enemy 6,Utility,Dead,None,0.00,25.7,0
83.01,Utility Enemy 1,Utility,AttackAction,None,1.00,66.8,0
83.01,Utility Enemy 7,Utility,AttackAction,None,1.00,76.6,0
83.01,Utility Enemy 11,Utility,AttackAction,None,1.00,16.6,0
83.01,Utility Enemy 13,Utility,AttackAction,None,0.75,38.2,0
83.01,Utility Enemy 15,Utility,AttackAction,None,1.00,67.0,0
83.01,Utility Enemy 5,Utility,AttackAction,None,1.00,74.8,0
83.01,Utility Enemy 2,Utility,AttackAction,None,1.00,74.1,0
83.01,Utility Enemy 8,Utility,AttackAction,None,1.00,60.7,0
83.01,Utility Enemy 4,Utility,AttackAction,None,1.00,51.9,0
83.01,Utility Enemy 14,Utility,AttackAction,None,1.00,73.7,0
83.01,Utility Enemy 3,Utility,AttackAction,None,1.00,83.3,0
83.52,Player,Player,-,None,0.89,,0
83.52,FSM Enemy 12,FSM,PatrolState,None,1.00,70.3,0
83.52,FSM Enemy 15,FSM,PatrolState,None,1.00,49.0,0
83.52,FSM Enemy 13,FSM,PatrolState,None,0.90,16.6,0
83.52,FSM Enemy 4,FSM,PatrolState,None,0.40,75.2,0
83.52,FSM Enemy 6,FSM,PatrolState,None,0.35,57.2,0
83.52,FSM Enemy 7,FSM,Dead,None,0.00,32.2,0
83.52,FSM Enemy 3,FSM,PatrolState,None,0.70,76.3,0
83.52,FSM Enemy 5,FSM,PatrolState,None,1.00,52.2,0
83.52,FSM Enemy 8,FSM,PatrolState,None,1.00,56.3,0
83.52,FSM Enemy 9,FSM,PatrolState,None,1.00,55.8,0
83.52,FSM Enemy 11,FSM,PatrolState,None,1.00,16.0,0
83.52,FSM Enemy 2,FSM,PatrolState,None,1.00,104.4,0
83.52,FSM Enemy 10,FSM,PatrolState,None,1.00,74.8,0
83.52,FSM Enemy 1,FSM,PatrolState,None,1.00,70.8,0
83.52,FSM Enemy 14,FSM,PatrolState,None,1.00,92.4,0
83.52,Utility Enemy 9,Utility,AttackAction,None,1.00,67.6,0
83.52,Utility Enemy 10,Utility,AttackAction,None,1.00,56.5,0
83.52,Utility Enemy 12,Utility,AttackAction,None,1.00,66.2,0
83.52,Utility Enemy 6,Utility,Dead,None,0.00,25.7,0
83.52,Utility Enemy 1,Utility,AttackAction,None,1.00,66.8,0
83.52,Utility Enemy 7,Utility,AttackAction,None,1.00,76.6,0
83.52,Utility Enemy 11,Utility,AttackAction,None,1.00,16.6,0
83.52,Utility Enemy 13,Utility,AttackAction,None,0.75,38.2,0
83.52,Utility Enemy 15,Utility,AttackAction,None,1.00,67.0,0
83.52,Utility Enemy 5,Utility,AttackAction,None,1.00,74.8,0
83.52,Utility Enemy 2,Utility,AttackAction,None,1.00,74.1,0
83.52,Utility Enemy 8,Utility,AttackAction,None,1.00,60.7,0
83.52,Utility Enemy 4,Utility,AttackAction,None,1.00,51.9,0
83.52,Utility Enemy 14,Utility,AttackAction,None,1.00,73.7,0
83.52,Utility Enemy 3,Utility,AttackAction,None,1.00,83.3,0
84.02,Player,Player,-,None,0.89,,0
84.02,FSM Enemy 12,FSM,PatrolState,None,1.00,70.6,0
84.02,FSM Enemy 15,FSM,PatrolState,None,1.00,48.0,0
84.02,FSM Enemy 13,FSM,PatrolState,None,0.90,17.2,0
84.02,FSM Enemy 4,FSM,PatrolState,None,0.40,76.4,0
84.02,FSM Enemy 6,FSM,PatrolState,None,0.35,57.1,0
84.02,FSM Enemy 7,FSM,Dead,None,0.00,32.2,0
84.02,FSM Enemy 3,FSM,PatrolState,None,0.70,77.3,0
84.02,FSM Enemy 5,FSM,PatrolState,None,1.00,52.4,0
84.02,FSM Enemy 8,FSM,PatrolState,None,1.00,56.1,0
84.02,FSM Enemy 9,FSM,PatrolState,None,1.00,55.1,0
84.02,FSM Enemy 11,FSM,PatrolState,None,1.00,16.5,0
84.02,FSM Enemy 2,FSM,PatrolState,None,1.00,105.7,0
84.02,FSM Enemy 10,FSM,PatrolState,None,1.00,76.0,0
84.02,FSM Enemy 1,FSM,PatrolState,None,1.00,71.8,0
84.02,FSM Enemy 14,FSM,PatrolState,None,1.00,93.6,0
84.02,Utility Enemy 9,Utility,AttackAction,None,1.00,67.6,0
84.02,Utility Enemy 10,Utility,AttackAction,None,1.00,56.4,0
84.02,Utility Enemy 12,Utility,AttackAction,None,1.00,66.2,0
84.02,Utility Enemy 6,Utility,Dead,None,0.00,25.7,0
84.02,Utility Enemy 1,Utility,AttackAction,None,1.00,66.8,0
84.02,Utility Enemy 7,Utility,AttackAction,None,1.00,76.6,0
84.02,Utility Enemy 11,Utility,AttackAction,None,1.00,16.6,0
84.02,Utility Enemy 13,Utility,AttackAction,None,0.75,38.2,0
84.02,Utility Enemy 15,Utility,AttackAction,None,1.00,67.0,0
84.02,Utility Enemy 5,Utility,AttackAction,None,1.00,74.8,0
84.02,Utility Enemy 2,Utility,AttackAction,None,1.00,74.1,0
84.02,Utility Enemy 8,Utility,AttackAction,None,1.00,60.7,0
84.02,Utility Enemy 4,Utility,AttackAction,None,1.00,51.9,0
84.02,Utility Enemy 14,Utility,AttackAction,None,1.00,73.7,0
84.02,Utility Enemy 3,Utility,AttackAction,None,1.00,83.3,0
84.52,Player,Player,-,None,0.89,,0
84.52,FSM Enemy 12,FSM,PatrolState,None,1.00,71.0,0
84.52,FSM Enemy 15,FSM,PatrolState,None,1.00,47.1,0
84.52,FSM Enemy 13,FSM,PatrolState,None,0.90,17.9,0
84.52,FSM Enemy 4,FSM,PatrolState,None,0.40,77.5,0
84.52,FSM Enemy 6,FSM,PatrolState,None,0.35,57.7,0
84.52,FSM Enemy 7,FSM,Dead,None,0.00,32.2,0
84.52,FSM Enemy 3,FSM,PatrolState,None,0.70,78.3,0
84.52,FSM Enemy 5,FSM,PatrolState,None,1.00,52.6,0
84.52,FSM Enemy 8,FSM,PatrolState,None,1.00,55.8,0
84.52,FSM Enemy 9,FSM,PatrolState,None,1.00,54.4,0
84.52,FSM Enemy 11,FSM,PatrolState,None,1.00,17.0,0
84.52,FSM Enemy 2,FSM,PatrolState,None,1.00,106.9,0
84.52,FSM Enemy 10,FSM,PatrolState,None,1.00,77.2,0
84.52,FSM Enemy 1,FSM,PatrolState,None,1.00,72.7,0
84.52,FSM Enemy 14,FSM,PatrolState,None,1.00,94.9,0
84.52,Utility Enemy 9,Utility,AttackAction,None,1.00,67.6,0
84.52,Utility Enemy 10,Utility,AttackAction,None,1.00,56.3,0
84.52,Utility Enemy 12,Utility,AttackAction,None,1.00,66.2,0
84.52,Utility Enemy 6,Utility,Dead,None,0.00,25.7,0
84.52,Utility Enemy 1,Utility,AttackAction,None,1.00,66.8,0
84.52,Utility Enemy 7,Utility,AttackAction,None,1.00,76.6,0
84.52,Utility Enemy 11,Utility,AttackAction,None,1.00,16.6,0
84.52,Utility Enemy 13,Utility,AttackAction,None,0.75,38.2,0
84.52,Utility Enemy 15,Utility,AttackAction,None,1.00,67.0,0
84.52,Utility Enemy 5,Utility,AttackAction,None,1.00,74.8,0
84.52,Utility Enemy 2,Utility,AttackAction,None,1.00,74.1,0
84.52,Utility Enemy 8,Utility,AttackAction,None,1.00,60.7,0
84.52,Utility Enemy 4,Utility,AttackAction,None,1.00,51.9,0
84.52,Utility Enemy 14,Utility,AttackAction,None,1.00,73.7,0
84.52,Utility Enemy 3,Utility,AttackAction,None,1.00,83.3,0
85.03,Player,Player,-,None,0.89,,0
85.03,FSM Enemy 12,FSM,PatrolState,None,1.00,71.3,0
85.03,FSM Enemy 15,FSM,PatrolState,None,1.00,46.2,0
85.03,FSM Enemy 13,FSM,PatrolState,None,0.90,18.7,0
85.03,FSM Enemy 4,FSM,PatrolState,None,0.40,78.6,0
85.03,FSM Enemy 6,FSM,PatrolState,None,0.35,58.7,0
85.03,FSM Enemy 7,FSM,Dead,None,0.00,32.2,0
85.03,FSM Enemy 3,FSM,PatrolState,None,0.70,79.4,0
85.03,FSM Enemy 5,FSM,PatrolState,None,1.00,52.9,0
85.03,FSM Enemy 8,FSM,PatrolState,None,1.00,55.7,0
85.03,FSM Enemy 9,FSM,PatrolState,None,1.00,53.7,0
85.03,FSM Enemy 11,FSM,PatrolState,None,1.00,17.4,0
85.03,FSM Enemy 2,FSM,PatrolState,None,1.00,108.2,0
85.03,FSM Enemy 10,FSM,PatrolState,None,1.00,78.5,0
85.03,FSM Enemy 1,FSM,Dead,None,0.00,73.6,0
85.03,FSM Enemy 14,FSM,PatrolState,None,1.00,96.1,0
85.03,Utility Enemy 9,Utility,AttackAction,None,1.00,67.6,0
85.03,Utility Enemy 10,Utility,AttackAction,None,1.00,56.3,0
85.03,Utility Enemy 12,Utility,AttackAction,None,1.00,66.2,0
85.03,Utility Enemy 6,Utility,Dead,None,0.00,25.7,0
85.03,Utility Enemy 1,Utility,AttackAction,None,1.00,66.8,0
85.03,Utility Enemy 7,Utility,AttackAction,None,1.00,76.6,0
85.03,Utility Enemy 11,Utility,AttackAction,None,1.00,16.6,0
85.03,Utility Enemy 13,Utility,AttackAction,None,0.75,38.2,0
85.03,Utility Enemy 15,Utility,AttackAction,None,1.00,67.0,0
85.03,Utility Enemy 5,Utility,AttackAction,None,1.00,74.8,0
85.03,Utility Enemy 2,Utility,AttackAction,None,1.00,74.1,0
85.03,Utility Enemy 8,Utility,AttackAction,None,1.00,60.7,0
85.03,Utility Enemy 4,Utility,AttackAction,None,1.00,51.9,0
85.03,Utility Enemy 14,Utility,AttackAction,None,1.00,73.7,0
85.03,Utility Enemy 3,Utility,AttackAction,None,1.00,83.3,0
85.53,Player,Player,-,None,0.89,,0
85.53,FSM Enemy 12,FSM,PatrolState,None,1.00,71.7,0
85.53,FSM Enemy 15,FSM,PatrolState,None,1.00,45.3,0
85.53,FSM Enemy 13,FSM,PatrolState,None,0.90,19.5,0
85.53,FSM Enemy 4,FSM,PatrolState,None,0.40,79.8,0
85.53,FSM Enemy 6,FSM,PatrolState,None,0.35,59.7,0
85.53,FSM Enemy 7,FSM,Dead,None,0.00,32.2,0
85.53,FSM Enemy 3,FSM,PatrolState,None,0.70,80.4,0
85.53,FSM Enemy 5,FSM,PatrolState,None,1.00,53.1,0
85.53,FSM Enemy 8,FSM,PatrolState,None,1.00,55.5,0
85.53,FSM Enemy 9,FSM,PatrolState,None,1.00,53.0,0
85.53,FSM Enemy 11,FSM,PatrolState,None,1.00,18.0,0
85.53,FSM Enemy 2,FSM,PatrolState,None,1.00,109.4,0
85.53,FSM Enemy 10,FSM,PatrolState,None,1.00,79.7,0
85.53,FSM Enemy 1,FSM,Dead,None,0.00,73.6,0
85.53,FSM Enemy 14,FSM,PatrolState,None,1.00,97.3,0
85.53,Utility Enemy 9,Utility,AttackAction,None,1.00,67.6,0
85.53,Utility Enemy 10,Utility,AttackAction,None,1.00,56.3,0
85.53,Utility Enemy 12,Utility,AttackAction,None,1.00,66.2,0
85.53,Utility Enemy 6,Utility,Dead,None,0.00,25.7,0
85.53,Utility Enemy 1,Utility,AttackAction,None,1.00,66.8,0
85.53,Utility Enemy 7,Utility,AttackAction,None,1.00,76.6,0
85.53,Utility Enemy 11,Utility,AttackAction,None,1.00,16.6,0
85.53,Utility Enemy 13,Utility,AttackAction,None,0.75,38.2,0
85.53,Utility Enemy 15,Utility,AttackAction,None,1.00,67.0,0
85.53,Utility Enemy 5,Utility,AttackAction,None,1.00,74.8,0
85.53,Utility Enemy 2,Utility,AttackAction,None,1.00,74.1,0
85.53,Utility Enemy 8,Utility,AttackAction,None,1.00,60.7,0
85.53,Utility Enemy 4,Utility,AttackAction,None,1.00,51.9,0
85.53,Utility Enemy 14,Utility,AttackAction,None,1.00,73.7,0
85.53,Utility Enemy 3,Utility,AttackAction,None,1.00,83.3,0
86.03,Player,Player,-,None,0.89,,0
86.03,FSM Enemy 12,FSM,PatrolState,None,1.00,72.3,0
86.03,FSM Enemy 15,FSM,PatrolState,None,1.00,44.4,0
86.03,FSM Enemy 13,FSM,PatrolState,None,0.90,20.3,0
86.03,FSM Enemy 4,FSM,PatrolState,None,0.40,80.9,0
86.03,FSM Enemy 6,FSM,PatrolState,None,0.35,60.8,0
86.03,FSM Enemy 7,FSM,Dead,None,0.00,32.2,0
86.03,FSM Enemy 3,FSM,PatrolState,None,0.70,81.5,0
86.03,FSM Enemy 5,FSM,PatrolState,None,1.00,53.6,0
86.03,FSM Enemy 8,FSM,PatrolState,None,1.00,55.3,0
86.03,FSM Enemy 9,FSM,PatrolState,None,1.00,52.4,0
86.03,FSM Enemy 11,FSM,PatrolState,None,1.00,18.6,0
86.03,FSM Enemy 2,FSM,PatrolState,None,1.00,110.6,0
86.03,FSM Enemy 10,FSM,PatrolState,None,1.00,81.0,0
86.03,FSM Enemy 1,FSM,Dead,None,0.00,73.6,0
86.03,FSM Enemy 14,FSM,PatrolState,None,1.00,98.6,0
86.03,Utility Enemy 9,Utility,AttackAction,None,1.00,67.6,0
86.03,Utility Enemy 10,Utility,AttackAction,None,1.00,56.3,0
86.03,Utility Enemy 12,Utility,AttackAction,None,1.00,66.2,0
86.03,Utility Enemy 6,Utility,Dead,None,0.00,25.7,0
86.03,Utility Enemy 1,Utility,AttackAction,None,1.00,66.8,0
86.03,Utility Enemy 7,Utility,AttackAction,None,1.00,76.6,0
86.03,Utility Enemy 11,Utility,AttackAction,None,1.00,16.6,0
86.03,Utility Enemy 13,Utility,AttackAction,None,0.75,38.2,0
86.03,Utility Enemy 15,Utility,AttackAction,None,1.00,67.0,0
86.03,Utility Enemy 5,Utility,AttackAction,None,1.00,74.8,0
86.03,Utility Enemy 2,Utility,AttackAction,None,1.00,74.1,0
86.03,Utility Enemy 8,Utility,AttackAction,None,1.00,60.7,0
86.03,Utility Enemy 4,Utility,AttackAction,None,1.00,51.9,0
86.03,Utility Enemy 14,Utility,AttackAction,None,1.00,73.7,0
86.03,Utility Enemy 3,Utility,AttackAction,None,1.00,83.3,0
86.54,Player,Player,-,None,0.89,,0
86.54,FSM Enemy 12,FSM,PatrolState,None,1.00,72.9,0
86.54,FSM Enemy 15,FSM,PatrolState,None,1.00,43.6,0
86.54,FSM Enemy 13,FSM,PatrolState,None,0.90,21.2,0
86.54,FSM Enemy 4,FSM,PatrolState,None,0.40,82.1,0
86.54,FSM Enemy 6,FSM,PatrolState,None,0.35,61.8,0
86.54,FSM Enemy 7,FSM,Dead,None,0.00,32.2,0
86.54,FSM Enemy 3,FSM,PatrolState,None,0.70,82.5,0
86.54,FSM Enemy 5,FSM,PatrolState,None,1.00,54.4,0
86.54,FSM Enemy 8,FSM,PatrolState,None,1.00,55.2,0
86.54,FSM Enemy 9,FSM,PatrolState,None,1.00,52.0,0
86.54,FSM Enemy 11,FSM,PatrolState,None,1.00,19.2,0
86.54,FSM Enemy 2,FSM,PatrolState,None,1.00,111.9,0
86.54,FSM Enemy 10,FSM,PatrolState,None,1.00,82.2,0
86.54,FSM Enemy 1,FSM,Dead,None,0.00,73.6,0
86.54,FSM Enemy 14,FSM,PatrolState,None,1.00,99.8,0
86.54,Utility Enemy 9,Utility,AttackAction,None,1.00,67.6,0
86.54,Utility Enemy 10,Utility,AttackAction,None,1.00,56.3,0
86.54,Utility Enemy 12,Utility,AttackAction,None,1.00,66.2,0
86.54,Utility Enemy 6,Utility,Dead,None,0.00,25.7,0
86.54,Utility Enemy 1,Utility,AttackAction,None,1.00,66.8,0
86.54,Utility Enemy 7,Utility,AttackAction,None,1.00,76.6,0
86.54,Utility Enemy 11,Utility,AttackAction,None,1.00,16.6,0
86.54,Utility Enemy 13,Utility,AttackAction,None,0.75,38.2,0
86.54,Utility Enemy 15,Utility,AttackAction,None,1.00,67.0,0
86.54,Utility Enemy 5,Utility,AttackAction,None,1.00,74.8,0
86.54,Utility Enemy 2,Utility,AttackAction,None,1.00,74.1,0
86.54,Utility Enemy 8,Utility,AttackAction,None,1.00,60.7,0
86.54,Utility Enemy 4,Utility,AttackAction,None,1.00,51.9,0
86.54,Utility Enemy 14,Utility,AttackAction,None,1.00,73.7,0
86.54,Utility Enemy 3,Utility,AttackAction,None,1.00,83.3,0
87.04,Player,Player,-,None,0.89,,0
87.04,FSM Enemy 12,FSM,PatrolState,None,1.00,73.6,0
87.04,FSM Enemy 15,FSM,PatrolState,None,1.00,42.8,0
87.04,FSM Enemy 13,FSM,PatrolState,None,0.90,21.4,0
87.04,FSM Enemy 4,FSM,PatrolState,None,0.40,83.2,0
87.04,FSM Enemy 6,FSM,PatrolState,None,0.35,62.9,0
87.04,FSM Enemy 7,FSM,Dead,None,0.00,32.2,0
87.04,FSM Enemy 3,FSM,PatrolState,None,0.70,83.6,0
87.04,FSM Enemy 5,FSM,PatrolState,None,1.00,55.2,0
87.04,FSM Enemy 8,FSM,PatrolState,None,1.00,55.1,0
87.04,FSM Enemy 9,FSM,PatrolState,None,1.00,52.5,0
87.04,FSM Enemy 11,FSM,PatrolState,None,1.00,19.6,0
87.04,FSM Enemy 2,FSM,PatrolState,None,1.00,113.1,0
87.04,FSM Enemy 10,FSM,PatrolState,None,1.00,83.5,0
87.04,FSM Enemy 1,FSM,Dead,None,0.00,73.6,0
87.04,FSM Enemy 14,FSM,PatrolState,None,1.00,101.0,0
87.04,Utility Enemy 9,Utility,AttackAction,None,1.00,67.6,0
87.04,Utility Enemy 10,Utility,AttackAction,None,1.00,56.3,0
87.04,Utility Enemy 12,Utility,AttackAction,None,1.00,66.2,0
87.04,Utility Enemy 6,Utility,Dead,None,0.00,25.7,0
87.04,Utility Enemy 1,Utility,AttackAction,None,1.00,66.8,0
87.04,Utility Enemy 7,Utility,AttackAction,None,1.00,76.6,0
87.04,Utility Enemy 11,Utility,AttackAction,None,1.00,16.6,0
87.04,Utility Enemy 13,Utility,AttackAction,None,0.75,38.2,0
87.04,Utility Enemy 15,Utility,AttackAction,None,1.00,67.0,0
87.04,Utility Enemy 5,Utility,AttackAction,None,1.00,74.8,0
87.04,Utility Enemy 2,Utility,AttackAction,None,1.00,74.1,0
87.04,Utility Enemy 8,Utility,AttackAction,None,1.00,60.7,0
87.04,Utility Enemy 4,Utility,AttackAction,None,1.00,51.9,0
87.04,Utility Enemy 14,Utility,AttackAction,None,1.00,73.7,0
87.04,Utility Enemy 3,Utility,AttackAction,None,1.00,83.3,0
87.54,Player,Player,-,None,0.89,,0
87.54,FSM Enemy 12,FSM,PatrolState,None,1.00,74.2,0
87.54,FSM Enemy 15,FSM,PatrolState,None,1.00,41.9,0
87.54,FSM Enemy 13,FSM,PatrolState,None,0.90,21.3,0
87.54,FSM Enemy 4,FSM,PatrolState,None,0.40,84.4,0
87.54,FSM Enemy 6,FSM,PatrolState,None,0.35,63.9,0
87.54,FSM Enemy 7,FSM,Dead,None,0.00,32.2,0
87.54,FSM Enemy 3,FSM,PatrolState,None,0.70,84.6,0
87.54,FSM Enemy 5,FSM,PatrolState,None,1.00,56.0,0
87.54,FSM Enemy 8,FSM,PatrolState,None,1.00,55.0,0
87.54,FSM Enemy 9,FSM,PatrolState,None,1.00,53.3,0
87.54,FSM Enemy 11,FSM,PatrolState,None,1.00,20.0,0
87.54,FSM Enemy 2,FSM,PatrolState,None,1.00,114.3,0
87.54,FSM Enemy 10,FSM,PatrolState,None,1.00,84.6,0
87.54,FSM Enemy 1,FSM,Dead,None,0.00,73.6,0
87.54,FSM Enemy 14,FSM,PatrolState,None,1.00,102.3,0
87.54,Utility Enemy 9,Utility,AttackAction,None,1.00,67.6,0
87.54,Utility Enemy 10,Utility,AttackAction,None,1.00,56.3,0
87.54,Utility Enemy 12,Utility,AttackAction,None,1.00,66.2,0
87.54,Utility Enemy 6,Utility,Dead,None,0.00,25.7,0
87.54,Utility Enemy 1,Utility,AttackAction,None,1.00,66.8,0
87.54,Utility Enemy 7,Utility,AttackAction,None,1.00,76.6,0
87.54,Utility Enemy 11,Utility,AttackAction,None,1.00,16.6,0
87.54,Utility Enemy 13,Utility,AttackAction,None,0.75,38.2,0
87.54,Utility Enemy 15,Utility,AttackAction,None,1.00,67.0,0
87.54,Utility Enemy 5,Utility,AttackAction,None,1.00,74.8,0
87.54,Utility Enemy 2,Utility,AttackAction,None,1.00,74.1,0
87.54,Utility Enemy 8,Utility,AttackAction,None,1.00,60.7,0
87.54,Utility Enemy 4,Utility,AttackAction,None,1.00,51.9,0
87.54,Utility Enemy 14,Utility,AttackAction,None,1.00,73.7,0
87.54,Utility Enemy 3,Utility,AttackAction,None,1.00,83.3,0
88.05,Player,Player,-,None,0.89,,0
88.05,FSM Enemy 12,FSM,PatrolState,None,1.00,75.1,0
88.05,FSM Enemy 15,FSM,PatrolState,None,1.00,41.1,0
88.05,FSM Enemy 13,FSM,PatrolState,None,0.90,21.2,0
88.05,FSM Enemy 4,FSM,PatrolState,None,0.40,85.4,0
88.05,FSM Enemy 6,FSM,PatrolState,None,0.35,64.3,0
88.05,FSM Enemy 7,FSM,Dead,None,0.00,32.2,0
88.05,FSM Enemy 3,FSM,PatrolState,None,0.70,85.8,0
88.05,FSM Enemy 5,FSM,Dead,None,0.00,56.3,0
88.05,FSM Enemy 8,FSM,PatrolState,None,1.00,54.5,0
88.05,FSM Enemy 9,FSM,PatrolState,None,1.00,54.4,0
88.05,FSM Enemy 11,FSM,PatrolState,None,1.00,20.6,0
88.05,FSM Enemy 2,FSM,PatrolState,None,1.00,115.6,0
88.05,FSM Enemy 10,FSM,PatrolState,None,1.00,85.6,0
88.05,FSM Enemy 1,FSM,Dead,None,0.00,73.6,0
88.05,FSM Enemy 14,FSM,PatrolState,None,1.00,102.9,0
88.05,Utility Enemy 9,Utility,AttackAction,None,1.00,67.6,0
88.05,Utility Enemy 10,Utility,AttackAction,None,1.00,56.3,0
88.05,Utility Enemy 12,Utility,AttackAction,None,1.00,66.2,0
88.05,Utility Enemy 6,Utility,Dead,None,0.00,25.7,0
88.05,Utility Enemy 1,Utility,AttackAction,None,1.00,66.8,0
88.05,Utility Enemy 7,Utility,AttackAction,None,1.00,76.6,0
88.05,Utility Enemy 11,Utility,AttackAction,None,1.00,16.6,0
88.05,Utility Enemy 13,Utility,AttackAction,None,0.75,38.2,0
88.05,Utility Enemy 15,Utility,AttackAction,None,1.00,67.0,0
88.05,Utility Enemy 5,Utility,AttackAction,None,1.00,74.8,0
88.05,Utility Enemy 2,Utility,AttackAction,None,1.00,74.1,0
88.05,Utility Enemy 8,Utility,AttackAction,None,1.00,60.7,0
88.05,Utility Enemy 4,Utility,AttackAction,None,1.00,51.9,0
88.05,Utility Enemy 14,Utility,AttackAction,None,1.00,73.7,0
88.05,Utility Enemy 3,Utility,AttackAction,None,1.00,83.3,0
88.55,Player,Player,-,None,0.89,,0
88.55,FSM Enemy 12,FSM,PatrolState,None,1.00,76.2,0
88.55,FSM Enemy 15,FSM,PatrolState,None,1.00,39.9,0
88.55,FSM Enemy 13,FSM,PatrolState,None,0.90,21.2,0
88.55,FSM Enemy 4,FSM,PatrolState,None,0.40,86.3,0
88.55,FSM Enemy 6,FSM,PatrolState,None,0.35,63.9,0
88.55,FSM Enemy 7,FSM,Dead,None,0.00,32.2,0
88.55,FSM Enemy 3,FSM,PatrolState,None,0.70,87.0,0
88.55,FSM Enemy 5,FSM,Dead,None,0.00,56.3,0
88.55,FSM Enemy 8,FSM,PatrolState,None,1.00,54.0,0
88.55,FSM Enemy 9,FSM,PatrolState,None,1.00,55.4,0
88.55,FSM Enemy 11,FSM,PatrolState,None,1.00,21.1,0
88.55,FSM Enemy 2,FSM,PatrolState,None,1.00,116.6,0
88.55,FSM Enemy 10,FSM,PatrolState,None,1.00,86.5,0
88.55,FSM Enemy 1,FSM,Dead,None,0.00,73.6,0
88.55,FSM Enemy 14,FSM,PatrolState,None,1.00,102.8,0
88.55,Utility Enemy 9,Utility,AttackAction,None,1.00,67.6,0
88.55,Utility Enemy 10,Utility,AttackAction,None,1.00,56.3,0
88.55,Utility Enemy 12,Utility,AttackAction,None,1.00,66.2,0
88.55,Utility Enemy 6,Utility,Dead,None,0.00,25.7,0
88.55,Utility Enemy 1,Utility,AttackAction,None,1.00,66.8,0
88.55,Utility Enemy 7,Utility,AttackAction,None,1.00,76.6,0
88.55,Utility Enemy 11,Utility,AttackAction,None,1.00,16.6,0
88.55,Utility Enemy 13,Utility,AttackAction,None,0.75,38.2,0
88.55,Utility Enemy 15,Utility,AttackAction,None,1.00,67.0,0
88.55,Utility Enemy 5,Utility,AttackAction,None,1.00,74.8,0
88.55,Utility Enemy 2,Utility,AttackAction,None,1.00,74.1,0
88.55,Utility Enemy 8,Utility,AttackAction,None,1.00,60.7,0
88.55,Utility Enemy 4,Utility,AttackAction,None,1.00,51.9,0
88.55,Utility Enemy 14,Utility,AttackAction,None,1.00,73.7,0
88.55,Utility Enemy 3,Utility,AttackAction,None,1.00,83.3,0
89.05,Player,Player,-,None,0.89,,0
89.05,FSM Enemy 12,FSM,PatrolState,None,1.00,77.3,0
89.05,FSM Enemy 15,FSM,PatrolState,None,1.00,38.7,0
89.05,FSM Enemy 13,FSM,PatrolState,None,0.90,21.2,0
89.05,FSM Enemy 4,FSM,PatrolState,None,0.40,87.2,0
89.05,FSM Enemy 6,FSM,PatrolState,None,0.35,63.5,0
89.05,FSM Enemy 7,FSM,Dead,None,0.00,32.2,0
89.05,FSM Enemy 3,FSM,PatrolState,None,0.70,88.1,0
89.05,FSM Enemy 5,FSM,Dead,None,0.00,56.3,0
89.05,FSM Enemy 8,FSM,PatrolState,None,1.00,53.6,0
89.05,FSM Enemy 9,FSM,PatrolState,None,1.00,56.5,0
89.05,FSM Enemy 11,FSM,PatrolState,None,1.00,20.6,0
89.05,FSM Enemy 2,FSM,PatrolState,None,1.00,117.5,0
89.05,FSM Enemy 10,FSM,PatrolState,None,1.00,87.3,0
89.05,FSM Enemy 1,FSM,Dead,None,0.00,73.6,0
89.05,FSM Enemy 14,FSM,PatrolState,None,1.00,102.7,0
89.05,Utility Enemy 9,Utility,AttackAction,None,1.00,67.6,0
89.05,Utility Enemy 10,Utility,AttackAction,None,1.00,56.3,0
89.05,Utility Enemy 12,Utility,AttackAction,None,1.00,66.2,0
89.05,Utility Enemy 6,Utility,Dead,None,0.00,25.7,0
89.05,Utility Enemy 1,Utility,AttackAction,None,1.00,66.8,0
89.05,Utility Enemy 7,Utility,AttackAction,None,1.00,76.6,0
89.05,Utility Enemy 11,Utility,AttackAction,None,1.00,16.6,0
89.05,Utility Enemy 13,Utility,AttackAction,None,0.75,38.2,0
89.05,Utility Enemy 15,Utility,AttackAction,None,1.00,67.0,0
89.05,Utility Enemy 5,Utility,AttackAction,None,1.00,74.8,0
89.05,Utility Enemy 2,Utility,AttackAction,None,1.00,74.1,0
89.05,Utility Enemy 8,Utility,AttackAction,None,1.00,60.7,0
89.05,Utility Enemy 4,Utility,AttackAction,None,1.00,51.9,0
89.05,Utility Enemy 14,Utility,AttackAction,None,1.00,73.7,0
89.05,Utility Enemy 3,Utility,AttackAction,None,1.00,83.3,0
89.56,Player,Player,-,None,0.89,,0
89.56,FSM Enemy 12,FSM,PatrolState,None,1.00,78.3,0
89.56,FSM Enemy 15,FSM,PatrolState,None,1.00,37.6,0
89.56,FSM Enemy 13,FSM,PatrolState,None,0.90,21.4,0
89.56,FSM Enemy 4,FSM,PatrolState,None,0.40,88.2,0
89.56,FSM Enemy 6,FSM,PatrolState,None,0.35,63.2,0
89.56,FSM Enemy 7,FSM,Dead,None,0.00,32.2,0
89.56,FSM Enemy 3,FSM,PatrolState,None,0.70,89.3,0
89.56,FSM Enemy 5,FSM,Dead,None,0.00,56.3,0
89.56,FSM Enemy 8,FSM,PatrolState,None,1.00,53.2,0
89.56,FSM Enemy 9,FSM,PatrolState,None,1.00,57.6,0
89.56,FSM Enemy 11,FSM,PatrolState,None,1.00,19.8,0
89.56,FSM Enemy 2,FSM,PatrolState,None,1.00,118.4,0
89.56,FSM Enemy 10,FSM,PatrolState,None,1.00,88.2,0
89.56,FSM Enemy 1,FSM,Dead,None,0.00,73.6,0
89.56,FSM Enemy 14,FSM,PatrolState,None,1.00,102.6,0
89.56,Utility Enemy 9,Utility,AttackAction,None,1.00,67.6,0
89.56,Utility Enemy 10,Utility,AttackAction,None,1.00,56.3,0
89.56,Utility Enemy 12,Utility,AttackAction,None,1.00,66.2,0
89.56,Utility Enemy 6,Utility,Dead,None,0.00,25.7,0
89.56,Utility Enemy 1,Utility,AttackAction,None,1.00,66.8,0
89.56,Utility Enemy 7,Utility,AttackAction,None,1.00,76.6,0
89.56,Utility Enemy 11,Utility,AttackAction,None,1.00,16.6,0
89.56,Utility Enemy 13,Utility,AttackAction,None,0.75,38.2,0
89.56,Utility Enemy 15,Utility,AttackAction,None,1.00,67.0,0
89.56,Utility Enemy 5,Utility,AttackAction,None,1.00,74.8,0
89.56,Utility Enemy 2,Utility,AttackAction,None,1.00,74.1,0
89.56,Utility Enemy 8,Utility,AttackAction,None,1.00,60.7,0
89.56,Utility Enemy 4,Utility,AttackAction,None,1.00,51.9,0
89.56,Utility Enemy 14,Utility,AttackAction,None,1.00,73.7,0
89.56,Utility Enemy 3,Utility,AttackAction,None,1.00,83.3,0
90.06,Player,Player,-,None,0.89,,0
90.06,FSM Enemy 12,FSM,PatrolState,None,1.00,79.4,0
90.06,FSM Enemy 15,FSM,PatrolState,None,1.00,36.4,0
90.06,FSM Enemy 13,FSM,Dead,None,0.00,21.6,0
90.06,FSM Enemy 4,FSM,PatrolState,None,0.40,88.8,0
90.06,FSM Enemy 6,FSM,PatrolState,None,0.35,63.2,0
90.06,FSM Enemy 7,FSM,Dead,None,0.00,32.2,0
90.06,FSM Enemy 3,FSM,PatrolState,None,0.70,90.5,0
90.06,FSM Enemy 5,FSM,Dead,None,0.00,56.3,0
90.06,FSM Enemy 8,FSM,PatrolState,None,1.00,52.7,0
90.06,FSM Enemy 9,FSM,PatrolState,None,1.00,58.7,0
90.06,FSM Enemy 11,FSM,PatrolState,None,1.00,19.0,0
90.06,FSM Enemy 2,FSM,PatrolState,None,1.00,119.3,0
90.06,FSM Enemy 10,FSM,PatrolState,None,1.00,89.1,0
90.06,FSM Enemy 1,FSM,Dead,None,0.00,73.6,0
90.06,FSM Enemy 14,FSM,PatrolState,None,1.00,102.4,0
90.06,Utility Enemy 9,Utility,AttackAction,None,1.00,67.6,0
90.06,Utility Enemy 10,Utility,AttackAction,None,1.00,56.3,0
90.06,Utility Enemy 12,Utility,AttackAction,None,1.00,66.2,0
90.06,Utility Enemy 6,Utility,Dead,None,0.00,25.7,0
90.06,Utility Enemy 1,Utility,AttackAction,None,1.00,66.8,0
90.06,Utility Enemy 7,Utility,AttackAction,None,1.00,76.6,0
90.06,Utility Enemy 11,Utility,AttackAction,None,1.00,16.6,0
90.06,Utility Enemy 13,Utility,AttackAction,None,0.75,38.2,0
90.06,Utility Enemy 15,Utility,AttackAction,None,1.00,67.0,0
90.06,Utility Enemy 5,Utility,AttackAction,None,1.00,74.8,0
90.06,Utility Enemy 2,Utility,AttackAction,None,1.00,74.1,0
90.06,Utility Enemy 8,Utility,AttackAction,None,1.00,60.7,0
90.06,Utility Enemy 4,Utility,AttackAction,None,1.00,51.9,0
90.06,Utility Enemy 14,Utility,AttackAction,None,1.00,73.7,0
90.06,Utility Enemy 3,Utility,AttackAction,None,1.00,83.3,0
90.56,Player,Player,-,None,0.89,,0
90.56,FSM Enemy 12,FSM,PatrolState,None,1.00,80.5,0
90.56,FSM Enemy 15,FSM,PatrolState,None,1.00,35.2,0
90.56,FSM Enemy 13,FSM,Dead,None,0.00,21.6,0
90.56,FSM Enemy 4,FSM,PatrolState,None,0.40,89.2,0
90.56,FSM Enemy 6,FSM,PatrolState,None,0.35,64.2,0
90.56,FSM Enemy 7,FSM,Dead,None,0.00,32.2,0
90.56,FSM Enemy 3,FSM,PatrolState,None,0.70,91.4,0
90.56,FSM Enemy 5,FSM,Dead,None,0.00,56.3,0
90.56,FSM Enemy 8,FSM,PatrolState,None,1.00,51.6,0
90.56,FSM Enemy 9,FSM,PatrolState,None,1.00,59.8,0
90.56,FSM Enemy 11,FSM,PatrolState,None,1.00,18.3,0
90.56,FSM Enemy 2,FSM,PatrolState,None,1.00,120.3,0
90.56,FSM Enemy 10,FSM,PatrolState,None,1.00,90.0,0
90.56,FSM Enemy 1,FSM,Dead,None,0.00,73.6,0
90.56,FSM Enemy 14,FSM,PatrolState,None,1.00,102.0,0
90.56,Utility Enemy 9,Utility,AttackAction,None,1.00,67.6,0
90.56,Utility Enemy 10,Utility,AttackAction,None,1.00,56.3,0
90.56,Utility Enemy 12,Utility,AttackAction,None,1.00,66.2,0
90.56,Utility Enemy 6,Utility,Dead,None,0.00,25.7,0
90.56,Utility Enemy 1,Utility,AttackAction,None,1.00,66.8,0
90.56,Utility Enemy 7,Utility,AttackAction,None,1.00,76.6,0
90.56,Utility Enemy 11,Utility,AttackAction,None,1.00,16.6,0
90.56,Utility Enemy 13,Utility,AttackAction,None,0.75,38.2,0
90.56,Utility Enemy 15,Utility,AttackAction,None,1.00,67.0,0
90.56,Utility Enemy 5,Utility,AttackAction,None,1.00,74.8,0
90.56,Utility Enemy 2,Utility,AttackAction,None,1.00,74.1,0
90.56,Utility Enemy 8,Utility,AttackAction,None,1.00,60.7,0
90.56,Utility Enemy 4,Utility,AttackAction,None,1.00,51.9,0
90.56,Utility Enemy 14,Utility,AttackAction,None,1.00,73.7,0
90.56,Utility Enemy 3,Utility,AttackAction,None,1.00,83.3,0
91.07,Player,Player,-,None,0.89,,0
91.07,FSM Enemy 12,FSM,PatrolState,None,1.00,81.6,0
91.07,FSM Enemy 15,FSM,PatrolState,None,1.00,34.1,0
91.07,FSM Enemy 13,FSM,Dead,None,0.00,21.6,0
91.07,FSM Enemy 4,FSM,PatrolState,None,0.40,89.6,0
91.07,FSM Enemy 6,FSM,PatrolState,None,0.35,65.2,0
91.07,FSM Enemy 7,FSM,Dead,None,0.00,32.2,0
91.07,FSM Enemy 3,FSM,PatrolState,None,0.70,90.7,0
91.07,FSM Enemy 5,FSM,Dead,None,0.00,56.3,0
91.07,FSM Enemy 8,FSM,PatrolState,None,1.00,50.5,0
91.07,FSM Enemy 9,FSM,PatrolState,None,1.00,60.9,0
91.07,FSM Enemy 11,FSM,PatrolState,None,1.00,17.7,0
91.07,FSM Enemy 2,FSM,PatrolState,None,1.00,121.2,0
91.07,FSM Enemy 10,FSM,PatrolState,None,1.00,90.9,0
91.07,FSM Enemy 1,FSM,Dead,None,0.00,73.6,0
91.07,FSM Enemy 14,FSM,PatrolState,None,1.00,101.6,0
91.07,Utility Enemy 9,Utility,AttackAction,None,1.00,67.6,0
91.07,Utility Enemy 10,Utility,AttackAction,None,1.00,56.3,0
91.07,Utility Enemy 12,Utility,AttackAction,None,1.00,66.2,0
91.07,Utility Enemy 6,Utility,Dead,None,0.00,25.7,0
91.07,Utility Enemy 1,Utility,AttackAction,None,1.00,66.8,0
91.07,Utility Enemy 7,Utility,AttackAction,None,1.00,76.6,0
91.07,Utility Enemy 11,Utility,AttackAction,None,1.00,16.6,0
91.07,Utility Enemy 13,Utility,AttackAction,None,0.75,38.2,0
91.07,Utility Enemy 15,Utility,AttackAction,None,1.00,67.0,0
91.07,Utility Enemy 5,Utility,AttackAction,None,1.00,74.8,0
91.07,Utility Enemy 2,Utility,AttackAction,None,1.00,74.1,0
91.07,Utility Enemy 8,Utility,AttackAction,None,1.00,60.7,0
91.07,Utility Enemy 4,Utility,AttackAction,None,1.00,51.9,0
91.07,Utility Enemy 14,Utility,AttackAction,None,1.00,73.7,0
91.07,Utility Enemy 3,Utility,AttackAction,None,1.00,83.3,0
91.57,Player,Player,-,None,0.89,,0
91.57,FSM Enemy 12,FSM,PatrolState,None,1.00,82.7,0
91.57,FSM Enemy 15,FSM,PatrolState,None,1.00,32.9,0
91.57,FSM Enemy 13,FSM,Dead,None,0.00,21.6,0
91.57,FSM Enemy 4,FSM,PatrolState,None,0.40,90.1,0
91.57,FSM Enemy 6,FSM,PatrolState,None,0.35,66.1,0
91.57,FSM Enemy 7,FSM,Dead,None,0.00,32.2,0
91.57,FSM Enemy 3,FSM,PatrolState,None,0.70,89.9,0
91.57,FSM Enemy 5,FSM,Dead,None,0.00,56.3,0
91.57,FSM Enemy 8,FSM,PatrolState,None,1.00,50.3,0
91.57,FSM Enemy 9,FSM,PatrolState,None,1.00,62.0,0
91.57,FSM Enemy 11,FSM,PatrolState,None,1.00,17.2,0
91.57,FSM Enemy 2,FSM,PatrolState,None,1.00,122.1,0
91.57,FSM Enemy 10,FSM,PatrolState,None,1.00,91.8,0
91.57,FSM Enemy 1,FSM,Dead,None,0.00,73.6,0
91.57,FSM Enemy 14,FSM,PatrolState,None,1.00,101.3,0
91.57,Utility Enemy 9,Utility,AttackAction,None,1.00,67.6,0
91.57,Utility Enemy 10,Utility,AttackAction,None,1.00,56.3,0
91.57,Utility Enemy 12,Utility,AttackAction,None,1.00,66.2,0
91.57,Utility Enemy 6,Utility,Dead,None,0.00,25.7,0
91.57,Utility Enemy 1,Utility,AttackAction,None,1.00,66.8,0
91.57,Utility Enemy 7,Utility,AttackAction,None,1.00,76.6,0
91.57,Utility Enemy 11,Utility,AttackAction,None,1.00,16.6,0
91.57,Utility Enemy 13,Utility,AttackAction,None,0.75,38.2,0
91.57,Utility Enemy 15,Utility,AttackAction,None,1.00,67.0,0
91.57,Utility Enemy 5,Utility,AttackAction,None,1.00,74.8,0
91.57,Utility Enemy 2,Utility,AttackAction,None,1.00,74.1,0
91.57,Utility Enemy 8,Utility,AttackAction,None,1.00,60.7,0
91.57,Utility Enemy 4,Utility,AttackAction,None,1.00,51.9,0
91.57,Utility Enemy 14,Utility,AttackAction,None,1.00,73.7,0
91.57,Utility Enemy 3,Utility,AttackAction,None,1.00,83.3,0
92.08,Player,Player,-,None,0.89,,0
92.08,FSM Enemy 12,FSM,PatrolState,None,1.00,83.8,0
92.08,FSM Enemy 15,FSM,PatrolState,None,1.00,31.9,0
92.08,FSM Enemy 13,FSM,Dead,None,0.00,21.6,0
92.08,FSM Enemy 4,FSM,PatrolState,None,0.40,90.5,0
92.08,FSM Enemy 6,FSM,PatrolState,None,0.35,67.1,0
92.08,FSM Enemy 7,FSM,Dead,None,0.00,32.2,0
92.08,FSM Enemy 3,FSM,PatrolState,None,0.70,89.1,0
92.08,FSM Enemy 5,FSM,Dead,None,0.00,56.3,0
92.08,FSM Enemy 8,FSM,PatrolState,None,1.00,51.4,0
92.08,FSM Enemy 9,FSM,PatrolState,None,1.00,63.2,0
92.08,FSM Enemy 11,FSM,PatrolState,None,1.00,16.7,0
92.08,FSM Enemy 2,FSM,PatrolState,None,1.00,121.3,0
92.08,FSM Enemy 10,FSM,PatrolState,None,1.00,92.7,0
92.08,FSM Enemy 1,FSM,Dead,None,0.00,73.6,0
92.08,FSM Enemy 14,FSM,PatrolState,None,1.00,101.0,0
92.08,Utility Enemy 9,Utility,AttackAction,None,1.00,67.6,0
92.08,Utility Enemy 10,Utility,AttackAction,None,1.00,56.3,0
92.08,Utility Enemy 12,Utility,AttackAction,None,1.00,66.2,0
92.08,Utility Enemy 6,Utility,Dead,None,0.00,25.7,0
92.08,Utility Enemy 1,Utility,AttackAction,None,1.00,66.8,0
92.08,Utility Enemy 7,Utility,AttackAction,None,1.00,76.6,0
92.08,Utility Enemy 11,Utility,AttackAction,None,1.00,16.6,0
92.08,Utility Enemy 13,Utility,AttackAction,None,0.75,38.2,0
92.08,Utility Enemy 15,Utility,AttackAction,None,1.00,67.0,0
92.08,Utility Enemy 5,Utility,AttackAction,None,1.00,74.8,0
92.08,Utility Enemy 2,Utility,AttackAction,None,1.00,74.1,0
92.08,Utility Enemy 8,Utility,AttackAction,None,1.00,60.7,0
92.08,Utility Enemy 4,Utility,AttackAction,None,1.00,51.9,0
92.08,Utility Enemy 14,Utility,AttackAction,None,1.00,73.7,0
92.08,Utility Enemy 3,Utility,AttackAction,None,1.00,83.3,0
92.58,Player,Player,-,None,0.89,,0
92.58,FSM Enemy 12,FSM,PatrolState,None,1.00,84.5,0
92.58,FSM Enemy 15,FSM,PatrolState,None,1.00,30.4,0
92.58,FSM Enemy 13,FSM,Dead,None,0.00,21.5,0
92.58,FSM Enemy 4,FSM,PatrolState,None,0.40,90.6,0
92.58,FSM Enemy 6,FSM,PatrolState,None,0.35,67.7,0
92.58,FSM Enemy 7,FSM,Dead,None,0.00,32.0,0
92.58,FSM Enemy 3,FSM,PatrolState,None,0.70,89.8,0
92.58,FSM Enemy 5,FSM,Dead,None,0.00,56.2,0
92.58,FSM Enemy 8,FSM,PatrolState,None,1.00,52.2,0
92.58,FSM Enemy 9,FSM,PatrolState,None,1.00,63.5,0
92.58,FSM Enemy 11,FSM,PatrolState,None,1.00,16.0,0
92.58,FSM Enemy 2,FSM,PatrolState,None,1.00,120.1,0
92.58,FSM Enemy 10,FSM,PatrolState,None,1.00,93.3,0
92.58,FSM Enemy 1,FSM,Dead,None,0.00,73.6,0
92.58,FSM Enemy 14,FSM,PatrolState,None,1.00,100.3,0
92.58,Utility Enemy 9,Utility,AttackAction,None,1.00,67.2,0
92.58,Utility Enemy 10,Utility,AttackAction,None,1.00,55.9,0
92.58,Utility Enemy 12,Utility,AttackAction,None,1.00,65.8,0
92.58,Utility Enemy 6,Utility,Dead,None,0.00,25.7,0
92.58,Utility Enemy 1,Utility,AttackAction,None,1.00,66.6,0
92.58,Utility Enemy 7,Utility,AttackAction,None,1.00,76.2,0
92.58,Utility Enemy 11,Utility,AttackAction,None,1.00,16.4,0
92.58,Utility Enemy 13,Utility,AttackAction,None,0.75,38.0,0
92.58,Utility Enemy 15,Utility,AttackAction,None,1.00,66.8,0
92.58,Utility Enemy 5,Utility,AttackAction,None,1.00,74.5,0
92.58,Utility Enemy 2,Utility,AttackAction,None,1.00,73.8,0
92.58,Utility Enemy 8,Utility,AttackAction,None,1.00,60.5,0
92.58,Utility Enemy 4,Utility,AttackAction,None,1.00,51.7,0
92.58,Utility Enemy 14,Utility,AttackAction,None,1.00,73.3,0
92.58,Utility Enemy 3,Utility,AttackAction,None,1.00,83.0,0
93.08,Player,Player,-,None,0.89,,0
93.08,FSM Enemy 12,FSM,PatrolState,None,1.00,84.6,0
93.08,FSM Enemy 15,FSM,PatrolState,None,1.00,28.7,0
93.08,FSM Enemy 13,FSM,Dead,None,0.00,21.5,0
93.08,FSM Enemy 4,FSM,PatrolState,None,0.40,90.2,0
93.08,FSM Enemy 6,FSM,PatrolState,None,0.35,67.7,0
93.08,FSM Enemy 7,FSM,Dead,None,0.00,31.6,0
93.08,FSM Enemy 3,FSM,PatrolState,None,0.70,90.5,0
93.08,FSM Enemy 5,FSM,Dead,None,0.00,56.0,0
93.08,FSM Enemy 8,FSM,PatrolState,None,1.00,52.7,0
93.08,FSM Enemy 9,FSM,PatrolState,None,1.00,62.1,0
93.08,FSM Enemy 11,FSM,PatrolState,None,1.00,15.2,0
93.08,FSM Enemy 2,FSM,PatrolState,None,1.00,118.3,0
93.08,FSM Enemy 10,FSM,PatrolState,None,1.00,93.4,0
93.08,FSM Enemy 1,FSM,Dead,None,0.00,73.4,0
93.08,FSM Enemy 14,FSM,PatrolState,None,1.00,99.9,0
93.08,Utility Enemy 9,Utility,AttackAction,None,1.00,66.2,0
93.08,Utility Enemy 10,Utility,AttackAction,None,1.00,54.9,0
93.08,Utility Enemy 12,Utility,AttackAction,None,1.00,64.8,0
93.08,Utility Enemy 6,Utility,Dead,None,0.00,25.5,0
93.08,Utility Enemy 1,Utility,AttackAction,None,1.00,66.2,0
93.08,Utility Enemy 7,Utility,AttackAction,None,1.00,75.2,0
93.08,Utility Enemy 11,Utility,AttackAction,None,1.00,15.7,0
93.08,Utility Enemy 13,Utility,AttackAction,None,0.75,37.4,0
93.08,Utility Enemy 15,Utility,AttackAction,None,1.00,66.4,0
93.08,Utility Enemy 5,Utility,AttackAction,None,1.00,74.0,0
93.08,Utility Enemy 2,Utility,AttackAction,None,1.00,73.1,0
93.08,Utility Enemy 8,Utility,AttackAction,None,1.00,60.2,0
93.08,Utility Enemy 4,Utility,AttackAction,None,1.00,51.2,0
93.08,Utility Enemy 14,Utility,AttackAction,None,1.00,72.4,0
93.08,Utility Enemy 3,Utility,AttackAction,None,1.00,82.1,0
93.59,Player,Player,-,None,0.89,,0
93.59,FSM Enemy 12,FSM,PatrolState,None,1.00,85.3,0
93.59,FSM Enemy 15,FSM,PatrolState,None,1.00,27.6,0
93.59,FSM Enemy 13,FSM,Dead,None,0.00,21.4,0
93.59,FSM Enemy 4,FSM,PatrolState,None,0.40,90.7,0
93.59,FSM Enemy 6,FSM,PatrolState,None,0.35,68.3,0
93.59,FSM Enemy 7,FSM,Dead,None,0.00,31.5,0
93.59,FSM Enemy 3,FSM,PatrolState,None,0.70,91.4,0
93.59,FSM Enemy 5,FSM,Dead,None,0.00,55.9,0
93.59,FSM Enemy 8,FSM,PatrolState,None,1.00,53.6,0
93.59,FSM Enemy 9,FSM,PatrolState,None,1.00,61.3,0
93.59,FSM Enemy 11,FSM,PatrolState,None,1.00,14.8,0
93.59,FSM Enemy 2,FSM,PatrolState,None,1.00,116.9,0
93.59,FSM Enemy 10,FSM,PatrolState,None,1.00,93.8,0
93.59,FSM Enemy 1,FSM,Dead,None,0.00,73.4,0
93.59,FSM Enemy 14,FSM,PatrolState,None,1.00,100.6,0
93.59,Utility Enemy 9,Utility,AttackAction,None,1.00,65.8,0
93.59,Utility Enemy 10,Utility,AttackAction,None,1.00,54.5,0
93.59,Utility Enemy 12,Utility,AttackAction,None,1.00,64.4,0
93.59,Utility Enemy 6,Utility,Dead,None,0.00,25.4,0
93.59,Utility Enemy 1,Utility,AttackAction,None,1.00,66.0,0
93.59,Utility Enemy 7,Utility,AttackAction,None,1.00,74.8,0
93.59,Utility Enemy 11,Utility,AttackAction,None,1.00,15.5,0
93.59,Utility Enemy 13,Utility,AttackAction,None,0.75,37.3,0
93.59,Utility Enemy 15,Utility,AttackAction,None,1.00,66.2,0
93.59,Utility Enemy 5,Utility,AttackAction,None,1.00,73.8,0
93.59,Utility Enemy 2,Utility,AttackAction,None,1.00,72.9,0
93.59,Utility Enemy 8,Utility,AttackAction,None,1.00,60.0,0
93.59,Utility Enemy 4,Utility,AttackAction,None,1.00,51.0,0
93.59,Utility Enemy 14,Utility,AttackAction,None,1.00,72.1,0
93.59,Utility Enemy 3,Utility,AttackAction,None,1.00,81.8,0
94.09,Player,Player,-,None,0.89,,0
94.09,FSM Enemy 12,FSM,PatrolState,None,1.00,84.8,0
94.09,FSM Enemy 15,FSM,PatrolState,None,1.00,26.5,0
94.09,FSM Enemy 13,FSM,Dead,None,0.00,21.4,0
94.09,FSM Enemy 4,FSM,PatrolState,None,0.40,90.9,0
94.09,FSM Enemy 6,FSM,PatrolState,None,0.35,68.8,0
94.09,FSM Enemy 7,FSM,Dead,None,0.00,31.3,0
94.09,FSM Enemy 3,FSM,PatrolState,None,0.70,92.3,0
94.09,FSM Enemy 5,FSM,Dead,None,0.00,55.8,0
94.09,FSM Enemy 8,FSM,PatrolState,None,1.00,54.4,0
94.09,FSM Enemy 9,FSM,PatrolState,None,1.00,60.3,0
94.09,FSM Enemy 11,FSM,PatrolState,None,1.00,14.2,0
94.09,FSM Enemy 2,FSM,PatrolState,None,1.00,115.3,0
94.09,FSM Enemy 10,FSM,PatrolState,None,1.00,93.3,0
94.09,FSM Enemy 1,FSM,Dead,None,0.00,73.3,0
94.09,FSM Enemy 14,FSM,PatrolState,None,1.00,101.2,0
94.09,Utility Enemy 9,Utility,AttackAction,None,1.00,65.3,0
94.09,Utility Enemy 10,Utility,AttackAction,None,1.00,54.0,0
94.09,Utility Enemy 12,Utility,AttackAction,None,1.00,63.9,0
94.09,Utility Enemy 6,Utility,Dead,None,0.00,25.4,0
94.09,Utility Enemy 1,Utility,AttackAction,None,1.00,65.7,0
94.09,Utility Enemy 7,Utility,AttackAction,None,1.00,74.2,0
94.09,Utility Enemy 11,Utility,AttackAction,None,1.00,15.1,0
94.09,Utility Enemy 13,Utility,AttackAction,None,0.75,37.0,0
94.09,Utility Enemy 15,Utility,AttackAction,None,1.00,66.0,0
94.09,Utility Enemy 5,Utility,AttackAction,None,1.00,73.5,0
94.09,Utility Enemy 2,Utility,AttackAction,None,1.00,72.5,0
94.09,Utility Enemy 8,Utility,AttackAction,None,1.00,59.8,0
94.09,Utility Enemy 4,Utility,AttackAction,None,1.00,50.7,0
94.09,Utility Enemy 14,Utility,AttackAction,None,1.00,71.5,0
94.09,Utility Enemy 3,Utility,AttackAction,None,1.00,81.3,0
94.60,Player,Player,-,None,0.89,,0
94.60,FSM Enemy 12,FSM,PatrolState,None,1.00,83.4,0
94.60,FSM Enemy 15,FSM,PatrolState,None,1.00,25.7,0
94.60,FSM Enemy 13,FSM,Dead,None,0.00,21.4,0
94.60,FSM Enemy 4,FSM,PatrolState,None,0.40,91.5,0
94.60,FSM Enemy 6,FSM,PatrolState,None,0.35,69.5,0
94.60,FSM Enemy 7,FSM,Dead,None,0.00,31.2,0
94.60,FSM Enemy 3,FSM,PatrolState,None,0.70,93.3,0
94.60,FSM Enemy 5,FSM,Dead,None,0.00,55.8,0
94.60,FSM Enemy 8,FSM,PatrolState,None,1.00,55.4,0
94.60,FSM Enemy 9,FSM,PatrolState,None,1.00,59.6,0
94.60,FSM Enemy 11,FSM,PatrolState,None,1.00,13.9,0
94.60,FSM Enemy 2,FSM,PatrolState,None,1.00,114.0,0
94.60,FSM Enemy 10,FSM,PatrolState,None,1.00,92.8,0
94.60,FSM Enemy 1,FSM,Dead,None,0.00,73.3,0
94.60,FSM Enemy 14,FSM,PatrolState,None,1.00,102.1,0
94.60,Utility Enemy 9,Utility,AttackAction,None,1.00,65.0,0
94.60,Utility Enemy 10,Utility,AttackAction,None,1.00,53.7,0
94.60,Utility Enemy 12,Utility,AttackAction,None,1.00,63.6,0
94.60,Utility Enemy 6,Utility,Dead,None,0.00,25.3,0
94.60,Utility Enemy 1,Utility,AttackAction,None,1.00,65.6,0
94.60,Utility Enemy 7,Utility,AttackAction,None,1.00,73.9,0
94.60,Utility Enemy 11,Utility,AttackAction,None,1.00,14.9,0
94.60,Utility Enemy 13,Utility,AttackAction,None,0.75,36.8,0
94.60,Utility Enemy 15,Utility,AttackAction,None,1.00,65.9,0
94.60,Utility Enemy 5,Utility,AttackAction,None,1.00,73.3,0
94.60,Utility Enemy 2,Utility,AttackAction,None,1.00,72.3,0
94.60,Utility Enemy 8,Utility,AttackAction,None,1.00,59.7,0
94.60,Utility Enemy 4,Utility,AttackAction,None,1.00,50.5,0
94.60,Utility Enemy 14,Utility,AttackAction,None,1.00,71.3,0
94.60,Utility Enemy 3,Utility,AttackAction,None,1.00,81.1,0
95.10,Player,Player,-,None,0.89,,0
95.10,FSM Enemy 12,FSM,PatrolState,None,1.00,81.4,0
95.10,FSM Enemy 15,FSM,PatrolState,None,1.00,24.5,0
95.10,FSM Enemy 13,FSM,Dead,None,0.00,21.4,0
95.10,FSM Enemy 4,FSM,PatrolState,None,0.40,91.5,0
95.10,FSM Enemy 6,FSM,PatrolState,None,0.35,68.1,0
95.10,FSM Enemy 7,FSM,Dead,None,0.00,30.9,0
95.10,FSM Enemy 3,FSM,PatrolState,None,0.70,94.0,0
95.10,FSM Enemy 5,FSM,Dead,None,0.00,55.7,0
95.10,FSM Enemy 8,FSM,PatrolState,None,1.00,56.1,0
95.10,FSM Enemy 9,FSM,PatrolState,None,1.00,58.5,0
95.10,FSM Enemy 11,FSM,PatrolState,None,1.00,13.4,0
95.10,FSM Enemy 2,FSM,PatrolState,None,1.00,112.4,0
95.10,FSM Enemy 10,FSM,PatrolState,None,1.00,91.9,0
95.10,FSM Enemy 1,FSM,Dead,None,0.00,73.2,0
95.10,FSM Enemy 14,FSM,PatrolState,None,1.00,102.4,0
95.10,Utility Enemy 9,Utility,AttackAction,None,1.00,64.2,0
95.10,Utility Enemy 10,Utility,AttackAction,None,1.00,52.8,0
95.10,Utility Enemy 12,Utility,AttackAction,None,1.00,62.8,0
95.10,Utility Enemy 6,Utility,Dead,None,0.00,25.3,0
95.10,Utility Enemy 1,Utility,AttackAction,None,1.00,65.2,0
95.10,Utility Enemy 7,Utility,AttackAction,None,1.00,73.1,0
95.10,Utility Enemy 11,Utility,AttackAction,None,1.00,14.5,0
95.10,Utility Enemy 13,Utility,AttackAction,None,0.75,36.4,0
95.10,Utility Enemy 15,Utility,AttackAction,None,1.00,65.5,0
95.10,Utility Enemy 5,Utility,AttackAction,None,1.00,72.9,0
95.10,Utility Enemy 2,Utility,AttackAction,None,1.00,71.7,0
95.10,Utility Enemy 8,Utility,AttackAction,None,1.00,59.4,0
95.10,Utility Enemy 4,Utility,AttackAction,None,1.00,50.1,0
95.10,Utility Enemy 14,Utility,AttackAction,None,1.00,70.5,0
95.10,Utility Enemy 3,Utility,AttackAction,None,1.00,80.4,0
95.60,Player,Player,-,None,0.89,,0
95.60,FSM Enemy 12,FSM,PatrolState,None,1.00,78.9,0
95.60,FSM Enemy 15,FSM,PatrolState,None,1.00,23.1,0
95.60,FSM Enemy 13,FSM,Dead,None,0.00,21.6,0
95.60,FSM Enemy 4,FSM,PatrolState,None,0.40,89.8,0
95.60,FSM Enemy 6,FSM,PatrolState,None,0.35,65.7,0
95.60,FSM Enemy 7,FSM,Dead,None,0.00,30.5,0
95.60,FSM Enemy 3,FSM,PatrolState,None,0.70,94.5,0
95.60,FSM Enemy 5,FSM,Dead,None,0.00,55.5,0
95.60,FSM Enemy 8,FSM,PatrolState,None,1.00,56.1,0
95.60,FSM Enemy 9,FSM,PatrolState,None,1.00,56.9,0
95.60,FSM Enemy 11,FSM,PatrolState,None,1.00,12.8,0
95.60,FSM Enemy 2,FSM,PatrolState,None,1.00,110.3,0
95.60,FSM Enemy 10,FSM,PatrolState,None,1.00,90.5,0
95.60,FSM Enemy 1,FSM,Dead,None,0.00,73.1,0
95.60,FSM Enemy 14,FSM,PatrolState,None,1.00,102.3,0
95.60,Utility Enemy 9,Utility,AttackAction,None,1.00,62.8,0
95.60,Utility Enemy 10,Utility,AttackAction,None,1.00,51.4,0
95.60,Utility Enemy 12,Utility,AttackAction,None,1.00,61.4,0
95.60,Utility Enemy 6,Utility,Dead,None,0.00,25.3,0
95.60,Utility Enemy 1,Utility,AttackAction,None,1.00,64.6,0
95.60,Utility Enemy 7,Utility,AttackAction,None,1.00,71.6,0
95.60,Utility Enemy 11,Utility,AttackAction,None,1.00,13.8,0
95.60,Utility Enemy 13,Utility,AttackAction,None,0.75,35.8,0
95.60,Utility Enemy 15,Utility,AttackAction,None,1.00,65.0,0
95.60,Utility Enemy 5,Utility,AttackAction,None,1.00,72.2,0
95.60,Utility Enemy 2,Utility,AttackAction,None,1.00,70.8,0
95.60,Utility Enemy 8,Utility,AttackAction,None,1.00,58.9,0
95.60,Utility Enemy 4,Utility,AttackAction,None,1.00,49.5,0
95.60,Utility Enemy 14,Utility,AttackAction,None,1.00,69.2,0
95.60,Utility Enemy 3,Utility,AttackAction,None,1.00,79.2,0
96.11,Player,Player,-,None,0.89,,0
96.11,FSM Enemy 12,FSM,PatrolState,None,1.00,78.1,0
96.11,FSM Enemy 15,FSM,PatrolState,None,1.00,22.7,0
96.11,FSM Enemy 13,FSM,Dead,None,0.00,21.6,0
96.11,FSM Enemy 4,FSM,PatrolState,None,0.40,88.5,0
96.11,FSM Enemy 6,FSM,PatrolState,None,0.35,64.5,0
96.11,FSM Enemy 7,FSM,PatrolState,None,1.00,88.0,0
96.11,FSM Enemy 3,FSM,PatrolState,None,0.70,95.7,0
96.11,FSM Enemy 5,FSM,Dead,None,0.00,55.5,0
96.11,FSM Enemy 8,FSM,PatrolState,None,1.00,56.6,0
96.11,FSM Enemy 9,FSM,PatrolState,None,1.00,56.6,0
96.11,FSM Enemy 11,FSM,PatrolState,None,1.00,13.0,0
96.11,FSM Enemy 2,FSM,PatrolState,None,1.00,109.4,0
96.11,FSM Enemy 10,FSM,PatrolState,None,1.00,90.3,0
96.11,FSM Enemy 1,FSM,Dead,None,0.00,73.1,0
96.11,FSM Enemy 14,FSM,PatrolState,None,1.00,103.4,0
96.11,Utility Enemy 9,Utility,AttackAction,None,1.00,62.8,0
96.11,Utility Enemy 10,Utility,AttackAction,None,1.00,51.4,0
96.11,Utility Enemy 12,Utility,AttackAction,None,1.00,61.4,0
96.11,Utility Enemy 6,Utility,Dead,None,0.00,25.3,0
96.11,Utility Enemy 1,Utility,AttackAction,None,1.00,64.6,0
96.11,Utility Enemy 7,Utility,AttackAction,None,1.00,71.6,0
96.11,Utility Enemy 11,Utility,AttackAction,None,1.00,13.8,0
96.11,Utility Enemy 13,Utility,AttackAction,None,0.75,35.8,0
96.11,Utility Enemy 15,Utility,AttackAction,None,1.00,65.0,0
96.11,Utility Enemy 5,Utility,AttackAction,None,1.00,72.2,0
96.11,Utility Enemy 2,Utility,AttackAction,None,1.00,70.8,0
96.11,Utility Enemy 8,Utility,AttackAction,None,1.00,58.9,0
96.11,Utility Enemy 4,Utility,AttackAction,None,1.00,49.5,0
96.11,Utility Enemy 14,Utility,AttackAction,None,1.00,69.2,0
96.11,Utility Enemy 3,Utility,AttackAction,None,1.00,79.2,0
96.61,Player,Player,-,None,0.89,,0
96.61,FSM Enemy 12,FSM,PatrolState,None,1.00,78.1,0
96.61,FSM Enemy 15,FSM,PatrolState,None,1.00,22.0,0
96.61,FSM Enemy 13,FSM,Dead,None,0.00,21.6,0
96.61,FSM Enemy 4,FSM,PatrolState,None,0.40,87.3,0
96.61,FSM Enemy 6,FSM,PatrolState,None,0.35,64.4,0
96.61,FSM Enemy 7,FSM,PatrolState,None,1.00,86.9,0
96.61,FSM Enemy 3,FSM,PatrolState,None,0.70,97.0,0
96.61,FSM Enemy 5,FSM,Dead,None,0.00,55.5,0
96.61,FSM Enemy 8,FSM,PatrolState,None,1.00,57.1,0
96.61,FSM Enemy 9,FSM,PatrolState,None,1.00,56.2,0
96.61,FSM Enemy 11,FSM,PatrolState,None,1.00,13.2,0
96.61,FSM Enemy 2,FSM,PatrolState,None,1.00,108.4,0
96.61,FSM Enemy 10,FSM,PatrolState,None,1.00,90.1,0
96.61,FSM Enemy 1,FSM,Dead,None,0.00,73.1,0
96.61,FSM Enemy 14,FSM,PatrolState,None,1.00,104.5,0
96.61,Utility Enemy 9,Utility,AttackAction,None,1.00,62.8,0
96.61,Utility Enemy 10,Utility,AttackAction,None,1.00,51.4,0
96.61,Utility Enemy 12,Utility,AttackAction,None,1.00,61.4,0
96.61,Utility Enemy 6,Utility,Dead,None,0.00,25.3,0
96.61,Utility Enemy 1,Utility,AttackAction,None,1.00,64.6,0
96.61,Utility Enemy 7,Utility,AttackAction,None,1.00,71.6,0
96.61,Utility Enemy 11,Utility,AttackAction,None,1.00,13.8,0
96.61,Utility Enemy 13,Utility,AttackAction,None,0.75,35.8,0
96.61,Utility Enemy 15,Utility,AttackAction,None,1.00,65.0,0
96.61,Utility Enemy 5,Utility,AttackAction,None,1.00,72.2,0
96.61,Utility Enemy 2,Utility,AttackAction,None,1.00,70.8,0
96.61,Utility Enemy 8,Utility,AttackAction,None,1.00,58.9,0
96.61,Utility Enemy 4,Utility,AttackAction,None,1.00,49.5,0
96.61,Utility Enemy 14,Utility,AttackAction,None,1.00,69.2,0
96.61,Utility Enemy 3,Utility,AttackAction,None,1.00,79.2,0
97.12,Player,Player,-,None,0.89,,0
97.12,FSM Enemy 12,FSM,PatrolState,None,1.00,78.0,0
97.12,FSM Enemy 15,FSM,PatrolState,None,1.00,21.2,0
97.12,FSM Enemy 13,FSM,Dead,None,0.00,21.6,0
97.12,FSM Enemy 4,FSM,PatrolState,None,0.40,86.0,0
97.12,FSM Enemy 6,FSM,PatrolState,None,0.35,64.8,0
97.12,FSM Enemy 7,FSM,PatrolState,None,1.00,85.8,0
97.12,FSM Enemy 3,FSM,PatrolState,None,0.70,98.1,0
97.12,FSM Enemy 5,FSM,Dead,None,0.00,55.5,0
97.12,FSM Enemy 8,FSM,PatrolState,None,1.00,57.6,0
97.12,FSM Enemy 9,FSM,PatrolState,None,1.00,55.3,0
97.12,FSM Enemy 11,FSM,PatrolState,None,1.00,13.5,0
97.12,FSM Enemy 2,FSM,PatrolState,None,1.00,107.4,0
97.12,FSM Enemy 10,FSM,PatrolState,None,1.00,89.9,0
97.12,FSM Enemy 1,FSM,Dead,None,0.00,73.1,0
97.12,FSM Enemy 14,FSM,PatrolState,None,1.00,105.6,0
97.12,Utility Enemy 9,Utility,AttackAction,None,1.00,62.8,0
97.12,Utility Enemy 10,Utility,AttackAction,None,1.00,51.4,0
97.12,Utility Enemy 12,Utility,AttackAction,None,1.00,61.4,0
97.12,Utility Enemy 6,Utility,AttackAction,None,1.00,68.6,0
97.12,Utility Enemy 1,Utility,AttackAction,None,1.00,64.6,0
97.12,Utility Enemy 7,Utility,AttackAction,None,1.00,71.6,0
97.12,Utility Enemy 11,Utility,AttackAction,None,1.00,13.8,0
97.12,Utility Enemy 13,Utility,AttackAction,None,0.75,35.8,0
97.12,Utility Enemy 15,Utility,AttackAction,None,1.00,65.0,0
97.12,Utility Enemy 5,Utility,AttackAction,None,1.00,72.2,0
97.12,Utility Enemy 2,Utility,AttackAction,None,1.00,70.8,0
97.12,Utility Enemy 8,Utility,AttackAction,None,1.00,58.9,0
97.12,Utility Enemy 4,Utility,AttackAction,None,1.00,49.5,0
97.12,Utility Enemy 14,Utility,AttackAction,None,1.00,69.2,0
97.12,Utility Enemy 3,Utility,AttackAction,None,1.00,79.2,0
97.62,Player,Player,-,None,0.89,,0
97.62,FSM Enemy 12,FSM,PatrolState,None,1.00,78.1,0
97.62,FSM Enemy 15,FSM,PatrolState,None,1.00,20.4,0
97.62,FSM Enemy 13,FSM,Dead,None,0.00,21.6,0
97.62,FSM Enemy 4,FSM,PatrolState,None,0.40,84.8,0
97.62,FSM Enemy 6,FSM,PatrolState,None,0.35,65.1,0
97.62,FSM Enemy 7,FSM,PatrolState,None,1.00,84.6,0
97.62,FSM Enemy 3,FSM,PatrolState,None,0.70,97.6,0
97.62,FSM Enemy 5,FSM,Dead,None,0.00,55.5,0
97.62,FSM Enemy 8,FSM,PatrolState,None,1.00,58.2,0
97.62,FSM Enemy 9,FSM,PatrolState,None,1.00,54.1,0
97.62,FSM Enemy 11,FSM,PatrolState,None,1.00,14.0,0
97.62,FSM Enemy 2,FSM,PatrolState,None,1.00,106.5,0
97.62,FSM Enemy 10,FSM,PatrolState,None,1.00,89.8,0
97.62,FSM Enemy 1,FSM,Dead,None,0.00,73.1,0
97.62,FSM Enemy 14,FSM,PatrolState,None,1.00,106.7,0
97.62,Utility Enemy 9,Utility,AttackAction,None,1.00,62.8,0
97.62,Utility Enemy 10,Utility,AttackAction,None,1.00,51.4,0
97.62,Utility Enemy 12,Utility,AttackAction,None,1.00,61.4,0
97.62,Utility Enemy 6,Utility,AttackAction,None,1.00,68.6,0
97.62,Utility Enemy 1,Utility,AttackAction,None,1.00,64.6,0
97.62,Utility Enemy 7,Utility,AttackAction,None,1.00,71.6,0
97.62,Utility Enemy 11,Utility,AttackAction,None,1.00,13.8,0
97.62,Utility Enemy 13,Utility,AttackAction,None,0.75,35.8,0
97.62,Utility Enemy 15,Utility,AttackAction,None,1.00,65.0,0
97.62,Utility Enemy 5,Utility,AttackAction,None,1.00,72.2,0
97.62,Utility Enemy 2,Utility,AttackAction,None,1.00,70.8,0
97.62,Utility Enemy 8,Utility,AttackAction,None,1.00,58.9,0
97.62,Utility Enemy 4,Utility,AttackAction,None,1.00,49.5,0
97.62,Utility Enemy 14,Utility,AttackAction,None,1.00,69.2,0
97.62,Utility Enemy 3,Utility,AttackAction,None,1.00,79.2,0
98.13,Player,Player,-,None,0.89,,0
98.13,FSM Enemy 12,FSM,PatrolState,None,1.00,78.1,0
98.13,FSM Enemy 15,FSM,PatrolState,None,1.00,19.7,0
98.13,FSM Enemy 13,FSM,Dead,None,0.00,21.6,0
98.13,FSM Enemy 4,FSM,PatrolState,None,0.40,83.5,0
98.13,FSM Enemy 6,FSM,PatrolState,None,0.35,65.5,0
98.13,FSM Enemy 7,FSM,PatrolState,None,1.00,83.5,0
98.13,FSM Enemy 3,FSM,PatrolState,None,0.70,96.3,0
98.13,FSM Enemy 5,FSM,Dead,None,0.00,55.5,0
98.13,FSM Enemy 8,FSM,PatrolState,None,1.00,58.8,0
98.13,FSM Enemy 9,FSM,PatrolState,None,1.00,53.0,0
98.13,FSM Enemy 11,FSM,PatrolState,None,1.00,14.4,0
98.13,FSM Enemy 2,FSM,PatrolState,None,1.00,105.5,0
98.13,FSM Enemy 10,FSM,PatrolState,None,1.00,89.6,0
98.13,FSM Enemy 1,FSM,Dead,None,0.00,73.1,0
98.13,FSM Enemy 14,FSM,PatrolState,None,1.00,107.9,0
98.13,Utility Enemy 9,Utility,AttackAction,None,1.00,62.8,0
98.13,Utility Enemy 10,Utility,AttackAction,None,1.00,51.4,0
98.13,Utility Enemy 12,Utility,AttackAction,None,1.00,61.4,0
98.13,Utility Enemy 6,Utility,AttackAction,None,1.00,68.6,0
98.13,Utility Enemy 1,Utility,AttackAction,None,1.00,64.6,0
98.13,Utility Enemy 7,Utility,AttackAction,None,1.00,71.6,0
98.13,Utility Enemy 11,Utility,AttackAction,None,1.00,13.8,0
98.13,Utility Enemy 13,Utility,AttackAction,None,0.75,35.8,0
98.13,Utility Enemy 15,Utility,AttackAction,None,1.00,65.0,0
98.13,Utility Enemy 5,Utility,AttackAction,None,1.00,72.2,0
98.13,Utility Enemy 2,Utility,AttackAction,None,1.00,70.8,0
98.13,Utility Enemy 8,Utility,AttackAction,None,1.00,58.9,0
98.13,Utility Enemy 4,Utility,AttackAction,None,1.00,49.5,0
98.13,Utility Enemy 14,Utility,AttackAction,None,1.00,69.2,0
98.13,Utility Enemy 3,Utility,AttackAction,None,1.00,79.2,0
98.63,Player,Player,-,None,0.89,,0
98.63,FSM Enemy 12,FSM,PatrolState,None,1.00,78.0,0
98.63,FSM Enemy 15,FSM,PatrolState,None,1.00,19.1,0
98.63,FSM Enemy 13,FSM,Dead,None,0.00,21.6,0
98.63,FSM Enemy 4,FSM,PatrolState,None,0.40,82.3,0
98.63,FSM Enemy 6,FSM,PatrolState,None,0.35,65.9,0
98.63,FSM Enemy 7,FSM,PatrolState,None,1.00,82.3,0
98.63,FSM Enemy 3,FSM,PatrolState,None,0.70,95.1,0
98.63,FSM Enemy 5,FSM,Dead,None,0.00,55.5,0
98.63,FSM Enemy 8,FSM,PatrolState,None,1.00,59.3,0
98.63,FSM Enemy 9,FSM,PatrolState,None,1.00,51.9,0
98.63,FSM Enemy 11,FSM,PatrolState,None,1.00,14.1,0
98.63,FSM Enemy 2,FSM,PatrolState,None,1.00,104.6,0
98.63,FSM Enemy 10,FSM,PatrolState,None,1.00,89.8,0
98.63,FSM Enemy 1,FSM,Dead,None,0.00,73.1,0
98.63,FSM Enemy 14,FSM,PatrolState,None,1.00,108.9,0
98.63,Utility Enemy 9,Utility,AttackAction,None,1.00,62.8,0
98.63,Utility Enemy 10,Utility,AttackAction,None,1.00,51.4,0
98.63,Utility Enemy 12,Utility,AttackAction,None,1.00,61.4,0
98.63,Utility Enemy 6,Utility,AttackAction,None,1.00,68.6,0
98.63,Utility Enemy 1,Utility,AttackAction,None,1.00,64.6,0
98.63,Utility Enemy 7,Utility,AttackAction,None,1.00,71.6,0
98.63,Utility Enemy 11,Utility,AttackAction,None,1.00,13.8,0
98.63,Utility Enemy 13,Utility,AttackAction,None,0.75,35.8,0
98.63,Utility Enemy 15,Utility,AttackAction,None,1.00,65.0,0
98.63,Utility Enemy 5,Utility,AttackAction,None,1.00,72.2,0
98.63,Utility Enemy 2,Utility,AttackAction,None,1.00,70.8,0
98.63,Utility Enemy 8,Utility,AttackAction,None,1.00,58.9,0
98.63,Utility Enemy 4,Utility,AttackAction,None,1.00,49.5,0
98.63,Utility Enemy 14,Utility,AttackAction,None,1.00,69.2,0
98.63,Utility Enemy 3,Utility,AttackAction,None,1.00,79.2,0
99.13,Player,Player,-,None,0.89,,0
99.13,FSM Enemy 12,FSM,PatrolState,None,1.00,77.4,0
99.13,FSM Enemy 15,FSM,PatrolState,None,1.00,19.6,0
99.13,FSM Enemy 13,FSM,Dead,None,0.00,21.6,0
99.13,FSM Enemy 4,FSM,PatrolState,None,0.40,81.0,0
99.13,FSM Enemy 6,FSM,PatrolState,None,0.35,66.4,0
99.13,FSM Enemy 7,FSM,PatrolState,None,1.00,81.2,0
99.13,FSM Enemy 3,FSM,PatrolState,None,0.70,93.8,0
99.13,FSM Enemy 5,FSM,Dead,None,0.00,55.5,0
99.13,FSM Enemy 8,FSM,PatrolState,None,1.00,59.3,0
99.13,FSM Enemy 9,FSM,PatrolState,None,1.00,50.7,0
99.13,FSM Enemy 11,FSM,PatrolState,None,1.00,13.6,0
99.13,FSM Enemy 2,FSM,PatrolState,None,1.00,103.7,0
99.13,FSM Enemy 10,FSM,PatrolState,None,1.00,91.0,0
99.13,FSM Enemy 1,FSM,Dead,None,0.00,73.1,0
99.13,FSM Enemy 14,FSM,PatrolState,None,1.00,108.2,0
99.13,Utility Enemy 9,Utility,AttackAction,None,1.00,62.8,0
99.13,Utility Enemy 10,Utility,AttackAction,None,1.00,51.4,0
99.13,Utility Enemy 12,Utility,AttackAction,None,1.00,61.4,0
99.13,Utility Enemy 6,Utility,AttackAction,None,1.00,68.6,0
99.13,Utility Enemy 1,Utility,AttackAction,None,1.00,64.6,0
99.13,Utility Enemy 7,Utility,AttackAction,None,1.00,71.6,0
99.13,Utility Enemy 11,Utility,AttackAction,None,1.00,13.8,0
99.13,Utility Enemy 13,Utility,AttackAction,None,0.75,35.8,0
99.13,Utility Enemy 15,Utility,AttackAction,None,1.00,65.0,0
99.13,Utility Enemy 5,Utility,AttackAction,None,1.00,72.2,0
99.13,Utility Enemy 2,Utility,AttackAction,None,1.00,70.8,0
99.13,Utility Enemy 8,Utility,AttackAction,None,1.00,58.9,0
99.13,Utility Enemy 4,Utility,AttackAction,None,1.00,49.5,0
99.13,Utility Enemy 14,Utility,AttackAction,None,1.00,69.2,0
99.13,Utility Enemy 3,Utility,AttackAction,None,1.00,79.2,0
99.63,Player,Player,-,None,0.89,,0
99.63,FSM Enemy 12,FSM,PatrolState,None,1.00,76.8,0
99.63,FSM Enemy 15,FSM,PatrolState,None,1.00,20.4,0
99.63,FSM Enemy 13,FSM,Dead,None,0.00,21.6,0
99.63,FSM Enemy 4,FSM,PatrolState,None,0.40,79.8,0
99.63,FSM Enemy 6,FSM,PatrolState,None,0.35,66.8,0
99.63,FSM Enemy 7,FSM,PatrolState,None,1.00,80.0,0
99.63,FSM Enemy 3,FSM,PatrolState,None,0.70,92.6,0
99.63,FSM Enemy 5,FSM,Dead,None,0.00,55.5,0
99.63,FSM Enemy 8,FSM,PatrolState,None,1.00,59.3,0
99.63,FSM Enemy 9,FSM,PatrolState,None,1.00,49.6,0
99.63,FSM Enemy 11,FSM,PatrolState,None,1.00,13.3,0
99.63,FSM Enemy 2,FSM,PatrolState,None,1.00,103.3,0
99.63,FSM Enemy 10,FSM,PatrolState,None,1.00,92.1,0
99.63,FSM Enemy 1,FSM,Dead,None,0.00,73.1,0
99.63,FSM Enemy 14,FSM,PatrolState,None,1.00,107.1,0
99.63,Utility Enemy 9,Utility,AttackAction,None,1.00,62.8,0
99.63,Utility Enemy 10,Utility,AttackAction,None,1.00,51.4,0
99.63,Utility Enemy 12,Utility,AttackAction,None,1.00,61.4,0
99.63,Utility Enemy 6,Utility,AttackAction,None,1.00,68.6,0
99.63,Utility Enemy 1,Utility,AttackAction,None,1.00,64.6,0
99.63,Utility Enemy 7,Utility,AttackAction,None,1.00,71.6,0
99.63,Utility Enemy 11,Utility,AttackAction,None,1.00,13.8,0
99.63,Utility Enemy 13,Utility,AttackAction,None,0.75,35.8,0
99.63,Utility Enemy 15,Utility,AttackAction,None,1.00,65.0,0
99.63,Utility Enemy 5,Utility,AttackAction,None,1.00,72.2,0
99.63,Utility Enemy 2,Utility,AttackAction,None,1.00,70.8,0
99.63,Utility Enemy 8,Utility,AttackAction,None,1.00,58.9,0
99.63,Utility Enemy 4,Utility,AttackAction,None,1.00,49.5,0
99.63,Utility Enemy 14,Utility,AttackAction,None,1.00,69.2,0
99.63,Utility Enemy 3,Utility,AttackAction,None,1.00,79.2,0
100.13,Player,Player,-,None,0.89,,0
100.13,FSM Enemy 12,FSM,PatrolState,None,1.00,76.2,0
100.13,FSM Enemy 15,FSM,PatrolState,None,1.00,21.1,0
100.13,FSM Enemy 13,FSM,Dead,None,0.00,21.6,0
100.13,FSM Enemy 4,FSM,PatrolState,None,0.40,78.6,0
100.13,FSM Enemy 6,FSM,PatrolState,None,0.35,67.3,0
100.13,FSM Enemy 7,FSM,PatrolState,None,1.00,78.9,0
100.13,FSM Enemy 3,FSM,PatrolState,None,0.70,91.3,0
100.13,FSM Enemy 5,FSM,Dead,None,0.00,55.5,0
100.13,FSM Enemy 8,FSM,PatrolState,None,1.00,59.3,0
100.13,FSM Enemy 9,FSM,PatrolState,None,1.00,48.5,0
100.13,FSM Enemy 11,FSM,PatrolState,None,1.00,13.0,0
100.13,FSM Enemy 2,FSM,PatrolState,None,1.00,104.5,0
100.13,FSM Enemy 10,FSM,PatrolState,None,1.00,93.3,0
100.13,FSM Enemy 1,FSM,PatrolState,None,1.00,107.0,0
100.13,FSM Enemy 14,FSM,PatrolState,None,1.00,106.1,0
100.13,Utility Enemy 9,Utility,AttackAction,None,1.00,62.8,0
100.13,Utility Enemy 10,Utility,Dead,None,0.00,51.4,0
100.13,Utility Enemy 12,Utility,AttackAction,None,1.00,61.4,0
100.13,Utility Enemy 6,Utility,AttackAction,None,1.00,68.6,0
100.13,Utility Enemy 1,Utility,AttackAction,None,1.00,64.6,0
100.13,Utility Enemy 7,Utility,AttackAction,None,1.00,71.6,0
100.13,Utility Enemy 11,Utility,AttackAction,None,1.00,13.8,0
100.13,Utility Enemy 13,Utility,AttackAction,None,0.75,35.8,0
100.13,Utility Enemy 15,Utility,AttackAction,None,1.00,65.0,0
100.13,Utility Enemy 5,Utility,AttackAction,None,1.00,72.2,0
100.13,Utility Enemy 2,Utility,AttackAction,None,1.00,70.8,0
100.13,Utility Enemy 8,Utility,AttackAction,None,1.00,58.9,0
100.13,Utility Enemy 4,Utility,AttackAction,None,1.00,49.5,0
100.13,Utility Enemy 14,Utility,AttackAction,None,1.00,69.2,0
100.13,Utility Enemy 3,Utility,AttackAction,None,1.00,79.2,0
100.64,Player,Player,-,WallDisappear,0.89,,0
100.64,FSM Enemy 12,FSM,ChaseState,WallDisappear,1.00,75.8,0
100.64,FSM Enemy 15,FSM,ChaseState,WallDisappear,1.00,21.8,0
100.64,FSM Enemy 13,FSM,Dead,WallDisappear,0.00,21.6,0
100.64,FSM Enemy 4,FSM,ChaseState,WallDisappear,0.40,77.6,0
100.64,FSM Enemy 6,FSM,ChaseState,WallDisappear,0.35,67.5,0
100.64,FSM Enemy 7,FSM,ChaseState,WallDisappear,1.00,78.0,0
100.64,FSM Enemy 3,FSM,ChaseState,WallDisappear,0.70,90.2,0
100.64,FSM Enemy 5,FSM,Dead,WallDisappear,0.00,55.5,0
100.64,FSM Enemy 8,FSM,ChaseState,WallDisappear,1.00,59.3,0
100.64,FSM Enemy 9,FSM,ChaseState,WallDisappear,1.00,47.4,0
100.64,FSM Enemy 11,FSM,ChaseState,WallDisappear,1.00,12.8,0
100.64,FSM Enemy 2,FSM,ChaseState,WallDisappear,1.00,105.4,0
100.64,FSM Enemy 10,FSM,ChaseState,WallDisappear,1.00,93.9,0
100.64,FSM Enemy 1,FSM,ChaseState,WallDisappear,1.00,106.2,0
100.64,FSM Enemy 14,FSM,ChaseState,WallDisappear,1.00,105.2,0
100.64,Utility Enemy 9,Utility,ChaseAction,WallDisappear,1.00,62.8,0
100.64,Utility Enemy 10,Utility,Dead,WallDisappear,0.00,51.4,0
100.64,Utility Enemy 12,Utility,ChaseAction,WallDisappear,1.00,61.4,0
100.64,Utility Enemy 6,Utility,AttackAction,WallDisappear,1.00,68.6,0
100.64,Utility Enemy 1,Utility,ChaseAction,WallDisappear,1.00,64.6,0
100.64,Utility Enemy 7,Utility,ChaseAction,WallDisappear,1.00,71.6,0
100.64,Utility Enemy 11,Utility,AttackAction,WallDisappear,1.00,13.8,0
100.64,Utility Enemy 13,Utility,ChaseAction,WallDisappear,0.75,35.8,0
100.64,Utility Enemy 15,Utility,ChaseAction,WallDisappear,1.00,65.0,0
100.64,Utility Enemy 5,Utility,ChaseAction,WallDisappear,1.00,72.2,0
100.64,Utility Enemy 2,Utility,ChaseAction,WallDisappear,1.00,70.8,0
100.64,Utility Enemy 8,Utility,ChaseAction,WallDisappear,1.00,58.9,0
100.64,Utility Enemy 4,Utility,ChaseAction,WallDisappear,1.00,49.5,0
100.64,Utility Enemy 14,Utility,ChaseAction,WallDisappear,1.00,69.2,0
100.64,Utility Enemy 3,Utility,ChaseAction,WallDisappear,1.00,79.2,0
101.14,Player,Player,-,WallDisappear,0.89,,0
101.14,FSM Enemy 12,FSM,ChaseState,WallDisappear,1.00,74.5,0
101.14,FSM Enemy 15,FSM,ChaseState,WallDisappear,1.00,23.3,0
101.14,FSM Enemy 13,FSM,Dead,WallDisappear,0.00,21.6,0
101.14,FSM Enemy 4,FSM,ChaseState,WallDisappear,0.40,76.0,0
101.14,FSM Enemy 6,FSM,ChaseState,WallDisappear,0.35,65.9,0
101.14,FSM Enemy 7,FSM,ChaseState,WallDisappear,1.00,76.2,0
101.14,FSM Enemy 3,FSM,ChaseState,WallDisappear,0.70,88.9,0
101.14,FSM Enemy 5,FSM,Dead,WallDisappear,0.00,55.5,0
101.14,FSM Enemy 8,FSM,ChaseState,WallDisappear,1.00,58.3,0
101.14,FSM Enemy 9,FSM,ChaseState,WallDisappear,1.00,48.2,0
101.14,FSM Enemy 11,FSM,ChaseState,WallDisappear,1.00,12.3,0
101.14,FSM Enemy 2,FSM,ChaseState,WallDisappear,1.00,103.6,0
101.14,FSM Enemy 10,FSM,ChaseState,WallDisappear,1.00,91.9,0
101.14,FSM Enemy 1,FSM,ChaseState,WallDisappear,1.00,104.6,0
101.14,FSM Enemy 14,FSM,ChaseState,WallDisappear,1.00,103.6,0
101.14,Utility Enemy 9,Utility,ChaseAction,WallDisappear,1.00,61.7,0
101.14,Utility Enemy 10,Utility,Dead,WallDisappear,0.00,51.4,0
101.14,Utility Enemy 12,Utility,ChaseAction,WallDisappear,1.00,60.3,0
101.14,Utility Enemy 6,Utility,ChaseAction,WallDisappear,1.00,67.5,0
101.14,Utility Enemy 1,Utility,ChaseAction,WallDisappear,1.00,63.8,0
101.14,Utility Enemy 7,Utility,ChaseAction,WallDisappear,1.00,70.5,0
101.14,Utility Enemy 11,Utility,ChaseAction,WallDisappear,1.00,13.8,0
101.14,Utility Enemy 13,Utility,ChaseAction,WallDisappear,0.75,36.9,0
101.14,Utility Enemy 15,Utility,ChaseAction,WallDisappear,1.00,64.5,0
101.14,Utility Enemy 5,Utility,ChaseAction,WallDisappear,1.00,70.9,0
101.14,Utility Enemy 2,Utility,ChaseAction,WallDisappear,1.00,69.3,0
101.14,Utility Enemy 8,Utility,ChaseAction,WallDisappear,1.00,58.3,0
101.14,Utility Enemy 4,Utility,ChaseAction,WallDisappear,1.00,50.2,0
101.14,Utility Enemy 14,Utility,ChaseAction,WallDisappear,1.00,67.9,0
101.14,Utility Enemy 3,Utility,ChaseAction,WallDisappear,1.00,77.7,0
101.64,Player,Player,-,WallDisappear,0.89,,0
101.64,FSM Enemy 12,FSM,ChaseState,WallDisappear,1.00,72.9,0
101.64,FSM Enemy 15,FSM,ChaseState,WallDisappear,1.00,25.3,0
101.64,FSM Enemy 13,FSM,Dead,WallDisappear,0.00,21.6,0
101.64,FSM Enemy 4,FSM,ChaseState,WallDisappear,0.40,74.3,0
101.64,FSM Enemy 6,FSM,ChaseState,WallDisappear,0.35,64.1,0
101.64,FSM Enemy 7,FSM,ChaseState,WallDisappear,1.00,74.1,0
101.64,FSM Enemy 3,FSM,ChaseState,WallDisappear,0.70,87.3,0
101.64,FSM Enemy 5,FSM,Dead,WallDisappear,0.00,55.5,0
101.64,FSM Enemy 8,FSM,ChaseState,WallDisappear,1.00,56.8,0
101.64,FSM Enemy 9,FSM,ChaseState,WallDisappear,1.00,49.7,0
101.64,FSM Enemy 11,FSM,ChaseState,WallDisappear,1.00,12.3,0
101.64,FSM Enemy 2,FSM,ChaseState,WallDisappear,1.00,101.4,0
101.64,FSM Enemy 10,FSM,ChaseState,WallDisappear,1.00,89.7,0
101.64,FSM Enemy 1,FSM,ChaseState,WallDisappear,1.00,102.6,0
101.64,FSM Enemy 14,FSM,ChaseState,WallDisappear,1.00,101.5,0
101.64,Utility Enemy 9,Utility,ChaseAction,WallDisappear,1.00,59.9,0
101.64,Utility Enemy 10,Utility,Dead,WallDisappear,0.00,51.4,0
101.64,Utility Enemy 12,Utility,ChaseAction,WallDisappear,1.00,58.7,0
101.64,Utility Enemy 6,Utility,ChaseAction,WallDisappear,1.00,65.2,0
101.64,Utility Enemy 1,Utility,ChaseAction,WallDisappear,1.00,62.6,0
101.64,Utility Enemy 7,Utility,ChaseAction,WallDisappear,1.00,68.6,0
101.64,Utility Enemy 11,Utility,ChaseAction,WallDisappear,1.00,13.8,0
101.64,Utility Enemy 13,Utility,ChaseAction,WallDisappear,0.75,38.5,0
101.64,Utility Enemy 15,Utility,ChaseAction,WallDisappear,1.00,63.6,0
101.64,Utility Enemy 5,Utility,ChaseAction,WallDisappear,1.00,69.0,0
101.64,Utility Enemy 2,Utility,ChaseAction,WallDisappear,1.00,67.1,0
101.64,Utility Enemy 8,Utility,ChaseAction,WallDisappear,1.00,57.6,0
101.64,Utility Enemy 4,Utility,ChaseAction,WallDisappear,1.00,51.2,0
101.64,Utility Enemy 14,Utility,ChaseAction,WallDisappear,1.00,66.2,0
101.64,Utility Enemy 3,Utility,ChaseAction,WallDisappear,1.00,75.7,0
102.14,Player,Player,-,WallDisappear,0.89,,0
102.14,FSM Enemy 12,FSM,ChaseState,WallDisappear,1.00,71.2,0
102.14,FSM Enemy 15,FSM,ChaseState,WallDisappear,1.00,27.3,0
102.14,FSM Enemy 13,FSM,Dead,WallDisappear,0.00,21.6,0
102.14,FSM Enemy 4,FSM,ChaseState,WallDisappear,0.40,72.5,0
102.14,FSM Enemy 6,FSM,ChaseState,WallDisappear,0.35,62.3,0
102.14,FSM Enemy 7,FSM,ChaseState,WallDisappear,1.00,71.9,0
102.14,FSM Enemy 3,FSM,ChaseState,WallDisappear,0.70,85.7,0
102.14,FSM Enemy 5,FSM,Dead,WallDisappear,0.00,55.5,0
102.14,FSM Enemy 8,FSM,ChaseState,WallDisappear,1.00,55.2,0
102.14,FSM Enemy 9,FSM,ChaseState,WallDisappear,1.00,51.3,0
102.14,FSM Enemy 11,FSM,ChaseState,WallDisappear,1.00,12.3,0
102.14,FSM Enemy 2,FSM,ChaseState,WallDisappear,1.00,99.1,0
102.14,FSM Enemy 10,FSM,ChaseState,WallDisappear,1.00,87.5,0
102.14,FSM Enemy 1,FSM,ChaseState,WallDisappear,1.00,100.5,0
102.14,FSM Enemy 14,FSM,ChaseState,WallDisappear,1.00,99.5,0
102.14,Utility Enemy 9,Utility,ChaseAction,WallDisappear,1.00,58.2,0
102.14,Utility Enemy 10,Utility,Dead,WallDisappear,0.00,51.4,0
102.14,Utility Enemy 12,Utility,ChaseAction,WallDisappear,1.00,57.6,0
102.14,Utility Enemy 6,Utility,ChaseAction,WallDisappear,1.00,63.0,0
102.14,Utility Enemy 1,Utility,ChaseAction,WallDisappear,1.00,61.2,0
102.14,Utility Enemy 7,Utility,ChaseAction,WallDisappear,1.00,66.8,0
102.14,Utility Enemy 11,Utility,ChaseAction,WallDisappear,1.00,13.8,0
102.14,Utility Enemy 13,Utility,ChaseAction,WallDisappear,0.75,40.1,0
102.14,Utility Enemy 15,Utility,ChaseAction,WallDisappear,1.00,62.8,0
102.14,Utility Enemy 5,Utility,ChaseAction,WallDisappear,1.00,67.0,0
102.14,Utility Enemy 2,Utility,ChaseAction,WallDisappear,1.00,64.9,0
102.14,Utility Enemy 8,Utility,ChaseAction,WallDisappear,1.00,56.8,0
102.14,Utility Enemy 4,Utility,ChaseAction,WallDisappear,1.00,51.5,0
102.14,Utility Enemy 14,Utility,ChaseAction,WallDisappear,1.00,64.5,0
102.14,Utility Enemy 3,Utility,ChaseAction,WallDisappear,1.00,73.7,0
102.64,Player,Player,-,WallDisappear,0.89,,0
102.64,FSM Enemy 12,FSM,ChaseState,WallDisappear,1.00,70.5,0
102.64,FSM Enemy 15,FSM,ChaseState,WallDisappear,1.00,30.5,0
102.64,FSM Enemy 13,FSM,Dead,WallDisappear,0.00,22.4,0
102.64,FSM Enemy 4,FSM,ChaseState,WallDisappear,0.40,72.1,0
102.64,FSM Enemy 6,FSM,ChaseState,WallDisappear,0.35,61.6,0
102.64,FSM Enemy 7,FSM,ChaseState,WallDisappear,1.00,70.9,0
102.64,FSM Enemy 3,FSM,ChaseState,WallDisappear,0.70,85.1,0
102.64,FSM Enemy 5,FSM,Dead,WallDisappear,0.00,56.3,0
102.64,FSM Enemy 8,FSM,ChaseState,WallDisappear,1.00,55.2,0
102.64,FSM Enemy 9,FSM,ChaseState,WallDisappear,1.00,54.1,0
102.64,FSM Enemy 11,FSM,ChaseState,WallDisappear,1.00,13.4,0
102.64,FSM Enemy 2,FSM,ChaseState,WallDisappear,1.00,98.0,0
102.64,FSM Enemy 10,FSM,ChaseState,WallDisappear,1.00,86.4,0
102.64,FSM Enemy 1,FSM,ChaseState,WallDisappear,1.00,99.5,0
102.64,FSM Enemy 14,FSM,ChaseState,WallDisappear,1.00,98.6,0
102.64,Utility Enemy 9,Utility,ChaseAction,WallDisappear,1.00,58.4,0
102.64,Utility Enemy 10,Utility,Dead,WallDisappear,0.00,52.5,0
102.64,Utility Enemy 12,Utility,ChaseAction,WallDisappear,1.00,57.9,0
102.64,Utility Enemy 6,Utility,ChaseAction,WallDisappear,1.00,61.7,0
102.64,Utility Enemy 1,Utility,ChaseAction,WallDisappear,1.00,60.9,0
102.64,Utility Enemy 7,Utility,ChaseAction,WallDisappear,1.00,66.1,0
102.64,Utility Enemy 11,Utility,ChaseAction,WallDisappear,1.00,14.8,0
102.64,Utility Enemy 13,Utility,ChaseAction,WallDisappear,0.75,43.0,0
102.64,Utility Enemy 15,Utility,ChaseAction,WallDisappear,1.00,62.8,0
102.64,Utility Enemy 5,Utility,ChaseAction,WallDisappear,1.00,66.1,0
102.64,Utility Enemy 2,Utility,ChaseAction,WallDisappear,1.00,63.9,0
102.64,Utility Enemy 8,Utility,ChaseAction,WallDisappear,1.00,57.1,0
102.64,Utility Enemy 4,Utility,ChaseAction,WallDisappear,1.00,52.9,0
102.64,Utility Enemy 14,Utility,ChaseAction,WallDisappear,1.00,64.0,0
102.64,Utility Enemy 3,Utility,ChaseAction,WallDisappear,1.00,72.8,0
103.15,Player,Player,-,WallDisappear,0.89,,0
103.15,FSM Enemy 12,FSM,ChaseState,WallDisappear,1.00,70.6,0
103.15,FSM Enemy 15,FSM,ChaseState,WallDisappear,1.00,33.9,0
103.15,FSM Enemy 13,FSM,Dead,WallDisappear,0.00,22.5,0
103.15,FSM Enemy 4,FSM,ChaseState,WallDisappear,0.40,72.5,0
103.15,FSM Enemy 6,FSM,ChaseState,WallDisappear,0.35,61.9,0
103.15,FSM Enemy 7,FSM,ChaseState,WallDisappear,1.00,70.6,0
103.15,FSM Enemy 3,FSM,ChaseState,WallDisappear,0.70,84.5,0
103.15,FSM Enemy 5,FSM,PatrolState,WallDisappear,1.00,16.0,0
103.15,FSM Enemy 8,FSM,ChaseState,WallDisappear,1.00,55.7,0
103.15,FSM Enemy 9,FSM,ChaseState,WallDisappear,1.00,57.1,0
103.15,FSM Enemy 11,FSM,ChaseState,WallDisappear,1.00,14.5,0
103.15,FSM Enemy 2,FSM,ChaseState,WallDisappear,1.00,97.0,0
103.15,FSM Enemy 10,FSM,ChaseState,WallDisappear,1.00,85.5,0
103.15,FSM Enemy 1,FSM,ChaseState,WallDisappear,1.00,98.8,0
103.15,FSM Enemy 14,FSM,ChaseState,WallDisappear,1.00,98.2,0
103.15,Utility Enemy 9,Utility,ChaseAction,WallDisappear,1.00,59.5,0
103.15,Utility Enemy 10,Utility,Dead,WallDisappear,0.00,54.5,0
103.15,Utility Enemy 12,Utility,ChaseAction,WallDisappear,1.00,59.0,0
103.15,Utility Enemy 6,Utility,ChaseAction,WallDisappear,1.00,60.6,0
103.15,Utility Enemy 1,Utility,ChaseAction,WallDisappear,1.00,60.7,0
103.15,Utility Enemy 7,Utility,ChaseAction,WallDisappear,1.00,66.3,0
103.15,Utility Enemy 11,Utility,ChaseAction,WallDisappear,1.00,16.3,0
103.15,Utility Enemy 13,Utility,ChaseAction,WallDisappear,0.75,45.9,0
103.15,Utility Enemy 15,Utility,ChaseAction,WallDisappear,1.00,62.4,0
103.15,Utility Enemy 5,Utility,ChaseAction,WallDisappear,1.00,65.3,0
103.15,Utility Enemy 2,Utility,ChaseAction,WallDisappear,1.00,63.0,0
103.15,Utility Enemy 8,Utility,ChaseAction,WallDisappear,1.00,57.4,0
103.15,Utility Enemy 4,Utility,ChaseAction,WallDisappear,1.00,54.5,0
103.15,Utility Enemy 14,Utility,ChaseAction,WallDisappear,1.00,64.0,0
103.15,Utility Enemy 3,Utility,ChaseAction,WallDisappear,1.00,72.4,0
103.65,Player,Player,-,WallDisappear,0.89,,0
103.65,FSM Enemy 12,FSM,ChaseState,WallDisappear,1.00,69.4,0
103.65,FSM Enemy 15,FSM,ChaseState,WallDisappear,1.00,35.9,0
103.65,FSM Enemy 13,FSM,Dead,WallDisappear,0.00,21.9,0
103.65,FSM Enemy 4,FSM,ChaseState,WallDisappear,0.40,71.5,0
103.65,FSM Enemy 6,FSM,ChaseState,WallDisappear,0.35,60.9,0
103.65,FSM Enemy 7,FSM,ChaseState,WallDisappear,1.00,68.8,0
103.65,FSM Enemy 3,FSM,ChaseState,WallDisappear,0.70,82.6,0
103.65,FSM Enemy 5,FSM,PatrolState,WallDisappear,1.00,15.9,0
103.65,FSM Enemy 8,FSM,ChaseState,WallDisappear,1.00,56.9,0
103.65,FSM Enemy 9,FSM,ChaseState,WallDisappear,1.00,57.5,0
103.65,FSM Enemy 11,FSM,ChaseState,WallDisappear,1.00,14.5,0
103.65,FSM Enemy 2,FSM,ChaseState,WallDisappear,1.00,94.9,0
103.65,FSM Enemy 10,FSM,ChaseState,WallDisappear,1.00,83.4,0
103.65,FSM Enemy 1,FSM,ChaseState,WallDisappear,1.00,96.7,0
103.65,FSM Enemy 14,FSM,ChaseState,WallDisappear,1.00,96.4,0
103.65,Utility Enemy 9,Utility,ChaseAction,WallDisappear,1.00,59.1,0
103.65,Utility Enemy 10,Utility,Dead,WallDisappear,0.00,55.1,0
103.65,Utility Enemy 12,Utility,ChaseAction,WallDisappear,1.00,58.6,0
103.65,Utility Enemy 6,Utility,ChaseAction,WallDisappear,1.00,58.4,0
103.65,Utility Enemy 1,Utility,ChaseAction,WallDisappear,1.00,59.5,0
103.65,Utility Enemy 7,Utility,ChaseAction,WallDisappear,1.00,65.1,0
103.65,Utility Enemy 11,Utility,ChaseAction,WallDisappear,1.00,16.5,0
103.65,Utility Enemy 13,Utility,ChaseAction,WallDisappear,0.75,47.8,0
103.65,Utility Enemy 15,Utility,ChaseAction,WallDisappear,1.00,61.1,0
103.65,Utility Enemy 5,Utility,ChaseAction,WallDisappear,1.00,63.4,0
103.65,Utility Enemy 2,Utility,ChaseAction,WallDisappear,1.00,60.9,0
103.65,Utility Enemy 8,Utility,ChaseAction,WallDisappear,1.00,56.8,0
103.65,Utility Enemy 4,Utility,ChaseAction,WallDisappear,1.00,55.1,0
103.65,Utility Enemy 14,Utility,ChaseAction,WallDisappear,1.00,62.6,0
103.65,Utility Enemy 3,Utility,ChaseAction,WallDisappear,1.00,70.5,0
104.16,Player,Player,-,WallDisappear,0.89,,0
104.16,FSM Enemy 12,FSM,ChaseState,WallDisappear,1.00,67.0,0
104.16,FSM Enemy 15,FSM,ChaseState,WallDisappear,1.00,37.0,0
104.16,FSM Enemy 13,FSM,Dead,WallDisappear,0.00,20.8,0
104.16,FSM Enemy 4,FSM,ChaseState,WallDisappear,0.40,69.4,0
104.16,FSM Enemy 6,FSM,ChaseState,WallDisappear,0.35,58.7,0
104.16,FSM Enemy 7,FSM,ChaseState,WallDisappear,1.00,65.9,0
104.16,FSM Enemy 3,FSM,ChaseState,WallDisappear,0.70,79.9,0
104.16,FSM Enemy 5,FSM,PatrolState,WallDisappear,1.00,15.0,0
104.16,FSM Enemy 8,FSM,ChaseState,WallDisappear,1.00,56.1,0
104.16,FSM Enemy 9,FSM,ChaseState,WallDisappear,1.00,56.6,0
104.16,FSM Enemy 11,FSM,ChaseState,WallDisappear,1.00,13.8,1
104.16,FSM Enemy 2,FSM,ChaseState,WallDisappear,1.00,91.7,0
104.16,FSM Enemy 10,FSM,ChaseState,WallDisappear,1.00,80.3,0
104.16,FSM Enemy 1,FSM,ChaseState,WallDisappear,1.00,93.5,0
104.16,FSM Enemy 14,FSM,ChaseState,WallDisappear,1.00,93.6,0
104.16,Utility Enemy 9,Utility,ChaseAction,WallDisappear,1.00,57.6,0
104.16,Utility Enemy 10,Utility,Dead,WallDisappear,0.00,54.5,0
104.16,Utility Enemy 12,Utility,ChaseAction,WallDisappear,1.00,57.2,0
104.16,Utility Enemy 6,Utility,ChaseAction,WallDisappear,1.00,55.2,0
104.16,Utility Enemy 1,Utility,ChaseAction,WallDisappear,1.00,57.5,0
104.16,Utility Enemy 7,Utility,ChaseAction,WallDisappear,1.00,62.7,0
104.16,Utility Enemy 11,Utility,ChaseAction,WallDisappear,1.00,16.0,0
104.16,Utility Enemy 13,Utility,ChaseAction,WallDisappear,0.75,48.7,0
104.16,Utility Enemy 15,Utility,ChaseAction,WallDisappear,1.00,59.0,0
104.16,Utility Enemy 5,Utility,ChaseAction,WallDisappear,1.00,60.7,0
104.16,Utility Enemy 2,Utility,ChaseAction,WallDisappear,1.00,57.8,0
104.16,Utility Enemy 8,Utility,ChaseAction,WallDisappear,1.00,55.5,0
104.16,Utility Enemy 4,Utility,ChaseAction,WallDisappear,1.00,54.7,0
104.16,Utility Enemy 14,Utility,ChaseAction,WallDisappear,1.00,60.2,0
104.16,Utility Enemy 3,Utility,ChaseAction,WallDisappear,1.00,67.5,0
104.66,Player,Player,-,WallDisappear,0.89,,0
104.66,FSM Enemy 12,FSM,ChaseState,WallDisappear,1.00,64.6,0
104.66,FSM Enemy 15,FSM,ChaseState,WallDisappear,1.00,38.1,0
104.66,FSM Enemy 13,FSM,Dead,WallDisappear,0.00,18.9,0
104.66,FSM Enemy 4,FSM,ChaseState,WallDisappear,0.40,67.4,0
104.66,FSM Enemy 6,FSM,ChaseState,WallDisappear,0.35,56.4,0
104.66,FSM Enemy 7,FSM,ChaseState,WallDisappear,1.00,63.3,0
104.66,FSM Enemy 3,FSM,ChaseState,WallDisappear,0.70,77.6,0
104.66,FSM Enemy 5,FSM,PatrolState,WallDisappear,1.00,12.4,0
104.66,FSM Enemy 8,FSM,ChaseState,WallDisappear,1.00,55.3,0
104.66,FSM Enemy 9,FSM,ChaseState,WallDisappear,1.00,55.8,0
104.66,FSM Enemy 11,FSM,ChaseState,WallDisappear,1.00,10.9,1
104.66,FSM Enemy 2,FSM,ChaseState,WallDisappear,1.00,88.9,0
104.66,FSM Enemy 10,FSM,ChaseState,WallDisappear,1.00,77.4,0
104.66,FSM Enemy 1,FSM,ChaseState,WallDisappear,1.00,90.7,0
104.66,FSM Enemy 14,FSM,ChaseState,WallDisappear,1.00,91.0,0
104.66,Utility Enemy 9,Utility,ChaseAction,WallDisappear,1.00,56.2,0
104.66,Utility Enemy 10,Utility,Dead,WallDisappear,0.00,53.8,0
104.66,Utility Enemy 12,Utility,ChaseAction,WallDisappear,1.00,55.9,0
104.66,Utility Enemy 6,Utility,ChaseAction,WallDisappear,1.00,52.5,0
104.66,Utility Enemy 1,Utility,ChaseAction,WallDisappear,1.00,55.8,0
104.66,Utility Enemy 7,Utility,ChaseAction,WallDisappear,1.00,60.4,0
104.66,Utility Enemy 11,Utility,ChaseAction,WallDisappear,1.00,13.7,0
104.66,Utility Enemy 13,Utility,ChaseAction,WallDisappear,0.75,49.8,0
104.66,Utility Enemy 15,Utility,ChaseAction,WallDisappear,1.00,57.1,0
104.66,Utility Enemy 5,Utility,ChaseAction,WallDisappear,1.00,58.4,0
104.66,Utility Enemy 2,Utility,ChaseAction,WallDisappear,1.00,54.9,0
104.66,Utility Enemy 8,Utility,ChaseAction,WallDisappear,1.00,54.4,0
104.66,Utility Enemy 4,Utility,ChaseAction,WallDisappear,1.00,54.9,0
104.66,Utility Enemy 14,Utility,ChaseAction,WallDisappear,1.00,57.9,0
104.66,Utility Enemy 3,Utility,ChaseAction,WallDisappear,1.00,64.6,0
105.16,Player,Player,-,WallDisappear,0.89,,0
105.16,FSM Enemy 12,FSM,ChaseState,WallDisappear,1.00,62.3,0
105.16,FSM Enemy 15,FSM,ChaseState,WallDisappear,1.00,39.4,0
105.16,FSM Enemy 13,FSM,PatrolState,WallDisappear,1.00,32.3,0
105.16,FSM Enemy 4,FSM,ChaseState,WallDisappear,0.40,65.5,0
105.16,FSM Enemy 6,FSM,ChaseState,WallDisappear,0.35,54.1,0
105.16,FSM Enemy 7,FSM,ChaseState,WallDisappear,1.00,60.9,0
105.16,FSM Enemy 3,FSM,ChaseState,WallDisappear,0.70,75.4,0
105.16,FSM Enemy 5,FSM,PatrolState,WallDisappear,1.00,9.2,0
105.16,FSM Enemy 8,FSM,ChaseState,WallDisappear,1.00,54.5,0
105.16,FSM Enemy 9,FSM,ChaseState,WallDisappear,1.00,55.0,0
105.16,FSM Enemy 11,FSM,ChaseState,WallDisappear,1.00,6.2,1
105.16,FSM Enemy 2,FSM,ChaseState,WallDisappear,1.00,86.3,0
105.16,FSM Enemy 10,FSM,ChaseState,WallDisappear,1.00,74.7,0
105.16,FSM Enemy 1,FSM,ChaseState,WallDisappear,1.00,88.0,0
105.16,FSM Enemy 14,FSM,ChaseState,WallDisappear,1.00,88.3,0
105.16,Utility Enemy 9,Utility,ChaseAction,WallDisappear,1.00,55.2,0
105.16,Utility Enemy 10,Utility,Dead,WallDisappear,0.00,53.1,0
105.16,Utility Enemy 12,Utility,ChaseAction,WallDisappear,1.00,54.7,0
105.16,Utility Enemy 6,Utility,ChaseAction,WallDisappear,1.00,50.1,0
105.16,Utility Enemy 1,Utility,ChaseAction,WallDisappear,1.00,54.3,0
105.16,Utility Enemy 7,Utility,ChaseAction,WallDisappear,1.00,58.7,0
105.16,Utility Enemy 11,Utility,ChaseAction,WallDisappear,1.00,10.8,0
105.16,Utility Enemy 13,Utility,ChaseAction,WallDisappear,0.75,50.6,0
105.16,Utility Enemy 15,Utility,ChaseAction,WallDisappear,1.00,55.3,0
105.16,Utility Enemy 5,Utility,ChaseAction,WallDisappear,1.00,56.5,0
105.16,Utility Enemy 2,Utility,ChaseAction,WallDisappear,1.00,53.4,0
105.16,Utility Enemy 8,Utility,ChaseAction,WallDisappear,1.00,53.6,0
105.16,Utility Enemy 4,Utility,ChaseAction,WallDisappear,1.00,54.4,0
105.16,Utility Enemy 14,Utility,ChaseAction,WallDisappear,1.00,55.7,0
105.16,Utility Enemy 3,Utility,ChaseAction,WallDisappear,1.00,61.8,0
105.67,Player,Player,-,None,0.89,,0
105.67,FSM Enemy 12,FSM,PatrolState,None,1.00,61.0,0
105.67,FSM Enemy 15,FSM,PatrolState,None,1.00,40.8,0
105.67,FSM Enemy 13,FSM,PatrolState,None,1.00,30.6,0
105.67,FSM Enemy 4,FSM,PatrolState,None,0.40,63.9,0
105.67,FSM Enemy 6,FSM,PatrolState,None,0.35,53.1,0
105.67,FSM Enemy 7,FSM,PatrolState,None,1.00,59.2,0
105.67,FSM Enemy 3,FSM,PatrolState,None,0.70,73.8,0
105.67,FSM Enemy 5,FSM,PatrolState,None,1.00,9.0,0
105.67,FSM Enemy 8,FSM,PatrolState,None,1.00,53.6,0
105.67,FSM Enemy 9,FSM,PatrolState,None,1.00,54.3,0
105.67,FSM Enemy 11,FSM,AttackState,None,1.00,4.0,1
105.67,FSM Enemy 2,FSM,PatrolState,None,1.00,83.7,0
105.67,FSM Enemy 10,FSM,PatrolState,None,1.00,72.2,0
105.67,FSM Enemy 1,FSM,PatrolState,None,1.00,86.1,0
105.67,FSM Enemy 14,FSM,PatrolState,None,1.00,86.8,0
105.67,Utility Enemy 9,Utility,AttackAction,None,1.00,54.4,0
105.67,Utility Enemy 10,Utility,Dead,None,0.00,52.8,0
105.67,Utility Enemy 12,Utility,AttackAction,None,1.00,53.9,0
105.67,Utility Enemy 6,Utility,AttackAction,None,1.00,47.5,0
105.67,Utility Enemy 1,Utility,AttackAction,None,1.00,53.0,0
105.67,Utility Enemy 7,Utility,AttackAction,None,1.00,57.4,0
105.67,Utility Enemy 11,Utility,AttackAction,None,1.00,10.6,1
105.67,Utility Enemy 13,Utility,AttackAction,None,0.75,51.1,0
105.67,Utility Enemy 15,Utility,AttackAction,None,1.00,53.7,0
105.67,Utility Enemy 5,Utility,AttackAction,None,1.00,54.8,0
105.67,Utility Enemy 2,Utility,AttackAction,None,1.00,53.4,0
105.67,Utility Enemy 8,Utility,AttackAction,None,1.00,52.9,0
105.67,Utility Enemy 4,Utility,AttackAction,None,1.00,54.3,0
105.67,Utility Enemy 14,Utility,AttackAction,None,1.00,53.6,0
105.67,Utility Enemy 3,Utility,AttackAction,None,1.00,59.1,0
106.17,Player,Player,-,None,0.79,,0
106.17,FSM Enemy 12,FSM,PatrolState,None,1.00,62.0,0
106.17,FSM Enemy 15,FSM,PatrolState,None,1.00,40.6,0
106.17,FSM Enemy 13,FSM,PatrolState,None,1.00,29.4,0
106.17,FSM Enemy 4,FSM,PatrolState,None,0.40,64.6,0
106.17,FSM Enemy 6,FSM,PatrolState,None,0.35,53.2,0
106.17,FSM Enemy 7,FSM,PatrolState,None,1.00,58.1,0
106.17,FSM Enemy 3,FSM,PatrolState,None,0.70,74.0,0
106.17,FSM Enemy 5,FSM,PatrolState,None,1.00,9.4,0
106.17,FSM Enemy 8,FSM,PatrolState,None,1.00,53.2,0
106.17,FSM Enemy 9,FSM,PatrolState,None,1.00,53.6,0
106.17,FSM Enemy 11,FSM,AttackState,None,1.00,3.9,1
106.17,FSM Enemy 2,FSM,PatrolState,None,1.00,84.1,0
106.17,FSM Enemy 10,FSM,PatrolState,None,1.00,72.6,0
106.17,FSM Enemy 1,FSM,PatrolState,None,1.00,85.7,0
106.17,FSM Enemy 14,FSM,PatrolState,None,1.00,88.0,0
106.17,Utility Enemy 9,Utility,AttackAction,None,1.00,54.3,0
106.17,Utility Enemy 10,Utility,Dead,None,0.00,52.8,0
106.17,Utility Enemy 12,Utility,AttackAction,None,1.00,53.8,0
106.17,Utility Enemy 6,Utility,AttackAction,None,1.00,47.2,0
106.17,Utility Enemy 1,Utility,AttackAction,None,1.00,52.9,0
106.17,Utility Enemy 7,Utility,AttackAction,None,1.00,57.1,0
106.17,Utility Enemy 11,Utility,AttackAction,None,1.00,10.6,1
106.17,Utility Enemy 13,Utility,AttackAction,None,0.75,51.1,0
106.17,Utility Enemy 15,Utility,AttackAction,None,1.00,53.3,0
106.17,Utility Enemy 5,Utility,AttackAction,None,1.00,54.4,0
106.17,Utility Enemy 2,Utility,AttackAction,None,1.00,53.4,0
106.17,Utility Enemy 8,Utility,AttackAction,None,1.00,52.9,0
106.17,Utility Enemy 4,Utility,AttackAction,None,1.00,54.3,0
106.17,Utility Enemy 14,Utility,AttackAction,None,1.00,53.2,0
106.17,Utility Enemy 3,Utility,AttackAction,None,1.00,58.4,0
106.68,Player,Player,-,None,0.79,,0
106.68,FSM Enemy 12,FSM,PatrolState,None,1.00,63.1,0
106.68,FSM Enemy 15,FSM,PatrolState,None,1.00,40.1,0
106.68,FSM Enemy 13,FSM,PatrolState,None,1.00,28.2,0
106.68,FSM Enemy 4,FSM,PatrolState,None,0.40,65.8,0
106.68,FSM Enemy 6,FSM,PatrolState,None,0.35,53.6,0
106.68,FSM Enemy 7,FSM,PatrolState,None,1.00,56.8,0
106.68,FSM Enemy 3,FSM,PatrolState,None,0.70,74.2,0
106.68,FSM Enemy 5,FSM,PatrolState,None,1.00,10.0,0
106.68,FSM Enemy 8,FSM,PatrolState,None,0.90,52.7,0
106.68,FSM Enemy 9,FSM,PatrolState,None,1.00,53.2,0
106.68,FSM Enemy 11,FSM,AttackState,None,1.00,3.9,1
106.68,FSM Enemy 2,FSM,PatrolState,None,1.00,85.4,0
106.68,FSM Enemy 10,FSM,PatrolState,None,1.00,73.9,0
106.68,FSM Enemy 1,FSM,PatrolState,None,1.00,85.4,0
106.68,FSM Enemy 14,FSM,PatrolState,None,1.00,89.3,0
106.68,Utility Enemy 9,Utility,AttackAction,None,1.00,54.3,0
106.68,Utility Enemy 10,Utility,Dead,None,0.00,52.8,0
106.68,Utility Enemy 12,Utility,AttackAction,None,1.00,53.8,0
106.68,Utility Enemy 6,Utility,AttackAction,None,1.00,47.2,0
106.68,Utility Enemy 1,Utility,AttackAction,None,1.00,52.9,0
106.68,Utility Enemy 7,Utility,AttackAction,None,1.00,57.1,0
106.68,Utility Enemy 11,Utility,AttackAction,None,1.00,10.6,1
106.68,Utility Enemy 13,Utility,AttackAction,None,0.75,51.1,0
106.68,Utility Enemy 15,Utility,AttackAction,None,1.00,53.3,0
106.68,Utility Enemy 5,Utility,AttackAction,None,1.00,54.4,0
106.68,Utility Enemy 2,Utility,AttackAction,None,1.00,53.5,0
106.68,Utility Enemy 8,Utility,AttackAction,None,1.00,52.9,0
106.68,Utility Enemy 4,Utility,AttackAction,None,1.00,54.3,0
106.68,Utility Enemy 14,Utility,AttackAction,None,1.00,53.2,0
106.68,Utility Enemy 3,Utility,AttackAction,None,1.00,58.4,0
107.19,Player,Player,-,None,0.73,,0
107.19,FSM Enemy 12,FSM,PatrolState,None,1.00,64.1,0
107.19,FSM Enemy 15,FSM,PatrolState,None,1.00,39.6,0
107.19,FSM Enemy 13,FSM,PatrolState,None,1.00,27.0,0
107.19,FSM Enemy 4,FSM,PatrolState,None,0.40,67.0,0
107.19,FSM Enemy 6,FSM,PatrolState,None,0.35,54.0,0
107.19,FSM Enemy 7,FSM,PatrolState,None,1.00,55.5,0
107.19,FSM Enemy 3,FSM,PatrolState,None,0.70,74.5,0
107.19,FSM Enemy 5,FSM,PatrolState,None,1.00,10.7,0
107.19,FSM Enemy 8,FSM,PatrolState,None,0.80,52.3,0
107.19,FSM Enemy 9,FSM,PatrolState,None,1.00,53.2,0
107.19,FSM Enemy 11,FSM,AttackState,None,1.00,3.9,1
107.19,FSM Enemy 2,FSM,PatrolState,None,1.00,86.6,0
107.19,FSM Enemy 10,FSM,PatrolState,None,1.00,75.1,0
107.19,FSM Enemy 1,FSM,PatrolState,None,1.00,85.1,0
107.19,FSM Enemy 14,FSM,PatrolState,None,1.00,90.5,0
107.19,Utility Enemy 9,Utility,AttackAction,None,1.00,54.3,0
107.19,Utility Enemy 10,Utility,Dead,None,0.00,52.8,0
107.19,Utility Enemy 12,Utility,AttackAction,None,1.00,53.8,0
107.19,Utility Enemy 6,Utility,AttackAction,None,1.00,47.2,0
107.19,Utility Enemy 1,Utility,AttackAction,None,1.00,52.9,0
107.19,Utility Enemy 7,Utility,AttackAction,None,1.00,57.1,0
107.19,Utility Enemy 11,Utility,AttackAction,None,1.00,10.6,1
107.19,Utility Enemy 13,Utility,AttackAction,None,0.75,51.1,0
107.19,Utility Enemy 15,Utility,AttackAction,None,1.00,53.3,0
107.19,Utility Enemy 5,Utility,AttackAction,None,1.00,54.4,0
107.19,Utility Enemy 2,Utility,AttackAction,None,1.00,53.5,0
107.19,Utility Enemy 8,Utility,AttackAction,None,1.00,52.9,0
107.19,Utility Enemy 4,Utility,AttackAction,None,1.00,54.3,0
107.19,Utility Enemy 14,Utility,AttackAction,None,1.00,53.2,0
107.19,Utility Enemy 3,Utility,AttackAction,None,1.00,58.4,0
107.69,Player,Player,-,None,0.68,,0
107.69,FSM Enemy 12,FSM,PatrolState,None,1.00,65.2,0
107.69,FSM Enemy 15,FSM,PatrolState,None,1.00,39.1,0
107.69,FSM Enemy 13,FSM,PatrolState,None,1.00,25.9,0
107.69,FSM Enemy 4,FSM,PatrolState,None,0.40,68.2,0
107.69,FSM Enemy 6,FSM,PatrolState,None,0.35,54.4,0
107.69,FSM Enemy 7,FSM,PatrolState,None,1.00,54.3,0
107.69,FSM Enemy 3,FSM,PatrolState,None,0.70,74.7,0
107.69,FSM Enemy 5,FSM,PatrolState,None,1.00,11.5,0
107.69,FSM Enemy 8,FSM,PatrolState,None,0.70,51.9,0
107.69,FSM Enemy 9,FSM,PatrolState,None,1.00,53.2,0
107.69,FSM Enemy 11,FSM,AttackState,None,1.00,3.9,1
107.69,FSM Enemy 2,FSM,PatrolState,None,1.00,87.8,0
107.69,FSM Enemy 10,FSM,PatrolState,None,1.00,76.4,0
107.69,FSM Enemy 1,FSM,PatrolState,None,1.00,84.8,0
107.69,FSM Enemy 14,FSM,PatrolState,None,1.00,91.6,0
107.69,Utility Enemy 9,Utility,AttackAction,None,1.00,54.3,0
107.69,Utility Enemy 10,Utility,Dead,None,0.00,52.8,0
107.69,Utility Enemy 12,Utility,AttackAction,None,1.00,53.8,0
107.69,Utility Enemy 6,Utility,AttackAction,None,1.00,47.2,0
107.69,Utility Enemy 1,Utility,AttackAction,None,1.00,52.9,0
107.69,Utility Enemy 7,Utility,AttackAction,None,1.00,57.1,0
107.69,Utility Enemy 11,Utility,AttackAction,None,1.00,10.6,1
107.69,Utility Enemy 13,Utility,AttackAction,None,0.75,51.1,0
107.69,Utility Enemy 15,Utility,AttackAction,None,1.00,53.3,0
107.69,Utility Enemy 5,Utility,AttackAction,None,1.00,54.4,0
107.69,Utility Enemy 2,Utility,AttackAction,None,1.00,53.5,0
107.69,Utility Enemy 8,Utility,AttackAction,None,1.00,52.9,0
107.69,Utility Enemy 4,Utility,AttackAction,None,1.00,54.3,0
107.69,Utility Enemy 14,Utility,AttackAction,None,1.00,53.2,0
107.69,Utility Enemy 3,Utility,AttackAction,None,1.00,58.4,0
108.19,Player,Player,-,None,0.57,,0
108.19,FSM Enemy 12,FSM,PatrolState,None,1.00,66.2,0
108.19,FSM Enemy 15,FSM,PatrolState,None,1.00,38.6,0
108.19,FSM Enemy 13,FSM,PatrolState,None,1.00,24.7,0
108.19,FSM Enemy 4,FSM,PatrolState,None,0.40,69.4,0
108.19,FSM Enemy 6,FSM,PatrolState,None,0.35,54.9,0
108.19,FSM Enemy 7,FSM,PatrolState,None,1.00,53.0,0
108.19,FSM Enemy 3,FSM,PatrolState,None,0.70,75.0,0
108.19,FSM Enemy 5,FSM,PatrolState,None,1.00,12.3,0
108.19,FSM Enemy 8,FSM,PatrolState,None,0.70,51.9,0
108.19,FSM Enemy 9,FSM,PatrolState,None,1.00,53.3,0
108.19,FSM Enemy 11,FSM,AttackState,None,1.00,3.9,1
108.19,FSM Enemy 2,FSM,PatrolState,None,1.00,89.1,0
108.19,FSM Enemy 10,FSM,PatrolState,None,1.00,77.6,0
108.19,FSM Enemy 1,FSM,PatrolState,None,1.00,84.8,0
108.19,FSM Enemy 14,FSM,PatrolState,None,1.00,92.2,0
108.19,Utility Enemy 9,Utility,AttackAction,None,1.00,54.3,0
108.19,Utility Enemy 10,Utility,Dead,None,0.00,52.8,0
108.19,Utility Enemy 12,Utility,AttackAction,None,1.00,53.8,0
108.19,Utility Enemy 6,Utility,AttackAction,None,1.00,47.2,0
108.19,Utility Enemy 1,Utility,AttackAction,None,1.00,52.9,0
108.19,Utility Enemy 7,Utility,AttackAction,None,1.00,57.1,0
108.19,Utility Enemy 11,Utility,AttackAction,None,1.00,10.6,1
108.19,Utility Enemy 13,Utility,AttackAction,None,0.75,51.1,0
108.19,Utility Enemy 15,Utility,AttackAction,None,1.00,53.3,0
108.19,Utility Enemy 5,Utility,AttackAction,None,1.00,54.4,0
108.19,Utility Enemy 2,Utility,AttackAction,None,1.00,53.5,0
108.19,Utility Enemy 8,Utility,AttackAction,None,1.00,52.9,0
108.19,Utility Enemy 4,Utility,AttackAction,None,1.00,54.3,0
108.19,Utility Enemy 14,Utility,AttackAction,None,1.00,53.2,0
108.19,Utility Enemy 3,Utility,AttackAction,None,1.00,58.4,0
108.70,Player,Player,-,None,0.57,,0
108.70,FSM Enemy 12,FSM,PatrolState,None,1.00,67.3,0
108.70,FSM Enemy 15,FSM,PatrolState,None,1.00,37.8,0
108.70,FSM Enemy 13,FSM,PatrolState,None,1.00,23.6,0
108.70,FSM Enemy 4,FSM,PatrolState,None,0.40,70.6,0
108.70,FSM Enemy 6,FSM,PatrolState,None,0.35,55.4,0
108.70,FSM Enemy 7,FSM,PatrolState,None,1.00,51.8,0
108.70,FSM Enemy 3,FSM,PatrolState,None,0.70,75.3,0
108.70,FSM Enemy 5,FSM,PatrolState,None,1.00,13.3,0
108.70,FSM Enemy 8,FSM,PatrolState,None,0.60,52.0,0
108.70,FSM Enemy 9,FSM,PatrolState,None,1.00,53.7,0
108.70,FSM Enemy 11,FSM,AttackState,None,0.50,3.9,1
108.70,FSM Enemy 2,FSM,PatrolState,None,1.00,90.3,0
108.70,FSM Enemy 10,FSM,PatrolState,None,1.00,78.9,0
108.70,FSM Enemy 1,FSM,PatrolState,None,1.00,84.8,0
108.70,FSM Enemy 14,FSM,PatrolState,None,1.00,92.7,0
108.70,Utility Enemy 9,Utility,AttackAction,None,1.00,54.3,0
108.70,Utility Enemy 10,Utility,Dead,None,0.00,52.8,0
108.70,Utility Enemy 12,Utility,AttackAction,None,1.00,53.8,0
108.70,Utility Enemy 6,Utility,AttackAction,None,1.00,47.2,0
108.70,Utility Enemy 1,Utility,AttackAction,None,1.00,52.9,0
108.70,Utility Enemy 7,Utility,AttackAction,None,1.00,57.1,0
108.70,Utility Enemy 11,Utility,AttackAction,None,1.00,10.6,1
108.70,Utility Enemy 13,Utility,AttackAction,None,0.75,51.1,0
108.70,Utility Enemy 15,Utility,AttackAction,None,1.00,53.3,0
108.70,Utility Enemy 5,Utility,AttackAction,None,1.00,54.4,0
108.70,Utility Enemy 2,Utility,AttackAction,None,1.00,53.5,0
108.70,Utility Enemy 8,Utility,AttackAction,None,1.00,52.9,0
108.70,Utility Enemy 4,Utility,AttackAction,None,1.00,54.3,0
108.70,Utility Enemy 14,Utility,AttackAction,None,1.00,53.2,0
108.70,Utility Enemy 3,Utility,AttackAction,None,1.00,58.4,0
109.20,Player,Player,-,None,0.57,,0
109.20,FSM Enemy 12,FSM,PatrolState,None,1.00,68.4,0
109.20,FSM Enemy 15,FSM,PatrolState,None,1.00,36.6,0
109.20,FSM Enemy 13,FSM,PatrolState,None,1.00,22.4,0
109.20,FSM Enemy 4,FSM,PatrolState,None,0.40,71.8,0
109.20,FSM Enemy 6,FSM,PatrolState,None,0.35,55.9,0
109.20,FSM Enemy 7,FSM,PatrolState,None,1.00,50.5,0
109.20,FSM Enemy 3,FSM,PatrolState,None,0.70,75.6,0
109.20,FSM Enemy 5,FSM,PatrolState,None,1.00,14.3,0
109.20,FSM Enemy 8,FSM,PatrolState,None,0.60,52.2,0
109.20,FSM Enemy 9,FSM,PatrolState,None,1.00,54.6,0
109.20,FSM Enemy 11,FSM,Dead,None,0.00,3.9,1
109.20,FSM Enemy 2,FSM,PatrolState,None,1.00,91.5,0
109.20,FSM Enemy 10,FSM,PatrolState,None,1.00,80.1,0
109.20,FSM Enemy 1,FSM,PatrolState,None,1.00,84.6,0
109.20,FSM Enemy 14,FSM,PatrolState,None,1.00,93.3,0
109.20,Utility Enemy 9,Utility,AttackAction,None,1.00,54.3,0
109.20,Utility Enemy 10,Utility,Dead,None,0.00,52.8,0
109.20,Utility Enemy 12,Utility,AttackAction,None,1.00,53.8,0
109.20,Utility Enemy 6,Utility,AttackAction,None,1.00,47.2,0
109.20,Utility Enemy 1,Utility,AttackAction,None,1.00,52.9,0
109.20,Utility Enemy 7,Utility,AttackAction,None,1.00,57.1,0
109.20,Utility Enemy 11,Utility,AttackAction,None,1.00,10.6,1
109.20,Utility Enemy 13,Utility,AttackAction,None,0.75,51.1,0
109.20,Utility Enemy 15,Utility,AttackAction,None,1.00,53.3,0
109.20,Utility Enemy 5,Utility,AttackAction,None,1.00,54.4,0
109.20,Utility Enemy 2,Utility,AttackAction,None,1.00,53.5,0
109.20,Utility Enemy 8,Utility,AttackAction,None,1.00,52.9,0
109.20,Utility Enemy 4,Utility,AttackAction,None,1.00,54.3,0
109.20,Utility Enemy 14,Utility,AttackAction,None,1.00,53.2,0
109.20,Utility Enemy 3,Utility,AttackAction,None,1.00,58.4,0
109.71,Player,Player,-,None,0.57,,0
109.71,FSM Enemy 12,FSM,PatrolState,None,1.00,69.5,0
109.71,FSM Enemy 15,FSM,PatrolState,None,1.00,35.5,0
109.71,FSM Enemy 13,FSM,PatrolState,None,1.00,21.3,0
109.71,FSM Enemy 4,FSM,PatrolState,None,0.40,73.0,0
109.71,FSM Enemy 6,FSM,PatrolState,None,0.35,56.4,0
109.71,FSM Enemy 7,FSM,PatrolState,None,1.00,49.3,0
109.71,FSM Enemy 3,FSM,PatrolState,None,0.70,75.9,0
109.71,FSM Enemy 5,FSM,PatrolState,None,1.00,15.3,0
109.71,FSM Enemy 8,FSM,PatrolState,None,0.60,52.5,0
109.71,FSM Enemy 9,FSM,PatrolState,None,1.00,55.6,0
109.71,FSM Enemy 11,FSM,Dead,None,0.00,3.9,1
109.71,FSM Enemy 2,FSM,PatrolState,None,1.00,92.8,0
109.71,FSM Enemy 10,FSM,PatrolState,None,1.00,81.3,0
109.71,FSM Enemy 1,FSM,PatrolState,None,1.00,84.1,0
109.71,FSM Enemy 14,FSM,PatrolState,None,1.00,94.0,0
109.71,Utility Enemy 9,Utility,AttackAction,None,1.00,54.3,0
109.71,Utility Enemy 10,Utility,Dead,None,0.00,52.8,0
109.71,Utility Enemy 12,Utility,AttackAction,None,1.00,53.8,0
109.71,Utility Enemy 6,Utility,AttackAction,None,1.00,47.2,0
109.71,Utility Enemy 1,Utility,AttackAction,None,1.00,52.9,0
109.71,Utility Enemy 7,Utility,AttackAction,None,1.00,57.1,0
109.71,Utility Enemy 11,Utility,AttackAction,None,1.00,10.6,1
109.71,Utility Enemy 13,Utility,AttackAction,None,0.75,51.1,0
109.71,Utility Enemy 15,Utility,AttackAction,None,1.00,53.3,0
109.71,Utility Enemy 5,Utility,AttackAction,None,1.00,54.4,0
109.71,Utility Enemy 2,Utility,AttackAction,None,1.00,53.5,0
109.71,Utility Enemy 8,Utility,AttackAction,None,1.00,52.9,0
109.71,Utility Enemy 4,Utility,AttackAction,None,1.00,54.3,0
109.71,Utility Enemy 14,Utility,AttackAction,None,1.00,53.2,0
109.71,Utility Enemy 3,Utility,AttackAction,None,1.00,58.4,0
110.21,Player,Player,-,None,0.52,,0
110.21,FSM Enemy 12,FSM,PatrolState,None,1.00,70.6,0
110.21,FSM Enemy 15,FSM,PatrolState,None,1.00,34.3,0
110.21,FSM Enemy 13,FSM,PatrolState,None,1.00,20.2,0
110.21,FSM Enemy 4,FSM,PatrolState,None,0.40,74.1,0
110.21,FSM Enemy 6,FSM,PatrolState,None,0.35,57.0,0
110.21,FSM Enemy 7,FSM,PatrolState,None,1.00,48.1,0
110.21,FSM Enemy 3,FSM,PatrolState,None,0.70,76.3,0
110.21,FSM Enemy 5,FSM,PatrolState,None,0.75,16.3,0
110.21,FSM Enemy 8,FSM,PatrolState,None,0.60,52.7,0
110.21,FSM Enemy 9,FSM,PatrolState,None,1.00,56.5,0
110.21,FSM Enemy 11,FSM,Dead,None,0.00,3.9,1
110.21,FSM Enemy 2,FSM,PatrolState,None,1.00,94.0,0
110.21,FSM Enemy 10,FSM,PatrolState,None,1.00,82.4,0
110.21,FSM Enemy 1,FSM,PatrolState,None,1.00,83.7,0
110.21,FSM Enemy 14,FSM,PatrolState,None,1.00,94.6,0
110.21,Utility Enemy 9,Utility,AttackAction,None,1.00,54.3,0
110.21,Utility Enemy 10,Utility,Dead,None,0.00,52.8,0
110.21,Utility Enemy 12,Utility,AttackAction,None,1.00,53.8,0
110.21,Utility Enemy 6,Utility,AttackAction,None,1.00,47.2,0
110.21,Utility Enemy 1,Utility,AttackAction,None,1.00,52.9,0
110.21,Utility Enemy 7,Utility,AttackAction,None,1.00,57.1,0
110.21,Utility Enemy 11,Utility,AttackAction,None,1.00,10.6,1
110.21,Utility Enemy 13,Utility,AttackAction,None,0.75,51.1,0
110.21,Utility Enemy 15,Utility,AttackAction,None,1.00,53.3,0
110.21,Utility Enemy 5,Utility,AttackAction,None,1.00,54.4,0
110.21,Utility Enemy 2,Utility,AttackAction,None,1.00,53.5,0
110.21,Utility Enemy 8,Utility,AttackAction,None,1.00,52.9,0
110.21,Utility Enemy 4,Utility,AttackAction,None,1.00,54.3,0
110.21,Utility Enemy 14,Utility,AttackAction,None,1.00,53.2,0
110.21,Utility Enemy 3,Utility,AttackAction,None,1.00,58.4,0
110.71,Player,Player,-,None,0.52,,0
110.71,FSM Enemy 12,FSM,PatrolState,None,1.00,71.6,0
110.71,FSM Enemy 15,FSM,PatrolState,None,1.00,33.2,0
110.71,FSM Enemy 13,FSM,ChaseState,None,1.00,18.7,1
110.71,FSM Enemy 4,FSM,PatrolState,None,0.40,75.3,0
110.71,FSM Enemy 6,FSM,PatrolState,None,0.35,57.5,0
110.71,FSM Enemy 7,FSM,PatrolState,None,1.00,47.0,0
110.71,FSM Enemy 3,FSM,PatrolState,None,0.70,76.7,0
110.71,FSM Enemy 5,FSM,PatrolState,None,0.50,17.5,0
110.71,FSM Enemy 8,FSM,PatrolState,None,0.60,53.0,0
110.71,FSM Enemy 9,FSM,PatrolState,None,1.00,57.5,0
110.71,FSM Enemy 11,FSM,Dead,None,0.00,3.9,1
110.71,FSM Enemy 2,FSM,PatrolState,None,1.00,95.2,0
110.71,FSM Enemy 10,FSM,PatrolState,None,1.00,83.6,0
110.71,FSM Enemy 1,FSM,PatrolState,None,1.00,83.3,0
110.71,FSM Enemy 14,FSM,PatrolState,None,1.00,95.2,0
110.71,Utility Enemy 9,Utility,AttackAction,None,1.00,54.3,0
110.71,Utility Enemy 10,Utility,Dead,None,0.00,52.8,0
110.71,Utility Enemy 12,Utility,AttackAction,None,1.00,53.8,0
110.71,Utility Enemy 6,Utility,AttackAction,None,1.00,47.2,0
110.71,Utility Enemy 1,Utility,AttackAction,None,1.00,52.9,0
110.71,Utility Enemy 7,Utility,AttackAction,None,1.00,57.1,0
110.71,Utility Enemy 11,Utility,AttackAction,None,1.00,10.6,1
110.71,Utility Enemy 13,Utility,AttackAction,None,0.75,51.1,0
110.71,Utility Enemy 15,Utility,AttackAction,None,1.00,53.3,0
110.71,Utility Enemy 5,Utility,AttackAction,None,1.00,54.4,0
110.71,Utility Enemy 2,Utility,AttackAction,None,1.00,53.5,0
110.71,Utility Enemy 8,Utility,AttackAction,None,1.00,52.9,0
110.71,Utility Enemy 4,Utility,AttackAction,None,1.00,54.3,0
110.71,Utility Enemy 14,Utility,AttackAction,None,1.00,53.2,0
110.71,Utility Enemy 3,Utility,AttackAction,None,1.00,58.4,0
111.22,Player,Player,-,None,0.47,,0
111.22,FSM Enemy 12,FSM,PatrolState,None,1.00,72.7,0
111.22,FSM Enemy 15,FSM,PatrolState,None,1.00,32.1,0
111.22,FSM Enemy 13,FSM,AttackState,None,1.00,17.2,1
111.22,FSM Enemy 4,FSM,PatrolState,None,0.40,76.4,0
111.22,FSM Enemy 6,FSM,PatrolState,None,0.35,58.4,0
111.22,FSM Enemy 7,FSM,PatrolState,None,1.00,45.8,0
111.22,FSM Enemy 3,FSM,PatrolState,None,0.70,77.3,0
111.22,FSM Enemy 5,FSM,Dead,None,0.00,18.7,0
111.22,FSM Enemy 8,FSM,PatrolState,None,0.60,53.4,0
111.22,FSM Enemy 9,FSM,PatrolState,None,1.00,57.9,0
111.22,FSM Enemy 11,FSM,Dead,None,0.00,3.9,1
111.22,FSM Enemy 2,FSM,PatrolState,None,1.00,96.5,0
111.22,FSM Enemy 10,FSM,PatrolState,None,1.00,84.7,0
111.22,FSM Enemy 1,FSM,PatrolState,None,1.00,82.9,0
111.22,FSM Enemy 14,FSM,PatrolState,None,1.00,95.9,0
111.22,Utility Enemy 9,Utility,AttackAction,None,1.00,54.3,0
111.22,Utility Enemy 10,Utility,Dead,None,0.00,52.8,0
111.22,Utility Enemy 12,Utility,AttackAction,None,1.00,53.8,0
111.22,Utility Enemy 6,Utility,AttackAction,None,1.00,47.2,0
111.22,Utility Enemy 1,Utility,AttackAction,None,1.00,52.9,0
111.22,Utility Enemy 7,Utility,AttackAction,None,1.00,57.1,0
111.22,Utility Enemy 11,Utility,AttackAction,None,1.00,10.6,1
111.22,Utility Enemy 13,Utility,AttackAction,None,0.75,51.1,0
111.22,Utility Enemy 15,Utility,AttackAction,None,1.00,53.3,0
111.22,Utility Enemy 5,Utility,AttackAction,None,1.00,54.4,0
111.22,Utility Enemy 2,Utility,AttackAction,None,1.00,53.5,0
111.22,Utility Enemy 8,Utility,AttackAction,None,1.00,52.9,0
111.22,Utility Enemy 4,Utility,AttackAction,None,1.00,54.3,0
111.22,Utility Enemy 14,Utility,AttackAction,None,1.00,53.2,0
111.22,Utility Enemy 3,Utility,AttackAction,None,1.00,58.4,0
111.72,Player,Player,-,None,0.41,,0
111.72,FSM Enemy 12,FSM,PatrolState,None,1.00,73.7,0
111.72,FSM Enemy 15,FSM,PatrolState,None,1.00,31.1,0
111.72,FSM Enemy 13,FSM,AttackState,None,1.00,17.1,1
111.72,FSM Enemy 4,FSM,PatrolState,None,0.40,77.6,0
111.72,FSM Enemy 6,FSM,PatrolState,None,0.35,59.5,0
111.72,FSM Enemy 7,FSM,PatrolState,None,1.00,44.9,0
111.72,FSM Enemy 3,FSM,PatrolState,None,0.70,78.0,0
111.72,FSM Enemy 5,FSM,Dead,None,0.00,18.7,0
111.72,FSM Enemy 8,FSM,PatrolState,None,0.60,53.9,0
111.72,FSM Enemy 9,FSM,PatrolState,None,1.00,56.9,0
111.72,FSM Enemy 11,FSM,Dead,None,0.00,3.9,1
111.72,FSM Enemy 2,FSM,PatrolState,None,1.00,97.7,0
111.72,FSM Enemy 10,FSM,PatrolState,None,1.00,85.8,0
111.72,FSM Enemy 1,FSM,PatrolState,None,1.00,82.5,0
111.72,FSM Enemy 14,FSM,PatrolState,None,1.00,96.2,0
111.72,Utility Enemy 9,Utility,AttackAction,None,1.00,54.3,0
111.72,Utility Enemy 10,Utility,Dead,None,0.00,52.8,0
111.72,Utility Enemy 12,Utility,AttackAction,None,1.00,53.8,0
111.72,Utility Enemy 6,Utility,AttackAction,None,1.00,47.2,0
111.72,Utility Enemy 1,Utility,AttackAction,None,1.00,52.9,0
111.72,Utility Enemy 7,Utility,AttackAction,None,1.00,57.1,0
111.72,Utility Enemy 11,Utility,AttackAction,None,1.00,10.6,1
111.72,Utility Enemy 13,Utility,AttackAction,None,0.75,51.1,0
111.72,Utility Enemy 15,Utility,AttackAction,None,1.00,53.3,0
111.72,Utility Enemy 5,Utility,AttackAction,None,1.00,54.4,0
111.72,Utility Enemy 2,Utility,AttackAction,None,1.00,53.5,0
111.72,Utility Enemy 8,Utility,AttackAction,None,1.00,52.9,0
111.72,Utility Enemy 4,Utility,AttackAction,None,1.00,54.3,0
111.72,Utility Enemy 14,Utility,AttackAction,None,1.00,53.2,0
111.72,Utility Enemy 3,Utility,AttackAction,None,1.00,58.4,0
112.23,Player,Player,-,None,0.36,,0
112.23,FSM Enemy 12,FSM,PatrolState,None,1.00,74.4,0
112.23,FSM Enemy 15,FSM,PatrolState,None,1.00,30.3,0
112.23,FSM Enemy 13,FSM,AttackState,None,1.00,17.1,1
112.23,FSM Enemy 4,FSM,PatrolState,None,0.40,78.7,0
112.23,FSM Enemy 6,FSM,PatrolState,None,0.35,60.7,0
112.23,FSM Enemy 7,FSM,PatrolState,None,1.00,43.7,0
112.23,FSM Enemy 3,FSM,PatrolState,None,0.70,78.8,0
112.23,FSM Enemy 5,FSM,Dead,None,0.00,18.7,0
112.23,FSM Enemy 8,FSM,PatrolState,None,0.60,55.0,0
112.23,FSM Enemy 9,FSM,PatrolState,None,1.00,56.0,0
112.23,FSM Enemy 11,FSM,Dead,None,0.00,3.9,1
112.23,FSM Enemy 2,FSM,PatrolState,None,1.00,98.9,0
112.23,FSM Enemy 10,FSM,PatrolState,None,1.00,86.8,0
112.23,FSM Enemy 1,FSM,PatrolState,None,1.00,82.1,0
112.23,FSM Enemy 14,FSM,PatrolState,None,1.00,95.6,0
112.23,Utility Enemy 9,Utility,AttackAction,None,1.00,54.3,0
112.23,Utility Enemy 10,Utility,Dead,None,0.00,52.8,0
112.23,Utility Enemy 12,Utility,AttackAction,None,1.00,53.8,0
112.23,Utility Enemy 6,Utility,AttackAction,None,1.00,47.2,0
112.23,Utility Enemy 1,Utility,AttackAction,None,1.00,52.9,0
112.23,Utility Enemy 7,Utility,AttackAction,None,1.00,57.1,0
112.23,Utility Enemy 11,Utility,AttackAction,None,1.00,10.6,1
112.23,Utility Enemy 13,Utility,AttackAction,None,0.75,51.1,0
112.23,Utility Enemy 15,Utility,AttackAction,None,1.00,53.3,0
112.23,Utility Enemy 5,Utility,AttackAction,None,1.00,54.4,0
112.23,Utility Enemy 2,Utility,AttackAction,None,1.00,53.5,0
112.23,Utility Enemy 8,Utility,AttackAction,None,1.00,52.9,0
112.23,Utility Enemy 4,Utility,AttackAction,None,1.00,54.3,0
112.23,Utility Enemy 14,Utility,AttackAction,None,1.00,53.2,0
112.23,Utility Enemy 3,Utility,AttackAction,None,1.00,58.4,0
112.73,Player,Player,-,None,0.36,,0
112.73,FSM Enemy 12,FSM,PatrolState,None,1.00,74.9,0
112.73,FSM Enemy 15,FSM,PatrolState,None,1.00,29.3,0
112.73,FSM Enemy 13,FSM,AttackState,None,1.00,17.0,1
112.73,FSM Enemy 4,FSM,PatrolState,None,0.40,79.7,0
112.73,FSM Enemy 6,FSM,PatrolState,None,0.35,61.7,0
112.73,FSM Enemy 7,FSM,PatrolState,None,1.00,42.4,0
112.73,FSM Enemy 3,FSM,PatrolState,None,0.70,79.3,0
112.73,FSM Enemy 5,FSM,Dead,None,0.00,18.6,0
112.73,FSM Enemy 8,FSM,PatrolState,None,0.60,56.0,0
112.73,FSM Enemy 9,FSM,PatrolState,None,1.00,55.0,0
112.73,FSM Enemy 11,FSM,Dead,None,0.00,4.0,1
112.73,FSM Enemy 2,FSM,PatrolState,None,1.00,99.9,0
112.73,FSM Enemy 10,FSM,PatrolState,None,1.00,87.6,0
112.73,FSM Enemy 1,FSM,PatrolState,None,1.00,81.3,0
112.73,FSM Enemy 14,FSM,PatrolState,None,1.00,94.9,0
112.73,Utility Enemy 9,Utility,AttackAction,None,1.00,54.1,0
112.73,Utility Enemy 10,Utility,Dead,None,0.00,52.6,0
112.73,Utility Enemy 12,Utility,AttackAction,None,1.00,53.6,0
112.73,Utility Enemy 6,Utility,AttackAction,None,1.00,47.0,0
112.73,Utility Enemy 1,Utility,AttackAction,None,1.00,52.7,0
112.73,Utility Enemy 7,Utility,AttackAction,None,1.00,56.8,0
112.73,Utility Enemy 11,Utility,AttackAction,None,1.00,10.6,1
112.73,Utility Enemy 13,Utility,AttackAction,None,0.75,50.9,0
112.73,Utility Enemy 15,Utility,AttackAction,None,1.00,53.1,0
112.73,Utility Enemy 5,Utility,AttackAction,None,1.00,54.2,0
112.73,Utility Enemy 2,Utility,AttackAction,None,1.00,53.2,0
112.73,Utility Enemy 8,Utility,AttackAction,None,1.00,52.7,0
112.73,Utility Enemy 4,Utility,AttackAction,None,1.00,54.1,0
112.73,Utility Enemy 14,Utility,AttackAction,None,1.00,52.9,0
112.73,Utility Enemy 3,Utility,AttackAction,None,1.00,58.2,0
113.23,Player,Player,-,None,0.36,,0
113.23,FSM Enemy 12,FSM,PatrolState,None,1.00,75.4,0
113.23,FSM Enemy 15,FSM,PatrolState,None,1.00,28.3,0
113.23,FSM Enemy 13,FSM,AttackState,None,1.00,16.7,1
113.23,FSM Enemy 4,FSM,PatrolState,None,0.40,80.6,0
113.23,FSM Enemy 6,FSM,PatrolState,None,0.35,62.7,0
113.23,FSM Enemy 7,FSM,PatrolState,None,1.00,41.0,0
113.23,FSM Enemy 3,FSM,PatrolState,None,0.70,79.9,0
113.23,FSM Enemy 5,FSM,Dead,None,0.00,18.5,0
113.23,FSM Enemy 8,FSM,PatrolState,None,0.60,57.0,0
113.23,FSM Enemy 9,FSM,PatrolState,None,0.90,55.5,0
113.23,FSM Enemy 11,FSM,Dead,None,0.00,3.5,1
113.23,FSM Enemy 2,FSM,PatrolState,None,1.00,100.9,0
113.23,FSM Enemy 10,FSM,PatrolState,None,1.00,88.5,0
113.23,FSM Enemy 1,FSM,PatrolState,None,1.00,80.6,0
113.23,FSM Enemy 14,FSM,PatrolState,None,1.00,94.6,0
113.23,Utility Enemy 9,Utility,AttackAction,None,1.00,53.9,0
113.23,Utility Enemy 10,Utility,Dead,None,0.00,52.3,0
113.23,Utility Enemy 12,Utility,AttackAction,None,1.00,53.4,0
113.23,Utility Enemy 6,Utility,AttackAction,None,1.00,46.9,0
113.23,Utility Enemy 1,Utility,AttackAction,None,1.00,52.5,0
113.23,Utility Enemy 7,Utility,AttackAction,None,1.00,56.6,0
113.23,Utility Enemy 11,Utility,AttackAction,None,1.00,10.2,1
113.23,Utility Enemy 13,Utility,AttackAction,None,0.75,50.7,0
113.23,Utility Enemy 15,Utility,AttackAction,None,1.00,52.9,0
113.23,Utility Enemy 5,Utility,AttackAction,None,1.00,54.0,0
113.23,Utility Enemy 2,Utility,AttackAction,None,1.00,53.0,0
113.23,Utility Enemy 8,Utility,AttackAction,None,1.00,52.5,0
113.23,Utility Enemy 4,Utility,AttackAction,None,1.00,53.9,0
113.23,Utility Enemy 14,Utility,AttackAction,None,1.00,52.7,0
113.23,Utility Enemy 3,Utility,AttackAction,None,1.00,58.0,0
113.73,Player,Player,-,None,0.31,,0
113.73,FSM Enemy 12,FSM,PatrolState,None,1.00,74.4,0
113.73,FSM Enemy 15,FSM,PatrolState,None,1.00,26.5,0
113.73,FSM Enemy 13,FSM,AttackState,None,1.00,16.6,1
113.73,FSM Enemy 4,FSM,PatrolState,None,0.40,80.4,0
113.73,FSM Enemy 6,FSM,PatrolState,None,0.35,62.0,0
113.73,FSM Enemy 7,FSM,PatrolState,None,1.00,38.5,0
113.73,FSM Enemy 3,FSM,PatrolState,None,0.70,80.9,0
113.73,FSM Enemy 5,FSM,Dead,None,0.00,19.5,0
113.73,FSM Enemy 8,FSM,PatrolState,None,0.60,57.9,0
113.73,FSM Enemy 9,FSM,PatrolState,None,0.90,55.7,0
113.73,FSM Enemy 11,FSM,Dead,None,0.00,1.5,1
113.73,FSM Enemy 2,FSM,PatrolState,None,1.00,101.7,0
113.73,FSM Enemy 10,FSM,PatrolState,None,1.00,89.0,0
113.73,FSM Enemy 1,FSM,PatrolState,None,1.00,80.0,0
113.73,FSM Enemy 14,FSM,PatrolState,None,1.00,94.8,0
113.73,Utility Enemy 9,Utility,AttackAction,None,1.00,52.9,0
113.73,Utility Enemy 10,Utility,Dead,None,0.00,50.6,0
113.73,Utility Enemy 12,Utility,AttackAction,None,1.00,52.5,0
113.73,Utility Enemy 6,Utility,AttackAction,None,1.00,46.5,0
113.73,Utility Enemy 1,Utility,AttackAction,None,1.00,51.9,0
113.73,Utility Enemy 7,Utility,AttackAction,None,1.00,55.4,0
113.73,Utility Enemy 11,Utility,AttackAction,None,1.00,8.0,1
113.73,Utility Enemy 13,Utility,AttackAction,None,0.75,50.1,0
113.73,Utility Enemy 15,Utility,AttackAction,None,1.00,52.5,0
113.73,Utility Enemy 5,Utility,AttackAction,None,1.00,53.6,0
113.73,Utility Enemy 2,Utility,AttackAction,None,1.00,52.5,0
113.73,Utility Enemy 8,Utility,AttackAction,None,1.00,52.0,0
113.73,Utility Enemy 4,Utility,AttackAction,None,1.00,53.3,0
113.73,Utility Enemy 14,Utility,AttackAction,None,1.00,51.9,0
113.73,Utility Enemy 3,Utility,AttackAction,None,1.00,57.2,0
114.24,Player,Player,-,None,0.25,,0
114.24,FSM Enemy 12,FSM,PatrolState,None,1.00,72.8,0
114.24,FSM Enemy 15,FSM,PatrolState,None,1.00,24.8,0
114.24,FSM Enemy 13,FSM,AttackState,None,1.00,16.1,1
114.24,FSM Enemy 4,FSM,PatrolState,None,0.40,79.0,0
114.24,FSM Enemy 6,FSM,PatrolState,None,0.35,60.7,0
114.24,FSM Enemy 7,FSM,PatrolState,None,1.00,35.2,0
114.24,FSM Enemy 3,FSM,PatrolState,None,0.70,81.5,0
114.24,FSM Enemy 5,FSM,Dead,None,0.00,20.3,0
114.24,FSM Enemy 8,FSM,PatrolState,None,0.60,58.2,0
114.24,FSM Enemy 9,FSM,PatrolState,None,0.90,55.2,0
114.24,FSM Enemy 11,FSM,Dead,None,0.00,2.0,0
114.24,FSM Enemy 2,FSM,PatrolState,None,1.00,101.9,0
114.24,FSM Enemy 10,FSM,PatrolState,None,1.00,88.9,0
114.24,FSM Enemy 1,FSM,PatrolState,None,1.00,78.9,0
114.24,FSM Enemy 14,FSM,PatrolState,None,1.00,94.3,0
114.24,Utility Enemy 9,Utility,AttackAction,None,1.00,51.3,0
114.24,Utility Enemy 10,Utility,Dead,None,0.00,48.3,0
114.24,Utility Enemy 12,Utility,AttackAction,None,1.00,50.9,0
114.24,Utility Enemy 6,Utility,AttackAction,None,1.00,45.7,0
114.24,Utility Enemy 1,Utility,AttackAction,None,1.00,50.7,0
114.24,Utility Enemy 7,Utility,AttackAction,None,1.00,53.4,0
114.24,Utility Enemy 11,Utility,AttackAction,None,1.00,5.0,1
114.24,Utility Enemy 13,Utility,AttackAction,None,0.75,48.8,0
114.24,Utility Enemy 15,Utility,AttackAction,None,1.00,51.4,0
114.24,Utility Enemy 5,Utility,AttackAction,None,1.00,52.5,0
114.24,Utility Enemy 2,Utility,AttackAction,None,1.00,51.2,0
114.24,Utility Enemy 8,Utility,AttackAction,None,1.00,50.9,0
114.24,Utility Enemy 4,Utility,AttackAction,None,1.00,52.0,0
114.24,Utility Enemy 14,Utility,AttackAction,None,1.00,50.5,0
114.24,Utility Enemy 3,Utility,AttackAction,None,1.00,55.7,0
114.75,Player,Player,-,None,0.25,,0
114.75,FSM Enemy 12,FSM,PatrolState,None,1.00,71.3,0
114.75,FSM Enemy 15,FSM,PatrolState,None,1.00,23.6,0
114.75,FSM Enemy 13,FSM,AttackState,None,1.00,16.2,1
114.75,FSM Enemy 4,FSM,PatrolState,None,0.40,77.7,0
114.75,FSM Enemy 6,FSM,PatrolState,None,0.35,59.6,0
114.75,FSM Enemy 7,FSM,PatrolState,None,1.00,32.1,0
114.75,FSM Enemy 3,FSM,PatrolState,None,0.70,82.3,0
114.75,FSM Enemy 5,FSM,Dead,None,0.00,21.5,0
114.75,FSM Enemy 8,FSM,PatrolState,None,0.60,58.6,0
114.75,FSM Enemy 9,FSM,PatrolState,None,0.90,54.8,0
114.75,FSM Enemy 11,FSM,Dead,None,0.00,4.2,0
114.75,FSM Enemy 2,FSM,PatrolState,None,1.00,102.1,0
114.75,FSM Enemy 10,FSM,PatrolState,None,1.00,88.2,0
114.75,FSM Enemy 1,FSM,PatrolState,None,1.00,78.0,0
114.75,FSM Enemy 14,FSM,PatrolState,None,1.00,93.9,0
114.75,Utility Enemy 9,Utility,AttackAction,None,1.00,49.8,0
114.75,Utility Enemy 10,Utility,Dead,None,0.00,46.0,0
114.75,Utility Enemy 12,Utility,AttackAction,None,1.00,49.5,0
114.75,Utility Enemy 6,Utility,AttackAction,None,1.00,44.8,0
114.75,Utility Enemy 1,Utility,AttackAction,None,1.00,49.7,0
114.75,Utility Enemy 7,Utility,AttackAction,None,1.00,51.5,0
114.75,Utility Enemy 11,Utility,AttackAction,None,1.00,2.9,1
114.75,Utility Enemy 13,Utility,AttackAction,None,0.75,47.7,0
114.75,Utility Enemy 15,Utility,AttackAction,None,1.00,50.4,0
114.75,Utility Enemy 5,Utility,AttackAction,None,1.00,51.5,0
114.75,Utility Enemy 2,Utility,AttackAction,None,1.00,50.1,0
114.75,Utility Enemy 8,Utility,AttackAction,None,1.00,49.9,0
114.75,Utility Enemy 4,Utility,AttackAction,None,1.00,50.9,0
114.75,Utility Enemy 14,Utility,AttackAction,None,1.00,49.2,0
114.75,Utility Enemy 3,Utility,AttackAction,None,1.00,54.3,0
115.25,Player,Player,-,None,0.20,,0
115.25,FSM Enemy 12,FSM,PatrolState,None,1.00,70.1,0
115.25,FSM Enemy 15,FSM,PatrolState,None,1.00,23.0,0
115.25,FSM Enemy 13,FSM,AttackState,None,1.00,16.4,1
115.25,FSM Enemy 4,FSM,PatrolState,None,0.40,76.6,0
115.25,FSM Enemy 6,FSM,PatrolState,None,0.35,58.8,0
115.25,FSM Enemy 7,FSM,PatrolState,None,1.00,29.3,0
115.25,FSM Enemy 3,FSM,PatrolState,None,0.70,83.1,0
115.25,FSM Enemy 5,FSM,Dead,None,0.00,22.7,0
115.25,FSM Enemy 8,FSM,PatrolState,None,0.60,59.0,0
115.25,FSM Enemy 9,FSM,PatrolState,None,0.90,54.6,0
115.25,FSM Enemy 11,FSM,Dead,None,0.00,6.3,0
115.25,FSM Enemy 2,FSM,PatrolState,None,1.00,102.5,0
115.25,FSM Enemy 10,FSM,PatrolState,None,1.00,86.7,0
115.25,FSM Enemy 1,FSM,PatrolState,None,1.00,77.2,0
115.25,FSM Enemy 14,FSM,PatrolState,None,1.00,93.7,0
115.25,Utility Enemy 9,Utility,AttackAction,None,1.00,48.6,0
115.25,Utility Enemy 10,Utility,AttackAction,None,1.00,66.0,0
115.25,Utility Enemy 12,Utility,AttackAction,None,1.00,48.3,0
115.25,Utility Enemy 6,Utility,AttackAction,None,1.00,44.2,0
115.25,Utility Enemy 1,Utility,AttackAction,None,1.00,48.9,0
115.25,Utility Enemy 7,Utility,AttackAction,None,1.00,50.0,0
115.25,Utility Enemy 11,Utility,AttackAction,None,1.00,1.6,1
115.25,Utility Enemy 13,Utility,AttackAction,None,0.75,46.8,0
115.25,Utility Enemy 15,Utility,AttackAction,None,1.00,49.7,0
115.25,Utility Enemy 5,Utility,AttackAction,None,1.00,50.8,0
115.25,Utility Enemy 2,Utility,AttackAction,None,1.00,49.2,0
115.25,Utility Enemy 8,Utility,AttackAction,None,1.00,49.1,0
115.25,Utility Enemy 4,Utility,AttackAction,None,1.00,49.9,0
115.25,Utility Enemy 14,Utility,AttackAction,None,1.00,48.1,0
115.25,Utility Enemy 3,Utility,AttackAction,None,1.00,53.2,0
115.75,Player,Player,-,None,0.15,,0
115.75,FSM Enemy 12,FSM,PatrolState,None,1.00,69.5,0
115.75,FSM Enemy 15,FSM,PatrolState,None,0.90,23.4,0
115.75,FSM Enemy 13,FSM,AttackState,None,1.00,17.3,1
115.75,FSM Enemy 4,FSM,PatrolState,None,0.40,76.3,0
115.75,FSM Enemy 6,FSM,PatrolState,None,0.35,58.6,0
115.75,FSM Enemy 7,FSM,PatrolState,None,1.00,27.2,0
115.75,FSM Enemy 3,FSM,PatrolState,None,0.70,84.6,0
115.75,FSM Enemy 5,FSM,Dead,None,0.00,24.0,0
115.75,FSM Enemy 8,FSM,PatrolState,None,0.60,60.2,0
115.75,FSM Enemy 9,FSM,PatrolState,None,0.90,55.1,0
115.75,FSM Enemy 11,FSM,Dead,None,0.00,8.2,0
115.75,FSM Enemy 2,FSM,PatrolState,None,1.00,103.6,0
115.75,FSM Enemy 10,FSM,PatrolState,None,1.00,85.8,0
115.75,FSM Enemy 1,FSM,PatrolState,None,1.00,77.2,0
115.75,FSM Enemy 14,FSM,PatrolState,None,1.00,94.3,0
115.75,Utility Enemy 9,Utility,AttackAction,None,1.00,48.1,0
115.75,Utility Enemy 10,Utility,AttackAction,None,1.00,66.8,0
115.75,Utility Enemy 12,Utility,AttackAction,None,1.00,47.8,0
115.75,Utility Enemy 6,Utility,AttackAction,None,1.00,44.4,0
115.75,Utility Enemy 1,Utility,AttackAction,None,1.00,48.8,0
115.75,Utility Enemy 7,Utility,AttackAction,None,1.00,49.2,0
115.75,Utility Enemy 11,Utility,AttackAction,None,0.75,1.5,1
115.75,Utility Enemy 13,Utility,AttackAction,None,0.75,46.7,0
115.75,Utility Enemy 15,Utility,AttackAction,None,1.00,49.6,0
115.75,Utility Enemy 5,Utility,AttackAction,None,1.00,50.7,0
115.75,Utility Enemy 2,Utility,AttackAction,None,1.00,49.1,0
115.75,Utility Enemy 8,Utility,AttackAction,None,1.00,49.0,0
115.75,Utility Enemy 4,Utility,AttackAction,None,1.00,49.7,0
115.75,Utility Enemy 14,Utility,AttackAction,None,1.00,47.7,0
115.75,Utility Enemy 3,Utility,AttackAction,None,1.00,52.9,0
116.26,Player,Player,-,None,0.09,,0
116.26,FSM Enemy 12,FSM,PatrolState,None,1.00,71.3,0
116.26,FSM Enemy 15,FSM,PatrolState,None,0.90,27.0,0
116.26,FSM Enemy 13,FSM,ChaseState,None,1.00,19.2,1
116.26,FSM Enemy 4,FSM,PatrolState,None,0.40,78.7,0
116.26,FSM Enemy 6,FSM,PatrolState,None,0.35,60.6,0
116.26,FSM Enemy 7,FSM,PatrolState,None,1.00,28.2,0
116.26,FSM Enemy 3,FSM,PatrolState,None,0.70,88.6,0
116.26,FSM Enemy 5,FSM,Dead,None,0.00,26.4,0
116.26,FSM Enemy 8,FSM,PatrolState,None,0.60,62.4,0
116.26,FSM Enemy 9,FSM,PatrolState,None,0.90,58.6,0
116.26,FSM Enemy 11,FSM,Dead,None,0.00,9.0,0
116.26,FSM Enemy 2,FSM,PatrolState,None,1.00,107.6,0
116.26,FSM Enemy 10,FSM,PatrolState,None,1.00,88.0,0
116.26,FSM Enemy 1,FSM,PatrolState,None,1.00,79.9,0
116.26,FSM Enemy 14,FSM,PatrolState,None,1.00,97.9,0
116.26,Utility Enemy 9,Utility,AttackAction,None,1.00,50.7,0
116.26,Utility Enemy 10,Utility,AttackAction,None,1.00,69.7,0
116.26,Utility Enemy 12,Utility,AttackAction,None,1.00,50.4,0
116.26,Utility Enemy 6,Utility,AttackAction,None,1.00,47.2,0
116.26,Utility Enemy 1,Utility,AttackAction,None,1.00,51.6,0
116.26,Utility Enemy 7,Utility,AttackAction,None,1.00,51.3,0
116.26,Utility Enemy 11,Utility,AttackAction,None,0.50,2.7,1
116.26,Utility Enemy 13,Utility,AttackAction,None,0.75,49.5,0
116.26,Utility Enemy 15,Utility,AttackAction,None,1.00,52.5,0
116.26,Utility Enemy 5,Utility,AttackAction,None,1.00,53.6,0
116.26,Utility Enemy 2,Utility,AttackAction,None,1.00,51.8,0
116.26,Utility Enemy 8,Utility,AttackAction,None,1.00,51.8,0
116.26,Utility Enemy 4,Utility,AttackAction,None,1.00,52.5,0
116.26,Utility Enemy 14,Utility,AttackAction,None,1.00,50.4,0
116.26,Utility Enemy 3,Utility,AttackAction,None,1.00,55.5,0
116.76,Player,Player,-,None,0.09,,0
116.76,FSM Enemy 12,FSM,PatrolState,None,1.00,73.8,0
116.76,FSM Enemy 15,FSM,PatrolState,None,0.90,28.5,0
116.76,FSM Enemy 13,FSM,AttackState,None,1.00,16.5,1
116.76,FSM Enemy 4,FSM,PatrolState,None,0.40,81.5,0
116.76,FSM Enemy 6,FSM,PatrolState,None,0.35,64.5,0
116.76,FSM Enemy 7,FSM,PatrolState,None,1.00,28.7,0
116.76,FSM Enemy 3,FSM,PatrolState,None,0.70,89.6,0
116.76,FSM Enemy 5,FSM,Dead,None,0.00,24.6,0
116.76,FSM Enemy 8,FSM,PatrolState,None,0.60,61.6,0
116.76,FSM Enemy 9,FSM,PatrolState,None,0.90,60.9,0
116.76,FSM Enemy 11,FSM,Dead,None,0.00,6.6,0
116.76,FSM Enemy 2,FSM,PatrolState,None,1.00,109.6,0
116.76,FSM Enemy 10,FSM,PatrolState,None,1.00,89.2,0
116.76,FSM Enemy 1,FSM,PatrolState,None,1.00,79.5,0
116.76,FSM Enemy 14,FSM,PatrolState,None,1.00,100.6,0
116.76,Utility Enemy 9,Utility,AttackAction,None,1.00,51.9,0
116.76,Utility Enemy 10,Utility,AttackAction,None,1.00,68.8,0
116.76,Utility Enemy 12,Utility,AttackAction,None,1.00,51.6,0
116.76,Utility Enemy 6,Utility,AttackAction,None,1.00,47.7,0
116.76,Utility Enemy 1,Utility,AttackAction,None,1.00,52.2,0
116.76,Utility Enemy 7,Utility,AttackAction,None,1.00,53.0,0
116.76,Utility Enemy 11,Utility,AttackAction,None,0.25,2.5,1
116.76,Utility Enemy 13,Utility,AttackAction,None,0.75,50.2,0
116.76,Utility Enemy 15,Utility,AttackAction,None,1.00,53.0,0
116.76,Utility Enemy 5,Utility,AttackAction,None,1.00,54.1,0
116.76,Utility Enemy 2,Utility,AttackAction,None,1.00,52.6,0
116.76,Utility Enemy 8,Utility,AttackAction,None,1.00,52.4,0
116.76,Utility Enemy 4,Utility,AttackAction,None,1.00,53.3,0
116.76,Utility Enemy 14,Utility,AttackAction,None,1.00,51.4,0
116.76,Utility Enemy 3,Utility,AttackAction,None,1.00,56.5,0
117.26,Player,Player,-,None,0.04,,0
117.26,FSM Enemy 12,FSM,PatrolState,None,1.00,73.7,0
117.26,FSM Enemy 15,FSM,PatrolState,None,0.90,27.2,0
117.26,FSM Enemy 13,FSM,AttackState,None,1.00,13.6,1
117.26,FSM Enemy 4,FSM,PatrolState,None,0.40,81.7,0
117.26,FSM Enemy 6,FSM,PatrolState,None,0.35,66.1,0
117.26,FSM Enemy 7,FSM,PatrolState,None,1.00,26.6,0
117.26,FSM Enemy 3,FSM,PatrolState,None,0.70,88.3,0
117.26,FSM Enemy 5,FSM,Dead,None,0.00,21.8,0
117.26,FSM Enemy 8,FSM,PatrolState,None,0.60,58.2,0
117.26,FSM Enemy 9,FSM,PatrolState,None,0.90,59.7,0
117.26,FSM Enemy 11,FSM,Dead,None,0.00,4.6,0
117.26,FSM Enemy 2,FSM,PatrolState,None,1.00,108.6,0
117.26,FSM Enemy 10,FSM,PatrolState,None,1.00,87.6,0
117.26,FSM Enemy 1,FSM,PatrolState,None,1.00,76.7,0
117.26,FSM Enemy 14,FSM,PatrolState,None,1.00,100.5,0
117.26,Utility Enemy 9,Utility,AttackAction,None,1.00,50.3,0
117.26,Utility Enemy 10,Utility,AttackAction,None,1.00,66.0,0
117.26,Utility Enemy 12,Utility,AttackAction,None,1.00,49.9,0
117.26,Utility Enemy 6,Utility,AttackAction,None,1.00,45.5,0
117.26,Utility Enemy 1,Utility,AttackAction,None,1.00,50.2,0
117.26,Utility Enemy 7,Utility,AttackAction,None,1.00,52.0,0
117.26,Utility Enemy 11,Utility,Dead,None,0.00,2.6,0
117.26,Utility Enemy 13,Utility,AttackAction,None,0.75,48.2,0
117.26,Utility Enemy 15,Utility,AttackAction,None,1.00,50.9,0
117.26,Utility Enemy 5,Utility,AttackAction,None,1.00,52.0,0
117.26,Utility Enemy 2,Utility,AttackAction,None,1.00,50.6,0
117.26,Utility Enemy 8,Utility,AttackAction,None,1.00,50.4,0
117.26,Utility Enemy 4,Utility,AttackAction,None,1.00,51.3,0
117.26,Utility Enemy 14,Utility,AttackAction,None,1.00,49.6,0
117.26,Utility Enemy 3,Utility,AttackAction,None,1.00,54.8,0
117.77,Player,Player,-,None,0.04,,0
117.77,FSM Enemy 12,FSM,PatrolState,None,1.00,71.6,0
117.77,FSM Enemy 15,FSM,PatrolState,None,0.90,25.6,0
117.77,FSM Enemy 13,FSM,AttackState,None,1.00,11.8,1
117.77,FSM Enemy 4,FSM,PatrolState,None,0.40,79.7,0
117.77,FSM Enemy 6,FSM,PatrolState,None,0.35,65.5,0
117.77,FSM Enemy 7,FSM,PatrolState,None,1.00,23.1,0
117.77,FSM Enemy 3,FSM,PatrolState,None,0.70,87.2,0
117.77,FSM Enemy 5,FSM,Dead,None,0.00,21.0,0
117.77,FSM Enemy 8,FSM,PatrolState,None,0.60,54.6,0
117.77,FSM Enemy 9,FSM,PatrolState,None,0.90,56.0,0
117.77,FSM Enemy 11,FSM,Dead,None,0.00,5.8,0
117.77,FSM Enemy 2,FSM,PatrolState,None,1.00,107.0,0
117.77,FSM Enemy 10,FSM,PatrolState,None,1.00,85.5,0
117.77,FSM Enemy 1,FSM,PatrolState,None,1.00,74.6,0
117.77,FSM Enemy 14,FSM,PatrolState,None,1.00,97.7,0
117.77,Utility Enemy 9,Utility,AttackAction,None,1.00,47.9,0
117.77,Utility Enemy 10,Utility,AttackAction,None,1.00,64.4,0
117.77,Utility Enemy 12,Utility,AttackAction,None,1.00,47.5,0
117.77,Utility Enemy 6,Utility,AttackAction,None,1.00,43.2,0
117.77,Utility Enemy 1,Utility,AttackAction,None,1.00,47.8,0
117.77,Utility Enemy 7,Utility,AttackAction,None,1.00,49.5,0
117.77,Utility Enemy 11,Utility,Dead,None,0.00,2.7,0
117.77,Utility Enemy 13,Utility,AttackAction,None,0.75,45.8,0
117.77,Utility Enemy 15,Utility,AttackAction,None,1.00,48.6,0
117.77,Utility Enemy 5,Utility,AttackAction,None,1.00,49.7,0
117.77,Utility Enemy 2,Utility,AttackAction,None,1.00,48.2,0
117.77,Utility Enemy 8,Utility,AttackAction,None,1.00,48.0,0
117.77,Utility Enemy 4,Utility,AttackAction,None,1.00,48.9,0
117.77,Utility Enemy 14,Utility,AttackAction,None,1.00,47.2,0
117.77,Utility Enemy 3,Utility,AttackAction,None,1.00,52.4,0
