time,enemyId,aiType,action,activeGlitch,health,distToPlayer,canSeePlayer
0.00,Player,Player,-,None,1.00,,0
0.00,FSM Enemy 4,FSM,PatrolState,None,1.00,48.9,0
0.00,FSM Enemy 3,FSM,PatrolState,None,0.90,82.0,0
0.00,FSM Enemy 14,FSM,PatrolState,None,1.00,75.0,0
0.00,FSM Enemy 13,FSM,PatrolState,None,1.00,49.2,0
0.00,FSM Enemy 12,FSM,PatrolState,None,1.00,38.1,0
0.00,FSM Enemy 10,FSM,PatrolState,None,1.00,66.4,0
0.00,FSM Enemy 7,FSM,PatrolState,None,1.00,28.1,0
0.00,FSM Enemy 8,FSM,PatrolState,None,1.00,48.1,0
0.00,FSM Enemy 9,FSM,PatrolState,None,1.00,33.4,0
0.00,FSM Enemy 2,FSM,PatrolState,None,1.00,89.4,0
0.00,FSM Enemy 11,FSM,PatrolState,None,1.00,37.9,0
0.00,FSM Enemy 15,FSM,PatrolState,None,1.00,28.5,0
0.00,FSM Enemy 1,FSM,PatrolState,None,1.00,89.4,0
0.00,FSM Enemy 6,FSM,PatrolState,None,1.00,28.1,0
0.00,FSM Enemy 5,FSM,PatrolState,None,1.00,69.3,0
0.00,Utility Enemy 8,Utility,AttackAction,None,1.00,77.4,0
0.00,Utility Enemy 15,Utility,AttackAction,None,1.00,80.1,0
0.00,Utility Enemy 6,Utility,AttackAction,None,1.00,42.0,0
0.00,Utility Enemy 1,Utility,AttackAction,None,1.00,84.4,0
0.00,Utility Enemy 11,Utility,AttackAction,None,1.00,33.7,0
0.00,Utility Enemy 2,Utility,AttackAction,None,1.00,84.4,0
0.00,Utility Enemy 5,Utility,AttackAction,None,1.00,84.0,0
0.00,Utility Enemy 4,Utility,AttackAction,None,1.00,62.9,0
0.00,Utility Enemy 7,Utility,AttackAction,None,1.00,42.0,0
0.00,Utility Enemy 3,Utility,AttackAction,None,1.00,62.9,0
0.00,Utility Enemy 13,Utility,AttackAction,None,1.00,50.6,0
0.00,Utility Enemy 12,Utility,AttackAction,None,1.00,33.7,0
0.00,Utility Enemy 14,Utility,AttackAction,None,1.00,50.6,0
0.00,Utility Enemy 10,Utility,AttackAction,None,1.00,30.2,0
0.00,Utility Enemy 9,Utility,AttackAction,None,1.00,44.6,0
0.50,Player,Player,-,None,1.00,,0
0.50,FSM Enemy 4,FSM,PatrolState,None,1.00,49.7,0
0.50,FSM Enemy 3,FSM,PatrolState,None,0.90,82.7,0
0.50,FSM Enemy 14,FSM,PatrolState,None,1.00,74.6,0
0.50,FSM Enemy 13,FSM,PatrolState,None,1.00,48.5,0
0.50,FSM Enemy 12,FSM,PatrolState,None,1.00,38.3,0
0.50,FSM Enemy 10,FSM,PatrolState,None,1.00,67.4,0
0.50,FSM Enemy 7,FSM,PatrolState,None,1.00,28.6,0
0.50,FSM Enemy 8,FSM,PatrolState,None,1.00,47.8,0
0.50,FSM Enemy 9,FSM,PatrolState,None,1.00,34.3,0
0.50,FSM Enemy 2,FSM,PatrolState,None,1.00,88.9,0
0.50,FSM Enemy 11,FSM,PatrolState,None,1.00,37.2,0
0.50,FSM Enemy 15,FSM,PatrolState,None,1.00,28.5,0
0.50,FSM Enemy 1,FSM,PatrolState,None,1.00,90.0,0
0.50,FSM Enemy 6,FSM,PatrolState,None,1.00,27.1,0
0.50,FSM Enemy 5,FSM,PatrolState,None,1.00,69.1,0
0.50,Utility Enemy 8,Utility,AttackAction,None,1.00,77.4,0
0.50,Utility Enemy 15,Utility,AttackAction,None,1.00,80.1,0
0.50,Utility Enemy 6,Utility,AttackAction,None,1.00,42.0,0
0.50,Utility Enemy 1,Utility,AttackAction,None,1.00,84.4,0
0.50,Utility Enemy 11,Utility,AttackAction,None,1.00,33.7,0
0.50,Utility Enemy 2,Utility,AttackAction,None,1.00,84.4,0
0.50,Utility Enemy 5,Utility,AttackAction,None,1.00,84.0,0
0.50,Utility Enemy 4,Utility,AttackAction,None,1.00,62.9,0
0.50,Utility Enemy 7,Utility,AttackAction,None,1.00,42.0,0
0.50,Utility Enemy 3,Utility,AttackAction,None,1.00,62.9,0
0.50,Utility Enemy 13,Utility,AttackAction,None,1.00,50.6,0
0.50,Utility Enemy 12,Utility,AttackAction,None,1.00,33.7,0
0.50,Utility Enemy 14,Utility,AttackAction,None,1.00,50.6,0
0.50,Utility Enemy 10,Utility,AttackAction,None,1.00,30.2,0
0.50,Utility Enemy 9,Utility,AttackAction,None,1.00,44.6,0
1.00,Player,Player,-,None,1.00,,0
1.00,FSM Enemy 4,FSM,PatrolState,None,1.00,50.7,0
1.00,FSM Enemy 3,FSM,PatrolState,None,0.90,83.7,0
1.00,FSM Enemy 14,FSM,PatrolState,None,1.00,74.0,0
1.00,FSM Enemy 13,FSM,PatrolState,None,1.00,47.5,0
1.00,FSM Enemy 12,FSM,PatrolState,None,1.00,38.9,0
1.00,FSM Enemy 10,FSM,PatrolState,None,1.00,68.7,0
1.00,FSM Enemy 7,FSM,PatrolState,None,1.00,29.3,0
1.00,FSM Enemy 8,FSM,PatrolState,None,1.00,47.5,0
1.00,FSM Enemy 9,FSM,PatrolState,None,1.00,35.4,0
1.00,FSM Enemy 2,FSM,PatrolState,None,1.00,88.1,0
1.00,FSM Enemy 11,FSM,PatrolState,None,1.00,36.3,0
1.00,FSM Enemy 15,FSM,PatrolState,None,1.00,28.6,0
1.00,FSM Enemy 1,FSM,PatrolState,None,1.00,90.8,0
1.00,FSM Enemy 6,FSM,PatrolState,None,1.00,25.8,0
1.00,FSM Enemy 5,FSM,PatrolState,None,1.00,68.8,0
1.00,Utility Enemy 8,Utility,AttackAction,None,1.00,77.4,0
1.00,Utility Enemy 15,Utility,AttackAction,None,1.00,80.1,0
1.00,Utility Enemy 6,Utility,AttackAction,None,1.00,42.0,0
1.00,Utility Enemy 1,Utility,AttackAction,None,1.00,84.4,0
1.00,Utility Enemy 11,Utility,AttackAction,None,1.00,33.7,0
1.00,Utility Enemy 2,Utility,AttackAction,None,1.00,84.4,0
1.00,Utility Enemy 5,Utility,AttackAction,None,1.00,84.0,0
1.00,Utility Enemy 4,Utility,AttackAction,None,1.00,62.9,0
1.00,Utility Enemy 7,Utility,AttackAction,None,1.00,42.0,0
1.00,Utility Enemy 3,Utility,AttackAction,None,1.00,62.9,0
1.00,Utility Enemy 13,Utility,AttackAction,None,1.00,50.6,0
1.00,Utility Enemy 12,Utility,AttackAction,None,1.00,33.7,0
1.00,Utility Enemy 14,Utility,AttackAction,None,1.00,50.6,0
1.00,Utility Enemy 10,Utility,AttackAction,None,1.00,30.2,0
1.00,Utility Enemy 9,Utility,AttackAction,None,1.00,44.6,0
1.50,Player,Player,-,None,1.00,,0
1.50,FSM Enemy 4,FSM,PatrolState,None,1.00,52.4,0
1.50,FSM Enemy 3,FSM,PatrolState,None,0.90,84.6,0
1.50,FSM Enemy 14,FSM,PatrolState,None,1.00,73.8,0
1.50,FSM Enemy 13,FSM,PatrolState,None,1.00,45.8,0
1.50,FSM Enemy 12,FSM,PatrolState,None,1.00,40.7,0
1.50,FSM Enemy 10,FSM,PatrolState,None,1.00,69.9,0
1.50,FSM Enemy 7,FSM,PatrolState,None,1.00,29.6,0
1.50,FSM Enemy 8,FSM,PatrolState,None,1.00,47.0,0
1.50,FSM Enemy 9,FSM,PatrolState,None,1.00,36.4,0
1.50,FSM Enemy 2,FSM,PatrolState,None,1.00,87.1,0
1.50,FSM Enemy 11,FSM,PatrolState,None,1.00,34.8,0
1.50,FSM Enemy 15,FSM,PatrolState,None,0.90,27.7,0
1.50,FSM Enemy 1,FSM,PatrolState,None,1.00,91.1,0
1.50,FSM Enemy 6,FSM,PatrolState,None,1.00,25.3,0
1.50,FSM Enemy 5,FSM,PatrolState,None,1.00,68.0,0
1.50,Utility Enemy 8,Utility,AttackAction,None,1.00,76.8,0
1.50,Utility Enemy 15,Utility,AttackAction,None,1.00,79.6,0
1.50,Utility Enemy 6,Utility,AttackAction,None,1.00,41.4,0
1.50,Utility Enemy 1,Utility,AttackAction,None,1.00,84.0,0
1.50,Utility Enemy 11,Utility,AttackAction,None,1.00,33.0,0
1.50,Utility Enemy 2,Utility,AttackAction,None,1.00,84.3,0
1.50,Utility Enemy 5,Utility,AttackAction,None,1.00,83.8,0
1.50,Utility Enemy 4,Utility,AttackAction,None,1.00,62.3,0
1.50,Utility Enemy 7,Utility,AttackAction,None,1.00,42.7,0
1.50,Utility Enemy 3,Utility,AttackAction,None,1.00,63.2,0
1.50,Utility Enemy 13,Utility,AttackAction,None,1.00,49.9,0
1.50,Utility Enemy 12,Utility,AttackAction,None,1.00,34.3,0
1.50,Utility Enemy 14,Utility,AttackAction,None,1.00,51.1,0
1.50,Utility Enemy 10,Utility,AttackAction,None,1.00,30.9,0
1.50,Utility Enemy 9,Utility,AttackAction,None,1.00,45.1,0
2.00,Player,Player,-,None,1.00,,0
2.00,FSM Enemy 4,FSM,PatrolState,None,1.00,56.3,0
2.00,FSM Enemy 3,FSM,PatrolState,None,0.90,85.9,0
2.00,FSM Enemy 14,FSM,PatrolState,None,1.00,75.4,0
2.00,FSM Enemy 13,FSM,PatrolState,None,1.00,42.1,0
2.00,FSM Enemy 12,FSM,PatrolState,None,1.00,45.0,0
2.00,FSM Enemy 10,FSM,PatrolState,None,1.00,72.4,0
2.00,FSM Enemy 7,FSM,PatrolState,None,1.00,27.4,0
2.00,FSM Enemy 8,FSM,PatrolState,None,1.00,47.2,0
2.00,FSM Enemy 9,FSM,PatrolState,None,1.00,38.4,0
2.00,FSM Enemy 2,FSM,PatrolState,None,1.00,87.3,0
2.00,FSM Enemy 11,FSM,PatrolState,None,1.00,31.0,0
2.00,FSM Enemy 15,FSM,PatrolState,None,0.90,24.0,0
2.00,FSM Enemy 1,FSM,PatrolState,None,1.00,90.8,0
2.00,FSM Enemy 6,FSM,PatrolState,None,1.00,27.0,0
2.00,FSM Enemy 5,FSM,PatrolState,None,1.00,65.9,0
2.00,Utility Enemy 8,Utility,AttackAction,None,1.00,75.4,0
2.00,Utility Enemy 15,Utility,AttackAction,None,1.00,78.6,0
2.00,Utility Enemy 6,Utility,AttackAction,None,1.00,38.4,0
2.00,Utility Enemy 1,Utility,AttackAction,None,1.00,83.5,0
2.00,Utility Enemy 11,Utility,AttackAction,None,1.00,30.1,0
2.00,Utility Enemy 2,Utility,AttackAction,None,1.00,85.2,0
2.00,Utility Enemy 5,Utility,AttackAction,None,1.00,84.0,0
2.00,Utility Enemy 4,Utility,AttackAction,None,1.00,60.3,0
2.00,Utility Enemy 7,Utility,AttackAction,None,1.00,45.7,0
2.00,Utility Enemy 3,Utility,AttackAction,None,1.00,65.5,0
2.00,Utility Enemy 13,Utility,AttackAction,None,1.00,47.4,0
2.00,Utility Enemy 12,Utility,AttackAction,None,1.00,37.3,0
2.00,Utility Enemy 14,Utility,AttackAction,None,1.00,53.8,0
2.00,Utility Enemy 10,Utility,AttackAction,None,1.00,33.9,0
2.00,Utility Enemy 9,Utility,AttackAction,None,1.00,48.1,0
2.51,Player,Player,-,None,1.00,,0
2.51,FSM Enemy 4,FSM,PatrolState,None,1.00,59.4,0
2.51,FSM Enemy 3,FSM,PatrolState,None,0.90,87.0,0
2.51,FSM Enemy 14,FSM,PatrolState,None,1.00,76.6,0
2.51,FSM Enemy 13,FSM,PatrolState,None,1.00,39.3,0
2.51,FSM Enemy 12,FSM,PatrolState,None,1.00,48.2,0
2.51,FSM Enemy 10,FSM,PatrolState,None,1.00,74.7,0
2.51,FSM Enemy 7,FSM,PatrolState,None,1.00,25.9,0
2.51,FSM Enemy 8,FSM,PatrolState,None,1.00,48.7,0
2.51,FSM Enemy 9,FSM,PatrolState,None,1.00,40.3,0
2.51,FSM Enemy 2,FSM,PatrolState,None,1.00,87.3,0
2.51,FSM Enemy 11,FSM,PatrolState,None,0.90,28.2,0
2.51,FSM Enemy 15,FSM,PatrolState,None,0.90,21.3,0
2.51,FSM Enemy 1,FSM,PatrolState,None,1.00,91.1,0
2.51,FSM Enemy 6,FSM,PatrolState,None,1.00,27.8,0
2.51,FSM Enemy 5,FSM,PatrolState,None,1.00,64.6,0
2.51,Utility Enemy 8,Utility,AttackAction,None,1.00,74.6,0
2.51,Utility Enemy 15,Utility,AttackAction,None,1.00,78.1,0
2.51,Utility Enemy 6,Utility,AttackAction,None,1.00,36.3,0
2.51,Utility Enemy 1,Utility,AttackAction,None,1.00,83.4,0
2.51,Utility Enemy 11,Utility,AttackAction,None,1.00,28.2,0
2.51,Utility Enemy 2,Utility,AttackAction,None,1.00,86.1,0
2.51,Utility Enemy 5,Utility,AttackAction,None,1.00,84.3,0
2.51,Utility Enemy 4,Utility,AttackAction,None,1.00,59.2,0
2.51,Utility Enemy 7,Utility,AttackAction,None,1.00,47.8,0
2.51,Utility Enemy 3,Utility,AttackAction,None,1.00,67.2,0
2.51,Utility Enemy 13,Utility,AttackAction,None,1.00,45.8,0
2.51,Utility Enemy 12,Utility,AttackAction,None,1.00,39.4,0
2.51,Utility Enemy 14,Utility,AttackAction,None,1.00,55.7,0
2.51,Utility Enemy 10,Utility,AttackAction,None,1.00,35.9,0
2.51,Utility Enemy 9,Utility,AttackAction,None,1.00,50.1,0
3.01,Player,Player,-,None,1.00,,0
3.01,FSM Enemy 4,FSM,PatrolState,None,1.00,62.1,0
3.01,FSM Enemy 3,FSM,PatrolState,None,0.90,87.5,0
3.01,FSM Enemy 14,FSM,PatrolState,None,1.00,77.1,0
3.01,FSM Enemy 13,FSM,PatrolState,None,1.00,36.8,0
3.01,FSM Enemy 12,FSM,PatrolState,None,1.00,51.2,0
3.01,FSM Enemy 10,FSM,PatrolState,None,1.00,76.8,0
3.01,FSM Enemy 7,FSM,PatrolState,None,1.00,24.3,0
3.01,FSM Enemy 8,FSM,PatrolState,None,1.00,50.2,0
3.01,FSM Enemy 9,FSM,PatrolState,None,1.00,42.0,0
3.01,FSM Enemy 2,FSM,PatrolState,None,1.00,87.1,0
3.01,FSM Enemy 11,FSM,PatrolState,None,0.90,26.4,0
3.01,FSM Enemy 15,FSM,ChaseState,None,0.90,18.5,1
3.01,FSM Enemy 1,FSM,PatrolState,None,1.00,91.5,0
3.01,FSM Enemy 6,FSM,PatrolState,None,0.90,28.3,0
3.01,FSM Enemy 5,FSM,PatrolState,None,1.00,63.1,0
3.01,Utility Enemy 8,Utility,AttackAction,None,1.00,73.8,0
3.01,Utility Enemy 15,Utility,AttackAction,None,1.00,77.6,0
3.01,Utility Enemy 6,Utility,AttackAction,None,1.00,34.6,0
3.01,Utility Enemy 1,Utility,AttackAction,None,1.00,83.2,0
3.01,Utility Enemy 11,Utility,AttackAction,None,0.75,26.5,0
3.01,Utility Enemy 2,Utility,AttackAction,None,1.00,86.7,0
3.01,Utility Enemy 5,Utility,AttackAction,None,1.00,84.6,0
3.01,Utility Enemy 4,Utility,AttackAction,None,1.00,58.2,0
3.01,Utility Enemy 7,Utility,AttackAction,None,1.00,49.5,0
3.01,Utility Enemy 3,Utility,AttackAction,None,1.00,68.6,0
3.01,Utility Enemy 13,Utility,AttackAction,None,1.00,44.4,0
3.01,Utility Enemy 12,Utility,AttackAction,None,1.00,41.1,0
3.01,Utility Enemy 14,Utility,AttackAction,None,1.00,57.4,0
3.01,Utility Enemy 10,Utility,AttackAction,None,1.00,37.7,0
3.01,Utility Enemy 9,Utility,AttackAction,None,1.00,51.8,0
3.51,Player,Player,-,None,1.00,,0
3.51,FSM Enemy 4,FSM,PatrolState,None,1.00,65.2,0
3.51,FSM Enemy 3,FSM,PatrolState,None,0.90,87.0,0
3.51,FSM Enemy 14,FSM,PatrolState,None,1.00,78.2,0
3.51,FSM Enemy 13,FSM,PatrolState,None,1.00,34.8,0
3.51,FSM Enemy 12,FSM,PatrolState,None,1.00,55.1,0
3.51,FSM Enemy 10,FSM,PatrolState,None,1.00,79.2,0
3.51,FSM Enemy 7,FSM,PatrolState,None,1.00,22.0,0
3.51,FSM Enemy 8,FSM,PatrolState,None,1.00,51.8,0
3.51,FSM Enemy 9,FSM,PatrolState,None,1.00,44.0,0
3.51,FSM Enemy 2,FSM,PatrolState,None,1.00,87.5,0
3.51,FSM Enemy 11,FSM,PatrolState,None,0.90,24.7,0
3.51,FSM Enemy 15,FSM,AttackState,None,0.90,15.5,1
3.51,FSM Enemy 1,FSM,PatrolState,None,1.00,91.7,0
3.51,FSM Enemy 6,FSM,PatrolState,None,0.90,29.7,0
3.51,FSM Enemy 5,FSM,PatrolState,None,1.00,61.0,0
3.51,Utility Enemy 8,Utility,AttackAction,None,1.00,72.7,0
3.51,Utility Enemy 15,Utility,AttackAction,None,1.00,76.8,0
3.51,Utility Enemy 6,Utility,AttackAction,None,1.00,31.9,0
3.51,Utility Enemy 1,Utility,AttackAction,None,1.00,82.9,0
3.51,Utility Enemy 11,Utility,AttackAction,None,0.50,24.0,0
3.51,Utility Enemy 2,Utility,AttackAction,None,1.00,87.7,0
3.51,Utility Enemy 5,Utility,AttackAction,None,1.00,84.9,0
3.51,Utility Enemy 4,Utility,AttackAction,None,1.00,56.6,0
3.51,Utility Enemy 7,Utility,AttackAction,None,1.00,52.1,0
3.51,Utility Enemy 3,Utility,AttackAction,None,1.00,70.6,0
3.51,Utility Enemy 13,Utility,AttackAction,None,1.00,42.3,0
3.51,Utility Enemy 12,Utility,AttackAction,None,1.00,43.7,0
3.51,Utility Enemy 14,Utility,AttackAction,None,1.00,59.8,0
3.51,Utility Enemy 10,Utility,AttackAction,None,1.00,40.3,0
3.51,Utility Enemy 9,Utility,AttackAction,None,1.00,54.3,0
4.02,Player,Player,-,None,1.00,,0
4.02,FSM Enemy 4,FSM,PatrolState,None,1.00,67.5,0
4.02,FSM Enemy 3,FSM,PatrolState,None,0.90,86.3,0
4.02,FSM Enemy 14,FSM,PatrolState,None,1.00,80.0,0
4.02,FSM Enemy 13,FSM,PatrolState,None,1.00,32.6,0
4.02,FSM Enemy 12,FSM,PatrolState,None,1.00,59.3,0
4.02,FSM Enemy 10,FSM,PatrolState,None,1.00,81.2,0
4.02,FSM Enemy 7,FSM,PatrolState,None,0.65,19.4,0
4.02,FSM Enemy 8,FSM,PatrolState,None,1.00,53.4,0
4.02,FSM Enemy 9,FSM,PatrolState,None,1.00,46.2,0
4.02,FSM Enemy 2,FSM,PatrolState,None,1.00,88.9,0
4.02,FSM Enemy 11,FSM,PatrolState,None,0.90,22.8,0
4.02,FSM Enemy 15,FSM,AttackState,None,0.90,13.6,1
4.02,FSM Enemy 1,FSM,PatrolState,None,1.00,90.6,0
4.02,FSM Enemy 6,FSM,PatrolState,None,0.90,31.5,0
4.02,FSM Enemy 5,FSM,PatrolState,None,1.00,58.7,0
4.02,Utility Enemy 8,Utility,AttackAction,None,1.00,71.4,0
4.02,Utility Enemy 15,Utility,AttackAction,None,1.00,75.9,0
4.02,Utility Enemy 6,Utility,AttackAction,None,1.00,28.9,0
4.02,Utility Enemy 1,Utility,AttackAction,None,1.00,82.6,0
4.02,Utility Enemy 11,Utility,AttackAction,None,0.25,21.1,0
4.02,Utility Enemy 2,Utility,AttackAction,None,1.00,88.7,0
4.02,Utility Enemy 5,Utility,AttackAction,None,1.00,85.3,0
4.02,Utility Enemy 4,Utility,AttackAction,None,1.00,54.8,0
4.02,Utility Enemy 7,Utility,AttackAction,None,1.00,55.2,0
4.02,Utility Enemy 3,Utility,AttackAction,None,1.00,72.9,0
4.02,Utility Enemy 13,Utility,AttackAction,None,1.00,39.9,0
4.02,Utility Enemy 12,Utility,AttackAction,None,1.00,46.8,0
4.02,Utility Enemy 14,Utility,AttackAction,None,1.00,62.5,0
4.02,Utility Enemy 10,Utility,AttackAction,None,1.00,43.3,0
4.02,Utility Enemy 9,Utility,AttackAction,None,1.00,57.3,0
4.52,Player,Player,-,None,1.00,,0
4.52,FSM Enemy 4,FSM,PatrolState,None,1.00,68.1,0
4.52,FSM Enemy 3,FSM,PatrolState,None,0.90,85.3,0
4.52,FSM Enemy 14,FSM,PatrolState,None,1.00,81.6,0
4.52,FSM Enemy 13,FSM,PatrolState,None,1.00,32.3,0
4.52,FSM Enemy 12,FSM,PatrolState,None,1.00,61.3,0
4.52,FSM Enemy 10,FSM,PatrolState,None,1.00,80.8,0
4.52,FSM Enemy 7,FSM,PatrolState,None,0.40,18.2,0
4.52,FSM Enemy 8,FSM,PatrolState,None,1.00,54.8,0
4.52,FSM Enemy 9,FSM,PatrolState,None,1.00,47.3,0
4.52,FSM Enemy 2,FSM,PatrolState,None,1.00,90.1,0
4.52,FSM Enemy 11,FSM,PatrolState,None,0.90,22.8,0
4.52,FSM Enemy 15,FSM,AttackState,None,0.90,12.9,1
4.52,FSM Enemy 1,FSM,PatrolState,None,1.00,89.3,0
4.52,FSM Enemy 6,FSM,PatrolState,None,0.90,32.1,0
4.52,FSM Enemy 5,FSM,PatrolState,None,1.00,57.5,0
4.52,Utility Enemy 8,Utility,AttackAction,None,1.00,70.8,0
4.52,Utility Enemy 15,Utility,AttackAction,None,1.00,75.6,0
4.52,Utility Enemy 6,Utility,AttackAction,None,1.00,27.7,0
4.52,Utility Enemy 1,Utility,AttackAction,None,1.00,82.4,0
4.52,Utility Enemy 11,Utility,Dead,None,0.00,20.0,0
4.52,Utility Enemy 2,Utility,AttackAction,None,1.00,89.1,0
4.52,Utility Enemy 5,Utility,AttackAction,None,1.00,85.5,0
4.52,Utility Enemy 4,Utility,AttackAction,None,1.00,54.1,0
4.52,Utility Enemy 7,Utility,AttackAction,None,1.00,56.4,0
4.52,Utility Enemy 3,Utility,AttackAction,None,1.00,73.9,0
4.52,Utility Enemy 13,Utility,AttackAction,None,1.00,38.9,0
4.52,Utility Enemy 12,Utility,AttackAction,None,1.00,47.9,0
4.52,Utility Enemy 14,Utility,AttackAction,None,1.00,63.6,0
4.52,Utility Enemy 10,Utility,AttackAction,None,1.00,44.5,0
4.52,Utility Enemy 9,Utility,AttackAction,None,1.00,58.4,0
5.02,Player,Player,-,None,1.00,,0
5.02,FSM Enemy 4,FSM,PatrolState,None,1.00,68.3,0
5.02,FSM Enemy 3,FSM,PatrolState,None,0.90,84.1,0
5.02,FSM Enemy 14,FSM,PatrolState,None,1.00,82.7,0
5.02,FSM Enemy 13,FSM,PatrolState,None,1.00,32.7,0
5.02,FSM Enemy 12,FSM,PatrolState,None,1.00,62.4,0
5.02,FSM Enemy 10,FSM,PatrolState,None,1.00,79.9,0
5.02,FSM Enemy 7,FSM,TakeCoverState,None,0.40,17.6,1
5.02,FSM Enemy 8,FSM,PatrolState,None,1.00,56.0,0
5.02,FSM Enemy 9,FSM,PatrolState,None,1.00,46.5,0
5.02,FSM Enemy 2,FSM,PatrolState,None,1.00,91.0,0
5.02,FSM Enemy 11,FSM,PatrolState,None,0.90,23.6,0
5.02,FSM Enemy 15,FSM,AttackState,None,0.90,12.7,1
5.02,FSM Enemy 1,FSM,PatrolState,None,1.00,88.3,0
5.02,FSM Enemy 6,FSM,PatrolState,None,0.90,33.7,0
5.02,FSM Enemy 5,FSM,PatrolState,None,1.00,56.8,0
5.02,Utility Enemy 8,Utility,AttackAction,None,1.00,70.6,0
5.02,Utility Enemy 15,Utility,AttackAction,None,1.00,75.4,0
5.02,Utility Enemy 6,Utility,AttackAction,None,1.00,27.3,0
5.02,Utility Enemy 1,Utility,AttackAction,None,1.00,82.4,0
5.02,Utility Enemy 11,Utility,Dead,None,0.00,19.6,0
5.02,Utility Enemy 2,Utility,AttackAction,None,1.00,89.2,0
5.02,Utility Enemy 5,Utility,AttackAction,None,1.00,85.5,0
5.02,Utility Enemy 4,Utility,AttackAction,None,1.00,53.8,0
5.02,Utility Enemy 7,Utility,AttackAction,None,1.00,56.8,0
5.02,Utility Enemy 3,Utility,AttackAction,None,1.00,74.1,0
5.02,Utility Enemy 13,Utility,AttackAction,None,1.00,38.6,0
5.02,Utility Enemy 12,Utility,AttackAction,None,1.00,48.3,0
5.02,Utility Enemy 14,Utility,AttackAction,None,1.00,63.9,0
5.02,Utility Enemy 10,Utility,AttackAction,None,1.00,44.9,0
5.02,Utility Enemy 9,Utility,AttackAction,None,1.00,58.8,0
5.52,Player,Player,-,None,1.00,,0
5.52,FSM Enemy 4,FSM,PatrolState,None,1.00,68.9,0
5.52,FSM Enemy 3,FSM,PatrolState,None,0.90,83.1,0
5.52,FSM Enemy 14,FSM,PatrolState,None,1.00,84.0,0
5.52,FSM Enemy 13,FSM,PatrolState,None,1.00,32.7,0
5.52,FSM Enemy 12,FSM,PatrolState,None,1.00,63.7,0
5.52,FSM Enemy 10,FSM,PatrolState,None,1.00,79.3,0
5.52,FSM Enemy 7,FSM,TakeCoverState,None,0.15,18.5,0
5.52,FSM Enemy 8,FSM,PatrolState,None,1.00,57.2,0
5.52,FSM Enemy 9,FSM,PatrolState,None,1.00,45.7,0
5.52,FSM Enemy 2,FSM,PatrolState,None,1.00,92.1,0
5.52,FSM Enemy 11,FSM,PatrolState,None,0.80,23.9,0
5.52,FSM Enemy 15,FSM,AttackState,None,0.90,12.3,1
5.52,FSM Enemy 1,FSM,PatrolState,None,1.00,87.0,0
5.52,FSM Enemy 6,FSM,PatrolState,None,0.90,35.7,0
5.52,FSM Enemy 5,FSM,PatrolState,None,1.00,55.9,0
5.52,Utility Enemy 8,Utility,AttackAction,None,1.00,70.2,0
5.52,Utility Enemy 15,Utility,AttackAction,None,1.00,75.1,0
5.52,Utility Enemy 6,Utility,AttackAction,None,1.00,26.5,0
5.52,Utility Enemy 1,Utility,AttackAction,None,1.00,82.2,0
5.52,Utility Enemy 11,Utility,Dead,None,0.00,18.8,1
5.52,Utility Enemy 2,Utility,AttackAction,None,1.00,89.5,0
5.52,Utility Enemy 5,Utility,AttackAction,None,1.00,85.5,0
5.52,Utility Enemy 4,Utility,AttackAction,None,1.00,53.3,0
5.52,Utility Enemy 7,Utility,AttackAction,None,1.00,57.6,0
5.52,Utility Enemy 3,Utility,AttackAction,None,1.00,74.7,0
5.52,Utility Enemy 13,Utility,AttackAction,None,1.00,37.9,0
5.52,Utility Enemy 12,Utility,AttackAction,None,1.00,49.1,0
5.52,Utility Enemy 14,Utility,AttackAction,None,1.00,64.7,0
5.52,Utility Enemy 10,Utility,AttackAction,None,1.00,45.8,0
5.52,Utility Enemy 9,Utility,AttackAction,None,1.00,59.6,0
6.02,Player,Player,-,None,1.00,,0
6.02,FSM Enemy 4,FSM,PatrolState,None,1.00,68.4,0
6.02,FSM Enemy 3,FSM,PatrolState,None,0.90,82.0,0
6.02,FSM Enemy 14,FSM,PatrolState,None,1.00,84.7,0
6.02,FSM Enemy 13,FSM,PatrolState,None,1.00,33.2,0
6.02,FSM Enemy 12,FSM,PatrolState,None,1.00,63.9,0
6.02,FSM Enemy 10,FSM,PatrolState,None,1.00,78.5,0
6.02,FSM Enemy 7,FSM,Dead,None,0.00,19.5,0
6.02,FSM Enemy 8,FSM,PatrolState,None,1.00,56.5,0
6.02,FSM Enemy 9,FSM,PatrolState,None,1.00,44.7,0
6.02,FSM Enemy 2,FSM,PatrolState,None,1.00,93.0,0
6.02,FSM Enemy 11,FSM,PatrolState,None,0.80,24.8,0
6.02,FSM Enemy 15,FSM,AttackState,None,0.90,12.2,1
6.02,FSM Enemy 1,FSM,PatrolState,None,1.00,86.0,0
6.02,FSM Enemy 6,FSM,PatrolState,None,0.90,37.2,0
6.02,FSM Enemy 5,FSM,PatrolState,None,1.00,55.4,0
6.02,Utility Enemy 8,Utility,AttackAction,None,1.00,70.1,0
6.02,Utility Enemy 15,Utility,AttackAction,None,1.00,75.1,0
6.02,Utility Enemy 6,Utility,AttackAction,None,1.00,26.2,0
6.02,Utility Enemy 1,Utility,AttackAction,None,1.00,82.2,0
6.02,Utility Enemy 11,Utility,Dead,None,0.00,18.5,1
6.02,Utility Enemy 2,Utility,AttackAction,None,1.00,89.6,0
6.02,Utility Enemy 5,Utility,AttackAction,None,1.00,85.6,0
6.02,Utility Enemy 4,Utility,AttackAction,None,1.00,53.1,0
6.02,Utility Enemy 7,Utility,AttackAction,None,1.00,57.9,0
6.02,Utility Enemy 3,Utility,AttackAction,None,1.00,75.0,0
6.02,Utility Enemy 13,Utility,AttackAction,None,1.00,37.7,0
6.02,Utility Enemy 12,Utility,AttackAction,None,1.00,49.4,0
6.02,Utility Enemy 14,Utility,AttackAction,None,1.00,64.9,0
6.02,Utility Enemy 10,Utility,AttackAction,None,1.00,46.0,0
6.02,Utility Enemy 9,Utility,AttackAction,None,1.00,59.8,0
6.52,Player,Player,-,None,1.00,,0
6.52,FSM Enemy 4,FSM,PatrolState,None,1.00,67.5,0
6.52,FSM Enemy 3,FSM,PatrolState,None,0.90,80.8,0
6.52,FSM Enemy 14,FSM,PatrolState,None,1.00,85.4,0
6.52,FSM Enemy 13,FSM,PatrolState,None,1.00,33.0,0
6.52,FSM Enemy 12,FSM,PatrolState,None,1.00,63.4,0
6.52,FSM Enemy 10,FSM,PatrolState,None,1.00,77.6,0
6.52,FSM Enemy 7,FSM,Dead,None,0.00,19.4,0
6.52,FSM Enemy 8,FSM,PatrolState,None,1.00,55.3,0
6.52,FSM Enemy 9,FSM,PatrolState,None,1.00,43.6,0
6.52,FSM Enemy 2,FSM,PatrolState,None,1.00,93.8,0
6.52,FSM Enemy 11,FSM,PatrolState,None,0.80,25.9,0
6.52,FSM Enemy 15,FSM,AttackState,None,0.90,12.1,1
6.52,FSM Enemy 1,FSM,PatrolState,None,1.00,85.1,0
6.52,FSM Enemy 6,FSM,PatrolState,None,0.90,38.6,0
6.52,FSM Enemy 5,FSM,PatrolState,None,1.00,56.2,0
6.52,Utility Enemy 8,Utility,AttackAction,None,1.00,70.1,0
6.52,Utility Enemy 15,Utility,AttackAction,None,1.00,75.0,0
6.52,Utility Enemy 6,Utility,AttackAction,None,1.00,26.1,0
6.52,Utility Enemy 1,Utility,AttackAction,None,1.00,82.2,0
6.52,Utility Enemy 11,Utility,Dead,None,0.00,18.4,1
6.52,Utility Enemy 2,Utility,AttackAction,None,1.00,89.6,0
6.52,Utility Enemy 5,Utility,AttackAction,None,1.00,85.6,0
6.52,Utility Enemy 4,Utility,AttackAction,None,1.00,53.0,0
6.52,Utility Enemy 7,Utility,AttackAction,None,1.00,58.0,0
6.52,Utility Enemy 3,Utility,AttackAction,None,1.00,75.0,0
6.52,Utility Enemy 13,Utility,AttackAction,None,1.00,37.6,0
6.52,Utility Enemy 12,Utility,AttackAction,None,1.00,49.5,0
6.52,Utility Enemy 14,Utility,AttackAction,None,1.00,65.0,0
6.52,Utility Enemy 10,Utility,AttackAction,None,1.00,46.1,0
6.52,Utility Enemy 9,Utility,AttackAction,None,1.00,59.9,0
7.02,Player,Player,-,None,1.00,,0
7.02,FSM Enemy 4,FSM,PatrolState,None,1.00,69.0,0
7.02,FSM Enemy 3,FSM,PatrolState,None,0.90,80.9,0
7.02,FSM Enemy 14,FSM,PatrolState,None,1.00,87.9,0
7.02,FSM Enemy 13,FSM,PatrolState,None,1.00,32.1,0
7.02,FSM Enemy 12,FSM,PatrolState,None,1.00,64.8,0
7.02,FSM Enemy 10,FSM,PatrolState,None,1.00,78.4,0
7.02,FSM Enemy 7,FSM,Dead,None,0.00,17.6,0
7.02,FSM Enemy 8,FSM,PatrolState,None,1.00,55.3,0
7.02,FSM Enemy 9,FSM,PatrolState,None,1.00,44.2,0
7.02,FSM Enemy 2,FSM,PatrolState,None,1.00,96.4,0
7.02,FSM Enemy 11,FSM,PatrolState,None,0.80,25.0,0
7.02,FSM Enemy 15,FSM,AttackState,None,0.90,12.2,1
7.02,FSM Enemy 1,FSM,PatrolState,None,1.00,84.3,0
7.02,FSM Enemy 6,FSM,PatrolState,None,0.90,41.8,0
7.02,FSM Enemy 5,FSM,PatrolState,None,1.00,57.1,0
7.02,Utility Enemy 8,Utility,AttackAction,None,1.00,70.0,0
7.02,Utility Enemy 15,Utility,AttackAction,None,1.00,75.2,0
7.02,Utility Enemy 6,Utility,AttackAction,None,1.00,24.0,0
7.02,Utility Enemy 1,Utility,AttackAction,None,1.00,82.8,0
7.02,Utility Enemy 11,Utility,Dead,None,0.00,16.8,1
7.02,Utility Enemy 2,Utility,AttackAction,None,1.00,91.1,0
7.02,Utility Enemy 5,Utility,AttackAction,None,1.00,86.7,0
7.02,Utility Enemy 4,Utility,AttackAction,None,1.00,52.6,0
7.02,Utility Enemy 7,Utility,AttackAction,None,1.00,60.1,0
7.02,Utility Enemy 3,Utility,AttackAction,None,1.00,77.1,0
7.02,Utility Enemy 13,Utility,AttackAction,None,1.00,36.5,0
7.02,Utility Enemy 12,Utility,AttackAction,None,1.00,51.7,0
7.02,Utility Enemy 14,Utility,AttackAction,None,1.00,67.2,0
7.02,Utility Enemy 10,Utility,AttackAction,None,1.00,48.2,0
7.02,Utility Enemy 9,Utility,AttackAction,None,1.00,62.1,0
7.53,Player,Player,-,None,0.95,,0
7.53,FSM Enemy 4,FSM,PatrolState,None,1.00,70.6,0
7.53,FSM Enemy 3,FSM,PatrolState,None,0.90,81.1,0
7.53,FSM Enemy 14,FSM,PatrolState,None,1.00,90.5,0
7.53,FSM Enemy 13,FSM,PatrolState,None,1.00,31.6,0
7.53,FSM Enemy 12,FSM,PatrolState,None,1.00,65.9,0
7.53,FSM Enemy 10,FSM,PatrolState,None,1.00,79.2,0
7.53,FSM Enemy 7,FSM,Dead,None,0.00,16.1,0
7.53,FSM Enemy 8,FSM,PatrolState,None,1.00,55.3,0
7.53,FSM Enemy 9,FSM,PatrolState,None,1.00,44.8,0
7.53,FSM Enemy 2,FSM,PatrolState,None,1.00,99.0,0
7.53,FSM Enemy 11,FSM,PatrolState,None,0.80,24.3,0
7.53,FSM Enemy 15,FSM,AttackState,None,0.90,12.8,1
7.53,FSM Enemy 1,FSM,PatrolState,None,1.00,83.8,0
7.53,FSM Enemy 6,FSM,PatrolState,None,0.90,44.9,0
7.53,FSM Enemy 5,FSM,PatrolState,None,1.00,58.2,0
7.53,Utility Enemy 8,Utility,AttackAction,None,1.00,70.1,0
7.53,Utility Enemy 15,Utility,AttackAction,None,1.00,75.6,0
7.53,Utility Enemy 6,Utility,AttackAction,None,0.75,22.0,0
7.53,Utility Enemy 1,Utility,AttackAction,None,1.00,83.5,0
7.53,Utility Enemy 11,Utility,Dead,None,0.00,15.6,1
7.53,Utility Enemy 2,Utility,AttackAction,None,1.00,92.6,0
7.53,Utility Enemy 5,Utility,AttackAction,None,1.00,87.8,0
7.53,Utility Enemy 4,Utility,AttackAction,None,1.00,52.3,0
7.53,Utility Enemy 7,Utility,AttackAction,None,1.00,62.0,0
7.53,Utility Enemy 3,Utility,AttackAction,None,1.00,79.1,0
7.53,Utility Enemy 13,Utility,AttackAction,None,1.00,35.8,0
7.53,Utility Enemy 12,Utility,AttackAction,None,1.00,53.7,0
7.53,Utility Enemy 14,Utility,AttackAction,None,1.00,69.3,0
7.53,Utility Enemy 10,Utility,AttackAction,None,1.00,50.1,0
7.53,Utility Enemy 9,Utility,AttackAction,None,1.00,64.2,0
8.03,Player,Player,-,None,0.95,,0
8.03,FSM Enemy 4,FSM,PatrolState,None,1.00,72.0,0
8.03,FSM Enemy 3,FSM,PatrolState,None,0.90,81.0,0
8.03,FSM Enemy 14,FSM,PatrolState,None,1.00,92.6,0
8.03,FSM Enemy 13,FSM,PatrolState,None,1.00,31.4,0
8.03,FSM Enemy 12,FSM,PatrolState,None,1.00,66.3,0
8.03,FSM Enemy 10,FSM,PatrolState,None,1.00,79.7,0
8.03,FSM Enemy 7,FSM,Dead,None,0.00,14.9,0
8.03,FSM Enemy 8,FSM,PatrolState,None,1.00,55.0,0
8.03,FSM Enemy 9,FSM,PatrolState,None,1.00,45.1,0
8.03,FSM Enemy 2,FSM,PatrolState,None,1.00,101.1,0
8.03,FSM Enemy 11,FSM,PatrolState,None,0.80,24.0,0
8.03,FSM Enemy 15,FSM,AttackState,None,0.90,13.3,1
8.03,FSM Enemy 1,FSM,PatrolState,None,1.00,83.9,0
8.03,FSM Enemy 6,FSM,PatrolState,None,0.90,47.6,0
8.03,FSM Enemy 5,FSM,PatrolState,None,1.00,59.2,0
8.03,Utility Enemy 8,Utility,AttackAction,None,1.00,70.1,0
8.03,Utility Enemy 15,Utility,AttackAction,None,1.00,75.9,0
8.03,Utility Enemy 6,Utility,AttackAction,None,0.50,20.4,0
8.03,Utility Enemy 1,Utility,AttackAction,None,1.00,84.1,0
8.03,Utility Enemy 11,Utility,Dead,None,0.00,14.6,1
8.03,Utility Enemy 2,Utility,AttackAction,None,1.00,93.8,0
8.03,Utility Enemy 5,Utility,AttackAction,None,1.00,88.7,0
8.03,Utility Enemy 4,Utility,AttackAction,None,1.00,52.1,0
8.03,Utility Enemy 7,Utility,AttackAction,None,1.00,63.6,0
8.03,Utility Enemy 3,Utility,AttackAction,None,1.00,80.7,0
8.03,Utility Enemy 13,Utility,AttackAction,None,1.00,35.2,0
8.03,Utility Enemy 12,Utility,AttackAction,None,1.00,55.3,0
8.03,Utility Enemy 14,Utility,AttackAction,None,1.00,70.9,0
8.03,Utility Enemy 10,Utility,AttackAction,None,1.00,51.6,0
8.03,Utility Enemy 9,Utility,AttackAction,None,1.00,65.8,0
8.53,Player,Player,-,None,0.95,,0
8.53,FSM Enemy 4,FSM,PatrolState,None,1.00,74.9,0
8.53,FSM Enemy 3,FSM,PatrolState,None,0.90,83.1,0
8.53,FSM Enemy 14,FSM,PatrolState,None,1.00,95.9,0
8.53,FSM Enemy 13,FSM,PatrolState,None,1.00,31.0,0
8.53,FSM Enemy 12,FSM,PatrolState,None,1.00,68.0,0
8.53,FSM Enemy 10,FSM,PatrolState,None,1.00,81.3,0
8.53,FSM Enemy 7,FSM,Dead,None,0.00,12.9,0
8.53,FSM Enemy 8,FSM,PatrolState,None,1.00,55.4,0
8.53,FSM Enemy 9,FSM,PatrolState,None,1.00,46.6,0
8.53,FSM Enemy 2,FSM,PatrolState,None,1.00,103.5,0
8.53,FSM Enemy 11,FSM,PatrolState,None,0.80,22.3,0
8.53,FSM Enemy 15,FSM,AttackState,None,0.90,14.7,1
8.53,FSM Enemy 1,FSM,PatrolState,None,1.00,84.0,0
8.53,FSM Enemy 6,FSM,PatrolState,None,0.90,51.7,0
8.53,FSM Enemy 5,FSM,PatrolState,None,1.00,60.3,0
8.53,Utility Enemy 8,Utility,AttackAction,None,1.00,70.2,0
8.53,Utility Enemy 15,Utility,AttackAction,None,1.00,76.4,0
8.53,Utility Enemy 6,Utility,SpreadFireAction,None,0.50,17.5,1
8.53,Utility Enemy 1,Utility,AttackAction,None,1.00,85.1,0
8.53,Utility Enemy 11,Utility,Dead,None,0.00,13.1,1
8.53,Utility Enemy 2,Utility,AttackAction,None,1.00,95.9,0
8.53,Utility Enemy 5,Utility,AttackAction,None,1.00,90.4,0
8.53,Utility Enemy 4,Utility,AttackAction,None,1.00,51.8,0
8.53,Utility Enemy 7,Utility,AttackAction,None,1.00,66.5,0
8.53,Utility Enemy 3,Utility,AttackAction,None,1.00,83.6,0
8.53,Utility Enemy 13,Utility,AttackAction,None,1.00,34.1,0
8.53,Utility Enemy 12,Utility,AttackAction,None,1.00,58.4,0
8.53,Utility Enemy 14,Utility,AttackAction,None,1.00,74.0,0
8.53,Utility Enemy 10,Utility,AttackAction,None,1.00,54.5,0
8.53,Utility Enemy 9,Utility,AttackAction,None,1.00,68.9,0
9.04,Player,Player,-,None,0.95,,0
9.04,FSM Enemy 4,FSM,PatrolState,None,1.00,77.7,0
9.04,FSM Enemy 3,FSM,PatrolState,None,0.90,86.0,0
9.04,FSM Enemy 14,FSM,PatrolState,None,1.00,99.2,0
9.04,FSM Enemy 13,FSM,PatrolState,None,1.00,30.4,0
9.04,FSM Enemy 12,FSM,PatrolState,None,1.00,69.8,0
9.04,FSM Enemy 10,FSM,PatrolState,None,1.00,83.0,0
9.04,FSM Enemy 7,FSM,Dead,None,0.00,11.3,0
9.04,FSM Enemy 8,FSM,PatrolState,None,1.00,55.9,0
9.04,FSM Enemy 9,FSM,PatrolState,None,1.00,48.2,0
9.04,FSM Enemy 2,FSM,PatrolState,None,1.00,105.7,0
9.04,FSM Enemy 11,FSM,PatrolState,None,0.80,19.7,0
9.04,FSM Enemy 15,FSM,AttackState,None,0.90,16.5,1
9.04,FSM Enemy 1,FSM,PatrolState,None,1.00,83.7,0
9.04,FSM Enemy 6,FSM,PatrolState,None,0.90,55.8,0
9.04,FSM Enemy 5,FSM,PatrolState,None,1.00,61.3,0
9.04,Utility Enemy 8,Utility,AttackAction,None,1.00,70.2,0
9.04,Utility Enemy 15,Utility,AttackAction,None,1.00,76.9,0
9.04,Utility Enemy 6,Utility,TakeCoverAction,None,0.50,13.5,1
9.04,Utility Enemy 1,Utility,AttackAction,None,1.00,86.0,0
9.04,Utility Enemy 11,Utility,Dead,None,0.00,12.1,1
9.04,Utility Enemy 2,Utility,AttackAction,None,1.00,98.0,0
9.04,Utility Enemy 5,Utility,AttackAction,None,1.00,91.9,0
9.04,Utility Enemy 4,Utility,AttackAction,None,1.00,51.4,0
9.04,Utility Enemy 7,Utility,AttackAction,None,1.00,69.5,0
9.04,Utility Enemy 3,Utility,AttackAction,None,1.00,86.5,0
9.04,Utility Enemy 13,Utility,AttackAction,None,1.00,33.1,0
9.04,Utility Enemy 12,Utility,AttackAction,None,1.00,61.4,0
9.04,Utility Enemy 14,Utility,AttackAction,None,1.00,76.8,0
9.04,Utility Enemy 10,Utility,AttackAction,None,1.00,57.5,0
9.04,Utility Enemy 9,Utility,AttackAction,None,1.00,72.0,0
9.54,Player,Player,-,None,0.95,,0
9.54,FSM Enemy 4,FSM,PatrolState,None,1.00,80.6,0
9.54,FSM Enemy 3,FSM,PatrolState,None,0.90,88.9,0
9.54,FSM Enemy 14,FSM,PatrolState,None,1.00,102.4,0
9.54,FSM Enemy 13,FSM,PatrolState,None,1.00,29.9,0
9.54,FSM Enemy 12,FSM,PatrolState,None,1.00,71.6,0
9.54,FSM Enemy 10,FSM,PatrolState,None,1.00,84.7,0
9.54,FSM Enemy 7,FSM,Dead,None,0.00,10.2,0
9.54,FSM Enemy 8,FSM,PatrolState,None,1.00,56.3,0
9.54,FSM Enemy 9,FSM,PatrolState,None,1.00,49.9,0
9.54,FSM Enemy 2,FSM,PatrolState,None,1.00,107.8,0
9.54,FSM Enemy 11,FSM,AttackState,None,0.80,15.9,1
9.54,FSM Enemy 15,FSM,ChaseState,None,0.90,18.4,1
9.54,FSM Enemy 1,FSM,PatrolState,None,1.00,83.5,0
9.54,FSM Enemy 6,FSM,PatrolState,None,0.90,60.0,0
9.54,FSM Enemy 5,FSM,PatrolState,None,1.00,62.3,0
9.54,Utility Enemy 8,Utility,AttackAction,None,1.00,70.3,0
9.54,Utility Enemy 15,Utility,AttackAction,None,1.00,77.4,0
9.54,Utility Enemy 6,Utility,Dead,None,0.00,9.7,1
9.54,Utility Enemy 1,Utility,AttackAction,None,1.00,87.0,0
9.54,Utility Enemy 11,Utility,Dead,None,0.00,11.6,1
9.54,Utility Enemy 2,Utility,AttackAction,None,1.00,100.0,0
9.54,Utility Enemy 5,Utility,AttackAction,None,1.00,93.5,0
9.54,Utility Enemy 4,Utility,AttackAction,None,1.00,51.2,0
9.54,Utility Enemy 7,Utility,AttackAction,None,1.00,72.5,0
9.54,Utility Enemy 3,Utility,AttackAction,None,1.00,89.4,0
9.54,Utility Enemy 13,Utility,AttackAction,None,1.00,32.3,0
9.54,Utility Enemy 12,Utility,AttackAction,None,1.00,64.5,0
9.54,Utility Enemy 14,Utility,AttackAction,None,1.00,79.6,0
9.54,Utility Enemy 10,Utility,AttackAction,None,1.00,60.5,0
9.54,Utility Enemy 9,Utility,AttackAction,None,1.00,75.0,0
10.04,Player,Player,-,None,0.95,,0
10.04,FSM Enemy 4,FSM,PatrolState,None,1.00,83.3,0
10.04,FSM Enemy 3,FSM,PatrolState,None,0.90,91.6,0
10.04,FSM Enemy 14,FSM,PatrolState,None,1.00,105.2,0
10.04,FSM Enemy 13,FSM,PatrolState,None,1.00,29.1,0
10.04,FSM Enemy 12,FSM,PatrolState,None,1.00,73.4,0
10.04,FSM Enemy 10,FSM,PatrolState,None,1.00,86.6,0
10.04,FSM Enemy 7,FSM,Dead,None,0.00,9.7,0
10.04,FSM Enemy 8,FSM,PatrolState,None,1.00,56.6,0
10.04,FSM Enemy 9,FSM,PatrolState,None,1.00,51.5,0
10.04,FSM Enemy 2,FSM,PatrolState,None,1.00,109.7,0
10.04,FSM Enemy 11,FSM,AttackState,None,0.80,13.1,1
10.04,FSM Enemy 15,FSM,ChaseState,None,0.90,18.6,1
10.04,FSM Enemy 1,FSM,PatrolState,None,1.00,83.0,0
10.04,FSM Enemy 6,FSM,PatrolState,None,0.90,64.3,0
10.04,FSM Enemy 5,FSM,PatrolState,None,1.00,63.1,0
10.04,Utility Enemy 8,Utility,AttackAction,None,1.00,70.2,0
10.04,Utility Enemy 15,Utility,AttackAction,None,1.00,77.7,0
10.04,Utility Enemy 6,Utility,Dead,None,0.00,6.8,1
10.04,Utility Enemy 1,Utility,AttackAction,None,1.00,87.7,0
10.04,Utility Enemy 11,Utility,Dead,None,0.00,11.7,0
10.04,Utility Enemy 2,Utility,AttackAction,None,1.00,101.9,0
10.04,Utility Enemy 5,Utility,AttackAction,None,1.00,94.8,0
10.04,Utility Enemy 4,Utility,AttackAction,None,1.00,50.8,0
10.04,Utility Enemy 7,Utility,AttackAction,None,1.00,75.6,0
10.04,Utility Enemy 3,Utility,AttackAction,None,1.00,92.1,0
10.04,Utility Enemy 13,Utility,AttackAction,None,1.00,31.5,0
10.04,Utility Enemy 12,Utility,AttackAction,None,1.00,67.6,0
10.04,Utility Enemy 14,Utility,AttackAction,None,1.00,82.3,0
10.04,Utility Enemy 10,Utility,AttackAction,None,1.00,63.6,0
10.04,Utility Enemy 9,Utility,AttackAction,None,1.00,78.1,0
10.54,Player,Player,-,None,0.95,,0
10.54,FSM Enemy 4,FSM,PatrolState,None,1.00,85.3,0
10.54,FSM Enemy 3,FSM,PatrolState,None,0.90,94.0,0
10.54,FSM Enemy 14,FSM,PatrolState,None,1.00,106.8,0
10.54,FSM Enemy 13,FSM,PatrolState,None,1.00,28.4,0
10.54,FSM Enemy 12,FSM,PatrolState,None,1.00,74.6,0
10.54,FSM Enemy 10,FSM,PatrolState,None,1.00,88.8,0
10.54,FSM Enemy 7,FSM,Dead,None,0.00,9.9,0
10.54,FSM Enemy 8,FSM,PatrolState,None,1.00,58.0,0
10.54,FSM Enemy 9,FSM,PatrolState,None,1.00,52.7,0
10.54,FSM Enemy 2,FSM,PatrolState,None,1.00,111.0,0
10.54,FSM Enemy 11,FSM,AttackState,None,0.80,11.0,1
10.54,FSM Enemy 15,FSM,ChaseState,None,0.90,18.2,1
10.54,FSM Enemy 1,FSM,PatrolState,None,1.00,82.0,0
10.54,FSM Enemy 6,FSM,PatrolState,None,0.90,67.2,0
10.54,FSM Enemy 5,FSM,PatrolState,None,1.00,63.9,0
10.54,Utility Enemy 8,Utility,AttackAction,None,1.00,70.1,0
10.54,Utility Enemy 15,Utility,AttackAction,None,1.00,77.9,0
10.54,Utility Enemy 6,Utility,Dead,None,0.00,4.6,1
10.54,Utility Enemy 1,Utility,AttackAction,None,1.00,88.3,0
10.54,Utility Enemy 11,Utility,Dead,None,0.00,12.2,0
10.54,Utility Enemy 2,Utility,AttackAction,None,1.00,103.3,0
10.54,Utility Enemy 5,Utility,AttackAction,None,1.00,95.8,0
10.54,Utility Enemy 4,Utility,AttackAction,None,1.00,50.5,0
10.54,Utility Enemy 7,Utility,AttackAction,None,1.00,78.0,0
10.54,Utility Enemy 3,Utility,AttackAction,None,1.00,94.2,0
10.54,Utility Enemy 13,Utility,AttackAction,None,1.00,30.9,0
10.54,Utility Enemy 12,Utility,AttackAction,None,1.00,70.0,0
10.54,Utility Enemy 14,Utility,AttackAction,None,1.00,84.4,0
10.54,Utility Enemy 10,Utility,AttackAction,None,1.00,66.0,0
10.54,Utility Enemy 9,Utility,AttackAction,None,1.00,80.5,0
11.05,Player,Player,-,None,0.95,,0
11.05,FSM Enemy 4,FSM,PatrolState,None,1.00,87.8,0
11.05,FSM Enemy 3,FSM,PatrolState,None,0.90,96.2,0
11.05,FSM Enemy 14,FSM,PatrolState,None,1.00,108.5,0
11.05,FSM Enemy 13,FSM,PatrolState,None,0.90,27.1,0
11.05,FSM Enemy 12,FSM,PatrolState,None,1.00,77.2,0
11.05,FSM Enemy 10,FSM,PatrolState,None,1.00,91.1,0
11.05,FSM Enemy 7,FSM,Dead,None,0.00,10.3,1
11.05,FSM Enemy 8,FSM,PatrolState,None,1.00,59.9,0
11.05,FSM Enemy 9,FSM,PatrolState,None,1.00,54.5,0
11.05,FSM Enemy 2,FSM,PatrolState,None,1.00,112.2,0
11.05,FSM Enemy 11,FSM,AttackState,None,0.55,8.2,1
11.05,FSM Enemy 15,FSM,ChaseState,None,0.90,18.0,1
11.05,FSM Enemy 1,FSM,PatrolState,None,1.00,80.6,0
11.05,FSM Enemy 6,FSM,PatrolState,None,0.90,69.0,0
11.05,FSM Enemy 5,FSM,PatrolState,None,1.00,64.1,0
11.05,Utility Enemy 8,Utility,AttackAction,None,1.00,69.5,0
11.05,Utility Enemy 15,Utility,AttackAction,None,1.00,77.6,0
11.05,Utility Enemy 6,Utility,Dead,None,0.00,1.9,1
11.05,Utility Enemy 1,Utility,AttackAction,None,1.00,88.5,0
11.05,Utility Enemy 11,Utility,Dead,None,0.00,12.9,0
11.05,Utility Enemy 2,Utility,AttackAction,None,1.00,104.6,0
11.05,Utility Enemy 5,Utility,AttackAction,None,1.00,96.6,0
11.05,Utility Enemy 4,Utility,AttackAction,None,1.00,49.6,0
11.05,Utility Enemy 7,Utility,AttackAction,None,1.00,81.0,0
11.05,Utility Enemy 3,Utility,AttackAction,None,1.00,96.6,0
11.05,Utility Enemy 13,Utility,AttackAction,None,1.00,29.8,0
11.05,Utility Enemy 12,Utility,AttackAction,None,1.00,72.9,0
11.05,Utility Enemy 14,Utility,AttackAction,None,1.00,86.9,0
11.05,Utility Enemy 10,Utility,AttackAction,None,1.00,69.0,0
11.05,Utility Enemy 9,Utility,AttackAction,None,1.00,83.3,0
11.55,Player,Player,-,None,0.95,,0
11.55,FSM Enemy 4,FSM,PatrolState,None,1.00,90.1,0
11.55,FSM Enemy 3,FSM,PatrolState,None,0.90,97.0,0
11.55,FSM Enemy 14,FSM,PatrolState,None,1.00,110.3,0
11.55,FSM Enemy 13,FSM,PatrolState,None,0.90,25.6,0
11.55,FSM Enemy 12,FSM,PatrolState,None,1.00,80.1,0
11.55,FSM Enemy 10,FSM,PatrolState,None,1.00,93.3,0
11.55,FSM Enemy 7,FSM,Dead,None,0.00,11.4,1
11.55,FSM Enemy 8,FSM,PatrolState,None,1.00,61.9,0
11.55,FSM Enemy 9,FSM,PatrolState,None,1.00,56.0,0
11.55,FSM Enemy 2,FSM,PatrolState,None,1.00,113.0,0
11.55,FSM Enemy 11,FSM,TakeCoverState,None,0.30,6.5,0
11.55,FSM Enemy 15,FSM,ChaseState,None,0.90,18.1,1
11.55,FSM Enemy 1,FSM,PatrolState,None,1.00,78.9,0
11.55,FSM Enemy 6,FSM,PatrolState,None,0.90,70.8,0
11.55,FSM Enemy 5,FSM,PatrolState,None,1.00,64.2,0
11.55,Utility Enemy 8,Utility,AttackAction,None,1.00,68.7,0
11.55,Utility Enemy 15,Utility,AttackAction,None,1.00,77.3,0
11.55,Utility Enemy 6,Utility,Dead,None,0.00,2.2,0
11.55,Utility Enemy 1,Utility,AttackAction,None,1.00,88.5,0
11.55,Utility Enemy 11,Utility,Dead,None,0.00,14.0,0
11.55,Utility Enemy 2,Utility,AttackAction,None,1.00,105.8,0
11.55,Utility Enemy 5,Utility,AttackAction,None,1.00,97.3,0
11.55,Utility Enemy 4,Utility,AttackAction,None,1.00,48.8,0
11.55,Utility Enemy 7,Utility,AttackAction,None,1.00,84.1,0
11.55,Utility Enemy 3,Utility,AttackAction,None,1.00,98.9,0
11.55,Utility Enemy 13,Utility,AttackAction,None,1.00,28.8,0
11.55,Utility Enemy 12,Utility,AttackAction,None,1.00,75.8,0
11.55,Utility Enemy 14,Utility,AttackAction,None,1.00,89.3,0
11.55,Utility Enemy 10,Utility,AttackAction,None,1.00,72.0,0
11.55,Utility Enemy 9,Utility,AttackAction,None,1.00,86.1,0
12.05,Player,Player,-,None,0.95,,0
12.05,FSM Enemy 4,FSM,PatrolState,None,1.00,92.5,0
12.05,FSM Enemy 3,FSM,PatrolState,None,0.90,97.3,0
12.05,FSM Enemy 14,FSM,PatrolState,None,1.00,111.7,0
12.05,FSM Enemy 13,FSM,PatrolState,None,0.90,23.7,0
12.05,FSM Enemy 12,FSM,PatrolState,None,1.00,82.7,0
12.05,FSM Enemy 10,FSM,PatrolState,None,1.00,95.0,0
12.05,FSM Enemy 7,FSM,Dead,None,0.00,12.6,0
12.05,FSM Enemy 8,FSM,PatrolState,None,1.00,63.5,0
12.05,FSM Enemy 9,FSM,PatrolState,None,1.00,57.1,0
12.05,FSM Enemy 2,FSM,PatrolState,None,1.00,113.6,0
12.05,FSM Enemy 11,FSM,Dead,None,0.00,4.7,0
12.05,FSM Enemy 15,FSM,AttackState,None,0.90,18.0,1
12.05,FSM Enemy 1,FSM,PatrolState,None,1.00,76.8,0
12.05,FSM Enemy 6,FSM,PatrolState,None,0.90,72.4,0
12.05,FSM Enemy 5,FSM,PatrolState,None,1.00,63.5,0
12.05,Utility Enemy 8,Utility,AttackAction,None,1.00,67.6,0
12.05,Utility Enemy 15,Utility,AttackAction,None,1.00,76.5,0
12.05,Utility Enemy 6,Utility,Dead,None,0.00,4.8,0
12.05,Utility Enemy 1,Utility,AttackAction,None,1.00,88.1,0
12.05,Utility Enemy 11,Utility,Dead,None,0.00,15.2,0
12.05,Utility Enemy 2,Utility,AttackAction,None,1.00,106.6,0
12.05,Utility Enemy 5,Utility,AttackAction,None,1.00,97.5,0
12.05,Utility Enemy 4,Utility,AttackAction,None,1.00,47.5,0
12.05,Utility Enemy 7,Utility,AttackAction,None,1.00,86.9,0
12.05,Utility Enemy 3,Utility,AttackAction,None,1.00,100.8,0
12.05,Utility Enemy 13,Utility,AttackAction,None,1.00,27.5,0
12.05,Utility Enemy 12,Utility,AttackAction,None,1.00,78.5,0
12.05,Utility Enemy 14,Utility,AttackAction,None,1.00,91.5,0
12.05,Utility Enemy 10,Utility,AttackAction,None,1.00,74.9,0
12.05,Utility Enemy 9,Utility,AttackAction,None,1.00,88.6,0
12.56,Player,Player,-,None,0.95,,0
12.56,FSM Enemy 4,FSM,PatrolState,None,1.00,92.2,0
12.56,FSM Enemy 3,FSM,PatrolState,None,0.90,95.8,0
12.56,FSM Enemy 14,FSM,PatrolState,None,1.00,111.0,0
12.56,FSM Enemy 13,FSM,PatrolState,None,0.90,21.4,0
12.56,FSM Enemy 12,FSM,PatrolState,None,1.00,83.2,0
12.56,FSM Enemy 10,FSM,PatrolState,None,1.00,94.6,0
12.56,FSM Enemy 7,FSM,Dead,None,0.00,12.2,0
12.56,FSM Enemy 8,FSM,PatrolState,None,1.00,63.5,0
12.56,FSM Enemy 9,FSM,PatrolState,None,1.00,55.9,0
12.56,FSM Enemy 2,FSM,PatrolState,None,1.00,113.5,0
12.56,FSM Enemy 11,FSM,Dead,None,0.00,2.7,0
12.56,FSM Enemy 15,FSM,ChaseState,None,0.90,16.8,0
12.56,FSM Enemy 1,FSM,PatrolState,None,1.00,73.9,0
12.56,FSM Enemy 6,FSM,PatrolState,None,0.90,72.0,0
12.56,FSM Enemy 5,FSM,PatrolState,None,1.00,61.0,0
12.56,Utility Enemy 8,Utility,AttackAction,None,1.00,65.7,0
12.56,Utility Enemy 15,Utility,AttackAction,None,1.00,74.7,0
12.56,Utility Enemy 6,Utility,Dead,None,0.00,5.9,0
12.56,Utility Enemy 1,Utility,AttackAction,None,1.00,86.5,0
12.56,Utility Enemy 11,Utility,Dead,None,0.00,14.7,0
12.56,Utility Enemy 2,Utility,AttackAction,None,1.00,105.5,0
12.56,Utility Enemy 5,Utility,AttackAction,None,1.00,96.1,0
12.56,Utility Enemy 4,Utility,AttackAction,None,1.00,45.7,0
12.56,Utility Enemy 7,Utility,AttackAction,None,1.00,87.6,0
12.56,Utility Enemy 3,Utility,AttackAction,None,1.00,100.5,0
12.56,Utility Enemy 13,Utility,AttackAction,None,1.00,25.7,0
12.56,Utility Enemy 12,Utility,AttackAction,None,1.00,78.9,0
12.56,Utility Enemy 14,Utility,AttackAction,None,1.00,91.6,0
12.56,Utility Enemy 10,Utility,AttackAction,None,1.00,75.6,0
12.56,Utility Enemy 9,Utility,AttackAction,None,1.00,88.9,0
13.07,Player,Player,-,None,0.95,,0
13.07,FSM Enemy 4,FSM,PatrolState,None,1.00,89.6,0
13.07,FSM Enemy 3,FSM,PatrolState,None,0.90,95.4,0
13.07,FSM Enemy 14,FSM,PatrolState,None,1.00,109.9,0
13.07,FSM Enemy 13,FSM,PatrolState,None,0.90,23.0,0
13.07,FSM Enemy 12,FSM,PatrolState,None,1.00,81.8,0
13.07,FSM Enemy 10,FSM,PatrolState,None,1.00,94.4,0
13.07,FSM Enemy 7,FSM,Dead,None,0.00,11.2,0
13.07,FSM Enemy 8,FSM,PatrolState,None,1.00,63.9,0
13.07,FSM Enemy 9,FSM,PatrolState,None,1.00,54.3,0
13.07,FSM Enemy 2,FSM,PatrolState,None,1.00,113.7,0
13.07,FSM Enemy 11,FSM,Dead,None,0.00,4.2,0
13.07,FSM Enemy 15,FSM,AttackState,None,0.90,13.6,1
13.07,FSM Enemy 1,FSM,PatrolState,None,1.00,73.3,0
13.07,FSM Enemy 6,FSM,PatrolState,None,0.90,69.1,0
13.07,FSM Enemy 5,FSM,PatrolState,None,1.00,61.0,0
13.07,Utility Enemy 8,Utility,AttackAction,None,1.00,66.3,0
13.07,Utility Enemy 15,Utility,AttackAction,None,1.00,75.1,0
13.07,Utility Enemy 6,Utility,Dead,None,0.00,4.2,0
13.07,Utility Enemy 1,Utility,AttackAction,None,1.00,86.7,0
13.07,Utility Enemy 11,Utility,Dead,None,0.00,13.8,0
13.07,Utility Enemy 2,Utility,AttackAction,None,1.00,105.1,0
13.07,Utility Enemy 5,Utility,AttackAction,None,1.00,96.0,0
13.07,Utility Enemy 4,Utility,AttackAction,None,1.00,46.3,0
13.07,Utility Enemy 7,Utility,AttackAction,None,1.00,86.0,0
13.07,Utility Enemy 3,Utility,AttackAction,None,1.00,99.5,0
13.07,Utility Enemy 13,Utility,AttackAction,None,1.00,26.3,0
13.07,Utility Enemy 12,Utility,AttackAction,None,1.00,77.5,0
13.07,Utility Enemy 14,Utility,AttackAction,None,1.00,90.4,0
13.07,Utility Enemy 10,Utility,AttackAction,None,1.00,74.1,0
13.07,Utility Enemy 9,Utility,AttackAction,None,1.00,87.5,0
13.57,Player,Player,-,None,0.95,,0
13.57,FSM Enemy 4,FSM,PatrolState,None,1.00,87.5,0
13.57,FSM Enemy 3,FSM,PatrolState,None,0.90,95.4,0
13.57,FSM Enemy 14,FSM,PatrolState,None,1.00,109.2,0
13.57,FSM Enemy 13,FSM,PatrolState,None,0.90,25.2,0
13.57,FSM Enemy 12,FSM,PatrolState,None,1.00,80.7,0
13.57,FSM Enemy 10,FSM,PatrolState,None,1.00,94.5,0
13.57,FSM Enemy 7,FSM,Dead,None,0.00,10.8,0
13.57,FSM Enemy 8,FSM,PatrolState,None,1.00,64.8,0
13.57,FSM Enemy 9,FSM,PatrolState,None,1.00,53.2,0
13.57,FSM Enemy 2,FSM,PatrolState,None,1.00,114.4,0
13.57,FSM Enemy 11,FSM,Dead,None,0.00,5.7,0
13.57,FSM Enemy 15,FSM,AttackState,None,0.90,12.7,1
13.57,FSM Enemy 1,FSM,PatrolState,None,1.00,74.9,0
13.57,FSM Enemy 6,FSM,PatrolState,None,0.90,66.6,0
13.57,FSM Enemy 5,FSM,PatrolState,None,1.00,61.2,0
13.57,Utility Enemy 8,Utility,AttackAction,None,1.00,67.2,0
13.57,Utility Enemy 15,Utility,AttackAction,None,1.00,75.8,0
13.57,Utility Enemy 6,Utility,Dead,None,0.00,2.8,0
13.57,Utility Enemy 1,Utility,AttackAction,None,1.00,87.2,0
13.57,Utility Enemy 11,Utility,Dead,None,0.00,13.4,0
13.57,Utility Enemy 2,Utility,AttackAction,None,1.00,105.0,0
13.57,Utility Enemy 5,Utility,AttackAction,None,1.00,96.2,0
13.57,Utility Enemy 4,Utility,AttackAction,None,1.00,47.2,0
13.57,Utility Enemy 7,Utility,AttackAction,None,1.00,84.8,0
13.57,Utility Enemy 3,Utility,AttackAction,None,1.00,98.8,0
13.57,Utility Enemy 13,Utility,AttackAction,None,1.00,27.2,0
13.57,Utility Enemy 12,Utility,AttackAction,None,1.00,76.4,0
13.57,Utility Enemy 14,Utility,AttackAction,None,1.00,89.5,0
13.57,Utility Enemy 10,Utility,AttackAction,None,1.00,72.9,0
13.57,Utility Enemy 9,Utility,AttackAction,None,1.00,86.6,0
14.08,Player,Player,-,None,0.95,,0
14.08,FSM Enemy 4,FSM,PatrolState,None,1.00,85.9,0
14.08,FSM Enemy 3,FSM,PatrolState,None,0.90,95.4,0
14.08,FSM Enemy 14,FSM,PatrolState,None,1.00,108.9,0
14.08,FSM Enemy 13,FSM,PatrolState,None,0.90,27.0,0
14.08,FSM Enemy 12,FSM,PatrolState,None,1.00,80.4,0
14.08,FSM Enemy 10,FSM,PatrolState,None,1.00,94.9,0
14.08,FSM Enemy 7,FSM,Dead,None,0.00,10.8,0
14.08,FSM Enemy 8,FSM,PatrolState,None,1.00,65.8,0
14.08,FSM Enemy 9,FSM,PatrolState,None,1.00,52.1,0
14.08,FSM Enemy 2,FSM,PatrolState,None,1.00,115.3,0
14.08,FSM Enemy 11,FSM,Dead,None,0.00,6.5,0
14.08,FSM Enemy 15,FSM,TakeCoverState,None,0.40,12.4,1
14.08,FSM Enemy 1,FSM,PatrolState,None,1.00,76.7,0
14.08,FSM Enemy 6,FSM,PatrolState,None,0.90,64.8,0
14.08,FSM Enemy 5,FSM,PatrolState,None,1.00,61.1,0
14.08,Utility Enemy 8,Utility,AttackAction,None,1.00,67.7,0
14.08,Utility Enemy 15,Utility,AttackAction,None,1.00,76.3,0
14.08,Utility Enemy 6,Utility,Dead,None,0.00,2.2,0
14.08,Utility Enemy 1,Utility,AttackAction,None,1.00,87.6,0
14.08,Utility Enemy 11,Utility,Dead,None,0.00,13.4,0
14.08,Utility Enemy 2,Utility,AttackAction,None,1.00,105.2,0
14.08,Utility Enemy 5,Utility,AttackAction,None,1.00,96.5,0
14.08,Utility Enemy 4,Utility,AttackAction,None,1.00,47.8,0
14.08,Utility Enemy 7,Utility,AttackAction,None,1.00,84.3,0
14.08,Utility Enemy 3,Utility,AttackAction,None,1.00,98.6,0
14.08,Utility Enemy 13,Utility,AttackAction,None,1.00,27.8,0
14.08,Utility Enemy 12,Utility,AttackAction,None,1.00,75.9,0
14.08,Utility Enemy 14,Utility,AttackAction,None,1.00,89.1,0
14.08,Utility Enemy 10,Utility,AttackAction,None,1.00,72.3,0
14.08,Utility Enemy 9,Utility,AttackAction,None,1.00,86.1,0
14.58,Player,Player,-,None,0.95,,0
14.58,FSM Enemy 4,FSM,PatrolState,None,1.00,84.6,0
14.58,FSM Enemy 3,FSM,PatrolState,None,0.90,95.3,0
14.58,FSM Enemy 14,FSM,PatrolState,None,1.00,108.8,0
14.58,FSM Enemy 13,FSM,PatrolState,None,0.90,28.2,0
14.58,FSM Enemy 12,FSM,PatrolState,None,1.00,81.0,0
14.58,FSM Enemy 10,FSM,PatrolState,None,1.00,95.3,0
14.58,FSM Enemy 7,FSM,Dead,None,0.00,10.8,1
14.58,FSM Enemy 8,FSM,PatrolState,None,1.00,66.4,0
14.58,FSM Enemy 9,FSM,PatrolState,None,1.00,51.3,0
14.58,FSM Enemy 2,FSM,PatrolState,None,1.00,116.3,0
14.58,FSM Enemy 11,FSM,Dead,None,0.00,6.6,0
14.58,FSM Enemy 15,FSM,TakeCoverState,None,0.15,12.3,1
14.58,FSM Enemy 1,FSM,PatrolState,None,1.00,78.0,0
14.58,FSM Enemy 6,FSM,PatrolState,None,0.90,63.4,0
14.58,FSM Enemy 5,FSM,PatrolState,None,1.00,60.6,0
14.58,Utility Enemy 8,Utility,AttackAction,None,1.00,67.8,0
14.58,Utility Enemy 15,Utility,AttackAction,None,1.00,76.4,0
14.58,Utility Enemy 6,Utility,Dead,None,0.00,2.1,0
14.58,Utility Enemy 1,Utility,AttackAction,None,1.00,87.7,0
14.58,Utility Enemy 11,Utility,Dead,None,0.00,13.4,0
14.58,Utility Enemy 2,Utility,AttackAction,None,1.00,105.2,0
14.58,Utility Enemy 5,Utility,AttackAction,None,1.00,96.5,0
14.58,Utility Enemy 4,Utility,AttackAction,None,1.00,47.9,0
14.58,Utility Enemy 7,Utility,AttackAction,None,1.00,84.2,0
14.58,Utility Enemy 3,Utility,AttackAction,None,1.00,98.5,0
14.58,Utility Enemy 13,Utility,AttackAction,None,1.00,27.9,0
14.58,Utility Enemy 12,Utility,AttackAction,None,1.00,75.8,0
14.58,Utility Enemy 14,Utility,AttackAction,None,1.00,89.0,0
14.58,Utility Enemy 10,Utility,AttackAction,None,1.00,72.2,0
14.58,Utility Enemy 9,Utility,AttackAction,None,1.00,86.0,0
15.08,Player,Player,-,None,0.95,,0
15.08,FSM Enemy 4,FSM,PatrolState,None,1.00,83.4,0
15.08,FSM Enemy 3,FSM,PatrolState,None,0.90,95.2,0
15.08,FSM Enemy 14,FSM,PatrolState,None,1.00,108.6,0
15.08,FSM Enemy 13,FSM,PatrolState,None,0.90,28.7,0
15.08,FSM Enemy 12,FSM,PatrolState,None,0.90,81.8,0
15.08,FSM Enemy 10,FSM,PatrolState,None,1.00,95.5,0
15.08,FSM Enemy 7,FSM,Dead,None,0.00,10.8,1
15.08,FSM Enemy 8,FSM,PatrolState,None,1.00,65.6,0
15.08,FSM Enemy 9,FSM,PatrolState,None,1.00,51.2,0
15.08,FSM Enemy 2,FSM,PatrolState,None,1.00,117.2,0
15.08,FSM Enemy 11,FSM,Dead,None,0.00,6.6,0
15.08,FSM Enemy 15,FSM,Dead,None,0.00,12.3,1
15.08,FSM Enemy 1,FSM,PatrolState,None,1.00,79.2,0
15.08,FSM Enemy 6,FSM,PatrolState,None,0.90,62.2,0
15.08,FSM Enemy 5,FSM,PatrolState,None,0.90,59.9,0
15.08,Utility Enemy 8,Utility,AttackAction,None,1.00,67.8,0
15.08,Utility Enemy 15,Utility,AttackAction,None,1.00,76.4,0
15.08,Utility Enemy 6,Utility,Dead,None,0.00,2.1,0
15.08,Utility Enemy 1,Utility,AttackAction,None,1.00,87.7,0
15.08,Utility Enemy 11,Utility,Dead,None,0.00,13.4,0
15.08,Utility Enemy 2,Utility,AttackAction,None,1.00,105.2,0
15.08,Utility Enemy 5,Utility,AttackAction,None,1.00,96.5,0
15.08,Utility Enemy 4,Utility,AttackAction,None,1.00,47.9,0
15.08,Utility Enemy 7,Utility,AttackAction,None,1.00,84.2,0
15.08,Utility Enemy 3,Utility,AttackAction,None,1.00,98.5,0
15.08,Utility Enemy 13,Utility,AttackAction,None,1.00,27.9,0
15.08,Utility Enemy 12,Utility,AttackAction,None,1.00,75.8,0
15.08,Utility Enemy 14,Utility,AttackAction,None,1.00,89.0,0
15.08,Utility Enemy 10,Utility,AttackAction,None,1.00,72.2,0
15.08,Utility Enemy 9,Utility,AttackAction,None,1.00,86.0,0
15.59,Player,Player,-,None,0.95,,0
15.59,FSM Enemy 4,FSM,PatrolState,None,1.00,81.1,0
15.59,FSM Enemy 3,FSM,PatrolState,None,0.80,94.8,0
15.59,FSM Enemy 14,FSM,PatrolState,None,1.00,107.7,0
15.59,FSM Enemy 13,FSM,PatrolState,None,0.90,27.9,0
15.59,FSM Enemy 12,FSM,PatrolState,None,0.90,81.3,0
15.59,FSM Enemy 10,FSM,PatrolState,None,1.00,94.7,0
15.59,FSM Enemy 7,FSM,Dead,None,0.00,10.1,1
15.59,FSM Enemy 8,FSM,PatrolState,None,1.00,63.6,0
15.59,FSM Enemy 9,FSM,PatrolState,None,1.00,51.1,0
15.59,FSM Enemy 2,FSM,PatrolState,None,1.00,116.3,0
15.59,FSM Enemy 11,FSM,Dead,None,0.00,7.7,0
15.59,FSM Enemy 15,FSM,Dead,None,0.00,11.2,1
15.59,FSM Enemy 1,FSM,PatrolState,None,1.00,80.6,0
15.59,FSM Enemy 6,FSM,PatrolState,None,0.90,60.9,0
15.59,FSM Enemy 5,FSM,PatrolState,None,0.90,59.5,0
15.59,Utility Enemy 8,Utility,AttackAction,None,1.00,68.0,0
15.59,Utility Enemy 15,Utility,AttackAction,None,1.00,76.4,0
15.59,Utility Enemy 6,Utility,Dead,None,0.00,0.9,0
15.59,Utility Enemy 1,Utility,AttackAction,None,1.00,87.5,0
15.59,Utility Enemy 11,Utility,Dead,None,0.00,12.8,0
15.59,Utility Enemy 2,Utility,AttackAction,None,1.00,104.6,0
15.59,Utility Enemy 5,Utility,AttackAction,None,1.00,96.1,0
15.59,Utility Enemy 4,Utility,AttackAction,None,1.00,48.1,0
15.59,Utility Enemy 7,Utility,AttackAction,None,1.00,82.9,0
15.59,Utility Enemy 3,Utility,AttackAction,None,1.00,97.6,0
15.59,Utility Enemy 13,Utility,AttackAction,None,1.00,28.2,0
15.59,Utility Enemy 12,Utility,AttackAction,None,1.00,74.6,0
15.59,Utility Enemy 14,Utility,AttackAction,None,1.00,87.9,0
15.59,Utility Enemy 10,Utility,AttackAction,None,1.00,70.9,0
15.59,Utility Enemy 9,Utility,AttackAction,None,1.00,84.9,0
16.09,Player,Player,-,None,0.95,,0
16.09,FSM Enemy 4,FSM,PatrolState,None,1.00,77.0,0
16.09,FSM Enemy 3,FSM,PatrolState,None,0.80,93.1,0
16.09,FSM Enemy 14,FSM,PatrolState,None,1.00,105.0,0
16.09,FSM Enemy 13,FSM,PatrolState,None,0.90,27.0,0
16.09,FSM Enemy 12,FSM,PatrolState,None,0.90,79.1,0
16.09,FSM Enemy 10,FSM,PatrolState,None,1.00,92.0,0
16.09,FSM Enemy 7,FSM,Dead,None,0.00,8.2,1
16.09,FSM Enemy 8,FSM,PatrolState,None,1.00,60.2,0
16.09,FSM Enemy 9,FSM,PatrolState,None,1.00,49.4,0
16.09,FSM Enemy 2,FSM,PatrolState,None,1.00,112.9,0
16.09,FSM Enemy 11,FSM,Dead,None,0.00,10.0,0
16.09,FSM Enemy 15,FSM,Dead,None,0.00,8.3,1
16.09,FSM Enemy 1,FSM,PatrolState,None,1.00,81.3,0
16.09,FSM Enemy 6,FSM,PatrolState,None,0.90,58.8,0
16.09,FSM Enemy 5,FSM,PatrolState,None,0.90,58.6,0
16.09,Utility Enemy 8,Utility,AttackAction,None,1.00,67.7,0
16.09,Utility Enemy 15,Utility,AttackAction,None,1.00,75.7,0
16.09,Utility Enemy 6,Utility,Dead,None,0.00,2.2,1
16.09,Utility Enemy 1,Utility,AttackAction,None,1.00,86.4,0
16.09,Utility Enemy 11,Utility,Dead,None,0.00,10.8,0
16.09,Utility Enemy 2,Utility,AttackAction,None,1.00,102.5,0
16.09,Utility Enemy 5,Utility,AttackAction,None,1.00,94.5,0
16.09,Utility Enemy 4,Utility,AttackAction,None,1.00,48.0,0
16.09,Utility Enemy 7,Utility,AttackAction,None,1.00,79.9,0
16.09,Utility Enemy 3,Utility,AttackAction,None,1.00,94.7,0
16.09,Utility Enemy 13,Utility,AttackAction,None,1.00,28.2,0
16.09,Utility Enemy 12,Utility,AttackAction,None,1.00,71.6,0
16.09,Utility Enemy 14,Utility,AttackAction,None,1.00,84.9,0
16.09,Utility Enemy 10,Utility,AttackAction,None,1.00,67.9,0
16.09,Utility Enemy 9,Utility,AttackAction,None,1.00,81.8,0
16.59,Player,Player,-,None,0.95,,0
16.59,FSM Enemy 4,FSM,PatrolState,None,1.00,72.8,0
16.59,FSM Enemy 3,FSM,PatrolState,None,0.80,91.0,0
16.59,FSM Enemy 14,FSM,PatrolState,None,1.00,102.1,0
16.59,FSM Enemy 13,FSM,PatrolState,None,0.90,25.6,0
16.59,FSM Enemy 12,FSM,PatrolState,None,0.90,77.0,0
16.59,FSM Enemy 10,FSM,PatrolState,None,1.00,88.8,0
16.59,FSM Enemy 7,FSM,Dead,None,0.00,6.4,0
16.59,FSM Enemy 8,FSM,PatrolState,None,1.00,56.2,0
16.59,FSM Enemy 9,FSM,PatrolState,None,1.00,47.4,0
16.59,FSM Enemy 2,FSM,PatrolState,None,1.00,109.2,0
16.59,FSM Enemy 11,FSM,Dead,None,0.00,12.3,0
16.59,FSM Enemy 15,FSM,Dead,None,0.00,5.3,1
16.59,FSM Enemy 1,FSM,PatrolState,None,1.00,81.4,0
16.59,FSM Enemy 6,FSM,PatrolState,None,0.90,56.8,0
16.59,FSM Enemy 5,FSM,PatrolState,None,0.90,57.8,0
16.59,Utility Enemy 8,Utility,AttackAction,None,1.00,66.8,0
16.59,Utility Enemy 15,Utility,AttackAction,None,1.00,74.5,0
16.59,Utility Enemy 6,Utility,Dead,None,0.00,5.2,1
16.59,Utility Enemy 1,Utility,AttackAction,None,1.00,84.8,0
16.59,Utility Enemy 11,Utility,Dead,None,0.00,8.7,0
16.59,Utility Enemy 2,Utility,AttackAction,None,1.00,99.9,0
16.59,Utility Enemy 5,Utility,AttackAction,None,1.00,92.3,0
16.59,Utility Enemy 4,Utility,AttackAction,None,1.00,47.3,0
16.59,Utility Enemy 7,Utility,AttackAction,None,1.00,77.0,0
16.59,Utility Enemy 3,Utility,AttackAction,None,1.00,91.7,0
16.59,Utility Enemy 13,Utility,AttackAction,None,1.00,27.9,0
16.59,Utility Enemy 12,Utility,AttackAction,None,1.00,68.6,0
16.59,Utility Enemy 14,Utility,AttackAction,None,1.00,81.8,0
16.59,Utility Enemy 10,Utility,AttackAction,None,1.00,65.1,0
16.59,Utility Enemy 9,Utility,AttackAction,None,1.00,78.8,0
17.09,Player,Player,-,None,0.95,,0
17.09,FSM Enemy 4,FSM,PatrolState,None,1.00,71.2,0
17.09,FSM Enemy 3,FSM,PatrolState,None,0.80,88.4,0
17.09,FSM Enemy 14,FSM,PatrolState,None,1.00,99.0,0
17.09,FSM Enemy 13,FSM,PatrolState,None,0.90,22.4,0
17.09,FSM Enemy 12,FSM,PatrolState,None,0.90,76.9,0
17.09,FSM Enemy 10,FSM,PatrolState,None,1.00,85.0,0
17.09,FSM Enemy 7,FSM,Dead,None,0.00,3.8,0
17.09,FSM Enemy 8,FSM,PatrolState,None,1.00,52.2,0
17.09,FSM Enemy 9,FSM,PatrolState,None,1.00,45.8,0
17.09,FSM Enemy 2,FSM,PatrolState,None,1.00,105.6,0
17.09,FSM Enemy 11,FSM,Dead,None,0.00,13.1,0
17.09,FSM Enemy 15,FSM,Dead,None,0.00,3.2,1
17.09,FSM Enemy 1,FSM,PatrolState,None,1.00,80.0,0
17.09,FSM Enemy 6,FSM,PatrolState,None,0.90,56.6,0
17.09,FSM Enemy 5,FSM,PatrolState,None,0.90,55.0,0
17.09,Utility Enemy 8,Utility,AttackAction,None,1.00,64.3,0
17.09,Utility Enemy 15,Utility,AttackAction,None,1.00,71.8,0
17.09,Utility Enemy 6,Utility,Dead,None,0.00,7.4,1
17.09,Utility Enemy 1,Utility,AttackAction,None,1.00,82.0,0
17.09,Utility Enemy 11,Utility,Dead,None,0.00,5.8,0
17.09,Utility Enemy 2,Utility,AttackAction,None,1.00,97.1,0
17.09,Utility Enemy 5,Utility,AttackAction,None,1.00,89.4,0
17.09,Utility Enemy 4,Utility,AttackAction,None,1.00,44.9,0
17.09,Utility Enemy 7,Utility,AttackAction,None,1.00,76.0,0
17.09,Utility Enemy 3,Utility,AttackAction,None,1.00,89.3,0
17.09,Utility Enemy 13,Utility,AttackAction,None,1.00,25.8,0
17.09,Utility Enemy 12,Utility,AttackAction,None,1.00,67.1,0
17.09,Utility Enemy 14,Utility,AttackAction,None,1.00,79.9,0
17.09,Utility Enemy 10,Utility,AttackAction,None,1.00,64.1,0
17.09,Utility Enemy 9,Utility,AttackAction,None,1.00,77.1,0
17.60,Player,Player,-,None,0.95,,0
17.60,FSM Enemy 4,FSM,PatrolState,None,1.00,73.8,0
17.60,FSM Enemy 3,FSM,PatrolState,None,0.80,87.9,0
17.60,FSM Enemy 14,FSM,PatrolState,None,1.00,98.9,0
17.60,FSM Enemy 13,FSM,ChaseState,None,0.90,18.4,1
17.60,FSM Enemy 12,FSM,PatrolState,None,0.90,79.4,0
17.60,FSM Enemy 10,FSM,PatrolState,None,1.00,84.1,0
17.60,FSM Enemy 7,FSM,Dead,None,0.00,2.2,1
17.60,FSM Enemy 8,FSM,PatrolState,None,1.00,50.9,0
17.60,FSM Enemy 9,FSM,PatrolState,None,1.00,47.4,0
17.60,FSM Enemy 2,FSM,PatrolState,None,1.00,104.9,0
17.60,FSM Enemy 11,FSM,Dead,None,0.00,11.0,0
17.60,FSM Enemy 15,FSM,Dead,None,0.00,5.5,1
17.60,FSM Enemy 1,FSM,PatrolState,None,1.00,79.2,0
17.60,FSM Enemy 6,FSM,PatrolState,None,0.80,59.8,0
17.60,FSM Enemy 5,FSM,PatrolState,None,0.90,52.2,0
17.60,Utility Enemy 8,Utility,AttackAction,None,1.00,62.1,0
17.60,Utility Enemy 15,Utility,AttackAction,None,1.00,69.9,0
17.60,Utility Enemy 6,Utility,Dead,None,0.00,7.2,0
17.60,Utility Enemy 1,Utility,AttackAction,None,1.00,80.4,0
17.60,Utility Enemy 11,Utility,Dead,None,0.00,4.9,0
17.60,Utility Enemy 2,Utility,AttackAction,None,1.00,96.7,0
17.60,Utility Enemy 5,Utility,AttackAction,None,1.00,88.5,0
17.60,Utility Enemy 4,Utility,AttackAction,None,1.00,42.6,0
17.60,Utility Enemy 7,Utility,AttackAction,None,1.00,78.2,0
17.60,Utility Enemy 3,Utility,AttackAction,None,1.00,90.3,0
17.60,Utility Enemy 13,Utility,AttackAction,None,1.00,23.2,0
17.60,Utility Enemy 12,Utility,AttackAction,None,1.00,69.2,0
17.60,Utility Enemy 14,Utility,AttackAction,None,1.00,81.5,0
17.60,Utility Enemy 10,Utility,AttackAction,None,1.00,66.4,0
17.60,Utility Enemy 9,Utility,AttackAction,None,1.00,79.0,0
18.10,Player,Player,-,None,0.95,,0
18.10,FSM Enemy 4,FSM,PatrolState,None,1.00,76.2,0
18.10,FSM Enemy 3,FSM,PatrolState,None,0.80,89.1,0
18.10,FSM Enemy 14,FSM,PatrolState,None,1.00,99.8,0
18.10,FSM Enemy 13,FSM,AttackState,None,0.90,17.2,1
18.10,FSM Enemy 12,FSM,PatrolState,None,0.90,79.6,0
18.10,FSM Enemy 10,FSM,PatrolState,None,1.00,84.3,0
18.10,FSM Enemy 7,FSM,Dead,None,0.00,3.7,1
18.10,FSM Enemy 8,FSM,PatrolState,None,1.00,51.3,0
18.10,FSM Enemy 9,FSM,PatrolState,None,1.00,49.9,0
18.10,FSM Enemy 2,FSM,PatrolState,None,1.00,105.3,0
18.10,FSM Enemy 11,FSM,Dead,None,0.00,9.7,0
18.10,FSM Enemy 15,FSM,Dead,None,0.00,6.8,1
18.10,FSM Enemy 1,FSM,PatrolState,None,1.00,80.8,0
18.10,FSM Enemy 6,FSM,PatrolState,None,0.80,61.9,0
18.10,FSM Enemy 5,FSM,PatrolState,None,0.90,51.5,0
18.10,Utility Enemy 8,Utility,AttackAction,None,1.00,62.5,0
18.10,Utility Enemy 15,Utility,AttackAction,None,1.00,70.5,0
18.10,Utility Enemy 6,Utility,Dead,None,0.00,6.1,0
18.10,Utility Enemy 1,Utility,AttackAction,None,1.00,81.2,0
18.10,Utility Enemy 11,Utility,Dead,None,0.00,6.3,0
18.10,Utility Enemy 2,Utility,AttackAction,None,1.00,98.0,0
18.10,Utility Enemy 5,Utility,AttackAction,None,1.00,89.5,0
18.10,Utility Enemy 4,Utility,AttackAction,None,1.00,42.9,0
18.10,Utility Enemy 7,Utility,AttackAction,None,1.00,79.6,0
18.10,Utility Enemy 3,Utility,AttackAction,None,1.00,91.8,0
18.10,Utility Enemy 13,Utility,AttackAction,None,1.00,23.3,0
18.10,Utility Enemy 12,Utility,AttackAction,None,1.00,70.6,0
18.10,Utility Enemy 14,Utility,AttackAction,None,1.00,82.9,0
18.10,Utility Enemy 10,Utility,AttackAction,None,1.00,67.7,0
18.10,Utility Enemy 9,Utility,AttackAction,None,1.00,80.4,0
18.60,Player,Player,-,None,0.95,,0
18.60,FSM Enemy 4,FSM,PatrolState,None,1.00,79.6,0
18.60,FSM Enemy 3,FSM,PatrolState,None,0.80,91.0,0
18.60,FSM Enemy 14,FSM,PatrolState,None,1.00,101.4,0
18.60,FSM Enemy 13,FSM,AttackState,None,0.90,17.4,1
18.60,FSM Enemy 12,FSM,PatrolState,None,0.90,80.8,0
18.60,FSM Enemy 10,FSM,PatrolState,None,1.00,85.2,0
18.60,FSM Enemy 7,FSM,Dead,None,0.00,6.3,1
18.60,FSM Enemy 8,FSM,PatrolState,None,1.00,52.3,0
18.60,FSM Enemy 9,FSM,PatrolState,None,1.00,53.3,0
18.60,FSM Enemy 2,FSM,PatrolState,None,1.00,106.5,0
18.60,FSM Enemy 11,FSM,Dead,None,0.00,7.8,0
18.60,FSM Enemy 15,FSM,Dead,None,0.00,9.2,1
18.60,FSM Enemy 1,FSM,PatrolState,None,1.00,80.6,0
18.60,FSM Enemy 6,FSM,PatrolState,None,0.80,64.9,0
18.60,FSM Enemy 5,FSM,PatrolState,None,0.90,50.8,0
18.60,Utility Enemy 8,Utility,AttackAction,None,1.00,63.1,0
18.60,Utility Enemy 15,Utility,AttackAction,None,1.00,71.3,0
18.60,Utility Enemy 6,Utility,Dead,None,0.00,5.5,0
18.60,Utility Enemy 1,Utility,AttackAction,None,1.00,82.4,0
18.60,Utility Enemy 11,Utility,Dead,None,0.00,8.7,0
18.60,Utility Enemy 2,Utility,AttackAction,None,1.00,99.8,0
18.60,Utility Enemy 5,Utility,AttackAction,None,1.00,91.1,0
18.60,Utility Enemy 4,Utility,AttackAction,None,1.00,43.3,0
18.60,Utility Enemy 7,Utility,AttackAction,None,1.00,81.8,0
18.60,Utility Enemy 3,Utility,AttackAction,None,1.00,94.1,0
18.60,Utility Enemy 13,Utility,AttackAction,None,1.00,23.5,0
18.60,Utility Enemy 12,Utility,AttackAction,None,1.00,72.8,0
18.60,Utility Enemy 14,Utility,AttackAction,None,1.00,85.3,0
18.60,Utility Enemy 10,Utility,AttackAction,None,1.00,69.9,0
18.60,Utility Enemy 9,Utility,AttackAction,None,1.00,82.7,0
19.10,Player,Player,-,None,0.95,,0
19.10,FSM Enemy 4,FSM,PatrolState,None,1.00,82.9,0
19.10,FSM Enemy 3,FSM,PatrolState,None,0.80,92.1,0
19.10,FSM Enemy 14,FSM,PatrolState,None,1.00,102.7,0
19.10,FSM Enemy 13,FSM,AttackState,None,0.90,17.2,1
19.10,FSM Enemy 12,FSM,PatrolState,None,0.90,82.1,0
19.10,FSM Enemy 10,FSM,PatrolState,None,1.00,85.9,0
19.10,FSM Enemy 7,FSM,Dead,None,0.00,8.8,1
19.10,FSM Enemy 8,FSM,PatrolState,None,1.00,52.8,0
19.10,FSM Enemy 9,FSM,PatrolState,None,1.00,56.3,0
19.10,FSM Enemy 2,FSM,PatrolState,None,1.00,107.4,0
19.10,FSM Enemy 11,FSM,Dead,None,0.00,6.6,0
19.10,FSM Enemy 15,FSM,Dead,None,0.00,11.9,1
19.10,FSM Enemy 1,FSM,PatrolState,None,1.00,79.4,0
19.10,FSM Enemy 6,FSM,PatrolState,None,0.70,68.1,0
19.10,FSM Enemy 5,FSM,PatrolState,None,0.90,49.5,0
19.10,Utility Enemy 8,Utility,AttackAction,None,1.00,62.9,0
19.10,Utility Enemy 15,Utility,AttackAction,None,1.00,71.5,0
19.10,Utility Enemy 6,Utility,Dead,None,0.00,6.8,0
19.10,Utility Enemy 1,Utility,AttackAction,None,1.00,82.8,0
19.10,Utility Enemy 11,Utility,Dead,None,0.00,10.9,0
19.10,Utility Enemy 2,Utility,AttackAction,None,1.00,101.1,0
19.10,Utility Enemy 5,Utility,AttackAction,None,1.00,92.0,0
19.10,Utility Enemy 4,Utility,AttackAction,None,1.00,43.0,0
19.10,Utility Enemy 7,Utility,AttackAction,None,1.00,84.1,0
19.10,Utility Enemy 3,Utility,AttackAction,None,1.00,96.1,0
19.10,Utility Enemy 13,Utility,AttackAction,None,1.00,23.2,0
19.10,Utility Enemy 12,Utility,AttackAction,None,1.00,75.2,0
19.10,Utility Enemy 14,Utility,AttackAction,None,1.00,87.5,0
19.10,Utility Enemy 10,Utility,AttackAction,None,1.00,72.3,0
19.10,Utility Enemy 9,Utility,AttackAction,None,1.00,85.0,0
19.60,Player,Player,-,None,0.95,,0
19.60,FSM Enemy 4,FSM,PatrolState,None,1.00,86.1,0
19.60,FSM Enemy 3,FSM,PatrolState,None,0.80,93.3,0
19.60,FSM Enemy 14,FSM,PatrolState,None,1.00,104.1,0
19.60,FSM Enemy 13,FSM,AttackState,None,0.90,17.6,1
19.60,FSM Enemy 12,FSM,PatrolState,None,0.90,83.2,0
19.60,FSM Enemy 10,FSM,PatrolState,None,1.00,88.0,0
19.60,FSM Enemy 7,FSM,Dead,None,0.00,11.3,1
19.60,FSM Enemy 8,FSM,PatrolState,None,1.00,53.4,0
19.60,FSM Enemy 9,FSM,PatrolState,None,1.00,59.4,0
19.60,FSM Enemy 2,FSM,PatrolState,None,1.00,109.1,0
19.60,FSM Enemy 11,FSM,Dead,None,0.00,6.5,0
19.60,FSM Enemy 15,FSM,Dead,None,0.00,14.4,1
19.60,FSM Enemy 1,FSM,PatrolState,None,1.00,78.4,0
19.60,FSM Enemy 6,FSM,PatrolState,None,0.70,71.2,0
19.60,FSM Enemy 5,FSM,PatrolState,None,0.90,48.4,0
19.60,Utility Enemy 8,Utility,AttackAction,None,1.00,63.1,0
19.60,Utility Enemy 15,Utility,AttackAction,None,1.00,71.9,0
19.60,Utility Enemy 6,Utility,Dead,None,0.00,8.5,0
19.60,Utility Enemy 1,Utility,AttackAction,None,1.00,83.5,0
19.60,Utility Enemy 11,Utility,AttackAction,None,1.00,74.3,0
19.60,Utility Enemy 2,Utility,AttackAction,None,1.00,102.5,0
19.60,Utility Enemy 5,Utility,AttackAction,None,1.00,93.0,0
19.60,Utility Enemy 4,Utility,AttackAction,None,1.00,43.2,0
19.60,Utility Enemy 7,Utility,AttackAction,None,1.00,86.3,0
19.60,Utility Enemy 3,Utility,AttackAction,None,1.00,98.0,0
19.60,Utility Enemy 13,Utility,AttackAction,None,1.00,23.5,0
19.60,Utility Enemy 12,Utility,AttackAction,None,1.00,77.4,0
19.60,Utility Enemy 14,Utility,AttackAction,None,1.00,89.6,0
19.60,Utility Enemy 10,Utility,AttackAction,None,1.00,74.5,0
19.60,Utility Enemy 9,Utility,AttackAction,None,1.00,87.1,0
20.11,Player,Player,-,None,0.95,,0
20.11,FSM Enemy 4,FSM,PatrolState,None,1.00,89.7,0
20.11,FSM Enemy 3,FSM,PatrolState,None,0.80,95.3,0
20.11,FSM Enemy 14,FSM,PatrolState,None,1.00,106.2,0
20.11,FSM Enemy 13,FSM,ChaseState,None,0.90,18.5,0
20.11,FSM Enemy 12,FSM,PatrolState,None,0.90,84.3,0
20.11,FSM Enemy 10,FSM,PatrolState,None,1.00,90.6,0
20.11,FSM Enemy 7,FSM,Dead,None,0.00,13.8,1
20.11,FSM Enemy 8,FSM,PatrolState,None,1.00,55.0,0
20.11,FSM Enemy 9,FSM,PatrolState,None,1.00,62.1,0
20.11,FSM Enemy 2,FSM,PatrolState,None,1.00,111.6,0
20.11,FSM Enemy 11,FSM,Dead,None,0.00,6.5,0
20.11,FSM Enemy 15,FSM,Dead,None,0.00,16.9,0
20.11,FSM Enemy 1,FSM,PatrolState,None,1.00,78.5,0
20.11,FSM Enemy 6,FSM,PatrolState,None,0.70,74.4,0
20.11,FSM Enemy 5,FSM,PatrolState,None,0.90,48.3,0
20.11,Utility Enemy 8,Utility,AttackAction,None,1.00,64.3,0
20.11,Utility Enemy 15,Utility,AttackAction,None,1.00,73.3,0
20.11,Utility Enemy 6,Utility,Dead,None,0.00,9.8,0
20.11,Utility Enemy 1,Utility,AttackAction,None,1.00,85.3,0
20.11,Utility Enemy 11,Utility,AttackAction,None,1.00,76.3,0
20.11,Utility Enemy 2,Utility,AttackAction,None,1.00,104.8,0
20.11,Utility Enemy 5,Utility,AttackAction,None,1.00,95.0,0
20.11,Utility Enemy 4,Utility,AttackAction,None,1.00,44.4,0
20.11,Utility Enemy 7,Utility,AttackAction,None,1.00,88.6,0
20.11,Utility Enemy 3,Utility,AttackAction,None,1.00,100.6,0
20.11,Utility Enemy 13,Utility,AttackAction,None,1.00,24.8,0
20.11,Utility Enemy 12,Utility,AttackAction,None,1.00,79.8,0
20.11,Utility Enemy 14,Utility,AttackAction,None,1.00,92.2,0
20.11,Utility Enemy 10,Utility,AttackAction,None,1.00,76.8,0
20.11,Utility Enemy 9,Utility,AttackAction,None,1.00,89.7,0
20.61,Player,Player,-,None,0.95,,0
20.61,FSM Enemy 4,FSM,PatrolState,None,1.00,91.8,0
20.61,FSM Enemy 3,FSM,PatrolState,None,0.80,97.3,0
20.61,FSM Enemy 14,FSM,PatrolState,None,1.00,107.4,0
20.61,FSM Enemy 13,FSM,ChaseState,None,0.90,19.2,0
20.61,FSM Enemy 12,FSM,PatrolState,None,0.90,83.7,0
20.61,FSM Enemy 10,FSM,PatrolState,None,1.00,91.3,0
20.61,FSM Enemy 7,FSM,Dead,None,0.00,15.7,0
20.61,FSM Enemy 8,FSM,PatrolState,None,1.00,57.3,0
20.61,FSM Enemy 9,FSM,PatrolState,None,1.00,63.0,0
20.61,FSM Enemy 2,FSM,PatrolState,None,1.00,113.4,0
20.61,FSM Enemy 11,FSM,Dead,None,0.00,8.4,0
20.61,FSM Enemy 15,FSM,Dead,None,0.00,18.2,0
20.61,FSM Enemy 1,FSM,PatrolState,None,1.00,79.2,0
20.61,FSM Enemy 6,FSM,PatrolState,None,0.70,76.1,0
20.61,FSM Enemy 5,FSM,PatrolState,None,0.90,50.3,0
20.61,Utility Enemy 8,Utility,AttackAction,None,1.00,66.2,0
20.61,Utility Enemy 15,Utility,AttackAction,None,1.00,75.3,0
20.61,Utility Enemy 6,Utility,Dead,None,0.00,10.8,0
20.61,Utility Enemy 1,Utility,AttackAction,None,1.00,87.2,0
20.61,Utility Enemy 11,Utility,AttackAction,None,1.00,78.2,0
20.61,Utility Enemy 2,Utility,AttackAction,None,1.00,106.6,0
20.61,Utility Enemy 5,Utility,AttackAction,None,1.00,96.8,0
20.61,Utility Enemy 4,Utility,AttackAction,None,1.00,46.3,0
20.61,Utility Enemy 7,Utility,AttackAction,None,1.00,89.3,0
20.61,Utility Enemy 3,Utility,AttackAction,None,1.00,102.0,0
20.61,Utility Enemy 13,Utility,AttackAction,None,1.00,26.9,0
20.61,Utility Enemy 12,Utility,AttackAction,None,1.00,80.7,0
20.61,Utility Enemy 14,Utility,AttackAction,None,1.00,93.3,0
20.61,Utility Enemy 10,Utility,AttackAction,None,1.00,77.4,0
20.61,Utility Enemy 9,Utility,AttackAction,None,1.00,90.6,0
21.12,Player,Player,-,None,0.95,,0
21.12,FSM Enemy 4,FSM,PatrolState,None,1.00,93.3,0
21.12,FSM Enemy 3,FSM,PatrolState,None,0.80,99.7,0
21.12,FSM Enemy 14,FSM,PatrolState,None,1.00,108.2,0
21.12,FSM Enemy 13,FSM,ChaseState,None,0.90,20.9,0
21.12,FSM Enemy 12,FSM,PatrolState,None,0.90,82.3,0
21.12,FSM Enemy 10,FSM,PatrolState,None,1.00,92.1,0
21.12,FSM Enemy 7,FSM,ChaseState,None,1.00,115.0,0
21.12,FSM Enemy 8,FSM,PatrolState,None,1.00,60.3,0
21.12,FSM Enemy 9,FSM,PatrolState,None,1.00,63.7,0
21.12,FSM Enemy 2,FSM,PatrolState,None,1.00,115.3,0
21.12,FSM Enemy 11,FSM,Dead,None,0.00,11.3,0
21.12,FSM Enemy 15,FSM,Dead,None,0.00,19.4,0
21.12,FSM Enemy 1,FSM,PatrolState,None,1.00,80.6,0
21.12,FSM Enemy 6,FSM,PatrolState,None,0.70,77.1,0
21.12,FSM Enemy 5,FSM,PatrolState,None,0.90,54.4,0
21.12,Utility Enemy 8,Utility,AttackAction,None,1.00,69.0,0
21.12,Utility Enemy 15,Utility,AttackAction,None,1.00,77.9,0
21.12,Utility Enemy 6,Utility,Dead,None,0.00,12.2,0
21.12,Utility Enemy 1,Utility,AttackAction,None,1.00,89.7,0
21.12,Utility Enemy 11,Utility,AttackAction,None,1.00,80.6,0
21.12,Utility Enemy 2,Utility,AttackAction,None,1.00,108.5,0
21.12,Utility Enemy 5,Utility,AttackAction,None,1.00,98.9,0
21.12,Utility Enemy 4,Utility,AttackAction,None,1.00,49.2,0
21.12,Utility Enemy 7,Utility,AttackAction,None,1.00,89.2,0
21.12,Utility Enemy 3,Utility,AttackAction,None,1.00,103.0,0
21.12,Utility Enemy 13,Utility,AttackAction,None,1.00,30.0,0
21.12,Utility Enemy 12,Utility,AttackAction,None,1.00,80.8,0
21.12,Utility Enemy 14,Utility,AttackAction,None,1.00,93.9,0
21.12,Utility Enemy 10,Utility,AttackAction,None,1.00,77.3,0
21.12,Utility Enemy 9,Utility,AttackAction,None,1.00,91.0,0
21.62,Player,Player,-,None,0.95,,0
21.62,FSM Enemy 4,FSM,PatrolState,None,1.00,94.1,0
21.62,FSM Enemy 3,FSM,PatrolState,None,0.80,101.3,0
21.62,FSM Enemy 14,FSM,PatrolState,None,1.00,108.4,0
21.62,FSM Enemy 13,FSM,ChaseState,None,0.90,21.3,0
21.62,FSM Enemy 12,FSM,PatrolState,None,0.90,80.5,0
21.62,FSM Enemy 10,FSM,PatrolState,None,1.00,92.0,0
21.62,FSM Enemy 7,FSM,ChaseState,None,1.00,113.9,0
21.62,FSM Enemy 8,FSM,PatrolState,None,1.00,62.1,0
21.62,FSM Enemy 9,FSM,PatrolState,None,1.00,63.4,0
21.62,FSM Enemy 2,FSM,PatrolState,None,1.00,115.9,0
21.62,FSM Enemy 11,FSM,Dead,None,0.00,13.2,0
21.62,FSM Enemy 15,FSM,Dead,None,0.00,20.0,0
21.62,FSM Enemy 1,FSM,PatrolState,None,1.00,81.1,0
21.62,FSM Enemy 6,FSM,PatrolState,None,0.70,77.8,0
21.62,FSM Enemy 5,FSM,PatrolState,None,0.90,57.2,0
21.62,Utility Enemy 8,Utility,AttackAction,None,1.00,70.6,0
21.62,Utility Enemy 15,Utility,AttackAction,None,1.00,79.4,0
21.62,Utility Enemy 6,Utility,Dead,None,0.00,13.1,0
21.62,Utility Enemy 1,Utility,AttackAction,None,1.00,91.0,0
21.62,Utility Enemy 11,Utility,AttackAction,None,1.00,81.7,0
21.62,Utility Enemy 2,Utility,AttackAction,None,1.00,109.3,0
21.62,Utility Enemy 5,Utility,AttackAction,None,1.00,99.9,0
21.62,Utility Enemy 4,Utility,AttackAction,None,1.00,50.9,0
21.62,Utility Enemy 7,Utility,AttackAction,None,1.00,88.6,0
21.62,Utility Enemy 3,Utility,AttackAction,None,1.00,103.2,0
21.62,Utility Enemy 13,Utility,AttackAction,None,1.00,31.8,0
21.62,Utility Enemy 12,Utility,AttackAction,None,1.00,80.5,0
21.62,Utility Enemy 14,Utility,AttackAction,None,1.00,93.7,0
21.62,Utility Enemy 10,Utility,AttackAction,None,1.00,76.7,0
21.62,Utility Enemy 9,Utility,AttackAction,None,1.00,90.7,0
22.12,Player,Player,-,None,0.95,,0
22.12,FSM Enemy 4,FSM,PatrolState,None,1.00,93.6,0
22.12,FSM Enemy 3,FSM,PatrolState,None,0.80,101.2,0
22.12,FSM Enemy 14,FSM,PatrolState,None,1.00,107.4,0
22.12,FSM Enemy 13,FSM,ChaseState,None,0.90,19.8,0
22.12,FSM Enemy 12,FSM,PatrolState,None,0.90,77.9,0
22.12,FSM Enemy 10,FSM,PatrolState,None,1.00,90.1,0
22.12,FSM Enemy 7,FSM,ChaseState,None,1.00,110.4,0
22.12,FSM Enemy 8,FSM,PatrolState,None,1.00,62.1,0
22.12,FSM Enemy 9,FSM,PatrolState,None,1.00,61.4,0
22.12,FSM Enemy 2,FSM,PatrolState,None,1.00,114.5,0
22.12,FSM Enemy 11,FSM,Dead,None,0.00,13.9,0
22.12,FSM Enemy 15,FSM,Dead,None,0.00,19.1,0
22.12,FSM Enemy 1,FSM,PatrolState,None,1.00,79.6,0
22.12,FSM Enemy 6,FSM,PatrolState,None,0.70,77.6,0
22.12,FSM Enemy 5,FSM,PatrolState,None,0.90,58.2,0
22.12,Utility Enemy 8,Utility,AttackAction,None,1.00,70.3,0
22.12,Utility Enemy 15,Utility,AttackAction,None,1.00,79.0,0
22.12,Utility Enemy 6,Utility,Dead,None,0.00,13.0,0
22.12,Utility Enemy 1,Utility,AttackAction,None,1.00,90.4,0
22.12,Utility Enemy 11,Utility,AttackAction,None,1.00,80.9,0
22.12,Utility Enemy 2,Utility,AttackAction,None,1.00,108.2,0
22.12,Utility Enemy 5,Utility,AttackAction,None,1.00,99.0,0
22.12,Utility Enemy 4,Utility,AttackAction,None,1.00,50.7,0
22.12,Utility Enemy 7,Utility,AttackAction,None,1.00,87.1,0
22.12,Utility Enemy 3,Utility,AttackAction,None,1.00,101.7,0
22.12,Utility Enemy 13,Utility,AttackAction,None,1.00,31.7,0
22.12,Utility Enemy 12,Utility,AttackAction,None,1.00,79.0,0
22.12,Utility Enemy 14,Utility,AttackAction,None,1.00,92.2,0
22.12,Utility Enemy 10,Utility,AttackAction,None,1.00,75.2,0
22.12,Utility Enemy 9,Utility,AttackAction,None,1.00,89.2,0
22.63,Player,Player,-,None,0.95,,0
22.63,FSM Enemy 4,FSM,PatrolState,None,1.00,91.7,0
22.63,FSM Enemy 3,FSM,PatrolState,None,0.80,99.5,0
22.63,FSM Enemy 14,FSM,PatrolState,None,1.00,104.7,0
22.63,FSM Enemy 13,FSM,ChaseState,None,0.90,16.9,0
22.63,FSM Enemy 12,FSM,PatrolState,None,0.90,74.0,0
22.63,FSM Enemy 10,FSM,PatrolState,None,1.00,86.5,0
22.63,FSM Enemy 7,FSM,ChaseState,None,1.00,105.3,0
22.63,FSM Enemy 8,FSM,PatrolState,None,1.00,60.3,0
22.63,FSM Enemy 9,FSM,PatrolState,None,1.00,57.8,0
22.63,FSM Enemy 2,FSM,PatrolState,None,1.00,111.4,0
22.63,FSM Enemy 11,FSM,Dead,None,0.00,14.0,0
22.63,FSM Enemy 15,FSM,Dead,None,0.00,16.8,0
22.63,FSM Enemy 1,FSM,PatrolState,None,1.00,77.0,0
22.63,FSM Enemy 6,FSM,PatrolState,None,0.70,76.1,0
22.63,FSM Enemy 5,FSM,PatrolState,None,0.90,57.9,0
22.63,Utility Enemy 8,Utility,AttackAction,None,1.00,68.7,0
22.63,Utility Enemy 15,Utility,AttackAction,None,1.00,77.1,0
22.63,Utility Enemy 6,Utility,Dead,None,0.00,12.3,0
22.63,Utility Enemy 1,Utility,AttackAction,None,1.00,88.2,0
22.63,Utility Enemy 11,Utility,AttackAction,None,1.00,78.5,0
22.63,Utility Enemy 2,Utility,AttackAction,None,1.00,105.4,0
22.63,Utility Enemy 5,Utility,AttackAction,None,1.00,96.5,0
22.63,Utility Enemy 4,Utility,AttackAction,None,1.00,49.2,0
22.63,Utility Enemy 7,Utility,AttackAction,None,1.00,84.5,0
22.63,Utility Enemy 3,Utility,AttackAction,None,1.00,98.7,0
22.63,Utility Enemy 13,Utility,AttackAction,None,1.00,30.3,0
22.63,Utility Enemy 12,Utility,AttackAction,None,1.00,76.2,0
22.63,Utility Enemy 14,Utility,AttackAction,None,1.00,89.2,0
22.63,Utility Enemy 10,Utility,AttackAction,None,1.00,72.6,0
22.63,Utility Enemy 9,Utility,AttackAction,None,1.00,86.3,0
23.13,Player,Player,-,None,0.95,,0
23.13,FSM Enemy 4,FSM,PatrolState,None,1.00,89.2,0
23.13,FSM Enemy 3,FSM,PatrolState,None,0.80,98.8,0
23.13,FSM Enemy 14,FSM,PatrolState,None,1.00,102.7,0
23.13,FSM Enemy 13,FSM,ChaseState,None,0.90,14.8,0
23.13,FSM Enemy 12,FSM,PatrolState,None,0.90,70.5,0
23.13,FSM Enemy 10,FSM,PatrolState,None,1.00,83.6,0
23.13,FSM Enemy 7,FSM,ChaseState,None,1.00,100.7,0
23.13,FSM Enemy 8,FSM,PatrolState,None,1.00,59.1,0
23.13,FSM Enemy 9,FSM,PatrolState,None,1.00,54.8,0
23.13,FSM Enemy 2,FSM,PatrolState,None,1.00,108.9,0
23.13,FSM Enemy 11,FSM,Dead,None,0.00,14.8,0
23.13,FSM Enemy 15,FSM,Dead,None,0.00,15.2,0
23.13,FSM Enemy 1,FSM,PatrolState,None,1.00,74.9,0
23.13,FSM Enemy 6,FSM,PatrolState,None,0.70,74.6,0
23.13,FSM Enemy 5,FSM,PatrolState,None,0.90,58.2,0
23.13,Utility Enemy 8,Utility,AttackAction,None,1.00,67.8,0
23.13,Utility Enemy 15,Utility,AttackAction,None,1.00,75.8,0
23.13,Utility Enemy 6,Utility,Dead,None,0.00,12.3,0
23.13,Utility Enemy 1,Utility,AttackAction,None,1.00,86.6,0
23.13,Utility Enemy 11,Utility,AttackAction,None,1.00,76.6,0
23.13,Utility Enemy 2,Utility,AttackAction,None,1.00,103.2,0
23.13,Utility Enemy 5,Utility,AttackAction,None,1.00,94.5,0
23.13,Utility Enemy 4,Utility,AttackAction,None,1.00,48.4,0
23.13,Utility Enemy 7,Utility,AttackAction,None,1.00,82.1,0
23.13,Utility Enemy 3,Utility,AttackAction,None,1.00,96.2,0
23.13,Utility Enemy 13,Utility,AttackAction,None,1.00,29.6,0
23.13,Utility Enemy 12,Utility,AttackAction,None,1.00,73.8,0
23.13,Utility Enemy 14,Utility,AttackAction,None,1.00,86.7,0
23.13,Utility Enemy 10,Utility,AttackAction,None,1.00,70.3,0
23.13,Utility Enemy 9,Utility,AttackAction,None,1.00,83.8,0
23.63,Player,Player,-,None,0.95,,0
23.63,FSM Enemy 4,FSM,PatrolState,None,1.00,88.4,0
23.63,FSM Enemy 3,FSM,PatrolState,None,0.80,98.6,0
23.63,FSM Enemy 14,FSM,PatrolState,None,1.00,102.2,0
23.63,FSM Enemy 13,FSM,ChaseState,None,0.90,13.4,0
23.63,FSM Enemy 12,FSM,PatrolState,None,0.90,70.2,0
23.63,FSM Enemy 10,FSM,PatrolState,None,1.00,81.9,0
23.63,FSM Enemy 7,FSM,ChaseState,None,1.00,97.3,0
23.63,FSM Enemy 8,FSM,PatrolState,None,1.00,59.1,0
23.63,FSM Enemy 9,FSM,PatrolState,None,1.00,53.2,0
23.63,FSM Enemy 2,FSM,PatrolState,None,1.00,107.9,0
23.63,FSM Enemy 11,FSM,Dead,None,0.00,14.6,0
23.63,FSM Enemy 15,FSM,Dead,None,0.00,14.9,0
23.63,FSM Enemy 1,FSM,PatrolState,None,1.00,72.3,0
23.63,FSM Enemy 6,FSM,PatrolState,None,0.70,74.0,0
23.63,FSM Enemy 5,FSM,PatrolState,None,0.90,57.7,0
23.63,Utility Enemy 8,Utility,AttackAction,None,1.00,66.2,0
23.63,Utility Enemy 15,Utility,AttackAction,None,1.00,74.3,0
23.63,Utility Enemy 6,Utility,Dead,None,0.00,12.5,0
23.63,Utility Enemy 1,Utility,AttackAction,None,1.00,85.1,0
23.63,Utility Enemy 11,Utility,AttackAction,None,1.00,75.2,0
23.63,Utility Enemy 2,Utility,AttackAction,None,1.00,101.9,0
23.63,Utility Enemy 5,Utility,AttackAction,None,1.00,93.1,0
23.63,Utility Enemy 4,Utility,AttackAction,None,1.00,46.9,0
23.63,Utility Enemy 7,Utility,AttackAction,None,1.00,82.1,0
23.63,Utility Enemy 3,Utility,AttackAction,None,1.00,95.4,0
23.63,Utility Enemy 13,Utility,AttackAction,None,1.00,28.2,0
23.63,Utility Enemy 12,Utility,AttackAction,None,1.00,73.6,0
23.63,Utility Enemy 14,Utility,AttackAction,None,1.00,86.2,0
23.63,Utility Enemy 10,Utility,AttackAction,None,1.00,70.4,0
23.63,Utility Enemy 9,Utility,AttackAction,None,1.00,83.5,0
24.14,Player,Player,-,None,0.95,,0
24.14,FSM Enemy 4,FSM,PatrolState,None,1.00,88.8,0
24.14,FSM Enemy 3,FSM,PatrolState,None,0.80,99.4,0
24.14,FSM Enemy 14,FSM,PatrolState,None,1.00,103.3,0
24.14,FSM Enemy 13,FSM,PatrolState,None,0.90,13.1,0
24.14,FSM Enemy 12,FSM,PatrolState,None,0.90,71.8,0
24.14,FSM Enemy 10,FSM,PatrolState,None,1.00,82.1,0
24.14,FSM Enemy 7,FSM,ChaseState,None,1.00,95.6,0
24.14,FSM Enemy 8,FSM,PatrolState,None,1.00,60.8,0
24.14,FSM Enemy 9,FSM,PatrolState,None,1.00,54.4,0
24.14,FSM Enemy 2,FSM,PatrolState,None,1.00,109.0,0
24.14,FSM Enemy 11,FSM,Dead,None,0.00,14.2,0
24.14,FSM Enemy 15,FSM,Dead,None,0.00,15.3,0
24.14,FSM Enemy 1,FSM,PatrolState,None,1.00,71.7,0
24.14,FSM Enemy 6,FSM,PatrolState,None,0.70,74.3,0
24.14,FSM Enemy 5,FSM,PatrolState,None,0.90,57.1,0
24.14,Utility Enemy 8,Utility,AttackAction,None,1.00,66.3,0
24.14,Utility Enemy 15,Utility,AttackAction,None,1.00,74.5,0
24.14,Utility Enemy 6,Utility,Dead,None,0.00,12.5,0
24.14,Utility Enemy 1,Utility,AttackAction,None,1.00,85.4,0
24.14,Utility Enemy 11,Utility,AttackAction,None,1.00,75.6,0
24.14,Utility Enemy 2,Utility,AttackAction,None,1.00,102.4,0
24.14,Utility Enemy 5,Utility,AttackAction,None,1.00,93.5,0
24.14,Utility Enemy 4,Utility,AttackAction,None,1.00,46.9,0
24.14,Utility Enemy 7,Utility,AttackAction,None,1.00,82.9,0
24.14,Utility Enemy 3,Utility,AttackAction,None,1.00,96.1,0
24.14,Utility Enemy 13,Utility,AttackAction,None,1.00,28.2,0
24.14,Utility Enemy 12,Utility,AttackAction,None,1.00,74.3,0
24.14,Utility Enemy 14,Utility,AttackAction,None,1.00,87.0,0
24.14,Utility Enemy 10,Utility,AttackAction,None,1.00,71.1,0
24.14,Utility Enemy 9,Utility,AttackAction,None,1.00,84.2,0
24.64,Player,Player,-,None,0.95,,0
24.64,FSM Enemy 4,FSM,PatrolState,None,1.00,88.2,0
24.64,FSM Enemy 3,FSM,PatrolState,None,0.80,98.6,0
24.64,FSM Enemy 14,FSM,PatrolState,None,1.00,103.9,0
24.64,FSM Enemy 13,FSM,PatrolState,None,0.90,13.5,0
24.64,FSM Enemy 12,FSM,PatrolState,None,0.90,72.3,0
24.64,FSM Enemy 10,FSM,PatrolState,None,1.00,82.5,0
24.64,FSM Enemy 7,FSM,PatrolState,None,1.00,94.6,0
24.64,FSM Enemy 8,FSM,PatrolState,None,1.00,62.3,0
24.64,FSM Enemy 9,FSM,PatrolState,None,1.00,55.5,0
24.64,FSM Enemy 2,FSM,PatrolState,None,1.00,109.7,0
24.64,FSM Enemy 11,FSM,Dead,None,0.00,14.5,0
24.64,FSM Enemy 15,FSM,Dead,None,0.00,15.2,0
24.64,FSM Enemy 1,FSM,PatrolState,None,1.00,73.2,0
24.64,FSM Enemy 6,FSM,PatrolState,None,0.70,73.6,0
24.64,FSM Enemy 5,FSM,PatrolState,None,0.90,56.7,0
24.64,Utility Enemy 8,Utility,AttackAction,None,1.00,67.0,0
24.64,Utility Enemy 15,Utility,AttackAction,None,1.00,75.2,0
24.64,Utility Enemy 6,Utility,AttackAction,None,1.00,18.5,0
24.64,Utility Enemy 1,Utility,AttackAction,None,1.00,86.0,0
24.64,Utility Enemy 11,Utility,AttackAction,None,1.00,76.1,0
24.64,Utility Enemy 2,Utility,AttackAction,None,1.00,102.8,0
24.64,Utility Enemy 5,Utility,AttackAction,None,1.00,94.0,0
24.64,Utility Enemy 4,Utility,AttackAction,None,1.00,47.7,0
24.64,Utility Enemy 7,Utility,AttackAction,None,1.00,82.5,0
24.64,Utility Enemy 3,Utility,AttackAction,None,1.00,96.1,0
24.64,Utility Enemy 13,Utility,AttackAction,None,1.00,29.0,0
24.64,Utility Enemy 12,Utility,AttackAction,None,1.00,74.0,0
24.64,Utility Enemy 14,Utility,AttackAction,None,1.00,86.8,0
24.64,Utility Enemy 10,Utility,AttackAction,None,1.00,70.7,0
24.64,Utility Enemy 9,Utility,AttackAction,None,1.00,84.0,0
25.14,Player,Player,-,None,0.95,,0
25.14,FSM Enemy 4,FSM,PatrolState,None,1.00,88.0,0
25.14,FSM Enemy 3,FSM,PatrolState,None,0.80,97.5,0
25.14,FSM Enemy 14,FSM,PatrolState,None,1.00,104.4,0
25.14,FSM Enemy 13,FSM,PatrolState,None,0.90,14.0,0
25.14,FSM Enemy 12,FSM,PatrolState,None,0.90,73.0,0
25.14,FSM Enemy 10,FSM,PatrolState,None,1.00,82.9,0
25.14,FSM Enemy 7,FSM,PatrolState,None,1.00,93.4,0
25.14,FSM Enemy 8,FSM,PatrolState,None,1.00,61.8,0
25.14,FSM Enemy 9,FSM,PatrolState,None,1.00,56.6,0
25.14,FSM Enemy 2,FSM,PatrolState,None,1.00,110.1,0
25.14,FSM Enemy 11,FSM,Dead,None,0.00,14.6,0
25.14,FSM Enemy 15,FSM,Dead,None,0.00,15.2,0
25.14,FSM Enemy 1,FSM,PatrolState,None,1.00,74.4,0
25.14,FSM Enemy 6,FSM,PatrolState,None,0.70,73.1,0
25.14,FSM Enemy 5,FSM,PatrolState,None,0.90,55.8,0
25.14,Utility Enemy 8,Utility,AttackAction,None,1.00,67.2,0
25.14,Utility Enemy 15,Utility,AttackAction,None,1.00,75.3,0
25.14,Utility Enemy 6,Utility,AttackAction,None,1.00,18.5,0
25.14,Utility Enemy 1,Utility,AttackAction,None,1.00,86.1,0
25.14,Utility Enemy 11,Utility,AttackAction,None,1.00,76.2,0
25.14,Utility Enemy 2,Utility,AttackAction,None,1.00,102.8,0
25.14,Utility Enemy 5,Utility,AttackAction,None,1.00,94.1,0
25.14,Utility Enemy 4,Utility,AttackAction,None,1.00,47.8,0
25.14,Utility Enemy 7,Utility,AttackAction,None,1.00,82.4,0
25.14,Utility Enemy 3,Utility,AttackAction,None,1.00,96.1,0
25.14,Utility Enemy 13,Utility,AttackAction,None,1.00,29.1,0
25.14,Utility Enemy 12,Utility,AttackAction,None,1.00,73.9,0
25.14,Utility Enemy 14,Utility,AttackAction,None,1.00,86.8,0
25.14,Utility Enemy 10,Utility,AttackAction,None,1.00,70.6,0
25.14,Utility Enemy 9,Utility,AttackAction,None,1.00,83.9,0
25.65,Player,Player,-,None,0.95,,0
25.65,FSM Enemy 4,FSM,PatrolState,None,1.00,87.6,0
25.65,FSM Enemy 3,FSM,PatrolState,None,0.80,95.6,0
25.65,FSM Enemy 14,FSM,PatrolState,None,1.00,104.2,0
25.65,FSM Enemy 13,FSM,PatrolState,None,0.90,13.9,0
25.65,FSM Enemy 12,FSM,PatrolState,None,0.90,74.1,0
25.65,FSM Enemy 10,FSM,PatrolState,None,1.00,82.5,0
25.65,FSM Enemy 7,FSM,PatrolState,None,1.00,91.4,0
25.65,FSM Enemy 8,FSM,PatrolState,None,1.00,59.8,0
25.65,FSM Enemy 9,FSM,PatrolState,None,1.00,57.0,0
25.65,FSM Enemy 2,FSM,PatrolState,None,1.00,109.2,0
25.65,FSM Enemy 11,FSM,Dead,None,0.00,14.4,0
25.65,FSM Enemy 15,FSM,Dead,None,0.00,15.1,0
25.65,FSM Enemy 1,FSM,PatrolState,None,1.00,74.4,0
25.65,FSM Enemy 6,FSM,PatrolState,None,0.70,72.7,0
25.65,FSM Enemy 5,FSM,PatrolState,None,0.90,53.8,0
25.65,Utility Enemy 8,Utility,AttackAction,None,1.00,66.1,0
25.65,Utility Enemy 15,Utility,AttackAction,None,1.00,74.3,0
25.65,Utility Enemy 6,Utility,AttackAction,None,1.00,17.9,0
25.65,Utility Enemy 1,Utility,AttackAction,None,1.00,85.1,0
25.65,Utility Enemy 11,Utility,AttackAction,None,1.00,75.2,0
25.65,Utility Enemy 2,Utility,AttackAction,None,1.00,102.0,0
25.65,Utility Enemy 5,Utility,AttackAction,None,1.00,93.2,0
25.65,Utility Enemy 4,Utility,AttackAction,None,1.00,46.8,0
25.65,Utility Enemy 7,Utility,AttackAction,None,1.00,82.4,0
25.65,Utility Enemy 3,Utility,AttackAction,None,1.00,95.6,0
25.65,Utility Enemy 13,Utility,AttackAction,None,1.00,28.1,0
25.65,Utility Enemy 12,Utility,AttackAction,None,1.00,73.9,0
25.65,Utility Enemy 14,Utility,AttackAction,None,1.00,86.5,0
25.65,Utility Enemy 10,Utility,AttackAction,None,1.00,70.7,0
25.65,Utility Enemy 9,Utility,AttackAction,None,1.00,83.8,0
26.15,Player,Player,-,None,0.95,,0
26.15,FSM Enemy 4,FSM,PatrolState,None,1.00,87.8,0
26.15,FSM Enemy 3,FSM,PatrolState,None,0.80,94.2,0
26.15,FSM Enemy 14,FSM,PatrolState,None,1.00,104.5,0
26.15,FSM Enemy 13,FSM,PatrolState,None,0.90,13.7,0
26.15,FSM Enemy 12,FSM,PatrolState,None,0.90,75.6,0
26.15,FSM Enemy 10,FSM,PatrolState,None,1.00,82.1,0
26.15,FSM Enemy 7,FSM,PatrolState,None,1.00,89.8,0
26.15,FSM Enemy 8,FSM,PatrolState,None,1.00,58.3,0
26.15,FSM Enemy 9,FSM,PatrolState,None,1.00,57.9,0
26.15,FSM Enemy 2,FSM,PatrolState,None,1.00,108.1,0
26.15,FSM Enemy 11,FSM,Dead,None,0.00,14.1,0
26.15,FSM Enemy 15,FSM,Dead,None,0.00,15.3,0
26.15,FSM Enemy 1,FSM,PatrolState,None,1.00,74.4,0
26.15,FSM Enemy 6,FSM,PatrolState,None,0.70,73.1,0
26.15,FSM Enemy 5,FSM,PatrolState,None,0.90,51.9,0
26.15,Utility Enemy 8,Utility,AttackAction,None,1.00,65.2,0
26.15,Utility Enemy 15,Utility,AttackAction,None,1.00,73.4,0
26.15,Utility Enemy 6,Utility,AttackAction,None,1.00,17.5,0
26.15,Utility Enemy 1,Utility,AttackAction,None,1.00,84.3,0
26.15,Utility Enemy 11,Utility,AttackAction,None,1.00,74.6,0
26.15,Utility Enemy 2,Utility,AttackAction,None,1.00,101.6,0
26.15,Utility Enemy 5,Utility,AttackAction,None,1.00,92.5,0
26.15,Utility Enemy 4,Utility,AttackAction,None,1.00,45.8,0
26.15,Utility Enemy 7,Utility,AttackAction,None,1.00,83.0,0
26.15,Utility Enemy 3,Utility,AttackAction,None,1.00,95.6,0
26.15,Utility Enemy 13,Utility,AttackAction,None,1.00,27.2,0
26.15,Utility Enemy 12,Utility,AttackAction,None,1.00,74.3,0
26.15,Utility Enemy 14,Utility,AttackAction,None,1.00,86.7,0
26.15,Utility Enemy 10,Utility,AttackAction,None,1.00,71.2,0
26.15,Utility Enemy 9,Utility,AttackAction,None,1.00,84.1,0
26.66,Player,Player,-,None,0.95,,0
26.66,FSM Enemy 4,FSM,PatrolState,None,1.00,88.3,0
26.66,FSM Enemy 3,FSM,PatrolState,None,0.80,93.9,0
26.66,FSM Enemy 14,FSM,PatrolState,None,1.00,105.2,0
26.66,FSM Enemy 13,FSM,PatrolState,None,0.90,13.9,0
26.66,FSM Enemy 12,FSM,PatrolState,None,0.90,77.2,0
26.66,FSM Enemy 10,FSM,PatrolState,None,1.00,82.1,0
26.66,FSM Enemy 7,FSM,PatrolState,None,1.00,88.9,0
26.66,FSM Enemy 8,FSM,PatrolState,None,1.00,57.6,0
26.66,FSM Enemy 9,FSM,PatrolState,None,1.00,59.4,0
26.66,FSM Enemy 2,FSM,PatrolState,None,1.00,107.6,0
26.66,FSM Enemy 11,FSM,Dead,None,0.00,13.8,0
26.66,FSM Enemy 15,FSM,Dead,None,0.00,15.6,0
26.66,FSM Enemy 1,FSM,PatrolState,None,1.00,75.5,0
26.66,FSM Enemy 6,FSM,PatrolState,None,0.70,73.6,0
26.66,FSM Enemy 5,FSM,PatrolState,None,0.90,50.9,0
26.66,Utility Enemy 8,Utility,AttackAction,None,1.00,65.2,0
26.66,Utility Enemy 15,Utility,AttackAction,None,1.00,73.4,0
26.66,Utility Enemy 6,Utility,AttackAction,None,1.00,17.7,0
26.66,Utility Enemy 1,Utility,AttackAction,None,1.00,84.5,0
26.66,Utility Enemy 11,Utility,AttackAction,None,1.00,74.8,0
26.66,Utility Enemy 2,Utility,AttackAction,None,1.00,101.9,0
26.66,Utility Enemy 5,Utility,AttackAction,None,1.00,92.8,0
26.66,Utility Enemy 4,Utility,AttackAction,None,1.00,45.8,0
26.66,Utility Enemy 7,Utility,AttackAction,None,1.00,83.5,0
26.66,Utility Enemy 3,Utility,AttackAction,None,1.00,96.1,0
26.66,Utility Enemy 13,Utility,AttackAction,None,1.00,27.1,0
26.66,Utility Enemy 12,Utility,AttackAction,None,1.00,74.8,0
26.66,Utility Enemy 14,Utility,AttackAction,None,1.00,87.3,0
26.66,Utility Enemy 10,Utility,AttackAction,None,1.00,71.8,0
26.66,Utility Enemy 9,Utility,AttackAction,None,1.00,84.6,0
27.16,Player,Player,-,None,0.95,,0
27.16,FSM Enemy 4,FSM,PatrolState,None,1.00,88.3,0
27.16,FSM Enemy 3,FSM,PatrolState,None,0.80,93.9,0
27.16,FSM Enemy 14,FSM,PatrolState,None,1.00,104.2,0
27.16,FSM Enemy 13,FSM,PatrolState,None,0.90,14.1,0
27.16,FSM Enemy 12,FSM,PatrolState,None,0.90,78.5,0
27.16,FSM Enemy 10,FSM,PatrolState,None,1.00,82.0,0
27.16,FSM Enemy 7,FSM,PatrolState,None,1.00,87.8,0
27.16,FSM Enemy 8,FSM,PatrolState,None,1.00,56.5,0
27.16,FSM Enemy 9,FSM,PatrolState,None,1.00,60.7,0
27.16,FSM Enemy 2,FSM,PatrolState,None,1.00,107.0,0
27.16,FSM Enemy 11,FSM,PatrolState,None,1.00,76.6,0
27.16,FSM Enemy 15,FSM,Dead,None,0.00,15.8,0
27.16,FSM Enemy 1,FSM,PatrolState,None,1.00,76.6,0
27.16,FSM Enemy 6,FSM,PatrolState,None,0.70,73.7,0
27.16,FSM Enemy 5,FSM,PatrolState,None,0.90,49.9,0
27.16,Utility Enemy 8,Utility,AttackAction,None,1.00,65.2,0
27.16,Utility Enemy 15,Utility,AttackAction,None,1.00,73.4,0
27.16,Utility Enemy 6,Utility,AttackAction,None,1.00,17.8,0
27.16,Utility Enemy 1,Utility,AttackAction,None,1.00,84.5,0
27.16,Utility Enemy 11,Utility,AttackAction,None,1.00,74.8,0
27.16,Utility Enemy 2,Utility,AttackAction,None,1.00,102.0,0
27.16,Utility Enemy 5,Utility,AttackAction,None,1.00,92.9,0
27.16,Utility Enemy 4,Utility,AttackAction,None,1.00,45.8,0
27.16,Utility Enemy 7,Utility,AttackAction,None,1.00,83.7,0
27.16,Utility Enemy 3,Utility,AttackAction,None,1.00,96.3,0
27.16,Utility Enemy 13,Utility,AttackAction,None,1.00,27.1,0
27.16,Utility Enemy 12,Utility,AttackAction,None,1.00,75.0,0
27.16,Utility Enemy 14,Utility,AttackAction,None,1.00,87.5,0
27.16,Utility Enemy 10,Utility,AttackAction,None,1.00,72.0,0
27.16,Utility Enemy 9,Utility,AttackAction,None,1.00,84.8,0
27.66,Player,Player,-,None,0.95,,0
27.66,FSM Enemy 4,FSM,PatrolState,None,1.00,87.8,0
27.66,FSM Enemy 3,FSM,PatrolState,None,0.80,93.8,0
27.66,FSM Enemy 14,FSM,PatrolState,None,1.00,103.0,0
27.66,FSM Enemy 13,FSM,PatrolState,None,0.90,14.3,0
27.66,FSM Enemy 12,FSM,PatrolState,None,0.90,79.5,0
27.66,FSM Enemy 10,FSM,PatrolState,None,1.00,81.8,0
27.66,FSM Enemy 7,FSM,PatrolState,None,1.00,86.6,0
27.66,FSM Enemy 8,FSM,PatrolState,None,1.00,55.3,0
27.66,FSM Enemy 9,FSM,PatrolState,None,1.00,61.8,0
27.66,FSM Enemy 2,FSM,PatrolState,None,1.00,106.1,0
27.66,FSM Enemy 11,FSM,PatrolState,None,1.00,75.4,0
27.66,FSM Enemy 15,FSM,Dead,None,0.00,15.8,0
27.66,FSM Enemy 1,FSM,PatrolState,None,1.00,77.8,0
27.66,FSM Enemy 6,FSM,PatrolState,None,0.70,73.7,0
27.66,FSM Enemy 5,FSM,PatrolState,None,0.90,48.9,0
27.66,Utility Enemy 8,Utility,AttackAction,None,1.00,65.2,0
27.66,Utility Enemy 15,Utility,AttackAction,None,1.00,73.4,0
27.66,Utility Enemy 6,Utility,AttackAction,None,1.00,17.8,0
27.66,Utility Enemy 1,Utility,AttackAction,None,1.00,84.5,0
27.66,Utility Enemy 11,Utility,AttackAction,None,1.00,74.8,0
27.66,Utility Enemy 2,Utility,AttackAction,None,1.00,102.0,0
27.66,Utility Enemy 5,Utility,AttackAction,None,1.00,92.9,0
27.66,Utility Enemy 4,Utility,AttackAction,None,1.00,45.8,0
27.66,Utility Enemy 7,Utility,AttackAction,None,1.00,83.7,0
27.66,Utility Enemy 3,Utility,AttackAction,None,1.00,96.3,0
27.66,Utility Enemy 13,Utility,AttackAction,None,1.00,27.1,0
27.66,Utility Enemy 12,Utility,AttackAction,None,1.00,75.0,0
27.66,Utility Enemy 14,Utility,AttackAction,None,1.00,87.5,0
27.66,Utility Enemy 10,Utility,AttackAction,None,1.00,72.0,0
27.66,Utility Enemy 9,Utility,AttackAction,None,1.00,84.8,0
28.16,Player,Player,-,None,0.95,,0
28.16,FSM Enemy 4,FSM,PatrolState,None,1.00,87.5,0
28.16,FSM Enemy 3,FSM,PatrolState,None,0.80,93.1,0
28.16,FSM Enemy 14,FSM,PatrolState,None,1.00,101.8,0
28.16,FSM Enemy 13,FSM,PatrolState,None,0.90,14.7,0
28.16,FSM Enemy 12,FSM,PatrolState,None,0.90,80.6,0
28.16,FSM Enemy 10,FSM,PatrolState,None,1.00,81.9,0
28.16,FSM Enemy 7,FSM,PatrolState,None,1.00,85.4,0
28.16,FSM Enemy 8,FSM,PatrolState,None,1.00,54.6,0
28.16,FSM Enemy 9,FSM,PatrolState,None,1.00,62.9,0
28.16,FSM Enemy 2,FSM,PatrolState,None,1.00,105.3,0
28.16,FSM Enemy 11,FSM,PatrolState,None,1.00,74.1,0
28.16,FSM Enemy 15,FSM,Dead,None,0.00,15.8,0
28.16,FSM Enemy 1,FSM,PatrolState,None,1.00,79.0,0
28.16,FSM Enemy 6,FSM,PatrolState,None,0.70,73.2,0
28.16,FSM Enemy 5,FSM,PatrolState,None,0.90,47.9,0
28.16,Utility Enemy 8,Utility,AttackAction,None,1.00,65.2,0
28.16,Utility Enemy 15,Utility,AttackAction,None,1.00,73.4,0
28.16,Utility Enemy 6,Utility,AttackAction,None,1.00,17.8,0
28.16,Utility Enemy 1,Utility,AttackAction,None,1.00,84.5,0
28.16,Utility Enemy 11,Utility,AttackAction,None,1.00,74.8,0
28.16,Utility Enemy 2,Utility,AttackAction,None,1.00,102.0,0
28.16,Utility Enemy 5,Utility,AttackAction,None,1.00,92.9,0
28.16,Utility Enemy 4,Utility,AttackAction,None,1.00,45.8,0
28.16,Utility Enemy 7,Utility,AttackAction,None,1.00,83.7,0
28.16,Utility Enemy 3,Utility,AttackAction,None,1.00,96.3,0
28.16,Utility Enemy 13,Utility,AttackAction,None,1.00,27.1,0
28.16,Utility Enemy 12,Utility,AttackAction,None,1.00,75.0,0
28.16,Utility Enemy 14,Utility,AttackAction,None,1.00,87.5,0
28.16,Utility Enemy 10,Utility,AttackAction,None,1.00,72.0,0
28.16,Utility Enemy 9,Utility,AttackAction,None,1.00,84.8,0
28.67,Player,Player,-,GravityFlip,0.95,,0
28.67,FSM Enemy 4,FSM,TakeCoverState,GravityFlip,1.00,87.3,0
28.67,FSM Enemy 3,FSM,TakeCoverState,GravityFlip,0.80,92.2,0
28.67,FSM Enemy 14,FSM,TakeCoverState,GravityFlip,1.00,101.0,0
28.67,FSM Enemy 13,FSM,TakeCoverState,GravityFlip,0.90,15.0,0
28.67,FSM Enemy 12,FSM,TakeCoverState,GravityFlip,0.90,81.7,0
28.67,FSM Enemy 10,FSM,TakeCoverState,GravityFlip,1.00,81.9,0
28.67,FSM Enemy 7,FSM,TakeCoverState,GravityFlip,1.00,84.3,0
28.67,FSM Enemy 8,FSM,TakeCoverState,GravityFlip,1.00,55.0,0
28.67,FSM Enemy 9,FSM,TakeCoverState,GravityFlip,1.00,63.6,0
28.67,FSM Enemy 2,FSM,TakeCoverState,GravityFlip,1.00,104.5,0
28.67,FSM Enemy 11,FSM,TakeCoverState,GravityFlip,1.00,73.1,0
28.67,FSM Enemy 15,FSM,Dead,GravityFlip,0.00,15.8,0
28.67,FSM Enemy 1,FSM,TakeCoverState,GravityFlip,1.00,80.2,0
28.67,FSM Enemy 6,FSM,TakeCoverState,GravityFlip,0.70,72.3,0
28.67,FSM Enemy 5,FSM,TakeCoverState,GravityFlip,0.90,47.4,0
28.67,Utility Enemy 8,Utility,TakeCoverAction,GravityFlip,1.00,65.2,0
28.67,Utility Enemy 15,Utility,TakeCoverAction,GravityFlip,1.00,73.4,0
28.67,Utility Enemy 6,Utility,TakeCoverAction,GravityFlip,1.00,17.9,0
28.67,Utility Enemy 1,Utility,TakeCoverAction,GravityFlip,1.00,84.5,0
28.67,Utility Enemy 11,Utility,TakeCoverAction,GravityFlip,1.00,74.8,0
28.67,Utility Enemy 2,Utility,TakeCoverAction,GravityFlip,1.00,102.0,0
28.67,Utility Enemy 5,Utility,TakeCoverAction,GravityFlip,1.00,92.9,0
28.67,Utility Enemy 4,Utility,TakeCoverAction,GravityFlip,1.00,45.8,0
28.67,Utility Enemy 7,Utility,TakeCoverAction,GravityFlip,1.00,83.7,0
28.67,Utility Enemy 3,Utility,TakeCoverAction,GravityFlip,1.00,96.3,0
28.67,Utility Enemy 13,Utility,TakeCoverAction,GravityFlip,0.50,27.1,0
28.67,Utility Enemy 12,Utility,TakeCoverAction,GravityFlip,1.00,75.1,0
28.67,Utility Enemy 14,Utility,TakeCoverAction,GravityFlip,1.00,87.5,0
28.67,Utility Enemy 10,Utility,TakeCoverAction,GravityFlip,1.00,72.0,0
28.67,Utility Enemy 9,Utility,TakeCoverAction,GravityFlip,1.00,84.8,0
29.17,Player,Player,-,GravityFlip,0.95,,0
29.17,FSM Enemy 4,FSM,TakeCoverState,GravityFlip,1.00,87.6,0
29.17,FSM Enemy 3,FSM,TakeCoverState,GravityFlip,0.80,93.4,0
29.17,FSM Enemy 14,FSM,TakeCoverState,GravityFlip,1.00,101.0,0
29.17,FSM Enemy 13,FSM,TakeCoverState,GravityFlip,0.90,14.5,0
29.17,FSM Enemy 12,FSM,TakeCoverState,GravityFlip,0.90,82.3,0
29.17,FSM Enemy 10,FSM,TakeCoverState,GravityFlip,1.00,81.9,0
29.17,FSM Enemy 7,FSM,TakeCoverState,GravityFlip,1.00,84.4,0
29.17,FSM Enemy 8,FSM,TakeCoverState,GravityFlip,1.00,54.4,0
29.17,FSM Enemy 9,FSM,TakeCoverState,GravityFlip,1.00,62.4,0
29.17,FSM Enemy 2,FSM,TakeCoverState,GravityFlip,1.00,103.5,0
29.17,FSM Enemy 11,FSM,TakeCoverState,GravityFlip,1.00,73.4,0
29.17,FSM Enemy 15,FSM,Dead,GravityFlip,0.00,15.8,0
29.17,FSM Enemy 1,FSM,TakeCoverState,GravityFlip,1.00,80.5,0
29.17,FSM Enemy 6,FSM,TakeCoverState,GravityFlip,0.70,72.3,0
29.17,FSM Enemy 5,FSM,TakeCoverState,GravityFlip,0.90,45.6,0
29.17,Utility Enemy 8,Utility,TakeCoverAction,GravityFlip,1.00,66.4,0
29.17,Utility Enemy 15,Utility,TakeCoverAction,GravityFlip,1.00,73.4,0
29.17,Utility Enemy 6,Utility,TakeCoverAction,GravityFlip,1.00,19.1,0
29.17,Utility Enemy 1,Utility,TakeCoverAction,GravityFlip,1.00,82.9,0
29.17,Utility Enemy 11,Utility,TakeCoverAction,GravityFlip,1.00,74.8,0
29.17,Utility Enemy 2,Utility,TakeCoverAction,GravityFlip,1.00,100.3,0
29.17,Utility Enemy 5,Utility,TakeCoverAction,GravityFlip,1.00,94.5,0
29.17,Utility Enemy 4,Utility,TakeCoverAction,GravityFlip,1.00,45.4,0
29.17,Utility Enemy 7,Utility,TakeCoverAction,GravityFlip,1.00,83.9,0
29.17,Utility Enemy 3,Utility,TakeCoverAction,GravityFlip,1.00,97.6,0
29.17,Utility Enemy 13,Utility,TakeCoverAction,GravityFlip,0.25,25.9,0
29.17,Utility Enemy 12,Utility,TakeCoverAction,GravityFlip,1.00,76.7,0
29.17,Utility Enemy 14,Utility,TakeCoverAction,GravityFlip,1.00,87.5,0
29.17,Utility Enemy 10,Utility,TakeCoverAction,GravityFlip,1.00,70.5,0
29.17,Utility Enemy 9,Utility,TakeCoverAction,GravityFlip,1.00,83.9,0
29.68,Player,Player,-,GravityFlip,0.95,,0
29.68,FSM Enemy 4,FSM,TakeCoverState,GravityFlip,1.00,87.6,0
29.68,FSM Enemy 3,FSM,TakeCoverState,GravityFlip,0.80,93.5,0
29.68,FSM Enemy 14,FSM,TakeCoverState,GravityFlip,1.00,101.1,0
29.68,FSM Enemy 13,FSM,TakeCoverState,GravityFlip,0.90,14.0,0
29.68,FSM Enemy 12,FSM,TakeCoverState,GravityFlip,0.90,82.4,0
29.68,FSM Enemy 10,FSM,TakeCoverState,GravityFlip,1.00,81.9,0
29.68,FSM Enemy 7,FSM,TakeCoverState,GravityFlip,1.00,84.5,0
29.68,FSM Enemy 8,FSM,TakeCoverState,GravityFlip,1.00,55.4,0
29.68,FSM Enemy 9,FSM,TakeCoverState,GravityFlip,1.00,61.5,0
29.68,FSM Enemy 2,FSM,TakeCoverState,GravityFlip,1.00,103.3,0
29.68,FSM Enemy 11,FSM,TakeCoverState,GravityFlip,1.00,73.4,0
29.68,FSM Enemy 15,FSM,Dead,GravityFlip,0.00,15.8,0
29.68,FSM Enemy 1,FSM,TakeCoverState,GravityFlip,1.00,80.5,0
29.68,FSM Enemy 6,FSM,TakeCoverState,GravityFlip,0.70,72.3,0
29.68,FSM Enemy 5,FSM,TakeCoverState,GravityFlip,0.90,44.8,0
29.68,Utility Enemy 8,Utility,TakeCoverAction,GravityFlip,1.00,67.5,0
29.68,Utility Enemy 15,Utility,TakeCoverAction,GravityFlip,1.00,73.4,0
29.68,Utility Enemy 6,Utility,TakeCoverAction,GravityFlip,1.00,20.8,0
29.68,Utility Enemy 1,Utility,TakeCoverAction,GravityFlip,1.00,80.8,0
29.68,Utility Enemy 11,Utility,TakeCoverAction,GravityFlip,1.00,74.8,0
29.68,Utility Enemy 2,Utility,TakeCoverAction,GravityFlip,1.00,98.1,0
29.68,Utility Enemy 5,Utility,TakeCoverAction,GravityFlip,1.00,94.9,0
29.68,Utility Enemy 4,Utility,TakeCoverAction,GravityFlip,1.00,45.0,0
29.68,Utility Enemy 7,Utility,TakeCoverAction,GravityFlip,1.00,83.9,0
29.68,Utility Enemy 3,Utility,TakeCoverAction,GravityFlip,1.00,99.3,0
29.68,Utility Enemy 13,Utility,TakeCoverAction,GravityFlip,0.25,24.5,0
29.68,Utility Enemy 12,Utility,TakeCoverAction,GravityFlip,1.00,78.6,0
29.68,Utility Enemy 14,Utility,TakeCoverAction,GravityFlip,1.00,87.5,0
29.68,Utility Enemy 10,Utility,TakeCoverAction,GravityFlip,1.00,70.3,0
29.68,Utility Enemy 9,Utility,TakeCoverAction,GravityFlip,1.00,83.1,0
30.18,Player,Player,-,GravityFlip,0.95,,0
30.18,FSM Enemy 4,FSM,TakeCoverState,GravityFlip,1.00,86.3,0
30.18,FSM Enemy 3,FSM,TakeCoverState,GravityFlip,0.80,92.9,0
30.18,FSM Enemy 14,FSM,TakeCoverState,GravityFlip,1.00,100.1,0
30.18,FSM Enemy 13,FSM,TakeCoverState,GravityFlip,0.90,13.5,0
30.18,FSM Enemy 12,FSM,TakeCoverState,GravityFlip,0.90,81.0,0
30.18,FSM Enemy 10,FSM,TakeCoverState,GravityFlip,1.00,80.9,0
30.18,FSM Enemy 7,FSM,TakeCoverState,GravityFlip,1.00,83.5,0
30.18,FSM Enemy 8,FSM,TakeCoverState,GravityFlip,1.00,55.1,0
30.18,FSM Enemy 9,FSM,TakeCoverState,GravityFlip,1.00,60.3,0
30.18,FSM Enemy 2,FSM,TakeCoverState,GravityFlip,1.00,102.3,0
30.18,FSM Enemy 11,FSM,TakeCoverState,GravityFlip,1.00,72.0,0
30.18,FSM Enemy 15,FSM,PatrolState,GravityFlip,1.00,43.9,0
30.18,FSM Enemy 1,FSM,TakeCoverState,GravityFlip,1.00,80.5,0
30.18,FSM Enemy 6,FSM,TakeCoverState,GravityFlip,0.70,71.0,0
30.18,FSM Enemy 5,FSM,TakeCoverState,GravityFlip,0.90,44.8,0
30.18,Utility Enemy 8,Utility,TakeCoverAction,GravityFlip,1.00,67.6,0
30.18,Utility Enemy 15,Utility,TakeCoverAction,GravityFlip,1.00,73.3,0
30.18,Utility Enemy 6,Utility,TakeCoverAction,GravityFlip,1.00,21.0,0
30.18,Utility Enemy 1,Utility,TakeCoverAction,GravityFlip,1.00,79.3,0
30.18,Utility Enemy 11,Utility,TakeCoverAction,GravityFlip,1.00,74.3,0
30.18,Utility Enemy 2,Utility,TakeCoverAction,GravityFlip,1.00,95.2,0
30.18,Utility Enemy 5,Utility,TakeCoverAction,GravityFlip,1.00,94.3,0
30.18,Utility Enemy 4,Utility,TakeCoverAction,GravityFlip,1.00,44.8,0
30.18,Utility Enemy 7,Utility,TakeCoverAction,GravityFlip,1.00,82.5,0
30.18,Utility Enemy 3,Utility,TakeCoverAction,GravityFlip,1.00,99.7,0
30.18,Utility Enemy 13,Utility,TakeCoverAction,GravityFlip,0.25,24.2,0
30.18,Utility Enemy 12,Utility,TakeCoverAction,GravityFlip,1.00,79.0,0
30.18,Utility Enemy 14,Utility,TakeCoverAction,GravityFlip,1.00,86.1,0
30.18,Utility Enemy 10,Utility,TakeCoverAction,GravityFlip,1.00,68.9,0
30.18,Utility Enemy 9,Utility,TakeCoverAction,GravityFlip,1.00,81.7,0
30.68,Player,Player,-,GravityFlip,0.95,,0
30.68,FSM Enemy 4,FSM,TakeCoverState,GravityFlip,1.00,85.9,0
30.68,FSM Enemy 3,FSM,TakeCoverState,GravityFlip,0.80,92.7,0
30.68,FSM Enemy 14,FSM,TakeCoverState,GravityFlip,1.00,99.8,0
30.68,FSM Enemy 13,FSM,TakeCoverState,GravityFlip,0.90,13.3,0
30.68,FSM Enemy 12,FSM,TakeCoverState,GravityFlip,0.90,80.6,0
30.68,FSM Enemy 10,FSM,TakeCoverState,GravityFlip,1.00,80.6,0
30.68,FSM Enemy 7,FSM,TakeCoverState,GravityFlip,1.00,83.3,0
30.68,FSM Enemy 8,FSM,TakeCoverState,GravityFlip,1.00,54.8,0
30.68,FSM Enemy 9,FSM,TakeCoverState,GravityFlip,1.00,60.0,0
30.68,FSM Enemy 2,FSM,TakeCoverState,GravityFlip,1.00,102.0,0
30.68,FSM Enemy 11,FSM,TakeCoverState,GravityFlip,1.00,71.7,0
30.68,FSM Enemy 15,FSM,PatrolState,GravityFlip,1.00,43.6,0
30.68,FSM Enemy 1,FSM,TakeCoverState,GravityFlip,1.00,80.5,0
30.68,FSM Enemy 6,FSM,TakeCoverState,GravityFlip,0.70,70.6,0
30.68,FSM Enemy 5,FSM,TakeCoverState,GravityFlip,0.90,44.8,0
30.68,Utility Enemy 8,Utility,TakeCoverAction,GravityFlip,1.00,67.6,0
30.68,Utility Enemy 15,Utility,TakeCoverAction,GravityFlip,1.00,73.3,0
30.68,Utility Enemy 6,Utility,TakeCoverAction,GravityFlip,1.00,20.8,0
30.68,Utility Enemy 1,Utility,TakeCoverAction,GravityFlip,1.00,79.2,0
30.68,Utility Enemy 11,Utility,TakeCoverAction,GravityFlip,1.00,74.2,0
30.68,Utility Enemy 2,Utility,TakeCoverAction,GravityFlip,1.00,92.8,0
30.68,Utility Enemy 5,Utility,TakeCoverAction,GravityFlip,1.00,94.1,0
30.68,Utility Enemy 4,Utility,TakeCoverAction,GravityFlip,1.00,43.0,0
30.68,Utility Enemy 7,Utility,TakeCoverAction,GravityFlip,1.00,82.1,0
30.68,Utility Enemy 3,Utility,TakeCoverAction,GravityFlip,1.00,99.9,0
30.68,Utility Enemy 13,Utility,TakeCoverAction,GravityFlip,0.25,24.2,0
30.68,Utility Enemy 12,Utility,TakeCoverAction,GravityFlip,1.00,78.7,0
30.68,Utility Enemy 14,Utility,TakeCoverAction,GravityFlip,1.00,85.8,0
30.68,Utility Enemy 10,Utility,TakeCoverAction,GravityFlip,1.00,68.5,0
30.68,Utility Enemy 9,Utility,TakeCoverAction,GravityFlip,1.00,81.4,0
31.18,Player,Player,-,GravityFlip,0.95,,0
31.18,FSM Enemy 4,FSM,TakeCoverState,GravityFlip,1.00,85.9,0
31.18,FSM Enemy 3,FSM,TakeCoverState,GravityFlip,0.80,92.7,0
31.18,FSM Enemy 14,FSM,TakeCoverState,GravityFlip,1.00,99.8,0
31.18,FSM Enemy 13,FSM,TakeCoverState,GravityFlip,0.90,12.8,0
31.18,FSM Enemy 12,FSM,TakeCoverState,GravityFlip,0.90,80.6,0
31.18,FSM Enemy 10,FSM,TakeCoverState,GravityFlip,1.00,80.6,0
31.18,FSM Enemy 7,FSM,TakeCoverState,GravityFlip,1.00,83.3,0
31.18,FSM Enemy 8,FSM,TakeCoverState,GravityFlip,1.00,54.8,0
31.18,FSM Enemy 9,FSM,TakeCoverState,GravityFlip,1.00,60.0,0
31.18,FSM Enemy 2,FSM,TakeCoverState,GravityFlip,1.00,102.0,0
31.18,FSM Enemy 11,FSM,TakeCoverState,GravityFlip,1.00,71.7,0
31.18,FSM Enemy 15,FSM,PatrolState,GravityFlip,1.00,43.4,0
31.18,FSM Enemy 1,FSM,TakeCoverState,GravityFlip,1.00,80.5,0
31.18,FSM Enemy 6,FSM,TakeCoverState,GravityFlip,0.70,70.6,0
31.18,FSM Enemy 5,FSM,TakeCoverState,GravityFlip,0.90,44.8,0
31.18,Utility Enemy 8,Utility,TakeCoverAction,GravityFlip,1.00,67.6,0
31.18,Utility Enemy 15,Utility,TakeCoverAction,GravityFlip,1.00,73.3,0
31.18,Utility Enemy 6,Utility,TakeCoverAction,GravityFlip,1.00,20.8,0
31.18,Utility Enemy 1,Utility,TakeCoverAction,GravityFlip,1.00,79.2,0
31.18,Utility Enemy 11,Utility,TakeCoverAction,GravityFlip,1.00,74.2,0
31.18,Utility Enemy 2,Utility,TakeCoverAction,GravityFlip,1.00,92.1,0
31.18,Utility Enemy 5,Utility,TakeCoverAction,GravityFlip,1.00,94.1,0
31.18,Utility Enemy 4,Utility,TakeCoverAction,GravityFlip,1.00,42.6,0
31.18,Utility Enemy 7,Utility,TakeCoverAction,GravityFlip,1.00,82.1,0
31.18,Utility Enemy 3,Utility,TakeCoverAction,GravityFlip,1.00,99.9,0
31.18,Utility Enemy 13,Utility,TakeCoverAction,GravityFlip,0.25,24.2,0
31.18,Utility Enemy 12,Utility,TakeCoverAction,GravityFlip,1.00,78.7,0
31.18,Utility Enemy 14,Utility,TakeCoverAction,GravityFlip,1.00,85.8,0
31.18,Utility Enemy 10,Utility,TakeCoverAction,GravityFlip,1.00,68.5,0
31.18,Utility Enemy 9,Utility,TakeCoverAction,GravityFlip,1.00,81.4,0
31.69,Player,Player,-,GravityFlip,0.95,,0
31.69,FSM Enemy 4,FSM,TakeCoverState,GravityFlip,1.00,85.9,0
31.69,FSM Enemy 3,FSM,TakeCoverState,GravityFlip,0.80,92.7,0
31.69,FSM Enemy 14,FSM,TakeCoverState,GravityFlip,1.00,99.8,0
31.69,FSM Enemy 13,FSM,TakeCoverState,GravityFlip,0.90,12.7,0
31.69,FSM Enemy 12,FSM,TakeCoverState,GravityFlip,0.90,80.6,0
31.69,FSM Enemy 10,FSM,TakeCoverState,GravityFlip,1.00,80.6,0
31.69,FSM Enemy 7,FSM,TakeCoverState,GravityFlip,1.00,83.3,0
31.69,FSM Enemy 8,FSM,TakeCoverState,GravityFlip,1.00,54.8,0
31.69,FSM Enemy 9,FSM,TakeCoverState,GravityFlip,1.00,60.0,0
31.69,FSM Enemy 2,FSM,TakeCoverState,GravityFlip,1.00,102.0,0
31.69,FSM Enemy 11,FSM,TakeCoverState,GravityFlip,1.00,71.7,0
31.69,FSM Enemy 15,FSM,PatrolState,GravityFlip,1.00,42.5,0
31.69,FSM Enemy 1,FSM,TakeCoverState,GravityFlip,1.00,80.5,0
31.69,FSM Enemy 6,FSM,TakeCoverState,GravityFlip,0.70,70.6,0
31.69,FSM Enemy 5,FSM,TakeCoverState,GravityFlip,0.90,44.8,0
31.69,Utility Enemy 8,Utility,TakeCoverAction,GravityFlip,1.00,67.6,0
31.69,Utility Enemy 15,Utility,TakeCoverAction,GravityFlip,1.00,73.3,0
31.69,Utility Enemy 6,Utility,TakeCoverAction,GravityFlip,1.00,20.8,0
31.69,Utility Enemy 1,Utility,TakeCoverAction,GravityFlip,1.00,79.2,0
31.69,Utility Enemy 11,Utility,TakeCoverAction,GravityFlip,1.00,74.2,0
31.69,Utility Enemy 2,Utility,TakeCoverAction,GravityFlip,1.00,92.1,0
31.69,Utility Enemy 5,Utility,TakeCoverAction,GravityFlip,1.00,94.1,0
31.69,Utility Enemy 4,Utility,TakeCoverAction,GravityFlip,1.00,42.6,0
31.69,Utility Enemy 7,Utility,TakeCoverAction,GravityFlip,1.00,82.1,0
31.69,Utility Enemy 3,Utility,TakeCoverAction,GravityFlip,1.00,99.9,0
31.69,Utility Enemy 13,Utility,TakeCoverAction,GravityFlip,0.25,24.2,0
31.69,Utility Enemy 12,Utility,TakeCoverAction,GravityFlip,1.00,78.7,0
31.69,Utility Enemy 14,Utility,TakeCoverAction,GravityFlip,1.00,85.8,0
31.69,Utility Enemy 10,Utility,TakeCoverAction,GravityFlip,1.00,68.5,0
31.69,Utility Enemy 9,Utility,TakeCoverAction,GravityFlip,1.00,81.4,0
32.19,Player,Player,-,GravityFlip,0.95,,0
32.19,FSM Enemy 4,FSM,TakeCoverState,GravityFlip,1.00,85.9,0
32.19,FSM Enemy 3,FSM,TakeCoverState,GravityFlip,0.80,92.7,0
32.19,FSM Enemy 14,FSM,TakeCoverState,GravityFlip,1.00,99.8,0
32.19,FSM Enemy 13,FSM,TakeCoverState,GravityFlip,0.90,13.0,0
32.19,FSM Enemy 12,FSM,TakeCoverState,GravityFlip,0.90,80.6,0
32.19,FSM Enemy 10,FSM,TakeCoverState,GravityFlip,1.00,80.6,0
32.19,FSM Enemy 7,FSM,TakeCoverState,GravityFlip,1.00,83.3,0
32.19,FSM Enemy 8,FSM,TakeCoverState,GravityFlip,1.00,54.8,0
32.19,FSM Enemy 9,FSM,TakeCoverState,GravityFlip,1.00,60.0,0
32.19,FSM Enemy 2,FSM,TakeCoverState,GravityFlip,1.00,102.0,0
32.19,FSM Enemy 11,FSM,TakeCoverState,GravityFlip,1.00,71.7,0
32.19,FSM Enemy 15,FSM,PatrolState,GravityFlip,1.00,41.6,0
32.19,FSM Enemy 1,FSM,TakeCoverState,GravityFlip,1.00,80.5,0
32.19,FSM Enemy 6,FSM,TakeCoverState,GravityFlip,0.70,70.6,0
32.19,FSM Enemy 5,FSM,TakeCoverState,GravityFlip,0.90,44.8,0
32.19,Utility Enemy 8,Utility,TakeCoverAction,GravityFlip,1.00,67.6,0
32.19,Utility Enemy 15,Utility,TakeCoverAction,GravityFlip,1.00,73.3,0
32.19,Utility Enemy 6,Utility,TakeCoverAction,GravityFlip,1.00,20.8,0
32.19,Utility Enemy 1,Utility,TakeCoverAction,GravityFlip,1.00,79.2,0
32.19,Utility Enemy 11,Utility,TakeCoverAction,GravityFlip,1.00,74.2,0
32.19,Utility Enemy 2,Utility,TakeCoverAction,GravityFlip,1.00,92.1,0
32.19,Utility Enemy 5,Utility,TakeCoverAction,GravityFlip,1.00,94.1,0
32.19,Utility Enemy 4,Utility,TakeCoverAction,GravityFlip,1.00,42.6,0
32.19,Utility Enemy 7,Utility,TakeCoverAction,GravityFlip,1.00,82.1,0
32.19,Utility Enemy 3,Utility,TakeCoverAction,GravityFlip,1.00,99.9,0
32.19,Utility Enemy 13,Utility,Dead,GravityFlip,0.00,24.2,0
32.19,Utility Enemy 12,Utility,TakeCoverAction,GravityFlip,1.00,78.7,0
32.19,Utility Enemy 14,Utility,TakeCoverAction,GravityFlip,1.00,85.8,0
32.19,Utility Enemy 10,Utility,TakeCoverAction,GravityFlip,1.00,68.5,0
32.19,Utility Enemy 9,Utility,TakeCoverAction,GravityFlip,1.00,81.4,0
32.69,Player,Player,-,GravityFlip,0.95,,0
32.69,FSM Enemy 4,FSM,TakeCoverState,GravityFlip,1.00,85.9,0
32.69,FSM Enemy 3,FSM,TakeCoverState,GravityFlip,0.80,92.8,0
32.69,FSM Enemy 14,FSM,TakeCoverState,GravityFlip,1.00,99.9,0
32.69,FSM Enemy 13,FSM,TakeCoverState,GravityFlip,0.90,13.0,0
32.69,FSM Enemy 12,FSM,TakeCoverState,GravityFlip,0.90,80.6,0
32.69,FSM Enemy 10,FSM,TakeCoverState,GravityFlip,1.00,80.7,0
32.69,FSM Enemy 7,FSM,TakeCoverState,GravityFlip,1.00,83.4,0
32.69,FSM Enemy 8,FSM,TakeCoverState,GravityFlip,1.00,54.9,0
32.69,FSM Enemy 9,FSM,TakeCoverState,GravityFlip,1.00,60.0,0
32.69,FSM Enemy 2,FSM,TakeCoverState,GravityFlip,1.00,102.1,0
32.69,FSM Enemy 11,FSM,TakeCoverState,GravityFlip,1.00,71.6,0
32.69,FSM Enemy 15,FSM,PatrolState,GravityFlip,1.00,40.8,0
32.69,FSM Enemy 1,FSM,TakeCoverState,GravityFlip,1.00,80.6,0
32.69,FSM Enemy 6,FSM,TakeCoverState,GravityFlip,0.70,70.6,0
32.69,FSM Enemy 5,FSM,TakeCoverState,GravityFlip,0.90,44.9,0
32.69,Utility Enemy 8,Utility,TakeCoverAction,GravityFlip,1.00,67.7,0
32.69,Utility Enemy 15,Utility,TakeCoverAction,GravityFlip,1.00,73.4,0
32.69,Utility Enemy 6,Utility,TakeCoverAction,GravityFlip,1.00,20.9,0
32.69,Utility Enemy 1,Utility,TakeCoverAction,GravityFlip,1.00,79.3,0
32.69,Utility Enemy 11,Utility,TakeCoverAction,GravityFlip,1.00,74.3,0
32.69,Utility Enemy 2,Utility,TakeCoverAction,GravityFlip,1.00,92.2,0
32.69,Utility Enemy 5,Utility,TakeCoverAction,GravityFlip,1.00,94.2,0
32.69,Utility Enemy 4,Utility,TakeCoverAction,GravityFlip,1.00,42.7,0
32.69,Utility Enemy 7,Utility,TakeCoverAction,GravityFlip,1.00,82.1,0
32.69,Utility Enemy 3,Utility,TakeCoverAction,GravityFlip,1.00,99.9,0
32.69,Utility Enemy 13,Utility,Dead,GravityFlip,0.00,24.3,0
32.69,Utility Enemy 12,Utility,TakeCoverAction,GravityFlip,1.00,78.7,0
32.69,Utility Enemy 14,Utility,TakeCoverAction,GravityFlip,1.00,85.8,0
32.69,Utility Enemy 10,Utility,TakeCoverAction,GravityFlip,1.00,68.5,0
32.69,Utility Enemy 9,Utility,TakeCoverAction,GravityFlip,1.00,81.4,0
33.20,Player,Player,-,GravityFlip,0.95,,0
33.20,FSM Enemy 4,FSM,TakeCoverState,GravityFlip,1.00,87.0,0
33.20,FSM Enemy 3,FSM,TakeCoverState,GravityFlip,0.80,95.2,0
33.20,FSM Enemy 14,FSM,TakeCoverState,GravityFlip,1.00,101.8,0
33.20,FSM Enemy 13,FSM,TakeCoverState,GravityFlip,0.90,12.8,0
33.20,FSM Enemy 12,FSM,TakeCoverState,GravityFlip,0.90,81.1,0
33.20,FSM Enemy 10,FSM,TakeCoverState,GravityFlip,1.00,82.6,0
33.20,FSM Enemy 7,FSM,TakeCoverState,GravityFlip,1.00,85.4,0
33.20,FSM Enemy 8,FSM,TakeCoverState,GravityFlip,1.00,56.9,0
33.20,FSM Enemy 9,FSM,TakeCoverState,GravityFlip,1.00,61.5,0
33.20,FSM Enemy 2,FSM,TakeCoverState,GravityFlip,1.00,104.0,0
33.20,FSM Enemy 11,FSM,TakeCoverState,GravityFlip,1.00,71.8,0
33.20,FSM Enemy 15,FSM,PatrolState,GravityFlip,1.00,41.2,0
33.20,FSM Enemy 1,FSM,TakeCoverState,GravityFlip,1.00,83.1,0
33.20,FSM Enemy 6,FSM,TakeCoverState,GravityFlip,0.70,70.5,0
33.20,FSM Enemy 5,FSM,TakeCoverState,GravityFlip,0.90,47.3,0
33.20,Utility Enemy 8,Utility,TakeCoverAction,GravityFlip,1.00,70.2,0
33.20,Utility Enemy 15,Utility,TakeCoverAction,GravityFlip,1.00,75.9,0
33.20,Utility Enemy 6,Utility,TakeCoverAction,GravityFlip,1.00,22.8,0
33.20,Utility Enemy 1,Utility,TakeCoverAction,GravityFlip,1.00,81.8,0
33.20,Utility Enemy 11,Utility,TakeCoverAction,GravityFlip,1.00,76.7,0
33.20,Utility Enemy 2,Utility,TakeCoverAction,GravityFlip,1.00,94.5,0
33.20,Utility Enemy 5,Utility,TakeCoverAction,GravityFlip,1.00,96.6,0
33.20,Utility Enemy 4,Utility,TakeCoverAction,GravityFlip,1.00,45.1,0
33.20,Utility Enemy 7,Utility,TakeCoverAction,GravityFlip,1.00,82.4,0
33.20,Utility Enemy 3,Utility,TakeCoverAction,GravityFlip,1.00,101.4,0
33.20,Utility Enemy 13,Utility,Dead,GravityFlip,0.00,26.5,0
33.20,Utility Enemy 12,Utility,TakeCoverAction,GravityFlip,1.00,79.3,0
33.20,Utility Enemy 14,Utility,TakeCoverAction,GravityFlip,1.00,86.8,0
33.20,Utility Enemy 10,Utility,TakeCoverAction,GravityFlip,1.00,68.7,0
33.20,Utility Enemy 9,Utility,TakeCoverAction,GravityFlip,1.00,82.0,0
33.70,Player,Player,-,None,0.95,,0
33.70,FSM Enemy 4,FSM,PatrolState,None,1.00,88.3,0
33.70,FSM Enemy 3,FSM,PatrolState,None,0.80,96.7,0
33.70,FSM Enemy 14,FSM,PatrolState,None,1.00,103.1,0
33.70,FSM Enemy 13,FSM,PatrolState,None,0.90,13.1,0
33.70,FSM Enemy 12,FSM,PatrolState,None,0.90,81.7,0
33.70,FSM Enemy 10,FSM,PatrolState,None,1.00,84.2,0
33.70,FSM Enemy 7,FSM,PatrolState,None,1.00,86.2,0
33.70,FSM Enemy 8,FSM,PatrolState,None,1.00,58.4,0
33.70,FSM Enemy 9,FSM,PatrolState,None,1.00,62.7,0
33.70,FSM Enemy 2,FSM,PatrolState,None,1.00,105.6,0
33.70,FSM Enemy 11,FSM,PatrolState,None,1.00,72.4,0
33.70,FSM Enemy 15,FSM,PatrolState,None,1.00,41.5,0
33.70,FSM Enemy 1,FSM,PatrolState,None,1.00,84.2,0
33.70,FSM Enemy 6,FSM,PatrolState,None,0.70,71.7,0
33.70,FSM Enemy 5,FSM,PatrolState,None,0.90,48.5,0
33.70,Utility Enemy 8,Utility,AttackAction,None,1.00,71.0,0
33.70,Utility Enemy 15,Utility,AttackAction,None,1.00,76.8,0
33.70,Utility Enemy 6,Utility,AttackAction,None,1.00,23.8,0
33.70,Utility Enemy 1,Utility,AttackAction,None,1.00,82.8,0
33.70,Utility Enemy 11,Utility,AttackAction,None,1.00,77.8,0
33.70,Utility Enemy 2,Utility,AttackAction,None,1.00,95.6,0
33.70,Utility Enemy 5,Utility,AttackAction,None,1.00,97.7,0
33.70,Utility Enemy 4,Utility,AttackAction,None,1.00,45.9,0
33.70,Utility Enemy 7,Utility,AttackAction,None,1.00,83.2,0
33.70,Utility Enemy 3,Utility,AttackAction,None,1.00,102.6,0
33.70,Utility Enemy 13,Utility,Dead,None,0.00,27.3,0
33.70,Utility Enemy 12,Utility,AttackAction,None,1.00,80.2,0
33.70,Utility Enemy 14,Utility,AttackAction,None,1.00,87.8,0
33.70,Utility Enemy 10,Utility,AttackAction,None,1.00,69.4,0
33.70,Utility Enemy 9,Utility,AttackAction,None,1.00,82.9,0
34.20,Player,Player,-,None,0.95,,0
34.20,FSM Enemy 4,FSM,PatrolState,None,1.00,88.7,0
34.20,FSM Enemy 3,FSM,PatrolState,None,0.80,95.6,0
34.20,FSM Enemy 14,FSM,PatrolState,None,1.00,101.9,0
34.20,FSM Enemy 13,FSM,PatrolState,None,0.90,13.3,0
34.20,FSM Enemy 12,FSM,PatrolState,None,0.90,80.9,0
34.20,FSM Enemy 10,FSM,PatrolState,None,1.00,83.8,0
34.20,FSM Enemy 7,FSM,PatrolState,None,1.00,83.3,0
34.20,FSM Enemy 8,FSM,PatrolState,None,1.00,56.0,0
34.20,FSM Enemy 9,FSM,PatrolState,None,1.00,61.7,0
34.20,FSM Enemy 2,FSM,PatrolState,None,1.00,105.1,0
34.20,FSM Enemy 11,FSM,PatrolState,None,1.00,72.1,0
34.20,FSM Enemy 15,FSM,PatrolState,None,1.00,39.9,0
34.20,FSM Enemy 1,FSM,PatrolState,None,1.00,82.4,0
34.20,FSM Enemy 6,FSM,PatrolState,None,0.70,73.7,0
34.20,FSM Enemy 5,FSM,PatrolState,None,0.90,46.9,0
34.20,Utility Enemy 8,Utility,AttackAction,None,1.00,68.2,0
34.20,Utility Enemy 15,Utility,AttackAction,None,1.00,74.1,0
34.20,Utility Enemy 6,Utility,AttackAction,None,1.00,22.1,0
34.20,Utility Enemy 1,Utility,AttackAction,None,1.00,80.2,0
34.20,Utility Enemy 11,Utility,AttackAction,None,1.00,75.4,0
34.20,Utility Enemy 2,Utility,AttackAction,None,1.00,93.6,0
34.20,Utility Enemy 5,Utility,AttackAction,None,1.00,95.4,0
34.20,Utility Enemy 4,Utility,AttackAction,None,1.00,43.1,0
34.20,Utility Enemy 7,Utility,AttackAction,None,1.00,83.7,0
34.20,Utility Enemy 3,Utility,AttackAction,None,1.00,101.5,0
34.20,Utility Enemy 13,Utility,Dead,None,0.00,24.8,0
34.20,Utility Enemy 12,Utility,AttackAction,None,1.00,80.3,0
34.20,Utility Enemy 14,Utility,AttackAction,None,1.00,87.4,0
34.20,Utility Enemy 10,Utility,AttackAction,None,1.00,70.0,0
34.20,Utility Enemy 9,Utility,AttackAction,None,1.00,83.0,0
34.70,Player,Player,-,None,0.95,,0
34.70,FSM Enemy 4,FSM,PatrolState,None,1.00,88.8,0
34.70,FSM Enemy 3,FSM,PatrolState,None,0.80,95.9,0
34.70,FSM Enemy 14,FSM,PatrolState,None,1.00,101.5,0
34.70,FSM Enemy 13,FSM,PatrolState,None,0.90,13.1,0
34.70,FSM Enemy 12,FSM,PatrolState,None,0.90,79.2,0
34.70,FSM Enemy 10,FSM,PatrolState,None,1.00,84.0,0
34.70,FSM Enemy 7,FSM,PatrolState,None,1.00,81.4,0
34.70,FSM Enemy 8,FSM,PatrolState,None,1.00,54.1,0
34.70,FSM Enemy 9,FSM,PatrolState,None,1.00,60.9,0
34.70,FSM Enemy 2,FSM,PatrolState,None,1.00,105.3,0
34.70,FSM Enemy 11,FSM,PatrolState,None,1.00,70.6,0
34.70,FSM Enemy 15,FSM,PatrolState,None,1.00,38.4,0
34.70,FSM Enemy 1,FSM,PatrolState,None,1.00,82.6,0
34.70,FSM Enemy 6,FSM,PatrolState,None,0.70,74.4,0
34.70,FSM Enemy 5,FSM,PatrolState,None,0.90,47.4,0
34.70,Utility Enemy 8,Utility,AttackAction,None,1.00,67.6,0
34.70,Utility Enemy 15,Utility,AttackAction,None,1.00,73.4,0
34.70,Utility Enemy 6,Utility,AttackAction,None,1.00,21.4,0
34.70,Utility Enemy 1,Utility,AttackAction,None,1.00,79.4,0
34.70,Utility Enemy 11,Utility,AttackAction,None,1.00,74.5,0
34.70,Utility Enemy 2,Utility,AttackAction,None,1.00,92.7,0
34.70,Utility Enemy 5,Utility,AttackAction,None,1.00,94.6,0
34.70,Utility Enemy 4,Utility,AttackAction,None,1.00,42.5,0
34.70,Utility Enemy 7,Utility,AttackAction,None,1.00,83.1,0
34.70,Utility Enemy 3,Utility,AttackAction,None,1.00,100.7,0
34.70,Utility Enemy 13,Utility,Dead,None,0.00,24.2,0
34.70,Utility Enemy 12,Utility,AttackAction,None,1.00,79.7,0
34.70,Utility Enemy 14,Utility,AttackAction,None,1.00,86.7,0
34.70,Utility Enemy 10,Utility,AttackAction,None,1.00,69.5,0
34.70,Utility Enemy 9,Utility,AttackAction,None,1.00,82.3,0
35.21,Player,Player,-,None,0.95,,0
35.21,FSM Enemy 4,FSM,PatrolState,None,1.00,88.8,0
35.21,FSM Enemy 3,FSM,PatrolState,None,0.80,96.6,0
35.21,FSM Enemy 14,FSM,PatrolState,None,1.00,101.2,0
35.21,FSM Enemy 13,FSM,PatrolState,None,0.90,12.8,0
35.21,FSM Enemy 12,FSM,PatrolState,None,0.90,77.2,0
35.21,FSM Enemy 10,FSM,PatrolState,None,1.00,84.5,0
35.21,FSM Enemy 7,FSM,PatrolState,None,1.00,79.5,0
35.21,FSM Enemy 8,FSM,PatrolState,None,1.00,52.4,0
35.21,FSM Enemy 9,FSM,PatrolState,None,1.00,60.3,0
35.21,FSM Enemy 2,FSM,PatrolState,None,1.00,105.8,0
35.21,FSM Enemy 11,FSM,PatrolState,None,1.00,68.6,0
35.21,FSM Enemy 15,FSM,PatrolState,None,1.00,36.8,0
35.21,FSM Enemy 1,FSM,PatrolState,None,1.00,83.5,0
35.21,FSM Enemy 6,FSM,PatrolState,None,0.70,74.4,0
35.21,FSM Enemy 5,FSM,PatrolState,None,0.90,48.6,0
35.21,Utility Enemy 8,Utility,AttackAction,None,1.00,67.6,0
35.21,Utility Enemy 15,Utility,AttackAction,None,1.00,73.3,0
35.21,Utility Enemy 6,Utility,AttackAction,None,1.00,20.8,0
35.21,Utility Enemy 1,Utility,AttackAction,None,1.00,79.2,0
35.21,Utility Enemy 11,Utility,AttackAction,None,1.00,74.2,0
35.21,Utility Enemy 2,Utility,AttackAction,None,1.00,92.1,0
35.21,Utility Enemy 5,Utility,AttackAction,None,1.00,94.1,0
35.21,Utility Enemy 4,Utility,AttackAction,None,1.00,42.6,0
35.21,Utility Enemy 7,Utility,AttackAction,None,1.00,82.1,0
35.21,Utility Enemy 3,Utility,AttackAction,None,1.00,99.9,0
35.21,Utility Enemy 13,Utility,Dead,None,0.00,24.2,0
35.21,Utility Enemy 12,Utility,AttackAction,None,1.00,78.7,0
35.21,Utility Enemy 14,Utility,AttackAction,None,1.00,85.8,0
35.21,Utility Enemy 10,Utility,AttackAction,None,1.00,68.5,0
35.21,Utility Enemy 9,Utility,AttackAction,None,1.00,81.4,0
35.71,Player,Player,-,None,0.95,,0
35.71,FSM Enemy 4,FSM,PatrolState,None,1.00,90.0,0
35.71,FSM Enemy 3,FSM,PatrolState,None,0.80,96.8,0
35.71,FSM Enemy 14,FSM,PatrolState,None,1.00,102.1,0
35.71,FSM Enemy 13,FSM,PatrolState,None,0.90,13.2,0
35.71,FSM Enemy 12,FSM,PatrolState,None,0.80,76.6,0
35.71,FSM Enemy 10,FSM,PatrolState,None,1.00,86.0,0
35.71,FSM Enemy 7,FSM,PatrolState,None,1.00,78.7,0
35.71,FSM Enemy 8,FSM,PatrolState,None,1.00,51.7,0
35.71,FSM Enemy 9,FSM,PatrolState,None,1.00,60.9,0
35.71,FSM Enemy 2,FSM,PatrolState,None,1.00,107.4,0
35.71,FSM Enemy 11,FSM,PatrolState,None,1.00,67.9,0
35.71,FSM Enemy 15,FSM,PatrolState,None,1.00,36.6,0
35.71,FSM Enemy 1,FSM,PatrolState,None,1.00,84.4,0
35.71,FSM Enemy 6,FSM,PatrolState,None,0.70,74.5,0
35.71,FSM Enemy 5,FSM,PatrolState,None,0.90,49.8,0
35.71,Utility Enemy 8,Utility,AttackAction,None,1.00,67.6,0
35.71,Utility Enemy 15,Utility,AttackAction,None,1.00,73.4,0
35.71,Utility Enemy 6,Utility,AttackAction,None,1.00,21.2,0
35.71,Utility Enemy 1,Utility,AttackAction,None,1.00,79.4,0
35.71,Utility Enemy 11,Utility,AttackAction,None,1.00,74.4,0
35.71,Utility Enemy 2,Utility,AttackAction,None,1.00,92.5,0
35.71,Utility Enemy 5,Utility,AttackAction,None,1.00,94.4,0
35.71,Utility Enemy 4,Utility,AttackAction,None,1.00,42.6,0
35.71,Utility Enemy 7,Utility,AttackAction,None,1.00,82.6,0
35.71,Utility Enemy 3,Utility,AttackAction,None,1.00,100.3,0
35.71,Utility Enemy 13,Utility,Dead,None,0.00,24.3,0
35.71,Utility Enemy 12,Utility,AttackAction,None,1.00,79.2,0
35.71,Utility Enemy 14,Utility,AttackAction,None,1.00,86.3,0
35.71,Utility Enemy 10,Utility,AttackAction,None,1.00,69.1,0
35.71,Utility Enemy 9,Utility,AttackAction,None,1.00,81.9,0
36.21,Player,Player,-,None,0.95,,0
36.21,FSM Enemy 4,FSM,PatrolState,None,1.00,91.2,0
36.21,FSM Enemy 3,FSM,PatrolState,None,0.80,98.5,0
36.21,FSM Enemy 14,FSM,PatrolState,None,1.00,104.8,0
36.21,FSM Enemy 13,FSM,PatrolState,None,0.90,14.7,0
36.21,FSM Enemy 12,FSM,PatrolState,None,0.80,77.0,0
36.21,FSM Enemy 10,FSM,PatrolState,None,1.00,89.4,0
36.21,FSM Enemy 7,FSM,PatrolState,None,1.00,79.7,0
36.21,FSM Enemy 8,FSM,PatrolState,None,1.00,52.9,0
36.21,FSM Enemy 9,FSM,PatrolState,None,1.00,63.2,0
36.21,FSM Enemy 2,FSM,PatrolState,None,1.00,110.8,0
36.21,FSM Enemy 11,FSM,PatrolState,None,1.00,67.7,0
36.21,FSM Enemy 15,FSM,PatrolState,None,1.00,37.5,0
36.21,FSM Enemy 1,FSM,PatrolState,None,1.00,87.3,0
36.21,FSM Enemy 6,FSM,PatrolState,None,0.70,75.1,0
36.21,FSM Enemy 5,FSM,PatrolState,None,0.90,53.0,0
36.21,Utility Enemy 8,Utility,AttackAction,None,1.00,69.7,0
36.21,Utility Enemy 15,Utility,AttackAction,None,1.00,75.5,0
36.21,Utility Enemy 6,Utility,AttackAction,None,1.00,23.1,0
36.21,Utility Enemy 1,Utility,AttackAction,None,1.00,81.6,0
36.21,Utility Enemy 11,Utility,AttackAction,None,1.00,76.8,0
36.21,Utility Enemy 2,Utility,AttackAction,None,1.00,94.8,0
36.21,Utility Enemy 5,Utility,AttackAction,None,1.00,96.8,0
36.21,Utility Enemy 4,Utility,AttackAction,None,1.00,44.5,0
36.21,Utility Enemy 7,Utility,AttackAction,None,1.00,83.8,0
36.21,Utility Enemy 3,Utility,AttackAction,None,1.00,102.4,0
36.21,Utility Enemy 13,Utility,Dead,None,0.00,26.1,0
36.21,Utility Enemy 12,Utility,AttackAction,None,1.00,80.6,0
36.21,Utility Enemy 14,Utility,AttackAction,None,1.00,88.0,0
36.21,Utility Enemy 10,Utility,AttackAction,None,1.00,70.1,0
36.21,Utility Enemy 9,Utility,AttackAction,None,1.00,83.3,0
36.71,Player,Player,-,None,0.95,,0
36.71,FSM Enemy 4,FSM,PatrolState,None,1.00,91.0,0
36.71,FSM Enemy 3,FSM,PatrolState,None,0.80,98.0,0
36.71,FSM Enemy 14,FSM,PatrolState,None,1.00,105.7,0
36.71,FSM Enemy 13,FSM,PatrolState,None,0.90,15.5,0
36.71,FSM Enemy 12,FSM,PatrolState,None,0.80,76.6,0
36.71,FSM Enemy 10,FSM,PatrolState,None,1.00,90.2,0
36.71,FSM Enemy 7,FSM,PatrolState,None,1.00,78.9,0
36.71,FSM Enemy 8,FSM,PatrolState,None,1.00,52.4,0
36.71,FSM Enemy 9,FSM,PatrolState,None,1.00,63.8,0
36.71,FSM Enemy 2,FSM,PatrolState,None,1.00,112.3,0
36.71,FSM Enemy 11,FSM,PatrolState,None,1.00,67.0,0
36.71,FSM Enemy 15,FSM,PatrolState,None,1.00,36.8,0
36.71,FSM Enemy 1,FSM,PatrolState,None,1.00,88.3,0
36.71,FSM Enemy 6,FSM,PatrolState,None,0.70,75.2,0
36.71,FSM Enemy 5,FSM,PatrolState,None,0.90,54.2,0
36.71,Utility Enemy 8,Utility,AttackAction,None,1.00,69.7,0
36.71,Utility Enemy 15,Utility,AttackAction,None,1.00,75.6,0
36.71,Utility Enemy 6,Utility,AttackAction,None,1.00,23.4,0
36.71,Utility Enemy 1,Utility,AttackAction,None,1.00,81.8,0
36.71,Utility Enemy 11,Utility,AttackAction,None,1.00,77.0,0
36.71,Utility Enemy 2,Utility,AttackAction,None,1.00,95.2,0
36.71,Utility Enemy 5,Utility,AttackAction,None,1.00,97.1,0
36.71,Utility Enemy 4,Utility,AttackAction,None,1.00,44.5,0
36.71,Utility Enemy 7,Utility,AttackAction,None,1.00,84.3,0
36.71,Utility Enemy 3,Utility,AttackAction,None,1.00,102.9,0
36.71,Utility Enemy 13,Utility,Dead,None,0.00,26.1,0
36.71,Utility Enemy 12,Utility,AttackAction,None,1.00,81.1,0
36.71,Utility Enemy 14,Utility,AttackAction,None,1.00,88.5,0
36.71,Utility Enemy 10,Utility,AttackAction,None,1.00,70.6,0
36.71,Utility Enemy 9,Utility,AttackAction,None,1.00,83.8,0
37.22,Player,Player,-,None,0.95,,0
37.22,FSM Enemy 4,FSM,PatrolState,None,1.00,89.4,0
37.22,FSM Enemy 3,FSM,PatrolState,None,0.80,96.5,0
37.22,FSM Enemy 14,FSM,PatrolState,None,1.00,105.3,0
37.22,FSM Enemy 13,FSM,PatrolState,None,0.90,15.6,0
37.22,FSM Enemy 12,FSM,PatrolState,None,0.80,75.0,0
37.22,FSM Enemy 10,FSM,PatrolState,None,1.00,89.7,0
37.22,FSM Enemy 7,FSM,PatrolState,None,1.00,76.8,0
37.22,FSM Enemy 8,FSM,PatrolState,None,1.00,52.3,0
37.22,FSM Enemy 9,FSM,PatrolState,None,1.00,63.2,0
37.22,FSM Enemy 2,FSM,PatrolState,None,1.00,112.6,0
37.22,FSM Enemy 11,FSM,PatrolState,None,1.00,65.0,0
37.22,FSM Enemy 15,FSM,PatrolState,None,1.00,34.9,0
37.22,FSM Enemy 1,FSM,PatrolState,None,1.00,88.6,0
37.22,FSM Enemy 6,FSM,PatrolState,None,0.70,74.2,0
37.22,FSM Enemy 5,FSM,PatrolState,None,0.90,54.9,0
37.22,Utility Enemy 8,Utility,AttackAction,None,1.00,69.2,0
37.22,Utility Enemy 15,Utility,AttackAction,None,1.00,75.1,0
37.22,Utility Enemy 6,Utility,AttackAction,None,1.00,22.7,0
37.22,Utility Enemy 1,Utility,AttackAction,None,1.00,81.2,0
37.22,Utility Enemy 11,Utility,AttackAction,None,1.00,76.3,0
37.22,Utility Enemy 2,Utility,AttackAction,None,1.00,94.4,0
37.22,Utility Enemy 5,Utility,AttackAction,None,1.00,96.3,0
37.22,Utility Enemy 4,Utility,AttackAction,None,1.00,44.1,0
37.22,Utility Enemy 7,Utility,AttackAction,None,1.00,83.6,0
37.22,Utility Enemy 3,Utility,AttackAction,None,1.00,102.0,0
37.22,Utility Enemy 13,Utility,Dead,None,0.00,25.6,0
37.22,Utility Enemy 12,Utility,AttackAction,None,1.00,80.3,0
37.22,Utility Enemy 14,Utility,AttackAction,None,1.00,87.6,0
37.22,Utility Enemy 10,Utility,AttackAction,None,1.00,69.9,0
37.22,Utility Enemy 9,Utility,AttackAction,None,1.00,83.0,0
37.72,Player,Player,-,None,0.95,,0
37.72,FSM Enemy 4,FSM,PatrolState,None,1.00,88.3,0
37.72,FSM Enemy 3,FSM,PatrolState,None,0.80,95.4,0
37.72,FSM Enemy 14,FSM,PatrolState,None,1.00,105.5,0
37.72,FSM Enemy 13,FSM,PatrolState,None,0.90,16.1,0
37.72,FSM Enemy 12,FSM,PatrolState,None,0.80,75.8,0
37.72,FSM Enemy 10,FSM,PatrolState,None,1.00,89.9,0
37.72,FSM Enemy 7,FSM,PatrolState,None,1.00,75.5,0
37.72,FSM Enemy 8,FSM,PatrolState,None,1.00,53.1,0
37.72,FSM Enemy 9,FSM,PatrolState,None,1.00,63.1,0
37.72,FSM Enemy 2,FSM,PatrolState,None,1.00,113.5,0
37.72,FSM Enemy 11,FSM,PatrolState,None,1.00,63.5,0
37.72,FSM Enemy 15,FSM,PatrolState,None,1.00,33.5,0
37.72,FSM Enemy 1,FSM,PatrolState,None,1.00,87.9,0
37.72,FSM Enemy 6,FSM,PatrolState,None,0.70,73.9,0
37.72,FSM Enemy 5,FSM,PatrolState,None,0.90,56.1,0
37.72,Utility Enemy 8,Utility,AttackAction,None,1.00,69.2,0
37.72,Utility Enemy 15,Utility,AttackAction,None,1.00,75.0,0
37.72,Utility Enemy 6,Utility,AttackAction,None,1.00,22.5,0
37.72,Utility Enemy 1,Utility,AttackAction,None,1.00,81.0,0
37.72,Utility Enemy 11,Utility,AttackAction,None,1.00,76.1,0
37.72,Utility Enemy 2,Utility,AttackAction,None,1.00,94.1,0
37.72,Utility Enemy 5,Utility,AttackAction,None,1.00,96.1,0
37.72,Utility Enemy 4,Utility,AttackAction,None,1.00,44.1,0
37.72,Utility Enemy 7,Utility,AttackAction,None,1.00,83.2,0
37.72,Utility Enemy 3,Utility,AttackAction,None,1.00,101.7,0
37.72,Utility Enemy 13,Utility,Dead,None,0.00,25.6,0
37.72,Utility Enemy 12,Utility,AttackAction,None,1.00,80.0,0
37.72,Utility Enemy 14,Utility,AttackAction,None,1.00,87.3,0
37.72,Utility Enemy 10,Utility,AttackAction,None,1.00,69.6,0
37.72,Utility Enemy 9,Utility,AttackAction,None,1.00,82.7,0
38.23,Player,Player,-,None,0.95,,0
38.23,FSM Enemy 4,FSM,PatrolState,None,1.00,87.7,0
38.23,FSM Enemy 3,FSM,PatrolState,None,0.80,95.0,0
38.23,FSM Enemy 14,FSM,PatrolState,None,1.00,106.1,0
38.23,FSM Enemy 13,FSM,PatrolState,None,0.90,16.9,0
38.23,FSM Enemy 12,FSM,PatrolState,None,0.80,77.0,0
38.23,FSM Enemy 10,FSM,PatrolState,None,1.00,90.3,0
38.23,FSM Enemy 7,FSM,PatrolState,None,1.00,74.4,0
38.23,FSM Enemy 8,FSM,PatrolState,None,1.00,54.2,0
38.23,FSM Enemy 9,FSM,PatrolState,None,1.00,63.4,0
38.23,FSM Enemy 2,FSM,PatrolState,None,1.00,114.6,0
38.23,FSM Enemy 11,FSM,PatrolState,None,1.00,62.2,0
38.23,FSM Enemy 15,FSM,PatrolState,None,1.00,32.4,0
38.23,FSM Enemy 1,FSM,PatrolState,None,1.00,86.9,0
38.23,FSM Enemy 6,FSM,PatrolState,None,0.70,75.1,0
38.23,FSM Enemy 5,FSM,PatrolState,None,0.90,57.3,0
38.23,Utility Enemy 8,Utility,AttackAction,None,1.00,69.2,0
38.23,Utility Enemy 15,Utility,AttackAction,None,1.00,75.0,0
38.23,Utility Enemy 6,Utility,AttackAction,None,1.00,22.5,0
38.23,Utility Enemy 1,Utility,AttackAction,None,1.00,81.0,0
38.23,Utility Enemy 11,Utility,AttackAction,None,1.00,76.1,0
38.23,Utility Enemy 2,Utility,AttackAction,None,1.00,94.1,0
38.23,Utility Enemy 5,Utility,AttackAction,None,1.00,96.1,0
38.23,Utility Enemy 4,Utility,AttackAction,None,1.00,44.1,0
38.23,Utility Enemy 7,Utility,AttackAction,None,1.00,83.2,0
38.23,Utility Enemy 3,Utility,AttackAction,None,1.00,101.7,0
38.23,Utility Enemy 13,Utility,Dead,None,0.00,25.6,0
38.23,Utility Enemy 12,Utility,AttackAction,None,1.00,80.0,0
38.23,Utility Enemy 14,Utility,AttackAction,None,1.00,87.3,0
38.23,Utility Enemy 10,Utility,AttackAction,None,1.00,69.6,0
38.23,Utility Enemy 9,Utility,AttackAction,None,1.00,82.7,0
38.74,Player,Player,-,EnemyDuplicate,0.95,,0
38.74,FSM Enemy 4,FSM,AttackState,EnemyDuplicate,1.00,87.4,0
38.74,FSM Enemy 3,FSM,AttackState,EnemyDuplicate,0.80,95.2,0
38.74,FSM Enemy 14,FSM,AttackState,EnemyDuplicate,1.00,106.4,0
38.74,FSM Enemy 13,FSM,AttackState,EnemyDuplicate,0.90,17.4,0
38.74,FSM Enemy 12,FSM,AttackState,EnemyDuplicate,0.80,77.8,0
38.74,FSM Enemy 10,FSM,AttackState,EnemyDuplicate,1.00,90.5,0
38.74,FSM Enemy 7,FSM,AttackState,EnemyDuplicate,1.00,73.8,0
38.74,FSM Enemy 8,FSM,AttackState,EnemyDuplicate,1.00,54.9,0
38.74,FSM Enemy 9,FSM,AttackState,EnemyDuplicate,1.00,63.6,0
38.74,FSM Enemy 2,FSM,AttackState,EnemyDuplicate,1.00,115.4,0
38.74,FSM Enemy 11,FSM,AttackState,EnemyDuplicate,1.00,61.5,0
38.74,FSM Enemy 15,FSM,AttackState,EnemyDuplicate,1.00,31.8,0
38.74,FSM Enemy 1,FSM,AttackState,EnemyDuplicate,1.00,86.2,0
38.74,FSM Enemy 6,FSM,AttackState,EnemyDuplicate,0.70,75.8,0
38.74,FSM Enemy 5,FSM,AttackState,EnemyDuplicate,0.90,58.0,0
38.74,Utility Enemy 8,Utility,AttackAction,EnemyDuplicate,1.00,69.2,0
38.74,Utility Enemy 15,Utility,AttackAction,EnemyDuplicate,1.00,75.0,0
38.74,Utility Enemy 6,Utility,AttackAction,EnemyDuplicate,1.00,22.5,0
38.74,Utility Enemy 1,Utility,AttackAction,EnemyDuplicate,1.00,81.0,0
38.74,Utility Enemy 11,Utility,AttackAction,EnemyDuplicate,1.00,76.1,0
38.74,Utility Enemy 2,Utility,AttackAction,EnemyDuplicate,1.00,94.1,0
38.74,Utility Enemy 5,Utility,AttackAction,EnemyDuplicate,1.00,96.1,0
38.74,Utility Enemy 4,Utility,AttackAction,EnemyDuplicate,1.00,44.1,0
38.74,Utility Enemy 7,Utility,AttackAction,EnemyDuplicate,1.00,83.2,0
38.74,Utility Enemy 3,Utility,AttackAction,EnemyDuplicate,1.00,101.7,0
38.74,Utility Enemy 13,Utility,Dead,EnemyDuplicate,0.00,25.6,0
38.74,Utility Enemy 12,Utility,AttackAction,EnemyDuplicate,1.00,80.0,0
38.74,Utility Enemy 14,Utility,AttackAction,EnemyDuplicate,1.00,87.3,0
38.74,Utility Enemy 10,Utility,AttackAction,EnemyDuplicate,1.00,69.6,0
38.74,Utility Enemy 9,Utility,AttackAction,EnemyDuplicate,1.00,82.7,0
39.24,Player,Player,-,EnemyDuplicate,0.95,,0
39.24,FSM Enemy 4,FSM,AttackState,EnemyDuplicate,1.00,87.4,0
39.24,FSM Enemy 3,FSM,AttackState,EnemyDuplicate,0.80,95.2,0
39.24,FSM Enemy 14,FSM,AttackState,EnemyDuplicate,1.00,106.4,0
39.24,FSM Enemy 13,FSM,AttackState,EnemyDuplicate,0.90,17.4,0
39.24,FSM Enemy 12,FSM,AttackState,EnemyDuplicate,0.80,77.8,0
39.24,FSM Enemy 10,FSM,AttackState,EnemyDuplicate,1.00,90.5,0
39.24,FSM Enemy 7,FSM,AttackState,EnemyDuplicate,1.00,73.8,0
39.24,FSM Enemy 8,FSM,AttackState,EnemyDuplicate,1.00,54.9,0
39.24,FSM Enemy 9,FSM,AttackState,EnemyDuplicate,1.00,63.6,0
39.24,FSM Enemy 2,FSM,AttackState,EnemyDuplicate,1.00,115.4,0
39.24,FSM Enemy 11,FSM,AttackState,EnemyDuplicate,1.00,61.5,0
39.24,FSM Enemy 15,FSM,AttackState,EnemyDuplicate,1.00,31.8,0
39.24,FSM Enemy 1,FSM,AttackState,EnemyDuplicate,1.00,86.2,0
39.24,FSM Enemy 6,FSM,AttackState,EnemyDuplicate,0.70,75.8,0
39.24,FSM Enemy 5,FSM,AttackState,EnemyDuplicate,0.90,58.0,0
39.24,Utility Enemy 8,Utility,AttackAction,EnemyDuplicate,1.00,69.2,0
39.24,Utility Enemy 15,Utility,AttackAction,EnemyDuplicate,1.00,75.0,0
39.24,Utility Enemy 6,Utility,AttackAction,EnemyDuplicate,1.00,22.5,0
39.24,Utility Enemy 1,Utility,AttackAction,EnemyDuplicate,1.00,81.0,0
39.24,Utility Enemy 11,Utility,AttackAction,EnemyDuplicate,1.00,76.1,0
39.24,Utility Enemy 2,Utility,AttackAction,EnemyDuplicate,1.00,94.1,0
39.24,Utility Enemy 5,Utility,AttackAction,EnemyDuplicate,1.00,96.1,0
39.24,Utility Enemy 4,Utility,AttackAction,EnemyDuplicate,1.00,44.1,0
39.24,Utility Enemy 7,Utility,AttackAction,EnemyDuplicate,1.00,83.2,0
39.24,Utility Enemy 3,Utility,AttackAction,EnemyDuplicate,1.00,101.7,0
39.24,Utility Enemy 13,Utility,Dead,EnemyDuplicate,0.00,25.6,0
39.24,Utility Enemy 12,Utility,AttackAction,EnemyDuplicate,1.00,80.0,0
39.24,Utility Enemy 14,Utility,AttackAction,EnemyDuplicate,1.00,87.3,0
39.24,Utility Enemy 10,Utility,AttackAction,EnemyDuplicate,1.00,69.6,0
39.24,Utility Enemy 9,Utility,AttackAction,EnemyDuplicate,1.00,82.7,0
39.74,Player,Player,-,EnemyDuplicate,0.95,,0
39.74,FSM Enemy 4,FSM,AttackState,EnemyDuplicate,1.00,87.4,0
39.74,FSM Enemy 3,FSM,AttackState,EnemyDuplicate,0.80,95.2,0
39.74,FSM Enemy 14,FSM,AttackState,EnemyDuplicate,1.00,106.4,0
39.74,FSM Enemy 13,FSM,AttackState,EnemyDuplicate,0.90,17.4,0
39.74,FSM Enemy 12,FSM,AttackState,EnemyDuplicate,0.80,77.8,0
39.74,FSM Enemy 10,FSM,AttackState,EnemyDuplicate,1.00,90.5,0
39.74,FSM Enemy 7,FSM,AttackState,EnemyDuplicate,1.00,73.8,0
39.74,FSM Enemy 8,FSM,AttackState,EnemyDuplicate,1.00,54.9,0
39.74,FSM Enemy 9,FSM,AttackState,EnemyDuplicate,1.00,63.6,0
39.74,FSM Enemy 2,FSM,AttackState,EnemyDuplicate,1.00,115.4,0
39.74,FSM Enemy 11,FSM,AttackState,EnemyDuplicate,1.00,61.5,0
39.74,FSM Enemy 15,FSM,AttackState,EnemyDuplicate,1.00,31.8,0
39.74,FSM Enemy 1,FSM,AttackState,EnemyDuplicate,1.00,86.2,0
39.74,FSM Enemy 6,FSM,AttackState,EnemyDuplicate,0.70,75.8,0
39.74,FSM Enemy 5,FSM,AttackState,EnemyDuplicate,0.90,58.0,0
39.74,Utility Enemy 8,Utility,AttackAction,EnemyDuplicate,1.00,69.2,0
39.74,Utility Enemy 15,Utility,AttackAction,EnemyDuplicate,1.00,75.0,0
39.74,Utility Enemy 6,Utility,AttackAction,EnemyDuplicate,1.00,22.5,0
39.74,Utility Enemy 1,Utility,AttackAction,EnemyDuplicate,1.00,81.0,0
39.74,Utility Enemy 11,Utility,AttackAction,EnemyDuplicate,1.00,76.1,0
39.74,Utility Enemy 2,Utility,AttackAction,EnemyDuplicate,1.00,94.1,0
39.74,Utility Enemy 5,Utility,AttackAction,EnemyDuplicate,1.00,96.1,0
39.74,Utility Enemy 4,Utility,AttackAction,EnemyDuplicate,1.00,44.1,0
39.74,Utility Enemy 7,Utility,AttackAction,EnemyDuplicate,1.00,83.2,0
39.74,Utility Enemy 3,Utility,AttackAction,EnemyDuplicate,1.00,101.7,0
39.74,Utility Enemy 13,Utility,Dead,EnemyDuplicate,0.00,25.6,0
39.74,Utility Enemy 12,Utility,AttackAction,EnemyDuplicate,1.00,80.0,0
39.74,Utility Enemy 14,Utility,AttackAction,EnemyDuplicate,1.00,87.3,0
39.74,Utility Enemy 10,Utility,AttackAction,EnemyDuplicate,1.00,69.6,0
39.74,Utility Enemy 9,Utility,AttackAction,EnemyDuplicate,1.00,82.7,0
40.24,Player,Player,-,EnemyDuplicate,0.95,,0
40.24,FSM Enemy 4,FSM,AttackState,EnemyDuplicate,1.00,87.4,0
40.24,FSM Enemy 3,FSM,AttackState,EnemyDuplicate,0.80,95.2,0
40.24,FSM Enemy 14,FSM,AttackState,EnemyDuplicate,1.00,106.4,0
40.24,FSM Enemy 13,FSM,AttackState,EnemyDuplicate,0.90,17.4,0
40.24,FSM Enemy 12,FSM,AttackState,EnemyDuplicate,0.80,77.8,0
40.24,FSM Enemy 10,FSM,AttackState,EnemyDuplicate,1.00,90.5,0
40.24,FSM Enemy 7,FSM,AttackState,EnemyDuplicate,1.00,73.8,0
40.24,FSM Enemy 8,FSM,AttackState,EnemyDuplicate,1.00,54.9,0
40.24,FSM Enemy 9,FSM,AttackState,EnemyDuplicate,1.00,63.6,0
40.24,FSM Enemy 2,FSM,AttackState,EnemyDuplicate,1.00,115.4,0
40.24,FSM Enemy 11,FSM,AttackState,EnemyDuplicate,1.00,61.5,0
40.24,FSM Enemy 15,FSM,AttackState,EnemyDuplicate,1.00,31.8,0
40.24,FSM Enemy 1,FSM,AttackState,EnemyDuplicate,1.00,86.2,0
40.24,FSM Enemy 6,FSM,AttackState,EnemyDuplicate,0.70,75.8,0
40.24,FSM Enemy 5,FSM,AttackState,EnemyDuplicate,0.90,58.0,0
40.24,Utility Enemy 8,Utility,AttackAction,EnemyDuplicate,1.00,69.2,0
40.24,Utility Enemy 15,Utility,AttackAction,EnemyDuplicate,1.00,75.0,0
40.24,Utility Enemy 6,Utility,AttackAction,EnemyDuplicate,1.00,22.5,0
40.24,Utility Enemy 1,Utility,AttackAction,EnemyDuplicate,1.00,81.0,0
40.24,Utility Enemy 11,Utility,AttackAction,EnemyDuplicate,1.00,76.1,0
40.24,Utility Enemy 2,Utility,AttackAction,EnemyDuplicate,1.00,94.1,0
40.24,Utility Enemy 5,Utility,AttackAction,EnemyDuplicate,1.00,96.1,0
40.24,Utility Enemy 4,Utility,AttackAction,EnemyDuplicate,1.00,44.1,0
40.24,Utility Enemy 7,Utility,AttackAction,EnemyDuplicate,1.00,83.2,0
40.24,Utility Enemy 3,Utility,AttackAction,EnemyDuplicate,1.00,101.7,0
40.24,Utility Enemy 13,Utility,Dead,EnemyDuplicate,0.00,25.6,0
40.24,Utility Enemy 12,Utility,AttackAction,EnemyDuplicate,1.00,80.0,0
40.24,Utility Enemy 14,Utility,AttackAction,EnemyDuplicate,1.00,87.3,0
40.24,Utility Enemy 10,Utility,AttackAction,EnemyDuplicate,1.00,69.6,0
40.24,Utility Enemy 9,Utility,AttackAction,EnemyDuplicate,1.00,82.7,0
40.74,Player,Player,-,EnemyDuplicate,0.95,,0
40.74,FSM Enemy 4,FSM,AttackState,EnemyDuplicate,1.00,87.4,0
40.74,FSM Enemy 3,FSM,AttackState,EnemyDuplicate,0.80,95.2,0
40.74,FSM Enemy 14,FSM,AttackState,EnemyDuplicate,1.00,106.4,0
40.74,FSM Enemy 13,FSM,AttackState,EnemyDuplicate,0.90,17.4,0
40.74,FSM Enemy 12,FSM,AttackState,EnemyDuplicate,0.80,77.8,0
40.74,FSM Enemy 10,FSM,AttackState,EnemyDuplicate,1.00,90.5,0
40.74,FSM Enemy 7,FSM,AttackState,EnemyDuplicate,1.00,73.8,0
40.74,FSM Enemy 8,FSM,AttackState,EnemyDuplicate,1.00,54.9,0
40.74,FSM Enemy 9,FSM,AttackState,EnemyDuplicate,1.00,63.6,0
40.74,FSM Enemy 2,FSM,AttackState,EnemyDuplicate,1.00,115.4,0
40.74,FSM Enemy 11,FSM,AttackState,EnemyDuplicate,1.00,61.5,0
40.74,FSM Enemy 15,FSM,AttackState,EnemyDuplicate,1.00,31.8,0
40.74,FSM Enemy 1,FSM,AttackState,EnemyDuplicate,1.00,86.2,0
40.74,FSM Enemy 6,FSM,AttackState,EnemyDuplicate,0.70,75.8,0
40.74,FSM Enemy 5,FSM,AttackState,EnemyDuplicate,0.90,58.0,0
40.74,Utility Enemy 8,Utility,AttackAction,EnemyDuplicate,1.00,69.2,0
40.74,Utility Enemy 15,Utility,AttackAction,EnemyDuplicate,1.00,75.0,0
40.74,Utility Enemy 6,Utility,AttackAction,EnemyDuplicate,1.00,22.5,0
40.74,Utility Enemy 1,Utility,AttackAction,EnemyDuplicate,1.00,81.0,0
40.74,Utility Enemy 11,Utility,AttackAction,EnemyDuplicate,1.00,76.1,0
40.74,Utility Enemy 2,Utility,AttackAction,EnemyDuplicate,1.00,94.1,0
40.74,Utility Enemy 5,Utility,AttackAction,EnemyDuplicate,1.00,96.1,0
40.74,Utility Enemy 4,Utility,AttackAction,EnemyDuplicate,1.00,44.1,0
40.74,Utility Enemy 7,Utility,AttackAction,EnemyDuplicate,1.00,83.2,0
40.74,Utility Enemy 3,Utility,AttackAction,EnemyDuplicate,1.00,101.7,0
40.74,Utility Enemy 13,Utility,Dead,EnemyDuplicate,0.00,25.6,0
40.74,Utility Enemy 12,Utility,AttackAction,EnemyDuplicate,1.00,80.0,0
40.74,Utility Enemy 14,Utility,AttackAction,EnemyDuplicate,1.00,87.3,0
40.74,Utility Enemy 10,Utility,AttackAction,EnemyDuplicate,1.00,69.6,0
40.74,Utility Enemy 9,Utility,AttackAction,EnemyDuplicate,1.00,82.7,0
41.25,Player,Player,-,EnemyDuplicate,0.95,,0
41.25,FSM Enemy 4,FSM,AttackState,EnemyDuplicate,1.00,87.4,0
41.25,FSM Enemy 3,FSM,AttackState,EnemyDuplicate,0.80,95.2,0
41.25,FSM Enemy 14,FSM,AttackState,EnemyDuplicate,1.00,106.4,0
41.25,FSM Enemy 13,FSM,AttackState,EnemyDuplicate,0.90,17.4,0
41.25,FSM Enemy 12,FSM,AttackState,EnemyDuplicate,0.80,77.8,0
41.25,FSM Enemy 10,FSM,AttackState,EnemyDuplicate,1.00,90.5,0
41.25,FSM Enemy 7,FSM,AttackState,EnemyDuplicate,1.00,73.8,0
41.25,FSM Enemy 8,FSM,AttackState,EnemyDuplicate,1.00,54.9,0
41.25,FSM Enemy 9,FSM,AttackState,EnemyDuplicate,1.00,63.6,0
41.25,FSM Enemy 2,FSM,AttackState,EnemyDuplicate,1.00,115.4,0
41.25,FSM Enemy 11,FSM,AttackState,EnemyDuplicate,1.00,61.5,0
41.25,FSM Enemy 15,FSM,AttackState,EnemyDuplicate,1.00,31.8,0
41.25,FSM Enemy 1,FSM,AttackState,EnemyDuplicate,1.00,86.2,0
41.25,FSM Enemy 6,FSM,AttackState,EnemyDuplicate,0.70,75.8,0
41.25,FSM Enemy 5,FSM,AttackState,EnemyDuplicate,0.90,58.0,0
41.25,Utility Enemy 8,Utility,AttackAction,EnemyDuplicate,1.00,69.2,0
41.25,Utility Enemy 15,Utility,AttackAction,EnemyDuplicate,1.00,75.0,0
41.25,Utility Enemy 6,Utility,AttackAction,EnemyDuplicate,1.00,22.5,0
41.25,Utility Enemy 1,Utility,AttackAction,EnemyDuplicate,1.00,81.0,0
41.25,Utility Enemy 11,Utility,AttackAction,EnemyDuplicate,1.00,76.1,0
41.25,Utility Enemy 2,Utility,AttackAction,EnemyDuplicate,1.00,94.1,0
41.25,Utility Enemy 5,Utility,AttackAction,EnemyDuplicate,1.00,96.1,0
41.25,Utility Enemy 4,Utility,AttackAction,EnemyDuplicate,1.00,44.1,0
41.25,Utility Enemy 7,Utility,AttackAction,EnemyDuplicate,1.00,83.2,0
41.25,Utility Enemy 3,Utility,AttackAction,EnemyDuplicate,1.00,101.7,0
41.25,Utility Enemy 13,Utility,Dead,EnemyDuplicate,0.00,25.6,0
41.25,Utility Enemy 12,Utility,AttackAction,EnemyDuplicate,1.00,80.0,0
41.25,Utility Enemy 14,Utility,AttackAction,EnemyDuplicate,1.00,87.3,0
41.25,Utility Enemy 10,Utility,AttackAction,EnemyDuplicate,1.00,69.6,0
41.25,Utility Enemy 9,Utility,AttackAction,EnemyDuplicate,1.00,82.7,0
41.75,Player,Player,-,EnemyDuplicate,0.95,,0
41.75,FSM Enemy 4,FSM,AttackState,EnemyDuplicate,1.00,87.4,0
41.75,FSM Enemy 3,FSM,AttackState,EnemyDuplicate,0.80,95.2,0
41.75,FSM Enemy 14,FSM,AttackState,EnemyDuplicate,1.00,106.4,0
41.75,FSM Enemy 13,FSM,AttackState,EnemyDuplicate,0.90,17.4,0
41.75,FSM Enemy 12,FSM,AttackState,EnemyDuplicate,0.80,77.8,0
41.75,FSM Enemy 10,FSM,AttackState,EnemyDuplicate,1.00,90.5,0
41.75,FSM Enemy 7,FSM,AttackState,EnemyDuplicate,1.00,73.8,0
41.75,FSM Enemy 8,FSM,AttackState,EnemyDuplicate,1.00,54.9,0
41.75,FSM Enemy 9,FSM,AttackState,EnemyDuplicate,1.00,63.6,0
41.75,FSM Enemy 2,FSM,AttackState,EnemyDuplicate,1.00,115.4,0
41.75,FSM Enemy 11,FSM,AttackState,EnemyDuplicate,1.00,61.5,0
41.75,FSM Enemy 15,FSM,AttackState,EnemyDuplicate,1.00,31.8,0
41.75,FSM Enemy 1,FSM,AttackState,EnemyDuplicate,1.00,86.2,0
41.75,FSM Enemy 6,FSM,AttackState,EnemyDuplicate,0.70,75.8,0
41.75,FSM Enemy 5,FSM,AttackState,EnemyDuplicate,0.90,58.0,0
41.75,Utility Enemy 8,Utility,AttackAction,EnemyDuplicate,1.00,69.2,0
41.75,Utility Enemy 15,Utility,AttackAction,EnemyDuplicate,1.00,75.0,0
41.75,Utility Enemy 6,Utility,AttackAction,EnemyDuplicate,1.00,22.5,0
41.75,Utility Enemy 1,Utility,AttackAction,EnemyDuplicate,1.00,81.0,0
41.75,Utility Enemy 11,Utility,AttackAction,EnemyDuplicate,1.00,76.1,0
41.75,Utility Enemy 2,Utility,AttackAction,EnemyDuplicate,1.00,94.1,0
41.75,Utility Enemy 5,Utility,AttackAction,EnemyDuplicate,1.00,96.1,0
41.75,Utility Enemy 4,Utility,AttackAction,EnemyDuplicate,1.00,44.1,0
41.75,Utility Enemy 7,Utility,AttackAction,EnemyDuplicate,1.00,83.2,0
41.75,Utility Enemy 3,Utility,AttackAction,EnemyDuplicate,1.00,101.7,0
41.75,Utility Enemy 13,Utility,Dead,EnemyDuplicate,0.00,25.6,0
41.75,Utility Enemy 12,Utility,AttackAction,EnemyDuplicate,1.00,80.0,0
41.75,Utility Enemy 14,Utility,AttackAction,EnemyDuplicate,1.00,87.3,0
41.75,Utility Enemy 10,Utility,AttackAction,EnemyDuplicate,1.00,69.6,0
41.75,Utility Enemy 9,Utility,AttackAction,EnemyDuplicate,1.00,82.7,0
42.25,Player,Player,-,EnemyDuplicate,0.95,,0
42.25,FSM Enemy 4,FSM,AttackState,EnemyDuplicate,1.00,87.4,0
42.25,FSM Enemy 3,FSM,AttackState,EnemyDuplicate,0.80,95.2,0
42.25,FSM Enemy 14,FSM,AttackState,EnemyDuplicate,1.00,106.4,0
42.25,FSM Enemy 13,FSM,AttackState,EnemyDuplicate,0.90,17.4,0
42.25,FSM Enemy 12,FSM,AttackState,EnemyDuplicate,0.80,77.8,0
42.25,FSM Enemy 10,FSM,AttackState,EnemyDuplicate,1.00,90.5,0
42.25,FSM Enemy 7,FSM,AttackState,EnemyDuplicate,1.00,73.8,0
42.25,FSM Enemy 8,FSM,AttackState,EnemyDuplicate,1.00,54.9,0
42.25,FSM Enemy 9,FSM,AttackState,EnemyDuplicate,1.00,63.6,0
42.25,FSM Enemy 2,FSM,AttackState,EnemyDuplicate,1.00,115.4,0
42.25,FSM Enemy 11,FSM,AttackState,EnemyDuplicate,1.00,61.5,0
42.25,FSM Enemy 15,FSM,AttackState,EnemyDuplicate,1.00,31.8,0
42.25,FSM Enemy 1,FSM,AttackState,EnemyDuplicate,1.00,86.2,0
42.25,FSM Enemy 6,FSM,AttackState,EnemyDuplicate,0.70,75.8,0
42.25,FSM Enemy 5,FSM,AttackState,EnemyDuplicate,0.90,58.0,0
42.25,Utility Enemy 8,Utility,AttackAction,EnemyDuplicate,1.00,69.2,0
42.25,Utility Enemy 15,Utility,AttackAction,EnemyDuplicate,1.00,75.0,0
42.25,Utility Enemy 6,Utility,AttackAction,EnemyDuplicate,1.00,22.5,0
42.25,Utility Enemy 1,Utility,AttackAction,EnemyDuplicate,1.00,81.0,0
42.25,Utility Enemy 11,Utility,AttackAction,EnemyDuplicate,1.00,76.1,0
42.25,Utility Enemy 2,Utility,AttackAction,EnemyDuplicate,1.00,94.1,0
42.25,Utility Enemy 5,Utility,AttackAction,EnemyDuplicate,1.00,96.1,0
42.25,Utility Enemy 4,Utility,AttackAction,EnemyDuplicate,1.00,44.1,0
42.25,Utility Enemy 7,Utility,AttackAction,EnemyDuplicate,1.00,83.2,0
42.25,Utility Enemy 3,Utility,AttackAction,EnemyDuplicate,1.00,101.7,0
42.25,Utility Enemy 13,Utility,Dead,EnemyDuplicate,0.00,25.6,0
42.25,Utility Enemy 12,Utility,AttackAction,EnemyDuplicate,1.00,80.0,0
42.25,Utility Enemy 14,Utility,AttackAction,EnemyDuplicate,1.00,87.3,0
42.25,Utility Enemy 10,Utility,AttackAction,EnemyDuplicate,1.00,69.6,0
42.25,Utility Enemy 9,Utility,AttackAction,EnemyDuplicate,1.00,82.7,0
42.76,Player,Player,-,GravityFlip,0.95,,0
42.76,FSM Enemy 4,FSM,TakeCoverState,GravityFlip,1.00,87.4,0
42.76,FSM Enemy 3,FSM,TakeCoverState,GravityFlip,0.80,95.2,0
42.76,FSM Enemy 14,FSM,TakeCoverState,GravityFlip,1.00,106.3,0
42.76,FSM Enemy 13,FSM,TakeCoverState,GravityFlip,0.90,17.5,0
42.76,FSM Enemy 12,FSM,TakeCoverState,GravityFlip,0.80,77.7,0
42.76,FSM Enemy 10,FSM,TakeCoverState,GravityFlip,1.00,90.6,0
42.76,FSM Enemy 7,FSM,TakeCoverState,GravityFlip,1.00,73.7,0
42.76,FSM Enemy 8,FSM,TakeCoverState,GravityFlip,1.00,55.0,0
42.76,FSM Enemy 9,FSM,TakeCoverState,GravityFlip,1.00,63.7,0
42.76,FSM Enemy 2,FSM,TakeCoverState,GravityFlip,1.00,115.5,0
42.76,FSM Enemy 11,FSM,TakeCoverState,GravityFlip,1.00,61.5,0
42.76,FSM Enemy 15,FSM,TakeCoverState,GravityFlip,1.00,31.6,0
42.76,FSM Enemy 1,FSM,TakeCoverState,GravityFlip,1.00,86.1,0
42.76,FSM Enemy 6,FSM,TakeCoverState,GravityFlip,0.70,75.8,0
42.76,FSM Enemy 5,FSM,TakeCoverState,GravityFlip,0.90,58.0,0
42.76,Utility Enemy 8,Utility,AttackAction,GravityFlip,1.00,69.2,0
42.76,Utility Enemy 15,Utility,AttackAction,GravityFlip,1.00,75.0,0
42.76,Utility Enemy 6,Utility,AttackAction,GravityFlip,1.00,22.5,0
42.76,Utility Enemy 1,Utility,AttackAction,GravityFlip,1.00,81.0,0
42.76,Utility Enemy 11,Utility,TakeCoverAction,GravityFlip,1.00,76.1,0
42.76,Utility Enemy 2,Utility,AttackAction,GravityFlip,1.00,94.1,0
42.76,Utility Enemy 5,Utility,AttackAction,GravityFlip,1.00,96.1,0
42.76,Utility Enemy 4,Utility,AttackAction,GravityFlip,1.00,44.1,0
42.76,Utility Enemy 7,Utility,AttackAction,GravityFlip,1.00,83.2,0
42.76,Utility Enemy 3,Utility,AttackAction,GravityFlip,1.00,101.7,0
42.76,Utility Enemy 13,Utility,Dead,GravityFlip,0.00,25.6,0
42.76,Utility Enemy 12,Utility,AttackAction,GravityFlip,1.00,80.0,0
42.76,Utility Enemy 14,Utility,AttackAction,GravityFlip,1.00,87.3,0
42.76,Utility Enemy 10,Utility,AttackAction,GravityFlip,1.00,69.6,0
42.76,Utility Enemy 9,Utility,AttackAction,GravityFlip,1.00,82.7,0
43.26,Player,Player,-,GravityFlip,0.95,,0
43.26,FSM Enemy 4,FSM,TakeCoverState,GravityFlip,1.00,87.4,0
43.26,FSM Enemy 3,FSM,TakeCoverState,GravityFlip,0.80,95.2,0
43.26,FSM Enemy 14,FSM,TakeCoverState,GravityFlip,1.00,105.6,0
43.26,FSM Enemy 13,FSM,TakeCoverState,GravityFlip,0.90,18.9,0
43.26,FSM Enemy 12,FSM,TakeCoverState,GravityFlip,0.80,77.2,0
43.26,FSM Enemy 10,FSM,TakeCoverState,GravityFlip,1.00,92.5,0
43.26,FSM Enemy 7,FSM,TakeCoverState,GravityFlip,1.00,72.6,0
43.26,FSM Enemy 8,FSM,TakeCoverState,GravityFlip,1.00,56.6,0
43.26,FSM Enemy 9,FSM,TakeCoverState,GravityFlip,1.00,65.5,0
43.26,FSM Enemy 2,FSM,TakeCoverState,GravityFlip,1.00,117.3,0
43.26,FSM Enemy 11,FSM,TakeCoverState,GravityFlip,1.00,62.3,0
43.26,FSM Enemy 15,FSM,TakeCoverState,GravityFlip,1.00,29.9,0
43.26,FSM Enemy 1,FSM,TakeCoverState,GravityFlip,1.00,84.9,0
43.26,FSM Enemy 6,FSM,TakeCoverState,GravityFlip,0.70,74.4,0
43.26,FSM Enemy 5,FSM,TakeCoverState,GravityFlip,0.90,58.2,0
43.26,Utility Enemy 8,Utility,TakeCoverAction,GravityFlip,1.00,69.2,0
43.26,Utility Enemy 15,Utility,TakeCoverAction,GravityFlip,1.00,75.0,0
43.26,Utility Enemy 6,Utility,TakeCoverAction,GravityFlip,1.00,23.4,0
43.26,Utility Enemy 1,Utility,TakeCoverAction,GravityFlip,1.00,81.0,0
43.26,Utility Enemy 11,Utility,TakeCoverAction,GravityFlip,1.00,76.1,0
43.26,Utility Enemy 2,Utility,TakeCoverAction,GravityFlip,1.00,94.1,0
43.26,Utility Enemy 5,Utility,TakeCoverAction,GravityFlip,1.00,96.1,0
43.26,Utility Enemy 4,Utility,TakeCoverAction,GravityFlip,1.00,44.1,0
43.26,Utility Enemy 7,Utility,TakeCoverAction,GravityFlip,1.00,83.2,0
43.26,Utility Enemy 3,Utility,TakeCoverAction,GravityFlip,1.00,101.7,0
43.26,Utility Enemy 13,Utility,Dead,GravityFlip,0.00,25.6,0
43.26,Utility Enemy 12,Utility,TakeCoverAction,GravityFlip,1.00,80.0,0
43.26,Utility Enemy 14,Utility,TakeCoverAction,GravityFlip,1.00,87.3,0
43.26,Utility Enemy 10,Utility,TakeCoverAction,GravityFlip,1.00,69.6,0
43.26,Utility Enemy 9,Utility,TakeCoverAction,GravityFlip,1.00,82.7,0
43.77,Player,Player,-,GravityFlip,0.95,,0
43.77,FSM Enemy 4,FSM,TakeCoverState,GravityFlip,1.00,87.4,0
43.77,FSM Enemy 3,FSM,TakeCoverState,GravityFlip,0.80,95.2,0
43.77,FSM Enemy 14,FSM,TakeCoverState,GravityFlip,1.00,104.7,0
43.77,FSM Enemy 13,FSM,TakeCoverState,GravityFlip,0.90,20.6,0
43.77,FSM Enemy 12,FSM,TakeCoverState,GravityFlip,0.80,77.0,0
43.77,FSM Enemy 10,FSM,TakeCoverState,GravityFlip,1.00,94.6,0
43.77,FSM Enemy 7,FSM,TakeCoverState,GravityFlip,1.00,71.4,0
43.77,FSM Enemy 8,FSM,TakeCoverState,GravityFlip,1.00,56.9,0
43.77,FSM Enemy 9,FSM,TakeCoverState,GravityFlip,1.00,67.2,0
43.77,FSM Enemy 2,FSM,TakeCoverState,GravityFlip,1.00,118.7,0
43.77,FSM Enemy 11,FSM,TakeCoverState,GravityFlip,1.00,62.3,0
43.77,FSM Enemy 15,FSM,TakeCoverState,GravityFlip,1.00,27.9,0
43.77,FSM Enemy 1,FSM,TakeCoverState,GravityFlip,1.00,84.5,0
43.77,FSM Enemy 6,FSM,TakeCoverState,GravityFlip,0.70,73.4,0
43.77,FSM Enemy 5,FSM,TakeCoverState,GravityFlip,0.90,58.2,0
43.77,Utility Enemy 8,Utility,TakeCoverAction,GravityFlip,1.00,69.2,0
43.77,Utility Enemy 15,Utility,TakeCoverAction,GravityFlip,1.00,75.0,0
43.77,Utility Enemy 6,Utility,TakeCoverAction,GravityFlip,1.00,23.7,0
43.77,Utility Enemy 1,Utility,TakeCoverAction,GravityFlip,1.00,81.0,0
43.77,Utility Enemy 11,Utility,TakeCoverAction,GravityFlip,1.00,76.1,0
43.77,Utility Enemy 2,Utility,TakeCoverAction,GravityFlip,1.00,94.1,0
43.77,Utility Enemy 5,Utility,TakeCoverAction,GravityFlip,1.00,96.1,0
43.77,Utility Enemy 4,Utility,TakeCoverAction,GravityFlip,1.00,44.1,0
43.77,Utility Enemy 7,Utility,TakeCoverAction,GravityFlip,1.00,83.2,0
43.77,Utility Enemy 3,Utility,TakeCoverAction,GravityFlip,1.00,101.7,0
43.77,Utility Enemy 13,Utility,Dead,GravityFlip,0.00,25.6,0
43.77,Utility Enemy 12,Utility,TakeCoverAction,GravityFlip,1.00,80.0,0
43.77,Utility Enemy 14,Utility,TakeCoverAction,GravityFlip,1.00,87.3,0
43.77,Utility Enemy 10,Utility,TakeCoverAction,GravityFlip,1.00,69.6,0
43.77,Utility Enemy 9,Utility,TakeCoverAction,GravityFlip,1.00,82.7,0
44.27,Player,Player,-,GravityFlip,0.95,,0
44.27,FSM Enemy 4,FSM,TakeCoverState,GravityFlip,1.00,87.4,0
44.27,FSM Enemy 3,FSM,TakeCoverState,GravityFlip,0.80,95.2,0
44.27,FSM Enemy 14,FSM,TakeCoverState,GravityFlip,1.00,104.1,0
44.27,FSM Enemy 13,FSM,TakeCoverState,GravityFlip,0.90,22.2,0
44.27,FSM Enemy 12,FSM,TakeCoverState,GravityFlip,0.80,77.0,0
44.27,FSM Enemy 10,FSM,TakeCoverState,GravityFlip,1.00,95.4,0
44.27,FSM Enemy 7,FSM,TakeCoverState,GravityFlip,1.00,70.4,0
44.27,FSM Enemy 8,FSM,TakeCoverState,GravityFlip,1.00,56.9,0
44.27,FSM Enemy 9,FSM,TakeCoverState,GravityFlip,1.00,67.2,0
44.27,FSM Enemy 2,FSM,TakeCoverState,GravityFlip,1.00,118.3,0
44.27,FSM Enemy 11,FSM,TakeCoverState,GravityFlip,1.00,62.3,0
44.27,FSM Enemy 15,FSM,TakeCoverState,GravityFlip,1.00,26.0,0
44.27,FSM Enemy 1,FSM,TakeCoverState,GravityFlip,1.00,84.5,0
44.27,FSM Enemy 6,FSM,TakeCoverState,GravityFlip,0.70,73.4,0
44.27,FSM Enemy 5,FSM,TakeCoverState,GravityFlip,0.90,58.2,0
44.27,Utility Enemy 8,Utility,TakeCoverAction,GravityFlip,1.00,69.2,0
44.27,Utility Enemy 15,Utility,TakeCoverAction,GravityFlip,1.00,75.0,0
44.27,Utility Enemy 6,Utility,TakeCoverAction,GravityFlip,1.00,23.7,0
44.27,Utility Enemy 1,Utility,TakeCoverAction,GravityFlip,1.00,81.0,0
44.27,Utility Enemy 11,Utility,TakeCoverAction,GravityFlip,1.00,76.1,0
44.27,Utility Enemy 2,Utility,TakeCoverAction,GravityFlip,1.00,94.1,0
44.27,Utility Enemy 5,Utility,TakeCoverAction,GravityFlip,1.00,96.1,0
44.27,Utility Enemy 4,Utility,TakeCoverAction,GravityFlip,1.00,44.1,0
44.27,Utility Enemy 7,Utility,TakeCoverAction,GravityFlip,1.00,83.2,0
44.27,Utility Enemy 3,Utility,TakeCoverAction,GravityFlip,1.00,101.7,0
44.27,Utility Enemy 13,Utility,Dead,GravityFlip,0.00,25.6,0
44.27,Utility Enemy 12,Utility,TakeCoverAction,GravityFlip,1.00,80.0,0
44.27,Utility Enemy 14,Utility,TakeCoverAction,GravityFlip,1.00,87.3,0
44.27,Utility Enemy 10,Utility,TakeCoverAction,GravityFlip,1.00,69.6,0
44.27,Utility Enemy 9,Utility,TakeCoverAction,GravityFlip,1.00,82.7,0
44.77,Player,Player,-,GravityFlip,0.95,,0
44.77,FSM Enemy 4,FSM,TakeCoverState,GravityFlip,1.00,87.4,0
44.77,FSM Enemy 3,FSM,TakeCoverState,GravityFlip,0.80,95.2,0
44.77,FSM Enemy 14,FSM,TakeCoverState,GravityFlip,1.00,104.1,0
44.77,FSM Enemy 13,FSM,TakeCoverState,GravityFlip,0.90,22.5,0
44.77,FSM Enemy 12,FSM,TakeCoverState,GravityFlip,0.80,77.0,0
44.77,FSM Enemy 10,FSM,TakeCoverState,GravityFlip,1.00,95.4,0
44.77,FSM Enemy 7,FSM,TakeCoverState,GravityFlip,1.00,70.4,0
44.77,FSM Enemy 8,FSM,TakeCoverState,GravityFlip,1.00,56.9,0
44.77,FSM Enemy 9,FSM,TakeCoverState,GravityFlip,1.00,67.2,0
44.77,FSM Enemy 2,FSM,TakeCoverState,GravityFlip,1.00,117.1,0
44.77,FSM Enemy 11,FSM,TakeCoverState,GravityFlip,1.00,62.3,0
44.77,FSM Enemy 15,FSM,TakeCoverState,GravityFlip,1.00,24.6,0
44.77,FSM Enemy 1,FSM,TakeCoverState,GravityFlip,1.00,84.5,0
44.77,FSM Enemy 6,FSM,TakeCoverState,GravityFlip,0.70,73.4,0
44.77,FSM Enemy 5,FSM,TakeCoverState,GravityFlip,0.90,58.2,0
44.77,Utility Enemy 8,Utility,TakeCoverAction,GravityFlip,1.00,69.2,0
44.77,Utility Enemy 15,Utility,TakeCoverAction,GravityFlip,1.00,75.0,0
44.77,Utility Enemy 6,Utility,TakeCoverAction,GravityFlip,1.00,23.7,0
44.77,Utility Enemy 1,Utility,TakeCoverAction,GravityFlip,1.00,81.0,0
44.77,Utility Enemy 11,Utility,TakeCoverAction,GravityFlip,1.00,76.1,0
44.77,Utility Enemy 2,Utility,TakeCoverAction,GravityFlip,1.00,94.1,0
44.77,Utility Enemy 5,Utility,TakeCoverAction,GravityFlip,1.00,96.1,0
44.77,Utility Enemy 4,Utility,TakeCoverAction,GravityFlip,1.00,44.1,0
44.77,Utility Enemy 7,Utility,TakeCoverAction,GravityFlip,1.00,83.2,0
44.77,Utility Enemy 3,Utility,TakeCoverAction,GravityFlip,1.00,101.7,0
44.77,Utility Enemy 13,Utility,Dead,GravityFlip,0.00,25.6,0
44.77,Utility Enemy 12,Utility,TakeCoverAction,GravityFlip,1.00,80.0,0
44.77,Utility Enemy 14,Utility,TakeCoverAction,GravityFlip,1.00,87.3,0
44.77,Utility Enemy 10,Utility,TakeCoverAction,GravityFlip,1.00,69.6,0
44.77,Utility Enemy 9,Utility,TakeCoverAction,GravityFlip,1.00,82.7,0
45.27,Player,Player,-,GravityFlip,0.95,,0
45.27,FSM Enemy 4,FSM,TakeCoverState,GravityFlip,1.00,87.4,0
45.27,FSM Enemy 3,FSM,TakeCoverState,GravityFlip,0.80,95.2,0
45.27,FSM Enemy 14,FSM,TakeCoverState,GravityFlip,1.00,104.1,0
45.27,FSM Enemy 13,FSM,TakeCoverState,GravityFlip,0.90,22.5,0
45.27,FSM Enemy 12,FSM,TakeCoverState,GravityFlip,0.80,77.0,0
45.27,FSM Enemy 10,FSM,TakeCoverState,GravityFlip,1.00,95.4,0
45.27,FSM Enemy 7,FSM,TakeCoverState,GravityFlip,1.00,70.4,0
45.27,FSM Enemy 8,FSM,TakeCoverState,GravityFlip,1.00,56.9,0
45.27,FSM Enemy 9,FSM,TakeCoverState,GravityFlip,1.00,67.2,0
45.27,FSM Enemy 2,FSM,TakeCoverState,GravityFlip,1.00,115.8,0
45.27,FSM Enemy 11,FSM,TakeCoverState,GravityFlip,1.00,62.3,0
45.27,FSM Enemy 15,FSM,TakeCoverState,GravityFlip,1.00,24.6,0
45.27,FSM Enemy 1,FSM,TakeCoverState,GravityFlip,1.00,84.5,0
45.27,FSM Enemy 6,FSM,TakeCoverState,GravityFlip,0.70,73.4,0
45.27,FSM Enemy 5,FSM,TakeCoverState,GravityFlip,0.90,58.2,0
45.27,Utility Enemy 8,Utility,TakeCoverAction,GravityFlip,1.00,69.2,0
45.27,Utility Enemy 15,Utility,TakeCoverAction,GravityFlip,1.00,75.0,0
45.27,Utility Enemy 6,Utility,TakeCoverAction,GravityFlip,1.00,23.7,0
45.27,Utility Enemy 1,Utility,TakeCoverAction,GravityFlip,1.00,81.0,0
45.27,Utility Enemy 11,Utility,TakeCoverAction,GravityFlip,1.00,76.1,0
45.27,Utility Enemy 2,Utility,TakeCoverAction,GravityFlip,1.00,94.1,0
45.27,Utility Enemy 5,Utility,TakeCoverAction,GravityFlip,1.00,96.1,0
45.27,Utility Enemy 4,Utility,TakeCoverAction,GravityFlip,1.00,44.1,0
45.27,Utility Enemy 7,Utility,TakeCoverAction,GravityFlip,1.00,83.2,0
45.27,Utility Enemy 3,Utility,TakeCoverAction,GravityFlip,1.00,101.7,0
45.27,Utility Enemy 13,Utility,Dead,GravityFlip,0.00,25.6,0
45.27,Utility Enemy 12,Utility,TakeCoverAction,GravityFlip,1.00,80.0,0
45.27,Utility Enemy 14,Utility,TakeCoverAction,GravityFlip,1.00,87.3,0
45.27,Utility Enemy 10,Utility,TakeCoverAction,GravityFlip,1.00,69.6,0
45.27,Utility Enemy 9,Utility,TakeCoverAction,GravityFlip,1.00,82.7,0
45.78,Player,Player,-,GravityFlip,0.95,,0
45.78,FSM Enemy 4,FSM,TakeCoverState,GravityFlip,1.00,87.4,0
45.78,FSM Enemy 3,FSM,TakeCoverState,GravityFlip,0.80,95.2,0
45.78,FSM Enemy 14,FSM,TakeCoverState,GravityFlip,1.00,104.1,0
45.78,FSM Enemy 13,FSM,TakeCoverState,GravityFlip,0.90,22.5,0
45.78,FSM Enemy 12,FSM,TakeCoverState,GravityFlip,0.80,77.0,0
45.78,FSM Enemy 10,FSM,TakeCoverState,GravityFlip,1.00,95.4,0
45.78,FSM Enemy 7,FSM,TakeCoverState,GravityFlip,1.00,70.4,0
45.78,FSM Enemy 8,FSM,TakeCoverState,GravityFlip,1.00,56.9,0
45.78,FSM Enemy 9,FSM,TakeCoverState,GravityFlip,1.00,67.2,0
45.78,FSM Enemy 2,FSM,TakeCoverState,GravityFlip,1.00,115.8,0
45.78,FSM Enemy 11,FSM,TakeCoverState,GravityFlip,1.00,62.3,0
45.78,FSM Enemy 15,FSM,TakeCoverState,GravityFlip,1.00,24.6,0
45.78,FSM Enemy 1,FSM,TakeCoverState,GravityFlip,1.00,84.5,0
45.78,FSM Enemy 6,FSM,TakeCoverState,GravityFlip,0.70,73.4,0
45.78,FSM Enemy 5,FSM,TakeCoverState,GravityFlip,0.90,58.2,0
45.78,Utility Enemy 8,Utility,TakeCoverAction,GravityFlip,1.00,69.2,0
45.78,Utility Enemy 15,Utility,TakeCoverAction,GravityFlip,1.00,75.0,0
45.78,Utility Enemy 6,Utility,TakeCoverAction,GravityFlip,1.00,23.7,0
45.78,Utility Enemy 1,Utility,TakeCoverAction,GravityFlip,1.00,81.0,0
45.78,Utility Enemy 11,Utility,TakeCoverAction,GravityFlip,1.00,76.1,0
45.78,Utility Enemy 2,Utility,TakeCoverAction,GravityFlip,1.00,94.1,0
45.78,Utility Enemy 5,Utility,TakeCoverAction,GravityFlip,1.00,96.1,0
45.78,Utility Enemy 4,Utility,TakeCoverAction,GravityFlip,1.00,44.1,0
45.78,Utility Enemy 7,Utility,TakeCoverAction,GravityFlip,1.00,83.2,0
45.78,Utility Enemy 3,Utility,TakeCoverAction,GravityFlip,1.00,101.7,0
45.78,Utility Enemy 13,Utility,Dead,GravityFlip,0.00,25.6,0
45.78,Utility Enemy 12,Utility,TakeCoverAction,GravityFlip,1.00,80.0,0
45.78,Utility Enemy 14,Utility,TakeCoverAction,GravityFlip,1.00,87.3,0
45.78,Utility Enemy 10,Utility,TakeCoverAction,GravityFlip,1.00,69.6,0
45.78,Utility Enemy 9,Utility,TakeCoverAction,GravityFlip,1.00,82.7,0
46.28,Player,Player,-,GravityFlip,0.95,,0
46.28,FSM Enemy 4,FSM,TakeCoverState,GravityFlip,1.00,87.4,0
46.28,FSM Enemy 3,FSM,TakeCoverState,GravityFlip,0.80,95.2,0
46.28,FSM Enemy 14,FSM,TakeCoverState,GravityFlip,1.00,104.1,0
46.28,FSM Enemy 13,FSM,TakeCoverState,GravityFlip,0.90,22.5,0
46.28,FSM Enemy 12,FSM,TakeCoverState,GravityFlip,0.80,77.0,0
46.28,FSM Enemy 10,FSM,TakeCoverState,GravityFlip,1.00,95.4,0
46.28,FSM Enemy 7,FSM,TakeCoverState,GravityFlip,1.00,70.4,0
46.28,FSM Enemy 8,FSM,TakeCoverState,GravityFlip,1.00,56.9,0
46.28,FSM Enemy 9,FSM,TakeCoverState,GravityFlip,1.00,67.2,0
46.28,FSM Enemy 2,FSM,TakeCoverState,GravityFlip,1.00,115.8,0
46.28,FSM Enemy 11,FSM,TakeCoverState,GravityFlip,1.00,62.3,0
46.28,FSM Enemy 15,FSM,TakeCoverState,GravityFlip,1.00,24.6,0
46.28,FSM Enemy 1,FSM,TakeCoverState,GravityFlip,1.00,84.5,0
46.28,FSM Enemy 6,FSM,TakeCoverState,GravityFlip,0.70,73.4,0
46.28,FSM Enemy 5,FSM,TakeCoverState,GravityFlip,0.90,58.2,0
46.28,Utility Enemy 8,Utility,TakeCoverAction,GravityFlip,1.00,69.2,0
46.28,Utility Enemy 15,Utility,TakeCoverAction,GravityFlip,1.00,75.0,0
46.28,Utility Enemy 6,Utility,TakeCoverAction,GravityFlip,1.00,23.7,0
46.28,Utility Enemy 1,Utility,TakeCoverAction,GravityFlip,1.00,81.0,0
46.28,Utility Enemy 11,Utility,TakeCoverAction,GravityFlip,1.00,76.1,0
46.28,Utility Enemy 2,Utility,TakeCoverAction,GravityFlip,1.00,94.1,0
46.28,Utility Enemy 5,Utility,TakeCoverAction,GravityFlip,1.00,96.1,0
46.28,Utility Enemy 4,Utility,TakeCoverAction,GravityFlip,1.00,44.1,0
46.28,Utility Enemy 7,Utility,TakeCoverAction,GravityFlip,1.00,83.2,0
46.28,Utility Enemy 3,Utility,TakeCoverAction,GravityFlip,1.00,101.7,0
46.28,Utility Enemy 13,Utility,Dead,GravityFlip,0.00,25.6,0
46.28,Utility Enemy 12,Utility,TakeCoverAction,GravityFlip,1.00,80.0,0
46.28,Utility Enemy 14,Utility,TakeCoverAction,GravityFlip,1.00,87.3,0
46.28,Utility Enemy 10,Utility,TakeCoverAction,GravityFlip,1.00,69.6,0
46.28,Utility Enemy 9,Utility,TakeCoverAction,GravityFlip,1.00,82.7,0
46.78,Player,Player,-,GravityFlip,0.95,,0
46.78,FSM Enemy 4,FSM,TakeCoverState,GravityFlip,1.00,87.4,0
46.78,FSM Enemy 3,FSM,TakeCoverState,GravityFlip,0.80,95.2,0
46.78,FSM Enemy 14,FSM,TakeCoverState,GravityFlip,1.00,104.1,0
46.78,FSM Enemy 13,FSM,TakeCoverState,GravityFlip,0.90,22.5,0
46.78,FSM Enemy 12,FSM,TakeCoverState,GravityFlip,0.80,77.0,0
46.78,FSM Enemy 10,FSM,TakeCoverState,GravityFlip,1.00,95.4,0
46.78,FSM Enemy 7,FSM,TakeCoverState,GravityFlip,1.00,70.4,0
46.78,FSM Enemy 8,FSM,TakeCoverState,GravityFlip,1.00,56.9,0
46.78,FSM Enemy 9,FSM,TakeCoverState,GravityFlip,1.00,67.2,0
46.78,FSM Enemy 2,FSM,TakeCoverState,GravityFlip,1.00,115.8,0
46.78,FSM Enemy 11,FSM,TakeCoverState,GravityFlip,1.00,62.3,0
46.78,FSM Enemy 15,FSM,TakeCoverState,GravityFlip,1.00,24.6,0
46.78,FSM Enemy 1,FSM,TakeCoverState,GravityFlip,1.00,84.5,0
46.78,FSM Enemy 6,FSM,TakeCoverState,GravityFlip,0.70,73.4,0
46.78,FSM Enemy 5,FSM,TakeCoverState,GravityFlip,0.90,58.2,0
46.78,Utility Enemy 8,Utility,TakeCoverAction,GravityFlip,1.00,69.2,0
46.78,Utility Enemy 15,Utility,TakeCoverAction,GravityFlip,1.00,75.0,0
46.78,Utility Enemy 6,Utility,TakeCoverAction,GravityFlip,1.00,23.7,0
46.78,Utility Enemy 1,Utility,TakeCoverAction,GravityFlip,1.00,81.0,0
46.78,Utility Enemy 11,Utility,TakeCoverAction,GravityFlip,1.00,76.1,0
46.78,Utility Enemy 2,Utility,TakeCoverAction,GravityFlip,1.00,94.1,0
46.78,Utility Enemy 5,Utility,TakeCoverAction,GravityFlip,1.00,96.1,0
46.78,Utility Enemy 4,Utility,TakeCoverAction,GravityFlip,1.00,44.1,0
46.78,Utility Enemy 7,Utility,TakeCoverAction,GravityFlip,1.00,83.2,0
46.78,Utility Enemy 3,Utility,TakeCoverAction,GravityFlip,1.00,101.7,0
46.78,Utility Enemy 13,Utility,TakeCoverAction,GravityFlip,1.00,81.4,0
46.78,Utility Enemy 12,Utility,TakeCoverAction,GravityFlip,1.00,80.0,0
46.78,Utility Enemy 14,Utility,TakeCoverAction,GravityFlip,1.00,87.3,0
46.78,Utility Enemy 10,Utility,TakeCoverAction,GravityFlip,1.00,69.6,0
46.78,Utility Enemy 9,Utility,TakeCoverAction,GravityFlip,1.00,82.7,0
47.28,Player,Player,-,GravityFlip,0.95,,0
47.28,FSM Enemy 4,FSM,TakeCoverState,GravityFlip,1.00,87.4,0
47.28,FSM Enemy 3,FSM,TakeCoverState,GravityFlip,0.80,95.2,0
47.28,FSM Enemy 14,FSM,TakeCoverState,GravityFlip,1.00,104.1,0
47.28,FSM Enemy 13,FSM,TakeCoverState,GravityFlip,0.90,22.5,0
47.28,FSM Enemy 12,FSM,TakeCoverState,GravityFlip,0.80,77.0,0
47.28,FSM Enemy 10,FSM,TakeCoverState,GravityFlip,1.00,95.4,0
47.28,FSM Enemy 7,FSM,TakeCoverState,GravityFlip,1.00,70.4,0
47.28,FSM Enemy 8,FSM,TakeCoverState,GravityFlip,1.00,56.9,0
47.28,FSM Enemy 9,FSM,TakeCoverState,GravityFlip,1.00,67.2,0
47.28,FSM Enemy 2,FSM,TakeCoverState,GravityFlip,1.00,115.8,0
47.28,FSM Enemy 11,FSM,TakeCoverState,GravityFlip,1.00,62.3,0
47.28,FSM Enemy 15,FSM,TakeCoverState,GravityFlip,1.00,24.6,0
47.28,FSM Enemy 1,FSM,TakeCoverState,GravityFlip,1.00,84.5,0
47.28,FSM Enemy 6,FSM,TakeCoverState,GravityFlip,0.70,73.4,0
47.28,FSM Enemy 5,FSM,TakeCoverState,GravityFlip,0.90,58.2,0
47.28,Utility Enemy 8,Utility,TakeCoverAction,GravityFlip,1.00,69.2,0
47.28,Utility Enemy 15,Utility,TakeCoverAction,GravityFlip,1.00,75.0,0
47.28,Utility Enemy 6,Utility,TakeCoverAction,GravityFlip,1.00,23.7,0
47.28,Utility Enemy 1,Utility,TakeCoverAction,GravityFlip,1.00,81.0,0
47.28,Utility Enemy 11,Utility,TakeCoverAction,GravityFlip,1.00,76.1,0
47.28,Utility Enemy 2,Utility,TakeCoverAction,GravityFlip,1.00,94.1,0
47.28,Utility Enemy 5,Utility,TakeCoverAction,GravityFlip,1.00,96.1,0
47.28,Utility Enemy 4,Utility,TakeCoverAction,GravityFlip,1.00,44.1,0
47.28,Utility Enemy 7,Utility,TakeCoverAction,GravityFlip,1.00,83.2,0
47.28,Utility Enemy 3,Utility,TakeCoverAction,GravityFlip,1.00,101.7,0
47.28,Utility Enemy 13,Utility,TakeCoverAction,GravityFlip,1.00,81.4,0
47.28,Utility Enemy 12,Utility,TakeCoverAction,GravityFlip,1.00,80.0,0
47.28,Utility Enemy 14,Utility,TakeCoverAction,GravityFlip,1.00,87.3,0
47.28,Utility Enemy 10,Utility,TakeCoverAction,GravityFlip,1.00,69.6,0
47.28,Utility Enemy 9,Utility,TakeCoverAction,GravityFlip,1.00,82.7,0
47.79,Player,Player,-,None,0.95,,0
47.79,FSM Enemy 4,FSM,PatrolState,None,1.00,87.3,0
47.79,FSM Enemy 3,FSM,PatrolState,None,0.80,95.1,0
47.79,FSM Enemy 14,FSM,PatrolState,None,1.00,104.1,0
47.79,FSM Enemy 13,FSM,PatrolState,None,0.90,22.5,0
47.79,FSM Enemy 12,FSM,PatrolState,None,0.80,76.9,0
47.79,FSM Enemy 10,FSM,PatrolState,None,1.00,95.6,0
47.79,FSM Enemy 7,FSM,PatrolState,None,1.00,70.2,0
47.79,FSM Enemy 8,FSM,PatrolState,None,1.00,56.8,0
47.79,FSM Enemy 9,FSM,PatrolState,None,1.00,67.0,0
47.79,FSM Enemy 2,FSM,PatrolState,None,1.00,115.8,0
47.79,FSM Enemy 11,FSM,PatrolState,None,1.00,62.2,0
47.79,FSM Enemy 15,FSM,PatrolState,None,1.00,24.8,0
47.79,FSM Enemy 1,FSM,PatrolState,None,1.00,84.4,0
47.79,FSM Enemy 6,FSM,PatrolState,None,0.70,73.2,0
47.79,FSM Enemy 5,FSM,PatrolState,None,0.90,58.3,0
47.79,Utility Enemy 8,Utility,AttackAction,None,1.00,69.2,0
47.79,Utility Enemy 15,Utility,AttackAction,None,1.00,75.0,0
47.79,Utility Enemy 6,Utility,AttackAction,None,1.00,23.7,0
47.79,Utility Enemy 1,Utility,AttackAction,None,1.00,81.0,0
47.79,Utility Enemy 11,Utility,TakeCoverAction,None,1.00,76.1,0
47.79,Utility Enemy 2,Utility,AttackAction,None,1.00,94.1,0
47.79,Utility Enemy 5,Utility,AttackAction,None,1.00,96.1,0
47.79,Utility Enemy 4,Utility,AttackAction,None,1.00,44.1,0
47.79,Utility Enemy 7,Utility,AttackAction,None,1.00,83.2,0
47.79,Utility Enemy 3,Utility,AttackAction,None,1.00,101.7,0
47.79,Utility Enemy 13,Utility,AttackAction,None,1.00,81.4,0
47.79,Utility Enemy 12,Utility,AttackAction,None,1.00,80.0,0
47.79,Utility Enemy 14,Utility,AttackAction,None,1.00,87.3,0
47.79,Utility Enemy 10,Utility,AttackAction,None,1.00,69.6,0
47.79,Utility Enemy 9,Utility,AttackAction,None,1.00,82.7,0
48.29,Player,Player,-,None,0.95,,0
48.29,FSM Enemy 4,FSM,PatrolState,None,1.00,86.9,0
48.29,FSM Enemy 3,FSM,PatrolState,None,0.80,95.0,0
48.29,FSM Enemy 14,FSM,PatrolState,None,1.00,104.4,0
48.29,FSM Enemy 13,FSM,PatrolState,None,0.90,22.1,0
48.29,FSM Enemy 12,FSM,PatrolState,None,0.80,76.2,0
48.29,FSM Enemy 10,FSM,PatrolState,None,1.00,96.5,0
48.29,FSM Enemy 7,FSM,PatrolState,None,1.00,68.9,0
48.29,FSM Enemy 8,FSM,PatrolState,None,1.00,55.9,0
48.29,FSM Enemy 9,FSM,PatrolState,None,1.00,65.8,0
48.29,FSM Enemy 2,FSM,PatrolState,None,1.00,116.3,0
48.29,FSM Enemy 11,FSM,PatrolState,None,1.00,61.2,0
48.29,FSM Enemy 15,FSM,PatrolState,None,1.00,25.9,0
48.29,FSM Enemy 1,FSM,PatrolState,None,1.00,83.6,0
48.29,FSM Enemy 6,FSM,PatrolState,None,0.70,72.2,0
48.29,FSM Enemy 5,FSM,PatrolState,None,0.90,59.1,0
48.29,Utility Enemy 8,Utility,AttackAction,None,1.00,69.2,0
48.29,Utility Enemy 15,Utility,AttackAction,None,1.00,75.0,0
48.29,Utility Enemy 6,Utility,AttackAction,None,1.00,23.7,0
48.29,Utility Enemy 1,Utility,AttackAction,None,1.00,81.0,0
48.29,Utility Enemy 11,Utility,AttackAction,None,1.00,76.1,0
48.29,Utility Enemy 2,Utility,AttackAction,None,1.00,94.1,0
48.29,Utility Enemy 5,Utility,AttackAction,None,1.00,96.1,0
48.29,Utility Enemy 4,Utility,AttackAction,None,1.00,44.1,0
48.29,Utility Enemy 7,Utility,AttackAction,None,1.00,83.2,0
48.29,Utility Enemy 3,Utility,AttackAction,None,1.00,101.7,0
48.29,Utility Enemy 13,Utility,AttackAction,None,1.00,81.4,0
48.29,Utility Enemy 12,Utility,AttackAction,None,1.00,80.0,0
48.29,Utility Enemy 14,Utility,AttackAction,None,1.00,87.3,0
48.29,Utility Enemy 10,Utility,AttackAction,None,1.00,69.6,0
48.29,Utility Enemy 9,Utility,AttackAction,None,1.00,82.7,0
48.80,Player,Player,-,GravityFlip,0.95,,0
48.80,FSM Enemy 4,FSM,TakeCoverState,GravityFlip,1.00,86.7,0
48.80,FSM Enemy 3,FSM,TakeCoverState,GravityFlip,0.80,94.9,0
48.80,FSM Enemy 14,FSM,TakeCoverState,GravityFlip,1.00,104.7,0
48.80,FSM Enemy 13,FSM,TakeCoverState,GravityFlip,0.90,21.8,0
48.80,FSM Enemy 12,FSM,TakeCoverState,GravityFlip,0.80,75.6,0
48.80,FSM Enemy 10,FSM,TakeCoverState,GravityFlip,1.00,97.5,0
48.80,FSM Enemy 7,FSM,TakeCoverState,GravityFlip,1.00,67.7,0
48.80,FSM Enemy 8,FSM,TakeCoverState,GravityFlip,1.00,55.1,0
48.80,FSM Enemy 9,FSM,TakeCoverState,GravityFlip,1.00,64.5,0
48.80,FSM Enemy 2,FSM,TakeCoverState,GravityFlip,1.00,116.8,0
48.80,FSM Enemy 11,FSM,TakeCoverState,GravityFlip,1.00,59.9,0
48.80,FSM Enemy 15,FSM,TakeCoverState,GravityFlip,1.00,27.0,0
48.80,FSM Enemy 1,FSM,TakeCoverState,GravityFlip,1.00,82.9,0
48.80,FSM Enemy 6,FSM,TakeCoverState,GravityFlip,0.70,71.0,0
48.80,FSM Enemy 5,FSM,TakeCoverState,GravityFlip,0.90,60.1,0
48.80,Utility Enemy 8,Utility,AttackAction,GravityFlip,1.00,69.2,0
48.80,Utility Enemy 15,Utility,AttackAction,GravityFlip,1.00,75.0,0
48.80,Utility Enemy 6,Utility,AttackAction,GravityFlip,1.00,23.7,0
48.80,Utility Enemy 1,Utility,AttackAction,GravityFlip,1.00,81.0,0
48.80,Utility Enemy 11,Utility,AttackAction,GravityFlip,1.00,76.1,0
48.80,Utility Enemy 2,Utility,AttackAction,GravityFlip,1.00,94.1,0
48.80,Utility Enemy 5,Utility,AttackAction,GravityFlip,1.00,96.1,0
48.80,Utility Enemy 4,Utility,AttackAction,GravityFlip,1.00,44.1,0
48.80,Utility Enemy 7,Utility,AttackAction,GravityFlip,1.00,83.2,0
48.80,Utility Enemy 3,Utility,AttackAction,GravityFlip,1.00,101.7,0
48.80,Utility Enemy 13,Utility,TakeCoverAction,GravityFlip,1.00,81.4,0
48.80,Utility Enemy 12,Utility,AttackAction,GravityFlip,1.00,80.0,0
48.80,Utility Enemy 14,Utility,AttackAction,GravityFlip,1.00,87.3,0
48.80,Utility Enemy 10,Utility,AttackAction,GravityFlip,1.00,69.6,0
48.80,Utility Enemy 9,Utility,AttackAction,GravityFlip,1.00,82.7,0
49.30,Player,Player,-,GravityFlip,0.95,,0
49.30,FSM Enemy 4,FSM,TakeCoverState,GravityFlip,1.00,86.7,0
49.30,FSM Enemy 3,FSM,TakeCoverState,GravityFlip,0.80,95.8,0
49.30,FSM Enemy 14,FSM,TakeCoverState,GravityFlip,1.00,104.6,0
49.30,FSM Enemy 13,FSM,TakeCoverState,GravityFlip,0.90,21.7,0
49.30,FSM Enemy 12,FSM,TakeCoverState,GravityFlip,0.80,75.7,0
49.30,FSM Enemy 10,FSM,TakeCoverState,GravityFlip,1.00,97.3,0
49.30,FSM Enemy 7,FSM,TakeCoverState,GravityFlip,1.00,68.1,0
49.30,FSM Enemy 8,FSM,TakeCoverState,GravityFlip,1.00,56.0,0
49.30,FSM Enemy 9,FSM,TakeCoverState,GravityFlip,1.00,64.9,0
49.30,FSM Enemy 2,FSM,TakeCoverState,GravityFlip,1.00,116.5,0
49.30,FSM Enemy 11,FSM,TakeCoverState,GravityFlip,1.00,59.9,0
49.30,FSM Enemy 15,FSM,TakeCoverState,GravityFlip,1.00,26.6,0
49.30,FSM Enemy 1,FSM,TakeCoverState,GravityFlip,1.00,82.8,0
49.30,FSM Enemy 6,FSM,TakeCoverState,GravityFlip,0.70,70.2,0
49.30,FSM Enemy 5,FSM,TakeCoverState,GravityFlip,0.90,59.6,0
49.30,Utility Enemy 8,Utility,TakeCoverAction,GravityFlip,1.00,69.2,0
49.30,Utility Enemy 15,Utility,TakeCoverAction,GravityFlip,1.00,75.0,0
49.30,Utility Enemy 6,Utility,TakeCoverAction,GravityFlip,1.00,23.7,0
49.30,Utility Enemy 1,Utility,TakeCoverAction,GravityFlip,1.00,81.0,0
49.30,Utility Enemy 11,Utility,TakeCoverAction,GravityFlip,1.00,76.1,0
49.30,Utility Enemy 2,Utility,TakeCoverAction,GravityFlip,1.00,94.1,0
49.30,Utility Enemy 5,Utility,TakeCoverAction,GravityFlip,1.00,97.0,0
49.30,Utility Enemy 4,Utility,TakeCoverAction,GravityFlip,1.00,44.1,0
49.30,Utility Enemy 7,Utility,TakeCoverAction,GravityFlip,1.00,83.2,0
49.30,Utility Enemy 3,Utility,TakeCoverAction,GravityFlip,1.00,101.7,0
49.30,Utility Enemy 13,Utility,TakeCoverAction,GravityFlip,1.00,82.9,0
49.30,Utility Enemy 12,Utility,TakeCoverAction,GravityFlip,1.00,80.0,0
49.30,Utility Enemy 14,Utility,TakeCoverAction,GravityFlip,1.00,87.7,0
49.30,Utility Enemy 10,Utility,TakeCoverAction,GravityFlip,1.00,69.9,0
49.30,Utility Enemy 9,Utility,TakeCoverAction,GravityFlip,1.00,82.7,0
49.80,Player,Player,-,GravityFlip,0.95,,0
49.80,FSM Enemy 4,FSM,TakeCoverState,GravityFlip,1.00,86.7,0
49.80,FSM Enemy 3,FSM,TakeCoverState,GravityFlip,0.80,95.9,0
49.80,FSM Enemy 14,FSM,TakeCoverState,GravityFlip,1.00,104.1,0
49.80,FSM Enemy 13,FSM,TakeCoverState,GravityFlip,0.90,22.0,0
49.80,FSM Enemy 12,FSM,TakeCoverState,GravityFlip,0.80,76.5,0
49.80,FSM Enemy 10,FSM,TakeCoverState,GravityFlip,1.00,96.4,0
49.80,FSM Enemy 7,FSM,TakeCoverState,GravityFlip,1.00,69.5,0
49.80,FSM Enemy 8,FSM,TakeCoverState,GravityFlip,1.00,56.9,0
49.80,FSM Enemy 9,FSM,TakeCoverState,GravityFlip,1.00,66.9,0
49.80,FSM Enemy 2,FSM,TakeCoverState,GravityFlip,1.00,115.7,0
49.80,FSM Enemy 11,FSM,TakeCoverState,GravityFlip,1.00,59.9,0
49.80,FSM Enemy 15,FSM,TakeCoverState,GravityFlip,1.00,24.8,0
49.80,FSM Enemy 1,FSM,TakeCoverState,GravityFlip,1.00,82.8,0
49.80,FSM Enemy 6,FSM,TakeCoverState,GravityFlip,0.70,70.1,0
49.80,FSM Enemy 5,FSM,TakeCoverState,GravityFlip,0.90,59.2,0
49.80,Utility Enemy 8,Utility,TakeCoverAction,GravityFlip,1.00,69.2,0
49.80,Utility Enemy 15,Utility,TakeCoverAction,GravityFlip,1.00,75.0,0
49.80,Utility Enemy 6,Utility,TakeCoverAction,GravityFlip,1.00,23.7,0
49.80,Utility Enemy 1,Utility,TakeCoverAction,GravityFlip,1.00,81.0,0
49.80,Utility Enemy 11,Utility,TakeCoverAction,GravityFlip,1.00,76.1,0
49.80,Utility Enemy 2,Utility,TakeCoverAction,GravityFlip,1.00,94.1,0
49.80,Utility Enemy 5,Utility,TakeCoverAction,GravityFlip,1.00,97.8,0
49.80,Utility Enemy 4,Utility,TakeCoverAction,GravityFlip,1.00,44.1,0
49.80,Utility Enemy 7,Utility,TakeCoverAction,GravityFlip,1.00,83.2,0
49.80,Utility Enemy 3,Utility,TakeCoverAction,GravityFlip,1.00,101.7,0
49.80,Utility Enemy 13,Utility,TakeCoverAction,GravityFlip,1.00,85.1,0
49.80,Utility Enemy 12,Utility,TakeCoverAction,GravityFlip,1.00,80.0,0
49.80,Utility Enemy 14,Utility,TakeCoverAction,GravityFlip,1.00,87.8,0
49.80,Utility Enemy 10,Utility,TakeCoverAction,GravityFlip,1.00,70.5,0
49.80,Utility Enemy 9,Utility,TakeCoverAction,GravityFlip,1.00,82.7,0
50.31,Player,Player,-,GravityFlip,0.95,,0
50.31,FSM Enemy 4,FSM,TakeCoverState,GravityFlip,1.00,86.7,0
50.31,FSM Enemy 3,FSM,TakeCoverState,GravityFlip,0.80,95.9,0
50.31,FSM Enemy 14,FSM,TakeCoverState,GravityFlip,1.00,104.0,0
50.31,FSM Enemy 13,FSM,TakeCoverState,GravityFlip,0.90,22.1,0
50.31,FSM Enemy 12,FSM,TakeCoverState,GravityFlip,0.80,76.6,0
50.31,FSM Enemy 10,FSM,TakeCoverState,GravityFlip,1.00,96.4,0
50.31,FSM Enemy 7,FSM,TakeCoverState,GravityFlip,1.00,69.5,0
50.31,FSM Enemy 8,FSM,TakeCoverState,GravityFlip,1.00,56.9,0
50.31,FSM Enemy 9,FSM,TakeCoverState,GravityFlip,1.00,67.2,0
50.31,FSM Enemy 2,FSM,TakeCoverState,GravityFlip,1.00,115.7,0
50.31,FSM Enemy 11,FSM,TakeCoverState,GravityFlip,1.00,59.9,0
50.31,FSM Enemy 15,FSM,TakeCoverState,GravityFlip,1.00,24.6,0
50.31,FSM Enemy 1,FSM,TakeCoverState,GravityFlip,1.00,82.8,0
50.31,FSM Enemy 6,FSM,TakeCoverState,GravityFlip,0.70,70.1,0
50.31,FSM Enemy 5,FSM,TakeCoverState,GravityFlip,0.90,59.2,0
50.31,Utility Enemy 8,Utility,TakeCoverAction,GravityFlip,1.00,69.2,0
50.31,Utility Enemy 15,Utility,TakeCoverAction,GravityFlip,1.00,75.0,0
50.31,Utility Enemy 6,Utility,TakeCoverAction,GravityFlip,1.00,23.7,0
50.31,Utility Enemy 1,Utility,TakeCoverAction,GravityFlip,1.00,81.0,0
50.31,Utility Enemy 11,Utility,TakeCoverAction,GravityFlip,1.00,76.1,0
50.31,Utility Enemy 2,Utility,TakeCoverAction,GravityFlip,1.00,94.1,0
50.31,Utility Enemy 5,Utility,TakeCoverAction,GravityFlip,1.00,97.8,0
50.31,Utility Enemy 4,Utility,TakeCoverAction,GravityFlip,1.00,44.1,0
50.31,Utility Enemy 7,Utility,TakeCoverAction,GravityFlip,1.00,83.2,0
50.31,Utility Enemy 3,Utility,TakeCoverAction,GravityFlip,1.00,101.7,0
50.31,Utility Enemy 13,Utility,TakeCoverAction,GravityFlip,1.00,85.8,0
50.31,Utility Enemy 12,Utility,TakeCoverAction,GravityFlip,1.00,80.0,0
50.31,Utility Enemy 14,Utility,TakeCoverAction,GravityFlip,1.00,87.8,0
50.31,Utility Enemy 10,Utility,TakeCoverAction,GravityFlip,1.00,70.5,0
50.31,Utility Enemy 9,Utility,TakeCoverAction,GravityFlip,1.00,82.7,0
50.81,Player,Player,-,GravityFlip,0.95,,0
50.81,FSM Enemy 4,FSM,TakeCoverState,GravityFlip,1.00,86.7,0
50.81,FSM Enemy 3,FSM,TakeCoverState,GravityFlip,0.80,95.9,0
50.81,FSM Enemy 14,FSM,TakeCoverState,GravityFlip,1.00,104.0,0
50.81,FSM Enemy 13,FSM,TakeCoverState,GravityFlip,0.90,22.1,0
50.81,FSM Enemy 12,FSM,TakeCoverState,GravityFlip,0.80,76.6,0
50.81,FSM Enemy 10,FSM,TakeCoverState,GravityFlip,1.00,96.4,0
50.81,FSM Enemy 7,FSM,TakeCoverState,GravityFlip,1.00,69.5,0
50.81,FSM Enemy 8,FSM,TakeCoverState,GravityFlip,1.00,56.9,0
50.81,FSM Enemy 9,FSM,TakeCoverState,GravityFlip,1.00,67.2,0
50.81,FSM Enemy 2,FSM,TakeCoverState,GravityFlip,1.00,115.7,0
50.81,FSM Enemy 11,FSM,TakeCoverState,GravityFlip,1.00,59.9,0
50.81,FSM Enemy 15,FSM,TakeCoverState,GravityFlip,1.00,24.6,0
50.81,FSM Enemy 1,FSM,TakeCoverState,GravityFlip,1.00,82.8,0
50.81,FSM Enemy 6,FSM,TakeCoverState,GravityFlip,0.70,70.1,0
50.81,FSM Enemy 5,FSM,TakeCoverState,GravityFlip,0.90,59.2,0
50.81,Utility Enemy 8,Utility,TakeCoverAction,GravityFlip,1.00,69.2,0
50.81,Utility Enemy 15,Utility,TakeCoverAction,GravityFlip,1.00,75.0,0
50.81,Utility Enemy 6,Utility,TakeCoverAction,GravityFlip,1.00,23.7,0
50.81,Utility Enemy 1,Utility,TakeCoverAction,GravityFlip,1.00,81.0,0
50.81,Utility Enemy 11,Utility,TakeCoverAction,GravityFlip,1.00,76.1,0
50.81,Utility Enemy 2,Utility,TakeCoverAction,GravityFlip,1.00,94.1,0
50.81,Utility Enemy 5,Utility,TakeCoverAction,GravityFlip,1.00,97.8,0
50.81,Utility Enemy 4,Utility,TakeCoverAction,GravityFlip,1.00,44.1,0
50.81,Utility Enemy 7,Utility,TakeCoverAction,GravityFlip,1.00,83.2,0
50.81,Utility Enemy 3,Utility,TakeCoverAction,GravityFlip,1.00,101.7,0
50.81,Utility Enemy 13,Utility,TakeCoverAction,GravityFlip,1.00,85.8,0
50.81,Utility Enemy 12,Utility,TakeCoverAction,GravityFlip,1.00,80.0,0
50.81,Utility Enemy 14,Utility,TakeCoverAction,GravityFlip,1.00,87.8,0
50.81,Utility Enemy 10,Utility,TakeCoverAction,GravityFlip,1.00,70.5,0
50.81,Utility Enemy 9,Utility,TakeCoverAction,GravityFlip,1.00,82.7,0
51.32,Player,Player,-,GravityFlip,0.95,,0
51.32,FSM Enemy 4,FSM,TakeCoverState,GravityFlip,1.00,86.7,0
51.32,FSM Enemy 3,FSM,TakeCoverState,GravityFlip,0.80,95.9,0
51.32,FSM Enemy 14,FSM,TakeCoverState,GravityFlip,1.00,104.0,0
51.32,FSM Enemy 13,FSM,TakeCoverState,GravityFlip,0.90,22.1,0
51.32,FSM Enemy 12,FSM,TakeCoverState,GravityFlip,0.80,76.6,0
51.32,FSM Enemy 10,FSM,TakeCoverState,GravityFlip,1.00,96.4,0
51.32,FSM Enemy 7,FSM,TakeCoverState,GravityFlip,1.00,69.5,0
51.32,FSM Enemy 8,FSM,TakeCoverState,GravityFlip,1.00,56.9,0
51.32,FSM Enemy 9,FSM,TakeCoverState,GravityFlip,1.00,67.2,0
51.32,FSM Enemy 2,FSM,TakeCoverState,GravityFlip,1.00,115.7,0
51.32,FSM Enemy 11,FSM,TakeCoverState,GravityFlip,1.00,59.9,0
51.32,FSM Enemy 15,FSM,TakeCoverState,GravityFlip,1.00,24.6,0
51.32,FSM Enemy 1,FSM,TakeCoverState,GravityFlip,1.00,82.8,0
51.32,FSM Enemy 6,FSM,TakeCoverState,GravityFlip,0.70,70.1,0
51.32,FSM Enemy 5,FSM,TakeCoverState,GravityFlip,0.90,59.2,0
51.32,Utility Enemy 8,Utility,TakeCoverAction,GravityFlip,1.00,69.2,0
51.32,Utility Enemy 15,Utility,TakeCoverAction,GravityFlip,1.00,75.0,0
51.32,Utility Enemy 6,Utility,TakeCoverAction,GravityFlip,1.00,23.7,0
51.32,Utility Enemy 1,Utility,TakeCoverAction,GravityFlip,1.00,81.0,0
51.32,Utility Enemy 11,Utility,TakeCoverAction,GravityFlip,1.00,76.1,0
51.32,Utility Enemy 2,Utility,TakeCoverAction,GravityFlip,1.00,94.1,0
51.32,Utility Enemy 5,Utility,TakeCoverAction,GravityFlip,1.00,97.8,0
51.32,Utility Enemy 4,Utility,TakeCoverAction,GravityFlip,1.00,44.1,0
51.32,Utility Enemy 7,Utility,TakeCoverAction,GravityFlip,1.00,83.2,0
51.32,Utility Enemy 3,Utility,TakeCoverAction,GravityFlip,1.00,101.7,0
51.32,Utility Enemy 13,Utility,TakeCoverAction,GravityFlip,1.00,85.8,0
51.32,Utility Enemy 12,Utility,TakeCoverAction,GravityFlip,1.00,80.0,0
51.32,Utility Enemy 14,Utility,TakeCoverAction,GravityFlip,1.00,87.8,0
51.32,Utility Enemy 10,Utility,TakeCoverAction,GravityFlip,1.00,70.5,0
51.32,Utility Enemy 9,Utility,TakeCoverAction,GravityFlip,1.00,82.7,0
51.82,Player,Player,-,GravityFlip,0.95,,0
51.82,FSM Enemy 4,FSM,TakeCoverState,GravityFlip,1.00,86.7,0
51.82,FSM Enemy 3,FSM,TakeCoverState,GravityFlip,0.80,95.9,0
51.82,FSM Enemy 14,FSM,TakeCoverState,GravityFlip,1.00,104.0,0
51.82,FSM Enemy 13,FSM,TakeCoverState,GravityFlip,0.90,22.1,0
51.82,FSM Enemy 12,FSM,TakeCoverState,GravityFlip,0.80,76.6,0
51.82,FSM Enemy 10,FSM,TakeCoverState,GravityFlip,1.00,96.4,0
51.82,FSM Enemy 7,FSM,TakeCoverState,GravityFlip,1.00,69.5,0
51.82,FSM Enemy 8,FSM,TakeCoverState,GravityFlip,1.00,56.9,0
51.82,FSM Enemy 9,FSM,TakeCoverState,GravityFlip,1.00,67.2,0
51.82,FSM Enemy 2,FSM,TakeCoverState,GravityFlip,1.00,115.7,0
51.82,FSM Enemy 11,FSM,TakeCoverState,GravityFlip,1.00,59.9,0
51.82,FSM Enemy 15,FSM,TakeCoverState,GravityFlip,1.00,24.6,0
51.82,FSM Enemy 1,FSM,TakeCoverState,GravityFlip,1.00,82.8,0
51.82,FSM Enemy 6,FSM,TakeCoverState,GravityFlip,0.70,70.1,0
51.82,FSM Enemy 5,FSM,TakeCoverState,GravityFlip,0.90,59.2,0
51.82,Utility Enemy 8,Utility,TakeCoverAction,GravityFlip,1.00,69.2,0
51.82,Utility Enemy 15,Utility,TakeCoverAction,GravityFlip,1.00,75.0,0
51.82,Utility Enemy 6,Utility,TakeCoverAction,GravityFlip,1.00,23.7,0
51.82,Utility Enemy 1,Utility,TakeCoverAction,GravityFlip,1.00,81.0,0
51.82,Utility Enemy 11,Utility,TakeCoverAction,GravityFlip,1.00,76.1,0
51.82,Utility Enemy 2,Utility,TakeCoverAction,GravityFlip,1.00,94.1,0
51.82,Utility Enemy 5,Utility,TakeCoverAction,GravityFlip,1.00,97.8,0
51.82,Utility Enemy 4,Utility,TakeCoverAction,GravityFlip,1.00,44.1,0
51.82,Utility Enemy 7,Utility,TakeCoverAction,GravityFlip,1.00,83.2,0
51.82,Utility Enemy 3,Utility,TakeCoverAction,GravityFlip,1.00,101.7,0
51.82,Utility Enemy 13,Utility,TakeCoverAction,GravityFlip,1.00,85.8,0
51.82,Utility Enemy 12,Utility,TakeCoverAction,GravityFlip,1.00,80.0,0
51.82,Utility Enemy 14,Utility,TakeCoverAction,GravityFlip,1.00,87.8,0
51.82,Utility Enemy 10,Utility,TakeCoverAction,GravityFlip,1.00,70.5,0
51.82,Utility Enemy 9,Utility,TakeCoverAction,GravityFlip,1.00,82.7,0
52.32,Player,Player,-,GravityFlip,0.95,,0
52.32,FSM Enemy 4,FSM,TakeCoverState,GravityFlip,1.00,86.7,0
52.32,FSM Enemy 3,FSM,TakeCoverState,GravityFlip,0.80,95.9,0
52.32,FSM Enemy 14,FSM,TakeCoverState,GravityFlip,1.00,104.0,0
52.32,FSM Enemy 13,FSM,TakeCoverState,GravityFlip,0.90,22.1,0
52.32,FSM Enemy 12,FSM,TakeCoverState,GravityFlip,0.80,76.6,0
52.32,FSM Enemy 10,FSM,TakeCoverState,GravityFlip,1.00,96.4,0
52.32,FSM Enemy 7,FSM,TakeCoverState,GravityFlip,1.00,69.5,0
52.32,FSM Enemy 8,FSM,TakeCoverState,GravityFlip,1.00,56.9,0
52.32,FSM Enemy 9,FSM,TakeCoverState,GravityFlip,1.00,67.2,0
52.32,FSM Enemy 2,FSM,TakeCoverState,GravityFlip,1.00,115.7,0
52.32,FSM Enemy 11,FSM,TakeCoverState,GravityFlip,1.00,59.9,0
52.32,FSM Enemy 15,FSM,TakeCoverState,GravityFlip,1.00,24.6,0
52.32,FSM Enemy 1,FSM,TakeCoverState,GravityFlip,1.00,82.8,0
52.32,FSM Enemy 6,FSM,TakeCoverState,GravityFlip,0.70,70.1,0
52.32,FSM Enemy 5,FSM,TakeCoverState,GravityFlip,0.90,59.2,0
52.32,Utility Enemy 8,Utility,TakeCoverAction,GravityFlip,1.00,69.2,0
52.32,Utility Enemy 15,Utility,TakeCoverAction,GravityFlip,1.00,75.0,0
52.32,Utility Enemy 6,Utility,TakeCoverAction,GravityFlip,1.00,23.7,0
52.32,Utility Enemy 1,Utility,TakeCoverAction,GravityFlip,1.00,81.0,0
52.32,Utility Enemy 11,Utility,TakeCoverAction,GravityFlip,1.00,76.1,0
52.32,Utility Enemy 2,Utility,TakeCoverAction,GravityFlip,1.00,94.1,0
52.32,Utility Enemy 5,Utility,TakeCoverAction,GravityFlip,1.00,97.8,0
52.32,Utility Enemy 4,Utility,TakeCoverAction,GravityFlip,1.00,44.1,0
52.32,Utility Enemy 7,Utility,TakeCoverAction,GravityFlip,1.00,83.2,0
52.32,Utility Enemy 3,Utility,TakeCoverAction,GravityFlip,1.00,101.7,0
52.32,Utility Enemy 13,Utility,TakeCoverAction,GravityFlip,1.00,85.8,0
52.32,Utility Enemy 12,Utility,TakeCoverAction,GravityFlip,1.00,80.0,0
52.32,Utility Enemy 14,Utility,TakeCoverAction,GravityFlip,1.00,87.8,0
52.32,Utility Enemy 10,Utility,TakeCoverAction,GravityFlip,1.00,70.5,0
52.32,Utility Enemy 9,Utility,TakeCoverAction,GravityFlip,1.00,82.7,0
52.82,Player,Player,-,WallDisappear,0.95,,0
52.82,FSM Enemy 4,FSM,ChaseState,WallDisappear,1.00,86.2,0
52.82,FSM Enemy 3,FSM,ChaseState,WallDisappear,0.80,95.6,0
52.82,FSM Enemy 14,FSM,ChaseState,WallDisappear,1.00,103.5,0
52.82,FSM Enemy 13,FSM,ChaseState,WallDisappear,0.90,21.9,0
52.82,FSM Enemy 12,FSM,ChaseState,WallDisappear,0.80,76.2,0
52.82,FSM Enemy 10,FSM,ChaseState,WallDisappear,1.00,95.6,0
52.82,FSM Enemy 7,FSM,ChaseState,WallDisappear,1.00,68.9,0
52.82,FSM Enemy 8,FSM,ChaseState,WallDisappear,1.00,56.5,0
52.82,FSM Enemy 9,FSM,ChaseState,WallDisappear,1.00,66.4,0
52.82,FSM Enemy 2,FSM,ChaseState,WallDisappear,1.00,115.2,0
52.82,FSM Enemy 11,FSM,ChaseState,WallDisappear,1.00,59.3,0
52.82,FSM Enemy 15,FSM,ChaseState,WallDisappear,1.00,24.3,0
52.82,FSM Enemy 1,FSM,ChaseState,WallDisappear,1.00,82.5,0
52.82,FSM Enemy 6,FSM,ChaseState,WallDisappear,0.70,69.5,0
52.82,FSM Enemy 5,FSM,ChaseState,WallDisappear,0.90,58.9,0
52.82,Utility Enemy 8,Utility,ChaseAction,WallDisappear,1.00,69.2,0
52.82,Utility Enemy 15,Utility,ChaseAction,WallDisappear,1.00,75.0,0
52.82,Utility Enemy 6,Utility,ChaseAction,WallDisappear,1.00,23.6,0
52.82,Utility Enemy 1,Utility,ChaseAction,WallDisappear,1.00,81.0,0
52.82,Utility Enemy 11,Utility,ChaseAction,WallDisappear,1.00,75.9,0
52.82,Utility Enemy 2,Utility,ChaseAction,WallDisappear,1.00,94.1,0
52.82,Utility Enemy 5,Utility,ChaseAction,WallDisappear,1.00,97.8,0
52.82,Utility Enemy 4,Utility,ChaseAction,WallDisappear,1.00,44.1,0
52.82,Utility Enemy 7,Utility,ChaseAction,WallDisappear,1.00,83.2,0
52.82,Utility Enemy 3,Utility,ChaseAction,WallDisappear,1.00,101.6,0
52.82,Utility Enemy 13,Utility,ChaseAction,WallDisappear,1.00,85.5,0
52.82,Utility Enemy 12,Utility,ChaseAction,WallDisappear,1.00,80.1,0
52.82,Utility Enemy 14,Utility,ChaseAction,WallDisappear,1.00,87.7,0
52.82,Utility Enemy 10,Utility,ChaseAction,WallDisappear,1.00,70.4,0
52.82,Utility Enemy 9,Utility,ChaseAction,WallDisappear,1.00,82.8,0
53.32,Player,Player,-,WallDisappear,0.95,,0
53.32,FSM Enemy 4,FSM,ChaseState,WallDisappear,1.00,84.9,0
53.32,FSM Enemy 3,FSM,ChaseState,WallDisappear,0.80,93.9,0
53.32,FSM Enemy 14,FSM,ChaseState,WallDisappear,1.00,101.3,0
53.32,FSM Enemy 13,FSM,ChaseState,WallDisappear,0.90,20.5,0
53.32,FSM Enemy 12,FSM,ChaseState,WallDisappear,0.80,74.3,0
53.32,FSM Enemy 10,FSM,ChaseState,WallDisappear,1.00,93.4,0
53.32,FSM Enemy 7,FSM,ChaseState,WallDisappear,1.00,66.7,0
53.32,FSM Enemy 8,FSM,ChaseState,WallDisappear,1.00,55.2,0
53.32,FSM Enemy 9,FSM,ChaseState,WallDisappear,1.00,64.2,0
53.32,FSM Enemy 2,FSM,ChaseState,WallDisappear,1.00,113.3,0
53.32,FSM Enemy 11,FSM,ChaseState,WallDisappear,1.00,57.1,0
53.32,FSM Enemy 15,FSM,ChaseState,WallDisappear,1.00,22.7,0
53.32,FSM Enemy 1,FSM,ChaseState,WallDisappear,1.00,81.2,0
53.32,FSM Enemy 6,FSM,ChaseState,WallDisappear,0.70,67.7,0
53.32,FSM Enemy 5,FSM,ChaseState,WallDisappear,0.90,57.8,0
53.32,Utility Enemy 8,Utility,ChaseAction,WallDisappear,1.00,68.6,0
53.32,Utility Enemy 15,Utility,ChaseAction,WallDisappear,1.00,74.1,0
53.32,Utility Enemy 6,Utility,ChaseAction,WallDisappear,1.00,22.3,0
53.32,Utility Enemy 1,Utility,ChaseAction,WallDisappear,1.00,80.7,0
53.32,Utility Enemy 11,Utility,ChaseAction,WallDisappear,1.00,73.9,0
53.32,Utility Enemy 2,Utility,ChaseAction,WallDisappear,1.00,92.2,0
53.32,Utility Enemy 5,Utility,ChaseAction,WallDisappear,1.00,96.7,0
53.32,Utility Enemy 4,Utility,ChaseAction,WallDisappear,1.00,44.4,0
53.32,Utility Enemy 7,Utility,ChaseAction,WallDisappear,1.00,81.6,0
53.32,Utility Enemy 3,Utility,ChaseAction,WallDisappear,1.00,99.9,0
53.32,Utility Enemy 13,Utility,ChaseAction,WallDisappear,1.00,83.4,0
53.32,Utility Enemy 12,Utility,ChaseAction,WallDisappear,1.00,78.7,0
53.32,Utility Enemy 14,Utility,ChaseAction,WallDisappear,1.00,86.4,0
53.32,Utility Enemy 10,Utility,ChaseAction,WallDisappear,1.00,69.0,0
53.32,Utility Enemy 9,Utility,ChaseAction,WallDisappear,1.00,81.3,0
53.83,Player,Player,-,WallDisappear,0.95,,0
53.83,FSM Enemy 4,FSM,ChaseState,WallDisappear,1.00,83.6,0
53.83,FSM Enemy 3,FSM,ChaseState,WallDisappear,0.80,92.1,0
53.83,FSM Enemy 14,FSM,ChaseState,WallDisappear,1.00,99.0,0
53.83,FSM Enemy 13,FSM,ChaseState,WallDisappear,0.90,18.8,0
53.83,FSM Enemy 12,FSM,ChaseState,WallDisappear,0.80,72.4,0
53.83,FSM Enemy 10,FSM,ChaseState,WallDisappear,1.00,91.1,0
53.83,FSM Enemy 7,FSM,ChaseState,WallDisappear,1.00,64.5,0
53.83,FSM Enemy 8,FSM,ChaseState,WallDisappear,1.00,56.3,0
53.83,FSM Enemy 9,FSM,ChaseState,WallDisappear,1.00,61.9,0
53.83,FSM Enemy 2,FSM,ChaseState,WallDisappear,1.00,111.2,0
53.83,FSM Enemy 11,FSM,ChaseState,WallDisappear,1.00,54.9,0
53.83,FSM Enemy 15,FSM,ChaseState,WallDisappear,1.00,21.1,0
53.83,FSM Enemy 1,FSM,ChaseState,WallDisappear,1.00,81.2,0
53.83,FSM Enemy 6,FSM,ChaseState,WallDisappear,0.70,66.0,0
53.83,FSM Enemy 5,FSM,ChaseState,WallDisappear,0.90,56.8,0
53.83,Utility Enemy 8,Utility,ChaseAction,WallDisappear,1.00,67.9,0
53.83,Utility Enemy 15,Utility,ChaseAction,WallDisappear,1.00,73.8,0
53.83,Utility Enemy 6,Utility,ChaseAction,WallDisappear,1.00,20.8,0
53.83,Utility Enemy 1,Utility,ChaseAction,WallDisappear,1.00,79.5,0
53.83,Utility Enemy 11,Utility,ChaseAction,WallDisappear,1.00,71.7,0
53.83,Utility Enemy 2,Utility,ChaseAction,WallDisappear,1.00,90.1,0
53.83,Utility Enemy 5,Utility,ChaseAction,WallDisappear,1.00,94.8,0
53.83,Utility Enemy 4,Utility,ChaseAction,WallDisappear,1.00,44.8,0
53.83,Utility Enemy 7,Utility,ChaseAction,WallDisappear,1.00,79.4,0
53.83,Utility Enemy 3,Utility,ChaseAction,WallDisappear,1.00,97.8,0
53.83,Utility Enemy 13,Utility,ChaseAction,WallDisappear,1.00,81.2,0
53.83,Utility Enemy 12,Utility,ChaseAction,WallDisappear,1.00,77.0,0
53.83,Utility Enemy 14,Utility,ChaseAction,WallDisappear,1.00,85.0,0
53.83,Utility Enemy 10,Utility,ChaseAction,WallDisappear,1.00,67.2,0
53.83,Utility Enemy 9,Utility,ChaseAction,WallDisappear,1.00,79.4,0
54.33,Player,Player,-,WallDisappear,0.95,,0
54.33,FSM Enemy 4,FSM,ChaseState,WallDisappear,1.00,82.3,0
54.33,FSM Enemy 3,FSM,ChaseState,WallDisappear,0.80,90.2,0
54.33,FSM Enemy 14,FSM,ChaseState,WallDisappear,1.00,96.8,0
54.33,FSM Enemy 13,FSM,ChaseState,WallDisappear,0.90,17.1,0
54.33,FSM Enemy 12,FSM,ChaseState,WallDisappear,0.80,70.5,0
54.33,FSM Enemy 10,FSM,ChaseState,WallDisappear,1.00,88.9,0
54.33,FSM Enemy 7,FSM,ChaseState,WallDisappear,1.00,62.3,0
54.33,FSM Enemy 8,FSM,ChaseState,WallDisappear,1.00,56.7,0
54.33,FSM Enemy 9,FSM,ChaseState,WallDisappear,1.00,59.7,0
54.33,FSM Enemy 2,FSM,ChaseState,WallDisappear,1.00,108.9,0
54.33,FSM Enemy 11,FSM,ChaseState,WallDisappear,1.00,52.7,0
54.33,FSM Enemy 15,FSM,ChaseState,WallDisappear,1.00,19.3,0
54.33,FSM Enemy 1,FSM,ChaseState,WallDisappear,1.00,81.4,0
54.33,FSM Enemy 6,FSM,ChaseState,WallDisappear,0.70,64.2,0
54.33,FSM Enemy 5,FSM,ChaseState,WallDisappear,0.90,55.8,0
54.33,Utility Enemy 8,Utility,ChaseAction,WallDisappear,1.00,67.3,0
54.33,Utility Enemy 15,Utility,ChaseAction,WallDisappear,1.00,73.7,0
54.33,Utility Enemy 6,Utility,ChaseAction,WallDisappear,1.00,19.1,0
54.33,Utility Enemy 1,Utility,ChaseAction,WallDisappear,1.00,77.5,0
54.33,Utility Enemy 11,Utility,ChaseAction,WallDisappear,1.00,69.4,0
54.33,Utility Enemy 2,Utility,ChaseAction,WallDisappear,1.00,87.9,0
54.33,Utility Enemy 5,Utility,ChaseAction,WallDisappear,1.00,93.0,0
54.33,Utility Enemy 4,Utility,ChaseAction,WallDisappear,1.00,45.3,0
54.33,Utility Enemy 7,Utility,ChaseAction,WallDisappear,1.00,78.1,0
54.33,Utility Enemy 3,Utility,ChaseAction,WallDisappear,1.00,95.6,0
54.33,Utility Enemy 13,Utility,ChaseAction,WallDisappear,1.00,79.1,0
54.33,Utility Enemy 12,Utility,ChaseAction,WallDisappear,1.00,75.3,0
54.33,Utility Enemy 14,Utility,ChaseAction,WallDisappear,1.00,83.5,0
54.33,Utility Enemy 10,Utility,ChaseAction,WallDisappear,1.00,65.5,0
54.33,Utility Enemy 9,Utility,ChaseAction,WallDisappear,1.00,77.4,0
54.84,Player,Player,-,WallDisappear,0.95,,0
54.84,FSM Enemy 4,FSM,ChaseState,WallDisappear,1.00,80.5,0
54.84,FSM Enemy 3,FSM,ChaseState,WallDisappear,0.80,88.4,0
54.84,FSM Enemy 14,FSM,ChaseState,WallDisappear,1.00,94.6,0
54.84,FSM Enemy 13,FSM,ChaseState,WallDisappear,0.90,15.7,0
54.84,FSM Enemy 12,FSM,ChaseState,WallDisappear,0.80,68.7,0
54.84,FSM Enemy 10,FSM,ChaseState,WallDisappear,1.00,86.6,0
54.84,FSM Enemy 7,FSM,ChaseState,WallDisappear,1.00,60.0,0
54.84,FSM Enemy 8,FSM,ChaseState,WallDisappear,1.00,56.7,0
54.84,FSM Enemy 9,FSM,ChaseState,WallDisappear,1.00,57.5,0
54.84,FSM Enemy 2,FSM,ChaseState,WallDisappear,1.00,106.7,0
54.84,FSM Enemy 11,FSM,ChaseState,WallDisappear,1.00,50.5,0
54.84,FSM Enemy 15,FSM,ChaseState,WallDisappear,1.00,17.6,0
54.84,FSM Enemy 1,FSM,ChaseState,WallDisappear,1.00,79.9,0
54.84,FSM Enemy 6,FSM,ChaseState,WallDisappear,0.70,62.5,0
54.84,FSM Enemy 5,FSM,ChaseState,WallDisappear,0.90,54.9,0
54.84,Utility Enemy 8,Utility,ChaseAction,WallDisappear,1.00,66.5,0
54.84,Utility Enemy 15,Utility,ChaseAction,WallDisappear,1.00,73.4,0
54.84,Utility Enemy 6,Utility,ChaseAction,WallDisappear,1.00,17.5,0
54.84,Utility Enemy 1,Utility,ChaseAction,WallDisappear,1.00,75.5,0
54.84,Utility Enemy 11,Utility,ChaseAction,WallDisappear,1.00,67.2,0
54.84,Utility Enemy 2,Utility,ChaseAction,WallDisappear,1.00,85.7,0
54.84,Utility Enemy 5,Utility,ChaseAction,WallDisappear,1.00,91.2,0
54.84,Utility Enemy 4,Utility,ChaseAction,WallDisappear,1.00,45.9,0
54.84,Utility Enemy 7,Utility,ChaseAction,WallDisappear,1.00,77.1,0
54.84,Utility Enemy 3,Utility,ChaseAction,WallDisappear,1.00,93.5,0
54.84,Utility Enemy 13,Utility,ChaseAction,WallDisappear,1.00,77.1,0
54.84,Utility Enemy 12,Utility,ChaseAction,WallDisappear,1.00,73.6,0
54.84,Utility Enemy 14,Utility,ChaseAction,WallDisappear,1.00,82.0,0
54.84,Utility Enemy 10,Utility,ChaseAction,WallDisappear,1.00,63.9,0
54.84,Utility Enemy 9,Utility,ChaseAction,WallDisappear,1.00,75.5,0
55.34,Player,Player,-,WallDisappear,0.95,,0
55.34,FSM Enemy 4,FSM,ChaseState,WallDisappear,1.00,78.6,0
55.34,FSM Enemy 3,FSM,ChaseState,WallDisappear,0.80,86.6,0
55.34,FSM Enemy 14,FSM,ChaseState,WallDisappear,1.00,92.4,0
55.34,FSM Enemy 13,FSM,ChaseState,WallDisappear,0.90,14.4,0
55.34,FSM Enemy 12,FSM,ChaseState,WallDisappear,0.80,66.9,0
55.34,FSM Enemy 10,FSM,ChaseState,WallDisappear,1.00,84.4,0
55.34,FSM Enemy 7,FSM,ChaseState,WallDisappear,1.00,57.8,0
55.34,FSM Enemy 8,FSM,ChaseState,WallDisappear,1.00,56.7,0
55.34,FSM Enemy 9,FSM,ChaseState,WallDisappear,1.00,55.4,0
55.34,FSM Enemy 2,FSM,ChaseState,WallDisappear,1.00,104.5,0
55.34,FSM Enemy 11,FSM,ChaseState,WallDisappear,1.00,48.3,0
55.34,FSM Enemy 15,FSM,ChaseState,WallDisappear,1.00,16.1,0
55.34,FSM Enemy 1,FSM,ChaseState,WallDisappear,1.00,78.0,0
55.34,FSM Enemy 6,FSM,ChaseState,WallDisappear,0.70,60.8,0
55.34,FSM Enemy 5,FSM,ChaseState,WallDisappear,0.90,54.1,0
55.34,Utility Enemy 8,Utility,ChaseAction,WallDisappear,1.00,65.5,0
55.34,Utility Enemy 15,Utility,ChaseAction,WallDisappear,1.00,72.2,0
55.34,Utility Enemy 6,Utility,ChaseAction,WallDisappear,1.00,16.2,0
55.34,Utility Enemy 1,Utility,ChaseAction,WallDisappear,1.00,73.6,0
55.34,Utility Enemy 11,Utility,ChaseAction,WallDisappear,1.00,65.0,0
55.34,Utility Enemy 2,Utility,ChaseAction,WallDisappear,1.00,83.5,0
55.34,Utility Enemy 5,Utility,ChaseAction,WallDisappear,1.00,89.4,0
55.34,Utility Enemy 4,Utility,ChaseAction,WallDisappear,1.00,46.7,0
55.34,Utility Enemy 7,Utility,ChaseAction,WallDisappear,1.00,76.3,0
55.34,Utility Enemy 3,Utility,ChaseAction,WallDisappear,1.00,91.4,0
55.34,Utility Enemy 13,Utility,ChaseAction,WallDisappear,1.00,75.1,0
55.34,Utility Enemy 12,Utility,ChaseAction,WallDisappear,1.00,71.9,0
55.34,Utility Enemy 14,Utility,ChaseAction,WallDisappear,1.00,80.1,0
55.34,Utility Enemy 10,Utility,ChaseAction,WallDisappear,1.00,62.3,0
55.34,Utility Enemy 9,Utility,ChaseAction,WallDisappear,1.00,73.6,0
55.84,Player,Player,-,WallDisappear,0.95,,0
55.84,FSM Enemy 4,FSM,ChaseState,WallDisappear,1.00,76.8,0
55.84,FSM Enemy 3,FSM,ChaseState,WallDisappear,0.80,84.9,0
55.84,FSM Enemy 14,FSM,ChaseState,WallDisappear,1.00,90.4,0
55.84,FSM Enemy 13,FSM,ChaseState,WallDisappear,0.90,13.4,0
55.84,FSM Enemy 12,FSM,ChaseState,WallDisappear,0.80,65.1,0
55.84,FSM Enemy 10,FSM,ChaseState,WallDisappear,1.00,82.2,0
55.84,FSM Enemy 7,FSM,ChaseState,WallDisappear,1.00,55.6,0
55.84,FSM Enemy 8,FSM,ChaseState,WallDisappear,1.00,56.7,0
55.84,FSM Enemy 9,FSM,ChaseState,WallDisappear,1.00,55.2,0
55.84,FSM Enemy 2,FSM,ChaseState,WallDisappear,1.00,102.3,0
55.84,FSM Enemy 11,FSM,ChaseState,WallDisappear,1.00,46.1,0
55.84,FSM Enemy 15,FSM,ChaseState,WallDisappear,1.00,14.8,0
55.84,FSM Enemy 1,FSM,ChaseState,WallDisappear,1.00,76.1,0
55.84,FSM Enemy 6,FSM,ChaseState,WallDisappear,0.70,59.2,0
55.84,FSM Enemy 5,FSM,ChaseState,WallDisappear,0.90,53.6,0
55.84,Utility Enemy 8,Utility,ChaseAction,WallDisappear,1.00,64.5,0
55.84,Utility Enemy 15,Utility,ChaseAction,WallDisappear,1.00,71.0,0
55.84,Utility Enemy 6,Utility,ChaseAction,WallDisappear,1.00,15.1,0
55.84,Utility Enemy 1,Utility,ChaseAction,WallDisappear,1.00,72.1,0
55.84,Utility Enemy 11,Utility,ChaseAction,WallDisappear,1.00,62.8,0
55.84,Utility Enemy 2,Utility,ChaseAction,WallDisappear,1.00,81.4,0
55.84,Utility Enemy 5,Utility,ChaseAction,WallDisappear,1.00,87.6,0
55.84,Utility Enemy 4,Utility,ChaseAction,WallDisappear,1.00,47.5,0
55.84,Utility Enemy 7,Utility,ChaseAction,WallDisappear,1.00,75.4,0
55.84,Utility Enemy 3,Utility,ChaseAction,WallDisappear,1.00,89.3,0
55.84,Utility Enemy 13,Utility,ChaseAction,WallDisappear,1.00,73.1,0
55.84,Utility Enemy 12,Utility,ChaseAction,WallDisappear,1.00,70.1,0
55.84,Utility Enemy 14,Utility,ChaseAction,WallDisappear,1.00,78.3,0
55.84,Utility Enemy 10,Utility,ChaseAction,WallDisappear,1.00,60.7,0
55.84,Utility Enemy 9,Utility,ChaseAction,WallDisappear,1.00,71.7,0
56.35,Player,Player,-,WallDisappear,0.95,,0
56.35,FSM Enemy 4,FSM,ChaseState,WallDisappear,1.00,74.9,0
56.35,FSM Enemy 3,FSM,ChaseState,WallDisappear,0.80,83.1,0
56.35,FSM Enemy 14,FSM,ChaseState,WallDisappear,1.00,88.3,0
56.35,FSM Enemy 13,FSM,ChaseState,WallDisappear,0.90,12.1,0
56.35,FSM Enemy 12,FSM,ChaseState,WallDisappear,0.80,63.3,0
56.35,FSM Enemy 10,FSM,ChaseState,WallDisappear,1.00,80.0,0
56.35,FSM Enemy 7,FSM,ChaseState,WallDisappear,1.00,53.4,0
56.35,FSM Enemy 8,FSM,ChaseState,WallDisappear,1.00,56.7,0
56.35,FSM Enemy 9,FSM,ChaseState,WallDisappear,1.00,56.6,0
56.35,FSM Enemy 2,FSM,ChaseState,WallDisappear,1.00,100.1,0
56.35,FSM Enemy 11,FSM,ChaseState,WallDisappear,1.00,43.9,0
56.35,FSM Enemy 15,FSM,ChaseState,WallDisappear,1.00,13.7,0
56.35,FSM Enemy 1,FSM,ChaseState,WallDisappear,1.00,74.2,0
56.35,FSM Enemy 6,FSM,ChaseState,WallDisappear,0.70,57.6,0
56.35,FSM Enemy 5,FSM,ChaseState,WallDisappear,0.90,53.3,0
56.35,Utility Enemy 8,Utility,ChaseAction,WallDisappear,1.00,63.6,0
56.35,Utility Enemy 15,Utility,ChaseAction,WallDisappear,1.00,69.9,0
56.35,Utility Enemy 6,Utility,ChaseAction,WallDisappear,1.00,14.2,0
56.35,Utility Enemy 1,Utility,ChaseAction,WallDisappear,1.00,70.7,0
56.35,Utility Enemy 11,Utility,ChaseAction,WallDisappear,1.00,60.6,0
56.35,Utility Enemy 2,Utility,ChaseAction,WallDisappear,1.00,79.2,0
56.35,Utility Enemy 5,Utility,ChaseAction,WallDisappear,1.00,85.8,0
56.35,Utility Enemy 4,Utility,ChaseAction,WallDisappear,1.00,48.0,0
56.35,Utility Enemy 7,Utility,ChaseAction,WallDisappear,1.00,74.7,0
56.35,Utility Enemy 3,Utility,ChaseAction,WallDisappear,1.00,87.3,0
56.35,Utility Enemy 13,Utility,ChaseAction,WallDisappear,1.00,71.1,0
56.35,Utility Enemy 12,Utility,ChaseAction,WallDisappear,1.00,68.3,0
56.35,Utility Enemy 14,Utility,ChaseAction,WallDisappear,1.00,76.4,0
56.35,Utility Enemy 10,Utility,ChaseAction,WallDisappear,1.00,59.2,0
56.35,Utility Enemy 9,Utility,ChaseAction,WallDisappear,1.00,69.8,0
56.85,Player,Player,-,WallDisappear,0.95,,0
56.85,FSM Enemy 4,FSM,ChaseState,WallDisappear,1.00,73.1,0
56.85,FSM Enemy 3,FSM,ChaseState,WallDisappear,0.80,81.3,0
56.85,FSM Enemy 14,FSM,ChaseState,WallDisappear,1.00,86.2,0
56.85,FSM Enemy 13,FSM,ChaseState,WallDisappear,0.90,10.5,0
56.85,FSM Enemy 12,FSM,ChaseState,WallDisappear,0.80,61.5,0
56.85,FSM Enemy 10,FSM,ChaseState,WallDisappear,1.00,77.7,0
56.85,FSM Enemy 7,FSM,ChaseState,WallDisappear,1.00,51.2,0
56.85,FSM Enemy 8,FSM,ChaseState,WallDisappear,1.00,56.7,0
56.85,FSM Enemy 9,FSM,ChaseState,WallDisappear,1.00,56.6,0
56.85,FSM Enemy 2,FSM,ChaseState,WallDisappear,1.00,97.8,0
56.85,FSM Enemy 11,FSM,ChaseState,WallDisappear,1.00,41.8,0
56.85,FSM Enemy 15,FSM,ChaseState,WallDisappear,1.00,12.8,0
56.85,FSM Enemy 1,FSM,ChaseState,WallDisappear,1.00,72.3,0
56.85,FSM Enemy 6,FSM,ChaseState,WallDisappear,0.70,56.0,0
56.85,FSM Enemy 5,FSM,ChaseState,WallDisappear,0.90,53.0,0
56.85,Utility Enemy 8,Utility,ChaseAction,WallDisappear,1.00,62.7,0
56.85,Utility Enemy 15,Utility,ChaseAction,WallDisappear,1.00,68.9,0
56.85,Utility Enemy 6,Utility,ChaseAction,WallDisappear,1.00,14.0,0
56.85,Utility Enemy 1,Utility,ChaseAction,WallDisappear,1.00,69.3,0
56.85,Utility Enemy 11,Utility,ChaseAction,WallDisappear,1.00,58.4,0
56.85,Utility Enemy 2,Utility,ChaseAction,WallDisappear,1.00,77.1,0
56.85,Utility Enemy 5,Utility,ChaseAction,WallDisappear,1.00,84.1,0
56.85,Utility Enemy 4,Utility,ChaseAction,WallDisappear,1.00,48.7,0
56.85,Utility Enemy 7,Utility,ChaseAction,WallDisappear,1.00,74.0,0
56.85,Utility Enemy 3,Utility,ChaseAction,WallDisappear,1.00,85.2,0
56.85,Utility Enemy 13,Utility,ChaseAction,WallDisappear,1.00,69.2,0
56.85,Utility Enemy 12,Utility,ChaseAction,WallDisappear,1.00,66.6,0
56.85,Utility Enemy 14,Utility,ChaseAction,WallDisappear,1.00,74.6,0
56.85,Utility Enemy 10,Utility,ChaseAction,WallDisappear,1.00,57.7,0
56.85,Utility Enemy 9,Utility,ChaseAction,WallDisappear,1.00,68.0,0
57.35,Player,Player,-,WallDisappear,0.95,,0
57.35,FSM Enemy 4,FSM,ChaseState,WallDisappear,1.00,71.4,0
57.35,FSM Enemy 3,FSM,ChaseState,WallDisappear,0.80,79.5,0
57.35,FSM Enemy 14,FSM,ChaseState,WallDisappear,1.00,84.2,0
57.35,FSM Enemy 13,FSM,ChaseState,WallDisappear,0.90,9.1,0
57.35,FSM Enemy 12,FSM,ChaseState,WallDisappear,0.80,59.9,0
57.35,FSM Enemy 10,FSM,ChaseState,WallDisappear,1.00,75.5,0
57.35,FSM Enemy 7,FSM,ChaseState,WallDisappear,1.00,49.0,0
57.35,FSM Enemy 8,FSM,ChaseState,WallDisappear,1.00,56.7,0
57.35,FSM Enemy 9,FSM,ChaseState,WallDisappear,1.00,56.6,0
57.35,FSM Enemy 2,FSM,ChaseState,WallDisappear,1.00,95.6,0
57.35,FSM Enemy 11,FSM,ChaseState,WallDisappear,1.00,39.6,0
57.35,FSM Enemy 15,FSM,ChaseState,WallDisappear,1.00,11.1,0
57.35,FSM Enemy 1,FSM,ChaseState,WallDisappear,1.00,70.5,0
57.35,FSM Enemy 6,FSM,ChaseState,WallDisappear,0.70,54.6,0
57.35,FSM Enemy 5,FSM,ChaseState,WallDisappear,0.90,52.8,0
57.35,Utility Enemy 8,Utility,ChaseAction,WallDisappear,1.00,61.7,0
57.35,Utility Enemy 15,Utility,ChaseAction,WallDisappear,1.00,67.9,0
57.35,Utility Enemy 6,Utility,ChaseAction,WallDisappear,1.00,14.0,0
57.35,Utility Enemy 1,Utility,ChaseAction,WallDisappear,1.00,68.0,0
57.35,Utility Enemy 11,Utility,ChaseAction,WallDisappear,1.00,56.2,0
57.35,Utility Enemy 2,Utility,ChaseAction,WallDisappear,1.00,74.9,0
57.35,Utility Enemy 5,Utility,ChaseAction,WallDisappear,1.00,82.3,0
57.35,Utility Enemy 4,Utility,ChaseAction,WallDisappear,1.00,49.4,0
57.35,Utility Enemy 7,Utility,ChaseAction,WallDisappear,1.00,73.3,0
57.35,Utility Enemy 3,Utility,ChaseAction,WallDisappear,1.00,83.2,0
57.35,Utility Enemy 13,Utility,ChaseAction,WallDisappear,1.00,67.3,0
57.35,Utility Enemy 12,Utility,ChaseAction,WallDisappear,1.00,64.9,0
57.35,Utility Enemy 14,Utility,ChaseAction,WallDisappear,1.00,72.8,0
57.35,Utility Enemy 10,Utility,ChaseAction,WallDisappear,1.00,56.2,0
57.35,Utility Enemy 9,Utility,ChaseAction,WallDisappear,1.00,66.2,0
57.86,Player,Player,-,None,0.95,,0
57.86,FSM Enemy 4,FSM,PatrolState,None,1.00,70.6,0
57.86,FSM Enemy 3,FSM,PatrolState,None,0.80,78.7,0
57.86,FSM Enemy 14,FSM,PatrolState,None,1.00,83.3,0
57.86,FSM Enemy 13,FSM,PatrolState,None,0.90,9.3,0
57.86,FSM Enemy 12,FSM,PatrolState,None,0.80,59.3,0
57.86,FSM Enemy 10,FSM,PatrolState,None,1.00,74.4,0
57.86,FSM Enemy 7,FSM,PatrolState,None,1.00,48.1,0
57.86,FSM Enemy 8,FSM,PatrolState,None,1.00,56.2,0
57.86,FSM Enemy 9,FSM,PatrolState,None,1.00,56.0,0
57.86,FSM Enemy 2,FSM,PatrolState,None,1.00,94.5,0
57.86,FSM Enemy 11,FSM,PatrolState,None,1.00,38.1,0
57.86,FSM Enemy 15,FSM,PatrolState,None,1.00,11.4,0
57.86,FSM Enemy 1,FSM,PatrolState,None,1.00,69.3,0
57.86,FSM Enemy 6,FSM,PatrolState,None,0.70,53.7,0
57.86,FSM Enemy 5,FSM,PatrolState,None,0.90,52.7,0
57.86,Utility Enemy 8,Utility,AttackAction,None,1.00,61.2,0
57.86,Utility Enemy 15,Utility,AttackAction,None,1.00,67.3,0
57.86,Utility Enemy 6,Utility,AttackAction,None,1.00,14.0,0
57.86,Utility Enemy 1,Utility,AttackAction,None,1.00,67.2,0
57.86,Utility Enemy 11,Utility,AttackAction,None,1.00,55.1,0
57.86,Utility Enemy 2,Utility,AttackAction,None,1.00,73.6,0
57.86,Utility Enemy 5,Utility,AttackAction,None,1.00,81.2,0
57.86,Utility Enemy 4,Utility,AttackAction,None,1.00,49.9,0
57.86,Utility Enemy 7,Utility,AttackAction,None,1.00,72.6,0
57.86,Utility Enemy 3,Utility,AttackAction,None,1.00,82.0,0
57.86,Utility Enemy 13,Utility,AttackAction,None,1.00,65.6,0
57.86,Utility Enemy 12,Utility,AttackAction,None,1.00,63.8,0
57.86,Utility Enemy 14,Utility,AttackAction,None,1.00,71.7,0
57.86,Utility Enemy 10,Utility,AttackAction,None,1.00,55.4,0
57.86,Utility Enemy 9,Utility,AttackAction,None,1.00,65.1,0
58.36,Player,Player,-,None,0.95,,0
58.36,FSM Enemy 4,FSM,PatrolState,None,1.00,72.3,0
58.36,FSM Enemy 3,FSM,PatrolState,None,0.80,81.1,0
58.36,FSM Enemy 14,FSM,PatrolState,None,1.00,85.7,0
58.36,FSM Enemy 13,FSM,PatrolState,None,0.90,10.9,0
58.36,FSM Enemy 12,FSM,PatrolState,None,0.80,60.6,0
58.36,FSM Enemy 10,FSM,PatrolState,None,1.00,76.9,0
58.36,FSM Enemy 7,FSM,PatrolState,None,1.00,48.4,0
58.36,FSM Enemy 8,FSM,PatrolState,None,1.00,57.0,0
58.36,FSM Enemy 9,FSM,PatrolState,None,1.00,56.7,0
58.36,FSM Enemy 2,FSM,PatrolState,None,1.00,97.2,0
58.36,FSM Enemy 11,FSM,PatrolState,None,1.00,37.0,0
58.36,FSM Enemy 15,FSM,PatrolState,None,1.00,13.1,0
58.36,FSM Enemy 1,FSM,PatrolState,None,1.00,71.3,0
58.36,FSM Enemy 6,FSM,PatrolState,None,0.70,54.5,0
58.36,FSM Enemy 5,FSM,PatrolState,None,0.90,54.3,0
58.36,Utility Enemy 8,Utility,AttackAction,None,1.00,63.1,0
58.36,Utility Enemy 15,Utility,AttackAction,None,1.00,69.2,0
58.36,Utility Enemy 6,Utility,AttackAction,None,1.00,14.7,0
58.36,Utility Enemy 1,Utility,AttackAction,None,1.00,69.1,0
58.36,Utility Enemy 11,Utility,AttackAction,None,1.00,57.0,0
58.36,Utility Enemy 2,Utility,AttackAction,None,1.00,75.3,0
58.36,Utility Enemy 5,Utility,AttackAction,None,1.00,82.9,0
58.36,Utility Enemy 4,Utility,AttackAction,None,1.00,51.7,0
58.36,Utility Enemy 7,Utility,AttackAction,None,1.00,73.2,0
58.36,Utility Enemy 3,Utility,AttackAction,None,1.00,83.2,0
58.36,Utility Enemy 13,Utility,AttackAction,None,1.00,67.2,0
58.36,Utility Enemy 12,Utility,AttackAction,None,1.00,64.6,0
58.36,Utility Enemy 14,Utility,AttackAction,None,1.00,72.7,0
58.36,Utility Enemy 10,Utility,AttackAction,None,1.00,55.8,0
58.36,Utility Enemy 9,Utility,AttackAction,None,1.00,65.8,0
58.86,Player,Player,-,None,0.95,,0
58.86,FSM Enemy 4,FSM,PatrolState,None,1.00,75.5,0
58.86,FSM Enemy 3,FSM,PatrolState,None,0.80,84.6,0
58.86,FSM Enemy 14,FSM,PatrolState,None,1.00,89.3,0
58.86,FSM Enemy 13,FSM,PatrolState,None,0.90,13.1,0
58.86,FSM Enemy 12,FSM,PatrolState,None,0.80,63.1,0
58.86,FSM Enemy 10,FSM,PatrolState,None,1.00,80.5,0
58.86,FSM Enemy 7,FSM,PatrolState,None,1.00,49.7,0
58.86,FSM Enemy 8,FSM,PatrolState,None,1.00,59.2,0
58.86,FSM Enemy 9,FSM,PatrolState,None,1.00,59.7,0
58.86,FSM Enemy 2,FSM,PatrolState,None,1.00,100.9,0
58.86,FSM Enemy 11,FSM,PatrolState,None,1.00,37.0,0
58.86,FSM Enemy 15,FSM,PatrolState,None,1.00,15.2,0
58.86,FSM Enemy 1,FSM,PatrolState,None,1.00,73.7,0
58.86,FSM Enemy 6,FSM,PatrolState,None,0.60,56.4,0
58.86,FSM Enemy 5,FSM,PatrolState,None,0.90,56.7,0
58.86,Utility Enemy 8,Utility,AttackAction,None,1.00,65.6,0
58.86,Utility Enemy 15,Utility,AttackAction,None,1.00,71.8,0
58.86,Utility Enemy 6,Utility,AttackAction,None,1.00,16.2,0
58.86,Utility Enemy 1,Utility,AttackAction,None,1.00,71.6,0
58.86,Utility Enemy 11,Utility,AttackAction,None,1.00,59.6,0
58.86,Utility Enemy 2,Utility,AttackAction,None,1.00,77.8,0
58.86,Utility Enemy 5,Utility,AttackAction,None,1.00,85.5,0
58.86,Utility Enemy 4,Utility,AttackAction,None,1.00,54.3,0
58.86,Utility Enemy 7,Utility,AttackAction,None,1.00,74.9,0
58.86,Utility Enemy 3,Utility,AttackAction,None,1.00,85.6,0
58.86,Utility Enemy 13,Utility,AttackAction,None,1.00,69.8,0
58.86,Utility Enemy 12,Utility,AttackAction,None,1.00,66.5,0
58.86,Utility Enemy 14,Utility,AttackAction,None,1.00,74.9,0
58.86,Utility Enemy 10,Utility,AttackAction,None,1.00,57.5,0
58.86,Utility Enemy 9,Utility,AttackAction,None,1.00,67.7,0
59.37,Player,Player,-,None,0.95,,0
59.37,FSM Enemy 4,FSM,PatrolState,None,1.00,78.4,0
59.37,FSM Enemy 3,FSM,PatrolState,None,0.80,86.1,0
59.37,FSM Enemy 14,FSM,PatrolState,None,1.00,92.1,0
59.37,FSM Enemy 13,FSM,PatrolState,None,0.90,14.5,0
59.37,FSM Enemy 12,FSM,PatrolState,None,0.80,65.6,0
59.37,FSM Enemy 10,FSM,PatrolState,None,1.00,83.2,0
59.37,FSM Enemy 7,FSM,PatrolState,None,1.00,50.1,0
59.37,FSM Enemy 8,FSM,PatrolState,None,1.00,60.2,0
59.37,FSM Enemy 9,FSM,PatrolState,None,1.00,62.2,0
59.37,FSM Enemy 2,FSM,PatrolState,None,1.00,103.3,0
59.37,FSM Enemy 11,FSM,PatrolState,None,1.00,38.2,0
59.37,FSM Enemy 15,FSM,PatrolState,None,1.00,16.6,0
59.37,FSM Enemy 1,FSM,PatrolState,None,1.00,73.3,0
59.37,FSM Enemy 6,FSM,PatrolState,None,0.60,59.3,0
59.37,FSM Enemy 5,FSM,PatrolState,None,0.90,56.6,0
59.37,Utility Enemy 8,Utility,AttackAction,None,1.00,65.8,0
59.37,Utility Enemy 15,Utility,AttackAction,None,1.00,72.0,0
59.37,Utility Enemy 6,Utility,AttackAction,None,1.00,17.2,0
59.37,Utility Enemy 1,Utility,AttackAction,None,1.00,72.0,0
59.37,Utility Enemy 11,Utility,AttackAction,None,1.00,59.9,0
59.37,Utility Enemy 2,Utility,AttackAction,None,1.00,78.8,0
59.37,Utility Enemy 5,Utility,AttackAction,None,1.00,86.3,0
59.37,Utility Enemy 4,Utility,AttackAction,None,1.00,54.6,0
59.37,Utility Enemy 7,Utility,AttackAction,None,1.00,77.1,0
59.37,Utility Enemy 3,Utility,AttackAction,None,1.00,87.1,0
59.37,Utility Enemy 13,Utility,AttackAction,None,1.00,70.6,0
59.37,Utility Enemy 12,Utility,AttackAction,None,1.00,68.6,0
59.37,Utility Enemy 14,Utility,AttackAction,None,1.00,76.7,0
59.37,Utility Enemy 10,Utility,AttackAction,None,1.00,59.7,0
59.37,Utility Enemy 9,Utility,AttackAction,None,1.00,69.8,0
59.87,Player,Player,-,None,0.95,,0
59.87,FSM Enemy 4,FSM,PatrolState,None,1.00,80.1,0
59.87,FSM Enemy 3,FSM,PatrolState,None,0.80,87.3,0
59.87,FSM Enemy 14,FSM,PatrolState,None,1.00,93.9,0
59.87,FSM Enemy 13,FSM,PatrolState,None,0.90,15.8,0
59.87,FSM Enemy 12,FSM,PatrolState,None,0.80,66.9,0
59.87,FSM Enemy 10,FSM,PatrolState,None,1.00,84.9,0
59.87,FSM Enemy 7,FSM,PatrolState,None,1.00,49.6,0
59.87,FSM Enemy 8,FSM,PatrolState,None,1.00,60.4,0
59.87,FSM Enemy 9,FSM,PatrolState,None,1.00,63.9,0
59.87,FSM Enemy 2,FSM,PatrolState,None,1.00,104.8,0
59.87,FSM Enemy 11,FSM,PatrolState,None,1.00,37.9,0
59.87,FSM Enemy 15,FSM,PatrolState,None,1.00,17.8,0
59.87,FSM Enemy 1,FSM,PatrolState,None,1.00,73.0,0
59.87,FSM Enemy 6,FSM,PatrolState,None,0.60,60.9,0
59.87,FSM Enemy 5,FSM,PatrolState,None,0.90,56.3,0
59.87,Utility Enemy 8,Utility,AttackAction,None,1.00,65.7,0
59.87,Utility Enemy 15,Utility,AttackAction,None,1.00,72.0,0
59.87,Utility Enemy 6,Utility,AttackAction,None,1.00,17.6,0
59.87,Utility Enemy 1,Utility,AttackAction,None,1.00,72.0,0
59.87,Utility Enemy 11,Utility,AttackAction,None,1.00,59.9,0
59.87,Utility Enemy 2,Utility,AttackAction,None,1.00,79.0,0
59.87,Utility Enemy 5,Utility,AttackAction,None,1.00,86.5,0
59.87,Utility Enemy 4,Utility,AttackAction,None,1.00,54.6,0
59.87,Utility Enemy 7,Utility,AttackAction,None,1.00,77.9,0
59.87,Utility Enemy 3,Utility,AttackAction,None,1.00,87.7,0
59.87,Utility Enemy 13,Utility,AttackAction,None,1.00,70.7,0
59.87,Utility Enemy 12,Utility,AttackAction,None,1.00,69.3,0
59.87,Utility Enemy 14,Utility,AttackAction,None,1.00,77.3,0
59.87,Utility Enemy 10,Utility,AttackAction,None,1.00,60.5,0
59.87,Utility Enemy 9,Utility,AttackAction,None,1.00,70.6,0
60.37,Player,Player,-,None,0.95,,0
60.37,FSM Enemy 4,FSM,PatrolState,None,1.00,81.9,0
60.37,FSM Enemy 3,FSM,PatrolState,None,0.80,88.5,0
60.37,FSM Enemy 14,FSM,PatrolState,None,1.00,95.7,0
60.37,FSM Enemy 13,FSM,PatrolState,None,0.90,16.9,0
60.37,FSM Enemy 12,FSM,PatrolState,None,0.80,68.2,0
60.37,FSM Enemy 10,FSM,PatrolState,None,1.00,86.7,0
60.37,FSM Enemy 7,FSM,PatrolState,None,1.00,49.2,0
60.37,FSM Enemy 8,FSM,PatrolState,None,1.00,60.8,0
60.37,FSM Enemy 9,FSM,PatrolState,None,1.00,65.7,0
60.37,FSM Enemy 2,FSM,PatrolState,None,1.00,106.5,0
60.37,FSM Enemy 11,FSM,PatrolState,None,1.00,37.5,0
60.37,FSM Enemy 15,FSM,PatrolState,None,1.00,18.9,0
60.37,FSM Enemy 1,FSM,PatrolState,None,1.00,72.9,0
60.37,FSM Enemy 6,FSM,PatrolState,None,0.60,62.5,0
60.37,FSM Enemy 5,FSM,PatrolState,None,0.90,56.1,0
60.37,Utility Enemy 8,Utility,AttackAction,None,1.00,65.9,0
60.37,Utility Enemy 15,Utility,AttackAction,None,1.00,72.2,0
60.37,Utility Enemy 6,Utility,AttackAction,None,1.00,18.0,0
60.37,Utility Enemy 1,Utility,AttackAction,None,1.00,72.3,0
60.37,Utility Enemy 11,Utility,AttackAction,None,1.00,60.0,0
60.37,Utility Enemy 2,Utility,AttackAction,None,1.00,79.5,0
60.37,Utility Enemy 5,Utility,AttackAction,None,1.00,86.8,0
60.37,Utility Enemy 4,Utility,AttackAction,None,1.00,54.8,0
60.37,Utility Enemy 7,Utility,AttackAction,None,1.00,78.7,0
60.37,Utility Enemy 3,Utility,AttackAction,None,1.00,88.3,0
60.37,Utility Enemy 13,Utility,AttackAction,None,1.00,71.1,0
60.37,Utility Enemy 12,Utility,AttackAction,None,1.00,70.1,0
60.37,Utility Enemy 14,Utility,AttackAction,None,1.00,78.0,0
60.37,Utility Enemy 10,Utility,AttackAction,None,1.00,61.4,0
60.37,Utility Enemy 9,Utility,AttackAction,None,1.00,71.3,0
60.88,Player,Player,-,None,0.95,,0
60.88,FSM Enemy 4,FSM,PatrolState,None,1.00,83.5,0
60.88,FSM Enemy 3,FSM,PatrolState,None,0.80,89.9,0
60.88,FSM Enemy 14,FSM,PatrolState,None,1.00,97.5,0
60.88,FSM Enemy 13,FSM,PatrolState,None,0.90,17.4,0
60.88,FSM Enemy 12,FSM,PatrolState,None,0.80,69.2,0
60.88,FSM Enemy 10,FSM,PatrolState,None,1.00,88.4,0
60.88,FSM Enemy 7,FSM,PatrolState,None,1.00,48.7,0
60.88,FSM Enemy 8,FSM,PatrolState,None,1.00,61.2,0
60.88,FSM Enemy 9,FSM,PatrolState,None,1.00,67.4,0
60.88,FSM Enemy 2,FSM,PatrolState,None,1.00,108.2,0
60.88,FSM Enemy 11,FSM,PatrolState,None,1.00,36.5,0
60.88,FSM Enemy 15,FSM,PatrolState,None,1.00,19.9,0
60.88,FSM Enemy 1,FSM,PatrolState,None,1.00,73.2,0
60.88,FSM Enemy 6,FSM,PatrolState,None,0.60,63.6,0
60.88,FSM Enemy 5,FSM,PatrolState,None,0.90,56.3,0
60.88,Utility Enemy 8,Utility,AttackAction,None,1.00,66.3,0
60.88,Utility Enemy 15,Utility,AttackAction,None,1.00,72.6,0
60.88,Utility Enemy 6,Utility,AttackAction,None,1.00,17.9,0
60.88,Utility Enemy 1,Utility,AttackAction,None,1.00,72.7,0
60.88,Utility Enemy 11,Utility,AttackAction,None,1.00,60.5,0
60.88,Utility Enemy 2,Utility,AttackAction,None,1.00,80.0,0
60.88,Utility Enemy 5,Utility,AttackAction,None,1.00,87.3,0
60.88,Utility Enemy 4,Utility,AttackAction,None,1.00,55.2,0
60.88,Utility Enemy 7,Utility,AttackAction,None,1.00,79.1,0
60.88,Utility Enemy 3,Utility,AttackAction,None,1.00,88.8,0
60.88,Utility Enemy 13,Utility,AttackAction,None,1.00,71.6,0
60.88,Utility Enemy 12,Utility,AttackAction,None,1.00,70.5,0
60.88,Utility Enemy 14,Utility,AttackAction,None,1.00,78.5,0
60.88,Utility Enemy 10,Utility,AttackAction,None,1.00,61.7,0
60.88,Utility Enemy 9,Utility,AttackAction,None,1.00,71.8,0
61.38,Player,Player,-,None,0.95,,0
61.38,FSM Enemy 4,FSM,PatrolState,None,1.00,84.6,0
61.38,FSM Enemy 3,FSM,PatrolState,None,0.80,90.8,0
61.38,FSM Enemy 14,FSM,PatrolState,None,1.00,98.7,0
61.38,FSM Enemy 13,FSM,PatrolState,None,0.90,18.1,0
61.38,FSM Enemy 12,FSM,PatrolState,None,0.80,69.8,0
61.38,FSM Enemy 10,FSM,PatrolState,None,1.00,89.7,0
61.38,FSM Enemy 7,FSM,PatrolState,None,1.00,47.7,0
61.38,FSM Enemy 8,FSM,PatrolState,None,1.00,61.1,0
61.38,FSM Enemy 9,FSM,PatrolState,None,1.00,68.6,0
61.38,FSM Enemy 2,FSM,PatrolState,None,1.00,109.4,0
61.38,FSM Enemy 11,FSM,PatrolState,None,1.00,35.3,0
61.38,FSM Enemy 15,FSM,PatrolState,None,1.00,20.9,0
61.38,FSM Enemy 1,FSM,PatrolState,None,1.00,73.2,0
61.38,FSM Enemy 6,FSM,PatrolState,None,0.60,64.3,0
61.38,FSM Enemy 5,FSM,PatrolState,None,0.90,56.2,0
61.38,Utility Enemy 8,Utility,AttackAction,None,1.00,66.3,0
61.38,Utility Enemy 15,Utility,AttackAction,None,1.00,72.6,0
61.38,Utility Enemy 6,Utility,AttackAction,None,1.00,17.9,0
61.38,Utility Enemy 1,Utility,AttackAction,None,1.00,72.7,0
61.38,Utility Enemy 11,Utility,AttackAction,None,1.00,60.5,0
61.38,Utility Enemy 2,Utility,AttackAction,None,1.00,80.0,0
61.38,Utility Enemy 5,Utility,AttackAction,None,1.00,87.3,0
61.38,Utility Enemy 4,Utility,AttackAction,None,1.00,55.2,0
61.38,Utility Enemy 7,Utility,AttackAction,None,1.00,79.1,0
61.38,Utility Enemy 3,Utility,AttackAction,None,1.00,88.8,0
61.38,Utility Enemy 13,Utility,AttackAction,None,1.00,71.6,0
61.38,Utility Enemy 12,Utility,AttackAction,None,1.00,70.5,0
61.38,Utility Enemy 14,Utility,AttackAction,None,1.00,78.5,0
61.38,Utility Enemy 10,Utility,AttackAction,None,1.00,61.7,0
61.38,Utility Enemy 9,Utility,AttackAction,None,1.00,71.8,0
61.89,Player,Player,-,None,0.95,,0
61.89,FSM Enemy 4,FSM,PatrolState,None,1.00,85.6,0
61.89,FSM Enemy 3,FSM,PatrolState,None,0.80,91.0,0
61.89,FSM Enemy 14,FSM,PatrolState,None,1.00,99.6,0
61.89,FSM Enemy 13,FSM,PatrolState,None,0.90,17.4,0
61.89,FSM Enemy 12,FSM,PatrolState,None,0.80,70.5,0
61.89,FSM Enemy 10,FSM,PatrolState,None,1.00,90.5,0
61.89,FSM Enemy 7,FSM,PatrolState,None,1.00,46.5,0
61.89,FSM Enemy 8,FSM,PatrolState,None,1.00,60.4,0
61.89,FSM Enemy 9,FSM,PatrolState,None,1.00,69.4,0
61.89,FSM Enemy 2,FSM,PatrolState,None,1.00,110.1,0
61.89,FSM Enemy 11,FSM,PatrolState,None,1.00,34.3,0
61.89,FSM Enemy 15,FSM,PatrolState,None,1.00,21.1,0
61.89,FSM Enemy 1,FSM,PatrolState,None,1.00,72.2,0
61.89,FSM Enemy 6,FSM,PatrolState,None,0.60,64.6,0
61.89,FSM Enemy 5,FSM,PatrolState,None,0.90,55.0,0
61.89,Utility Enemy 8,Utility,AttackAction,None,1.00,65.4,0
61.89,Utility Enemy 15,Utility,AttackAction,None,1.00,71.8,0
61.89,Utility Enemy 6,Utility,AttackAction,None,1.00,17.3,0
61.89,Utility Enemy 1,Utility,AttackAction,None,1.00,71.9,0
61.89,Utility Enemy 11,Utility,AttackAction,None,1.00,59.6,0
61.89,Utility Enemy 2,Utility,AttackAction,None,1.00,79.4,0
61.89,Utility Enemy 5,Utility,AttackAction,None,1.00,86.7,0
61.89,Utility Enemy 4,Utility,AttackAction,None,1.00,54.3,0
61.89,Utility Enemy 7,Utility,AttackAction,None,1.00,79.3,0
61.89,Utility Enemy 3,Utility,AttackAction,None,1.00,88.5,0
61.89,Utility Enemy 13,Utility,AttackAction,None,1.00,70.9,0
61.89,Utility Enemy 12,Utility,AttackAction,None,1.00,70.5,0
61.89,Utility Enemy 14,Utility,AttackAction,None,1.00,78.4,0
61.89,Utility Enemy 10,Utility,AttackAction,None,1.00,61.9,0
61.89,Utility Enemy 9,Utility,AttackAction,None,1.00,71.8,0
62.39,Player,Player,-,None,0.95,,0
62.39,FSM Enemy 4,FSM,PatrolState,None,1.00,86.4,0
62.39,FSM Enemy 3,FSM,PatrolState,None,0.80,91.4,0
62.39,FSM Enemy 14,FSM,PatrolState,None,1.00,100.4,0
62.39,FSM Enemy 13,FSM,PatrolState,None,0.90,16.8,0
62.39,FSM Enemy 12,FSM,PatrolState,None,0.80,70.9,0
62.39,FSM Enemy 10,FSM,PatrolState,None,1.00,91.3,0
62.39,FSM Enemy 7,FSM,PatrolState,None,1.00,45.2,0
62.39,FSM Enemy 8,FSM,PatrolState,None,1.00,59.9,0
62.39,FSM Enemy 9,FSM,PatrolState,None,1.00,70.2,0
62.39,FSM Enemy 2,FSM,PatrolState,None,1.00,110.9,0
62.39,FSM Enemy 11,FSM,PatrolState,None,1.00,32.8,0
62.39,FSM Enemy 15,FSM,PatrolState,None,1.00,21.6,0
62.39,FSM Enemy 1,FSM,PatrolState,None,1.00,72.1,0
62.39,FSM Enemy 6,FSM,PatrolState,None,0.60,64.4,0
62.39,FSM Enemy 5,FSM,PatrolState,None,0.90,54.2,0
62.39,Utility Enemy 8,Utility,AttackAction,None,1.00,64.8,0
62.39,Utility Enemy 15,Utility,AttackAction,None,1.00,71.2,0
62.39,Utility Enemy 6,Utility,AttackAction,None,1.00,16.8,0
62.39,Utility Enemy 1,Utility,AttackAction,None,1.00,71.3,0
62.39,Utility Enemy 11,Utility,AttackAction,None,1.00,59.0,0
62.39,Utility Enemy 2,Utility,AttackAction,None,1.00,78.9,0
62.39,Utility Enemy 5,Utility,AttackAction,None,1.00,86.2,0
62.39,Utility Enemy 4,Utility,AttackAction,None,1.00,53.7,0
62.39,Utility Enemy 7,Utility,AttackAction,None,1.00,79.0,0
62.39,Utility Enemy 3,Utility,AttackAction,None,1.00,88.1,0
62.39,Utility Enemy 13,Utility,AttackAction,None,1.00,70.4,0
62.39,Utility Enemy 12,Utility,AttackAction,None,1.00,70.2,0
62.39,Utility Enemy 14,Utility,AttackAction,None,1.00,78.0,0
62.39,Utility Enemy 10,Utility,AttackAction,None,1.00,61.6,0
62.39,Utility Enemy 9,Utility,AttackAction,None,1.00,71.5,0
62.90,Player,Player,-,None,0.95,,0
62.90,FSM Enemy 4,FSM,PatrolState,None,1.00,87.0,0
62.90,FSM Enemy 3,FSM,PatrolState,None,0.80,91.8,0
62.90,FSM Enemy 14,FSM,PatrolState,None,1.00,101.2,0
62.90,FSM Enemy 13,FSM,PatrolState,None,0.90,16.4,0
62.90,FSM Enemy 12,FSM,PatrolState,None,0.80,71.2,0
62.90,FSM Enemy 10,FSM,PatrolState,None,1.00,92.1,0
62.90,FSM Enemy 7,FSM,PatrolState,None,1.00,43.8,0
62.90,FSM Enemy 8,FSM,PatrolState,None,1.00,59.5,0
62.90,FSM Enemy 9,FSM,PatrolState,None,1.00,70.4,0
62.90,FSM Enemy 2,FSM,PatrolState,None,1.00,111.3,0
62.90,FSM Enemy 11,FSM,PatrolState,None,1.00,31.2,0
62.90,FSM Enemy 15,FSM,PatrolState,None,1.00,22.1,0
62.90,FSM Enemy 1,FSM,PatrolState,None,1.00,72.4,0
62.90,FSM Enemy 6,FSM,PatrolState,None,0.60,64.1,0
62.90,FSM Enemy 5,FSM,PatrolState,None,0.90,53.8,0
62.90,Utility Enemy 8,Utility,AttackAction,None,1.00,64.4,0
62.90,Utility Enemy 15,Utility,AttackAction,None,1.00,70.8,0
62.90,Utility Enemy 6,Utility,AttackAction,None,1.00,16.3,0
62.90,Utility Enemy 1,Utility,AttackAction,None,1.00,70.9,0
62.90,Utility Enemy 11,Utility,AttackAction,None,1.00,58.6,0
62.90,Utility Enemy 2,Utility,AttackAction,None,1.00,78.4,0
62.90,Utility Enemy 5,Utility,AttackAction,None,1.00,85.7,0
62.90,Utility Enemy 4,Utility,AttackAction,None,1.00,53.3,0
62.90,Utility Enemy 7,Utility,AttackAction,None,1.00,78.6,0
62.90,Utility Enemy 3,Utility,AttackAction,None,1.00,87.6,0
62.90,Utility Enemy 13,Utility,AttackAction,None,1.00,69.9,0
62.90,Utility Enemy 12,Utility,AttackAction,None,1.00,69.8,0
62.90,Utility Enemy 14,Utility,AttackAction,None,1.00,77.5,0
62.90,Utility Enemy 10,Utility,AttackAction,None,1.00,61.2,0
62.90,Utility Enemy 9,Utility,AttackAction,None,1.00,71.0,0
63.40,Player,Player,-,None,0.95,,0
63.40,FSM Enemy 4,FSM,PatrolState,None,1.00,87.4,0
63.40,FSM Enemy 3,FSM,PatrolState,None,0.80,91.6,0
63.40,FSM Enemy 14,FSM,PatrolState,None,1.00,101.4,0
63.40,FSM Enemy 13,FSM,PatrolState,None,0.90,15.2,0
63.40,FSM Enemy 12,FSM,PatrolState,None,0.80,71.3,0
63.40,FSM Enemy 10,FSM,PatrolState,None,1.00,92.4,0
63.40,FSM Enemy 7,FSM,PatrolState,None,1.00,42.0,0
63.40,FSM Enemy 8,FSM,PatrolState,None,1.00,58.4,0
63.40,FSM Enemy 9,FSM,PatrolState,None,1.00,68.9,0
63.40,FSM Enemy 2,FSM,PatrolState,None,1.00,111.2,0
63.40,FSM Enemy 11,FSM,PatrolState,None,1.00,29.5,0
63.40,FSM Enemy 15,FSM,PatrolState,None,1.00,22.0,0
63.40,FSM Enemy 1,FSM,PatrolState,None,1.00,72.1,0
63.40,FSM Enemy 6,FSM,PatrolState,None,0.60,63.8,0
63.40,FSM Enemy 5,FSM,PatrolState,None,0.90,52.5,0
63.40,Utility Enemy 8,Utility,AttackAction,None,1.00,63.2,0
63.40,Utility Enemy 15,Utility,AttackAction,None,1.00,69.6,0
63.40,Utility Enemy 6,Utility,AttackAction,None,1.00,15.3,0
63.40,Utility Enemy 1,Utility,AttackAction,None,1.00,69.7,0
63.40,Utility Enemy 11,Utility,AttackAction,None,1.00,57.4,0
63.40,Utility Enemy 2,Utility,AttackAction,None,1.00,77.3,0
63.40,Utility Enemy 5,Utility,AttackAction,None,1.00,84.6,0
63.40,Utility Enemy 4,Utility,AttackAction,None,1.00,52.1,0
63.40,Utility Enemy 7,Utility,AttackAction,None,1.00,78.0,0
63.40,Utility Enemy 3,Utility,AttackAction,None,1.00,86.7,0
63.40,Utility Enemy 13,Utility,AttackAction,None,1.00,68.8,0
63.40,Utility Enemy 12,Utility,AttackAction,None,1.00,69.0,0
63.40,Utility Enemy 14,Utility,AttackAction,None,1.00,76.7,0
63.40,Utility Enemy 10,Utility,AttackAction,None,1.00,60.6,0
63.40,Utility Enemy 9,Utility,AttackAction,None,1.00,70.3,0
63.90,Player,Player,-,None,0.95,,0
63.90,FSM Enemy 4,FSM,PatrolState,None,1.00,87.7,0
63.90,FSM Enemy 3,FSM,PatrolState,None,0.80,91.8,0
63.90,FSM Enemy 14,FSM,PatrolState,None,1.00,101.8,0
63.90,FSM Enemy 13,FSM,PatrolState,None,0.90,14.1,0
63.90,FSM Enemy 12,FSM,PatrolState,None,0.80,71.8,0
63.90,FSM Enemy 10,FSM,PatrolState,None,1.00,92.6,0
63.90,FSM Enemy 7,FSM,PatrolState,None,1.00,40.6,0
63.90,FSM Enemy 8,FSM,PatrolState,None,1.00,58.1,0
63.90,FSM Enemy 9,FSM,PatrolState,None,1.00,67.3,0
63.90,FSM Enemy 2,FSM,PatrolState,None,1.00,111.4,0
63.90,FSM Enemy 11,FSM,PatrolState,None,1.00,28.2,0
63.90,FSM Enemy 15,FSM,PatrolState,None,1.00,21.2,0
63.90,FSM Enemy 1,FSM,PatrolState,None,1.00,72.0,0
63.90,FSM Enemy 6,FSM,PatrolState,None,0.60,63.9,0
63.90,FSM Enemy 5,FSM,PatrolState,None,0.90,51.8,0
63.90,Utility Enemy 8,Utility,AttackAction,None,1.00,62.2,0
63.90,Utility Enemy 15,Utility,AttackAction,None,1.00,68.6,0
63.90,Utility Enemy 6,Utility,AttackAction,None,1.00,14.6,0
63.90,Utility Enemy 1,Utility,AttackAction,None,1.00,68.8,0
63.90,Utility Enemy 11,Utility,AttackAction,None,1.00,56.4,0
63.90,Utility Enemy 2,Utility,AttackAction,None,1.00,76.5,0
63.90,Utility Enemy 5,Utility,AttackAction,None,1.00,83.8,0
63.90,Utility Enemy 4,Utility,AttackAction,None,1.00,51.1,0
63.90,Utility Enemy 7,Utility,AttackAction,None,1.00,77.8,0
63.90,Utility Enemy 3,Utility,AttackAction,None,1.00,86.1,0
63.90,Utility Enemy 13,Utility,AttackAction,None,1.00,67.9,0
63.90,Utility Enemy 12,Utility,AttackAction,None,1.00,68.7,0
63.90,Utility Enemy 14,Utility,AttackAction,None,1.00,76.3,0
63.90,Utility Enemy 10,Utility,AttackAction,None,1.00,60.4,0
63.90,Utility Enemy 9,Utility,AttackAction,None,1.00,70.0,0
64.41,Player,Player,-,None,0.95,,0
64.41,FSM Enemy 4,FSM,PatrolState,None,1.00,88.5,0
64.41,FSM Enemy 3,FSM,PatrolState,None,0.80,92.8,0
64.41,FSM Enemy 14,FSM,PatrolState,None,1.00,102.3,0
64.41,FSM Enemy 13,FSM,PatrolState,None,0.90,13.9,0
64.41,FSM Enemy 12,FSM,PatrolState,None,0.80,73.0,0
64.41,FSM Enemy 10,FSM,PatrolState,None,1.00,93.3,0
64.41,FSM Enemy 7,FSM,PatrolState,None,1.00,39.6,0
64.41,FSM Enemy 8,FSM,PatrolState,None,1.00,58.9,0
64.41,FSM Enemy 9,FSM,PatrolState,None,1.00,68.2,0
64.41,FSM Enemy 2,FSM,PatrolState,None,1.00,112.4,0
64.41,FSM Enemy 11,FSM,PatrolState,None,1.00,27.4,0
64.41,FSM Enemy 15,FSM,PatrolState,None,1.00,20.7,0
64.41,FSM Enemy 1,FSM,PatrolState,None,1.00,72.6,0
64.41,FSM Enemy 6,FSM,PatrolState,None,0.60,64.6,0
64.41,FSM Enemy 5,FSM,PatrolState,None,0.90,52.0,0
64.41,Utility Enemy 8,Utility,AttackAction,None,1.00,61.9,0
64.41,Utility Enemy 15,Utility,AttackAction,None,1.00,68.4,0
64.41,Utility Enemy 6,Utility,AttackAction,None,1.00,14.8,0
64.41,Utility Enemy 1,Utility,AttackAction,None,1.00,68.6,0
64.41,Utility Enemy 11,Utility,AttackAction,None,1.00,56.2,0
64.41,Utility Enemy 2,Utility,AttackAction,None,1.00,76.5,0
64.41,Utility Enemy 5,Utility,AttackAction,None,1.00,83.7,0
64.41,Utility Enemy 4,Utility,AttackAction,None,1.00,50.9,0
64.41,Utility Enemy 7,Utility,AttackAction,None,1.00,78.2,0
64.41,Utility Enemy 3,Utility,AttackAction,None,1.00,86.3,0
64.41,Utility Enemy 13,Utility,AttackAction,None,1.00,67.9,0
64.41,Utility Enemy 12,Utility,AttackAction,None,1.00,69.1,0
64.41,Utility Enemy 14,Utility,AttackAction,None,1.00,76.5,0
64.41,Utility Enemy 10,Utility,AttackAction,None,1.00,60.8,0
64.41,Utility Enemy 9,Utility,AttackAction,None,1.00,70.4,0
64.91,Player,Player,-,None,0.95,,0
64.91,FSM Enemy 4,FSM,PatrolState,None,1.00,89.1,0
64.91,FSM Enemy 3,FSM,PatrolState,None,0.80,93.8,0
64.91,FSM Enemy 14,FSM,PatrolState,None,1.00,103.5,0
64.91,FSM Enemy 13,FSM,PatrolState,None,0.90,13.9,0
64.91,FSM Enemy 12,FSM,PatrolState,None,0.80,73.7,0
64.91,FSM Enemy 10,FSM,PatrolState,None,1.00,93.9,0
64.91,FSM Enemy 7,FSM,PatrolState,None,1.00,38.4,0
64.91,FSM Enemy 8,FSM,PatrolState,None,1.00,59.8,0
64.91,FSM Enemy 9,FSM,PatrolState,None,1.00,69.5,0
64.91,FSM Enemy 2,FSM,PatrolState,None,1.00,113.3,0
64.91,FSM Enemy 11,FSM,PatrolState,None,1.00,26.2,0
64.91,FSM Enemy 15,FSM,PatrolState,None,1.00,20.1,0
64.91,FSM Enemy 1,FSM,PatrolState,None,1.00,73.6,0
64.91,FSM Enemy 6,FSM,PatrolState,None,0.60,64.8,0
64.91,FSM Enemy 5,FSM,PatrolState,None,0.90,52.5,0
64.91,Utility Enemy 8,Utility,AttackAction,None,1.00,61.9,0
64.91,Utility Enemy 15,Utility,AttackAction,None,1.00,68.4,0
64.91,Utility Enemy 6,Utility,AttackAction,None,1.00,14.7,0
64.91,Utility Enemy 1,Utility,AttackAction,None,1.00,68.6,0
64.91,Utility Enemy 11,Utility,AttackAction,None,1.00,56.2,0
64.91,Utility Enemy 2,Utility,AttackAction,None,1.00,76.5,0
64.91,Utility Enemy 5,Utility,AttackAction,None,1.00,83.7,0
64.91,Utility Enemy 4,Utility,AttackAction,None,1.00,50.9,0
64.91,Utility Enemy 7,Utility,AttackAction,None,1.00,78.2,0
64.91,Utility Enemy 3,Utility,AttackAction,None,1.00,86.3,0
64.91,Utility Enemy 13,Utility,AttackAction,None,1.00,67.8,0
64.91,Utility Enemy 12,Utility,AttackAction,None,1.00,69.1,0
64.91,Utility Enemy 14,Utility,AttackAction,None,1.00,76.5,0
64.91,Utility Enemy 10,Utility,AttackAction,None,1.00,60.9,0
64.91,Utility Enemy 9,Utility,AttackAction,None,1.00,70.4,0
65.42,Player,Player,-,None,0.95,,0
65.42,FSM Enemy 4,FSM,PatrolState,None,1.00,89.7,0
65.42,FSM Enemy 3,FSM,PatrolState,None,0.80,94.8,0
65.42,FSM Enemy 14,FSM,PatrolState,None,1.00,104.7,0
65.42,FSM Enemy 13,FSM,PatrolState,None,0.90,13.9,0
65.42,FSM Enemy 12,FSM,PatrolState,None,0.80,74.6,0
65.42,FSM Enemy 10,FSM,PatrolState,None,1.00,94.4,0
65.42,FSM Enemy 7,FSM,PatrolState,None,1.00,37.1,0
65.42,FSM Enemy 8,FSM,PatrolState,None,1.00,60.6,0
65.42,FSM Enemy 9,FSM,PatrolState,None,1.00,70.7,0
65.42,FSM Enemy 2,FSM,PatrolState,None,1.00,114.1,0
65.42,FSM Enemy 11,FSM,PatrolState,None,1.00,25.1,0
65.42,FSM Enemy 15,FSM,PatrolState,None,1.00,20.8,0
65.42,FSM Enemy 1,FSM,PatrolState,None,1.00,74.4,0
65.42,FSM Enemy 6,FSM,PatrolState,None,0.60,65.4,0
65.42,FSM Enemy 5,FSM,PatrolState,None,0.90,52.9,0
65.42,Utility Enemy 8,Utility,AttackAction,None,1.00,61.7,0
65.42,Utility Enemy 15,Utility,AttackAction,None,1.00,68.2,0
65.42,Utility Enemy 6,Utility,AttackAction,None,1.00,14.7,0
65.42,Utility Enemy 1,Utility,AttackAction,None,1.00,68.4,0
65.42,Utility Enemy 11,Utility,AttackAction,None,1.00,56.0,0
65.42,Utility Enemy 2,Utility,AttackAction,None,1.00,76.4,0
65.42,Utility Enemy 5,Utility,AttackAction,None,1.00,83.5,0
65.42,Utility Enemy 4,Utility,AttackAction,None,1.00,50.7,0
65.42,Utility Enemy 7,Utility,AttackAction,None,1.00,78.2,0
65.42,Utility Enemy 3,Utility,AttackAction,None,1.00,86.2,0
65.42,Utility Enemy 13,Utility,AttackAction,None,1.00,67.7,0
65.42,Utility Enemy 12,Utility,AttackAction,None,1.00,69.1,0
65.42,Utility Enemy 14,Utility,AttackAction,None,1.00,76.5,0
65.42,Utility Enemy 10,Utility,AttackAction,None,1.00,60.9,0
65.42,Utility Enemy 9,Utility,AttackAction,None,1.00,70.4,0
65.92,Player,Player,-,None,0.95,,0
65.92,FSM Enemy 4,FSM,PatrolState,None,1.00,90.0,0
65.92,FSM Enemy 3,FSM,PatrolState,None,0.80,95.0,0
65.92,FSM Enemy 14,FSM,PatrolState,None,1.00,105.4,0
65.92,FSM Enemy 13,FSM,PatrolState,None,0.90,12.9,0
65.92,FSM Enemy 12,FSM,PatrolState,None,0.80,75.4,0
65.92,FSM Enemy 10,FSM,PatrolState,None,1.00,94.4,0
65.92,FSM Enemy 7,FSM,PatrolState,None,1.00,35.5,0
65.92,FSM Enemy 8,FSM,PatrolState,None,1.00,60.8,0
65.92,FSM Enemy 9,FSM,PatrolState,None,1.00,71.4,0
65.92,FSM Enemy 2,FSM,PatrolState,None,1.00,114.4,0
65.92,FSM Enemy 11,FSM,PatrolState,None,1.00,24.0,0
65.92,FSM Enemy 15,FSM,PatrolState,None,1.00,21.4,0
65.92,FSM Enemy 1,FSM,PatrolState,None,1.00,74.2,0
65.92,FSM Enemy 6,FSM,PatrolState,None,0.60,66.4,0
65.92,FSM Enemy 5,FSM,PatrolState,None,0.90,52.3,0
65.92,Utility Enemy 8,Utility,AttackAction,None,1.00,60.7,0
65.92,Utility Enemy 15,Utility,AttackAction,None,1.00,67.2,0
65.92,Utility Enemy 6,Utility,AttackAction,None,1.00,14.4,1
65.92,Utility Enemy 1,Utility,AttackAction,None,1.00,67.4,0
65.92,Utility Enemy 11,Utility,AttackAction,None,1.00,55.0,0
65.92,Utility Enemy 2,Utility,AttackAction,None,1.00,75.6,0
65.92,Utility Enemy 5,Utility,AttackAction,None,1.00,82.7,0
65.92,Utility Enemy 4,Utility,AttackAction,None,1.00,49.7,0
65.92,Utility Enemy 7,Utility,AttackAction,None,1.00,78.2,0
65.92,Utility Enemy 3,Utility,AttackAction,None,1.00,85.7,0
65.92,Utility Enemy 13,Utility,AttackAction,None,1.00,66.9,0
65.92,Utility Enemy 12,Utility,AttackAction,None,1.00,68.9,0
65.92,Utility Enemy 14,Utility,AttackAction,None,1.00,76.2,0
65.92,Utility Enemy 10,Utility,AttackAction,None,1.00,60.9,0
65.92,Utility Enemy 9,Utility,AttackAction,None,1.00,70.2,0
66.43,Player,Player,-,None,0.89,,0
66.43,FSM Enemy 4,FSM,PatrolState,None,1.00,89.9,0
66.43,FSM Enemy 3,FSM,PatrolState,None,0.80,95.3,0
66.43,FSM Enemy 14,FSM,PatrolState,None,1.00,105.9,0
66.43,FSM Enemy 13,FSM,PatrolState,None,0.90,12.8,0
66.43,FSM Enemy 12,FSM,PatrolState,None,0.80,75.5,0
66.43,FSM Enemy 10,FSM,PatrolState,None,1.00,94.2,0
66.43,FSM Enemy 7,FSM,PatrolState,None,1.00,33.5,0
66.43,FSM Enemy 8,FSM,PatrolState,None,1.00,61.0,0
66.43,FSM Enemy 9,FSM,PatrolState,None,1.00,71.8,0
66.43,FSM Enemy 2,FSM,PatrolState,None,1.00,114.5,0
66.43,FSM Enemy 11,FSM,PatrolState,None,1.00,22.3,0
66.43,FSM Enemy 15,FSM,PatrolState,None,1.00,21.7,0
66.43,FSM Enemy 1,FSM,PatrolState,None,1.00,74.8,0
66.43,FSM Enemy 6,FSM,PatrolState,None,0.60,66.6,0
66.43,FSM Enemy 5,FSM,PatrolState,None,0.90,52.5,0
66.43,Utility Enemy 8,Utility,AttackAction,None,1.00,59.9,0
66.43,Utility Enemy 15,Utility,AttackAction,None,1.00,66.4,0
66.43,Utility Enemy 6,Utility,AttackAction,None,1.00,13.7,1
66.43,Utility Enemy 1,Utility,AttackAction,None,1.00,66.7,0
66.43,Utility Enemy 11,Utility,AttackAction,None,1.00,54.2,0
66.43,Utility Enemy 2,Utility,AttackAction,None,1.00,74.8,0
66.43,Utility Enemy 5,Utility,AttackAction,None,1.00,81.9,0
66.43,Utility Enemy 4,Utility,AttackAction,None,1.00,48.9,0
66.43,Utility Enemy 7,Utility,AttackAction,None,1.00,77.4,0
66.43,Utility Enemy 3,Utility,AttackAction,None,1.00,84.9,0
66.43,Utility Enemy 13,Utility,AttackAction,None,1.00,66.1,0
66.43,Utility Enemy 12,Utility,AttackAction,None,1.00,68.2,0
66.43,Utility Enemy 14,Utility,AttackAction,None,1.00,75.4,0
66.43,Utility Enemy 10,Utility,AttackAction,None,1.00,60.2,0
66.43,Utility Enemy 9,Utility,AttackAction,None,1.00,69.5,0
66.93,Player,Player,-,GravityFlip,0.89,,0
66.93,FSM Enemy 4,FSM,TakeCoverState,GravityFlip,1.00,89.7,0
66.93,FSM Enemy 3,FSM,TakeCoverState,GravityFlip,0.80,95.2,0
66.93,FSM Enemy 14,FSM,TakeCoverState,GravityFlip,1.00,106.4,0
66.93,FSM Enemy 13,FSM,TakeCoverState,GravityFlip,0.90,12.9,0
66.93,FSM Enemy 12,FSM,TakeCoverState,GravityFlip,0.80,75.7,0
66.93,FSM Enemy 10,FSM,TakeCoverState,GravityFlip,1.00,94.7,0
66.93,FSM Enemy 7,FSM,TakeCoverState,GravityFlip,1.00,31.7,0
66.93,FSM Enemy 8,FSM,TakeCoverState,GravityFlip,1.00,61.3,0
66.93,FSM Enemy 9,FSM,TakeCoverState,GravityFlip,1.00,72.2,0
66.93,FSM Enemy 2,FSM,TakeCoverState,GravityFlip,1.00,115.6,0
66.93,FSM Enemy 11,FSM,TakeCoverState,GravityFlip,1.00,21.4,0
66.93,FSM Enemy 15,FSM,TakeCoverState,GravityFlip,1.00,22.8,0
66.93,FSM Enemy 1,FSM,TakeCoverState,GravityFlip,1.00,76.2,0
66.93,FSM Enemy 6,FSM,TakeCoverState,GravityFlip,0.60,66.8,0
66.93,FSM Enemy 5,FSM,TakeCoverState,GravityFlip,0.90,52.8,0
66.93,Utility Enemy 8,Utility,TakeCoverAction,GravityFlip,1.00,59.8,0
66.93,Utility Enemy 15,Utility,TakeCoverAction,GravityFlip,1.00,66.8,0
66.93,Utility Enemy 6,Utility,TakeCoverAction,GravityFlip,1.00,13.3,1
66.93,Utility Enemy 1,Utility,TakeCoverAction,GravityFlip,1.00,66.9,0
66.93,Utility Enemy 11,Utility,TakeCoverAction,GravityFlip,1.00,54.1,0
66.93,Utility Enemy 2,Utility,TakeCoverAction,GravityFlip,1.00,74.6,0
66.93,Utility Enemy 5,Utility,TakeCoverAction,GravityFlip,1.00,81.2,0
66.93,Utility Enemy 4,Utility,TakeCoverAction,GravityFlip,1.00,49.3,0
66.93,Utility Enemy 7,Utility,TakeCoverAction,GravityFlip,1.00,76.7,0
66.93,Utility Enemy 3,Utility,TakeCoverAction,GravityFlip,1.00,84.0,0
66.93,Utility Enemy 13,Utility,TakeCoverAction,GravityFlip,1.00,65.8,0
66.93,Utility Enemy 12,Utility,TakeCoverAction,GravityFlip,1.00,68.2,0
66.93,Utility Enemy 14,Utility,TakeCoverAction,GravityFlip,1.00,75.2,0
66.93,Utility Enemy 10,Utility,TakeCoverAction,GravityFlip,1.00,59.6,0
66.93,Utility Enemy 9,Utility,TakeCoverAction,GravityFlip,1.00,69.6,0
67.43,Player,Player,-,GravityFlip,0.89,,0
67.43,FSM Enemy 4,FSM,TakeCoverState,GravityFlip,1.00,89.1,0
67.43,FSM Enemy 3,FSM,TakeCoverState,GravityFlip,0.80,95.2,0
67.43,FSM Enemy 14,FSM,TakeCoverState,GravityFlip,1.00,105.1,0
67.43,FSM Enemy 13,FSM,TakeCoverState,GravityFlip,0.90,13.4,0
67.43,FSM Enemy 12,FSM,TakeCoverState,GravityFlip,0.80,74.5,0
67.43,FSM Enemy 10,FSM,TakeCoverState,GravityFlip,1.00,95.8,0
67.43,FSM Enemy 7,FSM,TakeCoverState,GravityFlip,1.00,29.7,0
67.43,FSM Enemy 8,FSM,TakeCoverState,GravityFlip,1.00,60.9,0
67.43,FSM Enemy 9,FSM,TakeCoverState,GravityFlip,1.00,72.2,0
67.43,FSM Enemy 2,FSM,TakeCoverState,GravityFlip,1.00,117.9,0
67.43,FSM Enemy 11,FSM,TakeCoverState,GravityFlip,1.00,23.0,0
67.43,FSM Enemy 15,FSM,TakeCoverState,GravityFlip,1.00,23.1,0
67.43,FSM Enemy 1,FSM,TakeCoverState,GravityFlip,1.00,77.4,0
67.43,FSM Enemy 6,FSM,TakeCoverState,GravityFlip,0.60,66.7,0
67.43,FSM Enemy 5,FSM,TakeCoverState,GravityFlip,0.90,51.7,0
67.43,Utility Enemy 8,Utility,TakeCoverAction,GravityFlip,1.00,60.2,0
67.43,Utility Enemy 15,Utility,TakeCoverAction,GravityFlip,1.00,68.8,0
67.43,Utility Enemy 6,Utility,TakeCoverAction,GravityFlip,1.00,12.9,1
67.43,Utility Enemy 1,Utility,TakeCoverAction,GravityFlip,1.00,68.4,0
67.43,Utility Enemy 11,Utility,TakeCoverAction,GravityFlip,1.00,55.3,0
67.43,Utility Enemy 2,Utility,TakeCoverAction,GravityFlip,1.00,74.6,0
67.43,Utility Enemy 5,Utility,TakeCoverAction,GravityFlip,1.00,79.2,0
67.43,Utility Enemy 4,Utility,TakeCoverAction,GravityFlip,1.00,51.5,0
67.43,Utility Enemy 7,Utility,TakeCoverAction,GravityFlip,1.00,76.1,0
67.43,Utility Enemy 3,Utility,TakeCoverAction,GravityFlip,1.00,81.8,0
67.43,Utility Enemy 13,Utility,TakeCoverAction,GravityFlip,1.00,64.5,0
67.43,Utility Enemy 12,Utility,TakeCoverAction,GravityFlip,1.00,69.4,0
67.43,Utility Enemy 14,Utility,TakeCoverAction,GravityFlip,1.00,75.7,0
67.43,Utility Enemy 10,Utility,TakeCoverAction,GravityFlip,1.00,58.4,0
67.43,Utility Enemy 9,Utility,TakeCoverAction,GravityFlip,1.00,71.1,0
67.93,Player,Player,-,GravityFlip,0.89,,0
67.93,FSM Enemy 4,FSM,TakeCoverState,GravityFlip,1.00,89.1,0
67.93,FSM Enemy 3,FSM,TakeCoverState,GravityFlip,0.80,95.2,0
67.93,FSM Enemy 14,FSM,TakeCoverState,GravityFlip,1.00,103.6,0
67.93,FSM Enemy 13,FSM,TakeCoverState,GravityFlip,0.90,14.2,0
67.93,FSM Enemy 12,FSM,TakeCoverState,GravityFlip,0.80,73.2,0
67.93,FSM Enemy 10,FSM,TakeCoverState,GravityFlip,1.00,96.9,0
67.93,FSM Enemy 7,FSM,TakeCoverState,GravityFlip,1.00,27.7,0
67.93,FSM Enemy 8,FSM,TakeCoverState,GravityFlip,1.00,60.8,0
67.93,FSM Enemy 9,FSM,TakeCoverState,GravityFlip,1.00,72.2,0
67.93,FSM Enemy 2,FSM,TakeCoverState,GravityFlip,1.00,120.1,0
67.93,FSM Enemy 11,FSM,TakeCoverState,GravityFlip,1.00,24.0,0
67.93,FSM Enemy 15,FSM,TakeCoverState,GravityFlip,1.00,23.0,0
67.93,FSM Enemy 1,FSM,TakeCoverState,GravityFlip,1.00,78.4,0
67.93,FSM Enemy 6,FSM,TakeCoverState,GravityFlip,0.60,66.7,0
67.93,FSM Enemy 5,FSM,TakeCoverState,GravityFlip,0.90,51.5,0
67.93,Utility Enemy 8,Utility,TakeCoverAction,GravityFlip,1.00,60.3,0
67.93,Utility Enemy 15,Utility,TakeCoverAction,GravityFlip,1.00,70.9,0
67.93,Utility Enemy 6,Utility,TakeCoverAction,GravityFlip,0.50,12.9,1
67.93,Utility Enemy 1,Utility,TakeCoverAction,GravityFlip,1.00,69.9,0
67.93,Utility Enemy 11,Utility,TakeCoverAction,GravityFlip,1.00,55.3,0
67.93,Utility Enemy 2,Utility,TakeCoverAction,GravityFlip,1.00,74.6,0
67.93,Utility Enemy 5,Utility,TakeCoverAction,GravityFlip,1.00,77.4,0
67.93,Utility Enemy 4,Utility,TakeCoverAction,GravityFlip,1.00,53.8,0
67.93,Utility Enemy 7,Utility,TakeCoverAction,GravityFlip,1.00,76.1,0
67.93,Utility Enemy 3,Utility,TakeCoverAction,GravityFlip,1.00,79.6,0
67.93,Utility Enemy 13,Utility,TakeCoverAction,GravityFlip,1.00,63.1,0
67.93,Utility Enemy 12,Utility,TakeCoverAction,GravityFlip,1.00,70.7,0
67.93,Utility Enemy 14,Utility,TakeCoverAction,GravityFlip,1.00,75.8,0
67.93,Utility Enemy 10,Utility,TakeCoverAction,GravityFlip,1.00,57.2,0
67.93,Utility Enemy 9,Utility,TakeCoverAction,GravityFlip,1.00,72.7,0
68.44,Player,Player,-,GravityFlip,0.89,,0
68.44,FSM Enemy 4,FSM,TakeCoverState,GravityFlip,1.00,89.1,0
68.44,FSM Enemy 3,FSM,TakeCoverState,GravityFlip,0.80,95.2,0
68.44,FSM Enemy 14,FSM,TakeCoverState,GravityFlip,1.00,103.3,0
68.44,FSM Enemy 13,FSM,TakeCoverState,GravityFlip,0.90,15.3,0
68.44,FSM Enemy 12,FSM,TakeCoverState,GravityFlip,0.80,72.5,0
68.44,FSM Enemy 10,FSM,TakeCoverState,GravityFlip,1.00,97.8,0
68.44,FSM Enemy 7,FSM,TakeCoverState,GravityFlip,1.00,25.7,0
68.44,FSM Enemy 8,FSM,TakeCoverState,GravityFlip,1.00,60.8,0
68.44,FSM Enemy 9,FSM,TakeCoverState,GravityFlip,1.00,72.2,0
68.44,FSM Enemy 2,FSM,TakeCoverState,GravityFlip,1.00,120.9,0
68.44,FSM Enemy 11,FSM,TakeCoverState,GravityFlip,1.00,24.0,0
68.44,FSM Enemy 15,FSM,TakeCoverState,GravityFlip,1.00,23.0,0
68.44,FSM Enemy 1,FSM,TakeCoverState,GravityFlip,1.00,78.7,0
68.44,FSM Enemy 6,FSM,TakeCoverState,GravityFlip,0.60,66.7,0
68.44,FSM Enemy 5,FSM,TakeCoverState,GravityFlip,0.90,51.5,0
68.44,Utility Enemy 8,Utility,TakeCoverAction,GravityFlip,1.00,60.3,0
68.44,Utility Enemy 15,Utility,TakeCoverAction,GravityFlip,1.00,71.4,0
68.44,Utility Enemy 6,Utility,Dead,GravityFlip,0.00,12.9,1
68.44,Utility Enemy 1,Utility,TakeCoverAction,GravityFlip,1.00,71.7,0
68.44,Utility Enemy 11,Utility,TakeCoverAction,GravityFlip,1.00,55.3,0
68.44,Utility Enemy 2,Utility,TakeCoverAction,GravityFlip,1.00,74.6,0
68.44,Utility Enemy 5,Utility,TakeCoverAction,GravityFlip,1.00,77.0,0
68.44,Utility Enemy 4,Utility,TakeCoverAction,GravityFlip,1.00,54.8,0
68.44,Utility Enemy 7,Utility,TakeCoverAction,GravityFlip,1.00,76.1,0
68.44,Utility Enemy 3,Utility,TakeCoverAction,GravityFlip,1.00,78.9,0
68.44,Utility Enemy 13,Utility,TakeCoverAction,GravityFlip,1.00,62.1,0
68.44,Utility Enemy 12,Utility,TakeCoverAction,GravityFlip,1.00,71.8,0
68.44,Utility Enemy 14,Utility,TakeCoverAction,GravityFlip,1.00,75.8,0
68.44,Utility Enemy 10,Utility,TakeCoverAction,GravityFlip,1.00,56.3,0
68.44,Utility Enemy 9,Utility,TakeCoverAction,GravityFlip,1.00,73.4,0
68.94,Player,Player,-,GravityFlip,0.89,,0
68.94,FSM Enemy 4,FSM,TakeCoverState,GravityFlip,1.00,88.6,0
68.94,FSM Enemy 3,FSM,TakeCoverState,GravityFlip,0.80,94.8,0
68.94,FSM Enemy 14,FSM,TakeCoverState,GravityFlip,1.00,102.8,0
68.94,FSM Enemy 13,FSM,TakeCoverState,GravityFlip,0.90,16.2,0
68.94,FSM Enemy 12,FSM,TakeCoverState,GravityFlip,0.80,72.1,0
68.94,FSM Enemy 10,FSM,TakeCoverState,GravityFlip,1.00,97.4,0
68.94,FSM Enemy 7,FSM,TakeCoverState,GravityFlip,1.00,24.9,0
68.94,FSM Enemy 8,FSM,TakeCoverState,GravityFlip,1.00,60.3,0
68.94,FSM Enemy 9,FSM,TakeCoverState,GravityFlip,1.00,71.7,0
68.94,FSM Enemy 2,FSM,TakeCoverState,GravityFlip,1.00,119.6,0
68.94,FSM Enemy 11,FSM,TakeCoverState,GravityFlip,1.00,23.7,0
68.94,FSM Enemy 15,FSM,TakeCoverState,GravityFlip,1.00,22.6,0
68.94,FSM Enemy 1,FSM,TakeCoverState,GravityFlip,1.00,78.4,0
68.94,FSM Enemy 6,FSM,TakeCoverState,GravityFlip,0.60,66.3,0
68.94,FSM Enemy 5,FSM,TakeCoverState,GravityFlip,0.90,51.2,0
68.94,Utility Enemy 8,Utility,TakeCoverAction,GravityFlip,1.00,59.9,0
68.94,Utility Enemy 15,Utility,TakeCoverAction,GravityFlip,1.00,71.0,0
68.94,Utility Enemy 6,Utility,Dead,GravityFlip,0.00,12.5,1
68.94,Utility Enemy 1,Utility,TakeCoverAction,GravityFlip,1.00,71.5,0
68.94,Utility Enemy 11,Utility,TakeCoverAction,GravityFlip,1.00,54.9,0
68.94,Utility Enemy 2,Utility,TakeCoverAction,GravityFlip,1.00,74.1,0
68.94,Utility Enemy 5,Utility,TakeCoverAction,GravityFlip,1.00,76.5,0
68.94,Utility Enemy 4,Utility,TakeCoverAction,GravityFlip,1.00,54.4,0
68.94,Utility Enemy 7,Utility,TakeCoverAction,GravityFlip,1.00,75.6,0
68.94,Utility Enemy 3,Utility,TakeCoverAction,GravityFlip,1.00,78.4,0
68.94,Utility Enemy 13,Utility,TakeCoverAction,GravityFlip,1.00,61.4,0
68.94,Utility Enemy 12,Utility,TakeCoverAction,GravityFlip,1.00,71.4,0
68.94,Utility Enemy 14,Utility,TakeCoverAction,GravityFlip,1.00,75.3,0
68.94,Utility Enemy 10,Utility,TakeCoverAction,GravityFlip,1.00,55.9,0
68.94,Utility Enemy 9,Utility,TakeCoverAction,GravityFlip,1.00,72.9,0
69.45,Player,Player,-,GravityFlip,0.89,,0
69.45,FSM Enemy 4,FSM,TakeCoverState,GravityFlip,1.00,87.7,0
69.45,FSM Enemy 3,FSM,TakeCoverState,GravityFlip,0.80,94.3,0
69.45,FSM Enemy 14,FSM,TakeCoverState,GravityFlip,1.00,102.1,0
69.45,FSM Enemy 13,FSM,TakeCoverState,GravityFlip,0.90,17.2,0
69.45,FSM Enemy 12,FSM,TakeCoverState,GravityFlip,0.80,71.2,0
69.45,FSM Enemy 10,FSM,TakeCoverState,GravityFlip,1.00,96.7,0
69.45,FSM Enemy 7,FSM,TakeCoverState,GravityFlip,1.00,24.1,0
69.45,FSM Enemy 8,FSM,TakeCoverState,GravityFlip,1.00,59.7,0
69.45,FSM Enemy 9,FSM,TakeCoverState,GravityFlip,1.00,71.0,0
69.45,FSM Enemy 2,FSM,TakeCoverState,GravityFlip,1.00,117.3,0
69.45,FSM Enemy 11,FSM,TakeCoverState,GravityFlip,1.00,22.8,0
69.45,FSM Enemy 15,FSM,TakeCoverState,GravityFlip,1.00,21.8,0
69.45,FSM Enemy 1,FSM,TakeCoverState,GravityFlip,1.00,78.5,0
69.45,FSM Enemy 6,FSM,TakeCoverState,GravityFlip,0.60,65.4,0
69.45,FSM Enemy 5,FSM,TakeCoverState,GravityFlip,0.90,51.2,0
69.45,Utility Enemy 8,Utility,TakeCoverAction,GravityFlip,1.00,59.7,0
69.45,Utility Enemy 15,Utility,TakeCoverAction,GravityFlip,1.00,70.6,0
69.45,Utility Enemy 6,Utility,Dead,GravityFlip,0.00,11.7,1
69.45,Utility Enemy 1,Utility,TakeCoverAction,GravityFlip,1.00,71.1,0
69.45,Utility Enemy 11,Utility,TakeCoverAction,GravityFlip,1.00,54.6,0
69.45,Utility Enemy 2,Utility,TakeCoverAction,GravityFlip,1.00,73.5,0
69.45,Utility Enemy 5,Utility,TakeCoverAction,GravityFlip,1.00,76.0,0
69.45,Utility Enemy 4,Utility,TakeCoverAction,GravityFlip,1.00,54.0,0
69.45,Utility Enemy 7,Utility,TakeCoverAction,GravityFlip,1.00,74.7,0
69.45,Utility Enemy 3,Utility,TakeCoverAction,GravityFlip,1.00,77.6,0
69.45,Utility Enemy 13,Utility,TakeCoverAction,GravityFlip,1.00,60.8,0
69.45,Utility Enemy 12,Utility,TakeCoverAction,GravityFlip,1.00,70.4,0
69.45,Utility Enemy 14,Utility,TakeCoverAction,GravityFlip,1.00,74.5,0
69.45,Utility Enemy 10,Utility,TakeCoverAction,GravityFlip,1.00,54.9,0
69.45,Utility Enemy 9,Utility,TakeCoverAction,GravityFlip,1.00,72.0,0
69.95,Player,Player,-,GravityFlip,0.89,,0
69.95,FSM Enemy 4,FSM,TakeCoverState,GravityFlip,1.00,87.4,0
69.95,FSM Enemy 3,FSM,TakeCoverState,GravityFlip,0.80,94.1,0
69.95,FSM Enemy 14,FSM,TakeCoverState,GravityFlip,1.00,101.8,0
69.95,FSM Enemy 13,FSM,TakeCoverState,GravityFlip,0.90,18.4,0
69.95,FSM Enemy 12,FSM,TakeCoverState,GravityFlip,0.80,70.8,0
69.95,FSM Enemy 10,FSM,TakeCoverState,GravityFlip,1.00,96.4,0
69.95,FSM Enemy 7,FSM,TakeCoverState,GravityFlip,1.00,23.7,0
69.95,FSM Enemy 8,FSM,TakeCoverState,GravityFlip,1.00,59.5,0
69.95,FSM Enemy 9,FSM,TakeCoverState,GravityFlip,1.00,70.7,0
69.95,FSM Enemy 2,FSM,TakeCoverState,GravityFlip,1.00,116.3,0
69.95,FSM Enemy 11,FSM,TakeCoverState,GravityFlip,1.00,22.3,0
69.95,FSM Enemy 15,FSM,TakeCoverState,GravityFlip,1.00,21.4,0
69.95,FSM Enemy 1,FSM,TakeCoverState,GravityFlip,1.00,78.5,0
69.95,FSM Enemy 6,FSM,TakeCoverState,GravityFlip,0.60,64.9,0
69.95,FSM Enemy 5,FSM,TakeCoverState,GravityFlip,0.90,51.2,0
69.95,Utility Enemy 8,Utility,TakeCoverAction,GravityFlip,1.00,59.6,0
69.95,Utility Enemy 15,Utility,TakeCoverAction,GravityFlip,1.00,70.5,0
69.95,Utility Enemy 6,Utility,Dead,GravityFlip,0.00,11.2,1
69.95,Utility Enemy 1,Utility,TakeCoverAction,GravityFlip,1.00,71.0,0
69.95,Utility Enemy 11,Utility,TakeCoverAction,GravityFlip,1.00,54.4,0
69.95,Utility Enemy 2,Utility,TakeCoverAction,GravityFlip,1.00,73.3,0
69.95,Utility Enemy 5,Utility,TakeCoverAction,GravityFlip,1.00,75.8,0
69.95,Utility Enemy 4,Utility,TakeCoverAction,GravityFlip,1.00,53.8,0
69.95,Utility Enemy 7,Utility,TakeCoverAction,GravityFlip,1.00,74.3,0
69.95,Utility Enemy 3,Utility,TakeCoverAction,GravityFlip,1.00,77.3,0
69.95,Utility Enemy 13,Utility,TakeCoverAction,GravityFlip,1.00,60.6,0
69.95,Utility Enemy 12,Utility,TakeCoverAction,GravityFlip,1.00,70.1,0
69.95,Utility Enemy 14,Utility,TakeCoverAction,GravityFlip,1.00,74.1,0
69.95,Utility Enemy 10,Utility,TakeCoverAction,GravityFlip,1.00,54.5,0
69.95,Utility Enemy 9,Utility,TakeCoverAction,GravityFlip,1.00,71.6,0
70.46,Player,Player,-,GravityFlip,0.89,,0
70.46,FSM Enemy 4,FSM,TakeCoverState,GravityFlip,1.00,87.4,0
70.46,FSM Enemy 3,FSM,TakeCoverState,GravityFlip,0.80,94.1,0
70.46,FSM Enemy 14,FSM,TakeCoverState,GravityFlip,1.00,101.8,0
70.46,FSM Enemy 13,FSM,TakeCoverState,GravityFlip,0.65,20.1,0
70.46,FSM Enemy 12,FSM,TakeCoverState,GravityFlip,0.80,70.8,0
70.46,FSM Enemy 10,FSM,TakeCoverState,GravityFlip,1.00,96.4,0
70.46,FSM Enemy 7,FSM,TakeCoverState,GravityFlip,1.00,23.7,0
70.46,FSM Enemy 8,FSM,TakeCoverState,GravityFlip,1.00,59.5,0
70.46,FSM Enemy 9,FSM,TakeCoverState,GravityFlip,1.00,70.7,0
70.46,FSM Enemy 2,FSM,TakeCoverState,GravityFlip,1.00,116.3,0
70.46,FSM Enemy 11,FSM,TakeCoverState,GravityFlip,1.00,22.3,0
70.46,FSM Enemy 15,FSM,TakeCoverState,GravityFlip,1.00,21.4,0
70.46,FSM Enemy 1,FSM,TakeCoverState,GravityFlip,1.00,78.5,0
70.46,FSM Enemy 6,FSM,TakeCoverState,GravityFlip,0.60,64.9,0
70.46,FSM Enemy 5,FSM,TakeCoverState,GravityFlip,0.90,51.2,0
70.46,Utility Enemy 8,Utility,TakeCoverAction,GravityFlip,1.00,59.6,0
70.46,Utility Enemy 15,Utility,TakeCoverAction,GravityFlip,1.00,70.5,0
70.46,Utility Enemy 6,Utility,Dead,GravityFlip,0.00,11.2,1
70.46,Utility Enemy 1,Utility,TakeCoverAction,GravityFlip,1.00,71.0,0
70.46,Utility Enemy 11,Utility,TakeCoverAction,GravityFlip,1.00,54.4,0
70.46,Utility Enemy 2,Utility,TakeCoverAction,GravityFlip,1.00,73.3,0
70.46,Utility Enemy 5,Utility,TakeCoverAction,GravityFlip,1.00,75.8,0
70.46,Utility Enemy 4,Utility,TakeCoverAction,GravityFlip,1.00,53.8,0
70.46,Utility Enemy 7,Utility,TakeCoverAction,GravityFlip,1.00,74.3,0
70.46,Utility Enemy 3,Utility,TakeCoverAction,GravityFlip,1.00,77.3,0
70.46,Utility Enemy 13,Utility,TakeCoverAction,GravityFlip,1.00,60.6,0
70.46,Utility Enemy 12,Utility,TakeCoverAction,GravityFlip,1.00,70.1,0
70.46,Utility Enemy 14,Utility,TakeCoverAction,GravityFlip,1.00,74.1,0
70.46,Utility Enemy 10,Utility,TakeCoverAction,GravityFlip,1.00,54.5,0
70.46,Utility Enemy 9,Utility,TakeCoverAction,GravityFlip,1.00,71.6,0
70.96,Player,Player,-,GravityFlip,0.89,,0
70.96,FSM Enemy 4,FSM,TakeCoverState,GravityFlip,1.00,87.4,0
70.96,FSM Enemy 3,FSM,TakeCoverState,GravityFlip,0.80,94.1,0
70.96,FSM Enemy 14,FSM,TakeCoverState,GravityFlip,1.00,101.8,0
70.96,FSM Enemy 13,FSM,TakeCoverState,GravityFlip,0.65,20.4,0
70.96,FSM Enemy 12,FSM,TakeCoverState,GravityFlip,0.80,70.8,0
70.96,FSM Enemy 10,FSM,TakeCoverState,GravityFlip,1.00,96.4,0
70.96,FSM Enemy 7,FSM,TakeCoverState,GravityFlip,1.00,23.7,0
70.96,FSM Enemy 8,FSM,TakeCoverState,GravityFlip,1.00,59.5,0
70.96,FSM Enemy 9,FSM,TakeCoverState,GravityFlip,1.00,70.7,0
70.96,FSM Enemy 2,FSM,TakeCoverState,GravityFlip,1.00,116.3,0
70.96,FSM Enemy 11,FSM,TakeCoverState,GravityFlip,1.00,22.3,0
70.96,FSM Enemy 15,FSM,TakeCoverState,GravityFlip,1.00,21.4,0
70.96,FSM Enemy 1,FSM,TakeCoverState,GravityFlip,1.00,78.5,0
70.96,FSM Enemy 6,FSM,TakeCoverState,GravityFlip,0.60,64.9,0
70.96,FSM Enemy 5,FSM,TakeCoverState,GravityFlip,0.90,51.2,0
70.96,Utility Enemy 8,Utility,TakeCoverAction,GravityFlip,1.00,59.6,0
70.96,Utility Enemy 15,Utility,TakeCoverAction,GravityFlip,1.00,70.5,0
70.96,Utility Enemy 6,Utility,Dead,GravityFlip,0.00,11.2,1
70.96,Utility Enemy 1,Utility,TakeCoverAction,GravityFlip,1.00,71.0,0
70.96,Utility Enemy 11,Utility,TakeCoverAction,GravityFlip,1.00,54.4,0
70.96,Utility Enemy 2,Utility,TakeCoverAction,GravityFlip,1.00,73.3,0
70.96,Utility Enemy 5,Utility,TakeCoverAction,GravityFlip,1.00,75.8,0
70.96,Utility Enemy 4,Utility,TakeCoverAction,GravityFlip,1.00,53.8,0
70.96,Utility Enemy 7,Utility,TakeCoverAction,GravityFlip,1.00,74.3,0
70.96,Utility Enemy 3,Utility,TakeCoverAction,GravityFlip,1.00,77.3,0
70.96,Utility Enemy 13,Utility,TakeCoverAction,GravityFlip,1.00,60.6,0
70.96,Utility Enemy 12,Utility,TakeCoverAction,GravityFlip,1.00,70.1,0
70.96,Utility Enemy 14,Utility,TakeCoverAction,GravityFlip,1.00,74.1,0
70.96,Utility Enemy 10,Utility,TakeCoverAction,GravityFlip,1.00,54.5,0
70.96,Utility Enemy 9,Utility,TakeCoverAction,GravityFlip,1.00,71.6,0
71.46,Player,Player,-,GravityFlip,0.89,,0
71.46,FSM Enemy 4,FSM,TakeCoverState,GravityFlip,1.00,87.4,0
71.46,FSM Enemy 3,FSM,TakeCoverState,GravityFlip,0.80,94.1,0
71.46,FSM Enemy 14,FSM,TakeCoverState,GravityFlip,1.00,101.8,0
71.46,FSM Enemy 13,FSM,TakeCoverState,GravityFlip,0.65,20.4,0
71.46,FSM Enemy 12,FSM,TakeCoverState,GravityFlip,0.80,70.8,0
71.46,FSM Enemy 10,FSM,TakeCoverState,GravityFlip,1.00,96.4,0
71.46,FSM Enemy 7,FSM,TakeCoverState,GravityFlip,1.00,23.7,0
71.46,FSM Enemy 8,FSM,TakeCoverState,GravityFlip,1.00,59.5,0
71.46,FSM Enemy 9,FSM,TakeCoverState,GravityFlip,1.00,70.7,0
71.46,FSM Enemy 2,FSM,TakeCoverState,GravityFlip,1.00,116.3,0
71.46,FSM Enemy 11,FSM,TakeCoverState,GravityFlip,1.00,22.3,0
71.46,FSM Enemy 15,FSM,TakeCoverState,GravityFlip,1.00,21.4,0
71.46,FSM Enemy 1,FSM,TakeCoverState,GravityFlip,1.00,78.5,0
71.46,FSM Enemy 6,FSM,TakeCoverState,GravityFlip,0.60,64.9,0
71.46,FSM Enemy 5,FSM,TakeCoverState,GravityFlip,0.90,51.2,0
71.46,Utility Enemy 8,Utility,TakeCoverAction,GravityFlip,1.00,59.6,0
71.46,Utility Enemy 15,Utility,TakeCoverAction,GravityFlip,1.00,70.5,0
71.46,Utility Enemy 6,Utility,Dead,GravityFlip,0.00,11.2,1
71.46,Utility Enemy 1,Utility,TakeCoverAction,GravityFlip,1.00,71.0,0
71.46,Utility Enemy 11,Utility,TakeCoverAction,GravityFlip,1.00,54.4,0
71.46,Utility Enemy 2,Utility,TakeCoverAction,GravityFlip,1.00,73.3,0
71.46,Utility Enemy 5,Utility,TakeCoverAction,GravityFlip,1.00,75.8,0
71.46,Utility Enemy 4,Utility,TakeCoverAction,GravityFlip,1.00,53.8,0
71.46,Utility Enemy 7,Utility,TakeCoverAction,GravityFlip,1.00,74.3,0
71.46,Utility Enemy 3,Utility,TakeCoverAction,GravityFlip,1.00,77.3,0
71.46,Utility Enemy 13,Utility,TakeCoverAction,GravityFlip,1.00,60.6,0
71.46,Utility Enemy 12,Utility,TakeCoverAction,GravityFlip,1.00,70.1,0
71.46,Utility Enemy 14,Utility,TakeCoverAction,GravityFlip,1.00,74.1,0
71.46,Utility Enemy 10,Utility,TakeCoverAction,GravityFlip,1.00,54.5,0
71.46,Utility Enemy 9,Utility,TakeCoverAction,GravityFlip,1.00,71.6,0
71.96,Player,Player,-,None,0.89,,0
71.96,FSM Enemy 4,FSM,PatrolState,None,1.00,87.9,0
71.96,FSM Enemy 3,FSM,PatrolState,None,0.80,93.6,0
71.96,FSM Enemy 14,FSM,PatrolState,None,1.00,102.3,0
71.96,FSM Enemy 13,FSM,Dead,None,0.00,20.0,0
71.96,FSM Enemy 12,FSM,PatrolState,None,0.80,70.9,0
71.96,FSM Enemy 10,FSM,PatrolState,None,1.00,96.5,0
71.96,FSM Enemy 7,FSM,PatrolState,None,1.00,23.4,0
71.96,FSM Enemy 8,FSM,PatrolState,None,0.90,59.2,0
71.96,FSM Enemy 9,FSM,PatrolState,None,1.00,70.1,0
71.96,FSM Enemy 2,FSM,PatrolState,None,1.00,116.8,0
71.96,FSM Enemy 11,FSM,PatrolState,None,1.00,21.8,0
71.96,FSM Enemy 15,FSM,PatrolState,None,1.00,21.8,0
71.96,FSM Enemy 1,FSM,PatrolState,None,1.00,78.2,0
71.96,FSM Enemy 6,FSM,PatrolState,None,0.60,65.5,0
71.96,FSM Enemy 5,FSM,PatrolState,None,0.90,50.7,0
71.96,Utility Enemy 8,Utility,AttackAction,None,1.00,59.6,0
71.96,Utility Enemy 15,Utility,AttackAction,None,1.00,70.5,0
71.96,Utility Enemy 6,Utility,Dead,None,0.00,11.2,1
71.96,Utility Enemy 1,Utility,AttackAction,None,1.00,71.0,0
71.96,Utility Enemy 11,Utility,AttackAction,None,1.00,54.4,0
71.96,Utility Enemy 2,Utility,AttackAction,None,1.00,73.3,0
71.96,Utility Enemy 5,Utility,AttackAction,None,1.00,75.8,0
71.96,Utility Enemy 4,Utility,AttackAction,None,1.00,53.8,0
71.96,Utility Enemy 7,Utility,AttackAction,None,1.00,74.3,0
71.96,Utility Enemy 3,Utility,AttackAction,None,1.00,77.3,0
71.96,Utility Enemy 13,Utility,AttackAction,None,1.00,60.6,0
71.96,Utility Enemy 12,Utility,AttackAction,None,1.00,70.1,0
71.96,Utility Enemy 14,Utility,AttackAction,None,1.00,74.1,0
71.96,Utility Enemy 10,Utility,AttackAction,None,1.00,54.5,0
71.96,Utility Enemy 9,Utility,AttackAction,None,1.00,71.6,0
72.47,Player,Player,-,None,0.89,,0
72.47,FSM Enemy 4,FSM,PatrolState,None,1.00,88.8,0
72.47,FSM Enemy 3,FSM,PatrolState,None,0.80,92.3,0
72.47,FSM Enemy 14,FSM,PatrolState,None,1.00,103.2,0
72.47,FSM Enemy 13,FSM,Dead,None,0.00,20.0,0
72.47,FSM Enemy 12,FSM,PatrolState,None,0.80,71.1,0
72.47,FSM Enemy 10,FSM,PatrolState,None,1.00,96.7,0
72.47,FSM Enemy 7,FSM,PatrolState,None,1.00,22.9,0
72.47,FSM Enemy 8,FSM,PatrolState,None,0.90,58.7,0
72.47,FSM Enemy 9,FSM,PatrolState,None,1.00,68.9,0
72.47,FSM Enemy 2,FSM,PatrolState,None,1.00,117.9,0
72.47,FSM Enemy 11,FSM,PatrolState,None,1.00,20.7,0
72.47,FSM Enemy 15,FSM,PatrolState,None,1.00,22.7,0
72.47,FSM Enemy 1,FSM,PatrolState,None,1.00,77.7,0
72.47,FSM Enemy 6,FSM,PatrolState,None,0.60,66.7,0
72.47,FSM Enemy 5,FSM,PatrolState,None,0.90,49.4,0
72.47,Utility Enemy 8,Utility,AttackAction,None,1.00,59.6,0
72.47,Utility Enemy 15,Utility,AttackAction,None,1.00,70.5,0
72.47,Utility Enemy 6,Utility,Dead,None,0.00,11.2,1
72.47,Utility Enemy 1,Utility,AttackAction,None,1.00,71.0,0
72.47,Utility Enemy 11,Utility,AttackAction,None,1.00,54.4,0
72.47,Utility Enemy 2,Utility,AttackAction,None,1.00,73.3,0
72.47,Utility Enemy 5,Utility,AttackAction,None,1.00,75.8,0
72.47,Utility Enemy 4,Utility,AttackAction,None,1.00,53.8,0
72.47,Utility Enemy 7,Utility,AttackAction,None,1.00,74.3,0
72.47,Utility Enemy 3,Utility,AttackAction,None,1.00,77.3,0
72.47,Utility Enemy 13,Utility,AttackAction,None,1.00,60.6,0
72.47,Utility Enemy 12,Utility,AttackAction,None,1.00,70.1,0
72.47,Utility Enemy 14,Utility,AttackAction,None,1.00,74.1,0
72.47,Utility Enemy 10,Utility,AttackAction,None,1.00,54.5,0
72.47,Utility Enemy 9,Utility,AttackAction,None,1.00,71.6,0
72.97,Player,Player,-,None,0.89,,0
72.97,FSM Enemy 4,FSM,PatrolState,None,1.00,89.1,0
72.97,FSM Enemy 3,FSM,PatrolState,None,0.80,91.3,0
72.97,FSM Enemy 14,FSM,PatrolState,None,1.00,104.3,0
72.97,FSM Enemy 13,FSM,Dead,None,0.00,20.2,0
72.97,FSM Enemy 12,FSM,PatrolState,None,0.80,71.4,0
72.97,FSM Enemy 10,FSM,PatrolState,None,1.00,97.1,0
72.97,FSM Enemy 7,FSM,PatrolState,None,1.00,22.5,0
72.97,FSM Enemy 8,FSM,PatrolState,None,0.90,58.3,0
72.97,FSM Enemy 9,FSM,PatrolState,None,1.00,67.8,0
72.97,FSM Enemy 2,FSM,PatrolState,None,1.00,119.2,0
72.97,FSM Enemy 11,FSM,ChaseState,None,1.00,19.5,1
72.97,FSM Enemy 15,FSM,PatrolState,None,1.00,23.9,0
72.97,FSM Enemy 1,FSM,PatrolState,None,1.00,77.8,0
72.97,FSM Enemy 6,FSM,PatrolState,None,0.60,67.9,0
72.97,FSM Enemy 5,FSM,PatrolState,None,0.90,48.4,0
72.97,Utility Enemy 8,Utility,AttackAction,None,1.00,59.8,0
72.97,Utility Enemy 15,Utility,AttackAction,None,1.00,70.7,0
72.97,Utility Enemy 6,Utility,Dead,None,0.00,11.3,1
72.97,Utility Enemy 1,Utility,AttackAction,None,1.00,71.2,0
72.97,Utility Enemy 11,Utility,AttackAction,None,1.00,54.6,0
72.97,Utility Enemy 2,Utility,AttackAction,None,1.00,73.5,0
72.97,Utility Enemy 5,Utility,AttackAction,None,1.00,76.0,0
72.97,Utility Enemy 4,Utility,AttackAction,None,1.00,54.0,0
72.97,Utility Enemy 7,Utility,AttackAction,None,1.00,74.4,0
72.97,Utility Enemy 3,Utility,AttackAction,None,1.00,77.5,0
72.97,Utility Enemy 13,Utility,AttackAction,None,1.00,60.8,0
72.97,Utility Enemy 12,Utility,AttackAction,None,1.00,70.2,0
72.97,Utility Enemy 14,Utility,AttackAction,None,1.00,74.3,0
72.97,Utility Enemy 10,Utility,AttackAction,None,1.00,54.6,0
72.97,Utility Enemy 9,Utility,AttackAction,None,1.00,71.7,0
73.47,Player,Player,-,None,0.89,,0
73.47,FSM Enemy 4,FSM,PatrolState,None,1.00,88.0,0
73.47,FSM Enemy 3,FSM,PatrolState,None,0.80,89.9,0
73.47,FSM Enemy 14,FSM,PatrolState,None,1.00,104.6,0
73.47,FSM Enemy 13,FSM,Dead,None,0.00,19.6,0
73.47,FSM Enemy 12,FSM,PatrolState,None,0.80,70.7,0
73.47,FSM Enemy 10,FSM,PatrolState,None,1.00,96.8,0
73.47,FSM Enemy 7,FSM,PatrolState,None,1.00,21.2,0
73.47,FSM Enemy 8,FSM,PatrolState,None,0.90,57.4,0
73.47,FSM Enemy 9,FSM,PatrolState,None,1.00,66.1,0
73.47,FSM Enemy 2,FSM,PatrolState,None,1.00,119.7,0
73.47,FSM Enemy 11,FSM,ChaseState,None,1.00,16.4,0
73.47,FSM Enemy 15,FSM,PatrolState,None,1.00,24.2,0
73.47,FSM Enemy 1,FSM,PatrolState,None,1.00,78.1,0
73.47,FSM Enemy 6,FSM,PatrolState,None,0.60,68.0,0
73.47,FSM Enemy 5,FSM,PatrolState,None,0.90,47.5,0
73.47,Utility Enemy 8,Utility,AttackAction,None,1.00,59.8,0
73.47,Utility Enemy 15,Utility,AttackAction,None,1.00,70.5,0
73.47,Utility Enemy 6,Utility,Dead,None,0.00,10.5,1
73.47,Utility Enemy 1,Utility,AttackAction,None,1.00,71.1,0
73.47,Utility Enemy 11,Utility,AttackAction,None,1.00,54.5,0
73.47,Utility Enemy 2,Utility,AttackAction,None,1.00,73.0,0
73.47,Utility Enemy 5,Utility,AttackAction,None,1.00,75.6,0
73.47,Utility Enemy 4,Utility,AttackAction,None,1.00,53.8,0
73.47,Utility Enemy 7,Utility,AttackAction,None,1.00,73.4,0
73.47,Utility Enemy 3,Utility,AttackAction,None,1.00,76.8,0
73.47,Utility Enemy 13,Utility,AttackAction,None,1.00,60.3,0
73.47,Utility Enemy 12,Utility,AttackAction,None,1.00,69.1,0
73.47,Utility Enemy 14,Utility,AttackAction,None,1.00,73.4,0
73.47,Utility Enemy 10,Utility,AttackAction,None,1.00,53.5,0
73.47,Utility Enemy 9,Utility,AttackAction,None,1.00,70.7,0
73.98,Player,Player,-,None,0.89,,0
73.98,FSM Enemy 4,FSM,PatrolState,None,1.00,86.3,0
73.98,FSM Enemy 3,FSM,PatrolState,None,0.80,87.8,0
73.98,FSM Enemy 14,FSM,PatrolState,None,1.00,104.1,0
73.98,FSM Enemy 13,FSM,Dead,None,0.00,18.1,0
73.98,FSM Enemy 12,FSM,PatrolState,None,0.80,69.4,0
73.98,FSM Enemy 10,FSM,PatrolState,None,1.00,95.9,0
73.98,FSM Enemy 7,FSM,PatrolState,None,1.00,19.0,0
73.98,FSM Enemy 8,FSM,PatrolState,None,0.90,55.7,0
73.98,FSM Enemy 9,FSM,PatrolState,None,1.00,63.6,0
73.98,FSM Enemy 2,FSM,PatrolState,None,1.00,118.2,0
73.98,FSM Enemy 11,FSM,AttackState,None,1.00,13.6,1
73.98,FSM Enemy 15,FSM,PatrolState,None,1.00,23.7,0
73.98,FSM Enemy 1,FSM,PatrolState,None,1.00,78.1,0
73.98,FSM Enemy 6,FSM,PatrolState,None,0.60,67.6,0
73.98,FSM Enemy 5,FSM,PatrolState,None,0.90,46.1,0
73.98,Utility Enemy 8,Utility,AttackAction,None,1.00,59.0,0
73.98,Utility Enemy 15,Utility,AttackAction,None,1.00,69.6,0
73.98,Utility Enemy 6,Utility,Dead,None,0.00,8.5,1
73.98,Utility Enemy 1,Utility,AttackAction,None,1.00,70.2,0
73.98,Utility Enemy 11,Utility,AttackAction,None,1.00,53.6,0
73.98,Utility Enemy 2,Utility,AttackAction,None,1.00,71.8,0
73.98,Utility Enemy 5,Utility,AttackAction,None,1.00,74.5,0
73.98,Utility Enemy 4,Utility,AttackAction,None,1.00,52.9,0
73.98,Utility Enemy 7,Utility,AttackAction,None,1.00,71.8,0
73.98,Utility Enemy 3,Utility,AttackAction,None,1.00,75.4,0
73.98,Utility Enemy 13,Utility,AttackAction,None,1.00,59.1,0
73.98,Utility Enemy 12,Utility,AttackAction,None,1.00,67.6,0
73.98,Utility Enemy 14,Utility,AttackAction,None,1.00,71.9,0
73.98,Utility Enemy 10,Utility,AttackAction,None,1.00,51.9,0
73.98,Utility Enemy 9,Utility,AttackAction,None,1.00,69.2,0
74.49,Player,Player,-,None,0.89,,0
74.49,FSM Enemy 4,FSM,PatrolState,None,1.00,83.1,0
74.49,FSM Enemy 3,FSM,PatrolState,None,0.80,84.2,0
74.49,FSM Enemy 14,FSM,PatrolState,None,1.00,102.0,0
74.49,FSM Enemy 13,FSM,Dead,None,0.00,15.7,0
74.49,FSM Enemy 12,FSM,PatrolState,None,0.80,66.9,0
74.49,FSM Enemy 10,FSM,PatrolState,None,1.00,93.3,0
74.49,FSM Enemy 7,FSM,PatrolState,None,1.00,16.0,0
74.49,FSM Enemy 8,FSM,PatrolState,None,0.90,52.7,0
74.49,FSM Enemy 9,FSM,PatrolState,None,1.00,59.5,0
74.49,FSM Enemy 2,FSM,PatrolState,None,1.00,114.9,0
74.49,FSM Enemy 11,FSM,AttackState,None,1.00,11.7,1
74.49,FSM Enemy 15,FSM,PatrolState,None,1.00,22.1,0
74.49,FSM Enemy 1,FSM,PatrolState,None,1.00,76.5,0
74.49,FSM Enemy 6,FSM,PatrolState,None,0.60,66.2,0
74.49,FSM Enemy 5,FSM,PatrolState,None,0.90,45.6,0
74.49,Utility Enemy 8,Utility,AttackAction,None,1.00,57.1,0
74.49,Utility Enemy 15,Utility,AttackAction,None,1.00,67.3,0
74.49,Utility Enemy 6,Utility,Dead,None,0.00,7.1,1
74.49,Utility Enemy 1,Utility,AttackAction,None,1.00,67.9,0
74.49,Utility Enemy 11,Utility,AttackAction,None,1.00,51.4,0
74.49,Utility Enemy 2,Utility,AttackAction,None,1.00,69.1,0
74.49,Utility Enemy 5,Utility,AttackAction,None,1.00,71.7,0
74.49,Utility Enemy 4,Utility,AttackAction,None,1.00,50.6,0
74.49,Utility Enemy 7,Utility,AttackAction,None,1.00,68.9,0
74.49,Utility Enemy 3,Utility,AttackAction,None,1.00,72.3,0
74.49,Utility Enemy 13,Utility,AttackAction,None,1.00,56.3,0
74.49,Utility Enemy 12,Utility,AttackAction,None,1.00,64.6,0
74.49,Utility Enemy 14,Utility,AttackAction,None,1.00,68.8,0
74.49,Utility Enemy 10,Utility,AttackAction,None,1.00,49.2,0
74.49,Utility Enemy 9,Utility,AttackAction,None,1.00,66.2,0
74.99,Player,Player,-,None,0.84,,0
74.99,FSM Enemy 4,FSM,PatrolState,None,1.00,81.0,0
74.99,FSM Enemy 3,FSM,PatrolState,None,0.80,81.3,0
74.99,FSM Enemy 14,FSM,PatrolState,None,1.00,100.8,0
74.99,FSM Enemy 13,FSM,Dead,None,0.00,13.5,0
74.99,FSM Enemy 12,FSM,PatrolState,None,0.80,65.3,0
74.99,FSM Enemy 10,FSM,PatrolState,None,1.00,90.8,0
74.99,FSM Enemy 7,FSM,PatrolState,None,0.75,13.5,0
74.99,FSM Enemy 8,FSM,PatrolState,None,0.90,50.4,0
74.99,FSM Enemy 9,FSM,PatrolState,None,1.00,56.3,0
74.99,FSM Enemy 2,FSM,PatrolState,None,1.00,112.5,0
74.99,FSM Enemy 11,FSM,AttackState,None,1.00,9.9,1
74.99,FSM Enemy 15,FSM,PatrolState,None,1.00,21.0,0
74.99,FSM Enemy 1,FSM,PatrolState,None,1.00,74.2,0
74.99,FSM Enemy 6,FSM,PatrolState,None,0.60,65.7,0
74.99,FSM Enemy 5,FSM,PatrolState,None,0.90,45.7,0
74.99,Utility Enemy 8,Utility,AttackAction,None,1.00,55.6,0
74.99,Utility Enemy 15,Utility,AttackAction,None,1.00,65.6,0
74.99,Utility Enemy 6,Utility,Dead,None,0.00,5.1,1
74.99,Utility Enemy 1,Utility,AttackAction,None,1.00,66.2,0
74.99,Utility Enemy 11,Utility,AttackAction,None,1.00,49.7,0
74.99,Utility Enemy 2,Utility,AttackAction,None,1.00,67.0,0
74.99,Utility Enemy 5,Utility,AttackAction,None,1.00,69.8,0
74.99,Utility Enemy 4,Utility,AttackAction,None,1.00,48.9,0
74.99,Utility Enemy 7,Utility,AttackAction,None,1.00,66.8,0
74.99,Utility Enemy 3,Utility,AttackAction,None,1.00,70.2,0
74.99,Utility Enemy 13,Utility,AttackAction,None,1.00,54.3,0
74.99,Utility Enemy 12,Utility,AttackAction,None,1.00,62.5,0
74.99,Utility Enemy 14,Utility,AttackAction,None,1.00,66.6,0
74.99,Utility Enemy 10,Utility,AttackAction,None,1.00,47.3,0
74.99,Utility Enemy 9,Utility,AttackAction,None,1.00,64.1,0
75.50,Player,Player,-,None,0.79,,0
75.50,FSM Enemy 4,FSM,PatrolState,None,1.00,78.9,0
75.50,FSM Enemy 3,FSM,PatrolState,None,0.80,78.5,0
75.50,FSM Enemy 14,FSM,PatrolState,None,1.00,99.2,0
75.50,FSM Enemy 13,FSM,Dead,None,0.00,11.0,0
75.50,FSM Enemy 12,FSM,PatrolState,None,0.80,63.8,0
75.50,FSM Enemy 10,FSM,PatrolState,None,1.00,88.1,0
75.50,FSM Enemy 7,FSM,PatrolState,None,0.75,11.0,0
75.50,FSM Enemy 8,FSM,PatrolState,None,0.90,48.3,0
75.50,FSM Enemy 9,FSM,PatrolState,None,1.00,53.1,0
75.50,FSM Enemy 2,FSM,PatrolState,None,1.00,110.4,0
75.50,FSM Enemy 11,FSM,AttackState,None,1.00,7.7,1
75.50,FSM Enemy 15,FSM,PatrolState,None,1.00,19.9,0
75.50,FSM Enemy 1,FSM,PatrolState,None,1.00,72.1,0
75.50,FSM Enemy 6,FSM,PatrolState,None,0.60,65.1,0
75.50,FSM Enemy 5,FSM,PatrolState,None,0.90,45.9,0
75.50,Utility Enemy 8,Utility,AttackAction,None,1.00,54.2,0
75.50,Utility Enemy 15,Utility,AttackAction,None,1.00,64.0,0
75.50,Utility Enemy 6,Utility,Dead,None,0.00,1.3,0
75.50,Utility Enemy 1,Utility,AttackAction,None,1.00,64.7,0
75.50,Utility Enemy 11,Utility,AttackAction,None,1.00,48.1,0
75.50,Utility Enemy 2,Utility,AttackAction,None,1.00,65.1,0
75.50,Utility Enemy 5,Utility,AttackAction,None,1.00,67.9,0
75.50,Utility Enemy 4,Utility,AttackAction,None,1.00,47.2,0
75.50,Utility Enemy 7,Utility,AttackAction,None,1.00,64.8,0
75.50,Utility Enemy 3,Utility,AttackAction,None,1.00,68.1,0
75.50,Utility Enemy 13,Utility,AttackAction,None,1.00,52.3,0
75.50,Utility Enemy 12,Utility,AttackAction,None,1.00,60.5,0
75.50,Utility Enemy 14,Utility,AttackAction,None,1.00,64.5,0
75.50,Utility Enemy 10,Utility,AttackAction,None,1.00,45.3,0
75.50,Utility Enemy 9,Utility,AttackAction,None,1.00,62.0,0
76.00,Player,Player,-,None,0.73,,0
76.00,FSM Enemy 4,FSM,PatrolState,None,1.00,77.0,0
76.00,FSM Enemy 3,FSM,PatrolState,None,0.80,76.3,0
76.00,FSM Enemy 14,FSM,PatrolState,None,1.00,96.8,0
76.00,FSM Enemy 13,FSM,Dead,None,0.00,9.7,0
76.00,FSM Enemy 12,FSM,PatrolState,None,0.80,62.3,0
76.00,FSM Enemy 10,FSM,PatrolState,None,1.00,85.6,0
76.00,FSM Enemy 7,FSM,PatrolState,None,0.75,9.3,0
76.00,FSM Enemy 8,FSM,PatrolState,None,0.90,46.8,0
76.00,FSM Enemy 9,FSM,PatrolState,None,1.00,50.2,0
76.00,FSM Enemy 2,FSM,PatrolState,None,1.00,108.6,0
76.00,FSM Enemy 11,FSM,AttackState,None,1.00,6.4,1
76.00,FSM Enemy 15,FSM,PatrolState,None,1.00,19.5,0
76.00,FSM Enemy 1,FSM,PatrolState,None,1.00,70.5,0
76.00,FSM Enemy 6,FSM,PatrolState,None,0.60,64.5,0
76.00,FSM Enemy 5,FSM,PatrolState,None,0.90,46.7,0
76.00,Utility Enemy 8,Utility,AttackAction,None,1.00,53.4,0
76.00,Utility Enemy 15,Utility,AttackAction,None,1.00,62.9,0
76.00,Utility Enemy 6,Utility,Dead,None,0.00,2.1,0
76.00,Utility Enemy 1,Utility,AttackAction,None,1.00,63.6,0
76.00,Utility Enemy 11,Utility,AttackAction,None,1.00,47.1,0
76.00,Utility Enemy 2,Utility,AttackAction,None,1.00,63.6,0
76.00,Utility Enemy 5,Utility,AttackAction,None,1.00,66.4,0
76.00,Utility Enemy 4,Utility,AttackAction,None,1.00,46.2,0
76.00,Utility Enemy 7,Utility,AttackAction,None,1.00,62.7,0
76.00,Utility Enemy 3,Utility,AttackAction,None,1.00,66.2,0
76.00,Utility Enemy 13,Utility,AttackAction,None,1.00,50.8,0
76.00,Utility Enemy 12,Utility,AttackAction,None,1.00,58.4,0
76.00,Utility Enemy 14,Utility,AttackAction,None,1.00,62.5,0
76.00,Utility Enemy 10,Utility,AttackAction,None,1.00,43.4,0
76.00,Utility Enemy 9,Utility,AttackAction,None,1.00,60.0,0
76.50,Player,Player,-,None,0.73,,0
76.50,FSM Enemy 4,FSM,PatrolState,None,1.00,74.0,0
76.50,FSM Enemy 3,FSM,PatrolState,None,0.80,73.5,0
76.50,FSM Enemy 14,FSM,PatrolState,None,1.00,93.4,0
76.50,FSM Enemy 13,FSM,Dead,None,0.00,8.4,0
76.50,FSM Enemy 12,FSM,PatrolState,None,0.80,60.4,0
76.50,FSM Enemy 10,FSM,PatrolState,None,1.00,82.5,0
76.50,FSM Enemy 7,FSM,PatrolState,None,0.75,7.3,0
76.50,FSM Enemy 8,FSM,PatrolState,None,0.90,45.1,0
76.50,FSM Enemy 9,FSM,PatrolState,None,1.00,46.4,0
76.50,FSM Enemy 2,FSM,PatrolState,None,1.00,105.8,0
76.50,FSM Enemy 11,FSM,AttackState,None,1.00,5.4,1
76.50,FSM Enemy 15,FSM,PatrolState,None,1.00,18.6,0
76.50,FSM Enemy 1,FSM,PatrolState,None,1.00,69.0,0
76.50,FSM Enemy 6,FSM,PatrolState,None,0.60,62.8,0
76.50,FSM Enemy 5,FSM,PatrolState,None,0.90,47.8,0
76.50,Utility Enemy 8,Utility,AttackAction,None,1.00,52.5,0
76.50,Utility Enemy 15,Utility,AttackAction,None,1.00,61.5,0
76.50,Utility Enemy 6,Utility,Dead,None,0.00,5.0,0
76.50,Utility Enemy 1,Utility,AttackAction,None,1.00,62.3,0
76.50,Utility Enemy 11,Utility,AttackAction,None,1.00,45.9,0
76.50,Utility Enemy 2,Utility,AttackAction,None,1.00,61.4,0
76.50,Utility Enemy 5,Utility,AttackAction,None,1.00,64.4,0
76.50,Utility Enemy 4,Utility,AttackAction,None,1.00,44.9,0
76.50,Utility Enemy 7,Utility,AttackAction,None,1.00,59.7,0
76.50,Utility Enemy 3,Utility,AttackAction,None,1.00,63.5,0
76.50,Utility Enemy 13,Utility,AttackAction,None,1.00,48.7,0
76.50,Utility Enemy 12,Utility,AttackAction,None,1.00,55.4,0
76.50,Utility Enemy 14,Utility,AttackAction,None,1.00,59.5,0
76.50,Utility Enemy 10,Utility,AttackAction,None,1.00,40.4,0
76.50,Utility Enemy 9,Utility,AttackAction,None,1.00,56.9,0
77.00,Player,Player,-,None,0.68,,0
77.00,FSM Enemy 4,FSM,PatrolState,None,1.00,71.3,0
77.00,FSM Enemy 3,FSM,PatrolState,None,0.80,70.0,0
77.00,FSM Enemy 14,FSM,PatrolState,None,1.00,89.8,0
77.00,FSM Enemy 13,FSM,Dead,None,0.00,6.8,0
77.00,FSM Enemy 12,FSM,PatrolState,None,0.80,59.3,0
77.00,FSM Enemy 10,FSM,PatrolState,None,1.00,78.9,0
77.00,FSM Enemy 7,FSM,PatrolState,None,0.75,8.1,0
77.00,FSM Enemy 8,FSM,PatrolState,None,0.90,42.7,0
77.00,FSM Enemy 9,FSM,PatrolState,None,1.00,42.3,0
77.00,FSM Enemy 2,FSM,PatrolState,None,1.00,101.7,0
77.00,FSM Enemy 11,FSM,AttackState,None,1.00,7.2,1
77.00,FSM Enemy 15,FSM,PatrolState,None,1.00,17.1,0
77.00,FSM Enemy 1,FSM,PatrolState,None,1.00,66.3,0
77.00,FSM Enemy 6,FSM,PatrolState,None,0.60,62.0,0
77.00,FSM Enemy 5,FSM,PatrolState,None,0.90,47.6,0
77.00,Utility Enemy 8,Utility,AttackAction,None,1.00,50.5,0
77.00,Utility Enemy 15,Utility,AttackAction,None,1.00,59.1,0
77.00,Utility Enemy 6,Utility,Dead,None,0.00,8.0,0
77.00,Utility Enemy 1,Utility,AttackAction,None,1.00,59.9,0
77.00,Utility Enemy 11,Utility,AttackAction,None,1.00,43.7,0
77.00,Utility Enemy 2,Utility,AttackAction,None,1.00,58.6,0
77.00,Utility Enemy 5,Utility,AttackAction,None,1.00,61.6,0
77.00,Utility Enemy 4,Utility,AttackAction,None,1.00,42.6,0
77.00,Utility Enemy 7,Utility,AttackAction,None,1.00,57.0,0
77.00,Utility Enemy 3,Utility,AttackAction,None,1.00,60.4,0
77.00,Utility Enemy 13,Utility,AttackAction,None,1.00,45.8,0
77.00,Utility Enemy 12,Utility,AttackAction,None,1.00,52.7,0
77.00,Utility Enemy 14,Utility,AttackAction,None,1.00,56.5,0
77.00,Utility Enemy 10,Utility,AttackAction,None,1.00,38.1,0
77.00,Utility Enemy 9,Utility,AttackAction,None,1.00,54.2,0
77.50,Player,Player,-,None,0.68,,0
77.50,FSM Enemy 4,FSM,PatrolState,None,1.00,69.0,0
77.50,FSM Enemy 3,FSM,PatrolState,None,0.80,68.9,0
77.50,FSM Enemy 14,FSM,PatrolState,None,1.00,87.7,0
77.50,FSM Enemy 13,FSM,Dead,None,0.00,8.6,0
77.50,FSM Enemy 12,FSM,PatrolState,None,0.80,57.8,0
77.50,FSM Enemy 10,FSM,PatrolState,None,1.00,77.2,0
77.50,FSM Enemy 7,FSM,PatrolState,None,0.75,7.9,0
77.50,FSM Enemy 8,FSM,PatrolState,None,0.90,43.1,0
77.50,FSM Enemy 9,FSM,PatrolState,None,1.00,39.5,0
77.50,FSM Enemy 2,FSM,PatrolState,None,1.00,99.1,0
77.50,FSM Enemy 11,FSM,AttackState,None,1.00,7.4,1
77.50,FSM Enemy 15,FSM,PatrolState,None,1.00,18.1,0
77.50,FSM Enemy 1,FSM,PatrolState,None,1.00,66.4,0
77.50,FSM Enemy 6,FSM,PatrolState,None,0.60,59.5,0
77.50,FSM Enemy 5,FSM,PatrolState,None,0.90,50.1,0
77.50,Utility Enemy 8,Utility,AttackAction,None,1.00,51.3,0
77.50,Utility Enemy 15,Utility,AttackAction,None,1.00,59.3,0
77.50,Utility Enemy 6,Utility,Dead,None,0.00,10.2,0
77.50,Utility Enemy 1,Utility,AttackAction,None,1.00,60.2,0
77.50,Utility Enemy 11,Utility,AttackAction,None,1.00,44.1,0
77.50,Utility Enemy 2,Utility,AttackAction,None,1.00,57.8,0
77.50,Utility Enemy 5,Utility,AttackAction,None,1.00,61.0,0
77.50,Utility Enemy 4,Utility,AttackAction,None,1.00,42.9,0
77.50,Utility Enemy 7,Utility,AttackAction,None,1.00,54.4,0
77.50,Utility Enemy 3,Utility,AttackAction,None,1.00,58.8,0
77.50,Utility Enemy 13,Utility,AttackAction,None,1.00,45.2,0
77.50,Utility Enemy 12,Utility,AttackAction,None,1.00,50.1,0
77.50,Utility Enemy 14,Utility,AttackAction,None,1.00,54.4,0
77.50,Utility Enemy 10,Utility,AttackAction,None,1.00,35.3,0
77.50,Utility Enemy 9,Utility,AttackAction,None,1.00,51.6,0
78.01,Player,Player,-,None,0.63,,0
78.01,FSM Enemy 4,FSM,PatrolState,None,1.00,69.1,0
78.01,FSM Enemy 3,FSM,PatrolState,None,0.80,71.1,0
78.01,FSM Enemy 14,FSM,PatrolState,None,1.00,88.5,0
78.01,FSM Enemy 13,FSM,Dead,None,0.00,11.6,0
78.01,FSM Enemy 12,FSM,PatrolState,None,0.80,58.0,0
78.01,FSM Enemy 10,FSM,PatrolState,None,1.00,78.4,0
78.01,FSM Enemy 7,FSM,PatrolState,None,0.25,5.7,0
78.01,FSM Enemy 8,FSM,PatrolState,None,0.90,45.9,0
78.01,FSM Enemy 9,FSM,PatrolState,None,1.00,40.2,0
78.01,FSM Enemy 2,FSM,PatrolState,None,1.00,99.3,0
78.01,FSM Enemy 11,FSM,AttackState,None,1.00,5.8,1
78.01,FSM Enemy 15,FSM,PatrolState,None,1.00,21.2,0
78.01,FSM Enemy 1,FSM,PatrolState,None,1.00,69.9,0
78.01,FSM Enemy 6,FSM,PatrolState,None,0.60,58.1,0
78.01,FSM Enemy 5,FSM,PatrolState,None,0.90,54.1,0
78.01,Utility Enemy 8,Utility,AttackAction,None,1.00,54.2,0
78.01,Utility Enemy 15,Utility,AttackAction,None,1.00,62.0,0
78.01,Utility Enemy 6,Utility,Dead,None,0.00,10.7,0
78.01,Utility Enemy 1,Utility,AttackAction,None,1.00,62.9,0
78.01,Utility Enemy 11,Utility,AttackAction,None,1.00,47.0,0
78.01,Utility Enemy 2,Utility,AttackAction,None,1.00,59.9,0
78.01,Utility Enemy 5,Utility,AttackAction,None,1.00,63.2,0
78.01,Utility Enemy 4,Utility,AttackAction,None,1.00,45.7,0
78.01,Utility Enemy 7,Utility,AttackAction,None,1.00,54.0,0
78.01,Utility Enemy 3,Utility,AttackAction,None,1.00,60.0,0
78.01,Utility Enemy 13,Utility,AttackAction,None,1.00,47.4,0
78.01,Utility Enemy 12,Utility,AttackAction,None,1.00,49.8,0
78.01,Utility Enemy 14,Utility,AttackAction,None,1.00,54.9,0
78.01,Utility Enemy 10,Utility,AttackAction,None,1.00,34.2,0
78.01,Utility Enemy 9,Utility,AttackAction,None,1.00,51.4,0
78.51,Player,Player,-,None,0.63,,0
78.51,FSM Enemy 4,FSM,PatrolState,None,1.00,69.5,0
78.51,FSM Enemy 3,FSM,PatrolState,None,0.80,74.8,0
78.51,FSM Enemy 14,FSM,PatrolState,None,1.00,89.7,0
78.51,FSM Enemy 13,FSM,Dead,None,0.00,14.6,0
78.51,FSM Enemy 12,FSM,PatrolState,None,0.80,58.5,0
78.51,FSM Enemy 10,FSM,PatrolState,None,1.00,80.0,0
78.51,FSM Enemy 7,FSM,PatrolState,None,0.25,4.0,0
78.51,FSM Enemy 8,FSM,PatrolState,None,0.90,48.9,0
78.51,FSM Enemy 9,FSM,PatrolState,None,1.00,42.5,0
78.51,FSM Enemy 2,FSM,PatrolState,None,1.00,99.8,0
78.51,FSM Enemy 11,FSM,AttackState,None,1.00,5.5,1
78.51,FSM Enemy 15,FSM,PatrolState,None,1.00,23.3,0
78.51,FSM Enemy 1,FSM,PatrolState,None,1.00,73.9,0
78.51,FSM Enemy 6,FSM,PatrolState,None,0.60,57.2,0
78.51,FSM Enemy 5,FSM,PatrolState,None,0.90,58.1,0
78.51,Utility Enemy 8,Utility,AttackAction,None,1.00,57.2,0
78.51,Utility Enemy 15,Utility,AttackAction,None,1.00,64.8,0
78.51,Utility Enemy 6,Utility,Dead,None,0.00,11.8,0
78.51,Utility Enemy 1,Utility,AttackAction,None,1.00,65.7,0
78.51,Utility Enemy 11,Utility,AttackAction,None,1.00,49.9,0
78.51,Utility Enemy 2,Utility,AttackAction,None,1.00,62.3,0
78.51,Utility Enemy 5,Utility,AttackAction,None,1.00,65.7,0
78.51,Utility Enemy 4,Utility,AttackAction,None,1.00,48.6,0
78.51,Utility Enemy 7,Utility,AttackAction,None,1.00,54.0,0
78.51,Utility Enemy 3,Utility,AttackAction,None,1.00,61.6,0
78.51,Utility Enemy 13,Utility,AttackAction,None,1.00,49.8,0
78.51,Utility Enemy 12,Utility,AttackAction,None,1.00,49.8,0
78.51,Utility Enemy 14,Utility,AttackAction,None,1.00,55.8,0
78.51,Utility Enemy 10,Utility,AttackAction,None,1.00,33.5,0
78.51,Utility Enemy 9,Utility,AttackAction,None,1.00,51.5,0
79.01,Player,Player,-,None,0.63,,0
79.01,FSM Enemy 4,FSM,PatrolState,None,1.00,71.5,0
79.01,FSM Enemy 3,FSM,PatrolState,None,0.80,78.9,0
79.01,FSM Enemy 14,FSM,PatrolState,None,1.00,91.8,0
79.01,FSM Enemy 13,FSM,Dead,None,0.00,17.1,0
79.01,FSM Enemy 12,FSM,PatrolState,None,0.80,60.5,0
79.01,FSM Enemy 10,FSM,PatrolState,None,1.00,81.7,0
79.01,FSM Enemy 7,FSM,Dead,None,0.00,2.2,0
79.01,FSM Enemy 8,FSM,PatrolState,None,0.90,52.2,0
79.01,FSM Enemy 9,FSM,PatrolState,None,1.00,46.0,0
79.01,FSM Enemy 2,FSM,PatrolState,None,1.00,101.3,0
79.01,FSM Enemy 11,FSM,AttackState,None,1.00,5.5,1
79.01,FSM Enemy 15,FSM,PatrolState,None,1.00,25.7,0
79.01,FSM Enemy 1,FSM,PatrolState,None,1.00,77.7,0
79.01,FSM Enemy 6,FSM,PatrolState,None,0.60,58.0,0
79.01,FSM Enemy 5,FSM,PatrolState,None,0.90,61.8,0
79.01,Utility Enemy 8,Utility,AttackAction,None,1.00,60.2,0
79.01,Utility Enemy 15,Utility,AttackAction,None,1.00,67.9,0
79.01,Utility Enemy 6,Utility,Dead,None,0.00,12.3,0
79.01,Utility Enemy 1,Utility,AttackAction,None,1.00,68.8,0
79.01,Utility Enemy 11,Utility,AttackAction,None,1.00,52.9,0
79.01,Utility Enemy 2,Utility,AttackAction,None,1.00,65.2,0
79.01,Utility Enemy 5,Utility,AttackAction,None,1.00,68.7,0
79.01,Utility Enemy 4,Utility,AttackAction,None,1.00,51.6,0
79.01,Utility Enemy 7,Utility,AttackAction,None,1.00,55.5,0
79.01,Utility Enemy 3,Utility,AttackAction,None,1.00,64.2,0
79.01,Utility Enemy 13,Utility,AttackAction,None,1.00,52.8,0
79.01,Utility Enemy 12,Utility,AttackAction,None,1.00,51.3,0
79.01,Utility Enemy 14,Utility,AttackAction,None,1.00,57.9,0
79.01,Utility Enemy 10,Utility,AttackAction,None,1.00,34.3,0
79.01,Utility Enemy 9,Utility,AttackAction,None,1.00,53.1,0
79.51,Player,Player,-,None,0.57,,0
79.51,FSM Enemy 4,FSM,PatrolState,None,1.00,72.9,0
79.51,FSM Enemy 3,FSM,PatrolState,None,0.80,80.1,0
79.51,FSM Enemy 14,FSM,PatrolState,None,1.00,91.5,0
79.51,FSM Enemy 13,FSM,Dead,None,0.00,16.3,0
79.51,FSM Enemy 12,FSM,PatrolState,None,0.80,63.3,0
79.51,FSM Enemy 10,FSM,PatrolState,None,1.00,80.9,0
79.51,FSM Enemy 7,FSM,Dead,None,0.00,0.7,0
79.51,FSM Enemy 8,FSM,PatrolState,None,0.90,52.5,0
79.51,FSM Enemy 9,FSM,PatrolState,None,1.00,47.6,0
79.51,FSM Enemy 2,FSM,PatrolState,None,1.00,100.8,0
79.51,FSM Enemy 11,FSM,AttackState,None,0.75,3.9,1
79.51,FSM Enemy 15,FSM,PatrolState,None,0.90,24.9,0
79.51,FSM Enemy 1,FSM,PatrolState,None,1.00,78.1,0
79.51,FSM Enemy 6,FSM,PatrolState,None,0.60,59.9,0
79.51,FSM Enemy 5,FSM,PatrolState,None,0.90,62.2,0
79.51,Utility Enemy 8,Utility,AttackAction,None,1.00,59.8,0
79.51,Utility Enemy 15,Utility,AttackAction,None,1.00,67.8,0
79.51,Utility Enemy 6,Utility,Dead,None,0.00,10.8,0
79.51,Utility Enemy 1,Utility,AttackAction,None,1.00,68.6,0
79.51,Utility Enemy 11,Utility,AttackAction,None,1.00,52.7,0
79.51,Utility Enemy 2,Utility,AttackAction,None,1.00,65.6,0
79.51,Utility Enemy 5,Utility,AttackAction,None,1.00,69.0,0
79.51,Utility Enemy 4,Utility,AttackAction,None,1.00,51.4,0
79.51,Utility Enemy 7,Utility,AttackAction,None,1.00,56.9,0
79.51,Utility Enemy 3,Utility,AttackAction,None,1.00,65.0,0
79.51,Utility Enemy 13,Utility,AttackAction,None,1.00,53.1,0
79.51,Utility Enemy 12,Utility,AttackAction,None,1.00,52.7,0
79.51,Utility Enemy 14,Utility,AttackAction,None,1.00,59.0,0
79.51,Utility Enemy 10,Utility,AttackAction,None,1.00,35.9,0
79.51,Utility Enemy 9,Utility,AttackAction,None,1.00,54.4,0
80.01,Player,Player,-,None,0.52,,0
80.01,FSM Enemy 4,FSM,PatrolState,None,1.00,72.0,0
80.01,FSM Enemy 3,FSM,PatrolState,None,0.80,78.5,0
80.01,FSM Enemy 14,FSM,PatrolState,None,1.00,87.9,0
80.01,FSM Enemy 13,FSM,Dead,None,0.00,14.1,0
80.01,FSM Enemy 12,FSM,PatrolState,None,0.80,63.5,0
80.01,FSM Enemy 10,FSM,PatrolState,None,1.00,77.0,0
80.01,FSM Enemy 7,FSM,Dead,None,0.00,3.2,0
80.01,FSM Enemy 8,FSM,PatrolState,None,0.90,50.2,0
80.01,FSM Enemy 9,FSM,PatrolState,None,1.00,46.0,0
80.01,FSM Enemy 2,FSM,PatrolState,None,1.00,97.9,0
80.01,FSM Enemy 11,FSM,AttackState,None,0.50,4.2,1
80.01,FSM Enemy 15,FSM,PatrolState,None,0.90,21.7,0
80.01,FSM Enemy 1,FSM,PatrolState,None,1.00,76.8,0
80.01,FSM Enemy 6,FSM,PatrolState,None,0.60,59.3,0
80.01,FSM Enemy 5,FSM,PatrolState,None,0.90,60.9,0
80.01,Utility Enemy 8,Utility,AttackAction,None,1.00,57.2,0
80.01,Utility Enemy 15,Utility,AttackAction,None,1.00,65.1,0
80.01,Utility Enemy 6,Utility,Dead,None,0.00,10.6,0
80.01,Utility Enemy 1,Utility,AttackAction,None,1.00,66.0,0
80.01,Utility Enemy 11,Utility,AttackAction,None,1.00,50.0,0
80.01,Utility Enemy 2,Utility,AttackAction,None,1.00,62.9,0
80.01,Utility Enemy 5,Utility,AttackAction,None,1.00,66.3,0
80.01,Utility Enemy 4,Utility,AttackAction,None,1.00,48.8,0
80.01,Utility Enemy 7,Utility,AttackAction,None,1.00,55.3,0
80.01,Utility Enemy 3,Utility,AttackAction,None,1.00,62.6,0
80.01,Utility Enemy 13,Utility,AttackAction,None,1.00,50.4,0
80.01,Utility Enemy 12,Utility,AttackAction,None,1.00,51.1,0
80.01,Utility Enemy 14,Utility,AttackAction,None,1.00,56.9,0
80.01,Utility Enemy 10,Utility,AttackAction,None,1.00,34.8,0
80.01,Utility Enemy 9,Utility,AttackAction,None,1.00,52.8,0
80.52,Player,Player,-,None,0.52,,0
80.52,FSM Enemy 4,FSM,PatrolState,None,1.00,72.2,0
80.52,FSM Enemy 3,FSM,PatrolState,None,0.80,78.9,0
80.52,FSM Enemy 14,FSM,PatrolState,None,1.00,85.9,0
80.52,FSM Enemy 13,FSM,Dead,None,0.00,14.0,0
80.52,FSM Enemy 12,FSM,PatrolState,None,0.80,64.0,0
80.52,FSM Enemy 10,FSM,PatrolState,None,1.00,75.0,0
80.52,FSM Enemy 7,FSM,Dead,None,0.00,4.0,0
80.52,FSM Enemy 8,FSM,PatrolState,None,0.90,49.8,0
80.52,FSM Enemy 9,FSM,PatrolState,None,1.00,46.0,0
80.52,FSM Enemy 2,FSM,PatrolState,None,1.00,97.3,0
80.52,FSM Enemy 11,FSM,AttackState,None,0.50,5.0,1
80.52,FSM Enemy 15,FSM,PatrolState,None,0.90,20.8,0
80.52,FSM Enemy 1,FSM,PatrolState,None,1.00,77.4,0
80.52,FSM Enemy 6,FSM,PatrolState,None,0.60,58.8,0
80.52,FSM Enemy 5,FSM,PatrolState,None,0.90,61.1,0
80.52,Utility Enemy 8,Utility,AttackAction,None,1.00,56.8,0
80.52,Utility Enemy 15,Utility,AttackAction,None,1.00,64.5,0
80.52,Utility Enemy 6,Utility,Dead,None,0.00,11.2,0
80.52,Utility Enemy 1,Utility,AttackAction,None,1.00,65.4,0
80.52,Utility Enemy 11,Utility,AttackAction,None,1.00,49.6,0
80.52,Utility Enemy 2,Utility,AttackAction,None,1.00,62.2,0
80.52,Utility Enemy 5,Utility,AttackAction,None,1.00,65.5,0
80.52,Utility Enemy 4,Utility,AttackAction,None,1.00,48.3,0
80.52,Utility Enemy 7,Utility,AttackAction,None,1.00,54.4,0
80.52,Utility Enemy 3,Utility,AttackAction,None,1.00,61.7,0
80.52,Utility Enemy 13,Utility,AttackAction,None,1.00,49.7,0
80.52,Utility Enemy 12,Utility,AttackAction,None,1.00,50.2,0
80.52,Utility Enemy 14,Utility,AttackAction,None,1.00,56.0,0
80.52,Utility Enemy 10,Utility,AttackAction,None,1.00,33.9,0
80.52,Utility Enemy 9,Utility,AttackAction,None,1.00,51.9,0
81.02,Player,Player,-,None,0.47,,0
81.02,FSM Enemy 4,FSM,PatrolState,None,1.00,73.1,0
81.02,FSM Enemy 3,FSM,PatrolState,None,0.80,79.9,0
81.02,FSM Enemy 14,FSM,PatrolState,None,1.00,84.7,0
81.02,FSM Enemy 13,FSM,Dead,None,0.00,14.0,0
81.02,FSM Enemy 12,FSM,PatrolState,None,0.80,65.0,0
81.02,FSM Enemy 10,FSM,PatrolState,None,1.00,73.6,0
81.02,FSM Enemy 7,FSM,Dead,None,0.00,4.2,0
81.02,FSM Enemy 8,FSM,PatrolState,None,0.90,50.1,0
81.02,FSM Enemy 9,FSM,PatrolState,None,1.00,46.7,0
81.02,FSM Enemy 2,FSM,PatrolState,None,1.00,97.9,0
81.02,FSM Enemy 11,FSM,Dead,None,0.00,5.2,1
81.02,FSM Enemy 15,FSM,PatrolState,None,0.90,20.4,0
81.02,FSM Enemy 1,FSM,PatrolState,None,1.00,78.4,0
81.02,FSM Enemy 6,FSM,PatrolState,None,0.60,58.9,0
81.02,FSM Enemy 5,FSM,PatrolState,None,0.90,61.4,0
81.02,Utility Enemy 8,Utility,AttackAction,None,1.00,56.7,0
81.02,Utility Enemy 15,Utility,AttackAction,None,1.00,64.4,0
81.02,Utility Enemy 6,Utility,Dead,None,0.00,11.4,0
81.02,Utility Enemy 1,Utility,AttackAction,None,1.00,65.3,0
81.02,Utility Enemy 11,Utility,AttackAction,None,1.00,49.5,0
81.02,Utility Enemy 2,Utility,AttackAction,None,1.00,62.0,0
81.02,Utility Enemy 5,Utility,AttackAction,None,1.00,65.4,0
81.02,Utility Enemy 4,Utility,AttackAction,None,1.00,48.2,0
81.02,Utility Enemy 7,Utility,AttackAction,None,1.00,54.2,0
81.02,Utility Enemy 3,Utility,AttackAction,None,1.00,61.5,0
81.02,Utility Enemy 13,Utility,AttackAction,None,1.00,49.5,0
81.02,Utility Enemy 12,Utility,AttackAction,None,1.00,50.0,0
81.02,Utility Enemy 14,Utility,AttackAction,None,1.00,55.8,0
81.02,Utility Enemy 10,Utility,AttackAction,None,1.00,33.7,0
81.02,Utility Enemy 9,Utility,AttackAction,None,1.00,51.7,0
81.52,Player,Player,-,None,0.47,,0
81.52,FSM Enemy 4,FSM,PatrolState,None,1.00,74.4,0
81.52,FSM Enemy 3,FSM,PatrolState,None,0.80,80.5,0
81.52,FSM Enemy 14,FSM,PatrolState,None,1.00,85.3,0
81.52,FSM Enemy 13,FSM,Dead,None,0.00,14.2,0
81.52,FSM Enemy 12,FSM,PatrolState,None,0.80,66.4,0
81.52,FSM Enemy 10,FSM,PatrolState,None,1.00,72.6,0
81.52,FSM Enemy 7,FSM,Dead,None,0.00,4.0,0
81.52,FSM Enemy 8,FSM,PatrolState,None,0.90,50.9,0
81.52,FSM Enemy 9,FSM,PatrolState,None,1.00,47.8,0
81.52,FSM Enemy 2,FSM,PatrolState,None,1.00,99.4,0
81.52,FSM Enemy 11,FSM,Dead,None,0.00,5.1,1
81.52,FSM Enemy 15,FSM,PatrolState,None,0.90,20.3,0
81.52,FSM Enemy 1,FSM,PatrolState,None,1.00,79.7,0
81.52,FSM Enemy 6,FSM,PatrolState,None,0.60,59.3,0
81.52,FSM Enemy 5,FSM,PatrolState,None,0.90,62.0,0
81.52,Utility Enemy 8,Utility,AttackAction,None,1.00,57.0,0
81.52,Utility Enemy 15,Utility,AttackAction,None,1.00,64.7,0
81.52,Utility Enemy 6,Utility,Dead,None,0.00,11.4,0
81.52,Utility Enemy 1,Utility,AttackAction,None,1.00,65.6,0
81.52,Utility Enemy 11,Utility,AttackAction,None,1.00,49.7,0
81.52,Utility Enemy 2,Utility,AttackAction,None,1.00,62.2,0
81.52,Utility Enemy 5,Utility,AttackAction,None,1.00,65.6,0
81.52,Utility Enemy 4,Utility,AttackAction,None,1.00,48.4,0
81.52,Utility Enemy 7,Utility,AttackAction,None,1.00,54.3,0
81.52,Utility Enemy 3,Utility,AttackAction,None,1.00,61.7,0
81.52,Utility Enemy 13,Utility,AttackAction,None,1.00,49.8,0
81.52,Utility Enemy 12,Utility,AttackAction,None,1.00,50.1,0
81.52,Utility Enemy 14,Utility,AttackAction,None,1.00,56.0,0
81.52,Utility Enemy 10,Utility,AttackAction,None,1.00,33.8,0
81.52,Utility Enemy 9,Utility,AttackAction,None,1.00,51.8,0
82.03,Player,Player,-,None,0.47,,0
82.03,FSM Enemy 4,FSM,PatrolState,None,1.00,78.1,0
82.03,FSM Enemy 3,FSM,PatrolState,None,0.80,82.2,0
82.03,FSM Enemy 14,FSM,PatrolState,None,1.00,88.6,0
82.03,FSM Enemy 13,FSM,Dead,None,0.00,14.2,0
82.03,FSM Enemy 12,FSM,PatrolState,None,0.80,70.1,0
82.03,FSM Enemy 10,FSM,PatrolState,None,1.00,73.3,0
82.03,FSM Enemy 7,FSM,Dead,None,0.00,2.3,0
82.03,FSM Enemy 8,FSM,PatrolState,None,0.90,53.3,0
82.03,FSM Enemy 9,FSM,PatrolState,None,1.00,50.0,0
82.03,FSM Enemy 2,FSM,PatrolState,None,1.00,102.9,0
82.03,FSM Enemy 11,FSM,Dead,None,0.00,2.6,1
82.03,FSM Enemy 15,FSM,PatrolState,None,0.90,20.3,0
82.03,FSM Enemy 1,FSM,PatrolState,None,1.00,81.2,0
82.03,FSM Enemy 6,FSM,PatrolState,None,0.60,62.2,0
82.03,FSM Enemy 5,FSM,PatrolState,None,0.90,62.5,0
82.03,Utility Enemy 8,Utility,AttackAction,None,1.00,57.8,0
82.03,Utility Enemy 15,Utility,AttackAction,None,1.00,65.9,0
82.03,Utility Enemy 6,Utility,Dead,None,0.00,9.3,0
82.03,Utility Enemy 1,Utility,AttackAction,None,1.00,66.8,0
82.03,Utility Enemy 11,Utility,AttackAction,None,1.00,50.7,0
82.03,Utility Enemy 2,Utility,AttackAction,None,1.00,64.1,0
82.03,Utility Enemy 5,Utility,AttackAction,None,1.00,67.4,0
82.03,Utility Enemy 4,Utility,AttackAction,None,1.00,49.5,0
82.03,Utility Enemy 7,Utility,AttackAction,None,1.00,56.9,0
82.03,Utility Enemy 3,Utility,AttackAction,None,1.00,64.0,0
82.03,Utility Enemy 13,Utility,AttackAction,None,1.00,51.5,0
82.03,Utility Enemy 12,Utility,AttackAction,None,1.00,52.7,0
82.03,Utility Enemy 14,Utility,AttackAction,None,1.00,58.5,0
82.03,Utility Enemy 10,Utility,AttackAction,None,1.00,36.3,0
82.03,Utility Enemy 9,Utility,AttackAction,None,1.00,54.4,0
82.53,Player,Player,-,None,0.47,,0
82.53,FSM Enemy 4,FSM,PatrolState,None,1.00,80.8,0
82.53,FSM Enemy 3,FSM,PatrolState,None,0.80,84.1,0
82.53,FSM Enemy 14,FSM,PatrolState,None,1.00,91.6,0
82.53,FSM Enemy 13,FSM,Dead,None,0.00,15.4,0
82.53,FSM Enemy 12,FSM,PatrolState,None,0.80,71.2,0
82.53,FSM Enemy 10,FSM,PatrolState,None,1.00,74.1,0
82.53,FSM Enemy 7,FSM,Dead,None,0.00,1.8,1
82.53,FSM Enemy 8,FSM,PatrolState,None,0.90,56.0,0
82.53,FSM Enemy 9,FSM,PatrolState,None,1.00,51.4,0
82.53,FSM Enemy 2,FSM,PatrolState,None,1.00,106.3,0
82.53,FSM Enemy 11,FSM,Dead,None,0.00,2.0,0
82.53,FSM Enemy 15,FSM,PatrolState,None,0.90,21.2,0
82.53,FSM Enemy 1,FSM,PatrolState,None,1.00,82.8,0
82.53,FSM Enemy 6,FSM,PatrolState,None,0.60,63.9,0
82.53,FSM Enemy 5,FSM,PatrolState,None,0.90,63.9,0
82.53,Utility Enemy 8,Utility,AttackAction,None,1.00,59.3,0
82.53,Utility Enemy 15,Utility,AttackAction,None,1.00,67.7,0
82.53,Utility Enemy 6,Utility,Dead,None,0.00,8.6,0
82.53,Utility Enemy 1,Utility,AttackAction,None,1.00,68.5,0
82.53,Utility Enemy 11,Utility,AttackAction,None,1.00,52.3,0
82.53,Utility Enemy 2,Utility,AttackAction,None,1.00,66.1,0
82.53,Utility Enemy 5,Utility,AttackAction,None,1.00,69.4,0
82.53,Utility Enemy 4,Utility,AttackAction,None,1.00,51.2,0
82.53,Utility Enemy 7,Utility,AttackAction,None,1.00,58.8,0
82.53,Utility Enemy 3,Utility,AttackAction,None,1.00,66.2,0
82.53,Utility Enemy 13,Utility,AttackAction,None,1.00,53.5,0
82.53,Utility Enemy 12,Utility,AttackAction,None,1.00,54.7,0
82.53,Utility Enemy 14,Utility,AttackAction,None,1.00,60.6,0
82.53,Utility Enemy 10,Utility,AttackAction,None,1.00,38.0,0
82.53,Utility Enemy 9,Utility,AttackAction,None,1.00,56.4,0
83.03,Player,Player,-,None,0.47,,0
83.03,FSM Enemy 4,FSM,PatrolState,None,1.00,82.1,0
83.03,FSM Enemy 3,FSM,PatrolState,None,0.80,82.2,0
83.03,FSM Enemy 14,FSM,PatrolState,None,1.00,92.4,0
83.03,FSM Enemy 13,FSM,Dead,None,0.00,13.5,0
83.03,FSM Enemy 12,FSM,PatrolState,None,0.80,71.7,0
83.03,FSM Enemy 10,FSM,PatrolState,None,1.00,73.2,0
83.03,FSM Enemy 7,FSM,Dead,None,0.00,4.5,1
83.03,FSM Enemy 8,FSM,PatrolState,None,0.90,55.8,0
83.03,FSM Enemy 9,FSM,PatrolState,None,1.00,50.5,0
83.03,FSM Enemy 2,FSM,PatrolState,None,1.00,107.4,0
83.03,FSM Enemy 11,FSM,Dead,None,0.00,1.5,0
83.03,FSM Enemy 15,FSM,ChaseState,None,0.90,18.6,1
83.03,FSM Enemy 1,FSM,PatrolState,None,1.00,81.0,0
83.03,FSM Enemy 6,FSM,PatrolState,None,0.60,64.5,0
83.03,FSM Enemy 5,FSM,PatrolState,None,0.90,62.1,0
83.03,Utility Enemy 8,Utility,AttackAction,None,1.00,57.6,0
83.03,Utility Enemy 15,Utility,AttackAction,None,1.00,66.3,0
83.03,Utility Enemy 6,Utility,Dead,None,0.00,6.3,0
83.03,Utility Enemy 1,Utility,AttackAction,None,1.00,67.1,0
83.03,Utility Enemy 11,Utility,AttackAction,None,1.00,50.8,0
83.03,Utility Enemy 2,Utility,AttackAction,None,1.00,65.4,0
83.03,Utility Enemy 5,Utility,AttackAction,None,1.00,68.5,0
83.03,Utility Enemy 4,Utility,AttackAction,None,1.00,49.7,0
83.03,Utility Enemy 7,Utility,AttackAction,None,1.00,60.1,0
83.03,Utility Enemy 3,Utility,AttackAction,None,1.00,66.2,0
83.03,Utility Enemy 13,Utility,AttackAction,None,1.00,52.7,0
83.03,Utility Enemy 12,Utility,AttackAction,None,1.00,55.8,0
83.03,Utility Enemy 14,Utility,AttackAction,None,1.00,61.2,0
83.03,Utility Enemy 10,Utility,AttackAction,None,1.00,39.6,0
83.03,Utility Enemy 9,Utility,AttackAction,None,1.00,57.5,0
83.54,Player,Player,-,None,0.47,,0
83.54,FSM Enemy 4,FSM,PatrolState,None,1.00,82.3,0
83.54,FSM Enemy 3,FSM,PatrolState,None,0.80,79.7,0
83.54,FSM Enemy 14,FSM,PatrolState,None,1.00,92.4,0
83.54,FSM Enemy 13,FSM,Dead,None,0.00,11.8,0
83.54,FSM Enemy 12,FSM,PatrolState,None,0.80,71.5,0
83.54,FSM Enemy 10,FSM,PatrolState,None,1.00,73.4,0
83.54,FSM Enemy 7,FSM,Dead,None,0.00,6.3,0
83.54,FSM Enemy 8,FSM,PatrolState,None,0.90,55.3,0
83.54,FSM Enemy 9,FSM,PatrolState,None,1.00,49.4,0
83.54,FSM Enemy 2,FSM,PatrolState,None,1.00,108.1,0
83.54,FSM Enemy 11,FSM,Dead,None,0.00,2.7,0
83.54,FSM Enemy 15,FSM,AttackState,None,0.90,15.8,1
83.54,FSM Enemy 1,FSM,PatrolState,None,1.00,79.4,0
83.54,FSM Enemy 6,FSM,PatrolState,None,0.60,64.5,0
83.54,FSM Enemy 5,FSM,PatrolState,None,0.90,60.5,0
83.54,Utility Enemy 8,Utility,AttackAction,None,1.00,55.9,0
83.54,Utility Enemy 15,Utility,AttackAction,None,1.00,64.9,0
83.54,Utility Enemy 6,Utility,AttackAction,None,1.00,64.0,0
83.54,Utility Enemy 1,Utility,AttackAction,None,1.00,65.6,0
83.54,Utility Enemy 11,Utility,AttackAction,None,1.00,49.2,0
83.54,Utility Enemy 2,Utility,AttackAction,None,1.00,64.4,0
83.54,Utility Enemy 5,Utility,AttackAction,None,1.00,67.5,0
83.54,Utility Enemy 4,Utility,AttackAction,None,1.00,48.2,0
83.54,Utility Enemy 7,Utility,AttackAction,None,1.00,60.7,0
83.54,Utility Enemy 3,Utility,AttackAction,None,1.00,65.9,0
83.54,Utility Enemy 13,Utility,AttackAction,None,1.00,51.7,0
83.54,Utility Enemy 12,Utility,AttackAction,None,1.00,56.4,0
83.54,Utility Enemy 14,Utility,AttackAction,None,1.00,61.3,0
83.54,Utility Enemy 10,Utility,AttackAction,None,1.00,40.7,0
83.54,Utility Enemy 9,Utility,AttackAction,None,1.00,58.1,0
84.04,Player,Player,-,None,0.47,,0
84.04,FSM Enemy 4,FSM,PatrolState,None,1.00,82.2,0
84.04,FSM Enemy 3,FSM,PatrolState,None,0.80,77.2,0
84.04,FSM Enemy 14,FSM,PatrolState,None,1.00,90.8,0
84.04,FSM Enemy 13,FSM,Dead,None,0.00,9.8,0
84.04,FSM Enemy 12,FSM,PatrolState,None,0.80,71.0,0
84.04,FSM Enemy 10,FSM,PatrolState,None,1.00,73.1,0
84.04,FSM Enemy 7,FSM,Dead,None,0.00,8.3,0
84.04,FSM Enemy 8,FSM,PatrolState,None,0.90,53.9,0
84.04,FSM Enemy 9,FSM,PatrolState,None,1.00,48.6,0
84.04,FSM Enemy 2,FSM,PatrolState,None,1.00,107.7,0
84.04,FSM Enemy 11,FSM,Dead,None,0.00,4.7,0
84.04,FSM Enemy 15,FSM,AttackState,None,0.90,13.7,1
84.04,FSM Enemy 1,FSM,PatrolState,None,1.00,77.5,0
84.04,FSM Enemy 6,FSM,PatrolState,None,0.60,64.2,0
84.04,FSM Enemy 5,FSM,PatrolState,None,0.90,58.8,0
84.04,Utility Enemy 8,Utility,AttackAction,None,1.00,53.9,0
84.04,Utility Enemy 15,Utility,AttackAction,None,1.00,63.0,0
84.04,Utility Enemy 6,Utility,AttackAction,None,1.00,61.9,0
84.04,Utility Enemy 1,Utility,AttackAction,None,1.00,63.8,0
84.04,Utility Enemy 11,Utility,AttackAction,None,1.00,47.4,0
84.04,Utility Enemy 2,Utility,AttackAction,None,1.00,63.1,0
84.04,Utility Enemy 5,Utility,AttackAction,None,1.00,66.0,0
84.04,Utility Enemy 4,Utility,AttackAction,None,1.00,46.4,0
84.04,Utility Enemy 7,Utility,AttackAction,None,1.00,61.0,0
84.04,Utility Enemy 3,Utility,AttackAction,None,1.00,65.1,0
84.04,Utility Enemy 13,Utility,AttackAction,None,1.00,50.3,0
84.04,Utility Enemy 12,Utility,AttackAction,None,1.00,56.7,0
84.04,Utility Enemy 14,Utility,AttackAction,None,1.00,61.0,0
84.04,Utility Enemy 10,Utility,AttackAction,None,1.00,41.4,0
84.04,Utility Enemy 9,Utility,AttackAction,None,1.00,58.3,0
84.54,Player,Player,-,None,0.47,,0
84.54,FSM Enemy 4,FSM,PatrolState,None,1.00,81.3,0
84.54,FSM Enemy 3,FSM,PatrolState,None,0.80,73.6,0
84.54,FSM Enemy 14,FSM,PatrolState,None,1.00,88.6,0
84.54,FSM Enemy 13,FSM,Dead,None,0.00,6.7,0
84.54,FSM Enemy 12,FSM,PatrolState,None,0.80,71.1,0
84.54,FSM Enemy 10,FSM,PatrolState,None,1.00,72.1,0
84.54,FSM Enemy 7,FSM,Dead,None,0.00,11.9,0
84.54,FSM Enemy 8,FSM,PatrolState,None,0.90,50.1,0
84.54,FSM Enemy 9,FSM,PatrolState,None,1.00,47.7,0
84.54,FSM Enemy 2,FSM,PatrolState,None,1.00,105.9,0
84.54,FSM Enemy 11,FSM,Dead,None,0.00,8.4,0
84.54,FSM Enemy 15,FSM,AttackState,None,0.65,10.2,1
84.54,FSM Enemy 1,FSM,PatrolState,None,1.00,74.0,0
84.54,FSM Enemy 6,FSM,PatrolState,None,0.60,64.7,0
84.54,FSM Enemy 5,FSM,PatrolState,None,0.90,55.3,0
84.54,Utility Enemy 8,Utility,AttackAction,None,1.00,50.4,0
84.54,Utility Enemy 15,Utility,AttackAction,None,1.00,59.9,0
84.54,Utility Enemy 6,Utility,AttackAction,None,1.00,58.2,0
84.54,Utility Enemy 1,Utility,AttackAction,None,1.00,60.6,0
84.54,Utility Enemy 11,Utility,AttackAction,None,1.00,44.1,0
84.54,Utility Enemy 2,Utility,AttackAction,None,1.00,60.8,0
84.54,Utility Enemy 5,Utility,AttackAction,None,1.00,63.6,0
84.54,Utility Enemy 4,Utility,AttackAction,None,1.00,43.2,0
84.54,Utility Enemy 7,Utility,AttackAction,None,1.00,61.5,0
84.54,Utility Enemy 3,Utility,AttackAction,None,1.00,63.9,0
84.54,Utility Enemy 13,Utility,AttackAction,None,1.00,48.0,0
84.54,Utility Enemy 12,Utility,AttackAction,None,1.00,57.2,0
84.54,Utility Enemy 14,Utility,AttackAction,None,1.00,60.7,0
84.54,Utility Enemy 10,Utility,AttackAction,None,1.00,42.8,0
84.54,Utility Enemy 9,Utility,AttackAction,None,1.00,58.7,0
85.05,Player,Player,-,None,0.47,,0
85.05,FSM Enemy 4,FSM,PatrolState,None,1.00,80.6,0
85.05,FSM Enemy 3,FSM,PatrolState,None,0.80,70.1,0
85.05,FSM Enemy 14,FSM,PatrolState,None,1.00,86.7,0
85.05,FSM Enemy 13,FSM,Dead,None,0.00,4.8,0
85.05,FSM Enemy 12,FSM,PatrolState,None,0.80,72.0,0
85.05,FSM Enemy 10,FSM,PatrolState,None,1.00,71.4,0
85.05,FSM Enemy 7,FSM,Dead,None,0.00,15.5,0
85.05,FSM Enemy 8,FSM,PatrolState,None,0.90,46.4,0
85.05,FSM Enemy 9,FSM,PatrolState,None,1.00,47.1,0
85.05,FSM Enemy 2,FSM,PatrolState,None,1.00,104.1,0
85.05,FSM Enemy 11,FSM,Dead,None,0.00,12.1,0
85.05,FSM Enemy 15,FSM,AttackState,None,0.65,7.2,1
85.05,FSM Enemy 1,FSM,PatrolState,None,1.00,70.6,0
85.05,FSM Enemy 6,FSM,PatrolState,None,0.60,65.5,0
85.05,FSM Enemy 5,FSM,PatrolState,None,0.90,50.5,0
85.05,Utility Enemy 8,Utility,AttackAction,None,1.00,47.1,0
85.05,Utility Enemy 15,Utility,AttackAction,None,1.00,57.0,0
85.05,Utility Enemy 6,Utility,AttackAction,None,1.00,54.6,0
85.05,Utility Enemy 1,Utility,AttackAction,None,1.00,57.7,0
85.05,Utility Enemy 11,Utility,AttackAction,None,1.00,41.1,0
85.05,Utility Enemy 2,Utility,AttackAction,None,1.00,58.7,0
85.05,Utility Enemy 5,Utility,AttackAction,None,1.00,61.3,0
85.05,Utility Enemy 4,Utility,AttackAction,None,1.00,40.2,0
85.05,Utility Enemy 7,Utility,AttackAction,None,1.00,62.4,0
85.05,Utility Enemy 3,Utility,AttackAction,None,1.00,62.9,0
85.05,Utility Enemy 13,Utility,AttackAction,None,1.00,45.9,0
85.05,Utility Enemy 12,Utility,AttackAction,None,1.00,58.1,0
85.05,Utility Enemy 14,Utility,AttackAction,None,1.00,60.6,0
85.05,Utility Enemy 10,Utility,AttackAction,None,1.00,44.6,0
85.05,Utility Enemy 9,Utility,AttackAction,None,1.00,59.5,0
85.55,Player,Player,-,None,0.41,,0
85.55,FSM Enemy 4,FSM,PatrolState,None,1.00,79.5,0
85.55,FSM Enemy 3,FSM,PatrolState,None,0.80,66.3,0
85.55,FSM Enemy 14,FSM,PatrolState,None,1.00,84.6,0
85.55,FSM Enemy 13,FSM,Dead,None,0.00,5.0,0
85.55,FSM Enemy 12,FSM,PatrolState,None,0.80,72.7,0
85.55,FSM Enemy 10,FSM,PatrolState,None,1.00,70.5,0
85.55,FSM Enemy 7,FSM,Dead,None,0.00,19.2,0
85.55,FSM Enemy 8,FSM,PatrolState,None,0.90,42.5,0
85.55,FSM Enemy 9,FSM,PatrolState,None,1.00,46.1,0
85.55,FSM Enemy 2,FSM,PatrolState,None,1.00,101.2,0
85.55,FSM Enemy 11,FSM,Dead,None,0.00,15.8,0
85.55,FSM Enemy 15,FSM,AttackState,None,0.65,4.7,1
85.55,FSM Enemy 1,FSM,PatrolState,None,1.00,67.1,0
85.55,FSM Enemy 6,FSM,PatrolState,None,0.60,66.2,0
85.55,FSM Enemy 5,FSM,PatrolState,None,0.90,45.6,0
85.55,Utility Enemy 8,Utility,AttackAction,None,1.00,43.7,0
85.55,Utility Enemy 15,Utility,AttackAction,None,1.00,53.9,0
85.55,Utility Enemy 6,Utility,AttackAction,None,1.00,50.9,0
85.55,Utility Enemy 1,Utility,AttackAction,None,1.00,54.5,0
85.55,Utility Enemy 11,Utility,AttackAction,None,1.00,37.8,0
85.55,Utility Enemy 2,Utility,AttackAction,None,1.00,56.4,0
85.55,Utility Enemy 5,Utility,AttackAction,None,1.00,58.9,0
85.55,Utility Enemy 4,Utility,AttackAction,None,1.00,37.1,0
85.55,Utility Enemy 7,Utility,AttackAction,None,1.00,63.1,0
85.55,Utility Enemy 3,Utility,AttackAction,None,1.00,61.7,0
85.55,Utility Enemy 13,Utility,AttackAction,None,1.00,43.7,0
85.55,Utility Enemy 12,Utility,AttackAction,None,1.00,58.8,0
85.55,Utility Enemy 14,Utility,AttackAction,None,1.00,60.3,0
85.55,Utility Enemy 10,Utility,AttackAction,None,1.00,46.3,0
85.55,Utility Enemy 9,Utility,AttackAction,None,1.00,60.1,0
86.06,Player,Player,-,None,0.41,,0
86.06,FSM Enemy 4,FSM,PatrolState,None,1.00,77.9,0
86.06,FSM Enemy 3,FSM,PatrolState,None,0.80,62.8,0
86.06,FSM Enemy 14,FSM,PatrolState,None,1.00,82.4,0
86.06,FSM Enemy 13,FSM,Dead,None,0.00,6.5,1
86.06,FSM Enemy 12,FSM,PatrolState,None,0.80,72.7,0
86.06,FSM Enemy 10,FSM,PatrolState,None,1.00,69.5,0
86.06,FSM Enemy 7,FSM,Dead,None,0.00,22.0,0
86.06,FSM Enemy 8,FSM,PatrolState,None,0.90,38.6,0
86.06,FSM Enemy 9,FSM,PatrolState,None,1.00,44.9,0
86.06,FSM Enemy 2,FSM,PatrolState,None,1.00,98.1,0
86.06,FSM Enemy 11,FSM,Dead,None,0.00,18.8,0
86.06,FSM Enemy 15,FSM,TakeCoverState,None,0.40,4.1,0
86.06,FSM Enemy 1,FSM,PatrolState,None,1.00,64.3,0
86.06,FSM Enemy 6,FSM,PatrolState,None,0.60,66.2,0
86.06,FSM Enemy 5,FSM,PatrolState,None,0.90,41.4,0
86.06,Utility Enemy 8,Utility,AttackAction,None,1.00,40.6,0
86.06,Utility Enemy 15,Utility,AttackAction,None,1.00,51.0,0
86.06,Utility Enemy 6,Utility,AttackAction,None,1.00,47.8,0
86.06,Utility Enemy 1,Utility,AttackAction,None,1.00,51.5,0
86.06,Utility Enemy 11,Utility,AttackAction,None,1.00,34.9,0
86.06,Utility Enemy 2,Utility,AttackAction,None,1.00,54.2,0
86.06,Utility Enemy 5,Utility,AttackAction,None,1.00,56.4,0
86.06,Utility Enemy 4,Utility,AttackAction,None,1.00,34.2,0
86.06,Utility Enemy 7,Utility,AttackAction,None,1.00,63.1,0
86.06,Utility Enemy 3,Utility,AttackAction,None,1.00,60.3,0
86.06,Utility Enemy 13,Utility,AttackAction,None,1.00,41.5,0
86.06,Utility Enemy 12,Utility,AttackAction,None,1.00,58.8,0
86.06,Utility Enemy 14,Utility,AttackAction,None,1.00,59.6,0
86.06,Utility Enemy 10,Utility,AttackAction,None,1.00,47.2,0
86.06,Utility Enemy 9,Utility,AttackAction,None,1.00,60.1,0
86.57,Player,Player,-,None,0.41,,0
86.57,FSM Enemy 4,FSM,PatrolState,None,1.00,75.6,0
86.57,FSM Enemy 3,FSM,PatrolState,None,0.80,59.1,0
86.57,FSM Enemy 14,FSM,PatrolState,None,1.00,79.6,0
86.57,FSM Enemy 13,FSM,Dead,None,0.00,8.0,1
86.57,FSM Enemy 12,FSM,PatrolState,None,0.80,72.0,0
86.57,FSM Enemy 10,FSM,PatrolState,None,1.00,67.2,0
86.57,FSM Enemy 7,FSM,Dead,None,0.00,24.3,0
86.57,FSM Enemy 8,FSM,PatrolState,None,0.90,34.6,0
86.57,FSM Enemy 9,FSM,PatrolState,None,1.00,43.3,0
86.57,FSM Enemy 2,FSM,PatrolState,None,1.00,94.6,0
86.57,FSM Enemy 11,FSM,Dead,None,0.00,21.2,0
86.57,FSM Enemy 15,FSM,TakeCoverState,None,0.40,6.7,0
86.57,FSM Enemy 1,FSM,PatrolState,None,1.00,62.1,0
86.57,FSM Enemy 6,FSM,PatrolState,None,0.60,65.5,0
86.57,FSM Enemy 5,FSM,PatrolState,None,0.90,37.9,0
86.57,Utility Enemy 8,Utility,AttackAction,None,1.00,37.7,0
86.57,Utility Enemy 15,Utility,AttackAction,None,1.00,48.1,0
86.57,Utility Enemy 6,Utility,AttackAction,None,1.00,45.1,0
86.57,Utility Enemy 1,Utility,AttackAction,None,1.00,48.6,0
86.57,Utility Enemy 11,Utility,AttackAction,None,1.00,32.0,0
86.57,Utility Enemy 2,Utility,AttackAction,None,1.00,51.5,0
86.57,Utility Enemy 5,Utility,AttackAction,None,1.00,53.7,0
86.57,Utility Enemy 4,Utility,AttackAction,None,1.00,31.3,0
86.57,Utility Enemy 7,Utility,AttackAction,None,1.00,62.3,0
86.57,Utility Enemy 3,Utility,AttackAction,None,1.00,58.2,0
86.57,Utility Enemy 13,Utility,AttackAction,None,1.00,38.9,0
86.57,Utility Enemy 12,Utility,AttackAction,None,1.00,58.0,0
86.57,Utility Enemy 14,Utility,AttackAction,None,1.00,58.1,0
86.57,Utility Enemy 10,Utility,AttackAction,None,1.00,47.3,0
86.57,Utility Enemy 9,Utility,AttackAction,None,1.00,59.2,0
87.07,Player,Player,-,None,0.41,,0
87.07,FSM Enemy 4,FSM,PatrolState,None,1.00,73.7,0
87.07,FSM Enemy 3,FSM,PatrolState,None,0.80,59.8,0
87.07,FSM Enemy 14,FSM,PatrolState,None,1.00,78.7,0
87.07,FSM Enemy 13,FSM,ChaseState,None,1.00,50.9,1
87.07,FSM Enemy 12,FSM,PatrolState,None,0.80,70.5,0
87.07,FSM Enemy 10,FSM,PatrolState,None,1.00,66.4,0
87.07,FSM Enemy 7,FSM,Dead,None,0.00,23.3,0
87.07,FSM Enemy 8,FSM,PatrolState,None,0.90,33.7,0
87.07,FSM Enemy 9,FSM,PatrolState,None,1.00,44.0,0
87.07,FSM Enemy 2,FSM,PatrolState,None,1.00,93.9,0
87.07,FSM Enemy 11,FSM,Dead,None,0.00,20.3,0
87.07,FSM Enemy 15,FSM,TakeCoverState,None,0.40,7.8,0
87.07,FSM Enemy 1,FSM,PatrolState,None,1.00,63.4,0
87.07,FSM Enemy 6,FSM,PatrolState,None,0.60,63.8,0
87.07,FSM Enemy 5,FSM,PatrolState,None,0.90,37.6,0
87.07,Utility Enemy 8,Utility,AttackAction,None,1.00,38.2,0
87.07,Utility Enemy 15,Utility,AttackAction,None,1.00,48.4,0
87.07,Utility Enemy 6,Utility,AttackAction,None,1.00,45.9,0
87.07,Utility Enemy 1,Utility,AttackAction,None,1.00,49.0,0
87.07,Utility Enemy 11,Utility,AttackAction,None,1.00,32.3,0
87.07,Utility Enemy 2,Utility,AttackAction,None,1.00,51.4,0
87.07,Utility Enemy 5,Utility,AttackAction,None,1.00,53.7,0
87.07,Utility Enemy 4,Utility,AttackAction,None,1.00,31.6,0
87.07,Utility Enemy 7,Utility,AttackAction,None,1.00,61.4,0
87.07,Utility Enemy 3,Utility,AttackAction,None,1.00,57.7,0
87.07,Utility Enemy 13,Utility,AttackAction,None,1.00,38.7,0
87.07,Utility Enemy 12,Utility,AttackAction,None,1.00,57.1,0
87.07,Utility Enemy 14,Utility,AttackAction,None,1.00,57.4,0
87.07,Utility Enemy 10,Utility,AttackAction,None,1.00,46.2,0
87.07,Utility Enemy 9,Utility,AttackAction,None,1.00,58.3,0
87.57,Player,Player,-,None,0.41,,0
87.57,FSM Enemy 4,FSM,PatrolState,None,1.00,74.6,0
87.57,FSM Enemy 3,FSM,PatrolState,None,0.80,63.8,0
87.57,FSM Enemy 14,FSM,PatrolState,None,1.00,80.7,0
87.57,FSM Enemy 13,FSM,ChaseState,None,1.00,52.1,0
87.57,FSM Enemy 12,FSM,PatrolState,None,0.80,70.9,0
87.57,FSM Enemy 10,FSM,PatrolState,None,1.00,68.6,0
87.57,FSM Enemy 7,FSM,Dead,None,0.00,21.6,0
87.57,FSM Enemy 8,FSM,PatrolState,None,0.90,36.4,0
87.57,FSM Enemy 9,FSM,PatrolState,None,1.00,47.8,0
87.57,FSM Enemy 2,FSM,PatrolState,None,1.00,97.7,0
87.57,FSM Enemy 11,FSM,Dead,None,0.00,18.3,0
87.57,FSM Enemy 15,FSM,TakeCoverState,None,0.40,9.7,0
87.57,FSM Enemy 1,FSM,PatrolState,None,1.00,65.7,0
87.57,FSM Enemy 6,FSM,PatrolState,None,0.60,63.9,0
87.57,FSM Enemy 5,FSM,PatrolState,None,0.90,38.2,0
87.57,Utility Enemy 8,Utility,AttackAction,None,1.00,40.9,0
87.57,Utility Enemy 15,Utility,AttackAction,None,1.00,51.2,0
87.57,Utility Enemy 6,Utility,AttackAction,None,1.00,48.2,0
87.57,Utility Enemy 1,Utility,AttackAction,None,1.00,51.8,0
87.57,Utility Enemy 11,Utility,AttackAction,None,1.00,35.1,0
87.57,Utility Enemy 2,Utility,AttackAction,None,1.00,54.2,0
87.57,Utility Enemy 5,Utility,AttackAction,None,1.00,56.5,0
87.57,Utility Enemy 4,Utility,AttackAction,None,1.00,34.4,0
87.57,Utility Enemy 7,Utility,AttackAction,None,1.00,62.8,0
87.57,Utility Enemy 3,Utility,AttackAction,None,1.00,60.1,0
87.57,Utility Enemy 13,Utility,AttackAction,None,1.00,41.5,0
87.57,Utility Enemy 12,Utility,AttackAction,None,1.00,58.5,0
87.57,Utility Enemy 14,Utility,AttackAction,None,1.00,59.4,0
87.57,Utility Enemy 10,Utility,AttackAction,None,1.00,46.8,0
87.57,Utility Enemy 9,Utility,AttackAction,None,1.00,59.8,0
88.08,Player,Player,-,None,0.41,,0
88.08,FSM Enemy 4,FSM,PatrolState,None,1.00,73.2,0
88.08,FSM Enemy 3,FSM,PatrolState,None,0.80,67.2,0
88.08,FSM Enemy 14,FSM,PatrolState,None,1.00,80.7,0
88.08,FSM Enemy 13,FSM,ChaseState,None,1.00,52.4,0
88.08,FSM Enemy 12,FSM,PatrolState,None,0.80,68.7,0
88.08,FSM Enemy 10,FSM,PatrolState,None,1.00,69.1,0
88.08,FSM Enemy 7,FSM,Dead,None,0.00,18.6,0
88.08,FSM Enemy 8,FSM,PatrolState,None,0.90,38.8,0
88.08,FSM Enemy 9,FSM,PatrolState,None,1.00,49.6,0
88.08,FSM Enemy 2,FSM,PatrolState,None,1.00,99.7,0
88.08,FSM Enemy 11,FSM,Dead,None,0.00,15.4,0
88.08,FSM Enemy 15,FSM,TakeCoverState,None,0.40,8.3,0
88.08,FSM Enemy 1,FSM,PatrolState,None,1.00,69.0,0
88.08,FSM Enemy 6,FSM,PatrolState,None,0.60,61.4,0
88.08,FSM Enemy 5,FSM,PatrolState,None,0.90,40.0,0
88.08,Utility Enemy 8,Utility,AttackAction,None,1.00,43.4,0
88.08,Utility Enemy 15,Utility,AttackAction,None,1.00,53.4,0
88.08,Utility Enemy 6,Utility,AttackAction,None,1.00,51.0,0
88.08,Utility Enemy 1,Utility,AttackAction,None,1.00,54.0,0
88.08,Utility Enemy 11,Utility,AttackAction,None,1.00,37.4,0
88.08,Utility Enemy 2,Utility,AttackAction,None,1.00,55.6,0
88.08,Utility Enemy 5,Utility,AttackAction,None,1.00,58.1,0
88.08,Utility Enemy 4,Utility,AttackAction,None,1.00,36.6,0
88.08,Utility Enemy 7,Utility,AttackAction,None,1.00,61.7,0
88.08,Utility Enemy 3,Utility,AttackAction,None,1.00,60.6,0
88.08,Utility Enemy 13,Utility,AttackAction,None,1.00,42.8,0
88.08,Utility Enemy 12,Utility,AttackAction,None,1.00,57.4,0
88.08,Utility Enemy 14,Utility,AttackAction,None,1.00,59.0,0
88.08,Utility Enemy 10,Utility,AttackAction,None,1.00,45.0,0
88.08,Utility Enemy 9,Utility,AttackAction,None,1.00,58.8,0
88.59,Player,Player,-,None,0.41,,0
88.59,FSM Enemy 4,FSM,PatrolState,None,1.00,70.2,0
88.59,FSM Enemy 3,FSM,PatrolState,None,0.80,69.2,0
88.59,FSM Enemy 14,FSM,PatrolState,None,1.00,79.0,0
88.59,FSM Enemy 13,FSM,ChaseState,None,1.00,51.5,0
88.59,FSM Enemy 12,FSM,PatrolState,None,0.80,65.3,0
88.59,FSM Enemy 10,FSM,PatrolState,None,1.00,67.9,0
88.59,FSM Enemy 7,FSM,Dead,None,0.00,16.1,0
88.59,FSM Enemy 8,FSM,PatrolState,None,0.90,39.7,0
88.59,FSM Enemy 9,FSM,PatrolState,None,1.00,49.8,0
88.59,FSM Enemy 2,FSM,PatrolState,None,1.00,100.1,0
88.59,FSM Enemy 11,FSM,Dead,None,0.00,13.1,0
88.59,FSM Enemy 15,FSM,TakeCoverState,None,0.40,5.9,0
88.59,FSM Enemy 1,FSM,PatrolState,None,1.00,71.4,0
88.59,FSM Enemy 6,FSM,PatrolState,None,0.60,58.3,0
88.59,FSM Enemy 5,FSM,PatrolState,None,0.90,41.2,0
88.59,Utility Enemy 8,Utility,AttackAction,None,1.00,44.9,0
88.59,Utility Enemy 15,Utility,AttackAction,None,1.00,54.3,0
88.59,Utility Enemy 6,Utility,AttackAction,None,1.00,53.1,0
88.59,Utility Enemy 1,Utility,AttackAction,None,1.00,55.0,0
88.59,Utility Enemy 11,Utility,AttackAction,None,1.00,38.5,0
88.59,Utility Enemy 2,Utility,AttackAction,None,1.00,55.4,0
88.59,Utility Enemy 5,Utility,AttackAction,None,1.00,58.1,0
88.59,Utility Enemy 4,Utility,AttackAction,None,1.00,37.5,0
88.59,Utility Enemy 7,Utility,AttackAction,None,1.00,59.3,0
88.59,Utility Enemy 3,Utility,AttackAction,None,1.00,59.3,0
88.59,Utility Enemy 13,Utility,AttackAction,None,1.00,42.6,0
88.59,Utility Enemy 12,Utility,AttackAction,None,1.00,54.9,0
88.59,Utility Enemy 14,Utility,AttackAction,None,1.00,57.1,0
88.59,Utility Enemy 10,Utility,AttackAction,None,1.00,42.1,0
88.59,Utility Enemy 9,Utility,AttackAction,None,1.00,56.3,0
89.09,Player,Player,-,None,0.41,,0
89.09,FSM Enemy 4,FSM,PatrolState,None,1.00,69.6,0
89.09,FSM Enemy 3,FSM,PatrolState,None,0.80,72.1,0
89.09,FSM Enemy 14,FSM,PatrolState,None,1.00,79.7,0
89.09,FSM Enemy 13,FSM,ChaseState,None,1.00,51.0,0
89.09,FSM Enemy 12,FSM,PatrolState,None,0.80,64.2,0
89.09,FSM Enemy 10,FSM,PatrolState,None,1.00,68.3,0
89.09,FSM Enemy 7,FSM,Dead,None,0.00,14.3,0
89.09,FSM Enemy 8,FSM,PatrolState,None,0.90,41.5,0
89.09,FSM Enemy 9,FSM,PatrolState,None,1.00,51.8,0
89.09,FSM Enemy 2,FSM,PatrolState,None,1.00,102.0,0
89.09,FSM Enemy 11,FSM,Dead,None,0.00,11.2,0
89.09,FSM Enemy 15,FSM,TakeCoverState,None,0.40,6.4,0
89.09,FSM Enemy 1,FSM,PatrolState,None,1.00,73.3,0
89.09,FSM Enemy 6,FSM,PatrolState,None,0.60,58.4,0
89.09,FSM Enemy 5,FSM,PatrolState,None,0.90,41.8,0
89.09,Utility Enemy 8,Utility,AttackAction,None,1.00,46.7,0
89.09,Utility Enemy 15,Utility,AttackAction,None,1.00,55.9,0
89.09,Utility Enemy 6,Utility,AttackAction,None,1.00,54.9,0
89.09,Utility Enemy 1,Utility,AttackAction,None,1.00,56.6,0
89.09,Utility Enemy 11,Utility,AttackAction,None,1.00,40.2,0
89.09,Utility Enemy 2,Utility,AttackAction,None,1.00,56.7,0
89.09,Utility Enemy 5,Utility,AttackAction,None,1.00,59.5,0
89.09,Utility Enemy 4,Utility,AttackAction,None,1.00,39.2,0
89.09,Utility Enemy 7,Utility,AttackAction,None,1.00,59.1,0
89.09,Utility Enemy 3,Utility,AttackAction,None,1.00,60.1,0
89.09,Utility Enemy 13,Utility,AttackAction,None,1.00,43.9,0
89.09,Utility Enemy 12,Utility,AttackAction,None,1.00,54.8,0
89.09,Utility Enemy 14,Utility,AttackAction,None,1.00,57.5,0
89.09,Utility Enemy 10,Utility,AttackAction,None,1.00,41.4,0
89.09,Utility Enemy 9,Utility,AttackAction,None,1.00,56.2,0
89.60,Player,Player,-,None,0.41,,0
89.60,FSM Enemy 4,FSM,PatrolState,None,1.00,69.2,0
89.60,FSM Enemy 3,FSM,PatrolState,None,0.80,75.6,0
89.60,FSM Enemy 14,FSM,PatrolState,None,1.00,81.1,0
89.60,FSM Enemy 13,FSM,ChaseState,None,1.00,51.2,0
89.60,FSM Enemy 12,FSM,PatrolState,None,0.80,63.4,0
89.60,FSM Enemy 10,FSM,PatrolState,None,1.00,69.2,0
89.60,FSM Enemy 7,FSM,Dead,None,0.00,11.8,0
89.60,FSM Enemy 8,FSM,PatrolState,None,0.90,44.0,0
89.60,FSM Enemy 9,FSM,PatrolState,None,1.00,52.8,0
89.60,FSM Enemy 2,FSM,PatrolState,None,1.00,103.5,0
89.60,FSM Enemy 11,FSM,Dead,None,0.00,8.7,0
89.60,FSM Enemy 15,FSM,TakeCoverState,None,0.40,7.7,0
89.60,FSM Enemy 1,FSM,PatrolState,None,1.00,75.9,0
89.60,FSM Enemy 6,FSM,PatrolState,None,0.60,58.4,0
89.60,FSM Enemy 5,FSM,PatrolState,None,0.90,43.2,0
89.60,Utility Enemy 8,Utility,AttackAction,None,1.00,49.2,0
89.60,Utility Enemy 15,Utility,AttackAction,None,1.00,58.3,0
89.60,Utility Enemy 6,Utility,AttackAction,None,1.00,57.5,0
89.60,Utility Enemy 1,Utility,AttackAction,None,1.00,59.0,0
89.60,Utility Enemy 11,Utility,AttackAction,None,1.00,42.6,0
89.60,Utility Enemy 2,Utility,AttackAction,None,1.00,58.5,0
89.60,Utility Enemy 5,Utility,AttackAction,None,1.00,61.4,0
89.60,Utility Enemy 4,Utility,AttackAction,None,1.00,41.6,0
89.60,Utility Enemy 7,Utility,AttackAction,None,1.00,59.0,0
89.60,Utility Enemy 3,Utility,AttackAction,None,1.00,61.3,0
89.60,Utility Enemy 13,Utility,AttackAction,None,1.00,45.8,0
89.60,Utility Enemy 12,Utility,AttackAction,None,1.00,54.7,0
89.60,Utility Enemy 14,Utility,AttackAction,None,1.00,58.0,0
89.60,Utility Enemy 10,Utility,AttackAction,None,1.00,40.6,0
89.60,Utility Enemy 9,Utility,AttackAction,None,1.00,56.2,0
90.10,Player,Player,-,None,0.41,,0
90.10,FSM Enemy 4,FSM,PatrolState,None,1.00,68.5,0
90.10,FSM Enemy 3,FSM,PatrolState,None,0.80,79.0,0
90.10,FSM Enemy 14,FSM,PatrolState,None,1.00,82.0,0
90.10,FSM Enemy 13,FSM,ChaseState,None,1.00,51.6,0
90.10,FSM Enemy 12,FSM,PatrolState,None,0.80,62.0,0
90.10,FSM Enemy 10,FSM,PatrolState,None,1.00,69.7,0
90.10,FSM Enemy 7,FSM,Dead,None,0.00,8.7,0
90.10,FSM Enemy 8,FSM,PatrolState,None,0.90,46.4,0
90.10,FSM Enemy 9,FSM,PatrolState,None,1.00,52.4,0
90.10,FSM Enemy 2,FSM,PatrolState,None,1.00,104.5,0
90.10,FSM Enemy 11,FSM,Dead,None,0.00,5.8,0
90.10,FSM Enemy 15,FSM,PatrolState,None,0.40,9.7,0
90.10,FSM Enemy 1,FSM,PatrolState,None,1.00,78.9,0
90.10,FSM Enemy 6,FSM,PatrolState,None,0.60,57.7,0
90.10,FSM Enemy 5,FSM,PatrolState,None,0.90,45.6,0
90.10,Utility Enemy 8,Utility,AttackAction,None,1.00,51.9,0
90.10,Utility Enemy 15,Utility,AttackAction,None,1.00,60.6,0
90.10,Utility Enemy 6,Utility,AttackAction,None,1.00,60.4,0
90.10,Utility Enemy 1,Utility,AttackAction,None,1.00,61.4,0
90.10,Utility Enemy 11,Utility,AttackAction,None,1.00,45.1,0
90.10,Utility Enemy 2,Utility,AttackAction,None,1.00,60.2,0
90.10,Utility Enemy 5,Utility,AttackAction,None,1.00,63.2,0
90.10,Utility Enemy 4,Utility,AttackAction,None,1.00,44.0,0
90.10,Utility Enemy 7,Utility,AttackAction,None,1.00,58.2,0
90.10,Utility Enemy 3,Utility,AttackAction,None,1.00,62.0,0
90.10,Utility Enemy 13,Utility,AttackAction,None,1.00,47.5,0
90.10,Utility Enemy 12,Utility,AttackAction,None,1.00,53.9,0
90.10,Utility Enemy 14,Utility,AttackAction,None,1.00,58.0,0
90.10,Utility Enemy 10,Utility,AttackAction,None,1.00,39.0,0
90.10,Utility Enemy 9,Utility,AttackAction,None,1.00,55.5,0
90.60,Player,Player,-,None,0.41,,0
90.60,FSM Enemy 4,FSM,PatrolState,None,1.00,67.9,0
90.60,FSM Enemy 3,FSM,PatrolState,None,0.80,79.7,0
90.60,FSM Enemy 14,FSM,PatrolState,None,1.00,81.0,0
90.60,FSM Enemy 13,FSM,ChaseState,None,1.00,49.2,0
90.60,FSM Enemy 12,FSM,PatrolState,None,0.80,60.7,0
90.60,FSM Enemy 10,FSM,PatrolState,None,1.00,67.9,0
90.60,FSM Enemy 7,FSM,Dead,None,0.00,8.4,0
90.60,FSM Enemy 8,FSM,PatrolState,None,0.90,46.0,0
90.60,FSM Enemy 9,FSM,PatrolState,None,1.00,49.9,0
90.60,FSM Enemy 2,FSM,PatrolState,None,1.00,102.3,0
90.60,FSM Enemy 11,FSM,Dead,None,0.00,6.1,0
90.60,FSM Enemy 15,FSM,PatrolState,None,0.40,9.4,0
90.60,FSM Enemy 1,FSM,PatrolState,None,1.00,78.8,0
90.60,FSM Enemy 6,FSM,PatrolState,None,0.60,57.0,0
90.60,FSM Enemy 5,FSM,PatrolState,None,0.90,46.0,0
90.60,Utility Enemy 8,Utility,AttackAction,None,1.00,51.8,0
90.60,Utility Enemy 15,Utility,AttackAction,None,1.00,60.2,0
90.60,Utility Enemy 6,Utility,AttackAction,None,1.00,60.6,0
90.60,Utility Enemy 1,Utility,AttackAction,None,1.00,61.0,0
90.60,Utility Enemy 11,Utility,AttackAction,None,1.00,44.8,0
90.60,Utility Enemy 2,Utility,AttackAction,None,1.00,59.3,0
90.60,Utility Enemy 5,Utility,AttackAction,None,1.00,62.4,0
90.60,Utility Enemy 4,Utility,AttackAction,None,1.00,43.7,0
90.60,Utility Enemy 7,Utility,AttackAction,None,1.00,56.6,0
90.60,Utility Enemy 3,Utility,AttackAction,None,1.00,60.7,0
90.60,Utility Enemy 13,Utility,AttackAction,None,1.00,46.6,0
90.60,Utility Enemy 12,Utility,AttackAction,None,1.00,52.3,0
90.60,Utility Enemy 14,Utility,AttackAction,None,1.00,56.5,0
90.60,Utility Enemy 10,Utility,AttackAction,None,1.00,37.4,0
90.60,Utility Enemy 9,Utility,AttackAction,None,1.00,53.8,0
91.10,Player,Player,-,None,0.41,,0
91.10,FSM Enemy 4,FSM,PatrolState,None,1.00,68.3,0
91.10,FSM Enemy 3,FSM,PatrolState,None,0.80,79.2,0
91.10,FSM Enemy 14,FSM,PatrolState,None,1.00,80.4,0
91.10,FSM Enemy 13,FSM,PatrolState,None,1.00,46.2,0
91.10,FSM Enemy 12,FSM,PatrolState,None,0.80,60.8,0
91.10,FSM Enemy 10,FSM,PatrolState,None,1.00,66.4,0
91.10,FSM Enemy 7,FSM,Dead,None,0.00,9.3,0
91.10,FSM Enemy 8,FSM,PatrolState,None,0.90,45.6,0
91.10,FSM Enemy 9,FSM,PatrolState,None,1.00,47.8,0
91.10,FSM Enemy 2,FSM,PatrolState,None,1.00,100.1,0
91.10,FSM Enemy 11,FSM,Dead,None,0.00,7.1,0
91.10,FSM Enemy 15,FSM,PatrolState,None,0.40,9.0,0
91.10,FSM Enemy 1,FSM,PatrolState,None,1.00,77.2,0
91.10,FSM Enemy 6,FSM,PatrolState,None,0.60,57.7,0
91.10,FSM Enemy 5,FSM,PatrolState,None,0.90,45.2,0
91.10,Utility Enemy 8,Utility,AttackAction,None,1.00,50.8,0
91.10,Utility Enemy 15,Utility,AttackAction,None,1.00,59.2,0
91.10,Utility Enemy 6,Utility,AttackAction,None,1.00,59.7,0
91.10,Utility Enemy 1,Utility,AttackAction,None,1.00,60.0,0
91.10,Utility Enemy 11,Utility,AttackAction,None,1.00,43.9,0
91.10,Utility Enemy 2,Utility,AttackAction,None,1.00,58.3,0
91.10,Utility Enemy 5,Utility,AttackAction,None,1.00,61.4,0
91.10,Utility Enemy 4,Utility,AttackAction,None,1.00,42.7,0
91.10,Utility Enemy 7,Utility,AttackAction,None,1.00,56.1,0
91.10,Utility Enemy 3,Utility,AttackAction,None,1.00,59.8,0
91.10,Utility Enemy 13,Utility,AttackAction,None,1.00,45.6,0
91.10,Utility Enemy 12,Utility,AttackAction,None,1.00,51.7,0
91.10,Utility Enemy 14,Utility,AttackAction,None,1.00,55.8,0
91.10,Utility Enemy 10,Utility,AttackAction,None,1.00,37.1,0
91.10,Utility Enemy 9,Utility,AttackAction,None,1.00,53.3,0
91.61,Player,Player,-,None,0.41,,0
91.61,FSM Enemy 4,FSM,PatrolState,None,1.00,68.1,0
91.61,FSM Enemy 3,FSM,PatrolState,None,0.80,75.9,0
91.61,FSM Enemy 14,FSM,PatrolState,None,1.00,78.8,0
91.61,FSM Enemy 13,FSM,PatrolState,None,1.00,43.1,0
91.61,FSM Enemy 12,FSM,PatrolState,None,0.80,60.9,0
91.61,FSM Enemy 10,FSM,PatrolState,None,1.00,65.2,0
91.61,FSM Enemy 7,FSM,Dead,None,0.00,11.7,0
91.61,FSM Enemy 8,FSM,PatrolState,None,0.90,43.9,0
91.61,FSM Enemy 9,FSM,PatrolState,None,1.00,44.5,0
91.61,FSM Enemy 2,FSM,PatrolState,None,1.00,96.8,0
91.61,FSM Enemy 11,FSM,Dead,None,0.00,9.5,0
91.61,FSM Enemy 15,FSM,PatrolState,None,0.40,7.7,0
91.61,FSM Enemy 1,FSM,PatrolState,None,1.00,74.3,0
91.61,FSM Enemy 6,FSM,PatrolState,None,0.60,58.5,0
91.61,FSM Enemy 5,FSM,PatrolState,None,0.90,43.3,0
91.61,Utility Enemy 8,Utility,AttackAction,None,1.00,48.4,0
91.61,Utility Enemy 15,Utility,AttackAction,None,1.00,56.8,0
91.61,Utility Enemy 6,Utility,AttackAction,None,1.00,57.5,0
91.61,Utility Enemy 1,Utility,AttackAction,None,1.00,57.6,0
91.61,Utility Enemy 11,Utility,AttackAction,None,1.00,41.4,0
91.61,Utility Enemy 2,Utility,AttackAction,None,1.00,56.0,0
91.61,Utility Enemy 5,Utility,AttackAction,None,1.00,59.0,0
91.61,Utility Enemy 4,Utility,AttackAction,None,1.00,40.3,0
91.61,Utility Enemy 7,Utility,AttackAction,None,1.00,55.2,0
91.61,Utility Enemy 3,Utility,AttackAction,None,1.00,57.9,0
91.61,Utility Enemy 13,Utility,AttackAction,None,1.00,43.3,0
91.61,Utility Enemy 12,Utility,AttackAction,None,1.00,50.9,0
91.61,Utility Enemy 14,Utility,AttackAction,None,1.00,54.3,0
91.61,Utility Enemy 10,Utility,AttackAction,None,1.00,37.0,0
91.61,Utility Enemy 9,Utility,AttackAction,None,1.00,52.4,0
92.11,Player,Player,-,None,0.41,,0
92.11,FSM Enemy 4,FSM,PatrolState,None,1.00,67.1,0
92.11,FSM Enemy 3,FSM,PatrolState,None,0.80,72.1,0
92.11,FSM Enemy 14,FSM,PatrolState,None,1.00,76.2,0
92.11,FSM Enemy 13,FSM,PatrolState,None,1.00,39.6,0
92.11,FSM Enemy 12,FSM,PatrolState,None,0.80,60.3,0
92.11,FSM Enemy 10,FSM,PatrolState,None,1.00,63.4,0
92.11,FSM Enemy 7,FSM,Dead,None,0.00,14.5,0
92.11,FSM Enemy 8,FSM,PatrolState,None,0.90,41.5,0
92.11,FSM Enemy 9,FSM,PatrolState,None,1.00,40.4,0
92.11,FSM Enemy 2,FSM,PatrolState,None,1.00,92.6,0
92.11,FSM Enemy 11,FSM,Dead,None,0.00,12.5,0
92.11,FSM Enemy 15,FSM,PatrolState,None,0.15,6.2,0
92.11,FSM Enemy 1,FSM,PatrolState,None,1.00,71.5,0
92.11,FSM Enemy 6,FSM,PatrolState,None,0.60,58.5,0
92.11,FSM Enemy 5,FSM,PatrolState,None,0.90,41.7,0
92.11,Utility Enemy 8,Utility,AttackAction,None,1.00,45.7,0
92.11,Utility Enemy 15,Utility,AttackAction,None,1.00,53.8,0
92.11,Utility Enemy 6,Utility,AttackAction,None,1.00,55.1,0
92.11,Utility Enemy 1,Utility,AttackAction,None,1.00,54.6,0
92.11,Utility Enemy 11,Utility,AttackAction,None,1.00,38.6,0
92.11,Utility Enemy 2,Utility,AttackAction,None,1.00,52.9,0
92.11,Utility Enemy 5,Utility,AttackAction,None,1.00,56.0,0
92.11,Utility Enemy 4,Utility,AttackAction,None,1.00,37.4,0
92.11,Utility Enemy 7,Utility,AttackAction,None,1.00,53.6,0
92.11,Utility Enemy 3,Utility,AttackAction,None,1.00,55.2,0
92.11,Utility Enemy 13,Utility,AttackAction,None,1.00,40.2,0
92.11,Utility Enemy 12,Utility,AttackAction,None,1.00,49.3,0
92.11,Utility Enemy 14,Utility,AttackAction,None,1.00,52.0,0
92.11,Utility Enemy 10,Utility,AttackAction,None,1.00,36.3,0
92.11,Utility Enemy 9,Utility,AttackAction,None,1.00,50.7,0
92.61,Player,Player,-,None,0.41,,0
92.61,FSM Enemy 4,FSM,PatrolState,None,1.00,65.6,0
92.61,FSM Enemy 3,FSM,PatrolState,None,0.80,68.6,0
92.61,FSM Enemy 14,FSM,PatrolState,None,1.00,73.3,0
92.61,FSM Enemy 13,FSM,PatrolState,None,1.00,37.1,0
92.61,FSM Enemy 12,FSM,PatrolState,None,0.80,58.8,0
92.61,FSM Enemy 10,FSM,PatrolState,None,1.00,61.4,0
92.61,FSM Enemy 7,FSM,Dead,None,0.00,16.9,0
92.61,FSM Enemy 8,FSM,PatrolState,None,0.90,39.0,0
92.61,FSM Enemy 9,FSM,PatrolState,None,1.00,36.1,0
92.61,FSM Enemy 2,FSM,PatrolState,None,1.00,88.3,0
92.61,FSM Enemy 11,FSM,Dead,None,0.00,15.3,0
92.61,FSM Enemy 15,FSM,Dead,None,0.00,3.8,0
92.61,FSM Enemy 1,FSM,PatrolState,None,1.00,69.6,0
92.61,FSM Enemy 6,FSM,PatrolState,None,0.60,57.8,0
92.61,FSM Enemy 5,FSM,PatrolState,None,0.90,41.5,0
92.61,Utility Enemy 8,Utility,AttackAction,None,1.00,43.7,0
92.61,Utility Enemy 15,Utility,AttackAction,None,1.00,51.3,0
92.61,Utility Enemy 6,Utility,AttackAction,None,1.00,53.5,0
92.61,Utility Enemy 1,Utility,AttackAction,None,1.00,52.2,0
92.61,Utility Enemy 11,Utility,AttackAction,None,1.00,36.3,0
92.61,Utility Enemy 2,Utility,AttackAction,None,1.00,49.9,0
92.61,Utility Enemy 5,Utility,AttackAction,None,1.00,53.1,0
92.61,Utility Enemy 4,Utility,AttackAction,None,1.00,35.0,0
92.61,Utility Enemy 7,Utility,AttackAction,None,1.00,51.3,0
92.61,Utility Enemy 3,Utility,AttackAction,None,1.00,52.1,0
92.61,Utility Enemy 13,Utility,AttackAction,None,1.00,37.2,0
92.61,Utility Enemy 12,Utility,AttackAction,None,1.00,47.0,0
92.61,Utility Enemy 14,Utility,AttackAction,None,1.00,49.2,0
92.61,Utility Enemy 10,Utility,AttackAction,None,1.00,34.8,0
92.61,Utility Enemy 9,Utility,AttackAction,None,1.00,48.3,0
93.12,Player,Player,-,None,0.41,,0
93.12,FSM Enemy 4,FSM,PatrolState,None,1.00,64.0,0
93.12,FSM Enemy 3,FSM,PatrolState,None,0.80,67.2,0
93.12,FSM Enemy 14,FSM,PatrolState,None,1.00,71.2,0
93.12,FSM Enemy 13,FSM,PatrolState,None,1.00,36.8,0
93.12,FSM Enemy 12,FSM,PatrolState,None,0.80,56.4,0
93.12,FSM Enemy 10,FSM,PatrolState,None,1.00,60.3,0
93.12,FSM Enemy 7,FSM,Dead,None,0.00,18.0,0
93.12,FSM Enemy 8,FSM,PatrolState,None,0.90,37.5,0
93.12,FSM Enemy 9,FSM,PatrolState,None,1.00,32.6,0
93.12,FSM Enemy 2,FSM,PatrolState,None,1.00,85.4,0
93.12,FSM Enemy 11,FSM,Dead,None,0.00,16.9,1
93.12,FSM Enemy 15,FSM,Dead,None,0.00,1.1,0
93.12,FSM Enemy 1,FSM,PatrolState,None,1.00,69.9,0
93.12,FSM Enemy 6,FSM,PatrolState,None,0.60,55.7,0
93.12,FSM Enemy 5,FSM,PatrolState,None,0.90,43.2,0
93.12,Utility Enemy 8,Utility,AttackAction,None,1.00,43.7,0
93.12,Utility Enemy 15,Utility,AttackAction,None,1.00,50.6,0
93.12,Utility Enemy 6,Utility,AttackAction,None,1.00,54.1,0
93.12,Utility Enemy 1,Utility,AttackAction,None,1.00,51.5,0
93.12,Utility Enemy 11,Utility,AttackAction,None,1.00,36.0,0
93.12,Utility Enemy 2,Utility,AttackAction,None,1.00,48.3,0
93.12,Utility Enemy 5,Utility,AttackAction,None,1.00,51.6,0
93.12,Utility Enemy 4,Utility,AttackAction,None,1.00,34.6,0
93.12,Utility Enemy 7,Utility,AttackAction,None,1.00,48.5,0
93.12,Utility Enemy 3,Utility,AttackAction,None,1.00,49.7,0
93.12,Utility Enemy 13,Utility,AttackAction,None,1.00,35.7,0
93.12,Utility Enemy 12,Utility,AttackAction,None,1.00,44.2,0
93.12,Utility Enemy 14,Utility,AttackAction,None,1.00,46.5,0
93.12,Utility Enemy 10,Utility,AttackAction,None,1.00,32.3,0
93.12,Utility Enemy 9,Utility,AttackAction,None,1.00,45.6,0
93.62,Player,Player,-,None,0.41,,0
93.62,FSM Enemy 4,FSM,PatrolState,None,1.00,65.9,0
93.62,FSM Enemy 3,FSM,PatrolState,None,0.80,69.9,0
93.62,FSM Enemy 14,FSM,PatrolState,None,1.00,73.1,0
93.62,FSM Enemy 13,FSM,PatrolState,None,1.00,39.0,0
93.62,FSM Enemy 12,FSM,PatrolState,None,0.80,56.2,0
93.62,FSM Enemy 10,FSM,PatrolState,None,1.00,63.4,0
93.62,FSM Enemy 7,FSM,PatrolState,None,1.00,21.8,0
93.62,FSM Enemy 8,FSM,PatrolState,None,0.90,39.7,0
93.62,FSM Enemy 9,FSM,PatrolState,None,1.00,33.1,0
93.62,FSM Enemy 2,FSM,PatrolState,None,1.00,86.9,0
93.62,FSM Enemy 11,FSM,Dead,None,0.00,14.6,1
93.62,FSM Enemy 15,FSM,Dead,None,0.00,2.7,0
93.62,FSM Enemy 1,FSM,PatrolState,None,1.00,71.8,0
93.62,FSM Enemy 6,FSM,PatrolState,None,0.60,55.3,0
93.62,FSM Enemy 5,FSM,PatrolState,None,0.90,45.4,0
93.62,Utility Enemy 8,Utility,AttackAction,None,1.00,46.5,0
93.62,Utility Enemy 15,Utility,AttackAction,None,1.00,53.4,0
93.62,Utility Enemy 6,Utility,AttackAction,None,1.00,56.7,0
93.62,Utility Enemy 1,Utility,AttackAction,None,1.00,54.3,0
93.62,Utility Enemy 11,Utility,AttackAction,None,1.00,38.8,0
93.62,Utility Enemy 2,Utility,AttackAction,None,1.00,50.7,0
93.62,Utility Enemy 5,Utility,AttackAction,None,1.00,54.1,0
93.62,Utility Enemy 4,Utility,AttackAction,None,1.00,37.4,0
93.62,Utility Enemy 7,Utility,AttackAction,None,1.00,48.6,0
93.62,Utility Enemy 3,Utility,AttackAction,None,1.00,51.4,0
93.62,Utility Enemy 13,Utility,AttackAction,None,1.00,38.2,0
93.62,Utility Enemy 12,Utility,AttackAction,None,1.00,44.2,0
93.62,Utility Enemy 14,Utility,AttackAction,None,1.00,47.5,0
93.62,Utility Enemy 10,Utility,AttackAction,None,1.00,31.3,0
93.62,Utility Enemy 9,Utility,AttackAction,None,1.00,45.7,0
94.13,Player,Player,-,None,0.41,,0
94.13,FSM Enemy 4,FSM,PatrolState,None,1.00,69.8,0
94.13,FSM Enemy 3,FSM,PatrolState,None,0.80,72.7,0
94.13,FSM Enemy 14,FSM,PatrolState,None,1.00,76.4,0
94.13,FSM Enemy 13,FSM,PatrolState,None,1.00,40.2,0
94.13,FSM Enemy 12,FSM,PatrolState,None,0.80,58.6,0
94.13,FSM Enemy 10,FSM,PatrolState,None,1.00,67.7,0
94.13,FSM Enemy 7,FSM,PatrolState,None,1.00,22.0,0
94.13,FSM Enemy 8,FSM,PatrolState,None,0.90,42.0,0
94.13,FSM Enemy 9,FSM,PatrolState,None,1.00,35.0,0
94.13,FSM Enemy 2,FSM,PatrolState,None,1.00,89.5,0
94.13,FSM Enemy 11,FSM,Dead,None,0.00,11.6,1
94.13,FSM Enemy 15,FSM,Dead,None,0.00,5.7,0
94.13,FSM Enemy 1,FSM,PatrolState,None,1.00,72.0,0
94.13,FSM Enemy 6,FSM,PatrolState,None,0.60,57.3,0
94.13,FSM Enemy 5,FSM,PatrolState,None,0.90,46.1,0
94.13,Utility Enemy 8,Utility,AttackAction,None,1.00,48.4,0
94.13,Utility Enemy 15,Utility,AttackAction,None,1.00,55.9,0
94.13,Utility Enemy 6,Utility,AttackAction,None,1.00,58.3,0
94.13,Utility Enemy 1,Utility,AttackAction,None,1.00,56.8,0
94.13,Utility Enemy 11,Utility,AttackAction,None,1.00,41.0,0
94.13,Utility Enemy 2,Utility,AttackAction,None,1.00,53.7,0
94.13,Utility Enemy 5,Utility,AttackAction,None,1.00,57.0,0
94.13,Utility Enemy 4,Utility,AttackAction,None,1.00,39.7,0
94.13,Utility Enemy 7,Utility,AttackAction,None,1.00,50.9,0
94.13,Utility Enemy 3,Utility,AttackAction,None,1.00,54.5,0
94.13,Utility Enemy 13,Utility,AttackAction,None,1.00,41.1,0
94.13,Utility Enemy 12,Utility,AttackAction,None,1.00,46.6,0
94.13,Utility Enemy 14,Utility,AttackAction,None,1.00,50.3,0
94.13,Utility Enemy 10,Utility,AttackAction,None,1.00,32.8,0
94.13,Utility Enemy 9,Utility,AttackAction,None,1.00,48.1,0
94.63,Player,Player,-,None,0.41,,0
94.63,FSM Enemy 4,FSM,PatrolState,None,1.00,70.8,0
94.63,FSM Enemy 3,FSM,PatrolState,None,0.80,75.1,0
94.63,FSM Enemy 14,FSM,PatrolState,None,1.00,77.4,0
94.63,FSM Enemy 13,FSM,PatrolState,None,1.00,42.4,0
94.63,FSM Enemy 12,FSM,PatrolState,None,0.80,58.0,0
94.63,FSM Enemy 10,FSM,PatrolState,None,1.00,70.1,0
94.63,FSM Enemy 7,FSM,ChaseState,None,0.50,19.1,1
94.63,FSM Enemy 8,FSM,PatrolState,None,0.90,43.7,0
94.63,FSM Enemy 9,FSM,PatrolState,None,1.00,34.9,0
94.63,FSM Enemy 2,FSM,PatrolState,None,1.00,90.3,0
94.63,FSM Enemy 11,FSM,Dead,None,0.00,10.4,1
94.63,FSM Enemy 15,FSM,Dead,None,0.00,7.6,0
94.63,FSM Enemy 1,FSM,PatrolState,None,1.00,73.8,0
94.63,FSM Enemy 6,FSM,PatrolState,None,0.60,56.1,0
94.63,FSM Enemy 5,FSM,PatrolState,None,0.90,48.9,0
94.63,Utility Enemy 8,Utility,AttackAction,None,1.00,51.1,0
94.63,Utility Enemy 15,Utility,AttackAction,None,1.00,58.3,0
94.63,Utility Enemy 6,Utility,AttackAction,None,1.00,61.0,0
94.63,Utility Enemy 1,Utility,AttackAction,None,1.00,59.2,0
94.63,Utility Enemy 11,Utility,AttackAction,None,1.00,43.6,0
94.63,Utility Enemy 2,Utility,AttackAction,None,1.00,55.5,0
94.63,Utility Enemy 5,Utility,AttackAction,None,1.00,58.9,0
94.63,Utility Enemy 4,Utility,AttackAction,None,1.00,42.2,0
94.63,Utility Enemy 7,Utility,AttackAction,None,1.00,50.3,0
94.63,Utility Enemy 3,Utility,AttackAction,None,1.00,55.5,0
94.63,Utility Enemy 13,Utility,AttackAction,None,1.00,43.1,0
94.63,Utility Enemy 12,Utility,AttackAction,None,1.00,46.0,0
94.63,Utility Enemy 14,Utility,AttackAction,None,1.00,50.5,0
94.63,Utility Enemy 10,Utility,AttackAction,None,1.00,31.4,0
94.63,Utility Enemy 9,Utility,AttackAction,None,1.00,47.6,0
95.14,Player,Player,-,None,0.41,,0
95.14,FSM Enemy 4,FSM,PatrolState,None,1.00,69.5,0
95.14,FSM Enemy 3,FSM,PatrolState,None,0.80,75.3,0
95.14,FSM Enemy 14,FSM,PatrolState,None,1.00,75.9,0
95.14,FSM Enemy 13,FSM,PatrolState,None,1.00,43.6,0
95.14,FSM Enemy 12,FSM,PatrolState,None,0.80,54.7,0
95.14,FSM Enemy 10,FSM,PatrolState,None,1.00,70.1,0
95.14,FSM Enemy 7,FSM,Dead,None,0.00,14.9,1
95.14,FSM Enemy 8,FSM,PatrolState,None,0.90,42.7,0
95.14,FSM Enemy 9,FSM,PatrolState,None,1.00,32.4,0
95.14,FSM Enemy 2,FSM,PatrolState,None,1.00,88.7,0
95.14,FSM Enemy 11,FSM,Dead,None,0.00,12.3,1
95.14,FSM Enemy 15,FSM,Dead,None,0.00,8.2,0
95.14,FSM Enemy 1,FSM,PatrolState,None,1.00,75.0,0
95.14,FSM Enemy 6,FSM,PatrolState,None,0.60,53.4,0
95.14,FSM Enemy 5,FSM,PatrolState,None,0.90,51.3,0
95.14,Utility Enemy 8,Utility,AttackAction,None,1.00,52.2,0
95.14,Utility Enemy 15,Utility,AttackAction,None,1.00,58.8,0
95.14,Utility Enemy 6,Utility,AttackAction,None,1.00,62.6,0
95.14,Utility Enemy 1,Utility,AttackAction,None,1.00,59.8,0
95.14,Utility Enemy 11,Utility,AttackAction,None,1.00,44.5,0
95.14,Utility Enemy 2,Utility,AttackAction,None,1.00,55.0,0
95.14,Utility Enemy 5,Utility,AttackAction,None,1.00,58.6,0
95.14,Utility Enemy 4,Utility,AttackAction,None,1.00,43.1,0
95.14,Utility Enemy 7,Utility,AttackAction,None,1.00,47.5,0
95.14,Utility Enemy 3,Utility,AttackAction,None,1.00,53.9,0
95.14,Utility Enemy 13,Utility,AttackAction,None,1.00,42.8,0
95.14,Utility Enemy 12,Utility,AttackAction,None,1.00,43.3,0
95.14,Utility Enemy 14,Utility,AttackAction,None,1.00,48.3,0
95.14,Utility Enemy 10,Utility,AttackAction,None,1.00,28.3,0
95.14,Utility Enemy 9,Utility,AttackAction,None,1.00,44.9,0
95.64,Player,Player,-,None,0.41,,0
95.64,FSM Enemy 4,FSM,PatrolState,None,1.00,66.4,0
95.64,FSM Enemy 3,FSM,PatrolState,None,0.80,75.0,0
95.64,FSM Enemy 14,FSM,PatrolState,None,1.00,73.8,0
95.64,FSM Enemy 13,FSM,PatrolState,None,1.00,44.6,0
95.64,FSM Enemy 12,FSM,PatrolState,None,0.80,50.4,0
95.64,FSM Enemy 10,FSM,PatrolState,None,1.00,69.6,0
95.64,FSM Enemy 7,FSM,Dead,None,0.00,12.0,1
95.64,FSM Enemy 8,FSM,PatrolState,None,0.90,40.9,0
95.64,FSM Enemy 9,FSM,PatrolState,None,1.00,31.2,0
95.64,FSM Enemy 2,FSM,PatrolState,None,1.00,86.7,0
95.64,FSM Enemy 11,FSM,Dead,None,0.00,15.1,1
95.64,FSM Enemy 15,FSM,Dead,None,0.00,9.1,0
95.64,FSM Enemy 1,FSM,PatrolState,None,1.00,75.6,0
95.64,FSM Enemy 6,FSM,PatrolState,None,0.60,50.6,0
95.64,FSM Enemy 5,FSM,PatrolState,None,0.90,53.2,0
95.64,Utility Enemy 8,Utility,AttackAction,None,1.00,52.9,0
95.64,Utility Enemy 15,Utility,AttackAction,None,1.00,58.8,0
95.64,Utility Enemy 6,Utility,AttackAction,None,1.00,63.7,0
95.64,Utility Enemy 1,Utility,AttackAction,None,1.00,59.8,0
95.64,Utility Enemy 11,Utility,AttackAction,None,1.00,45.0,0
95.64,Utility Enemy 2,Utility,AttackAction,None,1.00,54.0,0
95.64,Utility Enemy 5,Utility,AttackAction,None,1.00,57.7,0
95.64,Utility Enemy 4,Utility,AttackAction,None,1.00,43.5,0
95.64,Utility Enemy 7,Utility,AttackAction,None,1.00,44.5,0
95.64,Utility Enemy 3,Utility,AttackAction,None,1.00,51.9,0
95.64,Utility Enemy 13,Utility,AttackAction,None,1.00,42.0,0
95.64,Utility Enemy 12,Utility,AttackAction,None,1.00,40.3,0
95.64,Utility Enemy 14,Utility,AttackAction,None,1.00,45.8,0
95.64,Utility Enemy 10,Utility,AttackAction,None,1.00,25.2,0
95.64,Utility Enemy 9,Utility,AttackAction,None,1.00,41.9,0
96.14,Player,Player,-,None,0.41,,0
96.14,FSM Enemy 4,FSM,PatrolState,None,1.00,62.2,0
96.14,FSM Enemy 3,FSM,PatrolState,None,0.80,74.3,0
96.14,FSM Enemy 14,FSM,PatrolState,None,1.00,71.5,0
96.14,FSM Enemy 13,FSM,PatrolState,None,1.00,45.6,0
96.14,FSM Enemy 12,FSM,PatrolState,None,0.80,46.2,0
96.14,FSM Enemy 10,FSM,PatrolState,None,1.00,68.9,0
96.14,FSM Enemy 7,FSM,Dead,None,0.00,9.3,1
96.14,FSM Enemy 8,FSM,PatrolState,None,0.90,39.0,0
96.14,FSM Enemy 9,FSM,PatrolState,None,1.00,30.5,0
96.14,FSM Enemy 2,FSM,PatrolState,None,1.00,85.2,0
96.14,FSM Enemy 11,FSM,ChaseState,None,1.00,29.2,0
96.14,FSM Enemy 15,FSM,Dead,None,0.00,10.7,0
96.14,FSM Enemy 1,FSM,PatrolState,None,1.00,76.0,0
96.14,FSM Enemy 6,FSM,PatrolState,None,0.60,47.4,0
96.14,FSM Enemy 5,FSM,PatrolState,None,0.90,54.8,0
96.14,Utility Enemy 8,Utility,AttackAction,None,1.00,53.4,0
96.14,Utility Enemy 15,Utility,AttackAction,None,1.00,58.6,0
96.14,Utility Enemy 6,Utility,AttackAction,None,1.00,64.7,0
96.14,Utility Enemy 1,Utility,AttackAction,None,1.00,59.7,0
96.14,Utility Enemy 11,Utility,AttackAction,None,1.00,45.3,0
96.14,Utility Enemy 2,Utility,AttackAction,None,1.00,52.9,0
96.14,Utility Enemy 5,Utility,AttackAction,None,1.00,56.7,0
96.14,Utility Enemy 4,Utility,AttackAction,None,1.00,43.7,0
96.14,Utility Enemy 7,Utility,AttackAction,None,1.00,41.5,0
96.14,Utility Enemy 3,Utility,AttackAction,None,1.00,49.8,0
96.14,Utility Enemy 13,Utility,AttackAction,None,1.00,41.1,0
96.14,Utility Enemy 12,Utility,AttackAction,None,1.00,37.2,0
96.14,Utility Enemy 14,Utility,AttackAction,None,1.00,43.0,0
96.14,Utility Enemy 10,Utility,AttackAction,None,1.00,22.2,0
96.14,Utility Enemy 9,Utility,AttackAction,None,1.00,38.9,0
96.65,Player,Player,-,None,0.41,,0
96.65,FSM Enemy 4,FSM,PatrolState,None,1.00,58.0,0
96.65,FSM Enemy 3,FSM,PatrolState,None,0.80,73.5,0
96.65,FSM Enemy 14,FSM,PatrolState,None,1.00,69.2,0
96.65,FSM Enemy 13,FSM,PatrolState,None,1.00,46.9,0
96.65,FSM Enemy 12,FSM,PatrolState,None,0.80,42.0,0
96.65,FSM Enemy 10,FSM,PatrolState,None,1.00,68.3,0
96.65,FSM Enemy 7,FSM,Dead,None,0.00,7.1,1
96.65,FSM Enemy 8,FSM,PatrolState,None,0.90,37.3,0
96.65,FSM Enemy 9,FSM,PatrolState,None,1.00,29.9,0
96.65,FSM Enemy 2,FSM,PatrolState,None,1.00,84.0,0
96.65,FSM Enemy 11,FSM,ChaseState,None,1.00,25.1,0
96.65,FSM Enemy 15,FSM,Dead,None,0.00,12.7,0
96.65,FSM Enemy 1,FSM,PatrolState,None,1.00,76.8,0
96.65,FSM Enemy 6,FSM,PatrolState,None,0.60,44.1,0
96.65,FSM Enemy 5,FSM,PatrolState,None,0.90,56.3,0
96.65,Utility Enemy 8,Utility,AttackAction,None,1.00,54.0,0
96.65,Utility Enemy 15,Utility,AttackAction,None,1.00,58.4,0
96.65,Utility Enemy 6,Utility,AttackAction,None,1.00,65.6,0
96.65,Utility Enemy 1,Utility,AttackAction,None,1.00,59.6,0
96.65,Utility Enemy 11,Utility,AttackAction,None,1.00,45.7,0
96.65,Utility Enemy 2,Utility,AttackAction,None,1.00,51.7,0
96.65,Utility Enemy 5,Utility,AttackAction,None,1.00,55.7,0
96.65,Utility Enemy 4,Utility,AttackAction,None,1.00,44.0,0
96.65,Utility Enemy 7,Utility,AttackAction,None,1.00,38.4,0
96.65,Utility Enemy 3,Utility,AttackAction,None,1.00,47.6,0
96.65,Utility Enemy 13,Utility,AttackAction,None,1.00,40.4,0
96.65,Utility Enemy 12,Utility,AttackAction,None,1.00,34.2,0
96.65,Utility Enemy 14,Utility,AttackAction,None,1.00,40.3,0
96.65,Utility Enemy 10,Utility,AttackAction,None,0.25,19.3,1
96.65,Utility Enemy 9,Utility,AttackAction,None,1.00,35.8,0
97.15,Player,Player,-,None,0.41,,0
97.15,FSM Enemy 4,FSM,PatrolState,None,1.00,53.8,0
97.15,FSM Enemy 3,FSM,PatrolState,None,0.80,72.9,0
97.15,FSM Enemy 14,FSM,PatrolState,None,1.00,66.8,0
97.15,FSM Enemy 13,FSM,PatrolState,None,1.00,48.5,0
97.15,FSM Enemy 12,FSM,PatrolState,None,0.80,38.0,0
97.15,FSM Enemy 10,FSM,PatrolState,None,1.00,67.6,0
97.15,FSM Enemy 7,FSM,Dead,None,0.00,5.6,0
97.15,FSM Enemy 8,FSM,PatrolState,None,0.90,36.0,0
97.15,FSM Enemy 9,FSM,PatrolState,None,1.00,29.5,0
97.15,FSM Enemy 2,FSM,PatrolState,None,1.00,83.1,0
97.15,FSM Enemy 11,FSM,ChaseState,None,1.00,21.4,0
97.15,FSM Enemy 15,FSM,Dead,None,0.00,15.1,0
97.15,FSM Enemy 1,FSM,PatrolState,None,1.00,78.9,0
97.15,FSM Enemy 6,FSM,PatrolState,None,0.60,40.7,0
97.15,FSM Enemy 5,FSM,PatrolState,None,0.90,58.4,0
97.15,Utility Enemy 8,Utility,AttackAction,None,1.00,54.8,0
97.15,Utility Enemy 15,Utility,AttackAction,None,1.00,58.5,0
97.15,Utility Enemy 6,Utility,AttackAction,None,1.00,66.7,0
97.15,Utility Enemy 1,Utility,AttackAction,None,1.00,59.7,0
97.15,Utility Enemy 11,Utility,AttackAction,None,1.00,46.4,0
97.15,Utility Enemy 2,Utility,AttackAction,None,1.00,50.8,0
97.15,Utility Enemy 5,Utility,AttackAction,None,1.00,54.9,0
97.15,Utility Enemy 4,Utility,AttackAction,None,1.00,44.7,0
97.15,Utility Enemy 7,Utility,AttackAction,None,1.00,35.4,0
97.15,Utility Enemy 3,Utility,AttackAction,None,1.00,45.6,0
97.15,Utility Enemy 13,Utility,AttackAction,None,1.00,39.9,0
97.15,Utility Enemy 12,Utility,AttackAction,None,1.00,31.1,0
97.15,Utility Enemy 14,Utility,AttackAction,None,1.00,37.7,0
97.15,Utility Enemy 10,Utility,TakeCoverAction,None,0.25,16.4,1
97.15,Utility Enemy 9,Utility,AttackAction,None,1.00,32.8,0
97.65,Player,Player,-,None,0.41,,0
97.65,FSM Enemy 4,FSM,PatrolState,None,1.00,49.7,0
97.65,FSM Enemy 3,FSM,PatrolState,None,0.80,72.5,0
97.65,FSM Enemy 14,FSM,PatrolState,None,1.00,64.7,0
97.65,FSM Enemy 13,FSM,PatrolState,None,1.00,49.6,0
97.65,FSM Enemy 12,FSM,PatrolState,None,0.80,34.7,0
97.65,FSM Enemy 10,FSM,PatrolState,None,1.00,65.4,0
97.65,FSM Enemy 7,FSM,Dead,None,0.00,5.5,0
97.65,FSM Enemy 8,FSM,PatrolState,None,0.90,35.2,0
97.65,FSM Enemy 9,FSM,PatrolState,None,1.00,29.4,0
97.65,FSM Enemy 2,FSM,PatrolState,None,1.00,82.4,0
97.65,FSM Enemy 11,FSM,ChaseState,None,1.00,18.7,0
97.65,FSM Enemy 15,FSM,Dead,None,0.00,17.8,0
97.65,FSM Enemy 1,FSM,PatrolState,None,1.00,81.4,0
97.65,FSM Enemy 6,FSM,PatrolState,None,0.60,37.4,0
97.65,FSM Enemy 5,FSM,PatrolState,None,0.90,60.8,0
97.65,Utility Enemy 8,Utility,AttackAction,None,1.00,55.9,0
97.65,Utility Enemy 15,Utility,AttackAction,None,1.00,58.9,0
97.65,Utility Enemy 6,Utility,AttackAction,None,1.00,68.1,0
97.65,Utility Enemy 1,Utility,AttackAction,None,1.00,60.1,0
97.65,Utility Enemy 11,Utility,AttackAction,None,1.00,47.4,0
97.65,Utility Enemy 2,Utility,AttackAction,None,1.00,50.3,0
97.65,Utility Enemy 5,Utility,AttackAction,None,1.00,54.5,0
97.65,Utility Enemy 4,Utility,AttackAction,None,1.00,45.7,0
97.65,Utility Enemy 7,Utility,AttackAction,None,1.00,32.4,0
97.65,Utility Enemy 3,Utility,AttackAction,None,1.00,43.9,0
97.65,Utility Enemy 13,Utility,AttackAction,None,1.00,39.8,0
97.65,Utility Enemy 12,Utility,AttackAction,None,1.00,28.1,0
97.65,Utility Enemy 14,Utility,AttackAction,None,1.00,35.3,0
97.65,Utility Enemy 10,Utility,TakeCoverAction,None,0.25,13.5,1
97.65,Utility Enemy 9,Utility,AttackAction,None,1.00,29.8,0
98.16,Player,Player,-,None,0.41,,0
98.16,FSM Enemy 4,FSM,PatrolState,None,1.00,45.8,0
98.16,FSM Enemy 3,FSM,PatrolState,None,0.80,72.3,0
98.16,FSM Enemy 14,FSM,PatrolState,None,1.00,62.7,0
98.16,FSM Enemy 13,FSM,PatrolState,None,1.00,50.9,0
98.16,FSM Enemy 12,FSM,PatrolState,None,0.80,31.6,0
98.16,FSM Enemy 10,FSM,PatrolState,None,1.00,63.1,0
98.16,FSM Enemy 7,FSM,Dead,None,0.00,6.8,0
98.16,FSM Enemy 8,FSM,PatrolState,None,0.90,35.1,0
98.16,FSM Enemy 9,FSM,PatrolState,None,1.00,29.6,0
98.16,FSM Enemy 2,FSM,PatrolState,None,1.00,81.9,0
98.16,FSM Enemy 11,FSM,ChaseState,None,1.00,16.3,0
98.16,FSM Enemy 15,FSM,Dead,None,0.00,20.7,0
98.16,FSM Enemy 1,FSM,PatrolState,None,1.00,84.2,0
98.16,FSM Enemy 6,FSM,PatrolState,None,0.60,34.0,0
98.16,FSM Enemy 5,FSM,PatrolState,None,0.90,63.5,0
98.16,Utility Enemy 8,Utility,AttackAction,None,1.00,57.4,0
98.16,Utility Enemy 15,Utility,AttackAction,None,1.00,59.7,0
98.16,Utility Enemy 6,Utility,AttackAction,None,1.00,69.8,0
98.16,Utility Enemy 1,Utility,AttackAction,None,1.00,61.0,0
98.16,Utility Enemy 11,Utility,AttackAction,None,1.00,48.8,0
98.16,Utility Enemy 2,Utility,AttackAction,None,1.00,50.1,0
98.16,Utility Enemy 5,Utility,AttackAction,None,1.00,54.4,0
98.16,Utility Enemy 4,Utility,AttackAction,None,1.00,47.0,0
98.16,Utility Enemy 7,Utility,AttackAction,None,1.00,29.4,0
98.16,Utility Enemy 3,Utility,AttackAction,None,1.00,42.5,0
98.16,Utility Enemy 13,Utility,AttackAction,None,1.00,40.2,0
98.16,Utility Enemy 12,Utility,AttackAction,None,1.00,25.2,0
98.16,Utility Enemy 14,Utility,AttackAction,None,1.00,33.1,0
98.16,Utility Enemy 10,Utility,Dead,None,0.00,10.6,1
98.16,Utility Enemy 9,Utility,AttackAction,None,1.00,27.0,0
98.66,Player,Player,-,None,0.41,,0
98.66,FSM Enemy 4,FSM,PatrolState,None,1.00,42.0,0
98.66,FSM Enemy 3,FSM,PatrolState,None,0.80,72.4,0
98.66,FSM Enemy 14,FSM,PatrolState,None,1.00,61.0,0
98.66,FSM Enemy 13,FSM,PatrolState,None,1.00,52.6,0
98.66,FSM Enemy 12,FSM,PatrolState,None,0.80,28.4,0
98.66,FSM Enemy 10,FSM,PatrolState,None,1.00,61.1,0
98.66,FSM Enemy 7,FSM,Dead,None,0.00,8.8,0
98.66,FSM Enemy 8,FSM,PatrolState,None,0.90,35.6,0
98.66,FSM Enemy 9,FSM,PatrolState,None,1.00,30.2,0
98.66,FSM Enemy 2,FSM,PatrolState,None,1.00,81.7,0
98.66,FSM Enemy 11,FSM,ChaseState,None,1.00,15.2,0
98.66,FSM Enemy 15,FSM,Dead,None,0.00,23.7,0
98.66,FSM Enemy 1,FSM,PatrolState,None,1.00,87.4,0
98.66,FSM Enemy 6,FSM,PatrolState,None,0.60,30.6,0
98.66,FSM Enemy 5,FSM,PatrolState,None,0.90,66.3,0
98.66,Utility Enemy 8,Utility,AttackAction,None,1.00,59.1,0
98.66,Utility Enemy 15,Utility,AttackAction,None,1.00,60.8,0
98.66,Utility Enemy 6,Utility,AttackAction,None,1.00,71.8,0
98.66,Utility Enemy 1,Utility,AttackAction,None,1.00,62.1,0
98.66,Utility Enemy 11,Utility,AttackAction,None,1.00,50.6,0
98.66,Utility Enemy 2,Utility,AttackAction,None,1.00,50.3,0
98.66,Utility Enemy 5,Utility,AttackAction,None,1.00,54.7,0
98.66,Utility Enemy 4,Utility,AttackAction,None,1.00,48.7,0
98.66,Utility Enemy 7,Utility,AttackAction,None,1.00,26.6,0
98.66,Utility Enemy 3,Utility,AttackAction,None,1.00,41.5,0
98.66,Utility Enemy 13,Utility,AttackAction,None,1.00,40.9,0
98.66,Utility Enemy 12,Utility,AttackAction,None,1.00,22.5,0
98.66,Utility Enemy 14,Utility,AttackAction,None,1.00,31.2,0
98.66,Utility Enemy 10,Utility,Dead,None,0.00,7.8,1
98.66,Utility Enemy 9,Utility,AttackAction,None,1.00,24.3,0
99.16,Player,Player,-,None,0.41,,0
99.16,FSM Enemy 4,FSM,PatrolState,None,1.00,38.3,0
99.16,FSM Enemy 3,FSM,PatrolState,None,0.80,72.4,0
99.16,FSM Enemy 14,FSM,PatrolState,None,1.00,59.6,0
99.16,FSM Enemy 13,FSM,PatrolState,None,1.00,54.4,0
99.16,FSM Enemy 12,FSM,PatrolState,None,0.80,25.1,0
99.16,FSM Enemy 10,FSM,PatrolState,None,1.00,59.4,0
99.16,FSM Enemy 7,FSM,Dead,None,0.00,11.4,0
99.16,FSM Enemy 8,FSM,PatrolState,None,0.90,38.1,0
99.16,FSM Enemy 9,FSM,PatrolState,None,1.00,31.0,0
99.16,FSM Enemy 2,FSM,PatrolState,None,1.00,81.5,0
99.16,FSM Enemy 11,FSM,ChaseState,None,1.00,15.6,0
99.16,FSM Enemy 15,FSM,Dead,None,0.00,26.7,0
99.16,FSM Enemy 1,FSM,PatrolState,None,1.00,90.3,0
99.16,FSM Enemy 6,FSM,PatrolState,None,0.60,27.2,0
99.16,FSM Enemy 5,FSM,PatrolState,None,0.90,68.0,0
99.16,Utility Enemy 8,Utility,AttackAction,None,1.00,61.0,0
99.16,Utility Enemy 15,Utility,AttackAction,None,1.00,62.1,0
99.16,Utility Enemy 6,Utility,AttackAction,None,1.00,73.9,0
99.16,Utility Enemy 1,Utility,AttackAction,None,1.00,63.5,0
99.16,Utility Enemy 11,Utility,AttackAction,None,1.00,52.5,0
99.16,Utility Enemy 2,Utility,AttackAction,None,1.00,50.8,0
99.16,Utility Enemy 5,Utility,AttackAction,None,1.00,55.3,0
99.16,Utility Enemy 4,Utility,AttackAction,None,1.00,50.6,0
99.16,Utility Enemy 7,Utility,AttackAction,None,1.00,23.9,0
99.16,Utility Enemy 3,Utility,AttackAction,None,1.00,40.8,0
99.16,Utility Enemy 13,Utility,AttackAction,None,1.00,42.0,0
99.16,Utility Enemy 12,Utility,AttackAction,None,1.00,19.8,0
99.16,Utility Enemy 14,Utility,AttackAction,None,1.00,29.6,0
99.16,Utility Enemy 10,Utility,Dead,None,0.00,5.1,1
99.16,Utility Enemy 9,Utility,AttackAction,None,1.00,21.7,0
99.67,Player,Player,-,None,0.41,,0
99.67,FSM Enemy 4,FSM,PatrolState,None,1.00,35.0,0
99.67,FSM Enemy 3,FSM,PatrolState,None,0.80,71.9,0
99.67,FSM Enemy 14,FSM,PatrolState,None,1.00,58.9,0
99.67,FSM Enemy 13,FSM,PatrolState,None,1.00,56.1,0
99.67,FSM Enemy 12,FSM,PatrolState,None,0.80,21.8,0
99.67,FSM Enemy 10,FSM,PatrolState,None,1.00,57.7,0
99.67,FSM Enemy 7,FSM,Dead,None,0.00,13.9,0
99.67,FSM Enemy 8,FSM,PatrolState,None,0.90,41.1,0
99.67,FSM Enemy 9,FSM,PatrolState,None,1.00,32.0,0
99.67,FSM Enemy 2,FSM,PatrolState,None,1.00,81.5,0
99.67,FSM Enemy 11,FSM,ChaseState,None,1.00,17.3,0
99.67,FSM Enemy 15,FSM,Dead,None,0.00,29.6,0
99.67,FSM Enemy 1,FSM,PatrolState,None,1.00,92.9,0
99.67,FSM Enemy 6,FSM,PatrolState,None,0.60,23.8,0
99.67,FSM Enemy 5,FSM,PatrolState,None,0.90,68.9,0
99.67,Utility Enemy 8,Utility,AttackAction,None,1.00,62.9,0
99.67,Utility Enemy 15,Utility,AttackAction,None,1.00,63.5,0
99.67,Utility Enemy 6,Utility,AttackAction,None,1.00,75.9,0
99.67,Utility Enemy 1,Utility,AttackAction,None,1.00,64.8,0
99.67,Utility Enemy 11,Utility,AttackAction,None,1.00,54.4,0
99.67,Utility Enemy 2,Utility,AttackAction,None,1.00,51.5,0
99.67,Utility Enemy 5,Utility,AttackAction,None,1.00,56.0,0
99.67,Utility Enemy 4,Utility,AttackAction,None,1.00,52.5,0
99.67,Utility Enemy 7,Utility,AttackAction,None,1.00,21.5,0
99.67,Utility Enemy 3,Utility,AttackAction,None,1.00,40.4,0
99.67,Utility Enemy 13,Utility,AttackAction,None,1.00,43.2,0
99.67,Utility Enemy 12,Utility,AttackAction,None,1.00,17.6,0
99.67,Utility Enemy 14,Utility,AttackAction,None,1.00,28.4,0
99.67,Utility Enemy 10,Utility,Dead,None,0.00,3.7,1
99.67,Utility Enemy 9,Utility,AttackAction,None,1.00,19.5,0
100.17,Player,Player,-,None,0.41,,0
100.17,FSM Enemy 4,FSM,PatrolState,None,1.00,32.1,0
100.17,FSM Enemy 3,FSM,PatrolState,None,0.80,70.9,0
100.17,FSM Enemy 14,FSM,PatrolState,None,1.00,58.6,0
100.17,FSM Enemy 13,FSM,PatrolState,None,1.00,56.9,0
100.17,FSM Enemy 12,FSM,PatrolState,None,0.80,19.3,0
100.17,FSM Enemy 10,FSM,PatrolState,None,1.00,55.9,0
100.17,FSM Enemy 7,FSM,Dead,None,0.00,16.0,0
100.17,FSM Enemy 8,FSM,PatrolState,None,0.90,43.3,0
100.17,FSM Enemy 9,FSM,PatrolState,None,1.00,32.5,0
100.17,FSM Enemy 2,FSM,PatrolState,None,1.00,81.2,0
100.17,FSM Enemy 11,FSM,PatrolState,None,1.00,18.8,0
100.17,FSM Enemy 15,FSM,Dead,None,0.00,31.5,0
100.17,FSM Enemy 1,FSM,PatrolState,None,1.00,94.2,0
100.17,FSM Enemy 6,FSM,PatrolState,None,0.60,20.8,0
100.17,FSM Enemy 5,FSM,PatrolState,None,0.90,69.2,0
100.17,Utility Enemy 8,Utility,AttackAction,None,1.00,63.9,0
100.17,Utility Enemy 15,Utility,AttackAction,None,1.00,64.1,0
100.17,Utility Enemy 6,Utility,AttackAction,None,1.00,77.0,0
100.17,Utility Enemy 1,Utility,AttackAction,None,1.00,65.5,0
100.17,Utility Enemy 11,Utility,AttackAction,None,1.00,55.4,0
100.17,Utility Enemy 2,Utility,AttackAction,None,1.00,51.6,0
100.17,Utility Enemy 5,Utility,AttackAction,None,1.00,56.1,0
100.17,Utility Enemy 4,Utility,AttackAction,None,1.00,53.5,0
100.17,Utility Enemy 7,Utility,AttackAction,None,1.00,19.6,0
100.17,Utility Enemy 3,Utility,AttackAction,None,1.00,39.7,0
100.17,Utility Enemy 13,Utility,AttackAction,None,1.00,43.8,0
100.17,Utility Enemy 12,Utility,AttackAction,None,1.00,15.8,0
100.17,Utility Enemy 14,Utility,AttackAction,None,1.00,27.2,0
100.17,Utility Enemy 10,Utility,Dead,None,0.00,4.1,0
100.17,Utility Enemy 9,Utility,AttackAction,None,1.00,17.7,0
100.68,Player,Player,-,None,0.41,,0
100.68,FSM Enemy 4,FSM,PatrolState,None,1.00,29.4,0
100.68,FSM Enemy 3,FSM,PatrolState,None,0.80,70.0,0
100.68,FSM Enemy 14,FSM,PatrolState,None,1.00,58.5,0
100.68,FSM Enemy 13,FSM,PatrolState,None,1.00,57.6,0
100.68,FSM Enemy 12,FSM,PatrolState,None,0.80,17.0,0
100.68,FSM Enemy 10,FSM,PatrolState,None,1.00,55.0,0
100.68,FSM Enemy 7,FSM,Dead,None,0.00,17.7,0
100.68,FSM Enemy 8,FSM,PatrolState,None,0.90,45.4,0
100.68,FSM Enemy 9,FSM,PatrolState,None,1.00,33.2,0
100.68,FSM Enemy 2,FSM,PatrolState,None,1.00,80.9,0
100.68,FSM Enemy 11,FSM,PatrolState,None,1.00,20.4,0
100.68,FSM Enemy 15,FSM,Dead,None,0.00,33.2,0
100.68,FSM Enemy 1,FSM,PatrolState,None,1.00,95.3,0
100.68,FSM Enemy 6,FSM,AttackState,None,0.60,17.4,1
100.68,FSM Enemy 5,FSM,PatrolState,None,0.90,71.2,0
100.68,Utility Enemy 8,Utility,AttackAction,None,1.00,64.8,0
100.68,Utility Enemy 15,Utility,AttackAction,None,1.00,64.6,0
100.68,Utility Enemy 6,Utility,AttackAction,None,1.00,78.0,0
100.68,Utility Enemy 1,Utility,AttackAction,None,1.00,66.0,0
100.68,Utility Enemy 11,Utility,AttackAction,None,1.00,56.3,0
100.68,Utility Enemy 2,Utility,AttackAction,None,1.00,51.6,0
100.68,Utility Enemy 5,Utility,AttackAction,None,1.00,56.2,0
100.68,Utility Enemy 4,Utility,AttackAction,None,1.00,54.4,0
100.68,Utility Enemy 7,Utility,AttackAction,None,1.00,17.8,0
100.68,Utility Enemy 3,Utility,AttackAction,None,1.00,39.1,0
100.68,Utility Enemy 13,Utility,AttackAction,None,1.00,44.2,0
100.68,Utility Enemy 12,Utility,ChaseAction,None,1.00,14.0,0
100.68,Utility Enemy 14,Utility,AttackAction,None,1.00,26.2,0
100.68,Utility Enemy 10,Utility,Dead,None,0.00,5.1,0
100.68,Utility Enemy 9,Utility,AttackAction,None,1.00,16.1,0
101.18,Player,Player,-,None,0.41,,0
101.18,FSM Enemy 4,FSM,PatrolState,None,1.00,25.1,0
101.18,FSM Enemy 3,FSM,PatrolState,None,0.80,69.0,0
101.18,FSM Enemy 14,FSM,PatrolState,None,1.00,57.2,0
101.18,FSM Enemy 13,FSM,PatrolState,None,1.00,59.8,0
101.18,FSM Enemy 12,FSM,PatrolState,None,0.55,12.9,0
101.18,FSM Enemy 10,FSM,PatrolState,None,1.00,53.7,0
101.18,FSM Enemy 7,FSM,Dead,None,0.00,21.5,0
101.18,FSM Enemy 8,FSM,PatrolState,None,0.90,48.3,0
101.18,FSM Enemy 9,FSM,PatrolState,None,0.90,34.3,0
101.18,FSM Enemy 2,FSM,PatrolState,None,1.00,79.6,0
101.18,FSM Enemy 11,FSM,PatrolState,None,1.00,23.9,0
101.18,FSM Enemy 15,FSM,Dead,None,0.00,36.6,0
101.18,FSM Enemy 1,FSM,PatrolState,None,1.00,97.3,0
101.18,FSM Enemy 6,FSM,AttackState,None,0.60,13.4,1
101.18,FSM Enemy 5,FSM,PatrolState,None,0.90,74.5,0
101.18,Utility Enemy 8,Utility,AttackAction,None,1.00,66.5,0
101.18,Utility Enemy 15,Utility,AttackAction,None,1.00,65.6,0
101.18,Utility Enemy 6,Utility,AttackAction,None,1.00,79.9,0
101.18,Utility Enemy 1,Utility,AttackAction,None,1.00,67.0,0
101.18,Utility Enemy 11,Utility,AttackAction,None,1.00,58.1,0
101.18,Utility Enemy 2,Utility,AttackAction,None,1.00,51.7,0
101.18,Utility Enemy 5,Utility,AttackAction,None,1.00,56.3,0
101.18,Utility Enemy 4,Utility,AttackAction,None,1.00,56.2,0
101.18,Utility Enemy 7,Utility,AttackAction,None,1.00,14.3,0
101.18,Utility Enemy 3,Utility,AttackAction,None,1.00,38.0,0
101.18,Utility Enemy 13,Utility,AttackAction,None,1.00,45.1,0
101.18,Utility Enemy 12,Utility,ReorientAction,None,1.00,10.0,0
101.18,Utility Enemy 14,Utility,AttackAction,None,1.00,24.2,0
101.18,Utility Enemy 10,Utility,Dead,None,0.00,8.4,0
101.18,Utility Enemy 9,Utility,AttackAction,None,1.00,12.9,0
101.69,Player,Player,-,None,0.41,,0
101.69,FSM Enemy 4,FSM,PatrolState,None,1.00,20.3,0
101.69,FSM Enemy 3,FSM,PatrolState,None,0.80,67.8,0
101.69,FSM Enemy 14,FSM,PatrolState,None,1.00,55.6,0
101.69,FSM Enemy 13,FSM,PatrolState,None,1.00,61.9,0
101.69,FSM Enemy 12,FSM,PatrolState,None,0.30,9.1,0
101.69,FSM Enemy 10,FSM,PatrolState,None,1.00,52.1,0
101.69,FSM Enemy 7,FSM,Dead,None,0.00,25.3,0
101.69,FSM Enemy 8,FSM,PatrolState,None,0.90,50.5,0
101.69,FSM Enemy 9,FSM,PatrolState,None,0.90,35.4,0
101.69,FSM Enemy 2,FSM,PatrolState,None,1.00,77.3,0
101.69,FSM Enemy 11,FSM,PatrolState,None,1.00,27.5,0
101.69,FSM Enemy 15,FSM,Dead,None,0.00,39.9,0
101.69,FSM Enemy 1,FSM,PatrolState,None,1.00,97.9,0
101.69,FSM Enemy 6,FSM,AttackState,None,0.60,10.6,1
101.69,FSM Enemy 5,FSM,PatrolState,None,0.90,77.5,0
101.69,Utility Enemy 8,Utility,AttackAction,None,1.00,67.9,0
101.69,Utility Enemy 15,Utility,AttackAction,None,1.00,66.1,0
101.69,Utility Enemy 6,Utility,AttackAction,None,1.00,81.3,0
101.69,Utility Enemy 1,Utility,AttackAction,None,1.00,67.6,0
101.69,Utility Enemy 11,Utility,AttackAction,None,1.00,59.5,0
101.69,Utility Enemy 2,Utility,AttackAction,None,1.00,51.5,0
101.69,Utility Enemy 5,Utility,AttackAction,None,1.00,56.1,0
101.69,Utility Enemy 4,Utility,AttackAction,None,1.00,57.6,0
101.69,Utility Enemy 7,Utility,AttackAction,None,1.00,10.7,0
101.69,Utility Enemy 3,Utility,AttackAction,None,1.00,36.5,0
101.69,Utility Enemy 13,Utility,AttackAction,None,1.00,45.8,0
101.69,Utility Enemy 12,Utility,ReorientAction,None,1.00,5.9,0
101.69,Utility Enemy 14,Utility,AttackAction,None,1.00,22.1,0
101.69,Utility Enemy 10,Utility,Dead,None,0.00,12.1,0
101.69,Utility Enemy 9,Utility,AttackAction,None,1.00,9.7,0
102.19,Player,Player,-,None,0.41,,0
102.19,FSM Enemy 4,FSM,PatrolState,None,1.00,16.9,0
102.19,FSM Enemy 3,FSM,PatrolState,None,0.80,68.5,0
102.19,FSM Enemy 14,FSM,PatrolState,None,1.00,55.3,0
102.19,FSM Enemy 13,FSM,PatrolState,None,1.00,63.7,0
102.19,FSM Enemy 12,FSM,Dead,None,0.00,6.2,0
102.19,FSM Enemy 10,FSM,PatrolState,None,1.00,51.8,0
102.19,FSM Enemy 7,FSM,Dead,None,0.00,28.0,0
102.19,FSM Enemy 8,FSM,PatrolState,None,0.90,51.1,0
102.19,FSM Enemy 9,FSM,PatrolState,None,0.90,36.3,0
102.19,FSM Enemy 2,FSM,PatrolState,None,1.00,75.7,0
102.19,FSM Enemy 11,FSM,PatrolState,None,1.00,30.9,0
102.19,FSM Enemy 15,FSM,Dead,None,0.00,42.5,0
102.19,FSM Enemy 1,FSM,PatrolState,None,1.00,98.2,0
102.19,FSM Enemy 6,FSM,AttackState,None,0.60,8.6,1
102.19,FSM Enemy 5,FSM,PatrolState,None,0.90,80.6,0
102.19,Utility Enemy 8,Utility,AttackAction,None,1.00,69.4,0
102.19,Utility Enemy 15,Utility,AttackAction,None,1.00,67.2,0
102.19,Utility Enemy 6,Utility,AttackAction,None,1.00,82.9,0
102.19,Utility Enemy 1,Utility,AttackAction,None,1.00,68.6,0
102.19,Utility Enemy 11,Utility,AttackAction,None,1.00,61.1,0
102.19,Utility Enemy 2,Utility,AttackAction,None,1.00,52.0,0
102.19,Utility Enemy 5,Utility,AttackAction,None,1.00,56.5,0
102.19,Utility Enemy 4,Utility,AttackAction,None,1.00,59.2,0
102.19,Utility Enemy 7,Utility,AttackAction,None,1.00,8.4,0
102.19,Utility Enemy 3,Utility,AttackAction,None,1.00,36.2,0
102.19,Utility Enemy 13,Utility,AttackAction,None,1.00,46.9,0
102.19,Utility Enemy 12,Utility,ReorientAction,None,1.00,2.9,0
102.19,Utility Enemy 14,Utility,AttackAction,None,1.00,21.3,0
102.19,Utility Enemy 10,Utility,Dead,None,0.00,14.8,0
102.19,Utility Enemy 9,Utility,AttackAction,None,1.00,8.1,0
102.69,Player,Player,-,None,0.36,,0
102.69,FSM Enemy 4,FSM,PatrolState,None,1.00,14.8,0
102.69,FSM Enemy 3,FSM,PatrolState,None,0.80,71.1,0
102.69,FSM Enemy 14,FSM,PatrolState,None,1.00,56.2,0
102.69,FSM Enemy 13,FSM,PatrolState,None,1.00,66.0,0
102.69,FSM Enemy 12,FSM,Dead,None,0.00,3.6,0
102.69,FSM Enemy 10,FSM,PatrolState,None,1.00,52.8,0
102.69,FSM Enemy 7,FSM,Dead,None,0.00,30.4,0
102.69,FSM Enemy 8,FSM,PatrolState,None,0.90,52.2,0
102.69,FSM Enemy 9,FSM,PatrolState,None,0.90,37.0,0
102.69,FSM Enemy 2,FSM,PatrolState,None,1.00,75.0,0
102.69,FSM Enemy 11,FSM,PatrolState,None,1.00,34.2,0
102.69,FSM Enemy 15,FSM,Dead,None,0.00,45.1,0
102.69,FSM Enemy 1,FSM,PatrolState,None,1.00,99.7,0
102.69,FSM Enemy 6,FSM,TakeCoverState,None,0.35,6.9,0
102.69,FSM Enemy 5,FSM,PatrolState,None,0.90,83.7,0
102.69,Utility Enemy 8,Utility,AttackAction,None,1.00,71.6,0
102.69,Utility Enemy 15,Utility,AttackAction,None,1.00,69.1,0
102.69,Utility Enemy 6,Utility,AttackAction,None,1.00,85.2,0
102.69,Utility Enemy 1,Utility,AttackAction,None,1.00,70.5,0
102.69,Utility Enemy 11,Utility,AttackAction,None,1.00,63.4,0
102.69,Utility Enemy 2,Utility,AttackAction,None,1.00,53.5,0
102.69,Utility Enemy 5,Utility,AttackAction,None,1.00,58.0,0
102.69,Utility Enemy 4,Utility,AttackAction,None,1.00,61.5,0
102.69,Utility Enemy 7,Utility,AttackAction,None,1.00,7.5,0
102.69,Utility Enemy 3,Utility,AttackAction,None,1.00,37.1,0
102.69,Utility Enemy 13,Utility,AttackAction,None,1.00,48.9,0
102.69,Utility Enemy 12,Utility,AttackAction,None,1.00,0.8,1
102.69,Utility Enemy 14,Utility,AttackAction,None,1.00,21.9,0
102.69,Utility Enemy 10,Utility,Dead,None,0.00,16.9,0
102.69,Utility Enemy 9,Utility,AttackAction,None,1.00,8.3,0
103.20,Player,Player,-,None,0.31,,0
103.20,FSM Enemy 4,FSM,PatrolState,None,1.00,15.9,0
103.20,FSM Enemy 3,FSM,PatrolState,None,0.80,74.9,0
103.20,FSM Enemy 14,FSM,PatrolState,None,1.00,59.1,0
103.20,FSM Enemy 13,FSM,PatrolState,None,1.00,69.0,0
103.20,FSM Enemy 12,FSM,Dead,None,0.00,2.6,0
103.20,FSM Enemy 10,FSM,PatrolState,None,1.00,55.5,0
103.20,FSM Enemy 7,FSM,Dead,None,0.00,31.6,0
103.20,FSM Enemy 8,FSM,PatrolState,None,0.90,53.7,0
103.20,FSM Enemy 9,FSM,PatrolState,None,0.90,38.6,0
103.20,FSM Enemy 2,FSM,PatrolState,None,1.00,76.1,0
103.20,FSM Enemy 11,FSM,PatrolState,None,1.00,36.9,0
103.20,FSM Enemy 15,FSM,Dead,None,0.00,47.1,0
103.20,FSM Enemy 1,FSM,PatrolState,None,1.00,101.5,0
103.20,FSM Enemy 6,FSM,TakeCoverState,None,0.10,6.1,0
103.20,FSM Enemy 5,FSM,PatrolState,None,0.90,86.4,0
103.20,Utility Enemy 8,Utility,AttackAction,None,1.00,74.3,0
103.20,Utility Enemy 15,Utility,AttackAction,None,1.00,71.7,0
103.20,Utility Enemy 6,Utility,AttackAction,None,1.00,87.8,0
103.20,Utility Enemy 1,Utility,AttackAction,None,1.00,73.2,0
103.20,Utility Enemy 11,Utility,AttackAction,None,1.00,66.0,0
103.20,Utility Enemy 2,Utility,AttackAction,None,1.00,56.1,0
103.20,Utility Enemy 5,Utility,AttackAction,None,1.00,60.7,0
103.20,Utility Enemy 4,Utility,AttackAction,None,1.00,64.1,0
103.20,Utility Enemy 7,Utility,AttackAction,None,1.00,9.2,0
103.20,Utility Enemy 3,Utility,AttackAction,None,1.00,39.5,0
103.20,Utility Enemy 13,Utility,AttackAction,None,1.00,51.6,0
103.20,Utility Enemy 12,Utility,AttackAction,None,1.00,3.3,1
103.20,Utility Enemy 14,Utility,AttackAction,None,1.00,24.2,0
103.20,Utility Enemy 10,Utility,Dead,None,0.00,17.9,0
103.20,Utility Enemy 9,Utility,ChaseAction,None,1.00,9.7,0
103.70,Player,Player,-,None,0.31,,0
103.70,FSM Enemy 4,FSM,PatrolState,None,1.00,19.1,0
103.70,FSM Enemy 3,FSM,PatrolState,None,0.80,77.0,0
103.70,FSM Enemy 14,FSM,PatrolState,None,1.00,62.6,0
103.70,FSM Enemy 13,FSM,PatrolState,None,1.00,68.2,0
103.70,FSM Enemy 12,FSM,Dead,None,0.00,5.6,0
103.70,FSM Enemy 10,FSM,PatrolState,None,1.00,57.3,0
103.70,FSM Enemy 7,FSM,Dead,None,0.00,29.0,0
103.70,FSM Enemy 8,FSM,PatrolState,None,0.90,52.3,0
103.70,FSM Enemy 9,FSM,PatrolState,None,0.90,37.6,0
103.70,FSM Enemy 2,FSM,PatrolState,None,1.00,77.7,0
103.70,FSM Enemy 11,FSM,PatrolState,None,1.00,35.5,0
103.70,FSM Enemy 15,FSM,Dead,None,0.00,45.0,0
103.70,FSM Enemy 1,FSM,PatrolState,None,1.00,100.5,0
103.70,FSM Enemy 6,FSM,TakeCoverState,None,0.10,7.4,0
103.70,FSM Enemy 5,FSM,PatrolState,None,0.90,85.6,0
103.70,Utility Enemy 8,Utility,AttackAction,None,1.00,73.9,0
103.70,Utility Enemy 15,Utility,AttackAction,None,1.00,71.9,0
103.70,Utility Enemy 6,Utility,AttackAction,None,1.00,87.3,0
103.70,Utility Enemy 1,Utility,AttackAction,None,1.00,73.3,0
103.70,Utility Enemy 11,Utility,AttackAction,None,1.00,65.5,0
103.70,Utility Enemy 2,Utility,AttackAction,None,1.00,56.8,0
103.70,Utility Enemy 5,Utility,AttackAction,None,1.00,61.4,0
103.70,Utility Enemy 4,Utility,AttackAction,None,1.00,63.6,0
103.70,Utility Enemy 7,Utility,AttackAction,None,1.00,11.5,0
103.70,Utility Enemy 3,Utility,AttackAction,None,1.00,40.8,0
103.70,Utility Enemy 13,Utility,AttackAction,None,1.00,51.6,0
103.70,Utility Enemy 12,Utility,AttackAction,None,1.00,4.5,1
103.70,Utility Enemy 14,Utility,AttackAction,None,1.00,25.8,0
103.70,Utility Enemy 10,Utility,Dead,None,0.00,15.2,0
103.70,Utility Enemy 9,Utility,ChaseAction,None,1.00,9.9,0
104.20,Player,Player,-,None,0.25,,0
104.20,FSM Enemy 4,FSM,PatrolState,None,1.00,22.5,0
104.20,FSM Enemy 3,FSM,PatrolState,None,0.80,79.7,0
104.20,FSM Enemy 14,FSM,PatrolState,None,1.00,66.1,0
104.20,FSM Enemy 13,FSM,PatrolState,None,1.00,68.2,0
104.20,FSM Enemy 12,FSM,Dead,None,0.00,8.0,0
104.20,FSM Enemy 10,FSM,PatrolState,None,1.00,59.4,0
104.20,FSM Enemy 7,FSM,Dead,None,0.00,27.4,0
104.20,FSM Enemy 8,FSM,PatrolState,None,0.90,51.9,0
104.20,FSM Enemy 9,FSM,PatrolState,None,0.90,37.4,0
104.20,FSM Enemy 2,FSM,PatrolState,None,1.00,78.8,0
104.20,FSM Enemy 11,FSM,PatrolState,None,1.00,35.1,0
104.20,FSM Enemy 15,FSM,Dead,None,0.00,44.1,0
104.20,FSM Enemy 1,FSM,PatrolState,None,1.00,100.2,0
104.20,FSM Enemy 6,FSM,Dead,None,0.00,7.5,0
104.20,FSM Enemy 5,FSM,PatrolState,None,0.90,85.7,0
104.20,Utility Enemy 8,Utility,AttackAction,None,1.00,74.3,0
104.20,Utility Enemy 15,Utility,AttackAction,None,1.00,72.8,0
104.20,Utility Enemy 6,Utility,AttackAction,None,1.00,87.7,0
104.20,Utility Enemy 1,Utility,AttackAction,None,1.00,74.2,0
104.20,Utility Enemy 11,Utility,AttackAction,None,1.00,65.9,0
104.20,Utility Enemy 2,Utility,AttackAction,None,1.00,58.1,0
104.20,Utility Enemy 5,Utility,AttackAction,None,1.00,62.6,0
104.20,Utility Enemy 4,Utility,AttackAction,None,1.00,64.0,0
104.20,Utility Enemy 7,Utility,AttackAction,None,1.00,13.9,0
104.20,Utility Enemy 3,Utility,AttackAction,None,1.00,42.6,0
104.20,Utility Enemy 13,Utility,AttackAction,None,1.00,52.4,0
104.20,Utility Enemy 12,Utility,AttackAction,None,1.00,6.7,1
104.20,Utility Enemy 14,Utility,AttackAction,None,1.00,27.8,0
104.20,Utility Enemy 10,Utility,Dead,None,0.00,13.5,0
104.20,Utility Enemy 9,Utility,ChaseAction,None,1.00,10.0,0
104.71,Player,Player,-,None,0.20,,0
104.71,FSM Enemy 4,FSM,PatrolState,None,1.00,24.0,0
104.71,FSM Enemy 3,FSM,PatrolState,None,0.80,80.6,0
104.71,FSM Enemy 14,FSM,PatrolState,None,1.00,67.5,0
104.71,FSM Enemy 13,FSM,PatrolState,None,1.00,68.0,0
104.71,FSM Enemy 12,FSM,Dead,None,0.00,8.8,0
104.71,FSM Enemy 10,FSM,PatrolState,None,1.00,59.6,0
104.71,FSM Enemy 7,FSM,Dead,None,0.00,26.3,0
104.71,FSM Enemy 8,FSM,PatrolState,None,0.90,50.2,0
104.71,FSM Enemy 9,FSM,PatrolState,None,0.90,35.7,0
104.71,FSM Enemy 2,FSM,PatrolState,None,1.00,78.0,0
104.71,FSM Enemy 11,FSM,PatrolState,None,1.00,34.8,0
104.71,FSM Enemy 15,FSM,Dead,None,0.00,43.0,0
104.71,FSM Enemy 1,FSM,PatrolState,None,1.00,98.6,0
104.71,FSM Enemy 6,FSM,Dead,None,0.00,8.3,0
104.71,FSM Enemy 5,FSM,PatrolState,None,0.90,85.0,0
104.71,Utility Enemy 8,Utility,AttackAction,None,1.00,73.5,0
104.71,Utility Enemy 15,Utility,AttackAction,None,1.00,72.2,0
104.71,Utility Enemy 6,Utility,AttackAction,None,1.00,86.9,0
104.71,Utility Enemy 1,Utility,AttackAction,None,1.00,73.6,0
104.71,Utility Enemy 11,Utility,AttackAction,None,1.00,65.1,0
104.71,Utility Enemy 2,Utility,AttackAction,None,1.00,57.7,0
104.71,Utility Enemy 5,Utility,AttackAction,None,1.00,62.3,0
104.71,Utility Enemy 4,Utility,AttackAction,None,1.00,63.2,0
104.71,Utility Enemy 7,Utility,AttackAction,None,1.00,14.3,0
104.71,Utility Enemy 3,Utility,AttackAction,None,1.00,42.5,0
104.71,Utility Enemy 13,Utility,AttackAction,None,1.00,51.8,0
104.71,Utility Enemy 12,Utility,AttackAction,None,1.00,7.1,1
104.71,Utility Enemy 14,Utility,AttackAction,None,1.00,27.8,0
104.71,Utility Enemy 10,Utility,Dead,None,0.00,12.5,0
104.71,Utility Enemy 9,Utility,ChaseAction,None,1.00,8.6,0
105.22,Player,Player,-,None,0.09,,0
105.22,FSM Enemy 4,FSM,PatrolState,None,1.00,22.8,0
105.22,FSM Enemy 3,FSM,PatrolState,None,0.80,80.3,0
105.22,FSM Enemy 14,FSM,PatrolState,None,1.00,66.5,0
105.22,FSM Enemy 13,FSM,PatrolState,None,1.00,68.9,0
105.22,FSM Enemy 12,FSM,Dead,None,0.00,6.9,0
105.22,FSM Enemy 10,FSM,PatrolState,None,1.00,58.1,0
105.22,FSM Enemy 7,FSM,Dead,None,0.00,27.5,0
105.22,FSM Enemy 8,FSM,PatrolState,None,0.90,48.2,0
105.22,FSM Enemy 9,FSM,PatrolState,None,0.90,33.3,0
105.22,FSM Enemy 2,FSM,PatrolState,None,1.00,74.7,0
105.22,FSM Enemy 11,FSM,PatrolState,None,1.00,36.2,0
105.22,FSM Enemy 15,FSM,Dead,None,0.00,43.5,0
105.22,FSM Enemy 1,FSM,PatrolState,None,1.00,96.6,0
105.22,FSM Enemy 6,FSM,Dead,None,0.00,9.0,0
105.22,FSM Enemy 5,FSM,PatrolState,None,0.90,84.8,0
105.22,Utility Enemy 8,Utility,AttackAction,None,1.00,72.7,0
105.22,Utility Enemy 15,Utility,AttackAction,None,1.00,71.0,0
105.22,Utility Enemy 6,Utility,AttackAction,None,1.00,86.2,0
105.22,Utility Enemy 1,Utility,AttackAction,None,1.00,72.4,0
105.22,Utility Enemy 11,Utility,AttackAction,None,1.00,64.3,0
105.22,Utility Enemy 2,Utility,AttackAction,None,1.00,56.1,0
105.22,Utility Enemy 5,Utility,AttackAction,None,1.00,60.7,0
105.22,Utility Enemy 4,Utility,AttackAction,None,1.00,62.4,0
105.22,Utility Enemy 7,Utility,AttackAction,None,1.00,12.0,0
105.22,Utility Enemy 3,Utility,AttackAction,None,1.00,40.6,0
105.22,Utility Enemy 13,Utility,AttackAction,None,1.00,50.6,0
105.22,Utility Enemy 12,Utility,AttackAction,None,1.00,4.8,1
105.22,Utility Enemy 14,Utility,AttackAction,None,1.00,25.7,0
105.22,Utility Enemy 10,Utility,Dead,None,0.00,13.6,0
105.22,Utility Enemy 9,Utility,AttackAction,None,1.00,4.9,1
105.72,Player,Player,-,None,0.09,,0
105.72,FSM Enemy 4,FSM,PatrolState,None,1.00,20.9,0
105.72,FSM Enemy 3,FSM,PatrolState,None,0.80,79.7,0
105.72,FSM Enemy 14,FSM,PatrolState,None,1.00,65.0,0
105.72,FSM Enemy 13,FSM,PatrolState,None,1.00,71.1,0
105.72,FSM Enemy 12,FSM,Dead,None,0.00,4.0,0
105.72,FSM Enemy 10,FSM,PatrolState,None,1.00,56.8,0
105.72,FSM Enemy 7,FSM,Dead,None,0.00,29.9,0
105.72,FSM Enemy 8,FSM,PatrolState,None,0.90,47.0,0
105.72,FSM Enemy 9,FSM,PatrolState,None,0.90,31.7,0
105.72,FSM Enemy 2,FSM,PatrolState,None,1.00,71.4,0
105.72,FSM Enemy 11,FSM,PatrolState,None,1.00,39.1,0
105.72,FSM Enemy 15,FSM,Dead,None,0.00,45.1,0
105.72,FSM Enemy 1,FSM,PatrolState,None,1.00,95.3,0
105.72,FSM Enemy 6,FSM,Dead,None,0.00,10.0,0
105.72,FSM Enemy 5,FSM,PatrolState,None,0.90,85.6,0
105.72,Utility Enemy 8,Utility,AttackAction,None,1.00,72.6,0
105.72,Utility Enemy 15,Utility,AttackAction,None,1.00,70.3,0
105.72,Utility Enemy 6,Utility,AttackAction,None,1.00,86.1,0
105.72,Utility Enemy 1,Utility,AttackAction,None,1.00,71.7,0
105.72,Utility Enemy 11,Utility,AttackAction,None,1.00,64.3,0
105.72,Utility Enemy 2,Utility,AttackAction,None,1.00,54.9,0
105.72,Utility Enemy 5,Utility,AttackAction,None,1.00,59.5,0
105.72,Utility Enemy 4,Utility,AttackAction,None,1.00,62.4,0
105.72,Utility Enemy 7,Utility,AttackAction,None,1.00,9.2,0
105.72,Utility Enemy 3,Utility,AttackAction,None,1.00,38.6,0
105.72,Utility Enemy 13,Utility,AttackAction,None,1.00,50.1,0
105.72,Utility Enemy 12,Utility,AttackAction,None,1.00,2.2,1
105.72,Utility Enemy 14,Utility,AttackAction,None,1.00,23.6,0
105.72,Utility Enemy 10,Utility,Dead,None,0.00,16.2,0
105.72,Utility Enemy 9,Utility,AttackAction,None,1.00,1.7,1
