time,enemyId,aiType,action,activeGlitch,health,distToPlayer,canSeePlayer,playerHealth,damageDealt,topUtilityScore,secondScore,seed
0.00,Player,Player,-,None,1.00,,0,1.00,,,,1216509171
0.00,FSM Enemy 10,FSM,PatrolState,None,1.00,66.4,0,1.00,0,,,1216509171
0.00,FSM Enemy 11,FSM,PatrolState,None,1.00,37.9,0,1.00,0,,,1216509171
0.00,FSM Enemy 7,FSM,PatrolState,None,1.00,28.1,0,1.00,0,,,1216509171
0.00,FSM Enemy 12,FSM,PatrolState,None,1.00,38.1,0,1.00,0,,,1216509171
0.00,FSM Enemy 9,FSM,PatrolState,None,1.00,33.4,0,1.00,0,,,1216509171
0.00,FSM Enemy 5,FSM,PatrolState,None,1.00,69.3,0,1.00,0,,,1216509171
0.00,FSM Enemy 1,FSM,PatrolState,None,1.00,89.4,0,1.00,0,,,1216509171
0.00,FSM Enemy 3,FSM,PatrolState,None,1.00,82.0,0,1.00,0,,,1216509171
0.00,FSM Enemy 14,FSM,PatrolState,None,1.00,75.0,0,1.00,0,,,1216509171
0.00,FSM Enemy 15,FSM,PatrolState,None,1.00,28.5,0,1.00,0,,,1216509171
0.00,FSM Enemy 4,FSM,PatrolState,None,1.00,48.9,0,1.00,0,,,1216509171
0.00,FSM Enemy 2,FSM,PatrolState,None,1.00,89.4,0,1.00,0,,,1216509171
0.00,FSM Enemy 13,FSM,PatrolState,None,1.00,49.2,0,1.00,0,,,1216509171
0.00,FSM Enemy 8,FSM,PatrolState,None,1.00,48.1,0,1.00,0,,,1216509171
0.00,FSM Enemy 6,FSM,PatrolState,None,1.00,28.1,0,1.00,0,,,1216509171
0.00,Utility Enemy 7,Utility,PatrolAction,None,1.00,42.0,0,1.00,0,0.120,0.000,1216509171
0.00,Utility Enemy 11,Utility,PatrolAction,None,1.00,33.7,0,1.00,0,0.120,0.000,1216509171
0.00,Utility Enemy 14,Utility,PatrolAction,None,1.00,50.6,0,1.00,0,0.120,0.000,1216509171
0.00,Utility Enemy 4,Utility,PatrolAction,None,1.00,62.9,0,1.00,0,0.120,0.000,1216509171
0.00,Utility Enemy 13,Utility,PatrolAction,None,1.00,50.6,0,1.00,0,0.120,0.000,1216509171
0.00,Utility Enemy 10,Utility,PatrolAction,None,1.00,30.2,0,1.00,0,0.120,0.000,1216509171
0.00,Utility Enemy 3,Utility,PatrolAction,None,1.00,62.9,0,1.00,0,0.120,0.000,1216509171
0.00,Utility Enemy 5,Utility,PatrolAction,None,1.00,84.0,0,1.00,0,0.120,0.000,1216509171
0.00,Utility Enemy 8,Utility,PatrolAction,None,1.00,77.4,0,1.00,0,0.120,0.000,1216509171
0.00,Utility Enemy 12,Utility,PatrolAction,None,1.00,33.7,0,1.00,0,0.120,0.000,1216509171
0.00,Utility Enemy 1,Utility,PatrolAction,None,1.00,84.4,0,1.00,0,0.120,0.000,1216509171
0.00,Utility Enemy 9,Utility,PatrolAction,None,1.00,44.6,0,1.00,0,0.120,0.000,1216509171
0.00,Utility Enemy 6,Utility,PatrolAction,None,1.00,42.0,0,1.00,0,0.120,0.000,1216509171
0.00,Utility Enemy 15,Utility,PatrolAction,None,1.00,80.1,0,1.00,0,0.120,0.000,1216509171
0.00,Utility Enemy 2,Utility,PatrolAction,None,1.00,84.4,0,1.00,0,0.120,0.000,1216509171
1.00,Player,Player,-,None,1.00,,0,1.00,,,,1216509171
1.00,FSM Enemy 10,FSM,PatrolState,None,1.00,62.7,0,1.00,0,,,1216509171
1.00,FSM Enemy 11,FSM,PatrolState,None,1.00,38.7,0,1.00,0,,,1216509171
1.00,FSM Enemy 7,FSM,PatrolState,None,1.00,29.6,0,1.00,0,,,1216509171
1.00,FSM Enemy 12,FSM,PatrolState,None,1.00,38.4,0,1.00,0,,,1216509171
1.00,FSM Enemy 9,FSM,PatrolState,None,1.00,32.0,0,1.00,0,,,1216509171
1.00,FSM Enemy 5,FSM,PatrolState,None,1.00,64.8,0,1.00,0,,,1216509171
1.00,FSM Enemy 1,FSM,PatrolState,None,1.00,84.8,0,1.00,0,,,1216509171
1.00,FSM Enemy 3,FSM,PatrolState,None,1.00,80.0,0,1.00,0,,,1216509171
1.00,FSM Enemy 14,FSM,PatrolState,None,1.00,71.7,0,1.00,0,,,1216509171
1.00,FSM Enemy 15,FSM,PatrolState,None,1.00,24.9,0,1.00,0,,,1216509171
1.00,FSM Enemy 4,FSM,PatrolState,None,1.00,46.1,0,1.00,0,,,1216509171
1.00,FSM Enemy 2,FSM,PatrolState,None,1.00,85.8,0,1.00,0,,,1216509171
1.00,FSM Enemy 13,FSM,PatrolState,None,1.00,49.1,0,1.00,0,,,1216509171
1.00,FSM Enemy 8,FSM,PatrolState,None,1.00,45.1,0,1.00,0,,,1216509171
1.00,FSM Enemy 6,FSM,PatrolState,None,1.00,30.4,0,1.00,0,,,1216509171
1.00,Utility Enemy 7,Utility,PatrolAction,None,1.00,38.9,0,1.00,0,0.120,0.000,1216509171
1.00,Utility Enemy 11,Utility,PatrolAction,None,1.00,32.7,0,1.00,0,0.120,0.000,1216509171
1.00,Utility Enemy 14,Utility,PatrolAction,None,1.00,48.1,0,1.00,0,0.120,0.000,1216509171
1.00,Utility Enemy 4,Utility,PatrolAction,None,1.00,57.2,0,1.00,0,0.120,0.000,1216509171
1.00,Utility Enemy 13,Utility,PatrolAction,None,1.00,47.7,0,1.00,0,0.120,0.000,1216509171
1.00,Utility Enemy 10,Utility,PatrolAction,None,1.00,32.4,0,1.00,0,0.120,0.000,1216509171
1.00,Utility Enemy 3,Utility,PatrolAction,None,1.00,58.5,0,1.00,0,0.120,0.000,1216509171
1.00,Utility Enemy 5,Utility,PatrolAction,None,1.00,77.7,0,1.00,0,0.120,0.000,1216509171
1.00,Utility Enemy 8,Utility,PatrolAction,None,1.00,71.3,0,1.00,0,0.120,0.000,1216509171
1.00,Utility Enemy 12,Utility,PatrolAction,None,1.00,31.9,0,1.00,0,0.120,0.000,1216509171
1.00,Utility Enemy 1,Utility,PatrolAction,None,1.00,77.5,0,1.00,0,0.120,0.000,1216509171
1.00,Utility Enemy 9,Utility,PatrolAction,None,1.00,44.7,0,1.00,0,0.120,0.000,1216509171
1.00,Utility Enemy 6,Utility,PatrolAction,None,1.00,39.2,0,1.00,0,0.120,0.000,1216509171
1.00,Utility Enemy 15,Utility,PatrolAction,None,1.00,74.0,0,1.00,0,0.120,0.000,1216509171
1.00,Utility Enemy 2,Utility,PatrolAction,None,1.00,81.0,0,1.00,0,0.120,0.000,1216509171
2.00,Player,Player,-,None,1.00,,0,1.00,,,,1216509171
2.00,FSM Enemy 10,FSM,PatrolState,None,1.00,57.9,0,1.00,0,,,1216509171
2.00,FSM Enemy 11,FSM,PatrolState,None,1.00,41.5,0,1.00,0,,,1216509171
2.00,FSM Enemy 7,FSM,PatrolState,None,1.00,31.3,0,1.00,0,,,1216509171
2.00,FSM Enemy 12,FSM,PatrolState,None,1.00,39.9,0,1.00,0,,,1216509171
2.00,FSM Enemy 9,FSM,PatrolState,None,1.00,29.5,0,1.00,0,,,1216509171
2.00,FSM Enemy 5,FSM,PatrolState,None,1.00,60.1,0,1.00,0,,,1216509171
2.00,FSM Enemy 1,FSM,PatrolState,None,1.00,78.6,0,1.00,0,,,1216509171
2.00,FSM Enemy 3,FSM,PatrolState,None,1.00,76.6,0,1.00,0,,,1216509171
2.00,FSM Enemy 14,FSM,PatrolState,None,1.00,67.0,0,1.00,0,,,1216509171
2.00,FSM Enemy 15,FSM,PatrolState,None,1.00,22.5,0,1.00,0,,,1216509171
2.00,FSM Enemy 4,FSM,PatrolState,None,1.00,42.6,0,1.00,0,,,1216509171
2.00,FSM Enemy 2,FSM,PatrolState,None,1.00,80.8,0,1.00,0,,,1216509171
2.00,FSM Enemy 13,FSM,PatrolState,None,1.00,49.3,0,1.00,0,,,1216509171
2.00,FSM Enemy 8,FSM,PatrolState,None,1.00,41.1,0,1.00,0,,,1216509171
2.00,FSM Enemy 6,FSM,PatrolState,None,1.00,32.7,0,1.00,0,,,1216509171
2.00,Utility Enemy 7,Utility,PatrolAction,None,1.00,37.1,0,1.00,0,0.120,0.000,1216509171
2.00,Utility Enemy 11,Utility,PatrolAction,None,1.00,34.5,0,1.00,0,0.120,0.000,1216509171
2.00,Utility Enemy 14,Utility,PatrolAction,None,1.00,48.7,0,1.00,0,0.120,0.000,1216509171
2.00,Utility Enemy 4,Utility,PatrolAction,None,1.00,56.6,0,1.00,0,0.120,0.000,1216509171
2.00,Utility Enemy 13,Utility,PatrolAction,None,1.00,46.4,0,1.00,0,0.120,0.000,1216509171
2.00,Utility Enemy 10,Utility,PatrolAction,None,1.00,36.2,0,1.00,0,0.120,0.000,1216509171
2.00,Utility Enemy 3,Utility,PatrolAction,None,1.00,53.0,0,1.00,0,0.120,0.000,1216509171
2.00,Utility Enemy 5,Utility,PatrolAction,None,1.00,71.6,0,1.00,0,0.120,0.000,1216509171
2.00,Utility Enemy 8,Utility,PatrolAction,None,1.00,64.6,0,1.00,0,0.120,0.000,1216509171
2.00,Utility Enemy 12,Utility,PatrolAction,None,1.00,31.2,0,1.00,0,0.120,0.000,1216509171
2.00,Utility Enemy 1,Utility,PatrolAction,None,1.00,69.4,0,1.00,0,0.120,0.000,1216509171
2.00,Utility Enemy 9,Utility,PatrolAction,None,1.00,46.4,0,1.00,0,0.120,0.000,1216509171
2.00,Utility Enemy 6,Utility,PatrolAction,None,1.00,37.5,0,1.00,0,0.120,0.000,1216509171
2.00,Utility Enemy 15,Utility,PatrolAction,None,1.00,68.2,0,1.00,0,0.120,0.000,1216509171
2.00,Utility Enemy 2,Utility,PatrolAction,None,1.00,76.3,0,1.00,0,0.120,0.000,1216509171
3.01,Player,Player,-,WallDisappear,1.00,,0,1.00,,,,1216509171
3.01,FSM Enemy 10,FSM,ChaseState,WallDisappear,1.00,48.4,0,1.00,0,,,1216509171
3.01,FSM Enemy 11,FSM,ChaseState,WallDisappear,1.00,41.6,0,1.00,0,,,1216509171
3.01,FSM Enemy 7,FSM,ChaseState,WallDisappear,1.00,31.8,0,1.00,0,,,1216509171
3.01,FSM Enemy 12,FSM,ChaseState,WallDisappear,1.00,38.5,0,1.00,0,,,1216509171
3.01,FSM Enemy 9,FSM,ChaseState,WallDisappear,1.00,22.3,0,1.00,0,,,1216509171
3.01,FSM Enemy 5,FSM,ChaseState,WallDisappear,1.00,51.8,0,1.00,0,,,1216509171
3.01,FSM Enemy 1,FSM,ChaseState,WallDisappear,1.00,69.7,0,1.00,0,,,1216509171
3.01,FSM Enemy 3,FSM,ChaseState,WallDisappear,1.00,67.3,0,1.00,0,,,1216509171
3.01,FSM Enemy 14,FSM,ChaseState,WallDisappear,1.00,58.8,0,1.00,0,,,1216509171
3.01,FSM Enemy 15,FSM,ChaseState,WallDisappear,1.00,21.8,0,1.00,0,,,1216509171
3.01,FSM Enemy 4,FSM,ChaseState,WallDisappear,1.00,40.6,0,1.00,0,,,1216509171
3.01,FSM Enemy 2,FSM,ChaseState,WallDisappear,1.00,71.6,0,1.00,0,,,1216509171
3.01,FSM Enemy 13,FSM,ChaseState,WallDisappear,1.00,45.6,0,1.00,0,,,1216509171
3.01,FSM Enemy 8,FSM,ChaseState,WallDisappear,1.00,32.1,0,1.00,0,,,1216509171
3.01,FSM Enemy 6,FSM,ChaseState,WallDisappear,1.00,33.2,0,1.00,0,,,1216509171
3.01,Utility Enemy 7,Utility,ChaseAction,WallDisappear,1.00,36.6,0,1.00,0,0.850,0.300,1216509171
3.01,Utility Enemy 11,Utility,ChaseAction,WallDisappear,1.00,36.8,0,1.00,0,0.850,0.300,1216509171
3.01,Utility Enemy 14,Utility,ChaseAction,WallDisappear,1.00,44.8,0,1.00,0,0.850,0.300,1216509171
3.01,Utility Enemy 4,Utility,ChaseAction,WallDisappear,1.00,54.6,0,1.00,0,0.850,0.300,1216509171
3.01,Utility Enemy 13,Utility,ChaseAction,WallDisappear,1.00,45.4,0,1.00,0,0.850,0.300,1216509171
3.01,Utility Enemy 10,Utility,ChaseAction,WallDisappear,1.00,37.9,0,1.00,0,0.850,0.300,1216509171
3.01,Utility Enemy 3,Utility,ChaseAction,WallDisappear,1.00,47.6,0,1.00,0,0.850,0.300,1216509171
3.01,Utility Enemy 5,Utility,ChaseAction,WallDisappear,1.00,64.5,0,1.00,0,0.850,0.300,1216509171
3.01,Utility Enemy 8,Utility,ChaseAction,WallDisappear,1.00,57.5,0,1.00,0,0.850,0.300,1216509171
3.01,Utility Enemy 12,Utility,ChaseAction,WallDisappear,1.00,30.9,0,1.00,0,0.850,0.300,1216509171
3.01,Utility Enemy 1,Utility,ChaseAction,WallDisappear,1.00,61.6,0,1.00,0,0.850,0.300,1216509171
3.01,Utility Enemy 9,Utility,ChaseAction,WallDisappear,1.00,44.5,0,1.00,0,0.850,0.300,1216509171
3.01,Utility Enemy 6,Utility,ChaseAction,WallDisappear,1.00,37.4,0,1.00,0,0.850,0.300,1216509171
3.01,Utility Enemy 15,Utility,ChaseAction,WallDisappear,1.00,59.5,0,1.00,0,0.850,0.300,1216509171
3.01,Utility Enemy 2,Utility,ChaseAction,WallDisappear,1.00,66.4,0,1.00,0,0.850,0.300,1216509171
4.01,Player,Player,-,WallDisappear,1.00,,0,1.00,,,,1216509171
4.01,FSM Enemy 10,FSM,ChaseState,WallDisappear,1.00,37.8,0,1.00,0,,,1216509171
4.01,FSM Enemy 11,FSM,ChaseState,WallDisappear,1.00,40.3,0,1.00,0,,,1216509171
4.01,FSM Enemy 7,FSM,ChaseState,WallDisappear,1.00,31.3,0,1.00,0,,,1216509171
4.01,FSM Enemy 12,FSM,ChaseState,WallDisappear,1.00,37.2,0,1.00,0,,,1216509171
4.01,FSM Enemy 9,FSM,ChaseState,WallDisappear,1.00,13.5,0,1.00,0,,,1216509171
4.01,FSM Enemy 5,FSM,ChaseState,WallDisappear,1.00,42.2,0,1.00,0,,,1216509171
4.01,FSM Enemy 1,FSM,ChaseState,WallDisappear,1.00,58.7,0,1.00,0,,,1216509171
4.01,FSM Enemy 3,FSM,ChaseState,WallDisappear,1.00,55.4,0,1.00,0,,,1216509171
4.01,FSM Enemy 14,FSM,ChaseState,WallDisappear,1.00,50.2,0,1.00,0,,,1216509171
4.01,FSM Enemy 15,FSM,ChaseState,WallDisappear,1.00,21.3,0,1.00,0,,,1216509171
4.01,FSM Enemy 4,FSM,ChaseState,WallDisappear,1.00,38.0,0,1.00,0,,,1216509171
4.01,FSM Enemy 2,FSM,ChaseState,WallDisappear,1.00,60.9,0,1.00,0,,,1216509171
4.01,FSM Enemy 13,FSM,ChaseState,WallDisappear,1.00,39.6,0,1.00,0,,,1216509171
4.01,FSM Enemy 8,FSM,ChaseState,WallDisappear,1.00,20.8,0,1.00,0,,,1216509171
4.01,FSM Enemy 6,FSM,ChaseState,WallDisappear,1.00,34.5,0,1.00,0,,,1216509171
4.01,Utility Enemy 7,Utility,ChaseAction,WallDisappear,1.00,35.5,0,1.00,0,0.850,0.300,1216509171
4.01,Utility Enemy 11,Utility,ChaseAction,WallDisappear,1.00,35.9,0,1.00,0,0.850,0.300,1216509171
4.01,Utility Enemy 14,Utility,ChaseAction,WallDisappear,1.00,39.2,0,1.00,0,0.850,0.300,1216509171
4.01,Utility Enemy 4,Utility,ChaseAction,WallDisappear,1.00,46.2,0,1.00,0,0.850,0.300,1216509171
4.01,Utility Enemy 13,Utility,ChaseAction,WallDisappear,1.00,42.6,0,1.00,0,0.850,0.300,1216509171
4.01,Utility Enemy 10,Utility,ChaseAction,WallDisappear,1.00,38.5,0,1.00,0,0.850,0.300,1216509171
4.01,Utility Enemy 3,Utility,ChaseAction,WallDisappear,1.00,41.2,0,1.00,0,0.850,0.300,1216509171
4.01,Utility Enemy 5,Utility,ChaseAction,WallDisappear,1.00,52.6,0,1.00,0,0.850,0.300,1216509171
4.01,Utility Enemy 8,Utility,ChaseAction,WallDisappear,1.00,47.6,0,1.00,0,0.850,0.300,1216509171
4.01,Utility Enemy 12,Utility,ChaseAction,WallDisappear,1.00,31.2,0,1.00,0,0.850,0.300,1216509171
4.01,Utility Enemy 1,Utility,ChaseAction,WallDisappear,1.00,50.1,0,1.00,0,0.850,0.300,1216509171
4.01,Utility Enemy 9,Utility,ChaseAction,WallDisappear,1.00,41.1,0,1.00,0,0.850,0.300,1216509171
4.01,Utility Enemy 6,Utility,ChaseAction,WallDisappear,1.00,36.8,0,1.00,0,0.850,0.300,1216509171
4.01,Utility Enemy 15,Utility,ChaseAction,WallDisappear,1.00,48.2,0,1.00,0,0.850,0.300,1216509171
4.01,Utility Enemy 2,Utility,ChaseAction,WallDisappear,1.00,54.7,0,1.00,0,0.850,0.300,1216509171
5.02,Player,Player,-,WallDisappear,1.00,,0,1.00,,,,1216509171
5.02,FSM Enemy 10,FSM,ChaseState,WallDisappear,1.00,29.6,0,1.00,0,,,1216509171
5.02,FSM Enemy 11,FSM,ChaseState,WallDisappear,1.00,38.0,0,1.00,0,,,1216509171
5.02,FSM Enemy 7,FSM,ChaseState,WallDisappear,1.00,29.6,0,1.00,0,,,1216509171
5.02,FSM Enemy 12,FSM,ChaseState,WallDisappear,1.00,36.9,0,1.00,0,,,1216509171
5.02,FSM Enemy 9,FSM,ChaseState,WallDisappear,1.00,8.9,0,1.00,0,,,1216509171
5.02,FSM Enemy 5,FSM,ChaseState,WallDisappear,1.00,32.9,0,1.00,0,,,1216509171
5.02,FSM Enemy 1,FSM,ChaseState,WallDisappear,1.00,48.6,0,1.00,0,,,1216509171
5.02,FSM Enemy 3,FSM,ChaseState,WallDisappear,1.00,45.1,0,1.00,0,,,1216509171
5.02,FSM Enemy 14,FSM,ChaseState,WallDisappear,1.00,43.7,0,1.00,0,,,1216509171
5.02,FSM Enemy 15,FSM,ChaseState,WallDisappear,1.00,19.9,0,1.00,0,,,1216509171
5.02,FSM Enemy 4,FSM,ChaseState,WallDisappear,1.00,35.8,0,1.00,0,,,1216509171
5.02,FSM Enemy 2,FSM,ChaseState,WallDisappear,1.00,52.1,0,1.00,0,,,1216509171
5.02,FSM Enemy 13,FSM,ChaseState,WallDisappear,1.00,33.4,0,1.00,0,,,1216509171
5.02,FSM Enemy 8,FSM,ChaseState,WallDisappear,1.00,10.3,1,1.00,0,,,1216509171
5.02,FSM Enemy 6,FSM,ChaseState,WallDisappear,1.00,36.3,0,1.00,0,,,1216509171
5.02,Utility Enemy 7,Utility,ChaseAction,WallDisappear,1.00,35.3,0,1.00,0,0.850,0.300,1216509171
5.02,Utility Enemy 11,Utility,ChaseAction,WallDisappear,1.00,33.9,0,1.00,0,0.850,0.300,1216509171
5.02,Utility Enemy 14,Utility,ChaseAction,WallDisappear,1.00,35.6,0,1.00,0,0.850,0.300,1216509171
5.02,Utility Enemy 4,Utility,ChaseAction,WallDisappear,1.00,37.9,0,1.00,0,0.850,0.300,1216509171
5.02,Utility Enemy 13,Utility,ChaseAction,WallDisappear,1.00,37.6,0,1.00,0,0.850,0.300,1216509171
5.02,Utility Enemy 10,Utility,ChaseAction,WallDisappear,1.00,39.4,0,1.00,0,0.850,0.300,1216509171
5.02,Utility Enemy 3,Utility,ChaseAction,WallDisappear,1.00,36.7,0,1.00,0,0.850,0.300,1216509171
5.02,Utility Enemy 5,Utility,ChaseAction,WallDisappear,1.00,43.0,0,1.00,0,0.850,0.300,1216509171
5.02,Utility Enemy 8,Utility,ChaseAction,WallDisappear,1.00,38.2,0,1.00,0,0.850,0.300,1216509171
5.02,Utility Enemy 12,Utility,ChaseAction,WallDisappear,1.00,32.3,0,1.00,0,0.850,0.300,1216509171
5.02,Utility Enemy 1,Utility,ChaseAction,WallDisappear,1.00,39.5,0,1.00,0,0.850,0.300,1216509171
5.02,Utility Enemy 9,Utility,ChaseAction,WallDisappear,1.00,39.2,0,1.00,0,0.850,0.300,1216509171
5.02,Utility Enemy 6,Utility,ChaseAction,WallDisappear,1.00,35.4,0,1.00,0,0.850,0.300,1216509171
5.02,Utility Enemy 15,Utility,ChaseAction,WallDisappear,1.00,37.9,0,1.00,0,0.850,0.300,1216509171
5.02,Utility Enemy 2,Utility,ChaseAction,WallDisappear,1.00,44.6,0,1.00,0,0.850,0.300,1216509171
6.02,Player,Player,-,WallDisappear,1.00,,0,1.00,,,,1216509171
6.02,FSM Enemy 10,FSM,ChaseState,WallDisappear,1.00,26.5,0,1.00,0,,,1216509171
6.02,FSM Enemy 11,FSM,ChaseState,WallDisappear,1.00,32.4,0,1.00,0,,,1216509171
6.02,FSM Enemy 7,FSM,ChaseState,WallDisappear,1.00,25.0,0,1.00,0,,,1216509171
6.02,FSM Enemy 12,FSM,ChaseState,WallDisappear,1.00,31.9,0,1.00,0,,,1216509171
6.02,FSM Enemy 9,FSM,ChaseState,WallDisappear,1.00,11.8,0,1.00,0,,,1216509171
6.02,FSM Enemy 5,FSM,ChaseState,WallDisappear,1.00,29.8,0,1.00,0,,,1216509171
6.02,FSM Enemy 1,FSM,ChaseState,WallDisappear,1.00,46.0,0,1.00,0,,,1216509171
6.02,FSM Enemy 3,FSM,ChaseState,WallDisappear,1.00,42.5,0,1.00,0,,,1216509171
6.02,FSM Enemy 14,FSM,ChaseState,WallDisappear,1.00,40.3,0,1.00,0,,,1216509171
6.02,FSM Enemy 15,FSM,ChaseState,WallDisappear,1.00,17.7,1,1.00,0,,,1216509171
6.02,FSM Enemy 4,FSM,ChaseState,WallDisappear,1.00,31.6,0,1.00,0,,,1216509171
6.02,FSM Enemy 2,FSM,ChaseState,WallDisappear,1.00,49.4,0,1.00,0,,,1216509171
6.02,FSM Enemy 13,FSM,ChaseState,WallDisappear,1.00,29.2,0,1.00,0,,,1216509171
6.02,FSM Enemy 8,FSM,ChaseState,WallDisappear,1.00,7.6,1,1.00,0,,,1216509171
6.02,FSM Enemy 6,FSM,ChaseState,WallDisappear,1.00,33.0,0,1.00,0,,,1216509171
6.02,Utility Enemy 7,Utility,ChaseAction,WallDisappear,1.00,30.1,0,1.00,0,0.850,0.300,1216509171
6.02,Utility Enemy 11,Utility,ChaseAction,WallDisappear,1.00,28.8,0,1.00,0,0.850,0.300,1216509171
6.02,Utility Enemy 14,Utility,ChaseAction,WallDisappear,1.00,31.5,0,1.00,0,0.850,0.300,1216509171
6.02,Utility Enemy 4,Utility,ChaseAction,WallDisappear,1.00,34.7,0,1.00,0,0.850,0.300,1216509171
6.02,Utility Enemy 13,Utility,ChaseAction,WallDisappear,1.00,33.5,0,1.00,0,0.850,0.300,1216509171
6.02,Utility Enemy 10,Utility,ChaseAction,WallDisappear,1.00,35.0,0,1.00,0,0.850,0.300,1216509171
6.02,Utility Enemy 3,Utility,ChaseAction,WallDisappear,1.00,32.8,0,1.00,0,0.850,0.300,1216509171
6.02,Utility Enemy 5,Utility,ChaseAction,WallDisappear,1.00,40.8,0,1.00,0,0.850,0.300,1216509171
6.02,Utility Enemy 8,Utility,ChaseAction,WallDisappear,1.00,34.9,0,1.00,0,0.850,0.300,1216509171
6.02,Utility Enemy 12,Utility,ChaseAction,WallDisappear,1.00,26.6,0,1.00,0,0.850,0.300,1216509171
6.02,Utility Enemy 1,Utility,ChaseAction,WallDisappear,1.00,36.8,0,1.00,0,0.850,0.300,1216509171
6.02,Utility Enemy 9,Utility,ChaseAction,WallDisappear,1.00,35.1,0,1.00,0,0.850,0.300,1216509171
6.02,Utility Enemy 6,Utility,ChaseAction,WallDisappear,1.00,30.3,0,1.00,0,0.850,0.300,1216509171
6.02,Utility Enemy 15,Utility,ChaseAction,WallDisappear,1.00,35.3,0,1.00,0,0.850,0.300,1216509171
6.02,Utility Enemy 2,Utility,ChaseAction,WallDisappear,1.00,42.0,0,1.00,0,0.850,0.300,1216509171
7.03,Player,Player,-,WallDisappear,1.00,,0,1.00,,,,1216509171
7.03,FSM Enemy 10,FSM,ChaseState,WallDisappear,1.00,21.4,0,1.00,0,,,1216509171
7.03,FSM Enemy 11,FSM,ChaseState,WallDisappear,1.00,29.2,0,1.00,0,,,1216509171
7.03,FSM Enemy 7,FSM,ChaseState,WallDisappear,1.00,22.9,0,1.00,0,,,1216509171
7.03,FSM Enemy 12,FSM,ChaseState,WallDisappear,1.00,26.3,0,1.00,0,,,1216509171
7.03,FSM Enemy 9,FSM,ChaseState,WallDisappear,1.00,12.1,0,1.00,0,,,1216509171
7.03,FSM Enemy 5,FSM,ChaseState,WallDisappear,1.00,26.5,0,1.00,0,,,1216509171
7.03,FSM Enemy 1,FSM,ChaseState,WallDisappear,1.00,42.9,0,1.00,0,,,1216509171
7.03,FSM Enemy 3,FSM,ChaseState,WallDisappear,1.00,38.0,0,1.00,0,,,1216509171
7.03,FSM Enemy 14,FSM,ChaseState,WallDisappear,1.00,35.3,0,1.00,0,,,1216509171
7.03,FSM Enemy 15,FSM,ChaseState,WallDisappear,1.00,15.4,1,1.00,0,,,1216509171
7.03,FSM Enemy 4,FSM,ChaseState,WallDisappear,1.00,26.3,0,1.00,0,,,1216509171
7.03,FSM Enemy 2,FSM,ChaseState,WallDisappear,1.00,44.7,0,1.00,0,,,1216509171
7.03,FSM Enemy 13,FSM,ChaseState,WallDisappear,1.00,26.2,0,1.00,0,,,1216509171
7.03,FSM Enemy 8,FSM,Dead,WallDisappear,0.00,7.0,1,1.00,0,,,1216509171
7.03,FSM Enemy 6,FSM,ChaseState,WallDisappear,1.00,27.6,0,1.00,0,,,1216509171
7.03,Utility Enemy 7,Utility,ChaseAction,WallDisappear,1.00,24.6,0,1.00,0,0.850,0.300,1216509171
7.03,Utility Enemy 11,Utility,ChaseAction,WallDisappear,1.00,26.1,0,1.00,0,0.850,0.300,1216509171
7.03,Utility Enemy 14,Utility,ChaseAction,WallDisappear,1.00,26.2,0,1.00,0,0.850,0.300,1216509171
7.03,Utility Enemy 4,Utility,ChaseAction,WallDisappear,1.00,31.7,0,1.00,0,0.850,0.300,1216509171
7.03,Utility Enemy 13,Utility,ChaseAction,WallDisappear,1.00,31.0,0,1.00,0,0.850,0.300,1216509171
7.03,Utility Enemy 10,Utility,ChaseAction,WallDisappear,1.00,30.2,0,1.00,0,0.850,0.300,1216509171
7.03,Utility Enemy 3,Utility,ChaseAction,WallDisappear,1.00,27.6,0,1.00,0,0.850,0.300,1216509171
7.03,Utility Enemy 5,Utility,ChaseAction,WallDisappear,1.00,36.6,0,1.00,0,0.850,0.300,1216509171
7.03,Utility Enemy 8,Utility,ChaseAction,WallDisappear,1.00,31.5,0,1.00,0,0.850,0.300,1216509171
7.03,Utility Enemy 12,Utility,ChaseAction,WallDisappear,1.00,21.8,0,1.00,0,0.850,0.300,1216509171
7.03,Utility Enemy 1,Utility,ChaseAction,WallDisappear,1.00,32.9,0,1.00,0,0.850,0.300,1216509171
7.03,Utility Enemy 9,Utility,ChaseAction,WallDisappear,1.00,30.9,0,1.00,0,0.850,0.300,1216509171
7.03,Utility Enemy 6,Utility,ChaseAction,WallDisappear,1.00,27.5,0,1.00,0,0.850,0.300,1216509171
7.03,Utility Enemy 15,Utility,ChaseAction,WallDisappear,1.00,31.6,0,1.00,0,0.850,0.300,1216509171
7.03,Utility Enemy 2,Utility,ChaseAction,WallDisappear,1.00,37.4,0,1.00,0,0.850,0.300,1216509171
8.03,Player,Player,-,None,0.95,,0,0.95,,,,1216509171
8.03,FSM Enemy 10,FSM,AttackState,None,1.00,17.8,1,0.95,8,,,1216509171
8.03,FSM Enemy 11,FSM,PatrolState,None,1.00,31.8,0,0.95,0,,,1216509171
8.03,FSM Enemy 7,FSM,PatrolState,None,1.00,23.6,0,0.95,0,,,1216509171
8.03,FSM Enemy 12,FSM,PatrolState,None,1.00,26.4,0,0.95,0,,,1216509171
8.03,FSM Enemy 9,FSM,Dead,None,0.00,10.9,1,0.95,0,,,1216509171
8.03,FSM Enemy 5,FSM,PatrolState,None,1.00,27.1,0,0.95,0,,,1216509171
8.03,FSM Enemy 1,FSM,PatrolState,None,1.00,44.9,0,0.95,0,,,1216509171
8.03,FSM Enemy 3,FSM,PatrolState,None,1.00,37.8,0,0.95,0,,,1216509171
8.03,FSM Enemy 14,FSM,PatrolState,None,1.00,34.5,0,0.95,0,,,1216509171
8.03,FSM Enemy 15,FSM,ChaseState,None,1.00,12.0,0,0.95,0,,,1216509171
8.03,FSM Enemy 4,FSM,PatrolState,None,1.00,25.5,0,0.95,0,,,1216509171
8.03,FSM Enemy 2,FSM,PatrolState,None,1.00,44.1,0,0.95,0,,,1216509171
8.03,FSM Enemy 13,FSM,PatrolState,None,1.00,27.2,0,0.95,0,,,1216509171
8.03,FSM Enemy 8,FSM,Dead,None,0.00,7.0,1,0.95,0,,,1216509171
8.03,FSM Enemy 6,FSM,PatrolState,None,1.00,28.2,0,0.95,0,,,1216509171
8.03,Utility Enemy 7,Utility,PatrolAction,None,1.00,19.6,0,0.95,0,0.120,0.000,1216509171
8.03,Utility Enemy 11,Utility,PatrolAction,None,1.00,28.4,0,0.95,0,0.120,0.000,1216509171
8.03,Utility Enemy 14,Utility,PatrolAction,None,1.00,21.0,0,0.95,0,0.120,0.000,1216509171
8.03,Utility Enemy 4,Utility,PatrolAction,None,1.00,32.2,0,0.95,0,0.120,0.000,1216509171
8.03,Utility Enemy 13,Utility,PatrolAction,None,1.00,32.4,0,0.95,0,0.120,0.000,1216509171
8.03,Utility Enemy 10,Utility,PatrolAction,None,1.00,30.1,0,0.95,0,0.120,0.000,1216509171
8.03,Utility Enemy 3,Utility,PatrolAction,None,1.00,26.1,0,0.95,0,0.120,0.000,1216509171
8.03,Utility Enemy 5,Utility,PatrolAction,None,1.00,36.2,0,0.95,0,0.120,0.000,1216509171
8.03,Utility Enemy 8,Utility,PatrolAction,None,1.00,29.9,0,0.95,0,0.120,0.000,1216509171
8.03,Utility Enemy 12,Utility,PatrolAction,None,1.00,20.0,0,0.95,0,0.120,0.000,1216509171
8.03,Utility Enemy 1,Utility,PatrolAction,None,1.00,33.3,0,0.95,0,0.120,0.000,1216509171
8.03,Utility Enemy 9,Utility,PatrolAction,None,1.00,28.6,0,0.95,0,0.120,0.000,1216509171
8.03,Utility Enemy 6,Utility,PatrolAction,None,1.00,29.1,0,0.95,0,0.120,0.000,1216509171
8.03,Utility Enemy 15,Utility,PatrolAction,None,1.00,29.1,0,0.95,0,0.120,0.000,1216509171
8.03,Utility Enemy 2,Utility,PatrolAction,None,1.00,36.8,0,0.95,0,0.120,0.000,1216509171
9.03,Player,Player,-,None,0.95,,0,0.95,,,,1216509171
9.03,FSM Enemy 10,FSM,AttackState,None,1.00,17.1,1,0.95,8,,,1216509171
9.03,FSM Enemy 11,FSM,PatrolState,None,1.00,32.5,0,0.95,0,,,1216509171
9.03,FSM Enemy 7,FSM,PatrolState,None,1.00,23.0,0,0.95,0,,,1216509171
9.03,FSM Enemy 12,FSM,PatrolState,None,1.00,28.5,0,0.95,0,,,1216509171
9.03,FSM Enemy 9,FSM,Dead,None,0.00,11.7,0,0.95,0,,,1216509171
9.03,FSM Enemy 5,FSM,PatrolState,None,1.00,29.2,0,0.95,0,,,1216509171
9.03,FSM Enemy 1,FSM,PatrolState,None,1.00,47.5,0,0.95,0,,,1216509171
9.03,FSM Enemy 3,FSM,PatrolState,None,1.00,41.3,0,0.95,0,,,1216509171
9.03,FSM Enemy 14,FSM,PatrolState,None,1.00,38.5,0,0.95,0,,,1216509171
9.03,FSM Enemy 15,FSM,ChaseState,None,1.00,7.0,0,0.95,0,,,1216509171
9.03,FSM Enemy 4,FSM,PatrolState,None,1.00,29.3,0,0.95,0,,,1216509171
9.03,FSM Enemy 2,FSM,PatrolState,None,1.00,48.2,0,0.95,0,,,1216509171
9.03,FSM Enemy 13,FSM,PatrolState,None,1.00,28.2,0,0.95,0,,,1216509171
9.03,FSM Enemy 8,FSM,Dead,None,0.00,7.5,0,0.95,0,,,1216509171
9.03,FSM Enemy 6,FSM,PatrolState,None,1.00,31.5,0,0.95,0,,,1216509171
9.03,Utility Enemy 7,Utility,PatrolAction,None,1.00,20.4,0,0.95,0,0.120,0.000,1216509171
9.03,Utility Enemy 11,Utility,PatrolAction,None,1.00,31.3,0,0.95,0,0.120,0.000,1216509171
9.03,Utility Enemy 14,Utility,PatrolAction,None,1.00,19.7,0,0.95,0,0.120,0.000,1216509171
9.03,Utility Enemy 4,Utility,PatrolAction,None,1.00,32.6,0,0.95,0,0.120,0.000,1216509171
9.03,Utility Enemy 13,Utility,PatrolAction,None,1.00,34.8,0,0.95,0,0.120,0.000,1216509171
9.03,Utility Enemy 10,Utility,PatrolAction,None,1.00,34.8,0,0.95,0,0.120,0.000,1216509171
9.03,Utility Enemy 3,Utility,PatrolAction,None,1.00,30.9,0,0.95,0,0.120,0.000,1216509171
9.03,Utility Enemy 5,Utility,PatrolAction,None,1.00,39.9,0,0.95,0,0.120,0.000,1216509171
9.03,Utility Enemy 8,Utility,PatrolAction,None,1.00,29.1,0,0.95,0,0.120,0.000,1216509171
9.03,Utility Enemy 12,Utility,PatrolAction,None,1.00,18.8,0,0.95,0,0.120,0.000,1216509171
9.03,Utility Enemy 1,Utility,PatrolAction,None,1.00,38.3,0,0.95,0,0.120,0.000,1216509171
9.03,Utility Enemy 9,Utility,PatrolAction,None,1.00,32.3,0,0.95,0,0.120,0.000,1216509171
9.03,Utility Enemy 6,Utility,PatrolAction,None,1.00,30.8,0,0.95,0,0.120,0.000,1216509171
9.03,Utility Enemy 15,Utility,PatrolAction,None,1.00,29.3,0,0.95,0,0.120,0.000,1216509171
9.03,Utility Enemy 2,Utility,PatrolAction,None,1.00,41.3,0,0.95,0,0.120,0.000,1216509171
10.04,Player,Player,-,None,0.95,,0,0.95,,,,1216509171
10.04,FSM Enemy 10,FSM,Dead,None,0.00,16.8,1,0.95,8,,,1216509171
10.04,FSM Enemy 11,FSM,PatrolState,None,1.00,35.0,0,0.95,0,,,1216509171
10.04,FSM Enemy 7,FSM,PatrolState,None,1.00,24.2,0,0.95,0,,,1216509171
10.04,FSM Enemy 12,FSM,PatrolState,None,1.00,30.6,0,0.95,0,,,1216509171
10.04,FSM Enemy 9,FSM,Dead,None,0.00,11.4,1,0.95,0,,,1216509171
10.04,FSM Enemy 5,FSM,PatrolState,None,1.00,30.6,0,0.95,0,,,1216509171
10.04,FSM Enemy 1,FSM,PatrolState,None,1.00,49.8,0,0.95,0,,,1216509171
10.04,FSM Enemy 3,FSM,PatrolState,None,1.00,43.5,0,0.95,0,,,1216509171
10.04,FSM Enemy 14,FSM,PatrolState,None,1.00,40.7,0,0.95,0,,,1216509171
10.04,FSM Enemy 15,FSM,ChaseState,None,1.00,3.4,0,0.95,0,,,1216509171
10.04,FSM Enemy 4,FSM,PatrolState,None,1.00,31.7,0,0.95,0,,,1216509171
10.04,FSM Enemy 2,FSM,PatrolState,None,1.00,50.4,0,0.95,0,,,1216509171
10.04,FSM Enemy 13,FSM,PatrolState,None,1.00,30.3,0,0.95,0,,,1216509171
10.04,FSM Enemy 8,FSM,Dead,None,0.00,7.2,0,0.95,0,,,1216509171
10.04,FSM Enemy 6,FSM,PatrolState,None,1.00,33.7,0,0.95,0,,,1216509171
10.04,Utility Enemy 7,Utility,PatrolAction,None,1.00,25.0,0,0.95,0,0.120,0.000,1216509171
10.04,Utility Enemy 11,Utility,PatrolAction,None,1.00,32.6,0,0.95,0,0.120,0.000,1216509171
10.04,Utility Enemy 14,Utility,PatrolAction,None,1.00,17.2,0,0.95,0,0.120,0.000,1216509171
10.04,Utility Enemy 4,Utility,PatrolAction,None,1.00,31.7,0,0.95,0,0.120,0.000,1216509171
10.04,Utility Enemy 13,Utility,PatrolAction,None,1.00,38.2,0,0.95,0,0.120,0.000,1216509171
10.04,Utility Enemy 10,Utility,PatrolAction,None,1.00,37.2,0,0.95,0,0.120,0.000,1216509171
10.04,Utility Enemy 3,Utility,PatrolAction,None,1.00,33.7,0,0.95,0,0.120,0.000,1216509171
10.04,Utility Enemy 5,Utility,PatrolAction,None,1.00,43.0,0,0.95,0,0.120,0.000,1216509171
10.04,Utility Enemy 8,Utility,PatrolAction,None,1.00,29.7,0,0.95,0,0.120,0.000,1216509171
10.04,Utility Enemy 12,Utility,PatrolAction,None,1.00,20.5,0,0.95,0,0.120,0.000,1216509171
10.04,Utility Enemy 1,Utility,PatrolAction,None,1.00,42.4,0,0.95,0,0.120,0.000,1216509171
10.04,Utility Enemy 9,Utility,PatrolAction,None,1.00,35.0,0,0.95,0,0.120,0.000,1216509171
10.04,Utility Enemy 6,Utility,PatrolAction,None,1.00,33.9,0,0.95,0,0.120,0.000,1216509171
10.04,Utility Enemy 15,Utility,PatrolAction,None,1.00,31.5,0,0.95,0,0.120,0.000,1216509171
10.04,Utility Enemy 2,Utility,PatrolAction,None,1.00,45.3,0,0.95,0,0.120,0.000,1216509171
11.04,Player,Player,-,None,0.95,,0,0.95,,,,1216509171
11.04,FSM Enemy 10,FSM,Dead,None,0.00,16.8,1,0.95,8,,,1216509171
11.04,FSM Enemy 11,FSM,PatrolState,None,1.00,37.4,0,0.95,0,,,1216509171
11.04,FSM Enemy 7,FSM,PatrolState,None,1.00,25.6,0,0.95,0,,,1216509171
11.04,FSM Enemy 12,FSM,PatrolState,None,1.00,32.8,0,0.95,0,,,1216509171
11.04,FSM Enemy 9,FSM,Dead,None,0.00,11.4,1,0.95,0,,,1216509171
11.04,FSM Enemy 5,FSM,PatrolState,None,1.00,32.8,0,0.95,0,,,1216509171
11.04,FSM Enemy 1,FSM,PatrolState,None,1.00,52.2,0,0.95,0,,,1216509171
11.04,FSM Enemy 3,FSM,PatrolState,None,1.00,46.0,0,0.95,0,,,1216509171
11.04,FSM Enemy 14,FSM,PatrolState,None,1.00,43.2,0,0.95,0,,,1216509171
11.04,FSM Enemy 15,FSM,PatrolState,None,1.00,1.6,0,0.95,0,,,1216509171
11.04,FSM Enemy 4,FSM,PatrolState,None,1.00,34.1,0,0.95,0,,,1216509171
11.04,FSM Enemy 2,FSM,PatrolState,None,1.00,52.9,0,0.95,0,,,1216509171
11.04,FSM Enemy 13,FSM,PatrolState,None,1.00,32.5,0,0.95,0,,,1216509171
11.04,FSM Enemy 8,FSM,Dead,None,0.00,7.2,0,0.95,0,,,1216509171
11.04,FSM Enemy 6,FSM,PatrolState,None,1.00,35.5,0,0.95,0,,,1216509171
11.04,Utility Enemy 7,Utility,PatrolAction,None,1.00,29.4,0,0.95,0,0.120,0.000,1216509171
11.04,Utility Enemy 11,Utility,PatrolAction,None,1.00,35.4,0,0.95,0,0.120,0.000,1216509171
11.04,Utility Enemy 14,Utility,PatrolAction,None,1.00,16.8,0,0.95,0,0.120,0.000,1216509171
11.04,Utility Enemy 4,Utility,PatrolAction,None,1.00,31.1,0,0.95,0,0.120,0.000,1216509171
11.04,Utility Enemy 13,Utility,PatrolAction,None,1.00,39.4,0,0.95,0,0.120,0.000,1216509171
11.04,Utility Enemy 10,Utility,PatrolAction,None,1.00,33.7,0,0.95,0,0.120,0.000,1216509171
11.04,Utility Enemy 3,Utility,PatrolAction,None,1.00,34.4,0,0.95,0,0.120,0.000,1216509171
11.04,Utility Enemy 5,Utility,PatrolAction,None,1.00,45.1,0,0.95,0,0.120,0.000,1216509171
11.04,Utility Enemy 8,Utility,PatrolAction,None,1.00,28.6,0,0.95,0,0.120,0.000,1216509171
11.04,Utility Enemy 12,Utility,PatrolAction,None,1.00,22.7,0,0.95,0,0.120,0.000,1216509171
11.04,Utility Enemy 1,Utility,PatrolAction,None,1.00,46.7,0,0.95,0,0.120,0.000,1216509171
11.04,Utility Enemy 9,Utility,PatrolAction,None,1.00,34.5,0,0.95,0,0.120,0.000,1216509171
11.04,Utility Enemy 6,Utility,PatrolAction,None,1.00,33.1,0,0.95,0,0.120,0.000,1216509171
11.04,Utility Enemy 15,Utility,PatrolAction,None,1.00,29.8,0,0.95,0,0.120,0.000,1216509171
11.04,Utility Enemy 2,Utility,PatrolAction,None,1.00,49.4,0,0.95,0,0.120,0.000,1216509171
12.04,Player,Player,-,None,0.89,,0,0.89,,,,1216509171
12.04,FSM Enemy 10,FSM,Dead,None,0.00,16.8,1,0.89,8,,,1216509171
12.04,FSM Enemy 11,FSM,PatrolState,None,1.00,39.9,0,0.89,0,,,1216509171
12.04,FSM Enemy 7,FSM,PatrolState,None,1.00,27.1,0,0.89,0,,,1216509171
12.04,FSM Enemy 12,FSM,PatrolState,None,1.00,35.1,0,0.89,0,,,1216509171
12.04,FSM Enemy 9,FSM,Dead,None,0.00,11.4,1,0.89,0,,,1216509171
12.04,FSM Enemy 5,FSM,PatrolState,None,1.00,35.2,0,0.89,0,,,1216509171
12.04,FSM Enemy 1,FSM,PatrolState,None,1.00,54.7,0,0.89,0,,,1216509171
12.04,FSM Enemy 3,FSM,PatrolState,None,1.00,48.5,0,0.89,0,,,1216509171
12.04,FSM Enemy 14,FSM,PatrolState,None,1.00,45.7,0,0.89,0,,,1216509171
12.04,FSM Enemy 15,FSM,Dead,None,0.00,1.6,1,0.89,8,,,1216509171
12.04,FSM Enemy 4,FSM,PatrolState,None,1.00,36.5,0,0.89,0,,,1216509171
12.04,FSM Enemy 2,FSM,PatrolState,None,1.00,55.4,0,0.89,0,,,1216509171
12.04,FSM Enemy 13,FSM,PatrolState,None,1.00,34.7,0,0.89,0,,,1216509171
12.04,FSM Enemy 8,FSM,Dead,None,0.00,7.2,0,0.89,0,,,1216509171
12.04,FSM Enemy 6,FSM,PatrolState,None,1.00,37.4,0,0.89,0,,,1216509171
12.04,Utility Enemy 7,Utility,PatrolAction,None,1.00,27.9,0,0.89,0,0.120,0.000,1216509171
12.04,Utility Enemy 11,Utility,PatrolAction,None,1.00,37.8,0,0.89,0,0.120,0.000,1216509171
12.04,Utility Enemy 14,Utility,PatrolAction,None,1.00,19.0,0,0.89,0,0.120,0.000,1216509171
12.04,Utility Enemy 4,Utility,PatrolAction,None,1.00,32.8,0,0.89,0,0.120,0.000,1216509171
12.04,Utility Enemy 13,Utility,PatrolAction,None,1.00,39.9,0,0.89,0,0.120,0.000,1216509171
12.04,Utility Enemy 10,Utility,PatrolAction,None,1.00,30.6,0,0.89,0,0.120,0.000,1216509171
12.04,Utility Enemy 3,Utility,PatrolAction,None,1.00,32.0,0,0.89,0,0.120,0.000,1216509171
12.04,Utility Enemy 5,Utility,PatrolAction,None,1.00,47.9,0,0.89,0,0.120,0.000,1216509171
12.04,Utility Enemy 8,Utility,PatrolAction,None,1.00,29.0,0,0.89,0,0.120,0.000,1216509171
12.04,Utility Enemy 12,Utility,PatrolAction,None,1.00,20.4,0,0.89,0,0.120,0.000,1216509171
12.04,Utility Enemy 1,Utility,PatrolAction,None,1.00,50.8,0,0.89,0,0.120,0.000,1216509171
12.04,Utility Enemy 9,Utility,PatrolAction,None,1.00,31.9,0,0.89,0,0.120,0.000,1216509171
12.04,Utility Enemy 6,Utility,PatrolAction,None,1.00,31.1,0,0.89,0,0.120,0.000,1216509171
12.04,Utility Enemy 15,Utility,PatrolAction,None,1.00,28.4,0,0.89,0,0.120,0.000,1216509171
12.04,Utility Enemy 2,Utility,PatrolAction,None,1.00,53.6,0,0.89,0,0.120,0.000,1216509171
13.04,Player,Player,-,None,0.89,,0,0.89,,,,1216509171
13.04,FSM Enemy 10,FSM,Dead,None,0.00,16.8,1,0.89,8,,,1216509171
13.04,FSM Enemy 11,FSM,PatrolState,None,1.00,42.3,0,0.89,0,,,1216509171
13.04,FSM Enemy 7,FSM,PatrolState,None,1.00,28.8,0,0.89,0,,,1216509171
13.04,FSM Enemy 12,FSM,PatrolState,None,1.00,37.5,0,0.89,0,,,1216509171
13.04,FSM Enemy 9,FSM,Dead,None,0.00,11.4,1,0.89,0,,,1216509171
13.04,FSM Enemy 5,FSM,PatrolState,None,1.00,37.6,0,0.89,0,,,1216509171
13.04,FSM Enemy 1,FSM,PatrolState,None,1.00,57.2,0,0.89,0,,,1216509171
13.04,FSM Enemy 3,FSM,PatrolState,None,1.00,51.0,0,0.89,0,,,1216509171
13.04,FSM Enemy 14,FSM,PatrolState,None,1.00,48.2,0,0.89,0,,,1216509171
13.04,FSM Enemy 15,FSM,Dead,None,0.00,1.6,1,0.89,8,,,1216509171
13.04,FSM Enemy 4,FSM,PatrolState,None,1.00,38.9,0,0.89,0,,,1216509171
13.04,FSM Enemy 2,FSM,PatrolState,None,1.00,57.9,0,0.89,0,,,1216509171
13.04,FSM Enemy 13,FSM,PatrolState,None,1.00,37.0,0,0.89,0,,,1216509171
13.04,FSM Enemy 8,FSM,Dead,None,0.00,7.2,0,0.89,0,,,1216509171
13.04,FSM Enemy 6,FSM,PatrolState,None,1.00,39.4,0,0.89,0,,,1216509171
13.04,Utility Enemy 7,Utility,PatrolAction,None,1.00,25.5,0,0.89,0,0.120,0.000,1216509171
13.04,Utility Enemy 11,Utility,PatrolAction,None,1.00,38.6,0,0.89,0,0.120,0.000,1216509171
13.04,Utility Enemy 14,Utility,Dead,None,0.00,22.7,0,0.89,0,0.120,0.000,1216509171
13.04,Utility Enemy 4,Utility,PatrolAction,None,1.00,36.9,0,0.89,0,0.120,0.000,1216509171
13.04,Utility Enemy 13,Utility,PatrolAction,None,1.00,39.5,0,0.89,0,0.120,0.000,1216509171
13.04,Utility Enemy 10,Utility,PatrolAction,None,1.00,31.6,0,0.89,0,0.120,0.000,1216509171
13.04,Utility Enemy 3,Utility,PatrolAction,None,1.00,28.0,0,0.89,0,0.120,0.000,1216509171
13.04,Utility Enemy 5,Utility,PatrolAction,None,1.00,50.9,0,0.89,0,0.120,0.000,1216509171
13.04,Utility Enemy 8,Utility,PatrolAction,None,1.00,32.9,0,0.89,0,0.120,0.000,1216509171
13.04,Utility Enemy 12,Utility,PatrolAction,None,1.00,17.9,0,0.89,0,0.120,0.000,1216509171
13.04,Utility Enemy 1,Utility,PatrolAction,None,1.00,54.3,0,0.89,0,0.120,0.000,1216509171
13.04,Utility Enemy 9,Utility,PatrolAction,None,1.00,28.9,0,0.89,0,0.120,0.000,1216509171
13.04,Utility Enemy 6,Utility,PatrolAction,None,1.00,28.3,0,0.89,0,0.120,0.000,1216509171
13.04,Utility Enemy 15,Utility,PatrolAction,None,1.00,28.1,0,0.89,0,0.120,0.000,1216509171
13.04,Utility Enemy 2,Utility,PatrolAction,None,1.00,57.4,0,0.89,0,0.120,0.000,1216509171
14.05,Player,Player,-,PlayerDuplicate,0.89,,0,0.89,,,,1216509171
14.05,FSM Enemy 10,FSM,Dead,PlayerDuplicate,0.00,16.8,0,0.89,8,,,1216509171
14.05,FSM Enemy 11,FSM,AttackState,PlayerDuplicate,1.00,41.3,0,0.89,0,,,1216509171
14.05,FSM Enemy 7,FSM,AttackState,PlayerDuplicate,1.00,30.6,0,0.89,0,,,1216509171
14.05,FSM Enemy 12,FSM,AttackState,PlayerDuplicate,1.00,37.7,0,0.89,0,,,1216509171
14.05,FSM Enemy 9,FSM,Dead,PlayerDuplicate,0.00,11.4,1,0.89,0,,,1216509171
14.05,FSM Enemy 5,FSM,AttackState,PlayerDuplicate,1.00,38.4,0,0.89,0,,,1216509171
14.05,FSM Enemy 1,FSM,AttackState,PlayerDuplicate,1.00,59.0,0,0.89,0,,,1216509171
14.05,FSM Enemy 3,FSM,AttackState,PlayerDuplicate,1.00,50.9,0,0.89,0,,,1216509171
14.05,FSM Enemy 14,FSM,AttackState,PlayerDuplicate,1.00,50.6,0,0.89,0,,,1216509171
14.05,FSM Enemy 15,FSM,Dead,PlayerDuplicate,0.00,1.6,1,0.89,8,,,1216509171
14.05,FSM Enemy 4,FSM,AttackState,PlayerDuplicate,1.00,39.8,0,0.89,0,,,1216509171
14.05,FSM Enemy 2,FSM,AttackState,PlayerDuplicate,1.00,59.9,0,0.89,0,,,1216509171
14.05,FSM Enemy 13,FSM,AttackState,PlayerDuplicate,1.00,38.7,0,0.89,0,,,1216509171
14.05,FSM Enemy 8,FSM,Dead,PlayerDuplicate,0.00,7.2,0,0.89,0,,,1216509171
14.05,FSM Enemy 6,FSM,AttackState,PlayerDuplicate,1.00,38.7,0,0.89,0,,,1216509171
14.05,Utility Enemy 7,Utility,PatrolAction,PlayerDuplicate,1.00,22.5,0,0.89,0,0.120,0.000,1216509171
14.05,Utility Enemy 11,Utility,PatrolAction,PlayerDuplicate,1.00,39.3,0,0.89,0,0.120,0.000,1216509171
14.05,Utility Enemy 14,Utility,Dead,PlayerDuplicate,0.00,22.7,0,0.89,0,0.120,0.000,1216509171
14.05,Utility Enemy 4,Utility,PatrolAction,PlayerDuplicate,1.00,38.4,0,0.89,0,0.120,0.000,1216509171
14.05,Utility Enemy 13,Utility,PatrolAction,PlayerDuplicate,1.00,36.2,0,0.89,0,0.120,0.000,1216509171
14.05,Utility Enemy 10,Utility,PatrolAction,PlayerDuplicate,1.00,29.2,0,0.89,0,0.120,0.000,1216509171
14.05,Utility Enemy 3,Utility,PatrolAction,PlayerDuplicate,1.00,24.2,0,0.89,0,0.120,0.000,1216509171
14.05,Utility Enemy 5,Utility,PatrolAction,PlayerDuplicate,1.00,54.6,0,0.89,0,0.120,0.000,1216509171
14.05,Utility Enemy 8,Utility,PatrolAction,PlayerDuplicate,1.00,30.2,0,0.89,0,0.120,0.000,1216509171
14.05,Utility Enemy 12,Utility,PatrolAction,PlayerDuplicate,1.00,16.9,0,0.89,0,0.120,0.000,1216509171
14.05,Utility Enemy 1,Utility,PatrolAction,PlayerDuplicate,1.00,57.2,0,0.89,0,0.120,0.000,1216509171
14.05,Utility Enemy 9,Utility,PatrolAction,PlayerDuplicate,1.00,27.7,0,0.89,0,0.120,0.000,1216509171
14.05,Utility Enemy 6,Utility,PatrolAction,PlayerDuplicate,1.00,26.2,0,0.89,0,0.120,0.000,1216509171
14.05,Utility Enemy 15,Utility,PatrolAction,PlayerDuplicate,1.00,28.1,0,0.89,0,0.120,0.000,1216509171
14.05,Utility Enemy 2,Utility,PatrolAction,PlayerDuplicate,1.00,55.9,0,0.89,0,0.120,0.000,1216509171
15.05,Player,Player,-,PlayerDuplicate,0.89,,0,0.89,,,,1216509171
15.05,FSM Enemy 10,FSM,Dead,PlayerDuplicate,0.00,16.8,0,0.89,8,,,1216509171
15.05,FSM Enemy 11,FSM,AttackState,PlayerDuplicate,1.00,41.1,0,0.89,0,,,1216509171
15.05,FSM Enemy 7,FSM,AttackState,PlayerDuplicate,1.00,30.7,0,0.89,0,,,1216509171
15.05,FSM Enemy 12,FSM,AttackState,PlayerDuplicate,1.00,37.6,0,0.89,0,,,1216509171
15.05,FSM Enemy 9,FSM,Dead,PlayerDuplicate,0.00,11.4,1,0.89,0,,,1216509171
15.05,FSM Enemy 5,FSM,AttackState,PlayerDuplicate,1.00,38.4,0,0.89,0,,,1216509171
15.05,FSM Enemy 1,FSM,AttackState,PlayerDuplicate,1.00,59.1,0,0.89,0,,,1216509171
15.05,FSM Enemy 3,FSM,AttackState,PlayerDuplicate,1.00,50.9,0,0.89,0,,,1216509171
15.05,FSM Enemy 14,FSM,AttackState,PlayerDuplicate,1.00,50.8,0,0.89,0,,,1216509171
15.05,FSM Enemy 15,FSM,Dead,PlayerDuplicate,0.00,1.6,1,0.89,8,,,1216509171
15.05,FSM Enemy 4,FSM,AttackState,PlayerDuplicate,1.00,39.9,0,0.89,0,,,1216509171
15.05,FSM Enemy 2,FSM,AttackState,PlayerDuplicate,1.00,60.0,0,0.89,0,,,1216509171
15.05,FSM Enemy 13,FSM,AttackState,PlayerDuplicate,1.00,38.8,0,0.89,0,,,1216509171
15.05,FSM Enemy 8,FSM,Dead,PlayerDuplicate,0.00,7.2,0,0.89,0,,,1216509171
15.05,FSM Enemy 6,FSM,AttackState,PlayerDuplicate,1.00,38.6,0,0.89,0,,,1216509171
15.05,Utility Enemy 7,Utility,PatrolAction,PlayerDuplicate,1.00,19.0,0,0.89,0,0.120,0.000,1216509171
15.05,Utility Enemy 11,Utility,PatrolAction,PlayerDuplicate,1.00,39.8,0,0.89,0,0.120,0.000,1216509171
15.05,Utility Enemy 14,Utility,Dead,PlayerDuplicate,0.00,22.7,0,0.89,0,0.120,0.000,1216509171
15.05,Utility Enemy 4,Utility,PatrolAction,PlayerDuplicate,1.00,35.2,0,0.89,0,0.120,0.000,1216509171
15.05,Utility Enemy 13,Utility,PatrolAction,PlayerDuplicate,1.00,33.1,0,0.89,0,0.120,0.000,1216509171
15.05,Utility Enemy 10,Utility,PatrolAction,PlayerDuplicate,1.00,26.3,0,0.89,0,0.120,0.000,1216509171
15.05,Utility Enemy 3,Utility,PatrolAction,PlayerDuplicate,0.25,26.2,0,0.89,0,0.120,0.000,1216509171
15.05,Utility Enemy 5,Utility,PatrolAction,PlayerDuplicate,1.00,57.7,0,0.89,0,0.120,0.000,1216509171
15.05,Utility Enemy 8,Utility,PatrolAction,PlayerDuplicate,1.00,26.4,0,0.89,0,0.120,0.000,1216509171
15.05,Utility Enemy 12,Utility,PatrolAction,PlayerDuplicate,1.00,16.7,0,0.89,0,0.120,0.000,1216509171
15.05,Utility Enemy 1,Utility,PatrolAction,PlayerDuplicate,1.00,58.7,0,0.89,0,0.120,0.000,1216509171
15.05,Utility Enemy 9,Utility,PatrolAction,PlayerDuplicate,1.00,29.0,0,0.89,0,0.120,0.000,1216509171
15.05,Utility Enemy 6,Utility,PatrolAction,PlayerDuplicate,1.00,29.7,0,0.89,0,0.120,0.000,1216509171
15.05,Utility Enemy 15,Utility,PatrolAction,PlayerDuplicate,1.00,28.6,0,0.89,0,0.120,0.000,1216509171
15.05,Utility Enemy 2,Utility,PatrolAction,PlayerDuplicate,1.00,54.5,0,0.89,0,0.120,0.000,1216509171
16.05,Player,Player,-,PlayerDuplicate,0.89,,0,0.89,,,,1216509171
16.05,FSM Enemy 10,FSM,Dead,PlayerDuplicate,0.00,16.8,0,0.89,8,,,1216509171
16.05,FSM Enemy 11,FSM,AttackState,PlayerDuplicate,1.00,41.1,0,0.89,0,,,1216509171
16.05,FSM Enemy 7,FSM,AttackState,PlayerDuplicate,1.00,30.7,0,0.89,0,,,1216509171
16.05,FSM Enemy 12,FSM,AttackState,PlayerDuplicate,1.00,37.6,0,0.89,0,,,1216509171
16.05,FSM Enemy 9,FSM,Dead,PlayerDuplicate,0.00,11.4,1,0.89,0,,,1216509171
16.05,FSM Enemy 5,FSM,AttackState,PlayerDuplicate,1.00,38.4,0,0.89,0,,,1216509171
16.05,FSM Enemy 1,FSM,AttackState,PlayerDuplicate,1.00,59.1,0,0.89,0,,,1216509171
16.05,FSM Enemy 3,FSM,AttackState,PlayerDuplicate,1.00,50.9,0,0.89,0,,,1216509171
16.05,FSM Enemy 14,FSM,AttackState,PlayerDuplicate,1.00,50.8,0,0.89,0,,,1216509171
16.05,FSM Enemy 15,FSM,Dead,PlayerDuplicate,0.00,1.6,1,0.89,8,,,1216509171
16.05,FSM Enemy 4,FSM,AttackState,PlayerDuplicate,1.00,39.9,0,0.89,0,,,1216509171
16.05,FSM Enemy 2,FSM,AttackState,PlayerDuplicate,1.00,60.0,0,0.89,0,,,1216509171
16.05,FSM Enemy 13,FSM,AttackState,PlayerDuplicate,1.00,38.8,0,0.89,0,,,1216509171
16.05,FSM Enemy 8,FSM,Dead,PlayerDuplicate,0.00,7.2,0,0.89,0,,,1216509171
16.05,FSM Enemy 6,FSM,AttackState,PlayerDuplicate,1.00,38.6,0,0.89,0,,,1216509171
16.05,Utility Enemy 7,Utility,PatrolAction,PlayerDuplicate,1.00,22.8,0,0.89,0,0.120,0.000,1216509171
16.05,Utility Enemy 11,Utility,PatrolAction,PlayerDuplicate,1.00,38.7,0,0.89,0,0.120,0.000,1216509171
16.05,Utility Enemy 14,Utility,Dead,PlayerDuplicate,0.00,22.7,0,0.89,0,0.120,0.000,1216509171
16.05,Utility Enemy 4,Utility,PatrolAction,PlayerDuplicate,1.00,32.4,0,0.89,0,0.120,0.000,1216509171
16.05,Utility Enemy 13,Utility,PatrolAction,PlayerDuplicate,1.00,33.5,0,0.89,0,0.120,0.000,1216509171
16.05,Utility Enemy 10,Utility,PatrolAction,PlayerDuplicate,1.00,22.3,0,0.89,0,0.120,0.000,1216509171
16.05,Utility Enemy 3,Utility,PatrolAction,PlayerDuplicate,0.25,30.4,0,0.89,0,0.120,0.000,1216509171
16.05,Utility Enemy 5,Utility,PatrolAction,PlayerDuplicate,1.00,61.4,0,0.89,0,0.120,0.000,1216509171
16.05,Utility Enemy 8,Utility,PatrolAction,PlayerDuplicate,1.00,23.1,0,0.89,0,0.120,0.000,1216509171
16.05,Utility Enemy 12,Utility,PatrolAction,PlayerDuplicate,1.00,13.1,0,0.89,0,0.120,0.000,1216509171
16.05,Utility Enemy 1,Utility,PatrolAction,PlayerDuplicate,1.00,61.6,0,0.89,0,0.120,0.000,1216509171
16.05,Utility Enemy 9,Utility,PatrolAction,PlayerDuplicate,1.00,27.6,0,0.89,0,0.120,0.000,1216509171
16.05,Utility Enemy 6,Utility,PatrolAction,PlayerDuplicate,1.00,31.3,0,0.89,0,0.120,0.000,1216509171
16.05,Utility Enemy 15,Utility,PatrolAction,PlayerDuplicate,1.00,30.8,0,0.89,0,0.120,0.000,1216509171
16.05,Utility Enemy 2,Utility,PatrolAction,PlayerDuplicate,1.00,52.1,0,0.89,0,0.120,0.000,1216509171
17.05,Player,Player,-,PlayerDuplicate,0.89,,0,0.89,,,,1216509171
17.05,FSM Enemy 10,FSM,Dead,PlayerDuplicate,0.00,16.8,0,0.89,8,,,1216509171
17.05,FSM Enemy 11,FSM,AttackState,PlayerDuplicate,1.00,41.1,0,0.89,0,,,1216509171
17.05,FSM Enemy 7,FSM,AttackState,PlayerDuplicate,1.00,30.7,0,0.89,0,,,1216509171
17.05,FSM Enemy 12,FSM,AttackState,PlayerDuplicate,1.00,37.6,0,0.89,0,,,1216509171
17.05,FSM Enemy 9,FSM,Dead,PlayerDuplicate,0.00,11.4,1,0.89,0,,,1216509171
17.05,FSM Enemy 5,FSM,AttackState,PlayerDuplicate,1.00,38.4,0,0.89,0,,,1216509171
17.05,FSM Enemy 1,FSM,AttackState,PlayerDuplicate,1.00,59.1,0,0.89,0,,,1216509171
17.05,FSM Enemy 3,FSM,AttackState,PlayerDuplicate,1.00,50.9,0,0.89,0,,,1216509171
17.05,FSM Enemy 14,FSM,AttackState,PlayerDuplicate,1.00,50.8,0,0.89,0,,,1216509171
17.05,FSM Enemy 15,FSM,Dead,PlayerDuplicate,0.00,1.6,1,0.89,8,,,1216509171
17.05,FSM Enemy 4,FSM,AttackState,PlayerDuplicate,1.00,39.9,0,0.89,0,,,1216509171
17.05,FSM Enemy 2,FSM,AttackState,PlayerDuplicate,1.00,60.0,0,0.89,0,,,1216509171
17.05,FSM Enemy 13,FSM,AttackState,PlayerDuplicate,1.00,38.8,0,0.89,0,,,1216509171
17.05,FSM Enemy 8,FSM,Dead,PlayerDuplicate,0.00,7.2,0,0.89,0,,,1216509171
17.05,FSM Enemy 6,FSM,AttackState,PlayerDuplicate,1.00,38.6,0,0.89,0,,,1216509171
17.05,Utility Enemy 7,Utility,PatrolAction,PlayerDuplicate,0.90,27.1,0,0.89,0,0.120,0.000,1216509171
17.05,Utility Enemy 11,Utility,PatrolAction,PlayerDuplicate,1.00,38.4,0,0.89,0,0.120,0.000,1216509171
17.05,Utility Enemy 14,Utility,Dead,PlayerDuplicate,0.00,22.7,0,0.89,0,0.120,0.000,1216509171
17.05,Utility Enemy 4,Utility,PatrolAction,PlayerDuplicate,1.00,33.0,0,0.89,0,0.120,0.000,1216509171
17.05,Utility Enemy 13,Utility,PatrolAction,PlayerDuplicate,1.00,37.9,0,0.89,0,0.120,0.000,1216509171
17.05,Utility Enemy 10,Utility,PatrolAction,PlayerDuplicate,1.00,17.8,0,0.89,0,0.120,0.000,1216509171
17.05,Utility Enemy 3,Utility,PatrolAction,PlayerDuplicate,0.25,34.3,0,0.89,0,0.120,0.000,1216509171
17.05,Utility Enemy 5,Utility,PatrolAction,PlayerDuplicate,1.00,65.0,0,0.89,0,0.120,0.000,1216509171
17.05,Utility Enemy 8,Utility,PatrolAction,PlayerDuplicate,1.00,23.5,0,0.89,0,0.120,0.000,1216509171
17.05,Utility Enemy 12,Utility,PatrolAction,PlayerDuplicate,1.00,11.8,0,0.89,0,0.120,0.000,1216509171
17.05,Utility Enemy 1,Utility,PatrolAction,PlayerDuplicate,1.00,63.9,0,0.89,0,0.120,0.000,1216509171
17.05,Utility Enemy 9,Utility,PatrolAction,PlayerDuplicate,1.00,24.4,0,0.89,0,0.120,0.000,1216509171
17.05,Utility Enemy 6,Utility,PatrolAction,PlayerDuplicate,1.00,29.2,0,0.89,0,0.120,0.000,1216509171
17.05,Utility Enemy 15,Utility,PatrolAction,PlayerDuplicate,1.00,32.2,0,0.89,0,0.120,0.000,1216509171
17.05,Utility Enemy 2,Utility,PatrolAction,PlayerDuplicate,1.00,49.5,0,0.89,0,0.120,0.000,1216509171
18.06,Player,Player,-,PlayerDuplicate,0.89,,0,0.89,,,,1216509171
18.06,FSM Enemy 10,FSM,Dead,PlayerDuplicate,0.00,16.8,0,0.89,8,,,1216509171
18.06,FSM Enemy 11,FSM,AttackState,PlayerDuplicate,1.00,41.1,0,0.89,0,,,1216509171
18.06,FSM Enemy 7,FSM,AttackState,PlayerDuplicate,1.00,30.7,0,0.89,0,,,1216509171
18.06,FSM Enemy 12,FSM,AttackState,PlayerDuplicate,1.00,37.6,0,0.89,0,,,1216509171
18.06,FSM Enemy 9,FSM,Dead,PlayerDuplicate,0.00,11.4,1,0.89,0,,,1216509171
18.06,FSM Enemy 5,FSM,AttackState,PlayerDuplicate,1.00,38.4,0,0.89,0,,,1216509171
18.06,FSM Enemy 1,FSM,AttackState,PlayerDuplicate,1.00,59.1,0,0.89,0,,,1216509171
18.06,FSM Enemy 3,FSM,AttackState,PlayerDuplicate,1.00,50.9,0,0.89,0,,,1216509171
18.06,FSM Enemy 14,FSM,AttackState,PlayerDuplicate,1.00,50.8,0,0.89,0,,,1216509171
18.06,FSM Enemy 15,FSM,Dead,PlayerDuplicate,0.00,1.6,1,0.89,8,,,1216509171
18.06,FSM Enemy 4,FSM,AttackState,PlayerDuplicate,1.00,39.9,0,0.89,0,,,1216509171
18.06,FSM Enemy 2,FSM,AttackState,PlayerDuplicate,1.00,60.0,0,0.89,0,,,1216509171
18.06,FSM Enemy 13,FSM,AttackState,PlayerDuplicate,1.00,38.8,0,0.89,0,,,1216509171
18.06,FSM Enemy 8,FSM,Dead,PlayerDuplicate,0.00,7.2,0,0.89,0,,,1216509171
18.06,FSM Enemy 6,FSM,AttackState,PlayerDuplicate,1.00,38.6,0,0.89,0,,,1216509171
18.06,Utility Enemy 7,Utility,PatrolAction,PlayerDuplicate,0.70,29.1,0,0.89,0,0.120,0.000,1216509171
18.06,Utility Enemy 11,Utility,PatrolAction,PlayerDuplicate,1.00,39.6,0,0.89,0,0.120,0.000,1216509171
18.06,Utility Enemy 14,Utility,Dead,PlayerDuplicate,0.00,22.7,0,0.89,0,0.120,0.000,1216509171
18.06,Utility Enemy 4,Utility,PatrolAction,PlayerDuplicate,1.00,35.5,0,0.89,0,0.120,0.000,1216509171
18.06,Utility Enemy 13,Utility,PatrolAction,PlayerDuplicate,1.00,40.8,0,0.89,0,0.120,0.000,1216509171
18.06,Utility Enemy 10,Utility,PatrolAction,PlayerDuplicate,1.00,14.1,0,0.89,0,0.120,0.000,1216509171
18.06,Utility Enemy 3,Utility,PatrolAction,PlayerDuplicate,0.25,36.5,0,0.89,0,0.120,0.000,1216509171
18.06,Utility Enemy 5,Utility,PatrolAction,PlayerDuplicate,1.00,62.1,0,0.89,0,0.120,0.000,1216509171
18.06,Utility Enemy 8,Utility,PatrolAction,PlayerDuplicate,1.00,26.1,0,0.89,0,0.120,0.000,1216509171
18.06,Utility Enemy 12,Utility,PatrolAction,PlayerDuplicate,1.00,14.2,0,0.89,0,0.120,0.000,1216509171
18.06,Utility Enemy 1,Utility,PatrolAction,PlayerDuplicate,1.00,67.3,0,0.89,0,0.120,0.000,1216509171
18.06,Utility Enemy 9,Utility,PatrolAction,PlayerDuplicate,1.00,20.0,0,0.89,0,0.120,0.000,1216509171
18.06,Utility Enemy 6,Utility,PatrolAction,PlayerDuplicate,1.00,27.3,0,0.89,0,0.120,0.000,1216509171
18.06,Utility Enemy 15,Utility,PatrolAction,PlayerDuplicate,1.00,28.4,0,0.89,0,0.120,0.000,1216509171
18.06,Utility Enemy 2,Utility,PatrolAction,PlayerDuplicate,1.00,48.3,0,0.89,0,0.120,0.000,1216509171
19.06,Player,Player,-,None,0.89,,0,0.89,,,,1216509171
19.06,FSM Enemy 10,FSM,Dead,None,0.00,15.1,1,0.89,8,,,1216509171
19.06,FSM Enemy 11,FSM,PatrolState,None,1.00,42.6,0,0.89,0,,,1216509171
19.06,FSM Enemy 7,FSM,PatrolState,None,1.00,32.4,0,0.89,0,,,1216509171
19.06,FSM Enemy 12,FSM,PatrolState,None,1.00,37.5,0,0.89,0,,,1216509171
19.06,FSM Enemy 9,FSM,Dead,None,0.00,10.4,1,0.89,0,,,1216509171
19.06,FSM Enemy 5,FSM,PatrolState,None,1.00,38.6,0,0.89,0,,,1216509171
19.06,FSM Enemy 1,FSM,PatrolState,None,1.00,58.7,0,0.89,0,,,1216509171
19.06,FSM Enemy 3,FSM,PatrolState,None,1.00,49.5,0,0.89,0,,,1216509171
19.06,FSM Enemy 14,FSM,PatrolState,None,1.00,49.3,0,0.89,0,,,1216509171
19.06,FSM Enemy 15,FSM,Dead,None,0.00,0.1,1,0.89,8,,,1216509171
19.06,FSM Enemy 4,FSM,PatrolState,None,1.00,38.7,0,0.89,0,,,1216509171
19.06,FSM Enemy 2,FSM,PatrolState,None,1.00,58.5,0,0.89,0,,,1216509171
19.06,FSM Enemy 13,FSM,PatrolState,None,1.00,39.9,0,0.89,0,,,1216509171
19.06,FSM Enemy 8,FSM,Dead,None,0.00,6.4,1,0.89,0,,,1216509171
19.06,FSM Enemy 6,FSM,PatrolState,None,1.00,38.5,0,0.89,0,,,1216509171
19.06,Utility Enemy 7,Utility,PatrolAction,None,0.70,31.8,0,0.89,0,0.120,0.000,1216509171
19.06,Utility Enemy 11,Utility,PatrolAction,None,1.00,43.0,0,0.89,0,0.120,0.000,1216509171
19.06,Utility Enemy 14,Utility,Dead,None,0.00,21.2,0,0.89,0,0.120,0.000,1216509171
19.06,Utility Enemy 4,Utility,PatrolAction,None,1.00,38.8,0,0.89,0,0.120,0.000,1216509171
19.06,Utility Enemy 13,Utility,PatrolAction,None,1.00,44.0,0,0.89,0,0.120,0.000,1216509171
19.06,Utility Enemy 10,Utility,SpreadFireAction,None,1.00,13.8,1,0.89,0,0.767,0.125,1216509171
19.06,Utility Enemy 3,Utility,PatrolAction,None,0.25,37.3,0,0.89,0,0.120,0.000,1216509171
19.06,Utility Enemy 5,Utility,PatrolAction,None,1.00,57.9,0,0.89,0,0.120,0.000,1216509171
19.06,Utility Enemy 8,Utility,PatrolAction,None,1.00,28.4,0,0.89,0,0.120,0.000,1216509171
19.06,Utility Enemy 12,Utility,PatrolAction,None,1.00,19.2,0,0.89,0,0.120,0.000,1216509171
19.06,Utility Enemy 1,Utility,PatrolAction,None,1.00,64.4,0,0.89,0,0.120,0.000,1216509171
19.06,Utility Enemy 9,Utility,PatrolAction,None,1.00,15.0,0,0.89,0,0.120,0.000,1216509171
19.06,Utility Enemy 6,Utility,PatrolAction,None,1.00,27.3,0,0.89,0,0.120,0.000,1216509171
19.06,Utility Enemy 15,Utility,PatrolAction,None,1.00,29.3,0,0.89,0,0.120,0.000,1216509171
19.06,Utility Enemy 2,Utility,PatrolAction,None,1.00,44.1,0,0.89,0,0.120,0.000,1216509171
20.06,Player,Player,-,None,0.89,,0,0.89,,,,1216509171
20.06,FSM Enemy 10,FSM,Dead,None,0.00,14.6,1,0.89,8,,,1216509171
20.06,FSM Enemy 11,FSM,PatrolState,None,1.00,42.3,0,0.89,0,,,1216509171
20.06,FSM Enemy 7,FSM,PatrolState,None,1.00,35.4,0,0.89,0,,,1216509171
20.06,FSM Enemy 12,FSM,PatrolState,None,1.00,39.6,0,0.89,0,,,1216509171
20.06,FSM Enemy 9,FSM,Dead,None,0.00,10.1,1,0.89,0,,,1216509171
20.06,FSM Enemy 5,FSM,PatrolState,None,1.00,40.5,0,0.89,0,,,1216509171
20.06,FSM Enemy 1,FSM,PatrolState,None,1.00,60.8,0,0.89,0,,,1216509171
20.06,FSM Enemy 3,FSM,PatrolState,None,1.00,48.4,0,0.89,0,,,1216509171
20.06,FSM Enemy 14,FSM,PatrolState,None,1.00,50.7,0,0.89,0,,,1216509171
20.06,FSM Enemy 15,FSM,Dead,None,0.00,0.6,0,0.89,8,,,1216509171
20.06,FSM Enemy 4,FSM,PatrolState,None,1.00,36.9,0,0.89,0,,,1216509171
20.06,FSM Enemy 2,FSM,PatrolState,None,1.00,59.3,0,0.89,0,,,1216509171
20.06,FSM Enemy 13,FSM,PatrolState,None,1.00,42.3,0,0.89,0,,,1216509171
20.06,FSM Enemy 8,FSM,Dead,None,0.00,6.4,1,0.89,0,,,1216509171
20.06,FSM Enemy 6,FSM,PatrolState,None,1.00,38.3,0,0.89,0,,,1216509171
20.06,Utility Enemy 7,Utility,PatrolAction,None,0.70,36.0,0,0.89,0,0.120,0.000,1216509171
20.06,Utility Enemy 11,Utility,PatrolAction,None,1.00,47.9,0,0.89,0,0.120,0.000,1216509171
20.06,Utility Enemy 14,Utility,Dead,None,0.00,20.6,0,0.89,0,0.120,0.000,1216509171
20.06,Utility Enemy 4,Utility,PatrolAction,None,1.00,43.2,0,0.89,0,0.120,0.000,1216509171
20.06,Utility Enemy 13,Utility,PatrolAction,None,1.00,44.7,0,0.89,0,0.120,0.000,1216509171
20.06,Utility Enemy 10,Utility,AttackAction,None,1.00,13.6,1,0.89,0,0.246,0.163,1216509171
20.06,Utility Enemy 3,Utility,PatrolAction,None,0.25,38.3,0,0.89,0,0.120,0.000,1216509171
20.06,Utility Enemy 5,Utility,PatrolAction,None,1.00,55.4,0,0.89,0,0.120,0.000,1216509171
20.06,Utility Enemy 8,Utility,PatrolAction,None,1.00,28.9,0,0.89,0,0.120,0.000,1216509171
20.06,Utility Enemy 12,Utility,PatrolAction,None,1.00,22.6,0,0.89,0,0.120,0.000,1216509171
20.06,Utility Enemy 1,Utility,PatrolAction,None,1.00,63.1,0,0.89,0,0.120,0.000,1216509171
20.06,Utility Enemy 9,Utility,PatrolAction,None,1.00,17.4,0,0.89,0,0.120,0.000,1216509171
20.06,Utility Enemy 6,Utility,PatrolAction,None,1.00,30.7,0,0.89,0,0.120,0.000,1216509171
20.06,Utility Enemy 15,Utility,PatrolAction,None,1.00,32.6,0,0.89,0,0.120,0.000,1216509171
20.06,Utility Enemy 2,Utility,PatrolAction,None,1.00,43.4,0,0.89,0,0.120,0.000,1216509171
21.06,Player,Player,-,None,0.89,,0,0.89,,,,1216509171
21.06,FSM Enemy 10,FSM,Dead,None,0.00,16.1,1,0.89,8,,,1216509171
21.06,FSM Enemy 11,FSM,PatrolState,None,1.00,40.2,0,0.89,0,,,1216509171
21.06,FSM Enemy 7,FSM,PatrolState,None,1.00,36.2,0,0.89,0,,,1216509171
21.06,FSM Enemy 12,FSM,PatrolState,None,1.00,42.8,0,0.89,0,,,1216509171
21.06,FSM Enemy 9,FSM,Dead,None,0.00,10.6,1,0.89,0,,,1216509171
21.06,FSM Enemy 5,FSM,PatrolState,None,1.00,41.6,0,0.89,0,,,1216509171
21.06,FSM Enemy 1,FSM,PatrolState,None,1.00,63.0,0,0.89,0,,,1216509171
21.06,FSM Enemy 3,FSM,PatrolState,None,1.00,48.5,0,0.89,0,,,1216509171
21.06,FSM Enemy 14,FSM,PatrolState,None,1.00,54.5,0,0.89,0,,,1216509171
21.06,FSM Enemy 15,FSM,Dead,None,0.00,1.2,1,0.89,8,,,1216509171
21.06,FSM Enemy 4,FSM,PatrolState,None,1.00,37.2,0,0.89,0,,,1216509171
21.06,FSM Enemy 2,FSM,PatrolState,None,1.00,62.2,0,0.89,0,,,1216509171
21.06,FSM Enemy 13,FSM,PatrolState,None,1.00,42.8,0,0.89,0,,,1216509171
21.06,FSM Enemy 8,FSM,Dead,None,0.00,6.4,0,0.89,0,,,1216509171
21.06,FSM Enemy 6,FSM,PatrolState,None,1.00,38.8,0,0.89,0,,,1216509171
21.06,Utility Enemy 7,Utility,PatrolAction,None,0.70,37.4,0,0.89,0,0.120,0.000,1216509171
21.06,Utility Enemy 11,Utility,PatrolAction,None,1.00,50.5,0,0.89,0,0.120,0.000,1216509171
21.06,Utility Enemy 14,Utility,Dead,None,0.00,22.0,0,0.89,0,0.120,0.000,1216509171
21.06,Utility Enemy 4,Utility,PatrolAction,None,1.00,43.7,0,0.89,0,0.120,0.000,1216509171
21.06,Utility Enemy 13,Utility,PatrolAction,None,1.00,43.6,0,0.89,0,0.120,0.000,1216509171
21.06,Utility Enemy 10,Utility,AttackAction,None,1.00,14.6,1,0.89,0,0.183,0.176,1216509171
21.06,Utility Enemy 3,Utility,PatrolAction,None,0.25,41.5,0,0.89,0,0.120,0.000,1216509171
21.06,Utility Enemy 5,Utility,PatrolAction,None,1.00,58.2,0,0.89,0,0.120,0.000,1216509171
21.06,Utility Enemy 8,Utility,PatrolAction,None,1.00,31.4,0,0.89,0,0.120,0.000,1216509171
21.06,Utility Enemy 12,Utility,PatrolAction,None,1.00,24.2,0,0.89,0,0.120,0.000,1216509171
21.06,Utility Enemy 1,Utility,PatrolAction,None,1.00,65.7,0,0.89,0,0.120,0.000,1216509171
21.06,Utility Enemy 9,Utility,PatrolAction,None,1.00,19.3,0,0.89,0,0.120,0.000,1216509171
21.06,Utility Enemy 6,Utility,PatrolAction,None,1.00,31.4,0,0.89,0,0.120,0.000,1216509171
21.06,Utility Enemy 15,Utility,PatrolAction,None,1.00,33.3,0,0.89,0,0.120,0.000,1216509171
21.06,Utility Enemy 2,Utility,PatrolAction,None,1.00,47.9,0,0.89,0,0.120,0.000,1216509171
22.07,Player,Player,-,None,0.89,,0,0.89,,,,1216509171
22.07,FSM Enemy 10,FSM,Dead,None,0.00,17.4,1,0.89,8,,,1216509171
22.07,FSM Enemy 11,FSM,PatrolState,None,1.00,39.0,0,0.89,0,,,1216509171
22.07,FSM Enemy 7,FSM,PatrolState,None,1.00,37.6,0,0.89,0,,,1216509171
22.07,FSM Enemy 12,FSM,PatrolState,None,1.00,44.3,0,0.89,0,,,1216509171
22.07,FSM Enemy 9,FSM,Dead,None,0.00,12.2,0,0.89,0,,,1216509171
22.07,FSM Enemy 5,FSM,PatrolState,None,1.00,44.3,0,0.89,0,,,1216509171
22.07,FSM Enemy 1,FSM,PatrolState,None,1.00,66.7,0,0.89,0,,,1216509171
22.07,FSM Enemy 3,FSM,PatrolState,None,1.00,49.5,0,0.89,0,,,1216509171
22.07,FSM Enemy 14,FSM,PatrolState,None,1.00,57.7,0,0.89,0,,,1216509171
22.07,FSM Enemy 15,FSM,Dead,None,0.00,2.3,1,0.89,8,,,1216509171
22.07,FSM Enemy 4,FSM,PatrolState,None,1.00,36.0,0,0.89,0,,,1216509171
22.07,FSM Enemy 2,FSM,PatrolState,None,1.00,65.2,0,0.89,0,,,1216509171
22.07,FSM Enemy 13,FSM,PatrolState,None,1.00,44.6,0,0.89,0,,,1216509171
22.07,FSM Enemy 8,FSM,ChaseState,None,1.00,40.8,0,0.89,0,,,1216509171
22.07,FSM Enemy 6,FSM,PatrolState,None,1.00,37.6,0,0.89,0,,,1216509171
22.07,Utility Enemy 7,Utility,PatrolAction,None,0.70,32.4,0,0.89,0,0.120,0.000,1216509171
22.07,Utility Enemy 11,Utility,PatrolAction,None,1.00,48.5,0,0.89,0,0.120,0.000,1216509171
22.07,Utility Enemy 14,Utility,Dead,None,0.00,23.4,0,0.89,0,0.120,0.000,1216509171
22.07,Utility Enemy 4,Utility,PatrolAction,None,1.00,41.1,0,0.89,0,0.120,0.000,1216509171
22.07,Utility Enemy 13,Utility,PatrolAction,None,1.00,41.9,0,0.89,0,0.120,0.000,1216509171
22.07,Utility Enemy 10,Utility,ChaseAction,None,1.00,12.2,0,0.89,0,0.490,0.400,1216509171
22.07,Utility Enemy 3,Utility,PatrolAction,None,0.25,40.4,0,0.89,0,0.120,0.000,1216509171
22.07,Utility Enemy 5,Utility,PatrolAction,None,1.00,62.2,0,0.89,0,0.120,0.000,1216509171
22.07,Utility Enemy 8,Utility,PatrolAction,None,1.00,36.7,0,0.89,0,0.120,0.000,1216509171
22.07,Utility Enemy 12,Utility,PatrolAction,None,1.00,25.7,0,0.89,0,0.120,0.000,1216509171
22.07,Utility Enemy 1,Utility,PatrolAction,None,1.00,70.6,0,0.89,0,0.120,0.000,1216509171
22.07,Utility Enemy 9,Utility,PatrolAction,None,1.00,15.8,0,0.89,0,0.120,0.000,1216509171
22.07,Utility Enemy 6,Utility,PatrolAction,None,1.00,32.4,0,0.89,0,0.120,0.000,1216509171
22.07,Utility Enemy 15,Utility,PatrolAction,None,1.00,35.0,0,0.89,0,0.120,0.000,1216509171
22.07,Utility Enemy 2,Utility,PatrolAction,None,1.00,53.8,0,0.89,0,0.120,0.000,1216509171
23.07,Player,Player,-,None,0.84,,0,0.84,,,,1216509171
23.07,FSM Enemy 10,FSM,Dead,None,0.00,15.1,1,0.84,8,,,1216509171
23.07,FSM Enemy 11,FSM,PatrolState,None,1.00,43.2,0,0.84,0,,,1216509171
23.07,FSM Enemy 7,FSM,PatrolState,None,1.00,42.1,0,0.84,0,,,1216509171
23.07,FSM Enemy 12,FSM,PatrolState,None,1.00,48.2,0,0.84,0,,,1216509171
23.07,FSM Enemy 9,FSM,ChaseState,None,1.00,47.2,0,0.84,0,,,1216509171
23.07,FSM Enemy 5,FSM,PatrolState,None,1.00,45.3,0,0.84,0,,,1216509171
23.07,FSM Enemy 1,FSM,PatrolState,None,1.00,66.9,0,0.84,0,,,1216509171
23.07,FSM Enemy 3,FSM,PatrolState,None,1.00,46.4,0,0.84,0,,,1216509171
23.07,FSM Enemy 14,FSM,PatrolState,None,1.00,58.0,0,0.84,0,,,1216509171
23.07,FSM Enemy 15,FSM,Dead,None,0.00,1.1,0,0.84,8,,,1216509171
23.07,FSM Enemy 4,FSM,PatrolState,None,1.00,35.0,0,0.84,0,,,1216509171
23.07,FSM Enemy 2,FSM,PatrolState,None,1.00,64.5,0,0.84,0,,,1216509171
23.07,FSM Enemy 13,FSM,PatrolState,None,1.00,45.6,0,0.84,0,,,1216509171
23.07,FSM Enemy 8,FSM,ChaseState,None,1.00,34.4,0,0.84,0,,,1216509171
23.07,FSM Enemy 6,FSM,PatrolState,None,1.00,39.4,0,0.84,0,,,1216509171
23.07,Utility Enemy 7,Utility,PatrolAction,None,0.70,29.6,0,0.84,0,0.120,0.000,1216509171
23.07,Utility Enemy 11,Utility,PatrolAction,None,1.00,47.2,0,0.84,0,0.120,0.000,1216509171
23.07,Utility Enemy 14,Utility,Dead,None,0.00,20.9,0,0.84,0,0.120,0.000,1216509171
23.07,Utility Enemy 4,Utility,PatrolAction,None,1.00,39.3,0,0.84,0,0.120,0.000,1216509171
23.07,Utility Enemy 13,Utility,PatrolAction,None,1.00,41.8,0,0.84,0,0.120,0.000,1216509171
23.07,Utility Enemy 10,Utility,AttackAction,None,1.00,10.2,1,0.84,8,0.432,0.125,1216509171
23.07,Utility Enemy 3,Utility,PatrolAction,None,0.25,36.4,0,0.84,0,0.120,0.000,1216509171
23.07,Utility Enemy 5,Utility,PatrolAction,None,1.00,60.0,0,0.84,0,0.120,0.000,1216509171
23.07,Utility Enemy 8,Utility,PatrolAction,None,1.00,34.4,0,0.84,0,0.120,0.000,1216509171
23.07,Utility Enemy 12,Utility,PatrolAction,None,1.00,30.7,0,0.84,0,0.120,0.000,1216509171
23.07,Utility Enemy 1,Utility,PatrolAction,None,1.00,66.3,0,0.84,0,0.120,0.000,1216509171
23.07,Utility Enemy 9,Utility,PatrolAction,None,1.00,12.4,0,0.84,0,0.120,0.000,1216509171
23.07,Utility Enemy 6,Utility,PatrolAction,None,1.00,29.2,0,0.84,0,0.120,0.000,1216509171
23.07,Utility Enemy 15,Utility,PatrolAction,None,1.00,31.6,0,0.84,0,0.120,0.000,1216509171
23.07,Utility Enemy 2,Utility,PatrolAction,None,1.00,51.5,0,0.84,0,0.120,0.000,1216509171
24.07,Player,Player,-,None,0.79,,0,0.79,,,,1216509171
24.07,FSM Enemy 10,FSM,Dead,None,0.00,14.4,1,0.79,8,,,1216509171
24.07,FSM Enemy 11,FSM,PatrolState,None,1.00,46.3,0,0.79,0,,,1216509171
24.07,FSM Enemy 7,FSM,PatrolState,None,1.00,45.1,0,0.79,0,,,1216509171
24.07,FSM Enemy 12,FSM,PatrolState,None,1.00,50.8,0,0.79,0,,,1216509171
24.07,FSM Enemy 9,FSM,ChaseState,None,1.00,42.7,0,0.79,0,,,1216509171
24.07,FSM Enemy 5,FSM,PatrolState,None,1.00,46.6,0,0.79,0,,,1216509171
24.07,FSM Enemy 1,FSM,PatrolState,None,1.00,69.1,0,0.79,0,,,1216509171
24.07,FSM Enemy 3,FSM,PatrolState,None,1.00,45.8,0,0.79,0,,,1216509171
24.07,FSM Enemy 14,FSM,PatrolState,None,1.00,58.7,0,0.79,0,,,1216509171
24.07,FSM Enemy 15,FSM,Dead,None,0.00,1.4,0,0.79,8,,,1216509171
24.07,FSM Enemy 4,FSM,PatrolState,None,1.00,34.0,0,0.79,0,,,1216509171
24.07,FSM Enemy 2,FSM,PatrolState,None,1.00,65.5,0,0.79,0,,,1216509171
24.07,FSM Enemy 13,FSM,PatrolState,None,1.00,43.8,0,0.79,0,,,1216509171
24.07,FSM Enemy 8,FSM,ChaseState,None,1.00,29.3,0,0.79,0,,,1216509171
24.07,FSM Enemy 6,FSM,PatrolState,None,1.00,39.6,0,0.79,0,,,1216509171
24.07,Utility Enemy 7,Utility,PatrolAction,None,0.70,30.5,0,0.79,0,0.120,0.000,1216509171
24.07,Utility Enemy 11,Utility,PatrolAction,None,1.00,45.4,0,0.79,0,0.120,0.000,1216509171
24.07,Utility Enemy 14,Utility,Dead,None,0.00,20.2,0,0.79,0,0.120,0.000,1216509171
24.07,Utility Enemy 4,Utility,PatrolAction,None,1.00,40.5,0,0.79,0,0.120,0.000,1216509171
24.07,Utility Enemy 13,Utility,PatrolAction,None,1.00,44.9,0,0.79,0,0.120,0.000,1216509171
24.07,Utility Enemy 10,Utility,ReorientAction,None,0.25,9.9,1,0.79,16,0.540,0.490,1216509171
24.07,Utility Enemy 3,Utility,PatrolAction,None,0.25,35.6,0,0.79,0,0.120,0.000,1216509171
24.07,Utility Enemy 5,Utility,PatrolAction,None,1.00,59.4,0,0.79,0,0.120,0.000,1216509171
24.07,Utility Enemy 8,Utility,PatrolAction,None,1.00,32.3,0,0.79,0,0.120,0.000,1216509171
24.07,Utility Enemy 12,Utility,PatrolAction,None,1.00,34.6,0,0.79,0,0.120,0.000,1216509171
24.07,Utility Enemy 1,Utility,PatrolAction,None,1.00,67.9,0,0.79,0,0.120,0.000,1216509171
24.07,Utility Enemy 9,Utility,AttackAction,None,1.00,11.1,1,0.79,0,0.381,0.134,1216509171
24.07,Utility Enemy 6,Utility,PatrolAction,None,1.00,26.9,0,0.79,0,0.120,0.000,1216509171
24.07,Utility Enemy 15,Utility,PatrolAction,None,1.00,32.3,0,0.79,0,0.120,0.000,1216509171
24.07,Utility Enemy 2,Utility,PatrolAction,None,1.00,47.6,0,0.79,0,0.120,0.000,1216509171
25.07,Player,Player,-,None,0.73,,0,0.73,,,,1216509171
25.07,FSM Enemy 10,FSM,ChaseState,None,1.00,50.4,0,0.73,8,,,1216509171
25.07,FSM Enemy 11,FSM,PatrolState,None,1.00,49.1,0,0.73,0,,,1216509171
25.07,FSM Enemy 7,FSM,PatrolState,None,1.00,47.4,0,0.73,0,,,1216509171
25.07,FSM Enemy 12,FSM,PatrolState,None,1.00,50.7,0,0.73,0,,,1216509171
25.07,FSM Enemy 9,FSM,ChaseState,None,1.00,40.9,0,0.73,0,,,1216509171
25.07,FSM Enemy 5,FSM,PatrolState,None,1.00,49.1,0,0.73,0,,,1216509171
25.07,FSM Enemy 1,FSM,PatrolState,None,1.00,73.9,0,0.73,0,,,1216509171
25.07,FSM Enemy 3,FSM,PatrolState,None,1.00,47.9,0,0.73,0,,,1216509171
25.07,FSM Enemy 14,FSM,PatrolState,None,1.00,56.0,0,0.73,0,,,1216509171
25.07,FSM Enemy 15,FSM,Dead,None,0.00,1.4,0,0.73,8,,,1216509171
25.07,FSM Enemy 4,FSM,PatrolState,None,1.00,33.5,0,0.73,0,,,1216509171
25.07,FSM Enemy 2,FSM,PatrolState,None,1.00,67.6,0,0.73,0,,,1216509171
25.07,FSM Enemy 13,FSM,PatrolState,None,1.00,42.9,0,0.73,0,,,1216509171
25.07,FSM Enemy 8,FSM,PatrolState,None,1.00,24.6,0,0.73,0,,,1216509171
25.07,FSM Enemy 6,FSM,PatrolState,None,1.00,35.0,0,0.73,0,,,1216509171
25.07,Utility Enemy 7,Utility,PatrolAction,None,0.70,31.7,0,0.73,0,0.120,0.000,1216509171
25.07,Utility Enemy 11,Utility,PatrolAction,None,1.00,43.6,0,0.73,0,0.120,0.000,1216509171
25.07,Utility Enemy 14,Utility,Dead,None,0.00,21.0,0,0.73,0,0.120,0.000,1216509171
25.07,Utility Enemy 4,Utility,PatrolAction,None,1.00,39.4,0,0.73,0,0.120,0.000,1216509171
25.07,Utility Enemy 13,Utility,PatrolAction,None,1.00,47.0,0,0.73,0,0.120,0.000,1216509171
25.07,Utility Enemy 10,Utility,AttackAction,None,0.25,7.9,1,0.73,16,0.554,0.509,1216509171
25.07,Utility Enemy 3,Utility,PatrolAction,None,0.25,34.0,0,0.73,0,0.120,0.000,1216509171
25.07,Utility Enemy 5,Utility,PatrolAction,None,1.00,64.2,0,0.73,0,0.120,0.000,1216509171
25.07,Utility Enemy 8,Utility,PatrolAction,None,1.00,34.1,0,0.73,0,0.120,0.000,1216509171
25.07,Utility Enemy 12,Utility,PatrolAction,None,1.00,39.1,0,0.73,0,0.120,0.000,1216509171
25.07,Utility Enemy 1,Utility,PatrolAction,None,1.00,73.7,0,0.73,0,0.120,0.000,1216509171
25.07,Utility Enemy 9,Utility,AttackAction,None,1.00,9.1,1,0.73,8,0.486,0.125,1216509171
25.07,Utility Enemy 6,Utility,PatrolAction,None,1.00,28.5,0,0.73,0,0.120,0.000,1216509171
25.07,Utility Enemy 15,Utility,PatrolAction,None,1.00,36.1,0,0.73,0,0.120,0.000,1216509171
25.07,Utility Enemy 2,Utility,PatrolAction,None,1.00,47.4,0,0.73,0,0.120,0.000,1216509171
26.08,Player,Player,-,EnemyDuplicate,0.68,,0,0.68,,,,1216509171
26.08,FSM Enemy 10,FSM,AttackState,EnemyDuplicate,1.00,46.0,0,0.68,8,,,1216509171
26.08,FSM Enemy 11,FSM,AttackState,EnemyDuplicate,1.00,52.5,0,0.68,0,,,1216509171
26.08,FSM Enemy 7,FSM,AttackState,EnemyDuplicate,1.00,48.4,0,0.68,0,,,1216509171
26.08,FSM Enemy 12,FSM,AttackState,EnemyDuplicate,1.00,48.0,0,0.68,0,,,1216509171
26.08,FSM Enemy 9,FSM,AttackState,EnemyDuplicate,1.00,37.6,0,0.68,0,,,1216509171
26.08,FSM Enemy 5,FSM,AttackState,EnemyDuplicate,1.00,49.2,0,0.68,0,,,1216509171
26.08,FSM Enemy 1,FSM,AttackState,EnemyDuplicate,1.00,76.0,0,0.68,0,,,1216509171
26.08,FSM Enemy 3,FSM,AttackState,EnemyDuplicate,1.00,48.3,0,0.68,0,,,1216509171
26.08,FSM Enemy 14,FSM,AttackState,EnemyDuplicate,1.00,52.6,0,0.68,0,,,1216509171
26.08,FSM Enemy 15,FSM,Dead,EnemyDuplicate,0.00,2.5,0,0.68,8,,,1216509171
26.08,FSM Enemy 4,FSM,AttackState,EnemyDuplicate,1.00,34.6,0,0.68,0,,,1216509171
26.08,FSM Enemy 2,FSM,AttackState,EnemyDuplicate,1.00,68.9,0,0.68,0,,,1216509171
26.08,FSM Enemy 13,FSM,AttackState,EnemyDuplicate,1.00,42.2,0,0.68,0,,,1216509171
26.08,FSM Enemy 8,FSM,AttackState,EnemyDuplicate,1.00,23.5,0,0.68,0,,,1216509171
26.08,FSM Enemy 6,FSM,AttackState,EnemyDuplicate,1.00,31.9,0,0.68,0,,,1216509171
26.08,Utility Enemy 7,Utility,PatrolAction,EnemyDuplicate,0.70,33.4,0,0.68,0,0.120,0.000,1216509171
26.08,Utility Enemy 11,Utility,PatrolAction,EnemyDuplicate,1.00,45.6,0,0.68,0,0.120,0.000,1216509171
26.08,Utility Enemy 14,Utility,Dead,EnemyDuplicate,0.00,20.7,0,0.68,0,0.120,0.000,1216509171
26.08,Utility Enemy 4,Utility,PatrolAction,EnemyDuplicate,1.00,38.4,0,0.68,0,0.120,0.000,1216509171
26.08,Utility Enemy 13,Utility,PatrolAction,EnemyDuplicate,1.00,45.3,0,0.68,0,0.120,0.000,1216509171
26.08,Utility Enemy 10,Utility,Dead,EnemyDuplicate,0.00,6.8,1,0.68,16,0.554,0.509,1216509171
26.08,Utility Enemy 3,Utility,PatrolAction,EnemyDuplicate,0.25,31.2,0,0.68,0,0.120,0.000,1216509171
26.08,Utility Enemy 5,Utility,PatrolAction,EnemyDuplicate,1.00,69.1,0,0.68,0,0.120,0.000,1216509171
26.08,Utility Enemy 8,Utility,PatrolAction,EnemyDuplicate,1.00,36.9,0,0.68,0,0.120,0.000,1216509171
26.08,Utility Enemy 12,Utility,PatrolAction,EnemyDuplicate,0.90,44.4,0,0.68,0,0.120,0.000,1216509171
26.08,Utility Enemy 1,Utility,PatrolAction,EnemyDuplicate,1.00,74.7,0,0.68,0,0.120,0.000,1216509171
26.08,Utility Enemy 9,Utility,Dead,EnemyDuplicate,0.00,8.0,1,0.68,16,0.551,0.169,1216509171
26.08,Utility Enemy 6,Utility,PatrolAction,EnemyDuplicate,1.00,29.7,0,0.68,0,0.120,0.000,1216509171
26.08,Utility Enemy 15,Utility,PatrolAction,EnemyDuplicate,1.00,38.1,0,0.68,0,0.120,0.000,1216509171
26.08,Utility Enemy 2,Utility,PatrolAction,EnemyDuplicate,1.00,48.7,0,0.68,0,0.120,0.000,1216509171
27.08,Player,Player,-,EnemyDuplicate,0.68,,0,0.68,,,,1216509171
27.08,FSM Enemy 10,FSM,AttackState,EnemyDuplicate,1.00,44.5,0,0.68,8,,,1216509171
27.08,FSM Enemy 11,FSM,AttackState,EnemyDuplicate,1.00,52.9,0,0.68,0,,,1216509171
27.08,FSM Enemy 7,FSM,AttackState,EnemyDuplicate,1.00,48.6,0,0.68,0,,,1216509171
27.08,FSM Enemy 12,FSM,AttackState,EnemyDuplicate,1.00,48.4,0,0.68,0,,,1216509171
27.08,FSM Enemy 9,FSM,AttackState,EnemyDuplicate,1.00,36.2,0,0.68,0,,,1216509171
27.08,FSM Enemy 5,FSM,AttackState,EnemyDuplicate,1.00,48.6,0,0.68,0,,,1216509171
27.08,FSM Enemy 1,FSM,AttackState,EnemyDuplicate,1.00,75.2,0,0.68,0,,,1216509171
27.08,FSM Enemy 3,FSM,AttackState,EnemyDuplicate,1.00,47.7,0,0.68,0,,,1216509171
27.08,FSM Enemy 14,FSM,AttackState,EnemyDuplicate,1.00,52.1,0,0.68,0,,,1216509171
27.08,FSM Enemy 15,FSM,PatrolState,EnemyDuplicate,1.00,32.9,0,0.68,8,,,1216509171
27.08,FSM Enemy 4,FSM,AttackState,EnemyDuplicate,1.00,35.2,0,0.68,0,,,1216509171
27.08,FSM Enemy 2,FSM,AttackState,EnemyDuplicate,1.00,68.8,0,0.68,0,,,1216509171
27.08,FSM Enemy 13,FSM,AttackState,EnemyDuplicate,1.00,42.1,0,0.68,0,,,1216509171
27.08,FSM Enemy 8,FSM,AttackState,EnemyDuplicate,1.00,23.2,0,0.68,0,,,1216509171
27.08,FSM Enemy 6,FSM,AttackState,EnemyDuplicate,1.00,32.6,0,0.68,0,,,1216509171
27.08,Utility Enemy 7,Utility,RepositionAction,EnemyDuplicate,0.70,35.7,0,0.68,0,0.650,0.120,1216509171
27.08,Utility Enemy 11,Utility,RepositionAction,EnemyDuplicate,1.00,45.5,0,0.68,0,0.650,0.120,1216509171
27.08,Utility Enemy 14,Utility,Dead,EnemyDuplicate,0.00,20.1,0,0.68,0,0.120,0.000,1216509171
27.08,Utility Enemy 4,Utility,RepositionAction,EnemyDuplicate,1.00,38.3,0,0.68,0,0.650,0.120,1216509171
27.08,Utility Enemy 13,Utility,RepositionAction,EnemyDuplicate,1.00,45.9,0,0.68,0,0.650,0.120,1216509171
27.08,Utility Enemy 10,Utility,Dead,EnemyDuplicate,0.00,7.2,1,0.68,16,0.554,0.509,1216509171
27.08,Utility Enemy 3,Utility,RepositionAction,EnemyDuplicate,0.25,31.8,0,0.68,0,0.650,0.120,1216509171
27.08,Utility Enemy 5,Utility,RepositionAction,EnemyDuplicate,1.00,69.1,0,0.68,0,0.650,0.120,1216509171
27.08,Utility Enemy 8,Utility,RepositionAction,EnemyDuplicate,1.00,38.2,0,0.68,0,0.650,0.120,1216509171
27.08,Utility Enemy 12,Utility,RepositionAction,EnemyDuplicate,0.90,46.6,0,0.68,0,0.650,0.120,1216509171
27.08,Utility Enemy 1,Utility,RepositionAction,EnemyDuplicate,1.00,72.4,0,0.68,0,0.650,0.120,1216509171
27.08,Utility Enemy 9,Utility,Dead,EnemyDuplicate,0.00,8.4,1,0.68,16,0.551,0.169,1216509171
27.08,Utility Enemy 6,Utility,RepositionAction,EnemyDuplicate,1.00,27.6,0,0.68,0,0.650,0.120,1216509171
27.08,Utility Enemy 15,Utility,RepositionAction,EnemyDuplicate,1.00,36.9,0,0.68,0,0.650,0.120,1216509171
27.08,Utility Enemy 2,Utility,RepositionAction,EnemyDuplicate,1.00,47.4,0,0.68,0,0.650,0.120,1216509171
28.08,Player,Player,-,EnemyDuplicate,0.68,,0,0.68,,,,1216509171
28.08,FSM Enemy 10,FSM,AttackState,EnemyDuplicate,1.00,42.8,0,0.68,8,,,1216509171
28.08,FSM Enemy 11,FSM,AttackState,EnemyDuplicate,1.00,57.8,0,0.68,0,,,1216509171
28.08,FSM Enemy 7,FSM,AttackState,EnemyDuplicate,1.00,53.4,0,0.68,0,,,1216509171
28.08,FSM Enemy 12,FSM,AttackState,EnemyDuplicate,1.00,46.3,0,0.68,0,,,1216509171
28.08,FSM Enemy 9,FSM,AttackState,EnemyDuplicate,1.00,38.2,0,0.68,0,,,1216509171
28.08,FSM Enemy 5,FSM,AttackState,EnemyDuplicate,1.00,52.1,0,0.68,0,,,1216509171
28.08,FSM Enemy 1,FSM,AttackState,EnemyDuplicate,1.00,76.6,0,0.68,0,,,1216509171
28.08,FSM Enemy 3,FSM,AttackState,EnemyDuplicate,1.00,46.1,0,0.68,0,,,1216509171
28.08,FSM Enemy 14,FSM,AttackState,EnemyDuplicate,1.00,47.5,0,0.68,0,,,1216509171
28.08,FSM Enemy 15,FSM,PatrolState,EnemyDuplicate,1.00,36.2,0,0.68,8,,,1216509171
28.08,FSM Enemy 4,FSM,AttackState,EnemyDuplicate,1.00,31.1,0,0.68,0,,,1216509171
28.08,FSM Enemy 2,FSM,AttackState,EnemyDuplicate,1.00,64.4,0,0.68,0,,,1216509171
28.08,FSM Enemy 13,FSM,AttackState,EnemyDuplicate,1.00,47.0,0,0.68,0,,,1216509171
28.08,FSM Enemy 8,FSM,AttackState,EnemyDuplicate,1.00,18.6,0,0.68,0,,,1216509171
28.08,FSM Enemy 6,FSM,AttackState,EnemyDuplicate,1.00,30.9,0,0.68,0,,,1216509171
28.08,Utility Enemy 7,Utility,RepositionAction,EnemyDuplicate,0.70,33.6,0,0.68,0,0.650,0.120,1216509171
28.08,Utility Enemy 11,Utility,RepositionAction,EnemyDuplicate,1.00,51.0,0,0.68,0,0.650,0.120,1216509171
28.08,Utility Enemy 14,Utility,RepositionAction,EnemyDuplicate,1.00,46.6,0,0.68,0,0.650,0.120,1216509171
28.08,Utility Enemy 4,Utility,RepositionAction,EnemyDuplicate,1.00,41.7,0,0.68,0,0.650,0.120,1216509171
28.08,Utility Enemy 13,Utility,RepositionAction,EnemyDuplicate,1.00,53.6,0,0.68,0,0.650,0.120,1216509171
28.08,Utility Enemy 10,Utility,Dead,EnemyDuplicate,0.00,4.2,1,0.68,16,0.554,0.509,1216509171
28.08,Utility Enemy 3,Utility,RepositionAction,EnemyDuplicate,0.25,24.4,0,0.68,0,0.650,0.120,1216509171
28.08,Utility Enemy 5,Utility,RepositionAction,EnemyDuplicate,1.00,67.6,0,0.68,0,0.650,0.120,1216509171
28.08,Utility Enemy 8,Utility,RepositionAction,EnemyDuplicate,1.00,40.6,0,0.68,0,0.650,0.120,1216509171
28.08,Utility Enemy 12,Utility,RepositionAction,EnemyDuplicate,0.90,50.8,0,0.68,0,0.650,0.120,1216509171
28.08,Utility Enemy 1,Utility,RepositionAction,EnemyDuplicate,1.00,74.0,0,0.68,0,0.650,0.120,1216509171
28.08,Utility Enemy 9,Utility,Dead,EnemyDuplicate,0.00,4.7,1,0.68,16,0.551,0.169,1216509171
28.08,Utility Enemy 6,Utility,RepositionAction,EnemyDuplicate,1.00,29.1,0,0.68,0,0.650,0.120,1216509171
28.08,Utility Enemy 15,Utility,RepositionAction,EnemyDuplicate,1.00,34.9,0,0.68,0,0.650,0.120,1216509171
28.08,Utility Enemy 2,Utility,RepositionAction,EnemyDuplicate,1.00,50.4,0,0.68,0,0.650,0.120,1216509171
29.08,Player,Player,-,EnemyDuplicate,0.68,,0,0.68,,,,1216509171
29.08,FSM Enemy 10,FSM,AttackState,EnemyDuplicate,1.00,39.7,0,0.68,8,,,1216509171
29.08,FSM Enemy 11,FSM,AttackState,EnemyDuplicate,1.00,65.3,0,0.68,0,,,1216509171
29.08,FSM Enemy 7,FSM,AttackState,EnemyDuplicate,1.00,60.8,0,0.68,0,,,1216509171
29.08,FSM Enemy 12,FSM,AttackState,EnemyDuplicate,1.00,45.6,0,0.68,0,,,1216509171
29.08,FSM Enemy 9,FSM,AttackState,EnemyDuplicate,1.00,40.7,0,0.68,0,,,1216509171
29.08,FSM Enemy 5,FSM,AttackState,EnemyDuplicate,1.00,56.7,0,0.68,0,,,1216509171
29.08,FSM Enemy 1,FSM,AttackState,EnemyDuplicate,1.00,77.7,0,0.68,0,,,1216509171
29.08,FSM Enemy 3,FSM,AttackState,EnemyDuplicate,1.00,43.1,0,0.68,0,,,1216509171
29.08,FSM Enemy 14,FSM,AttackState,EnemyDuplicate,1.00,40.1,0,0.68,0,,,1216509171
29.08,FSM Enemy 15,FSM,PatrolState,EnemyDuplicate,1.00,41.5,0,0.68,8,,,1216509171
29.08,FSM Enemy 4,FSM,AttackState,EnemyDuplicate,1.00,26.9,0,0.68,0,,,1216509171
29.08,FSM Enemy 2,FSM,AttackState,EnemyDuplicate,1.00,57.4,0,0.68,0,,,1216509171
29.08,FSM Enemy 13,FSM,AttackState,EnemyDuplicate,1.00,53.9,0,0.68,0,,,1216509171
29.08,FSM Enemy 8,FSM,AttackState,EnemyDuplicate,1.00,11.7,0,0.68,0,,,1216509171
29.08,FSM Enemy 6,FSM,AttackState,EnemyDuplicate,1.00,31.5,0,0.68,0,,,1216509171
29.08,Utility Enemy 7,Utility,RepositionAction,EnemyDuplicate,0.70,31.3,0,0.68,0,0.650,0.120,1216509171
29.08,Utility Enemy 11,Utility,RepositionAction,EnemyDuplicate,1.00,54.3,0,0.68,0,0.650,0.120,1216509171
29.08,Utility Enemy 14,Utility,RepositionAction,EnemyDuplicate,0.90,40.0,0,0.68,0,0.650,0.120,1216509171
29.08,Utility Enemy 4,Utility,RepositionAction,EnemyDuplicate,1.00,46.9,0,0.68,0,0.650,0.120,1216509171
29.08,Utility Enemy 13,Utility,RepositionAction,EnemyDuplicate,1.00,59.3,0,0.68,0,0.650,0.120,1216509171
29.08,Utility Enemy 10,Utility,Dead,EnemyDuplicate,0.00,8.6,0,0.68,16,0.554,0.509,1216509171
29.08,Utility Enemy 3,Utility,RepositionAction,EnemyDuplicate,0.25,19.9,0,0.68,0,0.650,0.120,1216509171
29.08,Utility Enemy 5,Utility,RepositionAction,EnemyDuplicate,1.00,64.5,0,0.68,0,0.650,0.120,1216509171
29.08,Utility Enemy 8,Utility,RepositionAction,EnemyDuplicate,1.00,43.1,0,0.68,0,0.650,0.120,1216509171
29.08,Utility Enemy 12,Utility,RepositionAction,EnemyDuplicate,0.90,57.4,0,0.68,0,0.650,0.120,1216509171
29.08,Utility Enemy 1,Utility,RepositionAction,EnemyDuplicate,1.00,74.9,0,0.68,0,0.650,0.120,1216509171
29.08,Utility Enemy 9,Utility,Dead,EnemyDuplicate,0.00,7.6,0,0.68,16,0.551,0.169,1216509171
29.08,Utility Enemy 6,Utility,RepositionAction,EnemyDuplicate,1.00,39.8,0,0.68,0,0.650,0.120,1216509171
29.08,Utility Enemy 15,Utility,RepositionAction,EnemyDuplicate,1.00,35.5,0,0.68,0,0.650,0.120,1216509171
29.08,Utility Enemy 2,Utility,RepositionAction,EnemyDuplicate,1.00,54.5,0,0.68,0,0.650,0.120,1216509171
30.09,Player,Player,-,EnemyDuplicate,0.63,,0,0.63,,,,1216509171
30.09,FSM Enemy 10,FSM,AttackState,EnemyDuplicate,1.00,38.5,0,0.63,8,,,1216509171
30.09,FSM Enemy 11,FSM,AttackState,EnemyDuplicate,1.00,72.7,0,0.63,0,,,1216509171
30.09,FSM Enemy 7,FSM,AttackState,EnemyDuplicate,1.00,68.1,0,0.63,0,,,1216509171
30.09,FSM Enemy 12,FSM,AttackState,EnemyDuplicate,1.00,45.5,0,0.63,0,,,1216509171
30.09,FSM Enemy 9,FSM,AttackState,EnemyDuplicate,1.00,44.9,0,0.63,0,,,1216509171
30.09,FSM Enemy 5,FSM,AttackState,EnemyDuplicate,1.00,62.2,0,0.63,0,,,1216509171
30.09,FSM Enemy 1,FSM,AttackState,EnemyDuplicate,1.00,80.1,0,0.63,0,,,1216509171
30.09,FSM Enemy 3,FSM,AttackState,EnemyDuplicate,1.00,41.8,0,0.63,0,,,1216509171
30.09,FSM Enemy 14,FSM,AttackState,EnemyDuplicate,1.00,32.9,0,0.63,0,,,1216509171
30.09,FSM Enemy 15,FSM,PatrolState,EnemyDuplicate,1.00,47.4,0,0.63,8,,,1216509171
30.09,FSM Enemy 4,FSM,AttackState,EnemyDuplicate,1.00,23.8,0,0.63,0,,,1216509171
30.09,FSM Enemy 2,FSM,AttackState,EnemyDuplicate,1.00,50.8,0,0.63,0,,,1216509171
30.09,FSM Enemy 13,FSM,AttackState,EnemyDuplicate,1.00,61.0,0,0.63,0,,,1216509171
30.09,FSM Enemy 8,FSM,AttackState,EnemyDuplicate,1.00,6.5,1,0.63,8,,,1216509171
30.09,FSM Enemy 6,FSM,AttackState,EnemyDuplicate,1.00,33.2,0,0.63,0,,,1216509171
30.09,Utility Enemy 7,Utility,RepositionAction,EnemyDuplicate,0.70,29.3,0,0.63,0,0.650,0.120,1216509171
30.09,Utility Enemy 11,Utility,RepositionAction,EnemyDuplicate,1.00,61.3,0,0.63,0,0.650,0.120,1216509171
30.09,Utility Enemy 14,Utility,RepositionAction,EnemyDuplicate,0.90,29.1,0,0.63,0,0.650,0.120,1216509171
30.09,Utility Enemy 4,Utility,RepositionAction,EnemyDuplicate,0.90,49.8,0,0.63,0,0.650,0.120,1216509171
30.09,Utility Enemy 13,Utility,RepositionAction,EnemyDuplicate,1.00,65.8,0,0.63,0,0.650,0.120,1216509171
30.09,Utility Enemy 10,Utility,Dead,EnemyDuplicate,0.00,15.4,0,0.63,16,0.554,0.509,1216509171
30.09,Utility Enemy 3,Utility,Dead,EnemyDuplicate,0.00,14.7,0,0.63,0,0.650,0.120,1216509171
30.09,Utility Enemy 5,Utility,RepositionAction,EnemyDuplicate,1.00,66.2,0,0.63,0,0.650,0.120,1216509171
30.09,Utility Enemy 8,Utility,RepositionAction,EnemyDuplicate,1.00,48.0,0,0.63,0,0.650,0.120,1216509171
30.09,Utility Enemy 12,Utility,RepositionAction,EnemyDuplicate,0.90,65.5,0,0.63,0,0.650,0.120,1216509171
30.09,Utility Enemy 1,Utility,RepositionAction,EnemyDuplicate,1.00,74.6,0,0.63,0,0.650,0.120,1216509171
30.09,Utility Enemy 9,Utility,Dead,EnemyDuplicate,0.00,14.1,0,0.63,16,0.551,0.169,1216509171
30.09,Utility Enemy 6,Utility,RepositionAction,EnemyDuplicate,1.00,47.1,0,0.63,0,0.650,0.120,1216509171
30.09,Utility Enemy 15,Utility,RepositionAction,EnemyDuplicate,1.00,31.7,0,0.63,0,0.650,0.120,1216509171
30.09,Utility Enemy 2,Utility,RepositionAction,EnemyDuplicate,1.00,58.8,0,0.63,0,0.650,0.120,1216509171
31.09,Player,Player,-,None,0.57,,0,0.57,,,,1216509171
31.09,FSM Enemy 10,FSM,PatrolState,None,1.00,32.8,0,0.57,8,,,1216509171
31.09,FSM Enemy 11,FSM,PatrolState,None,1.00,76.5,0,0.57,0,,,1216509171
31.09,FSM Enemy 7,FSM,PatrolState,None,1.00,72.3,0,0.57,0,,,1216509171
31.09,FSM Enemy 12,FSM,PatrolState,None,1.00,51.5,0,0.57,0,,,1216509171
31.09,FSM Enemy 9,FSM,PatrolState,None,1.00,42.8,0,0.57,0,,,1216509171
31.09,FSM Enemy 5,FSM,PatrolState,None,1.00,61.4,0,0.57,0,,,1216509171
31.09,FSM Enemy 1,FSM,PatrolState,None,1.00,76.1,0,0.57,0,,,1216509171
31.09,FSM Enemy 3,FSM,PatrolState,None,1.00,36.0,0,0.57,0,,,1216509171
31.09,FSM Enemy 14,FSM,PatrolState,None,1.00,28.6,0,0.57,0,,,1216509171
31.09,FSM Enemy 15,FSM,PatrolState,None,1.00,49.1,0,0.57,8,,,1216509171
31.09,FSM Enemy 4,FSM,PatrolState,None,1.00,28.7,0,0.57,0,,,1216509171
31.09,FSM Enemy 2,FSM,PatrolState,None,1.00,45.3,0,0.57,0,,,1216509171
31.09,FSM Enemy 13,FSM,PatrolState,None,1.00,63.0,0,0.57,0,,,1216509171
31.09,FSM Enemy 8,FSM,AttackState,None,1.00,0.7,1,0.57,16,,,1216509171
31.09,FSM Enemy 6,FSM,PatrolState,None,1.00,39.6,0,0.57,0,,,1216509171
31.09,Utility Enemy 7,Utility,RepositionAction,None,0.70,32.4,0,0.57,0,0.650,0.120,1216509171
31.09,Utility Enemy 11,Utility,RepositionAction,None,1.00,59.3,0,0.57,0,0.650,0.120,1216509171
31.09,Utility Enemy 14,Utility,RepositionAction,None,0.90,23.4,0,0.57,0,0.650,0.120,1216509171
31.09,Utility Enemy 4,Utility,RepositionAction,None,0.90,52.7,0,0.57,0,0.650,0.120,1216509171
31.09,Utility Enemy 13,Utility,RepositionAction,None,1.00,71.6,0,0.57,0,0.650,0.120,1216509171
31.09,Utility Enemy 10,Utility,Dead,None,0.00,20.7,0,0.57,16,0.554,0.509,1216509171
31.09,Utility Enemy 3,Utility,Dead,None,0.00,11.1,0,0.57,0,0.650,0.120,1216509171
31.09,Utility Enemy 5,Utility,RepositionAction,None,1.00,65.8,0,0.57,0,0.650,0.120,1216509171
31.09,Utility Enemy 8,Utility,RepositionAction,None,1.00,42.9,0,0.57,0,0.650,0.120,1216509171
31.09,Utility Enemy 12,Utility,RepositionAction,None,0.90,70.1,0,0.57,0,0.650,0.120,1216509171
31.09,Utility Enemy 1,Utility,RepositionAction,None,1.00,71.3,0,0.57,0,0.650,0.120,1216509171
31.09,Utility Enemy 9,Utility,Dead,None,0.00,19.6,0,0.57,16,0.551,0.169,1216509171
31.09,Utility Enemy 6,Utility,RepositionAction,None,1.00,45.2,0,0.57,0,0.650,0.120,1216509171
31.09,Utility Enemy 15,Utility,RepositionAction,None,1.00,24.0,0,0.57,0,0.650,0.120,1216509171
31.09,Utility Enemy 2,Utility,RepositionAction,None,1.00,56.0,0,0.57,0,0.650,0.120,1216509171
32.09,Player,Player,-,EnemyDuplicate,0.52,,0,0.52,,,,1216509171
32.09,FSM Enemy 10,FSM,AttackState,EnemyDuplicate,1.00,29.9,0,0.52,8,,,1216509171
32.09,FSM Enemy 11,FSM,AttackState,EnemyDuplicate,1.00,74.7,0,0.52,0,,,1216509171
32.09,FSM Enemy 7,FSM,AttackState,EnemyDuplicate,1.00,69.2,0,0.52,0,,,1216509171
32.09,FSM Enemy 12,FSM,AttackState,EnemyDuplicate,1.00,53.6,0,0.52,0,,,1216509171
32.09,FSM Enemy 9,FSM,AttackState,EnemyDuplicate,1.00,37.8,0,0.52,0,,,1216509171
32.09,FSM Enemy 5,FSM,AttackState,EnemyDuplicate,1.00,56.5,0,0.52,0,,,1216509171
32.09,FSM Enemy 1,FSM,AttackState,EnemyDuplicate,1.00,71.9,0,0.52,0,,,1216509171
32.09,FSM Enemy 3,FSM,AttackState,EnemyDuplicate,1.00,34.6,0,0.52,0,,,1216509171
32.09,FSM Enemy 14,FSM,AttackState,EnemyDuplicate,1.00,30.7,0,0.52,0,,,1216509171
32.09,FSM Enemy 15,FSM,AttackState,EnemyDuplicate,1.00,45.7,0,0.52,8,,,1216509171
32.09,FSM Enemy 4,FSM,AttackState,EnemyDuplicate,1.00,31.2,0,0.52,0,,,1216509171
32.09,FSM Enemy 2,FSM,AttackState,EnemyDuplicate,1.00,46.5,0,0.52,0,,,1216509171
32.09,FSM Enemy 13,FSM,AttackState,EnemyDuplicate,1.00,60.4,0,0.52,0,,,1216509171
32.09,FSM Enemy 8,FSM,AttackState,EnemyDuplicate,1.00,3.3,1,0.52,24,,,1216509171
32.09,FSM Enemy 6,FSM,AttackState,EnemyDuplicate,1.00,41.9,0,0.52,0,,,1216509171
32.09,Utility Enemy 7,Utility,RepositionAction,EnemyDuplicate,0.70,35.7,0,0.52,0,0.650,0.120,1216509171
32.09,Utility Enemy 11,Utility,RepositionAction,EnemyDuplicate,1.00,52.4,0,0.52,0,0.650,0.120,1216509171
32.09,Utility Enemy 14,Utility,RepositionAction,EnemyDuplicate,0.80,28.1,0,0.52,0,0.650,0.120,1216509171
32.09,Utility Enemy 4,Utility,RepositionAction,EnemyDuplicate,0.90,52.9,0,0.52,0,0.650,0.120,1216509171
32.09,Utility Enemy 13,Utility,RepositionAction,EnemyDuplicate,1.00,66.8,0,0.52,0,0.650,0.120,1216509171
32.09,Utility Enemy 10,Utility,Dead,EnemyDuplicate,0.00,19.6,0,0.52,16,0.554,0.509,1216509171
32.09,Utility Enemy 3,Utility,Dead,EnemyDuplicate,0.00,14.8,0,0.52,0,0.650,0.120,1216509171
32.09,Utility Enemy 5,Utility,RepositionAction,EnemyDuplicate,1.00,60.5,0,0.52,0,0.650,0.120,1216509171
32.09,Utility Enemy 8,Utility,RepositionAction,EnemyDuplicate,1.00,37.9,0,0.52,0,0.650,0.120,1216509171
32.09,Utility Enemy 12,Utility,RepositionAction,EnemyDuplicate,0.90,66.5,0,0.52,0,0.650,0.120,1216509171
32.09,Utility Enemy 1,Utility,RepositionAction,EnemyDuplicate,0.90,68.9,0,0.52,0,0.650,0.120,1216509171
32.09,Utility Enemy 9,Utility,Dead,EnemyDuplicate,0.00,18.7,0,0.52,16,0.551,0.169,1216509171
32.09,Utility Enemy 6,Utility,RepositionAction,EnemyDuplicate,1.00,42.3,0,0.52,0,0.650,0.120,1216509171
32.09,Utility Enemy 15,Utility,RepositionAction,EnemyDuplicate,1.00,18.8,0,0.52,0,0.650,0.120,1216509171
32.09,Utility Enemy 2,Utility,RepositionAction,EnemyDuplicate,1.00,54.3,0,0.52,0,0.650,0.120,1216509171
33.10,Player,Player,-,EnemyDuplicate,0.47,,0,0.47,,,,1216509171
33.10,FSM Enemy 10,FSM,AttackState,EnemyDuplicate,1.00,33.4,0,0.47,8,,,1216509171
33.10,FSM Enemy 11,FSM,AttackState,EnemyDuplicate,1.00,70.9,0,0.47,0,,,1216509171
33.10,FSM Enemy 7,FSM,AttackState,EnemyDuplicate,1.00,65.3,0,0.47,0,,,1216509171
33.10,FSM Enemy 12,FSM,AttackState,EnemyDuplicate,1.00,50.5,0,0.47,0,,,1216509171
33.10,FSM Enemy 9,FSM,AttackState,EnemyDuplicate,1.00,37.8,0,0.47,0,,,1216509171
33.10,FSM Enemy 5,FSM,AttackState,EnemyDuplicate,1.00,55.5,0,0.47,0,,,1216509171
33.10,FSM Enemy 1,FSM,AttackState,EnemyDuplicate,1.00,73.5,0,0.47,0,,,1216509171
33.10,FSM Enemy 3,FSM,AttackState,EnemyDuplicate,1.00,38.0,0,0.47,0,,,1216509171
33.10,FSM Enemy 14,FSM,AttackState,EnemyDuplicate,1.00,34.2,0,0.47,0,,,1216509171
33.10,FSM Enemy 15,FSM,AttackState,EnemyDuplicate,1.00,42.2,0,0.47,8,,,1216509171
33.10,FSM Enemy 4,FSM,AttackState,EnemyDuplicate,1.00,29.1,0,0.47,0,,,1216509171
33.10,FSM Enemy 2,FSM,AttackState,EnemyDuplicate,1.00,50.8,0,0.47,0,,,1216509171
33.10,FSM Enemy 13,FSM,AttackState,EnemyDuplicate,1.00,57.6,0,0.47,0,,,1216509171
33.10,FSM Enemy 8,FSM,AttackState,EnemyDuplicate,1.00,5.9,0,0.47,32,,,1216509171
33.10,FSM Enemy 6,FSM,AttackState,EnemyDuplicate,1.00,38.2,0,0.47,0,,,1216509171
33.10,Utility Enemy 7,Utility,RepositionAction,EnemyDuplicate,0.70,35.1,0,0.47,0,0.650,0.120,1216509171
33.10,Utility Enemy 11,Utility,RepositionAction,EnemyDuplicate,0.90,50.5,0,0.47,0,0.650,0.120,1216509171
33.10,Utility Enemy 14,Utility,RepositionAction,EnemyDuplicate,0.80,34.8,0,0.47,0,0.650,0.120,1216509171
33.10,Utility Enemy 4,Utility,RepositionAction,EnemyDuplicate,0.90,55.7,0,0.47,0,0.650,0.120,1216509171
33.10,Utility Enemy 13,Utility,RepositionAction,EnemyDuplicate,0.80,60.5,0,0.47,0,0.650,0.120,1216509171
33.10,Utility Enemy 10,Utility,Dead,EnemyDuplicate,0.00,15.1,0,0.47,16,0.554,0.509,1216509171
33.10,Utility Enemy 3,Utility,Dead,EnemyDuplicate,0.00,17.5,0,0.47,0,0.650,0.120,1216509171
33.10,Utility Enemy 5,Utility,RepositionAction,EnemyDuplicate,1.00,61.6,0,0.47,0,0.650,0.120,1216509171
33.10,Utility Enemy 8,Utility,RepositionAction,EnemyDuplicate,1.00,35.4,0,0.47,0,0.650,0.120,1216509171
33.10,Utility Enemy 12,Utility,RepositionAction,EnemyDuplicate,0.90,58.2,0,0.47,0,0.650,0.120,1216509171
33.10,Utility Enemy 1,Utility,RepositionAction,EnemyDuplicate,0.90,68.9,0,0.47,0,0.650,0.120,1216509171
33.10,Utility Enemy 9,Utility,Dead,EnemyDuplicate,0.00,14.2,0,0.47,16,0.551,0.169,1216509171
33.10,Utility Enemy 6,Utility,RepositionAction,EnemyDuplicate,1.00,40.3,0,0.47,0,0.650,0.120,1216509171
33.10,Utility Enemy 15,Utility,RepositionAction,EnemyDuplicate,1.00,19.9,0,0.47,0,1.050,0.540,1216509171
33.10,Utility Enemy 2,Utility,RepositionAction,EnemyDuplicate,1.00,57.0,0,0.47,0,0.650,0.120,1216509171
34.10,Player,Player,-,EnemyDuplicate,0.47,,0,0.47,,,,1216509171
34.10,FSM Enemy 10,FSM,AttackState,EnemyDuplicate,1.00,32.4,0,0.47,8,,,1216509171
34.10,FSM Enemy 11,FSM,AttackState,EnemyDuplicate,1.00,71.6,0,0.47,0,,,1216509171
34.10,FSM Enemy 7,FSM,AttackState,EnemyDuplicate,1.00,66.0,0,0.47,0,,,1216509171
34.10,FSM Enemy 12,FSM,AttackState,EnemyDuplicate,1.00,51.4,0,0.47,0,,,1216509171
34.10,FSM Enemy 9,FSM,AttackState,EnemyDuplicate,1.00,37.5,0,0.47,0,,,1216509171
34.10,FSM Enemy 5,FSM,AttackState,EnemyDuplicate,1.00,55.4,0,0.47,0,,,1216509171
34.10,FSM Enemy 1,FSM,AttackState,EnemyDuplicate,1.00,72.8,0,0.47,0,,,1216509171
34.10,FSM Enemy 3,FSM,AttackState,EnemyDuplicate,1.00,37.0,0,0.47,0,,,1216509171
34.10,FSM Enemy 14,FSM,AttackState,EnemyDuplicate,1.00,33.6,0,0.47,0,,,1216509171
34.10,FSM Enemy 15,FSM,AttackState,EnemyDuplicate,1.00,42.8,0,0.47,8,,,1216509171
34.10,FSM Enemy 4,FSM,AttackState,EnemyDuplicate,1.00,29.8,0,0.47,0,,,1216509171
34.10,FSM Enemy 2,FSM,AttackState,EnemyDuplicate,1.00,49.9,0,0.47,0,,,1216509171
34.10,FSM Enemy 13,FSM,AttackState,EnemyDuplicate,1.00,57.9,0,0.47,0,,,1216509171
34.10,FSM Enemy 8,FSM,AttackState,EnemyDuplicate,1.00,5.3,0,0.47,32,,,1216509171
34.10,FSM Enemy 6,FSM,AttackState,EnemyDuplicate,1.00,39.2,0,0.47,0,,,1216509171
34.10,Utility Enemy 7,Utility,RepositionAction,EnemyDuplicate,0.70,39.3,0,0.47,0,0.650,0.120,1216509171
34.10,Utility Enemy 11,Utility,RepositionAction,EnemyDuplicate,0.90,48.9,0,0.47,0,0.650,0.120,1216509171
34.10,Utility Enemy 14,Utility,RepositionAction,EnemyDuplicate,0.80,36.2,0,0.47,0,0.650,0.120,1216509171
34.10,Utility Enemy 4,Utility,RepositionAction,EnemyDuplicate,0.90,53.7,0,0.47,0,0.650,0.120,1216509171
34.10,Utility Enemy 13,Utility,RepositionAction,EnemyDuplicate,0.70,63.5,0,0.47,0,0.650,0.120,1216509171
34.10,Utility Enemy 10,Utility,Dead,EnemyDuplicate,0.00,16.1,0,0.47,16,0.554,0.509,1216509171
34.10,Utility Enemy 3,Utility,Dead,EnemyDuplicate,0.00,17.1,0,0.47,0,0.650,0.120,1216509171
34.10,Utility Enemy 5,Utility,RepositionAction,EnemyDuplicate,1.00,62.4,0,0.47,0,0.650,0.120,1216509171
34.10,Utility Enemy 8,Utility,RepositionAction,EnemyDuplicate,1.00,36.1,0,0.47,0,0.650,0.120,1216509171
34.10,Utility Enemy 12,Utility,RepositionAction,EnemyDuplicate,0.90,54.9,0,0.47,0,0.650,0.120,1216509171
34.10,Utility Enemy 1,Utility,RepositionAction,EnemyDuplicate,0.90,69.2,0,0.47,0,0.650,0.120,1216509171
34.10,Utility Enemy 9,Utility,Dead,EnemyDuplicate,0.00,15.2,0,0.47,16,0.551,0.169,1216509171
34.10,Utility Enemy 6,Utility,RepositionAction,EnemyDuplicate,1.00,36.8,0,0.47,0,0.650,0.120,1216509171
34.10,Utility Enemy 15,Utility,RepositionAction,EnemyDuplicate,1.00,21.6,0,0.47,0,1.050,0.540,1216509171
34.10,Utility Enemy 2,Utility,RepositionAction,EnemyDuplicate,1.00,52.8,0,0.47,0,0.650,0.120,1216509171
35.10,Player,Player,-,EnemyDuplicate,0.47,,0,0.47,,,,1216509171
35.10,FSM Enemy 10,FSM,AttackState,EnemyDuplicate,1.00,33.6,0,0.47,8,,,1216509171
35.10,FSM Enemy 11,FSM,AttackState,EnemyDuplicate,1.00,71.4,0,0.47,0,,,1216509171
35.10,FSM Enemy 7,FSM,AttackState,EnemyDuplicate,1.00,65.7,0,0.47,0,,,1216509171
35.10,FSM Enemy 12,FSM,AttackState,EnemyDuplicate,1.00,50.2,0,0.47,0,,,1216509171
35.10,FSM Enemy 9,FSM,AttackState,EnemyDuplicate,1.00,38.3,0,0.47,0,,,1216509171
35.10,FSM Enemy 5,FSM,AttackState,EnemyDuplicate,1.00,56.1,0,0.47,0,,,1216509171
35.10,FSM Enemy 1,FSM,AttackState,EnemyDuplicate,1.00,73.9,0,0.47,0,,,1216509171
35.10,FSM Enemy 3,FSM,AttackState,EnemyDuplicate,1.00,38.2,0,0.47,0,,,1216509171
35.10,FSM Enemy 14,FSM,AttackState,EnemyDuplicate,1.00,33.8,0,0.47,0,,,1216509171
35.10,FSM Enemy 15,FSM,AttackState,EnemyDuplicate,1.00,42.7,0,0.47,8,,,1216509171
35.10,FSM Enemy 4,FSM,AttackState,EnemyDuplicate,1.00,28.7,0,0.47,0,,,1216509171
35.10,FSM Enemy 2,FSM,AttackState,EnemyDuplicate,1.00,50.5,0,0.47,0,,,1216509171
35.10,FSM Enemy 13,FSM,AttackState,EnemyDuplicate,1.00,58.1,0,0.47,0,,,1216509171
35.10,FSM Enemy 8,FSM,AttackState,EnemyDuplicate,1.00,5.5,0,0.47,32,,,1216509171
35.10,FSM Enemy 6,FSM,AttackState,EnemyDuplicate,1.00,38.0,0,0.47,0,,,1216509171
35.10,Utility Enemy 7,Utility,RepositionAction,EnemyDuplicate,0.70,41.5,0,0.47,0,0.650,0.120,1216509171
35.10,Utility Enemy 11,Utility,RepositionAction,EnemyDuplicate,0.90,49.1,0,0.47,0,0.650,0.120,1216509171
35.10,Utility Enemy 14,Utility,RepositionAction,EnemyDuplicate,0.80,40.4,0,0.47,0,0.650,0.120,1216509171
35.10,Utility Enemy 4,Utility,RepositionAction,EnemyDuplicate,0.90,52.0,0,0.47,0,0.650,0.120,1216509171
35.10,Utility Enemy 13,Utility,RepositionAction,EnemyDuplicate,0.70,67.2,0,0.47,0,0.650,0.120,1216509171
35.10,Utility Enemy 10,Utility,Dead,EnemyDuplicate,0.00,15.2,0,0.47,16,0.554,0.509,1216509171
35.10,Utility Enemy 3,Utility,Dead,EnemyDuplicate,0.00,17.0,0,0.47,0,0.650,0.120,1216509171
35.10,Utility Enemy 5,Utility,RepositionAction,EnemyDuplicate,1.00,66.1,0,0.47,0,0.650,0.120,1216509171
35.10,Utility Enemy 8,Utility,RepositionAction,EnemyDuplicate,1.00,34.3,0,0.47,0,0.650,0.120,1216509171
35.10,Utility Enemy 12,Utility,RepositionAction,EnemyDuplicate,0.90,50.2,0,0.47,0,0.650,0.120,1216509171
35.10,Utility Enemy 1,Utility,RepositionAction,EnemyDuplicate,0.90,73.5,0,0.47,0,0.650,0.120,1216509171
35.10,Utility Enemy 9,Utility,Dead,EnemyDuplicate,0.00,14.3,0,0.47,16,0.551,0.169,1216509171
35.10,Utility Enemy 6,Utility,RepositionAction,EnemyDuplicate,1.00,37.5,0,0.47,0,0.650,0.120,1216509171
35.10,Utility Enemy 15,Utility,RepositionAction,EnemyDuplicate,1.00,24.1,0,0.47,0,1.050,0.540,1216509171
35.10,Utility Enemy 2,Utility,RepositionAction,EnemyDuplicate,1.00,51.0,0,0.47,0,0.650,0.120,1216509171
36.10,Player,Player,-,EnemyDuplicate,0.47,,0,0.47,,,,1216509171
36.10,FSM Enemy 10,FSM,AttackState,EnemyDuplicate,1.00,33.8,0,0.47,8,,,1216509171
36.10,FSM Enemy 11,FSM,AttackState,EnemyDuplicate,1.00,71.9,0,0.47,0,,,1216509171
36.10,FSM Enemy 7,FSM,AttackState,EnemyDuplicate,1.00,66.2,0,0.47,0,,,1216509171
36.10,FSM Enemy 12,FSM,AttackState,EnemyDuplicate,1.00,49.9,0,0.47,0,,,1216509171
36.10,FSM Enemy 9,FSM,AttackState,EnemyDuplicate,1.00,39.0,0,0.47,0,,,1216509171
36.10,FSM Enemy 5,FSM,AttackState,EnemyDuplicate,1.00,56.7,0,0.47,0,,,1216509171
36.10,FSM Enemy 1,FSM,AttackState,EnemyDuplicate,1.00,74.4,0,0.47,0,,,1216509171
36.10,FSM Enemy 3,FSM,AttackState,EnemyDuplicate,1.00,38.5,0,0.47,0,,,1216509171
36.10,FSM Enemy 14,FSM,AttackState,EnemyDuplicate,1.00,33.2,0,0.47,0,,,1216509171
36.10,FSM Enemy 15,FSM,AttackState,EnemyDuplicate,1.00,43.3,0,0.47,8,,,1216509171
36.10,FSM Enemy 4,FSM,AttackState,EnemyDuplicate,1.00,28.2,0,0.47,0,,,1216509171
36.10,FSM Enemy 2,FSM,AttackState,EnemyDuplicate,1.00,50.0,0,0.47,0,,,1216509171
36.10,FSM Enemy 13,FSM,AttackState,EnemyDuplicate,1.00,58.7,0,0.47,0,,,1216509171
36.10,FSM Enemy 8,FSM,AttackState,EnemyDuplicate,1.00,5.0,0,0.47,32,,,1216509171
36.10,FSM Enemy 6,FSM,AttackState,EnemyDuplicate,1.00,37.8,0,0.47,0,,,1216509171
36.10,Utility Enemy 7,Utility,RepositionAction,EnemyDuplicate,0.70,45.3,0,0.47,0,0.650,0.120,1216509171
36.10,Utility Enemy 11,Utility,RepositionAction,EnemyDuplicate,0.90,54.1,0,0.47,0,0.650,0.120,1216509171
36.10,Utility Enemy 14,Utility,RepositionAction,EnemyDuplicate,0.80,43.8,0,0.47,0,0.650,0.120,1216509171
36.10,Utility Enemy 4,Utility,RepositionAction,EnemyDuplicate,0.90,50.0,0,0.47,0,0.650,0.120,1216509171
36.10,Utility Enemy 13,Utility,RepositionAction,EnemyDuplicate,0.70,69.8,0,0.47,0,0.650,0.120,1216509171
36.10,Utility Enemy 10,Utility,Dead,EnemyDuplicate,0.00,15.5,0,0.47,16,0.554,0.509,1216509171
36.10,Utility Enemy 3,Utility,Dead,EnemyDuplicate,0.00,16.4,0,0.47,0,0.650,0.120,1216509171
36.10,Utility Enemy 5,Utility,RepositionAction,EnemyDuplicate,1.00,68.7,0,0.47,0,0.650,0.120,1216509171
36.10,Utility Enemy 8,Utility,RepositionAction,EnemyDuplicate,1.00,34.3,0,0.47,0,0.650,0.120,1216509171
36.10,Utility Enemy 12,Utility,RepositionAction,EnemyDuplicate,0.90,46.4,0,0.47,0,0.650,0.120,1216509171
36.10,Utility Enemy 1,Utility,RepositionAction,EnemyDuplicate,0.90,75.9,0,0.47,0,0.650,0.120,1216509171
36.10,Utility Enemy 9,Utility,Dead,EnemyDuplicate,0.00,14.5,0,0.47,16,0.551,0.169,1216509171
36.10,Utility Enemy 6,Utility,RepositionAction,EnemyDuplicate,1.00,35.2,0,0.47,0,0.650,0.120,1216509171
36.10,Utility Enemy 15,Utility,RepositionAction,EnemyDuplicate,1.00,23.4,0,0.47,0,1.050,0.540,1216509171
36.10,Utility Enemy 2,Utility,RepositionAction,EnemyDuplicate,1.00,50.4,0,0.47,0,0.650,0.120,1216509171
37.11,Player,Player,-,None,0.47,,0,0.47,,,,1216509171
37.11,FSM Enemy 10,FSM,PatrolState,None,1.00,32.8,0,0.47,8,,,1216509171
37.11,FSM Enemy 11,FSM,PatrolState,None,1.00,72.6,0,0.47,0,,,1216509171
37.11,FSM Enemy 7,FSM,PatrolState,None,1.00,67.5,0,0.47,0,,,1216509171
37.11,FSM Enemy 12,FSM,PatrolState,None,1.00,48.6,0,0.47,0,,,1216509171
37.11,FSM Enemy 9,FSM,PatrolState,None,1.00,37.6,0,0.47,0,,,1216509171
37.11,FSM Enemy 5,FSM,PatrolState,None,1.00,56.0,0,0.47,0,,,1216509171
37.11,FSM Enemy 1,FSM,PatrolState,None,1.00,73.1,0,0.47,0,,,1216509171
37.11,FSM Enemy 3,FSM,PatrolState,None,1.00,37.1,0,0.47,0,,,1216509171
37.11,FSM Enemy 14,FSM,Dead,None,0.00,33.2,0,0.47,0,,,1216509171
37.11,FSM Enemy 15,FSM,PatrolState,None,1.00,43.1,0,0.47,8,,,1216509171
37.11,FSM Enemy 4,FSM,PatrolState,None,1.00,26.9,0,0.47,0,,,1216509171
37.11,FSM Enemy 2,FSM,PatrolState,None,1.00,50.1,0,0.47,0,,,1216509171
37.11,FSM Enemy 13,FSM,PatrolState,None,1.00,59.6,0,0.47,0,,,1216509171
37.11,FSM Enemy 8,FSM,PatrolState,None,1.00,5.1,0,0.47,32,,,1216509171
37.11,FSM Enemy 6,FSM,PatrolState,None,1.00,38.2,0,0.47,0,,,1216509171
37.11,Utility Enemy 7,Utility,PatrolAction,None,0.70,46.4,0,0.47,0,0.120,0.000,1216509171
37.11,Utility Enemy 11,Utility,PatrolAction,None,0.90,56.0,0,0.47,0,0.120,0.000,1216509171
37.11,Utility Enemy 14,Utility,PatrolAction,None,0.80,45.3,0,0.47,0,0.120,0.000,1216509171
37.11,Utility Enemy 4,Utility,PatrolAction,None,0.90,49.5,0,0.47,0,0.120,0.000,1216509171
37.11,Utility Enemy 13,Utility,PatrolAction,None,0.70,68.7,0,0.47,0,0.120,0.000,1216509171
37.11,Utility Enemy 10,Utility,Dead,None,0.00,15.5,0,0.47,16,0.554,0.509,1216509171
37.11,Utility Enemy 3,Utility,Dead,None,0.00,16.4,0,0.47,0,0.650,0.120,1216509171
37.11,Utility Enemy 5,Utility,PatrolAction,None,1.00,69.5,0,0.47,0,0.120,0.000,1216509171
37.11,Utility Enemy 8,Utility,PatrolAction,None,1.00,35.9,0,0.47,0,0.120,0.000,1216509171
37.11,Utility Enemy 12,Utility,PatrolAction,None,0.90,43.9,0,0.47,0,0.120,0.000,1216509171
37.11,Utility Enemy 1,Utility,PatrolAction,None,0.90,78.1,0,0.47,0,0.120,0.000,1216509171
37.11,Utility Enemy 9,Utility,Dead,None,0.00,14.5,0,0.47,16,0.551,0.169,1216509171
37.11,Utility Enemy 6,Utility,PatrolAction,None,1.00,31.9,0,0.47,0,0.120,0.000,1216509171
37.11,Utility Enemy 15,Utility,PatrolAction,None,1.00,23.7,0,0.47,0,0.120,0.000,1216509171
37.11,Utility Enemy 2,Utility,PatrolAction,None,1.00,51.9,0,0.47,0,0.120,0.000,1216509171
38.11,Player,Player,-,None,0.47,,0,0.47,,,,1216509171
38.11,FSM Enemy 10,FSM,PatrolState,None,1.00,30.6,0,0.47,8,,,1216509171
38.11,FSM Enemy 11,FSM,PatrolState,None,1.00,72.9,0,0.47,0,,,1216509171
38.11,FSM Enemy 7,FSM,PatrolState,None,1.00,67.0,0,0.47,0,,,1216509171
38.11,FSM Enemy 12,FSM,PatrolState,None,1.00,46.9,0,0.47,0,,,1216509171
38.11,FSM Enemy 9,FSM,PatrolState,None,1.00,34.2,0,0.47,0,,,1216509171
38.11,FSM Enemy 5,FSM,PatrolState,None,1.00,53.4,0,0.47,0,,,1216509171
38.11,FSM Enemy 1,FSM,PatrolState,None,1.00,69.7,0,0.47,0,,,1216509171
38.11,FSM Enemy 3,FSM,PatrolState,None,1.00,37.3,0,0.47,0,,,1216509171
38.11,FSM Enemy 14,FSM,Dead,None,0.00,34.2,0,0.47,0,,,1216509171
38.11,FSM Enemy 15,FSM,PatrolState,None,1.00,41.8,0,0.47,8,,,1216509171
38.11,FSM Enemy 4,FSM,PatrolState,None,1.00,26.3,0,0.47,0,,,1216509171
38.11,FSM Enemy 2,FSM,PatrolState,None,1.00,50.9,0,0.47,0,,,1216509171
38.11,FSM Enemy 13,FSM,PatrolState,None,1.00,60.1,0,0.47,0,,,1216509171
38.11,FSM Enemy 8,FSM,Dead,None,0.00,5.0,0,0.47,32,,,1216509171
38.11,FSM Enemy 6,FSM,PatrolState,None,1.00,39.5,0,0.47,0,,,1216509171
38.11,Utility Enemy 7,Utility,PatrolAction,None,0.70,49.0,0,0.47,0,0.120,0.000,1216509171
38.11,Utility Enemy 11,Utility,PatrolAction,None,0.90,58.4,0,0.47,0,0.120,0.000,1216509171
38.11,Utility Enemy 14,Utility,PatrolAction,None,0.80,43.9,0,0.47,0,0.120,0.000,1216509171
38.11,Utility Enemy 4,Utility,PatrolAction,None,0.90,44.6,0,0.47,0,0.120,0.000,1216509171
38.11,Utility Enemy 13,Utility,PatrolAction,None,0.70,71.3,0,0.47,0,0.120,0.000,1216509171
38.11,Utility Enemy 10,Utility,Dead,None,0.00,15.1,0,0.47,16,0.554,0.509,1216509171
38.11,Utility Enemy 3,Utility,Dead,None,0.00,17.5,0,0.47,0,0.650,0.120,1216509171
38.11,Utility Enemy 5,Utility,PatrolAction,None,1.00,67.2,0,0.47,0,0.120,0.000,1216509171
38.11,Utility Enemy 8,Utility,PatrolAction,None,1.00,38.5,0,0.47,0,0.120,0.000,1216509171
38.11,Utility Enemy 12,Utility,PatrolAction,None,0.90,42.5,0,0.47,0,0.120,0.000,1216509171
38.11,Utility Enemy 1,Utility,PatrolAction,None,0.90,72.8,0,0.47,0,0.120,0.000,1216509171
38.11,Utility Enemy 9,Utility,Dead,None,0.00,14.2,0,0.47,16,0.551,0.169,1216509171
38.11,Utility Enemy 6,Utility,PatrolAction,None,1.00,30.3,0,0.47,0,0.120,0.000,1216509171
38.11,Utility Enemy 15,Utility,PatrolAction,None,1.00,19.7,0,0.47,0,0.120,0.000,1216509171
38.11,Utility Enemy 2,Utility,PatrolAction,None,1.00,46.8,0,0.47,0,0.120,0.000,1216509171
39.11,Player,Player,-,None,0.47,,0,0.47,,,,1216509171
39.11,FSM Enemy 10,FSM,PatrolState,None,1.00,28.7,0,0.47,8,,,1216509171
39.11,FSM Enemy 11,FSM,PatrolState,None,1.00,74.6,0,0.47,0,,,1216509171
39.11,FSM Enemy 7,FSM,PatrolState,None,1.00,65.4,0,0.47,0,,,1216509171
39.11,FSM Enemy 12,FSM,PatrolState,None,1.00,44.5,0,0.47,0,,,1216509171
39.11,FSM Enemy 9,FSM,PatrolState,None,1.00,32.2,0,0.47,0,,,1216509171
39.11,FSM Enemy 5,FSM,PatrolState,None,1.00,52.2,0,0.47,0,,,1216509171
39.11,FSM Enemy 1,FSM,PatrolState,None,1.00,67.5,0,0.47,0,,,1216509171
39.11,FSM Enemy 3,FSM,PatrolState,None,1.00,39.7,0,0.47,0,,,1216509171
39.11,FSM Enemy 14,FSM,Dead,None,0.00,34.0,0,0.47,0,,,1216509171
39.11,FSM Enemy 15,FSM,PatrolState,None,1.00,41.9,0,0.47,8,,,1216509171
39.11,FSM Enemy 4,FSM,PatrolState,None,1.00,25.9,0,0.47,0,,,1216509171
39.11,FSM Enemy 2,FSM,PatrolState,None,1.00,50.9,0,0.47,0,,,1216509171
39.11,FSM Enemy 13,FSM,PatrolState,None,1.00,62.0,0,0.47,0,,,1216509171
39.11,FSM Enemy 8,FSM,Dead,None,0.00,4.8,0,0.47,32,,,1216509171
39.11,FSM Enemy 6,FSM,PatrolState,None,1.00,40.8,0,0.47,0,,,1216509171
39.11,Utility Enemy 7,Utility,PatrolAction,None,0.70,52.6,0,0.47,0,0.120,0.000,1216509171
39.11,Utility Enemy 11,Utility,PatrolAction,None,0.90,59.4,0,0.47,0,0.120,0.000,1216509171
39.11,Utility Enemy 14,Utility,PatrolAction,None,0.80,40.9,0,0.47,0,0.120,0.000,1216509171
39.11,Utility Enemy 4,Utility,PatrolAction,None,0.90,41.5,0,0.47,0,0.120,0.000,1216509171
39.11,Utility Enemy 13,Utility,PatrolAction,None,0.70,73.0,0,0.47,0,0.120,0.000,1216509171
39.11,Utility Enemy 10,Utility,Dead,None,0.00,15.3,0,0.47,16,0.554,0.509,1216509171
39.11,Utility Enemy 3,Utility,Dead,None,0.00,17.3,0,0.47,0,0.650,0.120,1216509171
39.11,Utility Enemy 5,Utility,PatrolAction,None,1.00,64.4,0,0.47,0,0.120,0.000,1216509171
39.11,Utility Enemy 8,Utility,PatrolAction,None,1.00,39.6,0,0.47,0,0.120,0.000,1216509171
39.11,Utility Enemy 12,Utility,PatrolAction,None,0.90,40.4,0,0.47,0,0.120,0.000,1216509171
39.11,Utility Enemy 1,Utility,PatrolAction,None,0.90,68.9,0,0.47,0,0.120,0.000,1216509171
39.11,Utility Enemy 9,Utility,Dead,None,0.00,14.4,0,0.47,16,0.551,0.169,1216509171
39.11,Utility Enemy 6,Utility,PatrolAction,None,1.00,31.3,0,0.47,0,0.120,0.000,1216509171
39.11,Utility Enemy 15,Utility,PatrolAction,None,1.00,16.5,0,0.47,0,0.120,0.000,1216509171
39.11,Utility Enemy 2,Utility,PatrolAction,None,1.00,48.4,0,0.47,0,0.120,0.000,1216509171
40.11,Player,Player,-,None,0.47,,0,0.47,,,,1216509171
40.11,FSM Enemy 10,FSM,PatrolState,None,1.00,26.4,0,0.47,8,,,1216509171
40.11,FSM Enemy 11,FSM,PatrolState,None,1.00,73.3,0,0.47,0,,,1216509171
40.11,FSM Enemy 7,FSM,PatrolState,None,1.00,63.9,0,0.47,0,,,1216509171
40.11,FSM Enemy 12,FSM,PatrolState,None,1.00,42.5,0,0.47,0,,,1216509171
40.11,FSM Enemy 9,FSM,PatrolState,None,1.00,30.2,0,0.47,0,,,1216509171
40.11,FSM Enemy 5,FSM,PatrolState,None,1.00,51.9,0,0.47,0,,,1216509171
40.11,FSM Enemy 1,FSM,PatrolState,None,1.00,65.8,0,0.47,0,,,1216509171
40.11,FSM Enemy 3,FSM,PatrolState,None,1.00,41.5,0,0.47,0,,,1216509171
40.11,FSM Enemy 14,FSM,Dead,None,0.00,33.4,0,0.47,0,,,1216509171
40.11,FSM Enemy 15,FSM,PatrolState,None,1.00,43.2,0,0.47,8,,,1216509171
40.11,FSM Enemy 4,FSM,PatrolState,None,1.00,25.9,0,0.47,0,,,1216509171
40.11,FSM Enemy 2,FSM,PatrolState,None,1.00,50.5,0,0.47,0,,,1216509171
40.11,FSM Enemy 13,FSM,PatrolState,None,1.00,64.1,0,0.47,0,,,1216509171
40.11,FSM Enemy 8,FSM,Dead,None,0.00,4.2,0,0.47,32,,,1216509171
40.11,FSM Enemy 6,FSM,PatrolState,None,1.00,43.3,0,0.47,0,,,1216509171
40.11,Utility Enemy 7,Utility,PatrolAction,None,0.70,56.8,0,0.47,0,0.120,0.000,1216509171
40.11,Utility Enemy 11,Utility,PatrolAction,None,0.90,59.3,0,0.47,0,0.120,0.000,1216509171
40.11,Utility Enemy 14,Utility,PatrolAction,None,0.80,37.5,0,0.47,0,0.120,0.000,1216509171
40.11,Utility Enemy 4,Utility,PatrolAction,None,0.90,44.3,0,0.47,0,0.120,0.000,1216509171
40.11,Utility Enemy 13,Utility,PatrolAction,None,0.70,70.3,0,0.47,0,0.120,0.000,1216509171
40.11,Utility Enemy 10,Utility,PatrolAction,None,1.00,45.3,0,0.47,16,0.120,0.000,1216509171
40.11,Utility Enemy 3,Utility,Dead,None,0.00,16.8,0,0.47,0,0.650,0.120,1216509171
40.11,Utility Enemy 5,Utility,PatrolAction,None,1.00,64.1,0,0.47,0,0.120,0.000,1216509171
40.11,Utility Enemy 8,Utility,PatrolAction,None,1.00,41.1,0,0.47,0,0.120,0.000,1216509171
40.11,Utility Enemy 12,Utility,PatrolAction,None,0.90,38.4,0,0.47,0,0.120,0.000,1216509171
40.11,Utility Enemy 1,Utility,PatrolAction,None,0.90,64.4,0,0.47,0,0.120,0.000,1216509171
40.11,Utility Enemy 9,Utility,Dead,None,0.00,15.0,0,0.47,16,0.551,0.169,1216509171
40.11,Utility Enemy 6,Utility,PatrolAction,None,1.00,35.7,0,0.47,0,0.120,0.000,1216509171
40.11,Utility Enemy 15,Utility,PatrolAction,None,1.00,13.9,0,0.47,0,0.120,0.000,1216509171
40.11,Utility Enemy 2,Utility,PatrolAction,None,1.00,52.5,0,0.47,0,0.120,0.000,1216509171
41.12,Player,Player,-,TimeStutter,0.47,,0,0.47,,,,1216509171
41.12,FSM Enemy 10,FSM,FrozenState,TimeStutter,1.00,26.1,0,0.47,8,,,1216509171
41.12,FSM Enemy 11,FSM,FrozenState,TimeStutter,1.00,72.3,0,0.47,0,,,1216509171
41.12,FSM Enemy 7,FSM,FrozenState,TimeStutter,1.00,63.0,0,0.47,0,,,1216509171
41.12,FSM Enemy 12,FSM,FrozenState,TimeStutter,1.00,40.6,0,0.47,0,,,1216509171
41.12,FSM Enemy 9,FSM,FrozenState,TimeStutter,1.00,29.9,0,0.47,0,,,1216509171
41.12,FSM Enemy 5,FSM,FrozenState,TimeStutter,1.00,53.3,0,0.47,0,,,1216509171
41.12,FSM Enemy 1,FSM,FrozenState,TimeStutter,1.00,66.1,0,0.47,0,,,1216509171
41.12,FSM Enemy 3,FSM,FrozenState,TimeStutter,1.00,43.3,0,0.47,0,,,1216509171
41.12,FSM Enemy 14,FSM,Dead,TimeStutter,0.00,33.3,0,0.47,0,,,1216509171
41.12,FSM Enemy 15,FSM,FrozenState,TimeStutter,1.00,43.9,0,0.47,8,,,1216509171
41.12,FSM Enemy 4,FSM,FrozenState,TimeStutter,1.00,25.3,0,0.47,0,,,1216509171
41.12,FSM Enemy 2,FSM,FrozenState,TimeStutter,1.00,50.7,0,0.47,0,,,1216509171
41.12,FSM Enemy 13,FSM,FrozenState,TimeStutter,1.00,65.3,0,0.47,0,,,1216509171
41.12,FSM Enemy 8,FSM,Dead,TimeStutter,0.00,4.5,0,0.47,32,,,1216509171
41.12,FSM Enemy 6,FSM,FrozenState,TimeStutter,1.00,43.7,0,0.47,0,,,1216509171
41.12,Utility Enemy 7,Utility,FreezeAction,TimeStutter,0.70,58.4,0,0.47,0,100.000,0.120,1216509171
41.12,Utility Enemy 11,Utility,FreezeAction,TimeStutter,0.90,59.3,0,0.47,0,100.000,0.120,1216509171
41.12,Utility Enemy 14,Utility,FreezeAction,TimeStutter,0.80,35.7,0,0.47,0,100.000,0.120,1216509171
41.12,Utility Enemy 4,Utility,FreezeAction,TimeStutter,0.90,45.6,0,0.47,0,100.000,0.120,1216509171
41.12,Utility Enemy 13,Utility,FreezeAction,TimeStutter,0.70,69.0,0,0.47,0,100.000,0.120,1216509171
41.12,Utility Enemy 10,Utility,FreezeAction,TimeStutter,1.00,43.9,0,0.47,16,100.000,0.120,1216509171
41.12,Utility Enemy 3,Utility,Dead,TimeStutter,0.00,16.6,0,0.47,0,0.650,0.120,1216509171
41.12,Utility Enemy 5,Utility,FreezeAction,TimeStutter,1.00,65.8,0,0.47,0,100.000,0.120,1216509171
41.12,Utility Enemy 8,Utility,FreezeAction,TimeStutter,1.00,44.3,0,0.47,0,100.000,0.120,1216509171
41.12,Utility Enemy 12,Utility,FreezeAction,TimeStutter,0.90,37.4,0,0.47,0,100.000,0.120,1216509171
41.12,Utility Enemy 1,Utility,FreezeAction,TimeStutter,0.90,62.5,0,0.47,0,100.000,0.120,1216509171
41.12,Utility Enemy 9,Utility,FreezeAction,TimeStutter,1.00,33.9,0,0.47,16,1.000,0.120,1216509171
41.12,Utility Enemy 6,Utility,FreezeAction,TimeStutter,1.00,38.4,0,0.47,0,100.000,0.120,1216509171
41.12,Utility Enemy 15,Utility,FreezeAction,TimeStutter,1.00,13.9,0,0.47,0,100.000,0.120,1216509171
41.12,Utility Enemy 2,Utility,FreezeAction,TimeStutter,1.00,55.8,0,0.47,0,100.000,0.120,1216509171
42.12,Player,Player,-,TimeStutter,0.47,,0,0.47,,,,1216509171
42.12,FSM Enemy 10,FSM,FrozenState,TimeStutter,1.00,26.1,0,0.47,8,,,1216509171
42.12,FSM Enemy 11,FSM,FrozenState,TimeStutter,1.00,72.4,0,0.47,0,,,1216509171
42.12,FSM Enemy 7,FSM,FrozenState,TimeStutter,1.00,63.1,0,0.47,0,,,1216509171
42.12,FSM Enemy 12,FSM,FrozenState,TimeStutter,1.00,40.5,0,0.47,0,,,1216509171
42.12,FSM Enemy 9,FSM,FrozenState,TimeStutter,1.00,30.0,0,0.47,0,,,1216509171
42.12,FSM Enemy 5,FSM,FrozenState,TimeStutter,1.00,53.5,0,0.47,0,,,1216509171
42.12,FSM Enemy 1,FSM,FrozenState,TimeStutter,1.00,66.2,0,0.47,0,,,1216509171
42.12,FSM Enemy 3,FSM,FrozenState,TimeStutter,1.00,43.4,0,0.47,0,,,1216509171
42.12,FSM Enemy 14,FSM,Dead,TimeStutter,0.00,33.2,0,0.47,0,,,1216509171
42.12,FSM Enemy 15,FSM,FrozenState,TimeStutter,1.00,44.0,0,0.47,8,,,1216509171
42.12,FSM Enemy 4,FSM,FrozenState,TimeStutter,1.00,25.2,0,0.47,0,,,1216509171
42.12,FSM Enemy 2,FSM,FrozenState,TimeStutter,1.00,50.7,0,0.47,0,,,1216509171
42.12,FSM Enemy 13,FSM,FrozenState,TimeStutter,1.00,65.4,0,0.47,0,,,1216509171
42.12,FSM Enemy 8,FSM,Dead,TimeStutter,0.00,4.5,0,0.47,32,,,1216509171
42.12,FSM Enemy 6,FSM,FrozenState,TimeStutter,1.00,43.6,0,0.47,0,,,1216509171
42.12,Utility Enemy 7,Utility,FreezeAction,TimeStutter,0.70,58.3,0,0.47,0,100.000,0.120,1216509171
42.12,Utility Enemy 11,Utility,FreezeAction,TimeStutter,0.90,59.5,0,0.47,0,100.000,0.120,1216509171
42.12,Utility Enemy 14,Utility,FreezeAction,TimeStutter,0.80,35.6,0,0.47,0,100.000,0.120,1216509171
42.12,Utility Enemy 4,Utility,FreezeAction,TimeStutter,0.90,45.7,0,0.47,0,100.000,0.120,1216509171
42.12,Utility Enemy 13,Utility,FreezeAction,TimeStutter,0.70,69.1,0,0.47,0,100.000,0.120,1216509171
42.12,Utility Enemy 10,Utility,FreezeAction,TimeStutter,1.00,44.0,0,0.47,16,100.000,0.120,1216509171
42.12,Utility Enemy 3,Utility,Dead,TimeStutter,0.00,16.5,0,0.47,0,0.650,0.120,1216509171
42.12,Utility Enemy 5,Utility,FreezeAction,TimeStutter,1.00,65.9,0,0.47,0,100.000,0.120,1216509171
42.12,Utility Enemy 8,Utility,FreezeAction,TimeStutter,1.00,44.4,0,0.47,0,100.000,0.120,1216509171
42.12,Utility Enemy 12,Utility,FreezeAction,TimeStutter,0.90,37.5,0,0.47,0,100.000,0.120,1216509171
42.12,Utility Enemy 1,Utility,FreezeAction,TimeStutter,0.90,62.6,0,0.47,0,100.000,0.120,1216509171
42.12,Utility Enemy 9,Utility,FreezeAction,TimeStutter,1.00,33.8,0,0.47,16,1.000,0.120,1216509171
42.12,Utility Enemy 6,Utility,FreezeAction,TimeStutter,1.00,38.5,0,0.47,0,100.000,0.120,1216509171
42.12,Utility Enemy 15,Utility,FreezeAction,TimeStutter,1.00,14.0,0,0.47,0,100.000,0.120,1216509171
42.12,Utility Enemy 2,Utility,FreezeAction,TimeStutter,1.00,55.9,0,0.47,0,100.000,0.120,1216509171
43.12,Player,Player,-,TimeStutter,0.47,,0,0.47,,,,1216509171
43.12,FSM Enemy 10,FSM,FrozenState,TimeStutter,1.00,21.4,0,0.47,8,,,1216509171
43.12,FSM Enemy 11,FSM,FrozenState,TimeStutter,1.00,75.4,0,0.47,0,,,1216509171
43.12,FSM Enemy 7,FSM,FrozenState,TimeStutter,1.00,66.3,0,0.47,0,,,1216509171
43.12,FSM Enemy 12,FSM,FrozenState,TimeStutter,1.00,44.7,0,0.47,0,,,1216509171
43.12,FSM Enemy 9,FSM,FrozenState,TimeStutter,1.00,29.5,0,0.47,0,,,1216509171
43.12,FSM Enemy 5,FSM,FrozenState,TimeStutter,1.00,52.9,0,0.47,0,,,1216509171
43.12,FSM Enemy 1,FSM,FrozenState,TimeStutter,1.00,63.7,0,0.47,0,,,1216509171
43.12,FSM Enemy 3,FSM,FrozenState,TimeStutter,1.00,39.2,0,0.47,0,,,1216509171
43.12,FSM Enemy 14,FSM,Dead,TimeStutter,0.00,30.5,0,0.47,0,,,1216509171
43.12,FSM Enemy 15,FSM,FrozenState,TimeStutter,1.00,46.5,0,0.47,8,,,1216509171
43.12,FSM Enemy 4,FSM,FrozenState,TimeStutter,1.00,27.4,0,0.47,0,,,1216509171
43.12,FSM Enemy 2,FSM,FrozenState,TimeStutter,1.00,46.3,0,0.47,0,,,1216509171
43.12,FSM Enemy 13,FSM,FrozenState,TimeStutter,1.00,66.8,0,0.47,0,,,1216509171
43.12,FSM Enemy 8,FSM,Dead,TimeStutter,0.00,0.6,1,0.47,32,,,1216509171
43.12,FSM Enemy 6,FSM,FrozenState,TimeStutter,1.00,48.1,0,0.47,0,,,1216509171
43.12,Utility Enemy 7,Utility,FreezeAction,TimeStutter,0.70,62.2,0,0.47,0,100.000,0.120,1216509171
43.12,Utility Enemy 11,Utility,FreezeAction,TimeStutter,0.90,61.9,0,0.47,0,100.000,0.120,1216509171
43.12,Utility Enemy 14,Utility,FreezeAction,TimeStutter,0.80,33.4,0,0.47,0,100.000,0.120,1216509171
43.12,Utility Enemy 4,Utility,FreezeAction,TimeStutter,0.90,45.7,0,0.47,0,100.000,0.120,1216509171
43.12,Utility Enemy 13,Utility,FreezeAction,TimeStutter,0.70,72.7,0,0.47,0,100.000,0.120,1216509171
43.12,Utility Enemy 10,Utility,FreezeAction,TimeStutter,1.00,46.5,0,0.47,16,100.000,0.120,1216509171
43.12,Utility Enemy 3,Utility,Dead,TimeStutter,0.00,14.8,0,0.47,0,0.650,0.120,1216509171
43.12,Utility Enemy 5,Utility,FreezeAction,TimeStutter,1.00,63.9,0,0.47,0,100.000,0.120,1216509171
43.12,Utility Enemy 8,Utility,FreezeAction,TimeStutter,1.00,41.7,0,0.47,0,100.000,0.120,1216509171
43.12,Utility Enemy 12,Utility,FreezeAction,TimeStutter,0.90,41.7,0,0.47,0,100.000,0.120,1216509171
43.12,Utility Enemy 1,Utility,FreezeAction,TimeStutter,0.90,59.9,0,0.47,0,100.000,0.120,1216509171
43.12,Utility Enemy 9,Utility,FreezeAction,TimeStutter,1.00,29.3,0,0.47,16,1.000,0.120,1216509171
43.12,Utility Enemy 6,Utility,FreezeAction,TimeStutter,1.00,41.3,0,0.47,0,100.000,0.120,1216509171
43.12,Utility Enemy 15,Utility,FreezeAction,TimeStutter,1.00,9.9,0,0.47,0,100.000,0.120,1216509171
43.12,Utility Enemy 2,Utility,FreezeAction,TimeStutter,1.00,52.8,0,0.47,0,100.000,0.120,1216509171
44.12,Player,Player,-,TimeStutter,0.47,,0,0.47,,,,1216509171
44.12,FSM Enemy 10,FSM,FrozenState,TimeStutter,1.00,17.8,0,0.47,8,,,1216509171
44.12,FSM Enemy 11,FSM,FrozenState,TimeStutter,1.00,73.8,0,0.47,0,,,1216509171
44.12,FSM Enemy 7,FSM,FrozenState,TimeStutter,1.00,65.1,0,0.47,0,,,1216509171
44.12,FSM Enemy 12,FSM,FrozenState,TimeStutter,1.00,50.1,0,0.47,0,,,1216509171
44.12,FSM Enemy 9,FSM,FrozenState,TimeStutter,1.00,24.6,0,0.47,0,,,1216509171
44.12,FSM Enemy 5,FSM,FrozenState,TimeStutter,1.00,47.7,0,0.47,0,,,1216509171
44.12,FSM Enemy 1,FSM,FrozenState,TimeStutter,1.00,57.6,0,0.47,0,,,1216509171
44.12,FSM Enemy 3,FSM,FrozenState,TimeStutter,1.00,33.8,0,0.47,0,,,1216509171
44.12,FSM Enemy 14,FSM,Dead,TimeStutter,0.00,33.5,0,0.47,0,,,1216509171
44.12,FSM Enemy 15,FSM,FrozenState,TimeStutter,1.00,44.5,0,0.47,8,,,1216509171
44.12,FSM Enemy 4,FSM,FrozenState,TimeStutter,1.00,33.4,0,0.47,0,,,1216509171
44.12,FSM Enemy 2,FSM,FrozenState,TimeStutter,1.00,45.8,0,0.47,0,,,1216509171
44.12,FSM Enemy 13,FSM,FrozenState,TimeStutter,1.00,63.2,0,0.47,0,,,1216509171
44.12,FSM Enemy 8,FSM,Dead,TimeStutter,0.00,6.6,1,0.47,32,,,1216509171
44.12,FSM Enemy 6,FSM,FrozenState,TimeStutter,1.00,53.1,0,0.47,0,,,1216509171
44.12,Utility Enemy 7,Utility,FreezeAction,TimeStutter,0.70,67.9,0,0.47,0,100.000,0.120,1216509171
44.12,Utility Enemy 11,Utility,FreezeAction,TimeStutter,0.90,59.7,0,0.47,0,100.000,0.120,1216509171
44.12,Utility Enemy 14,Utility,FreezeAction,TimeStutter,0.80,37.1,0,0.47,0,100.000,0.120,1216509171
44.12,Utility Enemy 4,Utility,FreezeAction,TimeStutter,0.90,41.0,0,0.47,0,100.000,0.120,1216509171
44.12,Utility Enemy 13,Utility,FreezeAction,TimeStutter,0.70,72.3,0,0.47,0,100.000,0.120,1216509171
44.12,Utility Enemy 10,Utility,FreezeAction,TimeStutter,1.00,44.6,0,0.47,16,100.000,0.120,1216509171
44.12,Utility Enemy 3,Utility,Dead,TimeStutter,0.00,19.5,0,0.47,0,0.650,0.120,1216509171
44.12,Utility Enemy 5,Utility,FreezeAction,TimeStutter,1.00,57.9,0,0.47,0,100.000,0.120,1216509171
44.12,Utility Enemy 8,Utility,FreezeAction,TimeStutter,1.00,35.6,0,0.47,0,100.000,0.120,1216509171
44.12,Utility Enemy 12,Utility,FreezeAction,TimeStutter,0.90,42.8,0,0.47,0,100.000,0.120,1216509171
44.12,Utility Enemy 1,Utility,FreezeAction,TimeStutter,0.90,53.8,0,0.47,0,100.000,0.120,1216509171
44.12,Utility Enemy 9,Utility,FreezeAction,TimeStutter,1.00,28.5,0,0.47,16,1.000,0.120,1216509171
44.12,Utility Enemy 6,Utility,FreezeAction,TimeStutter,1.00,39.9,0,0.47,0,100.000,0.120,1216509171
44.12,Utility Enemy 15,Utility,FreezeAction,TimeStutter,0.50,4.6,0,0.47,0,100.000,0.120,1216509171
44.12,Utility Enemy 2,Utility,FreezeAction,TimeStutter,1.00,46.8,0,0.47,0,100.000,0.120,1216509171
45.12,Player,Player,-,TimeStutter,0.47,,0,0.47,,,,1216509171
45.12,FSM Enemy 10,FSM,FrozenState,TimeStutter,1.00,16.4,0,0.47,8,,,1216509171
45.12,FSM Enemy 11,FSM,FrozenState,TimeStutter,1.00,72.8,0,0.47,0,,,1216509171
45.12,FSM Enemy 7,FSM,FrozenState,TimeStutter,1.00,64.4,0,0.47,0,,,1216509171
45.12,FSM Enemy 12,FSM,FrozenState,TimeStutter,1.00,53.7,0,0.47,0,,,1216509171
45.12,FSM Enemy 9,FSM,FrozenState,TimeStutter,1.00,21.5,0,0.47,0,,,1216509171
45.12,FSM Enemy 5,FSM,FrozenState,TimeStutter,1.00,44.2,0,0.47,0,,,1216509171
45.12,FSM Enemy 1,FSM,FrozenState,TimeStutter,1.00,53.5,0,0.47,0,,,1216509171
45.12,FSM Enemy 3,FSM,FrozenState,TimeStutter,1.00,30.6,0,0.47,0,,,1216509171
45.12,FSM Enemy 14,FSM,Dead,TimeStutter,0.00,36.2,0,0.47,0,,,1216509171
45.12,FSM Enemy 15,FSM,FrozenState,TimeStutter,1.00,43.4,0,0.47,8,,,1216509171
45.12,FSM Enemy 4,FSM,FrozenState,TimeStutter,1.00,37.5,0,0.47,0,,,1216509171
45.12,FSM Enemy 2,FSM,FrozenState,TimeStutter,1.00,46.2,0,0.47,0,,,1216509171
45.12,FSM Enemy 13,FSM,FrozenState,TimeStutter,1.00,60.8,0,0.47,0,,,1216509171
45.12,FSM Enemy 8,FSM,Dead,TimeStutter,0.00,10.7,1,0.47,32,,,1216509171
45.12,FSM Enemy 6,FSM,FrozenState,TimeStutter,1.00,56.5,0,0.47,0,,,1216509171
45.12,Utility Enemy 7,Utility,FreezeAction,TimeStutter,0.70,71.5,0,0.47,0,100.000,0.120,1216509171
45.12,Utility Enemy 11,Utility,FreezeAction,TimeStutter,0.90,58.3,0,0.47,0,100.000,0.120,1216509171
45.12,Utility Enemy 14,Utility,FreezeAction,TimeStutter,0.80,40.0,0,0.47,0,100.000,0.120,1216509171
45.12,Utility Enemy 4,Utility,FreezeAction,TimeStutter,0.90,37.9,0,0.47,0,100.000,0.120,1216509171
45.12,Utility Enemy 13,Utility,FreezeAction,TimeStutter,0.70,72.0,0,0.47,0,100.000,0.120,1216509171
45.12,Utility Enemy 10,Utility,FreezeAction,TimeStutter,1.00,43.5,0,0.47,16,100.000,0.120,1216509171
45.12,Utility Enemy 3,Utility,FreezeAction,TimeStutter,1.00,31.0,0,0.47,0,1.000,0.120,1216509171
45.12,Utility Enemy 5,Utility,FreezeAction,TimeStutter,1.00,53.9,0,0.47,0,100.000,0.120,1216509171
45.12,Utility Enemy 8,Utility,FreezeAction,TimeStutter,1.00,31.6,0,0.47,0,100.000,0.120,1216509171
45.12,Utility Enemy 12,Utility,FreezeAction,TimeStutter,0.90,43.8,0,0.47,0,100.000,0.120,1216509171
45.12,Utility Enemy 1,Utility,FreezeAction,TimeStutter,0.90,49.8,0,0.47,0,100.000,0.120,1216509171
45.12,Utility Enemy 9,Utility,FreezeAction,TimeStutter,1.00,28.9,0,0.47,16,1.000,0.120,1216509171
45.12,Utility Enemy 6,Utility,FreezeAction,TimeStutter,1.00,39.2,0,0.47,0,100.000,0.120,1216509171
45.12,Utility Enemy 15,Utility,Dead,TimeStutter,0.00,3.5,0,0.47,0,100.000,0.120,1216509171
45.12,Utility Enemy 2,Utility,FreezeAction,TimeStutter,1.00,42.8,0,0.47,0,100.000,0.120,1216509171
46.12,Player,Player,-,None,0.47,,0,0.47,,,,1216509171
46.12,FSM Enemy 10,FSM,PatrolState,None,1.00,21.9,0,0.47,8,,,1216509171
46.12,FSM Enemy 11,FSM,PatrolState,None,1.00,66.3,0,0.47,0,,,1216509171
46.12,FSM Enemy 7,FSM,PatrolState,None,1.00,58.2,0,0.47,0,,,1216509171
46.12,FSM Enemy 12,FSM,PatrolState,None,1.00,52.0,0,0.47,0,,,1216509171
46.12,FSM Enemy 9,FSM,AttackState,None,1.00,17.2,1,0.47,0,,,1216509171
46.12,FSM Enemy 5,FSM,PatrolState,None,1.00,43.2,0,0.47,0,,,1216509171
46.12,FSM Enemy 1,FSM,PatrolState,None,1.00,55.7,0,0.47,0,,,1216509171
46.12,FSM Enemy 3,FSM,PatrolState,None,1.00,36.1,0,0.47,0,,,1216509171
46.12,FSM Enemy 14,FSM,Dead,None,0.00,40.2,0,0.47,0,,,1216509171
46.12,FSM Enemy 15,FSM,PatrolState,None,1.00,38.8,0,0.47,8,,,1216509171
46.12,FSM Enemy 4,FSM,PatrolState,None,1.00,38.0,0,0.47,0,,,1216509171
46.12,FSM Enemy 2,FSM,PatrolState,None,1.00,52.0,0,0.47,0,,,1216509171
46.12,FSM Enemy 13,FSM,PatrolState,None,1.00,56.8,0,0.47,0,,,1216509171
46.12,FSM Enemy 8,FSM,Dead,None,0.00,11.4,1,0.47,32,,,1216509171
46.12,FSM Enemy 6,FSM,PatrolState,None,1.00,52.7,0,0.47,0,,,1216509171
46.12,Utility Enemy 7,Utility,PatrolAction,None,0.70,67.9,0,0.47,0,0.120,0.000,1216509171
46.12,Utility Enemy 11,Utility,PatrolAction,None,0.90,52.6,0,0.47,0,0.120,0.000,1216509171
46.12,Utility Enemy 14,Utility,PatrolAction,None,0.80,42.4,0,0.47,0,0.120,0.000,1216509171
46.12,Utility Enemy 4,Utility,PatrolAction,None,0.90,36.0,0,0.47,0,0.120,0.000,1216509171
46.12,Utility Enemy 13,Utility,PatrolAction,None,0.70,67.0,0,0.47,0,0.120,0.000,1216509171
46.12,Utility Enemy 10,Utility,PatrolAction,None,1.00,37.1,0,0.47,16,0.120,0.000,1216509171
46.12,Utility Enemy 3,Utility,PatrolAction,None,1.00,29.7,0,0.47,0,0.120,0.000,1216509171
46.12,Utility Enemy 5,Utility,PatrolAction,None,1.00,54.4,0,0.47,0,0.120,0.000,1216509171
46.12,Utility Enemy 8,Utility,PatrolAction,None,1.00,34.0,0,0.47,0,0.120,0.000,1216509171
46.12,Utility Enemy 12,Utility,PatrolAction,None,0.90,37.5,0,0.47,0,0.120,0.000,1216509171
46.12,Utility Enemy 1,Utility,PatrolAction,None,0.90,51.4,0,0.47,0,0.120,0.000,1216509171
46.12,Utility Enemy 9,Utility,PatrolAction,None,1.00,33.7,0,0.47,16,0.120,0.000,1216509171
46.12,Utility Enemy 6,Utility,PatrolAction,None,1.00,33.3,0,0.47,0,0.120,0.000,1216509171
46.12,Utility Enemy 15,Utility,Dead,None,0.00,9.1,0,0.47,0,100.000,0.120,1216509171
46.12,Utility Enemy 2,Utility,PatrolAction,None,1.00,45.4,0,0.47,0,0.120,0.000,1216509171
47.13,Player,Player,-,None,0.47,,0,0.47,,,,1216509171
47.13,FSM Enemy 10,FSM,PatrolState,None,1.00,27.4,0,0.47,8,,,1216509171
47.13,FSM Enemy 11,FSM,PatrolState,None,1.00,58.9,0,0.47,0,,,1216509171
47.13,FSM Enemy 7,FSM,PatrolState,None,1.00,52.2,0,0.47,0,,,1216509171
47.13,FSM Enemy 12,FSM,PatrolState,None,1.00,56.6,0,0.47,0,,,1216509171
47.13,FSM Enemy 9,FSM,AttackState,None,0.50,11.2,1,0.47,0,,,1216509171
47.13,FSM Enemy 5,FSM,PatrolState,None,1.00,40.2,0,0.47,0,,,1216509171
47.13,FSM Enemy 1,FSM,PatrolState,None,1.00,55.0,0,0.47,0,,,1216509171
47.13,FSM Enemy 3,FSM,PatrolState,None,1.00,38.8,0,0.47,0,,,1216509171
47.13,FSM Enemy 14,FSM,Dead,None,0.00,46.2,0,0.47,0,,,1216509171
47.13,FSM Enemy 15,FSM,PatrolState,None,1.00,35.4,0,0.47,8,,,1216509171
47.13,FSM Enemy 4,FSM,PatrolState,None,1.00,44.3,0,0.47,0,,,1216509171
47.13,FSM Enemy 2,FSM,PatrolState,None,1.00,57.6,0,0.47,0,,,1216509171
47.13,FSM Enemy 13,FSM,PatrolState,None,1.00,51.4,0,0.47,0,,,1216509171
47.13,FSM Enemy 8,FSM,Dead,None,0.00,17.2,1,0.47,32,,,1216509171
47.13,FSM Enemy 6,FSM,PatrolState,None,1.00,53.4,0,0.47,0,,,1216509171
47.13,Utility Enemy 7,Utility,PatrolAction,None,0.70,66.7,0,0.47,0,0.120,0.000,1216509171
47.13,Utility Enemy 11,Utility,PatrolAction,None,0.90,45.9,0,0.47,0,0.120,0.000,1216509171
47.13,Utility Enemy 14,Utility,PatrolAction,None,0.80,45.1,0,0.47,0,0.120,0.000,1216509171
47.13,Utility Enemy 4,Utility,PatrolAction,None,0.90,34.6,0,0.47,0,0.120,0.000,1216509171
47.13,Utility Enemy 13,Utility,PatrolAction,None,0.70,64.8,0,0.47,0,0.120,0.000,1216509171
47.13,Utility Enemy 10,Utility,PatrolAction,None,1.00,28.0,0,0.47,16,0.120,0.000,1216509171
47.13,Utility Enemy 3,Utility,PatrolAction,None,1.00,36.1,0,0.47,0,0.120,0.000,1216509171
47.13,Utility Enemy 5,Utility,PatrolAction,None,1.00,51.6,0,0.47,0,0.120,0.000,1216509171
47.13,Utility Enemy 8,Utility,PatrolAction,None,1.00,33.1,0,0.47,0,0.120,0.000,1216509171
47.13,Utility Enemy 12,Utility,PatrolAction,None,0.90,30.9,0,0.47,0,0.120,0.000,1216509171
47.13,Utility Enemy 1,Utility,PatrolAction,None,0.90,50.6,0,0.47,0,0.120,0.000,1216509171
47.13,Utility Enemy 9,Utility,PatrolAction,None,1.00,34.6,0,0.47,16,0.120,0.000,1216509171
47.13,Utility Enemy 6,Utility,PatrolAction,None,1.00,27.4,0,0.47,0,0.120,0.000,1216509171
47.13,Utility Enemy 15,Utility,Dead,None,0.00,14.3,0,0.47,0,100.000,0.120,1216509171
47.13,Utility Enemy 2,Utility,PatrolAction,None,1.00,45.8,0,0.47,0,0.120,0.000,1216509171
48.13,Player,Player,-,None,0.41,,0,0.41,,,,1216509171
48.13,FSM Enemy 10,FSM,PatrolState,None,1.00,29.3,0,0.41,8,,,1216509171
48.13,FSM Enemy 11,FSM,PatrolState,None,1.00,57.1,0,0.41,0,,,1216509171
48.13,FSM Enemy 7,FSM,PatrolState,None,1.00,52.7,0,0.41,0,,,1216509171
48.13,FSM Enemy 12,FSM,PatrolState,None,1.00,64.4,0,0.41,0,,,1216509171
48.13,FSM Enemy 9,FSM,AttackState,None,0.50,7.2,1,0.41,8,,,1216509171
48.13,FSM Enemy 5,FSM,PatrolState,None,1.00,38.0,0,0.41,0,,,1216509171
48.13,FSM Enemy 1,FSM,PatrolState,None,1.00,51.9,0,0.41,0,,,1216509171
48.13,FSM Enemy 3,FSM,PatrolState,None,1.00,32.5,0,0.41,0,,,1216509171
48.13,FSM Enemy 14,FSM,Dead,None,0.00,48.9,0,0.41,0,,,1216509171
48.13,FSM Enemy 15,FSM,PatrolState,None,1.00,38.4,0,0.41,8,,,1216509171
48.13,FSM Enemy 4,FSM,PatrolState,None,1.00,51.3,0,0.41,0,,,1216509171
48.13,FSM Enemy 2,FSM,PatrolState,None,1.00,58.7,0,0.41,0,,,1216509171
48.13,FSM Enemy 13,FSM,PatrolState,None,1.00,50.6,0,0.41,0,,,1216509171
48.13,FSM Enemy 8,FSM,Dead,None,0.00,21.4,0,0.41,32,,,1216509171
48.13,FSM Enemy 6,FSM,PatrolState,None,1.00,58.4,0,0.41,0,,,1216509171
48.13,Utility Enemy 7,Utility,PatrolAction,None,0.70,69.5,0,0.41,0,0.120,0.000,1216509171
48.13,Utility Enemy 11,Utility,PatrolAction,None,0.90,49.4,0,0.41,0,0.120,0.000,1216509171
48.13,Utility Enemy 14,Utility,PatrolAction,None,0.80,44.3,0,0.41,0,0.120,0.000,1216509171
48.13,Utility Enemy 4,Utility,PatrolAction,None,0.90,35.2,0,0.41,0,0.120,0.000,1216509171
48.13,Utility Enemy 13,Utility,PatrolAction,None,0.70,68.2,0,0.41,0,0.120,0.000,1216509171
48.13,Utility Enemy 10,Utility,PatrolAction,None,1.00,24.3,0,0.41,16,0.120,0.000,1216509171
48.13,Utility Enemy 3,Utility,PatrolAction,None,1.00,40.0,0,0.41,0,0.120,0.000,1216509171
48.13,Utility Enemy 5,Utility,PatrolAction,None,1.00,46.1,0,0.41,0,0.120,0.000,1216509171
48.13,Utility Enemy 8,Utility,PatrolAction,None,1.00,28.7,0,0.41,0,0.120,0.000,1216509171
48.13,Utility Enemy 12,Utility,PatrolAction,None,0.90,35.8,0,0.41,0,0.120,0.000,1216509171
48.13,Utility Enemy 1,Utility,PatrolAction,None,0.90,46.2,0,0.41,0,0.120,0.000,1216509171
48.13,Utility Enemy 9,Utility,PatrolAction,None,1.00,35.9,0,0.41,16,0.120,0.000,1216509171
48.13,Utility Enemy 6,Utility,PatrolAction,None,1.00,29.0,0,0.41,0,0.120,0.000,1216509171
48.13,Utility Enemy 15,Utility,Dead,None,0.00,15.9,0,0.41,0,100.000,0.120,1216509171
48.13,Utility Enemy 2,Utility,PatrolAction,None,1.00,43.2,0,0.41,0,0.120,0.000,1216509171
49.13,Player,Player,-,TimeStutter,0.41,,0,0.41,,,,1216509171
49.13,FSM Enemy 10,FSM,FrozenState,TimeStutter,1.00,29.9,0,0.41,8,,,1216509171
49.13,FSM Enemy 11,FSM,FrozenState,TimeStutter,1.00,56.9,0,0.41,0,,,1216509171
49.13,FSM Enemy 7,FSM,FrozenState,TimeStutter,1.00,53.6,0,0.41,0,,,1216509171
49.13,FSM Enemy 12,FSM,FrozenState,TimeStutter,1.00,65.7,0,0.41,0,,,1216509171
49.13,FSM Enemy 9,FSM,FrozenState,TimeStutter,0.50,7.0,1,0.41,8,,,1216509171
49.13,FSM Enemy 5,FSM,FrozenState,TimeStutter,1.00,37.9,0,0.41,0,,,1216509171
49.13,FSM Enemy 1,FSM,FrozenState,TimeStutter,1.00,51.4,0,0.41,0,,,1216509171
49.13,FSM Enemy 3,FSM,FrozenState,TimeStutter,1.00,29.8,0,0.41,0,,,1216509171
49.13,FSM Enemy 14,FSM,Dead,TimeStutter,0.00,49.3,0,0.41,0,,,1216509171
49.13,FSM Enemy 15,FSM,FrozenState,TimeStutter,1.00,40.5,0,0.41,8,,,1216509171
49.13,FSM Enemy 4,FSM,FrozenState,TimeStutter,1.00,53.4,0,0.41,0,,,1216509171
49.13,FSM Enemy 2,FSM,FrozenState,TimeStutter,1.00,58.8,0,0.41,0,,,1216509171
49.13,FSM Enemy 13,FSM,FrozenState,TimeStutter,1.00,51.4,0,0.41,0,,,1216509171
49.13,FSM Enemy 8,FSM,Dead,TimeStutter,0.00,22.4,0,0.41,32,,,1216509171
49.13,FSM Enemy 6,FSM,FrozenState,TimeStutter,1.00,61.2,0,0.41,0,,,1216509171
49.13,Utility Enemy 7,Utility,FreezeAction,TimeStutter,0.70,71.1,0,0.41,0,100.000,0.120,1216509171
49.13,Utility Enemy 11,Utility,FreezeAction,TimeStutter,0.90,52.4,0,0.41,0,100.000,0.120,1216509171
49.13,Utility Enemy 14,Utility,FreezeAction,TimeStutter,0.80,43.8,0,0.41,0,100.000,0.120,1216509171
49.13,Utility Enemy 4,Utility,FreezeAction,TimeStutter,0.90,34.8,0,0.41,0,100.000,0.120,1216509171
49.13,Utility Enemy 13,Utility,FreezeAction,TimeStutter,0.70,70.5,0,0.41,0,100.000,0.120,1216509171
49.13,Utility Enemy 10,Utility,FreezeAction,TimeStutter,1.00,25.4,0,0.41,16,100.000,0.120,1216509171
49.13,Utility Enemy 3,Utility,FreezeAction,TimeStutter,1.00,40.2,0,0.41,0,100.000,0.120,1216509171
49.13,Utility Enemy 5,Utility,FreezeAction,TimeStutter,1.00,42.5,0,0.41,0,100.000,0.120,1216509171
49.13,Utility Enemy 8,Utility,FreezeAction,TimeStutter,1.00,27.3,0,0.41,0,100.000,0.120,1216509171
49.13,Utility Enemy 12,Utility,FreezeAction,TimeStutter,0.90,39.7,0,0.41,0,100.000,0.120,1216509171
49.13,Utility Enemy 1,Utility,FreezeAction,TimeStutter,0.90,45.2,0,0.41,0,100.000,0.120,1216509171
49.13,Utility Enemy 9,Utility,FreezeAction,TimeStutter,1.00,37.1,0,0.41,16,100.000,0.120,1216509171
49.13,Utility Enemy 6,Utility,FreezeAction,TimeStutter,1.00,28.8,0,0.41,0,100.000,0.120,1216509171
49.13,Utility Enemy 15,Utility,Dead,TimeStutter,0.00,16.2,0,0.41,0,100.000,0.120,1216509171
49.13,Utility Enemy 2,Utility,FreezeAction,TimeStutter,1.00,41.9,0,0.41,0,100.000,0.120,1216509171
50.13,Player,Player,-,TimeStutter,0.41,,0,0.41,,,,1216509171
50.13,FSM Enemy 10,FSM,FrozenState,TimeStutter,1.00,29.9,0,0.41,8,,,1216509171
50.13,FSM Enemy 11,FSM,FrozenState,TimeStutter,1.00,56.9,0,0.41,0,,,1216509171
50.13,FSM Enemy 7,FSM,FrozenState,TimeStutter,1.00,53.6,0,0.41,0,,,1216509171
50.13,FSM Enemy 12,FSM,FrozenState,TimeStutter,1.00,65.7,0,0.41,0,,,1216509171
50.13,FSM Enemy 9,FSM,FrozenState,TimeStutter,0.25,7.0,1,0.41,8,,,1216509171
50.13,FSM Enemy 5,FSM,FrozenState,TimeStutter,1.00,37.9,0,0.41,0,,,1216509171
50.13,FSM Enemy 1,FSM,FrozenState,TimeStutter,1.00,51.4,0,0.41,0,,,1216509171
50.13,FSM Enemy 3,FSM,FrozenState,TimeStutter,1.00,29.8,0,0.41,0,,,1216509171
50.13,FSM Enemy 14,FSM,Dead,TimeStutter,0.00,49.3,0,0.41,0,,,1216509171
50.13,FSM Enemy 15,FSM,FrozenState,TimeStutter,1.00,40.5,0,0.41,8,,,1216509171
50.13,FSM Enemy 4,FSM,FrozenState,TimeStutter,1.00,53.4,0,0.41,0,,,1216509171
50.13,FSM Enemy 2,FSM,FrozenState,TimeStutter,1.00,58.8,0,0.41,0,,,1216509171
50.13,FSM Enemy 13,FSM,FrozenState,TimeStutter,1.00,51.4,0,0.41,0,,,1216509171
50.13,FSM Enemy 8,FSM,Dead,TimeStutter,0.00,22.4,0,0.41,32,,,1216509171
50.13,FSM Enemy 6,FSM,FrozenState,TimeStutter,1.00,61.2,0,0.41,0,,,1216509171
50.13,Utility Enemy 7,Utility,FreezeAction,TimeStutter,0.70,71.1,0,0.41,0,100.000,0.120,1216509171
50.13,Utility Enemy 11,Utility,FreezeAction,TimeStutter,0.90,52.4,0,0.41,0,100.000,0.120,1216509171
50.13,Utility Enemy 14,Utility,FreezeAction,TimeStutter,0.80,43.8,0,0.41,0,100.000,0.120,1216509171
50.13,Utility Enemy 4,Utility,FreezeAction,TimeStutter,0.90,34.8,0,0.41,0,100.000,0.120,1216509171
50.13,Utility Enemy 13,Utility,FreezeAction,TimeStutter,0.70,70.5,0,0.41,0,100.000,0.120,1216509171
50.13,Utility Enemy 10,Utility,FreezeAction,TimeStutter,1.00,25.4,0,0.41,16,100.000,0.120,1216509171
50.13,Utility Enemy 3,Utility,FreezeAction,TimeStutter,1.00,40.2,0,0.41,0,100.000,0.120,1216509171
50.13,Utility Enemy 5,Utility,FreezeAction,TimeStutter,1.00,42.5,0,0.41,0,100.000,0.120,1216509171
50.13,Utility Enemy 8,Utility,FreezeAction,TimeStutter,1.00,27.3,0,0.41,0,100.000,0.120,1216509171
50.13,Utility Enemy 12,Utility,FreezeAction,TimeStutter,0.90,39.7,0,0.41,0,100.000,0.120,1216509171
50.13,Utility Enemy 1,Utility,FreezeAction,TimeStutter,0.90,45.2,0,0.41,0,100.000,0.120,1216509171
50.13,Utility Enemy 9,Utility,FreezeAction,TimeStutter,1.00,37.1,0,0.41,16,100.000,0.120,1216509171
50.13,Utility Enemy 6,Utility,FreezeAction,TimeStutter,1.00,28.8,0,0.41,0,100.000,0.120,1216509171
50.13,Utility Enemy 15,Utility,Dead,TimeStutter,0.00,16.2,0,0.41,0,100.000,0.120,1216509171
50.13,Utility Enemy 2,Utility,FreezeAction,TimeStutter,1.00,41.9,0,0.41,0,100.000,0.120,1216509171
51.13,Player,Player,-,TimeStutter,0.41,,0,0.41,,,,1216509171
51.13,FSM Enemy 10,FSM,FrozenState,TimeStutter,1.00,31.0,0,0.41,8,,,1216509171
51.13,FSM Enemy 11,FSM,FrozenState,TimeStutter,1.00,55.8,0,0.41,0,,,1216509171
51.13,FSM Enemy 7,FSM,FrozenState,TimeStutter,1.00,52.6,0,0.41,0,,,1216509171
51.13,FSM Enemy 12,FSM,FrozenState,TimeStutter,1.00,65.8,0,0.41,0,,,1216509171
51.13,FSM Enemy 9,FSM,Dead,TimeStutter,0.00,5.8,1,0.41,8,,,1216509171
51.13,FSM Enemy 5,FSM,FrozenState,TimeStutter,1.00,37.0,0,0.41,0,,,1216509171
51.13,FSM Enemy 1,FSM,FrozenState,TimeStutter,1.00,51.1,0,0.41,0,,,1216509171
51.13,FSM Enemy 3,FSM,FrozenState,TimeStutter,1.00,30.5,0,0.41,0,,,1216509171
51.13,FSM Enemy 14,FSM,Dead,TimeStutter,0.00,50.3,0,0.41,0,,,1216509171
51.13,FSM Enemy 15,FSM,FrozenState,TimeStutter,1.00,39.5,0,0.41,8,,,1216509171
51.13,FSM Enemy 4,FSM,FrozenState,TimeStutter,1.00,53.9,0,0.41,0,,,1216509171
51.13,FSM Enemy 2,FSM,FrozenState,TimeStutter,1.00,59.9,0,0.41,0,,,1216509171
51.13,FSM Enemy 13,FSM,FrozenState,TimeStutter,1.00,50.2,0,0.41,0,,,1216509171
51.13,FSM Enemy 8,FSM,Dead,TimeStutter,0.00,23.2,0,0.41,32,,,1216509171
51.13,FSM Enemy 6,FSM,FrozenState,TimeStutter,1.00,61.2,0,0.41,0,,,1216509171
51.13,Utility Enemy 7,Utility,FreezeAction,TimeStutter,0.70,71.2,0,0.41,0,100.000,0.120,1216509171
51.13,Utility Enemy 11,Utility,FreezeAction,TimeStutter,0.90,51.3,0,0.41,0,100.000,0.120,1216509171
51.13,Utility Enemy 14,Utility,FreezeAction,TimeStutter,0.80,44.8,0,0.41,0,100.000,0.120,1216509171
51.13,Utility Enemy 4,Utility,FreezeAction,TimeStutter,0.90,33.8,0,0.41,0,100.000,0.120,1216509171
51.13,Utility Enemy 13,Utility,FreezeAction,TimeStutter,0.70,69.4,0,0.41,0,100.000,0.120,1216509171
51.13,Utility Enemy 10,Utility,FreezeAction,TimeStutter,1.00,24.3,0,0.41,16,100.000,0.120,1216509171
51.13,Utility Enemy 3,Utility,FreezeAction,TimeStutter,1.00,40.8,0,0.41,0,100.000,0.120,1216509171
51.13,Utility Enemy 5,Utility,FreezeAction,TimeStutter,1.00,41.9,0,0.41,0,100.000,0.120,1216509171
51.13,Utility Enemy 8,Utility,FreezeAction,TimeStutter,1.00,27.5,0,0.41,0,100.000,0.120,1216509171
51.13,Utility Enemy 12,Utility,FreezeAction,TimeStutter,0.90,39.1,0,0.41,0,100.000,0.120,1216509171
51.13,Utility Enemy 1,Utility,FreezeAction,TimeStutter,0.90,45.0,0,0.41,0,100.000,0.120,1216509171
51.13,Utility Enemy 9,Utility,FreezeAction,TimeStutter,1.00,38.2,0,0.41,16,100.000,0.120,1216509171
51.13,Utility Enemy 6,Utility,FreezeAction,TimeStutter,1.00,28.0,0,0.41,0,100.000,0.120,1216509171
51.13,Utility Enemy 15,Utility,Dead,TimeStutter,0.00,17.2,0,0.41,0,100.000,0.120,1216509171
51.13,Utility Enemy 2,Utility,FreezeAction,TimeStutter,1.00,41.7,0,0.41,0,100.000,0.120,1216509171
52.13,Player,Player,-,EnemyDuplicate,0.41,,0,0.41,,,,1216509171
52.13,FSM Enemy 10,FSM,AttackState,EnemyDuplicate,1.00,34.8,0,0.41,8,,,1216509171
52.13,FSM Enemy 11,FSM,AttackState,EnemyDuplicate,1.00,50.2,0,0.41,0,,,1216509171
52.13,FSM Enemy 7,FSM,AttackState,EnemyDuplicate,1.00,47.4,0,0.41,0,,,1216509171
52.13,FSM Enemy 12,FSM,AttackState,EnemyDuplicate,1.00,62.4,0,0.41,0,,,1216509171
52.13,FSM Enemy 9,FSM,Dead,EnemyDuplicate,0.00,5.8,1,0.41,8,,,1216509171
52.13,FSM Enemy 5,FSM,AttackState,EnemyDuplicate,1.00,37.8,0,0.41,0,,,1216509171
52.13,FSM Enemy 1,FSM,AttackState,EnemyDuplicate,1.00,54.6,0,0.41,0,,,1216509171
52.13,FSM Enemy 3,FSM,AttackState,EnemyDuplicate,1.00,36.4,0,0.41,0,,,1216509171
52.13,FSM Enemy 14,FSM,AttackState,EnemyDuplicate,1.00,49.6,0,0.41,0,,,1216509171
52.13,FSM Enemy 15,FSM,AttackState,EnemyDuplicate,1.00,34.0,0,0.41,8,,,1216509171
52.13,FSM Enemy 4,FSM,AttackState,EnemyDuplicate,1.00,51.7,0,0.41,0,,,1216509171
52.13,FSM Enemy 2,FSM,AttackState,EnemyDuplicate,1.00,63.6,0,0.41,0,,,1216509171
52.13,FSM Enemy 13,FSM,AttackState,EnemyDuplicate,1.00,46.3,0,0.41,0,,,1216509171
52.13,FSM Enemy 8,FSM,Dead,EnemyDuplicate,0.00,23.6,0,0.41,32,,,1216509171
52.13,FSM Enemy 6,FSM,AttackState,EnemyDuplicate,1.00,56.2,0,0.41,0,,,1216509171
52.13,Utility Enemy 7,Utility,RepositionAction,EnemyDuplicate,0.70,67.8,0,0.41,0,0.650,0.120,1216509171
52.13,Utility Enemy 11,Utility,RepositionAction,EnemyDuplicate,0.90,46.4,0,0.41,0,0.650,0.120,1216509171
52.13,Utility Enemy 14,Utility,RepositionAction,EnemyDuplicate,0.80,46.2,0,0.41,0,0.650,0.120,1216509171
52.13,Utility Enemy 4,Utility,RepositionAction,EnemyDuplicate,0.90,33.9,0,0.41,0,0.650,0.120,1216509171
52.13,Utility Enemy 13,Utility,RepositionAction,EnemyDuplicate,0.70,63.4,0,0.41,0,0.650,0.120,1216509171
52.13,Utility Enemy 10,Utility,RepositionAction,EnemyDuplicate,1.00,19.4,0,0.41,16,0.650,0.120,1216509171
52.13,Utility Enemy 3,Utility,RepositionAction,EnemyDuplicate,1.00,39.3,0,0.41,0,0.650,0.120,1216509171
52.13,Utility Enemy 5,Utility,RepositionAction,EnemyDuplicate,1.00,44.6,0,0.41,0,0.650,0.120,1216509171
52.13,Utility Enemy 8,Utility,RepositionAction,EnemyDuplicate,1.00,33.6,0,0.41,0,0.650,0.120,1216509171
52.13,Utility Enemy 12,Utility,RepositionAction,EnemyDuplicate,0.90,34.1,0,0.41,0,0.650,0.120,1216509171
52.13,Utility Enemy 1,Utility,RepositionAction,EnemyDuplicate,0.90,50.0,0,0.41,0,0.650,0.120,1216509171
52.13,Utility Enemy 9,Utility,RepositionAction,EnemyDuplicate,1.00,42.8,0,0.41,16,0.650,0.120,1216509171
52.13,Utility Enemy 6,Utility,RepositionAction,EnemyDuplicate,1.00,21.9,0,0.41,0,0.650,0.120,1216509171
52.13,Utility Enemy 15,Utility,Dead,EnemyDuplicate,0.00,20.1,0,0.41,0,100.000,0.120,1216509171
52.13,Utility Enemy 2,Utility,RepositionAction,EnemyDuplicate,1.00,45.1,0,0.41,0,0.650,0.120,1216509171
53.14,Player,Player,-,EnemyDuplicate,0.41,,0,0.41,,,,1216509171
53.14,FSM Enemy 10,FSM,AttackState,EnemyDuplicate,1.00,38.0,0,0.41,8,,,1216509171
53.14,FSM Enemy 11,FSM,AttackState,EnemyDuplicate,1.00,46.4,0,0.41,0,,,1216509171
53.14,FSM Enemy 7,FSM,AttackState,EnemyDuplicate,1.00,42.7,0,0.41,0,,,1216509171
53.14,FSM Enemy 12,FSM,AttackState,EnemyDuplicate,1.00,57.4,0,0.41,0,,,1216509171
53.14,FSM Enemy 9,FSM,Dead,EnemyDuplicate,0.00,11.0,0,0.41,8,,,1216509171
53.14,FSM Enemy 5,FSM,AttackState,EnemyDuplicate,1.00,41.2,0,0.41,0,,,1216509171
53.14,FSM Enemy 1,FSM,AttackState,EnemyDuplicate,1.00,60.0,0,0.41,0,,,1216509171
53.14,FSM Enemy 3,FSM,AttackState,EnemyDuplicate,1.00,42.3,0,0.41,0,,,1216509171
53.14,FSM Enemy 14,FSM,AttackState,EnemyDuplicate,1.00,55.4,0,0.41,0,,,1216509171
53.14,FSM Enemy 15,FSM,AttackState,EnemyDuplicate,1.00,29.7,0,0.41,8,,,1216509171
53.14,FSM Enemy 4,FSM,AttackState,EnemyDuplicate,1.00,48.6,0,0.41,0,,,1216509171
53.14,FSM Enemy 2,FSM,AttackState,EnemyDuplicate,1.00,66.5,0,0.41,0,,,1216509171
53.14,FSM Enemy 13,FSM,AttackState,EnemyDuplicate,1.00,44.8,0,0.41,0,,,1216509171
53.14,FSM Enemy 8,FSM,PatrolState,EnemyDuplicate,1.00,60.6,0,0.41,32,,,1216509171
53.14,FSM Enemy 6,FSM,AttackState,EnemyDuplicate,1.00,50.8,0,0.41,0,,,1216509171
53.14,Utility Enemy 7,Utility,RepositionAction,EnemyDuplicate,0.70,66.6,0,0.41,0,0.650,0.120,1216509171
53.14,Utility Enemy 11,Utility,RepositionAction,EnemyDuplicate,0.90,43.0,0,0.41,0,0.650,0.120,1216509171
53.14,Utility Enemy 14,Utility,RepositionAction,EnemyDuplicate,0.80,43.9,0,0.41,0,0.650,0.120,1216509171
53.14,Utility Enemy 4,Utility,RepositionAction,EnemyDuplicate,0.90,40.3,0,0.41,0,0.650,0.120,1216509171
53.14,Utility Enemy 13,Utility,RepositionAction,EnemyDuplicate,0.70,55.6,0,0.41,0,0.650,0.120,1216509171
53.14,Utility Enemy 10,Utility,RepositionAction,EnemyDuplicate,1.00,18.2,0,0.41,16,0.650,0.120,1216509171
53.14,Utility Enemy 3,Utility,RepositionAction,EnemyDuplicate,1.00,38.7,0,0.41,0,0.650,0.120,1216509171
53.14,Utility Enemy 5,Utility,RepositionAction,EnemyDuplicate,1.00,51.4,0,0.41,0,0.650,0.120,1216509171
53.14,Utility Enemy 8,Utility,RepositionAction,EnemyDuplicate,1.00,43.4,0,0.41,0,0.650,0.120,1216509171
53.14,Utility Enemy 12,Utility,RepositionAction,EnemyDuplicate,0.90,31.9,0,0.41,0,0.650,0.120,1216509171
53.14,Utility Enemy 1,Utility,RepositionAction,EnemyDuplicate,0.90,59.7,0,0.41,0,0.650,0.120,1216509171
53.14,Utility Enemy 9,Utility,RepositionAction,EnemyDuplicate,1.00,47.6,0,0.41,16,0.650,0.120,1216509171
53.14,Utility Enemy 6,Utility,RepositionAction,EnemyDuplicate,1.00,15.8,0,0.41,0,0.650,0.120,1216509171
53.14,Utility Enemy 15,Utility,Dead,EnemyDuplicate,0.00,22.8,0,0.41,0,100.000,0.120,1216509171
53.14,Utility Enemy 2,Utility,RepositionAction,EnemyDuplicate,1.00,48.9,0,0.41,0,0.650,0.120,1216509171
54.14,Player,Player,-,EnemyDuplicate,0.41,,0,0.41,,,,1216509171
54.14,FSM Enemy 10,FSM,AttackState,EnemyDuplicate,1.00,35.3,0,0.41,8,,,1216509171
54.14,FSM Enemy 11,FSM,AttackState,EnemyDuplicate,1.00,49.5,0,0.41,0,,,1216509171
54.14,FSM Enemy 7,FSM,AttackState,EnemyDuplicate,1.00,44.9,0,0.41,0,,,1216509171
54.14,FSM Enemy 12,FSM,AttackState,EnemyDuplicate,1.00,53.9,0,0.41,0,,,1216509171
54.14,FSM Enemy 9,FSM,Dead,EnemyDuplicate,0.00,14.2,0,0.41,8,,,1216509171
54.14,FSM Enemy 5,FSM,AttackState,EnemyDuplicate,1.00,45.5,0,0.41,0,,,1216509171
54.14,FSM Enemy 1,FSM,AttackState,EnemyDuplicate,1.00,63.1,0,0.41,0,,,1216509171
54.14,FSM Enemy 3,FSM,AttackState,EnemyDuplicate,1.00,42.7,0,0.41,0,,,1216509171
54.14,FSM Enemy 14,FSM,AttackState,EnemyDuplicate,1.00,57.9,0,0.41,0,,,1216509171
54.14,FSM Enemy 15,FSM,AttackState,EnemyDuplicate,1.00,32.3,0,0.41,8,,,1216509171
54.14,FSM Enemy 4,FSM,AttackState,EnemyDuplicate,1.00,44.1,0,0.41,0,,,1216509171
54.14,FSM Enemy 2,FSM,AttackState,EnemyDuplicate,1.00,63.5,0,0.41,0,,,1216509171
54.14,FSM Enemy 13,FSM,AttackState,EnemyDuplicate,1.00,49.0,0,0.41,0,,,1216509171
54.14,FSM Enemy 8,FSM,PatrolState,EnemyDuplicate,1.00,55.4,0,0.41,32,,,1216509171
54.14,FSM Enemy 6,FSM,AttackState,EnemyDuplicate,1.00,47.8,0,0.41,0,,,1216509171
54.14,Utility Enemy 7,Utility,RepositionAction,EnemyDuplicate,0.70,61.3,0,0.41,0,0.650,0.120,1216509171
54.14,Utility Enemy 11,Utility,RepositionAction,EnemyDuplicate,0.90,42.3,0,0.41,0,0.650,0.120,1216509171
54.14,Utility Enemy 14,Utility,RepositionAction,EnemyDuplicate,0.80,36.8,0,0.41,0,0.650,0.120,1216509171
54.14,Utility Enemy 4,Utility,RepositionAction,EnemyDuplicate,0.90,42.8,0,0.41,0,0.650,0.120,1216509171
54.14,Utility Enemy 13,Utility,RepositionAction,EnemyDuplicate,0.70,56.0,0,0.41,0,0.650,0.120,1216509171
54.14,Utility Enemy 10,Utility,RepositionAction,EnemyDuplicate,1.00,22.6,0,0.41,16,0.650,0.120,1216509171
54.14,Utility Enemy 3,Utility,RepositionAction,EnemyDuplicate,1.00,37.5,0,0.41,0,0.650,0.120,1216509171
54.14,Utility Enemy 5,Utility,RepositionAction,EnemyDuplicate,1.00,52.8,0,0.41,0,0.650,0.120,1216509171
54.14,Utility Enemy 8,Utility,RepositionAction,EnemyDuplicate,1.00,48.8,0,0.41,0,0.650,0.120,1216509171
54.14,Utility Enemy 12,Utility,RepositionAction,EnemyDuplicate,0.90,30.5,0,0.41,0,0.650,0.120,1216509171
54.14,Utility Enemy 1,Utility,RepositionAction,EnemyDuplicate,0.90,64.4,0,0.41,0,0.650,0.120,1216509171
54.14,Utility Enemy 9,Utility,RepositionAction,EnemyDuplicate,1.00,42.9,0,0.41,16,0.650,0.120,1216509171
54.14,Utility Enemy 6,Utility,RepositionAction,EnemyDuplicate,1.00,17.5,0,0.41,0,0.650,0.120,1216509171
54.14,Utility Enemy 15,Utility,Dead,EnemyDuplicate,0.00,20.1,0,0.41,0,100.000,0.120,1216509171
54.14,Utility Enemy 2,Utility,RepositionAction,EnemyDuplicate,1.00,55.4,0,0.41,0,0.650,0.120,1216509171
55.14,Player,Player,-,EnemyDuplicate,0.41,,0,0.41,,,,1216509171
55.14,FSM Enemy 10,FSM,AttackState,EnemyDuplicate,1.00,35.4,0,0.41,8,,,1216509171
55.14,FSM Enemy 11,FSM,AttackState,EnemyDuplicate,1.00,49.3,0,0.41,0,,,1216509171
55.14,FSM Enemy 7,FSM,AttackState,EnemyDuplicate,1.00,44.8,0,0.41,0,,,1216509171
55.14,FSM Enemy 12,FSM,AttackState,EnemyDuplicate,1.00,53.8,0,0.41,0,,,1216509171
55.14,FSM Enemy 9,FSM,Dead,EnemyDuplicate,0.00,14.3,0,0.41,8,,,1216509171
55.14,FSM Enemy 5,FSM,AttackState,EnemyDuplicate,1.00,45.6,0,0.41,0,,,1216509171
55.14,FSM Enemy 1,FSM,AttackState,EnemyDuplicate,1.00,63.2,0,0.41,0,,,1216509171
55.14,FSM Enemy 3,FSM,AttackState,EnemyDuplicate,1.00,42.8,0,0.41,0,,,1216509171
55.14,FSM Enemy 14,FSM,AttackState,EnemyDuplicate,1.00,58.0,0,0.41,0,,,1216509171
55.14,FSM Enemy 15,FSM,AttackState,EnemyDuplicate,1.00,32.3,0,0.41,8,,,1216509171
55.14,FSM Enemy 4,FSM,AttackState,EnemyDuplicate,1.00,44.1,0,0.41,0,,,1216509171
55.14,FSM Enemy 2,FSM,AttackState,EnemyDuplicate,1.00,63.6,0,0.41,0,,,1216509171
55.14,FSM Enemy 13,FSM,AttackState,EnemyDuplicate,1.00,48.9,0,0.41,0,,,1216509171
55.14,FSM Enemy 8,FSM,PatrolState,EnemyDuplicate,1.00,53.1,0,0.41,32,,,1216509171
55.14,FSM Enemy 6,FSM,AttackState,EnemyDuplicate,1.00,47.6,0,0.41,0,,,1216509171
55.14,Utility Enemy 7,Utility,RepositionAction,EnemyDuplicate,0.70,57.5,0,0.41,0,0.650,0.120,1216509171
55.14,Utility Enemy 11,Utility,RepositionAction,EnemyDuplicate,0.90,39.9,0,0.41,0,0.650,0.120,1216509171
55.14,Utility Enemy 14,Utility,RepositionAction,EnemyDuplicate,0.80,37.9,0,0.41,0,0.650,0.120,1216509171
55.14,Utility Enemy 4,Utility,RepositionAction,EnemyDuplicate,0.90,40.7,0,0.41,0,0.650,0.120,1216509171
55.14,Utility Enemy 13,Utility,RepositionAction,EnemyDuplicate,0.70,54.0,0,0.41,0,0.650,0.120,1216509171
55.14,Utility Enemy 10,Utility,RepositionAction,EnemyDuplicate,1.00,23.8,0,0.41,16,0.650,0.120,1216509171
55.14,Utility Enemy 3,Utility,RepositionAction,EnemyDuplicate,1.00,36.2,0,0.41,0,0.650,0.120,1216509171
55.14,Utility Enemy 5,Utility,RepositionAction,EnemyDuplicate,1.00,52.8,0,0.41,0,0.650,0.120,1216509171
55.14,Utility Enemy 8,Utility,RepositionAction,EnemyDuplicate,1.00,52.7,0,0.41,0,0.650,0.120,1216509171
55.14,Utility Enemy 12,Utility,RepositionAction,EnemyDuplicate,0.90,26.9,0,0.41,0,0.650,0.120,1216509171
55.14,Utility Enemy 1,Utility,RepositionAction,EnemyDuplicate,0.90,67.2,0,0.41,0,0.650,0.120,1216509171
55.14,Utility Enemy 9,Utility,RepositionAction,EnemyDuplicate,1.00,39.5,0,0.41,16,0.650,0.120,1216509171
55.14,Utility Enemy 6,Utility,RepositionAction,EnemyDuplicate,0.75,18.6,0,0.41,0,0.650,0.120,1216509171
55.14,Utility Enemy 15,Utility,Dead,EnemyDuplicate,0.00,20.2,0,0.41,0,100.000,0.120,1216509171
55.14,Utility Enemy 2,Utility,RepositionAction,EnemyDuplicate,0.90,54.5,0,0.41,0,0.650,0.120,1216509171
56.14,Player,Player,-,EnemyDuplicate,0.41,,0,0.41,,,,1216509171
56.14,FSM Enemy 10,FSM,AttackState,EnemyDuplicate,1.00,40.8,0,0.41,8,,,1216509171
56.14,FSM Enemy 11,FSM,AttackState,EnemyDuplicate,1.00,44.5,0,0.41,0,,,1216509171
56.14,FSM Enemy 7,FSM,AttackState,EnemyDuplicate,0.50,39.5,0,0.41,0,,,1216509171
56.14,FSM Enemy 12,FSM,AttackState,EnemyDuplicate,1.00,51.4,0,0.41,0,,,1216509171
56.14,FSM Enemy 9,FSM,Dead,EnemyDuplicate,0.00,17.6,0,0.41,8,,,1216509171
56.14,FSM Enemy 5,FSM,AttackState,EnemyDuplicate,1.00,46.6,0,0.41,0,,,1216509171
56.14,FSM Enemy 1,FSM,AttackState,EnemyDuplicate,1.00,66.5,0,0.41,0,,,1216509171
56.14,FSM Enemy 3,FSM,AttackState,EnemyDuplicate,1.00,48.2,0,0.41,0,,,1216509171
56.14,FSM Enemy 14,FSM,AttackState,EnemyDuplicate,1.00,61.9,0,0.41,0,,,1216509171
56.14,FSM Enemy 15,FSM,AttackState,EnemyDuplicate,1.00,27.5,0,0.41,8,,,1216509171
56.14,FSM Enemy 4,FSM,AttackState,EnemyDuplicate,1.00,44.4,0,0.41,0,,,1216509171
56.14,FSM Enemy 2,FSM,AttackState,EnemyDuplicate,1.00,68.7,0,0.41,0,,,1216509171
56.14,FSM Enemy 13,FSM,AttackState,EnemyDuplicate,1.00,45.8,0,0.41,0,,,1216509171
56.14,FSM Enemy 8,FSM,PatrolState,EnemyDuplicate,1.00,56.0,0,0.41,32,,,1216509171
56.14,FSM Enemy 6,FSM,AttackState,EnemyDuplicate,1.00,44.4,0,0.41,0,,,1216509171
56.14,Utility Enemy 7,Utility,RepositionAction,EnemyDuplicate,0.70,52.5,0,0.41,0,0.650,0.120,1216509171
56.14,Utility Enemy 11,Utility,RepositionAction,EnemyDuplicate,0.90,36.6,0,0.41,0,0.650,0.120,1216509171
56.14,Utility Enemy 14,Utility,RepositionAction,EnemyDuplicate,0.80,44.5,0,0.41,0,0.650,0.120,1216509171
56.14,Utility Enemy 4,Utility,RepositionAction,EnemyDuplicate,0.90,45.0,0,0.41,0,0.650,0.120,1216509171
56.14,Utility Enemy 13,Utility,RepositionAction,EnemyDuplicate,0.70,45.9,0,0.41,0,0.650,0.120,1216509171
56.14,Utility Enemy 10,Utility,RepositionAction,EnemyDuplicate,1.00,22.8,0,0.41,16,0.650,0.120,1216509171
56.14,Utility Enemy 3,Utility,RepositionAction,EnemyDuplicate,1.00,35.2,0,0.41,0,0.650,0.120,1216509171
56.14,Utility Enemy 5,Utility,RepositionAction,EnemyDuplicate,1.00,58.4,0,0.41,0,0.650,0.120,1216509171
56.14,Utility Enemy 8,Utility,RepositionAction,EnemyDuplicate,1.00,60.6,0,0.41,0,0.650,0.120,1216509171
56.14,Utility Enemy 12,Utility,RepositionAction,EnemyDuplicate,0.90,17.1,0,0.41,0,0.650,0.120,1216509171
56.14,Utility Enemy 1,Utility,RepositionAction,EnemyDuplicate,0.90,70.4,0,0.41,0,0.650,0.120,1216509171
56.14,Utility Enemy 9,Utility,RepositionAction,EnemyDuplicate,1.00,45.6,0,0.41,16,0.650,0.120,1216509171
56.14,Utility Enemy 6,Utility,RepositionAction,EnemyDuplicate,0.50,12.5,0,0.41,0,1.050,0.490,1216509171
56.14,Utility Enemy 15,Utility,Dead,EnemyDuplicate,0.00,25.7,0,0.41,0,100.000,0.120,1216509171
56.14,Utility Enemy 2,Utility,RepositionAction,EnemyDuplicate,0.90,56.5,0,0.41,0,0.650,0.120,1216509171
57.15,Player,Player,-,None,0.41,,0,0.41,,,,1216509171
57.15,FSM Enemy 10,FSM,PatrolState,None,1.00,44.1,0,0.41,8,,,1216509171
57.15,FSM Enemy 11,FSM,PatrolState,None,1.00,41.5,0,0.41,0,,,1216509171
57.15,FSM Enemy 7,FSM,PatrolState,None,0.50,36.1,0,0.41,0,,,1216509171
57.15,FSM Enemy 12,FSM,PatrolState,None,1.00,53.9,0,0.41,0,,,1216509171
57.15,FSM Enemy 9,FSM,Dead,None,0.00,17.0,0,0.41,8,,,1216509171
57.15,FSM Enemy 5,FSM,PatrolState,None,1.00,44.0,0,0.41,0,,,1216509171
57.15,FSM Enemy 1,FSM,PatrolState,None,1.00,65.0,0,0.41,0,,,1216509171
57.15,FSM Enemy 3,FSM,PatrolState,None,1.00,50.2,0,0.41,0,,,1216509171
57.15,FSM Enemy 14,FSM,PatrolState,None,1.00,60.7,0,0.41,0,,,1216509171
57.15,FSM Enemy 15,FSM,PatrolState,None,1.00,23.2,0,0.41,8,,,1216509171
57.15,FSM Enemy 4,FSM,PatrolState,None,1.00,48.3,0,0.41,0,,,1216509171
57.15,FSM Enemy 2,FSM,PatrolState,None,1.00,72.1,0,0.41,0,,,1216509171
57.15,FSM Enemy 13,FSM,PatrolState,None,1.00,41.2,0,0.41,0,,,1216509171
57.15,FSM Enemy 8,FSM,PatrolState,None,1.00,56.7,0,0.41,32,,,1216509171
57.15,FSM Enemy 6,FSM,PatrolState,None,1.00,46.1,0,0.41,0,,,1216509171
57.15,Utility Enemy 7,Utility,PatrolAction,None,0.70,54.0,0,0.41,0,0.120,0.000,1216509171
57.15,Utility Enemy 11,Utility,PatrolAction,None,0.90,34.0,0,0.41,0,0.120,0.000,1216509171
57.15,Utility Enemy 14,Utility,PatrolAction,None,0.80,51.4,0,0.41,0,0.120,0.000,1216509171
57.15,Utility Enemy 4,Utility,PatrolAction,None,0.90,40.1,0,0.41,0,0.120,0.000,1216509171
57.15,Utility Enemy 13,Utility,PatrolAction,None,0.70,39.7,0,0.41,0,0.120,0.000,1216509171
57.15,Utility Enemy 10,Utility,SpreadFireAction,None,1.00,17.1,1,0.41,16,0.147,0.125,1216509171
57.15,Utility Enemy 3,Utility,PatrolAction,None,1.00,39.2,0,0.41,0,0.120,0.000,1216509171
57.15,Utility Enemy 5,Utility,PatrolAction,None,1.00,55.7,0,0.41,0,0.120,0.000,1216509171
57.15,Utility Enemy 8,Utility,PatrolAction,None,1.00,61.1,0,0.41,0,0.120,0.000,1216509171
57.15,Utility Enemy 12,Utility,PatrolAction,None,0.90,16.2,0,0.41,0,0.120,0.000,1216509171
57.15,Utility Enemy 1,Utility,PatrolAction,None,0.90,71.1,0,0.41,0,0.120,0.000,1216509171
57.15,Utility Enemy 9,Utility,PatrolAction,None,1.00,50.6,0,0.41,16,0.120,0.000,1216509171
57.15,Utility Enemy 6,Utility,AttackAction,None,0.50,10.6,1,0.41,0,0.406,0.286,1216509171
57.15,Utility Enemy 15,Utility,Dead,None,0.00,28.8,0,0.41,0,100.000,0.120,1216509171
57.15,Utility Enemy 2,Utility,PatrolAction,None,0.90,56.9,0,0.41,0,0.120,0.000,1216509171
58.15,Player,Player,-,None,0.41,,0,0.41,,,,1216509171
58.15,FSM Enemy 10,FSM,PatrolState,None,1.00,45.7,0,0.41,8,,,1216509171
58.15,FSM Enemy 11,FSM,PatrolState,None,1.00,42.5,0,0.41,0,,,1216509171
58.15,FSM Enemy 7,FSM,PatrolState,None,0.50,35.1,0,0.41,0,,,1216509171
58.15,FSM Enemy 12,FSM,PatrolState,None,1.00,57.5,0,0.41,0,,,1216509171
58.15,FSM Enemy 9,FSM,Dead,None,0.00,14.5,0,0.41,8,,,1216509171
58.15,FSM Enemy 5,FSM,PatrolState,None,1.00,41.8,0,0.41,0,,,1216509171
58.15,FSM Enemy 1,FSM,PatrolState,None,1.00,61.6,0,0.41,0,,,1216509171
58.15,FSM Enemy 3,FSM,PatrolState,None,1.00,51.1,0,0.41,0,,,1216509171
58.15,FSM Enemy 14,FSM,PatrolState,None,1.00,56.6,0,0.41,0,,,1216509171
58.15,FSM Enemy 15,FSM,PatrolState,None,1.00,20.1,0,0.41,8,,,1216509171
58.15,FSM Enemy 4,FSM,PatrolState,None,1.00,52.6,0,0.41,0,,,1216509171
58.15,FSM Enemy 2,FSM,PatrolState,None,1.00,72.8,0,0.41,0,,,1216509171
58.15,FSM Enemy 13,FSM,PatrolState,None,1.00,36.9,0,0.41,0,,,1216509171
58.15,FSM Enemy 8,FSM,PatrolState,None,1.00,54.9,0,0.41,32,,,1216509171
58.15,FSM Enemy 6,FSM,PatrolState,None,1.00,49.4,0,0.41,0,,,1216509171
58.15,Utility Enemy 7,Utility,PatrolAction,None,0.70,53.3,0,0.41,0,0.120,0.000,1216509171
58.15,Utility Enemy 11,Utility,PatrolAction,None,0.90,32.8,0,0.41,0,0.120,0.000,1216509171
58.15,Utility Enemy 14,Utility,PatrolAction,None,0.80,49.8,0,0.41,0,0.120,0.000,1216509171
58.15,Utility Enemy 4,Utility,PatrolAction,None,0.90,39.5,0,0.41,0,0.120,0.000,1216509171
58.15,Utility Enemy 13,Utility,PatrolAction,None,0.70,42.5,0,0.41,0,0.120,0.000,1216509171
58.15,Utility Enemy 10,Utility,AttackAction,None,1.00,14.1,1,0.41,16,0.203,0.172,1216509171
58.15,Utility Enemy 3,Utility,PatrolAction,None,1.00,45.5,0,0.41,0,0.120,0.000,1216509171
58.15,Utility Enemy 5,Utility,PatrolAction,None,1.00,55.7,0,0.41,0,0.120,0.000,1216509171
58.15,Utility Enemy 8,Utility,PatrolAction,None,1.00,57.5,0,0.41,0,0.120,0.000,1216509171
58.15,Utility Enemy 12,Utility,PatrolAction,None,0.90,18.4,0,0.41,0,0.120,0.000,1216509171
58.15,Utility Enemy 1,Utility,PatrolAction,None,0.90,65.0,0,0.41,0,0.120,0.000,1216509171
58.15,Utility Enemy 9,Utility,PatrolAction,None,1.00,47.0,0,0.41,16,0.120,0.000,1216509171
58.15,Utility Enemy 6,Utility,ChaseAction,None,0.50,10.4,0,0.41,0,0.490,0.400,1216509171
58.15,Utility Enemy 15,Utility,Dead,None,0.00,29.6,0,0.41,0,100.000,0.120,1216509171
58.15,Utility Enemy 2,Utility,PatrolAction,None,0.90,54.1,0,0.41,0,0.120,0.000,1216509171
59.15,Player,Player,-,None,0.36,,0,0.36,,,,1216509171
59.15,FSM Enemy 10,FSM,PatrolState,None,1.00,46.6,0,0.36,8,,,1216509171
59.15,FSM Enemy 11,FSM,PatrolState,None,1.00,45.1,0,0.36,0,,,1216509171
59.15,FSM Enemy 7,FSM,PatrolState,None,0.50,35.2,0,0.36,0,,,1216509171
59.15,FSM Enemy 12,FSM,PatrolState,None,1.00,59.5,0,0.36,0,,,1216509171
59.15,FSM Enemy 9,FSM,Dead,None,0.00,12.8,0,0.36,8,,,1216509171
59.15,FSM Enemy 5,FSM,PatrolState,None,1.00,41.6,0,0.36,0,,,1216509171
59.15,FSM Enemy 1,FSM,PatrolState,None,1.00,59.4,0,0.36,0,,,1216509171
59.15,FSM Enemy 3,FSM,PatrolState,None,1.00,52.0,0,0.36,0,,,1216509171
59.15,FSM Enemy 14,FSM,PatrolState,None,1.00,53.5,0,0.36,0,,,1216509171
59.15,FSM Enemy 15,FSM,PatrolState,None,1.00,19.4,0,0.36,8,,,1216509171
59.15,FSM Enemy 4,FSM,PatrolState,None,1.00,56.1,0,0.36,0,,,1216509171
59.15,FSM Enemy 2,FSM,PatrolState,None,1.00,72.0,0,0.36,0,,,1216509171
59.15,FSM Enemy 13,FSM,PatrolState,None,1.00,34.7,0,0.36,0,,,1216509171
59.15,FSM Enemy 8,FSM,PatrolState,None,1.00,52.3,0,0.36,32,,,1216509171
59.15,FSM Enemy 6,FSM,PatrolState,None,1.00,51.0,0,0.36,0,,,1216509171
59.15,Utility Enemy 7,Utility,PatrolAction,None,0.70,51.1,0,0.36,0,0.120,0.000,1216509171
59.15,Utility Enemy 11,Utility,PatrolAction,None,0.90,32.8,0,0.36,0,0.120,0.000,1216509171
59.15,Utility Enemy 14,Utility,PatrolAction,None,0.80,45.9,0,0.36,0,0.120,0.000,1216509171
59.15,Utility Enemy 4,Utility,PatrolAction,None,0.90,38.4,0,0.36,0,0.120,0.000,1216509171
59.15,Utility Enemy 13,Utility,PatrolAction,None,0.70,47.0,0,0.36,0,0.120,0.000,1216509171
59.15,Utility Enemy 10,Utility,Dead,None,0.00,13.4,1,0.36,24,0.251,0.230,1216509171
59.15,Utility Enemy 3,Utility,PatrolAction,None,1.00,47.4,0,0.36,0,0.120,0.000,1216509171
59.15,Utility Enemy 5,Utility,PatrolAction,None,1.00,56.8,0,0.36,0,0.120,0.000,1216509171
59.15,Utility Enemy 8,Utility,PatrolAction,None,1.00,54.4,0,0.36,0,0.120,0.000,1216509171
59.15,Utility Enemy 12,Utility,PatrolAction,None,0.90,22.7,0,0.36,0,0.120,0.000,1216509171
59.15,Utility Enemy 1,Utility,PatrolAction,None,0.90,60.1,0,0.36,0,0.120,0.000,1216509171
59.15,Utility Enemy 9,Utility,PatrolAction,None,1.00,42.4,0,0.36,16,0.120,0.000,1216509171
59.15,Utility Enemy 6,Utility,AttackAction,None,0.50,8.9,1,0.36,0,0.509,0.323,1216509171
59.15,Utility Enemy 15,Utility,Dead,None,0.00,29.4,0,0.36,0,100.000,0.120,1216509171
59.15,Utility Enemy 2,Utility,PatrolAction,None,0.90,55.4,0,0.36,0,0.120,0.000,1216509171
60.15,Player,Player,-,None,0.31,,0,0.31,,,,1216509171
60.15,FSM Enemy 10,FSM,PatrolState,None,1.00,44.9,0,0.31,8,,,1216509171
60.15,FSM Enemy 11,FSM,PatrolState,None,1.00,49.7,0,0.31,0,,,1216509171
60.15,FSM Enemy 7,FSM,PatrolState,None,0.50,37.6,0,0.31,0,,,1216509171
60.15,FSM Enemy 12,FSM,PatrolState,None,1.00,59.7,0,0.31,0,,,1216509171
60.15,FSM Enemy 9,FSM,Dead,None,0.00,10.9,0,0.31,8,,,1216509171
60.15,FSM Enemy 5,FSM,PatrolState,None,1.00,43.8,0,0.31,0,,,1216509171
60.15,FSM Enemy 1,FSM,PatrolState,None,1.00,58.3,0,0.31,0,,,1216509171
60.15,FSM Enemy 3,FSM,PatrolState,None,1.00,52.0,0,0.31,0,,,1216509171
60.15,FSM Enemy 14,FSM,PatrolState,None,1.00,50.8,0,0.31,0,,,1216509171
60.15,FSM Enemy 15,FSM,PatrolState,None,1.00,22.4,0,0.31,8,,,1216509171
60.15,FSM Enemy 4,FSM,PatrolState,None,1.00,56.3,0,0.31,0,,,1216509171
60.15,FSM Enemy 2,FSM,PatrolState,None,1.00,68.4,0,0.31,0,,,1216509171
60.15,FSM Enemy 13,FSM,PatrolState,None,1.00,37.2,0,0.31,0,,,1216509171
60.15,FSM Enemy 8,FSM,PatrolState,None,1.00,47.0,0,0.31,32,,,1216509171
60.15,FSM Enemy 6,FSM,PatrolState,None,1.00,50.3,0,0.31,0,,,1216509171
60.15,Utility Enemy 7,Utility,PatrolAction,None,0.70,47.4,0,0.31,0,0.120,0.000,1216509171
60.15,Utility Enemy 11,Utility,PatrolAction,None,0.90,31.2,0,0.31,0,0.120,0.000,1216509171
60.15,Utility Enemy 14,Utility,PatrolAction,None,0.80,38.9,0,0.31,0,0.120,0.000,1216509171
60.15,Utility Enemy 4,Utility,PatrolAction,None,0.90,37.3,0,0.31,0,0.120,0.000,1216509171
60.15,Utility Enemy 13,Utility,PatrolAction,None,0.70,52.1,0,0.31,0,0.120,0.000,1216509171
60.15,Utility Enemy 10,Utility,Dead,None,0.00,16.0,1,0.31,24,0.251,0.230,1216509171
60.15,Utility Enemy 3,Utility,PatrolAction,None,1.00,41.4,0,0.31,0,0.120,0.000,1216509171
60.15,Utility Enemy 5,Utility,PatrolAction,None,1.00,58.1,0,0.31,0,0.120,0.000,1216509171
60.15,Utility Enemy 8,Utility,PatrolAction,None,1.00,57.0,0,0.31,0,0.120,0.000,1216509171
60.15,Utility Enemy 12,Utility,PatrolAction,None,0.90,25.8,0,0.31,0,0.120,0.000,1216509171
60.15,Utility Enemy 1,Utility,PatrolAction,None,0.90,59.1,0,0.31,0,0.120,0.000,1216509171
60.15,Utility Enemy 9,Utility,PatrolAction,None,1.00,35.4,0,0.31,16,0.120,0.000,1216509171
60.15,Utility Enemy 6,Utility,Dead,None,0.00,11.1,1,0.31,8,0.493,0.317,1216509171
60.15,Utility Enemy 15,Utility,PatrolAction,None,1.00,55.5,0,0.31,0,0.120,0.000,1216509171
60.15,Utility Enemy 2,Utility,PatrolAction,None,0.90,57.0,0,0.31,0,0.120,0.000,1216509171
61.15,Player,Player,-,None,0.31,,0,0.31,,,,1216509171
61.15,FSM Enemy 10,FSM,PatrolState,None,1.00,41.5,0,0.31,8,,,1216509171
61.15,FSM Enemy 11,FSM,PatrolState,None,1.00,54.3,0,0.31,0,,,1216509171
61.15,FSM Enemy 7,FSM,PatrolState,None,0.50,40.7,0,0.31,0,,,1216509171
61.15,FSM Enemy 12,FSM,PatrolState,None,1.00,57.3,0,0.31,0,,,1216509171
61.15,FSM Enemy 9,FSM,Dead,None,0.00,11.2,0,0.31,8,,,1216509171
61.15,FSM Enemy 5,FSM,PatrolState,None,1.00,46.3,0,0.31,0,,,1216509171
61.15,FSM Enemy 1,FSM,PatrolState,None,1.00,59.6,0,0.31,0,,,1216509171
61.15,FSM Enemy 3,FSM,PatrolState,None,1.00,49.1,0,0.31,0,,,1216509171
61.15,FSM Enemy 14,FSM,PatrolState,None,1.00,49.6,0,0.31,0,,,1216509171
61.15,FSM Enemy 15,FSM,PatrolState,None,1.00,26.1,0,0.31,8,,,1216509171
61.15,FSM Enemy 4,FSM,PatrolState,None,1.00,53.8,0,0.31,0,,,1216509171
61.15,FSM Enemy 2,FSM,PatrolState,None,1.00,64.4,0,0.31,0,,,1216509171
61.15,FSM Enemy 13,FSM,PatrolState,None,1.00,43.2,0,0.31,0,,,1216509171
61.15,FSM Enemy 8,FSM,PatrolState,None,1.00,41.3,0,0.31,32,,,1216509171
61.15,FSM Enemy 6,FSM,PatrolState,None,1.00,47.8,0,0.31,0,,,1216509171
61.15,Utility Enemy 7,Utility,PatrolAction,None,0.70,45.7,0,0.31,0,0.120,0.000,1216509171
61.15,Utility Enemy 11,Utility,PatrolAction,None,0.90,29.7,0,0.31,0,0.120,0.000,1216509171
61.15,Utility Enemy 14,Utility,PatrolAction,None,0.80,31.6,0,0.31,0,0.120,0.000,1216509171
61.15,Utility Enemy 4,Utility,PatrolAction,None,0.90,37.4,0,0.31,0,0.120,0.000,1216509171
61.15,Utility Enemy 13,Utility,PatrolAction,None,0.70,53.1,0,0.31,0,0.120,0.000,1216509171
61.15,Utility Enemy 10,Utility,Dead,None,0.00,19.9,1,0.31,24,0.251,0.230,1216509171
61.15,Utility Enemy 3,Utility,PatrolAction,None,1.00,34.4,0,0.31,0,0.120,0.000,1216509171
61.15,Utility Enemy 5,Utility,PatrolAction,None,1.00,61.1,0,0.31,0,0.120,0.000,1216509171
61.15,Utility Enemy 8,Utility,PatrolAction,None,1.00,63.0,0,0.31,0,0.120,0.000,1216509171
61.15,Utility Enemy 12,Utility,PatrolAction,None,0.90,27.3,0,0.31,0,0.120,0.000,1216509171
61.15,Utility Enemy 1,Utility,PatrolAction,None,0.90,62.2,0,0.31,0,0.120,0.000,1216509171
61.15,Utility Enemy 9,Utility,PatrolAction,None,1.00,33.1,0,0.31,16,0.120,0.000,1216509171
61.15,Utility Enemy 6,Utility,Dead,None,0.00,13.4,1,0.31,8,0.493,0.317,1216509171
61.15,Utility Enemy 15,Utility,PatrolAction,None,1.00,55.4,0,0.31,0,0.120,0.000,1216509171
61.15,Utility Enemy 2,Utility,PatrolAction,None,0.90,57.6,0,0.31,0,0.120,0.000,1216509171
62.16,Player,Player,-,None,0.31,,0,0.31,,,,1216509171
62.16,FSM Enemy 10,FSM,PatrolState,None,1.00,40.3,0,0.31,8,,,1216509171
62.16,FSM Enemy 11,FSM,PatrolState,None,1.00,53.0,0,0.31,0,,,1216509171
62.16,FSM Enemy 7,FSM,PatrolState,None,0.50,40.1,0,0.31,0,,,1216509171
62.16,FSM Enemy 12,FSM,PatrolState,None,1.00,57.6,0,0.31,0,,,1216509171
62.16,FSM Enemy 9,FSM,Dead,None,0.00,10.1,0,0.31,8,,,1216509171
62.16,FSM Enemy 5,FSM,PatrolState,None,1.00,44.6,0,0.31,0,,,1216509171
62.16,FSM Enemy 1,FSM,PatrolState,None,1.00,60.3,0,0.31,0,,,1216509171
62.16,FSM Enemy 3,FSM,PatrolState,None,1.00,46.3,0,0.31,0,,,1216509171
62.16,FSM Enemy 14,FSM,PatrolState,None,1.00,47.6,0,0.31,0,,,1216509171
62.16,FSM Enemy 15,FSM,PatrolState,None,1.00,28.2,0,0.31,8,,,1216509171
62.16,FSM Enemy 4,FSM,PatrolState,None,1.00,55.7,0,0.31,0,,,1216509171
62.16,FSM Enemy 2,FSM,PatrolState,None,1.00,64.1,0,0.31,0,,,1216509171
62.16,FSM Enemy 13,FSM,PatrolState,None,1.00,43.8,0,0.31,0,,,1216509171
62.16,FSM Enemy 8,FSM,PatrolState,None,1.00,39.4,0,0.31,32,,,1216509171
62.16,FSM Enemy 6,FSM,PatrolState,None,1.00,49.4,0,0.31,0,,,1216509171
62.16,Utility Enemy 7,Utility,PatrolAction,None,0.70,50.1,0,0.31,0,0.120,0.000,1216509171
62.16,Utility Enemy 11,Utility,PatrolAction,None,0.90,31.1,0,0.31,0,0.120,0.000,1216509171
62.16,Utility Enemy 14,Utility,PatrolAction,None,0.80,31.1,0,0.31,0,0.120,0.000,1216509171
62.16,Utility Enemy 4,Utility,PatrolAction,None,0.90,36.1,0,0.31,0,0.120,0.000,1216509171
62.16,Utility Enemy 13,Utility,PatrolAction,None,0.70,48.7,0,0.31,0,0.120,0.000,1216509171
62.16,Utility Enemy 10,Utility,Dead,None,0.00,18.7,1,0.31,24,0.251,0.230,1216509171
62.16,Utility Enemy 3,Utility,PatrolAction,None,1.00,37.6,0,0.31,0,0.120,0.000,1216509171
62.16,Utility Enemy 5,Utility,PatrolAction,None,1.00,62.5,0,0.31,0,0.120,0.000,1216509171
62.16,Utility Enemy 8,Utility,PatrolAction,None,1.00,63.4,0,0.31,0,0.120,0.000,1216509171
62.16,Utility Enemy 12,Utility,PatrolAction,None,0.90,31.7,0,0.31,0,0.120,0.000,1216509171
62.16,Utility Enemy 1,Utility,PatrolAction,None,0.90,63.2,0,0.31,0,0.120,0.000,1216509171
62.16,Utility Enemy 9,Utility,PatrolAction,None,1.00,36.7,0,0.31,16,0.120,0.000,1216509171
62.16,Utility Enemy 6,Utility,Dead,None,0.00,13.2,1,0.31,8,0.493,0.317,1216509171
62.16,Utility Enemy 15,Utility,PatrolAction,None,1.00,53.8,0,0.31,0,0.120,0.000,1216509171
62.16,Utility Enemy 2,Utility,PatrolAction,None,0.90,54.3,0,0.31,0,0.120,0.000,1216509171
63.16,Player,Player,-,None,0.31,,0,0.31,,,,1216509171
63.16,FSM Enemy 10,FSM,PatrolState,None,1.00,38.3,0,0.31,8,,,1216509171
63.16,FSM Enemy 11,FSM,PatrolState,None,1.00,50.6,0,0.31,0,,,1216509171
63.16,FSM Enemy 7,FSM,PatrolState,None,0.50,40.1,0,0.31,0,,,1216509171
63.16,FSM Enemy 12,FSM,PatrolState,None,1.00,56.9,0,0.31,0,,,1216509171
63.16,FSM Enemy 9,FSM,Dead,None,0.00,10.0,0,0.31,8,,,1216509171
63.16,FSM Enemy 5,FSM,PatrolState,None,1.00,44.3,0,0.31,0,,,1216509171
63.16,FSM Enemy 1,FSM,PatrolState,None,1.00,62.6,0,0.31,0,,,1216509171
63.16,FSM Enemy 3,FSM,PatrolState,None,1.00,43.8,0,0.31,0,,,1216509171
63.16,FSM Enemy 14,FSM,PatrolState,None,1.00,46.5,0,0.31,0,,,1216509171
63.16,FSM Enemy 15,FSM,PatrolState,None,1.00,29.0,0,0.31,8,,,1216509171
63.16,FSM Enemy 4,FSM,PatrolState,None,1.00,56.3,0,0.31,0,,,1216509171
63.16,FSM Enemy 2,FSM,PatrolState,None,1.00,62.8,0,0.31,0,,,1216509171
63.16,FSM Enemy 13,FSM,PatrolState,None,1.00,41.4,0,0.31,0,,,1216509171
63.16,FSM Enemy 8,FSM,PatrolState,None,1.00,37.2,0,0.31,32,,,1216509171
63.16,FSM Enemy 6,FSM,PatrolState,None,1.00,49.9,0,0.31,0,,,1216509171
63.16,Utility Enemy 7,Utility,PatrolAction,None,0.70,50.3,0,0.31,0,0.120,0.000,1216509171
63.16,Utility Enemy 11,Utility,PatrolAction,None,0.90,34.6,0,0.31,0,0.120,0.000,1216509171
63.16,Utility Enemy 14,Utility,PatrolAction,None,0.80,31.8,0,0.31,0,0.120,0.000,1216509171
63.16,Utility Enemy 4,Utility,PatrolAction,None,0.90,37.3,0,0.31,0,0.120,0.000,1216509171
63.16,Utility Enemy 13,Utility,PatrolAction,None,0.70,45.0,0,0.31,0,0.120,0.000,1216509171
63.16,Utility Enemy 10,Utility,Dead,None,0.00,18.4,1,0.31,24,0.251,0.230,1216509171
63.16,Utility Enemy 3,Utility,PatrolAction,None,1.00,41.3,0,0.31,0,0.120,0.000,1216509171
63.16,Utility Enemy 5,Utility,PatrolAction,None,1.00,64.7,0,0.31,0,0.120,0.000,1216509171
63.16,Utility Enemy 8,Utility,PatrolAction,None,1.00,59.4,0,0.31,0,0.120,0.000,1216509171
63.16,Utility Enemy 12,Utility,PatrolAction,None,0.90,32.1,0,0.31,0,0.120,0.000,1216509171
63.16,Utility Enemy 1,Utility,PatrolAction,None,0.90,60.5,0,0.31,0,0.120,0.000,1216509171
63.16,Utility Enemy 9,Utility,PatrolAction,None,1.00,37.4,0,0.31,16,0.120,0.000,1216509171
63.16,Utility Enemy 6,Utility,Dead,None,0.00,13.1,1,0.31,8,0.493,0.317,1216509171
63.16,Utility Enemy 15,Utility,PatrolAction,None,1.00,50.4,0,0.31,0,0.120,0.000,1216509171
63.16,Utility Enemy 2,Utility,PatrolAction,None,0.90,52.3,0,0.31,0,0.120,0.000,1216509171
64.16,Player,Player,-,PlayerDuplicate,0.31,,0,0.31,,,,1216509171
64.16,FSM Enemy 10,FSM,AttackState,PlayerDuplicate,1.00,37.4,0,0.31,8,,,1216509171
64.16,FSM Enemy 11,FSM,AttackState,PlayerDuplicate,1.00,49.7,0,0.31,0,,,1216509171
64.16,FSM Enemy 7,FSM,AttackState,PlayerDuplicate,0.50,40.3,0,0.31,0,,,1216509171
64.16,FSM Enemy 12,FSM,AttackState,PlayerDuplicate,1.00,56.6,0,0.31,0,,,1216509171
64.16,FSM Enemy 9,FSM,Dead,PlayerDuplicate,0.00,10.0,0,0.31,8,,,1216509171
64.16,FSM Enemy 5,FSM,AttackState,PlayerDuplicate,1.00,44.3,0,0.31,0,,,1216509171
64.16,FSM Enemy 1,FSM,AttackState,PlayerDuplicate,1.00,63.4,0,0.31,0,,,1216509171
64.16,FSM Enemy 3,FSM,AttackState,PlayerDuplicate,1.00,42.9,0,0.31,0,,,1216509171
64.16,FSM Enemy 14,FSM,AttackState,PlayerDuplicate,1.00,46.2,0,0.31,0,,,1216509171
64.16,FSM Enemy 15,FSM,AttackState,PlayerDuplicate,1.00,28.8,0,0.31,8,,,1216509171
64.16,FSM Enemy 4,FSM,AttackState,PlayerDuplicate,1.00,56.3,0,0.31,0,,,1216509171
64.16,FSM Enemy 2,FSM,AttackState,PlayerDuplicate,1.00,62.8,0,0.31,0,,,1216509171
64.16,FSM Enemy 13,FSM,AttackState,PlayerDuplicate,1.00,40.6,0,0.31,0,,,1216509171
64.16,FSM Enemy 8,FSM,AttackState,PlayerDuplicate,1.00,36.3,0,0.31,32,,,1216509171
64.16,FSM Enemy 6,FSM,AttackState,PlayerDuplicate,1.00,50.1,0,0.31,0,,,1216509171
64.16,Utility Enemy 7,Utility,PatrolAction,PlayerDuplicate,0.70,48.8,0,0.31,0,0.120,0.000,1216509171
64.16,Utility Enemy 11,Utility,PatrolAction,PlayerDuplicate,0.90,38.1,0,0.31,0,0.120,0.000,1216509171
64.16,Utility Enemy 14,Utility,PatrolAction,PlayerDuplicate,0.80,34.8,0,0.31,0,0.120,0.000,1216509171
64.16,Utility Enemy 4,Utility,PatrolAction,PlayerDuplicate,0.90,34.3,0,0.31,0,0.120,0.000,1216509171
64.16,Utility Enemy 13,Utility,PatrolAction,PlayerDuplicate,0.70,41.7,0,0.31,0,0.120,0.000,1216509171
64.16,Utility Enemy 10,Utility,Dead,PlayerDuplicate,0.00,18.4,1,0.31,24,0.251,0.230,1216509171
64.16,Utility Enemy 3,Utility,PatrolAction,PlayerDuplicate,1.00,44.8,0,0.31,0,0.120,0.000,1216509171
64.16,Utility Enemy 5,Utility,PatrolAction,PlayerDuplicate,0.90,62.0,0,0.31,0,0.120,0.000,1216509171
64.16,Utility Enemy 8,Utility,PatrolAction,PlayerDuplicate,1.00,59.3,0,0.31,0,0.120,0.000,1216509171
64.16,Utility Enemy 12,Utility,PatrolAction,PlayerDuplicate,0.90,29.7,0,0.31,0,0.120,0.000,1216509171
64.16,Utility Enemy 1,Utility,PatrolAction,PlayerDuplicate,0.90,63.1,0,0.31,0,0.120,0.000,1216509171
64.16,Utility Enemy 9,Utility,PatrolAction,PlayerDuplicate,1.00,33.6,0,0.31,16,0.120,0.000,1216509171
64.16,Utility Enemy 6,Utility,Dead,PlayerDuplicate,0.00,13.1,1,0.31,8,0.493,0.317,1216509171
64.16,Utility Enemy 15,Utility,PatrolAction,PlayerDuplicate,1.00,48.3,0,0.31,0,0.120,0.000,1216509171
64.16,Utility Enemy 2,Utility,PatrolAction,PlayerDuplicate,0.90,49.2,0,0.31,0,0.120,0.000,1216509171
65.16,Player,Player,-,PlayerDuplicate,0.31,,0,0.31,,,,1216509171
65.16,FSM Enemy 10,FSM,AttackState,PlayerDuplicate,1.00,37.4,0,0.31,8,,,1216509171
65.16,FSM Enemy 11,FSM,AttackState,PlayerDuplicate,1.00,49.7,0,0.31,0,,,1216509171
65.16,FSM Enemy 7,FSM,AttackState,PlayerDuplicate,0.50,40.3,0,0.31,0,,,1216509171
65.16,FSM Enemy 12,FSM,AttackState,PlayerDuplicate,1.00,56.6,0,0.31,0,,,1216509171
65.16,FSM Enemy 9,FSM,Dead,PlayerDuplicate,0.00,10.0,0,0.31,8,,,1216509171
65.16,FSM Enemy 5,FSM,AttackState,PlayerDuplicate,1.00,44.3,0,0.31,0,,,1216509171
65.16,FSM Enemy 1,FSM,AttackState,PlayerDuplicate,1.00,63.4,0,0.31,0,,,1216509171
65.16,FSM Enemy 3,FSM,AttackState,PlayerDuplicate,1.00,42.9,0,0.31,0,,,1216509171
65.16,FSM Enemy 14,FSM,AttackState,PlayerDuplicate,1.00,46.2,0,0.31,0,,,1216509171
65.16,FSM Enemy 15,FSM,AttackState,PlayerDuplicate,1.00,28.8,0,0.31,8,,,1216509171
65.16,FSM Enemy 4,FSM,AttackState,PlayerDuplicate,1.00,56.3,0,0.31,0,,,1216509171
65.16,FSM Enemy 2,FSM,AttackState,PlayerDuplicate,1.00,62.8,0,0.31,0,,,1216509171
65.16,FSM Enemy 13,FSM,AttackState,PlayerDuplicate,1.00,40.6,0,0.31,0,,,1216509171
65.16,FSM Enemy 8,FSM,AttackState,PlayerDuplicate,1.00,36.3,0,0.31,32,,,1216509171
65.16,FSM Enemy 6,FSM,AttackState,PlayerDuplicate,1.00,50.1,0,0.31,0,,,1216509171
65.16,Utility Enemy 7,Utility,PatrolAction,PlayerDuplicate,0.70,52.2,0,0.31,0,0.120,0.000,1216509171
65.16,Utility Enemy 11,Utility,PatrolAction,PlayerDuplicate,0.90,37.4,0,0.31,0,0.120,0.000,1216509171
65.16,Utility Enemy 14,Utility,PatrolAction,PlayerDuplicate,0.80,34.9,0,0.31,0,0.120,0.000,1216509171
65.16,Utility Enemy 4,Utility,PatrolAction,PlayerDuplicate,0.90,31.4,0,0.31,0,0.120,0.000,1216509171
65.16,Utility Enemy 13,Utility,PatrolAction,PlayerDuplicate,0.70,38.9,0,0.31,0,0.120,0.000,1216509171
65.16,Utility Enemy 10,Utility,Dead,PlayerDuplicate,0.00,18.4,1,0.31,24,0.251,0.230,1216509171
65.16,Utility Enemy 3,Utility,PatrolAction,PlayerDuplicate,1.00,47.7,0,0.31,0,0.120,0.000,1216509171
65.16,Utility Enemy 5,Utility,PatrolAction,PlayerDuplicate,0.90,58.9,0,0.31,0,0.120,0.000,1216509171
65.16,Utility Enemy 8,Utility,PatrolAction,PlayerDuplicate,1.00,59.6,0,0.31,0,0.120,0.000,1216509171
65.16,Utility Enemy 12,Utility,PatrolAction,PlayerDuplicate,0.90,28.3,0,0.31,0,0.120,0.000,1216509171
65.16,Utility Enemy 1,Utility,PatrolAction,PlayerDuplicate,0.90,63.7,0,0.31,0,0.120,0.000,1216509171
65.16,Utility Enemy 9,Utility,PatrolAction,PlayerDuplicate,1.00,30.0,0,0.31,16,0.120,0.000,1216509171
65.16,Utility Enemy 6,Utility,Dead,PlayerDuplicate,0.00,13.1,1,0.31,8,0.493,0.317,1216509171
65.16,Utility Enemy 15,Utility,PatrolAction,PlayerDuplicate,1.00,48.9,0,0.31,0,0.120,0.000,1216509171
65.16,Utility Enemy 2,Utility,PatrolAction,PlayerDuplicate,0.90,46.5,0,0.31,0,0.120,0.000,1216509171
66.17,Player,Player,-,PlayerDuplicate,0.31,,0,0.31,,,,1216509171
66.17,FSM Enemy 10,FSM,AttackState,PlayerDuplicate,1.00,37.8,0,0.31,8,,,1216509171
66.17,FSM Enemy 11,FSM,AttackState,PlayerDuplicate,1.00,49.0,0,0.31,0,,,1216509171
66.17,FSM Enemy 7,FSM,AttackState,PlayerDuplicate,0.50,39.5,0,0.31,0,,,1216509171
66.17,FSM Enemy 12,FSM,AttackState,PlayerDuplicate,1.00,55.9,0,0.31,0,,,1216509171
66.17,FSM Enemy 9,FSM,PatrolState,PlayerDuplicate,1.00,55.6,0,0.31,8,,,1216509171
66.17,FSM Enemy 5,FSM,AttackState,PlayerDuplicate,1.00,44.9,0,0.31,0,,,1216509171
66.17,FSM Enemy 1,FSM,AttackState,PlayerDuplicate,1.00,64.2,0,0.31,0,,,1216509171
66.17,FSM Enemy 3,FSM,AttackState,PlayerDuplicate,1.00,43.9,0,0.31,0,,,1216509171
66.17,FSM Enemy 14,FSM,AttackState,PlayerDuplicate,1.00,47.1,0,0.31,0,,,1216509171
66.17,FSM Enemy 15,FSM,AttackState,PlayerDuplicate,1.00,28.1,0,0.31,8,,,1216509171
66.17,FSM Enemy 4,FSM,AttackState,PlayerDuplicate,1.00,56.0,0,0.31,0,,,1216509171
66.17,FSM Enemy 2,FSM,AttackState,PlayerDuplicate,1.00,63.4,0,0.31,0,,,1216509171
66.17,FSM Enemy 13,FSM,AttackState,PlayerDuplicate,1.00,40.4,0,0.31,0,,,1216509171
66.17,FSM Enemy 8,FSM,AttackState,PlayerDuplicate,1.00,36.9,0,0.31,32,,,1216509171
66.17,FSM Enemy 6,FSM,AttackState,PlayerDuplicate,1.00,49.3,0,0.31,0,,,1216509171
66.17,Utility Enemy 7,Utility,PatrolAction,PlayerDuplicate,0.70,55.4,0,0.31,0,0.120,0.000,1216509171
66.17,Utility Enemy 11,Utility,PatrolAction,PlayerDuplicate,0.90,39.6,0,0.31,0,0.120,0.000,1216509171
66.17,Utility Enemy 14,Utility,PatrolAction,PlayerDuplicate,0.80,37.2,0,0.31,0,0.120,0.000,1216509171
66.17,Utility Enemy 4,Utility,PatrolAction,PlayerDuplicate,0.90,29.4,0,0.31,0,0.120,0.000,1216509171
66.17,Utility Enemy 13,Utility,PatrolAction,PlayerDuplicate,0.70,35.3,0,0.31,0,0.120,0.000,1216509171
66.17,Utility Enemy 10,Utility,Dead,PlayerDuplicate,0.00,18.1,1,0.31,24,0.251,0.230,1216509171
66.17,Utility Enemy 3,Utility,PatrolAction,PlayerDuplicate,1.00,48.4,0,0.31,0,0.120,0.000,1216509171
66.17,Utility Enemy 5,Utility,PatrolAction,PlayerDuplicate,0.90,59.3,0,0.31,0,0.120,0.000,1216509171
66.17,Utility Enemy 8,Utility,PatrolAction,PlayerDuplicate,1.00,58.6,0,0.31,0,0.120,0.000,1216509171
66.17,Utility Enemy 12,Utility,PatrolAction,PlayerDuplicate,0.90,27.2,0,0.31,0,0.120,0.000,1216509171
66.17,Utility Enemy 1,Utility,PatrolAction,PlayerDuplicate,0.90,60.7,0,0.31,0,0.120,0.000,1216509171
66.17,Utility Enemy 9,Utility,PatrolAction,PlayerDuplicate,1.00,34.2,0,0.31,16,0.120,0.000,1216509171
66.17,Utility Enemy 6,Utility,Dead,PlayerDuplicate,0.00,12.2,1,0.31,8,0.493,0.317,1216509171
66.17,Utility Enemy 15,Utility,PatrolAction,PlayerDuplicate,1.00,50.7,0,0.31,0,0.120,0.000,1216509171
66.17,Utility Enemy 2,Utility,PatrolAction,PlayerDuplicate,0.90,43.5,0,0.31,0,0.120,0.000,1216509171
67.17,Player,Player,-,PlayerDuplicate,0.31,,0,0.31,,,,1216509171
67.17,FSM Enemy 10,FSM,AttackState,PlayerDuplicate,1.00,40.3,0,0.31,8,,,1216509171
67.17,FSM Enemy 11,FSM,AttackState,PlayerDuplicate,1.00,44.8,0,0.31,0,,,1216509171
67.17,FSM Enemy 7,FSM,AttackState,PlayerDuplicate,0.50,35.3,0,0.31,0,,,1216509171
67.17,FSM Enemy 12,FSM,AttackState,PlayerDuplicate,1.00,52.0,0,0.31,0,,,1216509171
67.17,FSM Enemy 9,FSM,PatrolState,PlayerDuplicate,1.00,49.3,0,0.31,8,,,1216509171
67.17,FSM Enemy 5,FSM,AttackState,PlayerDuplicate,1.00,49.2,0,0.31,0,,,1216509171
67.17,FSM Enemy 1,FSM,AttackState,PlayerDuplicate,1.00,69.2,0,0.31,0,,,1216509171
67.17,FSM Enemy 3,FSM,AttackState,PlayerDuplicate,1.00,49.6,0,0.31,0,,,1216509171
67.17,FSM Enemy 14,FSM,AttackState,PlayerDuplicate,1.00,52.9,0,0.31,0,,,1216509171
67.17,FSM Enemy 15,FSM,AttackState,PlayerDuplicate,1.00,24.1,0,0.31,8,,,1216509171
67.17,FSM Enemy 4,FSM,AttackState,PlayerDuplicate,1.00,54.1,0,0.31,0,,,1216509171
67.17,FSM Enemy 2,FSM,AttackState,PlayerDuplicate,1.00,67.2,0,0.31,0,,,1216509171
67.17,FSM Enemy 13,FSM,AttackState,PlayerDuplicate,1.00,39.4,0,0.31,0,,,1216509171
67.17,FSM Enemy 8,FSM,AttackState,PlayerDuplicate,1.00,41.2,0,0.31,32,,,1216509171
67.17,FSM Enemy 6,FSM,AttackState,PlayerDuplicate,1.00,44.9,0,0.31,0,,,1216509171
67.17,Utility Enemy 7,Utility,PatrolAction,PlayerDuplicate,0.70,55.1,0,0.31,0,0.120,0.000,1216509171
67.17,Utility Enemy 11,Utility,PatrolAction,PlayerDuplicate,0.90,31.7,0,0.31,0,0.120,0.000,1216509171
67.17,Utility Enemy 14,Utility,PatrolAction,PlayerDuplicate,0.80,45.1,0,0.31,0,0.120,0.000,1216509171
67.17,Utility Enemy 4,Utility,PatrolAction,PlayerDuplicate,0.90,29.2,0,0.31,0,0.120,0.000,1216509171
67.17,Utility Enemy 13,Utility,PatrolAction,PlayerDuplicate,0.70,27.9,0,0.31,0,0.120,0.000,1216509171
67.17,Utility Enemy 10,Utility,Dead,PlayerDuplicate,0.00,17.2,1,0.31,24,0.251,0.230,1216509171
67.17,Utility Enemy 3,Utility,PatrolAction,PlayerDuplicate,1.00,50.0,0,0.31,0,0.120,0.000,1216509171
67.17,Utility Enemy 5,Utility,PatrolAction,PlayerDuplicate,0.90,68.0,0,0.31,0,0.120,0.000,1216509171
67.17,Utility Enemy 8,Utility,PatrolAction,PlayerDuplicate,1.00,59.5,0,0.31,0,0.120,0.000,1216509171
67.17,Utility Enemy 12,Utility,PatrolAction,PlayerDuplicate,0.90,23.0,0,0.31,0,0.120,0.000,1216509171
67.17,Utility Enemy 1,Utility,PatrolAction,PlayerDuplicate,0.80,61.3,0,0.31,0,0.120,0.000,1216509171
67.17,Utility Enemy 9,Utility,PatrolAction,PlayerDuplicate,1.00,41.4,0,0.31,16,0.120,0.000,1216509171
67.17,Utility Enemy 6,Utility,Dead,PlayerDuplicate,0.00,7.5,1,0.31,8,0.493,0.317,1216509171
67.17,Utility Enemy 15,Utility,PatrolAction,PlayerDuplicate,1.00,58.6,0,0.31,0,0.120,0.000,1216509171
67.17,Utility Enemy 2,Utility,PatrolAction,PlayerDuplicate,0.90,44.9,0,0.31,0,0.120,0.000,1216509171
68.17,Player,Player,-,PlayerDuplicate,0.31,,0,0.31,,,,1216509171
68.17,FSM Enemy 10,FSM,AttackState,PlayerDuplicate,1.00,45.9,0,0.31,8,,,1216509171
68.17,FSM Enemy 11,FSM,AttackState,PlayerDuplicate,1.00,38.8,0,0.31,0,,,1216509171
68.17,FSM Enemy 7,FSM,AttackState,PlayerDuplicate,0.50,29.3,0,0.31,0,,,1216509171
68.17,FSM Enemy 12,FSM,AttackState,PlayerDuplicate,1.00,51.7,0,0.31,0,,,1216509171
68.17,FSM Enemy 9,FSM,PatrolState,PlayerDuplicate,1.00,46.8,0,0.31,8,,,1216509171
68.17,FSM Enemy 5,FSM,AttackState,PlayerDuplicate,1.00,51.1,0,0.31,0,,,1216509171
68.17,FSM Enemy 1,FSM,AttackState,PlayerDuplicate,1.00,72.2,0,0.31,0,,,1216509171
68.17,FSM Enemy 3,FSM,AttackState,PlayerDuplicate,1.00,55.1,0,0.31,0,,,1216509171
68.17,FSM Enemy 14,FSM,AttackState,PlayerDuplicate,1.00,58.0,0,0.31,0,,,1216509171
68.17,FSM Enemy 15,FSM,AttackState,PlayerDuplicate,1.00,18.5,0,0.31,8,,,1216509171
68.17,FSM Enemy 4,FSM,AttackState,PlayerDuplicate,1.00,56.3,0,0.31,0,,,1216509171
68.17,FSM Enemy 2,FSM,AttackState,PlayerDuplicate,1.00,73.1,0,0.31,0,,,1216509171
68.17,FSM Enemy 13,FSM,AttackState,PlayerDuplicate,1.00,35.9,0,0.31,0,,,1216509171
68.17,FSM Enemy 8,FSM,AttackState,PlayerDuplicate,1.00,47.3,0,0.31,32,,,1216509171
68.17,FSM Enemy 6,FSM,AttackState,PlayerDuplicate,1.00,43.9,0,0.31,0,,,1216509171
68.17,Utility Enemy 7,Utility,PatrolAction,PlayerDuplicate,0.70,58.1,0,0.31,0,0.120,0.000,1216509171
68.17,Utility Enemy 11,Utility,PatrolAction,PlayerDuplicate,0.90,23.3,0,0.31,0,0.120,0.000,1216509171
68.17,Utility Enemy 14,Utility,PatrolAction,PlayerDuplicate,0.80,50.8,0,0.31,0,0.120,0.000,1216509171
68.17,Utility Enemy 4,Utility,PatrolAction,PlayerDuplicate,0.90,26.7,0,0.31,0,0.120,0.000,1216509171
68.17,Utility Enemy 13,Utility,PatrolAction,PlayerDuplicate,0.70,20.3,0,0.31,0,0.120,0.000,1216509171
68.17,Utility Enemy 10,Utility,Dead,PlayerDuplicate,0.00,14.8,0,0.31,24,0.251,0.230,1216509171
68.17,Utility Enemy 3,Utility,PatrolAction,PlayerDuplicate,1.00,52.0,0,0.31,0,0.120,0.000,1216509171
68.17,Utility Enemy 5,Utility,PatrolAction,PlayerDuplicate,0.90,73.5,0,0.31,0,0.120,0.000,1216509171
68.17,Utility Enemy 8,Utility,PatrolAction,PlayerDuplicate,1.00,59.1,0,0.31,0,0.120,0.000,1216509171
68.17,Utility Enemy 12,Utility,PatrolAction,PlayerDuplicate,0.90,24.1,0,0.31,0,0.120,0.000,1216509171
68.17,Utility Enemy 1,Utility,PatrolAction,PlayerDuplicate,0.80,64.0,0,0.31,0,0.120,0.000,1216509171
68.17,Utility Enemy 9,Utility,PatrolAction,PlayerDuplicate,1.00,46.3,0,0.31,16,0.120,0.000,1216509171
68.17,Utility Enemy 6,Utility,Dead,PlayerDuplicate,0.00,2.0,0,0.31,8,0.493,0.317,1216509171
68.17,Utility Enemy 15,Utility,PatrolAction,PlayerDuplicate,1.00,66.5,0,0.31,0,0.120,0.000,1216509171
68.17,Utility Enemy 2,Utility,PatrolAction,PlayerDuplicate,0.90,48.3,0,0.31,0,0.120,0.000,1216509171
69.17,Player,Player,-,None,0.31,,0,0.31,,,,1216509171
69.17,FSM Enemy 10,FSM,PatrolState,None,1.00,51.2,0,0.31,8,,,1216509171
69.17,FSM Enemy 11,FSM,PatrolState,None,1.00,33.0,0,0.31,0,,,1216509171
69.17,FSM Enemy 7,FSM,PatrolState,None,0.50,26.1,0,0.31,0,,,1216509171
69.17,FSM Enemy 12,FSM,PatrolState,None,1.00,50.3,0,0.31,0,,,1216509171
69.17,FSM Enemy 9,FSM,PatrolState,None,1.00,43.6,0,0.31,8,,,1216509171
69.17,FSM Enemy 5,FSM,PatrolState,None,1.00,53.8,0,0.31,0,,,1216509171
69.17,FSM Enemy 1,FSM,PatrolState,None,1.00,75.8,0,0.31,0,,,1216509171
69.17,FSM Enemy 3,FSM,PatrolState,None,1.00,61.9,0,0.31,0,,,1216509171
69.17,FSM Enemy 14,FSM,PatrolState,None,1.00,63.5,0,0.31,0,,,1216509171
69.17,FSM Enemy 15,FSM,PatrolState,None,1.00,13.3,0,0.31,8,,,1216509171
69.17,FSM Enemy 4,FSM,PatrolState,None,1.00,55.5,0,0.31,0,,,1216509171
69.17,FSM Enemy 2,FSM,PatrolState,None,1.00,79.3,0,0.31,0,,,1216509171
69.17,FSM Enemy 13,FSM,PatrolState,None,1.00,34.0,0,0.31,0,,,1216509171
69.17,FSM Enemy 8,FSM,PatrolState,None,1.00,51.7,0,0.31,32,,,1216509171
69.17,FSM Enemy 6,FSM,PatrolState,None,1.00,41.0,0,0.31,0,,,1216509171
69.17,Utility Enemy 7,Utility,PatrolAction,None,0.70,57.7,0,0.31,0,0.120,0.000,1216509171
69.17,Utility Enemy 11,Utility,SpreadFireAction,None,0.90,16.9,1,0.31,0,0.154,0.125,1216509171
69.17,Utility Enemy 14,Utility,PatrolAction,None,0.80,52.3,0,0.31,0,0.120,0.000,1216509171
69.17,Utility Enemy 4,Utility,PatrolAction,None,0.90,28.3,0,0.31,0,0.120,0.000,1216509171
69.17,Utility Enemy 13,Utility,PatrolAction,None,0.70,15.0,0,0.31,0,0.120,0.000,1216509171
69.17,Utility Enemy 10,Utility,Dead,None,0.00,16.6,0,0.31,24,0.251,0.230,1216509171
69.17,Utility Enemy 3,Utility,PatrolAction,None,1.00,54.8,0,0.31,0,0.120,0.000,1216509171
69.17,Utility Enemy 5,Utility,PatrolAction,None,0.90,77.8,0,0.31,0,0.120,0.000,1216509171
69.17,Utility Enemy 8,Utility,PatrolAction,None,1.00,63.3,0,0.31,0,0.120,0.000,1216509171
69.17,Utility Enemy 12,Utility,PatrolAction,None,0.90,20.9,0,0.31,0,0.120,0.000,1216509171
69.17,Utility Enemy 1,Utility,PatrolAction,None,0.80,72.4,0,0.31,0,0.120,0.000,1216509171
69.17,Utility Enemy 9,Utility,PatrolAction,None,1.00,53.0,0,0.31,16,0.120,0.000,1216509171
69.17,Utility Enemy 6,Utility,Dead,None,0.00,5.9,0,0.31,8,0.493,0.317,1216509171
69.17,Utility Enemy 15,Utility,PatrolAction,None,1.00,69.0,0,0.31,0,0.120,0.000,1216509171
69.17,Utility Enemy 2,Utility,PatrolAction,None,0.90,55.6,0,0.31,0,0.120,0.000,1216509171
70.17,Player,Player,-,None,0.25,,0,0.25,,,,1216509171
70.17,FSM Enemy 10,FSM,PatrolState,None,1.00,54.0,0,0.25,8,,,1216509171
70.17,FSM Enemy 11,FSM,PatrolState,None,1.00,30.5,0,0.25,0,,,1216509171
70.17,FSM Enemy 7,FSM,PatrolState,None,0.50,27.2,0,0.25,0,,,1216509171
70.17,FSM Enemy 12,FSM,PatrolState,None,1.00,50.9,0,0.25,0,,,1216509171
70.17,FSM Enemy 9,FSM,PatrolState,None,1.00,42.2,0,0.25,8,,,1216509171
70.17,FSM Enemy 5,FSM,PatrolState,None,1.00,52.8,0,0.25,0,,,1216509171
70.17,FSM Enemy 1,FSM,PatrolState,None,1.00,75.3,0,0.25,0,,,1216509171
70.17,FSM Enemy 3,FSM,PatrolState,None,1.00,65.2,0,0.25,0,,,1216509171
70.17,FSM Enemy 14,FSM,PatrolState,None,1.00,64.9,0,0.25,0,,,1216509171
70.17,FSM Enemy 15,FSM,PatrolState,None,1.00,10.7,0,0.25,8,,,1216509171
70.17,FSM Enemy 4,FSM,PatrolState,None,1.00,56.6,0,0.25,0,,,1216509171
70.17,FSM Enemy 2,FSM,PatrolState,None,1.00,82.5,0,0.25,0,,,1216509171
70.17,FSM Enemy 13,FSM,PatrolState,None,1.00,32.1,0,0.25,0,,,1216509171
70.17,FSM Enemy 8,FSM,PatrolState,None,1.00,51.8,0,0.25,32,,,1216509171
70.17,FSM Enemy 6,FSM,PatrolState,None,1.00,40.2,0,0.25,0,,,1216509171
70.17,Utility Enemy 7,Utility,PatrolAction,None,0.70,59.0,0,0.25,0,0.120,0.000,1216509171
70.17,Utility Enemy 11,Utility,SpreadFireAction,None,0.90,14.9,1,0.25,8,0.179,0.173,1216509171
70.17,Utility Enemy 14,Utility,PatrolAction,None,0.80,52.4,0,0.25,0,0.120,0.000,1216509171
70.17,Utility Enemy 4,Utility,PatrolAction,None,0.90,28.3,0,0.25,0,0.120,0.000,1216509171
70.17,Utility Enemy 13,Utility,PatrolAction,None,0.70,15.6,0,0.25,0,0.120,0.000,1216509171
70.17,Utility Enemy 10,Utility,Dead,None,0.00,17.7,0,0.25,24,0.251,0.230,1216509171
70.17,Utility Enemy 3,Utility,PatrolAction,None,1.00,53.7,0,0.25,0,0.120,0.000,1216509171
70.17,Utility Enemy 5,Utility,PatrolAction,None,0.90,76.9,0,0.25,0,0.120,0.000,1216509171
70.17,Utility Enemy 8,Utility,PatrolAction,None,1.00,60.6,0,0.25,0,0.120,0.000,1216509171
70.17,Utility Enemy 12,Utility,PatrolAction,None,0.90,22.3,0,0.25,0,0.120,0.000,1216509171
70.17,Utility Enemy 1,Utility,PatrolAction,None,0.80,77.2,0,0.25,0,0.120,0.000,1216509171
70.17,Utility Enemy 9,Utility,PatrolAction,None,1.00,53.9,0,0.25,16,0.120,0.000,1216509171
70.17,Utility Enemy 6,Utility,Dead,None,0.00,7.8,0,0.25,8,0.493,0.317,1216509171
70.17,Utility Enemy 15,Utility,PatrolAction,None,1.00,67.8,0,0.25,0,0.120,0.000,1216509171
70.17,Utility Enemy 2,Utility,PatrolAction,None,0.90,58.0,0,0.25,0,0.120,0.000,1216509171
71.17,Player,Player,-,None,0.25,,0,0.25,,,,1216509171
71.17,FSM Enemy 10,FSM,PatrolState,None,1.00,55.3,0,0.25,8,,,1216509171
71.17,FSM Enemy 11,FSM,PatrolState,None,1.00,29.6,0,0.25,0,,,1216509171
71.17,FSM Enemy 7,FSM,PatrolState,None,0.50,29.7,0,0.25,0,,,1216509171
71.17,FSM Enemy 12,FSM,PatrolState,None,1.00,52.0,0,0.25,0,,,1216509171
71.17,FSM Enemy 9,FSM,PatrolState,None,1.00,41.3,0,0.25,8,,,1216509171
71.17,FSM Enemy 5,FSM,PatrolState,None,1.00,50.3,0,0.25,0,,,1216509171
71.17,FSM Enemy 1,FSM,PatrolState,None,1.00,73.2,0,0.25,0,,,1216509171
71.17,FSM Enemy 3,FSM,PatrolState,None,1.00,66.4,0,0.25,0,,,1216509171
71.17,FSM Enemy 14,FSM,PatrolState,None,1.00,64.4,0,0.25,0,,,1216509171
71.17,FSM Enemy 15,FSM,PatrolState,None,1.00,9.1,0,0.25,8,,,1216509171
71.17,FSM Enemy 4,FSM,PatrolState,None,1.00,58.2,0,0.25,0,,,1216509171
71.17,FSM Enemy 2,FSM,PatrolState,None,1.00,84.0,0,0.25,0,,,1216509171
71.17,FSM Enemy 13,FSM,PatrolState,None,1.00,30.3,0,0.25,0,,,1216509171
71.17,FSM Enemy 8,FSM,PatrolState,None,1.00,50.0,0,0.25,32,,,1216509171
71.17,FSM Enemy 6,FSM,PatrolState,None,1.00,40.2,0,0.25,0,,,1216509171
71.17,Utility Enemy 7,Utility,PatrolAction,None,0.70,61.7,0,0.25,0,0.120,0.000,1216509171
71.17,Utility Enemy 11,Utility,SpreadFireAction,None,0.90,14.9,1,0.25,8,0.178,0.174,1216509171
71.17,Utility Enemy 14,Utility,PatrolAction,None,0.80,55.0,0,0.25,0,0.120,0.000,1216509171
71.17,Utility Enemy 4,Utility,PatrolAction,None,0.90,26.2,0,0.25,0,0.120,0.000,1216509171
71.17,Utility Enemy 13,Utility,PatrolAction,None,0.70,16.5,0,0.25,0,0.120,0.000,1216509171
71.17,Utility Enemy 10,Utility,Dead,None,0.00,17.7,0,0.25,24,0.251,0.230,1216509171
71.17,Utility Enemy 3,Utility,PatrolAction,None,1.00,51.3,0,0.25,0,0.120,0.000,1216509171
71.17,Utility Enemy 5,Utility,PatrolAction,None,0.90,74.3,0,0.25,0,0.120,0.000,1216509171
71.17,Utility Enemy 8,Utility,PatrolAction,None,1.00,56.3,0,0.25,0,0.120,0.000,1216509171
71.17,Utility Enemy 12,Utility,PatrolAction,None,0.90,24.9,0,0.25,0,0.120,0.000,1216509171
71.17,Utility Enemy 1,Utility,PatrolAction,None,0.80,74.0,0,0.25,0,0.120,0.000,1216509171
71.17,Utility Enemy 9,Utility,PatrolAction,None,1.00,50.0,0,0.25,16,0.120,0.000,1216509171
71.17,Utility Enemy 6,Utility,Dead,None,0.00,7.8,0,0.25,8,0.493,0.317,1216509171
71.17,Utility Enemy 15,Utility,PatrolAction,None,1.00,68.5,0,0.25,0,0.120,0.000,1216509171
71.17,Utility Enemy 2,Utility,PatrolAction,None,0.90,54.6,0,0.25,0,0.120,0.000,1216509171
72.17,Player,Player,-,None,0.20,,0,0.20,,,,1216509171
72.17,FSM Enemy 10,FSM,PatrolState,None,1.00,56.8,0,0.20,8,,,1216509171
72.17,FSM Enemy 11,FSM,PatrolState,None,1.00,29.0,0,0.20,0,,,1216509171
72.17,FSM Enemy 7,FSM,PatrolState,None,0.50,32.2,0,0.20,0,,,1216509171
72.17,FSM Enemy 12,FSM,PatrolState,None,1.00,51.2,0,0.20,0,,,1216509171
72.17,FSM Enemy 9,FSM,PatrolState,None,1.00,40.3,0,0.20,8,,,1216509171
72.17,FSM Enemy 5,FSM,PatrolState,None,1.00,48.6,0,0.20,0,,,1216509171
72.17,FSM Enemy 1,FSM,PatrolState,None,1.00,72.3,0,0.20,0,,,1216509171
72.17,FSM Enemy 3,FSM,PatrolState,None,1.00,68.1,0,0.20,0,,,1216509171
72.17,FSM Enemy 14,FSM,PatrolState,None,1.00,64.3,0,0.20,0,,,1216509171
72.17,FSM Enemy 15,FSM,PatrolState,None,1.00,8.3,0,0.20,8,,,1216509171
72.17,FSM Enemy 4,FSM,PatrolState,None,1.00,58.0,0,0.20,0,,,1216509171
72.17,FSM Enemy 2,FSM,PatrolState,None,1.00,85.7,0,0.20,0,,,1216509171
72.17,FSM Enemy 13,FSM,PatrolState,None,1.00,30.6,0,0.20,0,,,1216509171
72.17,FSM Enemy 8,FSM,PatrolState,None,1.00,48.5,0,0.20,32,,,1216509171
72.17,FSM Enemy 6,FSM,PatrolState,None,1.00,39.9,0,0.20,0,,,1216509171
72.17,Utility Enemy 7,Utility,PatrolAction,None,0.70,59.5,0,0.20,0,0.120,0.000,1216509171
72.17,Utility Enemy 11,Utility,AttackAction,None,0.90,14.6,1,0.20,16,0.188,0.175,1216509171
72.17,Utility Enemy 14,Utility,PatrolAction,None,0.80,58.0,0,0.20,0,0.120,0.000,1216509171
72.17,Utility Enemy 4,Utility,PatrolAction,None,0.90,22.6,0,0.20,0,0.120,0.000,1216509171
72.17,Utility Enemy 13,Utility,PatrolAction,None,0.70,17.4,0,0.20,0,0.120,0.000,1216509171
72.17,Utility Enemy 10,Utility,Dead,None,0.00,18.1,0,0.20,24,0.251,0.230,1216509171
72.17,Utility Enemy 3,Utility,PatrolAction,None,1.00,49.4,0,0.20,0,0.120,0.000,1216509171
72.17,Utility Enemy 5,Utility,PatrolAction,None,0.90,71.9,0,0.20,0,0.120,0.000,1216509171
72.17,Utility Enemy 8,Utility,PatrolAction,None,1.00,58.3,0,0.20,0,0.120,0.000,1216509171
72.17,Utility Enemy 12,Utility,PatrolAction,None,0.90,21.3,0,0.20,0,0.120,0.000,1216509171
72.17,Utility Enemy 1,Utility,PatrolAction,None,0.80,72.1,0,0.20,0,0.120,0.000,1216509171
72.17,Utility Enemy 9,Utility,PatrolAction,None,1.00,52.1,0,0.20,16,0.120,0.000,1216509171
72.17,Utility Enemy 6,Utility,Dead,None,0.00,8.2,0,0.20,8,0.493,0.317,1216509171
72.17,Utility Enemy 15,Utility,PatrolAction,None,1.00,71.3,0,0.20,0,0.120,0.000,1216509171
72.17,Utility Enemy 2,Utility,PatrolAction,None,0.90,51.3,0,0.20,0,0.120,0.000,1216509171
73.17,Player,Player,-,None,0.15,,0,0.15,,,,1216509171
73.17,FSM Enemy 10,FSM,PatrolState,None,1.00,61.5,0,0.15,8,,,1216509171
73.17,FSM Enemy 11,FSM,PatrolState,None,1.00,29.0,0,0.15,0,,,1216509171
73.17,FSM Enemy 7,FSM,PatrolState,None,0.50,32.3,0,0.15,0,,,1216509171
73.17,FSM Enemy 12,FSM,PatrolState,None,1.00,48.2,0,0.15,0,,,1216509171
73.17,FSM Enemy 9,FSM,PatrolState,None,1.00,37.9,0,0.15,8,,,1216509171
73.17,FSM Enemy 5,FSM,PatrolState,None,1.00,52.1,0,0.15,0,,,1216509171
73.17,FSM Enemy 1,FSM,PatrolState,None,1.00,75.0,0,0.15,0,,,1216509171
73.17,FSM Enemy 3,FSM,PatrolState,None,1.00,74.2,0,0.15,0,,,1216509171
73.17,FSM Enemy 14,FSM,PatrolState,None,1.00,68.4,0,0.15,0,,,1216509171
73.17,FSM Enemy 15,FSM,PatrolState,None,1.00,9.8,0,0.15,8,,,1216509171
73.17,FSM Enemy 4,FSM,PatrolState,None,1.00,57.9,0,0.15,0,,,1216509171
73.17,FSM Enemy 2,FSM,PatrolState,None,1.00,90.1,0,0.15,0,,,1216509171
73.17,FSM Enemy 13,FSM,PatrolState,None,1.00,33.7,0,0.15,0,,,1216509171
73.17,FSM Enemy 8,FSM,PatrolState,None,1.00,50.9,0,0.15,32,,,1216509171
73.17,FSM Enemy 6,FSM,PatrolState,None,1.00,36.9,0,0.15,0,,,1216509171
73.17,Utility Enemy 7,Utility,PatrolAction,None,0.70,56.6,0,0.15,0,0.120,0.000,1216509171
73.17,Utility Enemy 11,Utility,AttackAction,None,0.90,10.8,1,0.15,24,0.395,0.131,1216509171
73.17,Utility Enemy 14,Utility,PatrolAction,None,0.80,59.7,0,0.15,0,0.120,0.000,1216509171
73.17,Utility Enemy 4,Utility,PatrolAction,None,0.90,25.3,0,0.15,0,0.120,0.000,1216509171
73.17,Utility Enemy 13,Utility,PatrolAction,None,0.70,19.9,0,0.15,0,0.120,0.000,1216509171
73.17,Utility Enemy 10,Utility,Dead,None,0.00,22.2,0,0.15,24,0.251,0.230,1216509171
73.17,Utility Enemy 3,Utility,PatrolAction,None,1.00,51.4,0,0.15,0,0.120,0.000,1216509171
73.17,Utility Enemy 5,Utility,PatrolAction,None,0.90,72.9,0,0.15,0,0.120,0.000,1216509171
73.17,Utility Enemy 8,Utility,PatrolAction,None,1.00,67.3,0,0.15,0,0.120,0.000,1216509171
73.17,Utility Enemy 12,Utility,PatrolAction,None,0.90,23.7,0,0.15,0,0.120,0.000,1216509171
73.17,Utility Enemy 1,Utility,PatrolAction,None,0.80,74.8,0,0.15,0,0.120,0.000,1216509171
73.17,Utility Enemy 9,Utility,PatrolAction,None,1.00,57.1,0,0.15,16,0.120,0.000,1216509171
73.17,Utility Enemy 6,Utility,Dead,None,0.00,13.0,0,0.15,8,0.493,0.317,1216509171
73.17,Utility Enemy 15,Utility,PatrolAction,None,1.00,77.8,0,0.15,0,0.120,0.000,1216509171
73.17,Utility Enemy 2,Utility,PatrolAction,None,0.90,52.1,0,0.15,0,0.120,0.000,1216509171
74.18,Player,Player,-,None,0.09,,0,0.09,,,,1216509171
74.18,FSM Enemy 10,FSM,PatrolState,None,1.00,65.4,0,0.09,8,,,1216509171
74.18,FSM Enemy 11,FSM,PatrolState,None,1.00,32.9,0,0.09,0,,,1216509171
74.18,FSM Enemy 7,FSM,PatrolState,None,0.50,30.8,0,0.09,0,,,1216509171
74.18,FSM Enemy 12,FSM,PatrolState,None,1.00,44.3,0,0.09,0,,,1216509171
74.18,FSM Enemy 9,FSM,PatrolState,None,1.00,33.6,0,0.09,8,,,1216509171
74.18,FSM Enemy 5,FSM,PatrolState,None,1.00,56.3,0,0.09,0,,,1216509171
74.18,FSM Enemy 1,FSM,PatrolState,None,1.00,77.8,0,0.09,0,,,1216509171
74.18,FSM Enemy 3,FSM,PatrolState,None,1.00,79.5,0,0.09,0,,,1216509171
74.18,FSM Enemy 14,FSM,PatrolState,None,1.00,71.7,0,0.09,0,,,1216509171
74.18,FSM Enemy 15,FSM,PatrolState,None,1.00,13.6,0,0.09,8,,,1216509171
74.18,FSM Enemy 4,FSM,PatrolState,None,1.00,55.0,0,0.09,0,,,1216509171
74.18,FSM Enemy 2,FSM,PatrolState,None,1.00,90.7,0,0.09,0,,,1216509171
74.18,FSM Enemy 13,FSM,PatrolState,None,1.00,38.4,0,0.09,0,,,1216509171
74.18,FSM Enemy 8,FSM,PatrolState,None,1.00,52.7,0,0.09,32,,,1216509171
74.18,FSM Enemy 6,FSM,PatrolState,None,1.00,35.1,0,0.09,0,,,1216509171
74.18,Utility Enemy 7,Utility,PatrolAction,None,0.70,52.3,0,0.09,0,0.120,0.000,1216509171
74.18,Utility Enemy 11,Utility,AttackAction,None,0.90,9.5,1,0.09,32,0.473,0.125,1216509171
74.18,Utility Enemy 14,Utility,PatrolAction,None,0.80,61.1,0,0.09,0,0.120,0.000,1216509171
74.18,Utility Enemy 4,Utility,PatrolAction,None,0.90,29.6,0,0.09,0,0.120,0.000,1216509171
74.18,Utility Enemy 13,Utility,PatrolAction,None,0.70,23.9,0,0.09,0,0.120,0.000,1216509171
74.18,Utility Enemy 10,Utility,PatrolAction,None,1.00,66.7,0,0.09,24,0.120,0.000,1216509171
74.18,Utility Enemy 3,Utility,PatrolAction,None,1.00,54.4,0,0.09,0,0.120,0.000,1216509171
74.18,Utility Enemy 5,Utility,PatrolAction,None,0.90,76.0,0,0.09,0,0.120,0.000,1216509171
74.18,Utility Enemy 8,Utility,PatrolAction,None,1.00,76.2,0,0.09,0,0.120,0.000,1216509171
74.18,Utility Enemy 12,Utility,PatrolAction,None,0.90,26.0,0,0.09,0,0.120,0.000,1216509171
74.18,Utility Enemy 1,Utility,PatrolAction,None,0.80,77.1,0,0.09,0,0.120,0.000,1216509171
74.18,Utility Enemy 9,Utility,PatrolAction,None,1.00,55.7,0,0.09,16,0.120,0.000,1216509171
74.18,Utility Enemy 6,Utility,Dead,None,0.00,17.3,0,0.09,8,0.493,0.317,1216509171
74.18,Utility Enemy 15,Utility,PatrolAction,None,1.00,84.2,0,0.09,0,0.120,0.000,1216509171
74.18,Utility Enemy 2,Utility,PatrolAction,None,0.90,57.5,0,0.09,0,0.120,0.000,1216509171
75.18,Player,Player,-,None,0.09,,0,0.09,,,,1216509171
75.18,FSM Enemy 10,FSM,PatrolState,None,1.00,67.8,0,0.09,8,,,1216509171
75.18,FSM Enemy 11,FSM,PatrolState,None,1.00,35.1,0,0.09,0,,,1216509171
75.18,FSM Enemy 7,FSM,PatrolState,None,0.50,29.9,0,0.09,0,,,1216509171
75.18,FSM Enemy 12,FSM,PatrolState,None,1.00,41.7,0,0.09,0,,,1216509171
75.18,FSM Enemy 9,FSM,PatrolState,None,1.00,30.4,0,0.09,8,,,1216509171
75.18,FSM Enemy 5,FSM,PatrolState,None,1.00,59.9,0,0.09,0,,,1216509171
75.18,FSM Enemy 1,FSM,PatrolState,None,1.00,79.7,0,0.09,0,,,1216509171
75.18,FSM Enemy 3,FSM,PatrolState,None,1.00,82.2,0,0.09,0,,,1216509171
75.18,FSM Enemy 14,FSM,PatrolState,None,1.00,74.3,0,0.09,0,,,1216509171
75.18,FSM Enemy 15,FSM,PatrolState,None,1.00,16.7,0,0.09,8,,,1216509171
75.18,FSM Enemy 4,FSM,PatrolState,None,1.00,51.8,0,0.09,0,,,1216509171
75.18,FSM Enemy 2,FSM,PatrolState,None,1.00,90.1,0,0.09,0,,,1216509171
75.18,FSM Enemy 13,FSM,PatrolState,None,1.00,42.8,0,0.09,0,,,1216509171
75.18,FSM Enemy 8,FSM,PatrolState,None,1.00,54.4,0,0.09,32,,,1216509171
75.18,FSM Enemy 6,FSM,PatrolState,None,1.00,34.3,0,0.09,0,,,1216509171
75.18,Utility Enemy 7,Utility,PatrolAction,None,0.70,52.0,0,0.09,0,0.120,0.000,1216509171
75.18,Utility Enemy 11,Utility,AttackAction,None,0.90,10.2,1,0.09,32,0.435,0.125,1216509171
75.18,Utility Enemy 14,Utility,PatrolAction,None,0.80,64.1,0,0.09,0,0.120,0.000,1216509171
75.18,Utility Enemy 4,Utility,PatrolAction,None,0.90,35.2,0,0.09,0,0.120,0.000,1216509171
75.18,Utility Enemy 13,Utility,PatrolAction,None,0.70,28.9,0,0.09,0,0.120,0.000,1216509171
75.18,Utility Enemy 10,Utility,PatrolAction,None,1.00,70.8,0,0.09,24,0.120,0.000,1216509171
75.18,Utility Enemy 3,Utility,PatrolAction,None,1.00,56.8,0,0.09,0,0.120,0.000,1216509171
75.18,Utility Enemy 5,Utility,PatrolAction,None,0.90,78.9,0,0.09,0,0.120,0.000,1216509171
75.18,Utility Enemy 8,Utility,PatrolAction,None,1.00,83.9,0,0.09,0,0.120,0.000,1216509171
75.18,Utility Enemy 12,Utility,PatrolAction,None,0.90,27.8,0,0.09,0,0.120,0.000,1216509171
75.18,Utility Enemy 1,Utility,PatrolAction,None,0.80,85.0,0,0.09,0,0.120,0.000,1216509171
75.18,Utility Enemy 9,Utility,PatrolAction,None,1.00,53.8,0,0.09,16,0.120,0.000,1216509171
75.18,Utility Enemy 6,Utility,PatrolAction,None,1.00,31.2,0,0.09,8,0.120,0.000,1216509171
75.18,Utility Enemy 15,Utility,PatrolAction,None,1.00,88.8,0,0.09,0,0.120,0.000,1216509171
75.18,Utility Enemy 2,Utility,PatrolAction,None,0.90,64.4,0,0.09,0,0.120,0.000,1216509171
76.18,Player,Player,-,None,0.09,,0,0.09,,,,1216509171
76.18,FSM Enemy 10,FSM,PatrolState,None,1.00,69.3,0,0.09,8,,,1216509171
76.18,FSM Enemy 11,FSM,PatrolState,None,1.00,37.3,0,0.09,0,,,1216509171
76.18,FSM Enemy 7,FSM,PatrolState,None,0.50,32.5,0,0.09,0,,,1216509171
76.18,FSM Enemy 12,FSM,PatrolState,None,1.00,37.8,0,0.09,0,,,1216509171
76.18,FSM Enemy 9,FSM,PatrolState,None,1.00,27.4,0,0.09,8,,,1216509171
76.18,FSM Enemy 5,FSM,PatrolState,None,1.00,65.1,0,0.09,0,,,1216509171
76.18,FSM Enemy 1,FSM,PatrolState,None,1.00,82.9,0,0.09,0,,,1216509171
76.18,FSM Enemy 3,FSM,PatrolState,None,1.00,85.6,0,0.09,0,,,1216509171
76.18,FSM Enemy 14,FSM,PatrolState,None,1.00,77.6,0,0.09,0,,,1216509171
76.18,FSM Enemy 15,FSM,PatrolState,None,1.00,23.7,0,0.09,8,,,1216509171
76.18,FSM Enemy 4,FSM,PatrolState,None,1.00,48.0,0,0.09,0,,,1216509171
76.18,FSM Enemy 2,FSM,PatrolState,None,1.00,89.6,0,0.09,0,,,1216509171
76.18,FSM Enemy 13,FSM,PatrolState,None,1.00,45.7,0,0.09,0,,,1216509171
76.18,FSM Enemy 8,FSM,PatrolState,None,1.00,56.7,0,0.09,32,,,1216509171
76.18,FSM Enemy 6,FSM,PatrolState,None,1.00,32.0,0,0.09,0,,,1216509171
76.18,Utility Enemy 7,Utility,PatrolAction,None,0.70,43.7,0,0.09,0,0.120,0.000,1216509171
76.18,Utility Enemy 11,Utility,AttackAction,None,0.90,13.6,1,0.09,32,0.245,0.163,1216509171
76.18,Utility Enemy 14,Utility,PatrolAction,None,0.80,67.0,0,0.09,0,0.120,0.000,1216509171
76.18,Utility Enemy 4,Utility,PatrolAction,None,0.90,42.9,0,0.09,0,0.120,0.000,1216509171
76.18,Utility Enemy 13,Utility,PatrolAction,None,0.70,36.9,0,0.09,0,0.120,0.000,1216509171
76.18,Utility Enemy 10,Utility,PatrolAction,None,1.00,69.8,0,0.09,24,0.120,0.000,1216509171
76.18,Utility Enemy 3,Utility,PatrolAction,None,1.00,53.5,0,0.09,0,0.120,0.000,1216509171
76.18,Utility Enemy 5,Utility,PatrolAction,None,0.90,85.8,0,0.09,0,0.120,0.000,1216509171
76.18,Utility Enemy 8,Utility,PatrolAction,None,1.00,92.9,0,0.09,0,0.120,0.000,1216509171
76.18,Utility Enemy 12,Utility,PatrolAction,None,0.90,25.6,0,0.09,0,0.120,0.000,1216509171
76.18,Utility Enemy 1,Utility,PatrolAction,None,0.80,89.8,0,0.09,0,0.120,0.000,1216509171
76.18,Utility Enemy 9,Utility,PatrolAction,None,1.00,52.4,0,0.09,16,0.120,0.000,1216509171
76.18,Utility Enemy 6,Utility,PatrolAction,None,1.00,22.5,0,0.09,8,0.120,0.000,1216509171
76.18,Utility Enemy 15,Utility,PatrolAction,None,1.00,92.6,0,0.09,0,0.120,0.000,1216509171
76.18,Utility Enemy 2,Utility,PatrolAction,None,0.90,72.6,0,0.09,0,0.120,0.000,1216509171
77.18,Player,Player,-,WallDisappear,0.00,,0,0.00,,,,1216509171
77.18,FSM Enemy 10,FSM,ChaseState,WallDisappear,1.00,69.2,0,0.00,8,,,1216509171
77.18,FSM Enemy 11,FSM,ChaseState,WallDisappear,1.00,36.4,0,0.00,0,,,1216509171
77.18,FSM Enemy 7,FSM,ChaseState,WallDisappear,0.50,33.7,0,0.00,0,,,1216509171
77.18,FSM Enemy 12,FSM,ChaseState,WallDisappear,1.00,36.9,0,0.00,0,,,1216509171
77.18,FSM Enemy 9,FSM,ChaseState,WallDisappear,1.00,26.4,0,0.00,8,,,1216509171
77.18,FSM Enemy 5,FSM,ChaseState,WallDisappear,1.00,66.0,0,0.00,0,,,1216509171
77.18,FSM Enemy 1,FSM,ChaseState,WallDisappear,1.00,81.9,0,0.00,0,,,1216509171
77.18,FSM Enemy 3,FSM,ChaseState,WallDisappear,1.00,85.8,0,0.00,0,,,1216509171
77.18,FSM Enemy 14,FSM,ChaseState,WallDisappear,1.00,77.5,0,0.00,0,,,1216509171
77.18,FSM Enemy 15,FSM,ChaseState,WallDisappear,1.00,26.5,0,0.00,8,,,1216509171
77.18,FSM Enemy 4,FSM,ChaseState,WallDisappear,1.00,45.7,0,0.00,0,,,1216509171
77.18,FSM Enemy 2,FSM,ChaseState,WallDisappear,1.00,88.5,0,0.00,0,,,1216509171
77.18,FSM Enemy 13,FSM,ChaseState,WallDisappear,1.00,45.2,0,0.00,0,,,1216509171
77.18,FSM Enemy 8,FSM,ChaseState,WallDisappear,1.00,55.4,0,0.00,32,,,1216509171
77.18,FSM Enemy 6,FSM,ChaseState,WallDisappear,1.00,32.7,0,0.00,0,,,1216509171
77.18,Utility Enemy 7,Utility,ChaseAction,WallDisappear,0.70,39.9,0,0.00,0,0.850,0.300,1216509171
77.18,Utility Enemy 11,Utility,ChaseAction,WallDisappear,0.90,13.8,1,0.00,48,0.850,0.343,1216509171
77.18,Utility Enemy 14,Utility,ChaseAction,WallDisappear,0.80,65.3,0,0.00,0,0.850,0.300,1216509171
77.18,Utility Enemy 4,Utility,ChaseAction,WallDisappear,0.90,43.8,0,0.00,0,0.850,0.300,1216509171
77.18,Utility Enemy 13,Utility,ChaseAction,WallDisappear,0.70,39.6,0,0.00,0,0.850,0.300,1216509171
77.18,Utility Enemy 10,Utility,ChaseAction,WallDisappear,1.00,66.8,0,0.00,24,0.850,0.300,1216509171
77.18,Utility Enemy 3,Utility,ChaseAction,WallDisappear,1.00,49.7,0,0.00,0,0.850,0.300,1216509171
77.18,Utility Enemy 5,Utility,ChaseAction,WallDisappear,0.90,89.8,0,0.00,0,0.850,0.300,1216509171
77.18,Utility Enemy 8,Utility,ChaseAction,WallDisappear,1.00,94.6,0,0.00,0,0.850,0.300,1216509171
77.18,Utility Enemy 12,Utility,ChaseAction,WallDisappear,0.90,23.9,0,0.00,0,0.850,0.300,1216509171
77.18,Utility Enemy 1,Utility,ChaseAction,WallDisappear,0.80,87.2,0,0.00,0,0.850,0.300,1216509171
77.18,Utility Enemy 9,Utility,ChaseAction,WallDisappear,1.00,52.3,0,0.00,16,0.850,0.300,1216509171
77.18,Utility Enemy 6,Utility,ChaseAction,WallDisappear,1.00,18.3,1,0.00,8,0.871,0.300,1216509171
77.18,Utility Enemy 15,Utility,ChaseAction,WallDisappear,1.00,93.6,0,0.00,0,0.850,0.300,1216509171
77.18,Utility Enemy 2,Utility,ChaseAction,WallDisappear,0.90,76.1,0,0.00,0,0.850,0.300,1216509171
