time,enemyId,aiType,action,activeGlitch,health,distToPlayer,canSeePlayer,playerHealth,damageDealt,topUtilityScore,secondScore,seed
0.00,Player,Player,-,None,1.00,,0,1.00,,,,82762109
0.00,FSM Enemy 13,FSM,PatrolState,None,1.00,49.2,0,1.00,0,,,82762109
0.00,FSM Enemy 10,FSM,PatrolState,None,1.00,66.4,0,1.00,0,,,82762109
0.00,FSM Enemy 14,FSM,PatrolState,None,1.00,75.0,0,1.00,0,,,82762109
0.00,FSM Enemy 4,FSM,PatrolState,None,1.00,48.9,0,1.00,0,,,82762109
0.00,FSM Enemy 12,FSM,PatrolState,None,1.00,38.1,0,1.00,0,,,82762109
0.00,FSM Enemy 3,FSM,PatrolState,None,1.00,82.0,0,1.00,0,,,82762109
0.00,FSM Enemy 5,FSM,PatrolState,None,1.00,69.3,0,1.00,0,,,82762109
0.00,FSM Enemy 1,FSM,PatrolState,None,1.00,89.4,0,1.00,0,,,82762109
0.00,FSM Enemy 7,FSM,PatrolState,None,1.00,28.1,0,1.00,0,,,82762109
0.00,FSM Enemy 2,FSM,PatrolState,None,1.00,89.4,0,1.00,0,,,82762109
0.00,FSM Enemy 15,FSM,PatrolState,None,1.00,28.5,0,1.00,0,,,82762109
0.00,FSM Enemy 6,FSM,PatrolState,None,1.00,28.1,0,1.00,0,,,82762109
0.00,FSM Enemy 11,FSM,PatrolState,None,1.00,37.9,0,1.00,0,,,82762109
0.00,FSM Enemy 9,FSM,PatrolState,None,1.00,33.4,0,1.00,0,,,82762109
0.00,FSM Enemy 8,FSM,PatrolState,None,1.00,48.1,0,1.00,0,,,82762109
0.00,Utility Enemy 4,Utility,PatrolAction,None,1.00,62.9,0,1.00,0,0.120,0.000,82762109
0.00,Utility Enemy 7,Utility,PatrolAction,None,1.00,42.0,0,1.00,0,0.120,0.000,82762109
0.00,Utility Enemy 8,Utility,PatrolAction,None,1.00,77.4,0,1.00,0,0.120,0.000,82762109
0.00,Utility Enemy 14,Utility,PatrolAction,None,1.00,50.6,0,1.00,0,0.120,0.000,82762109
0.00,Utility Enemy 5,Utility,PatrolAction,None,1.00,84.0,0,1.00,0,0.120,0.000,82762109
0.00,Utility Enemy 6,Utility,PatrolAction,None,1.00,42.0,0,1.00,0,0.120,0.000,82762109
0.00,Utility Enemy 9,Utility,PatrolAction,None,1.00,44.6,0,1.00,0,0.120,0.000,82762109
0.00,Utility Enemy 2,Utility,PatrolAction,None,1.00,84.4,0,1.00,0,0.120,0.000,82762109
0.00,Utility Enemy 1,Utility,PatrolAction,None,1.00,84.4,0,1.00,0,0.120,0.000,82762109
0.00,Utility Enemy 13,Utility,PatrolAction,None,1.00,50.6,0,1.00,0,0.120,0.000,82762109
0.00,Utility Enemy 10,Utility,PatrolAction,None,1.00,30.2,0,1.00,0,0.120,0.000,82762109
0.00,Utility Enemy 15,Utility,PatrolAction,None,1.00,80.1,0,1.00,0,0.120,0.000,82762109
0.00,Utility Enemy 11,Utility,PatrolAction,None,1.00,33.7,0,1.00,0,0.120,0.000,82762109
0.00,Utility Enemy 3,Utility,PatrolAction,None,1.00,62.9,0,1.00,0,0.120,0.000,82762109
0.00,Utility Enemy 12,Utility,PatrolAction,None,1.00,33.7,0,1.00,0,0.120,0.000,82762109
1.00,Player,Player,-,TimeStutter,1.00,,0,1.00,,,,82762109
1.00,FSM Enemy 13,FSM,FrozenState,TimeStutter,1.00,45.8,0,1.00,0,,,82762109
1.00,FSM Enemy 10,FSM,FrozenState,TimeStutter,1.00,67.4,0,1.00,0,,,82762109
1.00,FSM Enemy 14,FSM,FrozenState,TimeStutter,1.00,76.4,0,1.00,0,,,82762109
1.00,FSM Enemy 4,FSM,FrozenState,TimeStutter,1.00,50.4,0,1.00,0,,,82762109
1.00,FSM Enemy 12,FSM,FrozenState,TimeStutter,1.00,38.9,0,1.00,0,,,82762109
1.00,FSM Enemy 3,FSM,FrozenState,TimeStutter,1.00,80.8,0,1.00,0,,,82762109
1.00,FSM Enemy 5,FSM,FrozenState,TimeStutter,1.00,68.2,0,1.00,0,,,82762109
1.00,FSM Enemy 1,FSM,FrozenState,TimeStutter,1.00,88.1,0,1.00,0,,,82762109
1.00,FSM Enemy 7,FSM,FrozenState,TimeStutter,1.00,26.2,0,1.00,0,,,82762109
1.00,FSM Enemy 2,FSM,FrozenState,TimeStutter,1.00,89.8,0,1.00,0,,,82762109
1.00,FSM Enemy 15,FSM,FrozenState,TimeStutter,1.00,27.8,0,1.00,0,,,82762109
1.00,FSM Enemy 6,FSM,FrozenState,TimeStutter,1.00,27.2,0,1.00,0,,,82762109
1.00,FSM Enemy 11,FSM,FrozenState,TimeStutter,1.00,36.7,0,1.00,0,,,82762109
1.00,FSM Enemy 9,FSM,FrozenState,TimeStutter,1.00,34.1,0,1.00,0,,,82762109
1.00,FSM Enemy 8,FSM,FrozenState,TimeStutter,1.00,47.2,0,1.00,0,,,82762109
1.00,Utility Enemy 4,Utility,PatrolAction,TimeStutter,1.00,60.2,0,1.00,0,0.120,0.000,82762109
1.00,Utility Enemy 7,Utility,PatrolAction,TimeStutter,1.00,46.4,0,1.00,0,0.120,0.000,82762109
1.00,Utility Enemy 8,Utility,PatrolAction,TimeStutter,1.00,75.6,0,1.00,0,0.120,0.000,82762109
1.00,Utility Enemy 14,Utility,PatrolAction,TimeStutter,1.00,50.0,0,1.00,0,0.120,0.000,82762109
1.00,Utility Enemy 5,Utility,PatrolAction,TimeStutter,1.00,81.6,0,1.00,0,0.120,0.000,82762109
1.00,Utility Enemy 6,Utility,PatrolAction,TimeStutter,1.00,41.9,0,1.00,0,0.120,0.000,82762109
1.00,Utility Enemy 9,Utility,PatrolAction,TimeStutter,1.00,42.3,0,1.00,0,0.120,0.000,82762109
1.00,Utility Enemy 2,Utility,PatrolAction,TimeStutter,1.00,80.7,0,1.00,0,0.120,0.000,82762109
1.00,Utility Enemy 1,Utility,PatrolAction,TimeStutter,1.00,83.5,0,1.00,0,0.120,0.000,82762109
1.00,Utility Enemy 13,Utility,PatrolAction,TimeStutter,1.00,46.9,0,1.00,0,0.120,0.000,82762109
1.00,Utility Enemy 10,Utility,PatrolAction,TimeStutter,1.00,34.4,0,1.00,0,0.120,0.000,82762109
1.00,Utility Enemy 15,Utility,PatrolAction,TimeStutter,1.00,75.8,0,1.00,0,0.120,0.000,82762109
1.00,Utility Enemy 11,Utility,PatrolAction,TimeStutter,1.00,32.1,0,1.00,0,0.120,0.000,82762109
1.00,Utility Enemy 3,Utility,PatrolAction,TimeStutter,1.00,62.2,0,1.00,0,0.120,0.000,82762109
1.00,Utility Enemy 12,Utility,PatrolAction,TimeStutter,1.00,33.5,0,1.00,0,0.120,0.000,82762109
2.01,Player,Player,-,TimeStutter,1.00,,0,1.00,,,,82762109
2.01,FSM Enemy 13,FSM,FrozenState,TimeStutter,1.00,45.2,0,1.00,0,,,82762109
2.01,FSM Enemy 10,FSM,FrozenState,TimeStutter,1.00,67.1,0,1.00,0,,,82762109
2.01,FSM Enemy 14,FSM,FrozenState,TimeStutter,1.00,76.3,0,1.00,0,,,82762109
2.01,FSM Enemy 4,FSM,FrozenState,TimeStutter,1.00,50.6,0,1.00,0,,,82762109
2.01,FSM Enemy 12,FSM,FrozenState,TimeStutter,1.00,39.4,0,1.00,0,,,82762109
2.01,FSM Enemy 3,FSM,FrozenState,TimeStutter,1.00,80.3,0,1.00,0,,,82762109
2.01,FSM Enemy 5,FSM,FrozenState,TimeStutter,1.00,67.5,0,1.00,0,,,82762109
2.01,FSM Enemy 1,FSM,FrozenState,TimeStutter,1.00,87.4,0,1.00,0,,,82762109
2.01,FSM Enemy 7,FSM,FrozenState,TimeStutter,1.00,25.9,0,1.00,0,,,82762109
2.01,FSM Enemy 2,FSM,FrozenState,TimeStutter,1.00,89.5,0,1.00,0,,,82762109
2.01,FSM Enemy 15,FSM,FrozenState,TimeStutter,1.00,27.1,0,1.00,0,,,82762109
2.01,FSM Enemy 6,FSM,FrozenState,TimeStutter,1.00,27.7,0,1.00,0,,,82762109
2.01,FSM Enemy 11,FSM,FrozenState,TimeStutter,1.00,36.3,0,1.00,0,,,82762109
2.01,FSM Enemy 9,FSM,FrozenState,TimeStutter,1.00,33.7,0,1.00,0,,,82762109
2.01,FSM Enemy 8,FSM,FrozenState,TimeStutter,1.00,46.6,0,1.00,0,,,82762109
2.01,Utility Enemy 4,Utility,FreezeAction,TimeStutter,1.00,59.4,0,1.00,0,100.000,0.120,82762109
2.01,Utility Enemy 7,Utility,FreezeAction,TimeStutter,1.00,47.1,0,1.00,0,100.000,0.120,82762109
2.01,Utility Enemy 8,Utility,FreezeAction,TimeStutter,1.00,74.9,0,1.00,0,100.000,0.120,82762109
2.01,Utility Enemy 14,Utility,FreezeAction,TimeStutter,1.00,50.1,0,1.00,0,100.000,0.120,82762109
2.01,Utility Enemy 5,Utility,FreezeAction,TimeStutter,1.00,81.0,0,1.00,0,100.000,0.120,82762109
2.01,Utility Enemy 6,Utility,FreezeAction,TimeStutter,1.00,41.4,0,1.00,0,100.000,0.120,82762109
2.01,Utility Enemy 9,Utility,FreezeAction,TimeStutter,1.00,42.5,0,1.00,0,100.000,0.120,82762109
2.01,Utility Enemy 2,Utility,FreezeAction,TimeStutter,1.00,80.2,0,1.00,0,100.000,0.120,82762109
2.01,Utility Enemy 1,Utility,FreezeAction,TimeStutter,1.00,83.0,0,1.00,0,100.000,0.120,82762109
2.01,Utility Enemy 13,Utility,FreezeAction,TimeStutter,1.00,46.2,0,1.00,0,100.000,0.120,82762109
2.01,Utility Enemy 10,Utility,FreezeAction,TimeStutter,1.00,35.1,0,1.00,0,100.000,0.120,82762109
2.01,Utility Enemy 15,Utility,FreezeAction,TimeStutter,1.00,75.1,0,1.00,0,100.000,0.120,82762109
2.01,Utility Enemy 11,Utility,FreezeAction,TimeStutter,1.00,31.6,0,1.00,0,100.000,0.120,82762109
2.01,Utility Enemy 3,Utility,FreezeAction,TimeStutter,1.00,62.1,0,1.00,0,100.000,0.120,82762109
2.01,Utility Enemy 12,Utility,FreezeAction,TimeStutter,1.00,33.9,0,1.00,0,100.000,0.120,82762109
3.01,Player,Player,-,TimeStutter,1.00,,0,1.00,,,,82762109
3.01,FSM Enemy 13,FSM,FrozenState,TimeStutter,1.00,45.2,0,1.00,0,,,82762109
3.01,FSM Enemy 10,FSM,FrozenState,TimeStutter,1.00,67.1,0,1.00,0,,,82762109
3.01,FSM Enemy 14,FSM,FrozenState,TimeStutter,1.00,76.3,0,1.00,0,,,82762109
3.01,FSM Enemy 4,FSM,FrozenState,TimeStutter,1.00,50.6,0,1.00,0,,,82762109
3.01,FSM Enemy 12,FSM,FrozenState,TimeStutter,1.00,39.4,0,1.00,0,,,82762109
3.01,FSM Enemy 3,FSM,FrozenState,TimeStutter,1.00,80.3,0,1.00,0,,,82762109
3.01,FSM Enemy 5,FSM,FrozenState,TimeStutter,1.00,67.5,0,1.00,0,,,82762109
3.01,FSM Enemy 1,FSM,FrozenState,TimeStutter,1.00,87.4,0,1.00,0,,,82762109
3.01,FSM Enemy 7,FSM,FrozenState,TimeStutter,1.00,25.9,0,1.00,0,,,82762109
3.01,FSM Enemy 2,FSM,FrozenState,TimeStutter,1.00,89.5,0,1.00,0,,,82762109
3.01,FSM Enemy 15,FSM,FrozenState,TimeStutter,1.00,27.1,0,1.00,0,,,82762109
3.01,FSM Enemy 6,FSM,FrozenState,TimeStutter,1.00,27.7,0,1.00,0,,,82762109
3.01,FSM Enemy 11,FSM,FrozenState,TimeStutter,1.00,36.3,0,1.00,0,,,82762109
3.01,FSM Enemy 9,FSM,FrozenState,TimeStutter,1.00,33.7,0,1.00,0,,,82762109
3.01,FSM Enemy 8,FSM,FrozenState,TimeStutter,1.00,46.6,0,1.00,0,,,82762109
3.01,Utility Enemy 4,Utility,FreezeAction,TimeStutter,1.00,59.4,0,1.00,0,100.000,0.120,82762109
3.01,Utility Enemy 7,Utility,FreezeAction,TimeStutter,1.00,47.1,0,1.00,0,100.000,0.120,82762109
3.01,Utility Enemy 8,Utility,FreezeAction,TimeStutter,1.00,74.9,0,1.00,0,100.000,0.120,82762109
3.01,Utility Enemy 14,Utility,FreezeAction,TimeStutter,1.00,50.1,0,1.00,0,100.000,0.120,82762109
3.01,Utility Enemy 5,Utility,FreezeAction,TimeStutter,1.00,81.0,0,1.00,0,100.000,0.120,82762109
3.01,Utility Enemy 6,Utility,FreezeAction,TimeStutter,1.00,41.4,0,1.00,0,100.000,0.120,82762109
3.01,Utility Enemy 9,Utility,FreezeAction,TimeStutter,1.00,42.5,0,1.00,0,100.000,0.120,82762109
3.01,Utility Enemy 2,Utility,FreezeAction,TimeStutter,1.00,80.2,0,1.00,0,100.000,0.120,82762109
3.01,Utility Enemy 1,Utility,FreezeAction,TimeStutter,1.00,83.0,0,1.00,0,100.000,0.120,82762109
3.01,Utility Enemy 13,Utility,FreezeAction,TimeStutter,1.00,46.2,0,1.00,0,100.000,0.120,82762109
3.01,Utility Enemy 10,Utility,FreezeAction,TimeStutter,1.00,35.1,0,1.00,0,100.000,0.120,82762109
3.01,Utility Enemy 15,Utility,FreezeAction,TimeStutter,1.00,75.1,0,1.00,0,100.000,0.120,82762109
3.01,Utility Enemy 11,Utility,FreezeAction,TimeStutter,1.00,31.6,0,1.00,0,100.000,0.120,82762109
3.01,Utility Enemy 3,Utility,FreezeAction,TimeStutter,1.00,62.1,0,1.00,0,100.000,0.120,82762109
3.01,Utility Enemy 12,Utility,FreezeAction,TimeStutter,1.00,33.9,0,1.00,0,100.000,0.120,82762109
4.01,Player,Player,-,None,1.00,,0,1.00,,,,82762109
4.01,FSM Enemy 13,FSM,PatrolState,None,1.00,45.1,0,1.00,0,,,82762109
4.01,FSM Enemy 10,FSM,PatrolState,None,1.00,67.0,0,1.00,0,,,82762109
4.01,FSM Enemy 14,FSM,PatrolState,None,1.00,76.1,0,1.00,0,,,82762109
4.01,FSM Enemy 4,FSM,PatrolState,None,1.00,50.4,0,1.00,0,,,82762109
4.01,FSM Enemy 12,FSM,PatrolState,None,1.00,39.4,0,1.00,0,,,82762109
4.01,FSM Enemy 3,FSM,PatrolState,None,1.00,80.1,0,1.00,0,,,82762109
4.01,FSM Enemy 5,FSM,PatrolState,None,1.00,67.6,0,1.00,0,,,82762109
4.01,FSM Enemy 1,FSM,PatrolState,None,1.00,87.3,0,1.00,0,,,82762109
4.01,FSM Enemy 7,FSM,PatrolState,None,1.00,25.7,0,1.00,0,,,82762109
4.01,FSM Enemy 2,FSM,PatrolState,None,1.00,89.3,0,1.00,0,,,82762109
4.01,FSM Enemy 15,FSM,PatrolState,None,1.00,27.2,0,1.00,0,,,82762109
4.01,FSM Enemy 6,FSM,PatrolState,None,1.00,27.9,0,1.00,0,,,82762109
4.01,FSM Enemy 11,FSM,PatrolState,None,1.00,36.5,0,1.00,0,,,82762109
4.01,FSM Enemy 9,FSM,PatrolState,None,1.00,33.9,0,1.00,0,,,82762109
4.01,FSM Enemy 8,FSM,PatrolState,None,1.00,46.6,0,1.00,0,,,82762109
4.01,Utility Enemy 4,Utility,FreezeAction,None,1.00,59.4,0,1.00,0,100.000,0.120,82762109
4.01,Utility Enemy 7,Utility,FreezeAction,None,1.00,47.1,0,1.00,0,100.000,0.120,82762109
4.01,Utility Enemy 8,Utility,FreezeAction,None,1.00,74.9,0,1.00,0,100.000,0.120,82762109
4.01,Utility Enemy 14,Utility,FreezeAction,None,1.00,50.1,0,1.00,0,100.000,0.120,82762109
4.01,Utility Enemy 5,Utility,FreezeAction,None,1.00,81.0,0,1.00,0,100.000,0.120,82762109
4.01,Utility Enemy 6,Utility,FreezeAction,None,1.00,41.4,0,1.00,0,100.000,0.120,82762109
4.01,Utility Enemy 9,Utility,FreezeAction,None,1.00,42.5,0,1.00,0,100.000,0.120,82762109
4.01,Utility Enemy 2,Utility,FreezeAction,None,1.00,80.2,0,1.00,0,100.000,0.120,82762109
4.01,Utility Enemy 1,Utility,FreezeAction,None,1.00,83.0,0,1.00,0,100.000,0.120,82762109
4.01,Utility Enemy 13,Utility,FreezeAction,None,1.00,46.2,0,1.00,0,100.000,0.120,82762109
4.01,Utility Enemy 10,Utility,FreezeAction,None,1.00,35.1,0,1.00,0,100.000,0.120,82762109
4.01,Utility Enemy 15,Utility,FreezeAction,None,1.00,75.1,0,1.00,0,100.000,0.120,82762109
4.01,Utility Enemy 11,Utility,FreezeAction,None,1.00,31.6,0,1.00,0,100.000,0.120,82762109
4.01,Utility Enemy 3,Utility,FreezeAction,None,1.00,62.1,0,1.00,0,100.000,0.120,82762109
4.01,Utility Enemy 12,Utility,FreezeAction,None,1.00,33.9,0,1.00,0,100.000,0.120,82762109
5.01,Player,Player,-,None,1.00,,0,1.00,,,,82762109
5.01,FSM Enemy 13,FSM,PatrolState,None,1.00,43.3,0,1.00,0,,,82762109
5.01,FSM Enemy 10,FSM,PatrolState,None,1.00,67.1,0,1.00,0,,,82762109
5.01,FSM Enemy 14,FSM,PatrolState,None,1.00,74.5,0,1.00,0,,,82762109
5.01,FSM Enemy 4,FSM,PatrolState,None,1.00,50.1,0,1.00,0,,,82762109
5.01,FSM Enemy 12,FSM,PatrolState,None,1.00,40.6,0,1.00,0,,,82762109
5.01,FSM Enemy 3,FSM,PatrolState,None,1.00,78.3,0,1.00,0,,,82762109
5.01,FSM Enemy 5,FSM,PatrolState,None,1.00,67.9,0,1.00,0,,,82762109
5.01,FSM Enemy 1,FSM,PatrolState,None,1.00,86.9,0,1.00,0,,,82762109
5.01,FSM Enemy 7,FSM,PatrolState,None,1.00,22.4,0,1.00,0,,,82762109
5.01,FSM Enemy 2,FSM,PatrolState,None,1.00,87.5,0,1.00,0,,,82762109
5.01,FSM Enemy 15,FSM,PatrolState,None,1.00,27.8,0,1.00,0,,,82762109
5.01,FSM Enemy 6,FSM,PatrolState,None,1.00,31.0,0,1.00,0,,,82762109
5.01,FSM Enemy 11,FSM,PatrolState,None,1.00,37.8,0,1.00,0,,,82762109
5.01,FSM Enemy 9,FSM,PatrolState,None,1.00,36.7,0,1.00,0,,,82762109
5.01,FSM Enemy 8,FSM,PatrolState,None,1.00,45.7,0,1.00,0,,,82762109
5.01,Utility Enemy 4,Utility,PatrolAction,None,1.00,55.9,0,1.00,0,0.120,0.000,82762109
5.01,Utility Enemy 7,Utility,PatrolAction,None,1.00,48.9,0,1.00,0,0.120,0.000,82762109
5.01,Utility Enemy 8,Utility,PatrolAction,None,1.00,71.0,0,1.00,0,0.120,0.000,82762109
5.01,Utility Enemy 14,Utility,PatrolAction,None,1.00,51.4,0,1.00,0,0.120,0.000,82762109
5.01,Utility Enemy 5,Utility,PatrolAction,None,1.00,83.5,0,1.00,0,0.120,0.000,82762109
5.01,Utility Enemy 6,Utility,PatrolAction,None,1.00,37.2,0,1.00,0,0.120,0.000,82762109
5.01,Utility Enemy 9,Utility,PatrolAction,None,1.00,40.9,0,1.00,0,0.120,0.000,82762109
5.01,Utility Enemy 2,Utility,PatrolAction,None,1.00,79.4,0,1.00,0,0.120,0.000,82762109
5.01,Utility Enemy 1,Utility,PatrolAction,None,1.00,84.7,0,1.00,0,0.120,0.000,82762109
5.01,Utility Enemy 13,Utility,PatrolAction,None,1.00,47.7,0,1.00,0,0.120,0.000,82762109
5.01,Utility Enemy 10,Utility,PatrolAction,None,1.00,33.0,0,1.00,0,0.120,0.000,82762109
5.01,Utility Enemy 15,Utility,PatrolAction,None,1.00,73.0,0,1.00,0,0.120,0.000,82762109
5.01,Utility Enemy 11,Utility,PatrolAction,None,1.00,30.8,0,1.00,0,0.120,0.000,82762109
5.01,Utility Enemy 3,Utility,PatrolAction,None,1.00,64.3,0,1.00,0,0.120,0.000,82762109
5.01,Utility Enemy 12,Utility,PatrolAction,None,1.00,38.4,0,1.00,0,0.120,0.000,82762109
6.02,Player,Player,-,EnemyDuplicate,1.00,,0,1.00,,,,82762109
6.02,FSM Enemy 13,FSM,AttackState,EnemyDuplicate,1.00,41.8,0,1.00,0,,,82762109
6.02,FSM Enemy 10,FSM,AttackState,EnemyDuplicate,1.00,66.9,0,1.00,0,,,82762109
6.02,FSM Enemy 14,FSM,AttackState,EnemyDuplicate,1.00,73.0,0,1.00,0,,,82762109
6.02,FSM Enemy 4,FSM,AttackState,EnemyDuplicate,1.00,49.4,0,1.00,0,,,82762109
6.02,FSM Enemy 12,FSM,AttackState,EnemyDuplicate,1.00,41.2,0,1.00,0,,,82762109
6.02,FSM Enemy 3,FSM,AttackState,EnemyDuplicate,1.00,77.0,0,1.00,0,,,82762109
6.02,FSM Enemy 5,FSM,AttackState,EnemyDuplicate,1.00,68.5,0,1.00,0,,,82762109
6.02,FSM Enemy 1,FSM,AttackState,EnemyDuplicate,1.00,87.3,0,1.00,0,,,82762109
6.02,FSM Enemy 7,FSM,AttackState,EnemyDuplicate,1.00,20.4,0,1.00,0,,,82762109
6.02,FSM Enemy 2,FSM,AttackState,EnemyDuplicate,1.00,85.8,0,1.00,0,,,82762109
6.02,FSM Enemy 15,FSM,AttackState,EnemyDuplicate,1.00,28.8,0,1.00,0,,,82762109
6.02,FSM Enemy 6,FSM,AttackState,EnemyDuplicate,1.00,31.8,0,1.00,0,,,82762109
6.02,FSM Enemy 11,FSM,AttackState,EnemyDuplicate,1.00,39.4,0,1.00,0,,,82762109
6.02,FSM Enemy 9,FSM,AttackState,EnemyDuplicate,1.00,37.1,0,1.00,0,,,82762109
6.02,FSM Enemy 8,FSM,AttackState,EnemyDuplicate,1.00,45.3,0,1.00,0,,,82762109
6.02,Utility Enemy 4,Utility,RepositionAction,EnemyDuplicate,1.00,52.3,0,1.00,0,0.650,0.120,82762109
6.02,Utility Enemy 7,Utility,RepositionAction,EnemyDuplicate,1.00,47.5,0,1.00,0,0.650,0.120,82762109
6.02,Utility Enemy 8,Utility,RepositionAction,EnemyDuplicate,1.00,66.7,0,1.00,0,0.650,0.120,82762109
6.02,Utility Enemy 14,Utility,RepositionAction,EnemyDuplicate,1.00,47.5,0,1.00,0,0.650,0.120,82762109
6.02,Utility Enemy 5,Utility,RepositionAction,EnemyDuplicate,1.00,86.6,0,1.00,0,0.650,0.120,82762109
6.02,Utility Enemy 6,Utility,RepositionAction,EnemyDuplicate,1.00,34.7,0,1.00,0,0.650,0.120,82762109
6.02,Utility Enemy 9,Utility,RepositionAction,EnemyDuplicate,1.00,37.3,0,1.00,0,0.650,0.120,82762109
6.02,Utility Enemy 2,Utility,RepositionAction,EnemyDuplicate,1.00,78.3,0,1.00,0,0.650,0.120,82762109
6.02,Utility Enemy 1,Utility,RepositionAction,EnemyDuplicate,1.00,86.0,0,1.00,0,0.650,0.120,82762109
6.02,Utility Enemy 13,Utility,RepositionAction,EnemyDuplicate,1.00,50.8,0,1.00,0,0.650,0.120,82762109
6.02,Utility Enemy 10,Utility,RepositionAction,EnemyDuplicate,1.00,29.9,0,1.00,0,0.650,0.120,82762109
6.02,Utility Enemy 15,Utility,RepositionAction,EnemyDuplicate,1.00,70.9,0,1.00,0,0.650,0.120,82762109
6.02,Utility Enemy 11,Utility,RepositionAction,EnemyDuplicate,1.00,31.6,0,1.00,0,0.650,0.120,82762109
6.02,Utility Enemy 3,Utility,RepositionAction,EnemyDuplicate,1.00,61.4,0,1.00,0,0.650,0.120,82762109
6.02,Utility Enemy 12,Utility,RepositionAction,EnemyDuplicate,1.00,42.7,0,1.00,0,0.650,0.120,82762109
7.02,Player,Player,-,EnemyDuplicate,1.00,,0,1.00,,,,82762109
7.02,FSM Enemy 13,FSM,AttackState,EnemyDuplicate,1.00,41.8,0,1.00,0,,,82762109
7.02,FSM Enemy 10,FSM,AttackState,EnemyDuplicate,1.00,66.9,0,1.00,0,,,82762109
7.02,FSM Enemy 14,FSM,AttackState,EnemyDuplicate,1.00,73.0,0,1.00,0,,,82762109
7.02,FSM Enemy 4,FSM,AttackState,EnemyDuplicate,1.00,49.4,0,1.00,0,,,82762109
7.02,FSM Enemy 12,FSM,AttackState,EnemyDuplicate,1.00,41.2,0,1.00,0,,,82762109
7.02,FSM Enemy 3,FSM,AttackState,EnemyDuplicate,1.00,77.0,0,1.00,0,,,82762109
7.02,FSM Enemy 5,FSM,AttackState,EnemyDuplicate,1.00,68.5,0,1.00,0,,,82762109
7.02,FSM Enemy 1,FSM,AttackState,EnemyDuplicate,1.00,87.3,0,1.00,0,,,82762109
7.02,FSM Enemy 7,FSM,AttackState,EnemyDuplicate,1.00,20.4,0,1.00,0,,,82762109
7.02,FSM Enemy 2,FSM,AttackState,EnemyDuplicate,1.00,85.8,0,1.00,0,,,82762109
7.02,FSM Enemy 15,FSM,AttackState,EnemyDuplicate,1.00,28.8,0,1.00,0,,,82762109
7.02,FSM Enemy 6,FSM,AttackState,EnemyDuplicate,1.00,31.8,0,1.00,0,,,82762109
7.02,FSM Enemy 11,FSM,AttackState,EnemyDuplicate,1.00,39.4,0,1.00,0,,,82762109
7.02,FSM Enemy 9,FSM,AttackState,EnemyDuplicate,1.00,37.1,0,1.00,0,,,82762109
7.02,FSM Enemy 8,FSM,AttackState,EnemyDuplicate,1.00,45.3,0,1.00,0,,,82762109
7.02,Utility Enemy 4,Utility,RepositionAction,EnemyDuplicate,1.00,55.0,0,1.00,0,0.650,0.120,82762109
7.02,Utility Enemy 7,Utility,RepositionAction,EnemyDuplicate,1.00,43.8,0,1.00,0,0.650,0.120,82762109
7.02,Utility Enemy 8,Utility,RepositionAction,EnemyDuplicate,1.00,64.2,0,1.00,0,0.650,0.120,82762109
7.02,Utility Enemy 14,Utility,RepositionAction,EnemyDuplicate,1.00,49.7,0,1.00,0,0.650,0.120,82762109
7.02,Utility Enemy 5,Utility,RepositionAction,EnemyDuplicate,1.00,84.5,0,1.00,0,0.650,0.120,82762109
7.02,Utility Enemy 6,Utility,RepositionAction,EnemyDuplicate,0.90,35.5,0,1.00,0,0.650,0.120,82762109
7.02,Utility Enemy 9,Utility,RepositionAction,EnemyDuplicate,1.00,36.4,0,1.00,0,0.650,0.120,82762109
7.02,Utility Enemy 2,Utility,RepositionAction,EnemyDuplicate,1.00,81.5,0,1.00,0,0.650,0.120,82762109
7.02,Utility Enemy 1,Utility,RepositionAction,EnemyDuplicate,1.00,82.3,0,1.00,0,0.650,0.120,82762109
7.02,Utility Enemy 13,Utility,RepositionAction,EnemyDuplicate,1.00,49.9,0,1.00,0,0.650,0.120,82762109
7.02,Utility Enemy 10,Utility,RepositionAction,EnemyDuplicate,1.00,26.7,0,1.00,0,0.650,0.120,82762109
7.02,Utility Enemy 15,Utility,RepositionAction,EnemyDuplicate,1.00,72.6,0,1.00,0,0.650,0.120,82762109
7.02,Utility Enemy 11,Utility,RepositionAction,EnemyDuplicate,1.00,34.3,0,1.00,0,0.650,0.120,82762109
7.02,Utility Enemy 3,Utility,RepositionAction,EnemyDuplicate,1.00,61.7,0,1.00,0,0.650,0.120,82762109
7.02,Utility Enemy 12,Utility,RepositionAction,EnemyDuplicate,1.00,42.6,0,1.00,0,0.650,0.120,82762109
8.02,Player,Player,-,EnemyDuplicate,1.00,,0,1.00,,,,82762109
8.02,FSM Enemy 13,FSM,AttackState,EnemyDuplicate,1.00,41.8,0,1.00,0,,,82762109
8.02,FSM Enemy 10,FSM,AttackState,EnemyDuplicate,1.00,66.9,0,1.00,0,,,82762109
8.02,FSM Enemy 14,FSM,AttackState,EnemyDuplicate,1.00,73.0,0,1.00,0,,,82762109
8.02,FSM Enemy 4,FSM,AttackState,EnemyDuplicate,1.00,49.4,0,1.00,0,,,82762109
8.02,FSM Enemy 12,FSM,AttackState,EnemyDuplicate,1.00,41.1,0,1.00,0,,,82762109
8.02,FSM Enemy 3,FSM,AttackState,EnemyDuplicate,1.00,77.0,0,1.00,0,,,82762109
8.02,FSM Enemy 5,FSM,AttackState,EnemyDuplicate,1.00,68.5,0,1.00,0,,,82762109
8.02,FSM Enemy 1,FSM,AttackState,EnemyDuplicate,1.00,87.3,0,1.00,0,,,82762109
8.02,FSM Enemy 7,FSM,Dead,EnemyDuplicate,0.00,20.4,0,1.00,0,,,82762109
8.02,FSM Enemy 2,FSM,AttackState,EnemyDuplicate,1.00,85.8,0,1.00,0,,,82762109
8.02,FSM Enemy 15,FSM,AttackState,EnemyDuplicate,1.00,28.8,0,1.00,0,,,82762109
8.02,FSM Enemy 6,FSM,AttackState,EnemyDuplicate,1.00,31.8,0,1.00,0,,,82762109
8.02,FSM Enemy 11,FSM,AttackState,EnemyDuplicate,1.00,39.4,0,1.00,0,,,82762109
8.02,FSM Enemy 9,FSM,AttackState,EnemyDuplicate,1.00,37.1,0,1.00,0,,,82762109
8.02,FSM Enemy 8,FSM,AttackState,EnemyDuplicate,1.00,45.3,0,1.00,0,,,82762109
8.02,Utility Enemy 4,Utility,RepositionAction,EnemyDuplicate,1.00,56.4,0,1.00,0,0.650,0.120,82762109
8.02,Utility Enemy 7,Utility,RepositionAction,EnemyDuplicate,1.00,46.4,0,1.00,0,0.650,0.120,82762109
8.02,Utility Enemy 8,Utility,RepositionAction,EnemyDuplicate,1.00,62.0,0,1.00,0,0.650,0.120,82762109
8.02,Utility Enemy 14,Utility,RepositionAction,EnemyDuplicate,1.00,50.7,0,1.00,0,0.650,0.120,82762109
8.02,Utility Enemy 5,Utility,RepositionAction,EnemyDuplicate,1.00,83.1,0,1.00,0,0.650,0.120,82762109
8.02,Utility Enemy 6,Utility,RepositionAction,EnemyDuplicate,0.90,35.4,0,1.00,0,0.650,0.120,82762109
8.02,Utility Enemy 9,Utility,RepositionAction,EnemyDuplicate,1.00,37.3,0,1.00,0,0.650,0.120,82762109
8.02,Utility Enemy 2,Utility,RepositionAction,EnemyDuplicate,1.00,85.3,0,1.00,0,0.650,0.120,82762109
8.02,Utility Enemy 1,Utility,RepositionAction,EnemyDuplicate,1.00,80.6,0,1.00,0,0.650,0.120,82762109
8.02,Utility Enemy 13,Utility,RepositionAction,EnemyDuplicate,1.00,46.8,0,1.00,0,0.650,0.120,82762109
8.02,Utility Enemy 10,Utility,RepositionAction,EnemyDuplicate,1.00,26.4,0,1.00,0,0.650,0.120,82762109
8.02,Utility Enemy 15,Utility,RepositionAction,EnemyDuplicate,1.00,73.1,0,1.00,0,0.650,0.120,82762109
8.02,Utility Enemy 11,Utility,RepositionAction,EnemyDuplicate,1.00,33.8,0,1.00,0,0.650,0.120,82762109
8.02,Utility Enemy 3,Utility,RepositionAction,EnemyDuplicate,1.00,63.5,0,1.00,0,0.650,0.120,82762109
8.02,Utility Enemy 12,Utility,RepositionAction,EnemyDuplicate,1.00,42.3,0,1.00,0,0.650,0.120,82762109
9.02,Player,Player,-,EnemyDuplicate,1.00,,0,1.00,,,,82762109
9.02,FSM Enemy 13,FSM,AttackState,EnemyDuplicate,1.00,41.8,0,1.00,0,,,82762109
9.02,FSM Enemy 10,FSM,AttackState,EnemyDuplicate,1.00,66.9,0,1.00,0,,,82762109
9.02,FSM Enemy 14,FSM,AttackState,EnemyDuplicate,1.00,73.0,0,1.00,0,,,82762109
9.02,FSM Enemy 4,FSM,AttackState,EnemyDuplicate,1.00,49.4,0,1.00,0,,,82762109
9.02,FSM Enemy 12,FSM,AttackState,EnemyDuplicate,1.00,41.1,0,1.00,0,,,82762109
9.02,FSM Enemy 3,FSM,AttackState,EnemyDuplicate,1.00,77.0,0,1.00,0,,,82762109
9.02,FSM Enemy 5,FSM,AttackState,EnemyDuplicate,1.00,68.5,0,1.00,0,,,82762109
9.02,FSM Enemy 1,FSM,AttackState,EnemyDuplicate,1.00,87.3,0,1.00,0,,,82762109
9.02,FSM Enemy 7,FSM,Dead,EnemyDuplicate,0.00,20.4,0,1.00,0,,,82762109
9.02,FSM Enemy 2,FSM,AttackState,EnemyDuplicate,1.00,85.8,0,1.00,0,,,82762109
9.02,FSM Enemy 15,FSM,AttackState,EnemyDuplicate,1.00,28.8,0,1.00,0,,,82762109
9.02,FSM Enemy 6,FSM,AttackState,EnemyDuplicate,1.00,31.8,0,1.00,0,,,82762109
9.02,FSM Enemy 11,FSM,AttackState,EnemyDuplicate,1.00,39.4,0,1.00,0,,,82762109
9.02,FSM Enemy 9,FSM,AttackState,EnemyDuplicate,1.00,37.1,0,1.00,0,,,82762109
9.02,FSM Enemy 8,FSM,AttackState,EnemyDuplicate,1.00,45.3,0,1.00,0,,,82762109
9.02,Utility Enemy 4,Utility,RepositionAction,EnemyDuplicate,1.00,55.7,0,1.00,0,0.650,0.120,82762109
9.02,Utility Enemy 7,Utility,RepositionAction,EnemyDuplicate,1.00,47.6,0,1.00,0,0.650,0.120,82762109
9.02,Utility Enemy 8,Utility,RepositionAction,EnemyDuplicate,1.00,57.7,0,1.00,0,0.650,0.120,82762109
9.02,Utility Enemy 14,Utility,RepositionAction,EnemyDuplicate,1.00,51.2,0,1.00,0,0.650,0.120,82762109
9.02,Utility Enemy 5,Utility,RepositionAction,EnemyDuplicate,1.00,85.6,0,1.00,0,0.650,0.120,82762109
9.02,Utility Enemy 6,Utility,RepositionAction,EnemyDuplicate,0.65,33.7,0,1.00,0,0.650,0.120,82762109
9.02,Utility Enemy 9,Utility,RepositionAction,EnemyDuplicate,1.00,33.6,0,1.00,0,0.650,0.120,82762109
9.02,Utility Enemy 2,Utility,RepositionAction,EnemyDuplicate,1.00,86.1,0,1.00,0,0.650,0.120,82762109
9.02,Utility Enemy 1,Utility,RepositionAction,EnemyDuplicate,1.00,80.1,0,1.00,0,0.650,0.120,82762109
9.02,Utility Enemy 13,Utility,RepositionAction,EnemyDuplicate,1.00,46.8,0,1.00,0,0.650,0.120,82762109
9.02,Utility Enemy 10,Utility,RepositionAction,EnemyDuplicate,1.00,27.7,0,1.00,0,0.650,0.120,82762109
9.02,Utility Enemy 15,Utility,RepositionAction,EnemyDuplicate,1.00,71.5,0,1.00,0,0.650,0.120,82762109
9.02,Utility Enemy 11,Utility,RepositionAction,EnemyDuplicate,1.00,30.3,0,1.00,0,0.650,0.120,82762109
9.02,Utility Enemy 3,Utility,RepositionAction,EnemyDuplicate,1.00,67.0,0,1.00,0,0.650,0.120,82762109
9.02,Utility Enemy 12,Utility,RepositionAction,EnemyDuplicate,1.00,43.2,0,1.00,0,0.650,0.120,82762109
10.02,Player,Player,-,EnemyDuplicate,1.00,,0,1.00,,,,82762109
10.02,FSM Enemy 13,FSM,AttackState,EnemyDuplicate,1.00,41.8,0,1.00,0,,,82762109
10.02,FSM Enemy 10,FSM,AttackState,EnemyDuplicate,1.00,66.9,0,1.00,0,,,82762109
10.02,FSM Enemy 14,FSM,AttackState,EnemyDuplicate,1.00,73.0,0,1.00,0,,,82762109
10.02,FSM Enemy 4,FSM,AttackState,EnemyDuplicate,1.00,49.4,0,1.00,0,,,82762109
10.02,FSM Enemy 12,FSM,AttackState,EnemyDuplicate,1.00,41.1,0,1.00,0,,,82762109
10.02,FSM Enemy 3,FSM,AttackState,EnemyDuplicate,1.00,77.0,0,1.00,0,,,82762109
10.02,FSM Enemy 5,FSM,AttackState,EnemyDuplicate,1.00,68.5,0,1.00,0,,,82762109
10.02,FSM Enemy 1,FSM,AttackState,EnemyDuplicate,1.00,87.3,0,1.00,0,,,82762109
10.02,FSM Enemy 7,FSM,Dead,EnemyDuplicate,0.00,20.4,0,1.00,0,,,82762109
10.02,FSM Enemy 2,FSM,AttackState,EnemyDuplicate,1.00,85.8,0,1.00,0,,,82762109
10.02,FSM Enemy 15,FSM,AttackState,EnemyDuplicate,1.00,28.8,0,1.00,0,,,82762109
10.02,FSM Enemy 6,FSM,AttackState,EnemyDuplicate,1.00,31.8,0,1.00,0,,,82762109
10.02,FSM Enemy 11,FSM,AttackState,EnemyDuplicate,1.00,39.4,0,1.00,0,,,82762109
10.02,FSM Enemy 9,FSM,AttackState,EnemyDuplicate,1.00,37.1,0,1.00,0,,,82762109
10.02,FSM Enemy 8,FSM,AttackState,EnemyDuplicate,1.00,45.3,0,1.00,0,,,82762109
10.02,Utility Enemy 4,Utility,RepositionAction,EnemyDuplicate,1.00,58.2,0,1.00,0,0.650,0.120,82762109
10.02,Utility Enemy 7,Utility,RepositionAction,EnemyDuplicate,1.00,43.3,0,1.00,0,0.650,0.120,82762109
10.02,Utility Enemy 8,Utility,RepositionAction,EnemyDuplicate,1.00,59.8,0,1.00,0,0.650,0.120,82762109
10.02,Utility Enemy 14,Utility,RepositionAction,EnemyDuplicate,1.00,55.2,0,1.00,0,0.650,0.120,82762109
10.02,Utility Enemy 5,Utility,RepositionAction,EnemyDuplicate,1.00,86.2,0,1.00,0,0.650,0.120,82762109
10.02,Utility Enemy 6,Utility,RepositionAction,EnemyDuplicate,0.65,36.4,0,1.00,0,0.650,0.120,82762109
10.02,Utility Enemy 9,Utility,RepositionAction,EnemyDuplicate,1.00,35.7,0,1.00,0,0.650,0.120,82762109
10.02,Utility Enemy 2,Utility,RepositionAction,EnemyDuplicate,1.00,86.9,0,1.00,0,0.650,0.120,82762109
10.02,Utility Enemy 1,Utility,RepositionAction,EnemyDuplicate,1.00,77.1,0,1.00,0,0.650,0.120,82762109
10.02,Utility Enemy 13,Utility,RepositionAction,EnemyDuplicate,1.00,51.1,0,1.00,0,0.650,0.120,82762109
10.02,Utility Enemy 10,Utility,RepositionAction,EnemyDuplicate,1.00,27.4,0,1.00,0,0.650,0.120,82762109
10.02,Utility Enemy 15,Utility,RepositionAction,EnemyDuplicate,1.00,70.7,0,1.00,0,0.650,0.120,82762109
10.02,Utility Enemy 11,Utility,RepositionAction,EnemyDuplicate,1.00,25.8,0,1.00,0,0.650,0.120,82762109
10.02,Utility Enemy 3,Utility,RepositionAction,EnemyDuplicate,1.00,69.1,0,1.00,0,0.650,0.120,82762109
10.02,Utility Enemy 12,Utility,RepositionAction,EnemyDuplicate,1.00,41.3,0,1.00,0,0.650,0.120,82762109
11.03,Player,Player,-,EnemyDuplicate,1.00,,0,1.00,,,,82762109
11.03,FSM Enemy 13,FSM,AttackState,EnemyDuplicate,1.00,41.9,0,1.00,0,,,82762109
11.03,FSM Enemy 10,FSM,AttackState,EnemyDuplicate,1.00,66.9,0,1.00,0,,,82762109
11.03,FSM Enemy 14,FSM,AttackState,EnemyDuplicate,1.00,73.0,0,1.00,0,,,82762109
11.03,FSM Enemy 4,FSM,AttackState,EnemyDuplicate,1.00,49.4,0,1.00,0,,,82762109
11.03,FSM Enemy 12,FSM,AttackState,EnemyDuplicate,1.00,41.1,0,1.00,0,,,82762109
11.03,FSM Enemy 3,FSM,AttackState,EnemyDuplicate,1.00,77.0,0,1.00,0,,,82762109
11.03,FSM Enemy 5,FSM,AttackState,EnemyDuplicate,1.00,68.5,0,1.00,0,,,82762109
11.03,FSM Enemy 1,FSM,AttackState,EnemyDuplicate,1.00,87.3,0,1.00,0,,,82762109
11.03,FSM Enemy 7,FSM,Dead,EnemyDuplicate,0.00,20.4,0,1.00,0,,,82762109
11.03,FSM Enemy 2,FSM,AttackState,EnemyDuplicate,1.00,85.8,0,1.00,0,,,82762109
11.03,FSM Enemy 15,FSM,AttackState,EnemyDuplicate,1.00,28.8,0,1.00,0,,,82762109
11.03,FSM Enemy 6,FSM,AttackState,EnemyDuplicate,1.00,31.8,0,1.00,0,,,82762109
11.03,FSM Enemy 11,FSM,AttackState,EnemyDuplicate,1.00,39.4,0,1.00,0,,,82762109
11.03,FSM Enemy 9,FSM,AttackState,EnemyDuplicate,1.00,37.0,0,1.00,0,,,82762109
11.03,FSM Enemy 8,FSM,AttackState,EnemyDuplicate,1.00,45.3,0,1.00,0,,,82762109
11.03,Utility Enemy 4,Utility,RepositionAction,EnemyDuplicate,1.00,62.6,0,1.00,0,0.650,0.120,82762109
11.03,Utility Enemy 7,Utility,RepositionAction,EnemyDuplicate,1.00,41.8,0,1.00,0,0.650,0.120,82762109
11.03,Utility Enemy 8,Utility,RepositionAction,EnemyDuplicate,1.00,62.3,0,1.00,0,0.650,0.120,82762109
11.03,Utility Enemy 14,Utility,RepositionAction,EnemyDuplicate,1.00,52.1,0,1.00,0,0.650,0.120,82762109
11.03,Utility Enemy 5,Utility,RepositionAction,EnemyDuplicate,1.00,82.8,0,1.00,0,0.650,0.120,82762109
11.03,Utility Enemy 6,Utility,RepositionAction,EnemyDuplicate,0.65,38.5,0,1.00,0,0.650,0.120,82762109
11.03,Utility Enemy 9,Utility,RepositionAction,EnemyDuplicate,1.00,40.1,0,1.00,0,0.650,0.120,82762109
11.03,Utility Enemy 2,Utility,RepositionAction,EnemyDuplicate,1.00,87.9,0,1.00,0,0.650,0.120,82762109
11.03,Utility Enemy 1,Utility,RepositionAction,EnemyDuplicate,1.00,76.6,0,1.00,0,0.650,0.120,82762109
11.03,Utility Enemy 13,Utility,RepositionAction,EnemyDuplicate,1.00,55.1,0,1.00,0,0.650,0.120,82762109
11.03,Utility Enemy 10,Utility,RepositionAction,EnemyDuplicate,1.00,30.1,0,1.00,0,0.650,0.120,82762109
11.03,Utility Enemy 15,Utility,RepositionAction,EnemyDuplicate,1.00,69.3,0,1.00,0,0.650,0.120,82762109
11.03,Utility Enemy 11,Utility,RepositionAction,EnemyDuplicate,1.00,26.4,0,1.00,0,0.650,0.120,82762109
11.03,Utility Enemy 3,Utility,RepositionAction,EnemyDuplicate,1.00,64.8,0,1.00,0,0.650,0.120,82762109
11.03,Utility Enemy 12,Utility,RepositionAction,EnemyDuplicate,1.00,43.2,0,1.00,0,0.650,0.120,82762109
12.03,Player,Player,-,WallDisappear,1.00,,0,1.00,,,,82762109
12.03,FSM Enemy 13,FSM,ChaseState,WallDisappear,1.00,41.9,0,1.00,0,,,82762109
12.03,FSM Enemy 10,FSM,ChaseState,WallDisappear,1.00,66.9,0,1.00,0,,,82762109
12.03,FSM Enemy 14,FSM,ChaseState,WallDisappear,1.00,73.0,0,1.00,0,,,82762109
12.03,FSM Enemy 4,FSM,ChaseState,WallDisappear,1.00,49.4,0,1.00,0,,,82762109
12.03,FSM Enemy 12,FSM,ChaseState,WallDisappear,1.00,41.1,0,1.00,0,,,82762109
12.03,FSM Enemy 3,FSM,ChaseState,WallDisappear,1.00,77.0,0,1.00,0,,,82762109
12.03,FSM Enemy 5,FSM,ChaseState,WallDisappear,1.00,68.5,0,1.00,0,,,82762109
12.03,FSM Enemy 1,FSM,ChaseState,WallDisappear,1.00,87.3,0,1.00,0,,,82762109
12.03,FSM Enemy 7,FSM,Dead,WallDisappear,0.00,20.4,0,1.00,0,,,82762109
12.03,FSM Enemy 2,FSM,ChaseState,WallDisappear,1.00,85.8,0,1.00,0,,,82762109
12.03,FSM Enemy 15,FSM,ChaseState,WallDisappear,1.00,28.8,0,1.00,0,,,82762109
12.03,FSM Enemy 6,FSM,ChaseState,WallDisappear,1.00,31.8,0,1.00,0,,,82762109
12.03,FSM Enemy 11,FSM,ChaseState,WallDisappear,1.00,39.4,0,1.00,0,,,82762109
12.03,FSM Enemy 9,FSM,ChaseState,WallDisappear,1.00,37.0,0,1.00,0,,,82762109
12.03,FSM Enemy 8,FSM,ChaseState,WallDisappear,1.00,45.3,0,1.00,0,,,82762109
12.03,Utility Enemy 4,Utility,RepositionAction,WallDisappear,1.00,61.9,0,1.00,0,0.650,0.120,82762109
12.03,Utility Enemy 7,Utility,RepositionAction,WallDisappear,1.00,37.4,0,1.00,0,0.650,0.120,82762109
12.03,Utility Enemy 8,Utility,RepositionAction,WallDisappear,1.00,63.4,0,1.00,0,0.650,0.120,82762109
12.03,Utility Enemy 14,Utility,RepositionAction,WallDisappear,1.00,51.0,0,1.00,0,0.650,0.120,82762109
12.03,Utility Enemy 5,Utility,RepositionAction,WallDisappear,1.00,81.0,0,1.00,0,0.650,0.120,82762109
12.03,Utility Enemy 6,Utility,RepositionAction,WallDisappear,0.65,40.4,0,1.00,0,0.650,0.120,82762109
12.03,Utility Enemy 9,Utility,RepositionAction,WallDisappear,1.00,41.6,0,1.00,0,0.650,0.120,82762109
12.03,Utility Enemy 2,Utility,RepositionAction,WallDisappear,1.00,86.8,0,1.00,0,0.650,0.120,82762109
12.03,Utility Enemy 1,Utility,RepositionAction,WallDisappear,1.00,79.0,0,1.00,0,0.650,0.120,82762109
12.03,Utility Enemy 13,Utility,RepositionAction,WallDisappear,1.00,52.2,0,1.00,0,0.650,0.120,82762109
12.03,Utility Enemy 10,Utility,RepositionAction,WallDisappear,1.00,32.3,0,1.00,0,0.650,0.120,82762109
12.03,Utility Enemy 15,Utility,RepositionAction,WallDisappear,1.00,67.1,0,1.00,0,0.650,0.120,82762109
12.03,Utility Enemy 11,Utility,RepositionAction,WallDisappear,1.00,29.0,0,1.00,0,0.650,0.120,82762109
12.03,Utility Enemy 3,Utility,RepositionAction,WallDisappear,1.00,61.6,0,1.00,0,0.650,0.120,82762109
12.03,Utility Enemy 12,Utility,RepositionAction,WallDisappear,1.00,42.5,0,1.00,0,0.650,0.120,82762109
13.03,Player,Player,-,WallDisappear,1.00,,0,1.00,,,,82762109
13.03,FSM Enemy 13,FSM,ChaseState,WallDisappear,1.00,40.7,0,1.00,0,,,82762109
13.03,FSM Enemy 10,FSM,ChaseState,WallDisappear,1.00,63.5,0,1.00,0,,,82762109
13.03,FSM Enemy 14,FSM,ChaseState,WallDisappear,1.00,69.6,0,1.00,0,,,82762109
13.03,FSM Enemy 4,FSM,ChaseState,WallDisappear,1.00,49.0,0,1.00,0,,,82762109
13.03,FSM Enemy 12,FSM,ChaseState,WallDisappear,1.00,39.2,0,1.00,0,,,82762109
13.03,FSM Enemy 3,FSM,ChaseState,WallDisappear,1.00,74.0,0,1.00,0,,,82762109
13.03,FSM Enemy 5,FSM,ChaseState,WallDisappear,1.00,65.3,0,1.00,0,,,82762109
13.03,FSM Enemy 1,FSM,ChaseState,WallDisappear,1.00,84.0,0,1.00,0,,,82762109
13.03,FSM Enemy 7,FSM,Dead,WallDisappear,0.00,20.4,0,1.00,0,,,82762109
13.03,FSM Enemy 2,FSM,ChaseState,WallDisappear,1.00,82.7,0,1.00,0,,,82762109
13.03,FSM Enemy 15,FSM,ChaseState,WallDisappear,1.00,28.7,0,1.00,0,,,82762109
13.03,FSM Enemy 6,FSM,ChaseState,WallDisappear,1.00,28.5,0,1.00,0,,,82762109
13.03,FSM Enemy 11,FSM,ChaseState,WallDisappear,1.00,35.7,0,1.00,0,,,82762109
13.03,FSM Enemy 9,FSM,ChaseState,WallDisappear,1.00,35.7,0,1.00,0,,,82762109
13.03,FSM Enemy 8,FSM,ChaseState,WallDisappear,1.00,41.8,0,1.00,0,,,82762109
13.03,Utility Enemy 4,Utility,ChaseAction,WallDisappear,1.00,57.8,0,1.00,0,0.850,0.300,82762109
13.03,Utility Enemy 7,Utility,ChaseAction,WallDisappear,1.00,33.9,0,1.00,0,0.850,0.300,82762109
13.03,Utility Enemy 8,Utility,ChaseAction,WallDisappear,1.00,60.3,0,1.00,0,0.850,0.300,82762109
13.03,Utility Enemy 14,Utility,ChaseAction,WallDisappear,1.00,49.1,0,1.00,0,0.850,0.300,82762109
13.03,Utility Enemy 5,Utility,ChaseAction,WallDisappear,1.00,78.2,0,1.00,0,0.850,0.300,82762109
13.03,Utility Enemy 6,Utility,ChaseAction,WallDisappear,0.65,37.7,0,1.00,0,0.850,0.300,82762109
13.03,Utility Enemy 9,Utility,ChaseAction,WallDisappear,1.00,39.8,0,1.00,0,0.850,0.300,82762109
13.03,Utility Enemy 2,Utility,ChaseAction,WallDisappear,1.00,83.3,0,1.00,0,0.850,0.300,82762109
13.03,Utility Enemy 1,Utility,ChaseAction,WallDisappear,1.00,76.5,0,1.00,0,0.850,0.300,82762109
13.03,Utility Enemy 13,Utility,ChaseAction,WallDisappear,1.00,49.5,0,1.00,0,0.850,0.300,82762109
13.03,Utility Enemy 10,Utility,ChaseAction,WallDisappear,1.00,29.6,0,1.00,0,0.850,0.300,82762109
13.03,Utility Enemy 15,Utility,ChaseAction,WallDisappear,1.00,64.1,0,1.00,0,0.850,0.300,82762109
13.03,Utility Enemy 11,Utility,ChaseAction,WallDisappear,1.00,29.1,0,1.00,0,0.850,0.300,82762109
13.03,Utility Enemy 3,Utility,ChaseAction,WallDisappear,1.00,58.3,0,1.00,0,0.850,0.300,82762109
13.03,Utility Enemy 12,Utility,ChaseAction,WallDisappear,1.00,40.8,0,1.00,0,0.850,0.300,82762109
14.04,Player,Player,-,WallDisappear,1.00,,0,1.00,,,,82762109
14.04,FSM Enemy 13,FSM,ChaseState,WallDisappear,1.00,39.5,0,1.00,0,,,82762109
14.04,FSM Enemy 10,FSM,ChaseState,WallDisappear,1.00,59.5,0,1.00,0,,,82762109
14.04,FSM Enemy 14,FSM,ChaseState,WallDisappear,1.00,65.6,0,1.00,0,,,82762109
14.04,FSM Enemy 4,FSM,ChaseState,WallDisappear,1.00,47.3,0,1.00,0,,,82762109
14.04,FSM Enemy 12,FSM,ChaseState,WallDisappear,1.00,37.1,0,1.00,0,,,82762109
14.04,FSM Enemy 3,FSM,ChaseState,WallDisappear,1.00,69.9,0,1.00,0,,,82762109
14.04,FSM Enemy 5,FSM,ChaseState,WallDisappear,1.00,61.5,0,1.00,0,,,82762109
14.04,FSM Enemy 1,FSM,ChaseState,WallDisappear,1.00,79.5,0,1.00,0,,,82762109
14.04,FSM Enemy 7,FSM,Dead,WallDisappear,0.00,20.4,0,1.00,0,,,82762109
14.04,FSM Enemy 2,FSM,ChaseState,WallDisappear,1.00,78.7,0,1.00,0,,,82762109
14.04,FSM Enemy 15,FSM,ChaseState,WallDisappear,1.00,29.2,0,1.00,0,,,82762109
14.04,FSM Enemy 6,FSM,ChaseState,WallDisappear,1.00,24.8,0,1.00,0,,,82762109
14.04,FSM Enemy 11,FSM,ChaseState,WallDisappear,1.00,32.1,0,1.00,0,,,82762109
14.04,FSM Enemy 9,FSM,ChaseState,WallDisappear,1.00,34.5,0,1.00,0,,,82762109
14.04,FSM Enemy 8,FSM,ChaseState,WallDisappear,1.00,37.5,0,1.00,0,,,82762109
14.04,Utility Enemy 4,Utility,ChaseAction,WallDisappear,1.00,53.8,0,1.00,0,0.850,0.300,82762109
14.04,Utility Enemy 7,Utility,ChaseAction,WallDisappear,1.00,29.8,0,1.00,0,0.850,0.300,82762109
14.04,Utility Enemy 8,Utility,ChaseAction,WallDisappear,1.00,56.3,0,1.00,0,0.850,0.300,82762109
14.04,Utility Enemy 14,Utility,ChaseAction,WallDisappear,1.00,46.2,0,1.00,0,0.850,0.300,82762109
14.04,Utility Enemy 5,Utility,ChaseAction,WallDisappear,1.00,73.9,0,1.00,0,0.850,0.300,82762109
14.04,Utility Enemy 6,Utility,ChaseAction,WallDisappear,0.65,33.3,0,1.00,0,0.850,0.300,82762109
14.04,Utility Enemy 9,Utility,ChaseAction,WallDisappear,1.00,37.3,0,1.00,0,0.850,0.300,82762109
14.04,Utility Enemy 2,Utility,ChaseAction,WallDisappear,1.00,78.7,0,1.00,0,0.850,0.300,82762109
14.04,Utility Enemy 1,Utility,ChaseAction,WallDisappear,1.00,72.1,0,1.00,0,0.850,0.300,82762109
14.04,Utility Enemy 13,Utility,ChaseAction,WallDisappear,1.00,46.4,0,1.00,0,0.850,0.300,82762109
14.04,Utility Enemy 10,Utility,ChaseAction,WallDisappear,1.00,26.0,0,1.00,0,0.850,0.300,82762109
14.04,Utility Enemy 15,Utility,ChaseAction,WallDisappear,1.00,59.9,0,1.00,0,0.850,0.300,82762109
14.04,Utility Enemy 11,Utility,ChaseAction,WallDisappear,1.00,29.2,0,1.00,0,0.850,0.300,82762109
14.04,Utility Enemy 3,Utility,ChaseAction,WallDisappear,1.00,54.1,0,1.00,0,0.850,0.300,82762109
14.04,Utility Enemy 12,Utility,ChaseAction,WallDisappear,1.00,38.0,0,1.00,0,0.850,0.300,82762109
15.04,Player,Player,-,WallDisappear,1.00,,0,1.00,,,,82762109
15.04,FSM Enemy 13,FSM,ChaseState,WallDisappear,1.00,38.8,0,1.00,0,,,82762109
15.04,FSM Enemy 10,FSM,ChaseState,WallDisappear,1.00,55.5,0,1.00,0,,,82762109
15.04,FSM Enemy 14,FSM,ChaseState,WallDisappear,1.00,61.7,0,1.00,0,,,82762109
15.04,FSM Enemy 4,FSM,ChaseState,WallDisappear,1.00,44.6,0,1.00,0,,,82762109
15.04,FSM Enemy 12,FSM,ChaseState,WallDisappear,1.00,35.4,0,1.00,0,,,82762109
15.04,FSM Enemy 3,FSM,ChaseState,WallDisappear,1.00,65.6,0,1.00,0,,,82762109
15.04,FSM Enemy 5,FSM,ChaseState,WallDisappear,1.00,58.0,0,1.00,0,,,82762109
15.04,FSM Enemy 1,FSM,ChaseState,WallDisappear,1.00,74.9,0,1.00,0,,,82762109
15.04,FSM Enemy 7,FSM,Dead,WallDisappear,0.00,20.4,0,1.00,0,,,82762109
15.04,FSM Enemy 2,FSM,ChaseState,WallDisappear,1.00,74.8,0,1.00,0,,,82762109
15.04,FSM Enemy 15,FSM,ChaseState,WallDisappear,1.00,30.3,0,1.00,0,,,82762109
15.04,FSM Enemy 6,FSM,ChaseState,WallDisappear,1.00,21.3,0,1.00,0,,,82762109
15.04,FSM Enemy 11,FSM,ChaseState,WallDisappear,1.00,28.8,0,1.00,0,,,82762109
15.04,FSM Enemy 9,FSM,ChaseState,WallDisappear,1.00,34.9,0,1.00,0,,,82762109
15.04,FSM Enemy 8,FSM,ChaseState,WallDisappear,1.00,37.1,0,1.00,0,,,82762109
15.04,Utility Enemy 4,Utility,ChaseAction,WallDisappear,1.00,49.8,0,1.00,0,0.850,0.300,82762109
15.04,Utility Enemy 7,Utility,ChaseAction,WallDisappear,1.00,26.0,0,1.00,0,0.850,0.300,82762109
15.04,Utility Enemy 8,Utility,ChaseAction,WallDisappear,1.00,52.8,0,1.00,0,0.850,0.300,82762109
15.04,Utility Enemy 14,Utility,ChaseAction,WallDisappear,1.00,43.3,0,1.00,0,0.850,0.300,82762109
15.04,Utility Enemy 5,Utility,ChaseAction,WallDisappear,1.00,69.6,0,1.00,0,0.850,0.300,82762109
15.04,Utility Enemy 6,Utility,ChaseAction,WallDisappear,0.65,28.8,0,1.00,0,0.850,0.300,82762109
15.04,Utility Enemy 9,Utility,ChaseAction,WallDisappear,1.00,35.4,0,1.00,0,0.850,0.300,82762109
15.04,Utility Enemy 2,Utility,ChaseAction,WallDisappear,1.00,74.2,0,1.00,0,0.850,0.300,82762109
15.04,Utility Enemy 1,Utility,ChaseAction,WallDisappear,1.00,67.7,0,1.00,0,0.850,0.300,82762109
15.04,Utility Enemy 13,Utility,ChaseAction,WallDisappear,1.00,43.5,0,1.00,0,0.850,0.300,82762109
15.04,Utility Enemy 10,Utility,ChaseAction,WallDisappear,1.00,22.6,0,1.00,0,0.850,0.300,82762109
15.04,Utility Enemy 15,Utility,ChaseAction,WallDisappear,1.00,55.7,0,1.00,0,0.850,0.300,82762109
15.04,Utility Enemy 11,Utility,ChaseAction,WallDisappear,1.00,30.0,0,1.00,0,0.850,0.300,82762109
15.04,Utility Enemy 3,Utility,ChaseAction,WallDisappear,1.00,49.8,0,1.00,0,0.850,0.300,82762109
15.04,Utility Enemy 12,Utility,ChaseAction,WallDisappear,1.00,35.8,0,1.00,0,0.850,0.300,82762109
16.05,Player,Player,-,WallDisappear,1.00,,0,1.00,,,,82762109
16.05,FSM Enemy 13,FSM,ChaseState,WallDisappear,1.00,37.1,0,1.00,0,,,82762109
16.05,FSM Enemy 10,FSM,ChaseState,WallDisappear,1.00,51.6,0,1.00,0,,,82762109
16.05,FSM Enemy 14,FSM,ChaseState,WallDisappear,1.00,57.9,0,1.00,0,,,82762109
16.05,FSM Enemy 4,FSM,ChaseState,WallDisappear,1.00,41.8,0,1.00,0,,,82762109
16.05,FSM Enemy 12,FSM,ChaseState,WallDisappear,1.00,32.5,0,1.00,0,,,82762109
16.05,FSM Enemy 3,FSM,ChaseState,WallDisappear,1.00,61.2,0,1.00,0,,,82762109
16.05,FSM Enemy 5,FSM,ChaseState,WallDisappear,1.00,54.5,0,1.00,0,,,82762109
16.05,FSM Enemy 1,FSM,ChaseState,WallDisappear,1.00,70.4,0,1.00,0,,,82762109
16.05,FSM Enemy 7,FSM,Dead,WallDisappear,0.00,20.4,0,1.00,0,,,82762109
16.05,FSM Enemy 2,FSM,ChaseState,WallDisappear,1.00,70.6,0,1.00,0,,,82762109
16.05,FSM Enemy 15,FSM,ChaseState,WallDisappear,1.00,31.5,0,1.00,0,,,82762109
16.05,FSM Enemy 6,FSM,ChaseState,WallDisappear,1.00,17.7,1,1.00,0,,,82762109
16.05,FSM Enemy 11,FSM,ChaseState,WallDisappear,1.00,25.8,0,1.00,0,,,82762109
16.05,FSM Enemy 9,FSM,ChaseState,WallDisappear,1.00,36.3,0,1.00,0,,,82762109
16.05,FSM Enemy 8,FSM,ChaseState,WallDisappear,1.00,37.1,0,1.00,0,,,82762109
16.05,Utility Enemy 4,Utility,ChaseAction,WallDisappear,1.00,46.0,0,1.00,0,0.850,0.300,82762109
16.05,Utility Enemy 7,Utility,ChaseAction,WallDisappear,1.00,22.5,0,1.00,0,0.850,0.300,82762109
16.05,Utility Enemy 8,Utility,ChaseAction,WallDisappear,1.00,49.4,0,1.00,0,0.850,0.300,82762109
16.05,Utility Enemy 14,Utility,ChaseAction,WallDisappear,1.00,40.6,0,1.00,0,0.850,0.300,82762109
16.05,Utility Enemy 5,Utility,ChaseAction,WallDisappear,1.00,65.2,0,1.00,0,0.850,0.300,82762109
16.05,Utility Enemy 6,Utility,ChaseAction,WallDisappear,0.65,25.7,0,1.00,0,0.850,0.300,82762109
16.05,Utility Enemy 9,Utility,ChaseAction,WallDisappear,1.00,33.9,0,1.00,0,0.850,0.300,82762109
16.05,Utility Enemy 2,Utility,ChaseAction,WallDisappear,1.00,69.7,0,1.00,0,0.850,0.300,82762109
16.05,Utility Enemy 1,Utility,ChaseAction,WallDisappear,1.00,63.2,0,1.00,0,0.850,0.300,82762109
16.05,Utility Enemy 13,Utility,ChaseAction,WallDisappear,1.00,41.0,0,1.00,0,0.850,0.300,82762109
16.05,Utility Enemy 10,Utility,ChaseAction,WallDisappear,0.25,19.4,1,1.00,0,0.922,0.403,82762109
16.05,Utility Enemy 15,Utility,ChaseAction,WallDisappear,1.00,51.4,0,1.00,0,0.850,0.300,82762109
16.05,Utility Enemy 11,Utility,ChaseAction,WallDisappear,1.00,31.1,0,1.00,0,0.850,0.300,82762109
16.05,Utility Enemy 3,Utility,ChaseAction,WallDisappear,1.00,46.1,0,1.00,0,0.850,0.300,82762109
16.05,Utility Enemy 12,Utility,ChaseAction,WallDisappear,1.00,34.3,0,1.00,0,0.850,0.300,82762109
17.05,Player,Player,-,None,1.00,,0,1.00,,,,82762109
17.05,FSM Enemy 13,FSM,PatrolState,None,1.00,35.8,0,1.00,0,,,82762109
17.05,FSM Enemy 10,FSM,PatrolState,None,1.00,48.0,0,1.00,0,,,82762109
17.05,FSM Enemy 14,FSM,PatrolState,None,1.00,54.2,0,1.00,0,,,82762109
17.05,FSM Enemy 4,FSM,PatrolState,None,1.00,39.4,0,1.00,0,,,82762109
17.05,FSM Enemy 12,FSM,PatrolState,None,1.00,29.7,0,1.00,0,,,82762109
17.05,FSM Enemy 3,FSM,PatrolState,None,1.00,56.8,0,1.00,0,,,82762109
17.05,FSM Enemy 5,FSM,PatrolState,None,1.00,51.3,0,1.00,0,,,82762109
17.05,FSM Enemy 1,FSM,PatrolState,None,1.00,67.1,0,1.00,0,,,82762109
17.05,FSM Enemy 7,FSM,Dead,None,0.00,20.4,0,1.00,0,,,82762109
17.05,FSM Enemy 2,FSM,PatrolState,None,1.00,66.7,0,1.00,0,,,82762109
17.05,FSM Enemy 15,FSM,PatrolState,None,1.00,33.2,0,1.00,0,,,82762109
17.05,FSM Enemy 6,FSM,Dead,None,0.00,15.6,1,1.00,0,,,82762109
17.05,FSM Enemy 11,FSM,PatrolState,None,1.00,24.4,0,1.00,0,,,82762109
17.05,FSM Enemy 9,FSM,PatrolState,None,1.00,36.3,0,1.00,0,,,82762109
17.05,FSM Enemy 8,FSM,PatrolState,None,1.00,37.1,0,1.00,0,,,82762109
17.05,Utility Enemy 4,Utility,ChaseAction,None,1.00,42.4,0,1.00,0,0.850,0.300,82762109
17.05,Utility Enemy 7,Utility,ChaseAction,None,1.00,19.3,1,1.00,0,0.850,0.300,82762109
17.05,Utility Enemy 8,Utility,ChaseAction,None,1.00,46.3,0,1.00,0,0.850,0.300,82762109
17.05,Utility Enemy 14,Utility,ChaseAction,None,1.00,38.3,0,1.00,0,0.850,0.300,82762109
17.05,Utility Enemy 5,Utility,ChaseAction,None,1.00,60.7,0,1.00,0,0.850,0.300,82762109
17.05,Utility Enemy 6,Utility,ChaseAction,None,0.65,24.3,0,1.00,0,0.850,0.300,82762109
17.05,Utility Enemy 9,Utility,ChaseAction,None,1.00,33.0,0,1.00,0,0.850,0.300,82762109
17.05,Utility Enemy 2,Utility,ChaseAction,None,1.00,65.2,0,1.00,0,0.850,0.300,82762109
17.05,Utility Enemy 1,Utility,ChaseAction,None,1.00,58.7,0,1.00,0,0.850,0.300,82762109
17.05,Utility Enemy 13,Utility,ChaseAction,None,1.00,38.8,0,1.00,0,0.850,0.300,82762109
17.05,Utility Enemy 10,Utility,Dead,None,0.00,15.5,1,1.00,0,0.850,0.584,82762109
17.05,Utility Enemy 15,Utility,ChaseAction,None,1.00,47.1,0,1.00,0,0.850,0.300,82762109
17.05,Utility Enemy 11,Utility,ChaseAction,None,1.00,32.6,0,1.00,0,0.850,0.300,82762109
17.05,Utility Enemy 3,Utility,ChaseAction,None,1.00,43.2,0,1.00,0,0.850,0.300,82762109
17.05,Utility Enemy 12,Utility,ChaseAction,None,1.00,33.2,0,1.00,0,0.850,0.300,82762109
18.06,Player,Player,-,None,1.00,,0,1.00,,,,82762109
18.06,FSM Enemy 13,FSM,PatrolState,None,1.00,35.9,0,1.00,0,,,82762109
18.06,FSM Enemy 10,FSM,PatrolState,None,1.00,48.7,0,1.00,0,,,82762109
18.06,FSM Enemy 14,FSM,PatrolState,None,1.00,54.9,0,1.00,0,,,82762109
18.06,FSM Enemy 4,FSM,PatrolState,None,1.00,39.5,0,1.00,0,,,82762109
18.06,FSM Enemy 12,FSM,PatrolState,None,1.00,29.5,0,1.00,0,,,82762109
18.06,FSM Enemy 3,FSM,PatrolState,None,1.00,59.0,0,1.00,0,,,82762109
18.06,FSM Enemy 5,FSM,PatrolState,None,1.00,53.0,0,1.00,0,,,82762109
18.06,FSM Enemy 1,FSM,PatrolState,None,1.00,68.7,0,1.00,0,,,82762109
18.06,FSM Enemy 7,FSM,Dead,None,0.00,20.4,0,1.00,0,,,82762109
18.06,FSM Enemy 2,FSM,PatrolState,None,1.00,68.8,0,1.00,0,,,82762109
18.06,FSM Enemy 15,FSM,PatrolState,None,1.00,33.0,0,1.00,0,,,82762109
18.06,FSM Enemy 6,FSM,Dead,None,0.00,15.6,1,1.00,0,,,82762109
18.06,FSM Enemy 11,FSM,PatrolState,None,1.00,24.4,0,1.00,0,,,82762109
18.06,FSM Enemy 9,FSM,PatrolState,None,1.00,34.2,0,1.00,0,,,82762109
18.06,FSM Enemy 8,FSM,PatrolState,None,1.00,37.3,0,1.00,0,,,82762109
18.06,Utility Enemy 4,Utility,PatrolAction,None,1.00,42.0,0,1.00,0,0.120,0.000,82762109
18.06,Utility Enemy 7,Utility,Dead,None,0.00,18.4,1,1.00,0,0.138,0.125,82762109
18.06,Utility Enemy 8,Utility,PatrolAction,None,1.00,43.4,0,1.00,0,0.120,0.000,82762109
18.06,Utility Enemy 14,Utility,PatrolAction,None,1.00,37.4,0,1.00,0,0.120,0.000,82762109
18.06,Utility Enemy 5,Utility,PatrolAction,None,1.00,57.3,0,1.00,0,0.120,0.000,82762109
18.06,Utility Enemy 6,Utility,PatrolAction,None,0.65,26.1,0,1.00,0,0.120,0.000,82762109
18.06,Utility Enemy 9,Utility,PatrolAction,None,1.00,33.0,0,1.00,0,0.120,0.000,82762109
18.06,Utility Enemy 2,Utility,PatrolAction,None,1.00,63.2,0,1.00,0,0.120,0.000,82762109
18.06,Utility Enemy 1,Utility,PatrolAction,None,1.00,58.6,0,1.00,0,0.120,0.000,82762109
18.06,Utility Enemy 13,Utility,PatrolAction,None,1.00,35.4,0,1.00,0,0.120,0.000,82762109
18.06,Utility Enemy 10,Utility,Dead,None,0.00,15.5,1,1.00,0,0.850,0.584,82762109
18.06,Utility Enemy 15,Utility,PatrolAction,None,1.00,42.7,0,1.00,0,0.120,0.000,82762109
18.06,Utility Enemy 11,Utility,PatrolAction,None,1.00,31.8,0,1.00,0,0.120,0.000,82762109
18.06,Utility Enemy 3,Utility,PatrolAction,None,1.00,42.8,0,1.00,0,0.120,0.000,82762109
18.06,Utility Enemy 12,Utility,PatrolAction,None,1.00,34.8,0,1.00,0,0.120,0.000,82762109
19.06,Player,Player,-,None,1.00,,0,1.00,,,,82762109
19.06,FSM Enemy 13,FSM,PatrolState,None,1.00,36.6,0,1.00,0,,,82762109
19.06,FSM Enemy 10,FSM,PatrolState,None,1.00,49.6,0,1.00,0,,,82762109
19.06,FSM Enemy 14,FSM,PatrolState,None,1.00,56.9,0,1.00,0,,,82762109
19.06,FSM Enemy 4,FSM,PatrolState,None,1.00,40.6,0,1.00,0,,,82762109
19.06,FSM Enemy 12,FSM,PatrolState,None,1.00,29.4,0,1.00,0,,,82762109
19.06,FSM Enemy 3,FSM,PatrolState,None,1.00,61.4,0,1.00,0,,,82762109
19.06,FSM Enemy 5,FSM,PatrolState,None,1.00,54.9,0,1.00,0,,,82762109
19.06,FSM Enemy 1,FSM,PatrolState,None,1.00,70.8,0,1.00,0,,,82762109
19.06,FSM Enemy 7,FSM,Dead,None,0.00,20.4,0,1.00,0,,,82762109
19.06,FSM Enemy 2,FSM,PatrolState,None,1.00,71.1,0,1.00,0,,,82762109
19.06,FSM Enemy 15,FSM,PatrolState,None,1.00,32.0,0,1.00,0,,,82762109
19.06,FSM Enemy 6,FSM,Dead,None,0.00,15.6,1,1.00,0,,,82762109
19.06,FSM Enemy 11,FSM,PatrolState,None,1.00,25.2,0,1.00,0,,,82762109
19.06,FSM Enemy 9,FSM,PatrolState,None,1.00,33.7,0,1.00,0,,,82762109
19.06,FSM Enemy 8,FSM,PatrolState,None,1.00,38.4,0,1.00,0,,,82762109
19.06,Utility Enemy 4,Utility,PatrolAction,None,1.00,45.8,0,1.00,0,0.120,0.000,82762109
19.06,Utility Enemy 7,Utility,Dead,None,0.00,18.4,1,1.00,0,0.138,0.125,82762109
19.06,Utility Enemy 8,Utility,PatrolAction,None,1.00,40.3,0,1.00,0,0.120,0.000,82762109
19.06,Utility Enemy 14,Utility,PatrolAction,None,1.00,37.1,0,1.00,0,0.120,0.000,82762109
19.06,Utility Enemy 5,Utility,PatrolAction,None,1.00,55.2,0,1.00,0,0.120,0.000,82762109
19.06,Utility Enemy 6,Utility,PatrolAction,None,0.65,28.0,0,1.00,0,0.120,0.000,82762109
19.06,Utility Enemy 9,Utility,PatrolAction,None,1.00,34.1,0,1.00,0,0.120,0.000,82762109
19.06,Utility Enemy 2,Utility,PatrolAction,None,1.00,63.0,0,1.00,0,0.120,0.000,82762109
19.06,Utility Enemy 1,Utility,PatrolAction,None,1.00,62.9,0,1.00,0,0.120,0.000,82762109
19.06,Utility Enemy 13,Utility,PatrolAction,None,1.00,31.6,0,1.00,0,0.120,0.000,82762109
19.06,Utility Enemy 10,Utility,Dead,None,0.00,15.5,1,1.00,0,0.850,0.584,82762109
19.06,Utility Enemy 15,Utility,PatrolAction,None,1.00,38.2,0,1.00,0,0.120,0.000,82762109
19.06,Utility Enemy 11,Utility,PatrolAction,None,1.00,31.1,0,1.00,0,0.120,0.000,82762109
19.06,Utility Enemy 3,Utility,PatrolAction,None,1.00,45.2,0,1.00,0,0.120,0.000,82762109
19.06,Utility Enemy 12,Utility,PatrolAction,None,1.00,38.4,0,1.00,0,0.120,0.000,82762109
20.06,Player,Player,-,None,1.00,,0,1.00,,,,82762109
20.06,FSM Enemy 13,FSM,PatrolState,None,1.00,37.5,0,1.00,0,,,82762109
20.06,FSM Enemy 10,FSM,PatrolState,None,1.00,50.6,0,1.00,0,,,82762109
20.06,FSM Enemy 14,FSM,PatrolState,None,1.00,59.0,0,1.00,0,,,82762109
20.06,FSM Enemy 4,FSM,PatrolState,None,1.00,41.8,0,1.00,0,,,82762109
20.06,FSM Enemy 12,FSM,PatrolState,None,1.00,29.6,0,1.00,0,,,82762109
20.06,FSM Enemy 3,FSM,PatrolState,None,1.00,63.9,0,1.00,0,,,82762109
20.06,FSM Enemy 5,FSM,PatrolState,None,1.00,56.8,0,1.00,0,,,82762109
20.06,FSM Enemy 1,FSM,PatrolState,None,1.00,73.3,0,1.00,0,,,82762109
20.06,FSM Enemy 7,FSM,Dead,None,0.00,20.4,0,1.00,0,,,82762109
20.06,FSM Enemy 2,FSM,PatrolState,None,1.00,73.4,0,1.00,0,,,82762109
20.06,FSM Enemy 15,FSM,PatrolState,None,1.00,31.2,0,1.00,0,,,82762109
20.06,FSM Enemy 6,FSM,Dead,None,0.00,15.6,1,1.00,0,,,82762109
20.06,FSM Enemy 11,FSM,PatrolState,None,1.00,27.3,0,1.00,0,,,82762109
20.06,FSM Enemy 9,FSM,PatrolState,None,1.00,33.5,0,1.00,0,,,82762109
20.06,FSM Enemy 8,FSM,PatrolState,None,1.00,39.7,0,1.00,0,,,82762109
20.06,Utility Enemy 4,Utility,PatrolAction,None,1.00,46.2,0,1.00,0,0.120,0.000,82762109
20.06,Utility Enemy 7,Utility,Dead,None,0.00,18.4,1,1.00,0,0.138,0.125,82762109
20.06,Utility Enemy 8,Utility,PatrolAction,None,1.00,38.0,0,1.00,0,0.120,0.000,82762109
20.06,Utility Enemy 14,Utility,PatrolAction,None,1.00,35.5,0,1.00,0,0.120,0.000,82762109
20.06,Utility Enemy 5,Utility,PatrolAction,None,1.00,57.8,0,1.00,0,0.120,0.000,82762109
20.06,Utility Enemy 6,Utility,PatrolAction,None,0.65,26.7,0,1.00,0,0.120,0.000,82762109
20.06,Utility Enemy 9,Utility,PatrolAction,None,1.00,37.8,0,1.00,0,0.120,0.000,82762109
20.06,Utility Enemy 2,Utility,PatrolAction,None,1.00,63.8,0,1.00,0,0.120,0.000,82762109
20.06,Utility Enemy 1,Utility,PatrolAction,None,1.00,61.4,0,1.00,0,0.120,0.000,82762109
20.06,Utility Enemy 13,Utility,PatrolAction,None,1.00,31.2,0,1.00,0,0.120,0.000,82762109
20.06,Utility Enemy 10,Utility,Dead,None,0.00,15.5,1,1.00,0,0.850,0.584,82762109
20.06,Utility Enemy 15,Utility,PatrolAction,None,1.00,35.1,0,1.00,0,0.120,0.000,82762109
20.06,Utility Enemy 11,Utility,PatrolAction,None,1.00,32.6,0,1.00,0,0.120,0.000,82762109
20.06,Utility Enemy 3,Utility,PatrolAction,None,1.00,45.8,0,1.00,0,0.120,0.000,82762109
20.06,Utility Enemy 12,Utility,PatrolAction,None,1.00,42.3,0,1.00,0,0.120,0.000,82762109
21.06,Player,Player,-,None,1.00,,0,1.00,,,,82762109
21.06,FSM Enemy 13,FSM,PatrolState,None,1.00,38.4,0,1.00,0,,,82762109
21.06,FSM Enemy 10,FSM,PatrolState,None,1.00,51.7,0,1.00,0,,,82762109
21.06,FSM Enemy 14,FSM,PatrolState,None,1.00,61.5,0,1.00,0,,,82762109
21.06,FSM Enemy 4,FSM,PatrolState,None,1.00,42.9,0,1.00,0,,,82762109
21.06,FSM Enemy 12,FSM,PatrolState,None,1.00,29.9,0,1.00,0,,,82762109
21.06,FSM Enemy 3,FSM,PatrolState,None,1.00,66.4,0,1.00,0,,,82762109
21.06,FSM Enemy 5,FSM,PatrolState,None,1.00,58.7,0,1.00,0,,,82762109
21.06,FSM Enemy 1,FSM,PatrolState,None,1.00,75.8,0,1.00,0,,,82762109
21.06,FSM Enemy 7,FSM,Dead,None,0.00,20.4,0,1.00,0,,,82762109
21.06,FSM Enemy 2,FSM,PatrolState,None,1.00,75.7,0,1.00,0,,,82762109
21.06,FSM Enemy 15,FSM,PatrolState,None,1.00,30.5,0,1.00,0,,,82762109
21.06,FSM Enemy 6,FSM,Dead,None,0.00,15.6,1,1.00,0,,,82762109
21.06,FSM Enemy 11,FSM,PatrolState,None,0.25,29.5,0,1.00,0,,,82762109
21.06,FSM Enemy 9,FSM,PatrolState,None,1.00,33.5,0,1.00,0,,,82762109
21.06,FSM Enemy 8,FSM,PatrolState,None,1.00,41.1,0,1.00,0,,,82762109
21.06,Utility Enemy 4,Utility,PatrolAction,None,1.00,42.2,0,1.00,0,0.120,0.000,82762109
21.06,Utility Enemy 7,Utility,Dead,None,0.00,18.4,1,1.00,0,0.138,0.125,82762109
21.06,Utility Enemy 8,Utility,PatrolAction,None,1.00,42.3,0,1.00,0,0.120,0.000,82762109
21.06,Utility Enemy 14,Utility,PatrolAction,None,1.00,31.7,0,1.00,0,0.120,0.000,82762109
21.06,Utility Enemy 5,Utility,PatrolAction,None,1.00,54.9,0,1.00,0,0.120,0.000,82762109
21.06,Utility Enemy 6,Utility,PatrolAction,None,0.65,29.9,0,1.00,0,0.120,0.000,82762109
21.06,Utility Enemy 9,Utility,PatrolAction,None,1.00,41.8,0,1.00,0,0.120,0.000,82762109
21.06,Utility Enemy 2,Utility,PatrolAction,None,1.00,66.6,0,1.00,0,0.120,0.000,82762109
21.06,Utility Enemy 1,Utility,PatrolAction,None,1.00,61.1,0,1.00,0,0.120,0.000,82762109
21.06,Utility Enemy 13,Utility,PatrolAction,None,1.00,34.1,0,1.00,0,0.120,0.000,82762109
21.06,Utility Enemy 10,Utility,Dead,None,0.00,15.5,1,1.00,0,0.850,0.584,82762109
21.06,Utility Enemy 15,Utility,PatrolAction,None,1.00,34.2,0,1.00,0,0.120,0.000,82762109
21.06,Utility Enemy 11,Utility,PatrolAction,None,1.00,35.5,0,1.00,0,0.120,0.000,82762109
21.06,Utility Enemy 3,Utility,PatrolAction,None,1.00,43.2,0,1.00,0,0.120,0.000,82762109
21.06,Utility Enemy 12,Utility,PatrolAction,None,1.00,44.8,0,1.00,0,0.120,0.000,82762109
22.06,Player,Player,-,None,1.00,,0,1.00,,,,82762109
22.06,FSM Enemy 13,FSM,PatrolState,None,1.00,39.4,0,1.00,0,,,82762109
22.06,FSM Enemy 10,FSM,PatrolState,None,1.00,53.2,0,1.00,0,,,82762109
22.06,FSM Enemy 14,FSM,PatrolState,None,1.00,64.0,0,1.00,0,,,82762109
22.06,FSM Enemy 4,FSM,PatrolState,None,1.00,42.4,0,1.00,0,,,82762109
22.06,FSM Enemy 12,FSM,PatrolState,None,1.00,30.5,0,1.00,0,,,82762109
22.06,FSM Enemy 3,FSM,PatrolState,None,1.00,68.8,0,1.00,0,,,82762109
22.06,FSM Enemy 5,FSM,PatrolState,None,1.00,60.7,0,1.00,0,,,82762109
22.06,FSM Enemy 1,FSM,PatrolState,None,1.00,78.3,0,1.00,0,,,82762109
22.06,FSM Enemy 7,FSM,Dead,None,0.00,20.4,0,1.00,0,,,82762109
22.06,FSM Enemy 2,FSM,PatrolState,None,1.00,78.1,0,1.00,0,,,82762109
22.06,FSM Enemy 15,FSM,PatrolState,None,1.00,29.9,0,1.00,0,,,82762109
22.06,FSM Enemy 6,FSM,Dead,None,0.00,15.6,1,1.00,0,,,82762109
22.06,FSM Enemy 11,FSM,Dead,None,0.00,29.6,0,1.00,0,,,82762109
22.06,FSM Enemy 9,FSM,PatrolState,None,1.00,33.6,0,1.00,0,,,82762109
22.06,FSM Enemy 8,FSM,PatrolState,None,1.00,42.6,0,1.00,0,,,82762109
22.06,Utility Enemy 4,Utility,PatrolAction,None,1.00,40.5,0,1.00,0,0.120,0.000,82762109
22.06,Utility Enemy 7,Utility,Dead,None,0.00,18.4,1,1.00,0,0.138,0.125,82762109
22.06,Utility Enemy 8,Utility,PatrolAction,None,1.00,46.8,0,1.00,0,0.120,0.000,82762109
22.06,Utility Enemy 14,Utility,PatrolAction,None,1.00,31.9,0,1.00,0,0.120,0.000,82762109
22.06,Utility Enemy 5,Utility,PatrolAction,None,1.00,53.2,0,1.00,0,0.120,0.000,82762109
22.06,Utility Enemy 6,Utility,PatrolAction,None,0.65,34.0,0,1.00,0,0.120,0.000,82762109
22.06,Utility Enemy 9,Utility,PatrolAction,None,1.00,43.9,0,1.00,0,0.120,0.000,82762109
22.06,Utility Enemy 2,Utility,PatrolAction,None,1.00,69.6,0,1.00,0,0.120,0.000,82762109
22.06,Utility Enemy 1,Utility,PatrolAction,None,1.00,65.5,0,1.00,0,0.120,0.000,82762109
22.06,Utility Enemy 13,Utility,PatrolAction,None,1.00,35.8,0,1.00,0,0.120,0.000,82762109
22.06,Utility Enemy 10,Utility,Dead,None,0.00,15.5,1,1.00,0,0.850,0.584,82762109
22.06,Utility Enemy 15,Utility,PatrolAction,None,1.00,35.8,0,1.00,0,0.120,0.000,82762109
22.06,Utility Enemy 11,Utility,PatrolAction,None,1.00,38.5,0,1.00,0,0.120,0.000,82762109
22.06,Utility Enemy 3,Utility,PatrolAction,None,1.00,41.2,0,1.00,0,0.120,0.000,82762109
22.06,Utility Enemy 12,Utility,PatrolAction,None,1.00,43.3,0,1.00,0,0.120,0.000,82762109
23.07,Player,Player,-,None,1.00,,0,1.00,,,,82762109
23.07,FSM Enemy 13,FSM,PatrolState,None,1.00,40.5,0,1.00,0,,,82762109
23.07,FSM Enemy 10,FSM,PatrolState,None,1.00,55.2,0,1.00,0,,,82762109
23.07,FSM Enemy 14,FSM,PatrolState,None,1.00,66.5,0,1.00,0,,,82762109
23.07,FSM Enemy 4,FSM,PatrolState,None,1.00,42.1,0,1.00,0,,,82762109
23.07,FSM Enemy 12,FSM,PatrolState,None,1.00,31.2,0,1.00,0,,,82762109
23.07,FSM Enemy 3,FSM,PatrolState,None,1.00,71.1,0,1.00,0,,,82762109
23.07,FSM Enemy 5,FSM,PatrolState,None,1.00,62.7,0,1.00,0,,,82762109
23.07,FSM Enemy 1,FSM,PatrolState,None,1.00,80.8,0,1.00,0,,,82762109
23.07,FSM Enemy 7,FSM,PatrolState,None,1.00,55.1,0,1.00,0,,,82762109
23.07,FSM Enemy 2,FSM,PatrolState,None,1.00,80.3,0,1.00,0,,,82762109
23.07,FSM Enemy 15,FSM,PatrolState,None,1.00,29.1,0,1.00,0,,,82762109
23.07,FSM Enemy 6,FSM,Dead,None,0.00,15.6,1,1.00,0,,,82762109
23.07,FSM Enemy 11,FSM,Dead,None,0.00,29.6,0,1.00,0,,,82762109
23.07,FSM Enemy 9,FSM,PatrolState,None,1.00,33.9,0,1.00,0,,,82762109
23.07,FSM Enemy 8,FSM,PatrolState,None,1.00,44.1,0,1.00,0,,,82762109
23.07,Utility Enemy 4,Utility,PatrolAction,None,1.00,43.7,0,1.00,0,0.120,0.000,82762109
23.07,Utility Enemy 7,Utility,Dead,None,0.00,18.4,1,1.00,0,0.138,0.125,82762109
23.07,Utility Enemy 8,Utility,PatrolAction,None,1.00,51.2,0,1.00,0,0.120,0.000,82762109
23.07,Utility Enemy 14,Utility,PatrolAction,None,1.00,32.4,0,1.00,0,0.120,0.000,82762109
23.07,Utility Enemy 5,Utility,PatrolAction,None,1.00,54.3,0,1.00,0,0.120,0.000,82762109
23.07,Utility Enemy 6,Utility,PatrolAction,None,0.40,31.4,0,1.00,0,0.120,0.000,82762109
23.07,Utility Enemy 9,Utility,PatrolAction,None,1.00,44.9,0,1.00,0,0.120,0.000,82762109
23.07,Utility Enemy 2,Utility,PatrolAction,None,1.00,72.2,0,1.00,0,0.120,0.000,82762109
23.07,Utility Enemy 1,Utility,PatrolAction,None,1.00,69.8,0,1.00,0,0.120,0.000,82762109
23.07,Utility Enemy 13,Utility,PatrolAction,None,1.00,32.5,0,1.00,0,0.120,0.000,82762109
23.07,Utility Enemy 10,Utility,Dead,None,0.00,15.5,1,1.00,0,0.850,0.584,82762109
23.07,Utility Enemy 15,Utility,PatrolAction,None,1.00,36.9,0,1.00,0,0.120,0.000,82762109
23.07,Utility Enemy 11,Utility,PatrolAction,None,1.00,41.3,0,1.00,0,0.120,0.000,82762109
23.07,Utility Enemy 3,Utility,PatrolAction,None,1.00,45.2,0,1.00,0,0.120,0.000,82762109
23.07,Utility Enemy 12,Utility,PatrolAction,None,1.00,44.0,0,1.00,0,0.120,0.000,82762109
24.07,Player,Player,-,None,1.00,,0,1.00,,,,82762109
24.07,FSM Enemy 13,FSM,PatrolState,None,1.00,42.5,0,1.00,0,,,82762109
24.07,FSM Enemy 10,FSM,PatrolState,None,1.00,57.2,0,1.00,0,,,82762109
24.07,FSM Enemy 14,FSM,PatrolState,None,1.00,69.0,0,1.00,0,,,82762109
24.07,FSM Enemy 4,FSM,PatrolState,None,1.00,44.2,0,1.00,0,,,82762109
24.07,FSM Enemy 12,FSM,PatrolState,None,1.00,33.3,0,1.00,0,,,82762109
24.07,FSM Enemy 3,FSM,PatrolState,None,1.00,71.3,0,1.00,0,,,82762109
24.07,FSM Enemy 5,FSM,PatrolState,None,1.00,60.9,0,1.00,0,,,82762109
24.07,FSM Enemy 1,FSM,PatrolState,None,1.00,79.3,0,1.00,0,,,82762109
24.07,FSM Enemy 7,FSM,PatrolState,None,1.00,52.8,0,1.00,0,,,82762109
24.07,FSM Enemy 2,FSM,PatrolState,None,1.00,82.2,0,1.00,0,,,82762109
24.07,FSM Enemy 15,FSM,PatrolState,None,1.00,28.9,0,1.00,0,,,82762109
24.07,FSM Enemy 6,FSM,Dead,None,0.00,15.6,1,1.00,0,,,82762109
24.07,FSM Enemy 11,FSM,Dead,None,0.00,29.6,0,1.00,0,,,82762109
24.07,FSM Enemy 9,FSM,PatrolState,None,1.00,35.3,0,1.00,0,,,82762109
24.07,FSM Enemy 8,FSM,PatrolState,None,1.00,44.7,0,1.00,0,,,82762109
24.07,Utility Enemy 4,Utility,PatrolAction,None,1.00,44.0,0,1.00,0,0.120,0.000,82762109
24.07,Utility Enemy 7,Utility,Dead,None,0.00,18.4,1,1.00,0,0.138,0.125,82762109
24.07,Utility Enemy 8,Utility,PatrolAction,None,1.00,50.1,0,1.00,0,0.120,0.000,82762109
24.07,Utility Enemy 14,Utility,PatrolAction,None,1.00,29.8,0,1.00,0,0.120,0.000,82762109
24.07,Utility Enemy 5,Utility,PatrolAction,None,1.00,51.7,0,1.00,0,0.120,0.000,82762109
24.07,Utility Enemy 6,Utility,Dead,None,0.00,29.5,0,1.00,0,0.120,0.000,82762109
24.07,Utility Enemy 9,Utility,PatrolAction,None,1.00,45.3,0,1.00,0,0.120,0.000,82762109
24.07,Utility Enemy 2,Utility,PatrolAction,None,1.00,74.0,0,1.00,0,0.120,0.000,82762109
24.07,Utility Enemy 1,Utility,PatrolAction,None,1.00,70.5,0,1.00,0,0.120,0.000,82762109
24.07,Utility Enemy 13,Utility,PatrolAction,None,1.00,29.1,0,1.00,0,0.120,0.000,82762109
24.07,Utility Enemy 10,Utility,Dead,None,0.00,15.5,1,1.00,0,0.850,0.584,82762109
24.07,Utility Enemy 15,Utility,PatrolAction,None,1.00,35.9,0,1.00,0,0.120,0.000,82762109
24.07,Utility Enemy 11,Utility,PatrolAction,None,1.00,41.6,0,1.00,0,0.120,0.000,82762109
24.07,Utility Enemy 3,Utility,PatrolAction,None,1.00,49.4,0,1.00,0,0.120,0.000,82762109
24.07,Utility Enemy 12,Utility,PatrolAction,None,1.00,44.0,0,1.00,0,0.120,0.000,82762109
25.07,Player,Player,-,TimeStutter,1.00,,0,1.00,,,,82762109
25.07,FSM Enemy 13,FSM,FrozenState,TimeStutter,1.00,43.3,0,1.00,0,,,82762109
25.07,FSM Enemy 10,FSM,FrozenState,TimeStutter,1.00,58.0,0,1.00,0,,,82762109
25.07,FSM Enemy 14,FSM,FrozenState,TimeStutter,1.00,69.9,0,1.00,0,,,82762109
25.07,FSM Enemy 4,FSM,FrozenState,TimeStutter,1.00,45.1,0,1.00,0,,,82762109
25.07,FSM Enemy 12,FSM,FrozenState,TimeStutter,1.00,34.1,0,1.00,0,,,82762109
25.07,FSM Enemy 3,FSM,FrozenState,TimeStutter,1.00,71.2,0,1.00,0,,,82762109
25.07,FSM Enemy 5,FSM,FrozenState,TimeStutter,1.00,60.0,0,1.00,0,,,82762109
25.07,FSM Enemy 1,FSM,FrozenState,TimeStutter,1.00,78.5,0,1.00,0,,,82762109
25.07,FSM Enemy 7,FSM,FrozenState,TimeStutter,1.00,52.0,0,1.00,0,,,82762109
25.07,FSM Enemy 2,FSM,FrozenState,TimeStutter,1.00,83.0,0,1.00,0,,,82762109
25.07,FSM Enemy 15,FSM,FrozenState,TimeStutter,1.00,28.9,0,1.00,0,,,82762109
25.07,FSM Enemy 6,FSM,Dead,TimeStutter,0.00,15.6,1,1.00,0,,,82762109
25.07,FSM Enemy 11,FSM,Dead,TimeStutter,0.00,29.6,0,1.00,0,,,82762109
25.07,FSM Enemy 9,FSM,FrozenState,TimeStutter,1.00,35.9,0,1.00,0,,,82762109
25.07,FSM Enemy 8,FSM,FrozenState,TimeStutter,1.00,44.5,0,1.00,0,,,82762109
25.07,Utility Enemy 4,Utility,FreezeAction,TimeStutter,1.00,44.3,0,1.00,0,100.000,0.120,82762109
25.07,Utility Enemy 7,Utility,Dead,TimeStutter,0.00,18.4,1,1.00,0,0.138,0.125,82762109
25.07,Utility Enemy 8,Utility,FreezeAction,TimeStutter,1.00,49.1,0,1.00,0,100.000,0.120,82762109
25.07,Utility Enemy 14,Utility,FreezeAction,TimeStutter,1.00,28.7,0,1.00,0,100.000,0.120,82762109
25.07,Utility Enemy 5,Utility,FreezeAction,TimeStutter,1.00,50.5,0,1.00,0,100.000,0.120,82762109
25.07,Utility Enemy 6,Utility,Dead,TimeStutter,0.00,29.5,0,1.00,0,0.120,0.000,82762109
25.07,Utility Enemy 9,Utility,FreezeAction,TimeStutter,1.00,45.6,0,1.00,0,100.000,0.120,82762109
25.07,Utility Enemy 2,Utility,FreezeAction,TimeStutter,1.00,75.1,0,1.00,0,100.000,0.120,82762109
25.07,Utility Enemy 1,Utility,FreezeAction,TimeStutter,1.00,69.9,0,1.00,0,100.000,0.120,82762109
25.07,Utility Enemy 13,Utility,FreezeAction,TimeStutter,1.00,27.1,0,1.00,0,100.000,0.120,82762109
25.07,Utility Enemy 10,Utility,Dead,TimeStutter,0.00,15.5,1,1.00,0,0.850,0.584,82762109
25.07,Utility Enemy 15,Utility,FreezeAction,TimeStutter,1.00,35.4,0,1.00,0,100.000,0.120,82762109
25.07,Utility Enemy 11,Utility,FreezeAction,TimeStutter,1.00,40.5,0,1.00,0,100.000,0.120,82762109
25.07,Utility Enemy 3,Utility,FreezeAction,TimeStutter,1.00,51.2,0,1.00,0,100.000,0.120,82762109
25.07,Utility Enemy 12,Utility,FreezeAction,TimeStutter,1.00,43.1,0,1.00,0,100.000,0.120,82762109
26.08,Player,Player,-,TimeStutter,1.00,,0,1.00,,,,82762109
26.08,FSM Enemy 13,FSM,FrozenState,TimeStutter,1.00,43.3,0,1.00,0,,,82762109
26.08,FSM Enemy 10,FSM,FrozenState,TimeStutter,1.00,58.0,0,1.00,0,,,82762109
26.08,FSM Enemy 14,FSM,FrozenState,TimeStutter,1.00,69.9,0,1.00,0,,,82762109
26.08,FSM Enemy 4,FSM,FrozenState,TimeStutter,1.00,45.1,0,1.00,0,,,82762109
26.08,FSM Enemy 12,FSM,FrozenState,TimeStutter,1.00,34.1,0,1.00,0,,,82762109
26.08,FSM Enemy 3,FSM,FrozenState,TimeStutter,1.00,71.2,0,1.00,0,,,82762109
26.08,FSM Enemy 5,FSM,FrozenState,TimeStutter,1.00,60.0,0,1.00,0,,,82762109
26.08,FSM Enemy 1,FSM,FrozenState,TimeStutter,1.00,78.5,0,1.00,0,,,82762109
26.08,FSM Enemy 7,FSM,FrozenState,TimeStutter,1.00,52.0,0,1.00,0,,,82762109
26.08,FSM Enemy 2,FSM,FrozenState,TimeStutter,1.00,83.0,0,1.00,0,,,82762109
26.08,FSM Enemy 15,FSM,FrozenState,TimeStutter,1.00,28.9,0,1.00,0,,,82762109
26.08,FSM Enemy 6,FSM,Dead,TimeStutter,0.00,15.6,1,1.00,0,,,82762109
26.08,FSM Enemy 11,FSM,Dead,TimeStutter,0.00,29.6,0,1.00,0,,,82762109
26.08,FSM Enemy 9,FSM,FrozenState,TimeStutter,1.00,35.9,0,1.00,0,,,82762109
26.08,FSM Enemy 8,FSM,FrozenState,TimeStutter,1.00,44.5,0,1.00,0,,,82762109
26.08,Utility Enemy 4,Utility,FreezeAction,TimeStutter,1.00,44.3,0,1.00,0,100.000,0.120,82762109
26.08,Utility Enemy 7,Utility,Dead,TimeStutter,0.00,18.4,1,1.00,0,0.138,0.125,82762109
26.08,Utility Enemy 8,Utility,FreezeAction,TimeStutter,1.00,49.1,0,1.00,0,100.000,0.120,82762109
26.08,Utility Enemy 14,Utility,FreezeAction,TimeStutter,1.00,28.7,0,1.00,0,100.000,0.120,82762109
26.08,Utility Enemy 5,Utility,FreezeAction,TimeStutter,1.00,50.5,0,1.00,0,100.000,0.120,82762109
26.08,Utility Enemy 6,Utility,Dead,TimeStutter,0.00,29.5,0,1.00,0,0.120,0.000,82762109
26.08,Utility Enemy 9,Utility,FreezeAction,TimeStutter,1.00,45.6,0,1.00,0,100.000,0.120,82762109
26.08,Utility Enemy 2,Utility,FreezeAction,TimeStutter,1.00,75.1,0,1.00,0,100.000,0.120,82762109
26.08,Utility Enemy 1,Utility,FreezeAction,TimeStutter,1.00,69.9,0,1.00,0,100.000,0.120,82762109
26.08,Utility Enemy 13,Utility,FreezeAction,TimeStutter,1.00,27.1,0,1.00,0,100.000,0.120,82762109
26.08,Utility Enemy 10,Utility,Dead,TimeStutter,0.00,15.5,1,1.00,0,0.850,0.584,82762109
26.08,Utility Enemy 15,Utility,FreezeAction,TimeStutter,1.00,35.4,0,1.00,0,100.000,0.120,82762109
26.08,Utility Enemy 11,Utility,FreezeAction,TimeStutter,1.00,40.5,0,1.00,0,100.000,0.120,82762109
26.08,Utility Enemy 3,Utility,FreezeAction,TimeStutter,1.00,51.2,0,1.00,0,100.000,0.120,82762109
26.08,Utility Enemy 12,Utility,FreezeAction,TimeStutter,1.00,43.1,0,1.00,0,100.000,0.120,82762109
27.09,Player,Player,-,TimeStutter,1.00,,0,1.00,,,,82762109
27.09,FSM Enemy 13,FSM,FrozenState,TimeStutter,1.00,43.3,0,1.00,0,,,82762109
27.09,FSM Enemy 10,FSM,FrozenState,TimeStutter,1.00,58.0,0,1.00,0,,,82762109
27.09,FSM Enemy 14,FSM,FrozenState,TimeStutter,1.00,69.9,0,1.00,0,,,82762109
27.09,FSM Enemy 4,FSM,FrozenState,TimeStutter,1.00,45.1,0,1.00,0,,,82762109
27.09,FSM Enemy 12,FSM,FrozenState,TimeStutter,1.00,34.1,0,1.00,0,,,82762109
27.09,FSM Enemy 3,FSM,FrozenState,TimeStutter,1.00,71.2,0,1.00,0,,,82762109
27.09,FSM Enemy 5,FSM,FrozenState,TimeStutter,1.00,60.0,0,1.00,0,,,82762109
27.09,FSM Enemy 1,FSM,FrozenState,TimeStutter,1.00,78.5,0,1.00,0,,,82762109
27.09,FSM Enemy 7,FSM,FrozenState,TimeStutter,1.00,52.0,0,1.00,0,,,82762109
27.09,FSM Enemy 2,FSM,FrozenState,TimeStutter,1.00,83.0,0,1.00,0,,,82762109
27.09,FSM Enemy 15,FSM,FrozenState,TimeStutter,1.00,28.9,0,1.00,0,,,82762109
27.09,FSM Enemy 6,FSM,Dead,TimeStutter,0.00,15.6,1,1.00,0,,,82762109
27.09,FSM Enemy 11,FSM,Dead,TimeStutter,0.00,29.6,0,1.00,0,,,82762109
27.09,FSM Enemy 9,FSM,FrozenState,TimeStutter,1.00,35.9,0,1.00,0,,,82762109
27.09,FSM Enemy 8,FSM,FrozenState,TimeStutter,1.00,44.5,0,1.00,0,,,82762109
27.09,Utility Enemy 4,Utility,FreezeAction,TimeStutter,1.00,44.3,0,1.00,0,100.000,0.120,82762109
27.09,Utility Enemy 7,Utility,Dead,TimeStutter,0.00,18.4,1,1.00,0,0.138,0.125,82762109
27.09,Utility Enemy 8,Utility,FreezeAction,TimeStutter,1.00,49.1,0,1.00,0,100.000,0.120,82762109
27.09,Utility Enemy 14,Utility,FreezeAction,TimeStutter,1.00,28.7,0,1.00,0,100.000,0.120,82762109
27.09,Utility Enemy 5,Utility,FreezeAction,TimeStutter,1.00,50.5,0,1.00,0,100.000,0.120,82762109
27.09,Utility Enemy 6,Utility,Dead,TimeStutter,0.00,29.5,0,1.00,0,0.120,0.000,82762109
27.09,Utility Enemy 9,Utility,FreezeAction,TimeStutter,1.00,45.6,0,1.00,0,100.000,0.120,82762109
27.09,Utility Enemy 2,Utility,FreezeAction,TimeStutter,1.00,75.1,0,1.00,0,100.000,0.120,82762109
27.09,Utility Enemy 1,Utility,FreezeAction,TimeStutter,1.00,69.9,0,1.00,0,100.000,0.120,82762109
27.09,Utility Enemy 13,Utility,FreezeAction,TimeStutter,1.00,27.1,0,1.00,0,100.000,0.120,82762109
27.09,Utility Enemy 10,Utility,Dead,TimeStutter,0.00,15.5,1,1.00,0,0.850,0.584,82762109
27.09,Utility Enemy 15,Utility,FreezeAction,TimeStutter,1.00,35.4,0,1.00,0,100.000,0.120,82762109
27.09,Utility Enemy 11,Utility,FreezeAction,TimeStutter,1.00,40.5,0,1.00,0,100.000,0.120,82762109
27.09,Utility Enemy 3,Utility,FreezeAction,TimeStutter,1.00,51.2,0,1.00,0,100.000,0.120,82762109
27.09,Utility Enemy 12,Utility,FreezeAction,TimeStutter,1.00,43.1,0,1.00,0,100.000,0.120,82762109
28.09,Player,Player,-,TimeStutter,1.00,,0,1.00,,,,82762109
28.09,FSM Enemy 13,FSM,FrozenState,TimeStutter,1.00,43.3,0,1.00,0,,,82762109
28.09,FSM Enemy 10,FSM,FrozenState,TimeStutter,1.00,58.0,0,1.00,0,,,82762109
28.09,FSM Enemy 14,FSM,FrozenState,TimeStutter,1.00,69.9,0,1.00,0,,,82762109
28.09,FSM Enemy 4,FSM,FrozenState,TimeStutter,1.00,45.1,0,1.00,0,,,82762109
28.09,FSM Enemy 12,FSM,FrozenState,TimeStutter,1.00,34.1,0,1.00,0,,,82762109
28.09,FSM Enemy 3,FSM,FrozenState,TimeStutter,1.00,71.2,0,1.00,0,,,82762109
28.09,FSM Enemy 5,FSM,FrozenState,TimeStutter,1.00,60.0,0,1.00,0,,,82762109
28.09,FSM Enemy 1,FSM,FrozenState,TimeStutter,1.00,78.5,0,1.00,0,,,82762109
28.09,FSM Enemy 7,FSM,FrozenState,TimeStutter,1.00,52.0,0,1.00,0,,,82762109
28.09,FSM Enemy 2,FSM,FrozenState,TimeStutter,1.00,83.0,0,1.00,0,,,82762109
28.09,FSM Enemy 15,FSM,FrozenState,TimeStutter,1.00,28.9,0,1.00,0,,,82762109
28.09,FSM Enemy 6,FSM,Dead,TimeStutter,0.00,15.6,1,1.00,0,,,82762109
28.09,FSM Enemy 11,FSM,Dead,TimeStutter,0.00,29.6,0,1.00,0,,,82762109
28.09,FSM Enemy 9,FSM,FrozenState,TimeStutter,1.00,35.9,0,1.00,0,,,82762109
28.09,FSM Enemy 8,FSM,FrozenState,TimeStutter,1.00,44.5,0,1.00,0,,,82762109
28.09,Utility Enemy 4,Utility,FreezeAction,TimeStutter,1.00,44.3,0,1.00,0,100.000,0.120,82762109
28.09,Utility Enemy 7,Utility,Dead,TimeStutter,0.00,18.4,1,1.00,0,0.138,0.125,82762109
28.09,Utility Enemy 8,Utility,FreezeAction,TimeStutter,1.00,49.1,0,1.00,0,100.000,0.120,82762109
28.09,Utility Enemy 14,Utility,FreezeAction,TimeStutter,1.00,28.7,0,1.00,0,100.000,0.120,82762109
28.09,Utility Enemy 5,Utility,FreezeAction,TimeStutter,1.00,50.5,0,1.00,0,100.000,0.120,82762109
28.09,Utility Enemy 6,Utility,Dead,TimeStutter,0.00,29.5,0,1.00,0,0.120,0.000,82762109
28.09,Utility Enemy 9,Utility,FreezeAction,TimeStutter,1.00,45.6,0,1.00,0,100.000,0.120,82762109
28.09,Utility Enemy 2,Utility,FreezeAction,TimeStutter,1.00,75.1,0,1.00,0,100.000,0.120,82762109
28.09,Utility Enemy 1,Utility,FreezeAction,TimeStutter,1.00,69.9,0,1.00,0,100.000,0.120,82762109
28.09,Utility Enemy 13,Utility,FreezeAction,TimeStutter,1.00,27.1,0,1.00,0,100.000,0.120,82762109
28.09,Utility Enemy 10,Utility,Dead,TimeStutter,0.00,15.5,1,1.00,0,0.850,0.584,82762109
28.09,Utility Enemy 15,Utility,FreezeAction,TimeStutter,1.00,35.4,0,1.00,0,100.000,0.120,82762109
28.09,Utility Enemy 11,Utility,FreezeAction,TimeStutter,1.00,40.5,0,1.00,0,100.000,0.120,82762109
28.09,Utility Enemy 3,Utility,FreezeAction,TimeStutter,1.00,51.2,0,1.00,0,100.000,0.120,82762109
28.09,Utility Enemy 12,Utility,FreezeAction,TimeStutter,1.00,43.1,0,1.00,0,100.000,0.120,82762109
29.09,Player,Player,-,TimeStutter,1.00,,0,1.00,,,,82762109
29.09,FSM Enemy 13,FSM,FrozenState,TimeStutter,1.00,43.3,0,1.00,0,,,82762109
29.09,FSM Enemy 10,FSM,FrozenState,TimeStutter,1.00,58.0,0,1.00,0,,,82762109
29.09,FSM Enemy 14,FSM,FrozenState,TimeStutter,1.00,69.9,0,1.00,0,,,82762109
29.09,FSM Enemy 4,FSM,FrozenState,TimeStutter,1.00,45.1,0,1.00,0,,,82762109
29.09,FSM Enemy 12,FSM,FrozenState,TimeStutter,1.00,34.1,0,1.00,0,,,82762109
29.09,FSM Enemy 3,FSM,FrozenState,TimeStutter,1.00,71.2,0,1.00,0,,,82762109
29.09,FSM Enemy 5,FSM,FrozenState,TimeStutter,1.00,60.0,0,1.00,0,,,82762109
29.09,FSM Enemy 1,FSM,FrozenState,TimeStutter,1.00,78.5,0,1.00,0,,,82762109
29.09,FSM Enemy 7,FSM,FrozenState,TimeStutter,1.00,52.0,0,1.00,0,,,82762109
29.09,FSM Enemy 2,FSM,FrozenState,TimeStutter,1.00,83.0,0,1.00,0,,,82762109
29.09,FSM Enemy 15,FSM,FrozenState,TimeStutter,1.00,28.9,0,1.00,0,,,82762109
29.09,FSM Enemy 6,FSM,Dead,TimeStutter,0.00,15.6,1,1.00,0,,,82762109
29.09,FSM Enemy 11,FSM,Dead,TimeStutter,0.00,29.6,0,1.00,0,,,82762109
29.09,FSM Enemy 9,FSM,FrozenState,TimeStutter,1.00,35.9,0,1.00,0,,,82762109
29.09,FSM Enemy 8,FSM,FrozenState,TimeStutter,1.00,44.5,0,1.00,0,,,82762109
29.09,Utility Enemy 4,Utility,FreezeAction,TimeStutter,1.00,44.3,0,1.00,0,100.000,0.120,82762109
29.09,Utility Enemy 7,Utility,Dead,TimeStutter,0.00,18.4,1,1.00,0,0.138,0.125,82762109
29.09,Utility Enemy 8,Utility,FreezeAction,TimeStutter,1.00,49.1,0,1.00,0,100.000,0.120,82762109
29.09,Utility Enemy 14,Utility,FreezeAction,TimeStutter,1.00,28.7,0,1.00,0,100.000,0.120,82762109
29.09,Utility Enemy 5,Utility,FreezeAction,TimeStutter,1.00,50.5,0,1.00,0,100.000,0.120,82762109
29.09,Utility Enemy 6,Utility,Dead,TimeStutter,0.00,29.5,0,1.00,0,0.120,0.000,82762109
29.09,Utility Enemy 9,Utility,FreezeAction,TimeStutter,1.00,45.6,0,1.00,0,100.000,0.120,82762109
29.09,Utility Enemy 2,Utility,FreezeAction,TimeStutter,1.00,75.1,0,1.00,0,100.000,0.120,82762109
29.09,Utility Enemy 1,Utility,FreezeAction,TimeStutter,1.00,69.9,0,1.00,0,100.000,0.120,82762109
29.09,Utility Enemy 13,Utility,FreezeAction,TimeStutter,1.00,27.1,0,1.00,0,100.000,0.120,82762109
29.09,Utility Enemy 10,Utility,Dead,TimeStutter,0.00,15.5,1,1.00,0,0.850,0.584,82762109
29.09,Utility Enemy 15,Utility,FreezeAction,TimeStutter,1.00,35.4,0,1.00,0,100.000,0.120,82762109
29.09,Utility Enemy 11,Utility,FreezeAction,TimeStutter,1.00,40.5,0,1.00,0,100.000,0.120,82762109
29.09,Utility Enemy 3,Utility,FreezeAction,TimeStutter,1.00,51.2,0,1.00,0,100.000,0.120,82762109
29.09,Utility Enemy 12,Utility,FreezeAction,TimeStutter,1.00,43.1,0,1.00,0,100.000,0.120,82762109
30.10,Player,Player,-,TimeStutter,1.00,,0,1.00,,,,82762109
30.10,FSM Enemy 13,FSM,FrozenState,TimeStutter,1.00,43.2,0,1.00,0,,,82762109
30.10,FSM Enemy 10,FSM,FrozenState,TimeStutter,1.00,59.0,0,1.00,0,,,82762109
30.10,FSM Enemy 14,FSM,FrozenState,TimeStutter,1.00,70.9,0,1.00,0,,,82762109
30.10,FSM Enemy 4,FSM,FrozenState,TimeStutter,1.00,46.1,0,1.00,0,,,82762109
30.10,FSM Enemy 12,FSM,FrozenState,TimeStutter,1.00,34.9,0,1.00,0,,,82762109
30.10,FSM Enemy 3,FSM,FrozenState,TimeStutter,1.00,72.3,0,1.00,0,,,82762109
30.10,FSM Enemy 5,FSM,FrozenState,TimeStutter,1.00,60.0,0,1.00,0,,,82762109
30.10,FSM Enemy 1,FSM,FrozenState,TimeStutter,1.00,79.3,0,1.00,0,,,82762109
30.10,FSM Enemy 7,FSM,FrozenState,TimeStutter,1.00,51.0,0,1.00,0,,,82762109
30.10,FSM Enemy 2,FSM,FrozenState,TimeStutter,1.00,83.7,0,1.00,0,,,82762109
30.10,FSM Enemy 15,FSM,FrozenState,TimeStutter,1.00,28.2,0,1.00,0,,,82762109
30.10,FSM Enemy 6,FSM,Dead,TimeStutter,0.00,15.6,1,1.00,0,,,82762109
30.10,FSM Enemy 11,FSM,Dead,TimeStutter,0.00,29.6,0,1.00,0,,,82762109
30.10,FSM Enemy 9,FSM,FrozenState,TimeStutter,1.00,34.9,0,1.00,0,,,82762109
30.10,FSM Enemy 8,FSM,FrozenState,TimeStutter,1.00,44.4,0,1.00,0,,,82762109
30.10,Utility Enemy 4,Utility,FreezeAction,TimeStutter,1.00,45.6,0,1.00,0,100.000,0.120,82762109
30.10,Utility Enemy 7,Utility,Dead,TimeStutter,0.00,18.4,1,1.00,0,0.138,0.125,82762109
30.10,Utility Enemy 8,Utility,FreezeAction,TimeStutter,1.00,50.9,0,1.00,0,100.000,0.120,82762109
30.10,Utility Enemy 14,Utility,FreezeAction,TimeStutter,1.00,29.8,0,1.00,0,100.000,0.120,82762109
30.10,Utility Enemy 5,Utility,FreezeAction,TimeStutter,1.00,51.0,0,1.00,0,100.000,0.120,82762109
30.10,Utility Enemy 6,Utility,Dead,TimeStutter,0.00,29.5,0,1.00,0,0.120,0.000,82762109
30.10,Utility Enemy 9,Utility,FreezeAction,TimeStutter,1.00,47.2,0,1.00,0,100.000,0.120,82762109
30.10,Utility Enemy 2,Utility,FreezeAction,TimeStutter,1.00,75.8,0,1.00,0,100.000,0.120,82762109
30.10,Utility Enemy 1,Utility,FreezeAction,TimeStutter,1.00,70.1,0,1.00,0,100.000,0.120,82762109
30.10,Utility Enemy 13,Utility,FreezeAction,TimeStutter,1.00,25.6,0,1.00,0,100.000,0.120,82762109
30.10,Utility Enemy 10,Utility,Dead,TimeStutter,0.00,15.5,1,1.00,0,0.850,0.584,82762109
30.10,Utility Enemy 15,Utility,FreezeAction,TimeStutter,1.00,36.3,0,1.00,0,100.000,0.120,82762109
30.10,Utility Enemy 11,Utility,FreezeAction,TimeStutter,1.00,42.3,0,1.00,0,100.000,0.120,82762109
30.10,Utility Enemy 3,Utility,FreezeAction,TimeStutter,1.00,52.4,0,1.00,0,100.000,0.120,82762109
30.10,Utility Enemy 12,Utility,FreezeAction,TimeStutter,1.00,41.8,0,1.00,0,100.000,0.120,82762109
31.10,Player,Player,-,TimeStutter,1.00,,0,1.00,,,,82762109
31.10,FSM Enemy 13,FSM,FrozenState,TimeStutter,1.00,43.2,0,1.00,0,,,82762109
31.10,FSM Enemy 10,FSM,FrozenState,TimeStutter,1.00,59.0,0,1.00,0,,,82762109
31.10,FSM Enemy 14,FSM,FrozenState,TimeStutter,1.00,70.9,0,1.00,0,,,82762109
31.10,FSM Enemy 4,FSM,FrozenState,TimeStutter,1.00,46.1,0,1.00,0,,,82762109
31.10,FSM Enemy 12,FSM,FrozenState,TimeStutter,1.00,34.9,0,1.00,0,,,82762109
31.10,FSM Enemy 3,FSM,FrozenState,TimeStutter,1.00,72.3,0,1.00,0,,,82762109
31.10,FSM Enemy 5,FSM,FrozenState,TimeStutter,1.00,60.0,0,1.00,0,,,82762109
31.10,FSM Enemy 1,FSM,FrozenState,TimeStutter,1.00,79.3,0,1.00,0,,,82762109
31.10,FSM Enemy 7,FSM,FrozenState,TimeStutter,1.00,51.0,0,1.00,0,,,82762109
31.10,FSM Enemy 2,FSM,FrozenState,TimeStutter,1.00,83.7,0,1.00,0,,,82762109
31.10,FSM Enemy 15,FSM,FrozenState,TimeStutter,1.00,28.2,0,1.00,0,,,82762109
31.10,FSM Enemy 6,FSM,Dead,TimeStutter,0.00,15.6,1,1.00,0,,,82762109
31.10,FSM Enemy 11,FSM,Dead,TimeStutter,0.00,29.6,0,1.00,0,,,82762109
31.10,FSM Enemy 9,FSM,FrozenState,TimeStutter,1.00,34.9,0,1.00,0,,,82762109
31.10,FSM Enemy 8,FSM,FrozenState,TimeStutter,1.00,44.4,0,1.00,0,,,82762109
31.10,Utility Enemy 4,Utility,FreezeAction,TimeStutter,1.00,45.6,0,1.00,0,100.000,0.120,82762109
31.10,Utility Enemy 7,Utility,Dead,TimeStutter,0.00,18.4,1,1.00,0,0.138,0.125,82762109
31.10,Utility Enemy 8,Utility,FreezeAction,TimeStutter,1.00,50.9,0,1.00,0,100.000,0.120,82762109
31.10,Utility Enemy 14,Utility,FreezeAction,TimeStutter,1.00,29.9,0,1.00,0,100.000,0.120,82762109
31.10,Utility Enemy 5,Utility,FreezeAction,TimeStutter,1.00,51.0,0,1.00,0,100.000,0.120,82762109
31.10,Utility Enemy 6,Utility,Dead,TimeStutter,0.00,29.5,0,1.00,0,0.120,0.000,82762109
31.10,Utility Enemy 9,Utility,FreezeAction,TimeStutter,1.00,47.3,0,1.00,0,100.000,0.120,82762109
31.10,Utility Enemy 2,Utility,FreezeAction,TimeStutter,1.00,75.8,0,1.00,0,100.000,0.120,82762109
31.10,Utility Enemy 1,Utility,FreezeAction,TimeStutter,1.00,70.1,0,1.00,0,100.000,0.120,82762109
31.10,Utility Enemy 13,Utility,FreezeAction,TimeStutter,1.00,25.6,0,1.00,0,100.000,0.120,82762109
31.10,Utility Enemy 10,Utility,Dead,TimeStutter,0.00,15.5,1,1.00,0,0.850,0.584,82762109
31.10,Utility Enemy 15,Utility,FreezeAction,TimeStutter,1.00,36.3,0,1.00,0,100.000,0.120,82762109
31.10,Utility Enemy 11,Utility,FreezeAction,TimeStutter,1.00,42.3,0,1.00,0,100.000,0.120,82762109
31.10,Utility Enemy 3,Utility,FreezeAction,TimeStutter,1.00,52.4,0,1.00,0,100.000,0.120,82762109
31.10,Utility Enemy 12,Utility,FreezeAction,TimeStutter,1.00,41.8,0,1.00,0,100.000,0.120,82762109
32.10,Player,Player,-,TimeStutter,1.00,,0,1.00,,,,82762109
32.10,FSM Enemy 13,FSM,FrozenState,TimeStutter,1.00,43.2,0,1.00,0,,,82762109
32.10,FSM Enemy 10,FSM,FrozenState,TimeStutter,1.00,59.0,0,1.00,0,,,82762109
32.10,FSM Enemy 14,FSM,FrozenState,TimeStutter,1.00,70.9,0,1.00,0,,,82762109
32.10,FSM Enemy 4,FSM,FrozenState,TimeStutter,1.00,46.1,0,1.00,0,,,82762109
32.10,FSM Enemy 12,FSM,FrozenState,TimeStutter,1.00,34.9,0,1.00,0,,,82762109
32.10,FSM Enemy 3,FSM,FrozenState,TimeStutter,1.00,72.3,0,1.00,0,,,82762109
32.10,FSM Enemy 5,FSM,FrozenState,TimeStutter,1.00,60.0,0,1.00,0,,,82762109
32.10,FSM Enemy 1,FSM,FrozenState,TimeStutter,1.00,79.3,0,1.00,0,,,82762109
32.10,FSM Enemy 7,FSM,FrozenState,TimeStutter,1.00,51.0,0,1.00,0,,,82762109
32.10,FSM Enemy 2,FSM,FrozenState,TimeStutter,1.00,83.7,0,1.00,0,,,82762109
32.10,FSM Enemy 15,FSM,FrozenState,TimeStutter,1.00,28.2,0,1.00,0,,,82762109
32.10,FSM Enemy 6,FSM,ChaseState,TimeStutter,1.00,49.6,0,1.00,0,,,82762109
32.10,FSM Enemy 11,FSM,Dead,TimeStutter,0.00,29.6,0,1.00,0,,,82762109
32.10,FSM Enemy 9,FSM,FrozenState,TimeStutter,1.00,34.9,0,1.00,0,,,82762109
32.10,FSM Enemy 8,FSM,FrozenState,TimeStutter,1.00,44.4,0,1.00,0,,,82762109
32.10,Utility Enemy 4,Utility,FreezeAction,TimeStutter,1.00,45.6,0,1.00,0,100.000,0.120,82762109
32.10,Utility Enemy 7,Utility,Dead,TimeStutter,0.00,18.4,1,1.00,0,0.138,0.125,82762109
32.10,Utility Enemy 8,Utility,FreezeAction,TimeStutter,1.00,50.9,0,1.00,0,100.000,0.120,82762109
32.10,Utility Enemy 14,Utility,FreezeAction,TimeStutter,1.00,29.9,0,1.00,0,100.000,0.120,82762109
32.10,Utility Enemy 5,Utility,FreezeAction,TimeStutter,1.00,51.0,0,1.00,0,100.000,0.120,82762109
32.10,Utility Enemy 6,Utility,Dead,TimeStutter,0.00,29.5,0,1.00,0,0.120,0.000,82762109
32.10,Utility Enemy 9,Utility,FreezeAction,TimeStutter,1.00,47.3,0,1.00,0,100.000,0.120,82762109
32.10,Utility Enemy 2,Utility,FreezeAction,TimeStutter,1.00,75.8,0,1.00,0,100.000,0.120,82762109
32.10,Utility Enemy 1,Utility,FreezeAction,TimeStutter,1.00,70.1,0,1.00,0,100.000,0.120,82762109
32.10,Utility Enemy 13,Utility,FreezeAction,TimeStutter,1.00,25.6,0,1.00,0,100.000,0.120,82762109
32.10,Utility Enemy 10,Utility,FreezeAction,TimeStutter,1.00,61.2,0,1.00,0,1.000,0.700,82762109
32.10,Utility Enemy 15,Utility,FreezeAction,TimeStutter,1.00,36.3,0,1.00,0,100.000,0.120,82762109
32.10,Utility Enemy 11,Utility,FreezeAction,TimeStutter,1.00,42.3,0,1.00,0,100.000,0.120,82762109
32.10,Utility Enemy 3,Utility,FreezeAction,TimeStutter,1.00,52.4,0,1.00,0,100.000,0.120,82762109
32.10,Utility Enemy 12,Utility,FreezeAction,TimeStutter,1.00,41.8,0,1.00,0,100.000,0.120,82762109
33.11,Player,Player,-,TimeStutter,1.00,,0,1.00,,,,82762109
33.11,FSM Enemy 13,FSM,FrozenState,TimeStutter,1.00,39.9,0,1.00,0,,,82762109
33.11,FSM Enemy 10,FSM,FrozenState,TimeStutter,1.00,60.0,0,1.00,0,,,82762109
33.11,FSM Enemy 14,FSM,FrozenState,TimeStutter,1.00,72.5,0,1.00,0,,,82762109
33.11,FSM Enemy 4,FSM,FrozenState,TimeStutter,1.00,48.9,0,1.00,0,,,82762109
33.11,FSM Enemy 12,FSM,FrozenState,TimeStutter,1.00,38.4,0,1.00,0,,,82762109
33.11,FSM Enemy 3,FSM,FrozenState,TimeStutter,1.00,71.9,0,1.00,0,,,82762109
33.11,FSM Enemy 5,FSM,FrozenState,TimeStutter,1.00,57.4,0,1.00,0,,,82762109
33.11,FSM Enemy 1,FSM,FrozenState,TimeStutter,1.00,77.3,0,1.00,0,,,82762109
33.11,FSM Enemy 7,FSM,FrozenState,TimeStutter,1.00,49.0,0,1.00,0,,,82762109
33.11,FSM Enemy 2,FSM,FrozenState,TimeStutter,1.00,84.8,0,1.00,0,,,82762109
33.11,FSM Enemy 15,FSM,FrozenState,TimeStutter,1.00,25.6,0,1.00,0,,,82762109
33.11,FSM Enemy 6,FSM,ChaseState,TimeStutter,1.00,46.1,0,1.00,0,,,82762109
33.11,FSM Enemy 11,FSM,Dead,TimeStutter,0.00,26.0,0,1.00,0,,,82762109
33.11,FSM Enemy 9,FSM,FrozenState,TimeStutter,1.00,35.9,0,1.00,0,,,82762109
33.11,FSM Enemy 8,FSM,FrozenState,TimeStutter,1.00,43.2,0,1.00,0,,,82762109
33.11,Utility Enemy 4,Utility,FreezeAction,TimeStutter,1.00,45.7,0,1.00,0,100.000,0.120,82762109
33.11,Utility Enemy 7,Utility,FreezeAction,TimeStutter,1.00,59.2,0,1.00,0,1.000,0.490,82762109
33.11,Utility Enemy 8,Utility,FreezeAction,TimeStutter,1.00,49.4,0,1.00,0,100.000,0.120,82762109
33.11,Utility Enemy 14,Utility,FreezeAction,TimeStutter,1.00,30.5,0,1.00,0,100.000,0.120,82762109
33.11,Utility Enemy 5,Utility,FreezeAction,TimeStutter,1.00,51.2,0,1.00,0,100.000,0.120,82762109
33.11,Utility Enemy 6,Utility,Dead,TimeStutter,0.00,25.9,0,1.00,0,0.120,0.000,82762109
33.11,Utility Enemy 9,Utility,FreezeAction,TimeStutter,1.00,48.7,0,1.00,0,100.000,0.120,82762109
33.11,Utility Enemy 2,Utility,FreezeAction,TimeStutter,1.00,76.3,0,1.00,0,100.000,0.120,82762109
33.11,Utility Enemy 1,Utility,FreezeAction,TimeStutter,1.00,69.7,0,1.00,0,100.000,0.120,82762109
33.11,Utility Enemy 13,Utility,FreezeAction,TimeStutter,1.00,24.1,0,1.00,0,100.000,0.120,82762109
33.11,Utility Enemy 10,Utility,FreezeAction,TimeStutter,1.00,63.6,0,1.00,0,1.000,0.490,82762109
33.11,Utility Enemy 15,Utility,FreezeAction,TimeStutter,1.00,37.2,0,1.00,0,100.000,0.120,82762109
33.11,Utility Enemy 11,Utility,FreezeAction,TimeStutter,1.00,42.4,0,1.00,0,100.000,0.120,82762109
33.11,Utility Enemy 3,Utility,FreezeAction,TimeStutter,1.00,54.2,0,1.00,0,100.000,0.120,82762109
33.11,Utility Enemy 12,Utility,FreezeAction,TimeStutter,1.00,43.5,0,1.00,0,100.000,0.120,82762109
34.11,Player,Player,-,TimeStutter,1.00,,0,1.00,,,,82762109
34.11,FSM Enemy 13,FSM,FrozenState,TimeStutter,1.00,34.8,0,1.00,0,,,82762109
34.11,FSM Enemy 10,FSM,FrozenState,TimeStutter,1.00,57.2,0,1.00,0,,,82762109
34.11,FSM Enemy 14,FSM,FrozenState,TimeStutter,1.00,70.5,0,1.00,0,,,82762109
34.11,FSM Enemy 4,FSM,FrozenState,TimeStutter,1.00,49.3,0,1.00,0,,,82762109
34.11,FSM Enemy 12,FSM,FrozenState,TimeStutter,1.00,41.5,0,1.00,0,,,82762109
34.11,FSM Enemy 3,FSM,FrozenState,TimeStutter,1.00,67.5,0,1.00,0,,,82762109
34.11,FSM Enemy 5,FSM,FrozenState,TimeStutter,1.00,51.9,0,1.00,0,,,82762109
34.11,FSM Enemy 1,FSM,FrozenState,TimeStutter,1.00,71.8,0,1.00,0,,,82762109
34.11,FSM Enemy 7,FSM,FrozenState,TimeStutter,1.00,43.5,0,1.00,0,,,82762109
34.11,FSM Enemy 2,FSM,FrozenState,TimeStutter,1.00,82.0,0,1.00,0,,,82762109
34.11,FSM Enemy 15,FSM,FrozenState,TimeStutter,1.00,20.0,0,1.00,0,,,82762109
34.11,FSM Enemy 6,FSM,ChaseState,TimeStutter,1.00,38.6,0,1.00,0,,,82762109
34.11,FSM Enemy 11,FSM,Dead,TimeStutter,0.00,22.5,0,1.00,0,,,82762109
34.11,FSM Enemy 9,FSM,FrozenState,TimeStutter,1.00,33.3,0,1.00,0,,,82762109
34.11,FSM Enemy 8,FSM,FrozenState,TimeStutter,1.00,38.0,0,1.00,0,,,82762109
34.11,Utility Enemy 4,Utility,FreezeAction,TimeStutter,1.00,41.9,0,1.00,0,100.000,0.120,82762109
34.11,Utility Enemy 7,Utility,FreezeAction,TimeStutter,1.00,57.4,0,1.00,0,1.000,0.490,82762109
34.11,Utility Enemy 8,Utility,FreezeAction,TimeStutter,1.00,44.1,0,1.00,0,100.000,0.120,82762109
34.11,Utility Enemy 14,Utility,FreezeAction,TimeStutter,1.00,27.6,0,1.00,0,100.000,0.120,82762109
34.11,Utility Enemy 5,Utility,FreezeAction,TimeStutter,1.00,47.3,0,1.00,0,100.000,0.120,82762109
34.11,Utility Enemy 6,Utility,Dead,TimeStutter,0.00,24.1,0,1.00,0,0.120,0.000,82762109
34.11,Utility Enemy 9,Utility,FreezeAction,TimeStutter,1.00,46.5,0,1.00,0,100.000,0.120,82762109
34.11,Utility Enemy 2,Utility,FreezeAction,TimeStutter,1.00,72.7,0,1.00,0,100.000,0.120,82762109
34.11,Utility Enemy 1,Utility,FreezeAction,TimeStutter,1.00,65.3,0,1.00,0,100.000,0.120,82762109
34.11,Utility Enemy 13,Utility,FreezeAction,TimeStutter,1.00,18.9,1,1.00,0,100.000,0.120,82762109
34.11,Utility Enemy 10,Utility,FreezeAction,TimeStutter,1.00,63.2,0,1.00,0,1.000,0.490,82762109
34.11,Utility Enemy 15,Utility,FreezeAction,TimeStutter,1.00,34.5,0,1.00,0,100.000,0.120,82762109
34.11,Utility Enemy 11,Utility,FreezeAction,TimeStutter,1.00,38.6,0,1.00,0,100.000,0.120,82762109
34.11,Utility Enemy 3,Utility,FreezeAction,TimeStutter,1.00,52.5,0,1.00,0,100.000,0.120,82762109
34.11,Utility Enemy 12,Utility,FreezeAction,TimeStutter,1.00,41.8,0,1.00,0,100.000,0.120,82762109
35.12,Player,Player,-,EnemyDuplicate,0.95,,0,0.95,,,,82762109
35.12,FSM Enemy 13,FSM,AttackState,EnemyDuplicate,1.00,30.5,0,0.95,0,,,82762109
35.12,FSM Enemy 10,FSM,AttackState,EnemyDuplicate,1.00,54.9,0,0.95,0,,,82762109
35.12,FSM Enemy 14,FSM,AttackState,EnemyDuplicate,1.00,68.8,0,0.95,0,,,82762109
35.12,FSM Enemy 4,FSM,AttackState,EnemyDuplicate,1.00,50.2,0,0.95,0,,,82762109
35.12,FSM Enemy 12,FSM,AttackState,EnemyDuplicate,1.00,44.8,0,0.95,0,,,82762109
35.12,FSM Enemy 3,FSM,AttackState,EnemyDuplicate,1.00,63.0,0,0.95,0,,,82762109
35.12,FSM Enemy 5,FSM,AttackState,EnemyDuplicate,1.00,46.7,0,0.95,0,,,82762109
35.12,FSM Enemy 1,FSM,AttackState,EnemyDuplicate,1.00,66.5,0,0.95,0,,,82762109
35.12,FSM Enemy 7,FSM,AttackState,EnemyDuplicate,1.00,37.2,0,0.95,0,,,82762109
35.12,FSM Enemy 2,FSM,AttackState,EnemyDuplicate,1.00,79.3,0,0.95,0,,,82762109
35.12,FSM Enemy 15,FSM,AttackState,EnemyDuplicate,1.00,14.4,1,0.95,8,,,82762109
35.12,FSM Enemy 6,FSM,AttackState,EnemyDuplicate,1.00,31.6,0,0.95,0,,,82762109
35.12,FSM Enemy 11,FSM,Dead,EnemyDuplicate,0.00,20.6,0,0.95,0,,,82762109
35.12,FSM Enemy 9,FSM,AttackState,EnemyDuplicate,1.00,30.7,0,0.95,0,,,82762109
35.12,FSM Enemy 8,FSM,AttackState,EnemyDuplicate,1.00,32.2,0,0.95,0,,,82762109
35.12,Utility Enemy 4,Utility,PatrolAction,EnemyDuplicate,1.00,38.1,0,0.95,0,0.120,0.000,82762109
35.12,Utility Enemy 7,Utility,ChaseAction,EnemyDuplicate,1.00,55.5,0,0.95,0,0.490,0.400,82762109
35.12,Utility Enemy 8,Utility,PatrolAction,EnemyDuplicate,1.00,38.8,0,0.95,0,0.120,0.000,82762109
35.12,Utility Enemy 14,Utility,PatrolAction,EnemyDuplicate,1.00,24.8,0,0.95,0,0.120,0.000,82762109
35.12,Utility Enemy 5,Utility,PatrolAction,EnemyDuplicate,1.00,43.2,0,0.95,0,0.120,0.000,82762109
35.12,Utility Enemy 6,Utility,Dead,EnemyDuplicate,0.00,24.0,0,0.95,0,0.120,0.000,82762109
35.12,Utility Enemy 9,Utility,PatrolAction,EnemyDuplicate,1.00,44.3,0,0.95,0,0.120,0.000,82762109
35.12,Utility Enemy 2,Utility,PatrolAction,EnemyDuplicate,1.00,68.7,0,0.95,0,0.120,0.000,82762109
35.12,Utility Enemy 1,Utility,PatrolAction,EnemyDuplicate,1.00,60.7,0,0.95,0,0.120,0.000,82762109
35.12,Utility Enemy 13,Utility,ReorientAction,EnemyDuplicate,1.00,13.5,1,0.95,0,0.540,0.209,82762109
35.12,Utility Enemy 10,Utility,RepositionAction,EnemyDuplicate,1.00,62.7,0,0.95,0,1.050,0.490,82762109
35.12,Utility Enemy 15,Utility,PatrolAction,EnemyDuplicate,1.00,32.0,0,0.95,0,0.120,0.000,82762109
35.12,Utility Enemy 11,Utility,PatrolAction,EnemyDuplicate,1.00,34.8,0,0.95,0,0.120,0.000,82762109
35.12,Utility Enemy 3,Utility,PatrolAction,EnemyDuplicate,1.00,51.1,0,0.95,0,0.120,0.000,82762109
35.12,Utility Enemy 12,Utility,PatrolAction,EnemyDuplicate,1.00,40.2,0,0.95,0,0.120,0.000,82762109
36.12,Player,Player,-,EnemyDuplicate,0.89,,0,0.89,,,,82762109
36.12,FSM Enemy 13,FSM,AttackState,EnemyDuplicate,1.00,26.7,0,0.89,0,,,82762109
36.12,FSM Enemy 10,FSM,AttackState,EnemyDuplicate,1.00,54.1,0,0.89,0,,,82762109
36.12,FSM Enemy 14,FSM,AttackState,EnemyDuplicate,1.00,68.6,0,0.89,0,,,82762109
36.12,FSM Enemy 4,FSM,AttackState,EnemyDuplicate,1.00,51.9,0,0.89,0,,,82762109
36.12,FSM Enemy 12,FSM,AttackState,EnemyDuplicate,1.00,48.2,0,0.89,0,,,82762109
36.12,FSM Enemy 3,FSM,AttackState,EnemyDuplicate,1.00,60.5,0,0.89,0,,,82762109
36.12,FSM Enemy 5,FSM,AttackState,EnemyDuplicate,1.00,42.5,0,0.89,0,,,82762109
36.12,FSM Enemy 1,FSM,AttackState,EnemyDuplicate,1.00,62.5,0,0.89,0,,,82762109
36.12,FSM Enemy 7,FSM,AttackState,EnemyDuplicate,1.00,33.2,0,0.89,0,,,82762109
36.12,FSM Enemy 2,FSM,AttackState,EnemyDuplicate,1.00,78.3,0,0.89,0,,,82762109
36.12,FSM Enemy 15,FSM,AttackState,EnemyDuplicate,0.50,10.1,1,0.89,16,,,82762109
36.12,FSM Enemy 6,FSM,AttackState,EnemyDuplicate,1.00,30.8,0,0.89,0,,,82762109
36.12,FSM Enemy 11,FSM,PatrolState,EnemyDuplicate,1.00,55.7,0,0.89,0,,,82762109
36.12,FSM Enemy 9,FSM,AttackState,EnemyDuplicate,1.00,30.6,0,0.89,0,,,82762109
36.12,FSM Enemy 8,FSM,AttackState,EnemyDuplicate,1.00,28.9,0,0.89,0,,,82762109
36.12,Utility Enemy 4,Utility,RepositionAction,EnemyDuplicate,1.00,35.9,0,0.89,0,0.650,0.120,82762109
36.12,Utility Enemy 7,Utility,RepositionAction,EnemyDuplicate,1.00,54.9,0,0.89,0,1.050,0.540,82762109
36.12,Utility Enemy 8,Utility,RepositionAction,EnemyDuplicate,1.00,34.9,0,0.89,0,0.650,0.120,82762109
36.12,Utility Enemy 14,Utility,RepositionAction,EnemyDuplicate,1.00,22.2,0,0.89,0,0.650,0.120,82762109
36.12,Utility Enemy 5,Utility,RepositionAction,EnemyDuplicate,1.00,39.1,0,0.89,0,0.650,0.120,82762109
36.12,Utility Enemy 6,Utility,Dead,EnemyDuplicate,0.00,23.7,0,0.89,0,0.120,0.000,82762109
36.12,Utility Enemy 9,Utility,RepositionAction,EnemyDuplicate,1.00,46.0,0,0.89,0,0.650,0.120,82762109
36.12,Utility Enemy 2,Utility,RepositionAction,EnemyDuplicate,1.00,65.2,0,0.89,0,0.650,0.120,82762109
36.12,Utility Enemy 1,Utility,RepositionAction,EnemyDuplicate,0.90,57.5,0,0.89,0,0.650,0.120,82762109
36.12,Utility Enemy 13,Utility,RepositionAction,EnemyDuplicate,1.00,10.8,0,0.89,0,1.050,0.490,82762109
36.12,Utility Enemy 10,Utility,RepositionAction,EnemyDuplicate,1.00,60.5,0,0.89,0,0.650,0.120,82762109
36.12,Utility Enemy 15,Utility,RepositionAction,EnemyDuplicate,1.00,31.7,0,0.89,0,0.650,0.120,82762109
36.12,Utility Enemy 11,Utility,RepositionAction,EnemyDuplicate,1.00,33.6,0,0.89,0,0.650,0.120,82762109
36.12,Utility Enemy 3,Utility,RepositionAction,EnemyDuplicate,1.00,52.7,0,0.89,0,0.650,0.120,82762109
36.12,Utility Enemy 12,Utility,RepositionAction,EnemyDuplicate,1.00,38.9,0,0.89,0,0.650,0.120,82762109
37.13,Player,Player,-,EnemyDuplicate,0.89,,0,0.89,,,,82762109
37.13,FSM Enemy 13,FSM,AttackState,EnemyDuplicate,1.00,21.6,0,0.89,0,,,82762109
37.13,FSM Enemy 10,FSM,AttackState,EnemyDuplicate,1.00,54.1,0,0.89,0,,,82762109
37.13,FSM Enemy 14,FSM,AttackState,EnemyDuplicate,1.00,69.3,0,0.89,0,,,82762109
37.13,FSM Enemy 4,FSM,AttackState,EnemyDuplicate,1.00,55.1,0,0.89,0,,,82762109
37.13,FSM Enemy 12,FSM,AttackState,EnemyDuplicate,1.00,53.1,0,0.89,0,,,82762109
37.13,FSM Enemy 3,FSM,AttackState,EnemyDuplicate,1.00,57.9,0,0.89,0,,,82762109
37.13,FSM Enemy 5,FSM,AttackState,EnemyDuplicate,1.00,37.1,0,0.89,0,,,82762109
37.13,FSM Enemy 1,FSM,AttackState,EnemyDuplicate,1.00,57.6,0,0.89,0,,,82762109
37.13,FSM Enemy 7,FSM,AttackState,EnemyDuplicate,1.00,28.3,0,0.89,0,,,82762109
37.13,FSM Enemy 2,FSM,AttackState,EnemyDuplicate,1.00,77.8,0,0.89,0,,,82762109
37.13,FSM Enemy 15,FSM,Dead,EnemyDuplicate,0.00,4.8,1,0.89,16,,,82762109
37.13,FSM Enemy 6,FSM,AttackState,EnemyDuplicate,1.00,31.6,0,0.89,0,,,82762109
37.13,FSM Enemy 11,FSM,PatrolState,EnemyDuplicate,1.00,49.1,0,0.89,0,,,82762109
37.13,FSM Enemy 9,FSM,AttackState,EnemyDuplicate,1.00,31.9,0,0.89,0,,,82762109
37.13,FSM Enemy 8,FSM,AttackState,EnemyDuplicate,1.00,25.6,0,0.89,0,,,82762109
37.13,Utility Enemy 4,Utility,RepositionAction,EnemyDuplicate,1.00,34.5,0,0.89,0,0.650,0.120,82762109
37.13,Utility Enemy 7,Utility,RepositionAction,EnemyDuplicate,1.00,56.3,0,0.89,0,0.650,0.120,82762109
37.13,Utility Enemy 8,Utility,RepositionAction,EnemyDuplicate,1.00,34.4,0,0.89,0,0.650,0.120,82762109
37.13,Utility Enemy 14,Utility,RepositionAction,EnemyDuplicate,1.00,23.2,0,0.89,0,0.650,0.120,82762109
37.13,Utility Enemy 5,Utility,RepositionAction,EnemyDuplicate,1.00,35.7,0,0.89,0,0.650,0.120,82762109
37.13,Utility Enemy 6,Utility,Dead,EnemyDuplicate,0.00,23.9,0,0.89,0,0.120,0.000,82762109
37.13,Utility Enemy 9,Utility,RepositionAction,EnemyDuplicate,1.00,45.9,0,0.89,0,0.650,0.120,82762109
37.13,Utility Enemy 2,Utility,RepositionAction,EnemyDuplicate,1.00,63.0,0,0.89,0,0.650,0.120,82762109
37.13,Utility Enemy 1,Utility,RepositionAction,EnemyDuplicate,0.90,54.2,0,0.89,0,0.650,0.120,82762109
37.13,Utility Enemy 13,Utility,RepositionAction,EnemyDuplicate,1.00,11.9,0,0.89,0,1.050,0.540,82762109
37.13,Utility Enemy 10,Utility,RepositionAction,EnemyDuplicate,1.00,66.4,0,0.89,0,0.650,0.120,82762109
37.13,Utility Enemy 15,Utility,RepositionAction,EnemyDuplicate,1.00,32.5,0,0.89,0,0.650,0.120,82762109
37.13,Utility Enemy 11,Utility,RepositionAction,EnemyDuplicate,1.00,31.1,0,0.89,0,0.650,0.120,82762109
37.13,Utility Enemy 3,Utility,RepositionAction,EnemyDuplicate,1.00,53.5,0,0.89,0,0.650,0.120,82762109
37.13,Utility Enemy 12,Utility,RepositionAction,EnemyDuplicate,1.00,43.9,0,0.89,0,0.650,0.120,82762109
38.13,Player,Player,-,EnemyDuplicate,0.89,,0,0.89,,,,82762109
38.13,FSM Enemy 13,FSM,AttackState,EnemyDuplicate,1.00,25.4,0,0.89,0,,,82762109
38.13,FSM Enemy 10,FSM,AttackState,EnemyDuplicate,1.00,53.4,0,0.89,0,,,82762109
38.13,FSM Enemy 14,FSM,AttackState,EnemyDuplicate,1.00,68.1,0,0.89,0,,,82762109
38.13,FSM Enemy 4,FSM,AttackState,EnemyDuplicate,1.00,52.3,0,0.89,0,,,82762109
38.13,FSM Enemy 12,FSM,AttackState,EnemyDuplicate,1.00,49.4,0,0.89,0,,,82762109
38.13,FSM Enemy 3,FSM,AttackState,EnemyDuplicate,1.00,59.0,0,0.89,0,,,82762109
38.13,FSM Enemy 5,FSM,AttackState,EnemyDuplicate,1.00,40.8,0,0.89,0,,,82762109
38.13,FSM Enemy 1,FSM,AttackState,EnemyDuplicate,1.00,60.7,0,0.89,0,,,82762109
38.13,FSM Enemy 7,FSM,AttackState,EnemyDuplicate,1.00,31.4,0,0.89,0,,,82762109
38.13,FSM Enemy 2,FSM,AttackState,EnemyDuplicate,1.00,77.4,0,0.89,0,,,82762109
38.13,FSM Enemy 15,FSM,Dead,EnemyDuplicate,0.00,8.4,1,0.89,16,,,82762109
38.13,FSM Enemy 6,FSM,AttackState,EnemyDuplicate,1.00,30.2,0,0.89,0,,,82762109
38.13,FSM Enemy 11,FSM,PatrolState,EnemyDuplicate,1.00,50.9,0,0.89,0,,,82762109
38.13,FSM Enemy 9,FSM,AttackState,EnemyDuplicate,1.00,30.2,0,0.89,0,,,82762109
38.13,FSM Enemy 8,FSM,AttackState,EnemyDuplicate,1.00,27.3,0,0.89,0,,,82762109
38.13,Utility Enemy 4,Utility,RepositionAction,EnemyDuplicate,1.00,37.5,0,0.89,0,0.650,0.120,82762109
38.13,Utility Enemy 7,Utility,RepositionAction,EnemyDuplicate,1.00,55.3,0,0.89,0,0.650,0.120,82762109
38.13,Utility Enemy 8,Utility,RepositionAction,EnemyDuplicate,1.00,37.1,0,0.89,0,0.650,0.120,82762109
38.13,Utility Enemy 14,Utility,RepositionAction,EnemyDuplicate,1.00,21.6,0,0.89,0,0.650,0.120,82762109
38.13,Utility Enemy 5,Utility,RepositionAction,EnemyDuplicate,1.00,36.8,0,0.89,0,0.650,0.120,82762109
38.13,Utility Enemy 6,Utility,Dead,EnemyDuplicate,0.00,24.3,0,0.89,0,0.120,0.000,82762109
38.13,Utility Enemy 9,Utility,RepositionAction,EnemyDuplicate,1.00,42.4,0,0.89,0,0.650,0.120,82762109
38.13,Utility Enemy 2,Utility,RepositionAction,EnemyDuplicate,1.00,62.5,0,0.89,0,0.650,0.120,82762109
38.13,Utility Enemy 1,Utility,RepositionAction,EnemyDuplicate,0.90,59.3,0,0.89,0,0.650,0.120,82762109
38.13,Utility Enemy 13,Utility,RepositionAction,EnemyDuplicate,1.00,11.6,0,0.89,0,1.050,0.540,82762109
38.13,Utility Enemy 10,Utility,RepositionAction,EnemyDuplicate,1.00,64.9,0,0.89,0,0.650,0.120,82762109
38.13,Utility Enemy 15,Utility,RepositionAction,EnemyDuplicate,1.00,30.2,0,0.89,0,0.650,0.120,82762109
38.13,Utility Enemy 11,Utility,RepositionAction,EnemyDuplicate,1.00,30.5,0,0.89,0,0.650,0.120,82762109
38.13,Utility Enemy 3,Utility,RepositionAction,EnemyDuplicate,1.00,52.6,0,0.89,0,0.650,0.120,82762109
38.13,Utility Enemy 12,Utility,RepositionAction,EnemyDuplicate,1.00,44.1,0,0.89,0,0.650,0.120,82762109
39.13,Player,Player,-,EnemyDuplicate,0.89,,0,0.89,,,,82762109
39.13,FSM Enemy 13,FSM,AttackState,EnemyDuplicate,1.00,25.6,0,0.89,0,,,82762109
39.13,FSM Enemy 10,FSM,AttackState,EnemyDuplicate,1.00,53.9,0,0.89,0,,,82762109
39.13,FSM Enemy 14,FSM,AttackState,EnemyDuplicate,1.00,68.5,0,0.89,0,,,82762109
39.13,FSM Enemy 4,FSM,AttackState,EnemyDuplicate,1.00,52.4,0,0.89,0,,,82762109
39.13,FSM Enemy 12,FSM,AttackState,EnemyDuplicate,1.00,49.2,0,0.89,0,,,82762109
39.13,FSM Enemy 3,FSM,AttackState,EnemyDuplicate,1.00,59.7,0,0.89,0,,,82762109
39.13,FSM Enemy 5,FSM,AttackState,EnemyDuplicate,1.00,41.3,0,0.89,0,,,82762109
39.13,FSM Enemy 1,FSM,AttackState,EnemyDuplicate,1.00,61.3,0,0.89,0,,,82762109
39.13,FSM Enemy 7,FSM,AttackState,EnemyDuplicate,1.00,32.0,0,0.89,0,,,82762109
39.13,FSM Enemy 2,FSM,AttackState,EnemyDuplicate,1.00,78.0,0,0.89,0,,,82762109
39.13,FSM Enemy 15,FSM,Dead,EnemyDuplicate,0.00,8.9,1,0.89,16,,,82762109
39.13,FSM Enemy 6,FSM,AttackState,EnemyDuplicate,1.00,30.7,0,0.89,0,,,82762109
39.13,FSM Enemy 11,FSM,PatrolState,EnemyDuplicate,1.00,50.0,0,0.89,0,,,82762109
39.13,FSM Enemy 9,FSM,AttackState,EnemyDuplicate,1.00,30.6,0,0.89,0,,,82762109
39.13,FSM Enemy 8,FSM,AttackState,EnemyDuplicate,1.00,27.9,0,0.89,0,,,82762109
39.13,Utility Enemy 4,Utility,RepositionAction,EnemyDuplicate,1.00,39.5,0,0.89,0,0.650,0.120,82762109
39.13,Utility Enemy 7,Utility,RepositionAction,EnemyDuplicate,1.00,55.7,0,0.89,0,0.650,0.120,82762109
39.13,Utility Enemy 8,Utility,RepositionAction,EnemyDuplicate,1.00,39.3,0,0.89,0,0.650,0.120,82762109
39.13,Utility Enemy 14,Utility,RepositionAction,EnemyDuplicate,1.00,23.0,0,0.89,0,0.650,0.120,82762109
39.13,Utility Enemy 5,Utility,RepositionAction,EnemyDuplicate,1.00,37.2,0,0.89,0,0.650,0.120,82762109
39.13,Utility Enemy 6,Utility,RepositionAction,EnemyDuplicate,1.00,39.1,0,0.89,0,0.650,0.120,82762109
39.13,Utility Enemy 9,Utility,RepositionAction,EnemyDuplicate,1.00,44.6,0,0.89,0,0.650,0.120,82762109
39.13,Utility Enemy 2,Utility,RepositionAction,EnemyDuplicate,1.00,59.5,0,0.89,0,0.650,0.120,82762109
39.13,Utility Enemy 1,Utility,RepositionAction,EnemyDuplicate,0.90,61.1,0,0.89,0,0.650,0.120,82762109
39.13,Utility Enemy 13,Utility,RepositionAction,EnemyDuplicate,1.00,10.7,0,0.89,0,1.050,0.540,82762109
39.13,Utility Enemy 10,Utility,RepositionAction,EnemyDuplicate,1.00,65.6,0,0.89,0,0.650,0.120,82762109
39.13,Utility Enemy 15,Utility,RepositionAction,EnemyDuplicate,1.00,34.0,0,0.89,0,0.650,0.120,82762109
39.13,Utility Enemy 11,Utility,RepositionAction,EnemyDuplicate,1.00,32.6,0,0.89,0,0.650,0.120,82762109
39.13,Utility Enemy 3,Utility,RepositionAction,EnemyDuplicate,1.00,54.9,0,0.89,0,0.650,0.120,82762109
39.13,Utility Enemy 12,Utility,RepositionAction,EnemyDuplicate,1.00,47.0,0,0.89,0,0.650,0.120,82762109
40.14,Player,Player,-,None,0.89,,0,0.89,,,,82762109
40.14,FSM Enemy 13,FSM,PatrolState,None,1.00,25.5,0,0.89,0,,,82762109
40.14,FSM Enemy 10,FSM,PatrolState,None,1.00,53.9,0,0.89,0,,,82762109
40.14,FSM Enemy 14,FSM,PatrolState,None,1.00,68.7,0,0.89,0,,,82762109
40.14,FSM Enemy 4,FSM,PatrolState,None,1.00,52.7,0,0.89,0,,,82762109
40.14,FSM Enemy 12,FSM,PatrolState,None,1.00,49.5,0,0.89,0,,,82762109
40.14,FSM Enemy 3,FSM,PatrolState,None,1.00,59.7,0,0.89,0,,,82762109
40.14,FSM Enemy 5,FSM,PatrolState,None,1.00,41.2,0,0.89,0,,,82762109
40.14,FSM Enemy 1,FSM,PatrolState,None,1.00,61.3,0,0.89,0,,,82762109
40.14,FSM Enemy 7,FSM,PatrolState,None,1.00,31.7,0,0.89,0,,,82762109
40.14,FSM Enemy 2,FSM,PatrolState,None,1.00,78.1,0,0.89,0,,,82762109
40.14,FSM Enemy 15,FSM,Dead,None,0.00,8.7,1,0.89,16,,,82762109
40.14,FSM Enemy 6,FSM,PatrolState,None,1.00,30.8,0,0.89,0,,,82762109
40.14,FSM Enemy 11,FSM,PatrolState,None,1.00,48.4,0,0.89,0,,,82762109
40.14,FSM Enemy 9,FSM,PatrolState,None,1.00,30.7,0,0.89,0,,,82762109
40.14,FSM Enemy 8,FSM,PatrolState,None,1.00,27.9,0,0.89,0,,,82762109
40.14,Utility Enemy 4,Utility,PatrolAction,None,1.00,40.3,0,0.89,0,0.120,0.000,82762109
40.14,Utility Enemy 7,Utility,PatrolAction,None,1.00,54.6,0,0.89,0,0.120,0.000,82762109
40.14,Utility Enemy 8,Utility,PatrolAction,None,1.00,37.9,0,0.89,0,0.120,0.000,82762109
40.14,Utility Enemy 14,Utility,PatrolAction,None,1.00,21.9,0,0.89,0,0.120,0.000,82762109
40.14,Utility Enemy 5,Utility,PatrolAction,None,1.00,35.9,0,0.89,0,0.120,0.000,82762109
40.14,Utility Enemy 6,Utility,PatrolAction,None,1.00,38.1,0,0.89,0,0.120,0.000,82762109
40.14,Utility Enemy 9,Utility,PatrolAction,None,1.00,45.1,0,0.89,0,0.120,0.000,82762109
40.14,Utility Enemy 2,Utility,PatrolAction,None,1.00,57.9,0,0.89,0,0.120,0.000,82762109
40.14,Utility Enemy 1,Utility,PatrolAction,None,0.90,58.7,0,0.89,0,0.120,0.000,82762109
40.14,Utility Enemy 13,Utility,PatrolAction,None,1.00,14.9,0,0.89,0,0.120,0.000,82762109
40.14,Utility Enemy 10,Utility,PatrolAction,None,1.00,68.2,0,0.89,0,0.120,0.000,82762109
40.14,Utility Enemy 15,Utility,PatrolAction,None,1.00,32.5,0,0.89,0,0.120,0.000,82762109
40.14,Utility Enemy 11,Utility,PatrolAction,None,1.00,33.9,0,0.89,0,0.120,0.000,82762109
40.14,Utility Enemy 3,Utility,PatrolAction,None,1.00,59.0,0,0.89,0,0.120,0.000,82762109
40.14,Utility Enemy 12,Utility,PatrolAction,None,1.00,49.8,0,0.89,0,0.120,0.000,82762109
41.14,Player,Player,-,None,0.89,,0,0.89,,,,82762109
41.14,FSM Enemy 13,FSM,PatrolState,None,1.00,26.6,0,0.89,0,,,82762109
41.14,FSM Enemy 10,FSM,PatrolState,None,1.00,51.4,0,0.89,0,,,82762109
41.14,FSM Enemy 14,FSM,PatrolState,None,1.00,68.3,0,0.89,0,,,82762109
41.14,FSM Enemy 4,FSM,PatrolState,None,1.00,54.3,0,0.89,0,,,82762109
41.14,FSM Enemy 12,FSM,PatrolState,None,1.00,53.2,0,0.89,0,,,82762109
41.14,FSM Enemy 3,FSM,PatrolState,None,1.00,57.9,0,0.89,0,,,82762109
41.14,FSM Enemy 5,FSM,PatrolState,None,1.00,40.2,0,0.89,0,,,82762109
41.14,FSM Enemy 1,FSM,PatrolState,None,1.00,59.7,0,0.89,0,,,82762109
41.14,FSM Enemy 7,FSM,PatrolState,None,1.00,25.4,0,0.89,0,,,82762109
41.14,FSM Enemy 2,FSM,PatrolState,None,1.00,77.0,0,0.89,0,,,82762109
41.14,FSM Enemy 15,FSM,Dead,None,0.00,6.0,1,0.89,16,,,82762109
41.14,FSM Enemy 6,FSM,PatrolState,None,1.00,28.1,0,0.89,0,,,82762109
41.14,FSM Enemy 11,FSM,PatrolState,None,1.00,43.6,0,0.89,0,,,82762109
41.14,FSM Enemy 9,FSM,PatrolState,None,1.00,28.9,0,0.89,0,,,82762109
41.14,FSM Enemy 8,FSM,PatrolState,None,1.00,24.7,0,0.89,0,,,82762109
41.14,Utility Enemy 4,Utility,PatrolAction,None,1.00,35.5,0,0.89,0,0.120,0.000,82762109
41.14,Utility Enemy 7,Utility,PatrolAction,None,1.00,48.2,0,0.89,0,0.120,0.000,82762109
41.14,Utility Enemy 8,Utility,PatrolAction,None,1.00,36.8,0,0.89,0,0.120,0.000,82762109
41.14,Utility Enemy 14,Utility,PatrolAction,None,1.00,22.5,0,0.89,0,0.120,0.000,82762109
41.14,Utility Enemy 5,Utility,PatrolAction,None,1.00,29.8,0,0.89,0,0.120,0.000,82762109
41.14,Utility Enemy 6,Utility,PatrolAction,None,1.00,35.2,0,0.89,0,0.120,0.000,82762109
41.14,Utility Enemy 9,Utility,PatrolAction,None,1.00,39.8,0,0.89,0,0.120,0.000,82762109
41.14,Utility Enemy 2,Utility,PatrolAction,None,1.00,51.5,0,0.89,0,0.120,0.000,82762109
41.14,Utility Enemy 1,Utility,PatrolAction,None,0.90,51.0,0,0.89,0,0.120,0.000,82762109
41.14,Utility Enemy 13,Utility,PatrolAction,None,1.00,10.9,0,0.89,0,0.120,0.000,82762109
41.14,Utility Enemy 10,Utility,PatrolAction,None,1.00,67.8,0,0.89,0,0.120,0.000,82762109
41.14,Utility Enemy 15,Utility,PatrolAction,None,1.00,27.9,0,0.89,0,0.120,0.000,82762109
41.14,Utility Enemy 11,Utility,PatrolAction,None,1.00,34.0,0,0.89,0,0.120,0.000,82762109
41.14,Utility Enemy 3,Utility,PatrolAction,None,1.00,58.0,0,0.89,0,0.120,0.000,82762109
41.14,Utility Enemy 12,Utility,PatrolAction,None,1.00,50.5,0,0.89,0,0.120,0.000,82762109
42.14,Player,Player,-,None,0.89,,0,0.89,,,,82762109
42.14,FSM Enemy 13,FSM,PatrolState,None,1.00,30.5,0,0.89,0,,,82762109
42.14,FSM Enemy 10,FSM,PatrolState,None,1.00,50.5,0,0.89,0,,,82762109
42.14,FSM Enemy 14,FSM,PatrolState,None,1.00,69.2,0,0.89,0,,,82762109
42.14,FSM Enemy 4,FSM,PatrolState,None,1.00,55.1,0,0.89,0,,,82762109
42.14,FSM Enemy 12,FSM,PatrolState,None,1.00,53.6,0,0.89,0,,,82762109
42.14,FSM Enemy 3,FSM,PatrolState,None,1.00,59.6,0,0.89,0,,,82762109
42.14,FSM Enemy 5,FSM,PatrolState,None,1.00,43.0,0,0.89,0,,,82762109
42.14,FSM Enemy 1,FSM,PatrolState,None,1.00,62.4,0,0.89,0,,,82762109
42.14,FSM Enemy 7,FSM,PatrolState,None,1.00,23.5,0,0.89,0,,,82762109
42.14,FSM Enemy 2,FSM,PatrolState,None,1.00,78.1,0,0.89,0,,,82762109
42.14,FSM Enemy 15,FSM,Dead,None,0.00,7.3,0,0.89,16,,,82762109
42.14,FSM Enemy 6,FSM,PatrolState,None,1.00,27.3,0,0.89,0,,,82762109
42.14,FSM Enemy 11,FSM,PatrolState,None,1.00,43.0,0,0.89,0,,,82762109
42.14,FSM Enemy 9,FSM,PatrolState,None,1.00,27.7,0,0.89,0,,,82762109
42.14,FSM Enemy 8,FSM,PatrolState,None,1.00,25.2,0,0.89,0,,,82762109
42.14,Utility Enemy 4,Utility,PatrolAction,None,1.00,30.6,0,0.89,0,0.120,0.000,82762109
42.14,Utility Enemy 7,Utility,PatrolAction,None,1.00,43.2,0,0.89,0,0.120,0.000,82762109
42.14,Utility Enemy 8,Utility,PatrolAction,None,1.00,38.0,0,0.89,0,0.120,0.000,82762109
42.14,Utility Enemy 14,Utility,PatrolAction,None,1.00,23.3,0,0.89,0,0.120,0.000,82762109
42.14,Utility Enemy 5,Utility,PatrolAction,None,1.00,24.8,0,0.89,0,0.120,0.000,82762109
42.14,Utility Enemy 6,Utility,PatrolAction,None,1.00,34.4,0,0.89,0,0.120,0.000,82762109
42.14,Utility Enemy 9,Utility,PatrolAction,None,1.00,37.0,0,0.89,0,0.120,0.000,82762109
42.14,Utility Enemy 2,Utility,PatrolAction,None,1.00,46.4,0,0.89,0,0.120,0.000,82762109
42.14,Utility Enemy 1,Utility,PatrolAction,None,0.90,47.5,0,0.89,0,0.120,0.000,82762109
42.14,Utility Enemy 13,Utility,PatrolAction,None,1.00,12.7,0,0.89,0,0.120,0.000,82762109
42.14,Utility Enemy 10,Utility,PatrolAction,None,1.00,65.9,0,0.89,0,0.120,0.000,82762109
42.14,Utility Enemy 15,Utility,PatrolAction,None,1.00,24.0,0,0.89,0,0.120,0.000,82762109
42.14,Utility Enemy 11,Utility,PatrolAction,None,1.00,37.2,0,0.89,0,0.120,0.000,82762109
42.14,Utility Enemy 3,Utility,PatrolAction,None,1.00,56.7,0,0.89,0,0.120,0.000,82762109
42.14,Utility Enemy 12,Utility,PatrolAction,None,1.00,52.3,0,0.89,0,0.120,0.000,82762109
43.14,Player,Player,-,WallDisappear,0.89,,0,0.89,,,,82762109
43.14,FSM Enemy 13,FSM,ChaseState,WallDisappear,1.00,30.6,0,0.89,0,,,82762109
43.14,FSM Enemy 10,FSM,ChaseState,WallDisappear,1.00,48.2,0,0.89,0,,,82762109
43.14,FSM Enemy 14,FSM,ChaseState,WallDisappear,1.00,67.4,0,0.89,0,,,82762109
43.14,FSM Enemy 4,FSM,ChaseState,WallDisappear,1.00,54.1,0,0.89,0,,,82762109
43.14,FSM Enemy 12,FSM,ChaseState,WallDisappear,1.00,52.6,0,0.89,0,,,82762109
43.14,FSM Enemy 3,FSM,ChaseState,WallDisappear,1.00,58.9,0,0.89,0,,,82762109
43.14,FSM Enemy 5,FSM,ChaseState,WallDisappear,1.00,42.4,0,0.89,0,,,82762109
43.14,FSM Enemy 1,FSM,ChaseState,WallDisappear,1.00,61.8,0,0.89,0,,,82762109
43.14,FSM Enemy 7,FSM,ChaseState,WallDisappear,1.00,22.6,0,0.89,0,,,82762109
43.14,FSM Enemy 2,FSM,ChaseState,WallDisappear,1.00,76.6,0,0.89,0,,,82762109
43.14,FSM Enemy 15,FSM,Dead,WallDisappear,0.00,7.9,1,0.89,16,,,82762109
43.14,FSM Enemy 6,FSM,ChaseState,WallDisappear,1.00,25.3,0,0.89,0,,,82762109
43.14,FSM Enemy 11,FSM,ChaseState,WallDisappear,1.00,40.5,0,0.89,0,,,82762109
43.14,FSM Enemy 9,FSM,ChaseState,WallDisappear,1.00,25.2,0,0.89,0,,,82762109
43.14,FSM Enemy 8,FSM,ChaseState,WallDisappear,1.00,24.3,0,0.89,0,,,82762109
43.14,Utility Enemy 4,Utility,ChaseAction,WallDisappear,1.00,27.0,0,0.89,0,0.850,0.300,82762109
43.14,Utility Enemy 7,Utility,ChaseAction,WallDisappear,1.00,40.2,0,0.89,0,0.850,0.300,82762109
43.14,Utility Enemy 8,Utility,ChaseAction,WallDisappear,1.00,33.4,0,0.89,0,0.850,0.300,82762109
43.14,Utility Enemy 14,Utility,ChaseAction,WallDisappear,1.00,22.2,0,0.89,0,0.850,0.300,82762109
43.14,Utility Enemy 5,Utility,ChaseAction,WallDisappear,1.00,20.1,0,0.89,0,0.850,0.300,82762109
43.14,Utility Enemy 6,Utility,ChaseAction,WallDisappear,1.00,33.8,0,0.89,0,0.850,0.300,82762109
43.14,Utility Enemy 9,Utility,ChaseAction,WallDisappear,1.00,35.7,0,0.89,0,0.850,0.300,82762109
43.14,Utility Enemy 2,Utility,ChaseAction,WallDisappear,1.00,42.6,0,0.89,0,0.850,0.300,82762109
43.14,Utility Enemy 1,Utility,ChaseAction,WallDisappear,0.90,45.5,0,0.89,0,0.850,0.300,82762109
43.14,Utility Enemy 13,Utility,ChaseAction,WallDisappear,1.00,12.9,1,0.89,0,0.850,0.300,82762109
43.14,Utility Enemy 10,Utility,ChaseAction,WallDisappear,1.00,61.8,0,0.89,0,0.850,0.300,82762109
43.14,Utility Enemy 15,Utility,ChaseAction,WallDisappear,1.00,24.2,0,0.89,0,0.850,0.300,82762109
43.14,Utility Enemy 11,Utility,ChaseAction,WallDisappear,1.00,37.7,0,0.89,0,0.850,0.300,82762109
43.14,Utility Enemy 3,Utility,ChaseAction,WallDisappear,1.00,54.6,0,0.89,0,0.850,0.300,82762109
43.14,Utility Enemy 12,Utility,ChaseAction,WallDisappear,1.00,52.1,0,0.89,0,0.850,0.300,82762109
44.15,Player,Player,-,WallDisappear,0.89,,0,0.89,,,,82762109
44.15,FSM Enemy 13,FSM,ChaseState,WallDisappear,1.00,26.6,0,0.89,0,,,82762109
44.15,FSM Enemy 10,FSM,ChaseState,WallDisappear,1.00,44.0,0,0.89,0,,,82762109
44.15,FSM Enemy 14,FSM,ChaseState,WallDisappear,1.00,62.9,0,0.89,0,,,82762109
44.15,FSM Enemy 4,FSM,ChaseState,WallDisappear,1.00,49.8,0,0.89,0,,,82762109
44.15,FSM Enemy 12,FSM,ChaseState,WallDisappear,1.00,49.4,0,0.89,0,,,82762109
44.15,FSM Enemy 3,FSM,ChaseState,WallDisappear,1.00,54.9,0,0.89,0,,,82762109
44.15,FSM Enemy 5,FSM,ChaseState,WallDisappear,1.00,38.5,0,0.89,0,,,82762109
44.15,FSM Enemy 1,FSM,ChaseState,WallDisappear,1.00,57.3,0,0.89,0,,,82762109
44.15,FSM Enemy 7,FSM,ChaseState,WallDisappear,1.00,22.3,0,0.89,0,,,82762109
44.15,FSM Enemy 2,FSM,ChaseState,WallDisappear,1.00,72.1,0,0.89,0,,,82762109
44.15,FSM Enemy 15,FSM,Dead,WallDisappear,0.00,7.9,1,0.89,16,,,82762109
44.15,FSM Enemy 6,FSM,ChaseState,WallDisappear,1.00,22.2,0,0.89,0,,,82762109
44.15,FSM Enemy 11,FSM,ChaseState,WallDisappear,1.00,36.7,0,0.89,0,,,82762109
44.15,FSM Enemy 9,FSM,ChaseState,WallDisappear,1.00,20.9,0,0.89,0,,,82762109
44.15,FSM Enemy 8,FSM,ChaseState,WallDisappear,1.00,20.9,0,0.89,0,,,82762109
44.15,Utility Enemy 4,Utility,ChaseAction,WallDisappear,1.00,25.0,0,0.89,0,0.850,0.300,82762109
44.15,Utility Enemy 7,Utility,ChaseAction,WallDisappear,1.00,37.5,0,0.89,0,0.850,0.300,82762109
44.15,Utility Enemy 8,Utility,ChaseAction,WallDisappear,1.00,29.1,0,0.89,0,0.850,0.300,82762109
44.15,Utility Enemy 14,Utility,ChaseAction,WallDisappear,1.00,20.1,0,0.89,0,0.850,0.300,82762109
44.15,Utility Enemy 5,Utility,ChaseAction,WallDisappear,1.00,15.9,1,0.89,0,0.850,0.300,82762109
44.15,Utility Enemy 6,Utility,ChaseAction,WallDisappear,1.00,29.4,0,0.89,0,0.850,0.300,82762109
44.15,Utility Enemy 9,Utility,ChaseAction,WallDisappear,1.00,31.3,0,0.89,0,0.850,0.300,82762109
44.15,Utility Enemy 2,Utility,ChaseAction,WallDisappear,1.00,38.2,0,0.89,0,0.850,0.300,82762109
44.15,Utility Enemy 1,Utility,ChaseAction,WallDisappear,0.90,41.1,0,0.89,0,0.850,0.300,82762109
44.15,Utility Enemy 13,Utility,ChaseAction,WallDisappear,1.00,8.6,1,0.89,0,0.850,0.509,82762109
44.15,Utility Enemy 10,Utility,ChaseAction,WallDisappear,1.00,57.7,0,0.89,0,0.850,0.300,82762109
44.15,Utility Enemy 15,Utility,ChaseAction,WallDisappear,1.00,21.4,0,0.89,0,0.850,0.300,82762109
44.15,Utility Enemy 11,Utility,ChaseAction,WallDisappear,1.00,33.9,0,0.89,0,0.850,0.300,82762109
44.15,Utility Enemy 3,Utility,ChaseAction,WallDisappear,1.00,50.4,0,0.89,0,0.850,0.300,82762109
44.15,Utility Enemy 12,Utility,ChaseAction,WallDisappear,1.00,47.8,0,0.89,0,0.850,0.300,82762109
45.15,Player,Player,-,WallDisappear,0.89,,0,0.89,,,,82762109
45.15,FSM Enemy 13,FSM,ChaseState,WallDisappear,1.00,22.4,0,0.89,0,,,82762109
45.15,FSM Enemy 10,FSM,ChaseState,WallDisappear,1.00,38.6,0,0.89,0,,,82762109
45.15,FSM Enemy 14,FSM,ChaseState,WallDisappear,1.00,58.3,0,0.89,0,,,82762109
45.15,FSM Enemy 4,FSM,ChaseState,WallDisappear,1.00,45.4,0,0.89,0,,,82762109
45.15,FSM Enemy 12,FSM,ChaseState,WallDisappear,1.00,46.8,0,0.89,0,,,82762109
45.15,FSM Enemy 3,FSM,ChaseState,WallDisappear,1.00,50.0,0,0.89,0,,,82762109
45.15,FSM Enemy 5,FSM,ChaseState,WallDisappear,1.00,33.9,0,0.89,0,,,82762109
45.15,FSM Enemy 1,FSM,ChaseState,WallDisappear,1.00,51.7,0,0.89,0,,,82762109
45.15,FSM Enemy 7,FSM,ChaseState,WallDisappear,1.00,21.5,0,0.89,0,,,82762109
45.15,FSM Enemy 2,FSM,ChaseState,WallDisappear,1.00,66.7,0,0.89,0,,,82762109
45.15,FSM Enemy 15,FSM,Dead,WallDisappear,0.00,7.6,1,0.89,16,,,82762109
45.15,FSM Enemy 6,FSM,ChaseState,WallDisappear,1.00,20.5,0,0.89,0,,,82762109
45.15,FSM Enemy 11,FSM,ChaseState,WallDisappear,1.00,32.2,0,0.89,0,,,82762109
45.15,FSM Enemy 9,FSM,ChaseState,WallDisappear,1.00,15.8,1,0.89,0,,,82762109
45.15,FSM Enemy 8,FSM,ChaseState,WallDisappear,1.00,19.0,0,0.89,0,,,82762109
45.15,Utility Enemy 4,Utility,ChaseAction,WallDisappear,1.00,19.8,1,0.89,0,0.850,0.300,82762109
45.15,Utility Enemy 7,Utility,ChaseAction,WallDisappear,1.00,34.9,0,0.89,0,0.850,0.300,82762109
45.15,Utility Enemy 8,Utility,ChaseAction,WallDisappear,1.00,23.8,0,0.89,0,0.850,0.300,82762109
45.15,Utility Enemy 14,Utility,ChaseAction,WallDisappear,1.00,18.2,0,0.89,0,0.850,0.300,82762109
45.15,Utility Enemy 5,Utility,ChaseAction,WallDisappear,1.00,10.4,1,0.89,0,0.850,0.403,82762109
45.15,Utility Enemy 6,Utility,ChaseAction,WallDisappear,1.00,24.3,0,0.89,0,0.850,0.300,82762109
45.15,Utility Enemy 9,Utility,ChaseAction,WallDisappear,1.00,26.8,0,0.89,0,0.850,0.300,82762109
45.15,Utility Enemy 2,Utility,ChaseAction,WallDisappear,1.00,33.0,0,0.89,0,0.850,0.300,82762109
45.15,Utility Enemy 1,Utility,ChaseAction,WallDisappear,0.90,35.8,0,0.89,0,0.850,0.300,82762109
45.15,Utility Enemy 13,Utility,ChaseAction,WallDisappear,1.00,4.4,1,0.89,0,0.850,0.742,82762109
45.15,Utility Enemy 10,Utility,ChaseAction,WallDisappear,1.00,53.4,0,0.89,0,0.850,0.300,82762109
45.15,Utility Enemy 15,Utility,ChaseAction,WallDisappear,1.00,18.4,0,0.89,0,0.850,0.300,82762109
45.15,Utility Enemy 11,Utility,ChaseAction,WallDisappear,1.00,28.5,0,0.89,0,0.850,0.300,82762109
45.15,Utility Enemy 3,Utility,ChaseAction,WallDisappear,1.00,45.5,0,0.89,0,0.850,0.300,82762109
45.15,Utility Enemy 12,Utility,ChaseAction,WallDisappear,1.00,42.8,0,0.89,0,0.850,0.300,82762109
46.15,Player,Player,-,EnemyDuplicate,0.73,,0,0.73,,,,82762109
46.15,FSM Enemy 13,FSM,AttackState,EnemyDuplicate,1.00,19.2,0,0.73,0,,,82762109
46.15,FSM Enemy 10,FSM,AttackState,EnemyDuplicate,1.00,35.5,0,0.73,0,,,82762109
46.15,FSM Enemy 14,FSM,AttackState,EnemyDuplicate,1.00,55.7,0,0.73,0,,,82762109
46.15,FSM Enemy 4,FSM,AttackState,EnemyDuplicate,1.00,43.2,0,0.73,0,,,82762109
46.15,FSM Enemy 12,FSM,AttackState,EnemyDuplicate,1.00,45.8,0,0.73,0,,,82762109
46.15,FSM Enemy 3,FSM,AttackState,EnemyDuplicate,1.00,46.8,0,0.73,0,,,82762109
46.15,FSM Enemy 5,FSM,AttackState,EnemyDuplicate,1.00,30.5,0,0.73,0,,,82762109
46.15,FSM Enemy 1,FSM,AttackState,EnemyDuplicate,1.00,47.9,0,0.73,0,,,82762109
46.15,FSM Enemy 7,FSM,AttackState,EnemyDuplicate,1.00,19.4,1,0.73,0,,,82762109
46.15,FSM Enemy 2,FSM,AttackState,EnemyDuplicate,1.00,63.5,0,0.73,0,,,82762109
46.15,FSM Enemy 15,FSM,Dead,EnemyDuplicate,0.00,7.0,0,0.73,16,,,82762109
46.15,FSM Enemy 6,FSM,AttackState,EnemyDuplicate,1.00,20.7,0,0.73,0,,,82762109
46.15,FSM Enemy 11,FSM,AttackState,EnemyDuplicate,1.00,29.0,0,0.73,8,,,82762109
46.15,FSM Enemy 9,FSM,AttackState,EnemyDuplicate,1.00,12.8,1,0.73,0,,,82762109
46.15,FSM Enemy 8,FSM,AttackState,EnemyDuplicate,1.00,19.0,0,0.73,0,,,82762109
46.15,Utility Enemy 4,Utility,RepositionAction,EnemyDuplicate,1.00,16.8,0,0.73,0,1.050,0.490,82762109
46.15,Utility Enemy 7,Utility,RepositionAction,EnemyDuplicate,1.00,33.5,0,0.73,0,0.650,0.120,82762109
46.15,Utility Enemy 8,Utility,RepositionAction,EnemyDuplicate,1.00,20.8,0,0.73,0,0.650,0.120,82762109
46.15,Utility Enemy 14,Utility,AttackAction,EnemyDuplicate,1.00,16.3,1,0.73,8,0.865,0.775,82762109
46.15,Utility Enemy 5,Utility,AttackAction,EnemyDuplicate,1.00,7.2,1,0.73,8,1.381,0.775,82762109
46.15,Utility Enemy 6,Utility,RepositionAction,EnemyDuplicate,1.00,20.5,0,0.73,0,0.650,0.120,82762109
46.15,Utility Enemy 9,Utility,RepositionAction,EnemyDuplicate,1.00,24.8,0,0.73,0,0.650,0.120,82762109
46.15,Utility Enemy 2,Utility,RepositionAction,EnemyDuplicate,1.00,28.5,0,0.73,0,0.650,0.120,82762109
46.15,Utility Enemy 1,Utility,RepositionAction,EnemyDuplicate,0.90,32.3,0,0.73,0,0.650,0.120,82762109
46.15,Utility Enemy 13,Utility,RepositionAction,EnemyDuplicate,1.00,3.5,0,0.73,0,1.050,0.540,82762109
46.15,Utility Enemy 10,Utility,RepositionAction,EnemyDuplicate,1.00,50.4,0,0.73,0,0.650,0.120,82762109
46.15,Utility Enemy 15,Utility,RepositionAction,EnemyDuplicate,1.00,17.6,0,0.73,0,0.650,0.120,82762109
46.15,Utility Enemy 11,Utility,RepositionAction,EnemyDuplicate,1.00,25.1,0,0.73,0,0.650,0.120,82762109
46.15,Utility Enemy 3,Utility,RepositionAction,EnemyDuplicate,1.00,42.4,0,0.73,0,0.650,0.120,82762109
46.15,Utility Enemy 12,Utility,RepositionAction,EnemyDuplicate,1.00,40.1,0,0.73,0,0.650,0.120,82762109
47.15,Player,Player,-,EnemyDuplicate,0.52,,0,0.52,,,,82762109
47.15,FSM Enemy 13,FSM,AttackState,EnemyDuplicate,1.00,19.2,0,0.52,0,,,82762109
47.15,FSM Enemy 10,FSM,AttackState,EnemyDuplicate,1.00,35.5,0,0.52,0,,,82762109
47.15,FSM Enemy 14,FSM,AttackState,EnemyDuplicate,1.00,55.7,0,0.52,0,,,82762109
47.15,FSM Enemy 4,FSM,AttackState,EnemyDuplicate,1.00,43.2,0,0.52,0,,,82762109
47.15,FSM Enemy 12,FSM,AttackState,EnemyDuplicate,1.00,45.8,0,0.52,0,,,82762109
47.15,FSM Enemy 3,FSM,AttackState,EnemyDuplicate,1.00,46.8,0,0.52,0,,,82762109
47.15,FSM Enemy 5,FSM,AttackState,EnemyDuplicate,1.00,30.5,0,0.52,0,,,82762109
47.15,FSM Enemy 1,FSM,AttackState,EnemyDuplicate,1.00,47.9,0,0.52,0,,,82762109
47.15,FSM Enemy 7,FSM,AttackState,EnemyDuplicate,1.00,19.4,1,0.52,8,,,82762109
47.15,FSM Enemy 2,FSM,AttackState,EnemyDuplicate,1.00,63.5,0,0.52,0,,,82762109
47.15,FSM Enemy 15,FSM,Dead,EnemyDuplicate,0.00,7.0,0,0.52,16,,,82762109
47.15,FSM Enemy 6,FSM,AttackState,EnemyDuplicate,1.00,20.7,0,0.52,0,,,82762109
47.15,FSM Enemy 11,FSM,AttackState,EnemyDuplicate,1.00,29.0,0,0.52,16,,,82762109
47.15,FSM Enemy 9,FSM,AttackState,EnemyDuplicate,1.00,12.8,1,0.52,0,,,82762109
47.15,FSM Enemy 8,FSM,AttackState,EnemyDuplicate,1.00,19.0,0,0.52,0,,,82762109
47.15,Utility Enemy 4,Utility,RepositionAction,EnemyDuplicate,1.00,19.4,0,0.52,0,1.050,0.540,82762109
47.15,Utility Enemy 7,Utility,RepositionAction,EnemyDuplicate,1.00,32.6,0,0.52,0,0.650,0.120,82762109
47.15,Utility Enemy 8,Utility,RepositionAction,EnemyDuplicate,1.00,24.3,0,0.52,0,0.650,0.120,82762109
47.15,Utility Enemy 14,Utility,RepositionAction,EnemyDuplicate,1.00,15.4,0,0.52,8,1.050,0.540,82762109
47.15,Utility Enemy 5,Utility,AttackAction,EnemyDuplicate,1.00,7.2,1,0.52,24,1.381,0.775,82762109
47.15,Utility Enemy 6,Utility,RepositionAction,EnemyDuplicate,1.00,21.6,0,0.52,0,0.650,0.120,82762109
47.15,Utility Enemy 9,Utility,RepositionAction,EnemyDuplicate,1.00,27.2,0,0.52,0,0.650,0.120,82762109
47.15,Utility Enemy 2,Utility,RepositionAction,EnemyDuplicate,1.00,24.3,0,0.52,0,0.650,0.120,82762109
47.15,Utility Enemy 1,Utility,RepositionAction,EnemyDuplicate,0.90,35.2,0,0.52,0,0.650,0.120,82762109
47.15,Utility Enemy 13,Utility,Dead,EnemyDuplicate,0.00,6.7,0,0.52,0,1.050,0.540,82762109
47.15,Utility Enemy 10,Utility,RepositionAction,EnemyDuplicate,1.00,50.7,0,0.52,0,0.650,0.120,82762109
47.15,Utility Enemy 15,Utility,RepositionAction,EnemyDuplicate,1.00,20.2,0,0.52,0,0.650,0.120,82762109
47.15,Utility Enemy 11,Utility,RepositionAction,EnemyDuplicate,1.00,28.2,0,0.52,0,0.650,0.120,82762109
47.15,Utility Enemy 3,Utility,RepositionAction,EnemyDuplicate,1.00,46.3,0,0.52,0,0.650,0.120,82762109
47.15,Utility Enemy 12,Utility,RepositionAction,EnemyDuplicate,1.00,43.0,0,0.52,0,0.650,0.120,82762109
48.15,Player,Player,-,EnemyDuplicate,0.52,,0,0.52,,,,82762109
48.15,FSM Enemy 13,FSM,AttackState,EnemyDuplicate,1.00,20.6,0,0.52,0,,,82762109
48.15,FSM Enemy 10,FSM,AttackState,EnemyDuplicate,1.00,35.1,0,0.52,0,,,82762109
48.15,FSM Enemy 14,FSM,AttackState,EnemyDuplicate,1.00,55.0,0,0.52,0,,,82762109
48.15,FSM Enemy 4,FSM,AttackState,EnemyDuplicate,1.00,41.9,0,0.52,0,,,82762109
48.15,FSM Enemy 12,FSM,AttackState,EnemyDuplicate,1.00,44.3,0,0.52,0,,,82762109
48.15,FSM Enemy 3,FSM,AttackState,EnemyDuplicate,1.00,46.8,0,0.52,0,,,82762109
48.15,FSM Enemy 5,FSM,AttackState,EnemyDuplicate,1.00,31.7,0,0.52,0,,,82762109
48.15,FSM Enemy 1,FSM,AttackState,EnemyDuplicate,1.00,48.8,0,0.52,0,,,82762109
48.15,FSM Enemy 7,FSM,AttackState,EnemyDuplicate,1.00,19.8,0,0.52,8,,,82762109
48.15,FSM Enemy 2,FSM,AttackState,EnemyDuplicate,1.00,63.1,0,0.52,0,,,82762109
48.15,FSM Enemy 15,FSM,Dead,EnemyDuplicate,0.00,8.4,0,0.52,16,,,82762109
48.15,FSM Enemy 6,FSM,AttackState,EnemyDuplicate,1.00,19.2,0,0.52,0,,,82762109
48.15,FSM Enemy 11,FSM,AttackState,EnemyDuplicate,1.00,30.1,0,0.52,16,,,82762109
48.15,FSM Enemy 9,FSM,AttackState,EnemyDuplicate,1.00,12.1,1,0.52,0,,,82762109
48.15,FSM Enemy 8,FSM,AttackState,EnemyDuplicate,1.00,18.6,1,0.52,0,,,82762109
48.15,Utility Enemy 4,Utility,RepositionAction,EnemyDuplicate,1.00,20.3,0,0.52,0,1.050,0.540,82762109
48.15,Utility Enemy 7,Utility,RepositionAction,EnemyDuplicate,1.00,31.8,0,0.52,0,0.650,0.120,82762109
48.15,Utility Enemy 8,Utility,RepositionAction,EnemyDuplicate,1.00,25.9,0,0.52,0,0.650,0.120,82762109
48.15,Utility Enemy 14,Utility,RepositionAction,EnemyDuplicate,1.00,17.4,0,0.52,8,1.050,0.540,82762109
48.15,Utility Enemy 5,Utility,AttackAction,EnemyDuplicate,1.00,5.3,1,0.52,24,1.481,0.775,82762109
48.15,Utility Enemy 6,Utility,RepositionAction,EnemyDuplicate,1.00,19.0,0,0.52,0,0.650,0.120,82762109
48.15,Utility Enemy 9,Utility,RepositionAction,EnemyDuplicate,1.00,27.3,0,0.52,0,0.650,0.120,82762109
48.15,Utility Enemy 2,Utility,RepositionAction,EnemyDuplicate,1.00,22.4,0,0.52,0,0.650,0.120,82762109
48.15,Utility Enemy 1,Utility,RepositionAction,EnemyDuplicate,0.90,39.7,0,0.52,0,0.650,0.120,82762109
48.15,Utility Enemy 13,Utility,Dead,EnemyDuplicate,0.00,7.5,0,0.52,0,1.050,0.540,82762109
48.15,Utility Enemy 10,Utility,RepositionAction,EnemyDuplicate,1.00,50.8,0,0.52,0,0.650,0.120,82762109
48.15,Utility Enemy 15,Utility,RepositionAction,EnemyDuplicate,1.00,18.0,0,0.52,0,0.650,0.120,82762109
48.15,Utility Enemy 11,Utility,RepositionAction,EnemyDuplicate,1.00,27.5,0,0.52,0,0.650,0.120,82762109
48.15,Utility Enemy 3,Utility,RepositionAction,EnemyDuplicate,1.00,45.1,0,0.52,0,0.650,0.120,82762109
48.15,Utility Enemy 12,Utility,RepositionAction,EnemyDuplicate,1.00,41.4,0,0.52,0,0.650,0.120,82762109
49.16,Player,Player,-,EnemyDuplicate,0.31,,0,0.31,,,,82762109
49.16,FSM Enemy 13,FSM,AttackState,EnemyDuplicate,1.00,21.2,0,0.31,0,,,82762109
49.16,FSM Enemy 10,FSM,AttackState,EnemyDuplicate,1.00,34.7,0,0.31,0,,,82762109
49.16,FSM Enemy 14,FSM,AttackState,EnemyDuplicate,1.00,54.5,0,0.31,0,,,82762109
49.16,FSM Enemy 4,FSM,AttackState,EnemyDuplicate,1.00,41.3,0,0.31,0,,,82762109
49.16,FSM Enemy 12,FSM,AttackState,EnemyDuplicate,1.00,43.8,0,0.31,0,,,82762109
49.16,FSM Enemy 3,FSM,AttackState,EnemyDuplicate,1.00,46.4,0,0.31,0,,,82762109
49.16,FSM Enemy 5,FSM,AttackState,EnemyDuplicate,1.00,32.0,0,0.31,0,,,82762109
49.16,FSM Enemy 1,FSM,AttackState,EnemyDuplicate,1.00,49.0,0,0.31,0,,,82762109
49.16,FSM Enemy 7,FSM,AttackState,EnemyDuplicate,1.00,19.7,0,0.31,8,,,82762109
49.16,FSM Enemy 2,FSM,AttackState,EnemyDuplicate,1.00,62.6,0,0.31,0,,,82762109
49.16,FSM Enemy 15,FSM,Dead,EnemyDuplicate,0.00,9.0,0,0.31,16,,,82762109
49.16,FSM Enemy 6,FSM,AttackState,EnemyDuplicate,1.00,18.7,0,0.31,0,,,82762109
49.16,FSM Enemy 11,FSM,AttackState,EnemyDuplicate,1.00,30.4,0,0.31,16,,,82762109
49.16,FSM Enemy 9,FSM,AttackState,EnemyDuplicate,1.00,11.6,1,0.31,0,,,82762109
49.16,FSM Enemy 8,FSM,AttackState,EnemyDuplicate,1.00,18.2,1,0.31,8,,,82762109
49.16,Utility Enemy 4,Utility,RepositionAction,EnemyDuplicate,1.00,22.4,0,0.31,0,1.050,0.540,82762109
49.16,Utility Enemy 7,Utility,RepositionAction,EnemyDuplicate,1.00,33.5,0,0.31,0,0.650,0.120,82762109
49.16,Utility Enemy 8,Utility,RepositionAction,EnemyDuplicate,1.00,23.0,0,0.31,0,0.650,0.120,82762109
49.16,Utility Enemy 14,Utility,RepositionAction,EnemyDuplicate,1.00,20.5,0,0.31,8,1.050,0.540,82762109
49.16,Utility Enemy 5,Utility,AttackAction,EnemyDuplicate,0.25,4.2,1,0.31,40,1.547,0.775,82762109
49.16,Utility Enemy 6,Utility,RepositionAction,EnemyDuplicate,1.00,21.4,0,0.31,0,0.650,0.120,82762109
49.16,Utility Enemy 9,Utility,RepositionAction,EnemyDuplicate,0.90,29.4,0,0.31,0,0.650,0.120,82762109
49.16,Utility Enemy 2,Utility,RepositionAction,EnemyDuplicate,1.00,18.7,1,0.31,0,0.775,0.135,82762109
49.16,Utility Enemy 1,Utility,RepositionAction,EnemyDuplicate,0.90,43.9,0,0.31,0,0.650,0.120,82762109
49.16,Utility Enemy 13,Utility,Dead,EnemyDuplicate,0.00,8.1,0,0.31,0,1.050,0.540,82762109
49.16,Utility Enemy 10,Utility,RepositionAction,EnemyDuplicate,1.00,47.6,0,0.31,0,0.650,0.120,82762109
49.16,Utility Enemy 15,Utility,RepositionAction,EnemyDuplicate,1.00,15.3,0,0.31,8,1.050,0.490,82762109
49.16,Utility Enemy 11,Utility,RepositionAction,EnemyDuplicate,1.00,24.8,0,0.31,0,0.650,0.120,82762109
49.16,Utility Enemy 3,Utility,RepositionAction,EnemyDuplicate,1.00,40.9,0,0.31,0,0.650,0.120,82762109
49.16,Utility Enemy 12,Utility,RepositionAction,EnemyDuplicate,1.00,45.0,0,0.31,0,0.650,0.120,82762109
50.17,Player,Player,-,EnemyDuplicate,0.31,,0,0.31,,,,82762109
50.17,FSM Enemy 13,FSM,AttackState,EnemyDuplicate,1.00,19.0,0,0.31,0,,,82762109
50.17,FSM Enemy 10,FSM,AttackState,EnemyDuplicate,1.00,35.7,0,0.31,0,,,82762109
50.17,FSM Enemy 14,FSM,AttackState,EnemyDuplicate,1.00,56.0,0,0.31,0,,,82762109
50.17,FSM Enemy 4,FSM,AttackState,EnemyDuplicate,1.00,43.4,0,0.31,0,,,82762109
50.17,FSM Enemy 12,FSM,AttackState,EnemyDuplicate,1.00,46.0,0,0.31,0,,,82762109
50.17,FSM Enemy 3,FSM,AttackState,EnemyDuplicate,1.00,47.0,0,0.31,0,,,82762109
50.17,FSM Enemy 5,FSM,AttackState,EnemyDuplicate,1.00,30.5,0,0.31,0,,,82762109
50.17,FSM Enemy 1,FSM,AttackState,EnemyDuplicate,1.00,47.9,0,0.31,0,,,82762109
50.17,FSM Enemy 7,FSM,AttackState,EnemyDuplicate,1.00,19.5,0,0.31,8,,,82762109
50.17,FSM Enemy 2,FSM,AttackState,EnemyDuplicate,1.00,63.8,0,0.31,0,,,82762109
50.17,FSM Enemy 15,FSM,Dead,EnemyDuplicate,0.00,6.7,0,0.31,16,,,82762109
50.17,FSM Enemy 6,FSM,AttackState,EnemyDuplicate,1.00,20.9,0,0.31,0,,,82762109
50.17,FSM Enemy 11,FSM,AttackState,EnemyDuplicate,1.00,28.9,0,0.31,16,,,82762109
50.17,FSM Enemy 9,FSM,AttackState,EnemyDuplicate,1.00,13.0,0,0.31,0,,,82762109
50.17,FSM Enemy 8,FSM,AttackState,EnemyDuplicate,1.00,19.3,0,0.31,8,,,82762109
50.17,Utility Enemy 4,Utility,RepositionAction,EnemyDuplicate,1.00,19.0,0,0.31,0,0.650,0.120,82762109
50.17,Utility Enemy 7,Utility,RepositionAction,EnemyDuplicate,1.00,38.8,0,0.31,0,0.650,0.120,82762109
50.17,Utility Enemy 8,Utility,RepositionAction,EnemyDuplicate,1.00,22.1,0,0.31,0,0.650,0.120,82762109
50.17,Utility Enemy 14,Utility,RepositionAction,EnemyDuplicate,1.00,24.2,0,0.31,8,1.050,0.540,82762109
50.17,Utility Enemy 5,Utility,Dead,EnemyDuplicate,0.00,5.2,0,0.31,40,1.547,0.775,82762109
50.17,Utility Enemy 6,Utility,RepositionAction,EnemyDuplicate,1.00,26.2,0,0.31,0,0.650,0.120,82762109
50.17,Utility Enemy 9,Utility,RepositionAction,EnemyDuplicate,0.90,31.1,0,0.31,0,0.650,0.120,82762109
50.17,Utility Enemy 2,Utility,RepositionAction,EnemyDuplicate,1.00,20.7,0,0.31,0,1.050,0.540,82762109
50.17,Utility Enemy 1,Utility,RepositionAction,EnemyDuplicate,0.90,46.8,0,0.31,0,0.650,0.120,82762109
50.17,Utility Enemy 13,Utility,Dead,EnemyDuplicate,0.00,6.4,0,0.31,0,1.050,0.540,82762109
50.17,Utility Enemy 10,Utility,RepositionAction,EnemyDuplicate,1.00,48.7,0,0.31,0,0.650,0.120,82762109
50.17,Utility Enemy 15,Utility,RepositionAction,EnemyDuplicate,1.00,16.9,0,0.31,8,1.050,0.540,82762109
50.17,Utility Enemy 11,Utility,RepositionAction,EnemyDuplicate,1.00,23.1,0,0.31,0,0.650,0.120,82762109
50.17,Utility Enemy 3,Utility,RepositionAction,EnemyDuplicate,1.00,38.4,0,0.31,0,0.650,0.120,82762109
50.17,Utility Enemy 12,Utility,RepositionAction,EnemyDuplicate,1.00,46.5,0,0.31,0,0.650,0.120,82762109
51.17,Player,Player,-,None,0.31,,0,0.31,,,,82762109
51.17,FSM Enemy 13,FSM,PatrolState,None,1.00,21.3,0,0.31,0,,,82762109
51.17,FSM Enemy 10,FSM,PatrolState,None,1.00,37.0,0,0.31,0,,,82762109
51.17,FSM Enemy 14,FSM,PatrolState,None,1.00,56.8,0,0.31,0,,,82762109
51.17,FSM Enemy 4,FSM,PatrolState,None,1.00,43.5,0,0.31,0,,,82762109
51.17,FSM Enemy 12,FSM,PatrolState,None,1.00,45.2,0,0.31,0,,,82762109
51.17,FSM Enemy 3,FSM,PatrolState,None,1.00,48.6,0,0.31,0,,,82762109
51.17,FSM Enemy 5,FSM,PatrolState,None,1.00,32.3,0,0.31,0,,,82762109
51.17,FSM Enemy 1,FSM,PatrolState,None,1.00,50.4,0,0.31,0,,,82762109
51.17,FSM Enemy 7,FSM,ChaseState,None,1.00,18.9,0,0.31,8,,,82762109
51.17,FSM Enemy 2,FSM,PatrolState,None,1.00,64.9,0,0.31,0,,,82762109
51.17,FSM Enemy 15,FSM,Dead,None,0.00,8.0,0,0.31,16,,,82762109
51.17,FSM Enemy 6,FSM,PatrolState,None,1.00,20.2,0,0.31,0,,,82762109
51.17,FSM Enemy 11,FSM,PatrolState,None,1.00,29.8,0,0.31,16,,,82762109
51.17,FSM Enemy 9,FSM,AttackState,None,1.00,12.9,1,0.31,0,,,82762109
51.17,FSM Enemy 8,FSM,AttackState,None,1.00,17.7,1,0.31,8,,,82762109
51.17,Utility Enemy 4,Utility,PatrolAction,None,1.00,17.1,0,0.31,0,0.120,0.000,82762109
51.17,Utility Enemy 7,Utility,PatrolAction,None,1.00,35.9,0,0.31,0,0.120,0.000,82762109
51.17,Utility Enemy 8,Utility,PatrolAction,None,1.00,22.3,0,0.31,0,0.120,0.000,82762109
51.17,Utility Enemy 14,Utility,PatrolAction,None,1.00,24.8,0,0.31,8,0.120,0.000,82762109
51.17,Utility Enemy 5,Utility,Dead,None,0.00,5.3,1,0.31,40,1.547,0.775,82762109
51.17,Utility Enemy 6,Utility,PatrolAction,None,1.00,28.9,0,0.31,0,0.120,0.000,82762109
51.17,Utility Enemy 9,Utility,PatrolAction,None,0.90,27.9,0,0.31,0,0.120,0.000,82762109
51.17,Utility Enemy 2,Utility,ChaseAction,None,1.00,23.0,0,0.31,0,0.490,0.400,82762109
51.17,Utility Enemy 1,Utility,PatrolAction,None,0.90,52.2,0,0.31,0,0.120,0.000,82762109
51.17,Utility Enemy 13,Utility,Dead,None,0.00,6.9,0,0.31,0,1.050,0.540,82762109
51.17,Utility Enemy 10,Utility,PatrolAction,None,1.00,46.4,0,0.31,0,0.120,0.000,82762109
51.17,Utility Enemy 15,Utility,ChaseAction,None,1.00,19.3,0,0.31,8,0.490,0.400,82762109
51.17,Utility Enemy 11,Utility,PatrolAction,None,1.00,22.2,0,0.31,0,0.120,0.000,82762109
51.17,Utility Enemy 3,Utility,PatrolAction,None,1.00,36.5,0,0.31,0,0.120,0.000,82762109
51.17,Utility Enemy 12,Utility,PatrolAction,None,1.00,45.4,0,0.31,0,0.120,0.000,82762109
52.18,Player,Player,-,None,0.31,,0,0.31,,,,82762109
52.18,FSM Enemy 13,FSM,PatrolState,None,1.00,23.1,0,0.31,0,,,82762109
52.18,FSM Enemy 10,FSM,PatrolState,None,1.00,39.5,0,0.31,0,,,82762109
52.18,FSM Enemy 14,FSM,PatrolState,None,1.00,59.0,0,0.31,0,,,82762109
52.18,FSM Enemy 4,FSM,PatrolState,None,1.00,45.7,0,0.31,0,,,82762109
52.18,FSM Enemy 12,FSM,PatrolState,None,1.00,46.7,0,0.31,0,,,82762109
52.18,FSM Enemy 3,FSM,PatrolState,None,1.00,51.0,0,0.31,0,,,82762109
52.18,FSM Enemy 5,FSM,PatrolState,None,1.00,33.1,0,0.31,0,,,82762109
52.18,FSM Enemy 1,FSM,PatrolState,None,1.00,52.9,0,0.31,0,,,82762109
52.18,FSM Enemy 7,FSM,PatrolState,None,1.00,16.5,0,0.31,8,,,82762109
52.18,FSM Enemy 2,FSM,PatrolState,None,1.00,67.2,0,0.31,0,,,82762109
52.18,FSM Enemy 15,FSM,AttackState,None,1.00,17.4,1,0.31,16,,,82762109
52.18,FSM Enemy 6,FSM,PatrolState,None,1.00,21.7,0,0.31,0,,,82762109
52.18,FSM Enemy 11,FSM,PatrolState,None,1.00,28.4,0,0.31,16,,,82762109
52.18,FSM Enemy 9,FSM,AttackState,None,0.75,12.9,1,0.31,0,,,82762109
52.18,FSM Enemy 8,FSM,AttackState,None,1.00,17.1,1,0.31,8,,,82762109
52.18,Utility Enemy 4,Utility,PatrolAction,None,1.00,12.6,0,0.31,0,0.120,0.000,82762109
52.18,Utility Enemy 7,Utility,PatrolAction,None,1.00,36.1,0,0.31,0,0.120,0.000,82762109
52.18,Utility Enemy 8,Utility,PatrolAction,None,1.00,26.0,0,0.31,0,0.120,0.000,82762109
52.18,Utility Enemy 14,Utility,PatrolAction,None,1.00,28.6,0,0.31,8,0.120,0.000,82762109
52.18,Utility Enemy 5,Utility,Dead,None,0.00,5.3,1,0.31,40,1.547,0.775,82762109
52.18,Utility Enemy 6,Utility,PatrolAction,None,1.00,31.2,0,0.31,0,0.120,0.000,82762109
52.18,Utility Enemy 9,Utility,PatrolAction,None,0.90,29.5,0,0.31,0,0.120,0.000,82762109
52.18,Utility Enemy 2,Utility,ChaseAction,None,1.00,18.9,0,0.31,0,0.490,0.400,82762109
52.18,Utility Enemy 1,Utility,PatrolAction,None,0.90,56.7,0,0.31,0,0.120,0.000,82762109
52.18,Utility Enemy 13,Utility,Dead,None,0.00,6.9,0,0.31,0,1.050,0.540,82762109
52.18,Utility Enemy 10,Utility,PatrolAction,None,1.00,42.1,0,0.31,0,0.120,0.000,82762109
52.18,Utility Enemy 15,Utility,ChaseAction,None,1.00,15.2,1,0.31,8,0.490,0.400,82762109
52.18,Utility Enemy 11,Utility,PatrolAction,None,1.00,19.8,1,0.31,0,0.120,0.000,82762109
52.18,Utility Enemy 3,Utility,PatrolAction,None,1.00,34.3,0,0.31,0,0.120,0.000,82762109
52.18,Utility Enemy 12,Utility,PatrolAction,None,1.00,45.0,0,0.31,0,0.120,0.000,82762109
53.18,Player,Player,-,None,0.31,,0,0.31,,,,82762109
53.18,FSM Enemy 13,FSM,PatrolState,None,1.00,24.6,0,0.31,0,,,82762109
53.18,FSM Enemy 10,FSM,PatrolState,None,1.00,41.1,0,0.31,0,,,82762109
53.18,FSM Enemy 14,FSM,PatrolState,None,1.00,60.6,0,0.31,0,,,82762109
53.18,FSM Enemy 4,FSM,PatrolState,None,1.00,48.2,0,0.31,0,,,82762109
53.18,FSM Enemy 12,FSM,PatrolState,None,1.00,49.0,0,0.31,0,,,82762109
53.18,FSM Enemy 3,FSM,PatrolState,None,1.00,52.4,0,0.31,0,,,82762109
53.18,FSM Enemy 5,FSM,PatrolState,None,1.00,32.9,0,0.31,0,,,82762109
53.18,FSM Enemy 1,FSM,PatrolState,None,1.00,54.1,0,0.31,0,,,82762109
53.18,FSM Enemy 7,FSM,PatrolState,None,1.00,12.8,0,0.31,8,,,82762109
53.18,FSM Enemy 2,FSM,PatrolState,None,1.00,68.8,0,0.31,0,,,82762109
53.18,FSM Enemy 15,FSM,AttackState,None,1.00,17.5,1,0.31,16,,,82762109
53.18,FSM Enemy 6,FSM,PatrolState,None,1.00,24.1,0,0.31,0,,,82762109
53.18,FSM Enemy 11,FSM,PatrolState,None,1.00,25.6,0,0.31,16,,,82762109
53.18,FSM Enemy 9,FSM,ChaseState,None,0.75,12.2,0,0.31,0,,,82762109
53.18,FSM Enemy 8,FSM,ChaseState,None,1.00,15.8,0,0.31,8,,,82762109
53.18,Utility Enemy 4,Utility,PatrolAction,None,1.00,7.7,0,0.31,0,0.120,0.000,82762109
53.18,Utility Enemy 7,Utility,PatrolAction,None,1.00,35.2,0,0.31,0,0.120,0.000,82762109
53.18,Utility Enemy 8,Utility,PatrolAction,None,1.00,23.2,0,0.31,0,0.120,0.000,82762109
53.18,Utility Enemy 14,Utility,PatrolAction,None,1.00,30.3,0,0.31,8,0.120,0.000,82762109
53.18,Utility Enemy 5,Utility,Dead,None,0.00,4.5,0,0.31,40,1.547,0.775,82762109
53.18,Utility Enemy 6,Utility,PatrolAction,None,1.00,30.9,0,0.31,0,0.120,0.000,82762109
53.18,Utility Enemy 9,Utility,PatrolAction,None,0.90,25.5,0,0.31,0,0.120,0.000,82762109
53.18,Utility Enemy 2,Utility,ChaseAction,None,1.00,14.3,0,0.31,0,0.490,0.400,82762109
53.18,Utility Enemy 1,Utility,PatrolAction,None,0.90,57.7,0,0.31,0,0.120,0.000,82762109
53.18,Utility Enemy 13,Utility,Dead,None,0.00,7.2,0,0.31,0,1.050,0.540,82762109
53.18,Utility Enemy 10,Utility,PatrolAction,None,1.00,37.6,0,0.31,0,0.120,0.000,82762109
53.18,Utility Enemy 15,Utility,AttackAction,None,1.00,13.7,1,0.31,8,0.215,0.170,82762109
53.18,Utility Enemy 11,Utility,ChaseAction,None,1.00,15.7,0,0.31,0,0.490,0.400,82762109
53.18,Utility Enemy 3,Utility,PatrolAction,None,1.00,37.4,0,0.31,0,0.120,0.000,82762109
53.18,Utility Enemy 12,Utility,PatrolAction,None,1.00,40.3,0,0.31,0,0.120,0.000,82762109
54.18,Player,Player,-,None,0.09,,0,0.09,,,,82762109
54.18,FSM Enemy 13,FSM,PatrolState,None,1.00,30.2,0,0.09,0,,,82762109
54.18,FSM Enemy 10,FSM,PatrolState,None,1.00,42.4,0,0.09,0,,,82762109
54.18,FSM Enemy 14,FSM,PatrolState,None,1.00,60.3,0,0.09,0,,,82762109
54.18,FSM Enemy 4,FSM,PatrolState,None,1.00,45.7,0,0.09,0,,,82762109
54.18,FSM Enemy 12,FSM,PatrolState,None,1.00,47.2,0,0.09,0,,,82762109
54.18,FSM Enemy 3,FSM,PatrolState,None,1.00,54.5,0,0.09,0,,,82762109
54.18,FSM Enemy 5,FSM,PatrolState,None,1.00,37.1,0,0.09,0,,,82762109
54.18,FSM Enemy 1,FSM,PatrolState,None,1.00,58.7,0,0.09,0,,,82762109
54.18,FSM Enemy 7,FSM,AttackState,None,1.00,12.4,1,0.09,24,,,82762109
54.18,FSM Enemy 2,FSM,PatrolState,None,1.00,69.5,0,0.09,0,,,82762109
54.18,FSM Enemy 15,FSM,AttackState,None,1.00,14.1,1,0.09,16,,,82762109
54.18,FSM Enemy 6,FSM,PatrolState,None,1.00,22.7,0,0.09,0,,,82762109
54.18,FSM Enemy 11,FSM,PatrolState,None,1.00,27.1,0,0.09,16,,,82762109
54.18,FSM Enemy 9,FSM,TakeCoverState,None,0.25,9.9,1,0.09,8,,,82762109
54.18,FSM Enemy 8,FSM,AttackState,None,0.75,13.3,1,0.09,16,,,82762109
54.18,Utility Enemy 4,Utility,PatrolAction,None,1.00,9.5,0,0.09,0,0.120,0.000,82762109
54.18,Utility Enemy 7,Utility,PatrolAction,None,1.00,30.8,0,0.09,0,0.120,0.000,82762109
54.18,Utility Enemy 8,Utility,PatrolAction,None,1.00,23.8,0,0.09,0,0.120,0.000,82762109
54.18,Utility Enemy 14,Utility,PatrolAction,None,1.00,29.0,0,0.09,8,0.120,0.000,82762109
54.18,Utility Enemy 5,Utility,Dead,None,0.00,4.2,1,0.09,40,1.547,0.775,82762109
54.18,Utility Enemy 6,Utility,PatrolAction,None,1.00,27.2,0,0.09,0,0.120,0.000,82762109
54.18,Utility Enemy 9,Utility,PatrolAction,None,0.90,22.3,0,0.09,0,0.120,0.000,82762109
54.18,Utility Enemy 2,Utility,PatrolAction,None,1.00,10.4,0,0.09,0,0.120,0.000,82762109
54.18,Utility Enemy 1,Utility,PatrolAction,None,0.90,54.0,0,0.09,0,0.120,0.000,82762109
54.18,Utility Enemy 13,Utility,Dead,None,0.00,9.9,0,0.09,0,1.050,0.540,82762109
54.18,Utility Enemy 10,Utility,PatrolAction,None,1.00,33.2,0,0.09,0,0.120,0.000,82762109
54.18,Utility Enemy 15,Utility,ChaseAction,None,0.75,11.4,0,0.09,8,0.490,0.400,82762109
54.18,Utility Enemy 11,Utility,AttackAction,None,1.00,13.5,1,0.09,0,0.254,0.161,82762109
54.18,Utility Enemy 3,Utility,PatrolAction,None,1.00,38.5,0,0.09,0,0.120,0.000,82762109
54.18,Utility Enemy 12,Utility,PatrolAction,None,1.00,36.5,0,0.09,0,0.120,0.000,82762109
55.19,Player,Player,-,None,0.09,,0,0.09,,,,82762109
55.19,FSM Enemy 13,FSM,PatrolState,None,1.00,32.6,0,0.09,0,,,82762109
55.19,FSM Enemy 10,FSM,PatrolState,None,1.00,44.9,0,0.09,0,,,82762109
55.19,FSM Enemy 14,FSM,PatrolState,None,1.00,62.2,0,0.09,0,,,82762109
55.19,FSM Enemy 4,FSM,PatrolState,None,1.00,45.3,0,0.09,0,,,82762109
55.19,FSM Enemy 12,FSM,PatrolState,None,1.00,48.7,0,0.09,0,,,82762109
55.19,FSM Enemy 3,FSM,PatrolState,None,1.00,57.0,0,0.09,0,,,82762109
55.19,FSM Enemy 5,FSM,PatrolState,None,1.00,38.4,0,0.09,0,,,82762109
55.19,FSM Enemy 1,FSM,PatrolState,None,1.00,61.3,0,0.09,0,,,82762109
55.19,FSM Enemy 7,FSM,AttackState,None,1.00,12.5,1,0.09,24,,,82762109
55.19,FSM Enemy 2,FSM,PatrolState,None,1.00,71.7,0,0.09,0,,,82762109
55.19,FSM Enemy 15,FSM,AttackState,None,1.00,13.8,1,0.09,16,,,82762109
55.19,FSM Enemy 6,FSM,PatrolState,None,1.00,24.6,0,0.09,0,,,82762109
55.19,FSM Enemy 11,FSM,PatrolState,None,1.00,25.9,0,0.09,16,,,82762109
55.19,FSM Enemy 9,FSM,TakeCoverState,None,0.25,9.6,1,0.09,8,,,82762109
55.19,FSM Enemy 8,FSM,AttackState,None,0.75,13.3,1,0.09,16,,,82762109
55.19,Utility Enemy 4,Utility,PatrolAction,None,1.00,12.6,0,0.09,0,0.120,0.000,82762109
55.19,Utility Enemy 7,Utility,PatrolAction,None,1.00,29.9,0,0.09,0,0.120,0.000,82762109
55.19,Utility Enemy 8,Utility,PatrolAction,None,1.00,19.8,1,0.09,0,0.120,0.000,82762109
55.19,Utility Enemy 14,Utility,PatrolAction,None,1.00,29.0,0,0.09,8,0.120,0.000,82762109
55.19,Utility Enemy 5,Utility,Dead,None,0.00,4.3,1,0.09,40,1.547,0.775,82762109
55.19,Utility Enemy 6,Utility,PatrolAction,None,1.00,23.0,0,0.09,0,0.120,0.000,82762109
55.19,Utility Enemy 9,Utility,PatrolAction,None,0.90,25.8,0,0.09,0,0.120,0.000,82762109
55.19,Utility Enemy 2,Utility,PatrolAction,None,1.00,10.6,0,0.09,0,0.120,0.000,82762109
55.19,Utility Enemy 1,Utility,PatrolAction,None,0.90,50.5,0,0.09,0,0.120,0.000,82762109
55.19,Utility Enemy 13,Utility,Dead,None,0.00,10.1,0,0.09,0,1.050,0.540,82762109
55.19,Utility Enemy 10,Utility,PatrolAction,None,1.00,32.7,0,0.09,0,0.120,0.000,82762109
55.19,Utility Enemy 15,Utility,ChaseAction,None,0.75,11.6,0,0.09,8,0.490,0.400,82762109
55.19,Utility Enemy 11,Utility,AttackAction,None,0.75,13.6,1,0.09,0,0.247,0.163,82762109
55.19,Utility Enemy 3,Utility,PatrolAction,None,1.00,36.0,0,0.09,0,0.120,0.000,82762109
55.19,Utility Enemy 12,Utility,PatrolAction,None,1.00,36.4,0,0.09,0,0.120,0.000,82762109
