time,enemyId,aiType,action,activeGlitch,health,distToPlayer,canSeePlayer,playerHealth,damageDealt,topUtilityScore,secondScore,seed
0.00,Player,Player,-,None,1.00,,0,1.00,,,,83378265
0.00,FSM Enemy 2,FSM,PatrolState,None,1.00,89.4,0,1.00,0,,,83378265
0.00,FSM Enemy 15,FSM,PatrolState,None,1.00,28.5,0,1.00,0,,,83378265
0.00,FSM Enemy 14,FSM,PatrolState,None,1.00,75.0,0,1.00,0,,,83378265
0.00,FSM Enemy 3,FSM,PatrolState,None,1.00,82.0,0,1.00,0,,,83378265
0.00,FSM Enemy 5,FSM,PatrolState,None,1.00,69.3,0,1.00,0,,,83378265
0.00,FSM Enemy 13,FSM,PatrolState,None,1.00,49.2,0,1.00,0,,,83378265
0.00,FSM Enemy 12,FSM,PatrolState,None,1.00,38.1,0,1.00,0,,,83378265
0.00,FSM Enemy 8,FSM,PatrolState,None,1.00,48.1,0,1.00,0,,,83378265
0.00,FSM Enemy 1,FSM,PatrolState,None,1.00,89.4,0,1.00,0,,,83378265
0.00,FSM Enemy 4,FSM,PatrolState,None,1.00,48.9,0,1.00,0,,,83378265
0.00,FSM Enemy 7,FSM,PatrolState,None,1.00,28.1,0,1.00,0,,,83378265
0.00,FSM Enemy 11,FSM,PatrolState,None,1.00,37.9,0,1.00,0,,,83378265
0.00,FSM Enemy 6,FSM,PatrolState,None,1.00,28.1,0,1.00,0,,,83378265
0.00,FSM Enemy 10,FSM,PatrolState,None,1.00,66.4,0,1.00,0,,,83378265
0.00,FSM Enemy 9,FSM,PatrolState,None,1.00,33.4,0,1.00,0,,,83378265
0.00,Utility Enemy 14,Utility,PatrolAction,None,1.00,50.6,0,1.00,0,0.120,0.000,83378265
0.00,Utility Enemy 8,Utility,PatrolAction,None,1.00,77.4,0,1.00,0,0.120,0.000,83378265
0.00,Utility Enemy 3,Utility,PatrolAction,None,1.00,62.9,0,1.00,0,0.120,0.000,83378265
0.00,Utility Enemy 7,Utility,PatrolAction,None,1.00,42.0,0,1.00,0,0.120,0.000,83378265
0.00,Utility Enemy 12,Utility,PatrolAction,None,1.00,33.7,0,1.00,0,0.120,0.000,83378265
0.00,Utility Enemy 15,Utility,PatrolAction,None,1.00,80.1,0,1.00,0,0.120,0.000,83378265
0.00,Utility Enemy 1,Utility,PatrolAction,None,1.00,84.4,0,1.00,0,0.120,0.000,83378265
0.00,Utility Enemy 5,Utility,PatrolAction,None,1.00,84.0,0,1.00,0,0.120,0.000,83378265
0.00,Utility Enemy 13,Utility,PatrolAction,None,1.00,50.6,0,1.00,0,0.120,0.000,83378265
0.00,Utility Enemy 6,Utility,PatrolAction,None,1.00,42.0,0,1.00,0,0.120,0.000,83378265
0.00,Utility Enemy 4,Utility,PatrolAction,None,1.00,62.9,0,1.00,0,0.120,0.000,83378265
0.00,Utility Enemy 10,Utility,PatrolAction,None,1.00,30.2,0,1.00,0,0.120,0.000,83378265
0.00,Utility Enemy 11,Utility,PatrolAction,None,1.00,33.7,0,1.00,0,0.120,0.000,83378265
0.00,Utility Enemy 9,Utility,PatrolAction,None,1.00,44.6,0,1.00,0,0.120,0.000,83378265
0.00,Utility Enemy 2,Utility,PatrolAction,None,1.00,84.4,0,1.00,0,0.120,0.000,83378265
1.00,Player,Player,-,None,1.00,,0,1.00,,,,83378265
1.00,FSM Enemy 2,FSM,PatrolState,None,1.00,87.8,0,1.00,0,,,83378265
1.00,FSM Enemy 15,FSM,PatrolState,None,1.00,26.1,0,1.00,0,,,83378265
1.00,FSM Enemy 14,FSM,PatrolState,None,1.00,75.5,0,1.00,0,,,83378265
1.00,FSM Enemy 3,FSM,PatrolState,None,1.00,80.6,0,1.00,0,,,83378265
1.00,FSM Enemy 5,FSM,PatrolState,None,1.00,71.5,0,1.00,0,,,83378265
1.00,FSM Enemy 13,FSM,PatrolState,None,1.00,46.9,0,1.00,0,,,83378265
1.00,FSM Enemy 12,FSM,PatrolState,None,1.00,38.7,0,1.00,0,,,83378265
1.00,FSM Enemy 8,FSM,PatrolState,None,1.00,47.4,0,1.00,0,,,83378265
1.00,FSM Enemy 1,FSM,PatrolState,None,1.00,87.9,0,1.00,0,,,83378265
1.00,FSM Enemy 4,FSM,PatrolState,None,1.00,49.6,0,1.00,0,,,83378265
1.00,FSM Enemy 7,FSM,PatrolState,None,1.00,29.4,0,1.00,0,,,83378265
1.00,FSM Enemy 11,FSM,PatrolState,None,1.00,35.6,0,1.00,0,,,83378265
1.00,FSM Enemy 6,FSM,PatrolState,None,1.00,29.9,0,1.00,0,,,83378265
1.00,FSM Enemy 10,FSM,PatrolState,None,1.00,68.4,0,1.00,0,,,83378265
1.00,FSM Enemy 9,FSM,PatrolState,None,1.00,31.8,0,1.00,0,,,83378265
1.00,Utility Enemy 14,Utility,PatrolAction,None,1.00,50.5,0,1.00,0,0.120,0.000,83378265
1.00,Utility Enemy 8,Utility,PatrolAction,None,1.00,80.1,0,1.00,0,0.120,0.000,83378265
1.00,Utility Enemy 3,Utility,PatrolAction,None,1.00,62.2,0,1.00,0,0.120,0.000,83378265
1.00,Utility Enemy 7,Utility,PatrolAction,None,1.00,39.1,0,1.00,0,0.120,0.000,83378265
1.00,Utility Enemy 12,Utility,PatrolAction,None,1.00,36.3,0,1.00,0,0.120,0.000,83378265
1.00,Utility Enemy 15,Utility,PatrolAction,None,1.00,82.5,0,1.00,0,0.120,0.000,83378265
1.00,Utility Enemy 1,Utility,PatrolAction,None,1.00,83.7,0,1.00,0,0.120,0.000,83378265
1.00,Utility Enemy 5,Utility,PatrolAction,None,1.00,83.4,0,1.00,0,0.120,0.000,83378265
1.00,Utility Enemy 13,Utility,PatrolAction,None,1.00,52.4,0,1.00,0,0.120,0.000,83378265
1.00,Utility Enemy 6,Utility,PatrolAction,None,1.00,38.8,0,1.00,0,0.120,0.000,83378265
1.00,Utility Enemy 4,Utility,PatrolAction,None,1.00,60.7,0,1.00,0,0.120,0.000,83378265
1.00,Utility Enemy 10,Utility,PatrolAction,None,1.00,32.4,0,1.00,0,0.120,0.000,83378265
1.00,Utility Enemy 11,Utility,PatrolAction,None,1.00,30.2,0,1.00,0,0.120,0.000,83378265
1.00,Utility Enemy 9,Utility,PatrolAction,None,1.00,46.9,0,1.00,0,0.120,0.000,83378265
1.00,Utility Enemy 2,Utility,PatrolAction,None,1.00,85.9,0,1.00,0,0.120,0.000,83378265
2.01,Player,Player,-,None,1.00,,0,1.00,,,,83378265
2.01,FSM Enemy 2,FSM,PatrolState,None,1.00,85.7,0,1.00,0,,,83378265
2.01,FSM Enemy 15,FSM,PatrolState,None,1.00,19.7,0,1.00,0,,,83378265
2.01,FSM Enemy 14,FSM,PatrolState,None,1.00,79.0,0,1.00,0,,,83378265
2.01,FSM Enemy 3,FSM,PatrolState,None,1.00,79.6,0,1.00,0,,,83378265
2.01,FSM Enemy 5,FSM,PatrolState,None,1.00,70.5,0,1.00,0,,,83378265
2.01,FSM Enemy 13,FSM,PatrolState,None,1.00,40.5,0,1.00,0,,,83378265
2.01,FSM Enemy 12,FSM,PatrolState,None,1.00,44.9,0,1.00,0,,,83378265
2.01,FSM Enemy 8,FSM,PatrolState,None,1.00,44.5,0,1.00,0,,,83378265
2.01,FSM Enemy 1,FSM,PatrolState,None,1.00,83.4,0,1.00,0,,,83378265
2.01,FSM Enemy 4,FSM,PatrolState,None,1.00,52.8,0,1.00,0,,,83378265
2.01,FSM Enemy 7,FSM,PatrolState,None,1.00,25.1,0,1.00,0,,,83378265
2.01,FSM Enemy 11,FSM,PatrolState,None,1.00,29.4,0,1.00,0,,,83378265
2.01,FSM Enemy 6,FSM,PatrolState,None,1.00,35.7,0,1.00,0,,,83378265
2.01,FSM Enemy 10,FSM,PatrolState,None,1.00,70.5,0,1.00,0,,,83378265
2.01,FSM Enemy 9,FSM,PatrolState,None,1.00,29.5,0,1.00,0,,,83378265
2.01,Utility Enemy 14,Utility,PatrolAction,None,1.00,57.0,0,1.00,0,0.120,0.000,83378265
2.01,Utility Enemy 8,Utility,PatrolAction,None,1.00,79.3,0,1.00,0,0.120,0.000,83378265
2.01,Utility Enemy 3,Utility,PatrolAction,None,1.00,62.9,0,1.00,0,0.120,0.000,83378265
2.01,Utility Enemy 7,Utility,PatrolAction,None,1.00,41.2,0,1.00,0,0.120,0.000,83378265
2.01,Utility Enemy 12,Utility,PatrolAction,None,1.00,42.9,0,1.00,0,0.120,0.000,83378265
2.01,Utility Enemy 15,Utility,PatrolAction,None,1.00,79.4,0,1.00,0,0.120,0.000,83378265
2.01,Utility Enemy 1,Utility,PatrolAction,None,1.00,80.6,0,1.00,0,0.120,0.000,83378265
2.01,Utility Enemy 5,Utility,PatrolAction,None,1.00,81.2,0,1.00,0,0.120,0.000,83378265
2.01,Utility Enemy 13,Utility,PatrolAction,None,1.00,47.1,0,1.00,0,0.120,0.000,83378265
2.01,Utility Enemy 6,Utility,PatrolAction,None,1.00,32.2,0,1.00,0,0.120,0.000,83378265
2.01,Utility Enemy 4,Utility,PatrolAction,None,1.00,54.9,0,1.00,0,0.120,0.000,83378265
2.01,Utility Enemy 10,Utility,PatrolAction,None,1.00,32.7,0,1.00,0,0.120,0.000,83378265
2.01,Utility Enemy 11,Utility,PatrolAction,None,1.00,22.1,0,1.00,0,0.120,0.000,83378265
2.01,Utility Enemy 9,Utility,PatrolAction,None,1.00,53.1,0,1.00,0,0.120,0.000,83378265
2.01,Utility Enemy 2,Utility,PatrolAction,None,1.00,88.0,0,1.00,0,0.120,0.000,83378265
3.01,Player,Player,-,None,0.95,,0,0.95,,,,83378265
3.01,FSM Enemy 2,FSM,PatrolState,None,1.00,89.6,0,0.95,0,,,83378265
3.01,FSM Enemy 15,FSM,PatrolState,None,1.00,17.3,0,0.95,0,,,83378265
3.01,FSM Enemy 14,FSM,PatrolState,None,1.00,87.3,0,0.95,0,,,83378265
3.01,FSM Enemy 3,FSM,PatrolState,None,1.00,84.1,0,0.95,0,,,83378265
3.01,FSM Enemy 5,FSM,PatrolState,None,1.00,72.8,0,0.95,0,,,83378265
3.01,FSM Enemy 13,FSM,PatrolState,None,1.00,35.0,0,0.95,0,,,83378265
3.01,FSM Enemy 12,FSM,PatrolState,None,1.00,52.6,0,0.95,0,,,83378265
3.01,FSM Enemy 8,FSM,PatrolState,None,1.00,45.6,0,0.95,0,,,83378265
3.01,FSM Enemy 1,FSM,PatrolState,None,1.00,83.3,0,0.95,0,,,83378265
3.01,FSM Enemy 4,FSM,PatrolState,None,1.00,58.6,0,0.95,0,,,83378265
3.01,FSM Enemy 7,FSM,AttackState,None,1.00,16.9,1,0.95,8,,,83378265
3.01,FSM Enemy 11,FSM,PatrolState,None,1.00,21.7,0,0.95,0,,,83378265
3.01,FSM Enemy 6,FSM,PatrolState,None,1.00,43.3,0,0.95,0,,,83378265
3.01,FSM Enemy 10,FSM,PatrolState,None,1.00,77.9,0,0.95,0,,,83378265
3.01,FSM Enemy 9,FSM,PatrolState,None,1.00,32.6,0,0.95,0,,,83378265
3.01,Utility Enemy 14,Utility,PatrolAction,None,1.00,67.5,0,0.95,0,0.120,0.000,83378265
3.01,Utility Enemy 8,Utility,PatrolAction,None,1.00,77.5,0,0.95,0,0.120,0.000,83378265
3.01,Utility Enemy 3,Utility,PatrolAction,None,1.00,67.4,0,0.95,0,0.120,0.000,83378265
3.01,Utility Enemy 7,Utility,PatrolAction,None,1.00,47.9,0,0.95,0,0.120,0.000,83378265
3.01,Utility Enemy 12,Utility,PatrolAction,None,1.00,53.0,0,0.95,0,0.120,0.000,83378265
3.01,Utility Enemy 15,Utility,PatrolAction,None,1.00,76.7,0,0.95,0,0.120,0.000,83378265
3.01,Utility Enemy 1,Utility,PatrolAction,None,1.00,84.9,0,0.95,0,0.120,0.000,83378265
3.01,Utility Enemy 5,Utility,PatrolAction,None,1.00,80.7,0,0.95,0,0.120,0.000,83378265
3.01,Utility Enemy 13,Utility,PatrolAction,None,1.00,39.3,0,0.95,0,0.120,0.000,83378265
3.01,Utility Enemy 6,Utility,PatrolAction,None,1.00,28.8,0,0.95,0,0.120,0.000,83378265
3.01,Utility Enemy 4,Utility,PatrolAction,None,1.00,52.1,0,0.95,0,0.120,0.000,83378265
3.01,Utility Enemy 10,Utility,PatrolAction,None,1.00,35.2,0,0.95,0,0.120,0.000,83378265
3.01,Utility Enemy 11,Utility,SpreadFireAction,None,1.00,14.7,1,0.95,0,0.175,0.142,83378265
3.01,Utility Enemy 9,Utility,PatrolAction,None,1.00,58.6,0,0.95,0,0.120,0.000,83378265
3.01,Utility Enemy 2,Utility,PatrolAction,None,1.00,94.0,0,0.95,0,0.120,0.000,83378265
4.01,Player,Player,-,None,0.95,,0,0.95,,,,83378265
4.01,FSM Enemy 2,FSM,PatrolState,None,1.00,92.7,0,0.95,0,,,83378265
4.01,FSM Enemy 15,FSM,PatrolState,None,1.00,16.3,0,0.95,0,,,83378265
4.01,FSM Enemy 14,FSM,PatrolState,None,1.00,92.2,0,0.95,0,,,83378265
4.01,FSM Enemy 3,FSM,PatrolState,None,1.00,85.9,0,0.95,0,,,83378265
4.01,FSM Enemy 5,FSM,PatrolState,None,1.00,72.8,0,0.95,0,,,83378265
4.01,FSM Enemy 13,FSM,PatrolState,None,1.00,29.6,0,0.95,0,,,83378265
4.01,FSM Enemy 12,FSM,PatrolState,None,1.00,56.9,0,0.95,0,,,83378265
4.01,FSM Enemy 8,FSM,PatrolState,None,1.00,44.3,0,0.95,0,,,83378265
4.01,FSM Enemy 1,FSM,PatrolState,None,1.00,82.0,0,0.95,0,,,83378265
4.01,FSM Enemy 4,FSM,PatrolState,None,1.00,62.4,0,0.95,0,,,83378265
4.01,FSM Enemy 7,FSM,AttackState,None,1.00,12.5,1,0.95,8,,,83378265
4.01,FSM Enemy 11,FSM,ChaseState,None,1.00,14.4,0,0.95,0,,,83378265
4.01,FSM Enemy 6,FSM,PatrolState,None,1.00,48.1,0,0.95,0,,,83378265
4.01,FSM Enemy 10,FSM,PatrolState,None,1.00,79.0,0,0.95,0,,,83378265
4.01,FSM Enemy 9,FSM,PatrolState,None,1.00,33.0,0,0.95,0,,,83378265
4.01,Utility Enemy 14,Utility,PatrolAction,None,1.00,71.4,0,0.95,0,0.120,0.000,83378265
4.01,Utility Enemy 8,Utility,PatrolAction,None,1.00,77.1,0,0.95,0,0.120,0.000,83378265
4.01,Utility Enemy 3,Utility,PatrolAction,None,1.00,68.6,0,0.95,0,0.120,0.000,83378265
4.01,Utility Enemy 7,Utility,PatrolAction,None,1.00,55.4,0,0.95,0,0.120,0.000,83378265
4.01,Utility Enemy 12,Utility,PatrolAction,None,1.00,61.0,0,0.95,0,0.120,0.000,83378265
4.01,Utility Enemy 15,Utility,PatrolAction,None,1.00,71.8,0,0.95,0,0.120,0.000,83378265
4.01,Utility Enemy 1,Utility,PatrolAction,None,1.00,88.7,0,0.95,0,0.120,0.000,83378265
4.01,Utility Enemy 5,Utility,PatrolAction,None,1.00,77.7,0,0.95,0,0.120,0.000,83378265
4.01,Utility Enemy 13,Utility,PatrolAction,None,1.00,31.9,0,0.95,0,0.120,0.000,83378265
4.01,Utility Enemy 6,Utility,PatrolAction,None,1.00,23.5,0,0.95,0,0.120,0.000,83378265
4.01,Utility Enemy 4,Utility,PatrolAction,None,1.00,46.7,0,0.95,0,0.120,0.000,83378265
4.01,Utility Enemy 10,Utility,PatrolAction,None,1.00,41.8,0,0.95,0,0.120,0.000,83378265
4.01,Utility Enemy 11,Utility,AttackAction,None,0.50,11.1,1,0.95,0,0.327,0.145,83378265
4.01,Utility Enemy 9,Utility,PatrolAction,None,1.00,58.9,0,0.95,0,0.120,0.000,83378265
4.01,Utility Enemy 2,Utility,PatrolAction,None,1.00,93.1,0,0.95,0,0.120,0.000,83378265
5.02,Player,Player,-,None,0.84,,0,0.84,,,,83378265
5.02,FSM Enemy 2,FSM,PatrolState,None,1.00,98.4,0,0.84,0,,,83378265
5.02,FSM Enemy 15,FSM,PatrolState,None,1.00,16.5,0,0.84,0,,,83378265
5.02,FSM Enemy 14,FSM,PatrolState,None,1.00,96.2,0,0.84,0,,,83378265
5.02,FSM Enemy 3,FSM,PatrolState,None,1.00,88.5,0,0.84,0,,,83378265
5.02,FSM Enemy 5,FSM,PatrolState,None,1.00,68.2,0,0.84,0,,,83378265
5.02,FSM Enemy 13,FSM,PatrolState,None,1.00,25.6,0,0.84,0,,,83378265
5.02,FSM Enemy 12,FSM,PatrolState,None,1.00,62.1,0,0.84,0,,,83378265
5.02,FSM Enemy 8,FSM,PatrolState,None,1.00,44.5,0,0.84,0,,,83378265
5.02,FSM Enemy 1,FSM,PatrolState,None,1.00,83.4,0,0.84,0,,,83378265
5.02,FSM Enemy 4,FSM,PatrolState,None,1.00,69.7,0,0.84,0,,,83378265
5.02,FSM Enemy 7,FSM,AttackState,None,0.50,5.6,1,0.84,24,,,83378265
5.02,FSM Enemy 11,FSM,ChaseState,None,1.00,4.7,0,0.84,0,,,83378265
5.02,FSM Enemy 6,FSM,PatrolState,None,1.00,53.3,0,0.84,0,,,83378265
5.02,FSM Enemy 10,FSM,PatrolState,None,1.00,81.0,0,0.84,0,,,83378265
5.02,FSM Enemy 9,FSM,PatrolState,None,1.00,39.2,0,0.84,0,,,83378265
5.02,Utility Enemy 14,Utility,PatrolAction,None,1.00,77.4,0,0.84,0,0.120,0.000,83378265
5.02,Utility Enemy 8,Utility,PatrolAction,None,1.00,75.6,0,0.84,0,0.120,0.000,83378265
5.02,Utility Enemy 3,Utility,PatrolAction,None,1.00,73.7,0,0.84,0,0.120,0.000,83378265
5.02,Utility Enemy 7,Utility,PatrolAction,None,1.00,64.6,0,0.84,0,0.120,0.000,83378265
5.02,Utility Enemy 12,Utility,PatrolAction,None,1.00,71.0,0,0.84,0,0.120,0.000,83378265
5.02,Utility Enemy 15,Utility,PatrolAction,None,1.00,70.9,0,0.84,0,0.120,0.000,83378265
5.02,Utility Enemy 1,Utility,PatrolAction,None,1.00,91.4,0,0.84,0,0.120,0.000,83378265
5.02,Utility Enemy 5,Utility,PatrolAction,None,1.00,76.1,0,0.84,0,0.120,0.000,83378265
5.02,Utility Enemy 13,Utility,PatrolAction,None,1.00,29.6,0,0.84,0,0.120,0.000,83378265
5.02,Utility Enemy 6,Utility,PatrolAction,None,1.00,16.9,0,0.84,0,0.120,0.000,83378265
5.02,Utility Enemy 4,Utility,PatrolAction,None,1.00,40.6,0,0.84,0,0.120,0.000,83378265
5.02,Utility Enemy 10,Utility,PatrolAction,None,1.00,52.5,0,0.84,0,0.120,0.000,83378265
5.02,Utility Enemy 11,Utility,Dead,None,0.00,6.5,1,0.84,0,0.425,0.398,83378265
5.02,Utility Enemy 9,Utility,PatrolAction,None,1.00,61.9,0,0.84,0,0.120,0.000,83378265
5.02,Utility Enemy 2,Utility,PatrolAction,None,1.00,93.5,0,0.84,0,0.120,0.000,83378265
6.02,Player,Player,-,None,0.84,,0,0.84,,,,83378265
6.02,FSM Enemy 2,FSM,PatrolState,None,1.00,101.6,0,0.84,0,,,83378265
6.02,FSM Enemy 15,FSM,PatrolState,None,1.00,18.2,0,0.84,0,,,83378265
6.02,FSM Enemy 14,FSM,PatrolState,None,1.00,98.2,0,0.84,0,,,83378265
6.02,FSM Enemy 3,FSM,PatrolState,None,1.00,90.2,0,0.84,0,,,83378265
6.02,FSM Enemy 5,FSM,PatrolState,None,1.00,64.2,0,0.84,0,,,83378265
6.02,FSM Enemy 13,FSM,PatrolState,None,1.00,24.2,0,0.84,0,,,83378265
6.02,FSM Enemy 12,FSM,PatrolState,None,1.00,68.6,0,0.84,0,,,83378265
6.02,FSM Enemy 8,FSM,PatrolState,None,1.00,45.9,0,0.84,0,,,83378265
6.02,FSM Enemy 1,FSM,PatrolState,None,1.00,84.5,0,0.84,0,,,83378265
6.02,FSM Enemy 4,FSM,PatrolState,None,1.00,74.2,0,0.84,0,,,83378265
6.02,FSM Enemy 7,FSM,Dead,None,0.00,2.8,0,0.84,24,,,83378265
6.02,FSM Enemy 11,FSM,ChaseState,None,1.00,8.9,0,0.84,0,,,83378265
6.02,FSM Enemy 6,FSM,PatrolState,None,1.00,56.9,0,0.84,0,,,83378265
6.02,FSM Enemy 10,FSM,PatrolState,None,1.00,81.8,0,0.84,0,,,83378265
6.02,FSM Enemy 9,FSM,PatrolState,None,1.00,45.1,0,0.84,0,,,83378265
6.02,Utility Enemy 14,Utility,PatrolAction,None,1.00,80.1,0,0.84,0,0.120,0.000,83378265
6.02,Utility Enemy 8,Utility,PatrolAction,None,1.00,72.2,0,0.84,0,0.120,0.000,83378265
6.02,Utility Enemy 3,Utility,PatrolAction,None,1.00,77.8,0,0.84,0,0.120,0.000,83378265
6.02,Utility Enemy 7,Utility,PatrolAction,None,1.00,68.5,0,0.84,0,0.120,0.000,83378265
6.02,Utility Enemy 12,Utility,PatrolAction,None,1.00,75.1,0,0.84,0,0.120,0.000,83378265
6.02,Utility Enemy 15,Utility,PatrolAction,None,1.00,71.7,0,0.84,0,0.120,0.000,83378265
6.02,Utility Enemy 1,Utility,PatrolAction,None,1.00,87.3,0,0.84,0,0.120,0.000,83378265
6.02,Utility Enemy 5,Utility,PatrolAction,None,1.00,77.1,0,0.84,0,0.120,0.000,83378265
6.02,Utility Enemy 13,Utility,PatrolAction,None,1.00,27.9,0,0.84,0,0.120,0.000,83378265
6.02,Utility Enemy 6,Utility,AttackAction,None,1.00,10.5,1,0.84,0,0.377,0.135,83378265
6.02,Utility Enemy 4,Utility,PatrolAction,None,1.00,35.3,0,0.84,0,0.120,0.000,83378265
6.02,Utility Enemy 10,Utility,PatrolAction,None,1.00,58.2,0,0.84,0,0.120,0.000,83378265
6.02,Utility Enemy 11,Utility,Dead,None,0.00,7.0,0,0.84,0,0.425,0.398,83378265
6.02,Utility Enemy 9,Utility,PatrolAction,None,1.00,63.6,0,0.84,0,0.120,0.000,83378265
6.02,Utility Enemy 2,Utility,PatrolAction,None,1.00,96.6,0,0.84,0,0.120,0.000,83378265
7.02,Player,Player,-,None,0.84,,0,0.84,,,,83378265
7.02,FSM Enemy 2,FSM,PatrolState,None,1.00,105.1,0,0.84,0,,,83378265
7.02,FSM Enemy 15,FSM,PatrolState,None,1.00,25.1,0,0.84,0,,,83378265
7.02,FSM Enemy 14,FSM,PatrolState,None,1.00,99.7,0,0.84,0,,,83378265
7.02,FSM Enemy 3,FSM,PatrolState,None,1.00,95.5,0,0.84,0,,,83378265
7.02,FSM Enemy 5,FSM,PatrolState,None,1.00,67.2,0,0.84,0,,,83378265
7.02,FSM Enemy 13,FSM,PatrolState,None,1.00,29.1,0,0.84,0,,,83378265
7.02,FSM Enemy 12,FSM,PatrolState,None,1.00,69.5,0,0.84,0,,,83378265
7.02,FSM Enemy 8,FSM,PatrolState,None,1.00,53.0,0,0.84,0,,,83378265
7.02,FSM Enemy 1,FSM,PatrolState,None,1.00,91.4,0,0.84,0,,,83378265
7.02,FSM Enemy 4,FSM,PatrolState,None,1.00,75.8,0,0.84,0,,,83378265
7.02,FSM Enemy 7,FSM,Dead,None,0.00,7.9,0,0.84,24,,,83378265
7.02,FSM Enemy 11,FSM,ChaseState,None,1.00,14.6,0,0.84,0,,,83378265
7.02,FSM Enemy 6,FSM,PatrolState,None,1.00,55.5,0,0.84,0,,,83378265
7.02,FSM Enemy 10,FSM,PatrolState,None,1.00,84.9,0,0.84,0,,,83378265
7.02,FSM Enemy 9,FSM,PatrolState,None,1.00,51.9,0,0.84,0,,,83378265
7.02,Utility Enemy 14,Utility,PatrolAction,None,1.00,78.7,0,0.84,0,0.120,0.000,83378265
7.02,Utility Enemy 8,Utility,PatrolAction,None,1.00,77.6,0,0.84,0,0.120,0.000,83378265
7.02,Utility Enemy 3,Utility,PatrolAction,None,1.00,82.5,0,0.84,0,0.120,0.000,83378265
7.02,Utility Enemy 7,Utility,PatrolAction,None,1.00,64.8,0,0.84,0,0.120,0.000,83378265
7.02,Utility Enemy 12,Utility,PatrolAction,None,1.00,78.9,0,0.84,0,0.120,0.000,83378265
7.02,Utility Enemy 15,Utility,PatrolAction,None,1.00,73.6,0,0.84,0,0.120,0.000,83378265
7.02,Utility Enemy 1,Utility,PatrolAction,None,1.00,89.3,0,0.84,0,0.120,0.000,83378265
7.02,Utility Enemy 5,Utility,PatrolAction,None,1.00,85.8,0,0.84,0,0.120,0.000,83378265
7.02,Utility Enemy 13,Utility,PatrolAction,None,1.00,30.1,0,0.84,0,0.120,0.000,83378265
7.02,Utility Enemy 6,Utility,AttackAction,None,1.00,13.4,1,0.84,0,0.297,0.152,83378265
7.02,Utility Enemy 4,Utility,PatrolAction,None,1.00,42.6,0,0.84,0,0.120,0.000,83378265
7.02,Utility Enemy 10,Utility,PatrolAction,None,1.00,55.6,0,0.84,0,0.120,0.000,83378265
7.02,Utility Enemy 11,Utility,Dead,None,0.00,11.9,0,0.84,0,0.425,0.398,83378265
7.02,Utility Enemy 9,Utility,PatrolAction,None,1.00,68.1,0,0.84,0,0.120,0.000,83378265
7.02,Utility Enemy 2,Utility,PatrolAction,None,1.00,104.3,0,0.84,0,0.120,0.000,83378265
8.03,Player,Player,-,None,0.79,,0,0.79,,,,83378265
8.03,FSM Enemy 2,FSM,PatrolState,None,1.00,107.3,0,0.79,0,,,83378265
8.03,FSM Enemy 15,FSM,PatrolState,None,1.00,27.9,0,0.79,0,,,83378265
8.03,FSM Enemy 14,FSM,PatrolState,None,1.00,98.8,0,0.79,0,,,83378265
8.03,FSM Enemy 3,FSM,PatrolState,None,1.00,96.3,0,0.79,0,,,83378265
8.03,FSM Enemy 5,FSM,PatrolState,None,1.00,66.1,0,0.79,0,,,83378265
8.03,FSM Enemy 13,FSM,PatrolState,None,1.00,32.2,0,0.79,0,,,83378265
8.03,FSM Enemy 12,FSM,PatrolState,None,1.00,70.9,0,0.79,0,,,83378265
8.03,FSM Enemy 8,FSM,PatrolState,None,1.00,56.2,0,0.79,0,,,83378265
8.03,FSM Enemy 1,FSM,PatrolState,None,1.00,94.2,0,0.79,0,,,83378265
8.03,FSM Enemy 4,FSM,PatrolState,None,1.00,74.9,0,0.79,0,,,83378265
8.03,FSM Enemy 7,FSM,Dead,None,0.00,8.8,0,0.79,24,,,83378265
8.03,FSM Enemy 11,FSM,TakeCoverState,None,0.25,15.6,1,0.79,0,,,83378265
8.03,FSM Enemy 6,FSM,PatrolState,None,1.00,53.0,0,0.79,0,,,83378265
8.03,FSM Enemy 10,FSM,PatrolState,None,1.00,84.9,0,0.79,0,,,83378265
8.03,FSM Enemy 9,FSM,PatrolState,None,1.00,52.1,0,0.79,0,,,83378265
8.03,Utility Enemy 14,Utility,PatrolAction,None,1.00,74.7,0,0.79,0,0.120,0.000,83378265
8.03,Utility Enemy 8,Utility,PatrolAction,None,1.00,81.4,0,0.79,0,0.120,0.000,83378265
8.03,Utility Enemy 3,Utility,PatrolAction,None,1.00,87.3,0,0.79,0,0.120,0.000,83378265
8.03,Utility Enemy 7,Utility,PatrolAction,None,1.00,62.7,0,0.79,0,0.120,0.000,83378265
8.03,Utility Enemy 12,Utility,PatrolAction,None,1.00,79.2,0,0.79,0,0.120,0.000,83378265
8.03,Utility Enemy 15,Utility,PatrolAction,None,1.00,76.0,0,0.79,0,0.120,0.000,83378265
8.03,Utility Enemy 1,Utility,PatrolAction,None,1.00,92.1,0,0.79,0,0.120,0.000,83378265
8.03,Utility Enemy 5,Utility,PatrolAction,None,1.00,90.0,0,0.79,0,0.120,0.000,83378265
8.03,Utility Enemy 13,Utility,PatrolAction,None,1.00,27.9,0,0.79,0,0.120,0.000,83378265
8.03,Utility Enemy 6,Utility,AttackAction,None,1.00,14.3,1,0.79,8,0.204,0.172,83378265
8.03,Utility Enemy 4,Utility,PatrolAction,None,1.00,47.7,0,0.79,0,0.120,0.000,83378265
8.03,Utility Enemy 10,Utility,PatrolAction,None,1.00,51.2,0,0.79,0,0.120,0.000,83378265
8.03,Utility Enemy 11,Utility,Dead,None,0.00,12.7,0,0.79,0,0.425,0.398,83378265
8.03,Utility Enemy 9,Utility,PatrolAction,None,1.00,68.5,0,0.79,0,0.120,0.000,83378265
8.03,Utility Enemy 2,Utility,PatrolAction,None,1.00,107.7,0,0.79,0,0.120,0.000,83378265
9.03,Player,Player,-,None,0.79,,0,0.79,,,,83378265
9.03,FSM Enemy 2,FSM,PatrolState,None,1.00,111.0,0,0.79,0,,,83378265
9.03,FSM Enemy 15,FSM,PatrolState,None,1.00,26.9,0,0.79,0,,,83378265
9.03,FSM Enemy 14,FSM,PatrolState,None,1.00,99.8,0,0.79,0,,,83378265
9.03,FSM Enemy 3,FSM,PatrolState,None,1.00,95.5,0,0.79,0,,,83378265
9.03,FSM Enemy 5,FSM,PatrolState,None,1.00,61.7,0,0.79,0,,,83378265
9.03,FSM Enemy 13,FSM,PatrolState,None,1.00,31.3,0,0.79,0,,,83378265
9.03,FSM Enemy 12,FSM,PatrolState,None,1.00,77.0,0,0.79,0,,,83378265
9.03,FSM Enemy 8,FSM,PatrolState,None,1.00,58.8,0,0.79,0,,,83378265
9.03,FSM Enemy 1,FSM,PatrolState,None,1.00,94.1,0,0.79,0,,,83378265
9.03,FSM Enemy 4,FSM,PatrolState,None,1.00,76.8,0,0.79,0,,,83378265
9.03,FSM Enemy 7,FSM,Dead,None,0.00,9.2,0,0.79,24,,,83378265
9.03,FSM Enemy 11,FSM,Dead,None,0.00,19.2,1,0.79,0,,,83378265
9.03,FSM Enemy 6,FSM,PatrolState,None,1.00,54.8,0,0.79,0,,,83378265
9.03,FSM Enemy 10,FSM,PatrolState,None,1.00,84.1,0,0.79,0,,,83378265
9.03,FSM Enemy 9,FSM,PatrolState,None,1.00,53.1,0,0.79,0,,,83378265
9.03,Utility Enemy 14,Utility,PatrolAction,None,1.00,77.4,0,0.79,0,0.120,0.000,83378265
9.03,Utility Enemy 8,Utility,PatrolAction,None,1.00,76.3,0,0.79,0,0.120,0.000,83378265
9.03,Utility Enemy 3,Utility,PatrolAction,None,1.00,93.8,0,0.79,0,0.120,0.000,83378265
9.03,Utility Enemy 7,Utility,PatrolAction,None,1.00,68.1,0,0.79,0,0.120,0.000,83378265
9.03,Utility Enemy 12,Utility,PatrolAction,None,1.00,82.2,0,0.79,0,0.120,0.000,83378265
9.03,Utility Enemy 15,Utility,PatrolAction,None,1.00,77.2,0,0.79,0,0.120,0.000,83378265
9.03,Utility Enemy 1,Utility,PatrolAction,None,1.00,93.1,0,0.79,0,0.120,0.000,83378265
9.03,Utility Enemy 5,Utility,PatrolAction,None,1.00,88.9,0,0.79,0,0.120,0.000,83378265
9.03,Utility Enemy 13,Utility,PatrolAction,None,1.00,21.0,0,0.79,0,0.120,0.000,83378265
9.03,Utility Enemy 6,Utility,AttackAction,None,1.00,10.4,1,0.79,8,0.405,0.129,83378265
9.03,Utility Enemy 4,Utility,PatrolAction,None,1.00,47.6,0,0.79,0,0.120,0.000,83378265
9.03,Utility Enemy 10,Utility,PatrolAction,None,1.00,57.2,0,0.79,0,0.120,0.000,83378265
9.03,Utility Enemy 11,Utility,Dead,None,0.00,13.5,0,0.79,0,0.425,0.398,83378265
9.03,Utility Enemy 9,Utility,PatrolAction,None,1.00,73.5,0,0.79,0,0.120,0.000,83378265
9.03,Utility Enemy 2,Utility,PatrolAction,None,1.00,106.9,0,0.79,0,0.120,0.000,83378265
10.03,Player,Player,-,None,0.73,,0,0.73,,,,83378265
10.03,FSM Enemy 2,FSM,PatrolState,None,1.00,112.4,0,0.73,0,,,83378265
10.03,FSM Enemy 15,FSM,PatrolState,None,1.00,22.9,0,0.73,0,,,83378265
10.03,FSM Enemy 14,FSM,PatrolState,None,1.00,99.0,0,0.73,0,,,83378265
10.03,FSM Enemy 3,FSM,PatrolState,None,1.00,91.8,0,0.73,0,,,83378265
10.03,FSM Enemy 5,FSM,PatrolState,None,1.00,57.0,0,0.73,0,,,83378265
10.03,FSM Enemy 13,FSM,PatrolState,None,1.00,30.4,0,0.73,0,,,83378265
10.03,FSM Enemy 12,FSM,PatrolState,None,1.00,80.7,0,0.73,0,,,83378265
10.03,FSM Enemy 8,FSM,PatrolState,None,1.00,59.4,0,0.73,0,,,83378265
10.03,FSM Enemy 1,FSM,PatrolState,None,1.00,88.9,0,0.73,0,,,83378265
10.03,FSM Enemy 4,FSM,PatrolState,None,1.00,77.2,0,0.73,0,,,83378265
10.03,FSM Enemy 7,FSM,Dead,None,0.00,8.9,0,0.73,24,,,83378265
10.03,FSM Enemy 11,FSM,Dead,None,0.00,20.8,0,0.73,0,,,83378265
10.03,FSM Enemy 6,FSM,PatrolState,None,1.00,54.2,0,0.73,0,,,83378265
10.03,FSM Enemy 10,FSM,PatrolState,None,1.00,84.9,0,0.73,0,,,83378265
10.03,FSM Enemy 9,FSM,PatrolState,None,1.00,53.3,0,0.73,0,,,83378265
10.03,Utility Enemy 14,Utility,PatrolAction,None,1.00,79.9,0,0.73,0,0.120,0.000,83378265
10.03,Utility Enemy 8,Utility,PatrolAction,None,1.00,73.6,0,0.73,0,0.120,0.000,83378265
10.03,Utility Enemy 3,Utility,PatrolAction,None,1.00,96.0,0,0.73,0,0.120,0.000,83378265
10.03,Utility Enemy 7,Utility,PatrolAction,None,1.00,72.3,0,0.73,0,0.120,0.000,83378265
10.03,Utility Enemy 12,Utility,PatrolAction,None,1.00,79.1,0,0.73,0,0.120,0.000,83378265
10.03,Utility Enemy 15,Utility,PatrolAction,None,1.00,78.0,0,0.73,0,0.120,0.000,83378265
10.03,Utility Enemy 1,Utility,PatrolAction,None,1.00,87.5,0,0.73,0,0.120,0.000,83378265
10.03,Utility Enemy 5,Utility,PatrolAction,None,1.00,86.7,0,0.73,0,0.120,0.000,83378265
10.03,Utility Enemy 13,Utility,SpreadFireAction,None,1.00,16.1,1,0.73,0,0.163,0.125,83378265
10.03,Utility Enemy 6,Utility,AttackAction,None,1.00,6.8,1,0.73,16,0.597,0.125,83378265
10.03,Utility Enemy 4,Utility,PatrolAction,None,1.00,41.3,0,0.73,0,0.120,0.000,83378265
10.03,Utility Enemy 10,Utility,PatrolAction,None,1.00,62.9,0,0.73,0,0.120,0.000,83378265
10.03,Utility Enemy 11,Utility,Dead,None,0.00,13.0,0,0.73,0,0.425,0.398,83378265
10.03,Utility Enemy 9,Utility,PatrolAction,None,1.00,77.4,0,0.73,0,0.120,0.000,83378265
10.03,Utility Enemy 2,Utility,PatrolAction,None,1.00,106.8,0,0.73,0,0.120,0.000,83378265
11.04,Player,Player,-,None,0.73,,0,0.73,,,,83378265
11.04,FSM Enemy 2,FSM,PatrolState,None,1.00,111.8,0,0.73,0,,,83378265
11.04,FSM Enemy 15,FSM,PatrolState,None,1.00,18.3,0,0.73,0,,,83378265
11.04,FSM Enemy 14,FSM,PatrolState,None,1.00,98.7,0,0.73,0,,,83378265
11.04,FSM Enemy 3,FSM,PatrolState,None,1.00,86.6,0,0.73,0,,,83378265
11.04,FSM Enemy 5,FSM,PatrolState,None,1.00,51.3,0,0.73,0,,,83378265
11.04,FSM Enemy 13,FSM,PatrolState,None,1.00,24.2,0,0.73,0,,,83378265
11.04,FSM Enemy 12,FSM,PatrolState,None,1.00,83.1,0,0.73,0,,,83378265
11.04,FSM Enemy 8,FSM,PatrolState,None,1.00,58.4,0,0.73,0,,,83378265
11.04,FSM Enemy 1,FSM,PatrolState,None,1.00,82.0,0,0.73,0,,,83378265
11.04,FSM Enemy 4,FSM,PatrolState,None,1.00,78.7,0,0.73,0,,,83378265
11.04,FSM Enemy 7,FSM,Dead,None,0.00,9.4,0,0.73,24,,,83378265
11.04,FSM Enemy 11,FSM,Dead,None,0.00,22.3,0,0.73,0,,,83378265
11.04,FSM Enemy 6,FSM,PatrolState,None,1.00,53.5,0,0.73,0,,,83378265
11.04,FSM Enemy 10,FSM,PatrolState,None,1.00,84.7,0,0.73,0,,,83378265
11.04,FSM Enemy 9,FSM,PatrolState,None,1.00,53.8,0,0.73,0,,,83378265
11.04,Utility Enemy 14,Utility,PatrolAction,None,1.00,82.2,0,0.73,0,0.120,0.000,83378265
11.04,Utility Enemy 8,Utility,PatrolAction,None,1.00,70.7,0,0.73,0,0.120,0.000,83378265
11.04,Utility Enemy 3,Utility,PatrolAction,None,1.00,94.3,0,0.73,0,0.120,0.000,83378265
11.04,Utility Enemy 7,Utility,PatrolAction,None,1.00,75.4,0,0.73,0,0.120,0.000,83378265
11.04,Utility Enemy 12,Utility,PatrolAction,None,1.00,75.5,0,0.73,0,0.120,0.000,83378265
11.04,Utility Enemy 15,Utility,PatrolAction,None,1.00,76.9,0,0.73,0,0.120,0.000,83378265
11.04,Utility Enemy 1,Utility,PatrolAction,None,1.00,79.3,0,0.73,0,0.120,0.000,83378265
11.04,Utility Enemy 5,Utility,PatrolAction,None,1.00,85.6,0,0.73,0,0.120,0.000,83378265
11.04,Utility Enemy 13,Utility,AttackAction,None,1.00,11.8,1,0.73,0,0.307,0.150,83378265
11.04,Utility Enemy 6,Utility,Dead,None,0.00,2.1,1,0.73,16,0.647,0.186,83378265
11.04,Utility Enemy 4,Utility,PatrolAction,None,1.00,34.4,0,0.73,0,0.120,0.000,83378265
11.04,Utility Enemy 10,Utility,PatrolAction,None,1.00,61.4,0,0.73,0,0.120,0.000,83378265
11.04,Utility Enemy 11,Utility,Dead,None,0.00,12.5,0,0.73,0,0.425,0.398,83378265
11.04,Utility Enemy 9,Utility,PatrolAction,None,1.00,74.4,0,0.73,0,0.120,0.000,83378265
11.04,Utility Enemy 2,Utility,PatrolAction,None,1.00,102.2,0,0.73,0,0.120,0.000,83378265
12.04,Player,Player,-,None,0.63,,0,0.63,,,,83378265
12.04,FSM Enemy 2,FSM,PatrolState,None,1.00,109.3,0,0.63,0,,,83378265
12.04,FSM Enemy 15,FSM,AttackState,None,1.00,16.8,1,0.63,8,,,83378265
12.04,FSM Enemy 14,FSM,PatrolState,None,1.00,99.1,0,0.63,0,,,83378265
12.04,FSM Enemy 3,FSM,PatrolState,None,1.00,84.9,0,0.63,0,,,83378265
12.04,FSM Enemy 5,FSM,PatrolState,None,1.00,52.2,0,0.63,0,,,83378265
12.04,FSM Enemy 13,FSM,PatrolState,None,1.00,24.4,0,0.63,0,,,83378265
12.04,FSM Enemy 12,FSM,PatrolState,None,1.00,80.1,0,0.63,0,,,83378265
12.04,FSM Enemy 8,FSM,PatrolState,None,1.00,59.1,0,0.63,0,,,83378265
12.04,FSM Enemy 1,FSM,PatrolState,None,1.00,81.1,0,0.63,0,,,83378265
12.04,FSM Enemy 4,FSM,PatrolState,None,1.00,78.4,0,0.63,0,,,83378265
12.04,FSM Enemy 7,FSM,Dead,None,0.00,7.0,0,0.63,24,,,83378265
12.04,FSM Enemy 11,FSM,Dead,None,0.00,19.7,0,0.63,0,,,83378265
12.04,FSM Enemy 6,FSM,PatrolState,None,1.00,51.3,0,0.63,0,,,83378265
12.04,FSM Enemy 10,FSM,PatrolState,None,1.00,85.1,0,0.63,0,,,83378265
12.04,FSM Enemy 9,FSM,PatrolState,None,1.00,54.3,0,0.63,0,,,83378265
12.04,Utility Enemy 14,Utility,PatrolAction,None,1.00,80.6,0,0.63,0,0.120,0.000,83378265
12.04,Utility Enemy 8,Utility,PatrolAction,None,1.00,69.8,0,0.63,0,0.120,0.000,83378265
12.04,Utility Enemy 3,Utility,PatrolAction,None,1.00,97.3,0,0.63,0,0.120,0.000,83378265
12.04,Utility Enemy 7,Utility,PatrolAction,None,1.00,70.9,0,0.63,0,0.120,0.000,83378265
12.04,Utility Enemy 12,Utility,PatrolAction,None,1.00,71.6,0,0.63,0,0.120,0.000,83378265
12.04,Utility Enemy 15,Utility,PatrolAction,None,1.00,80.3,0,0.63,0,0.120,0.000,83378265
12.04,Utility Enemy 1,Utility,PatrolAction,None,1.00,79.8,0,0.63,0,0.120,0.000,83378265
12.04,Utility Enemy 5,Utility,PatrolAction,None,1.00,88.0,0,0.63,0,0.120,0.000,83378265
12.04,Utility Enemy 13,Utility,TakeCoverAction,None,0.25,13.1,1,0.63,8,0.366,0.289,83378265
12.04,Utility Enemy 6,Utility,Dead,None,0.00,4.9,1,0.63,16,0.647,0.186,83378265
12.04,Utility Enemy 4,Utility,PatrolAction,None,1.00,34.2,0,0.63,0,0.120,0.000,83378265
12.04,Utility Enemy 10,Utility,PatrolAction,None,1.00,54.6,0,0.63,0,0.120,0.000,83378265
12.04,Utility Enemy 11,Utility,Dead,None,0.00,10.7,0,0.63,0,0.425,0.398,83378265
12.04,Utility Enemy 9,Utility,PatrolAction,None,1.00,69.9,0,0.63,0,0.120,0.000,83378265
12.04,Utility Enemy 2,Utility,PatrolAction,None,1.00,99.1,0,0.63,0,0.120,0.000,83378265
13.04,Player,Player,-,None,0.57,,0,0.57,,,,83378265
13.04,FSM Enemy 2,FSM,PatrolState,None,1.00,106.3,0,0.57,0,,,83378265
13.04,FSM Enemy 15,FSM,AttackState,None,1.00,16.4,1,0.57,16,,,83378265
13.04,FSM Enemy 14,FSM,PatrolState,None,1.00,98.1,0,0.57,0,,,83378265
13.04,FSM Enemy 3,FSM,PatrolState,None,1.00,84.5,0,0.57,0,,,83378265
13.04,FSM Enemy 5,FSM,PatrolState,None,1.00,52.5,0,0.57,0,,,83378265
13.04,FSM Enemy 13,FSM,PatrolState,None,1.00,24.3,0,0.57,0,,,83378265
13.04,FSM Enemy 12,FSM,PatrolState,None,1.00,76.9,0,0.57,0,,,83378265
13.04,FSM Enemy 8,FSM,PatrolState,None,1.00,56.4,0,0.57,0,,,83378265
13.04,FSM Enemy 1,FSM,PatrolState,None,1.00,79.4,0,0.57,0,,,83378265
13.04,FSM Enemy 4,FSM,PatrolState,None,1.00,77.4,0,0.57,0,,,83378265
13.04,FSM Enemy 7,FSM,Dead,None,0.00,5.2,0,0.57,24,,,83378265
13.04,FSM Enemy 11,FSM,Dead,None,0.00,17.6,0,0.57,0,,,83378265
13.04,FSM Enemy 6,FSM,PatrolState,None,1.00,51.6,0,0.57,0,,,83378265
13.04,FSM Enemy 10,FSM,PatrolState,None,1.00,84.5,0,0.57,0,,,83378265
13.04,FSM Enemy 9,FSM,PatrolState,None,1.00,54.7,0,0.57,0,,,83378265
13.04,Utility Enemy 14,Utility,PatrolAction,None,1.00,79.1,0,0.57,0,0.120,0.000,83378265
13.04,Utility Enemy 8,Utility,PatrolAction,None,1.00,67.7,0,0.57,0,0.120,0.000,83378265
13.04,Utility Enemy 3,Utility,PatrolAction,None,1.00,97.1,0,0.57,0,0.120,0.000,83378265
13.04,Utility Enemy 7,Utility,PatrolAction,None,1.00,69.1,0,0.57,0,0.120,0.000,83378265
13.04,Utility Enemy 12,Utility,PatrolAction,None,1.00,70.0,0,0.57,0,0.120,0.000,83378265
13.04,Utility Enemy 15,Utility,PatrolAction,None,1.00,82.4,0,0.57,0,0.120,0.000,83378265
13.04,Utility Enemy 1,Utility,PatrolAction,None,1.00,80.2,0,0.57,0,0.120,0.000,83378265
13.04,Utility Enemy 5,Utility,PatrolAction,None,1.00,88.6,0,0.57,0,0.120,0.000,83378265
13.04,Utility Enemy 13,Utility,Dead,None,0.00,14.0,1,0.57,8,0.366,0.289,83378265
13.04,Utility Enemy 6,Utility,Dead,None,0.00,6.9,1,0.57,16,0.647,0.186,83378265
13.04,Utility Enemy 4,Utility,PatrolAction,None,1.00,34.1,0,0.57,0,0.120,0.000,83378265
13.04,Utility Enemy 10,Utility,PatrolAction,None,1.00,48.2,0,0.57,0,0.120,0.000,83378265
13.04,Utility Enemy 11,Utility,Dead,None,0.00,9.2,0,0.57,0,0.425,0.398,83378265
13.04,Utility Enemy 9,Utility,PatrolAction,None,1.00,66.1,0,0.57,0,0.120,0.000,83378265
13.04,Utility Enemy 2,Utility,PatrolAction,None,1.00,96.2,0,0.57,0,0.120,0.000,83378265
14.04,Player,Player,-,None,0.57,,0,0.57,,,,83378265
14.04,FSM Enemy 2,FSM,PatrolState,None,1.00,103.2,0,0.57,0,,,83378265
14.04,FSM Enemy 15,FSM,Dead,None,0.00,16.0,1,0.57,16,,,83378265
14.04,FSM Enemy 14,FSM,PatrolState,None,1.00,95.2,0,0.57,0,,,83378265
14.04,FSM Enemy 3,FSM,PatrolState,None,1.00,86.4,0,0.57,0,,,83378265
14.04,FSM Enemy 5,FSM,PatrolState,None,1.00,52.7,0,0.57,0,,,83378265
14.04,FSM Enemy 13,FSM,PatrolState,None,1.00,24.2,0,0.57,0,,,83378265
14.04,FSM Enemy 12,FSM,PatrolState,None,1.00,72.9,0,0.57,0,,,83378265
14.04,FSM Enemy 8,FSM,PatrolState,None,1.00,53.5,0,0.57,0,,,83378265
14.04,FSM Enemy 1,FSM,PatrolState,None,1.00,80.8,0,0.57,0,,,83378265
14.04,FSM Enemy 4,FSM,PatrolState,None,1.00,76.4,0,0.57,0,,,83378265
14.04,FSM Enemy 7,FSM,Dead,None,0.00,3.8,0,0.57,24,,,83378265
14.04,FSM Enemy 11,FSM,Dead,None,0.00,15.9,1,0.57,0,,,83378265
14.04,FSM Enemy 6,FSM,PatrolState,None,1.00,52.4,0,0.57,0,,,83378265
14.04,FSM Enemy 10,FSM,PatrolState,None,1.00,83.7,0,0.57,0,,,83378265
14.04,FSM Enemy 9,FSM,PatrolState,None,1.00,54.9,0,0.57,0,,,83378265
14.04,Utility Enemy 14,Utility,PatrolAction,None,1.00,80.1,0,0.57,0,0.120,0.000,83378265
14.04,Utility Enemy 8,Utility,PatrolAction,None,1.00,64.2,0,0.57,0,0.120,0.000,83378265
14.04,Utility Enemy 3,Utility,PatrolAction,None,1.00,91.7,0,0.57,0,0.120,0.000,83378265
14.04,Utility Enemy 7,Utility,PatrolAction,None,1.00,69.7,0,0.57,0,0.120,0.000,83378265
14.04,Utility Enemy 12,Utility,PatrolAction,None,1.00,69.0,0,0.57,0,0.120,0.000,83378265
14.04,Utility Enemy 15,Utility,PatrolAction,None,1.00,83.4,0,0.57,0,0.120,0.000,83378265
14.04,Utility Enemy 1,Utility,PatrolAction,None,1.00,80.7,0,0.57,0,0.120,0.000,83378265
14.04,Utility Enemy 5,Utility,PatrolAction,None,1.00,89.3,0,0.57,0,0.120,0.000,83378265
14.04,Utility Enemy 13,Utility,Dead,None,0.00,14.6,1,0.57,8,0.366,0.289,83378265
14.04,Utility Enemy 6,Utility,Dead,None,0.00,8.6,1,0.57,16,0.647,0.186,83378265
14.04,Utility Enemy 4,Utility,PatrolAction,None,1.00,36.9,0,0.57,0,0.120,0.000,83378265
14.04,Utility Enemy 10,Utility,PatrolAction,None,1.00,42.3,0,0.57,0,0.120,0.000,83378265
14.04,Utility Enemy 11,Utility,Dead,None,0.00,8.0,0,0.57,0,0.425,0.398,83378265
14.04,Utility Enemy 9,Utility,PatrolAction,None,1.00,63.3,0,0.57,0,0.120,0.000,83378265
14.04,Utility Enemy 2,Utility,PatrolAction,None,1.00,99.4,0,0.57,0,0.120,0.000,83378265
15.05,Player,Player,-,None,0.57,,0,0.57,,,,83378265
15.05,FSM Enemy 2,FSM,PatrolState,None,1.00,101.3,0,0.57,0,,,83378265
15.05,FSM Enemy 15,FSM,Dead,None,0.00,16.1,1,0.57,16,,,83378265
15.05,FSM Enemy 14,FSM,PatrolState,None,1.00,92.5,0,0.57,0,,,83378265
15.05,FSM Enemy 3,FSM,PatrolState,None,1.00,88.6,0,0.57,0,,,83378265
15.05,FSM Enemy 5,FSM,PatrolState,None,1.00,53.1,0,0.57,0,,,83378265
15.05,FSM Enemy 13,FSM,PatrolState,None,1.00,24.6,0,0.57,0,,,83378265
15.05,FSM Enemy 12,FSM,PatrolState,None,1.00,68.9,0,0.57,0,,,83378265
15.05,FSM Enemy 8,FSM,PatrolState,None,1.00,50.9,0,0.57,0,,,83378265
15.05,FSM Enemy 1,FSM,PatrolState,None,1.00,83.8,0,0.57,0,,,83378265
15.05,FSM Enemy 4,FSM,PatrolState,None,1.00,75.7,0,0.57,0,,,83378265
15.05,FSM Enemy 7,FSM,Dead,None,0.00,3.0,0,0.57,24,,,83378265
15.05,FSM Enemy 11,FSM,Dead,None,0.00,14.2,1,0.57,0,,,83378265
15.05,FSM Enemy 6,FSM,PatrolState,None,1.00,53.2,0,0.57,0,,,83378265
15.05,FSM Enemy 10,FSM,PatrolState,None,1.00,83.3,0,0.57,0,,,83378265
15.05,FSM Enemy 9,FSM,PatrolState,None,1.00,54.0,0,0.57,0,,,83378265
15.05,Utility Enemy 14,Utility,PatrolAction,None,1.00,82.6,0,0.57,0,0.120,0.000,83378265
15.05,Utility Enemy 8,Utility,PatrolAction,None,1.00,62.2,0,0.57,0,0.120,0.000,83378265
15.05,Utility Enemy 3,Utility,PatrolAction,None,1.00,87.0,0,0.57,0,0.120,0.000,83378265
15.05,Utility Enemy 7,Utility,PatrolAction,None,1.00,64.6,0,0.57,0,0.120,0.000,83378265
15.05,Utility Enemy 12,Utility,PatrolAction,None,1.00,67.6,0,0.57,0,0.120,0.000,83378265
15.05,Utility Enemy 15,Utility,PatrolAction,None,1.00,84.9,0,0.57,0,0.120,0.000,83378265
15.05,Utility Enemy 1,Utility,PatrolAction,None,1.00,82.4,0,0.57,0,0.120,0.000,83378265
15.05,Utility Enemy 5,Utility,PatrolAction,None,1.00,89.9,0,0.57,0,0.120,0.000,83378265
15.05,Utility Enemy 13,Utility,Dead,None,0.00,15.6,1,0.57,8,0.366,0.289,83378265
15.05,Utility Enemy 6,Utility,Dead,None,0.00,10.3,1,0.57,16,0.647,0.186,83378265
15.05,Utility Enemy 4,Utility,PatrolAction,None,1.00,39.7,0,0.57,0,0.120,0.000,83378265
15.05,Utility Enemy 10,Utility,PatrolAction,None,1.00,36.7,0,0.57,0,0.120,0.000,83378265
15.05,Utility Enemy 11,Utility,Dead,None,0.00,7.3,0,0.57,0,0.425,0.398,83378265
15.05,Utility Enemy 9,Utility,PatrolAction,None,1.00,64.5,0,0.57,0,0.120,0.000,83378265
15.05,Utility Enemy 2,Utility,PatrolAction,None,1.00,102.7,0,0.57,0,0.120,0.000,83378265
16.05,Player,Player,-,None,0.57,,0,0.57,,,,83378265
16.05,FSM Enemy 2,FSM,PatrolState,None,1.00,102.3,0,0.57,0,,,83378265
16.05,FSM Enemy 15,FSM,Dead,None,0.00,13.8,1,0.57,16,,,83378265
16.05,FSM Enemy 14,FSM,PatrolState,None,1.00,93.8,0,0.57,0,,,83378265
16.05,FSM Enemy 3,FSM,PatrolState,None,1.00,89.2,0,0.57,0,,,83378265
16.05,FSM Enemy 5,FSM,PatrolState,None,1.00,49.2,0,0.57,0,,,83378265
16.05,FSM Enemy 13,FSM,PatrolState,None,1.00,19.7,0,0.57,0,,,83378265
16.05,FSM Enemy 12,FSM,PatrolState,None,1.00,69.9,0,0.57,0,,,83378265
16.05,FSM Enemy 8,FSM,PatrolState,None,1.00,46.8,0,0.57,0,,,83378265
16.05,FSM Enemy 1,FSM,PatrolState,None,1.00,80.5,0,0.57,0,,,83378265
16.05,FSM Enemy 4,FSM,PatrolState,None,1.00,77.5,0,0.57,0,,,83378265
16.05,FSM Enemy 7,FSM,Dead,None,0.00,4.2,0,0.57,24,,,83378265
16.05,FSM Enemy 11,FSM,Dead,None,0.00,16.9,0,0.57,0,,,83378265
16.05,FSM Enemy 6,FSM,PatrolState,None,1.00,58.4,0,0.57,0,,,83378265
16.05,FSM Enemy 10,FSM,PatrolState,None,1.00,82.1,0,0.57,0,,,83378265
16.05,FSM Enemy 9,FSM,PatrolState,None,1.00,54.0,0,0.57,0,,,83378265
16.05,Utility Enemy 14,Utility,PatrolAction,None,1.00,85.0,0,0.57,0,0.120,0.000,83378265
16.05,Utility Enemy 8,Utility,PatrolAction,None,1.00,62.2,0,0.57,0,0.120,0.000,83378265
16.05,Utility Enemy 3,Utility,PatrolAction,None,1.00,89.5,0,0.57,0,0.120,0.000,83378265
16.05,Utility Enemy 7,Utility,PatrolAction,None,1.00,68.1,0,0.57,0,0.120,0.000,83378265
16.05,Utility Enemy 12,Utility,PatrolAction,None,1.00,69.8,0,0.57,0,0.120,0.000,83378265
16.05,Utility Enemy 15,Utility,PatrolAction,None,1.00,82.1,0,0.57,0,0.120,0.000,83378265
16.05,Utility Enemy 1,Utility,PatrolAction,None,1.00,81.1,0,0.57,0,0.120,0.000,83378265
16.05,Utility Enemy 5,Utility,PatrolAction,None,1.00,88.0,0,0.57,0,0.120,0.000,83378265
16.05,Utility Enemy 13,Utility,Dead,None,0.00,11.8,1,0.57,8,0.366,0.289,83378265
16.05,Utility Enemy 6,Utility,Dead,None,0.00,7.0,0,0.57,16,0.647,0.186,83378265
16.05,Utility Enemy 4,Utility,PatrolAction,None,1.00,36.3,0,0.57,0,0.120,0.000,83378265
16.05,Utility Enemy 10,Utility,PatrolAction,None,1.00,36.1,0,0.57,0,0.120,0.000,83378265
16.05,Utility Enemy 11,Utility,Dead,None,0.00,7.3,0,0.57,0,0.425,0.398,83378265
16.05,Utility Enemy 9,Utility,PatrolAction,None,1.00,68.3,0,0.57,0,0.120,0.000,83378265
16.05,Utility Enemy 2,Utility,PatrolAction,None,1.00,104.2,0,0.57,0,0.120,0.000,83378265
17.05,Player,Player,-,None,0.57,,0,0.57,,,,83378265
17.05,FSM Enemy 2,FSM,PatrolState,None,1.00,104.3,0,0.57,0,,,83378265
17.05,FSM Enemy 15,FSM,Dead,None,0.00,13.3,0,0.57,16,,,83378265
17.05,FSM Enemy 14,FSM,PatrolState,None,1.00,97.9,0,0.57,0,,,83378265
17.05,FSM Enemy 3,FSM,PatrolState,None,1.00,90.6,0,0.57,0,,,83378265
17.05,FSM Enemy 5,FSM,PatrolState,None,1.00,45.0,0,0.57,0,,,83378265
17.05,FSM Enemy 13,FSM,PatrolState,None,1.00,14.2,0,0.57,0,,,83378265
17.05,FSM Enemy 12,FSM,PatrolState,None,1.00,76.6,0,0.57,0,,,83378265
17.05,FSM Enemy 8,FSM,PatrolState,None,1.00,44.0,0,0.57,0,,,83378265
17.05,FSM Enemy 1,FSM,PatrolState,None,1.00,77.4,0,0.57,0,,,83378265
17.05,FSM Enemy 4,FSM,PatrolState,None,1.00,80.2,0,0.57,0,,,83378265
17.05,FSM Enemy 7,FSM,Dead,None,0.00,8.9,0,0.57,24,,,83378265
17.05,FSM Enemy 11,FSM,Dead,None,0.00,21.6,0,0.57,0,,,83378265
17.05,FSM Enemy 6,FSM,PatrolState,None,1.00,65.3,0,0.57,0,,,83378265
17.05,FSM Enemy 10,FSM,PatrolState,None,1.00,80.4,0,0.57,0,,,83378265
17.05,FSM Enemy 9,FSM,PatrolState,None,1.00,55.4,0,0.57,0,,,83378265
17.05,Utility Enemy 14,Utility,PatrolAction,None,1.00,84.8,0,0.57,0,0.120,0.000,83378265
17.05,Utility Enemy 8,Utility,PatrolAction,None,1.00,56.7,0,0.57,0,0.120,0.000,83378265
17.05,Utility Enemy 3,Utility,PatrolAction,None,1.00,93.6,0,0.57,0,0.120,0.000,83378265
17.05,Utility Enemy 7,Utility,PatrolAction,None,1.00,74.3,0,0.57,0,0.120,0.000,83378265
17.05,Utility Enemy 12,Utility,PatrolAction,None,1.00,76.0,0,0.57,0,0.120,0.000,83378265
17.05,Utility Enemy 15,Utility,PatrolAction,None,1.00,75.5,0,0.57,0,0.120,0.000,83378265
17.05,Utility Enemy 1,Utility,PatrolAction,None,1.00,76.9,0,0.57,0,0.120,0.000,83378265
17.05,Utility Enemy 5,Utility,PatrolAction,None,1.00,86.6,0,0.57,0,0.120,0.000,83378265
17.05,Utility Enemy 13,Utility,Dead,None,0.00,8.3,0,0.57,8,0.366,0.289,83378265
17.05,Utility Enemy 6,Utility,Dead,None,0.00,3.2,0,0.57,16,0.647,0.186,83378265
17.05,Utility Enemy 4,Utility,PatrolAction,None,1.00,32.0,0,0.57,0,0.120,0.000,83378265
17.05,Utility Enemy 10,Utility,PatrolAction,None,1.00,38.6,0,0.57,0,0.120,0.000,83378265
17.05,Utility Enemy 11,Utility,Dead,None,0.00,10.8,0,0.57,0,0.425,0.398,83378265
17.05,Utility Enemy 9,Utility,PatrolAction,None,1.00,72.5,0,0.57,0,0.120,0.000,83378265
17.05,Utility Enemy 2,Utility,PatrolAction,None,1.00,105.7,0,0.57,0,0.120,0.000,83378265
18.05,Player,Player,-,None,0.57,,0,0.57,,,,83378265
18.05,FSM Enemy 2,FSM,PatrolState,None,1.00,102.4,0,0.57,0,,,83378265
18.05,FSM Enemy 15,FSM,Dead,None,0.00,14.3,0,0.57,16,,,83378265
18.05,FSM Enemy 14,FSM,PatrolState,None,1.00,101.5,0,0.57,0,,,83378265
18.05,FSM Enemy 3,FSM,PatrolState,None,1.00,91.9,0,0.57,0,,,83378265
18.05,FSM Enemy 5,FSM,PatrolState,None,1.00,40.2,0,0.57,0,,,83378265
18.05,FSM Enemy 13,FSM,PatrolState,None,0.50,10.0,0,0.57,0,,,83378265
18.05,FSM Enemy 12,FSM,PatrolState,None,1.00,83.0,0,0.57,0,,,83378265
18.05,FSM Enemy 8,FSM,PatrolState,None,1.00,43.8,0,0.57,0,,,83378265
18.05,FSM Enemy 1,FSM,PatrolState,None,1.00,74.0,0,0.57,0,,,83378265
18.05,FSM Enemy 4,FSM,PatrolState,None,1.00,82.3,0,0.57,0,,,83378265
18.05,FSM Enemy 7,FSM,Dead,None,0.00,13.9,0,0.57,24,,,83378265
18.05,FSM Enemy 11,FSM,Dead,None,0.00,26.2,0,0.57,0,,,83378265
18.05,FSM Enemy 6,FSM,PatrolState,None,1.00,69.0,0,0.57,0,,,83378265
18.05,FSM Enemy 10,FSM,PatrolState,None,1.00,78.5,0,0.57,0,,,83378265
18.05,FSM Enemy 9,FSM,PatrolState,None,1.00,56.3,0,0.57,0,,,83378265
18.05,Utility Enemy 14,Utility,PatrolAction,None,1.00,85.9,0,0.57,0,0.120,0.000,83378265
18.05,Utility Enemy 8,Utility,PatrolAction,None,1.00,52.4,0,0.57,0,0.120,0.000,83378265
18.05,Utility Enemy 3,Utility,PatrolAction,None,1.00,95.3,0,0.57,0,0.120,0.000,83378265
18.05,Utility Enemy 7,Utility,PatrolAction,None,1.00,75.1,0,0.57,0,0.120,0.000,83378265
18.05,Utility Enemy 12,Utility,PatrolAction,None,1.00,76.3,0,0.57,0,0.120,0.000,83378265
18.05,Utility Enemy 15,Utility,PatrolAction,None,1.00,73.8,0,0.57,0,0.120,0.000,83378265
18.05,Utility Enemy 1,Utility,PatrolAction,None,1.00,71.8,0,0.57,0,0.120,0.000,83378265
18.05,Utility Enemy 5,Utility,PatrolAction,None,1.00,85.4,0,0.57,0,0.120,0.000,83378265
18.05,Utility Enemy 13,Utility,Dead,None,0.00,6.7,0,0.57,8,0.366,0.289,83378265
18.05,Utility Enemy 6,Utility,Dead,None,0.00,5.8,0,0.57,16,0.647,0.186,83378265
18.05,Utility Enemy 4,Utility,PatrolAction,None,1.00,24.4,0,0.57,0,0.120,0.000,83378265
18.05,Utility Enemy 10,Utility,PatrolAction,None,1.00,43.9,0,0.57,0,0.120,0.000,83378265
18.05,Utility Enemy 11,Utility,Dead,None,0.00,15.0,0,0.57,0,0.425,0.398,83378265
18.05,Utility Enemy 9,Utility,PatrolAction,None,1.00,72.1,0,0.57,0,0.120,0.000,83378265
18.05,Utility Enemy 2,Utility,PatrolAction,None,1.00,103.9,0,0.57,0,0.120,0.000,83378265
19.06,Player,Player,-,None,0.57,,0,0.57,,,,83378265
19.06,FSM Enemy 2,FSM,PatrolState,None,1.00,100.8,0,0.57,0,,,83378265
19.06,FSM Enemy 15,FSM,Dead,None,0.00,15.9,0,0.57,16,,,83378265
19.06,FSM Enemy 14,FSM,PatrolState,None,1.00,100.6,0,0.57,0,,,83378265
19.06,FSM Enemy 3,FSM,PatrolState,None,1.00,89.8,0,0.57,0,,,83378265
19.06,FSM Enemy 5,FSM,PatrolState,None,1.00,35.0,0,0.57,0,,,83378265
19.06,FSM Enemy 13,FSM,Dead,None,0.00,6.5,0,0.57,0,,,83378265
19.06,FSM Enemy 12,FSM,PatrolState,None,1.00,88.3,0,0.57,0,,,83378265
19.06,FSM Enemy 8,FSM,PatrolState,None,1.00,45.5,0,0.57,0,,,83378265
19.06,FSM Enemy 1,FSM,PatrolState,None,1.00,70.7,0,0.57,0,,,83378265
19.06,FSM Enemy 4,FSM,PatrolState,None,1.00,83.5,0,0.57,0,,,83378265
19.06,FSM Enemy 7,FSM,Dead,None,0.00,18.4,0,0.57,24,,,83378265
19.06,FSM Enemy 11,FSM,Dead,None,0.00,30.3,0,0.57,0,,,83378265
19.06,FSM Enemy 6,FSM,PatrolState,None,1.00,70.0,0,0.57,0,,,83378265
19.06,FSM Enemy 10,FSM,PatrolState,None,1.00,76.1,0,0.57,0,,,83378265
19.06,FSM Enemy 9,FSM,PatrolState,None,1.00,56.0,0,0.57,0,,,83378265
19.06,Utility Enemy 14,Utility,PatrolAction,None,1.00,87.3,0,0.57,0,0.120,0.000,83378265
19.06,Utility Enemy 8,Utility,PatrolAction,None,1.00,44.4,0,0.57,0,0.120,0.000,83378265
19.06,Utility Enemy 3,Utility,PatrolAction,None,1.00,91.8,0,0.57,0,0.120,0.000,83378265
19.06,Utility Enemy 7,Utility,PatrolAction,None,1.00,80.4,0,0.57,0,0.120,0.000,83378265
19.06,Utility Enemy 12,Utility,PatrolAction,None,1.00,76.0,0,0.57,0,0.120,0.000,83378265
19.06,Utility Enemy 15,Utility,PatrolAction,None,1.00,74.2,0,0.57,0,0.120,0.000,83378265
19.06,Utility Enemy 1,Utility,PatrolAction,None,1.00,65.5,0,0.57,0,0.120,0.000,83378265
19.06,Utility Enemy 5,Utility,PatrolAction,None,1.00,86.6,0,0.57,0,0.120,0.000,83378265
19.06,Utility Enemy 13,Utility,Dead,None,0.00,7.5,0,0.57,8,0.366,0.289,83378265
19.06,Utility Enemy 6,Utility,Dead,None,0.00,10.3,0,0.57,16,0.647,0.186,83378265
19.06,Utility Enemy 4,Utility,SpreadFireAction,None,1.00,17.9,1,0.57,0,0.136,0.125,83378265
19.06,Utility Enemy 10,Utility,PatrolAction,None,1.00,51.3,0,0.57,0,0.120,0.000,83378265
19.06,Utility Enemy 11,Utility,Dead,None,0.00,19.0,0,0.57,0,0.425,0.398,83378265
19.06,Utility Enemy 9,Utility,PatrolAction,None,1.00,73.2,0,0.57,0,0.120,0.000,83378265
19.06,Utility Enemy 2,Utility,PatrolAction,None,1.00,101.5,0,0.57,0,0.120,0.000,83378265
20.07,Player,Player,-,None,0.57,,0,0.57,,,,83378265
20.07,FSM Enemy 2,FSM,PatrolState,None,1.00,101.3,0,0.57,0,,,83378265
20.07,FSM Enemy 15,FSM,Dead,None,0.00,18.8,0,0.57,16,,,83378265
20.07,FSM Enemy 14,FSM,PatrolState,None,1.00,97.1,0,0.57,0,,,83378265
20.07,FSM Enemy 3,FSM,PatrolState,None,1.00,83.0,0,0.57,0,,,83378265
20.07,FSM Enemy 5,FSM,PatrolState,None,1.00,30.0,0,0.57,0,,,83378265
20.07,FSM Enemy 13,FSM,Dead,None,0.00,4.8,0,0.57,0,,,83378265
20.07,FSM Enemy 12,FSM,PatrolState,None,1.00,92.2,0,0.57,0,,,83378265
20.07,FSM Enemy 8,FSM,PatrolState,None,1.00,45.2,0,0.57,0,,,83378265
20.07,FSM Enemy 1,FSM,PatrolState,None,1.00,65.8,0,0.57,0,,,83378265
20.07,FSM Enemy 4,FSM,PatrolState,None,1.00,84.0,0,0.57,0,,,83378265
20.07,FSM Enemy 7,FSM,Dead,None,0.00,25.0,0,0.57,24,,,83378265
20.07,FSM Enemy 11,FSM,Dead,None,0.00,35.8,0,0.57,0,,,83378265
20.07,FSM Enemy 6,FSM,PatrolState,None,1.00,71.4,0,0.57,0,,,83378265
20.07,FSM Enemy 10,FSM,PatrolState,None,1.00,74.5,0,0.57,0,,,83378265
20.07,FSM Enemy 9,FSM,PatrolState,None,1.00,53.4,0,0.57,0,,,83378265
20.07,Utility Enemy 14,Utility,PatrolAction,None,1.00,87.5,0,0.57,0,0.120,0.000,83378265
20.07,Utility Enemy 8,Utility,PatrolAction,None,1.00,34.3,0,0.57,0,0.120,0.000,83378265
20.07,Utility Enemy 3,Utility,PatrolAction,None,1.00,88.1,0,0.57,0,0.120,0.000,83378265
20.07,Utility Enemy 7,Utility,PatrolAction,None,1.00,86.8,0,0.57,0,0.120,0.000,83378265
20.07,Utility Enemy 12,Utility,PatrolAction,None,1.00,75.5,0,0.57,0,0.120,0.000,83378265
20.07,Utility Enemy 15,Utility,PatrolAction,None,1.00,69.8,0,0.57,0,0.120,0.000,83378265
20.07,Utility Enemy 1,Utility,PatrolAction,None,1.00,61.6,0,0.57,0,0.120,0.000,83378265
20.07,Utility Enemy 5,Utility,PatrolAction,None,1.00,84.3,0,0.57,0,0.120,0.000,83378265
20.07,Utility Enemy 13,Utility,Dead,None,0.00,11.8,0,0.57,8,0.366,0.289,83378265
20.07,Utility Enemy 6,Utility,Dead,None,0.00,17.7,0,0.57,16,0.647,0.186,83378265
20.07,Utility Enemy 4,Utility,ChaseAction,None,1.00,11.3,0,0.57,0,0.490,0.400,83378265
20.07,Utility Enemy 10,Utility,PatrolAction,None,1.00,58.4,0,0.57,0,0.120,0.000,83378265
20.07,Utility Enemy 11,Utility,PatrolAction,None,1.00,66.0,0,0.57,0,0.120,0.000,83378265
20.07,Utility Enemy 9,Utility,PatrolAction,None,1.00,75.2,0,0.57,0,0.120,0.000,83378265
20.07,Utility Enemy 2,Utility,PatrolAction,None,1.00,95.6,0,0.57,0,0.120,0.000,83378265
21.07,Player,Player,-,None,0.57,,0,0.57,,,,83378265
21.07,FSM Enemy 2,FSM,PatrolState,None,1.00,99.6,0,0.57,0,,,83378265
21.07,FSM Enemy 15,FSM,Dead,None,0.00,21.7,0,0.57,16,,,83378265
21.07,FSM Enemy 14,FSM,PatrolState,None,1.00,91.4,0,0.57,0,,,83378265
21.07,FSM Enemy 3,FSM,PatrolState,None,1.00,74.6,0,0.57,0,,,83378265
21.07,FSM Enemy 5,FSM,PatrolState,None,1.00,25.0,0,0.57,0,,,83378265
21.07,FSM Enemy 13,FSM,Dead,None,0.00,9.5,0,0.57,0,,,83378265
21.07,FSM Enemy 12,FSM,PatrolState,None,1.00,93.2,0,0.57,0,,,83378265
21.07,FSM Enemy 8,FSM,PatrolState,None,1.00,43.6,0,0.57,0,,,83378265
21.07,FSM Enemy 1,FSM,PatrolState,None,1.00,56.2,0,0.57,0,,,83378265
21.07,FSM Enemy 4,FSM,PatrolState,None,1.00,82.0,0,0.57,0,,,83378265
21.07,FSM Enemy 7,FSM,PatrolState,None,1.00,61.6,0,0.57,24,,,83378265
21.07,FSM Enemy 11,FSM,Dead,None,0.00,40.2,0,0.57,0,,,83378265
21.07,FSM Enemy 6,FSM,PatrolState,None,1.00,70.7,0,0.57,0,,,83378265
21.07,FSM Enemy 10,FSM,PatrolState,None,1.00,72.2,0,0.57,0,,,83378265
21.07,FSM Enemy 9,FSM,PatrolState,None,1.00,49.4,0,0.57,0,,,83378265
21.07,Utility Enemy 14,Utility,PatrolAction,None,1.00,84.1,0,0.57,0,0.120,0.000,83378265
21.07,Utility Enemy 8,Utility,PatrolAction,None,1.00,24.7,0,0.57,0,0.120,0.000,83378265
21.07,Utility Enemy 3,Utility,PatrolAction,None,1.00,89.6,0,0.57,0,0.120,0.000,83378265
21.07,Utility Enemy 7,Utility,PatrolAction,None,1.00,90.9,0,0.57,0,0.120,0.000,83378265
21.07,Utility Enemy 12,Utility,PatrolAction,None,1.00,72.0,0,0.57,0,0.120,0.000,83378265
21.07,Utility Enemy 15,Utility,PatrolAction,None,1.00,62.7,0,0.57,0,0.120,0.000,83378265
21.07,Utility Enemy 1,Utility,PatrolAction,None,1.00,57.5,0,0.57,0,0.120,0.000,83378265
21.07,Utility Enemy 5,Utility,PatrolAction,None,1.00,76.9,0,0.57,0,0.120,0.000,83378265
21.07,Utility Enemy 13,Utility,Dead,None,0.00,16.8,0,0.57,8,0.366,0.289,83378265
21.07,Utility Enemy 6,Utility,Dead,None,0.00,24.7,0,0.57,16,0.647,0.186,83378265
21.07,Utility Enemy 4,Utility,Dead,None,0.00,5.1,1,0.57,0,0.584,0.525,83378265
21.07,Utility Enemy 10,Utility,PatrolAction,None,1.00,57.3,0,0.57,0,0.120,0.000,83378265
21.07,Utility Enemy 11,Utility,PatrolAction,None,1.00,62.3,0,0.57,0,0.120,0.000,83378265
21.07,Utility Enemy 9,Utility,PatrolAction,None,1.00,70.4,0,0.57,0,0.120,0.000,83378265
21.07,Utility Enemy 2,Utility,PatrolAction,None,1.00,87.5,0,0.57,0,0.120,0.000,83378265
22.07,Player,Player,-,None,0.57,,0,0.57,,,,83378265
22.07,FSM Enemy 2,FSM,PatrolState,None,1.00,98.9,0,0.57,0,,,83378265
22.07,FSM Enemy 15,FSM,Dead,None,0.00,26.7,0,0.57,16,,,83378265
22.07,FSM Enemy 14,FSM,PatrolState,None,1.00,86.8,0,0.57,0,,,83378265
22.07,FSM Enemy 3,FSM,PatrolState,None,1.00,68.4,0,0.57,0,,,83378265
22.07,FSM Enemy 5,FSM,PatrolState,None,1.00,20.1,0,0.57,0,,,83378265
22.07,FSM Enemy 13,FSM,Dead,None,0.00,16.4,0,0.57,0,,,83378265
22.07,FSM Enemy 12,FSM,PatrolState,None,1.00,94.3,0,0.57,0,,,83378265
22.07,FSM Enemy 8,FSM,PatrolState,None,1.00,42.6,0,0.57,0,,,83378265
22.07,FSM Enemy 1,FSM,PatrolState,None,1.00,46.3,0,0.57,0,,,83378265
22.07,FSM Enemy 4,FSM,PatrolState,None,1.00,80.1,0,0.57,0,,,83378265
22.07,FSM Enemy 7,FSM,PatrolState,None,1.00,57.9,0,0.57,24,,,83378265
22.07,FSM Enemy 11,FSM,Dead,None,0.00,45.6,0,0.57,0,,,83378265
22.07,FSM Enemy 6,FSM,PatrolState,None,1.00,71.2,0,0.57,0,,,83378265
22.07,FSM Enemy 10,FSM,PatrolState,None,1.00,70.6,0,0.57,0,,,83378265
22.07,FSM Enemy 9,FSM,PatrolState,None,1.00,47.5,0,0.57,0,,,83378265
22.07,Utility Enemy 14,Utility,PatrolAction,None,1.00,80.5,0,0.57,0,0.120,0.000,83378265
22.07,Utility Enemy 8,Utility,PatrolAction,None,1.00,15.1,0,0.57,0,0.120,0.000,83378265
22.07,Utility Enemy 3,Utility,PatrolAction,None,1.00,91.6,0,0.57,0,0.120,0.000,83378265
22.07,Utility Enemy 7,Utility,PatrolAction,None,1.00,95.4,0,0.57,0,0.120,0.000,83378265
22.07,Utility Enemy 12,Utility,PatrolAction,None,1.00,71.6,0,0.57,0,0.120,0.000,83378265
22.07,Utility Enemy 15,Utility,PatrolAction,None,1.00,56.6,0,0.57,0,0.120,0.000,83378265
22.07,Utility Enemy 1,Utility,PatrolAction,None,1.00,50.7,0,0.57,0,0.120,0.000,83378265
22.07,Utility Enemy 5,Utility,PatrolAction,None,1.00,67.3,0,0.57,0,0.120,0.000,83378265
22.07,Utility Enemy 13,Utility,Dead,None,0.00,23.4,0,0.57,8,0.366,0.289,83378265
22.07,Utility Enemy 6,Utility,Dead,None,0.00,32.0,0,0.57,16,0.647,0.186,83378265
22.07,Utility Enemy 4,Utility,Dead,None,0.00,8.6,0,0.57,0,0.584,0.525,83378265
22.07,Utility Enemy 10,Utility,PatrolAction,None,1.00,58.2,0,0.57,0,0.120,0.000,83378265
22.07,Utility Enemy 11,Utility,PatrolAction,None,1.00,58.5,0,0.57,0,0.120,0.000,83378265
22.07,Utility Enemy 9,Utility,PatrolAction,None,1.00,64.7,0,0.57,0,0.120,0.000,83378265
22.07,Utility Enemy 2,Utility,PatrolAction,None,1.00,85.1,0,0.57,0,0.120,0.000,83378265
23.08,Player,Player,-,None,0.57,,0,0.57,,,,83378265
23.08,FSM Enemy 2,FSM,PatrolState,None,1.00,99.8,0,0.57,0,,,83378265
23.08,FSM Enemy 15,FSM,Dead,None,0.00,33.1,0,0.57,16,,,83378265
23.08,FSM Enemy 14,FSM,PatrolState,None,1.00,84.7,0,0.57,0,,,83378265
23.08,FSM Enemy 3,FSM,PatrolState,None,1.00,64.3,0,0.57,0,,,83378265
23.08,FSM Enemy 5,FSM,PatrolState,None,1.00,16.3,0,0.57,0,,,83378265
23.08,FSM Enemy 13,FSM,Dead,None,0.00,23.6,0,0.57,0,,,83378265
23.08,FSM Enemy 12,FSM,PatrolState,None,1.00,96.5,0,0.57,0,,,83378265
23.08,FSM Enemy 8,FSM,PatrolState,None,1.00,42.9,0,0.57,0,,,83378265
23.08,FSM Enemy 1,FSM,PatrolState,None,1.00,36.9,0,0.57,0,,,83378265
23.08,FSM Enemy 4,FSM,PatrolState,None,1.00,79.9,0,0.57,0,,,83378265
23.08,FSM Enemy 7,FSM,PatrolState,None,1.00,56.8,0,0.57,24,,,83378265
23.08,FSM Enemy 11,FSM,PatrolState,None,1.00,57.4,0,0.57,0,,,83378265
23.08,FSM Enemy 6,FSM,PatrolState,None,1.00,73.3,0,0.57,0,,,83378265
23.08,FSM Enemy 10,FSM,PatrolState,None,1.00,70.9,0,0.57,0,,,83378265
23.08,FSM Enemy 9,FSM,PatrolState,None,1.00,48.8,0,0.57,0,,,83378265
23.08,Utility Enemy 14,Utility,PatrolAction,None,1.00,78.6,0,0.57,0,0.120,0.000,83378265
23.08,Utility Enemy 8,Utility,PatrolAction,None,1.00,6.6,0,0.57,0,0.120,0.000,83378265
23.08,Utility Enemy 3,Utility,PatrolAction,None,1.00,91.0,0,0.57,0,0.120,0.000,83378265
23.08,Utility Enemy 7,Utility,PatrolAction,None,1.00,98.7,0,0.57,0,0.120,0.000,83378265
23.08,Utility Enemy 12,Utility,PatrolAction,None,1.00,70.0,0,0.57,0,0.120,0.000,83378265
23.08,Utility Enemy 15,Utility,PatrolAction,None,1.00,53.0,0,0.57,0,0.120,0.000,83378265
23.08,Utility Enemy 1,Utility,PatrolAction,None,1.00,43.4,0,0.57,0,0.120,0.000,83378265
23.08,Utility Enemy 5,Utility,PatrolAction,None,1.00,59.2,0,0.57,0,0.120,0.000,83378265
23.08,Utility Enemy 13,Utility,Dead,None,0.00,30.4,0,0.57,8,0.366,0.289,83378265
23.08,Utility Enemy 6,Utility,Dead,None,0.00,39.1,0,0.57,16,0.647,0.186,83378265
23.08,Utility Enemy 4,Utility,Dead,None,0.00,15.5,0,0.57,0,0.584,0.525,83378265
23.08,Utility Enemy 10,Utility,PatrolAction,None,1.00,63.0,0,0.57,0,0.120,0.000,83378265
23.08,Utility Enemy 11,Utility,PatrolAction,None,1.00,56.3,0,0.57,0,0.120,0.000,83378265
23.08,Utility Enemy 9,Utility,PatrolAction,None,1.00,66.7,0,0.57,0,0.120,0.000,83378265
23.08,Utility Enemy 2,Utility,PatrolAction,None,1.00,85.3,0,0.57,0,0.120,0.000,83378265
24.08,Player,Player,-,None,0.52,,0,0.52,,,,83378265
24.08,FSM Enemy 2,FSM,PatrolState,None,1.00,101.5,0,0.52,0,,,83378265
24.08,FSM Enemy 15,FSM,Dead,None,0.00,36.6,0,0.52,16,,,83378265
24.08,FSM Enemy 14,FSM,PatrolState,None,1.00,89.0,0,0.52,0,,,83378265
24.08,FSM Enemy 3,FSM,PatrolState,None,1.00,64.4,0,0.52,0,,,83378265
24.08,FSM Enemy 5,FSM,PatrolState,None,1.00,16.6,0,0.52,0,,,83378265
24.08,FSM Enemy 13,FSM,Dead,None,0.00,26.5,0,0.52,0,,,83378265
24.08,FSM Enemy 12,FSM,PatrolState,None,1.00,98.0,0,0.52,0,,,83378265
24.08,FSM Enemy 8,FSM,PatrolState,None,1.00,47.1,0,0.52,0,,,83378265
24.08,FSM Enemy 1,FSM,PatrolState,None,1.00,33.3,0,0.52,0,,,83378265
24.08,FSM Enemy 4,FSM,PatrolState,None,1.00,82.4,0,0.52,0,,,83378265
24.08,FSM Enemy 7,FSM,PatrolState,None,1.00,57.8,0,0.52,24,,,83378265
24.08,FSM Enemy 11,FSM,PatrolState,None,1.00,59.3,0,0.52,0,,,83378265
24.08,FSM Enemy 6,FSM,PatrolState,None,1.00,78.4,0,0.52,0,,,83378265
24.08,FSM Enemy 10,FSM,PatrolState,None,1.00,74.1,0,0.52,0,,,83378265
24.08,FSM Enemy 9,FSM,PatrolState,None,1.00,51.2,0,0.52,0,,,83378265
24.08,Utility Enemy 14,Utility,PatrolAction,None,1.00,78.9,0,0.52,0,0.120,0.000,83378265
24.08,Utility Enemy 8,Utility,AttackAction,None,0.50,3.4,1,0.52,8,0.813,0.433,83378265
24.08,Utility Enemy 3,Utility,PatrolAction,None,1.00,89.6,0,0.52,0,0.120,0.000,83378265
24.08,Utility Enemy 7,Utility,PatrolAction,None,1.00,103.9,0,0.52,0,0.120,0.000,83378265
24.08,Utility Enemy 12,Utility,PatrolAction,None,1.00,68.8,0,0.52,0,0.120,0.000,83378265
24.08,Utility Enemy 15,Utility,PatrolAction,None,1.00,56.7,0,0.52,0,0.120,0.000,83378265
24.08,Utility Enemy 1,Utility,PatrolAction,None,1.00,45.7,0,0.52,0,0.120,0.000,83378265
24.08,Utility Enemy 5,Utility,PatrolAction,None,1.00,58.1,0,0.52,0,0.120,0.000,83378265
24.08,Utility Enemy 13,Utility,Dead,None,0.00,33.5,0,0.52,8,0.366,0.289,83378265
24.08,Utility Enemy 6,Utility,Dead,None,0.00,41.9,0,0.52,16,0.647,0.186,83378265
24.08,Utility Enemy 4,Utility,Dead,None,0.00,18.7,0,0.52,0,0.584,0.525,83378265
24.08,Utility Enemy 10,Utility,PatrolAction,None,1.00,68.4,0,0.52,0,0.120,0.000,83378265
24.08,Utility Enemy 11,Utility,PatrolAction,None,1.00,58.0,0,0.52,0,0.120,0.000,83378265
24.08,Utility Enemy 9,Utility,PatrolAction,None,1.00,66.8,0,0.52,0,0.120,0.000,83378265
24.08,Utility Enemy 2,Utility,PatrolAction,None,1.00,83.2,0,0.52,0,0.120,0.000,83378265
25.08,Player,Player,-,None,0.52,,0,0.52,,,,83378265
25.08,FSM Enemy 2,FSM,PatrolState,None,1.00,100.3,0,0.52,0,,,83378265
25.08,FSM Enemy 15,FSM,Dead,None,0.00,41.2,0,0.52,16,,,83378265
25.08,FSM Enemy 14,FSM,PatrolState,None,1.00,92.0,0,0.52,0,,,83378265
25.08,FSM Enemy 3,FSM,PatrolState,None,1.00,62.3,0,0.52,0,,,83378265
25.08,FSM Enemy 5,FSM,PatrolState,None,1.00,12.9,0,0.52,0,,,83378265
25.08,FSM Enemy 13,FSM,Dead,None,0.00,31.4,0,0.52,0,,,83378265
25.08,FSM Enemy 12,FSM,PatrolState,None,1.00,99.9,0,0.52,0,,,83378265
25.08,FSM Enemy 8,FSM,PatrolState,None,1.00,49.9,0,0.52,0,,,83378265
25.08,FSM Enemy 1,FSM,PatrolState,None,1.00,28.2,0,0.52,0,,,83378265
25.08,FSM Enemy 4,FSM,PatrolState,None,1.00,85.3,0,0.52,0,,,83378265
25.08,FSM Enemy 7,FSM,PatrolState,None,1.00,57.9,0,0.52,24,,,83378265
25.08,FSM Enemy 11,FSM,PatrolState,None,1.00,60.6,0,0.52,0,,,83378265
25.08,FSM Enemy 6,FSM,PatrolState,None,1.00,84.5,0,0.52,0,,,83378265
25.08,FSM Enemy 10,FSM,PatrolState,None,1.00,75.3,0,0.52,0,,,83378265
25.08,FSM Enemy 9,FSM,PatrolState,None,1.00,53.9,0,0.52,0,,,83378265
25.08,Utility Enemy 14,Utility,PatrolAction,None,1.00,80.1,0,0.52,0,0.120,0.000,83378265
25.08,Utility Enemy 8,Utility,Dead,None,0.00,2.6,0,0.52,8,0.808,0.431,83378265
25.08,Utility Enemy 3,Utility,PatrolAction,None,1.00,86.8,0,0.52,0,0.120,0.000,83378265
25.08,Utility Enemy 7,Utility,PatrolAction,None,1.00,110.9,0,0.52,0,0.120,0.000,83378265
25.08,Utility Enemy 12,Utility,PatrolAction,None,1.00,67.5,0,0.52,0,0.120,0.000,83378265
25.08,Utility Enemy 15,Utility,PatrolAction,None,1.00,58.7,0,0.52,0,0.120,0.000,83378265
25.08,Utility Enemy 1,Utility,PatrolAction,None,1.00,48.3,0,0.52,0,0.120,0.000,83378265
25.08,Utility Enemy 5,Utility,PatrolAction,None,1.00,57.5,0,0.52,0,0.120,0.000,83378265
25.08,Utility Enemy 13,Utility,Dead,None,0.00,38.4,0,0.52,8,0.366,0.289,83378265
25.08,Utility Enemy 6,Utility,Dead,None,0.00,46.8,0,0.52,16,0.647,0.186,83378265
25.08,Utility Enemy 4,Utility,Dead,None,0.00,23.5,0,0.52,0,0.584,0.525,83378265
25.08,Utility Enemy 10,Utility,PatrolAction,None,1.00,75.5,0,0.52,0,0.120,0.000,83378265
25.08,Utility Enemy 11,Utility,PatrolAction,None,1.00,54.2,0,0.52,0,0.120,0.000,83378265
25.08,Utility Enemy 9,Utility,PatrolAction,None,1.00,65.1,0,0.52,0,0.120,0.000,83378265
25.08,Utility Enemy 2,Utility,PatrolAction,None,1.00,79.2,0,0.52,0,0.120,0.000,83378265
26.08,Player,Player,-,None,0.52,,0,0.52,,,,83378265
26.08,FSM Enemy 2,FSM,PatrolState,None,1.00,95.1,0,0.52,0,,,83378265
26.08,FSM Enemy 15,FSM,Dead,None,0.00,47.1,0,0.52,16,,,83378265
26.08,FSM Enemy 14,FSM,PatrolState,None,1.00,92.9,0,0.52,0,,,83378265
26.08,FSM Enemy 3,FSM,PatrolState,None,1.00,57.8,0,0.52,0,,,83378265
26.08,FSM Enemy 5,FSM,PatrolState,None,0.50,6.0,0,0.52,0,,,83378265
26.08,FSM Enemy 13,FSM,Dead,None,0.00,38.2,0,0.52,0,,,83378265
26.08,FSM Enemy 12,FSM,PatrolState,None,1.00,105.3,0,0.52,0,,,83378265
26.08,FSM Enemy 8,FSM,PatrolState,None,1.00,50.2,0,0.52,0,,,83378265
26.08,FSM Enemy 1,FSM,PatrolState,None,1.00,22.8,0,0.52,0,,,83378265
26.08,FSM Enemy 4,FSM,PatrolState,None,1.00,88.1,0,0.52,0,,,83378265
26.08,FSM Enemy 7,FSM,PatrolState,None,1.00,57.5,0,0.52,24,,,83378265
26.08,FSM Enemy 11,FSM,PatrolState,None,1.00,61.7,0,0.52,0,,,83378265
26.08,FSM Enemy 6,FSM,PatrolState,None,1.00,90.7,0,0.52,0,,,83378265
26.08,FSM Enemy 10,FSM,PatrolState,None,1.00,72.3,0,0.52,0,,,83378265
26.08,FSM Enemy 9,FSM,PatrolState,None,1.00,55.6,0,0.52,0,,,83378265
26.08,Utility Enemy 14,Utility,PatrolAction,None,1.00,79.7,0,0.52,0,0.120,0.000,83378265
26.08,Utility Enemy 8,Utility,Dead,None,0.00,8.6,0,0.52,8,0.808,0.431,83378265
26.08,Utility Enemy 3,Utility,PatrolAction,None,1.00,84.8,0,0.52,0,0.120,0.000,83378265
26.08,Utility Enemy 7,Utility,PatrolAction,None,1.00,112.5,0,0.52,0,0.120,0.000,83378265
26.08,Utility Enemy 12,Utility,PatrolAction,None,1.00,66.0,0,0.52,0,0.120,0.000,83378265
26.08,Utility Enemy 15,Utility,PatrolAction,None,1.00,51.6,0,0.52,0,0.120,0.000,83378265
26.08,Utility Enemy 1,Utility,PatrolAction,None,1.00,48.0,0,0.52,0,0.120,0.000,83378265
26.08,Utility Enemy 5,Utility,PatrolAction,None,1.00,54.3,0,0.52,0,0.120,0.000,83378265
26.08,Utility Enemy 13,Utility,Dead,None,0.00,44.9,0,0.52,8,0.366,0.289,83378265
26.08,Utility Enemy 6,Utility,PatrolAction,None,1.00,90.2,0,0.52,16,0.120,0.000,83378265
26.08,Utility Enemy 4,Utility,Dead,None,0.00,29.9,0,0.52,0,0.584,0.525,83378265
26.08,Utility Enemy 10,Utility,PatrolAction,None,1.00,82.4,0,0.52,0,0.120,0.000,83378265
26.08,Utility Enemy 11,Utility,PatrolAction,None,1.00,47.6,0,0.52,0,0.120,0.000,83378265
26.08,Utility Enemy 9,Utility,PatrolAction,None,1.00,62.0,0,0.52,0,0.120,0.000,83378265
26.08,Utility Enemy 2,Utility,PatrolAction,None,1.00,78.3,0,0.52,0,0.120,0.000,83378265
27.09,Player,Player,-,None,0.52,,0,0.52,,,,83378265
27.09,FSM Enemy 2,FSM,PatrolState,None,1.00,90.0,0,0.52,0,,,83378265
27.09,FSM Enemy 15,FSM,Dead,None,0.00,48.7,0,0.52,16,,,83378265
27.09,FSM Enemy 14,FSM,PatrolState,None,1.00,92.7,0,0.52,0,,,83378265
27.09,FSM Enemy 3,FSM,PatrolState,None,1.00,55.5,0,0.52,0,,,83378265
27.09,FSM Enemy 5,FSM,PatrolState,None,0.25,2.7,0,0.52,0,,,83378265
27.09,FSM Enemy 13,FSM,Dead,None,0.00,40.5,0,0.52,0,,,83378265
27.09,FSM Enemy 12,FSM,PatrolState,None,1.00,107.3,0,0.52,0,,,83378265
27.09,FSM Enemy 8,FSM,PatrolState,None,1.00,46.9,0,0.52,0,,,83378265
27.09,FSM Enemy 1,FSM,PatrolState,None,1.00,21.1,0,0.52,0,,,83378265
27.09,FSM Enemy 4,FSM,PatrolState,None,1.00,88.2,0,0.52,0,,,83378265
27.09,FSM Enemy 7,FSM,PatrolState,None,1.00,55.7,0,0.52,24,,,83378265
27.09,FSM Enemy 11,FSM,PatrolState,None,1.00,60.6,0,0.52,0,,,83378265
27.09,FSM Enemy 6,FSM,PatrolState,None,1.00,93.4,0,0.52,0,,,83378265
27.09,FSM Enemy 10,FSM,PatrolState,None,1.00,68.3,0,0.52,0,,,83378265
27.09,FSM Enemy 9,FSM,PatrolState,None,1.00,54.5,0,0.52,0,,,83378265
27.09,Utility Enemy 14,Utility,PatrolAction,None,1.00,76.3,0,0.52,0,0.120,0.000,83378265
27.09,Utility Enemy 8,Utility,Dead,None,0.00,11.3,0,0.52,8,0.808,0.431,83378265
27.09,Utility Enemy 3,Utility,PatrolAction,None,1.00,80.8,0,0.52,0,0.120,0.000,83378265
27.09,Utility Enemy 7,Utility,PatrolAction,None,1.00,108.5,0,0.52,0,0.120,0.000,83378265
27.09,Utility Enemy 12,Utility,PatrolAction,None,1.00,62.5,0,0.52,0,0.120,0.000,83378265
27.09,Utility Enemy 15,Utility,PatrolAction,None,1.00,44.5,0,0.52,0,0.120,0.000,83378265
27.09,Utility Enemy 1,Utility,PatrolAction,None,1.00,47.6,0,0.52,0,0.120,0.000,83378265
27.09,Utility Enemy 5,Utility,PatrolAction,None,1.00,48.0,0,0.52,0,0.120,0.000,83378265
27.09,Utility Enemy 13,Utility,Dead,None,0.00,47.1,0,0.52,8,0.366,0.289,83378265
27.09,Utility Enemy 6,Utility,PatrolAction,None,1.00,85.9,0,0.52,16,0.120,0.000,83378265
27.09,Utility Enemy 4,Utility,Dead,None,0.00,32.0,0,0.52,0,0.584,0.525,83378265
27.09,Utility Enemy 10,Utility,PatrolAction,None,1.00,85.1,0,0.52,0,0.120,0.000,83378265
27.09,Utility Enemy 11,Utility,PatrolAction,None,1.00,44.2,0,0.52,0,0.120,0.000,83378265
27.09,Utility Enemy 9,Utility,PatrolAction,None,1.00,58.5,0,0.52,0,0.120,0.000,83378265
27.09,Utility Enemy 2,Utility,PatrolAction,None,1.00,77.1,0,0.52,0,0.120,0.000,83378265
28.09,Player,Player,-,None,0.52,,0,0.52,,,,83378265
28.09,FSM Enemy 2,FSM,PatrolState,None,1.00,82.9,0,0.52,0,,,83378265
28.09,FSM Enemy 15,FSM,Dead,None,0.00,49.7,0,0.52,16,,,83378265
28.09,FSM Enemy 14,FSM,PatrolState,None,1.00,88.9,0,0.52,0,,,83378265
28.09,FSM Enemy 3,FSM,PatrolState,None,1.00,52.1,0,0.52,0,,,83378265
28.09,FSM Enemy 5,FSM,Dead,None,0.00,4.9,0,0.52,0,,,83378265
28.09,FSM Enemy 13,FSM,Dead,None,0.00,42.8,0,0.52,0,,,83378265
28.09,FSM Enemy 12,FSM,PatrolState,None,1.00,107.6,0,0.52,0,,,83378265
28.09,FSM Enemy 8,FSM,PatrolState,None,1.00,41.4,0,0.52,0,,,83378265
28.09,FSM Enemy 1,FSM,PatrolState,None,1.00,19.4,0,0.52,0,,,83378265
28.09,FSM Enemy 4,FSM,PatrolState,None,1.00,85.3,0,0.52,0,,,83378265
28.09,FSM Enemy 7,FSM,PatrolState,None,1.00,52.5,0,0.52,24,,,83378265
28.09,FSM Enemy 11,FSM,PatrolState,None,1.00,58.4,0,0.52,0,,,83378265
28.09,FSM Enemy 6,FSM,PatrolState,None,1.00,94.8,0,0.52,0,,,83378265
28.09,FSM Enemy 10,FSM,PatrolState,None,1.00,62.6,0,0.52,0,,,83378265
28.09,FSM Enemy 9,FSM,PatrolState,None,1.00,51.5,0,0.52,0,,,83378265
28.09,Utility Enemy 14,Utility,PatrolAction,None,1.00,69.8,0,0.52,0,0.120,0.000,83378265
28.09,Utility Enemy 8,Utility,Dead,None,0.00,14.8,0,0.52,8,0.808,0.431,83378265
28.09,Utility Enemy 3,Utility,PatrolAction,None,1.00,73.1,0,0.52,0,0.120,0.000,83378265
28.09,Utility Enemy 7,Utility,PatrolAction,None,1.00,110.0,0,0.52,0,0.120,0.000,83378265
28.09,Utility Enemy 12,Utility,PatrolAction,None,1.00,55.8,0,0.52,0,0.120,0.000,83378265
28.09,Utility Enemy 15,Utility,PatrolAction,None,1.00,35.7,0,0.52,0,0.120,0.000,83378265
28.09,Utility Enemy 1,Utility,PatrolAction,None,1.00,40.7,0,0.52,0,0.120,0.000,83378265
28.09,Utility Enemy 5,Utility,PatrolAction,None,1.00,41.6,0,0.52,0,0.120,0.000,83378265
28.09,Utility Enemy 13,Utility,PatrolAction,None,1.00,31.1,0,0.52,8,0.120,0.000,83378265
28.09,Utility Enemy 6,Utility,PatrolAction,None,1.00,79.8,0,0.52,16,0.120,0.000,83378265
28.09,Utility Enemy 4,Utility,Dead,None,0.00,34.0,0,0.52,0,0.584,0.525,83378265
28.09,Utility Enemy 10,Utility,PatrolAction,None,1.00,85.5,0,0.52,0,0.120,0.000,83378265
28.09,Utility Enemy 11,Utility,PatrolAction,None,1.00,42.0,0,0.52,0,0.120,0.000,83378265
28.09,Utility Enemy 9,Utility,PatrolAction,None,1.00,54.1,0,0.52,0,0.120,0.000,83378265
28.09,Utility Enemy 2,Utility,PatrolAction,None,1.00,68.9,0,0.52,0,0.120,0.000,83378265
29.10,Player,Player,-,None,0.52,,0,0.52,,,,83378265
29.10,FSM Enemy 2,FSM,PatrolState,None,1.00,75.9,0,0.52,0,,,83378265
29.10,FSM Enemy 15,FSM,PatrolState,None,1.00,54.2,0,0.52,16,,,83378265
29.10,FSM Enemy 14,FSM,PatrolState,None,1.00,84.5,0,0.52,0,,,83378265
29.10,FSM Enemy 3,FSM,PatrolState,None,1.00,47.3,0,0.52,0,,,83378265
29.10,FSM Enemy 5,FSM,Dead,None,0.00,10.6,0,0.52,0,,,83378265
29.10,FSM Enemy 13,FSM,Dead,None,0.00,48.4,0,0.52,0,,,83378265
29.10,FSM Enemy 12,FSM,PatrolState,None,1.00,109.0,0,0.52,0,,,83378265
29.10,FSM Enemy 8,FSM,PatrolState,None,1.00,37.1,0,0.52,0,,,83378265
29.10,FSM Enemy 1,FSM,PatrolState,None,1.00,15.5,0,0.52,0,,,83378265
29.10,FSM Enemy 4,FSM,PatrolState,None,1.00,85.3,0,0.52,0,,,83378265
29.10,FSM Enemy 7,FSM,PatrolState,None,1.00,52.4,0,0.52,24,,,83378265
29.10,FSM Enemy 11,FSM,PatrolState,None,1.00,59.2,0,0.52,0,,,83378265
29.10,FSM Enemy 6,FSM,PatrolState,None,1.00,98.7,0,0.52,0,,,83378265
29.10,FSM Enemy 10,FSM,PatrolState,None,1.00,57.6,0,0.52,0,,,83378265
29.10,FSM Enemy 9,FSM,PatrolState,None,1.00,50.2,0,0.52,0,,,83378265
29.10,Utility Enemy 14,Utility,PatrolAction,None,1.00,64.2,0,0.52,0,0.120,0.000,83378265
29.10,Utility Enemy 8,Utility,Dead,None,0.00,21.5,0,0.52,8,0.808,0.431,83378265
29.10,Utility Enemy 3,Utility,PatrolAction,None,1.00,71.4,0,0.52,0,0.120,0.000,83378265
29.10,Utility Enemy 7,Utility,PatrolAction,None,1.00,110.9,0,0.52,0,0.120,0.000,83378265
29.10,Utility Enemy 12,Utility,PatrolAction,None,1.00,52.1,0,0.52,0,0.120,0.000,83378265
29.10,Utility Enemy 15,Utility,PatrolAction,None,1.00,28.2,0,0.52,0,0.120,0.000,83378265
29.10,Utility Enemy 1,Utility,PatrolAction,None,1.00,33.1,0,0.52,0,0.120,0.000,83378265
29.10,Utility Enemy 5,Utility,PatrolAction,None,1.00,36.3,0,0.52,0,0.120,0.000,83378265
29.10,Utility Enemy 13,Utility,PatrolAction,None,1.00,36.3,0,0.52,8,0.120,0.000,83378265
29.10,Utility Enemy 6,Utility,PatrolAction,None,1.00,79.8,0,0.52,16,0.120,0.000,83378265
29.10,Utility Enemy 4,Utility,Dead,None,0.00,39.4,0,0.52,0,0.584,0.525,83378265
29.10,Utility Enemy 10,Utility,PatrolAction,None,1.00,88.4,0,0.52,0,0.120,0.000,83378265
29.10,Utility Enemy 11,Utility,PatrolAction,None,1.00,40.4,0,0.52,0,0.120,0.000,83378265
29.10,Utility Enemy 9,Utility,PatrolAction,None,1.00,53.5,0,0.52,0,0.120,0.000,83378265
29.10,Utility Enemy 2,Utility,PatrolAction,None,1.00,60.6,0,0.52,0,0.120,0.000,83378265
30.10,Player,Player,-,None,0.52,,0,0.52,,,,83378265
30.10,FSM Enemy 2,FSM,PatrolState,None,1.00,76.8,0,0.52,0,,,83378265
30.10,FSM Enemy 15,FSM,PatrolState,None,1.00,52.1,0,0.52,16,,,83378265
30.10,FSM Enemy 14,FSM,PatrolState,None,1.00,85.3,0,0.52,0,,,83378265
30.10,FSM Enemy 3,FSM,PatrolState,None,1.00,46.5,0,0.52,0,,,83378265
30.10,FSM Enemy 5,FSM,Dead,None,0.00,14.6,0,0.52,0,,,83378265
30.10,FSM Enemy 13,FSM,Dead,None,0.00,53.6,0,0.52,0,,,83378265
30.10,FSM Enemy 12,FSM,PatrolState,None,1.00,110.5,0,0.52,0,,,83378265
30.10,FSM Enemy 8,FSM,PatrolState,None,1.00,36.6,0,0.52,0,,,83378265
30.10,FSM Enemy 1,FSM,PatrolState,None,1.00,12.8,0,0.52,0,,,83378265
30.10,FSM Enemy 4,FSM,PatrolState,None,1.00,88.7,0,0.52,0,,,83378265
30.10,FSM Enemy 7,FSM,PatrolState,None,1.00,55.5,0,0.52,24,,,83378265
30.10,FSM Enemy 11,FSM,PatrolState,None,1.00,62.7,0,0.52,0,,,83378265
30.10,FSM Enemy 6,FSM,PatrolState,None,1.00,100.6,0,0.52,0,,,83378265
30.10,FSM Enemy 10,FSM,PatrolState,None,1.00,56.9,0,0.52,0,,,83378265
30.10,FSM Enemy 9,FSM,PatrolState,None,1.00,51.5,0,0.52,0,,,83378265
30.10,Utility Enemy 14,Utility,PatrolAction,None,1.00,68.0,0,0.52,0,0.120,0.000,83378265
30.10,Utility Enemy 8,Utility,Dead,None,0.00,26.6,0,0.52,8,0.808,0.431,83378265
30.10,Utility Enemy 3,Utility,PatrolAction,None,1.00,72.0,0,0.52,0,0.120,0.000,83378265
30.10,Utility Enemy 7,Utility,PatrolAction,None,1.00,110.9,0,0.52,0,0.120,0.000,83378265
30.10,Utility Enemy 12,Utility,PatrolAction,None,1.00,57.1,0,0.52,0,0.120,0.000,83378265
30.10,Utility Enemy 15,Utility,PatrolAction,None,1.00,25.0,0,0.52,0,0.120,0.000,83378265
30.10,Utility Enemy 1,Utility,PatrolAction,None,1.00,29.0,0,0.52,0,0.120,0.000,83378265
30.10,Utility Enemy 5,Utility,PatrolAction,None,1.00,37.9,0,0.52,0,0.120,0.000,83378265
30.10,Utility Enemy 13,Utility,PatrolAction,None,1.00,44.0,0,0.52,8,0.120,0.000,83378265
30.10,Utility Enemy 6,Utility,PatrolAction,None,1.00,85.4,0,0.52,16,0.120,0.000,83378265
30.10,Utility Enemy 4,Utility,Dead,None,0.00,44.7,0,0.52,0,0.584,0.525,83378265
30.10,Utility Enemy 10,Utility,PatrolAction,None,1.00,89.1,0,0.52,0,0.120,0.000,83378265
30.10,Utility Enemy 11,Utility,PatrolAction,None,1.00,43.2,0,0.52,0,0.120,0.000,83378265
30.10,Utility Enemy 9,Utility,PatrolAction,None,1.00,56.7,0,0.52,0,0.120,0.000,83378265
30.10,Utility Enemy 2,Utility,PatrolAction,None,1.00,55.4,0,0.52,0,0.120,0.000,83378265
31.10,Player,Player,-,None,0.52,,0,0.52,,,,83378265
31.10,FSM Enemy 2,FSM,PatrolState,None,1.00,76.5,0,0.52,0,,,83378265
31.10,FSM Enemy 15,FSM,PatrolState,None,1.00,49.6,0,0.52,16,,,83378265
31.10,FSM Enemy 14,FSM,PatrolState,None,1.00,84.7,0,0.52,0,,,83378265
31.10,FSM Enemy 3,FSM,PatrolState,None,1.00,45.1,0,0.52,0,,,83378265
31.10,FSM Enemy 5,FSM,Dead,None,0.00,19.6,0,0.52,0,,,83378265
31.10,FSM Enemy 13,FSM,Dead,None,0.00,58.4,0,0.52,0,,,83378265
31.10,FSM Enemy 12,FSM,PatrolState,None,1.00,110.7,0,0.52,0,,,83378265
31.10,FSM Enemy 8,FSM,PatrolState,None,1.00,36.0,0,0.52,0,,,83378265
31.10,FSM Enemy 1,FSM,PatrolState,None,1.00,10.1,0,0.52,0,,,83378265
31.10,FSM Enemy 4,FSM,PatrolState,None,1.00,90.1,0,0.52,0,,,83378265
31.10,FSM Enemy 7,FSM,PatrolState,None,1.00,58.3,0,0.52,24,,,83378265
31.10,FSM Enemy 11,FSM,PatrolState,None,1.00,65.0,0,0.52,0,,,83378265
31.10,FSM Enemy 6,FSM,PatrolState,None,1.00,100.7,0,0.52,0,,,83378265
31.10,FSM Enemy 10,FSM,PatrolState,None,1.00,56.7,0,0.52,0,,,83378265
31.10,FSM Enemy 9,FSM,PatrolState,None,1.00,55.2,0,0.52,0,,,83378265
31.10,Utility Enemy 14,Utility,PatrolAction,None,1.00,65.2,0,0.52,0,0.120,0.000,83378265
31.10,Utility Enemy 8,Utility,Dead,None,0.00,31.8,0,0.52,8,0.808,0.431,83378265
31.10,Utility Enemy 3,Utility,PatrolAction,None,1.00,70.6,0,0.52,0,0.120,0.000,83378265
31.10,Utility Enemy 7,Utility,PatrolAction,None,1.00,111.2,0,0.52,0,0.120,0.000,83378265
31.10,Utility Enemy 12,Utility,PatrolAction,None,1.00,61.9,0,0.52,0,0.120,0.000,83378265
31.10,Utility Enemy 15,Utility,PatrolAction,None,1.00,23.1,0,0.52,0,0.120,0.000,83378265
31.10,Utility Enemy 1,Utility,PatrolAction,None,1.00,22.7,0,0.52,0,0.120,0.000,83378265
31.10,Utility Enemy 5,Utility,PatrolAction,None,1.00,36.6,0,0.52,0,0.120,0.000,83378265
31.10,Utility Enemy 13,Utility,PatrolAction,None,1.00,52.0,0,0.52,8,0.120,0.000,83378265
31.10,Utility Enemy 6,Utility,PatrolAction,None,1.00,89.4,0,0.52,16,0.120,0.000,83378265
31.10,Utility Enemy 4,Utility,Dead,None,0.00,49.5,0,0.52,0,0.584,0.525,83378265
31.10,Utility Enemy 10,Utility,PatrolAction,None,1.00,87.3,0,0.52,0,0.120,0.000,83378265
31.10,Utility Enemy 11,Utility,PatrolAction,None,1.00,40.6,0,0.52,0,0.120,0.000,83378265
31.10,Utility Enemy 9,Utility,PatrolAction,None,1.00,59.2,0,0.52,0,0.120,0.000,83378265
31.10,Utility Enemy 2,Utility,PatrolAction,None,1.00,49.4,0,0.52,0,0.120,0.000,83378265
32.11,Player,Player,-,None,0.47,,0,0.47,,,,83378265
32.11,FSM Enemy 2,FSM,PatrolState,None,1.00,75.5,0,0.47,0,,,83378265
32.11,FSM Enemy 15,FSM,PatrolState,None,1.00,48.7,0,0.47,16,,,83378265
32.11,FSM Enemy 14,FSM,PatrolState,None,1.00,85.1,0,0.47,0,,,83378265
32.11,FSM Enemy 3,FSM,PatrolState,None,1.00,45.5,0,0.47,0,,,83378265
32.11,FSM Enemy 5,FSM,Dead,None,0.00,24.0,0,0.47,0,,,83378265
32.11,FSM Enemy 13,FSM,Dead,None,0.00,63.0,0,0.47,0,,,83378265
32.11,FSM Enemy 12,FSM,PatrolState,None,1.00,114.0,0,0.47,0,,,83378265
32.11,FSM Enemy 8,FSM,PatrolState,None,1.00,38.0,0,0.47,0,,,83378265
32.11,FSM Enemy 1,FSM,Dead,None,0.00,5.0,1,0.47,8,,,83378265
32.11,FSM Enemy 4,FSM,PatrolState,None,1.00,92.2,0,0.47,0,,,83378265
32.11,FSM Enemy 7,FSM,PatrolState,None,1.00,61.9,0,0.47,24,,,83378265
32.11,FSM Enemy 11,FSM,PatrolState,None,1.00,68.1,0,0.47,0,,,83378265
32.11,FSM Enemy 6,FSM,PatrolState,None,1.00,101.4,0,0.47,0,,,83378265
32.11,FSM Enemy 10,FSM,PatrolState,None,1.00,59.7,0,0.47,0,,,83378265
32.11,FSM Enemy 9,FSM,PatrolState,None,1.00,59.8,0,0.47,0,,,83378265
32.11,Utility Enemy 14,Utility,PatrolAction,None,1.00,61.9,0,0.47,0,0.120,0.000,83378265
32.11,Utility Enemy 8,Utility,Dead,None,0.00,36.5,0,0.47,8,0.808,0.431,83378265
32.11,Utility Enemy 3,Utility,PatrolAction,None,1.00,67.7,0,0.47,0,0.120,0.000,83378265
32.11,Utility Enemy 7,Utility,PatrolAction,None,1.00,115.0,0,0.47,0,0.120,0.000,83378265
32.11,Utility Enemy 12,Utility,PatrolAction,None,1.00,65.3,0,0.47,0,0.120,0.000,83378265
32.11,Utility Enemy 15,Utility,PatrolAction,None,1.00,26.3,0,0.47,0,0.120,0.000,83378265
32.11,Utility Enemy 1,Utility,SpreadFireAction,None,1.00,19.4,1,0.47,0,0.131,0.125,83378265
32.11,Utility Enemy 5,Utility,PatrolAction,None,1.00,33.5,0,0.47,0,0.120,0.000,83378265
32.11,Utility Enemy 13,Utility,PatrolAction,None,1.00,60.7,0,0.47,8,0.120,0.000,83378265
32.11,Utility Enemy 6,Utility,PatrolAction,None,1.00,88.0,0,0.47,16,0.120,0.000,83378265
32.11,Utility Enemy 4,Utility,Dead,None,0.00,54.1,0,0.47,0,0.584,0.525,83378265
32.11,Utility Enemy 10,Utility,PatrolAction,None,1.00,87.0,0,0.47,0,0.120,0.000,83378265
32.11,Utility Enemy 11,Utility,PatrolAction,None,1.00,43.6,0,0.47,0,0.120,0.000,83378265
32.11,Utility Enemy 9,Utility,PatrolAction,None,1.00,61.6,0,0.47,0,0.120,0.000,83378265
32.11,Utility Enemy 2,Utility,PatrolAction,None,1.00,51.7,0,0.47,0,0.120,0.000,83378265
33.11,Player,Player,-,GravityFlip,0.47,,0,0.47,,,,83378265
33.11,FSM Enemy 2,FSM,TakeCoverState,GravityFlip,1.00,79.7,0,0.47,0,,,83378265
33.11,FSM Enemy 15,FSM,TakeCoverState,GravityFlip,1.00,51.8,0,0.47,16,,,83378265
33.11,FSM Enemy 14,FSM,TakeCoverState,GravityFlip,1.00,89.3,0,0.47,0,,,83378265
33.11,FSM Enemy 3,FSM,TakeCoverState,GravityFlip,1.00,48.8,0,0.47,0,,,83378265
33.11,FSM Enemy 5,FSM,Dead,GravityFlip,0.00,27.2,0,0.47,0,,,83378265
33.11,FSM Enemy 13,FSM,Dead,GravityFlip,0.00,68.0,0,0.47,0,,,83378265
33.11,FSM Enemy 12,FSM,TakeCoverState,GravityFlip,1.00,118.4,0,0.47,0,,,83378265
33.11,FSM Enemy 8,FSM,TakeCoverState,GravityFlip,1.00,42.8,0,0.47,0,,,83378265
33.11,FSM Enemy 1,FSM,Dead,GravityFlip,0.00,1.2,0,0.47,8,,,83378265
33.11,FSM Enemy 4,FSM,TakeCoverState,GravityFlip,1.00,96.6,0,0.47,0,,,83378265
33.11,FSM Enemy 7,FSM,TakeCoverState,GravityFlip,1.00,67.8,0,0.47,24,,,83378265
33.11,FSM Enemy 11,FSM,TakeCoverState,GravityFlip,1.00,73.8,0,0.47,0,,,83378265
33.11,FSM Enemy 6,FSM,TakeCoverState,GravityFlip,1.00,105.2,0,0.47,0,,,83378265
33.11,FSM Enemy 10,FSM,TakeCoverState,GravityFlip,1.00,64.7,0,0.47,0,,,83378265
33.11,FSM Enemy 9,FSM,TakeCoverState,GravityFlip,1.00,66.0,0,0.47,0,,,83378265
33.11,Utility Enemy 14,Utility,TakeCoverAction,GravityFlip,1.00,63.7,0,0.47,0,0.820,0.750,83378265
33.11,Utility Enemy 8,Utility,Dead,GravityFlip,0.00,40.5,0,0.47,8,0.808,0.431,83378265
33.11,Utility Enemy 3,Utility,TakeCoverAction,GravityFlip,1.00,71.9,0,0.47,0,0.820,0.750,83378265
33.11,Utility Enemy 7,Utility,TakeCoverAction,GravityFlip,1.00,121.6,0,0.47,0,0.820,0.750,83378265
33.11,Utility Enemy 12,Utility,TakeCoverAction,GravityFlip,1.00,71.4,0,0.47,0,0.820,0.750,83378265
33.11,Utility Enemy 15,Utility,TakeCoverAction,GravityFlip,1.00,35.4,0,0.47,0,0.820,0.750,83378265
33.11,Utility Enemy 1,Utility,TakeCoverAction,GravityFlip,1.00,21.6,0,0.47,0,0.820,0.810,83378265
33.11,Utility Enemy 5,Utility,TakeCoverAction,GravityFlip,1.00,35.8,0,0.47,0,0.820,0.750,83378265
33.11,Utility Enemy 13,Utility,TakeCoverAction,GravityFlip,1.00,66.7,0,0.47,8,0.820,0.750,83378265
33.11,Utility Enemy 6,Utility,TakeCoverAction,GravityFlip,1.00,91.7,0,0.47,16,0.820,0.750,83378265
33.11,Utility Enemy 4,Utility,Dead,GravityFlip,0.00,59.0,0,0.47,0,0.584,0.525,83378265
33.11,Utility Enemy 10,Utility,TakeCoverAction,GravityFlip,1.00,94.9,0,0.47,0,0.820,0.750,83378265
33.11,Utility Enemy 11,Utility,TakeCoverAction,GravityFlip,1.00,48.8,0,0.47,0,0.820,0.750,83378265
33.11,Utility Enemy 9,Utility,TakeCoverAction,GravityFlip,1.00,65.6,0,0.47,0,0.820,0.750,83378265
33.11,Utility Enemy 2,Utility,TakeCoverAction,GravityFlip,1.00,56.9,0,0.47,0,0.820,0.750,83378265
34.12,Player,Player,-,GravityFlip,0.47,,0,0.47,,,,83378265
34.12,FSM Enemy 2,FSM,TakeCoverState,GravityFlip,1.00,86.1,0,0.47,0,,,83378265
34.12,FSM Enemy 15,FSM,TakeCoverState,GravityFlip,1.00,56.7,0,0.47,16,,,83378265
34.12,FSM Enemy 14,FSM,TakeCoverState,GravityFlip,1.00,95.6,0,0.47,0,,,83378265
34.12,FSM Enemy 3,FSM,TakeCoverState,GravityFlip,1.00,55.2,0,0.47,0,,,83378265
34.12,FSM Enemy 5,FSM,Dead,GravityFlip,0.00,24.4,0,0.47,0,,,83378265
34.12,FSM Enemy 13,FSM,PatrolState,GravityFlip,1.00,91.2,0,0.47,0,,,83378265
34.12,FSM Enemy 12,FSM,TakeCoverState,GravityFlip,1.00,121.0,0,0.47,0,,,83378265
34.12,FSM Enemy 8,FSM,TakeCoverState,GravityFlip,1.00,43.7,0,0.47,0,,,83378265
34.12,FSM Enemy 1,FSM,Dead,GravityFlip,0.00,7.6,0,0.47,8,,,83378265
34.12,FSM Enemy 4,FSM,TakeCoverState,GravityFlip,1.00,101.5,0,0.47,0,,,83378265
34.12,FSM Enemy 7,FSM,TakeCoverState,GravityFlip,1.00,70.2,0,0.47,24,,,83378265
34.12,FSM Enemy 11,FSM,TakeCoverState,GravityFlip,1.00,75.9,0,0.47,0,,,83378265
34.12,FSM Enemy 6,FSM,TakeCoverState,GravityFlip,1.00,107.8,0,0.47,0,,,83378265
34.12,FSM Enemy 10,FSM,TakeCoverState,GravityFlip,1.00,70.0,0,0.47,0,,,83378265
34.12,FSM Enemy 9,FSM,TakeCoverState,GravityFlip,1.00,70.1,0,0.47,0,,,83378265
34.12,Utility Enemy 14,Utility,TakeCoverAction,GravityFlip,1.00,68.3,0,0.47,0,0.820,0.750,83378265
34.12,Utility Enemy 8,Utility,Dead,GravityFlip,0.00,38.3,0,0.47,8,0.808,0.431,83378265
34.12,Utility Enemy 3,Utility,TakeCoverAction,GravityFlip,1.00,79.5,0,0.47,0,0.820,0.750,83378265
34.12,Utility Enemy 7,Utility,TakeCoverAction,GravityFlip,1.00,125.0,0,0.47,0,0.820,0.750,83378265
34.12,Utility Enemy 12,Utility,TakeCoverAction,GravityFlip,1.00,77.1,0,0.47,0,0.820,0.750,83378265
34.12,Utility Enemy 15,Utility,TakeCoverAction,GravityFlip,1.00,39.4,0,0.47,0,0.820,0.750,83378265
34.12,Utility Enemy 1,Utility,TakeCoverAction,GravityFlip,1.00,26.5,0,0.47,0,0.820,0.810,83378265
34.12,Utility Enemy 5,Utility,TakeCoverAction,GravityFlip,1.00,44.0,0,0.47,0,0.820,0.750,83378265
34.12,Utility Enemy 13,Utility,TakeCoverAction,GravityFlip,1.00,64.0,0,0.47,8,0.820,0.750,83378265
34.12,Utility Enemy 6,Utility,TakeCoverAction,GravityFlip,1.00,98.5,0,0.47,16,0.820,0.750,83378265
34.12,Utility Enemy 4,Utility,Dead,GravityFlip,0.00,58.1,0,0.47,0,0.584,0.525,83378265
34.12,Utility Enemy 10,Utility,TakeCoverAction,GravityFlip,1.00,98.4,0,0.47,0,0.820,0.750,83378265
34.12,Utility Enemy 11,Utility,TakeCoverAction,GravityFlip,1.00,54.0,0,0.47,0,0.820,0.750,83378265
34.12,Utility Enemy 9,Utility,TakeCoverAction,GravityFlip,1.00,70.9,0,0.47,0,0.820,0.750,83378265
34.12,Utility Enemy 2,Utility,TakeCoverAction,GravityFlip,1.00,59.1,0,0.47,0,0.820,0.750,83378265
35.12,Player,Player,-,GravityFlip,0.47,,0,0.47,,,,83378265
35.12,FSM Enemy 2,FSM,TakeCoverState,GravityFlip,1.00,88.4,0,0.47,0,,,83378265
35.12,FSM Enemy 15,FSM,TakeCoverState,GravityFlip,1.00,57.1,0,0.47,16,,,83378265
35.12,FSM Enemy 14,FSM,TakeCoverState,GravityFlip,1.00,97.0,0,0.47,0,,,83378265
35.12,FSM Enemy 3,FSM,TakeCoverState,GravityFlip,1.00,57.6,0,0.47,0,,,83378265
35.12,FSM Enemy 5,FSM,Dead,GravityFlip,0.00,19.9,0,0.47,0,,,83378265
35.12,FSM Enemy 13,FSM,PatrolState,GravityFlip,1.00,91.1,0,0.47,0,,,83378265
35.12,FSM Enemy 12,FSM,TakeCoverState,GravityFlip,1.00,119.8,0,0.47,0,,,83378265
35.12,FSM Enemy 8,FSM,TakeCoverState,GravityFlip,1.00,42.1,0,0.47,0,,,83378265
35.12,FSM Enemy 1,FSM,Dead,GravityFlip,0.00,11.1,0,0.47,8,,,83378265
35.12,FSM Enemy 4,FSM,TakeCoverState,GravityFlip,1.00,101.4,0,0.47,0,,,83378265
35.12,FSM Enemy 7,FSM,TakeCoverState,GravityFlip,1.00,68.2,0,0.47,24,,,83378265
35.12,FSM Enemy 11,FSM,TakeCoverState,GravityFlip,1.00,73.5,0,0.47,0,,,83378265
35.12,FSM Enemy 6,FSM,TakeCoverState,GravityFlip,1.00,105.8,0,0.47,0,,,83378265
35.12,FSM Enemy 10,FSM,TakeCoverState,GravityFlip,1.00,70.7,0,0.47,0,,,83378265
35.12,FSM Enemy 9,FSM,TakeCoverState,GravityFlip,1.00,69.5,0,0.47,0,,,83378265
35.12,Utility Enemy 14,Utility,TakeCoverAction,GravityFlip,1.00,68.9,0,0.47,0,0.820,0.750,83378265
35.12,Utility Enemy 8,Utility,Dead,GravityFlip,0.00,33.9,0,0.47,8,0.808,0.431,83378265
35.12,Utility Enemy 3,Utility,TakeCoverAction,GravityFlip,1.00,80.9,0,0.47,0,0.820,0.750,83378265
35.12,Utility Enemy 7,Utility,TakeCoverAction,GravityFlip,1.00,123.6,0,0.47,0,0.820,0.750,83378265
35.12,Utility Enemy 12,Utility,TakeCoverAction,GravityFlip,1.00,75.9,0,0.47,0,0.820,0.750,83378265
35.12,Utility Enemy 15,Utility,TakeCoverAction,GravityFlip,1.00,37.9,0,0.47,0,0.820,0.750,83378265
35.12,Utility Enemy 1,Utility,TakeCoverAction,GravityFlip,1.00,27.9,0,0.47,0,0.820,0.810,83378265
35.12,Utility Enemy 5,Utility,TakeCoverAction,GravityFlip,1.00,46.7,0,0.47,0,0.820,0.750,83378265
35.12,Utility Enemy 13,Utility,TakeCoverAction,GravityFlip,1.00,59.8,0,0.47,8,0.820,0.750,83378265
35.12,Utility Enemy 6,Utility,TakeCoverAction,GravityFlip,1.00,98.5,0,0.47,16,0.820,0.750,83378265
35.12,Utility Enemy 4,Utility,Dead,GravityFlip,0.00,54.1,0,0.47,0,0.584,0.525,83378265
35.12,Utility Enemy 10,Utility,TakeCoverAction,GravityFlip,1.00,97.0,0,0.47,0,0.820,0.750,83378265
35.12,Utility Enemy 11,Utility,TakeCoverAction,GravityFlip,1.00,54.5,0,0.47,0,0.820,0.750,83378265
35.12,Utility Enemy 9,Utility,TakeCoverAction,GravityFlip,1.00,71.6,0,0.47,0,0.820,0.750,83378265
35.12,Utility Enemy 2,Utility,TakeCoverAction,GravityFlip,1.00,60.6,0,0.47,0,0.820,0.750,83378265
36.13,Player,Player,-,GravityFlip,0.47,,0,0.47,,,,83378265
36.13,FSM Enemy 2,FSM,TakeCoverState,GravityFlip,1.00,88.0,0,0.47,0,,,83378265
36.13,FSM Enemy 15,FSM,TakeCoverState,GravityFlip,1.00,56.7,0,0.47,16,,,83378265
36.13,FSM Enemy 14,FSM,TakeCoverState,GravityFlip,1.00,96.7,0,0.47,0,,,83378265
36.13,FSM Enemy 3,FSM,TakeCoverState,GravityFlip,1.00,57.2,0,0.47,0,,,83378265
36.13,FSM Enemy 5,FSM,Dead,GravityFlip,0.00,19.9,0,0.47,0,,,83378265
36.13,FSM Enemy 13,FSM,PatrolState,GravityFlip,1.00,89.2,0,0.47,0,,,83378265
36.13,FSM Enemy 12,FSM,TakeCoverState,GravityFlip,1.00,119.5,0,0.47,0,,,83378265
36.13,FSM Enemy 8,FSM,TakeCoverState,GravityFlip,1.00,41.8,0,0.47,0,,,83378265
36.13,FSM Enemy 1,FSM,Dead,GravityFlip,0.00,10.8,0,0.47,8,,,83378265
36.13,FSM Enemy 4,FSM,TakeCoverState,GravityFlip,1.00,101.1,0,0.47,0,,,83378265
36.13,FSM Enemy 7,FSM,TakeCoverState,GravityFlip,1.00,68.0,0,0.47,24,,,83378265
36.13,FSM Enemy 11,FSM,TakeCoverState,GravityFlip,1.00,73.3,0,0.47,0,,,83378265
36.13,FSM Enemy 6,FSM,TakeCoverState,GravityFlip,1.00,105.6,0,0.47,0,,,83378265
36.13,FSM Enemy 10,FSM,TakeCoverState,GravityFlip,1.00,70.4,0,0.47,0,,,83378265
36.13,FSM Enemy 9,FSM,TakeCoverState,GravityFlip,1.00,69.3,0,0.47,0,,,83378265
36.13,Utility Enemy 14,Utility,TakeCoverAction,GravityFlip,1.00,68.5,0,0.47,0,0.820,0.750,83378265
36.13,Utility Enemy 8,Utility,Dead,GravityFlip,0.00,33.9,0,0.47,8,0.808,0.431,83378265
36.13,Utility Enemy 3,Utility,TakeCoverAction,GravityFlip,1.00,80.6,0,0.47,0,0.820,0.750,83378265
36.13,Utility Enemy 7,Utility,TakeCoverAction,GravityFlip,1.00,123.3,0,0.47,0,0.820,0.750,83378265
36.13,Utility Enemy 12,Utility,TakeCoverAction,GravityFlip,1.00,75.7,0,0.47,0,0.820,0.750,83378265
36.13,Utility Enemy 15,Utility,TakeCoverAction,GravityFlip,1.00,37.7,0,0.47,0,0.820,0.750,83378265
36.13,Utility Enemy 1,Utility,TakeCoverAction,GravityFlip,1.00,27.5,0,0.47,0,0.820,0.810,83378265
36.13,Utility Enemy 5,Utility,TakeCoverAction,GravityFlip,1.00,46.3,0,0.47,0,0.820,0.750,83378265
36.13,Utility Enemy 13,Utility,TakeCoverAction,GravityFlip,1.00,59.7,0,0.47,8,0.820,0.750,83378265
36.13,Utility Enemy 6,Utility,TakeCoverAction,GravityFlip,1.00,98.2,0,0.47,16,0.820,0.750,83378265
36.13,Utility Enemy 4,Utility,TakeCoverAction,GravityFlip,1.00,65.9,0,0.47,0,0.820,0.750,83378265
36.13,Utility Enemy 10,Utility,TakeCoverAction,GravityFlip,1.00,96.8,0,0.47,0,0.820,0.750,83378265
36.13,Utility Enemy 11,Utility,TakeCoverAction,GravityFlip,1.00,54.2,0,0.47,0,0.820,0.750,83378265
36.13,Utility Enemy 9,Utility,TakeCoverAction,GravityFlip,1.00,71.3,0,0.47,0,0.820,0.750,83378265
36.13,Utility Enemy 2,Utility,TakeCoverAction,GravityFlip,1.00,60.2,0,0.47,0,0.820,0.750,83378265
37.13,Player,Player,-,GravityFlip,0.47,,0,0.47,,,,83378265
37.13,FSM Enemy 2,FSM,TakeCoverState,GravityFlip,1.00,86.6,0,0.47,0,,,83378265
37.13,FSM Enemy 15,FSM,TakeCoverState,GravityFlip,1.00,55.5,0,0.47,16,,,83378265
37.13,FSM Enemy 14,FSM,TakeCoverState,GravityFlip,1.00,95.3,0,0.47,0,,,83378265
37.13,FSM Enemy 3,FSM,TakeCoverState,GravityFlip,1.00,55.8,0,0.47,0,,,83378265
37.13,FSM Enemy 5,FSM,Dead,GravityFlip,0.00,20.0,0,0.47,0,,,83378265
37.13,FSM Enemy 13,FSM,PatrolState,GravityFlip,1.00,86.2,0,0.47,0,,,83378265
37.13,FSM Enemy 12,FSM,TakeCoverState,GravityFlip,1.00,118.5,0,0.47,0,,,83378265
37.13,FSM Enemy 8,FSM,TakeCoverState,GravityFlip,1.00,40.8,0,0.47,0,,,83378265
37.13,FSM Enemy 1,FSM,Dead,GravityFlip,0.00,9.6,0,0.47,8,,,83378265
37.13,FSM Enemy 4,FSM,TakeCoverState,GravityFlip,1.00,99.8,0,0.47,0,,,83378265
37.13,FSM Enemy 7,FSM,TakeCoverState,GravityFlip,1.00,67.1,0,0.47,24,,,83378265
37.13,FSM Enemy 11,FSM,TakeCoverState,GravityFlip,1.00,72.5,0,0.47,0,,,83378265
37.13,FSM Enemy 6,FSM,TakeCoverState,GravityFlip,1.00,104.7,0,0.47,0,,,83378265
37.13,FSM Enemy 10,FSM,TakeCoverState,GravityFlip,1.00,69.0,0,0.47,0,,,83378265
37.13,FSM Enemy 9,FSM,TakeCoverState,GravityFlip,1.00,68.1,0,0.47,0,,,83378265
37.13,Utility Enemy 14,Utility,TakeCoverAction,GravityFlip,1.00,67.2,0,0.47,0,0.820,0.750,83378265
37.13,Utility Enemy 8,Utility,Dead,GravityFlip,0.00,33.9,0,0.47,8,0.808,0.431,83378265
37.13,Utility Enemy 3,Utility,TakeCoverAction,GravityFlip,1.00,79.2,0,0.47,0,0.820,0.750,83378265
37.13,Utility Enemy 7,Utility,TakeCoverAction,GravityFlip,1.00,122.3,0,0.47,0,0.820,0.750,83378265
37.13,Utility Enemy 12,Utility,TakeCoverAction,GravityFlip,1.00,74.6,0,0.47,0,0.820,0.750,83378265
37.13,Utility Enemy 15,Utility,TakeCoverAction,GravityFlip,1.00,36.7,0,0.47,0,0.820,0.750,83378265
37.13,Utility Enemy 1,Utility,TakeCoverAction,GravityFlip,1.00,26.2,0,0.47,0,0.820,0.750,83378265
37.13,Utility Enemy 5,Utility,TakeCoverAction,GravityFlip,1.00,44.9,0,0.47,0,0.820,0.750,83378265
37.13,Utility Enemy 13,Utility,TakeCoverAction,GravityFlip,1.00,59.7,0,0.47,8,0.820,0.750,83378265
37.13,Utility Enemy 6,Utility,TakeCoverAction,GravityFlip,1.00,96.9,0,0.47,16,0.820,0.750,83378265
37.13,Utility Enemy 4,Utility,TakeCoverAction,GravityFlip,1.00,66.7,0,0.47,0,0.820,0.750,83378265
37.13,Utility Enemy 10,Utility,TakeCoverAction,GravityFlip,1.00,95.8,0,0.47,0,0.820,0.750,83378265
37.13,Utility Enemy 11,Utility,TakeCoverAction,GravityFlip,1.00,52.8,0,0.47,0,0.820,0.750,83378265
37.13,Utility Enemy 9,Utility,TakeCoverAction,GravityFlip,1.00,69.9,0,0.47,0,0.820,0.750,83378265
37.13,Utility Enemy 2,Utility,TakeCoverAction,GravityFlip,1.00,58.8,0,0.47,0,0.820,0.750,83378265
38.14,Player,Player,-,None,0.47,,0,0.47,,,,83378265
38.14,FSM Enemy 2,FSM,PatrolState,None,1.00,84.6,0,0.47,0,,,83378265
38.14,FSM Enemy 15,FSM,PatrolState,None,1.00,55.1,0,0.47,16,,,83378265
38.14,FSM Enemy 14,FSM,PatrolState,None,1.00,93.9,0,0.47,0,,,83378265
38.14,FSM Enemy 3,FSM,PatrolState,None,1.00,54.9,0,0.47,0,,,83378265
38.14,FSM Enemy 5,FSM,Dead,None,0.00,20.0,0,0.47,0,,,83378265
38.14,FSM Enemy 13,FSM,PatrolState,None,1.00,84.7,0,0.47,0,,,83378265
38.14,FSM Enemy 12,FSM,PatrolState,None,1.00,117.0,0,0.47,0,,,83378265
38.14,FSM Enemy 8,FSM,PatrolState,None,1.00,41.1,0,0.47,0,,,83378265
38.14,FSM Enemy 1,FSM,Dead,None,0.00,9.6,0,0.47,8,,,83378265
38.14,FSM Enemy 4,FSM,PatrolState,None,1.00,100.8,0,0.47,0,,,83378265
38.14,FSM Enemy 7,FSM,PatrolState,None,1.00,66.9,0,0.47,24,,,83378265
38.14,FSM Enemy 11,FSM,PatrolState,None,1.00,72.2,0,0.47,0,,,83378265
38.14,FSM Enemy 6,FSM,PatrolState,None,1.00,106.4,0,0.47,0,,,83378265
38.14,FSM Enemy 10,FSM,PatrolState,None,1.00,69.5,0,0.47,0,,,83378265
38.14,FSM Enemy 9,FSM,PatrolState,None,1.00,68.5,0,0.47,0,,,83378265
38.14,Utility Enemy 14,Utility,PatrolAction,None,1.00,68.8,0,0.47,0,0.120,0.000,83378265
38.14,Utility Enemy 8,Utility,Dead,None,0.00,33.9,0,0.47,8,0.808,0.431,83378265
38.14,Utility Enemy 3,Utility,PatrolAction,None,1.00,81.0,0,0.47,0,0.120,0.000,83378265
38.14,Utility Enemy 7,Utility,PatrolAction,None,1.00,125.4,0,0.47,0,0.120,0.000,83378265
38.14,Utility Enemy 12,Utility,PatrolAction,None,1.00,74.3,0,0.47,0,0.120,0.000,83378265
38.14,Utility Enemy 15,Utility,PatrolAction,None,1.00,39.8,0,0.47,0,0.120,0.000,83378265
38.14,Utility Enemy 1,Utility,PatrolAction,None,1.00,25.6,0,0.47,0,0.120,0.000,83378265
38.14,Utility Enemy 5,Utility,PatrolAction,None,1.00,42.3,0,0.47,0,0.120,0.000,83378265
38.14,Utility Enemy 13,Utility,PatrolAction,None,1.00,56.8,0,0.47,8,0.120,0.000,83378265
38.14,Utility Enemy 6,Utility,PatrolAction,None,1.00,94.7,0,0.47,16,0.120,0.000,83378265
38.14,Utility Enemy 4,Utility,PatrolAction,None,1.00,70.0,0,0.47,0,0.120,0.000,83378265
38.14,Utility Enemy 10,Utility,PatrolAction,None,1.00,94.8,0,0.47,0,0.120,0.000,83378265
38.14,Utility Enemy 11,Utility,PatrolAction,None,1.00,50.2,0,0.47,0,0.120,0.000,83378265
38.14,Utility Enemy 9,Utility,PatrolAction,None,1.00,68.2,0,0.47,0,0.120,0.000,83378265
38.14,Utility Enemy 2,Utility,PatrolAction,None,1.00,56.1,0,0.47,0,0.120,0.000,83378265
39.14,Player,Player,-,None,0.47,,0,0.47,,,,83378265
39.14,FSM Enemy 2,FSM,PatrolState,None,1.00,82.5,0,0.47,0,,,83378265
39.14,FSM Enemy 15,FSM,PatrolState,None,1.00,54.9,0,0.47,16,,,83378265
39.14,FSM Enemy 14,FSM,PatrolState,None,1.00,92.3,0,0.47,0,,,83378265
39.14,FSM Enemy 3,FSM,PatrolState,None,1.00,53.8,0,0.47,0,,,83378265
39.14,FSM Enemy 5,FSM,Dead,None,0.00,20.0,0,0.47,0,,,83378265
39.14,FSM Enemy 13,FSM,PatrolState,None,1.00,82.4,0,0.47,0,,,83378265
39.14,FSM Enemy 12,FSM,PatrolState,None,1.00,115.1,0,0.47,0,,,83378265
39.14,FSM Enemy 8,FSM,PatrolState,None,1.00,41.7,0,0.47,0,,,83378265
39.14,FSM Enemy 1,FSM,Dead,None,0.00,9.6,0,0.47,8,,,83378265
39.14,FSM Enemy 4,FSM,PatrolState,None,1.00,102.0,0,0.47,0,,,83378265
39.14,FSM Enemy 7,FSM,PatrolState,None,1.00,66.7,0,0.47,24,,,83378265
39.14,FSM Enemy 11,FSM,PatrolState,None,1.00,71.8,0,0.47,0,,,83378265
39.14,FSM Enemy 6,FSM,PatrolState,None,1.00,108.3,0,0.47,0,,,83378265
39.14,FSM Enemy 10,FSM,PatrolState,None,1.00,70.5,0,0.47,0,,,83378265
39.14,FSM Enemy 9,FSM,PatrolState,None,1.00,69.1,0,0.47,0,,,83378265
39.14,Utility Enemy 14,Utility,PatrolAction,None,1.00,71.2,0,0.47,0,0.120,0.000,83378265
39.14,Utility Enemy 8,Utility,Dead,None,0.00,33.9,0,0.47,8,0.808,0.431,83378265
39.14,Utility Enemy 3,Utility,PatrolAction,None,1.00,85.4,0,0.47,0,0.120,0.000,83378265
39.14,Utility Enemy 7,Utility,PatrolAction,None,1.00,127.5,0,0.47,0,0.120,0.000,83378265
39.14,Utility Enemy 12,Utility,PatrolAction,None,1.00,74.2,0,0.47,0,0.120,0.000,83378265
39.14,Utility Enemy 15,Utility,PatrolAction,None,1.00,42.9,0,0.47,0,0.120,0.000,83378265
39.14,Utility Enemy 1,Utility,PatrolAction,None,1.00,25.6,0,0.47,0,0.120,0.000,83378265
39.14,Utility Enemy 5,Utility,PatrolAction,None,1.00,39.2,0,0.47,0,0.120,0.000,83378265
39.14,Utility Enemy 13,Utility,PatrolAction,None,1.00,53.4,0,0.47,8,0.120,0.000,83378265
39.14,Utility Enemy 6,Utility,PatrolAction,None,1.00,91.8,0,0.47,16,0.120,0.000,83378265
39.14,Utility Enemy 4,Utility,PatrolAction,None,1.00,73.5,0,0.47,0,0.120,0.000,83378265
39.14,Utility Enemy 10,Utility,PatrolAction,None,1.00,93.8,0,0.47,0,0.120,0.000,83378265
39.14,Utility Enemy 11,Utility,PatrolAction,None,1.00,46.7,0,0.47,0,0.120,0.000,83378265
39.14,Utility Enemy 9,Utility,PatrolAction,None,1.00,64.2,0,0.47,0,0.120,0.000,83378265
39.14,Utility Enemy 2,Utility,PatrolAction,None,1.00,52.2,0,0.47,0,0.120,0.000,83378265
40.14,Player,Player,-,None,0.47,,0,0.47,,,,83378265
40.14,FSM Enemy 2,FSM,PatrolState,None,1.00,81.3,0,0.47,0,,,83378265
40.14,FSM Enemy 15,FSM,PatrolState,None,1.00,54.7,0,0.47,16,,,83378265
40.14,FSM Enemy 14,FSM,PatrolState,None,1.00,90.7,0,0.47,0,,,83378265
40.14,FSM Enemy 3,FSM,PatrolState,None,1.00,52.9,0,0.47,0,,,83378265
40.14,FSM Enemy 5,FSM,Dead,None,0.00,20.0,0,0.47,0,,,83378265
40.14,FSM Enemy 13,FSM,PatrolState,None,1.00,80.4,0,0.47,0,,,83378265
40.14,FSM Enemy 12,FSM,PatrolState,None,1.00,112.9,0,0.47,0,,,83378265
40.14,FSM Enemy 8,FSM,PatrolState,None,1.00,42.3,0,0.47,0,,,83378265
40.14,FSM Enemy 1,FSM,Dead,None,0.00,9.6,0,0.47,8,,,83378265
40.14,FSM Enemy 4,FSM,PatrolState,None,1.00,103.3,0,0.47,0,,,83378265
40.14,FSM Enemy 7,FSM,PatrolState,None,1.00,66.6,0,0.47,24,,,83378265
40.14,FSM Enemy 11,FSM,PatrolState,None,1.00,71.5,0,0.47,0,,,83378265
40.14,FSM Enemy 6,FSM,PatrolState,None,1.00,110.3,0,0.47,0,,,83378265
40.14,FSM Enemy 10,FSM,PatrolState,None,1.00,71.5,0,0.47,0,,,83378265
40.14,FSM Enemy 9,FSM,PatrolState,None,1.00,69.8,0,0.47,0,,,83378265
40.14,Utility Enemy 14,Utility,PatrolAction,None,1.00,72.9,0,0.47,0,0.120,0.000,83378265
40.14,Utility Enemy 8,Utility,PatrolAction,None,1.00,91.9,0,0.47,8,0.120,0.000,83378265
40.14,Utility Enemy 3,Utility,PatrolAction,None,1.00,88.7,0,0.47,0,0.120,0.000,83378265
40.14,Utility Enemy 7,Utility,PatrolAction,None,1.00,123.3,0,0.47,0,0.120,0.000,83378265
40.14,Utility Enemy 12,Utility,PatrolAction,None,1.00,71.4,0,0.47,0,0.120,0.000,83378265
40.14,Utility Enemy 15,Utility,PatrolAction,None,1.00,41.6,0,0.47,0,0.120,0.000,83378265
40.14,Utility Enemy 1,Utility,PatrolAction,None,1.00,27.9,0,0.47,0,0.120,0.000,83378265
40.14,Utility Enemy 5,Utility,PatrolAction,None,1.00,40.8,0,0.47,0,0.120,0.000,83378265
40.14,Utility Enemy 13,Utility,PatrolAction,None,1.00,51.5,0,0.47,8,0.120,0.000,83378265
40.14,Utility Enemy 6,Utility,PatrolAction,None,1.00,91.9,0,0.47,16,0.120,0.000,83378265
40.14,Utility Enemy 4,Utility,PatrolAction,None,1.00,74.4,0,0.47,0,0.120,0.000,83378265
40.14,Utility Enemy 10,Utility,PatrolAction,None,1.00,93.9,0,0.47,0,0.120,0.000,83378265
40.14,Utility Enemy 11,Utility,PatrolAction,None,1.00,47.2,0,0.47,0,0.120,0.000,83378265
40.14,Utility Enemy 9,Utility,PatrolAction,None,1.00,63.0,0,0.47,0,0.120,0.000,83378265
40.14,Utility Enemy 2,Utility,PatrolAction,None,1.00,48.0,0,0.47,0,0.120,0.000,83378265
41.15,Player,Player,-,None,0.47,,0,0.47,,,,83378265
41.15,FSM Enemy 2,FSM,PatrolState,None,1.00,82.0,0,0.47,0,,,83378265
41.15,FSM Enemy 15,FSM,PatrolState,None,1.00,54.7,0,0.47,16,,,83378265
41.15,FSM Enemy 14,FSM,PatrolState,None,1.00,89.1,0,0.47,0,,,83378265
41.15,FSM Enemy 3,FSM,PatrolState,None,1.00,52.4,0,0.47,0,,,83378265
41.15,FSM Enemy 5,FSM,Dead,None,0.00,20.0,0,0.47,0,,,83378265
41.15,FSM Enemy 13,FSM,PatrolState,None,1.00,78.1,0,0.47,0,,,83378265
41.15,FSM Enemy 12,FSM,PatrolState,None,1.00,110.8,0,0.47,0,,,83378265
41.15,FSM Enemy 8,FSM,PatrolState,None,1.00,43.1,0,0.47,0,,,83378265
41.15,FSM Enemy 1,FSM,Dead,None,0.00,9.6,0,0.47,8,,,83378265
41.15,FSM Enemy 4,FSM,PatrolState,None,1.00,105.3,0,0.47,0,,,83378265
41.15,FSM Enemy 7,FSM,PatrolState,None,1.00,66.7,0,0.47,24,,,83378265
41.15,FSM Enemy 11,FSM,PatrolState,None,1.00,71.4,0,0.47,0,,,83378265
41.15,FSM Enemy 6,FSM,PatrolState,None,1.00,108.5,0,0.47,0,,,83378265
41.15,FSM Enemy 10,FSM,PatrolState,None,1.00,72.7,0,0.47,0,,,83378265
41.15,FSM Enemy 9,FSM,PatrolState,None,1.00,70.5,0,0.47,0,,,83378265
41.15,Utility Enemy 14,Utility,PatrolAction,None,1.00,70.0,0,0.47,0,0.120,0.000,83378265
41.15,Utility Enemy 8,Utility,PatrolAction,None,1.00,94.2,0,0.47,8,0.120,0.000,83378265
41.15,Utility Enemy 3,Utility,PatrolAction,None,1.00,90.6,0,0.47,0,0.120,0.000,83378265
41.15,Utility Enemy 7,Utility,PatrolAction,None,1.00,119.9,0,0.47,0,0.120,0.000,83378265
41.15,Utility Enemy 12,Utility,PatrolAction,None,1.00,67.5,0,0.47,0,0.120,0.000,83378265
41.15,Utility Enemy 15,Utility,PatrolAction,None,1.00,42.1,0,0.47,0,0.120,0.000,83378265
41.15,Utility Enemy 1,Utility,PatrolAction,None,1.00,32.4,0,0.47,0,0.120,0.000,83378265
41.15,Utility Enemy 5,Utility,PatrolAction,None,1.00,43.7,0,0.47,0,0.120,0.000,83378265
41.15,Utility Enemy 13,Utility,PatrolAction,None,1.00,54.8,0,0.47,8,0.120,0.000,83378265
41.15,Utility Enemy 6,Utility,PatrolAction,None,1.00,95.4,0,0.47,16,0.120,0.000,83378265
41.15,Utility Enemy 4,Utility,PatrolAction,None,1.00,72.3,0,0.47,0,0.120,0.000,83378265
41.15,Utility Enemy 10,Utility,PatrolAction,None,1.00,95.8,0,0.47,0,0.120,0.000,83378265
41.15,Utility Enemy 11,Utility,PatrolAction,None,1.00,43.5,0,0.47,0,0.120,0.000,83378265
41.15,Utility Enemy 9,Utility,PatrolAction,None,1.00,62.2,0,0.47,0,0.120,0.000,83378265
41.15,Utility Enemy 2,Utility,PatrolAction,None,1.00,45.3,0,0.47,0,0.120,0.000,83378265
42.15,Player,Player,-,None,0.47,,0,0.47,,,,83378265
42.15,FSM Enemy 2,FSM,PatrolState,None,1.00,84.4,0,0.47,0,,,83378265
42.15,FSM Enemy 15,FSM,PatrolState,None,1.00,54.8,0,0.47,16,,,83378265
42.15,FSM Enemy 14,FSM,PatrolState,None,1.00,87.7,0,0.47,0,,,83378265
42.15,FSM Enemy 3,FSM,PatrolState,None,1.00,52.1,0,0.47,0,,,83378265
42.15,FSM Enemy 5,FSM,Dead,None,0.00,20.0,0,0.47,0,,,83378265
42.15,FSM Enemy 13,FSM,PatrolState,None,1.00,76.6,0,0.47,0,,,83378265
42.15,FSM Enemy 12,FSM,PatrolState,None,1.00,108.7,0,0.47,0,,,83378265
42.15,FSM Enemy 8,FSM,PatrolState,None,1.00,44.0,0,0.47,0,,,83378265
42.15,FSM Enemy 1,FSM,Dead,None,0.00,9.6,0,0.47,8,,,83378265
42.15,FSM Enemy 4,FSM,PatrolState,None,1.00,107.6,0,0.47,0,,,83378265
42.15,FSM Enemy 7,FSM,PatrolState,None,1.00,66.8,0,0.47,24,,,83378265
42.15,FSM Enemy 11,FSM,PatrolState,None,1.00,71.3,0,0.47,0,,,83378265
42.15,FSM Enemy 6,FSM,PatrolState,None,1.00,106.1,0,0.47,0,,,83378265
42.15,FSM Enemy 10,FSM,PatrolState,None,1.00,72.4,0,0.47,0,,,83378265
42.15,FSM Enemy 9,FSM,PatrolState,None,1.00,71.4,0,0.47,0,,,83378265
42.15,Utility Enemy 14,Utility,PatrolAction,None,1.00,67.0,0,0.47,0,0.120,0.000,83378265
42.15,Utility Enemy 8,Utility,PatrolAction,None,1.00,97.1,0,0.47,8,0.120,0.000,83378265
42.15,Utility Enemy 3,Utility,PatrolAction,None,1.00,93.4,0,0.47,0,0.120,0.000,83378265
42.15,Utility Enemy 7,Utility,PatrolAction,None,1.00,117.1,0,0.47,0,0.120,0.000,83378265
42.15,Utility Enemy 12,Utility,PatrolAction,None,1.00,63.0,0,0.47,0,0.120,0.000,83378265
42.15,Utility Enemy 15,Utility,PatrolAction,None,1.00,39.6,0,0.47,0,0.120,0.000,83378265
42.15,Utility Enemy 1,Utility,PatrolAction,None,1.00,35.4,0,0.47,0,0.120,0.000,83378265
42.15,Utility Enemy 5,Utility,PatrolAction,None,1.00,43.5,0,0.47,0,0.120,0.000,83378265
42.15,Utility Enemy 13,Utility,PatrolAction,None,1.00,58.8,0,0.47,8,0.120,0.000,83378265
42.15,Utility Enemy 6,Utility,PatrolAction,None,1.00,99.0,0,0.47,16,0.120,0.000,83378265
42.15,Utility Enemy 4,Utility,PatrolAction,None,1.00,69.7,0,0.47,0,0.120,0.000,83378265
42.15,Utility Enemy 10,Utility,PatrolAction,None,1.00,95.5,0,0.47,0,0.120,0.000,83378265
42.15,Utility Enemy 11,Utility,PatrolAction,None,1.00,41.9,0,0.47,0,0.120,0.000,83378265
42.15,Utility Enemy 9,Utility,PatrolAction,None,1.00,60.9,0,0.47,0,0.120,0.000,83378265
42.15,Utility Enemy 2,Utility,PatrolAction,None,1.00,49.5,0,0.47,0,0.120,0.000,83378265
43.15,Player,Player,-,None,0.47,,0,0.47,,,,83378265
43.15,FSM Enemy 2,FSM,PatrolState,None,1.00,86.8,0,0.47,0,,,83378265
43.15,FSM Enemy 15,FSM,PatrolState,None,1.00,55.0,0,0.47,16,,,83378265
43.15,FSM Enemy 14,FSM,PatrolState,None,1.00,87.2,0,0.47,0,,,83378265
43.15,FSM Enemy 3,FSM,PatrolState,None,1.00,51.9,0,0.47,0,,,83378265
43.15,FSM Enemy 5,FSM,PatrolState,None,1.00,50.0,0,0.47,0,,,83378265
43.15,FSM Enemy 13,FSM,PatrolState,None,1.00,75.5,0,0.47,0,,,83378265
43.15,FSM Enemy 12,FSM,PatrolState,None,1.00,107.9,0,0.47,0,,,83378265
43.15,FSM Enemy 8,FSM,PatrolState,None,1.00,45.0,0,0.47,0,,,83378265
43.15,FSM Enemy 1,FSM,Dead,None,0.00,9.6,0,0.47,8,,,83378265
43.15,FSM Enemy 4,FSM,PatrolState,None,1.00,108.0,0,0.47,0,,,83378265
43.15,FSM Enemy 7,FSM,PatrolState,None,1.00,67.0,0,0.47,24,,,83378265
43.15,FSM Enemy 11,FSM,PatrolState,None,1.00,71.3,0,0.47,0,,,83378265
43.15,FSM Enemy 6,FSM,PatrolState,None,1.00,103.6,0,0.47,0,,,83378265
43.15,FSM Enemy 10,FSM,PatrolState,None,1.00,70.1,0,0.47,0,,,83378265
43.15,FSM Enemy 9,FSM,PatrolState,None,1.00,72.3,0,0.47,0,,,83378265
43.15,Utility Enemy 14,Utility,PatrolAction,None,1.00,65.0,0,0.47,0,0.120,0.000,83378265
43.15,Utility Enemy 8,Utility,PatrolAction,None,1.00,100.9,0,0.47,8,0.120,0.000,83378265
43.15,Utility Enemy 3,Utility,PatrolAction,None,1.00,95.6,0,0.47,0,0.120,0.000,83378265
43.15,Utility Enemy 7,Utility,PatrolAction,None,1.00,118.8,0,0.47,0,0.120,0.000,83378265
43.15,Utility Enemy 12,Utility,PatrolAction,None,1.00,60.6,0,0.47,0,0.120,0.000,83378265
43.15,Utility Enemy 15,Utility,PatrolAction,None,1.00,42.6,0,0.47,0,0.120,0.000,83378265
43.15,Utility Enemy 1,Utility,PatrolAction,None,1.00,37.5,0,0.47,0,0.120,0.000,83378265
43.15,Utility Enemy 5,Utility,PatrolAction,None,1.00,46.0,0,0.47,0,0.120,0.000,83378265
43.15,Utility Enemy 13,Utility,PatrolAction,None,1.00,59.8,0,0.47,8,0.120,0.000,83378265
43.15,Utility Enemy 6,Utility,PatrolAction,None,1.00,96.8,0,0.47,16,0.120,0.000,83378265
43.15,Utility Enemy 4,Utility,PatrolAction,None,1.00,67.7,0,0.47,0,0.120,0.000,83378265
43.15,Utility Enemy 10,Utility,PatrolAction,None,1.00,95.9,0,0.47,0,0.120,0.000,83378265
43.15,Utility Enemy 11,Utility,PatrolAction,None,1.00,38.3,0,0.47,0,0.120,0.000,83378265
43.15,Utility Enemy 9,Utility,PatrolAction,None,1.00,59.9,0,0.47,0,0.120,0.000,83378265
43.15,Utility Enemy 2,Utility,PatrolAction,None,1.00,54.0,0,0.47,0,0.120,0.000,83378265
44.16,Player,Player,-,None,0.47,,0,0.47,,,,83378265
44.16,FSM Enemy 2,FSM,PatrolState,None,1.00,86.7,0,0.47,0,,,83378265
44.16,FSM Enemy 15,FSM,PatrolState,None,1.00,55.5,0,0.47,16,,,83378265
44.16,FSM Enemy 14,FSM,PatrolState,None,1.00,86.8,0,0.47,0,,,83378265
44.16,FSM Enemy 3,FSM,PatrolState,None,1.00,52.4,0,0.47,0,,,83378265
44.16,FSM Enemy 5,FSM,PatrolState,None,1.00,49.0,0,0.47,0,,,83378265
44.16,FSM Enemy 13,FSM,PatrolState,None,1.00,74.4,0,0.47,0,,,83378265
44.16,FSM Enemy 12,FSM,PatrolState,None,1.00,108.7,0,0.47,0,,,83378265
44.16,FSM Enemy 8,FSM,PatrolState,None,1.00,46.5,0,0.47,0,,,83378265
44.16,FSM Enemy 1,FSM,Dead,None,0.00,9.6,0,0.47,8,,,83378265
44.16,FSM Enemy 4,FSM,PatrolState,None,1.00,105.6,0,0.47,0,,,83378265
44.16,FSM Enemy 7,FSM,PatrolState,None,1.00,67.4,0,0.47,24,,,83378265
44.16,FSM Enemy 11,FSM,PatrolState,None,1.00,72.5,0,0.47,0,,,83378265
44.16,FSM Enemy 6,FSM,PatrolState,None,1.00,103.3,0,0.47,0,,,83378265
44.16,FSM Enemy 10,FSM,PatrolState,None,1.00,67.9,0,0.47,0,,,83378265
44.16,FSM Enemy 9,FSM,PatrolState,None,1.00,74.5,0,0.47,0,,,83378265
44.16,Utility Enemy 14,Utility,PatrolAction,None,1.00,64.8,0,0.47,0,0.120,0.000,83378265
44.16,Utility Enemy 8,Utility,PatrolAction,None,1.00,100.4,0,0.47,8,0.120,0.000,83378265
44.16,Utility Enemy 3,Utility,PatrolAction,None,1.00,93.7,0,0.47,0,0.120,0.000,83378265
44.16,Utility Enemy 7,Utility,PatrolAction,None,1.00,120.9,0,0.47,0,0.120,0.000,83378265
44.16,Utility Enemy 12,Utility,PatrolAction,None,1.00,63.3,0,0.47,0,0.120,0.000,83378265
44.16,Utility Enemy 15,Utility,PatrolAction,None,1.00,42.4,0,0.47,0,0.120,0.000,83378265
44.16,Utility Enemy 1,Utility,PatrolAction,None,1.00,37.5,0,0.47,0,0.120,0.000,83378265
44.16,Utility Enemy 5,Utility,PatrolAction,None,1.00,45.1,0,0.47,0,0.120,0.000,83378265
44.16,Utility Enemy 13,Utility,PatrolAction,None,1.00,58.8,0,0.47,8,0.120,0.000,83378265
44.16,Utility Enemy 6,Utility,PatrolAction,None,1.00,92.3,0,0.47,16,0.120,0.000,83378265
44.16,Utility Enemy 4,Utility,PatrolAction,None,1.00,67.0,0,0.47,0,0.120,0.000,83378265
44.16,Utility Enemy 10,Utility,PatrolAction,None,1.00,97.2,0,0.47,0,0.120,0.000,83378265
44.16,Utility Enemy 11,Utility,PatrolAction,None,1.00,33.9,0,0.47,0,0.120,0.000,83378265
44.16,Utility Enemy 9,Utility,PatrolAction,None,1.00,56.6,0,0.47,0,0.120,0.000,83378265
44.16,Utility Enemy 2,Utility,PatrolAction,None,1.00,58.4,0,0.47,0,0.120,0.000,83378265
45.16,Player,Player,-,None,0.47,,0,0.47,,,,83378265
45.16,FSM Enemy 2,FSM,PatrolState,None,1.00,86.5,0,0.47,0,,,83378265
45.16,FSM Enemy 15,FSM,PatrolState,None,1.00,56.2,0,0.47,16,,,83378265
45.16,FSM Enemy 14,FSM,PatrolState,None,1.00,86.5,0,0.47,0,,,83378265
45.16,FSM Enemy 3,FSM,PatrolState,None,1.00,52.9,0,0.47,0,,,83378265
45.16,FSM Enemy 5,FSM,PatrolState,None,1.00,48.2,0,0.47,0,,,83378265
45.16,FSM Enemy 13,FSM,PatrolState,None,1.00,73.3,0,0.47,0,,,83378265
45.16,FSM Enemy 12,FSM,PatrolState,None,1.00,109.5,0,0.47,0,,,83378265
45.16,FSM Enemy 8,FSM,PatrolState,None,1.00,49.0,0,0.47,0,,,83378265
45.16,FSM Enemy 1,FSM,Dead,None,0.00,9.6,0,0.47,8,,,83378265
45.16,FSM Enemy 4,FSM,PatrolState,None,1.00,103.3,0,0.47,0,,,83378265
45.16,FSM Enemy 7,FSM,PatrolState,None,1.00,67.8,0,0.47,24,,,83378265
45.16,FSM Enemy 11,FSM,PatrolState,None,1.00,73.9,0,0.47,0,,,83378265
45.16,FSM Enemy 6,FSM,PatrolState,None,1.00,105.0,0,0.47,0,,,83378265
45.16,FSM Enemy 10,FSM,PatrolState,None,1.00,65.8,0,0.47,0,,,83378265
45.16,FSM Enemy 9,FSM,PatrolState,None,1.00,77.0,0,0.47,0,,,83378265
45.16,Utility Enemy 14,Utility,PatrolAction,None,1.00,61.6,0,0.47,0,0.120,0.000,83378265
45.16,Utility Enemy 8,Utility,PatrolAction,None,1.00,97.5,0,0.47,8,0.120,0.000,83378265
45.16,Utility Enemy 3,Utility,PatrolAction,None,1.00,91.7,0,0.47,0,0.120,0.000,83378265
45.16,Utility Enemy 7,Utility,PatrolAction,None,1.00,122.8,0,0.47,0,0.120,0.000,83378265
45.16,Utility Enemy 12,Utility,PatrolAction,None,1.00,63.5,0,0.47,0,0.120,0.000,83378265
45.16,Utility Enemy 15,Utility,PatrolAction,None,1.00,41.0,0,0.47,0,0.120,0.000,83378265
45.16,Utility Enemy 1,Utility,PatrolAction,None,1.00,33.6,0,0.47,0,0.120,0.000,83378265
45.16,Utility Enemy 5,Utility,PatrolAction,None,1.00,42.8,0,0.47,0,0.120,0.000,83378265
45.16,Utility Enemy 13,Utility,PatrolAction,None,1.00,56.2,0,0.47,8,0.120,0.000,83378265
45.16,Utility Enemy 6,Utility,PatrolAction,None,1.00,88.0,0,0.47,16,0.120,0.000,83378265
45.16,Utility Enemy 4,Utility,PatrolAction,None,1.00,68.9,0,0.47,0,0.120,0.000,83378265
45.16,Utility Enemy 10,Utility,PatrolAction,None,1.00,98.8,0,0.47,0,0.120,0.000,83378265
45.16,Utility Enemy 11,Utility,PatrolAction,None,1.00,34.8,0,0.47,0,0.120,0.000,83378265
45.16,Utility Enemy 9,Utility,PatrolAction,None,1.00,57.0,0,0.47,0,0.120,0.000,83378265
45.16,Utility Enemy 2,Utility,PatrolAction,None,1.00,62.6,0,0.47,0,0.120,0.000,83378265
46.16,Player,Player,-,None,0.47,,0,0.47,,,,83378265
46.16,FSM Enemy 2,FSM,PatrolState,None,1.00,88.2,0,0.47,0,,,83378265
46.16,FSM Enemy 15,FSM,PatrolState,None,1.00,57.0,0,0.47,16,,,83378265
46.16,FSM Enemy 14,FSM,PatrolState,None,1.00,87.1,0,0.47,0,,,83378265
46.16,FSM Enemy 3,FSM,PatrolState,None,1.00,52.6,0,0.47,0,,,83378265
46.16,FSM Enemy 5,FSM,PatrolState,None,1.00,46.6,0,0.47,0,,,83378265
46.16,FSM Enemy 13,FSM,PatrolState,None,1.00,71.8,0,0.47,0,,,83378265
46.16,FSM Enemy 12,FSM,PatrolState,None,1.00,110.3,0,0.47,0,,,83378265
46.16,FSM Enemy 8,FSM,PatrolState,None,1.00,51.5,0,0.47,0,,,83378265
46.16,FSM Enemy 1,FSM,Dead,None,0.00,9.6,0,0.47,8,,,83378265
46.16,FSM Enemy 4,FSM,PatrolState,None,1.00,102.1,0,0.47,0,,,83378265
46.16,FSM Enemy 7,FSM,PatrolState,None,1.00,68.4,0,0.47,24,,,83378265
46.16,FSM Enemy 11,FSM,PatrolState,None,1.00,75.4,0,0.47,0,,,83378265
46.16,FSM Enemy 6,FSM,PatrolState,None,1.00,106.8,0,0.47,0,,,83378265
46.16,FSM Enemy 10,FSM,PatrolState,None,1.00,63.9,0,0.47,0,,,83378265
46.16,FSM Enemy 9,FSM,PatrolState,None,1.00,79.5,0,0.47,0,,,83378265
46.16,Utility Enemy 14,Utility,PatrolAction,None,1.00,57.1,0,0.47,0,0.120,0.000,83378265
46.16,Utility Enemy 8,Utility,PatrolAction,None,1.00,99.5,0,0.47,8,0.120,0.000,83378265
46.16,Utility Enemy 3,Utility,PatrolAction,None,1.00,90.1,0,0.47,0,0.120,0.000,83378265
46.16,Utility Enemy 7,Utility,PatrolAction,None,1.00,121.5,0,0.47,0,0.120,0.000,83378265
46.16,Utility Enemy 12,Utility,PatrolAction,None,1.00,61.3,0,0.47,0,0.120,0.000,83378265
46.16,Utility Enemy 15,Utility,PatrolAction,None,1.00,36.7,0,0.47,0,0.120,0.000,83378265
46.16,Utility Enemy 1,Utility,PatrolAction,None,1.00,29.6,0,0.47,0,0.120,0.000,83378265
46.16,Utility Enemy 5,Utility,PatrolAction,None,1.00,40.8,0,0.47,0,0.120,0.000,83378265
46.16,Utility Enemy 13,Utility,PatrolAction,None,1.00,55.9,0,0.47,8,0.120,0.000,83378265
46.16,Utility Enemy 6,Utility,PatrolAction,None,1.00,88.2,0,0.47,16,0.120,0.000,83378265
46.16,Utility Enemy 4,Utility,PatrolAction,None,1.00,71.0,0,0.47,0,0.120,0.000,83378265
46.16,Utility Enemy 10,Utility,PatrolAction,None,1.00,100.3,0,0.47,0,0.120,0.000,83378265
46.16,Utility Enemy 11,Utility,PatrolAction,None,1.00,38.8,0,0.47,0,0.120,0.000,83378265
46.16,Utility Enemy 9,Utility,PatrolAction,None,1.00,58.3,0,0.47,0,0.120,0.000,83378265
46.16,Utility Enemy 2,Utility,PatrolAction,None,1.00,65.4,0,0.47,0,0.120,0.000,83378265
47.16,Player,Player,-,None,0.47,,0,0.47,,,,83378265
47.16,FSM Enemy 2,FSM,PatrolState,None,1.00,89.9,0,0.47,0,,,83378265
47.16,FSM Enemy 15,FSM,PatrolState,None,1.00,57.9,0,0.47,16,,,83378265
47.16,FSM Enemy 14,FSM,PatrolState,None,1.00,88.8,0,0.47,0,,,83378265
47.16,FSM Enemy 3,FSM,PatrolState,None,1.00,50.1,0,0.47,0,,,83378265
47.16,FSM Enemy 5,FSM,PatrolState,None,1.00,44.3,0,0.47,0,,,83378265
47.16,FSM Enemy 13,FSM,PatrolState,None,1.00,69.7,0,0.47,0,,,83378265
47.16,FSM Enemy 12,FSM,PatrolState,None,1.00,111.3,0,0.47,0,,,83378265
47.16,FSM Enemy 8,FSM,PatrolState,None,1.00,54.0,0,0.47,0,,,83378265
47.16,FSM Enemy 1,FSM,PatrolState,None,1.00,54.4,0,0.47,8,,,83378265
47.16,FSM Enemy 4,FSM,PatrolState,None,1.00,102.6,0,0.47,0,,,83378265
47.16,FSM Enemy 7,FSM,PatrolState,None,1.00,69.1,0,0.47,24,,,83378265
47.16,FSM Enemy 11,FSM,PatrolState,None,1.00,76.9,0,0.47,0,,,83378265
47.16,FSM Enemy 6,FSM,PatrolState,None,1.00,108.5,0,0.47,0,,,83378265
47.16,FSM Enemy 10,FSM,PatrolState,None,1.00,65.5,0,0.47,0,,,83378265
47.16,FSM Enemy 9,FSM,PatrolState,None,1.00,82.0,0,0.47,0,,,83378265
47.16,Utility Enemy 14,Utility,PatrolAction,None,1.00,58.6,0,0.47,0,0.120,0.000,83378265
47.16,Utility Enemy 8,Utility,PatrolAction,None,1.00,102.6,0,0.47,8,0.120,0.000,83378265
47.16,Utility Enemy 3,Utility,PatrolAction,None,1.00,87.4,0,0.47,0,0.120,0.000,83378265
47.16,Utility Enemy 7,Utility,PatrolAction,None,1.00,120.1,0,0.47,0,0.120,0.000,83378265
47.16,Utility Enemy 12,Utility,PatrolAction,None,1.00,60.1,0,0.47,0,0.120,0.000,83378265
47.16,Utility Enemy 15,Utility,PatrolAction,None,1.00,32.3,0,0.47,0,0.120,0.000,83378265
47.16,Utility Enemy 1,Utility,PatrolAction,None,1.00,28.0,0,0.47,0,0.120,0.000,83378265
47.16,Utility Enemy 5,Utility,PatrolAction,None,1.00,37.4,0,0.47,0,0.120,0.000,83378265
47.16,Utility Enemy 13,Utility,PatrolAction,None,1.00,59.9,0,0.47,8,0.120,0.000,83378265
47.16,Utility Enemy 6,Utility,PatrolAction,None,1.00,92.3,0,0.47,16,0.120,0.000,83378265
47.16,Utility Enemy 4,Utility,PatrolAction,None,1.00,68.4,0,0.47,0,0.120,0.000,83378265
47.16,Utility Enemy 10,Utility,PatrolAction,None,1.00,96.9,0,0.47,0,0.120,0.000,83378265
47.16,Utility Enemy 11,Utility,PatrolAction,None,1.00,42.6,0,0.47,0,0.120,0.000,83378265
47.16,Utility Enemy 9,Utility,PatrolAction,None,1.00,61.9,0,0.47,0,0.120,0.000,83378265
47.16,Utility Enemy 2,Utility,PatrolAction,None,1.00,68.1,0,0.47,0,0.120,0.000,83378265
48.17,Player,Player,-,None,0.47,,0,0.47,,,,83378265
48.17,FSM Enemy 2,FSM,PatrolState,None,1.00,90.7,0,0.47,0,,,83378265
48.17,FSM Enemy 15,FSM,PatrolState,None,1.00,59.2,0,0.47,16,,,83378265
48.17,FSM Enemy 14,FSM,PatrolState,None,1.00,90.6,0,0.47,0,,,83378265
48.17,FSM Enemy 3,FSM,PatrolState,None,1.00,46.8,0,0.47,0,,,83378265
48.17,FSM Enemy 5,FSM,PatrolState,None,1.00,43.3,0,0.47,0,,,83378265
48.17,FSM Enemy 13,FSM,PatrolState,None,1.00,67.3,0,0.47,0,,,83378265
48.17,FSM Enemy 12,FSM,PatrolState,None,1.00,113.0,0,0.47,0,,,83378265
48.17,FSM Enemy 8,FSM,PatrolState,None,1.00,56.1,0,0.47,0,,,83378265
48.17,FSM Enemy 1,FSM,PatrolState,None,1.00,52.8,0,0.47,8,,,83378265
48.17,FSM Enemy 4,FSM,PatrolState,None,1.00,103.2,0,0.47,0,,,83378265
48.17,FSM Enemy 7,FSM,PatrolState,None,1.00,70.8,0,0.47,24,,,83378265
48.17,FSM Enemy 11,FSM,PatrolState,None,1.00,79.5,0,0.47,0,,,83378265
48.17,FSM Enemy 6,FSM,PatrolState,None,1.00,107.0,0,0.47,0,,,83378265
48.17,FSM Enemy 10,FSM,PatrolState,None,1.00,65.0,0,0.47,0,,,83378265
48.17,FSM Enemy 9,FSM,PatrolState,None,1.00,84.4,0,0.47,0,,,83378265
48.17,Utility Enemy 14,Utility,PatrolAction,None,1.00,62.2,0,0.47,0,0.120,0.000,83378265
48.17,Utility Enemy 8,Utility,PatrolAction,None,1.00,99.3,0,0.47,8,0.120,0.000,83378265
48.17,Utility Enemy 3,Utility,PatrolAction,None,1.00,82.3,0,0.47,0,0.120,0.000,83378265
48.17,Utility Enemy 7,Utility,PatrolAction,None,1.00,116.7,0,0.47,0,0.120,0.000,83378265
48.17,Utility Enemy 12,Utility,PatrolAction,None,1.00,60.3,0,0.47,0,0.120,0.000,83378265
48.17,Utility Enemy 15,Utility,PatrolAction,None,1.00,30.5,0,0.47,0,0.120,0.000,83378265
48.17,Utility Enemy 1,Utility,PatrolAction,None,1.00,30.0,0,0.47,0,0.120,0.000,83378265
48.17,Utility Enemy 5,Utility,PatrolAction,None,1.00,34.6,0,0.47,0,0.120,0.000,83378265
48.17,Utility Enemy 13,Utility,PatrolAction,None,1.00,64.0,0,0.47,8,0.120,0.000,83378265
48.17,Utility Enemy 6,Utility,PatrolAction,None,1.00,95.7,0,0.47,16,0.120,0.000,83378265
48.17,Utility Enemy 4,Utility,PatrolAction,None,1.00,66.0,0,0.47,0,0.120,0.000,83378265
48.17,Utility Enemy 10,Utility,PatrolAction,None,1.00,97.7,0,0.47,0,0.120,0.000,83378265
48.17,Utility Enemy 11,Utility,PatrolAction,None,1.00,38.6,0,0.47,0,0.120,0.000,83378265
48.17,Utility Enemy 9,Utility,PatrolAction,None,1.00,65.4,0,0.47,0,0.120,0.000,83378265
48.17,Utility Enemy 2,Utility,PatrolAction,None,1.00,66.3,0,0.47,0,0.120,0.000,83378265
49.17,Player,Player,-,None,0.47,,0,0.47,,,,83378265
49.17,FSM Enemy 2,FSM,PatrolState,None,1.00,88.2,0,0.47,0,,,83378265
49.17,FSM Enemy 15,FSM,PatrolState,None,1.00,60.1,0,0.47,16,,,83378265
49.17,FSM Enemy 14,FSM,PatrolState,None,1.00,89.7,0,0.47,0,,,83378265
49.17,FSM Enemy 3,FSM,PatrolState,None,1.00,40.4,0,0.47,0,,,83378265
49.17,FSM Enemy 5,FSM,PatrolState,None,1.00,43.9,0,0.47,0,,,83378265
49.17,FSM Enemy 13,FSM,PatrolState,None,1.00,62.9,0,0.47,0,,,83378265
49.17,FSM Enemy 12,FSM,PatrolState,None,1.00,112.1,0,0.47,0,,,83378265
49.17,FSM Enemy 8,FSM,PatrolState,None,1.00,53.8,0,0.47,0,,,83378265
49.17,FSM Enemy 1,FSM,PatrolState,None,1.00,51.4,0,0.47,8,,,83378265
49.17,FSM Enemy 4,FSM,PatrolState,None,1.00,101.5,0,0.47,0,,,83378265
49.17,FSM Enemy 7,FSM,PatrolState,None,1.00,73.5,0,0.47,24,,,83378265
49.17,FSM Enemy 11,FSM,PatrolState,None,1.00,83.0,0,0.47,0,,,83378265
49.17,FSM Enemy 6,FSM,PatrolState,None,1.00,106.3,0,0.47,0,,,83378265
49.17,FSM Enemy 10,FSM,PatrolState,None,1.00,62.0,0,0.47,0,,,83378265
49.17,FSM Enemy 9,FSM,PatrolState,None,1.00,82.6,0,0.47,0,,,83378265
49.17,Utility Enemy 14,Utility,PatrolAction,None,1.00,59.8,0,0.47,0,0.120,0.000,83378265
49.17,Utility Enemy 8,Utility,PatrolAction,None,1.00,92.6,0,0.47,8,0.120,0.000,83378265
49.17,Utility Enemy 3,Utility,PatrolAction,None,1.00,76.0,0,0.47,0,0.120,0.000,83378265
49.17,Utility Enemy 7,Utility,PatrolAction,None,1.00,111.4,0,0.47,0,0.120,0.000,83378265
49.17,Utility Enemy 12,Utility,PatrolAction,None,1.00,57.1,0,0.47,0,0.120,0.000,83378265
49.17,Utility Enemy 15,Utility,PatrolAction,None,1.00,32.0,0,0.47,0,0.120,0.000,83378265
49.17,Utility Enemy 1,Utility,PatrolAction,None,1.00,29.6,0,0.47,0,0.120,0.000,83378265
49.17,Utility Enemy 5,Utility,PatrolAction,None,1.00,30.9,0,0.47,0,0.120,0.000,83378265
49.17,Utility Enemy 13,Utility,PatrolAction,None,1.00,67.2,0,0.47,8,0.120,0.000,83378265
49.17,Utility Enemy 6,Utility,PatrolAction,None,1.00,96.5,0,0.47,16,0.120,0.000,83378265
49.17,Utility Enemy 4,Utility,PatrolAction,None,1.00,67.0,0,0.47,0,0.120,0.000,83378265
49.17,Utility Enemy 10,Utility,PatrolAction,None,1.00,98.2,0,0.47,0,0.120,0.000,83378265
49.17,Utility Enemy 11,Utility,PatrolAction,None,1.00,32.5,0,0.47,0,0.120,0.000,83378265
49.17,Utility Enemy 9,Utility,PatrolAction,None,1.00,64.3,0,0.47,0,0.120,0.000,83378265
49.17,Utility Enemy 2,Utility,PatrolAction,None,1.00,61.5,0,0.47,0,0.120,0.000,83378265
50.17,Player,Player,-,None,0.47,,0,0.47,,,,83378265
50.17,FSM Enemy 2,FSM,PatrolState,None,1.00,82.6,0,0.47,0,,,83378265
50.17,FSM Enemy 15,FSM,PatrolState,None,1.00,57.8,0,0.47,16,,,83378265
50.17,FSM Enemy 14,FSM,PatrolState,None,1.00,87.1,0,0.47,0,,,83378265
50.17,FSM Enemy 3,FSM,PatrolState,None,1.00,32.7,0,0.47,0,,,83378265
50.17,FSM Enemy 5,FSM,PatrolState,None,1.00,42.0,0,0.47,0,,,83378265
50.17,FSM Enemy 13,FSM,PatrolState,None,1.00,56.8,0,0.47,0,,,83378265
50.17,FSM Enemy 12,FSM,PatrolState,None,1.00,108.7,0,0.47,0,,,83378265
50.17,FSM Enemy 8,FSM,PatrolState,None,1.00,47.8,0,0.47,0,,,83378265
50.17,FSM Enemy 1,FSM,PatrolState,None,1.00,47.4,0,0.47,8,,,83378265
50.17,FSM Enemy 4,FSM,PatrolState,None,1.00,96.4,0,0.47,0,,,83378265
50.17,FSM Enemy 7,FSM,PatrolState,None,1.00,72.9,0,0.47,24,,,83378265
50.17,FSM Enemy 11,FSM,PatrolState,None,1.00,81.4,0,0.47,0,,,83378265
50.17,FSM Enemy 6,FSM,PatrolState,None,1.00,103.8,0,0.47,0,,,83378265
50.17,FSM Enemy 10,FSM,PatrolState,None,1.00,58.9,0,0.47,0,,,83378265
50.17,FSM Enemy 9,FSM,PatrolState,None,1.00,79.7,0,0.47,0,,,83378265
50.17,Utility Enemy 14,Utility,PatrolAction,None,1.00,51.6,0,0.47,0,0.120,0.000,83378265
50.17,Utility Enemy 8,Utility,PatrolAction,None,1.00,85.5,0,0.47,8,0.120,0.000,83378265
50.17,Utility Enemy 3,Utility,PatrolAction,None,1.00,71.0,0,0.47,0,0.120,0.000,83378265
50.17,Utility Enemy 7,Utility,PatrolAction,None,1.00,104.3,0,0.47,0,0.120,0.000,83378265
50.17,Utility Enemy 12,Utility,PatrolAction,None,1.00,49.4,0,0.47,0,0.120,0.000,83378265
50.17,Utility Enemy 15,Utility,PatrolAction,None,1.00,29.7,0,0.47,0,0.120,0.000,83378265
50.17,Utility Enemy 1,Utility,PatrolAction,None,1.00,24.6,0,0.47,0,0.120,0.000,83378265
50.17,Utility Enemy 5,Utility,PatrolAction,None,1.00,23.0,0,0.47,0,0.120,0.000,83378265
50.17,Utility Enemy 13,Utility,PatrolAction,None,1.00,66.6,0,0.47,8,0.120,0.000,83378265
50.17,Utility Enemy 6,Utility,PatrolAction,None,1.00,91.0,0,0.47,16,0.120,0.000,83378265
50.17,Utility Enemy 4,Utility,PatrolAction,None,1.00,65.1,0,0.47,0,0.120,0.000,83378265
50.17,Utility Enemy 10,Utility,PatrolAction,None,1.00,94.4,0,0.47,0,0.120,0.000,83378265
50.17,Utility Enemy 11,Utility,PatrolAction,None,1.00,31.1,0,0.47,0,0.120,0.000,83378265
50.17,Utility Enemy 9,Utility,PatrolAction,None,1.00,55.0,0,0.47,0,0.120,0.000,83378265
50.17,Utility Enemy 2,Utility,PatrolAction,None,1.00,55.8,0,0.47,0,0.120,0.000,83378265
51.18,Player,Player,-,None,0.47,,0,0.47,,,,83378265
51.18,FSM Enemy 2,FSM,PatrolState,None,1.00,78.6,0,0.47,0,,,83378265
51.18,FSM Enemy 15,FSM,PatrolState,None,1.00,56.2,0,0.47,16,,,83378265
51.18,FSM Enemy 14,FSM,PatrolState,None,1.00,82.4,0,0.47,0,,,83378265
51.18,FSM Enemy 3,FSM,PatrolState,None,1.00,26.0,0,0.47,0,,,83378265
51.18,FSM Enemy 5,FSM,PatrolState,None,1.00,39.5,0,0.47,0,,,83378265
51.18,FSM Enemy 13,FSM,PatrolState,None,1.00,51.4,0,0.47,0,,,83378265
51.18,FSM Enemy 12,FSM,PatrolState,None,1.00,107.1,0,0.47,0,,,83378265
51.18,FSM Enemy 8,FSM,PatrolState,None,1.00,42.2,0,0.47,0,,,83378265
51.18,FSM Enemy 1,FSM,PatrolState,None,1.00,43.2,0,0.47,8,,,83378265
51.18,FSM Enemy 4,FSM,PatrolState,None,1.00,91.9,0,0.47,0,,,83378265
51.18,FSM Enemy 7,FSM,PatrolState,None,1.00,71.6,0,0.47,24,,,83378265
51.18,FSM Enemy 11,FSM,PatrolState,None,1.00,79.0,0,0.47,0,,,83378265
51.18,FSM Enemy 6,FSM,PatrolState,None,1.00,101.2,0,0.47,0,,,83378265
51.18,FSM Enemy 10,FSM,PatrolState,None,1.00,56.6,0,0.47,0,,,83378265
51.18,FSM Enemy 9,FSM,PatrolState,None,1.00,75.2,0,0.47,0,,,83378265
51.18,Utility Enemy 14,Utility,PatrolAction,None,1.00,43.6,0,0.47,0,0.120,0.000,83378265
51.18,Utility Enemy 8,Utility,PatrolAction,None,1.00,79.6,0,0.47,8,0.120,0.000,83378265
51.18,Utility Enemy 3,Utility,PatrolAction,None,1.00,64.5,0,0.47,0,0.120,0.000,83378265
51.18,Utility Enemy 7,Utility,PatrolAction,None,1.00,99.4,0,0.47,0,0.120,0.000,83378265
51.18,Utility Enemy 12,Utility,PatrolAction,None,1.00,44.3,0,0.47,0,0.120,0.000,83378265
51.18,Utility Enemy 15,Utility,PatrolAction,None,1.00,25.1,0,0.47,0,0.120,0.000,83378265
51.18,Utility Enemy 1,Utility,PatrolAction,None,1.00,20.0,0,0.47,0,0.120,0.000,83378265
51.18,Utility Enemy 5,Utility,Dead,None,0.00,17.2,1,0.47,0,0.120,0.000,83378265
51.18,Utility Enemy 13,Utility,PatrolAction,None,1.00,62.8,0,0.47,8,0.120,0.000,83378265
51.18,Utility Enemy 6,Utility,PatrolAction,None,1.00,82.8,0,0.47,16,0.120,0.000,83378265
51.18,Utility Enemy 4,Utility,PatrolAction,None,1.00,67.0,0,0.47,0,0.120,0.000,83378265
51.18,Utility Enemy 10,Utility,PatrolAction,None,1.00,93.8,0,0.47,0,0.120,0.000,83378265
51.18,Utility Enemy 11,Utility,PatrolAction,None,1.00,31.1,0,0.47,0,0.120,0.000,83378265
51.18,Utility Enemy 9,Utility,PatrolAction,None,1.00,46.4,0,0.47,0,0.120,0.000,83378265
51.18,Utility Enemy 2,Utility,PatrolAction,None,1.00,51.2,0,0.47,0,0.120,0.000,83378265
52.18,Player,Player,-,None,0.47,,0,0.47,,,,83378265
52.18,FSM Enemy 2,FSM,PatrolState,None,1.00,70.6,0,0.47,0,,,83378265
52.18,FSM Enemy 15,FSM,PatrolState,None,1.00,57.3,0,0.47,16,,,83378265
52.18,FSM Enemy 14,FSM,PatrolState,None,1.00,76.1,0,0.47,0,,,83378265
52.18,FSM Enemy 3,FSM,ChaseState,None,1.00,19.4,0,0.47,0,,,83378265
52.18,FSM Enemy 5,FSM,PatrolState,None,1.00,41.0,0,0.47,0,,,83378265
52.18,FSM Enemy 13,FSM,PatrolState,None,1.00,47.2,0,0.47,0,,,83378265
52.18,FSM Enemy 12,FSM,PatrolState,None,1.00,106.8,0,0.47,0,,,83378265
52.18,FSM Enemy 8,FSM,PatrolState,None,1.00,41.2,0,0.47,0,,,83378265
52.18,FSM Enemy 1,FSM,PatrolState,None,1.00,42.0,0,0.47,8,,,83378265
52.18,FSM Enemy 4,FSM,PatrolState,None,1.00,87.7,0,0.47,0,,,83378265
52.18,FSM Enemy 7,FSM,PatrolState,None,1.00,73.2,0,0.47,24,,,83378265
52.18,FSM Enemy 11,FSM,PatrolState,None,1.00,80.0,0,0.47,0,,,83378265
52.18,FSM Enemy 6,FSM,PatrolState,None,1.00,99.9,0,0.47,0,,,83378265
52.18,FSM Enemy 10,FSM,PatrolState,None,1.00,54.0,0,0.47,0,,,83378265
52.18,FSM Enemy 9,FSM,PatrolState,None,1.00,70.9,0,0.47,0,,,83378265
52.18,Utility Enemy 14,Utility,PatrolAction,None,1.00,35.3,0,0.47,0,0.120,0.000,83378265
52.18,Utility Enemy 8,Utility,PatrolAction,None,1.00,72.3,0,0.47,8,0.120,0.000,83378265
52.18,Utility Enemy 3,Utility,PatrolAction,None,1.00,59.0,0,0.47,0,0.120,0.000,83378265
52.18,Utility Enemy 7,Utility,PatrolAction,None,1.00,95.0,0,0.47,0,0.120,0.000,83378265
52.18,Utility Enemy 12,Utility,PatrolAction,None,1.00,42.2,0,0.47,0,0.120,0.000,83378265
52.18,Utility Enemy 15,Utility,PatrolAction,None,1.00,25.8,0,0.47,0,0.120,0.000,83378265
52.18,Utility Enemy 1,Utility,AttackAction,None,0.50,13.5,1,0.47,0,0.247,0.229,83378265
52.18,Utility Enemy 5,Utility,Dead,None,0.00,11.2,1,0.47,0,0.120,0.000,83378265
52.18,Utility Enemy 13,Utility,PatrolAction,None,1.00,62.1,0,0.47,8,0.120,0.000,83378265
52.18,Utility Enemy 6,Utility,PatrolAction,None,1.00,78.2,0,0.47,16,0.120,0.000,83378265
52.18,Utility Enemy 4,Utility,PatrolAction,None,1.00,72.1,0,0.47,0,0.120,0.000,83378265
52.18,Utility Enemy 10,Utility,PatrolAction,None,1.00,96.2,0,0.47,0,0.120,0.000,83378265
52.18,Utility Enemy 11,Utility,PatrolAction,None,1.00,24.4,0,0.47,0,0.120,0.000,83378265
52.18,Utility Enemy 9,Utility,PatrolAction,None,1.00,38.3,0,0.47,0,0.120,0.000,83378265
52.18,Utility Enemy 2,Utility,PatrolAction,None,1.00,44.3,0,0.47,0,0.120,0.000,83378265
53.19,Player,Player,-,None,0.47,,0,0.47,,,,83378265
53.19,FSM Enemy 2,FSM,PatrolState,None,1.00,62.5,0,0.47,0,,,83378265
53.19,FSM Enemy 15,FSM,PatrolState,None,1.00,59.6,0,0.47,16,,,83378265
53.19,FSM Enemy 14,FSM,PatrolState,None,1.00,69.6,0,0.47,0,,,83378265
53.19,FSM Enemy 3,FSM,AttackState,None,1.00,14.1,1,0.47,0,,,83378265
53.19,FSM Enemy 5,FSM,PatrolState,None,1.00,43.3,0,0.47,0,,,83378265
53.19,FSM Enemy 13,FSM,PatrolState,None,1.00,44.0,0,0.47,0,,,83378265
53.19,FSM Enemy 12,FSM,PatrolState,None,1.00,104.6,0,0.47,0,,,83378265
53.19,FSM Enemy 8,FSM,PatrolState,None,1.00,41.5,0,0.47,0,,,83378265
53.19,FSM Enemy 1,FSM,PatrolState,None,1.00,41.7,0,0.47,8,,,83378265
53.19,FSM Enemy 4,FSM,PatrolState,None,1.00,84.9,0,0.47,0,,,83378265
53.19,FSM Enemy 7,FSM,PatrolState,None,1.00,75.2,0,0.47,24,,,83378265
53.19,FSM Enemy 11,FSM,PatrolState,None,1.00,81.7,0,0.47,0,,,83378265
53.19,FSM Enemy 6,FSM,PatrolState,None,1.00,98.4,0,0.47,0,,,83378265
53.19,FSM Enemy 10,FSM,PatrolState,None,1.00,51.9,0,0.47,0,,,83378265
53.19,FSM Enemy 9,FSM,PatrolState,None,1.00,66.7,0,0.47,0,,,83378265
53.19,Utility Enemy 14,Utility,PatrolAction,None,1.00,33.0,0,0.47,0,0.120,0.000,83378265
53.19,Utility Enemy 8,Utility,PatrolAction,None,1.00,68.6,0,0.47,8,0.120,0.000,83378265
53.19,Utility Enemy 3,Utility,PatrolAction,None,1.00,58.1,0,0.47,0,0.120,0.000,83378265
53.19,Utility Enemy 7,Utility,PatrolAction,None,1.00,90.2,0,0.47,0,0.120,0.000,83378265
53.19,Utility Enemy 12,Utility,PatrolAction,None,1.00,42.1,0,0.47,0,0.120,0.000,83378265
53.19,Utility Enemy 15,Utility,PatrolAction,None,1.00,27.1,0,0.47,0,0.120,0.000,83378265
53.19,Utility Enemy 1,Utility,Dead,None,0.00,7.9,1,0.47,0,0.387,0.328,83378265
53.19,Utility Enemy 5,Utility,Dead,None,0.00,5.3,1,0.47,0,0.120,0.000,83378265
53.19,Utility Enemy 13,Utility,PatrolAction,None,1.00,60.7,0,0.47,8,0.120,0.000,83378265
53.19,Utility Enemy 6,Utility,PatrolAction,None,1.00,77.8,0,0.47,16,0.120,0.000,83378265
53.19,Utility Enemy 4,Utility,PatrolAction,None,1.00,70.4,0,0.47,0,0.120,0.000,83378265
53.19,Utility Enemy 10,Utility,PatrolAction,None,1.00,95.5,0,0.47,0,0.120,0.000,83378265
53.19,Utility Enemy 11,Utility,SpreadFireAction,None,1.00,15.3,1,0.47,0,0.169,0.125,83378265
53.19,Utility Enemy 9,Utility,PatrolAction,None,1.00,31.7,0,0.47,0,0.120,0.000,83378265
53.19,Utility Enemy 2,Utility,PatrolAction,None,1.00,38.7,0,0.47,0,0.120,0.000,83378265
54.19,Player,Player,-,None,0.47,,0,0.47,,,,83378265
54.19,FSM Enemy 2,FSM,PatrolState,None,1.00,54.4,0,0.47,0,,,83378265
54.19,FSM Enemy 15,FSM,PatrolState,None,1.00,62.7,0,0.47,16,,,83378265
54.19,FSM Enemy 14,FSM,PatrolState,None,1.00,66.0,0,0.47,0,,,83378265
54.19,FSM Enemy 3,FSM,AttackState,None,1.00,10.8,1,0.47,0,,,83378265
54.19,FSM Enemy 5,FSM,PatrolState,None,1.00,46.3,0,0.47,0,,,83378265
54.19,FSM Enemy 13,FSM,PatrolState,None,1.00,42.3,0,0.47,0,,,83378265
54.19,FSM Enemy 12,FSM,PatrolState,None,1.00,100.8,0,0.47,0,,,83378265
54.19,FSM Enemy 8,FSM,PatrolState,None,1.00,42.3,0,0.47,0,,,83378265
54.19,FSM Enemy 1,FSM,PatrolState,None,1.00,43.9,0,0.47,8,,,83378265
54.19,FSM Enemy 4,FSM,PatrolState,None,1.00,84.0,0,0.47,0,,,83378265
54.19,FSM Enemy 7,FSM,PatrolState,None,1.00,77.8,0,0.47,24,,,83378265
54.19,FSM Enemy 11,FSM,PatrolState,None,1.00,84.6,0,0.47,0,,,83378265
54.19,FSM Enemy 6,FSM,PatrolState,None,1.00,96.8,0,0.47,0,,,83378265
54.19,FSM Enemy 10,FSM,PatrolState,None,1.00,50.3,0,0.47,0,,,83378265
54.19,FSM Enemy 9,FSM,PatrolState,None,1.00,62.7,0,0.47,0,,,83378265
54.19,Utility Enemy 14,Utility,PatrolAction,None,1.00,29.5,0,0.47,0,0.120,0.000,83378265
54.19,Utility Enemy 8,Utility,PatrolAction,None,1.00,66.9,0,0.47,8,0.120,0.000,83378265
54.19,Utility Enemy 3,Utility,PatrolAction,None,1.00,52.3,0,0.47,0,0.120,0.000,83378265
54.19,Utility Enemy 7,Utility,PatrolAction,None,1.00,87.5,0,0.47,0,0.120,0.000,83378265
54.19,Utility Enemy 12,Utility,PatrolAction,None,1.00,41.3,0,0.47,0,0.120,0.000,83378265
54.19,Utility Enemy 15,Utility,PatrolAction,None,1.00,29.2,0,0.47,0,0.120,0.000,83378265
54.19,Utility Enemy 1,Utility,Dead,None,0.00,4.2,0,0.47,0,0.387,0.328,83378265
54.19,Utility Enemy 5,Utility,Dead,None,0.00,2.6,1,0.47,0,0.120,0.000,83378265
54.19,Utility Enemy 13,Utility,PatrolAction,None,1.00,60.3,0,0.47,8,0.120,0.000,83378265
54.19,Utility Enemy 6,Utility,PatrolAction,None,1.00,78.0,0,0.47,16,0.120,0.000,83378265
54.19,Utility Enemy 4,Utility,PatrolAction,None,1.00,67.9,0,0.47,0,0.120,0.000,83378265
54.19,Utility Enemy 10,Utility,PatrolAction,None,1.00,90.6,0,0.47,0,0.120,0.000,83378265
54.19,Utility Enemy 11,Utility,Dead,None,0.00,9.4,1,0.47,0,0.285,0.243,83378265
54.19,Utility Enemy 9,Utility,PatrolAction,None,1.00,24.7,0,0.47,0,0.120,0.000,83378265
54.19,Utility Enemy 2,Utility,PatrolAction,None,1.00,36.9,0,0.47,0,0.120,0.000,83378265
55.19,Player,Player,-,None,0.41,,0,0.41,,,,83378265
55.19,FSM Enemy 2,FSM,PatrolState,None,1.00,50.3,0,0.41,0,,,83378265
55.19,FSM Enemy 15,FSM,PatrolState,None,1.00,61.5,0,0.41,16,,,83378265
55.19,FSM Enemy 14,FSM,PatrolState,None,1.00,64.1,0,0.41,0,,,83378265
55.19,FSM Enemy 3,FSM,AttackState,None,0.75,7.7,1,0.41,8,,,83378265
55.19,FSM Enemy 5,FSM,PatrolState,None,1.00,42.3,0,0.41,0,,,83378265
55.19,FSM Enemy 13,FSM,PatrolState,None,1.00,38.7,0,0.41,0,,,83378265
55.19,FSM Enemy 12,FSM,PatrolState,None,1.00,95.5,0,0.41,0,,,83378265
55.19,FSM Enemy 8,FSM,PatrolState,None,1.00,40.1,0,0.41,0,,,83378265
55.19,FSM Enemy 1,FSM,PatrolState,None,1.00,41.0,0,0.41,8,,,83378265
55.19,FSM Enemy 4,FSM,PatrolState,None,1.00,83.3,0,0.41,0,,,83378265
55.19,FSM Enemy 7,FSM,PatrolState,None,1.00,74.5,0,0.41,24,,,83378265
55.19,FSM Enemy 11,FSM,PatrolState,None,1.00,82.5,0,0.41,0,,,83378265
55.19,FSM Enemy 6,FSM,PatrolState,None,1.00,93.2,0,0.41,0,,,83378265
55.19,FSM Enemy 10,FSM,PatrolState,None,1.00,45.9,0,0.41,0,,,83378265
55.19,FSM Enemy 9,FSM,PatrolState,None,1.00,57.5,0,0.41,0,,,83378265
55.19,Utility Enemy 14,Utility,PatrolAction,None,1.00,29.2,0,0.41,0,0.120,0.000,83378265
55.19,Utility Enemy 8,Utility,PatrolAction,None,1.00,64.1,0,0.41,8,0.120,0.000,83378265
55.19,Utility Enemy 3,Utility,PatrolAction,None,1.00,49.9,0,0.41,0,0.120,0.000,83378265
55.19,Utility Enemy 7,Utility,PatrolAction,None,1.00,82.9,0,0.41,0,0.120,0.000,83378265
55.19,Utility Enemy 12,Utility,PatrolAction,None,1.00,36.8,0,0.41,0,0.120,0.000,83378265
55.19,Utility Enemy 15,Utility,PatrolAction,None,1.00,27.5,0,0.41,0,0.120,0.000,83378265
55.19,Utility Enemy 1,Utility,Dead,None,0.00,1.0,0,0.41,0,0.387,0.328,83378265
55.19,Utility Enemy 5,Utility,Dead,None,0.00,1.9,0,0.41,0,0.120,0.000,83378265
55.19,Utility Enemy 13,Utility,PatrolAction,None,1.00,55.1,0,0.41,8,0.120,0.000,83378265
55.19,Utility Enemy 6,Utility,PatrolAction,None,1.00,74.1,0,0.41,16,0.120,0.000,83378265
55.19,Utility Enemy 4,Utility,PatrolAction,None,1.00,61.1,0,0.41,0,0.120,0.000,83378265
55.19,Utility Enemy 10,Utility,PatrolAction,None,1.00,83.7,0,0.41,0,0.120,0.000,83378265
55.19,Utility Enemy 11,Utility,Dead,None,0.00,8.5,1,0.41,0,0.285,0.243,83378265
55.19,Utility Enemy 9,Utility,PatrolAction,None,1.00,22.9,0,0.41,0,0.120,0.000,83378265
55.19,Utility Enemy 2,Utility,PatrolAction,None,1.00,38.7,0,0.41,0,0.120,0.000,83378265
56.20,Player,Player,-,GravityFlip,0.41,,0,0.41,,,,83378265
56.20,FSM Enemy 2,FSM,TakeCoverState,GravityFlip,1.00,48.7,0,0.41,0,,,83378265
56.20,FSM Enemy 15,FSM,TakeCoverState,GravityFlip,1.00,57.4,0,0.41,16,,,83378265
56.20,FSM Enemy 14,FSM,TakeCoverState,GravityFlip,1.00,64.0,0,0.41,0,,,83378265
56.20,FSM Enemy 3,FSM,Dead,GravityFlip,0.00,6.3,1,0.41,8,,,83378265
56.20,FSM Enemy 5,FSM,TakeCoverState,GravityFlip,1.00,36.6,0,0.41,0,,,83378265
56.20,FSM Enemy 13,FSM,TakeCoverState,GravityFlip,1.00,34.9,0,0.41,0,,,83378265
56.20,FSM Enemy 12,FSM,TakeCoverState,GravityFlip,1.00,90.6,0,0.41,0,,,83378265
56.20,FSM Enemy 8,FSM,TakeCoverState,GravityFlip,1.00,37.1,0,0.41,0,,,83378265
56.20,FSM Enemy 1,FSM,TakeCoverState,GravityFlip,1.00,35.4,0,0.41,8,,,83378265
56.20,FSM Enemy 4,FSM,TakeCoverState,GravityFlip,1.00,82.3,0,0.41,0,,,83378265
56.20,FSM Enemy 7,FSM,TakeCoverState,GravityFlip,1.00,68.9,0,0.41,24,,,83378265
56.20,FSM Enemy 11,FSM,TakeCoverState,GravityFlip,1.00,77.4,0,0.41,0,,,83378265
56.20,FSM Enemy 6,FSM,TakeCoverState,GravityFlip,1.00,90.0,0,0.41,0,,,83378265
56.20,FSM Enemy 10,FSM,TakeCoverState,GravityFlip,1.00,41.4,0,0.41,0,,,83378265
56.20,FSM Enemy 9,FSM,TakeCoverState,GravityFlip,1.00,53.6,0,0.41,0,,,83378265
56.20,Utility Enemy 14,Utility,TakeCoverAction,GravityFlip,1.00,29.8,0,0.41,0,0.820,0.750,83378265
56.20,Utility Enemy 8,Utility,TakeCoverAction,GravityFlip,1.00,62.9,0,0.41,8,0.820,0.750,83378265
56.20,Utility Enemy 3,Utility,TakeCoverAction,GravityFlip,1.00,50.8,0,0.41,0,0.820,0.750,83378265
56.20,Utility Enemy 7,Utility,TakeCoverAction,GravityFlip,1.00,82.7,0,0.41,0,0.820,0.750,83378265
56.20,Utility Enemy 12,Utility,TakeCoverAction,GravityFlip,1.00,31.9,0,0.41,0,0.820,0.750,83378265
56.20,Utility Enemy 15,Utility,TakeCoverAction,GravityFlip,1.00,21.2,0,0.41,0,0.820,0.750,83378265
56.20,Utility Enemy 1,Utility,Dead,GravityFlip,0.00,4.1,1,0.41,0,0.387,0.328,83378265
56.20,Utility Enemy 5,Utility,Dead,GravityFlip,0.00,5.2,0,0.41,0,0.120,0.000,83378265
56.20,Utility Enemy 13,Utility,TakeCoverAction,GravityFlip,1.00,49.8,0,0.41,8,0.820,0.750,83378265
56.20,Utility Enemy 6,Utility,TakeCoverAction,GravityFlip,1.00,68.1,0,0.41,16,0.820,0.750,83378265
56.20,Utility Enemy 4,Utility,TakeCoverAction,GravityFlip,1.00,55.9,0,0.41,0,0.820,0.750,83378265
56.20,Utility Enemy 10,Utility,TakeCoverAction,GravityFlip,1.00,78.0,0,0.41,0,0.820,0.750,83378265
56.20,Utility Enemy 11,Utility,Dead,GravityFlip,0.00,11.4,1,0.41,0,0.285,0.243,83378265
56.20,Utility Enemy 9,Utility,TakeCoverAction,GravityFlip,1.00,21.6,0,0.41,0,0.820,0.750,83378265
56.20,Utility Enemy 2,Utility,TakeCoverAction,GravityFlip,1.00,37.0,0,0.41,0,0.820,0.750,83378265
57.20,Player,Player,-,GravityFlip,0.41,,0,0.41,,,,83378265
57.20,FSM Enemy 2,FSM,TakeCoverState,GravityFlip,1.00,42.3,0,0.41,0,,,83378265
57.20,FSM Enemy 15,FSM,TakeCoverState,GravityFlip,1.00,55.2,0,0.41,16,,,83378265
57.20,FSM Enemy 14,FSM,TakeCoverState,GravityFlip,1.00,59.0,0,0.41,0,,,83378265
57.20,FSM Enemy 3,FSM,Dead,GravityFlip,0.00,1.4,1,0.41,8,,,83378265
57.20,FSM Enemy 5,FSM,TakeCoverState,GravityFlip,1.00,40.5,0,0.41,0,,,83378265
57.20,FSM Enemy 13,FSM,TakeCoverState,GravityFlip,1.00,33.1,0,0.41,0,,,83378265
57.20,FSM Enemy 12,FSM,TakeCoverState,GravityFlip,1.00,86.0,0,0.41,0,,,83378265
57.20,FSM Enemy 8,FSM,TakeCoverState,GravityFlip,1.00,35.6,0,0.41,0,,,83378265
57.20,FSM Enemy 1,FSM,TakeCoverState,GravityFlip,1.00,33.5,0,0.41,8,,,83378265
57.20,FSM Enemy 4,FSM,TakeCoverState,GravityFlip,1.00,77.7,0,0.41,0,,,83378265
57.20,FSM Enemy 7,FSM,TakeCoverState,GravityFlip,1.00,67.0,0,0.41,24,,,83378265
57.20,FSM Enemy 11,FSM,TakeCoverState,GravityFlip,1.00,79.4,0,0.41,0,,,83378265
57.20,FSM Enemy 6,FSM,TakeCoverState,GravityFlip,1.00,91.0,0,0.41,0,,,83378265
57.20,FSM Enemy 10,FSM,TakeCoverState,GravityFlip,1.00,35.1,0,0.41,0,,,83378265
57.20,FSM Enemy 9,FSM,TakeCoverState,GravityFlip,1.00,47.5,0,0.41,0,,,83378265
57.20,Utility Enemy 14,Utility,TakeCoverAction,GravityFlip,1.00,21.0,0,0.41,0,0.820,0.750,83378265
57.20,Utility Enemy 8,Utility,TakeCoverAction,GravityFlip,1.00,55.3,0,0.41,8,0.820,0.750,83378265
57.20,Utility Enemy 3,Utility,TakeCoverAction,GravityFlip,1.00,49.0,0,0.41,0,0.820,0.750,83378265
57.20,Utility Enemy 7,Utility,TakeCoverAction,GravityFlip,1.00,78.1,0,0.41,0,0.820,0.750,83378265
57.20,Utility Enemy 12,Utility,TakeCoverAction,GravityFlip,1.00,32.6,0,0.41,0,0.820,0.750,83378265
57.20,Utility Enemy 15,Utility,TakeCoverAction,GravityFlip,1.00,16.5,1,0.41,0,0.820,0.810,83378265
57.20,Utility Enemy 1,Utility,Dead,GravityFlip,0.00,6.1,0,0.41,0,0.387,0.328,83378265
57.20,Utility Enemy 5,Utility,Dead,GravityFlip,0.00,8.7,0,0.41,0,0.120,0.000,83378265
57.20,Utility Enemy 13,Utility,TakeCoverAction,GravityFlip,1.00,51.1,0,0.41,8,0.820,0.750,83378265
57.20,Utility Enemy 6,Utility,TakeCoverAction,GravityFlip,1.00,65.0,0,0.41,16,0.820,0.750,83378265
57.20,Utility Enemy 4,Utility,TakeCoverAction,GravityFlip,1.00,55.5,0,0.41,0,0.820,0.750,83378265
57.20,Utility Enemy 10,Utility,TakeCoverAction,GravityFlip,1.00,74.3,0,0.41,0,0.820,0.750,83378265
57.20,Utility Enemy 11,Utility,Dead,GravityFlip,0.00,8.1,0,0.41,0,0.285,0.243,83378265
57.20,Utility Enemy 9,Utility,TakeCoverAction,GravityFlip,1.00,19.8,0,0.41,0,0.820,0.750,83378265
57.20,Utility Enemy 2,Utility,TakeCoverAction,GravityFlip,1.00,33.8,0,0.41,0,0.820,0.750,83378265
58.20,Player,Player,-,GravityFlip,0.36,,0,0.36,,,,83378265
58.20,FSM Enemy 2,FSM,TakeCoverState,GravityFlip,1.00,39.3,0,0.36,0,,,83378265
58.20,FSM Enemy 15,FSM,TakeCoverState,GravityFlip,1.00,55.1,0,0.36,16,,,83378265
58.20,FSM Enemy 14,FSM,TakeCoverState,GravityFlip,1.00,56.2,0,0.36,0,,,83378265
58.20,FSM Enemy 3,FSM,Dead,GravityFlip,0.00,2.9,0,0.36,8,,,83378265
58.20,FSM Enemy 5,FSM,TakeCoverState,GravityFlip,1.00,43.2,0,0.36,0,,,83378265
58.20,FSM Enemy 13,FSM,TakeCoverState,GravityFlip,1.00,33.0,0,0.36,0,,,83378265
58.20,FSM Enemy 12,FSM,TakeCoverState,GravityFlip,1.00,84.5,0,0.36,0,,,83378265
58.20,FSM Enemy 8,FSM,TakeCoverState,GravityFlip,1.00,35.4,0,0.36,0,,,83378265
58.20,FSM Enemy 1,FSM,TakeCoverState,GravityFlip,1.00,31.5,0,0.36,8,,,83378265
58.20,FSM Enemy 4,FSM,TakeCoverState,GravityFlip,1.00,75.7,0,0.36,0,,,83378265
58.20,FSM Enemy 7,FSM,TakeCoverState,GravityFlip,1.00,68.2,0,0.36,24,,,83378265
58.20,FSM Enemy 11,FSM,TakeCoverState,GravityFlip,1.00,85.2,0,0.36,0,,,83378265
58.20,FSM Enemy 6,FSM,TakeCoverState,GravityFlip,1.00,91.2,0,0.36,0,,,83378265
58.20,FSM Enemy 10,FSM,TakeCoverState,GravityFlip,1.00,32.8,0,0.36,0,,,83378265
58.20,FSM Enemy 9,FSM,TakeCoverState,GravityFlip,1.00,44.7,0,0.36,0,,,83378265
58.20,Utility Enemy 14,Utility,TakeCoverAction,GravityFlip,1.00,17.9,0,0.36,0,0.820,0.750,83378265
58.20,Utility Enemy 8,Utility,TakeCoverAction,GravityFlip,1.00,53.1,0,0.36,8,0.820,0.750,83378265
58.20,Utility Enemy 3,Utility,TakeCoverAction,GravityFlip,1.00,46.5,0,0.36,0,0.820,0.750,83378265
58.20,Utility Enemy 7,Utility,TakeCoverAction,GravityFlip,1.00,75.3,0,0.36,0,0.820,0.750,83378265
58.20,Utility Enemy 12,Utility,TakeCoverAction,GravityFlip,1.00,33.6,0,0.36,0,0.820,0.750,83378265
58.20,Utility Enemy 15,Utility,TakeCoverAction,GravityFlip,1.00,16.3,1,0.36,8,0.820,0.810,83378265
58.20,Utility Enemy 1,Utility,Dead,GravityFlip,0.00,8.3,0,0.36,0,0.387,0.328,83378265
58.20,Utility Enemy 5,Utility,Dead,GravityFlip,0.00,11.0,0,0.36,0,0.120,0.000,83378265
58.20,Utility Enemy 13,Utility,TakeCoverAction,GravityFlip,1.00,54.1,0,0.36,8,0.820,0.750,83378265
58.20,Utility Enemy 6,Utility,TakeCoverAction,GravityFlip,1.00,63.2,0,0.36,16,0.820,0.750,83378265
58.20,Utility Enemy 4,Utility,TakeCoverAction,GravityFlip,1.00,56.6,0,0.36,0,0.820,0.750,83378265
58.20,Utility Enemy 10,Utility,TakeCoverAction,GravityFlip,1.00,72.9,0,0.36,0,0.820,0.750,83378265
58.20,Utility Enemy 11,Utility,Dead,GravityFlip,0.00,6.9,0,0.36,0,0.285,0.243,83378265
58.20,Utility Enemy 9,Utility,TakeCoverAction,GravityFlip,1.00,20.1,0,0.36,0,0.820,0.750,83378265
58.20,Utility Enemy 2,Utility,TakeCoverAction,GravityFlip,1.00,34.8,0,0.36,0,0.820,0.750,83378265
59.21,Player,Player,-,WallDisappear,0.36,,0,0.36,,,,83378265
59.21,FSM Enemy 2,FSM,ChaseState,WallDisappear,1.00,35.2,0,0.36,0,,,83378265
59.21,FSM Enemy 15,FSM,ChaseState,WallDisappear,1.00,58.5,0,0.36,16,,,83378265
59.21,FSM Enemy 14,FSM,ChaseState,WallDisappear,1.00,53.3,0,0.36,0,,,83378265
59.21,FSM Enemy 3,FSM,Dead,WallDisappear,0.00,4.1,0,0.36,8,,,83378265
59.21,FSM Enemy 5,FSM,ChaseState,WallDisappear,1.00,42.4,0,0.36,0,,,83378265
59.21,FSM Enemy 13,FSM,ChaseState,WallDisappear,1.00,35.0,0,0.36,0,,,83378265
59.21,FSM Enemy 12,FSM,ChaseState,WallDisappear,1.00,81.1,0,0.36,0,,,83378265
59.21,FSM Enemy 8,FSM,ChaseState,WallDisappear,1.00,37.5,0,0.36,0,,,83378265
59.21,FSM Enemy 1,FSM,ChaseState,WallDisappear,1.00,32.6,0,0.36,8,,,83378265
59.21,FSM Enemy 4,FSM,ChaseState,WallDisappear,1.00,72.5,0,0.36,0,,,83378265
59.21,FSM Enemy 7,FSM,ChaseState,WallDisappear,1.00,70.8,0,0.36,24,,,83378265
59.21,FSM Enemy 11,FSM,ChaseState,WallDisappear,1.00,86.5,0,0.36,0,,,83378265
59.21,FSM Enemy 6,FSM,ChaseState,WallDisappear,1.00,87.6,0,0.36,0,,,83378265
59.21,FSM Enemy 10,FSM,ChaseState,WallDisappear,1.00,33.0,0,0.36,0,,,83378265
59.21,FSM Enemy 9,FSM,ChaseState,WallDisappear,1.00,46.1,0,0.36,0,,,83378265
59.21,Utility Enemy 14,Utility,ChaseAction,WallDisappear,1.00,16.3,0,0.36,0,0.850,0.300,83378265
59.21,Utility Enemy 8,Utility,ChaseAction,WallDisappear,1.00,49.6,0,0.36,8,0.850,0.300,83378265
59.21,Utility Enemy 3,Utility,ChaseAction,WallDisappear,1.00,44.6,0,0.36,0,0.850,0.300,83378265
59.21,Utility Enemy 7,Utility,ChaseAction,WallDisappear,1.00,72.2,0,0.36,0,0.850,0.300,83378265
59.21,Utility Enemy 12,Utility,ChaseAction,WallDisappear,1.00,35.5,0,0.36,0,0.850,0.300,83378265
59.21,Utility Enemy 15,Utility,ChaseAction,WallDisappear,1.00,14.9,1,0.36,8,0.850,0.300,83378265
59.21,Utility Enemy 1,Utility,Dead,WallDisappear,0.00,9.4,0,0.36,0,0.387,0.328,83378265
59.21,Utility Enemy 5,Utility,Dead,WallDisappear,0.00,12.1,0,0.36,0,0.120,0.000,83378265
59.21,Utility Enemy 13,Utility,ChaseAction,WallDisappear,1.00,57.4,0,0.36,8,0.850,0.300,83378265
59.21,Utility Enemy 6,Utility,ChaseAction,WallDisappear,1.00,62.0,0,0.36,16,0.850,0.300,83378265
59.21,Utility Enemy 4,Utility,ChaseAction,WallDisappear,1.00,57.1,0,0.36,0,0.850,0.300,83378265
59.21,Utility Enemy 10,Utility,ChaseAction,WallDisappear,1.00,70.8,0,0.36,0,0.850,0.300,83378265
59.21,Utility Enemy 11,Utility,Dead,WallDisappear,0.00,7.0,0,0.36,0,0.285,0.243,83378265
59.21,Utility Enemy 9,Utility,ChaseAction,WallDisappear,1.00,21.5,0,0.36,0,0.850,0.300,83378265
59.21,Utility Enemy 2,Utility,ChaseAction,WallDisappear,1.00,32.8,0,0.36,0,0.850,0.300,83378265
60.21,Player,Player,-,WallDisappear,0.36,,0,0.36,,,,83378265
60.21,FSM Enemy 2,FSM,ChaseState,WallDisappear,1.00,29.2,0,0.36,0,,,83378265
60.21,FSM Enemy 15,FSM,ChaseState,WallDisappear,1.00,64.7,0,0.36,16,,,83378265
60.21,FSM Enemy 14,FSM,ChaseState,WallDisappear,1.00,49.5,0,0.36,0,,,83378265
60.21,FSM Enemy 3,FSM,Dead,WallDisappear,0.00,6.5,0,0.36,8,,,83378265
60.21,FSM Enemy 5,FSM,ChaseState,WallDisappear,1.00,42.6,0,0.36,0,,,83378265
60.21,FSM Enemy 13,FSM,ChaseState,WallDisappear,1.00,39.6,0,0.36,0,,,83378265
60.21,FSM Enemy 12,FSM,ChaseState,WallDisappear,1.00,76.8,0,0.36,0,,,83378265
60.21,FSM Enemy 8,FSM,ChaseState,WallDisappear,1.00,41.6,0,0.36,0,,,83378265
60.21,FSM Enemy 1,FSM,ChaseState,WallDisappear,1.00,33.8,0,0.36,8,,,83378265
60.21,FSM Enemy 4,FSM,ChaseState,WallDisappear,1.00,68.2,0,0.36,0,,,83378265
60.21,FSM Enemy 7,FSM,ChaseState,WallDisappear,1.00,72.8,0,0.36,24,,,83378265
60.21,FSM Enemy 11,FSM,ChaseState,WallDisappear,1.00,87.1,0,0.36,0,,,83378265
60.21,FSM Enemy 6,FSM,ChaseState,WallDisappear,1.00,83.4,0,0.36,0,,,83378265
60.21,FSM Enemy 10,FSM,ChaseState,WallDisappear,1.00,33.4,0,0.36,0,,,83378265
60.21,FSM Enemy 9,FSM,ChaseState,WallDisappear,1.00,47.2,0,0.36,0,,,83378265
60.21,Utility Enemy 14,Utility,ChaseAction,WallDisappear,1.00,15.4,0,0.36,0,0.850,0.300,83378265
60.21,Utility Enemy 8,Utility,ChaseAction,WallDisappear,1.00,45.5,0,0.36,8,0.850,0.300,83378265
60.21,Utility Enemy 3,Utility,ChaseAction,WallDisappear,1.00,41.7,0,0.36,0,0.850,0.300,83378265
60.21,Utility Enemy 7,Utility,ChaseAction,WallDisappear,1.00,68.4,0,0.36,0,0.850,0.300,83378265
60.21,Utility Enemy 12,Utility,ChaseAction,WallDisappear,1.00,40.7,0,0.36,0,0.850,0.300,83378265
60.21,Utility Enemy 15,Utility,ChaseAction,WallDisappear,1.00,12.4,1,0.36,8,0.850,0.300,83378265
60.21,Utility Enemy 1,Utility,Dead,WallDisappear,0.00,11.1,0,0.36,0,0.387,0.328,83378265
60.21,Utility Enemy 5,Utility,Dead,WallDisappear,0.00,13.8,0,0.36,0,0.120,0.000,83378265
60.21,Utility Enemy 13,Utility,ChaseAction,WallDisappear,1.00,63.5,0,0.36,8,0.850,0.300,83378265
60.21,Utility Enemy 6,Utility,ChaseAction,WallDisappear,1.00,60.2,0,0.36,16,0.850,0.300,83378265
60.21,Utility Enemy 4,Utility,ChaseAction,WallDisappear,1.00,58.7,0,0.36,0,0.850,0.300,83378265
60.21,Utility Enemy 10,Utility,ChaseAction,WallDisappear,1.00,67.6,0,0.36,0,0.850,0.300,83378265
60.21,Utility Enemy 11,Utility,Dead,WallDisappear,0.00,6.7,0,0.36,0,0.285,0.243,83378265
60.21,Utility Enemy 9,Utility,ChaseAction,WallDisappear,1.00,25.8,0,0.36,0,0.850,0.300,83378265
60.21,Utility Enemy 2,Utility,ChaseAction,WallDisappear,1.00,27.7,0,0.36,0,0.850,0.300,83378265
61.21,Player,Player,-,WallDisappear,0.36,,0,0.36,,,,83378265
61.21,FSM Enemy 2,FSM,ChaseState,WallDisappear,1.00,31.1,0,0.36,0,,,83378265
61.21,FSM Enemy 15,FSM,ChaseState,WallDisappear,1.00,70.6,0,0.36,16,,,83378265
61.21,FSM Enemy 14,FSM,ChaseState,WallDisappear,1.00,51.6,0,0.36,0,,,83378265
61.21,FSM Enemy 3,FSM,Dead,WallDisappear,0.00,5.5,0,0.36,8,,,83378265
61.21,FSM Enemy 5,FSM,ChaseState,WallDisappear,1.00,41.0,0,0.36,0,,,83378265
61.21,FSM Enemy 13,FSM,ChaseState,WallDisappear,1.00,43.6,0,0.36,0,,,83378265
61.21,FSM Enemy 12,FSM,ChaseState,WallDisappear,1.00,76.6,0,0.36,0,,,83378265
61.21,FSM Enemy 8,FSM,ChaseState,WallDisappear,1.00,43.7,0,0.36,0,,,83378265
61.21,FSM Enemy 1,FSM,ChaseState,WallDisappear,1.00,31.8,0,0.36,8,,,83378265
61.21,FSM Enemy 4,FSM,ChaseState,WallDisappear,1.00,67.9,0,0.36,0,,,83378265
61.21,FSM Enemy 7,FSM,ChaseState,WallDisappear,1.00,74.4,0,0.36,24,,,83378265
61.21,FSM Enemy 11,FSM,ChaseState,WallDisappear,1.00,88.5,0,0.36,0,,,83378265
61.21,FSM Enemy 6,FSM,ChaseState,WallDisappear,1.00,82.8,0,0.36,0,,,83378265
61.21,FSM Enemy 10,FSM,ChaseState,WallDisappear,1.00,38.3,0,0.36,0,,,83378265
61.21,FSM Enemy 9,FSM,ChaseState,WallDisappear,1.00,49.2,0,0.36,0,,,83378265
61.21,Utility Enemy 14,Utility,ChaseAction,WallDisappear,1.00,21.4,0,0.36,0,0.850,0.300,83378265
61.21,Utility Enemy 8,Utility,ChaseAction,WallDisappear,1.00,46.6,0,0.36,8,0.850,0.300,83378265
61.21,Utility Enemy 3,Utility,ChaseAction,WallDisappear,1.00,44.3,0,0.36,0,0.850,0.300,83378265
61.21,Utility Enemy 7,Utility,ChaseAction,WallDisappear,1.00,67.9,0,0.36,0,0.850,0.300,83378265
61.21,Utility Enemy 12,Utility,ChaseAction,WallDisappear,1.00,44.4,0,0.36,0,0.850,0.300,83378265
61.21,Utility Enemy 15,Utility,ChaseAction,WallDisappear,1.00,9.2,1,0.36,8,0.850,0.484,83378265
61.21,Utility Enemy 1,Utility,Dead,WallDisappear,0.00,7.7,0,0.36,0,0.387,0.328,83378265
61.21,Utility Enemy 5,Utility,Dead,WallDisappear,0.00,10.2,0,0.36,0,0.120,0.000,83378265
61.21,Utility Enemy 13,Utility,ChaseAction,WallDisappear,1.00,69.3,0,0.36,8,0.850,0.300,83378265
61.21,Utility Enemy 6,Utility,ChaseAction,WallDisappear,1.00,63.5,0,0.36,16,0.850,0.300,83378265
61.21,Utility Enemy 4,Utility,ChaseAction,WallDisappear,1.00,62.7,0,0.36,0,0.850,0.300,83378265
61.21,Utility Enemy 10,Utility,ChaseAction,WallDisappear,1.00,68.2,0,0.36,0,0.850,0.300,83378265
61.21,Utility Enemy 11,Utility,Dead,WallDisappear,0.00,3.3,0,0.36,0,0.285,0.243,83378265
61.21,Utility Enemy 9,Utility,ChaseAction,WallDisappear,1.00,32.5,0,0.36,0,0.850,0.300,83378265
61.21,Utility Enemy 2,Utility,ChaseAction,WallDisappear,1.00,30.3,0,0.36,0,0.850,0.300,83378265
62.22,Player,Player,-,WallDisappear,0.36,,0,0.36,,,,83378265
62.22,FSM Enemy 2,FSM,ChaseState,WallDisappear,1.00,29.5,0,0.36,0,,,83378265
62.22,FSM Enemy 15,FSM,ChaseState,WallDisappear,1.00,79.9,0,0.36,16,,,83378265
62.22,FSM Enemy 14,FSM,ChaseState,WallDisappear,1.00,49.2,0,0.36,0,,,83378265
62.22,FSM Enemy 3,FSM,Dead,WallDisappear,0.00,10.9,0,0.36,8,,,83378265
62.22,FSM Enemy 5,FSM,ChaseState,WallDisappear,1.00,45.3,0,0.36,0,,,83378265
62.22,FSM Enemy 13,FSM,ChaseState,WallDisappear,1.00,47.2,0,0.36,0,,,83378265
62.22,FSM Enemy 12,FSM,ChaseState,WallDisappear,1.00,75.0,0,0.36,0,,,83378265
62.22,FSM Enemy 8,FSM,ChaseState,WallDisappear,1.00,47.2,0,0.36,0,,,83378265
62.22,FSM Enemy 1,FSM,ChaseState,WallDisappear,1.00,36.5,0,0.36,8,,,83378265
62.22,FSM Enemy 4,FSM,ChaseState,WallDisappear,1.00,65.2,0,0.36,0,,,83378265
62.22,FSM Enemy 7,FSM,ChaseState,WallDisappear,1.00,79.1,0,0.36,24,,,83378265
62.22,FSM Enemy 11,FSM,ChaseState,WallDisappear,1.00,93.1,0,0.36,0,,,83378265
62.22,FSM Enemy 6,FSM,ChaseState,WallDisappear,1.00,80.2,0,0.36,0,,,83378265
62.22,FSM Enemy 10,FSM,ChaseState,WallDisappear,1.00,42.1,0,0.36,0,,,83378265
62.22,FSM Enemy 9,FSM,ChaseState,WallDisappear,1.00,50.8,0,0.36,0,,,83378265
62.22,Utility Enemy 14,Utility,ChaseAction,WallDisappear,1.00,25.9,0,0.36,0,0.850,0.300,83378265
62.22,Utility Enemy 8,Utility,ChaseAction,WallDisappear,1.00,45.4,0,0.36,8,0.850,0.300,83378265
62.22,Utility Enemy 3,Utility,ChaseAction,WallDisappear,1.00,44.3,0,0.36,0,0.850,0.300,83378265
62.22,Utility Enemy 7,Utility,ChaseAction,WallDisappear,1.00,66.5,0,0.36,0,0.850,0.300,83378265
62.22,Utility Enemy 12,Utility,ChaseAction,WallDisappear,1.00,48.1,0,0.36,0,0.850,0.300,83378265
62.22,Utility Enemy 15,Utility,ChaseAction,WallDisappear,1.00,9.5,1,0.36,8,0.850,0.451,83378265
62.22,Utility Enemy 1,Utility,Dead,WallDisappear,0.00,12.2,0,0.36,0,0.387,0.328,83378265
62.22,Utility Enemy 5,Utility,Dead,WallDisappear,0.00,14.2,0,0.36,0,0.120,0.000,83378265
62.22,Utility Enemy 13,Utility,ChaseAction,WallDisappear,1.00,78.4,0,0.36,8,0.850,0.300,83378265
62.22,Utility Enemy 6,Utility,ChaseAction,WallDisappear,1.00,64.3,0,0.36,16,0.850,0.300,83378265
62.22,Utility Enemy 4,Utility,ChaseAction,WallDisappear,1.00,71.2,0,0.36,0,0.850,0.300,83378265
62.22,Utility Enemy 10,Utility,ChaseAction,WallDisappear,1.00,67.7,0,0.36,0,0.850,0.300,83378265
62.22,Utility Enemy 11,Utility,Dead,WallDisappear,0.00,4.1,0,0.36,0,0.285,0.243,83378265
62.22,Utility Enemy 9,Utility,ChaseAction,WallDisappear,1.00,39.5,0,0.36,0,0.850,0.300,83378265
62.22,Utility Enemy 2,Utility,ChaseAction,WallDisappear,1.00,29.7,0,0.36,0,0.850,0.300,83378265
63.22,Player,Player,-,WallDisappear,0.36,,0,0.36,,,,83378265
63.22,FSM Enemy 2,FSM,ChaseState,WallDisappear,1.00,29.5,0,0.36,0,,,83378265
63.22,FSM Enemy 15,FSM,ChaseState,WallDisappear,1.00,80.9,0,0.36,16,,,83378265
63.22,FSM Enemy 14,FSM,ChaseState,WallDisappear,1.00,46.8,0,0.36,0,,,83378265
63.22,FSM Enemy 3,FSM,Dead,WallDisappear,0.00,11.7,0,0.36,8,,,83378265
63.22,FSM Enemy 5,FSM,ChaseState,WallDisappear,1.00,45.3,0,0.36,0,,,83378265
63.22,FSM Enemy 13,FSM,ChaseState,WallDisappear,1.00,47.3,0,0.36,0,,,83378265
63.22,FSM Enemy 12,FSM,ChaseState,WallDisappear,1.00,71.7,0,0.36,0,,,83378265
63.22,FSM Enemy 8,FSM,ChaseState,WallDisappear,1.00,47.3,0,0.36,0,,,83378265
63.22,FSM Enemy 1,FSM,ChaseState,WallDisappear,1.00,37.5,0,0.36,8,,,83378265
63.22,FSM Enemy 4,FSM,ChaseState,WallDisappear,1.00,61.9,0,0.36,0,,,83378265
63.22,FSM Enemy 7,FSM,ChaseState,WallDisappear,1.00,79.5,0,0.36,24,,,83378265
63.22,FSM Enemy 11,FSM,ChaseState,WallDisappear,1.00,93.5,0,0.36,0,,,83378265
63.22,FSM Enemy 6,FSM,ChaseState,WallDisappear,1.00,76.1,0,0.36,0,,,83378265
63.22,FSM Enemy 10,FSM,ChaseState,WallDisappear,1.00,44.4,0,0.36,0,,,83378265
63.22,FSM Enemy 9,FSM,ChaseState,WallDisappear,1.00,50.4,0,0.36,0,,,83378265
63.22,Utility Enemy 14,Utility,ChaseAction,WallDisappear,1.00,29.4,0,0.36,0,0.850,0.300,83378265
63.22,Utility Enemy 8,Utility,ChaseAction,WallDisappear,1.00,43.3,0,0.36,8,0.850,0.300,83378265
63.22,Utility Enemy 3,Utility,ChaseAction,WallDisappear,1.00,44.2,0,0.36,0,0.850,0.300,83378265
63.22,Utility Enemy 7,Utility,ChaseAction,WallDisappear,1.00,62.6,0,0.36,0,0.850,0.300,83378265
63.22,Utility Enemy 12,Utility,ChaseAction,WallDisappear,1.00,48.2,0,0.36,0,0.850,0.300,83378265
63.22,Utility Enemy 15,Utility,ChaseAction,WallDisappear,1.00,5.7,0,0.36,8,1.340,0.400,83378265
63.22,Utility Enemy 1,Utility,Dead,WallDisappear,0.00,13.3,0,0.36,0,0.387,0.328,83378265
63.22,Utility Enemy 5,Utility,Dead,WallDisappear,0.00,15.3,0,0.36,0,0.120,0.000,83378265
63.22,Utility Enemy 13,Utility,ChaseAction,WallDisappear,1.00,83.2,0,0.36,8,0.850,0.300,83378265
63.22,Utility Enemy 6,Utility,ChaseAction,WallDisappear,1.00,65.0,0,0.36,16,0.850,0.300,83378265
63.22,Utility Enemy 4,Utility,ChaseAction,WallDisappear,1.00,73.7,0,0.36,0,0.850,0.300,83378265
63.22,Utility Enemy 10,Utility,ChaseAction,WallDisappear,1.00,64.2,0,0.36,0,0.850,0.300,83378265
63.22,Utility Enemy 11,Utility,Dead,WallDisappear,0.00,5.2,0,0.36,0,0.285,0.243,83378265
63.22,Utility Enemy 9,Utility,ChaseAction,WallDisappear,1.00,43.6,0,0.36,0,0.850,0.300,83378265
63.22,Utility Enemy 2,Utility,ChaseAction,WallDisappear,1.00,30.1,0,0.36,0,0.850,0.300,83378265
64.22,Player,Player,-,None,0.31,,0,0.31,,,,83378265
64.22,FSM Enemy 2,FSM,PatrolState,None,1.00,32.1,0,0.31,0,,,83378265
64.22,FSM Enemy 15,FSM,PatrolState,None,1.00,78.8,0,0.31,16,,,83378265
64.22,FSM Enemy 14,FSM,PatrolState,None,1.00,48.3,0,0.31,0,,,83378265
64.22,FSM Enemy 3,FSM,Dead,None,0.00,9.9,0,0.31,8,,,83378265
64.22,FSM Enemy 5,FSM,PatrolState,None,1.00,45.0,0,0.31,0,,,83378265
64.22,FSM Enemy 13,FSM,PatrolState,None,1.00,48.4,0,0.31,0,,,83378265
64.22,FSM Enemy 12,FSM,PatrolState,None,1.00,74.1,0,0.31,0,,,83378265
64.22,FSM Enemy 8,FSM,PatrolState,None,1.00,47.4,0,0.31,0,,,83378265
64.22,FSM Enemy 1,FSM,PatrolState,None,1.00,34.0,0,0.31,8,,,83378265
64.22,FSM Enemy 4,FSM,PatrolState,None,1.00,63.9,0,0.31,0,,,83378265
64.22,FSM Enemy 7,FSM,PatrolState,None,1.00,79.6,0,0.31,24,,,83378265
64.22,FSM Enemy 11,FSM,PatrolState,None,1.00,93.4,0,0.31,0,,,83378265
64.22,FSM Enemy 6,FSM,PatrolState,None,1.00,77.8,0,0.31,0,,,83378265
64.22,FSM Enemy 10,FSM,PatrolState,None,1.00,44.2,0,0.31,0,,,83378265
64.22,FSM Enemy 9,FSM,PatrolState,None,1.00,50.2,0,0.31,0,,,83378265
64.22,Utility Enemy 14,Utility,PatrolAction,None,1.00,29.6,0,0.31,0,0.120,0.000,83378265
64.22,Utility Enemy 8,Utility,PatrolAction,None,1.00,44.9,0,0.31,8,0.120,0.000,83378265
64.22,Utility Enemy 3,Utility,PatrolAction,None,1.00,45.8,0,0.31,0,0.120,0.000,83378265
64.22,Utility Enemy 7,Utility,PatrolAction,None,1.00,59.1,0,0.31,0,0.120,0.000,83378265
64.22,Utility Enemy 12,Utility,PatrolAction,None,1.00,49.7,0,0.31,0,0.120,0.000,83378265
64.22,Utility Enemy 15,Utility,AttackAction,None,0.25,1.7,1,0.31,16,0.910,0.468,83378265
64.22,Utility Enemy 1,Utility,Dead,None,0.00,10.3,0,0.31,0,0.387,0.328,83378265
64.22,Utility Enemy 5,Utility,Dead,None,0.00,12.3,0,0.31,0,0.120,0.000,83378265
64.22,Utility Enemy 13,Utility,PatrolAction,None,1.00,82.7,0,0.31,8,0.120,0.000,83378265
64.22,Utility Enemy 6,Utility,PatrolAction,None,1.00,64.2,0,0.31,16,0.120,0.000,83378265
64.22,Utility Enemy 4,Utility,PatrolAction,None,1.00,72.0,0,0.31,0,0.120,0.000,83378265
64.22,Utility Enemy 10,Utility,PatrolAction,None,1.00,63.4,0,0.31,0,0.120,0.000,83378265
64.22,Utility Enemy 11,Utility,Dead,None,0.00,2.2,0,0.31,0,0.285,0.243,83378265
64.22,Utility Enemy 9,Utility,PatrolAction,None,1.00,43.6,0,0.31,0,0.120,0.000,83378265
64.22,Utility Enemy 2,Utility,PatrolAction,None,1.00,32.1,0,0.31,0,0.120,0.000,83378265
65.23,Player,Player,-,None,0.31,,0,0.31,,,,83378265
65.23,FSM Enemy 2,FSM,PatrolState,None,1.00,33.8,0,0.31,0,,,83378265
65.23,FSM Enemy 15,FSM,PatrolState,None,1.00,78.5,0,0.31,16,,,83378265
65.23,FSM Enemy 14,FSM,PatrolState,None,1.00,49.5,0,0.31,0,,,83378265
65.23,FSM Enemy 3,FSM,Dead,None,0.00,10.9,0,0.31,8,,,83378265
65.23,FSM Enemy 5,FSM,PatrolState,None,1.00,47.4,0,0.31,0,,,83378265
65.23,FSM Enemy 13,FSM,PatrolState,None,1.00,51.2,0,0.31,0,,,83378265
65.23,FSM Enemy 12,FSM,PatrolState,None,1.00,77.0,0,0.31,0,,,83378265
65.23,FSM Enemy 8,FSM,PatrolState,None,1.00,47.3,0,0.31,0,,,83378265
65.23,FSM Enemy 1,FSM,PatrolState,None,1.00,33.7,0,0.31,8,,,83378265
65.23,FSM Enemy 4,FSM,PatrolState,None,1.00,67.1,0,0.31,0,,,83378265
65.23,FSM Enemy 7,FSM,PatrolState,None,1.00,81.0,0,0.31,24,,,83378265
65.23,FSM Enemy 11,FSM,PatrolState,None,1.00,95.5,0,0.31,0,,,83378265
65.23,FSM Enemy 6,FSM,PatrolState,None,1.00,81.0,0,0.31,0,,,83378265
65.23,FSM Enemy 10,FSM,PatrolState,None,1.00,44.1,0,0.31,0,,,83378265
65.23,FSM Enemy 9,FSM,PatrolState,None,1.00,49.8,0,0.31,0,,,83378265
65.23,Utility Enemy 14,Utility,PatrolAction,None,1.00,28.9,0,0.31,0,0.120,0.000,83378265
65.23,Utility Enemy 8,Utility,PatrolAction,None,1.00,49.9,0,0.31,8,0.120,0.000,83378265
65.23,Utility Enemy 3,Utility,PatrolAction,None,1.00,51.0,0,0.31,0,0.120,0.000,83378265
65.23,Utility Enemy 7,Utility,PatrolAction,None,1.00,59.3,0,0.31,0,0.120,0.000,83378265
65.23,Utility Enemy 12,Utility,PatrolAction,None,1.00,49.8,0,0.31,0,0.120,0.000,83378265
65.23,Utility Enemy 15,Utility,Dead,None,0.00,2.8,1,0.31,16,0.910,0.468,83378265
65.23,Utility Enemy 1,Utility,Dead,None,0.00,10.7,0,0.31,0,0.387,0.328,83378265
65.23,Utility Enemy 5,Utility,Dead,None,0.00,12.4,0,0.31,0,0.120,0.000,83378265
65.23,Utility Enemy 13,Utility,PatrolAction,None,1.00,80.9,0,0.31,8,0.120,0.000,83378265
65.23,Utility Enemy 6,Utility,PatrolAction,None,1.00,61.3,0,0.31,16,0.120,0.000,83378265
65.23,Utility Enemy 4,Utility,PatrolAction,None,1.00,73.2,0,0.31,0,0.120,0.000,83378265
65.23,Utility Enemy 10,Utility,PatrolAction,None,1.00,63.9,0,0.31,0,0.120,0.000,83378265
65.23,Utility Enemy 11,Utility,Dead,None,0.00,2.7,0,0.31,0,0.285,0.243,83378265
65.23,Utility Enemy 9,Utility,PatrolAction,None,1.00,42.6,0,0.31,0,0.120,0.000,83378265
65.23,Utility Enemy 2,Utility,PatrolAction,None,1.00,35.0,0,0.31,0,0.120,0.000,83378265
66.23,Player,Player,-,None,0.31,,0,0.31,,,,83378265
66.23,FSM Enemy 2,FSM,PatrolState,None,1.00,33.4,0,0.31,0,,,83378265
66.23,FSM Enemy 15,FSM,PatrolState,None,1.00,77.2,0,0.31,16,,,83378265
66.23,FSM Enemy 14,FSM,PatrolState,None,1.00,48.4,0,0.31,0,,,83378265
66.23,FSM Enemy 3,FSM,Dead,None,0.00,11.2,0,0.31,8,,,83378265
66.23,FSM Enemy 5,FSM,PatrolState,None,1.00,49.0,0,0.31,0,,,83378265
66.23,FSM Enemy 13,FSM,PatrolState,None,1.00,52.5,0,0.31,0,,,83378265
66.23,FSM Enemy 12,FSM,PatrolState,None,1.00,77.7,0,0.31,0,,,83378265
66.23,FSM Enemy 8,FSM,PatrolState,None,1.00,45.0,0,0.31,0,,,83378265
66.23,FSM Enemy 1,FSM,PatrolState,None,1.00,34.9,0,0.31,8,,,83378265
66.23,FSM Enemy 4,FSM,PatrolState,None,1.00,68.2,0,0.31,0,,,83378265
66.23,FSM Enemy 7,FSM,PatrolState,None,1.00,80.3,0,0.31,24,,,83378265
66.23,FSM Enemy 11,FSM,PatrolState,None,1.00,96.4,0,0.31,0,,,83378265
66.23,FSM Enemy 6,FSM,PatrolState,None,1.00,82.5,0,0.31,0,,,83378265
66.23,FSM Enemy 10,FSM,PatrolState,None,1.00,42.0,0,0.31,0,,,83378265
66.23,FSM Enemy 9,FSM,PatrolState,None,1.00,47.3,0,0.31,0,,,83378265
66.23,Utility Enemy 14,Utility,PatrolAction,None,1.00,31.1,0,0.31,0,0.120,0.000,83378265
66.23,Utility Enemy 8,Utility,PatrolAction,None,1.00,53.2,0,0.31,8,0.120,0.000,83378265
66.23,Utility Enemy 3,Utility,PatrolAction,None,1.00,54.2,0,0.31,0,0.120,0.000,83378265
66.23,Utility Enemy 7,Utility,PatrolAction,None,1.00,62.9,0,0.31,0,0.120,0.000,83378265
66.23,Utility Enemy 12,Utility,PatrolAction,None,1.00,47.6,0,0.31,0,0.120,0.000,83378265
66.23,Utility Enemy 15,Utility,Dead,None,0.00,2.1,1,0.31,16,0.910,0.468,83378265
66.23,Utility Enemy 1,Utility,Dead,None,0.00,11.9,0,0.31,0,0.387,0.328,83378265
66.23,Utility Enemy 5,Utility,PatrolAction,None,1.00,43.4,0,0.31,0,0.120,0.000,83378265
66.23,Utility Enemy 13,Utility,PatrolAction,None,1.00,81.0,0,0.31,8,0.120,0.000,83378265
66.23,Utility Enemy 6,Utility,PatrolAction,None,1.00,60.4,0,0.31,16,0.120,0.000,83378265
66.23,Utility Enemy 4,Utility,PatrolAction,None,1.00,73.2,0,0.31,0,0.120,0.000,83378265
66.23,Utility Enemy 10,Utility,PatrolAction,None,1.00,63.2,0,0.31,0,0.120,0.000,83378265
66.23,Utility Enemy 11,Utility,Dead,None,0.00,3.7,0,0.31,0,0.285,0.243,83378265
66.23,Utility Enemy 9,Utility,PatrolAction,None,1.00,44.1,0,0.31,0,0.120,0.000,83378265
66.23,Utility Enemy 2,Utility,PatrolAction,None,1.00,35.9,0,0.31,0,0.120,0.000,83378265
67.23,Player,Player,-,None,0.31,,0,0.31,,,,83378265
67.23,FSM Enemy 2,FSM,PatrolState,None,1.00,32.9,0,0.31,0,,,83378265
67.23,FSM Enemy 15,FSM,PatrolState,None,1.00,75.3,0,0.31,16,,,83378265
67.23,FSM Enemy 14,FSM,PatrolState,None,1.00,47.3,0,0.31,0,,,83378265
67.23,FSM Enemy 3,FSM,Dead,None,0.00,11.3,0,0.31,8,,,83378265
67.23,FSM Enemy 5,FSM,PatrolState,None,1.00,50.4,0,0.31,0,,,83378265
67.23,FSM Enemy 13,FSM,PatrolState,None,1.00,53.5,0,0.31,0,,,83378265
67.23,FSM Enemy 12,FSM,PatrolState,None,1.00,78.2,0,0.31,0,,,83378265
67.23,FSM Enemy 8,FSM,PatrolState,None,1.00,41.8,0,0.31,0,,,83378265
67.23,FSM Enemy 1,FSM,PatrolState,None,1.00,37.5,0,0.31,8,,,83378265
67.23,FSM Enemy 4,FSM,PatrolState,None,1.00,69.1,0,0.31,0,,,83378265
67.23,FSM Enemy 7,FSM,PatrolState,None,1.00,79.0,0,0.31,24,,,83378265
67.23,FSM Enemy 11,FSM,PatrolState,None,1.00,97.1,0,0.31,0,,,83378265
67.23,FSM Enemy 6,FSM,PatrolState,None,1.00,83.7,0,0.31,0,,,83378265
67.23,FSM Enemy 10,FSM,PatrolState,None,1.00,39.7,0,0.31,0,,,83378265
67.23,FSM Enemy 9,FSM,PatrolState,None,1.00,43.8,0,0.31,0,,,83378265
67.23,Utility Enemy 14,Utility,PatrolAction,None,1.00,27.5,0,0.31,0,0.120,0.000,83378265
67.23,Utility Enemy 8,Utility,PatrolAction,None,1.00,52.9,0,0.31,8,0.120,0.000,83378265
67.23,Utility Enemy 3,Utility,PatrolAction,None,1.00,51.9,0,0.31,0,0.120,0.000,83378265
67.23,Utility Enemy 7,Utility,PatrolAction,None,1.00,66.3,0,0.31,0,0.120,0.000,83378265
67.23,Utility Enemy 12,Utility,PatrolAction,None,1.00,49.1,0,0.31,0,0.120,0.000,83378265
67.23,Utility Enemy 15,Utility,Dead,None,0.00,1.9,0,0.31,16,0.910,0.468,83378265
67.23,Utility Enemy 1,Utility,Dead,None,0.00,12.7,0,0.31,0,0.387,0.328,83378265
67.23,Utility Enemy 5,Utility,PatrolAction,None,1.00,38.7,0,0.31,0,0.120,0.000,83378265
67.23,Utility Enemy 13,Utility,PatrolAction,None,1.00,84.9,0,0.31,8,0.120,0.000,83378265
67.23,Utility Enemy 6,Utility,PatrolAction,None,1.00,63.4,0,0.31,16,0.120,0.000,83378265
67.23,Utility Enemy 4,Utility,PatrolAction,None,1.00,71.0,0,0.31,0,0.120,0.000,83378265
67.23,Utility Enemy 10,Utility,PatrolAction,None,1.00,60.9,0,0.31,0,0.120,0.000,83378265
67.23,Utility Enemy 11,Utility,Dead,None,0.00,4.6,0,0.31,0,0.285,0.243,83378265
67.23,Utility Enemy 9,Utility,PatrolAction,None,1.00,47.2,0,0.31,0,0.120,0.000,83378265
67.23,Utility Enemy 2,Utility,PatrolAction,None,1.00,37.1,0,0.31,0,0.120,0.000,83378265
68.24,Player,Player,-,None,0.31,,0,0.31,,,,83378265
68.24,FSM Enemy 2,FSM,PatrolState,None,1.00,34.3,0,0.31,0,,,83378265
68.24,FSM Enemy 15,FSM,PatrolState,None,1.00,74.2,0,0.31,16,,,83378265
68.24,FSM Enemy 14,FSM,PatrolState,None,1.00,48.1,0,0.31,0,,,83378265
68.24,FSM Enemy 3,FSM,Dead,None,0.00,11.1,0,0.31,8,,,83378265
68.24,FSM Enemy 5,FSM,PatrolState,None,1.00,51.9,0,0.31,0,,,83378265
68.24,FSM Enemy 13,FSM,PatrolState,None,1.00,55.3,0,0.31,0,,,83378265
68.24,FSM Enemy 12,FSM,PatrolState,None,1.00,80.5,0,0.31,0,,,83378265
68.24,FSM Enemy 8,FSM,PatrolState,None,1.00,40.5,0,0.31,0,,,83378265
68.24,FSM Enemy 1,FSM,PatrolState,None,1.00,38.8,0,0.31,8,,,83378265
68.24,FSM Enemy 4,FSM,PatrolState,None,1.00,71.2,0,0.31,0,,,83378265
68.24,FSM Enemy 7,FSM,PatrolState,None,1.00,78.6,0,0.31,24,,,83378265
68.24,FSM Enemy 11,FSM,PatrolState,None,1.00,98.1,0,0.31,0,,,83378265
68.24,FSM Enemy 6,FSM,PatrolState,None,1.00,86.3,0,0.31,0,,,83378265
68.24,FSM Enemy 10,FSM,PatrolState,None,1.00,38.8,0,0.31,0,,,83378265
68.24,FSM Enemy 9,FSM,PatrolState,None,1.00,45.6,0,0.31,0,,,83378265
68.24,Utility Enemy 14,Utility,PatrolAction,None,1.00,28.7,0,0.31,0,0.120,0.000,83378265
68.24,Utility Enemy 8,Utility,PatrolAction,None,1.00,50.8,0,0.31,8,0.120,0.000,83378265
68.24,Utility Enemy 3,Utility,PatrolAction,None,1.00,53.6,0,0.31,0,0.120,0.000,83378265
68.24,Utility Enemy 7,Utility,PatrolAction,None,1.00,70.0,0,0.31,0,0.120,0.000,83378265
68.24,Utility Enemy 12,Utility,PatrolAction,None,1.00,51.6,0,0.31,0,0.120,0.000,83378265
68.24,Utility Enemy 15,Utility,Dead,None,0.00,1.7,0,0.31,16,0.910,0.468,83378265
68.24,Utility Enemy 1,Utility,PatrolAction,None,1.00,15.3,0,0.31,0,0.120,0.000,83378265
68.24,Utility Enemy 5,Utility,PatrolAction,None,1.00,38.7,0,0.31,0,0.120,0.000,83378265
68.24,Utility Enemy 13,Utility,PatrolAction,None,1.00,89.0,0,0.31,8,0.120,0.000,83378265
68.24,Utility Enemy 6,Utility,PatrolAction,None,1.00,67.5,0,0.31,16,0.120,0.000,83378265
68.24,Utility Enemy 4,Utility,PatrolAction,None,1.00,67.2,0,0.31,0,0.120,0.000,83378265
68.24,Utility Enemy 10,Utility,PatrolAction,None,1.00,57.6,0,0.31,0,0.120,0.000,83378265
68.24,Utility Enemy 11,Utility,Dead,None,0.00,4.3,0,0.31,0,0.285,0.243,83378265
68.24,Utility Enemy 9,Utility,PatrolAction,None,1.00,51.5,0,0.31,0,0.120,0.000,83378265
68.24,Utility Enemy 2,Utility,PatrolAction,None,1.00,40.2,0,0.31,0,0.120,0.000,83378265
69.24,Player,Player,-,None,0.31,,0,0.31,,,,83378265
69.24,FSM Enemy 2,FSM,PatrolState,None,1.00,35.4,0,0.31,0,,,83378265
69.24,FSM Enemy 15,FSM,PatrolState,None,1.00,71.8,0,0.31,16,,,83378265
69.24,FSM Enemy 14,FSM,PatrolState,None,1.00,48.5,0,0.31,0,,,83378265
69.24,FSM Enemy 3,FSM,Dead,None,0.00,11.3,0,0.31,8,,,83378265
69.24,FSM Enemy 5,FSM,PatrolState,None,1.00,53.7,0,0.31,0,,,83378265
69.24,FSM Enemy 13,FSM,PatrolState,None,1.00,57.2,0,0.31,0,,,83378265
69.24,FSM Enemy 12,FSM,PatrolState,None,1.00,82.8,0,0.31,0,,,83378265
69.24,FSM Enemy 8,FSM,PatrolState,None,1.00,42.9,0,0.31,0,,,83378265
69.24,FSM Enemy 1,FSM,PatrolState,None,1.00,40.9,0,0.31,8,,,83378265
69.24,FSM Enemy 4,FSM,PatrolState,None,1.00,73.0,0,0.31,0,,,83378265
69.24,FSM Enemy 7,FSM,PatrolState,None,1.00,79.4,0,0.31,24,,,83378265
69.24,FSM Enemy 11,FSM,PatrolState,None,1.00,99.4,0,0.31,0,,,83378265
69.24,FSM Enemy 6,FSM,PatrolState,None,1.00,88.7,0,0.31,0,,,83378265
69.24,FSM Enemy 10,FSM,PatrolState,None,1.00,37.8,0,0.31,0,,,83378265
69.24,FSM Enemy 9,FSM,PatrolState,None,1.00,48.1,0,0.31,0,,,83378265
69.24,Utility Enemy 14,Utility,PatrolAction,None,1.00,27.2,0,0.31,0,0.120,0.000,83378265
69.24,Utility Enemy 8,Utility,PatrolAction,None,1.00,49.0,0,0.31,8,0.120,0.000,83378265
69.24,Utility Enemy 3,Utility,PatrolAction,None,1.00,55.8,0,0.31,0,0.120,0.000,83378265
69.24,Utility Enemy 7,Utility,PatrolAction,None,1.00,67.9,0,0.31,0,0.120,0.000,83378265
69.24,Utility Enemy 12,Utility,PatrolAction,None,1.00,51.4,0,0.31,0,0.120,0.000,83378265
69.24,Utility Enemy 15,Utility,Dead,None,0.00,1.9,0,0.31,16,0.910,0.468,83378265
69.24,Utility Enemy 1,Utility,PatrolAction,None,1.00,19.5,0,0.31,0,0.120,0.000,83378265
69.24,Utility Enemy 5,Utility,PatrolAction,None,1.00,38.6,0,0.31,0,0.120,0.000,83378265
69.24,Utility Enemy 13,Utility,PatrolAction,None,1.00,93.3,0,0.31,8,0.120,0.000,83378265
69.24,Utility Enemy 6,Utility,PatrolAction,None,1.00,69.5,0,0.31,16,0.120,0.000,83378265
69.24,Utility Enemy 4,Utility,PatrolAction,None,1.00,63.8,0,0.31,0,0.120,0.000,83378265
69.24,Utility Enemy 10,Utility,PatrolAction,None,1.00,54.4,0,0.31,0,0.120,0.000,83378265
69.24,Utility Enemy 11,Utility,PatrolAction,None,1.00,20.6,0,0.31,0,0.120,0.000,83378265
69.24,Utility Enemy 9,Utility,PatrolAction,None,1.00,52.4,0,0.31,0,0.120,0.000,83378265
69.24,Utility Enemy 2,Utility,PatrolAction,None,1.00,42.6,0,0.31,0,0.120,0.000,83378265
70.24,Player,Player,-,None,0.31,,0,0.31,,,,83378265
70.24,FSM Enemy 2,FSM,PatrolState,None,1.00,36.5,0,0.31,0,,,83378265
70.24,FSM Enemy 15,FSM,PatrolState,None,1.00,69.4,0,0.31,16,,,83378265
70.24,FSM Enemy 14,FSM,PatrolState,None,1.00,50.3,0,0.31,0,,,83378265
70.24,FSM Enemy 3,FSM,Dead,None,0.00,11.4,0,0.31,8,,,83378265
70.24,FSM Enemy 5,FSM,PatrolState,None,1.00,55.6,0,0.31,0,,,83378265
70.24,FSM Enemy 13,FSM,PatrolState,None,1.00,58.1,0,0.31,0,,,83378265
70.24,FSM Enemy 12,FSM,PatrolState,None,1.00,85.2,0,0.31,0,,,83378265
70.24,FSM Enemy 8,FSM,PatrolState,None,1.00,45.0,0,0.31,0,,,83378265
70.24,FSM Enemy 1,FSM,PatrolState,None,1.00,43.6,0,0.31,8,,,83378265
70.24,FSM Enemy 4,FSM,PatrolState,None,1.00,74.8,0,0.31,0,,,83378265
70.24,FSM Enemy 7,FSM,PatrolState,None,1.00,80.3,0,0.31,24,,,83378265
70.24,FSM Enemy 11,FSM,PatrolState,None,1.00,98.9,0,0.31,0,,,83378265
70.24,FSM Enemy 6,FSM,PatrolState,None,1.00,89.2,0,0.31,0,,,83378265
70.24,FSM Enemy 10,FSM,PatrolState,None,1.00,36.9,0,0.31,0,,,83378265
70.24,FSM Enemy 9,FSM,PatrolState,None,1.00,50.5,0,0.31,0,,,83378265
70.24,Utility Enemy 14,Utility,PatrolAction,None,1.00,28.6,0,0.31,0,0.120,0.000,83378265
70.24,Utility Enemy 8,Utility,PatrolAction,None,1.00,50.9,0,0.31,8,0.120,0.000,83378265
70.24,Utility Enemy 3,Utility,PatrolAction,None,1.00,58.7,0,0.31,0,0.120,0.000,83378265
70.24,Utility Enemy 7,Utility,PatrolAction,None,1.00,64.7,0,0.31,0,0.120,0.000,83378265
70.24,Utility Enemy 12,Utility,PatrolAction,None,1.00,47.7,0,0.31,0,0.120,0.000,83378265
70.24,Utility Enemy 15,Utility,Dead,None,0.00,2.0,0,0.31,16,0.910,0.468,83378265
70.24,Utility Enemy 1,Utility,PatrolAction,None,1.00,23.9,0,0.31,0,0.120,0.000,83378265
70.24,Utility Enemy 5,Utility,PatrolAction,None,1.00,34.2,0,0.31,0,0.120,0.000,83378265
70.24,Utility Enemy 13,Utility,PatrolAction,None,1.00,94.5,0,0.31,8,0.120,0.000,83378265
70.24,Utility Enemy 6,Utility,PatrolAction,None,1.00,67.9,0,0.31,16,0.120,0.000,83378265
70.24,Utility Enemy 4,Utility,PatrolAction,None,1.00,62.3,0,0.31,0,0.120,0.000,83378265
70.24,Utility Enemy 10,Utility,PatrolAction,None,1.00,50.8,0,0.31,0,0.120,0.000,83378265
70.24,Utility Enemy 11,Utility,PatrolAction,None,1.00,22.0,0,0.31,0,0.120,0.000,83378265
70.24,Utility Enemy 9,Utility,PatrolAction,None,1.00,48.3,0,0.31,0,0.120,0.000,83378265
70.24,Utility Enemy 2,Utility,PatrolAction,None,1.00,46.9,0,0.31,0,0.120,0.000,83378265
71.24,Player,Player,-,WallDisappear,0.31,,0,0.31,,,,83378265
71.24,FSM Enemy 2,FSM,ChaseState,WallDisappear,1.00,36.7,0,0.31,0,,,83378265
71.24,FSM Enemy 15,FSM,ChaseState,WallDisappear,1.00,69.3,0,0.31,16,,,83378265
71.24,FSM Enemy 14,FSM,ChaseState,WallDisappear,1.00,49.5,0,0.31,0,,,83378265
71.24,FSM Enemy 3,FSM,PatrolState,WallDisappear,1.00,88.3,0,0.31,8,,,83378265
71.24,FSM Enemy 5,FSM,ChaseState,WallDisappear,1.00,55.3,0,0.31,0,,,83378265
71.24,FSM Enemy 13,FSM,ChaseState,WallDisappear,1.00,57.5,0,0.31,0,,,83378265
71.24,FSM Enemy 12,FSM,ChaseState,WallDisappear,1.00,83.5,0,0.31,0,,,83378265
71.24,FSM Enemy 8,FSM,ChaseState,WallDisappear,1.00,47.9,0,0.31,0,,,83378265
71.24,FSM Enemy 1,FSM,ChaseState,WallDisappear,1.00,43.6,0,0.31,8,,,83378265
71.24,FSM Enemy 4,FSM,ChaseState,WallDisappear,1.00,72.5,0,0.31,0,,,83378265
71.24,FSM Enemy 7,FSM,ChaseState,WallDisappear,1.00,80.1,0,0.31,24,,,83378265
71.24,FSM Enemy 11,FSM,ChaseState,WallDisappear,1.00,97.1,0,0.31,0,,,83378265
71.24,FSM Enemy 6,FSM,ChaseState,WallDisappear,1.00,86.7,0,0.31,0,,,83378265
71.24,FSM Enemy 10,FSM,ChaseState,WallDisappear,1.00,37.5,0,0.31,0,,,83378265
71.24,FSM Enemy 9,FSM,ChaseState,WallDisappear,1.00,51.1,0,0.31,0,,,83378265
71.24,Utility Enemy 14,Utility,ChaseAction,WallDisappear,1.00,29.8,0,0.31,0,0.850,0.300,83378265
71.24,Utility Enemy 8,Utility,ChaseAction,WallDisappear,1.00,49.8,0,0.31,8,0.850,0.300,83378265
71.24,Utility Enemy 3,Utility,ChaseAction,WallDisappear,1.00,59.2,0,0.31,0,0.850,0.300,83378265
71.24,Utility Enemy 7,Utility,ChaseAction,WallDisappear,1.00,61.8,0,0.31,0,0.850,0.300,83378265
71.24,Utility Enemy 12,Utility,ChaseAction,WallDisappear,1.00,48.0,0,0.31,0,0.850,0.300,83378265
71.24,Utility Enemy 15,Utility,Dead,WallDisappear,0.00,2.1,0,0.31,16,0.910,0.468,83378265
71.24,Utility Enemy 1,Utility,ChaseAction,WallDisappear,1.00,23.5,0,0.31,0,0.850,0.300,83378265
71.24,Utility Enemy 5,Utility,ChaseAction,WallDisappear,1.00,30.6,0,0.31,0,0.850,0.300,83378265
71.24,Utility Enemy 13,Utility,ChaseAction,WallDisappear,1.00,91.8,0,0.31,8,0.850,0.300,83378265
71.24,Utility Enemy 6,Utility,ChaseAction,WallDisappear,1.00,67.5,0,0.31,16,0.850,0.300,83378265
71.24,Utility Enemy 4,Utility,ChaseAction,WallDisappear,1.00,63.1,0,0.31,0,0.850,0.300,83378265
71.24,Utility Enemy 10,Utility,ChaseAction,WallDisappear,1.00,47.8,0,0.31,0,0.850,0.300,83378265
71.24,Utility Enemy 11,Utility,ChaseAction,WallDisappear,1.00,20.5,0,0.31,0,0.850,0.300,83378265
71.24,Utility Enemy 9,Utility,ChaseAction,WallDisappear,1.00,48.8,0,0.31,0,0.850,0.300,83378265
71.24,Utility Enemy 2,Utility,ChaseAction,WallDisappear,1.00,48.9,0,0.31,0,0.850,0.300,83378265
72.25,Player,Player,-,WallDisappear,0.31,,0,0.31,,,,83378265
72.25,FSM Enemy 2,FSM,ChaseState,WallDisappear,1.00,36.8,0,0.31,0,,,83378265
72.25,FSM Enemy 15,FSM,ChaseState,WallDisappear,1.00,73.2,0,0.31,16,,,83378265
72.25,FSM Enemy 14,FSM,ChaseState,WallDisappear,1.00,47.7,0,0.31,0,,,83378265
72.25,FSM Enemy 3,FSM,PatrolState,WallDisappear,1.00,85.8,0,0.31,8,,,83378265
72.25,FSM Enemy 5,FSM,ChaseState,WallDisappear,1.00,52.5,0,0.31,0,,,83378265
72.25,FSM Enemy 13,FSM,ChaseState,WallDisappear,1.00,54.5,0,0.31,0,,,83378265
72.25,FSM Enemy 12,FSM,ChaseState,WallDisappear,1.00,79.1,0,0.31,0,,,83378265
72.25,FSM Enemy 8,FSM,ChaseState,WallDisappear,1.00,47.5,0,0.31,0,,,83378265
72.25,FSM Enemy 1,FSM,ChaseState,WallDisappear,1.00,39.5,0,0.31,8,,,83378265
72.25,FSM Enemy 4,FSM,ChaseState,WallDisappear,1.00,68.1,0,0.31,0,,,83378265
72.25,FSM Enemy 7,FSM,ChaseState,WallDisappear,1.00,80.0,0,0.31,24,,,83378265
72.25,FSM Enemy 11,FSM,ChaseState,WallDisappear,1.00,95.2,0,0.31,0,,,83378265
72.25,FSM Enemy 6,FSM,ChaseState,WallDisappear,1.00,82.2,0,0.31,0,,,83378265
72.25,FSM Enemy 10,FSM,ChaseState,WallDisappear,1.00,38.5,0,0.31,0,,,83378265
72.25,FSM Enemy 9,FSM,ChaseState,WallDisappear,1.00,50.2,0,0.31,0,,,83378265
72.25,Utility Enemy 14,Utility,ChaseAction,WallDisappear,1.00,34.0,0,0.31,0,0.850,0.300,83378265
72.25,Utility Enemy 8,Utility,ChaseAction,WallDisappear,1.00,47.3,0,0.31,8,0.850,0.300,83378265
72.25,Utility Enemy 3,Utility,ChaseAction,WallDisappear,1.00,56.5,0,0.31,0,0.850,0.300,83378265
72.25,Utility Enemy 7,Utility,ChaseAction,WallDisappear,1.00,58.3,0,0.31,0,0.850,0.300,83378265
72.25,Utility Enemy 12,Utility,ChaseAction,WallDisappear,1.00,50.5,0,0.31,0,0.850,0.300,83378265
72.25,Utility Enemy 15,Utility,Dead,WallDisappear,0.00,2.1,0,0.31,16,0.910,0.468,83378265
72.25,Utility Enemy 1,Utility,ChaseAction,WallDisappear,1.00,20.1,0,0.31,0,0.850,0.300,83378265
72.25,Utility Enemy 5,Utility,ChaseAction,WallDisappear,1.00,26.1,0,0.31,0,0.850,0.300,83378265
72.25,Utility Enemy 13,Utility,ChaseAction,WallDisappear,1.00,90.2,0,0.31,8,0.850,0.300,83378265
72.25,Utility Enemy 6,Utility,ChaseAction,WallDisappear,1.00,71.0,0,0.31,16,0.850,0.300,83378265
72.25,Utility Enemy 4,Utility,ChaseAction,WallDisappear,1.00,62.6,0,0.31,0,0.850,0.300,83378265
72.25,Utility Enemy 10,Utility,ChaseAction,WallDisappear,1.00,47.3,0,0.31,0,0.850,0.300,83378265
72.25,Utility Enemy 11,Utility,ChaseAction,WallDisappear,1.00,17.0,0,0.31,0,0.850,0.300,83378265
72.25,Utility Enemy 9,Utility,ChaseAction,WallDisappear,1.00,50.1,0,0.31,0,0.850,0.300,83378265
72.25,Utility Enemy 2,Utility,ChaseAction,WallDisappear,1.00,49.0,0,0.31,0,0.850,0.300,83378265
73.25,Player,Player,-,WallDisappear,0.31,,0,0.31,,,,83378265
73.25,FSM Enemy 2,FSM,ChaseState,WallDisappear,1.00,37.5,0,0.31,0,,,83378265
73.25,FSM Enemy 15,FSM,ChaseState,WallDisappear,1.00,77.1,0,0.31,16,,,83378265
73.25,FSM Enemy 14,FSM,ChaseState,WallDisappear,1.00,46.2,0,0.31,0,,,83378265
73.25,FSM Enemy 3,FSM,PatrolState,WallDisappear,1.00,83.3,0,0.31,8,,,83378265
73.25,FSM Enemy 5,FSM,ChaseState,WallDisappear,1.00,50.1,0,0.31,0,,,83378265
73.25,FSM Enemy 13,FSM,ChaseState,WallDisappear,1.00,51.7,0,0.31,0,,,83378265
73.25,FSM Enemy 12,FSM,ChaseState,WallDisappear,1.00,75.6,0,0.31,0,,,83378265
73.25,FSM Enemy 8,FSM,ChaseState,WallDisappear,1.00,47.5,0,0.31,0,,,83378265
73.25,FSM Enemy 1,FSM,ChaseState,WallDisappear,1.00,38.7,0,0.31,8,,,83378265
73.25,FSM Enemy 4,FSM,ChaseState,WallDisappear,1.00,63.8,0,0.31,0,,,83378265
73.25,FSM Enemy 7,FSM,ChaseState,WallDisappear,1.00,80.0,0,0.31,24,,,83378265
73.25,FSM Enemy 11,FSM,ChaseState,WallDisappear,1.00,93.6,0,0.31,0,,,83378265
73.25,FSM Enemy 6,FSM,ChaseState,WallDisappear,1.00,77.8,0,0.31,0,,,83378265
73.25,FSM Enemy 10,FSM,ChaseState,WallDisappear,1.00,39.0,0,0.31,0,,,83378265
73.25,FSM Enemy 9,FSM,ChaseState,WallDisappear,1.00,48.4,0,0.31,0,,,83378265
73.25,Utility Enemy 14,Utility,ChaseAction,WallDisappear,1.00,38.3,0,0.31,0,0.850,0.300,83378265
73.25,Utility Enemy 8,Utility,ChaseAction,WallDisappear,1.00,45.2,0,0.31,8,0.850,0.300,83378265
73.25,Utility Enemy 3,Utility,ChaseAction,WallDisappear,1.00,54.1,0,0.31,0,0.850,0.300,83378265
73.25,Utility Enemy 7,Utility,ChaseAction,WallDisappear,1.00,55.8,0,0.31,0,0.850,0.300,83378265
73.25,Utility Enemy 12,Utility,ChaseAction,WallDisappear,1.00,48.8,0,0.31,0,0.850,0.300,83378265
73.25,Utility Enemy 15,Utility,Dead,WallDisappear,0.00,2.1,0,0.31,16,0.910,0.468,83378265
73.25,Utility Enemy 1,Utility,ChaseAction,WallDisappear,1.00,15.9,1,0.31,0,0.850,0.300,83378265
73.25,Utility Enemy 5,Utility,ChaseAction,WallDisappear,1.00,21.6,0,0.31,0,0.850,0.300,83378265
73.25,Utility Enemy 13,Utility,ChaseAction,WallDisappear,1.00,88.8,0,0.31,8,0.850,0.300,83378265
73.25,Utility Enemy 6,Utility,ChaseAction,WallDisappear,1.00,72.2,0,0.31,16,0.850,0.300,83378265
73.25,Utility Enemy 4,Utility,ChaseAction,WallDisappear,1.00,65.5,0,0.31,0,0.850,0.300,83378265
73.25,Utility Enemy 10,Utility,ChaseAction,WallDisappear,1.00,47.3,0,0.31,0,0.850,0.300,83378265
73.25,Utility Enemy 11,Utility,ChaseAction,WallDisappear,1.00,14.2,0,0.31,0,0.850,0.300,83378265
73.25,Utility Enemy 9,Utility,ChaseAction,WallDisappear,1.00,49.5,0,0.31,0,0.850,0.300,83378265
73.25,Utility Enemy 2,Utility,ChaseAction,WallDisappear,1.00,49.5,0,0.31,0,0.850,0.300,83378265
74.25,Player,Player,-,WallDisappear,0.31,,0,0.31,,,,83378265
74.25,FSM Enemy 2,FSM,ChaseState,WallDisappear,1.00,38.7,0,0.31,0,,,83378265
74.25,FSM Enemy 15,FSM,ChaseState,WallDisappear,1.00,80.7,0,0.31,16,,,83378265
74.25,FSM Enemy 14,FSM,ChaseState,WallDisappear,1.00,45.1,0,0.31,0,,,83378265
74.25,FSM Enemy 3,FSM,PatrolState,WallDisappear,1.00,80.8,0,0.31,8,,,83378265
74.25,FSM Enemy 5,FSM,ChaseState,WallDisappear,1.00,47.9,0,0.31,0,,,83378265
74.25,FSM Enemy 13,FSM,ChaseState,WallDisappear,1.00,49.6,0,0.31,0,,,83378265
74.25,FSM Enemy 12,FSM,ChaseState,WallDisappear,1.00,72.7,0,0.31,0,,,83378265
74.25,FSM Enemy 8,FSM,ChaseState,WallDisappear,1.00,47.3,0,0.31,0,,,83378265
74.25,FSM Enemy 1,FSM,ChaseState,WallDisappear,1.00,38.6,0,0.31,8,,,83378265
74.25,FSM Enemy 4,FSM,ChaseState,WallDisappear,1.00,61.0,0,0.31,0,,,83378265
74.25,FSM Enemy 7,FSM,ChaseState,WallDisappear,1.00,80.0,0,0.31,24,,,83378265
74.25,FSM Enemy 11,FSM,ChaseState,WallDisappear,1.00,93.4,0,0.31,0,,,83378265
74.25,FSM Enemy 6,FSM,ChaseState,WallDisappear,1.00,74.7,0,0.31,0,,,83378265
74.25,FSM Enemy 10,FSM,ChaseState,WallDisappear,1.00,40.1,0,0.31,0,,,83378265
74.25,FSM Enemy 9,FSM,ChaseState,WallDisappear,1.00,48.1,0,0.31,0,,,83378265
74.25,Utility Enemy 14,Utility,ChaseAction,WallDisappear,1.00,42.6,0,0.31,0,0.850,0.300,83378265
74.25,Utility Enemy 8,Utility,ChaseAction,WallDisappear,1.00,43.3,0,0.31,8,0.850,0.300,83378265
74.25,Utility Enemy 3,Utility,ChaseAction,WallDisappear,1.00,52.0,0,0.31,0,0.850,0.300,83378265
74.25,Utility Enemy 7,Utility,ChaseAction,WallDisappear,1.00,53.5,0,0.31,0,0.850,0.300,83378265
74.25,Utility Enemy 12,Utility,ChaseAction,WallDisappear,1.00,48.1,0,0.31,0,0.850,0.300,83378265
74.25,Utility Enemy 15,Utility,Dead,WallDisappear,0.00,2.1,0,0.31,16,0.910,0.468,83378265
74.25,Utility Enemy 1,Utility,ChaseAction,WallDisappear,1.00,11.4,1,0.31,0,0.850,0.338,83378265
74.25,Utility Enemy 5,Utility,ChaseAction,WallDisappear,1.00,17.2,0,0.31,0,0.850,0.300,83378265
74.25,Utility Enemy 13,Utility,ChaseAction,WallDisappear,1.00,89.7,0,0.31,8,0.850,0.300,83378265
74.25,Utility Enemy 6,Utility,ChaseAction,WallDisappear,1.00,72.4,0,0.31,16,0.850,0.300,83378265
74.25,Utility Enemy 4,Utility,ChaseAction,WallDisappear,1.00,68.6,0,0.31,0,0.850,0.300,83378265
74.25,Utility Enemy 10,Utility,ChaseAction,WallDisappear,1.00,47.3,0,0.31,0,0.850,0.300,83378265
74.25,Utility Enemy 11,Utility,ChaseAction,WallDisappear,1.00,12.9,0,0.31,0,0.850,0.300,83378265
74.25,Utility Enemy 9,Utility,ChaseAction,WallDisappear,1.00,49.1,0,0.31,0,0.850,0.300,83378265
74.25,Utility Enemy 2,Utility,ChaseAction,WallDisappear,1.00,49.7,0,0.31,0,0.850,0.300,83378265
75.25,Player,Player,-,WallDisappear,0.31,,0,0.31,,,,83378265
75.25,FSM Enemy 2,FSM,ChaseState,WallDisappear,1.00,40.4,0,0.31,0,,,83378265
75.25,FSM Enemy 15,FSM,ChaseState,WallDisappear,1.00,80.8,0,0.31,16,,,83378265
75.25,FSM Enemy 14,FSM,ChaseState,WallDisappear,1.00,44.5,0,0.31,0,,,83378265
75.25,FSM Enemy 3,FSM,PatrolState,WallDisappear,1.00,78.3,0,0.31,8,,,83378265
75.25,FSM Enemy 5,FSM,ChaseState,WallDisappear,1.00,46.0,0,0.31,0,,,83378265
75.25,FSM Enemy 13,FSM,ChaseState,WallDisappear,1.00,48.3,0,0.31,0,,,83378265
75.25,FSM Enemy 12,FSM,ChaseState,WallDisappear,1.00,69.8,0,0.31,0,,,83378265
75.25,FSM Enemy 8,FSM,ChaseState,WallDisappear,1.00,47.3,0,0.31,0,,,83378265
75.25,FSM Enemy 1,FSM,ChaseState,WallDisappear,1.00,38.6,0,0.31,8,,,83378265
75.25,FSM Enemy 4,FSM,ChaseState,WallDisappear,1.00,58.5,0,0.31,0,,,83378265
75.25,FSM Enemy 7,FSM,ChaseState,WallDisappear,1.00,80.0,0,0.31,24,,,83378265
75.25,FSM Enemy 11,FSM,ChaseState,WallDisappear,1.00,93.4,0,0.31,0,,,83378265
75.25,FSM Enemy 6,FSM,ChaseState,WallDisappear,1.00,71.7,0,0.31,0,,,83378265
75.25,FSM Enemy 10,FSM,ChaseState,WallDisappear,1.00,41.5,0,0.31,0,,,83378265
75.25,FSM Enemy 9,FSM,ChaseState,WallDisappear,1.00,48.0,0,0.31,0,,,83378265
75.25,Utility Enemy 14,Utility,ChaseAction,WallDisappear,1.00,46.7,0,0.31,0,0.850,0.300,83378265
75.25,Utility Enemy 8,Utility,ChaseAction,WallDisappear,1.00,41.9,0,0.31,8,0.850,0.300,83378265
75.25,Utility Enemy 3,Utility,ChaseAction,WallDisappear,1.00,50.3,0,0.31,0,0.850,0.300,83378265
75.25,Utility Enemy 7,Utility,ChaseAction,WallDisappear,1.00,51.4,0,0.31,0,0.850,0.300,83378265
75.25,Utility Enemy 12,Utility,ChaseAction,WallDisappear,1.00,48.2,0,0.31,0,0.850,0.300,83378265
75.25,Utility Enemy 15,Utility,Dead,WallDisappear,0.00,2.1,0,0.31,16,0.910,0.468,83378265
75.25,Utility Enemy 1,Utility,Dead,WallDisappear,0.00,9.4,1,0.31,0,0.850,0.761,83378265
75.25,Utility Enemy 5,Utility,ChaseAction,WallDisappear,1.00,12.7,0,0.31,0,0.850,0.300,83378265
75.25,Utility Enemy 13,Utility,ChaseAction,WallDisappear,1.00,90.3,0,0.31,8,0.850,0.300,83378265
75.25,Utility Enemy 6,Utility,ChaseAction,WallDisappear,1.00,72.8,0,0.31,16,0.850,0.300,83378265
75.25,Utility Enemy 4,Utility,ChaseAction,WallDisappear,1.00,71.9,0,0.31,0,0.850,0.300,83378265
75.25,Utility Enemy 10,Utility,ChaseAction,WallDisappear,1.00,47.3,0,0.31,0,0.850,0.300,83378265
75.25,Utility Enemy 11,Utility,ChaseAction,WallDisappear,1.00,12.9,0,0.31,0,0.850,0.300,83378265
75.25,Utility Enemy 9,Utility,ChaseAction,WallDisappear,1.00,49.0,0,0.31,0,0.850,0.300,83378265
75.25,Utility Enemy 2,Utility,ChaseAction,WallDisappear,1.00,47.8,0,0.31,0,0.850,0.300,83378265
76.25,Player,Player,-,None,0.31,,0,0.31,,,,83378265
76.25,FSM Enemy 2,FSM,PatrolState,None,1.00,39.5,0,0.31,0,,,83378265
76.25,FSM Enemy 15,FSM,PatrolState,None,1.00,79.1,0,0.31,16,,,83378265
76.25,FSM Enemy 14,FSM,PatrolState,None,1.00,44.4,0,0.31,0,,,83378265
76.25,FSM Enemy 3,FSM,PatrolState,None,1.00,75.8,0,0.31,8,,,83378265
76.25,FSM Enemy 5,FSM,PatrolState,None,1.00,44.9,0,0.31,0,,,83378265
76.25,FSM Enemy 13,FSM,PatrolState,None,1.00,49.3,0,0.31,0,,,83378265
76.25,FSM Enemy 12,FSM,PatrolState,None,1.00,70.9,0,0.31,0,,,83378265
76.25,FSM Enemy 8,FSM,PatrolState,None,1.00,47.3,0,0.31,0,,,83378265
76.25,FSM Enemy 1,FSM,PatrolState,None,1.00,37.0,0,0.31,8,,,83378265
76.25,FSM Enemy 4,FSM,PatrolState,None,1.00,58.0,0,0.31,0,,,83378265
76.25,FSM Enemy 7,FSM,PatrolState,None,1.00,80.6,0,0.31,24,,,83378265
76.25,FSM Enemy 11,FSM,PatrolState,None,1.00,91.9,0,0.31,0,,,83378265
76.25,FSM Enemy 6,FSM,PatrolState,None,1.00,71.7,0,0.31,0,,,83378265
76.25,FSM Enemy 10,FSM,PatrolState,None,1.00,41.1,0,0.31,0,,,83378265
76.25,FSM Enemy 9,FSM,PatrolState,None,1.00,48.4,0,0.31,0,,,83378265
76.25,Utility Enemy 14,Utility,PatrolAction,None,1.00,46.1,0,0.31,0,0.120,0.000,83378265
76.25,Utility Enemy 8,Utility,PatrolAction,None,1.00,39.7,0,0.31,8,0.120,0.000,83378265
76.25,Utility Enemy 3,Utility,PatrolAction,None,1.00,51.2,0,0.31,0,0.120,0.000,83378265
76.25,Utility Enemy 7,Utility,PatrolAction,None,1.00,52.7,0,0.31,0,0.120,0.000,83378265
76.25,Utility Enemy 12,Utility,PatrolAction,None,1.00,48.0,0,0.31,0,0.120,0.000,83378265
76.25,Utility Enemy 15,Utility,Dead,None,0.00,2.1,0,0.31,16,0.910,0.468,83378265
76.25,Utility Enemy 1,Utility,Dead,None,0.00,9.4,1,0.31,0,0.850,0.761,83378265
76.25,Utility Enemy 5,Utility,PatrolAction,None,1.00,11.1,0,0.31,0,0.120,0.000,83378265
76.25,Utility Enemy 13,Utility,PatrolAction,None,1.00,91.2,0,0.31,8,0.120,0.000,83378265
76.25,Utility Enemy 6,Utility,PatrolAction,None,1.00,73.9,0,0.31,16,0.120,0.000,83378265
76.25,Utility Enemy 4,Utility,PatrolAction,None,1.00,72.7,0,0.31,0,0.120,0.000,83378265
76.25,Utility Enemy 10,Utility,PatrolAction,None,1.00,47.4,0,0.31,0,0.120,0.000,83378265
76.25,Utility Enemy 11,Utility,Dead,None,0.00,12.8,0,0.31,0,0.120,0.000,83378265
76.25,Utility Enemy 9,Utility,PatrolAction,None,1.00,48.8,0,0.31,0,0.120,0.000,83378265
76.25,Utility Enemy 2,Utility,PatrolAction,None,1.00,47.9,0,0.31,0,0.120,0.000,83378265
77.26,Player,Player,-,GravityFlip,0.31,,0,0.31,,,,83378265
77.26,FSM Enemy 2,FSM,TakeCoverState,GravityFlip,1.00,37.9,0,0.31,0,,,83378265
77.26,FSM Enemy 15,FSM,TakeCoverState,GravityFlip,1.00,78.0,0,0.31,16,,,83378265
77.26,FSM Enemy 14,FSM,TakeCoverState,GravityFlip,1.00,44.6,0,0.31,0,,,83378265
77.26,FSM Enemy 3,FSM,TakeCoverState,GravityFlip,1.00,73.4,0,0.31,8,,,83378265
77.26,FSM Enemy 5,FSM,TakeCoverState,GravityFlip,1.00,43.8,0,0.31,0,,,83378265
77.26,FSM Enemy 13,FSM,TakeCoverState,GravityFlip,1.00,51.0,0,0.31,0,,,83378265
77.26,FSM Enemy 12,FSM,TakeCoverState,GravityFlip,1.00,73.2,0,0.31,0,,,83378265
77.26,FSM Enemy 8,FSM,TakeCoverState,GravityFlip,1.00,47.3,0,0.31,0,,,83378265
77.26,FSM Enemy 1,FSM,TakeCoverState,GravityFlip,1.00,34.7,0,0.31,8,,,83378265
77.26,FSM Enemy 4,FSM,TakeCoverState,GravityFlip,1.00,59.2,0,0.31,0,,,83378265
77.26,FSM Enemy 7,FSM,TakeCoverState,GravityFlip,1.00,80.6,0,0.31,24,,,83378265
77.26,FSM Enemy 11,FSM,TakeCoverState,GravityFlip,1.00,89.8,0,0.31,0,,,83378265
77.26,FSM Enemy 6,FSM,TakeCoverState,GravityFlip,1.00,74.1,0,0.31,0,,,83378265
77.26,FSM Enemy 10,FSM,TakeCoverState,GravityFlip,1.00,39.3,0,0.31,0,,,83378265
77.26,FSM Enemy 9,FSM,TakeCoverState,GravityFlip,1.00,50.8,0,0.31,0,,,83378265
77.26,Utility Enemy 14,Utility,PatrolAction,GravityFlip,1.00,45.1,0,0.31,0,0.120,0.000,83378265
77.26,Utility Enemy 8,Utility,PatrolAction,GravityFlip,1.00,36.1,0,0.31,8,0.120,0.000,83378265
77.26,Utility Enemy 3,Utility,PatrolAction,GravityFlip,1.00,55.1,0,0.31,0,0.120,0.000,83378265
77.26,Utility Enemy 7,Utility,PatrolAction,GravityFlip,1.00,57.1,0,0.31,0,0.120,0.000,83378265
77.26,Utility Enemy 12,Utility,PatrolAction,GravityFlip,1.00,46.0,0,0.31,0,0.120,0.000,83378265
77.26,Utility Enemy 15,Utility,Dead,GravityFlip,0.00,2.1,0,0.31,16,0.910,0.468,83378265
77.26,Utility Enemy 1,Utility,Dead,GravityFlip,0.00,9.4,1,0.31,0,0.850,0.761,83378265
77.26,Utility Enemy 5,Utility,Dead,GravityFlip,0.00,15.3,0,0.31,0,0.120,0.000,83378265
77.26,Utility Enemy 13,Utility,PatrolAction,GravityFlip,1.00,92.5,0,0.31,8,0.120,0.000,83378265
77.26,Utility Enemy 6,Utility,PatrolAction,GravityFlip,1.00,75.0,0,0.31,16,0.120,0.000,83378265
77.26,Utility Enemy 4,Utility,PatrolAction,GravityFlip,1.00,68.7,0,0.31,0,0.120,0.000,83378265
77.26,Utility Enemy 10,Utility,PatrolAction,GravityFlip,1.00,44.9,0,0.31,0,0.120,0.000,83378265
77.26,Utility Enemy 11,Utility,Dead,GravityFlip,0.00,12.8,0,0.31,0,0.120,0.000,83378265
77.26,Utility Enemy 9,Utility,PatrolAction,GravityFlip,1.00,46.7,0,0.31,0,0.120,0.000,83378265
77.26,Utility Enemy 2,Utility,PatrolAction,GravityFlip,1.00,51.2,0,0.31,0,0.120,0.000,83378265
78.26,Player,Player,-,GravityFlip,0.31,,0,0.31,,,,83378265
78.26,FSM Enemy 2,FSM,TakeCoverState,GravityFlip,1.00,35.1,0,0.31,0,,,83378265
78.26,FSM Enemy 15,FSM,TakeCoverState,GravityFlip,1.00,77.7,0,0.31,16,,,83378265
78.26,FSM Enemy 14,FSM,TakeCoverState,GravityFlip,1.00,46.0,0,0.31,0,,,83378265
78.26,FSM Enemy 3,FSM,TakeCoverState,GravityFlip,1.00,70.6,0,0.31,8,,,83378265
78.26,FSM Enemy 5,FSM,TakeCoverState,GravityFlip,1.00,41.8,0,0.31,0,,,83378265
78.26,FSM Enemy 13,FSM,TakeCoverState,GravityFlip,1.00,48.7,0,0.31,0,,,83378265
78.26,FSM Enemy 12,FSM,TakeCoverState,GravityFlip,1.00,75.1,0,0.31,0,,,83378265
78.26,FSM Enemy 8,FSM,TakeCoverState,GravityFlip,1.00,45.5,0,0.31,0,,,83378265
78.26,FSM Enemy 1,FSM,TakeCoverState,GravityFlip,1.00,32.8,0,0.31,8,,,83378265
78.26,FSM Enemy 4,FSM,TakeCoverState,GravityFlip,1.00,62.2,0,0.31,0,,,83378265
78.26,FSM Enemy 7,FSM,TakeCoverState,GravityFlip,1.00,78.9,0,0.31,24,,,83378265
78.26,FSM Enemy 11,FSM,TakeCoverState,GravityFlip,1.00,92.1,0,0.31,0,,,83378265
78.26,FSM Enemy 6,FSM,TakeCoverState,GravityFlip,1.00,76.3,0,0.31,0,,,83378265
78.26,FSM Enemy 10,FSM,TakeCoverState,GravityFlip,1.00,40.6,0,0.31,0,,,83378265
78.26,FSM Enemy 9,FSM,TakeCoverState,GravityFlip,1.00,55.1,0,0.31,0,,,83378265
78.26,Utility Enemy 14,Utility,TakeCoverAction,GravityFlip,1.00,43.6,0,0.31,0,0.820,0.750,83378265
78.26,Utility Enemy 8,Utility,TakeCoverAction,GravityFlip,1.00,32.4,0,0.31,8,0.820,0.750,83378265
78.26,Utility Enemy 3,Utility,TakeCoverAction,GravityFlip,1.00,57.6,0,0.31,0,0.820,0.750,83378265
78.26,Utility Enemy 7,Utility,TakeCoverAction,GravityFlip,1.00,58.2,0,0.31,0,0.820,0.750,83378265
78.26,Utility Enemy 12,Utility,TakeCoverAction,GravityFlip,1.00,44.0,0,0.31,0,0.820,0.750,83378265
78.26,Utility Enemy 15,Utility,Dead,GravityFlip,0.00,2.1,0,0.31,16,0.910,0.468,83378265
78.26,Utility Enemy 1,Utility,Dead,GravityFlip,0.00,9.4,1,0.31,0,0.850,0.761,83378265
78.26,Utility Enemy 5,Utility,Dead,GravityFlip,0.00,15.3,0,0.31,0,0.120,0.000,83378265
78.26,Utility Enemy 13,Utility,TakeCoverAction,GravityFlip,1.00,89.4,0,0.31,8,0.820,0.750,83378265
78.26,Utility Enemy 6,Utility,TakeCoverAction,GravityFlip,1.00,76.0,0,0.31,16,0.820,0.750,83378265
78.26,Utility Enemy 4,Utility,TakeCoverAction,GravityFlip,1.00,67.9,0,0.31,0,0.820,0.750,83378265
78.26,Utility Enemy 10,Utility,TakeCoverAction,GravityFlip,1.00,44.7,0,0.31,0,0.820,0.750,83378265
78.26,Utility Enemy 11,Utility,Dead,GravityFlip,0.00,12.8,0,0.31,0,0.120,0.000,83378265
78.26,Utility Enemy 9,Utility,TakeCoverAction,GravityFlip,1.00,44.5,0,0.31,0,0.820,0.750,83378265
78.26,Utility Enemy 2,Utility,TakeCoverAction,GravityFlip,1.00,52.0,0,0.31,0,0.820,0.750,83378265
79.26,Player,Player,-,GravityFlip,0.31,,0,0.31,,,,83378265
79.26,FSM Enemy 2,FSM,TakeCoverState,GravityFlip,1.00,35.1,0,0.31,0,,,83378265
79.26,FSM Enemy 15,FSM,TakeCoverState,GravityFlip,1.00,77.7,0,0.31,16,,,83378265
79.26,FSM Enemy 14,FSM,TakeCoverState,GravityFlip,1.00,46.8,0,0.31,0,,,83378265
79.26,FSM Enemy 3,FSM,TakeCoverState,GravityFlip,1.00,67.4,0,0.31,8,,,83378265
79.26,FSM Enemy 5,FSM,TakeCoverState,GravityFlip,1.00,41.8,0,0.31,0,,,83378265
79.26,FSM Enemy 13,FSM,TakeCoverState,GravityFlip,1.00,46.4,0,0.31,0,,,83378265
79.26,FSM Enemy 12,FSM,TakeCoverState,GravityFlip,1.00,75.6,0,0.31,0,,,83378265
79.26,FSM Enemy 8,FSM,TakeCoverState,GravityFlip,1.00,45.5,0,0.31,0,,,83378265
79.26,FSM Enemy 1,FSM,TakeCoverState,GravityFlip,1.00,32.6,0,0.31,8,,,83378265
79.26,FSM Enemy 4,FSM,TakeCoverState,GravityFlip,1.00,62.2,0,0.31,0,,,83378265
79.26,FSM Enemy 7,FSM,TakeCoverState,GravityFlip,1.00,78.9,0,0.31,24,,,83378265
79.26,FSM Enemy 11,FSM,TakeCoverState,GravityFlip,1.00,95.9,0,0.31,0,,,83378265
79.26,FSM Enemy 6,FSM,TakeCoverState,GravityFlip,1.00,76.3,0,0.31,0,,,83378265
79.26,FSM Enemy 10,FSM,TakeCoverState,GravityFlip,1.00,42.3,0,0.31,0,,,83378265
79.26,FSM Enemy 9,FSM,TakeCoverState,GravityFlip,1.00,55.8,0,0.31,0,,,83378265
79.26,Utility Enemy 14,Utility,TakeCoverAction,GravityFlip,1.00,43.6,0,0.31,0,0.820,0.750,83378265
79.26,Utility Enemy 8,Utility,TakeCoverAction,GravityFlip,1.00,30.2,0,0.31,8,0.820,0.750,83378265
79.26,Utility Enemy 3,Utility,TakeCoverAction,GravityFlip,1.00,57.6,0,0.31,0,0.820,0.750,83378265
79.26,Utility Enemy 7,Utility,TakeCoverAction,GravityFlip,1.00,58.2,0,0.31,0,0.820,0.750,83378265
79.26,Utility Enemy 12,Utility,TakeCoverAction,GravityFlip,1.00,43.6,0,0.31,0,0.820,0.750,83378265
79.26,Utility Enemy 15,Utility,Dead,GravityFlip,0.00,2.1,0,0.31,16,0.910,0.468,83378265
79.26,Utility Enemy 1,Utility,Dead,GravityFlip,0.00,9.4,1,0.31,0,0.850,0.761,83378265
79.26,Utility Enemy 5,Utility,Dead,GravityFlip,0.00,15.3,0,0.31,0,0.120,0.000,83378265
79.26,Utility Enemy 13,Utility,TakeCoverAction,GravityFlip,1.00,85.7,0,0.31,8,0.820,0.750,83378265
79.26,Utility Enemy 6,Utility,TakeCoverAction,GravityFlip,1.00,78.4,0,0.31,16,0.820,0.750,83378265
79.26,Utility Enemy 4,Utility,TakeCoverAction,GravityFlip,1.00,65.8,0,0.31,0,0.820,0.750,83378265
79.26,Utility Enemy 10,Utility,TakeCoverAction,GravityFlip,1.00,44.6,0,0.31,0,0.820,0.750,83378265
79.26,Utility Enemy 11,Utility,Dead,GravityFlip,0.00,12.8,0,0.31,0,0.120,0.000,83378265
79.26,Utility Enemy 9,Utility,TakeCoverAction,GravityFlip,1.00,41.6,0,0.31,0,0.820,0.750,83378265
79.26,Utility Enemy 2,Utility,TakeCoverAction,GravityFlip,1.00,52.0,0,0.31,0,0.820,0.750,83378265
80.27,Player,Player,-,TimeStutter,0.31,,0,0.31,,,,83378265
80.27,FSM Enemy 2,FSM,FrozenState,TimeStutter,1.00,35.1,0,0.31,0,,,83378265
80.27,FSM Enemy 15,FSM,FrozenState,TimeStutter,1.00,77.7,0,0.31,16,,,83378265
80.27,FSM Enemy 14,FSM,FrozenState,TimeStutter,1.00,46.8,0,0.31,0,,,83378265
80.27,FSM Enemy 3,FSM,FrozenState,TimeStutter,1.00,67.1,0,0.31,8,,,83378265
80.27,FSM Enemy 5,FSM,FrozenState,TimeStutter,1.00,41.8,0,0.31,0,,,83378265
80.27,FSM Enemy 13,FSM,FrozenState,TimeStutter,1.00,45.5,0,0.31,0,,,83378265
80.27,FSM Enemy 12,FSM,FrozenState,TimeStutter,1.00,75.6,0,0.31,0,,,83378265
80.27,FSM Enemy 8,FSM,FrozenState,TimeStutter,1.00,45.4,0,0.31,0,,,83378265
80.27,FSM Enemy 1,FSM,FrozenState,TimeStutter,1.00,32.6,0,0.31,8,,,83378265
80.27,FSM Enemy 4,FSM,FrozenState,TimeStutter,1.00,62.2,0,0.31,0,,,83378265
80.27,FSM Enemy 7,FSM,FrozenState,TimeStutter,1.00,78.9,0,0.31,24,,,83378265
80.27,FSM Enemy 11,FSM,FrozenState,TimeStutter,1.00,97.2,0,0.31,0,,,83378265
80.27,FSM Enemy 6,FSM,FrozenState,TimeStutter,1.00,76.3,0,0.31,0,,,83378265
80.27,FSM Enemy 10,FSM,FrozenState,TimeStutter,1.00,42.3,0,0.31,0,,,83378265
80.27,FSM Enemy 9,FSM,FrozenState,TimeStutter,1.00,55.8,0,0.31,0,,,83378265
80.27,Utility Enemy 14,Utility,FreezeAction,TimeStutter,1.00,43.6,0,0.31,0,100.000,0.120,83378265
80.27,Utility Enemy 8,Utility,FreezeAction,TimeStutter,1.00,30.2,0,0.31,8,100.000,0.120,83378265
80.27,Utility Enemy 3,Utility,FreezeAction,TimeStutter,1.00,57.6,0,0.31,0,100.000,0.120,83378265
80.27,Utility Enemy 7,Utility,FreezeAction,TimeStutter,1.00,58.2,0,0.31,0,100.000,0.120,83378265
80.27,Utility Enemy 12,Utility,FreezeAction,TimeStutter,1.00,43.6,0,0.31,0,100.000,0.120,83378265
80.27,Utility Enemy 15,Utility,FreezeAction,TimeStutter,1.00,13.3,0,0.31,16,100.000,0.120,83378265
80.27,Utility Enemy 1,Utility,Dead,TimeStutter,0.00,9.4,1,0.31,0,0.850,0.761,83378265
80.27,Utility Enemy 5,Utility,Dead,TimeStutter,0.00,15.3,0,0.31,0,0.120,0.000,83378265
80.27,Utility Enemy 13,Utility,FreezeAction,TimeStutter,1.00,82.6,0,0.31,8,100.000,0.120,83378265
80.27,Utility Enemy 6,Utility,FreezeAction,TimeStutter,1.00,78.5,0,0.31,16,100.000,0.120,83378265
80.27,Utility Enemy 4,Utility,FreezeAction,TimeStutter,1.00,65.8,0,0.31,0,100.000,0.120,83378265
80.27,Utility Enemy 10,Utility,FreezeAction,TimeStutter,1.00,44.6,0,0.31,0,100.000,0.120,83378265
80.27,Utility Enemy 11,Utility,Dead,TimeStutter,0.00,12.8,0,0.31,0,0.120,0.000,83378265
80.27,Utility Enemy 9,Utility,FreezeAction,TimeStutter,1.00,41.6,0,0.31,0,100.000,0.120,83378265
80.27,Utility Enemy 2,Utility,FreezeAction,TimeStutter,1.00,52.0,0,0.31,0,100.000,0.120,83378265
81.27,Player,Player,-,TimeStutter,0.31,,0,0.31,,,,83378265
81.27,FSM Enemy 2,FSM,FrozenState,TimeStutter,1.00,35.1,0,0.31,0,,,83378265
81.27,FSM Enemy 15,FSM,FrozenState,TimeStutter,1.00,77.7,0,0.31,16,,,83378265
81.27,FSM Enemy 14,FSM,FrozenState,TimeStutter,1.00,46.8,0,0.31,0,,,83378265
81.27,FSM Enemy 3,FSM,FrozenState,TimeStutter,1.00,67.1,0,0.31,8,,,83378265
81.27,FSM Enemy 5,FSM,FrozenState,TimeStutter,1.00,41.8,0,0.31,0,,,83378265
81.27,FSM Enemy 13,FSM,FrozenState,TimeStutter,1.00,45.5,0,0.31,0,,,83378265
81.27,FSM Enemy 12,FSM,FrozenState,TimeStutter,1.00,75.6,0,0.31,0,,,83378265
81.27,FSM Enemy 8,FSM,FrozenState,TimeStutter,1.00,45.4,0,0.31,0,,,83378265
81.27,FSM Enemy 1,FSM,FrozenState,TimeStutter,1.00,32.6,0,0.31,8,,,83378265
81.27,FSM Enemy 4,FSM,FrozenState,TimeStutter,1.00,62.2,0,0.31,0,,,83378265
81.27,FSM Enemy 7,FSM,FrozenState,TimeStutter,1.00,78.9,0,0.31,24,,,83378265
81.27,FSM Enemy 11,FSM,FrozenState,TimeStutter,1.00,97.2,0,0.31,0,,,83378265
81.27,FSM Enemy 6,FSM,FrozenState,TimeStutter,1.00,76.3,0,0.31,0,,,83378265
81.27,FSM Enemy 10,FSM,FrozenState,TimeStutter,1.00,42.3,0,0.31,0,,,83378265
81.27,FSM Enemy 9,FSM,FrozenState,TimeStutter,1.00,55.8,0,0.31,0,,,83378265
81.27,Utility Enemy 14,Utility,FreezeAction,TimeStutter,1.00,43.6,0,0.31,0,100.000,0.120,83378265
81.27,Utility Enemy 8,Utility,FreezeAction,TimeStutter,1.00,30.2,0,0.31,8,100.000,0.120,83378265
81.27,Utility Enemy 3,Utility,FreezeAction,TimeStutter,1.00,57.6,0,0.31,0,100.000,0.120,83378265
81.27,Utility Enemy 7,Utility,FreezeAction,TimeStutter,1.00,58.2,0,0.31,0,100.000,0.120,83378265
81.27,Utility Enemy 12,Utility,FreezeAction,TimeStutter,1.00,43.6,0,0.31,0,100.000,0.120,83378265
81.27,Utility Enemy 15,Utility,FreezeAction,TimeStutter,1.00,13.3,0,0.31,16,100.000,0.120,83378265
81.27,Utility Enemy 1,Utility,Dead,TimeStutter,0.00,9.4,1,0.31,0,0.850,0.761,83378265
81.27,Utility Enemy 5,Utility,Dead,TimeStutter,0.00,15.3,0,0.31,0,0.120,0.000,83378265
81.27,Utility Enemy 13,Utility,FreezeAction,TimeStutter,1.00,82.6,0,0.31,8,100.000,0.120,83378265
81.27,Utility Enemy 6,Utility,FreezeAction,TimeStutter,1.00,78.5,0,0.31,16,100.000,0.120,83378265
81.27,Utility Enemy 4,Utility,FreezeAction,TimeStutter,1.00,65.8,0,0.31,0,100.000,0.120,83378265
81.27,Utility Enemy 10,Utility,FreezeAction,TimeStutter,1.00,44.6,0,0.31,0,100.000,0.120,83378265
81.27,Utility Enemy 11,Utility,Dead,TimeStutter,0.00,12.8,0,0.31,0,0.120,0.000,83378265
81.27,Utility Enemy 9,Utility,FreezeAction,TimeStutter,1.00,41.6,0,0.31,0,100.000,0.120,83378265
81.27,Utility Enemy 2,Utility,FreezeAction,TimeStutter,1.00,52.0,0,0.31,0,100.000,0.120,83378265
82.28,Player,Player,-,TimeStutter,0.31,,0,0.31,,,,83378265
82.28,FSM Enemy 2,FSM,FrozenState,TimeStutter,1.00,35.1,0,0.31,0,,,83378265
82.28,FSM Enemy 15,FSM,FrozenState,TimeStutter,1.00,77.7,0,0.31,16,,,83378265
82.28,FSM Enemy 14,FSM,FrozenState,TimeStutter,1.00,46.8,0,0.31,0,,,83378265
82.28,FSM Enemy 3,FSM,FrozenState,TimeStutter,1.00,67.1,0,0.31,8,,,83378265
82.28,FSM Enemy 5,FSM,FrozenState,TimeStutter,1.00,41.8,0,0.31,0,,,83378265
82.28,FSM Enemy 13,FSM,FrozenState,TimeStutter,1.00,45.5,0,0.31,0,,,83378265
82.28,FSM Enemy 12,FSM,FrozenState,TimeStutter,1.00,75.6,0,0.31,0,,,83378265
82.28,FSM Enemy 8,FSM,FrozenState,TimeStutter,1.00,45.4,0,0.31,0,,,83378265
82.28,FSM Enemy 1,FSM,FrozenState,TimeStutter,1.00,32.6,0,0.31,8,,,83378265
82.28,FSM Enemy 4,FSM,FrozenState,TimeStutter,1.00,62.2,0,0.31,0,,,83378265
82.28,FSM Enemy 7,FSM,FrozenState,TimeStutter,1.00,78.9,0,0.31,24,,,83378265
82.28,FSM Enemy 11,FSM,FrozenState,TimeStutter,1.00,97.2,0,0.31,0,,,83378265
82.28,FSM Enemy 6,FSM,FrozenState,TimeStutter,1.00,76.3,0,0.31,0,,,83378265
82.28,FSM Enemy 10,FSM,FrozenState,TimeStutter,1.00,42.3,0,0.31,0,,,83378265
82.28,FSM Enemy 9,FSM,FrozenState,TimeStutter,1.00,55.8,0,0.31,0,,,83378265
82.28,Utility Enemy 14,Utility,FreezeAction,TimeStutter,1.00,43.6,0,0.31,0,100.000,0.120,83378265
82.28,Utility Enemy 8,Utility,FreezeAction,TimeStutter,1.00,30.2,0,0.31,8,100.000,0.120,83378265
82.28,Utility Enemy 3,Utility,FreezeAction,TimeStutter,1.00,57.6,0,0.31,0,100.000,0.120,83378265
82.28,Utility Enemy 7,Utility,FreezeAction,TimeStutter,1.00,58.2,0,0.31,0,100.000,0.120,83378265
82.28,Utility Enemy 12,Utility,FreezeAction,TimeStutter,1.00,43.6,0,0.31,0,100.000,0.120,83378265
82.28,Utility Enemy 15,Utility,Dead,TimeStutter,0.00,13.3,0,0.31,16,100.000,0.120,83378265
82.28,Utility Enemy 1,Utility,Dead,TimeStutter,0.00,9.4,1,0.31,0,0.850,0.761,83378265
82.28,Utility Enemy 5,Utility,Dead,TimeStutter,0.00,15.3,0,0.31,0,0.120,0.000,83378265
82.28,Utility Enemy 13,Utility,FreezeAction,TimeStutter,1.00,82.6,0,0.31,8,100.000,0.120,83378265
82.28,Utility Enemy 6,Utility,FreezeAction,TimeStutter,1.00,78.5,0,0.31,16,100.000,0.120,83378265
82.28,Utility Enemy 4,Utility,FreezeAction,TimeStutter,1.00,65.8,0,0.31,0,100.000,0.120,83378265
82.28,Utility Enemy 10,Utility,FreezeAction,TimeStutter,1.00,44.6,0,0.31,0,100.000,0.120,83378265
82.28,Utility Enemy 11,Utility,Dead,TimeStutter,0.00,12.8,0,0.31,0,0.120,0.000,83378265
82.28,Utility Enemy 9,Utility,FreezeAction,TimeStutter,1.00,41.6,0,0.31,0,100.000,0.120,83378265
82.28,Utility Enemy 2,Utility,FreezeAction,TimeStutter,1.00,52.0,0,0.31,0,100.000,0.120,83378265
83.28,Player,Player,-,WallDisappear,0.31,,0,0.31,,,,83378265
83.28,FSM Enemy 2,FSM,FrozenState,WallDisappear,1.00,35.1,0,0.31,0,,,83378265
83.28,FSM Enemy 15,FSM,FrozenState,WallDisappear,1.00,77.7,0,0.31,16,,,83378265
83.28,FSM Enemy 14,FSM,FrozenState,WallDisappear,1.00,46.8,0,0.31,0,,,83378265
83.28,FSM Enemy 3,FSM,FrozenState,WallDisappear,1.00,67.1,0,0.31,8,,,83378265
83.28,FSM Enemy 5,FSM,FrozenState,WallDisappear,1.00,41.8,0,0.31,0,,,83378265
83.28,FSM Enemy 13,FSM,FrozenState,WallDisappear,1.00,45.5,0,0.31,0,,,83378265
83.28,FSM Enemy 12,FSM,FrozenState,WallDisappear,1.00,75.6,0,0.31,0,,,83378265
83.28,FSM Enemy 8,FSM,FrozenState,WallDisappear,1.00,45.4,0,0.31,0,,,83378265
83.28,FSM Enemy 1,FSM,FrozenState,WallDisappear,1.00,32.6,0,0.31,8,,,83378265
83.28,FSM Enemy 4,FSM,FrozenState,WallDisappear,1.00,62.2,0,0.31,0,,,83378265
83.28,FSM Enemy 7,FSM,FrozenState,WallDisappear,1.00,78.9,0,0.31,24,,,83378265
83.28,FSM Enemy 11,FSM,FrozenState,WallDisappear,1.00,97.2,0,0.31,0,,,83378265
83.28,FSM Enemy 6,FSM,FrozenState,WallDisappear,1.00,76.3,0,0.31,0,,,83378265
83.28,FSM Enemy 10,FSM,FrozenState,WallDisappear,1.00,42.3,0,0.31,0,,,83378265
83.28,FSM Enemy 9,FSM,FrozenState,WallDisappear,1.00,55.8,0,0.31,0,,,83378265
83.28,Utility Enemy 14,Utility,FreezeAction,WallDisappear,1.00,43.6,0,0.31,0,100.000,0.850,83378265
83.28,Utility Enemy 8,Utility,FreezeAction,WallDisappear,1.00,30.2,0,0.31,8,100.000,0.850,83378265
83.28,Utility Enemy 3,Utility,FreezeAction,WallDisappear,1.00,57.6,0,0.31,0,100.000,0.850,83378265
83.28,Utility Enemy 7,Utility,FreezeAction,WallDisappear,1.00,58.2,0,0.31,0,100.000,0.850,83378265
83.28,Utility Enemy 12,Utility,FreezeAction,WallDisappear,1.00,43.6,0,0.31,0,100.000,0.850,83378265
83.28,Utility Enemy 15,Utility,Dead,WallDisappear,0.00,13.3,0,0.31,16,100.000,0.120,83378265
83.28,Utility Enemy 1,Utility,Dead,WallDisappear,0.00,9.4,1,0.31,0,0.850,0.761,83378265
83.28,Utility Enemy 5,Utility,Dead,WallDisappear,0.00,15.3,0,0.31,0,0.120,0.000,83378265
83.28,Utility Enemy 13,Utility,FreezeAction,WallDisappear,1.00,82.6,0,0.31,8,100.000,0.850,83378265
83.28,Utility Enemy 6,Utility,FreezeAction,WallDisappear,1.00,78.5,0,0.31,16,100.000,0.850,83378265
83.28,Utility Enemy 4,Utility,FreezeAction,WallDisappear,1.00,65.8,0,0.31,0,100.000,0.850,83378265
83.28,Utility Enemy 10,Utility,FreezeAction,WallDisappear,1.00,44.6,0,0.31,0,100.000,0.850,83378265
83.28,Utility Enemy 11,Utility,Dead,WallDisappear,0.00,12.8,0,0.31,0,0.120,0.000,83378265
83.28,Utility Enemy 9,Utility,FreezeAction,WallDisappear,1.00,41.6,0,0.31,0,100.000,0.850,83378265
83.28,Utility Enemy 2,Utility,FreezeAction,WallDisappear,1.00,52.0,0,0.31,0,100.000,0.850,83378265
84.28,Player,Player,-,WallDisappear,0.31,,0,0.31,,,,83378265
84.28,FSM Enemy 2,FSM,FrozenState,WallDisappear,1.00,35.1,0,0.31,0,,,83378265
84.28,FSM Enemy 15,FSM,FrozenState,WallDisappear,1.00,77.7,0,0.31,16,,,83378265
84.28,FSM Enemy 14,FSM,FrozenState,WallDisappear,1.00,46.8,0,0.31,0,,,83378265
84.28,FSM Enemy 3,FSM,FrozenState,WallDisappear,1.00,67.1,0,0.31,8,,,83378265
84.28,FSM Enemy 5,FSM,FrozenState,WallDisappear,1.00,41.8,0,0.31,0,,,83378265
84.28,FSM Enemy 13,FSM,FrozenState,WallDisappear,1.00,45.5,0,0.31,0,,,83378265
84.28,FSM Enemy 12,FSM,FrozenState,WallDisappear,1.00,75.6,0,0.31,0,,,83378265
84.28,FSM Enemy 8,FSM,FrozenState,WallDisappear,1.00,45.4,0,0.31,0,,,83378265
84.28,FSM Enemy 1,FSM,FrozenState,WallDisappear,1.00,32.6,0,0.31,8,,,83378265
84.28,FSM Enemy 4,FSM,FrozenState,WallDisappear,1.00,62.2,0,0.31,0,,,83378265
84.28,FSM Enemy 7,FSM,FrozenState,WallDisappear,1.00,78.9,0,0.31,24,,,83378265
84.28,FSM Enemy 11,FSM,FrozenState,WallDisappear,1.00,97.2,0,0.31,0,,,83378265
84.28,FSM Enemy 6,FSM,FrozenState,WallDisappear,1.00,76.3,0,0.31,0,,,83378265
84.28,FSM Enemy 10,FSM,FrozenState,WallDisappear,1.00,42.3,0,0.31,0,,,83378265
84.28,FSM Enemy 9,FSM,FrozenState,WallDisappear,1.00,55.8,0,0.31,0,,,83378265
84.28,Utility Enemy 14,Utility,FreezeAction,WallDisappear,1.00,43.6,0,0.31,0,100.000,0.850,83378265
84.28,Utility Enemy 8,Utility,FreezeAction,WallDisappear,1.00,30.2,0,0.31,8,100.000,0.850,83378265
84.28,Utility Enemy 3,Utility,FreezeAction,WallDisappear,1.00,57.6,0,0.31,0,100.000,0.850,83378265
84.28,Utility Enemy 7,Utility,FreezeAction,WallDisappear,1.00,58.2,0,0.31,0,100.000,0.850,83378265
84.28,Utility Enemy 12,Utility,FreezeAction,WallDisappear,1.00,43.6,0,0.31,0,100.000,0.850,83378265
84.28,Utility Enemy 15,Utility,Dead,WallDisappear,0.00,13.3,0,0.31,16,100.000,0.120,83378265
84.28,Utility Enemy 1,Utility,Dead,WallDisappear,0.00,9.4,1,0.31,0,0.850,0.761,83378265
84.28,Utility Enemy 5,Utility,Dead,WallDisappear,0.00,15.3,0,0.31,0,0.120,0.000,83378265
84.28,Utility Enemy 13,Utility,FreezeAction,WallDisappear,1.00,82.6,0,0.31,8,100.000,0.850,83378265
84.28,Utility Enemy 6,Utility,FreezeAction,WallDisappear,1.00,78.5,0,0.31,16,100.000,0.850,83378265
84.28,Utility Enemy 4,Utility,FreezeAction,WallDisappear,1.00,65.8,0,0.31,0,100.000,0.850,83378265
84.28,Utility Enemy 10,Utility,FreezeAction,WallDisappear,1.00,44.6,0,0.31,0,100.000,0.850,83378265
84.28,Utility Enemy 11,Utility,Dead,WallDisappear,0.00,12.8,0,0.31,0,0.120,0.000,83378265
84.28,Utility Enemy 9,Utility,FreezeAction,WallDisappear,1.00,41.6,0,0.31,0,100.000,0.850,83378265
84.28,Utility Enemy 2,Utility,FreezeAction,WallDisappear,1.00,52.0,0,0.31,0,100.000,0.850,83378265
85.29,Player,Player,-,WallDisappear,0.31,,0,0.31,,,,83378265
85.29,FSM Enemy 2,FSM,ChaseState,WallDisappear,1.00,35.8,0,0.31,0,,,83378265
85.29,FSM Enemy 15,FSM,ChaseState,WallDisappear,1.00,78.2,0,0.31,16,,,83378265
85.29,FSM Enemy 14,FSM,ChaseState,WallDisappear,1.00,47.4,0,0.31,0,,,83378265
85.29,FSM Enemy 3,FSM,ChaseState,WallDisappear,1.00,66.7,0,0.31,8,,,83378265
85.29,FSM Enemy 5,FSM,ChaseState,WallDisappear,1.00,41.9,0,0.31,0,,,83378265
85.29,FSM Enemy 13,FSM,ChaseState,WallDisappear,1.00,46.2,0,0.31,0,,,83378265
85.29,FSM Enemy 12,FSM,ChaseState,WallDisappear,1.00,75.0,0,0.31,0,,,83378265
85.29,FSM Enemy 8,FSM,ChaseState,WallDisappear,1.00,45.8,0,0.31,0,,,83378265
85.29,FSM Enemy 1,FSM,ChaseState,WallDisappear,1.00,32.9,0,0.31,8,,,83378265
85.29,FSM Enemy 4,FSM,ChaseState,WallDisappear,1.00,61.7,0,0.31,0,,,83378265
85.29,FSM Enemy 7,FSM,ChaseState,WallDisappear,1.00,79.1,0,0.31,24,,,83378265
85.29,FSM Enemy 11,FSM,ChaseState,WallDisappear,1.00,96.6,0,0.31,0,,,83378265
85.29,FSM Enemy 6,FSM,ChaseState,WallDisappear,1.00,75.7,0,0.31,0,,,83378265
85.29,FSM Enemy 10,FSM,ChaseState,WallDisappear,1.00,42.6,0,0.31,0,,,83378265
85.29,FSM Enemy 9,FSM,Dead,WallDisappear,0.00,55.8,0,0.31,0,,,83378265
85.29,Utility Enemy 14,Utility,ChaseAction,WallDisappear,1.00,43.6,0,0.31,0,0.850,0.300,83378265
85.29,Utility Enemy 8,Utility,ChaseAction,WallDisappear,1.00,30.0,0,0.31,8,0.850,0.300,83378265
85.29,Utility Enemy 3,Utility,ChaseAction,WallDisappear,1.00,57.5,0,0.31,0,0.850,0.300,83378265
85.29,Utility Enemy 7,Utility,ChaseAction,WallDisappear,1.00,58.1,0,0.31,0,0.850,0.300,83378265
85.29,Utility Enemy 12,Utility,ChaseAction,WallDisappear,1.00,43.7,0,0.31,0,0.850,0.300,83378265
85.29,Utility Enemy 15,Utility,Dead,WallDisappear,0.00,13.3,0,0.31,16,100.000,0.120,83378265
85.29,Utility Enemy 1,Utility,Dead,WallDisappear,0.00,9.4,1,0.31,0,0.850,0.761,83378265
85.29,Utility Enemy 5,Utility,Dead,WallDisappear,0.00,15.3,0,0.31,0,0.120,0.000,83378265
85.29,Utility Enemy 13,Utility,ChaseAction,WallDisappear,1.00,83.2,0,0.31,8,0.850,0.300,83378265
85.29,Utility Enemy 6,Utility,ChaseAction,WallDisappear,1.00,78.5,0,0.31,16,0.850,0.300,83378265
85.29,Utility Enemy 4,Utility,ChaseAction,WallDisappear,1.00,66.0,0,0.31,0,0.850,0.300,83378265
85.29,Utility Enemy 10,Utility,ChaseAction,WallDisappear,1.00,44.6,0,0.31,0,0.850,0.300,83378265
85.29,Utility Enemy 11,Utility,Dead,WallDisappear,0.00,12.8,0,0.31,0,0.120,0.000,83378265
85.29,Utility Enemy 9,Utility,ChaseAction,WallDisappear,1.00,41.6,0,0.31,0,0.850,0.300,83378265
85.29,Utility Enemy 2,Utility,ChaseAction,WallDisappear,1.00,51.9,0,0.31,0,0.850,0.300,83378265
86.29,Player,Player,-,WallDisappear,0.31,,0,0.31,,,,83378265
86.29,FSM Enemy 2,FSM,ChaseState,WallDisappear,1.00,37.8,0,0.31,0,,,83378265
86.29,FSM Enemy 15,FSM,ChaseState,WallDisappear,1.00,80.8,0,0.31,16,,,83378265
86.29,FSM Enemy 14,FSM,ChaseState,WallDisappear,1.00,50.7,0,0.31,0,,,83378265
86.29,FSM Enemy 3,FSM,ChaseState,WallDisappear,1.00,63.7,0,0.31,8,,,83378265
86.29,FSM Enemy 5,FSM,ChaseState,WallDisappear,1.00,42.7,0,0.31,0,,,83378265
86.29,FSM Enemy 13,FSM,ChaseState,WallDisappear,0.50,47.4,0,0.31,0,,,83378265
86.29,FSM Enemy 12,FSM,ChaseState,WallDisappear,1.00,71.9,0,0.31,0,,,83378265
86.29,FSM Enemy 8,FSM,ChaseState,WallDisappear,0.75,47.8,0,0.31,0,,,83378265
86.29,FSM Enemy 1,FSM,ChaseState,WallDisappear,1.00,37.0,0,0.31,8,,,83378265
86.29,FSM Enemy 4,FSM,ChaseState,WallDisappear,1.00,59.0,0,0.31,0,,,83378265
86.29,FSM Enemy 7,FSM,ChaseState,WallDisappear,1.00,79.6,0,0.31,24,,,83378265
86.29,FSM Enemy 11,FSM,ChaseState,WallDisappear,1.00,94.6,0,0.31,0,,,83378265
86.29,FSM Enemy 6,FSM,ChaseState,WallDisappear,1.00,72.1,0,0.31,0,,,83378265
86.29,FSM Enemy 10,FSM,Dead,WallDisappear,0.00,44.0,0,0.31,0,,,83378265
86.29,FSM Enemy 9,FSM,Dead,WallDisappear,0.00,55.8,0,0.31,0,,,83378265
86.29,Utility Enemy 14,Utility,ChaseAction,WallDisappear,1.00,45.5,0,0.31,0,0.850,0.300,83378265
86.29,Utility Enemy 8,Utility,ChaseAction,WallDisappear,1.00,27.2,0,0.31,8,0.850,0.300,83378265
86.29,Utility Enemy 3,Utility,ChaseAction,WallDisappear,1.00,53.9,0,0.31,0,0.850,0.300,83378265
86.29,Utility Enemy 7,Utility,ChaseAction,WallDisappear,1.00,54.0,0,0.31,0,0.850,0.300,83378265
86.29,Utility Enemy 12,Utility,ChaseAction,WallDisappear,1.00,46.6,0,0.31,0,0.850,0.300,83378265
86.29,Utility Enemy 15,Utility,Dead,WallDisappear,0.00,13.3,0,0.31,16,100.000,0.120,83378265
86.29,Utility Enemy 1,Utility,Dead,WallDisappear,0.00,9.4,1,0.31,0,0.850,0.761,83378265
86.29,Utility Enemy 5,Utility,Dead,WallDisappear,0.00,15.3,0,0.31,0,0.120,0.000,83378265
86.29,Utility Enemy 13,Utility,ChaseAction,WallDisappear,1.00,87.6,0,0.31,8,0.850,0.300,83378265
86.29,Utility Enemy 6,Utility,ChaseAction,WallDisappear,1.00,76.5,0,0.31,16,0.850,0.300,83378265
86.29,Utility Enemy 4,Utility,ChaseAction,WallDisappear,1.00,69.7,0,0.31,0,0.850,0.300,83378265
86.29,Utility Enemy 10,Utility,ChaseAction,WallDisappear,1.00,47.5,0,0.31,0,0.850,0.300,83378265
86.29,Utility Enemy 11,Utility,Dead,WallDisappear,0.00,12.8,0,0.31,0,0.120,0.000,83378265
86.29,Utility Enemy 9,Utility,ChaseAction,WallDisappear,1.00,45.2,0,0.31,0,0.850,0.300,83378265
86.29,Utility Enemy 2,Utility,ChaseAction,WallDisappear,1.00,51.0,0,0.31,0,0.850,0.300,83378265
87.29,Player,Player,-,WallDisappear,0.31,,0,0.31,,,,83378265
87.29,FSM Enemy 2,FSM,ChaseState,WallDisappear,1.00,38.6,0,0.31,0,,,83378265
87.29,FSM Enemy 15,FSM,ChaseState,WallDisappear,1.00,80.8,0,0.31,16,,,83378265
87.29,FSM Enemy 14,FSM,ChaseState,WallDisappear,1.00,52.5,0,0.31,0,,,83378265
87.29,FSM Enemy 3,FSM,ChaseState,WallDisappear,1.00,60.2,0,0.31,8,,,83378265
87.29,FSM Enemy 5,FSM,ChaseState,WallDisappear,1.00,43.9,0,0.31,0,,,83378265
87.29,FSM Enemy 13,FSM,ChaseState,WallDisappear,0.50,47.2,0,0.31,0,,,83378265
87.29,FSM Enemy 12,FSM,ChaseState,WallDisappear,1.00,69.0,0,0.31,0,,,83378265
87.29,FSM Enemy 8,FSM,ChaseState,WallDisappear,0.75,48.2,0,0.31,0,,,83378265
87.29,FSM Enemy 1,FSM,ChaseState,WallDisappear,1.00,37.9,0,0.31,8,,,83378265
87.29,FSM Enemy 4,FSM,ChaseState,WallDisappear,1.00,56.6,0,0.31,0,,,83378265
87.29,FSM Enemy 7,FSM,ChaseState,WallDisappear,1.00,79.6,0,0.31,24,,,83378265
87.29,FSM Enemy 11,FSM,ChaseState,WallDisappear,1.00,93.4,0,0.31,0,,,83378265
87.29,FSM Enemy 6,FSM,ChaseState,WallDisappear,1.00,68.7,0,0.31,0,,,83378265
87.29,FSM Enemy 10,FSM,Dead,WallDisappear,0.00,44.0,0,0.31,0,,,83378265
87.29,FSM Enemy 9,FSM,Dead,WallDisappear,0.00,55.8,0,0.31,0,,,83378265
87.29,Utility Enemy 14,Utility,ChaseAction,WallDisappear,1.00,47.1,0,0.31,0,0.850,0.300,83378265
87.29,Utility Enemy 8,Utility,Dead,WallDisappear,0.00,27.4,0,0.31,8,0.850,0.300,83378265
87.29,Utility Enemy 3,Utility,ChaseAction,WallDisappear,1.00,50.6,0,0.31,0,0.850,0.300,83378265
87.29,Utility Enemy 7,Utility,ChaseAction,WallDisappear,1.00,50.3,0,0.31,0,0.850,0.300,83378265
87.29,Utility Enemy 12,Utility,ChaseAction,WallDisappear,1.00,47.4,0,0.31,0,0.850,0.300,83378265
87.29,Utility Enemy 15,Utility,Dead,WallDisappear,0.00,13.3,0,0.31,16,100.000,0.120,83378265
87.29,Utility Enemy 1,Utility,Dead,WallDisappear,0.00,9.4,1,0.31,0,0.850,0.761,83378265
87.29,Utility Enemy 5,Utility,Dead,WallDisappear,0.00,15.3,0,0.31,0,0.120,0.000,83378265
87.29,Utility Enemy 13,Utility,ChaseAction,WallDisappear,1.00,90.0,0,0.31,8,0.850,0.300,83378265
87.29,Utility Enemy 6,Utility,ChaseAction,WallDisappear,1.00,74.5,0,0.31,16,0.850,0.300,83378265
87.29,Utility Enemy 4,Utility,ChaseAction,WallDisappear,1.00,73.4,0,0.31,0,0.850,0.300,83378265
87.29,Utility Enemy 10,Utility,ChaseAction,WallDisappear,1.00,47.3,0,0.31,0,0.850,0.300,83378265
87.29,Utility Enemy 11,Utility,Dead,WallDisappear,0.00,12.8,0,0.31,0,0.120,0.000,83378265
87.29,Utility Enemy 9,Utility,ChaseAction,WallDisappear,1.00,48.0,0,0.31,0,0.850,0.300,83378265
87.29,Utility Enemy 2,Utility,ChaseAction,WallDisappear,1.00,50.9,0,0.31,0,0.850,0.300,83378265
88.30,Player,Player,-,None,0.31,,0,0.31,,,,83378265
88.30,FSM Enemy 2,FSM,PatrolState,None,1.00,38.8,0,0.31,0,,,83378265
88.30,FSM Enemy 15,FSM,PatrolState,None,1.00,80.2,0,0.31,16,,,83378265
88.30,FSM Enemy 14,FSM,PatrolState,None,1.00,52.3,0,0.31,0,,,83378265
88.30,FSM Enemy 3,FSM,PatrolState,None,1.00,56.8,0,0.31,8,,,83378265
88.30,FSM Enemy 5,FSM,PatrolState,None,0.75,44.9,0,0.31,0,,,83378265
88.30,FSM Enemy 13,FSM,PatrolState,None,0.50,47.2,0,0.31,0,,,83378265
88.30,FSM Enemy 12,FSM,PatrolState,None,1.00,67.6,0,0.31,0,,,83378265
88.30,FSM Enemy 8,FSM,PatrolState,None,0.75,48.4,0,0.31,0,,,83378265
88.30,FSM Enemy 1,FSM,PatrolState,None,1.00,37.8,0,0.31,8,,,83378265
88.30,FSM Enemy 4,FSM,PatrolState,None,1.00,54.8,0,0.31,0,,,83378265
88.30,FSM Enemy 7,FSM,PatrolState,None,1.00,79.9,0,0.31,24,,,83378265
88.30,FSM Enemy 11,FSM,PatrolState,None,1.00,94.0,0,0.31,0,,,83378265
88.30,FSM Enemy 6,FSM,PatrolState,None,1.00,66.0,0,0.31,0,,,83378265
88.30,FSM Enemy 10,FSM,Dead,None,0.00,44.0,0,0.31,0,,,83378265
88.30,FSM Enemy 9,FSM,Dead,None,0.00,55.8,0,0.31,0,,,83378265
88.30,Utility Enemy 14,Utility,PatrolAction,None,1.00,47.4,0,0.31,0,0.120,0.000,83378265
88.30,Utility Enemy 8,Utility,Dead,None,0.00,27.4,0,0.31,8,0.850,0.300,83378265
88.30,Utility Enemy 3,Utility,PatrolAction,None,1.00,49.2,0,0.31,0,0.120,0.000,83378265
88.30,Utility Enemy 7,Utility,PatrolAction,None,1.00,48.2,0,0.31,0,0.120,0.000,83378265
88.30,Utility Enemy 12,Utility,PatrolAction,None,1.00,47.9,0,0.31,0,0.120,0.000,83378265
88.30,Utility Enemy 15,Utility,Dead,None,0.00,13.3,0,0.31,16,100.000,0.120,83378265
88.30,Utility Enemy 1,Utility,Dead,None,0.00,9.4,1,0.31,0,0.850,0.761,83378265
88.30,Utility Enemy 5,Utility,Dead,None,0.00,15.3,0,0.31,0,0.120,0.000,83378265
88.30,Utility Enemy 13,Utility,PatrolAction,None,1.00,89.8,0,0.31,8,0.120,0.000,83378265
88.30,Utility Enemy 6,Utility,PatrolAction,None,1.00,73.0,0,0.31,16,0.120,0.000,83378265
88.30,Utility Enemy 4,Utility,PatrolAction,None,1.00,73.5,0,0.31,0,0.120,0.000,83378265
88.30,Utility Enemy 10,Utility,PatrolAction,None,1.00,47.3,0,0.31,0,0.120,0.000,83378265
88.30,Utility Enemy 11,Utility,Dead,None,0.00,12.8,0,0.31,0,0.120,0.000,83378265
88.30,Utility Enemy 9,Utility,PatrolAction,None,1.00,48.7,0,0.31,0,0.120,0.000,83378265
88.30,Utility Enemy 2,Utility,PatrolAction,None,1.00,51.8,0,0.31,0,0.120,0.000,83378265
89.30,Player,Player,-,None,0.31,,0,0.31,,,,83378265
89.30,FSM Enemy 2,FSM,PatrolState,None,1.00,38.5,0,0.31,0,,,83378265
89.30,FSM Enemy 15,FSM,PatrolState,None,1.00,77.9,0,0.31,16,,,83378265
89.30,FSM Enemy 14,FSM,PatrolState,None,1.00,52.5,0,0.31,0,,,83378265
89.30,FSM Enemy 3,FSM,PatrolState,None,1.00,54.3,0,0.31,8,,,83378265
89.30,FSM Enemy 5,FSM,PatrolState,None,0.75,44.7,0,0.31,0,,,83378265
89.30,FSM Enemy 13,FSM,PatrolState,None,0.50,47.5,0,0.31,0,,,83378265
89.30,FSM Enemy 12,FSM,PatrolState,None,1.00,69.0,0,0.31,0,,,83378265
89.30,FSM Enemy 8,FSM,PatrolState,None,0.75,47.5,0,0.31,0,,,83378265
89.30,FSM Enemy 1,FSM,PatrolState,None,1.00,37.6,0,0.31,8,,,83378265
89.30,FSM Enemy 4,FSM,PatrolState,None,1.00,55.2,0,0.31,0,,,83378265
89.30,FSM Enemy 7,FSM,PatrolState,None,1.00,80.9,0,0.31,24,,,83378265
89.30,FSM Enemy 11,FSM,PatrolState,None,1.00,96.3,0,0.31,0,,,83378265
89.30,FSM Enemy 6,FSM,PatrolState,None,1.00,68.2,0,0.31,0,,,83378265
89.30,FSM Enemy 10,FSM,Dead,None,0.00,44.0,0,0.31,0,,,83378265
89.30,FSM Enemy 9,FSM,Dead,None,0.00,55.8,0,0.31,0,,,83378265
89.30,Utility Enemy 14,Utility,PatrolAction,None,1.00,45.5,0,0.31,0,0.120,0.000,83378265
89.30,Utility Enemy 8,Utility,Dead,None,0.00,27.4,0,0.31,8,0.850,0.300,83378265
89.30,Utility Enemy 3,Utility,PatrolAction,None,1.00,48.5,0,0.31,0,0.120,0.000,83378265
89.30,Utility Enemy 7,Utility,PatrolAction,None,1.00,49.3,0,0.31,0,0.120,0.000,83378265
89.30,Utility Enemy 12,Utility,PatrolAction,None,1.00,50.3,0,0.31,0,0.120,0.000,83378265
89.30,Utility Enemy 15,Utility,Dead,None,0.00,13.3,0,0.31,16,100.000,0.120,83378265
89.30,Utility Enemy 1,Utility,Dead,None,0.00,9.4,1,0.31,0,0.850,0.761,83378265
89.30,Utility Enemy 5,Utility,Dead,None,0.00,15.3,0,0.31,0,0.120,0.000,83378265
89.30,Utility Enemy 13,Utility,PatrolAction,None,1.00,88.6,0,0.31,8,0.120,0.000,83378265
89.30,Utility Enemy 6,Utility,PatrolAction,None,1.00,69.4,0,0.31,16,0.120,0.000,83378265
89.30,Utility Enemy 4,Utility,PatrolAction,None,1.00,75.5,0,0.31,0,0.120,0.000,83378265
89.30,Utility Enemy 10,Utility,PatrolAction,None,1.00,48.8,0,0.31,0,0.120,0.000,83378265
89.30,Utility Enemy 11,Utility,Dead,None,0.00,12.8,0,0.31,0,0.120,0.000,83378265
89.30,Utility Enemy 9,Utility,PatrolAction,None,1.00,46.2,0,0.31,0,0.120,0.000,83378265
89.30,Utility Enemy 2,Utility,PatrolAction,None,1.00,52.6,0,0.31,0,0.120,0.000,83378265
90.30,Player,Player,-,GravityFlip,0.31,,0,0.31,,,,83378265
90.30,FSM Enemy 2,FSM,TakeCoverState,GravityFlip,1.00,39.3,0,0.31,0,,,83378265
90.30,FSM Enemy 15,FSM,TakeCoverState,GravityFlip,1.00,76.4,0,0.31,16,,,83378265
90.30,FSM Enemy 14,FSM,TakeCoverState,GravityFlip,1.00,51.0,0,0.31,0,,,83378265
90.30,FSM Enemy 3,FSM,TakeCoverState,GravityFlip,1.00,53.8,0,0.31,8,,,83378265
90.30,FSM Enemy 5,FSM,TakeCoverState,GravityFlip,0.75,44.3,0,0.31,0,,,83378265
90.30,FSM Enemy 13,FSM,TakeCoverState,GravityFlip,0.50,47.3,0,0.31,0,,,83378265
90.30,FSM Enemy 12,FSM,TakeCoverState,GravityFlip,1.00,71.6,0,0.31,0,,,83378265
90.30,FSM Enemy 8,FSM,TakeCoverState,GravityFlip,0.75,45.4,0,0.31,0,,,83378265
90.30,FSM Enemy 1,FSM,TakeCoverState,GravityFlip,1.00,39.1,0,0.31,8,,,83378265
90.30,FSM Enemy 4,FSM,TakeCoverState,GravityFlip,1.00,56.1,0,0.31,0,,,83378265
90.30,FSM Enemy 7,FSM,TakeCoverState,GravityFlip,1.00,79.4,0,0.31,24,,,83378265
90.30,FSM Enemy 11,FSM,TakeCoverState,GravityFlip,1.00,97.9,0,0.31,0,,,83378265
90.30,FSM Enemy 6,FSM,TakeCoverState,GravityFlip,1.00,68.8,0,0.31,0,,,83378265
90.30,FSM Enemy 10,FSM,Dead,GravityFlip,0.00,44.0,0,0.31,0,,,83378265
90.30,FSM Enemy 9,FSM,Dead,GravityFlip,0.00,55.8,0,0.31,0,,,83378265
90.30,Utility Enemy 14,Utility,TakeCoverAction,GravityFlip,1.00,43.5,0,0.31,0,0.820,0.750,83378265
90.30,Utility Enemy 8,Utility,Dead,GravityFlip,0.00,27.4,0,0.31,8,0.850,0.300,83378265
90.30,Utility Enemy 3,Utility,TakeCoverAction,GravityFlip,1.00,46.4,0,0.31,0,0.820,0.750,83378265
90.30,Utility Enemy 7,Utility,TakeCoverAction,GravityFlip,1.00,49.4,0,0.31,0,0.820,0.750,83378265
90.30,Utility Enemy 12,Utility,TakeCoverAction,GravityFlip,1.00,52.0,0,0.31,0,0.820,0.750,83378265
90.30,Utility Enemy 15,Utility,Dead,GravityFlip,0.00,13.3,0,0.31,16,100.000,0.120,83378265
90.30,Utility Enemy 1,Utility,TakeCoverAction,GravityFlip,1.00,36.3,0,0.31,0,0.820,0.810,83378265
90.30,Utility Enemy 5,Utility,Dead,GravityFlip,0.00,15.3,0,0.31,0,0.120,0.000,83378265
90.30,Utility Enemy 13,Utility,TakeCoverAction,GravityFlip,1.00,89.6,0,0.31,8,0.820,0.750,83378265
90.30,Utility Enemy 6,Utility,TakeCoverAction,GravityFlip,1.00,65.9,0,0.31,16,0.820,0.750,83378265
90.30,Utility Enemy 4,Utility,TakeCoverAction,GravityFlip,1.00,77.8,0,0.31,0,0.820,0.750,83378265
90.30,Utility Enemy 10,Utility,TakeCoverAction,GravityFlip,1.00,52.2,0,0.31,0,0.820,0.750,83378265
90.30,Utility Enemy 11,Utility,Dead,GravityFlip,0.00,12.8,0,0.31,0,0.120,0.000,83378265
90.30,Utility Enemy 9,Utility,TakeCoverAction,GravityFlip,1.00,44.1,0,0.31,0,0.820,0.750,83378265
90.30,Utility Enemy 2,Utility,TakeCoverAction,GravityFlip,1.00,49.9,0,0.31,0,0.820,0.750,83378265
91.31,Player,Player,-,GravityFlip,0.31,,0,0.31,,,,83378265
91.31,FSM Enemy 2,FSM,TakeCoverState,GravityFlip,1.00,42.1,0,0.31,0,,,83378265
91.31,FSM Enemy 15,FSM,TakeCoverState,GravityFlip,1.00,76.4,0,0.31,16,,,83378265
91.31,FSM Enemy 14,FSM,TakeCoverState,GravityFlip,1.00,48.7,0,0.31,0,,,83378265
91.31,FSM Enemy 3,FSM,TakeCoverState,GravityFlip,1.00,57.5,0,0.31,8,,,83378265
91.31,FSM Enemy 5,FSM,TakeCoverState,GravityFlip,0.75,43.5,0,0.31,0,,,83378265
91.31,FSM Enemy 13,FSM,TakeCoverState,GravityFlip,0.50,46.1,0,0.31,0,,,83378265
91.31,FSM Enemy 12,FSM,TakeCoverState,GravityFlip,1.00,75.6,0,0.31,0,,,83378265
91.31,FSM Enemy 8,FSM,TakeCoverState,GravityFlip,0.75,45.1,0,0.31,0,,,83378265
91.31,FSM Enemy 1,FSM,TakeCoverState,GravityFlip,1.00,43.5,0,0.31,8,,,83378265
91.31,FSM Enemy 4,FSM,TakeCoverState,GravityFlip,1.00,57.1,0,0.31,0,,,83378265
91.31,FSM Enemy 7,FSM,TakeCoverState,GravityFlip,1.00,79.1,0,0.31,24,,,83378265
91.31,FSM Enemy 11,FSM,TakeCoverState,GravityFlip,1.00,98.7,0,0.31,0,,,83378265
91.31,FSM Enemy 6,FSM,TakeCoverState,GravityFlip,1.00,66.2,0,0.31,0,,,83378265
91.31,FSM Enemy 10,FSM,Dead,GravityFlip,0.00,44.0,0,0.31,0,,,83378265
91.31,FSM Enemy 9,FSM,Dead,GravityFlip,0.00,55.8,0,0.31,0,,,83378265
91.31,Utility Enemy 14,Utility,TakeCoverAction,GravityFlip,1.00,43.4,0,0.31,0,0.820,0.750,83378265
91.31,Utility Enemy 8,Utility,Dead,GravityFlip,0.00,27.4,0,0.31,8,0.850,0.300,83378265
91.31,Utility Enemy 3,Utility,TakeCoverAction,GravityFlip,1.00,43.9,0,0.31,0,0.820,0.750,83378265
91.31,Utility Enemy 7,Utility,TakeCoverAction,GravityFlip,1.00,47.0,0,0.31,0,0.820,0.750,83378265
91.31,Utility Enemy 12,Utility,TakeCoverAction,GravityFlip,1.00,56.3,0,0.31,0,0.820,0.750,83378265
91.31,Utility Enemy 15,Utility,Dead,GravityFlip,0.00,13.3,0,0.31,16,100.000,0.120,83378265
91.31,Utility Enemy 1,Utility,TakeCoverAction,GravityFlip,1.00,36.3,0,0.31,0,0.820,0.810,83378265
91.31,Utility Enemy 5,Utility,Dead,GravityFlip,0.00,15.3,0,0.31,0,0.120,0.000,83378265
91.31,Utility Enemy 13,Utility,TakeCoverAction,GravityFlip,1.00,86.7,0,0.31,8,0.820,0.750,83378265
91.31,Utility Enemy 6,Utility,TakeCoverAction,GravityFlip,1.00,62.1,0,0.31,16,0.820,0.750,83378265
91.31,Utility Enemy 4,Utility,TakeCoverAction,GravityFlip,1.00,79.1,0,0.31,0,0.820,0.750,83378265
91.31,Utility Enemy 10,Utility,TakeCoverAction,GravityFlip,1.00,55.1,0,0.31,0,0.820,0.750,83378265
91.31,Utility Enemy 11,Utility,TakeCoverAction,GravityFlip,1.00,19.4,0,0.31,0,0.820,0.750,83378265
91.31,Utility Enemy 9,Utility,TakeCoverAction,GravityFlip,1.00,44.1,0,0.31,0,0.820,0.750,83378265
91.31,Utility Enemy 2,Utility,TakeCoverAction,GravityFlip,1.00,47.7,0,0.31,0,0.820,0.750,83378265
92.31,Player,Player,-,GravityFlip,0.31,,0,0.31,,,,83378265
92.31,FSM Enemy 2,FSM,TakeCoverState,GravityFlip,1.00,42.3,0,0.31,0,,,83378265
92.31,FSM Enemy 15,FSM,TakeCoverState,GravityFlip,1.00,76.4,0,0.31,16,,,83378265
92.31,FSM Enemy 14,FSM,TakeCoverState,GravityFlip,1.00,48.7,0,0.31,0,,,83378265
92.31,FSM Enemy 3,FSM,TakeCoverState,GravityFlip,1.00,57.5,0,0.31,8,,,83378265
92.31,FSM Enemy 5,FSM,TakeCoverState,GravityFlip,0.75,43.1,0,0.31,0,,,83378265
92.31,FSM Enemy 13,FSM,TakeCoverState,GravityFlip,0.50,46.0,0,0.31,0,,,83378265
92.31,FSM Enemy 12,FSM,TakeCoverState,GravityFlip,1.00,76.3,0,0.31,0,,,83378265
92.31,FSM Enemy 8,FSM,TakeCoverState,GravityFlip,0.75,44.9,0,0.31,0,,,83378265
92.31,FSM Enemy 1,FSM,TakeCoverState,GravityFlip,1.00,44.5,0,0.31,8,,,83378265
92.31,FSM Enemy 4,FSM,TakeCoverState,GravityFlip,1.00,57.1,0,0.31,0,,,83378265
92.31,FSM Enemy 7,FSM,TakeCoverState,GravityFlip,1.00,79.1,0,0.31,24,,,83378265
92.31,FSM Enemy 11,FSM,TakeCoverState,GravityFlip,1.00,98.7,0,0.31,0,,,83378265
92.31,FSM Enemy 6,FSM,TakeCoverState,GravityFlip,1.00,65.4,0,0.31,0,,,83378265
92.31,FSM Enemy 10,FSM,Dead,GravityFlip,0.00,44.0,0,0.31,0,,,83378265
92.31,FSM Enemy 9,FSM,Dead,GravityFlip,0.00,55.8,0,0.31,0,,,83378265
92.31,Utility Enemy 14,Utility,TakeCoverAction,GravityFlip,1.00,43.4,0,0.31,0,0.820,0.750,83378265
92.31,Utility Enemy 8,Utility,Dead,GravityFlip,0.00,27.4,0,0.31,8,0.850,0.300,83378265
92.31,Utility Enemy 3,Utility,TakeCoverAction,GravityFlip,1.00,43.9,0,0.31,0,0.820,0.750,83378265
92.31,Utility Enemy 7,Utility,TakeCoverAction,GravityFlip,1.00,45.1,0,0.31,0,0.820,0.750,83378265
92.31,Utility Enemy 12,Utility,TakeCoverAction,GravityFlip,1.00,57.3,0,0.31,0,0.820,0.750,83378265
92.31,Utility Enemy 15,Utility,Dead,GravityFlip,0.00,13.3,0,0.31,16,100.000,0.120,83378265
92.31,Utility Enemy 1,Utility,TakeCoverAction,GravityFlip,1.00,36.3,0,0.31,0,0.820,0.810,83378265
92.31,Utility Enemy 5,Utility,TakeCoverAction,GravityFlip,1.00,73.3,0,0.31,0,0.820,0.750,83378265
92.31,Utility Enemy 13,Utility,TakeCoverAction,GravityFlip,1.00,83.8,0,0.31,8,0.820,0.750,83378265
92.31,Utility Enemy 6,Utility,TakeCoverAction,GravityFlip,1.00,61.0,0,0.31,16,0.820,0.750,83378265
92.31,Utility Enemy 4,Utility,TakeCoverAction,GravityFlip,1.00,79.1,0,0.31,0,0.820,0.750,83378265
92.31,Utility Enemy 10,Utility,TakeCoverAction,GravityFlip,1.00,56.0,0,0.31,0,0.820,0.750,83378265
92.31,Utility Enemy 11,Utility,TakeCoverAction,GravityFlip,1.00,19.6,0,0.31,0,0.820,0.750,83378265
92.31,Utility Enemy 9,Utility,TakeCoverAction,GravityFlip,1.00,44.1,0,0.31,0,0.820,0.750,83378265
92.31,Utility Enemy 2,Utility,TakeCoverAction,GravityFlip,1.00,47.7,0,0.31,0,0.820,0.750,83378265
93.32,Player,Player,-,GravityFlip,0.31,,0,0.31,,,,83378265
93.32,FSM Enemy 2,FSM,TakeCoverState,GravityFlip,1.00,42.3,0,0.31,0,,,83378265
93.32,FSM Enemy 15,FSM,TakeCoverState,GravityFlip,1.00,76.4,0,0.31,16,,,83378265
93.32,FSM Enemy 14,FSM,TakeCoverState,GravityFlip,1.00,48.7,0,0.31,0,,,83378265
93.32,FSM Enemy 3,FSM,TakeCoverState,GravityFlip,1.00,57.5,0,0.31,8,,,83378265
93.32,FSM Enemy 5,FSM,TakeCoverState,GravityFlip,0.75,43.1,0,0.31,0,,,83378265
93.32,FSM Enemy 13,FSM,TakeCoverState,GravityFlip,0.50,46.0,0,0.31,0,,,83378265
93.32,FSM Enemy 12,FSM,TakeCoverState,GravityFlip,1.00,76.3,0,0.31,0,,,83378265
93.32,FSM Enemy 8,FSM,TakeCoverState,GravityFlip,0.75,45.3,0,0.31,0,,,83378265
93.32,FSM Enemy 1,FSM,TakeCoverState,GravityFlip,1.00,44.5,0,0.31,8,,,83378265
93.32,FSM Enemy 4,FSM,TakeCoverState,GravityFlip,1.00,57.1,0,0.31,0,,,83378265
93.32,FSM Enemy 7,FSM,TakeCoverState,GravityFlip,1.00,79.1,0,0.31,24,,,83378265
93.32,FSM Enemy 11,FSM,TakeCoverState,GravityFlip,1.00,98.7,0,0.31,0,,,83378265
93.32,FSM Enemy 6,FSM,TakeCoverState,GravityFlip,1.00,65.4,0,0.31,0,,,83378265
93.32,FSM Enemy 10,FSM,Dead,GravityFlip,0.00,44.0,0,0.31,0,,,83378265
93.32,FSM Enemy 9,FSM,Dead,GravityFlip,0.00,55.8,0,0.31,0,,,83378265
93.32,Utility Enemy 14,Utility,TakeCoverAction,GravityFlip,1.00,43.4,0,0.31,0,0.820,0.750,83378265
93.32,Utility Enemy 8,Utility,Dead,GravityFlip,0.00,27.4,0,0.31,8,0.850,0.300,83378265
93.32,Utility Enemy 3,Utility,TakeCoverAction,GravityFlip,1.00,43.9,0,0.31,0,0.820,0.750,83378265
93.32,Utility Enemy 7,Utility,TakeCoverAction,GravityFlip,1.00,44.4,0,0.31,0,0.820,0.750,83378265
93.32,Utility Enemy 12,Utility,TakeCoverAction,GravityFlip,1.00,57.3,0,0.31,0,0.820,0.750,83378265
93.32,Utility Enemy 15,Utility,Dead,GravityFlip,0.00,13.3,0,0.31,16,100.000,0.120,83378265
93.32,Utility Enemy 1,Utility,TakeCoverAction,GravityFlip,1.00,36.3,0,0.31,0,0.820,0.810,83378265
93.32,Utility Enemy 5,Utility,TakeCoverAction,GravityFlip,1.00,70.1,0,0.31,0,0.820,0.750,83378265
93.32,Utility Enemy 13,Utility,TakeCoverAction,GravityFlip,1.00,80.9,0,0.31,8,0.820,0.750,83378265
93.32,Utility Enemy 6,Utility,TakeCoverAction,GravityFlip,1.00,61.0,0,0.31,16,0.820,0.750,83378265
93.32,Utility Enemy 4,Utility,TakeCoverAction,GravityFlip,1.00,79.1,0,0.31,0,0.820,0.750,83378265
93.32,Utility Enemy 10,Utility,TakeCoverAction,GravityFlip,1.00,56.0,0,0.31,0,0.820,0.750,83378265
93.32,Utility Enemy 11,Utility,TakeCoverAction,GravityFlip,1.00,22.1,0,0.31,0,0.820,0.750,83378265
93.32,Utility Enemy 9,Utility,TakeCoverAction,GravityFlip,1.00,43.9,0,0.31,0,0.820,0.750,83378265
93.32,Utility Enemy 2,Utility,TakeCoverAction,GravityFlip,1.00,47.7,0,0.31,0,0.820,0.750,83378265
94.32,Player,Player,-,GravityFlip,0.31,,0,0.31,,,,83378265
94.32,FSM Enemy 2,FSM,TakeCoverState,GravityFlip,1.00,42.3,0,0.31,0,,,83378265
94.32,FSM Enemy 15,FSM,TakeCoverState,GravityFlip,1.00,76.4,0,0.31,16,,,83378265
94.32,FSM Enemy 14,FSM,TakeCoverState,GravityFlip,1.00,48.7,0,0.31,0,,,83378265
94.32,FSM Enemy 3,FSM,TakeCoverState,GravityFlip,1.00,57.5,0,0.31,8,,,83378265
94.32,FSM Enemy 5,FSM,TakeCoverState,GravityFlip,0.75,43.1,0,0.31,0,,,83378265
94.32,FSM Enemy 13,FSM,TakeCoverState,GravityFlip,0.50,46.0,0,0.31,0,,,83378265
94.32,FSM Enemy 12,FSM,TakeCoverState,GravityFlip,1.00,76.3,0,0.31,0,,,83378265
94.32,FSM Enemy 8,FSM,TakeCoverState,GravityFlip,0.75,45.4,0,0.31,0,,,83378265
94.32,FSM Enemy 1,FSM,TakeCoverState,GravityFlip,1.00,44.5,0,0.31,8,,,83378265
94.32,FSM Enemy 4,FSM,TakeCoverState,GravityFlip,1.00,57.1,0,0.31,0,,,83378265
94.32,FSM Enemy 7,FSM,TakeCoverState,GravityFlip,1.00,79.1,0,0.31,24,,,83378265
94.32,FSM Enemy 11,FSM,TakeCoverState,GravityFlip,1.00,98.7,0,0.31,0,,,83378265
94.32,FSM Enemy 6,FSM,TakeCoverState,GravityFlip,1.00,65.4,0,0.31,0,,,83378265
94.32,FSM Enemy 10,FSM,Dead,GravityFlip,0.00,44.0,0,0.31,0,,,83378265
94.32,FSM Enemy 9,FSM,Dead,GravityFlip,0.00,55.8,0,0.31,0,,,83378265
94.32,Utility Enemy 14,Utility,TakeCoverAction,GravityFlip,1.00,43.0,0,0.31,0,0.820,0.750,83378265
94.32,Utility Enemy 8,Utility,Dead,GravityFlip,0.00,27.4,0,0.31,8,0.850,0.300,83378265
94.32,Utility Enemy 3,Utility,TakeCoverAction,GravityFlip,1.00,43.9,0,0.31,0,0.820,0.750,83378265
94.32,Utility Enemy 7,Utility,TakeCoverAction,GravityFlip,1.00,44.2,0,0.31,0,0.820,0.750,83378265
94.32,Utility Enemy 12,Utility,TakeCoverAction,GravityFlip,1.00,57.3,0,0.31,0,0.820,0.750,83378265
94.32,Utility Enemy 15,Utility,Dead,GravityFlip,0.00,13.3,0,0.31,16,100.000,0.120,83378265
94.32,Utility Enemy 1,Utility,TakeCoverAction,GravityFlip,1.00,36.3,0,0.31,0,0.820,0.750,83378265
94.32,Utility Enemy 5,Utility,TakeCoverAction,GravityFlip,1.00,67.1,0,0.31,0,0.820,0.750,83378265
94.32,Utility Enemy 13,Utility,TakeCoverAction,GravityFlip,1.00,79.4,0,0.31,8,0.820,0.750,83378265
94.32,Utility Enemy 6,Utility,TakeCoverAction,GravityFlip,1.00,61.0,0,0.31,16,0.820,0.750,83378265
94.32,Utility Enemy 4,Utility,TakeCoverAction,GravityFlip,1.00,79.1,0,0.31,0,0.820,0.750,83378265
94.32,Utility Enemy 10,Utility,TakeCoverAction,GravityFlip,1.00,56.0,0,0.31,0,0.820,0.750,83378265
94.32,Utility Enemy 11,Utility,TakeCoverAction,GravityFlip,0.75,23.6,0,0.31,0,0.820,0.750,83378265
94.32,Utility Enemy 9,Utility,TakeCoverAction,GravityFlip,1.00,43.8,0,0.31,0,0.820,0.750,83378265
94.32,Utility Enemy 2,Utility,TakeCoverAction,GravityFlip,1.00,47.7,0,0.31,0,0.820,0.750,83378265
95.33,Player,Player,-,None,0.31,,0,0.31,,,,83378265
95.33,FSM Enemy 2,FSM,PatrolState,None,1.00,41.7,0,0.31,0,,,83378265
95.33,FSM Enemy 15,FSM,PatrolState,None,1.00,76.0,0,0.31,16,,,83378265
95.33,FSM Enemy 14,FSM,PatrolState,None,1.00,48.5,0,0.31,0,,,83378265
95.33,FSM Enemy 3,FSM,PatrolState,None,1.00,56.4,0,0.31,8,,,83378265
95.33,FSM Enemy 5,FSM,PatrolState,None,0.75,43.2,0,0.31,0,,,83378265
95.33,FSM Enemy 13,FSM,PatrolState,None,0.50,46.9,0,0.31,0,,,83378265
95.33,FSM Enemy 12,FSM,PatrolState,None,1.00,77.5,0,0.31,0,,,83378265
95.33,FSM Enemy 8,FSM,PatrolState,None,0.75,44.7,0,0.31,0,,,83378265
95.33,FSM Enemy 1,FSM,PatrolState,None,1.00,43.3,0,0.31,8,,,83378265
95.33,FSM Enemy 4,FSM,PatrolState,None,1.00,57.8,0,0.31,0,,,83378265
95.33,FSM Enemy 7,FSM,PatrolState,None,1.00,80.2,0,0.31,24,,,83378265
95.33,FSM Enemy 11,FSM,PatrolState,None,1.00,97.5,0,0.31,0,,,83378265
95.33,FSM Enemy 6,FSM,PatrolState,None,1.00,66.1,0,0.31,0,,,83378265
95.33,FSM Enemy 10,FSM,Dead,None,0.00,44.0,0,0.31,0,,,83378265
95.33,FSM Enemy 9,FSM,Dead,None,0.00,55.8,0,0.31,0,,,83378265
95.33,Utility Enemy 14,Utility,PatrolAction,None,1.00,41.4,0,0.31,0,0.120,0.000,83378265
95.33,Utility Enemy 8,Utility,Dead,None,0.00,27.4,0,0.31,8,0.850,0.300,83378265
95.33,Utility Enemy 3,Utility,PatrolAction,None,1.00,42.7,0,0.31,0,0.120,0.000,83378265
95.33,Utility Enemy 7,Utility,PatrolAction,None,1.00,43.5,0,0.31,0,0.120,0.000,83378265
95.33,Utility Enemy 12,Utility,PatrolAction,None,1.00,56.0,0,0.31,0,0.120,0.000,83378265
95.33,Utility Enemy 15,Utility,Dead,None,0.00,13.3,0,0.31,16,100.000,0.120,83378265
95.33,Utility Enemy 1,Utility,PatrolAction,None,1.00,36.7,0,0.31,0,0.120,0.000,83378265
95.33,Utility Enemy 5,Utility,PatrolAction,None,1.00,67.5,0,0.31,0,0.120,0.000,83378265
95.33,Utility Enemy 13,Utility,PatrolAction,None,1.00,80.9,0,0.31,8,0.120,0.000,83378265
95.33,Utility Enemy 6,Utility,PatrolAction,None,1.00,60.3,0,0.31,16,0.120,0.000,83378265
95.33,Utility Enemy 4,Utility,PatrolAction,None,1.00,79.8,0,0.31,0,0.120,0.000,83378265
95.33,Utility Enemy 10,Utility,PatrolAction,None,1.00,55.1,0,0.31,0,0.120,0.000,83378265
95.33,Utility Enemy 11,Utility,PatrolAction,None,0.50,24.8,0,0.31,0,0.120,0.000,83378265
95.33,Utility Enemy 9,Utility,PatrolAction,None,1.00,42.4,0,0.31,0,0.120,0.000,83378265
95.33,Utility Enemy 2,Utility,PatrolAction,None,1.00,49.2,0,0.31,0,0.120,0.000,83378265
96.33,Player,Player,-,None,0.31,,0,0.31,,,,83378265
96.33,FSM Enemy 2,FSM,PatrolState,None,1.00,40.6,0,0.31,0,,,83378265
96.33,FSM Enemy 15,FSM,PatrolState,None,1.00,75.2,0,0.31,16,,,83378265
96.33,FSM Enemy 14,FSM,PatrolState,None,1.00,48.4,0,0.31,0,,,83378265
96.33,FSM Enemy 3,FSM,PatrolState,None,1.00,53.9,0,0.31,8,,,83378265
96.33,FSM Enemy 5,FSM,PatrolState,None,0.75,43.7,0,0.31,0,,,83378265
96.33,FSM Enemy 13,FSM,PatrolState,None,0.50,48.7,0,0.31,0,,,83378265
96.33,FSM Enemy 12,FSM,PatrolState,None,1.00,80.0,0,0.31,0,,,83378265
96.33,FSM Enemy 8,FSM,PatrolState,None,0.75,43.5,0,0.31,0,,,83378265
96.33,FSM Enemy 1,FSM,PatrolState,None,1.00,41.0,0,0.31,8,,,83378265
96.33,FSM Enemy 4,FSM,PatrolState,None,1.00,59.2,0,0.31,0,,,83378265
96.33,FSM Enemy 7,FSM,PatrolState,None,1.00,79.8,0,0.31,24,,,83378265
96.33,FSM Enemy 11,FSM,PatrolState,None,1.00,95.8,0,0.31,0,,,83378265
96.33,FSM Enemy 6,FSM,PatrolState,None,1.00,67.5,0,0.31,0,,,83378265
96.33,FSM Enemy 10,FSM,Dead,None,0.00,44.0,0,0.31,0,,,83378265
96.33,FSM Enemy 9,FSM,Dead,None,0.00,55.8,0,0.31,0,,,83378265
96.33,Utility Enemy 14,Utility,PatrolAction,None,1.00,37.1,0,0.31,0,0.120,0.000,83378265
96.33,Utility Enemy 8,Utility,Dead,None,0.00,27.4,0,0.31,8,0.850,0.300,83378265
96.33,Utility Enemy 3,Utility,PatrolAction,None,1.00,39.5,0,0.31,0,0.120,0.000,83378265
96.33,Utility Enemy 7,Utility,PatrolAction,None,1.00,45.4,0,0.31,0,0.120,0.000,83378265
96.33,Utility Enemy 12,Utility,PatrolAction,None,1.00,52.3,0,0.31,0,0.120,0.000,83378265
96.33,Utility Enemy 15,Utility,Dead,None,0.00,13.3,0,0.31,16,100.000,0.120,83378265
96.33,Utility Enemy 1,Utility,PatrolAction,None,1.00,38.1,0,0.31,0,0.120,0.000,83378265
96.33,Utility Enemy 5,Utility,PatrolAction,None,1.00,68.7,0,0.31,0,0.120,0.000,83378265
96.33,Utility Enemy 13,Utility,PatrolAction,None,1.00,84.9,0,0.31,8,0.120,0.000,83378265
96.33,Utility Enemy 6,Utility,PatrolAction,None,1.00,58.7,0,0.31,16,0.120,0.000,83378265
96.33,Utility Enemy 4,Utility,PatrolAction,None,1.00,83.7,0,0.31,0,0.120,0.000,83378265
96.33,Utility Enemy 10,Utility,PatrolAction,None,1.00,52.6,0,0.31,0,0.120,0.000,83378265
96.33,Utility Enemy 11,Utility,PatrolAction,None,0.50,28.4,0,0.31,0,0.120,0.000,83378265
96.33,Utility Enemy 9,Utility,PatrolAction,None,1.00,43.6,0,0.31,0,0.120,0.000,83378265
96.33,Utility Enemy 2,Utility,PatrolAction,None,1.00,53.6,0,0.31,0,0.120,0.000,83378265
97.33,Player,Player,-,PlayerDuplicate,0.31,,0,0.31,,,,83378265
97.33,FSM Enemy 2,FSM,AttackState,PlayerDuplicate,1.00,40.0,0,0.31,0,,,83378265
97.33,FSM Enemy 15,FSM,AttackState,PlayerDuplicate,1.00,74.7,0,0.31,16,,,83378265
97.33,FSM Enemy 14,FSM,AttackState,PlayerDuplicate,1.00,48.4,0,0.31,0,,,83378265
97.33,FSM Enemy 3,FSM,AttackState,PlayerDuplicate,1.00,52.4,0,0.31,8,,,83378265
97.33,FSM Enemy 5,FSM,AttackState,PlayerDuplicate,0.75,44.0,0,0.31,0,,,83378265
97.33,FSM Enemy 13,FSM,AttackState,PlayerDuplicate,0.50,49.9,0,0.31,0,,,83378265
97.33,FSM Enemy 12,FSM,AttackState,PlayerDuplicate,1.00,81.4,0,0.31,0,,,83378265
97.33,FSM Enemy 8,FSM,AttackState,PlayerDuplicate,0.75,41.9,0,0.31,0,,,83378265
97.33,FSM Enemy 1,FSM,AttackState,PlayerDuplicate,1.00,39.4,0,0.31,8,,,83378265
97.33,FSM Enemy 4,FSM,AttackState,PlayerDuplicate,1.00,60.3,0,0.31,0,,,83378265
97.33,FSM Enemy 7,FSM,AttackState,PlayerDuplicate,1.00,79.5,0,0.31,24,,,83378265
97.33,FSM Enemy 11,FSM,AttackState,PlayerDuplicate,1.00,95.0,0,0.31,0,,,83378265
97.33,FSM Enemy 6,FSM,AttackState,PlayerDuplicate,1.00,68.5,0,0.31,0,,,83378265
97.33,FSM Enemy 10,FSM,Dead,PlayerDuplicate,0.00,44.0,0,0.31,0,,,83378265
97.33,FSM Enemy 9,FSM,Dead,PlayerDuplicate,0.00,55.8,0,0.31,0,,,83378265
97.33,Utility Enemy 14,Utility,PatrolAction,PlayerDuplicate,1.00,32.9,0,0.31,0,0.120,0.000,83378265
97.33,Utility Enemy 8,Utility,Dead,PlayerDuplicate,0.00,27.4,0,0.31,8,0.850,0.300,83378265
97.33,Utility Enemy 3,Utility,PatrolAction,PlayerDuplicate,0.90,35.8,0,0.31,0,0.120,0.000,83378265
97.33,Utility Enemy 7,Utility,PatrolAction,PlayerDuplicate,0.90,49.4,0,0.31,0,0.120,0.000,83378265
97.33,Utility Enemy 12,Utility,PatrolAction,PlayerDuplicate,1.00,50.6,0,0.31,0,0.120,0.000,83378265
97.33,Utility Enemy 15,Utility,PatrolAction,PlayerDuplicate,1.00,79.7,0,0.31,16,0.120,0.000,83378265
97.33,Utility Enemy 1,Utility,PatrolAction,PlayerDuplicate,1.00,40.3,0,0.31,0,0.120,0.000,83378265
97.33,Utility Enemy 5,Utility,PatrolAction,PlayerDuplicate,1.00,65.9,0,0.31,0,0.120,0.000,83378265
97.33,Utility Enemy 13,Utility,PatrolAction,PlayerDuplicate,1.00,86.8,0,0.31,8,0.120,0.000,83378265
97.33,Utility Enemy 6,Utility,PatrolAction,PlayerDuplicate,1.00,57.4,0,0.31,16,0.120,0.000,83378265
97.33,Utility Enemy 4,Utility,PatrolAction,PlayerDuplicate,1.00,84.8,0,0.31,0,0.120,0.000,83378265
97.33,Utility Enemy 10,Utility,PatrolAction,PlayerDuplicate,1.00,50.6,0,0.31,0,0.120,0.000,83378265
97.33,Utility Enemy 11,Utility,PatrolAction,PlayerDuplicate,0.50,27.5,0,0.31,0,0.120,0.000,83378265
97.33,Utility Enemy 9,Utility,PatrolAction,PlayerDuplicate,1.00,47.1,0,0.31,0,0.120,0.000,83378265
97.33,Utility Enemy 2,Utility,PatrolAction,PlayerDuplicate,1.00,58.0,0,0.31,0,0.120,0.000,83378265
98.34,Player,Player,-,PlayerDuplicate,0.31,,0,0.31,,,,83378265
98.34,FSM Enemy 2,FSM,AttackState,PlayerDuplicate,1.00,40.0,0,0.31,0,,,83378265
98.34,FSM Enemy 15,FSM,AttackState,PlayerDuplicate,1.00,74.7,0,0.31,16,,,83378265
98.34,FSM Enemy 14,FSM,AttackState,PlayerDuplicate,1.00,48.4,0,0.31,0,,,83378265
98.34,FSM Enemy 3,FSM,AttackState,PlayerDuplicate,1.00,52.4,0,0.31,8,,,83378265
98.34,FSM Enemy 5,FSM,AttackState,PlayerDuplicate,0.75,44.0,0,0.31,0,,,83378265
98.34,FSM Enemy 13,FSM,AttackState,PlayerDuplicate,0.50,49.9,0,0.31,0,,,83378265
98.34,FSM Enemy 12,FSM,AttackState,PlayerDuplicate,1.00,81.4,0,0.31,0,,,83378265
98.34,FSM Enemy 8,FSM,AttackState,PlayerDuplicate,0.75,41.9,0,0.31,0,,,83378265
98.34,FSM Enemy 1,FSM,AttackState,PlayerDuplicate,1.00,39.4,0,0.31,8,,,83378265
98.34,FSM Enemy 4,FSM,AttackState,PlayerDuplicate,1.00,60.3,0,0.31,0,,,83378265
98.34,FSM Enemy 7,FSM,AttackState,PlayerDuplicate,1.00,79.5,0,0.31,24,,,83378265
98.34,FSM Enemy 11,FSM,AttackState,PlayerDuplicate,1.00,95.0,0,0.31,0,,,83378265
98.34,FSM Enemy 6,FSM,AttackState,PlayerDuplicate,1.00,68.5,0,0.31,0,,,83378265
98.34,FSM Enemy 10,FSM,Dead,PlayerDuplicate,0.00,44.0,0,0.31,0,,,83378265
98.34,FSM Enemy 9,FSM,Dead,PlayerDuplicate,0.00,55.8,0,0.31,0,,,83378265
98.34,Utility Enemy 14,Utility,PatrolAction,PlayerDuplicate,1.00,30.7,0,0.31,0,0.120,0.000,83378265
98.34,Utility Enemy 8,Utility,Dead,PlayerDuplicate,0.00,27.4,0,0.31,8,0.850,0.300,83378265
98.34,Utility Enemy 3,Utility,PatrolAction,PlayerDuplicate,0.90,32.4,0,0.31,0,0.120,0.000,83378265
98.34,Utility Enemy 7,Utility,PatrolAction,PlayerDuplicate,0.90,53.7,0,0.31,0,0.120,0.000,83378265
98.34,Utility Enemy 12,Utility,PatrolAction,PlayerDuplicate,1.00,54.9,0,0.31,0,0.120,0.000,83378265
98.34,Utility Enemy 15,Utility,PatrolAction,PlayerDuplicate,1.00,79.4,0,0.31,16,0.120,0.000,83378265
98.34,Utility Enemy 1,Utility,PatrolAction,PlayerDuplicate,1.00,42.5,0,0.31,0,0.120,0.000,83378265
98.34,Utility Enemy 5,Utility,PatrolAction,PlayerDuplicate,1.00,64.3,0,0.31,0,0.120,0.000,83378265
98.34,Utility Enemy 13,Utility,PatrolAction,PlayerDuplicate,1.00,86.2,0,0.31,8,0.120,0.000,83378265
98.34,Utility Enemy 6,Utility,PatrolAction,PlayerDuplicate,1.00,59.2,0,0.31,16,0.120,0.000,83378265
98.34,Utility Enemy 4,Utility,PatrolAction,PlayerDuplicate,1.00,84.8,0,0.31,0,0.120,0.000,83378265
98.34,Utility Enemy 10,Utility,PatrolAction,PlayerDuplicate,1.00,50.7,0,0.31,0,0.120,0.000,83378265
98.34,Utility Enemy 11,Utility,PatrolAction,PlayerDuplicate,0.50,25.1,0,0.31,0,0.120,0.000,83378265
98.34,Utility Enemy 9,Utility,PatrolAction,PlayerDuplicate,1.00,51.0,0,0.31,0,0.120,0.000,83378265
98.34,Utility Enemy 2,Utility,PatrolAction,PlayerDuplicate,1.00,61.8,0,0.31,0,0.120,0.000,83378265
99.34,Player,Player,-,PlayerDuplicate,0.31,,0,0.31,,,,83378265
99.34,FSM Enemy 2,FSM,AttackState,PlayerDuplicate,1.00,40.0,0,0.31,0,,,83378265
99.34,FSM Enemy 15,FSM,AttackState,PlayerDuplicate,1.00,74.7,0,0.31,16,,,83378265
99.34,FSM Enemy 14,FSM,AttackState,PlayerDuplicate,1.00,48.4,0,0.31,0,,,83378265
99.34,FSM Enemy 3,FSM,AttackState,PlayerDuplicate,1.00,52.4,0,0.31,8,,,83378265
99.34,FSM Enemy 5,FSM,AttackState,PlayerDuplicate,0.75,44.0,0,0.31,0,,,83378265
99.34,FSM Enemy 13,FSM,AttackState,PlayerDuplicate,0.50,49.9,0,0.31,0,,,83378265
99.34,FSM Enemy 12,FSM,AttackState,PlayerDuplicate,1.00,81.4,0,0.31,0,,,83378265
99.34,FSM Enemy 8,FSM,AttackState,PlayerDuplicate,0.75,41.9,0,0.31,0,,,83378265
99.34,FSM Enemy 1,FSM,AttackState,PlayerDuplicate,1.00,39.4,0,0.31,8,,,83378265
99.34,FSM Enemy 4,FSM,AttackState,PlayerDuplicate,1.00,60.3,0,0.31,0,,,83378265
99.34,FSM Enemy 7,FSM,AttackState,PlayerDuplicate,1.00,79.5,0,0.31,24,,,83378265
99.34,FSM Enemy 11,FSM,AttackState,PlayerDuplicate,1.00,95.0,0,0.31,0,,,83378265
99.34,FSM Enemy 6,FSM,AttackState,PlayerDuplicate,1.00,68.5,0,0.31,0,,,83378265
99.34,FSM Enemy 10,FSM,Dead,PlayerDuplicate,0.00,44.0,0,0.31,0,,,83378265
99.34,FSM Enemy 9,FSM,Dead,PlayerDuplicate,0.00,55.8,0,0.31,0,,,83378265
99.34,Utility Enemy 14,Utility,PatrolAction,PlayerDuplicate,1.00,30.0,0,0.31,0,0.120,0.000,83378265
99.34,Utility Enemy 8,Utility,Dead,PlayerDuplicate,0.00,27.4,0,0.31,8,0.850,0.300,83378265
99.34,Utility Enemy 3,Utility,PatrolAction,PlayerDuplicate,0.90,31.2,0,0.31,0,0.120,0.000,83378265
99.34,Utility Enemy 7,Utility,PatrolAction,PlayerDuplicate,0.90,56.1,0,0.31,0,0.120,0.000,83378265
99.34,Utility Enemy 12,Utility,PatrolAction,PlayerDuplicate,1.00,59.3,0,0.31,0,0.120,0.000,83378265
99.34,Utility Enemy 15,Utility,PatrolAction,PlayerDuplicate,1.00,79.3,0,0.31,16,0.120,0.000,83378265
99.34,Utility Enemy 1,Utility,PatrolAction,PlayerDuplicate,1.00,40.1,0,0.31,0,0.120,0.000,83378265
99.34,Utility Enemy 5,Utility,PatrolAction,PlayerDuplicate,1.00,65.0,0,0.31,0,0.120,0.000,83378265
99.34,Utility Enemy 13,Utility,PatrolAction,PlayerDuplicate,1.00,86.7,0,0.31,8,0.120,0.000,83378265
99.34,Utility Enemy 6,Utility,PatrolAction,PlayerDuplicate,1.00,60.6,0,0.31,16,0.120,0.000,83378265
99.34,Utility Enemy 4,Utility,PatrolAction,PlayerDuplicate,1.00,86.7,0,0.31,0,0.120,0.000,83378265
99.34,Utility Enemy 10,Utility,PatrolAction,PlayerDuplicate,0.90,50.4,0,0.31,0,0.120,0.000,83378265
99.34,Utility Enemy 11,Utility,PatrolAction,PlayerDuplicate,0.50,21.1,0,0.31,0,0.120,0.000,83378265
99.34,Utility Enemy 9,Utility,PatrolAction,PlayerDuplicate,1.00,55.0,0,0.31,0,0.120,0.000,83378265
99.34,Utility Enemy 2,Utility,PatrolAction,PlayerDuplicate,1.00,65.8,0,0.31,0,0.120,0.000,83378265
100.34,Player,Player,-,PlayerDuplicate,0.31,,0,0.31,,,,83378265
100.34,FSM Enemy 2,FSM,AttackState,PlayerDuplicate,1.00,40.0,0,0.31,0,,,83378265
100.34,FSM Enemy 15,FSM,AttackState,PlayerDuplicate,1.00,74.7,0,0.31,16,,,83378265
100.34,FSM Enemy 14,FSM,AttackState,PlayerDuplicate,1.00,48.4,0,0.31,0,,,83378265
100.34,FSM Enemy 3,FSM,AttackState,PlayerDuplicate,1.00,52.4,0,0.31,8,,,83378265
100.34,FSM Enemy 5,FSM,AttackState,PlayerDuplicate,0.75,44.0,0,0.31,0,,,83378265
100.34,FSM Enemy 13,FSM,AttackState,PlayerDuplicate,0.50,49.9,0,0.31,0,,,83378265
100.34,FSM Enemy 12,FSM,AttackState,PlayerDuplicate,1.00,81.4,0,0.31,0,,,83378265
100.34,FSM Enemy 8,FSM,AttackState,PlayerDuplicate,0.75,41.9,0,0.31,0,,,83378265
100.34,FSM Enemy 1,FSM,AttackState,PlayerDuplicate,1.00,39.4,0,0.31,8,,,83378265
100.34,FSM Enemy 4,FSM,AttackState,PlayerDuplicate,1.00,60.3,0,0.31,0,,,83378265
100.34,FSM Enemy 7,FSM,AttackState,PlayerDuplicate,1.00,79.5,0,0.31,24,,,83378265
100.34,FSM Enemy 11,FSM,AttackState,PlayerDuplicate,1.00,95.0,0,0.31,0,,,83378265
100.34,FSM Enemy 6,FSM,AttackState,PlayerDuplicate,1.00,68.5,0,0.31,0,,,83378265
100.34,FSM Enemy 10,FSM,Dead,PlayerDuplicate,0.00,44.0,0,0.31,0,,,83378265
100.34,FSM Enemy 9,FSM,PatrolState,PlayerDuplicate,1.00,73.3,0,0.31,0,,,83378265
100.34,Utility Enemy 14,Utility,PatrolAction,PlayerDuplicate,1.00,31.1,0,0.31,0,0.120,0.000,83378265
100.34,Utility Enemy 8,Utility,Dead,PlayerDuplicate,0.00,27.4,0,0.31,8,0.850,0.300,83378265
100.34,Utility Enemy 3,Utility,PatrolAction,PlayerDuplicate,0.90,30.6,0,0.31,0,0.120,0.000,83378265
100.34,Utility Enemy 7,Utility,PatrolAction,PlayerDuplicate,0.90,58.4,0,0.31,0,0.120,0.000,83378265
100.34,Utility Enemy 12,Utility,PatrolAction,PlayerDuplicate,1.00,63.7,0,0.31,0,0.120,0.000,83378265
100.34,Utility Enemy 15,Utility,PatrolAction,PlayerDuplicate,1.00,76.3,0,0.31,16,0.120,0.000,83378265
100.34,Utility Enemy 1,Utility,PatrolAction,PlayerDuplicate,1.00,43.4,0,0.31,0,0.120,0.000,83378265
100.34,Utility Enemy 5,Utility,PatrolAction,PlayerDuplicate,1.00,62.7,0,0.31,0,0.120,0.000,83378265
100.34,Utility Enemy 13,Utility,PatrolAction,PlayerDuplicate,1.00,87.4,0,0.31,8,0.120,0.000,83378265
100.34,Utility Enemy 6,Utility,PatrolAction,PlayerDuplicate,1.00,60.6,0,0.31,16,0.120,0.000,83378265
100.34,Utility Enemy 4,Utility,PatrolAction,PlayerDuplicate,1.00,86.6,0,0.31,0,0.120,0.000,83378265
100.34,Utility Enemy 10,Utility,PatrolAction,PlayerDuplicate,0.90,50.5,0,0.31,0,0.120,0.000,83378265
100.34,Utility Enemy 11,Utility,PatrolAction,PlayerDuplicate,0.50,17.5,0,0.31,0,0.120,0.000,83378265
100.34,Utility Enemy 9,Utility,PatrolAction,PlayerDuplicate,1.00,58.9,0,0.31,0,0.120,0.000,83378265
100.34,Utility Enemy 2,Utility,PatrolAction,PlayerDuplicate,0.90,70.1,0,0.31,0,0.120,0.000,83378265
101.34,Player,Player,-,PlayerDuplicate,0.31,,0,0.31,,,,83378265
101.34,FSM Enemy 2,FSM,AttackState,PlayerDuplicate,1.00,40.0,0,0.31,0,,,83378265
101.34,FSM Enemy 15,FSM,AttackState,PlayerDuplicate,1.00,74.7,0,0.31,16,,,83378265
101.34,FSM Enemy 14,FSM,AttackState,PlayerDuplicate,1.00,48.4,0,0.31,0,,,83378265
101.34,FSM Enemy 3,FSM,AttackState,PlayerDuplicate,1.00,52.4,0,0.31,8,,,83378265
101.34,FSM Enemy 5,FSM,AttackState,PlayerDuplicate,0.75,44.0,0,0.31,0,,,83378265
101.34,FSM Enemy 13,FSM,AttackState,PlayerDuplicate,0.50,49.9,0,0.31,0,,,83378265
101.34,FSM Enemy 12,FSM,AttackState,PlayerDuplicate,1.00,81.4,0,0.31,0,,,83378265
101.34,FSM Enemy 8,FSM,AttackState,PlayerDuplicate,0.75,41.9,0,0.31,0,,,83378265
101.34,FSM Enemy 1,FSM,Dead,PlayerDuplicate,0.00,39.4,0,0.31,8,,,83378265
101.34,FSM Enemy 4,FSM,AttackState,PlayerDuplicate,1.00,60.3,0,0.31,0,,,83378265
101.34,FSM Enemy 7,FSM,AttackState,PlayerDuplicate,1.00,79.5,0,0.31,24,,,83378265
101.34,FSM Enemy 11,FSM,AttackState,PlayerDuplicate,1.00,95.0,0,0.31,0,,,83378265
101.34,FSM Enemy 6,FSM,AttackState,PlayerDuplicate,1.00,68.5,0,0.31,0,,,83378265
101.34,FSM Enemy 10,FSM,PatrolState,PlayerDuplicate,1.00,28.0,0,0.31,0,,,83378265
101.34,FSM Enemy 9,FSM,PatrolState,PlayerDuplicate,1.00,72.1,0,0.31,0,,,83378265
101.34,Utility Enemy 14,Utility,PatrolAction,PlayerDuplicate,1.00,33.5,0,0.31,0,0.120,0.000,83378265
101.34,Utility Enemy 8,Utility,Dead,PlayerDuplicate,0.00,27.4,0,0.31,8,0.850,0.300,83378265
101.34,Utility Enemy 3,Utility,PatrolAction,PlayerDuplicate,0.90,28.0,0,0.31,0,0.120,0.000,83378265
101.34,Utility Enemy 7,Utility,PatrolAction,PlayerDuplicate,0.90,59.5,0,0.31,0,0.120,0.000,83378265
101.34,Utility Enemy 12,Utility,PatrolAction,PlayerDuplicate,1.00,67.6,0,0.31,0,0.120,0.000,83378265
101.34,Utility Enemy 15,Utility,PatrolAction,PlayerDuplicate,1.00,73.1,0,0.31,16,0.120,0.000,83378265
101.34,Utility Enemy 1,Utility,PatrolAction,PlayerDuplicate,1.00,45.6,0,0.31,0,0.120,0.000,83378265
101.34,Utility Enemy 5,Utility,PatrolAction,PlayerDuplicate,1.00,62.0,0,0.31,0,0.120,0.000,83378265
101.34,Utility Enemy 13,Utility,PatrolAction,PlayerDuplicate,1.00,89.1,0,0.31,8,0.120,0.000,83378265
101.34,Utility Enemy 6,Utility,PatrolAction,PlayerDuplicate,1.00,57.2,0,0.31,16,0.120,0.000,83378265
101.34,Utility Enemy 4,Utility,PatrolAction,PlayerDuplicate,1.00,82.5,0,0.31,0,0.120,0.000,83378265
101.34,Utility Enemy 10,Utility,PatrolAction,PlayerDuplicate,0.90,51.0,0,0.31,0,0.120,0.000,83378265
101.34,Utility Enemy 11,Utility,PatrolAction,PlayerDuplicate,0.50,18.7,0,0.31,0,0.120,0.000,83378265
101.34,Utility Enemy 9,Utility,PatrolAction,PlayerDuplicate,1.00,62.4,0,0.31,0,0.120,0.000,83378265
101.34,Utility Enemy 2,Utility,PatrolAction,PlayerDuplicate,0.90,69.8,0,0.31,0,0.120,0.000,83378265
102.35,Player,Player,-,None,0.31,,0,0.31,,,,83378265
102.35,FSM Enemy 2,FSM,PatrolState,None,1.00,39.7,0,0.31,0,,,83378265
102.35,FSM Enemy 15,FSM,PatrolState,None,1.00,74.8,0,0.31,16,,,83378265
102.35,FSM Enemy 14,FSM,PatrolState,None,1.00,48.4,0,0.31,0,,,83378265
102.35,FSM Enemy 3,FSM,PatrolState,None,1.00,51.5,0,0.31,8,,,83378265
102.35,FSM Enemy 5,FSM,PatrolState,None,0.75,44.2,0,0.31,0,,,83378265
102.35,FSM Enemy 13,FSM,PatrolState,None,0.50,50.2,0,0.31,0,,,83378265
102.35,FSM Enemy 12,FSM,PatrolState,None,1.00,82.2,0,0.31,0,,,83378265
102.35,FSM Enemy 8,FSM,PatrolState,None,0.75,42.2,0,0.31,0,,,83378265
102.35,FSM Enemy 1,FSM,Dead,None,0.00,39.4,0,0.31,8,,,83378265
102.35,FSM Enemy 4,FSM,PatrolState,None,1.00,60.4,0,0.31,0,,,83378265
102.35,FSM Enemy 7,FSM,PatrolState,None,1.00,79.6,0,0.31,24,,,83378265
102.35,FSM Enemy 11,FSM,PatrolState,None,1.00,94.1,0,0.31,0,,,83378265
102.35,FSM Enemy 6,FSM,PatrolState,None,1.00,69.1,0,0.31,0,,,83378265
102.35,FSM Enemy 10,FSM,PatrolState,None,1.00,27.2,0,0.31,0,,,83378265
102.35,FSM Enemy 9,FSM,PatrolState,None,1.00,70.6,0,0.31,0,,,83378265
102.35,Utility Enemy 14,Utility,PatrolAction,None,1.00,32.6,0,0.31,0,0.120,0.000,83378265
102.35,Utility Enemy 8,Utility,PatrolAction,None,1.00,94.8,0,0.31,8,0.120,0.000,83378265
102.35,Utility Enemy 3,Utility,PatrolAction,None,0.90,25.3,0,0.31,0,0.120,0.000,83378265
102.35,Utility Enemy 7,Utility,PatrolAction,None,0.80,60.4,0,0.31,0,0.120,0.000,83378265
102.35,Utility Enemy 12,Utility,PatrolAction,None,1.00,70.9,0,0.31,0,0.120,0.000,83378265
102.35,Utility Enemy 15,Utility,PatrolAction,None,1.00,70.9,0,0.31,16,0.120,0.000,83378265
102.35,Utility Enemy 1,Utility,PatrolAction,None,1.00,46.9,0,0.31,0,0.120,0.000,83378265
102.35,Utility Enemy 5,Utility,PatrolAction,None,1.00,64.4,0,0.31,0,0.120,0.000,83378265
102.35,Utility Enemy 13,Utility,PatrolAction,None,1.00,91.4,0,0.31,8,0.120,0.000,83378265
102.35,Utility Enemy 6,Utility,PatrolAction,None,1.00,57.8,0,0.31,16,0.120,0.000,83378265
102.35,Utility Enemy 4,Utility,PatrolAction,None,1.00,82.8,0,0.31,0,0.120,0.000,83378265
102.35,Utility Enemy 10,Utility,PatrolAction,None,0.90,51.9,0,0.31,0,0.120,0.000,83378265
102.35,Utility Enemy 11,Utility,PatrolAction,None,0.50,21.2,0,0.31,0,0.120,0.000,83378265
102.35,Utility Enemy 9,Utility,PatrolAction,None,1.00,62.9,0,0.31,0,0.120,0.000,83378265
102.35,Utility Enemy 2,Utility,PatrolAction,None,0.90,65.5,0,0.31,0,0.120,0.000,83378265
103.36,Player,Player,-,None,0.31,,0,0.31,,,,83378265
103.36,FSM Enemy 2,FSM,PatrolState,None,1.00,38.9,0,0.31,0,,,83378265
103.36,FSM Enemy 15,FSM,PatrolState,None,1.00,75.0,0,0.31,16,,,83378265
103.36,FSM Enemy 14,FSM,PatrolState,None,1.00,48.6,0,0.31,0,,,83378265
103.36,FSM Enemy 3,FSM,PatrolState,None,1.00,49.0,0,0.31,8,,,83378265
103.36,FSM Enemy 5,FSM,PatrolState,None,0.75,44.8,0,0.31,0,,,83378265
103.36,FSM Enemy 13,FSM,PatrolState,None,0.50,51.4,0,0.31,0,,,83378265
103.36,FSM Enemy 12,FSM,PatrolState,None,1.00,84.3,0,0.31,0,,,83378265
103.36,FSM Enemy 8,FSM,PatrolState,None,0.75,42.5,0,0.31,0,,,83378265
103.36,FSM Enemy 1,FSM,Dead,None,0.00,39.4,0,0.31,8,,,83378265
103.36,FSM Enemy 4,FSM,PatrolState,None,1.00,60.6,0,0.31,0,,,83378265
103.36,FSM Enemy 7,FSM,PatrolState,None,1.00,80.6,0,0.31,24,,,83378265
103.36,FSM Enemy 11,FSM,PatrolState,None,1.00,92.5,0,0.31,0,,,83378265
103.36,FSM Enemy 6,FSM,PatrolState,None,1.00,70.6,0,0.31,0,,,83378265
103.36,FSM Enemy 10,FSM,PatrolState,None,1.00,26.2,0,0.31,0,,,83378265
103.36,FSM Enemy 9,FSM,PatrolState,None,1.00,68.5,0,0.31,0,,,83378265
103.36,Utility Enemy 14,Utility,PatrolAction,None,1.00,28.3,0,0.31,0,0.120,0.000,83378265
103.36,Utility Enemy 8,Utility,PatrolAction,None,1.00,98.0,0,0.31,8,0.120,0.000,83378265
103.36,Utility Enemy 3,Utility,PatrolAction,None,0.90,25.9,0,0.31,0,0.120,0.000,83378265
103.36,Utility Enemy 7,Utility,PatrolAction,None,0.80,64.6,0,0.31,0,0.120,0.000,83378265
103.36,Utility Enemy 12,Utility,PatrolAction,None,1.00,72.4,0,0.31,0,0.120,0.000,83378265
103.36,Utility Enemy 15,Utility,PatrolAction,None,1.00,74.0,0,0.31,16,0.120,0.000,83378265
103.36,Utility Enemy 1,Utility,PatrolAction,None,1.00,48.6,0,0.31,0,0.120,0.000,83378265
103.36,Utility Enemy 5,Utility,PatrolAction,None,1.00,67.7,0,0.31,0,0.120,0.000,83378265
103.36,Utility Enemy 13,Utility,PatrolAction,None,1.00,91.5,0,0.31,8,0.120,0.000,83378265
103.36,Utility Enemy 6,Utility,PatrolAction,None,1.00,58.8,0,0.31,16,0.120,0.000,83378265
103.36,Utility Enemy 4,Utility,PatrolAction,None,1.00,84.8,0,0.31,0,0.120,0.000,83378265
103.36,Utility Enemy 10,Utility,PatrolAction,None,0.90,50.0,0,0.31,0,0.120,0.000,83378265
103.36,Utility Enemy 11,Utility,PatrolAction,None,0.50,25.1,0,0.31,0,0.120,0.000,83378265
103.36,Utility Enemy 9,Utility,PatrolAction,None,1.00,66.6,0,0.31,0,0.120,0.000,83378265
103.36,Utility Enemy 2,Utility,PatrolAction,None,0.90,61.7,0,0.31,0,0.120,0.000,83378265
104.37,Player,Player,-,None,0.31,,0,0.31,,,,83378265
104.37,FSM Enemy 2,FSM,PatrolState,None,1.00,38.2,0,0.31,0,,,83378265
104.37,FSM Enemy 15,FSM,PatrolState,None,1.00,75.4,0,0.31,16,,,83378265
104.37,FSM Enemy 14,FSM,PatrolState,None,1.00,48.8,0,0.31,0,,,83378265
104.37,FSM Enemy 3,FSM,PatrolState,None,1.00,46.5,0,0.31,8,,,83378265
104.37,FSM Enemy 5,FSM,PatrolState,None,0.75,45.5,0,0.31,0,,,83378265
104.37,FSM Enemy 13,FSM,PatrolState,None,0.50,52.6,0,0.31,0,,,83378265
104.37,FSM Enemy 12,FSM,PatrolState,None,1.00,86.5,0,0.31,0,,,83378265
104.37,FSM Enemy 8,FSM,PatrolState,None,0.75,44.2,0,0.31,0,,,83378265
104.37,FSM Enemy 1,FSM,Dead,None,0.00,39.4,0,0.31,8,,,83378265
104.37,FSM Enemy 4,FSM,PatrolState,None,1.00,61.1,0,0.31,0,,,83378265
104.37,FSM Enemy 7,FSM,PatrolState,None,1.00,80.5,0,0.31,24,,,83378265
104.37,FSM Enemy 11,FSM,PatrolState,None,1.00,90.5,0,0.31,0,,,83378265
104.37,FSM Enemy 6,FSM,PatrolState,None,1.00,72.3,0,0.31,0,,,83378265
104.37,FSM Enemy 10,FSM,PatrolState,None,1.00,25.3,0,0.31,0,,,83378265
104.37,FSM Enemy 9,FSM,PatrolState,None,1.00,66.4,0,0.31,0,,,83378265
104.37,Utility Enemy 14,Utility,PatrolAction,None,1.00,25.5,0,0.31,0,0.120,0.000,83378265
104.37,Utility Enemy 8,Utility,PatrolAction,None,1.00,100.6,0,0.31,8,0.120,0.000,83378265
104.37,Utility Enemy 3,Utility,PatrolAction,None,0.90,30.5,0,0.31,0,0.120,0.000,83378265
104.37,Utility Enemy 7,Utility,PatrolAction,None,0.80,68.7,0,0.31,0,0.120,0.000,83378265
104.37,Utility Enemy 12,Utility,PatrolAction,None,1.00,69.1,0,0.31,0,0.120,0.000,83378265
104.37,Utility Enemy 15,Utility,PatrolAction,None,1.00,76.2,0,0.31,16,0.120,0.000,83378265
104.37,Utility Enemy 1,Utility,PatrolAction,None,1.00,48.8,0,0.31,0,0.120,0.000,83378265
104.37,Utility Enemy 5,Utility,PatrolAction,None,1.00,65.2,0,0.31,0,0.120,0.000,83378265
104.37,Utility Enemy 13,Utility,PatrolAction,None,1.00,88.8,0,0.31,8,0.120,0.000,83378265
104.37,Utility Enemy 6,Utility,PatrolAction,None,1.00,59.9,0,0.31,16,0.120,0.000,83378265
104.37,Utility Enemy 4,Utility,PatrolAction,None,1.00,80.9,0,0.31,0,0.120,0.000,83378265
104.37,Utility Enemy 10,Utility,PatrolAction,None,0.90,47.2,0,0.31,0,0.120,0.000,83378265
104.37,Utility Enemy 11,Utility,Dead,None,0.00,25.5,0,0.31,0,0.120,0.000,83378265
104.37,Utility Enemy 9,Utility,PatrolAction,None,1.00,66.9,0,0.31,0,0.120,0.000,83378265
104.37,Utility Enemy 2,Utility,PatrolAction,None,0.90,59.2,0,0.31,0,0.120,0.000,83378265
105.37,Player,Player,-,GravityFlip,0.31,,0,0.31,,,,83378265
105.37,FSM Enemy 2,FSM,TakeCoverState,GravityFlip,1.00,37.4,0,0.31,0,,,83378265
105.37,FSM Enemy 15,FSM,TakeCoverState,GravityFlip,1.00,75.3,0,0.31,16,,,83378265
105.37,FSM Enemy 14,FSM,TakeCoverState,GravityFlip,1.00,49.7,0,0.31,0,,,83378265
105.37,FSM Enemy 3,FSM,TakeCoverState,GravityFlip,1.00,44.3,0,0.31,8,,,83378265
105.37,FSM Enemy 5,FSM,TakeCoverState,GravityFlip,0.75,45.8,0,0.31,0,,,83378265
105.37,FSM Enemy 13,FSM,TakeCoverState,GravityFlip,0.50,54.1,0,0.31,0,,,83378265
105.37,FSM Enemy 12,FSM,TakeCoverState,GravityFlip,1.00,88.3,0,0.31,0,,,83378265
105.37,FSM Enemy 8,FSM,TakeCoverState,GravityFlip,0.75,45.5,0,0.31,0,,,83378265
105.37,FSM Enemy 1,FSM,Dead,GravityFlip,0.00,39.4,0,0.31,8,,,83378265
105.37,FSM Enemy 4,FSM,TakeCoverState,GravityFlip,1.00,61.6,0,0.31,0,,,83378265
105.37,FSM Enemy 7,FSM,TakeCoverState,GravityFlip,1.00,80.4,0,0.31,24,,,83378265
105.37,FSM Enemy 11,FSM,TakeCoverState,GravityFlip,1.00,89.5,0,0.31,0,,,83378265
105.37,FSM Enemy 6,FSM,TakeCoverState,GravityFlip,1.00,73.9,0,0.31,0,,,83378265
105.37,FSM Enemy 10,FSM,TakeCoverState,GravityFlip,1.00,24.5,0,0.31,0,,,83378265
105.37,FSM Enemy 9,FSM,TakeCoverState,GravityFlip,1.00,64.5,0,0.31,0,,,83378265
105.37,Utility Enemy 14,Utility,TakeCoverAction,GravityFlip,1.00,28.8,0,0.31,0,0.820,0.750,83378265
105.37,Utility Enemy 8,Utility,TakeCoverAction,GravityFlip,1.00,96.9,0,0.31,8,0.820,0.750,83378265
105.37,Utility Enemy 3,Utility,TakeCoverAction,GravityFlip,0.90,33.8,0,0.31,0,0.820,0.750,83378265
105.37,Utility Enemy 7,Utility,TakeCoverAction,GravityFlip,0.80,67.8,0,0.31,0,0.820,0.750,83378265
105.37,Utility Enemy 12,Utility,TakeCoverAction,GravityFlip,1.00,65.4,0,0.31,0,0.820,0.750,83378265
105.37,Utility Enemy 15,Utility,TakeCoverAction,GravityFlip,1.00,72.0,0,0.31,16,0.820,0.750,83378265
105.37,Utility Enemy 1,Utility,TakeCoverAction,GravityFlip,0.50,45.2,0,0.31,0,0.820,0.750,83378265
105.37,Utility Enemy 5,Utility,TakeCoverAction,GravityFlip,1.00,62.7,0,0.31,0,0.820,0.750,83378265
105.37,Utility Enemy 13,Utility,TakeCoverAction,GravityFlip,1.00,84.7,0,0.31,8,0.820,0.750,83378265
105.37,Utility Enemy 6,Utility,TakeCoverAction,GravityFlip,1.00,56.7,0,0.31,16,0.820,0.750,83378265
105.37,Utility Enemy 4,Utility,TakeCoverAction,GravityFlip,1.00,77.7,0,0.31,0,0.820,0.750,83378265
105.37,Utility Enemy 10,Utility,TakeCoverAction,GravityFlip,0.90,45.3,0,0.31,0,0.820,0.750,83378265
105.37,Utility Enemy 11,Utility,Dead,GravityFlip,0.00,25.5,0,0.31,0,0.120,0.000,83378265
105.37,Utility Enemy 9,Utility,TakeCoverAction,GravityFlip,1.00,66.5,0,0.31,0,0.820,0.750,83378265
105.37,Utility Enemy 2,Utility,TakeCoverAction,GravityFlip,0.90,60.6,0,0.31,0,0.820,0.750,83378265
106.38,Player,Player,-,GravityFlip,0.31,,0,0.31,,,,83378265
106.38,FSM Enemy 2,FSM,TakeCoverState,GravityFlip,1.00,35.0,0,0.31,0,,,83378265
106.38,FSM Enemy 15,FSM,TakeCoverState,GravityFlip,1.00,75.3,0,0.31,16,,,83378265
106.38,FSM Enemy 14,FSM,TakeCoverState,GravityFlip,1.00,51.4,0,0.31,0,,,83378265
106.38,FSM Enemy 3,FSM,TakeCoverState,GravityFlip,1.00,44.4,0,0.31,8,,,83378265
106.38,FSM Enemy 5,FSM,TakeCoverState,GravityFlip,0.75,41.9,0,0.31,0,,,83378265
106.38,FSM Enemy 13,FSM,TakeCoverState,GravityFlip,0.50,57.6,0,0.31,0,,,83378265
106.38,FSM Enemy 12,FSM,TakeCoverState,GravityFlip,1.00,86.7,0,0.31,0,,,83378265
106.38,FSM Enemy 8,FSM,TakeCoverState,GravityFlip,0.75,45.5,0,0.31,0,,,83378265
106.38,FSM Enemy 1,FSM,Dead,GravityFlip,0.00,39.4,0,0.31,8,,,83378265
106.38,FSM Enemy 4,FSM,TakeCoverState,GravityFlip,1.00,61.6,0,0.31,0,,,83378265
106.38,FSM Enemy 7,FSM,TakeCoverState,GravityFlip,1.00,79.1,0,0.31,24,,,83378265
106.38,FSM Enemy 11,FSM,TakeCoverState,GravityFlip,1.00,89.5,0,0.31,0,,,83378265
106.38,FSM Enemy 6,FSM,TakeCoverState,GravityFlip,1.00,75.8,0,0.31,0,,,83378265
106.38,FSM Enemy 10,FSM,TakeCoverState,GravityFlip,1.00,24.5,0,0.31,0,,,83378265
106.38,FSM Enemy 9,FSM,TakeCoverState,GravityFlip,1.00,64.8,0,0.31,0,,,83378265
106.38,Utility Enemy 14,Utility,TakeCoverAction,GravityFlip,1.00,28.6,0,0.31,0,0.820,0.750,83378265
106.38,Utility Enemy 8,Utility,TakeCoverAction,GravityFlip,1.00,96.3,0,0.31,8,0.820,0.750,83378265
106.38,Utility Enemy 3,Utility,TakeCoverAction,GravityFlip,0.40,30.5,0,0.31,0,0.820,0.750,83378265
106.38,Utility Enemy 7,Utility,TakeCoverAction,GravityFlip,0.80,67.1,0,0.31,0,0.820,0.750,83378265
106.38,Utility Enemy 12,Utility,TakeCoverAction,GravityFlip,1.00,64.9,0,0.31,0,0.820,0.750,83378265
106.38,Utility Enemy 15,Utility,TakeCoverAction,GravityFlip,1.00,73.7,0,0.31,16,0.820,0.750,83378265
106.38,Utility Enemy 1,Utility,TakeCoverAction,GravityFlip,0.50,45.2,0,0.31,0,0.820,0.750,83378265
106.38,Utility Enemy 5,Utility,TakeCoverAction,GravityFlip,1.00,64.0,0,0.31,0,0.820,0.750,83378265
106.38,Utility Enemy 13,Utility,TakeCoverAction,GravityFlip,1.00,80.7,0,0.31,8,0.820,0.750,83378265
106.38,Utility Enemy 6,Utility,TakeCoverAction,GravityFlip,1.00,58.8,0,0.31,16,0.820,0.750,83378265
106.38,Utility Enemy 4,Utility,TakeCoverAction,GravityFlip,1.00,78.6,0,0.31,0,0.820,0.750,83378265
106.38,Utility Enemy 10,Utility,TakeCoverAction,GravityFlip,0.90,45.2,0,0.31,0,0.820,0.750,83378265
106.38,Utility Enemy 11,Utility,Dead,GravityFlip,0.00,25.5,0,0.31,0,0.120,0.000,83378265
106.38,Utility Enemy 9,Utility,TakeCoverAction,GravityFlip,1.00,65.9,0,0.31,0,0.820,0.750,83378265
106.38,Utility Enemy 2,Utility,TakeCoverAction,GravityFlip,0.90,60.7,0,0.31,0,0.820,0.750,83378265
107.38,Player,Player,-,GravityFlip,0.31,,0,0.31,,,,83378265
107.38,FSM Enemy 2,FSM,TakeCoverState,GravityFlip,1.00,35.0,0,0.31,0,,,83378265
107.38,FSM Enemy 15,FSM,TakeCoverState,GravityFlip,1.00,75.3,0,0.31,16,,,83378265
107.38,FSM Enemy 14,FSM,TakeCoverState,GravityFlip,1.00,51.4,0,0.31,0,,,83378265
107.38,FSM Enemy 3,FSM,TakeCoverState,GravityFlip,1.00,44.4,0,0.31,8,,,83378265
107.38,FSM Enemy 5,FSM,TakeCoverState,GravityFlip,0.75,41.8,0,0.31,0,,,83378265
107.38,FSM Enemy 13,FSM,TakeCoverState,GravityFlip,0.50,61.5,0,0.31,0,,,83378265
107.38,FSM Enemy 12,FSM,TakeCoverState,GravityFlip,1.00,85.9,0,0.31,0,,,83378265
107.38,FSM Enemy 8,FSM,TakeCoverState,GravityFlip,0.75,45.5,0,0.31,0,,,83378265
107.38,FSM Enemy 1,FSM,Dead,GravityFlip,0.00,39.4,0,0.31,8,,,83378265
107.38,FSM Enemy 4,FSM,TakeCoverState,GravityFlip,1.00,61.6,0,0.31,0,,,83378265
107.38,FSM Enemy 7,FSM,TakeCoverState,GravityFlip,1.00,79.1,0,0.31,24,,,83378265
107.38,FSM Enemy 11,FSM,TakeCoverState,GravityFlip,1.00,89.5,0,0.31,0,,,83378265
107.38,FSM Enemy 6,FSM,TakeCoverState,GravityFlip,1.00,76.5,0,0.31,0,,,83378265
107.38,FSM Enemy 10,FSM,TakeCoverState,GravityFlip,1.00,24.5,0,0.31,0,,,83378265
107.38,FSM Enemy 9,FSM,TakeCoverState,GravityFlip,1.00,64.8,0,0.31,0,,,83378265
107.38,Utility Enemy 14,Utility,TakeCoverAction,GravityFlip,1.00,28.6,0,0.31,0,0.820,0.750,83378265
107.38,Utility Enemy 8,Utility,TakeCoverAction,GravityFlip,1.00,96.3,0,0.31,8,0.820,0.750,83378265
107.38,Utility Enemy 3,Utility,Dead,GravityFlip,0.00,31.3,0,0.31,0,0.820,0.750,83378265
107.38,Utility Enemy 7,Utility,TakeCoverAction,GravityFlip,0.80,66.7,0,0.31,0,0.820,0.750,83378265
107.38,Utility Enemy 12,Utility,TakeCoverAction,GravityFlip,1.00,64.9,0,0.31,0,0.820,0.750,83378265
107.38,Utility Enemy 15,Utility,TakeCoverAction,GravityFlip,1.00,76.7,0,0.31,16,0.820,0.750,83378265
107.38,Utility Enemy 1,Utility,TakeCoverAction,GravityFlip,0.50,45.7,0,0.31,0,0.820,0.750,83378265
107.38,Utility Enemy 5,Utility,TakeCoverAction,GravityFlip,1.00,64.0,0,0.31,0,0.820,0.750,83378265
107.38,Utility Enemy 13,Utility,TakeCoverAction,GravityFlip,1.00,79.4,0,0.31,8,0.820,0.750,83378265
107.38,Utility Enemy 6,Utility,TakeCoverAction,GravityFlip,1.00,62.5,0,0.31,16,0.820,0.750,83378265
107.38,Utility Enemy 4,Utility,TakeCoverAction,GravityFlip,1.00,79.8,0,0.31,0,0.820,0.750,83378265
107.38,Utility Enemy 10,Utility,TakeCoverAction,GravityFlip,0.90,45.2,0,0.31,0,0.820,0.750,83378265
107.38,Utility Enemy 11,Utility,Dead,GravityFlip,0.00,25.5,0,0.31,0,0.120,0.000,83378265
107.38,Utility Enemy 9,Utility,TakeCoverAction,GravityFlip,1.00,65.9,0,0.31,0,0.820,0.750,83378265
107.38,Utility Enemy 2,Utility,TakeCoverAction,GravityFlip,0.90,60.7,0,0.31,0,0.820,0.750,83378265
108.39,Player,Player,-,GravityFlip,0.31,,0,0.31,,,,83378265
108.39,FSM Enemy 2,FSM,TakeCoverState,GravityFlip,1.00,35.0,0,0.31,0,,,83378265
108.39,FSM Enemy 15,FSM,TakeCoverState,GravityFlip,1.00,75.3,0,0.31,16,,,83378265
108.39,FSM Enemy 14,FSM,TakeCoverState,GravityFlip,1.00,51.4,0,0.31,0,,,83378265
108.39,FSM Enemy 3,FSM,TakeCoverState,GravityFlip,1.00,44.4,0,0.31,8,,,83378265
108.39,FSM Enemy 5,FSM,TakeCoverState,GravityFlip,0.75,41.8,0,0.31,0,,,83378265
108.39,FSM Enemy 13,FSM,TakeCoverState,GravityFlip,0.50,62.1,0,0.31,0,,,83378265
108.39,FSM Enemy 12,FSM,TakeCoverState,GravityFlip,1.00,85.9,0,0.31,0,,,83378265
108.39,FSM Enemy 8,FSM,TakeCoverState,GravityFlip,0.75,45.5,0,0.31,0,,,83378265
108.39,FSM Enemy 1,FSM,Dead,GravityFlip,0.00,39.4,0,0.31,8,,,83378265
108.39,FSM Enemy 4,FSM,TakeCoverState,GravityFlip,1.00,61.6,0,0.31,0,,,83378265
108.39,FSM Enemy 7,FSM,TakeCoverState,GravityFlip,1.00,79.1,0,0.31,24,,,83378265
108.39,FSM Enemy 11,FSM,TakeCoverState,GravityFlip,1.00,89.5,0,0.31,0,,,83378265
108.39,FSM Enemy 6,FSM,TakeCoverState,GravityFlip,1.00,76.5,0,0.31,0,,,83378265
108.39,FSM Enemy 10,FSM,TakeCoverState,GravityFlip,1.00,24.5,0,0.31,0,,,83378265
108.39,FSM Enemy 9,FSM,TakeCoverState,GravityFlip,1.00,64.8,0,0.31,0,,,83378265
108.39,Utility Enemy 14,Utility,TakeCoverAction,GravityFlip,1.00,28.6,0,0.31,0,0.820,0.750,83378265
108.39,Utility Enemy 8,Utility,TakeCoverAction,GravityFlip,1.00,96.3,0,0.31,8,0.820,0.750,83378265
108.39,Utility Enemy 3,Utility,Dead,GravityFlip,0.00,31.3,0,0.31,0,0.820,0.750,83378265
108.39,Utility Enemy 7,Utility,TakeCoverAction,GravityFlip,0.80,66.6,0,0.31,0,0.820,0.750,83378265
108.39,Utility Enemy 12,Utility,TakeCoverAction,GravityFlip,1.00,64.9,0,0.31,0,0.820,0.750,83378265
108.39,Utility Enemy 15,Utility,TakeCoverAction,GravityFlip,1.00,76.7,0,0.31,16,0.820,0.750,83378265
108.39,Utility Enemy 1,Utility,TakeCoverAction,GravityFlip,0.50,45.7,0,0.31,0,0.820,0.750,83378265
108.39,Utility Enemy 5,Utility,TakeCoverAction,GravityFlip,1.00,64.0,0,0.31,0,0.820,0.750,83378265
108.39,Utility Enemy 13,Utility,TakeCoverAction,GravityFlip,1.00,79.4,0,0.31,8,0.820,0.750,83378265
108.39,Utility Enemy 6,Utility,TakeCoverAction,GravityFlip,1.00,63.0,0,0.31,16,0.820,0.750,83378265
108.39,Utility Enemy 4,Utility,TakeCoverAction,GravityFlip,1.00,79.8,0,0.31,0,0.820,0.750,83378265
108.39,Utility Enemy 10,Utility,TakeCoverAction,GravityFlip,0.90,45.2,0,0.31,0,0.820,0.750,83378265
108.39,Utility Enemy 11,Utility,Dead,GravityFlip,0.00,25.5,0,0.31,0,0.120,0.000,83378265
108.39,Utility Enemy 9,Utility,TakeCoverAction,GravityFlip,1.00,65.9,0,0.31,0,0.820,0.750,83378265
108.39,Utility Enemy 2,Utility,TakeCoverAction,GravityFlip,0.90,60.7,0,0.31,0,0.820,0.750,83378265
109.39,Player,Player,-,GravityFlip,0.31,,0,0.31,,,,83378265
109.39,FSM Enemy 2,FSM,TakeCoverState,GravityFlip,1.00,35.0,0,0.31,0,,,83378265
109.39,FSM Enemy 15,FSM,TakeCoverState,GravityFlip,1.00,75.3,0,0.31,16,,,83378265
109.39,FSM Enemy 14,FSM,TakeCoverState,GravityFlip,1.00,51.4,0,0.31,0,,,83378265
109.39,FSM Enemy 3,FSM,TakeCoverState,GravityFlip,1.00,44.4,0,0.31,8,,,83378265
109.39,FSM Enemy 5,FSM,TakeCoverState,GravityFlip,0.75,41.8,0,0.31,0,,,83378265
109.39,FSM Enemy 13,FSM,TakeCoverState,GravityFlip,0.50,62.1,0,0.31,0,,,83378265
109.39,FSM Enemy 12,FSM,TakeCoverState,GravityFlip,1.00,85.9,0,0.31,0,,,83378265
109.39,FSM Enemy 8,FSM,TakeCoverState,GravityFlip,0.75,45.5,0,0.31,0,,,83378265
109.39,FSM Enemy 1,FSM,Dead,GravityFlip,0.00,39.4,0,0.31,8,,,83378265
109.39,FSM Enemy 4,FSM,TakeCoverState,GravityFlip,1.00,61.6,0,0.31,0,,,83378265
109.39,FSM Enemy 7,FSM,TakeCoverState,GravityFlip,1.00,79.1,0,0.31,24,,,83378265
109.39,FSM Enemy 11,FSM,TakeCoverState,GravityFlip,1.00,89.5,0,0.31,0,,,83378265
109.39,FSM Enemy 6,FSM,TakeCoverState,GravityFlip,1.00,76.5,0,0.31,0,,,83378265
109.39,FSM Enemy 10,FSM,TakeCoverState,GravityFlip,1.00,24.5,0,0.31,0,,,83378265
109.39,FSM Enemy 9,FSM,TakeCoverState,GravityFlip,1.00,64.8,0,0.31,0,,,83378265
109.39,Utility Enemy 14,Utility,TakeCoverAction,GravityFlip,1.00,28.6,0,0.31,0,0.820,0.750,83378265
109.39,Utility Enemy 8,Utility,TakeCoverAction,GravityFlip,1.00,96.3,0,0.31,8,0.820,0.750,83378265
109.39,Utility Enemy 3,Utility,Dead,GravityFlip,0.00,31.3,0,0.31,0,0.820,0.750,83378265
109.39,Utility Enemy 7,Utility,TakeCoverAction,GravityFlip,0.80,66.6,0,0.31,0,0.820,0.750,83378265
109.39,Utility Enemy 12,Utility,TakeCoverAction,GravityFlip,1.00,64.9,0,0.31,0,0.820,0.750,83378265
109.39,Utility Enemy 15,Utility,TakeCoverAction,GravityFlip,1.00,76.7,0,0.31,16,0.820,0.750,83378265
109.39,Utility Enemy 1,Utility,TakeCoverAction,GravityFlip,0.50,45.7,0,0.31,0,0.820,0.750,83378265
109.39,Utility Enemy 5,Utility,TakeCoverAction,GravityFlip,1.00,64.0,0,0.31,0,0.820,0.750,83378265
109.39,Utility Enemy 13,Utility,TakeCoverAction,GravityFlip,1.00,79.4,0,0.31,8,0.820,0.750,83378265
109.39,Utility Enemy 6,Utility,TakeCoverAction,GravityFlip,1.00,63.0,0,0.31,16,0.820,0.750,83378265
109.39,Utility Enemy 4,Utility,TakeCoverAction,GravityFlip,1.00,79.8,0,0.31,0,0.820,0.750,83378265
109.39,Utility Enemy 10,Utility,TakeCoverAction,GravityFlip,0.90,45.2,0,0.31,0,0.820,0.750,83378265
109.39,Utility Enemy 11,Utility,Dead,GravityFlip,0.00,25.5,0,0.31,0,0.120,0.000,83378265
109.39,Utility Enemy 9,Utility,TakeCoverAction,GravityFlip,1.00,65.9,0,0.31,0,0.820,0.750,83378265
109.39,Utility Enemy 2,Utility,TakeCoverAction,GravityFlip,0.90,60.7,0,0.31,0,0.820,0.750,83378265
110.39,Player,Player,-,None,0.31,,0,0.31,,,,83378265
110.39,FSM Enemy 2,FSM,PatrolState,None,1.00,35.0,0,0.31,0,,,83378265
110.39,FSM Enemy 15,FSM,PatrolState,None,1.00,75.3,0,0.31,16,,,83378265
110.39,FSM Enemy 14,FSM,PatrolState,None,1.00,51.3,0,0.31,0,,,83378265
110.39,FSM Enemy 3,FSM,PatrolState,None,1.00,44.0,0,0.31,8,,,83378265
110.39,FSM Enemy 5,FSM,PatrolState,None,0.75,41.7,0,0.31,0,,,83378265
110.39,FSM Enemy 13,FSM,PatrolState,None,0.50,62.0,0,0.31,0,,,83378265
110.39,FSM Enemy 12,FSM,PatrolState,None,1.00,86.1,0,0.31,0,,,83378265
110.39,FSM Enemy 8,FSM,PatrolState,None,0.75,45.8,0,0.31,0,,,83378265
110.39,FSM Enemy 1,FSM,Dead,None,0.00,39.4,0,0.31,8,,,83378265
110.39,FSM Enemy 4,FSM,PatrolState,None,1.00,61.7,0,0.31,0,,,83378265
110.39,FSM Enemy 7,FSM,PatrolState,None,1.00,79.3,0,0.31,24,,,83378265
110.39,FSM Enemy 11,FSM,PatrolState,None,1.00,90.0,0,0.31,0,,,83378265
110.39,FSM Enemy 6,FSM,PatrolState,None,1.00,77.0,0,0.31,0,,,83378265
110.39,FSM Enemy 10,FSM,PatrolState,None,1.00,24.3,0,0.31,0,,,83378265
110.39,FSM Enemy 9,FSM,PatrolState,None,1.00,64.4,0,0.31,0,,,83378265
110.39,Utility Enemy 14,Utility,PatrolAction,None,1.00,28.5,0,0.31,0,0.120,0.000,83378265
110.39,Utility Enemy 8,Utility,PatrolAction,None,1.00,96.6,0,0.31,8,0.120,0.000,83378265
110.39,Utility Enemy 3,Utility,Dead,None,0.00,31.3,0,0.31,0,0.820,0.750,83378265
110.39,Utility Enemy 7,Utility,PatrolAction,None,0.80,66.7,0,0.31,0,0.120,0.000,83378265
110.39,Utility Enemy 12,Utility,PatrolAction,None,1.00,65.0,0,0.31,0,0.120,0.000,83378265
110.39,Utility Enemy 15,Utility,PatrolAction,None,1.00,76.8,0,0.31,16,0.120,0.000,83378265
110.39,Utility Enemy 1,Utility,PatrolAction,None,0.50,45.7,0,0.31,0,0.120,0.000,83378265
110.39,Utility Enemy 5,Utility,PatrolAction,None,1.00,64.1,0,0.31,0,0.120,0.000,83378265
110.39,Utility Enemy 13,Utility,PatrolAction,None,1.00,79.5,0,0.31,8,0.120,0.000,83378265
110.39,Utility Enemy 6,Utility,PatrolAction,None,1.00,63.0,0,0.31,16,0.120,0.000,83378265
110.39,Utility Enemy 4,Utility,PatrolAction,None,1.00,79.8,0,0.31,0,0.120,0.000,83378265
110.39,Utility Enemy 10,Utility,PatrolAction,None,0.90,45.1,0,0.31,0,0.120,0.000,83378265
110.39,Utility Enemy 11,Utility,Dead,None,0.00,25.5,0,0.31,0,0.120,0.000,83378265
110.39,Utility Enemy 9,Utility,PatrolAction,None,1.00,65.9,0,0.31,0,0.120,0.000,83378265
110.39,Utility Enemy 2,Utility,PatrolAction,None,0.90,60.7,0,0.31,0,0.120,0.000,83378265
111.40,Player,Player,-,None,0.31,,0,0.31,,,,83378265
111.40,FSM Enemy 2,FSM,PatrolState,None,1.00,34.9,0,0.31,0,,,83378265
111.40,FSM Enemy 15,FSM,PatrolState,None,1.00,75.3,0,0.31,16,,,83378265
111.40,FSM Enemy 14,FSM,PatrolState,None,1.00,50.4,0,0.31,0,,,83378265
111.40,FSM Enemy 3,FSM,PatrolState,None,1.00,41.5,0,0.31,8,,,83378265
111.40,FSM Enemy 5,FSM,PatrolState,None,0.75,41.2,0,0.31,0,,,83378265
111.40,FSM Enemy 13,FSM,PatrolState,None,0.50,62.8,0,0.31,0,,,83378265
111.40,FSM Enemy 12,FSM,PatrolState,None,1.00,87.2,0,0.31,0,,,83378265
111.40,FSM Enemy 8,FSM,PatrolState,None,0.75,47.5,0,0.31,0,,,83378265
111.40,FSM Enemy 1,FSM,Dead,None,0.00,39.4,0,0.31,8,,,83378265
111.40,FSM Enemy 4,FSM,PatrolState,None,1.00,62.8,0,0.31,0,,,83378265
111.40,FSM Enemy 7,FSM,PatrolState,None,1.00,79.4,0,0.31,24,,,83378265
111.40,FSM Enemy 11,FSM,PatrolState,None,1.00,92.5,0,0.31,0,,,83378265
111.40,FSM Enemy 6,FSM,PatrolState,None,1.00,79.5,0,0.31,0,,,83378265
111.40,FSM Enemy 10,FSM,PatrolState,None,1.00,23.3,0,0.31,0,,,83378265
111.40,FSM Enemy 9,FSM,PatrolState,None,1.00,62.3,0,0.31,0,,,83378265
111.40,Utility Enemy 14,Utility,PatrolAction,None,1.00,25.9,0,0.31,0,0.120,0.000,83378265
111.40,Utility Enemy 8,Utility,PatrolAction,None,1.00,100.0,0,0.31,8,0.120,0.000,83378265
111.40,Utility Enemy 3,Utility,Dead,None,0.00,31.3,0,0.31,0,0.820,0.750,83378265
111.40,Utility Enemy 7,Utility,PatrolAction,None,0.80,70.8,0,0.31,0,0.120,0.000,83378265
111.40,Utility Enemy 12,Utility,PatrolAction,None,1.00,68.5,0,0.31,0,0.120,0.000,83378265
111.40,Utility Enemy 15,Utility,PatrolAction,None,1.00,79.5,0,0.31,16,0.120,0.000,83378265
111.40,Utility Enemy 1,Utility,PatrolAction,None,0.50,45.5,0,0.31,0,0.120,0.000,83378265
111.40,Utility Enemy 5,Utility,PatrolAction,None,1.00,66.4,0,0.31,0,0.120,0.000,83378265
111.40,Utility Enemy 13,Utility,PatrolAction,None,1.00,83.3,0,0.31,8,0.120,0.000,83378265
111.40,Utility Enemy 6,Utility,PatrolAction,None,1.00,62.2,0,0.31,16,0.120,0.000,83378265
111.40,Utility Enemy 4,Utility,PatrolAction,None,1.00,77.6,0,0.31,0,0.120,0.000,83378265
111.40,Utility Enemy 10,Utility,PatrolAction,None,0.90,42.0,0,0.31,0,0.120,0.000,83378265
111.40,Utility Enemy 11,Utility,Dead,None,0.00,25.5,0,0.31,0,0.120,0.000,83378265
111.40,Utility Enemy 9,Utility,PatrolAction,None,1.00,65.0,0,0.31,0,0.120,0.000,83378265
111.40,Utility Enemy 2,Utility,PatrolAction,None,0.90,61.0,0,0.31,0,0.120,0.000,83378265
112.40,Player,Player,-,None,0.31,,0,0.31,,,,83378265
112.40,FSM Enemy 2,FSM,PatrolState,None,1.00,35.1,0,0.31,0,,,83378265
112.40,FSM Enemy 15,FSM,PatrolState,None,1.00,75.2,0,0.31,16,,,83378265
112.40,FSM Enemy 14,FSM,PatrolState,None,1.00,49.4,0,0.31,0,,,83378265
112.40,FSM Enemy 3,FSM,PatrolState,None,1.00,39.0,0,0.31,8,,,83378265
112.40,FSM Enemy 5,FSM,PatrolState,None,0.75,40.8,0,0.31,0,,,83378265
112.40,FSM Enemy 13,FSM,PatrolState,None,0.50,64.3,0,0.31,0,,,83378265
112.40,FSM Enemy 12,FSM,PatrolState,None,1.00,88.3,0,0.31,0,,,83378265
112.40,FSM Enemy 8,FSM,PatrolState,None,0.75,46.6,0,0.31,0,,,83378265
112.40,FSM Enemy 1,FSM,Dead,None,0.00,39.4,0,0.31,8,,,83378265
112.40,FSM Enemy 4,FSM,PatrolState,None,1.00,64.0,0,0.31,0,,,83378265
112.40,FSM Enemy 7,FSM,PatrolState,None,1.00,78.9,0,0.31,24,,,83378265
112.40,FSM Enemy 11,FSM,PatrolState,None,1.00,94.9,0,0.31,0,,,83378265
112.40,FSM Enemy 6,FSM,PatrolState,None,1.00,81.9,0,0.31,0,,,83378265
112.40,FSM Enemy 10,FSM,PatrolState,None,1.00,22.6,0,0.31,0,,,83378265
112.40,FSM Enemy 9,FSM,PatrolState,None,1.00,60.3,0,0.31,0,,,83378265
112.40,Utility Enemy 14,Utility,PatrolAction,None,1.00,25.6,0,0.31,0,0.120,0.000,83378265
112.40,Utility Enemy 8,Utility,PatrolAction,None,1.00,99.9,0,0.31,8,0.120,0.000,83378265
112.40,Utility Enemy 3,Utility,Dead,None,0.00,31.3,0,0.31,0,0.820,0.750,83378265
112.40,Utility Enemy 7,Utility,PatrolAction,None,0.80,75.3,0,0.31,0,0.120,0.000,83378265
112.40,Utility Enemy 12,Utility,PatrolAction,None,1.00,72.7,0,0.31,0,0.120,0.000,83378265
112.40,Utility Enemy 15,Utility,PatrolAction,None,1.00,82.7,0,0.31,16,0.120,0.000,83378265
112.40,Utility Enemy 1,Utility,PatrolAction,None,0.50,45.0,0,0.31,0,0.120,0.000,83378265
112.40,Utility Enemy 5,Utility,PatrolAction,None,1.00,68.3,0,0.31,0,0.120,0.000,83378265
112.40,Utility Enemy 13,Utility,PatrolAction,None,1.00,87.6,0,0.31,8,0.120,0.000,83378265
112.40,Utility Enemy 6,Utility,PatrolAction,None,1.00,60.5,0,0.31,16,0.120,0.000,83378265
112.40,Utility Enemy 4,Utility,PatrolAction,None,1.00,74.5,0,0.31,0,0.120,0.000,83378265
112.40,Utility Enemy 10,Utility,PatrolAction,None,0.90,41.5,0,0.31,0,0.120,0.000,83378265
112.40,Utility Enemy 11,Utility,Dead,None,0.00,25.5,0,0.31,0,0.120,0.000,83378265
112.40,Utility Enemy 9,Utility,PatrolAction,None,1.00,61.9,0,0.31,0,0.120,0.000,83378265
112.40,Utility Enemy 2,Utility,PatrolAction,None,0.90,61.4,0,0.31,0,0.120,0.000,83378265
113.40,Player,Player,-,None,0.31,,0,0.31,,,,83378265
113.40,FSM Enemy 2,FSM,PatrolState,None,1.00,35.4,0,0.31,0,,,83378265
113.40,FSM Enemy 15,FSM,PatrolState,None,1.00,74.9,0,0.31,16,,,83378265
113.40,FSM Enemy 14,FSM,PatrolState,None,1.00,48.0,0,0.31,0,,,83378265
113.40,FSM Enemy 3,FSM,PatrolState,None,1.00,36.5,0,0.31,8,,,83378265
113.40,FSM Enemy 5,FSM,PatrolState,None,0.75,40.6,0,0.31,0,,,83378265
113.40,FSM Enemy 13,FSM,PatrolState,None,0.50,66.3,0,0.31,0,,,83378265
113.40,FSM Enemy 12,FSM,PatrolState,None,1.00,89.1,0,0.31,0,,,83378265
113.40,FSM Enemy 8,FSM,PatrolState,None,0.75,44.2,0,0.31,0,,,83378265
113.40,FSM Enemy 1,FSM,Dead,None,0.00,39.4,0,0.31,8,,,83378265
113.40,FSM Enemy 4,FSM,PatrolState,None,1.00,65.4,0,0.31,0,,,83378265
113.40,FSM Enemy 7,FSM,PatrolState,None,1.00,78.4,0,0.31,24,,,83378265
113.40,FSM Enemy 11,FSM,PatrolState,None,1.00,97.5,0,0.31,0,,,83378265
113.40,FSM Enemy 6,FSM,PatrolState,None,1.00,84.1,0,0.31,0,,,83378265
113.40,FSM Enemy 10,FSM,PatrolState,None,1.00,22.1,0,0.31,0,,,83378265
113.40,FSM Enemy 9,FSM,PatrolState,None,1.00,58.4,0,0.31,0,,,83378265
113.40,Utility Enemy 14,Utility,PatrolAction,None,1.00,29.2,0,0.31,0,0.120,0.000,83378265
113.40,Utility Enemy 8,Utility,PatrolAction,None,1.00,96.0,0,0.31,8,0.120,0.000,83378265
113.40,Utility Enemy 3,Utility,Dead,None,0.00,31.3,0,0.31,0,0.820,0.750,83378265
113.40,Utility Enemy 7,Utility,PatrolAction,None,0.80,77.7,0,0.31,0,0.120,0.000,83378265
113.40,Utility Enemy 12,Utility,PatrolAction,None,1.00,72.0,0,0.31,0,0.120,0.000,83378265
113.40,Utility Enemy 15,Utility,PatrolAction,None,1.00,84.8,0,0.31,16,0.120,0.000,83378265
113.40,Utility Enemy 1,Utility,PatrolAction,None,0.50,46.2,0,0.31,0,0.120,0.000,83378265
113.40,Utility Enemy 5,Utility,PatrolAction,None,1.00,67.9,0,0.31,0,0.120,0.000,83378265
113.40,Utility Enemy 13,Utility,PatrolAction,None,1.00,89.3,0,0.31,8,0.120,0.000,83378265
113.40,Utility Enemy 6,Utility,PatrolAction,None,1.00,57.9,0,0.31,16,0.120,0.000,83378265
113.40,Utility Enemy 4,Utility,PatrolAction,None,1.00,71.5,0,0.31,0,0.120,0.000,83378265
113.40,Utility Enemy 10,Utility,PatrolAction,None,0.90,42.9,0,0.31,0,0.120,0.000,83378265
113.40,Utility Enemy 11,Utility,Dead,None,0.00,25.5,0,0.31,0,0.120,0.000,83378265
113.40,Utility Enemy 9,Utility,PatrolAction,None,1.00,60.3,0,0.31,0,0.120,0.000,83378265
113.40,Utility Enemy 2,Utility,PatrolAction,None,0.90,62.2,0,0.31,0,0.120,0.000,83378265
114.41,Player,Player,-,None,0.31,,0,0.31,,,,83378265
114.41,FSM Enemy 2,FSM,PatrolState,None,1.00,35.9,0,0.31,0,,,83378265
114.41,FSM Enemy 15,FSM,PatrolState,None,1.00,74.7,0,0.31,16,,,83378265
114.41,FSM Enemy 14,FSM,PatrolState,None,1.00,46.8,0,0.31,0,,,83378265
114.41,FSM Enemy 3,FSM,PatrolState,None,1.00,34.1,0,0.31,8,,,83378265
114.41,FSM Enemy 5,FSM,PatrolState,None,0.75,40.5,0,0.31,0,,,83378265
114.41,FSM Enemy 13,FSM,PatrolState,None,0.50,68.5,0,0.31,0,,,83378265
114.41,FSM Enemy 12,FSM,PatrolState,None,1.00,89.3,0,0.31,0,,,83378265
114.41,FSM Enemy 8,FSM,PatrolState,None,0.75,41.7,0,0.31,0,,,83378265
114.41,FSM Enemy 1,FSM,Dead,None,0.00,39.4,0,0.31,8,,,83378265
114.41,FSM Enemy 4,FSM,PatrolState,None,1.00,66.8,0,0.31,0,,,83378265
114.41,FSM Enemy 7,FSM,PatrolState,None,1.00,78.7,0,0.31,24,,,83378265
114.41,FSM Enemy 11,FSM,PatrolState,None,1.00,100.0,0,0.31,0,,,83378265
114.41,FSM Enemy 6,FSM,PatrolState,None,1.00,86.2,0,0.31,0,,,83378265
114.41,FSM Enemy 10,FSM,PatrolState,None,1.00,21.9,0,0.31,0,,,83378265
114.41,FSM Enemy 9,FSM,PatrolState,None,1.00,56.5,0,0.31,0,,,83378265
114.41,Utility Enemy 14,Utility,PatrolAction,None,1.00,33.1,0,0.31,0,0.120,0.000,83378265
114.41,Utility Enemy 8,Utility,PatrolAction,None,1.00,92.7,0,0.31,8,0.120,0.000,83378265
114.41,Utility Enemy 3,Utility,Dead,None,0.00,31.3,0,0.31,0,0.820,0.750,83378265
114.41,Utility Enemy 7,Utility,PatrolAction,None,0.80,77.5,0,0.31,0,0.120,0.000,83378265
114.41,Utility Enemy 12,Utility,PatrolAction,None,1.00,69.9,0,0.31,0,0.120,0.000,83378265
114.41,Utility Enemy 15,Utility,PatrolAction,None,1.00,84.7,0,0.31,16,0.120,0.000,83378265
114.41,Utility Enemy 1,Utility,PatrolAction,None,0.50,45.4,0,0.31,0,0.120,0.000,83378265
114.41,Utility Enemy 5,Utility,PatrolAction,None,1.00,66.7,0,0.31,0,0.120,0.000,83378265
114.41,Utility Enemy 13,Utility,PatrolAction,None,1.00,86.6,0,0.31,8,0.120,0.000,83378265
114.41,Utility Enemy 6,Utility,PatrolAction,None,1.00,56.5,0,0.31,16,0.120,0.000,83378265
114.41,Utility Enemy 4,Utility,PatrolAction,None,1.00,70.1,0,0.31,0,0.120,0.000,83378265
114.41,Utility Enemy 10,Utility,PatrolAction,None,0.90,45.0,0,0.31,0,0.120,0.000,83378265
114.41,Utility Enemy 11,Utility,Dead,None,0.00,25.5,0,0.31,0,0.120,0.000,83378265
114.41,Utility Enemy 9,Utility,PatrolAction,None,1.00,55.9,0,0.31,0,0.120,0.000,83378265
114.41,Utility Enemy 2,Utility,PatrolAction,None,0.90,65.3,0,0.31,0,0.120,0.000,83378265
115.41,Player,Player,-,None,0.31,,0,0.31,,,,83378265
115.41,FSM Enemy 2,FSM,PatrolState,None,1.00,36.5,0,0.31,0,,,83378265
115.41,FSM Enemy 15,FSM,PatrolState,None,1.00,73.3,0,0.31,16,,,83378265
115.41,FSM Enemy 14,FSM,PatrolState,None,1.00,45.6,0,0.31,0,,,83378265
115.41,FSM Enemy 3,FSM,PatrolState,None,1.00,31.7,0,0.31,8,,,83378265
115.41,FSM Enemy 5,FSM,PatrolState,None,0.75,40.5,0,0.31,0,,,83378265
115.41,FSM Enemy 13,FSM,PatrolState,None,0.50,70.8,0,0.31,0,,,83378265
115.41,FSM Enemy 12,FSM,PatrolState,None,1.00,89.6,0,0.31,0,,,83378265
115.41,FSM Enemy 8,FSM,PatrolState,None,0.75,39.2,0,0.31,0,,,83378265
115.41,FSM Enemy 1,FSM,Dead,None,0.00,39.4,0,0.31,8,,,83378265
115.41,FSM Enemy 4,FSM,PatrolState,None,1.00,68.4,0,0.31,0,,,83378265
115.41,FSM Enemy 7,FSM,PatrolState,None,1.00,79.5,0,0.31,24,,,83378265
115.41,FSM Enemy 11,FSM,PatrolState,None,1.00,100.6,0,0.31,0,,,83378265
115.41,FSM Enemy 6,FSM,PatrolState,None,1.00,88.3,0,0.31,0,,,83378265
115.41,FSM Enemy 10,FSM,PatrolState,None,1.00,22.0,0,0.31,0,,,83378265
115.41,FSM Enemy 9,FSM,PatrolState,None,1.00,54.6,0,0.31,0,,,83378265
115.41,Utility Enemy 14,Utility,PatrolAction,None,1.00,35.3,0,0.31,0,0.120,0.000,83378265
115.41,Utility Enemy 8,Utility,PatrolAction,None,1.00,91.5,0,0.31,8,0.120,0.000,83378265
115.41,Utility Enemy 3,Utility,Dead,None,0.00,31.3,0,0.31,0,0.820,0.750,83378265
115.41,Utility Enemy 7,Utility,PatrolAction,None,0.80,81.9,0,0.31,0,0.120,0.000,83378265
115.41,Utility Enemy 12,Utility,PatrolAction,None,1.00,67.5,0,0.31,0,0.120,0.000,83378265
115.41,Utility Enemy 15,Utility,PatrolAction,None,1.00,85.1,0,0.31,16,0.120,0.000,83378265
115.41,Utility Enemy 1,Utility,PatrolAction,None,0.50,43.2,0,0.31,0,0.120,0.000,83378265
115.41,Utility Enemy 5,Utility,PatrolAction,None,1.00,67.9,0,0.31,0,0.120,0.000,83378265
115.41,Utility Enemy 13,Utility,PatrolAction,None,1.00,84.0,0,0.31,8,0.120,0.000,83378265
115.41,Utility Enemy 6,Utility,PatrolAction,None,1.00,55.8,0,0.31,16,0.120,0.000,83378265
115.41,Utility Enemy 4,Utility,PatrolAction,None,1.00,69.3,0,0.31,0,0.120,0.000,83378265
115.41,Utility Enemy 10,Utility,PatrolAction,None,0.90,49.1,0,0.31,0,0.120,0.000,83378265
115.41,Utility Enemy 11,Utility,Dead,None,0.00,25.5,0,0.31,0,0.120,0.000,83378265
115.41,Utility Enemy 9,Utility,PatrolAction,None,1.00,51.5,0,0.31,0,0.120,0.000,83378265
115.41,Utility Enemy 2,Utility,PatrolAction,None,0.90,69.4,0,0.31,0,0.120,0.000,83378265
116.42,Player,Player,-,WallDisappear,0.31,,0,0.31,,,,83378265
116.42,FSM Enemy 2,FSM,ChaseState,WallDisappear,1.00,37.1,0,0.31,0,,,83378265
116.42,FSM Enemy 15,FSM,ChaseState,WallDisappear,1.00,72.1,0,0.31,16,,,83378265
116.42,FSM Enemy 14,FSM,ChaseState,WallDisappear,1.00,44.5,0,0.31,0,,,83378265
116.42,FSM Enemy 3,FSM,ChaseState,WallDisappear,1.00,28.7,0,0.31,8,,,83378265
116.42,FSM Enemy 5,FSM,ChaseState,WallDisappear,0.75,40.5,0,0.31,0,,,83378265
116.42,FSM Enemy 13,FSM,ChaseState,WallDisappear,0.50,73.0,0,0.31,0,,,83378265
116.42,FSM Enemy 12,FSM,ChaseState,WallDisappear,1.00,89.4,0,0.31,0,,,83378265
116.42,FSM Enemy 8,FSM,ChaseState,WallDisappear,0.75,36.9,0,0.31,0,,,83378265
116.42,FSM Enemy 1,FSM,PatrolState,WallDisappear,1.00,64.9,0,0.31,8,,,83378265
116.42,FSM Enemy 4,FSM,ChaseState,WallDisappear,1.00,69.7,0,0.31,0,,,83378265
116.42,FSM Enemy 7,FSM,ChaseState,WallDisappear,1.00,80.2,0,0.31,24,,,83378265
116.42,FSM Enemy 11,FSM,ChaseState,WallDisappear,1.00,99.6,0,0.31,0,,,83378265
116.42,FSM Enemy 6,FSM,ChaseState,WallDisappear,1.00,89.3,0,0.31,0,,,83378265
116.42,FSM Enemy 10,FSM,ChaseState,WallDisappear,1.00,22.8,0,0.31,0,,,83378265
116.42,FSM Enemy 9,FSM,ChaseState,WallDisappear,1.00,52.9,0,0.31,0,,,83378265
116.42,Utility Enemy 14,Utility,ChaseAction,WallDisappear,1.00,37.4,0,0.31,0,0.850,0.300,83378265
116.42,Utility Enemy 8,Utility,ChaseAction,WallDisappear,1.00,90.5,0,0.31,8,0.850,0.300,83378265
116.42,Utility Enemy 3,Utility,Dead,WallDisappear,0.00,31.3,0,0.31,0,0.820,0.750,83378265
116.42,Utility Enemy 7,Utility,ChaseAction,WallDisappear,0.80,84.9,0,0.31,0,0.850,0.300,83378265
116.42,Utility Enemy 12,Utility,ChaseAction,WallDisappear,1.00,64.4,0,0.31,0,0.850,0.300,83378265
116.42,Utility Enemy 15,Utility,ChaseAction,WallDisappear,1.00,86.9,0,0.31,16,0.850,0.300,83378265
116.42,Utility Enemy 1,Utility,ChaseAction,WallDisappear,0.50,39.7,0,0.31,0,0.850,0.300,83378265
116.42,Utility Enemy 5,Utility,ChaseAction,WallDisappear,1.00,69.1,0,0.31,0,0.850,0.300,83378265
116.42,Utility Enemy 13,Utility,ChaseAction,WallDisappear,1.00,80.3,0,0.31,8,0.850,0.300,83378265
116.42,Utility Enemy 6,Utility,ChaseAction,WallDisappear,1.00,55.9,0,0.31,16,0.850,0.300,83378265
116.42,Utility Enemy 4,Utility,ChaseAction,WallDisappear,1.00,68.3,0,0.31,0,0.850,0.300,83378265
116.42,Utility Enemy 10,Utility,ChaseAction,WallDisappear,0.90,52.0,0,0.31,0,0.850,0.300,83378265
116.42,Utility Enemy 11,Utility,Dead,WallDisappear,0.00,25.5,0,0.31,0,0.120,0.000,83378265
116.42,Utility Enemy 9,Utility,ChaseAction,WallDisappear,1.00,47.2,0,0.31,0,0.850,0.300,83378265
116.42,Utility Enemy 2,Utility,ChaseAction,WallDisappear,0.90,71.4,0,0.31,0,0.850,0.300,83378265
117.42,Player,Player,-,WallDisappear,0.31,,0,0.31,,,,83378265
117.42,FSM Enemy 2,FSM,ChaseState,WallDisappear,1.00,33.7,0,0.31,0,,,83378265
117.42,FSM Enemy 15,FSM,ChaseState,WallDisappear,1.00,75.7,0,0.31,16,,,83378265
117.42,FSM Enemy 14,FSM,ChaseState,WallDisappear,1.00,38.0,0,0.31,0,,,83378265
117.42,FSM Enemy 3,FSM,ChaseState,WallDisappear,1.00,23.5,0,0.31,8,,,83378265
117.42,FSM Enemy 5,FSM,ChaseState,WallDisappear,0.75,41.2,0,0.31,0,,,83378265
117.42,FSM Enemy 13,FSM,ChaseState,WallDisappear,0.50,69.4,0,0.31,0,,,83378265
117.42,FSM Enemy 12,FSM,ChaseState,WallDisappear,1.00,82.6,0,0.31,0,,,83378265
117.42,FSM Enemy 8,FSM,ChaseState,WallDisappear,0.75,38.7,0,0.31,0,,,83378265
117.42,FSM Enemy 1,FSM,PatrolState,WallDisappear,1.00,61.9,0,0.31,8,,,83378265
117.42,FSM Enemy 4,FSM,ChaseState,WallDisappear,1.00,63.7,0,0.31,0,,,83378265
117.42,FSM Enemy 7,FSM,ChaseState,WallDisappear,1.00,79.2,0,0.31,24,,,83378265
117.42,FSM Enemy 11,FSM,ChaseState,WallDisappear,1.00,95.9,0,0.31,0,,,83378265
117.42,FSM Enemy 6,FSM,ChaseState,WallDisappear,1.00,83.2,0,0.31,0,,,83378265
117.42,FSM Enemy 10,FSM,ChaseState,WallDisappear,1.00,25.0,0,0.31,0,,,83378265
117.42,FSM Enemy 9,FSM,ChaseState,WallDisappear,1.00,49.4,0,0.31,0,,,83378265
117.42,Utility Enemy 14,Utility,ChaseAction,WallDisappear,1.00,39.9,0,0.31,0,0.850,0.300,83378265
117.42,Utility Enemy 8,Utility,ChaseAction,WallDisappear,1.00,83.6,0,0.31,8,0.850,0.300,83378265
117.42,Utility Enemy 3,Utility,Dead,WallDisappear,0.00,33.0,0,0.31,0,0.820,0.750,83378265
117.42,Utility Enemy 7,Utility,ChaseAction,WallDisappear,0.80,78.9,0,0.31,0,0.850,0.300,83378265
117.42,Utility Enemy 12,Utility,ChaseAction,WallDisappear,1.00,58.3,0,0.31,0,0.850,0.300,83378265
117.42,Utility Enemy 15,Utility,ChaseAction,WallDisappear,1.00,81.8,0,0.31,16,0.850,0.300,83378265
117.42,Utility Enemy 1,Utility,ChaseAction,WallDisappear,0.50,36.7,0,0.31,0,0.850,0.300,83378265
117.42,Utility Enemy 5,Utility,ChaseAction,WallDisappear,1.00,62.6,0,0.31,0,0.850,0.300,83378265
117.42,Utility Enemy 13,Utility,ChaseAction,WallDisappear,1.00,82.3,0,0.31,8,0.850,0.300,83378265
117.42,Utility Enemy 6,Utility,ChaseAction,WallDisappear,1.00,59.2,0,0.31,16,0.850,0.300,83378265
117.42,Utility Enemy 4,Utility,ChaseAction,WallDisappear,1.00,70.6,0,0.31,0,0.850,0.300,83378265
117.42,Utility Enemy 10,Utility,ChaseAction,WallDisappear,0.90,49.8,0,0.31,0,0.850,0.300,83378265
117.42,Utility Enemy 11,Utility,Dead,WallDisappear,0.00,27.6,0,0.31,0,0.120,0.000,83378265
117.42,Utility Enemy 9,Utility,ChaseAction,WallDisappear,1.00,45.6,0,0.31,0,0.850,0.300,83378265
117.42,Utility Enemy 2,Utility,ChaseAction,WallDisappear,0.90,65.0,0,0.31,0,0.850,0.300,83378265
118.42,Player,Player,-,WallDisappear,0.31,,0,0.31,,,,83378265
118.42,FSM Enemy 2,FSM,ChaseState,WallDisappear,1.00,30.7,0,0.31,0,,,83378265
118.42,FSM Enemy 15,FSM,ChaseState,WallDisappear,1.00,77.3,0,0.31,16,,,83378265
118.42,FSM Enemy 14,FSM,ChaseState,WallDisappear,1.00,32.4,0,0.31,0,,,83378265
118.42,FSM Enemy 3,FSM,ChaseState,WallDisappear,1.00,17.1,1,0.31,8,,,83378265
118.42,FSM Enemy 5,FSM,ChaseState,WallDisappear,0.75,37.8,0,0.31,0,,,83378265
118.42,FSM Enemy 13,FSM,ChaseState,WallDisappear,0.50,63.0,0,0.31,0,,,83378265
118.42,FSM Enemy 12,FSM,ChaseState,WallDisappear,1.00,74.8,0,0.31,0,,,83378265
118.42,FSM Enemy 8,FSM,ChaseState,WallDisappear,0.75,39.2,0,0.31,0,,,83378265
118.42,FSM Enemy 1,FSM,PatrolState,WallDisappear,1.00,57.2,0,0.31,8,,,83378265
118.42,FSM Enemy 4,FSM,ChaseState,WallDisappear,1.00,57.1,0,0.31,0,,,83378265
118.42,FSM Enemy 7,FSM,ChaseState,WallDisappear,1.00,76.5,0,0.31,24,,,83378265
118.42,FSM Enemy 11,FSM,ChaseState,WallDisappear,1.00,91.1,0,0.31,0,,,83378265
118.42,FSM Enemy 6,FSM,ChaseState,WallDisappear,1.00,76.0,0,0.31,0,,,83378265
118.42,FSM Enemy 10,FSM,ChaseState,WallDisappear,0.75,25.8,0,0.31,0,,,83378265
118.42,FSM Enemy 9,FSM,ChaseState,WallDisappear,1.00,45.5,0,0.31,0,,,83378265
118.42,Utility Enemy 14,Utility,ChaseAction,WallDisappear,1.00,40.4,0,0.31,0,0.850,0.300,83378265
118.42,Utility Enemy 8,Utility,ChaseAction,WallDisappear,1.00,75.9,0,0.31,8,0.850,0.300,83378265
118.42,Utility Enemy 3,Utility,Dead,WallDisappear,0.00,33.0,0,0.31,0,0.820,0.750,83378265
118.42,Utility Enemy 7,Utility,ChaseAction,WallDisappear,0.80,71.1,0,0.31,0,0.850,0.300,83378265
118.42,Utility Enemy 12,Utility,ChaseAction,WallDisappear,1.00,51.1,0,0.31,0,0.850,0.300,83378265
118.42,Utility Enemy 15,Utility,ChaseAction,WallDisappear,1.00,74.5,0,0.31,16,0.850,0.300,83378265
118.42,Utility Enemy 1,Utility,ChaseAction,WallDisappear,0.50,31.8,0,0.31,0,0.850,0.300,83378265
118.42,Utility Enemy 5,Utility,ChaseAction,WallDisappear,1.00,54.5,0,0.31,0,0.850,0.300,83378265
118.42,Utility Enemy 13,Utility,ChaseAction,WallDisappear,1.00,83.7,0,0.31,8,0.850,0.300,83378265
118.42,Utility Enemy 6,Utility,ChaseAction,WallDisappear,1.00,60.9,0,0.31,16,0.850,0.300,83378265
118.42,Utility Enemy 4,Utility,ChaseAction,WallDisappear,1.00,71.7,0,0.31,0,0.850,0.300,83378265
118.42,Utility Enemy 10,Utility,ChaseAction,WallDisappear,0.90,45.2,0,0.31,0,0.850,0.300,83378265
118.42,Utility Enemy 11,Utility,Dead,WallDisappear,0.00,28.3,0,0.31,0,0.120,0.000,83378265
118.42,Utility Enemy 9,Utility,ChaseAction,WallDisappear,1.00,43.7,0,0.31,0,0.850,0.300,83378265
118.42,Utility Enemy 2,Utility,ChaseAction,WallDisappear,0.90,56.9,0,0.31,0,0.850,0.300,83378265
119.43,Player,Player,-,WallDisappear,0.31,,0,0.31,,,,83378265
119.43,FSM Enemy 2,FSM,ChaseState,WallDisappear,1.00,26.1,0,0.31,0,,,83378265
119.43,FSM Enemy 15,FSM,ChaseState,WallDisappear,1.00,72.7,0,0.31,16,,,83378265
119.43,FSM Enemy 14,FSM,ChaseState,WallDisappear,1.00,27.2,0,0.31,0,,,83378265
119.43,FSM Enemy 3,FSM,ChaseState,WallDisappear,1.00,10.3,1,0.31,8,,,83378265
119.43,FSM Enemy 5,FSM,ChaseState,WallDisappear,0.75,32.9,0,0.31,0,,,83378265
119.43,FSM Enemy 13,FSM,ChaseState,WallDisappear,0.50,55.1,0,0.31,0,,,83378265
119.43,FSM Enemy 12,FSM,ChaseState,WallDisappear,1.00,65.0,0,0.31,0,,,83378265
119.43,FSM Enemy 8,FSM,ChaseState,WallDisappear,0.75,37.1,0,0.31,0,,,83378265
119.43,FSM Enemy 1,FSM,PatrolState,WallDisappear,1.00,50.8,0,0.31,8,,,83378265
119.43,FSM Enemy 4,FSM,ChaseState,WallDisappear,1.00,48.4,0,0.31,0,,,83378265
119.43,FSM Enemy 7,FSM,ChaseState,WallDisappear,1.00,71.7,0,0.31,24,,,83378265
119.43,FSM Enemy 11,FSM,ChaseState,WallDisappear,1.00,84.5,0,0.31,0,,,83378265
119.43,FSM Enemy 6,FSM,ChaseState,WallDisappear,1.00,66.6,0,0.31,0,,,83378265
119.43,FSM Enemy 10,FSM,ChaseState,WallDisappear,0.75,24.1,0,0.31,0,,,83378265
119.43,FSM Enemy 9,FSM,ChaseState,WallDisappear,1.00,39.6,0,0.31,0,,,83378265
119.43,Utility Enemy 14,Utility,ChaseAction,WallDisappear,1.00,37.3,0,0.31,0,0.850,0.300,83378265
119.43,Utility Enemy 8,Utility,ChaseAction,WallDisappear,1.00,65.9,0,0.31,8,0.850,0.300,83378265
119.43,Utility Enemy 3,Utility,Dead,WallDisappear,0.00,33.2,0,0.31,0,0.820,0.750,83378265
119.43,Utility Enemy 7,Utility,ChaseAction,WallDisappear,0.80,61.0,0,0.31,0,0.850,0.300,83378265
119.43,Utility Enemy 12,Utility,ChaseAction,WallDisappear,1.00,41.8,0,0.31,0,0.850,0.300,83378265
119.43,Utility Enemy 15,Utility,ChaseAction,WallDisappear,1.00,65.5,0,0.31,16,0.850,0.300,83378265
119.43,Utility Enemy 1,Utility,ChaseAction,WallDisappear,0.50,27.4,0,0.31,0,0.850,0.300,83378265
119.43,Utility Enemy 5,Utility,ChaseAction,WallDisappear,1.00,44.0,0,0.31,0,0.850,0.300,83378265
119.43,Utility Enemy 13,Utility,ChaseAction,WallDisappear,1.00,81.8,0,0.31,8,0.850,0.300,83378265
119.43,Utility Enemy 6,Utility,ChaseAction,WallDisappear,1.00,60.5,0,0.31,16,0.850,0.300,83378265
119.43,Utility Enemy 4,Utility,ChaseAction,WallDisappear,1.00,68.4,0,0.31,0,0.850,0.300,83378265
119.43,Utility Enemy 10,Utility,ChaseAction,WallDisappear,0.90,38.9,0,0.31,0,0.850,0.300,83378265
119.43,Utility Enemy 11,Utility,ChaseAction,WallDisappear,1.00,32.3,0,0.31,0,0.850,0.300,83378265
119.43,Utility Enemy 9,Utility,ChaseAction,WallDisappear,1.00,39.4,0,0.31,0,0.850,0.300,83378265
119.43,Utility Enemy 2,Utility,ChaseAction,WallDisappear,0.90,46.8,0,0.31,0,0.850,0.300,83378265
120.44,Player,Player,-,WallDisappear,0.31,,0,0.31,,,,83378265
120.44,FSM Enemy 2,FSM,ChaseState,WallDisappear,1.00,21.7,0,0.31,0,,,83378265
120.44,FSM Enemy 15,FSM,ChaseState,WallDisappear,1.00,68.1,0,0.31,16,,,83378265
120.44,FSM Enemy 14,FSM,ChaseState,WallDisappear,1.00,22.2,0,0.31,0,,,83378265
120.44,FSM Enemy 3,FSM,ChaseState,WallDisappear,1.00,7.0,1,0.31,8,,,83378265
120.44,FSM Enemy 5,FSM,ChaseState,WallDisappear,0.75,28.9,0,0.31,0,,,83378265
120.44,FSM Enemy 13,FSM,ChaseState,WallDisappear,0.50,47.3,0,0.31,0,,,83378265
120.44,FSM Enemy 12,FSM,ChaseState,WallDisappear,1.00,55.8,0,0.31,0,,,83378265
120.44,FSM Enemy 8,FSM,ChaseState,WallDisappear,0.75,31.1,0,0.31,0,,,83378265
120.44,FSM Enemy 1,FSM,PatrolState,WallDisappear,1.00,44.9,0,0.31,8,,,83378265
120.44,FSM Enemy 4,FSM,ChaseState,WallDisappear,1.00,39.8,0,0.31,0,,,83378265
120.44,FSM Enemy 7,FSM,ChaseState,WallDisappear,1.00,66.9,0,0.31,24,,,83378265
120.44,FSM Enemy 11,FSM,ChaseState,WallDisappear,1.00,79.5,0,0.31,0,,,83378265
120.44,FSM Enemy 6,FSM,ChaseState,WallDisappear,1.00,56.7,0,0.31,0,,,83378265
120.44,FSM Enemy 10,FSM,ChaseState,WallDisappear,0.75,22.9,0,0.31,0,,,83378265
120.44,FSM Enemy 9,FSM,ChaseState,WallDisappear,1.00,31.7,0,0.31,0,,,83378265
120.44,Utility Enemy 14,Utility,ChaseAction,WallDisappear,1.00,30.9,0,0.31,0,0.850,0.300,83378265
120.44,Utility Enemy 8,Utility,ChaseAction,WallDisappear,1.00,57.2,0,0.31,8,0.850,0.300,83378265
120.44,Utility Enemy 3,Utility,Dead,WallDisappear,0.00,34.3,0,0.31,0,0.820,0.750,83378265
120.44,Utility Enemy 7,Utility,ChaseAction,WallDisappear,0.80,51.0,0,0.31,0,0.850,0.300,83378265
120.44,Utility Enemy 12,Utility,ChaseAction,WallDisappear,1.00,33.3,0,0.31,0,0.850,0.300,83378265
120.44,Utility Enemy 15,Utility,ChaseAction,WallDisappear,1.00,56.8,0,0.31,16,0.850,0.300,83378265
120.44,Utility Enemy 1,Utility,ChaseAction,WallDisappear,0.50,25.3,0,0.31,0,0.850,0.300,83378265
120.44,Utility Enemy 5,Utility,ChaseAction,WallDisappear,1.00,33.4,0,0.31,0,0.850,0.300,83378265
120.44,Utility Enemy 13,Utility,ChaseAction,WallDisappear,1.00,77.1,0,0.31,8,0.850,0.300,83378265
120.44,Utility Enemy 6,Utility,ChaseAction,WallDisappear,1.00,60.3,0,0.31,16,0.850,0.300,83378265
120.44,Utility Enemy 4,Utility,ChaseAction,WallDisappear,1.00,65.2,0,0.31,0,0.850,0.300,83378265
120.44,Utility Enemy 10,Utility,ChaseAction,WallDisappear,0.40,33.5,0,0.31,0,0.850,0.300,83378265
120.44,Utility Enemy 11,Utility,ChaseAction,WallDisappear,1.00,27.1,0,0.31,0,0.850,0.300,83378265
120.44,Utility Enemy 9,Utility,ChaseAction,WallDisappear,1.00,32.5,0,0.31,0,0.850,0.300,83378265
120.44,Utility Enemy 2,Utility,ChaseAction,WallDisappear,0.90,37.1,0,0.31,0,0.850,0.300,83378265
121.44,Player,Player,-,None,0.25,,0,0.25,,,,83378265
121.44,FSM Enemy 2,FSM,PatrolState,None,1.00,17.1,0,0.25,0,,,83378265
121.44,FSM Enemy 15,FSM,PatrolState,None,1.00,62.7,0,0.25,16,,,83378265
121.44,FSM Enemy 14,FSM,PatrolState,None,1.00,18.2,0,0.25,0,,,83378265
121.44,FSM Enemy 3,FSM,AttackState,None,1.00,8.2,1,0.25,16,,,83378265
121.44,FSM Enemy 5,FSM,PatrolState,None,0.75,25.1,0,0.25,0,,,83378265
121.44,FSM Enemy 13,FSM,PatrolState,None,0.50,40.6,0,0.25,0,,,83378265
121.44,FSM Enemy 12,FSM,PatrolState,None,1.00,47.6,0,0.25,0,,,83378265
121.44,FSM Enemy 8,FSM,PatrolState,None,0.75,25.7,0,0.25,0,,,83378265
121.44,FSM Enemy 1,FSM,PatrolState,None,1.00,39.2,0,0.25,8,,,83378265
121.44,FSM Enemy 4,FSM,PatrolState,None,1.00,32.1,0,0.25,0,,,83378265
121.44,FSM Enemy 7,FSM,PatrolState,None,1.00,62.0,0,0.25,24,,,83378265
121.44,FSM Enemy 11,FSM,PatrolState,None,1.00,74.4,0,0.25,0,,,83378265
121.44,FSM Enemy 6,FSM,PatrolState,None,1.00,47.0,0,0.25,0,,,83378265
121.44,FSM Enemy 10,FSM,Dead,None,0.00,19.6,0,0.25,0,,,83378265
121.44,FSM Enemy 9,FSM,PatrolState,None,0.75,25.8,0,0.25,0,,,83378265
121.44,Utility Enemy 14,Utility,PatrolAction,None,1.00,25.1,0,0.25,0,0.120,0.000,83378265
121.44,Utility Enemy 8,Utility,PatrolAction,None,1.00,49.4,0,0.25,8,0.120,0.000,83378265
121.44,Utility Enemy 3,Utility,Dead,None,0.00,35.3,0,0.25,0,0.820,0.750,83378265
121.44,Utility Enemy 7,Utility,PatrolAction,None,0.80,41.6,0,0.25,0,0.120,0.000,83378265
121.44,Utility Enemy 12,Utility,PatrolAction,None,1.00,26.7,0,0.25,0,0.120,0.000,83378265
121.44,Utility Enemy 15,Utility,PatrolAction,None,1.00,48.4,0,0.25,16,0.120,0.000,83378265
121.44,Utility Enemy 1,Utility,PatrolAction,None,0.50,25.2,0,0.25,0,0.120,0.000,83378265
121.44,Utility Enemy 5,Utility,PatrolAction,None,1.00,22.9,0,0.25,0,0.120,0.000,83378265
121.44,Utility Enemy 13,Utility,PatrolAction,None,1.00,71.8,0,0.25,8,0.120,0.000,83378265
121.44,Utility Enemy 6,Utility,PatrolAction,None,1.00,59.2,0,0.25,16,0.120,0.000,83378265
121.44,Utility Enemy 4,Utility,PatrolAction,None,1.00,60.9,0,0.25,0,0.120,0.000,83378265
121.44,Utility Enemy 10,Utility,Dead,None,0.00,27.6,0,0.25,0,0.850,0.300,83378265
121.44,Utility Enemy 11,Utility,PatrolAction,None,1.00,24.9,0,0.25,0,0.120,0.000,83378265
121.44,Utility Enemy 9,Utility,PatrolAction,None,1.00,26.0,0,0.25,0,0.120,0.000,83378265
121.44,Utility Enemy 2,Utility,PatrolAction,None,0.90,28.7,0,0.25,0,0.120,0.000,83378265
122.44,Player,Player,-,None,0.20,,0,0.20,,,,83378265
122.44,FSM Enemy 2,FSM,PatrolState,None,1.00,13.4,0,0.20,0,,,83378265
122.44,FSM Enemy 15,FSM,PatrolState,None,1.00,55.5,0,0.20,16,,,83378265
122.44,FSM Enemy 14,FSM,PatrolState,None,1.00,17.7,0,0.20,0,,,83378265
122.44,FSM Enemy 3,FSM,AttackState,None,1.00,13.7,1,0.20,24,,,83378265
122.44,FSM Enemy 5,FSM,PatrolState,None,0.75,22.8,0,0.20,0,,,83378265
122.44,FSM Enemy 13,FSM,PatrolState,None,0.50,38.3,0,0.20,0,,,83378265
122.44,FSM Enemy 12,FSM,PatrolState,None,1.00,44.7,0,0.20,0,,,83378265
122.44,FSM Enemy 8,FSM,ChaseState,None,0.75,19.4,1,0.20,0,,,83378265
122.44,FSM Enemy 1,FSM,PatrolState,None,1.00,34.1,0,0.20,8,,,83378265
122.44,FSM Enemy 4,FSM,PatrolState,None,1.00,28.7,0,0.20,0,,,83378265
122.44,FSM Enemy 7,FSM,PatrolState,None,1.00,57.4,0,0.20,24,,,83378265
122.44,FSM Enemy 11,FSM,PatrolState,None,1.00,70.3,0,0.20,0,,,83378265
122.44,FSM Enemy 6,FSM,PatrolState,None,1.00,43.3,0,0.20,0,,,83378265
122.44,FSM Enemy 10,FSM,Dead,None,0.00,14.1,0,0.20,0,,,83378265
122.44,FSM Enemy 9,FSM,PatrolState,None,0.75,22.0,0,0.20,0,,,83378265
122.44,Utility Enemy 14,Utility,PatrolAction,None,1.00,20.3,0,0.20,0,0.120,0.000,83378265
122.44,Utility Enemy 8,Utility,PatrolAction,None,1.00,43.2,0,0.20,8,0.120,0.000,83378265
122.44,Utility Enemy 3,Utility,PatrolAction,None,1.00,56.6,0,0.20,0,0.120,0.000,83378265
122.44,Utility Enemy 7,Utility,PatrolAction,None,0.80,36.1,0,0.20,0,0.120,0.000,83378265
122.44,Utility Enemy 12,Utility,PatrolAction,None,1.00,21.6,0,0.20,0,0.120,0.000,83378265
122.44,Utility Enemy 15,Utility,PatrolAction,None,1.00,46.6,0,0.20,16,0.120,0.000,83378265
122.44,Utility Enemy 1,Utility,PatrolAction,None,0.50,23.9,0,0.20,0,0.120,0.000,83378265
122.44,Utility Enemy 5,Utility,SpreadFireAction,None,1.00,14.1,1,0.20,0,0.179,0.161,83378265
122.44,Utility Enemy 13,Utility,PatrolAction,None,1.00,63.2,0,0.20,8,0.120,0.000,83378265
122.44,Utility Enemy 6,Utility,PatrolAction,None,1.00,50.9,0,0.20,16,0.120,0.000,83378265
122.44,Utility Enemy 4,Utility,PatrolAction,None,1.00,52.4,0,0.20,0,0.120,0.000,83378265
122.44,Utility Enemy 10,Utility,Dead,None,0.00,21.8,0,0.20,0,0.850,0.300,83378265
122.44,Utility Enemy 11,Utility,PatrolAction,None,1.00,31.5,0,0.20,0,0.120,0.000,83378265
122.44,Utility Enemy 9,Utility,PatrolAction,None,1.00,20.4,0,0.20,0,0.120,0.000,83378265
122.44,Utility Enemy 2,Utility,PatrolAction,None,0.90,26.6,0,0.20,0,0.120,0.000,83378265
123.45,Player,Player,-,None,0.20,,0,0.20,,,,83378265
123.45,FSM Enemy 2,FSM,PatrolState,None,1.00,13.1,0,0.20,0,,,83378265
123.45,FSM Enemy 15,FSM,PatrolState,None,1.00,50.3,0,0.20,16,,,83378265
123.45,FSM Enemy 14,FSM,PatrolState,None,1.00,19.0,0,0.20,0,,,83378265
123.45,FSM Enemy 3,FSM,AttackState,None,1.00,17.9,1,0.20,24,,,83378265
123.45,FSM Enemy 5,FSM,PatrolState,None,0.75,23.6,0,0.20,0,,,83378265
123.45,FSM Enemy 13,FSM,PatrolState,None,0.50,37.8,0,0.20,0,,,83378265
123.45,FSM Enemy 12,FSM,PatrolState,None,1.00,43.3,0,0.20,0,,,83378265
123.45,FSM Enemy 8,FSM,AttackState,None,0.75,15.2,1,0.20,0,,,83378265
123.45,FSM Enemy 1,FSM,PatrolState,None,1.00,31.5,0,0.20,8,,,83378265
123.45,FSM Enemy 4,FSM,PatrolState,None,1.00,27.0,0,0.20,0,,,83378265
123.45,FSM Enemy 7,FSM,PatrolState,None,1.00,52.5,0,0.20,24,,,83378265
123.45,FSM Enemy 11,FSM,PatrolState,None,1.00,68.1,0,0.20,0,,,83378265
123.45,FSM Enemy 6,FSM,PatrolState,None,1.00,41.3,0,0.20,0,,,83378265
123.45,FSM Enemy 10,FSM,Dead,None,0.00,10.5,0,0.20,0,,,83378265
123.45,FSM Enemy 9,FSM,PatrolState,None,0.75,19.5,0,0.20,0,,,83378265
123.45,Utility Enemy 14,Utility,PatrolAction,None,1.00,17.0,0,0.20,0,0.120,0.000,83378265
123.45,Utility Enemy 8,Utility,PatrolAction,None,1.00,38.4,0,0.20,8,0.120,0.000,83378265
123.45,Utility Enemy 3,Utility,PatrolAction,None,1.00,48.6,0,0.20,0,0.120,0.000,83378265
123.45,Utility Enemy 7,Utility,PatrolAction,None,0.80,31.6,0,0.20,0,0.120,0.000,83378265
123.45,Utility Enemy 12,Utility,SpreadFireAction,None,1.00,14.4,1,0.20,0,0.164,0.125,83378265
123.45,Utility Enemy 15,Utility,PatrolAction,None,1.00,48.0,0,0.20,16,0.120,0.000,83378265
123.45,Utility Enemy 1,Utility,PatrolAction,None,0.50,22.5,0,0.20,0,0.120,0.000,83378265
123.45,Utility Enemy 5,Utility,Dead,None,0.00,9.8,1,0.20,0,0.338,0.262,83378265
123.45,Utility Enemy 13,Utility,PatrolAction,None,1.00,55.7,0,0.20,8,0.120,0.000,83378265
123.45,Utility Enemy 6,Utility,PatrolAction,None,1.00,42.9,0,0.20,16,0.120,0.000,83378265
123.45,Utility Enemy 4,Utility,PatrolAction,None,1.00,45.6,0,0.20,0,0.120,0.000,83378265
123.45,Utility Enemy 10,Utility,Dead,None,0.00,17.6,0,0.20,0,0.850,0.300,83378265
123.45,Utility Enemy 11,Utility,PatrolAction,None,1.00,38.7,0,0.20,0,0.120,0.000,83378265
123.45,Utility Enemy 9,Utility,PatrolAction,None,1.00,16.0,0,0.20,0,0.120,0.000,83378265
123.45,Utility Enemy 2,Utility,PatrolAction,None,0.90,26.9,0,0.20,0,0.120,0.000,83378265
124.45,Player,Player,-,None,0.15,,0,0.15,,,,83378265
124.45,FSM Enemy 2,FSM,PatrolState,None,1.00,14.7,0,0.15,0,,,83378265
124.45,FSM Enemy 15,FSM,PatrolState,None,1.00,45.6,0,0.15,16,,,83378265
124.45,FSM Enemy 14,FSM,PatrolState,None,1.00,20.0,0,0.15,0,,,83378265
124.45,FSM Enemy 3,FSM,ChaseState,None,1.00,18.8,1,0.15,24,,,83378265
124.45,FSM Enemy 5,FSM,PatrolState,None,0.75,27.9,0,0.15,0,,,83378265
124.45,FSM Enemy 13,FSM,PatrolState,None,0.50,38.9,0,0.15,0,,,83378265
124.45,FSM Enemy 12,FSM,PatrolState,None,1.00,41.3,0,0.15,0,,,83378265
124.45,FSM Enemy 8,FSM,ChaseState,None,0.75,13.4,0,0.15,8,,,83378265
124.45,FSM Enemy 1,FSM,PatrolState,None,1.00,31.8,0,0.15,8,,,83378265
124.45,FSM Enemy 4,FSM,PatrolState,None,1.00,25.0,0,0.15,0,,,83378265
124.45,FSM Enemy 7,FSM,PatrolState,None,1.00,50.4,0,0.15,24,,,83378265
124.45,FSM Enemy 11,FSM,PatrolState,None,1.00,67.3,0,0.15,0,,,83378265
124.45,FSM Enemy 6,FSM,PatrolState,None,1.00,39.1,0,0.15,0,,,83378265
124.45,FSM Enemy 10,FSM,Dead,None,0.00,9.4,0,0.15,0,,,83378265
124.45,FSM Enemy 9,FSM,PatrolState,None,0.75,17.7,0,0.15,0,,,83378265
124.45,Utility Enemy 14,Utility,PatrolAction,None,1.00,17.7,0,0.15,0,0.120,0.000,83378265
124.45,Utility Enemy 8,Utility,PatrolAction,None,1.00,31.0,0,0.15,8,0.120,0.000,83378265
124.45,Utility Enemy 3,Utility,PatrolAction,None,1.00,45.1,0,0.15,0,0.120,0.000,83378265
124.45,Utility Enemy 7,Utility,PatrolAction,None,0.80,31.3,0,0.15,0,0.120,0.000,83378265
124.45,Utility Enemy 12,Utility,AttackAction,None,1.00,10.5,1,0.15,0,0.379,0.134,83378265
124.45,Utility Enemy 15,Utility,PatrolAction,None,1.00,50.6,0,0.15,16,0.120,0.000,83378265
124.45,Utility Enemy 1,Utility,PatrolAction,None,0.50,23.2,0,0.15,0,0.120,0.000,83378265
124.45,Utility Enemy 5,Utility,Dead,None,0.00,6.6,1,0.15,0,0.338,0.262,83378265
124.45,Utility Enemy 13,Utility,PatrolAction,None,1.00,49.1,0,0.15,8,0.120,0.000,83378265
124.45,Utility Enemy 6,Utility,PatrolAction,None,1.00,36.9,0,0.15,16,0.120,0.000,83378265
124.45,Utility Enemy 4,Utility,PatrolAction,None,1.00,43.2,0,0.15,0,0.120,0.000,83378265
124.45,Utility Enemy 10,Utility,Dead,None,0.00,14.4,0,0.15,0,0.850,0.300,83378265
124.45,Utility Enemy 11,Utility,PatrolAction,None,1.00,43.0,0,0.15,0,0.120,0.000,83378265
124.45,Utility Enemy 9,Utility,PatrolAction,None,1.00,18.6,0,0.15,0,0.120,0.000,83378265
124.45,Utility Enemy 2,Utility,PatrolAction,None,0.90,27.2,0,0.15,0,0.120,0.000,83378265
125.45,Player,Player,-,None,0.09,,0,0.09,,,,83378265
125.45,FSM Enemy 2,FSM,PatrolState,None,1.00,16.2,0,0.09,0,,,83378265
125.45,FSM Enemy 15,FSM,PatrolState,None,1.00,44.3,0,0.09,16,,,83378265
125.45,FSM Enemy 14,FSM,PatrolState,None,1.00,18.9,0,0.09,0,,,83378265
125.45,FSM Enemy 3,FSM,ChaseState,None,1.00,18.8,1,0.09,24,,,83378265
125.45,FSM Enemy 5,FSM,PatrolState,None,0.75,35.6,0,0.09,0,,,83378265
125.45,FSM Enemy 13,FSM,PatrolState,None,0.50,43.3,0,0.09,0,,,83378265
125.45,FSM Enemy 12,FSM,PatrolState,None,1.00,38.7,0,0.09,0,,,83378265
125.45,FSM Enemy 8,FSM,AttackState,None,0.75,13.3,1,0.09,8,,,83378265
125.45,FSM Enemy 1,FSM,PatrolState,None,1.00,36.6,0,0.09,8,,,83378265
125.45,FSM Enemy 4,FSM,PatrolState,None,1.00,21.5,0,0.09,0,,,83378265
125.45,FSM Enemy 7,FSM,PatrolState,None,1.00,53.0,0,0.09,24,,,83378265
125.45,FSM Enemy 11,FSM,PatrolState,None,1.00,69.0,0,0.09,0,,,83378265
125.45,FSM Enemy 6,FSM,PatrolState,None,1.00,36.5,0,0.09,0,,,83378265
125.45,FSM Enemy 10,FSM,Dead,None,0.00,13.4,0,0.09,0,,,83378265
125.45,FSM Enemy 9,FSM,PatrolState,None,0.75,18.0,0,0.09,0,,,83378265
125.45,Utility Enemy 14,Utility,PatrolAction,None,1.00,25.4,0,0.09,0,0.120,0.000,83378265
125.45,Utility Enemy 8,Utility,PatrolAction,None,1.00,23.5,0,0.09,8,0.120,0.000,83378265
125.45,Utility Enemy 3,Utility,PatrolAction,None,1.00,48.7,0,0.09,0,0.120,0.000,83378265
125.45,Utility Enemy 7,Utility,PatrolAction,None,0.80,30.8,0,0.09,0,0.120,0.000,83378265
125.45,Utility Enemy 12,Utility,AttackAction,None,1.00,10.0,0,0.09,8,0.485,0.125,83378265
125.45,Utility Enemy 15,Utility,PatrolAction,None,1.00,56.8,0,0.09,16,0.120,0.000,83378265
125.45,Utility Enemy 1,Utility,PatrolAction,None,0.50,30.9,0,0.09,0,0.120,0.000,83378265
125.45,Utility Enemy 5,Utility,Dead,None,0.00,8.7,0,0.09,0,0.338,0.262,83378265
125.45,Utility Enemy 13,Utility,PatrolAction,None,1.00,45.4,0,0.09,8,0.120,0.000,83378265
125.45,Utility Enemy 6,Utility,PatrolAction,None,1.00,39.9,0,0.09,16,0.120,0.000,83378265
125.45,Utility Enemy 4,Utility,PatrolAction,None,1.00,49.4,0,0.09,0,0.120,0.000,83378265
125.45,Utility Enemy 10,Utility,Dead,None,0.00,15.0,0,0.09,0,0.850,0.300,83378265
125.45,Utility Enemy 11,Utility,PatrolAction,None,1.00,42.6,0,0.09,0,0.120,0.000,83378265
125.45,Utility Enemy 9,Utility,PatrolAction,None,1.00,24.9,0,0.09,0,0.120,0.000,83378265
125.45,Utility Enemy 2,Utility,PatrolAction,None,0.90,27.2,0,0.09,0,0.120,0.000,83378265
126.45,Player,Player,-,None,0.04,,0,0.04,,,,83378265
126.45,FSM Enemy 2,FSM,PatrolState,None,1.00,18.3,0,0.04,0,,,83378265
126.45,FSM Enemy 15,FSM,PatrolState,None,1.00,44.4,0,0.04,16,,,83378265
126.45,FSM Enemy 14,FSM,PatrolState,None,1.00,18.1,0,0.04,0,,,83378265
126.45,FSM Enemy 3,FSM,ChaseState,None,1.00,18.3,1,0.04,24,,,83378265
126.45,FSM Enemy 5,FSM,PatrolState,None,0.75,42.6,0,0.04,0,,,83378265
126.45,FSM Enemy 13,FSM,PatrolState,None,0.50,48.8,0,0.04,0,,,83378265
126.45,FSM Enemy 12,FSM,PatrolState,None,1.00,38.3,0,0.04,0,,,83378265
126.45,FSM Enemy 8,FSM,ChaseState,None,0.75,17.4,0,0.04,16,,,83378265
126.45,FSM Enemy 1,FSM,PatrolState,None,1.00,41.5,0,0.04,8,,,83378265
126.45,FSM Enemy 4,FSM,PatrolState,None,1.00,19.7,0,0.04,0,,,83378265
126.45,FSM Enemy 7,FSM,PatrolState,None,1.00,53.8,0,0.04,24,,,83378265
126.45,FSM Enemy 11,FSM,PatrolState,None,1.00,72.6,0,0.04,0,,,83378265
126.45,FSM Enemy 6,FSM,PatrolState,None,1.00,36.1,0,0.04,0,,,83378265
126.45,FSM Enemy 10,FSM,Dead,None,0.00,17.6,0,0.04,0,,,83378265
126.45,FSM Enemy 9,FSM,PatrolState,None,0.75,20.3,0,0.04,0,,,83378265
126.45,Utility Enemy 14,Utility,PatrolAction,None,1.00,33.4,0,0.04,0,0.120,0.000,83378265
126.45,Utility Enemy 8,Utility,PatrolAction,None,1.00,20.1,0,0.04,8,0.120,0.000,83378265
126.45,Utility Enemy 3,Utility,PatrolAction,None,1.00,54.1,0,0.04,0,0.120,0.000,83378265
126.45,Utility Enemy 7,Utility,PatrolAction,None,0.80,29.6,0,0.04,0,0.120,0.000,83378265
126.45,Utility Enemy 12,Utility,ChaseAction,None,1.00,12.0,0,0.04,8,0.490,0.400,83378265
126.45,Utility Enemy 15,Utility,PatrolAction,None,1.00,64.4,0,0.04,16,0.120,0.000,83378265
126.45,Utility Enemy 1,Utility,PatrolAction,None,0.50,33.1,0,0.04,0,0.120,0.000,83378265
126.45,Utility Enemy 5,Utility,Dead,None,0.00,12.7,0,0.04,0,0.338,0.262,83378265
126.45,Utility Enemy 13,Utility,PatrolAction,None,1.00,45.3,0,0.04,8,0.120,0.000,83378265
126.45,Utility Enemy 6,Utility,PatrolAction,None,1.00,44.8,0,0.04,16,0.120,0.000,83378265
126.45,Utility Enemy 4,Utility,PatrolAction,None,1.00,57.9,0,0.04,0,0.120,0.000,83378265
126.45,Utility Enemy 10,Utility,Dead,None,0.00,17.9,0,0.04,0,0.850,0.300,83378265
126.45,Utility Enemy 11,Utility,PatrolAction,None,1.00,43.4,0,0.04,0,0.120,0.000,83378265
126.45,Utility Enemy 9,Utility,PatrolAction,None,1.00,31.5,0,0.04,0,0.120,0.000,83378265
126.45,Utility Enemy 2,Utility,PatrolAction,None,0.90,30.1,0,0.04,0,0.120,0.000,83378265
127.45,Player,Player,-,None,0.04,,0,0.04,,,,83378265
127.45,FSM Enemy 2,FSM,PatrolState,None,1.00,23.3,0,0.04,0,,,83378265
127.45,FSM Enemy 15,FSM,PatrolState,None,1.00,40.3,0,0.04,16,,,83378265
127.45,FSM Enemy 14,FSM,PatrolState,None,1.00,22.3,0,0.04,0,,,83378265
127.45,FSM Enemy 3,FSM,ChaseState,None,1.00,16.8,0,0.04,24,,,83378265
127.45,FSM Enemy 5,FSM,PatrolState,None,0.75,45.5,0,0.04,0,,,83378265
127.45,FSM Enemy 13,FSM,PatrolState,None,0.50,49.5,0,0.04,0,,,83378265
127.45,FSM Enemy 12,FSM,PatrolState,None,1.00,37.9,0,0.04,0,,,83378265
127.45,FSM Enemy 8,FSM,ChaseState,None,0.75,13.7,0,0.04,16,,,83378265
127.45,FSM Enemy 1,FSM,PatrolState,None,1.00,42.4,0,0.04,8,,,83378265
127.45,FSM Enemy 4,FSM,PatrolState,None,1.00,20.3,0,0.04,0,,,83378265
127.45,FSM Enemy 7,FSM,PatrolState,None,1.00,51.0,0,0.04,24,,,83378265
127.45,FSM Enemy 11,FSM,PatrolState,None,1.00,72.0,0,0.04,0,,,83378265
127.45,FSM Enemy 6,FSM,PatrolState,None,1.00,34.5,0,0.04,0,,,83378265
127.45,FSM Enemy 10,FSM,Dead,None,0.00,17.6,0,0.04,0,,,83378265
127.45,FSM Enemy 9,FSM,PatrolState,None,0.75,18.4,0,0.04,0,,,83378265
127.45,Utility Enemy 14,Utility,PatrolAction,None,1.00,32.4,0,0.04,0,0.120,0.000,83378265
127.45,Utility Enemy 8,Utility,PatrolAction,None,1.00,18.6,0,0.04,8,0.120,0.000,83378265
127.45,Utility Enemy 3,Utility,PatrolAction,None,1.00,53.4,0,0.04,0,0.120,0.000,83378265
127.45,Utility Enemy 7,Utility,PatrolAction,None,0.80,30.5,0,0.04,0,0.120,0.000,83378265
127.45,Utility Enemy 12,Utility,ChaseAction,None,1.00,6.7,0,0.04,8,0.490,0.400,83378265
127.45,Utility Enemy 15,Utility,PatrolAction,None,1.00,67.0,0,0.04,16,0.120,0.000,83378265
127.45,Utility Enemy 1,Utility,PatrolAction,None,0.50,34.8,0,0.04,0,0.120,0.000,83378265
127.45,Utility Enemy 5,Utility,Dead,None,0.00,12.4,0,0.04,0,0.338,0.262,83378265
127.45,Utility Enemy 13,Utility,PatrolAction,None,1.00,41.9,0,0.04,8,0.120,0.000,83378265
127.45,Utility Enemy 6,Utility,PatrolAction,None,1.00,46.0,0,0.04,16,0.120,0.000,83378265
127.45,Utility Enemy 4,Utility,PatrolAction,None,1.00,60.8,0,0.04,0,0.120,0.000,83378265
127.45,Utility Enemy 10,Utility,Dead,None,0.00,16.4,0,0.04,0,0.850,0.300,83378265
127.45,Utility Enemy 11,Utility,PatrolAction,None,1.00,48.6,0,0.04,0,0.120,0.000,83378265
127.45,Utility Enemy 9,Utility,PatrolAction,None,1.00,32.3,0,0.04,0,0.120,0.000,83378265
127.45,Utility Enemy 2,Utility,PatrolAction,None,0.90,30.9,0,0.04,0,0.120,0.000,83378265
128.46,Player,Player,-,None,0.04,,0,0.04,,,,83378265
128.46,FSM Enemy 2,FSM,PatrolState,None,1.00,26.0,0,0.04,0,,,83378265
128.46,FSM Enemy 15,FSM,PatrolState,None,1.00,38.0,0,0.04,16,,,83378265
128.46,FSM Enemy 14,FSM,PatrolState,None,1.00,24.9,0,0.04,0,,,83378265
128.46,FSM Enemy 3,FSM,ChaseState,None,1.00,12.0,0,0.04,24,,,83378265
128.46,FSM Enemy 5,FSM,PatrolState,None,0.75,47.1,0,0.04,0,,,83378265
128.46,FSM Enemy 13,FSM,PatrolState,None,0.50,51.4,0,0.04,0,,,83378265
128.46,FSM Enemy 12,FSM,PatrolState,None,1.00,40.6,0,0.04,0,,,83378265
128.46,FSM Enemy 8,FSM,ChaseState,None,0.75,9.0,0,0.04,16,,,83378265
128.46,FSM Enemy 1,FSM,PatrolState,None,1.00,42.9,0,0.04,8,,,83378265
128.46,FSM Enemy 4,FSM,PatrolState,None,1.00,22.0,0,0.04,0,,,83378265
128.46,FSM Enemy 7,FSM,PatrolState,None,1.00,48.5,0,0.04,24,,,83378265
128.46,FSM Enemy 11,FSM,PatrolState,None,1.00,73.0,0,0.04,0,,,83378265
128.46,FSM Enemy 6,FSM,PatrolState,None,1.00,37.0,0,0.04,0,,,83378265
128.46,FSM Enemy 10,FSM,Dead,None,0.00,17.0,0,0.04,0,,,83378265
128.46,FSM Enemy 9,FSM,PatrolState,None,0.75,17.2,0,0.04,0,,,83378265
128.46,Utility Enemy 14,Utility,PatrolAction,None,1.00,27.7,0,0.04,0,0.120,0.000,83378265
128.46,Utility Enemy 8,Utility,PatrolAction,None,1.00,21.0,0,0.04,8,0.120,0.000,83378265
128.46,Utility Enemy 3,Utility,PatrolAction,None,1.00,56.9,0,0.04,0,0.120,0.000,83378265
128.46,Utility Enemy 7,Utility,PatrolAction,None,0.80,30.4,0,0.04,0,0.120,0.000,83378265
128.46,Utility Enemy 12,Utility,ChaseAction,None,1.00,3.3,0,0.04,8,0.490,0.400,83378265
128.46,Utility Enemy 15,Utility,PatrolAction,None,1.00,69.0,0,0.04,16,0.120,0.000,83378265
128.46,Utility Enemy 1,Utility,PatrolAction,None,0.50,36.1,0,0.04,0,0.120,0.000,83378265
128.46,Utility Enemy 5,Utility,Dead,None,0.00,11.7,0,0.04,0,0.338,0.262,83378265
128.46,Utility Enemy 13,Utility,PatrolAction,None,1.00,45.6,0,0.04,8,0.120,0.000,83378265
128.46,Utility Enemy 6,Utility,PatrolAction,None,1.00,48.2,0,0.04,16,0.120,0.000,83378265
128.46,Utility Enemy 4,Utility,PatrolAction,None,1.00,57.6,0,0.04,0,0.120,0.000,83378265
128.46,Utility Enemy 10,Utility,Dead,None,0.00,15.8,0,0.04,0,0.850,0.300,83378265
128.46,Utility Enemy 11,Utility,PatrolAction,None,1.00,51.5,0,0.04,0,0.120,0.000,83378265
128.46,Utility Enemy 9,Utility,PatrolAction,None,1.00,30.5,0,0.04,0,0.120,0.000,83378265
128.46,Utility Enemy 2,Utility,PatrolAction,None,0.90,33.7,0,0.04,0,0.120,0.000,83378265
129.46,Player,Player,-,None,0.04,,0,0.04,,,,83378265
129.46,FSM Enemy 2,FSM,PatrolState,None,1.00,28.5,0,0.04,0,,,83378265
129.46,FSM Enemy 15,FSM,PatrolState,None,1.00,38.8,0,0.04,16,,,83378265
129.46,FSM Enemy 14,FSM,PatrolState,None,1.00,27.0,0,0.04,0,,,83378265
129.46,FSM Enemy 3,FSM,ChaseState,None,1.00,7.8,0,0.04,24,,,83378265
129.46,FSM Enemy 5,FSM,PatrolState,None,0.75,49.4,0,0.04,0,,,83378265
129.46,FSM Enemy 13,FSM,PatrolState,None,0.50,53.9,0,0.04,0,,,83378265
129.46,FSM Enemy 12,FSM,PatrolState,None,1.00,43.2,0,0.04,0,,,83378265
129.46,FSM Enemy 8,FSM,ChaseState,None,0.75,5.9,0,0.04,16,,,83378265
129.46,FSM Enemy 1,FSM,PatrolState,None,1.00,45.3,0,0.04,8,,,83378265
129.46,FSM Enemy 4,FSM,PatrolState,None,1.00,24.2,0,0.04,0,,,83378265
129.46,FSM Enemy 7,FSM,PatrolState,None,1.00,48.0,0,0.04,24,,,83378265
129.46,FSM Enemy 11,FSM,PatrolState,None,1.00,73.6,0,0.04,0,,,83378265
129.46,FSM Enemy 6,FSM,PatrolState,None,1.00,39.5,0,0.04,0,,,83378265
129.46,FSM Enemy 10,FSM,Dead,None,0.00,17.0,0,0.04,0,,,83378265
129.46,FSM Enemy 9,FSM,PatrolState,None,0.75,16.7,0,0.04,0,,,83378265
129.46,Utility Enemy 14,Utility,PatrolAction,None,1.00,27.4,0,0.04,0,0.120,0.000,83378265
129.46,Utility Enemy 8,Utility,PatrolAction,None,1.00,21.7,0,0.04,8,0.120,0.000,83378265
129.46,Utility Enemy 3,Utility,PatrolAction,None,1.00,60.5,0,0.04,0,0.120,0.000,83378265
129.46,Utility Enemy 7,Utility,PatrolAction,None,0.80,27.5,0,0.04,0,0.120,0.000,83378265
129.46,Utility Enemy 12,Utility,ChaseAction,None,1.00,4.2,0,0.04,8,0.490,0.400,83378265
129.46,Utility Enemy 15,Utility,PatrolAction,None,1.00,68.6,0,0.04,16,0.120,0.000,83378265
129.46,Utility Enemy 1,Utility,PatrolAction,None,0.50,38.4,0,0.04,0,0.120,0.000,83378265
129.46,Utility Enemy 5,Utility,Dead,None,0.00,11.7,0,0.04,0,0.338,0.262,83378265
129.46,Utility Enemy 13,Utility,PatrolAction,None,1.00,43.5,0,0.04,8,0.120,0.000,83378265
129.46,Utility Enemy 6,Utility,PatrolAction,None,1.00,49.6,0,0.04,16,0.120,0.000,83378265
129.46,Utility Enemy 4,Utility,PatrolAction,None,1.00,61.4,0,0.04,0,0.120,0.000,83378265
129.46,Utility Enemy 10,Utility,Dead,None,0.00,15.8,0,0.04,0,0.850,0.300,83378265
129.46,Utility Enemy 11,Utility,PatrolAction,None,1.00,53.6,0,0.04,0,0.120,0.000,83378265
129.46,Utility Enemy 9,Utility,PatrolAction,None,1.00,31.9,0,0.04,0,0.120,0.000,83378265
129.46,Utility Enemy 2,Utility,PatrolAction,None,0.90,30.0,0,0.04,0,0.120,0.000,83378265
130.47,Player,Player,-,None,0.04,,0,0.04,,,,83378265
130.47,FSM Enemy 2,FSM,PatrolState,None,1.00,31.0,0,0.04,0,,,83378265
130.47,FSM Enemy 15,FSM,PatrolState,None,1.00,39.8,0,0.04,16,,,83378265
130.47,FSM Enemy 14,FSM,PatrolState,None,1.00,29.2,0,0.04,0,,,83378265
130.47,FSM Enemy 3,FSM,AttackState,None,1.00,4.9,1,0.04,24,,,83378265
130.47,FSM Enemy 5,FSM,PatrolState,None,0.75,52.0,0,0.04,0,,,83378265
130.47,FSM Enemy 13,FSM,PatrolState,None,0.50,56.4,0,0.04,0,,,83378265
130.47,FSM Enemy 12,FSM,PatrolState,None,1.00,45.7,0,0.04,0,,,83378265
130.47,FSM Enemy 8,FSM,PatrolState,None,0.75,4.3,0,0.04,16,,,83378265
130.47,FSM Enemy 1,FSM,PatrolState,None,1.00,47.3,0,0.04,8,,,83378265
130.47,FSM Enemy 4,FSM,PatrolState,None,1.00,26.6,0,0.04,0,,,83378265
130.47,FSM Enemy 7,FSM,PatrolState,None,1.00,50.0,0,0.04,24,,,83378265
130.47,FSM Enemy 11,FSM,PatrolState,None,1.00,72.7,0,0.04,0,,,83378265
130.47,FSM Enemy 6,FSM,PatrolState,None,1.00,42.0,0,0.04,0,,,83378265
130.47,FSM Enemy 10,FSM,Dead,None,0.00,17.0,0,0.04,0,,,83378265
130.47,FSM Enemy 9,FSM,PatrolState,None,0.75,16.6,0,0.04,0,,,83378265
130.47,Utility Enemy 14,Utility,PatrolAction,None,1.00,31.4,0,0.04,0,0.120,0.000,83378265
130.47,Utility Enemy 8,Utility,PatrolAction,None,1.00,22.8,0,0.04,8,0.120,0.000,83378265
130.47,Utility Enemy 3,Utility,PatrolAction,None,1.00,57.1,0,0.04,0,0.120,0.000,83378265
130.47,Utility Enemy 7,Utility,PatrolAction,None,0.80,29.0,0,0.04,0,0.120,0.000,83378265
130.47,Utility Enemy 12,Utility,PatrolAction,None,0.65,4.0,0,0.04,8,0.120,0.000,83378265
130.47,Utility Enemy 15,Utility,PatrolAction,None,1.00,64.5,0,0.04,16,0.120,0.000,83378265
130.47,Utility Enemy 1,Utility,PatrolAction,None,0.50,39.4,0,0.04,0,0.120,0.000,83378265
130.47,Utility Enemy 5,Utility,Dead,None,0.00,11.7,0,0.04,0,0.338,0.262,83378265
130.47,Utility Enemy 13,Utility,PatrolAction,None,1.00,39.2,0,0.04,8,0.120,0.000,83378265
130.47,Utility Enemy 6,Utility,PatrolAction,None,1.00,50.5,0,0.04,16,0.120,0.000,83378265
130.47,Utility Enemy 4,Utility,PatrolAction,None,1.00,63.8,0,0.04,0,0.120,0.000,83378265
130.47,Utility Enemy 10,Utility,Dead,None,0.00,15.8,0,0.04,0,0.850,0.300,83378265
130.47,Utility Enemy 11,Utility,PatrolAction,None,1.00,55.9,0,0.04,0,0.120,0.000,83378265
130.47,Utility Enemy 9,Utility,PatrolAction,None,1.00,30.1,0,0.04,0,0.120,0.000,83378265
130.47,Utility Enemy 2,Utility,PatrolAction,None,0.90,25.9,0,0.04,0,0.120,0.000,83378265
