time,enemyId,aiType,action,activeGlitch,health,distToPlayer,canSeePlayer,playerHealth,damageDealt,topUtilityScore,secondScore,seed
0.00,Player,Player,-,None,1.00,,0,1.00,,,,153468671
0.00,FSM Enemy 7,FSM,PatrolState,None,1.00,28.1,0,1.00,0,,,153468671
0.00,FSM Enemy 4,FSM,PatrolState,None,1.00,48.9,0,1.00,0,,,153468671
0.00,FSM Enemy 6,FSM,PatrolState,None,1.00,28.1,0,1.00,0,,,153468671
0.00,FSM Enemy 5,FSM,PatrolState,None,1.00,69.3,0,1.00,0,,,153468671
0.00,FSM Enemy 12,FSM,PatrolState,None,1.00,38.1,0,1.00,0,,,153468671
0.00,FSM Enemy 3,FSM,PatrolState,None,1.00,82.0,0,1.00,0,,,153468671
0.00,FSM Enemy 10,FSM,PatrolState,None,1.00,66.4,0,1.00,0,,,153468671
0.00,FSM Enemy 14,FSM,PatrolState,None,1.00,75.0,0,1.00,0,,,153468671
0.00,FSM Enemy 8,FSM,PatrolState,None,1.00,48.1,0,1.00,0,,,153468671
0.00,FSM Enemy 13,FSM,PatrolState,None,1.00,49.2,0,1.00,0,,,153468671
0.00,FSM Enemy 15,FSM,PatrolState,None,1.00,28.5,0,1.00,0,,,153468671
0.00,FSM Enemy 1,FSM,PatrolState,None,1.00,89.4,0,1.00,0,,,153468671
0.00,FSM Enemy 9,FSM,PatrolState,None,1.00,33.4,0,1.00,0,,,153468671
0.00,FSM Enemy 2,FSM,PatrolState,None,1.00,89.4,0,1.00,0,,,153468671
0.00,FSM Enemy 11,FSM,PatrolState,None,1.00,37.9,0,1.00,0,,,153468671
0.00,Utility Enemy 7,Utility,PatrolAction,None,1.00,42.0,0,1.00,0,0.120,0.000,153468671
0.00,Utility Enemy 1,Utility,PatrolAction,None,1.00,84.4,0,1.00,0,0.120,0.000,153468671
0.00,Utility Enemy 15,Utility,PatrolAction,None,1.00,80.1,0,1.00,0,0.120,0.000,153468671
0.00,Utility Enemy 14,Utility,PatrolAction,None,1.00,50.6,0,1.00,0,0.120,0.000,153468671
0.00,Utility Enemy 4,Utility,PatrolAction,None,1.00,62.9,0,1.00,0,0.120,0.000,153468671
0.00,Utility Enemy 12,Utility,PatrolAction,None,1.00,33.7,0,1.00,0,0.120,0.000,153468671
0.00,Utility Enemy 13,Utility,PatrolAction,None,1.00,50.6,0,1.00,0,0.120,0.000,153468671
0.00,Utility Enemy 5,Utility,PatrolAction,None,1.00,84.0,0,1.00,0,0.120,0.000,153468671
0.00,Utility Enemy 11,Utility,PatrolAction,None,1.00,33.7,0,1.00,0,0.120,0.000,153468671
0.00,Utility Enemy 8,Utility,PatrolAction,None,1.00,77.4,0,1.00,0,0.120,0.000,153468671
0.00,Utility Enemy 10,Utility,PatrolAction,None,1.00,30.2,0,1.00,0,0.120,0.000,153468671
0.00,Utility Enemy 2,Utility,PatrolAction,None,1.00,84.4,0,1.00,0,0.120,0.000,153468671
0.00,Utility Enemy 6,Utility,PatrolAction,None,1.00,42.0,0,1.00,0,0.120,0.000,153468671
0.00,Utility Enemy 3,Utility,PatrolAction,None,1.00,62.9,0,1.00,0,0.120,0.000,153468671
0.00,Utility Enemy 9,Utility,PatrolAction,None,1.00,44.6,0,1.00,0,0.120,0.000,153468671
1.00,Player,Player,-,None,1.00,,0,1.00,,,,153468671
1.00,FSM Enemy 7,FSM,PatrolState,None,1.00,28.6,0,1.00,0,,,153468671
1.00,FSM Enemy 4,FSM,PatrolState,None,1.00,45.6,0,1.00,0,,,153468671
1.00,FSM Enemy 6,FSM,PatrolState,None,1.00,27.7,0,1.00,0,,,153468671
1.00,FSM Enemy 5,FSM,PatrolState,None,1.00,70.5,0,1.00,0,,,153468671
1.00,FSM Enemy 12,FSM,PatrolState,None,1.00,36.5,0,1.00,0,,,153468671
1.00,FSM Enemy 3,FSM,PatrolState,None,1.00,77.5,0,1.00,0,,,153468671
1.00,FSM Enemy 10,FSM,PatrolState,None,1.00,62.4,0,1.00,0,,,153468671
1.00,FSM Enemy 14,FSM,PatrolState,None,1.00,71.9,0,1.00,0,,,153468671
1.00,FSM Enemy 8,FSM,PatrolState,None,1.00,44.4,0,1.00,0,,,153468671
1.00,FSM Enemy 13,FSM,PatrolState,None,1.00,50.8,0,1.00,0,,,153468671
1.00,FSM Enemy 15,FSM,PatrolState,None,1.00,28.5,0,1.00,0,,,153468671
1.00,FSM Enemy 1,FSM,PatrolState,None,1.00,88.1,0,1.00,0,,,153468671
1.00,FSM Enemy 9,FSM,PatrolState,None,1.00,30.4,0,1.00,0,,,153468671
1.00,FSM Enemy 2,FSM,PatrolState,None,1.00,85.5,0,1.00,0,,,153468671
1.00,FSM Enemy 11,FSM,PatrolState,None,1.00,39.5,0,1.00,0,,,153468671
1.00,Utility Enemy 7,Utility,PatrolAction,None,1.00,40.0,0,1.00,0,0.120,0.000,153468671
1.00,Utility Enemy 1,Utility,PatrolAction,None,1.00,80.9,0,1.00,0,0.120,0.000,153468671
1.00,Utility Enemy 15,Utility,PatrolAction,None,1.00,75.5,0,1.00,0,0.120,0.000,153468671
1.00,Utility Enemy 14,Utility,PatrolAction,None,1.00,51.2,0,1.00,0,0.120,0.000,153468671
1.00,Utility Enemy 4,Utility,PatrolAction,None,1.00,58.8,0,1.00,0,0.120,0.000,153468671
1.00,Utility Enemy 12,Utility,PatrolAction,None,1.00,32.1,0,1.00,0,0.120,0.000,153468671
1.00,Utility Enemy 13,Utility,PatrolAction,None,1.00,47.1,0,1.00,0,0.120,0.000,153468671
1.00,Utility Enemy 5,Utility,PatrolAction,None,1.00,83.0,0,1.00,0,0.120,0.000,153468671
1.00,Utility Enemy 11,Utility,PatrolAction,None,1.00,33.8,0,1.00,0,0.120,0.000,153468671
1.00,Utility Enemy 8,Utility,PatrolAction,None,1.00,72.7,0,1.00,0,0.120,0.000,153468671
1.00,Utility Enemy 10,Utility,PatrolAction,None,1.00,28.0,0,1.00,0,0.120,0.000,153468671
1.00,Utility Enemy 2,Utility,PatrolAction,None,1.00,84.0,0,1.00,0,0.120,0.000,153468671
1.00,Utility Enemy 6,Utility,PatrolAction,None,1.00,42.1,0,1.00,0,0.120,0.000,153468671
1.00,Utility Enemy 3,Utility,PatrolAction,None,1.00,64.1,0,1.00,0,0.120,0.000,153468671
1.00,Utility Enemy 9,Utility,PatrolAction,None,1.00,44.1,0,1.00,0,0.120,0.000,153468671
2.01,Player,Player,-,None,1.00,,0,1.00,,,,153468671
2.01,FSM Enemy 7,FSM,PatrolState,None,1.00,32.6,0,1.00,0,,,153468671
2.01,FSM Enemy 4,FSM,PatrolState,None,1.00,37.7,0,1.00,0,,,153468671
2.01,FSM Enemy 6,FSM,PatrolState,None,1.00,24.9,0,1.00,0,,,153468671
2.01,FSM Enemy 5,FSM,PatrolState,None,1.00,71.3,0,1.00,0,,,153468671
2.01,FSM Enemy 12,FSM,PatrolState,None,1.00,33.5,0,1.00,0,,,153468671
2.01,FSM Enemy 3,FSM,PatrolState,None,1.00,69.1,0,1.00,0,,,153468671
2.01,FSM Enemy 10,FSM,PatrolState,None,1.00,53.8,0,1.00,0,,,153468671
2.01,FSM Enemy 14,FSM,PatrolState,None,1.00,63.9,0,1.00,0,,,153468671
2.01,FSM Enemy 8,FSM,PatrolState,None,1.00,37.2,0,1.00,0,,,153468671
2.01,FSM Enemy 13,FSM,PatrolState,None,1.00,54.3,0,1.00,0,,,153468671
2.01,FSM Enemy 15,FSM,PatrolState,None,1.00,29.2,0,1.00,0,,,153468671
2.01,FSM Enemy 1,FSM,PatrolState,None,1.00,84.9,0,1.00,0,,,153468671
2.01,FSM Enemy 9,FSM,PatrolState,None,1.00,24.1,0,1.00,0,,,153468671
2.01,FSM Enemy 2,FSM,PatrolState,None,1.00,75.9,0,1.00,0,,,153468671
2.01,FSM Enemy 11,FSM,PatrolState,None,1.00,45.1,0,1.00,0,,,153468671
2.01,Utility Enemy 7,Utility,PatrolAction,None,1.00,40.2,0,1.00,0,0.120,0.000,153468671
2.01,Utility Enemy 1,Utility,PatrolAction,None,1.00,75.3,0,1.00,0,0.120,0.000,153468671
2.01,Utility Enemy 15,Utility,PatrolAction,None,1.00,69.9,0,1.00,0,0.120,0.000,153468671
2.01,Utility Enemy 14,Utility,PatrolAction,None,1.00,47.1,0,1.00,0,0.120,0.000,153468671
2.01,Utility Enemy 4,Utility,PatrolAction,None,1.00,56.3,0,1.00,0,0.120,0.000,153468671
2.01,Utility Enemy 12,Utility,PatrolAction,None,1.00,25.8,0,1.00,0,0.120,0.000,153468671
2.01,Utility Enemy 13,Utility,PatrolAction,None,1.00,44.4,0,1.00,0,0.120,0.000,153468671
2.01,Utility Enemy 5,Utility,PatrolAction,None,1.00,80.0,0,1.00,0,0.120,0.000,153468671
2.01,Utility Enemy 11,Utility,PatrolAction,None,1.00,36.0,0,1.00,0,0.120,0.000,153468671
2.01,Utility Enemy 8,Utility,PatrolAction,None,1.00,66.5,0,1.00,0,0.120,0.000,153468671
2.01,Utility Enemy 10,Utility,PatrolAction,None,1.00,26.9,0,1.00,0,0.120,0.000,153468671
2.01,Utility Enemy 2,Utility,PatrolAction,None,1.00,75.4,0,1.00,0,0.120,0.000,153468671
2.01,Utility Enemy 6,Utility,PatrolAction,None,1.00,46.7,0,1.00,0,0.120,0.000,153468671
2.01,Utility Enemy 3,Utility,PatrolAction,None,1.00,61.2,0,1.00,0,0.120,0.000,153468671
2.01,Utility Enemy 9,Utility,PatrolAction,None,1.00,39.3,0,1.00,0,0.120,0.000,153468671
3.01,Player,Player,-,None,1.00,,0,1.00,,,,153468671
3.01,FSM Enemy 7,FSM,PatrolState,None,1.00,34.9,0,1.00,0,,,153468671
3.01,FSM Enemy 4,FSM,PatrolState,None,1.00,32.8,0,1.00,0,,,153468671
3.01,FSM Enemy 6,FSM,PatrolState,None,1.00,24.5,0,1.00,0,,,153468671
3.01,FSM Enemy 5,FSM,PatrolState,None,1.00,71.3,0,1.00,0,,,153468671
3.01,FSM Enemy 12,FSM,PatrolState,None,1.00,34.8,0,1.00,0,,,153468671
3.01,FSM Enemy 3,FSM,PatrolState,None,1.00,60.6,0,1.00,0,,,153468671
3.01,FSM Enemy 10,FSM,PatrolState,None,1.00,45.8,0,1.00,0,,,153468671
3.01,FSM Enemy 14,FSM,PatrolState,None,1.00,57.8,0,1.00,0,,,153468671
3.01,FSM Enemy 8,FSM,PatrolState,None,1.00,30.2,0,1.00,0,,,153468671
3.01,FSM Enemy 13,FSM,PatrolState,None,1.00,56.4,0,1.00,0,,,153468671
3.01,FSM Enemy 15,FSM,PatrolState,None,1.00,28.9,0,1.00,0,,,153468671
3.01,FSM Enemy 1,FSM,PatrolState,None,1.00,80.7,0,1.00,0,,,153468671
3.01,FSM Enemy 9,FSM,PatrolState,None,1.00,19.2,0,1.00,0,,,153468671
3.01,FSM Enemy 2,FSM,PatrolState,None,1.00,67.4,0,1.00,0,,,153468671
3.01,FSM Enemy 11,FSM,PatrolState,None,1.00,47.5,0,1.00,0,,,153468671
3.01,Utility Enemy 7,Utility,PatrolAction,None,1.00,44.6,0,1.00,0,0.120,0.000,153468671
3.01,Utility Enemy 1,Utility,PatrolAction,None,1.00,73.8,0,1.00,0,0.120,0.000,153468671
3.01,Utility Enemy 15,Utility,PatrolAction,None,1.00,69.5,0,1.00,0,0.120,0.000,153468671
3.01,Utility Enemy 14,Utility,PatrolAction,None,1.00,41.8,0,1.00,0,0.120,0.000,153468671
3.01,Utility Enemy 4,Utility,PatrolAction,None,1.00,51.6,0,1.00,0,0.120,0.000,153468671
3.01,Utility Enemy 12,Utility,PatrolAction,None,1.00,27.5,0,1.00,0,0.120,0.000,153468671
3.01,Utility Enemy 13,Utility,PatrolAction,None,1.00,41.7,0,1.00,0,0.120,0.000,153468671
3.01,Utility Enemy 5,Utility,PatrolAction,None,1.00,70.1,0,1.00,0,0.120,0.000,153468671
3.01,Utility Enemy 11,Utility,PatrolAction,None,1.00,36.3,0,1.00,0,0.120,0.000,153468671
3.01,Utility Enemy 8,Utility,PatrolAction,None,1.00,60.3,0,1.00,0,0.120,0.000,153468671
3.01,Utility Enemy 10,Utility,PatrolAction,None,1.00,26.1,0,1.00,0,0.120,0.000,153468671
3.01,Utility Enemy 2,Utility,PatrolAction,None,1.00,64.6,0,1.00,0,0.120,0.000,153468671
3.01,Utility Enemy 6,Utility,PatrolAction,None,1.00,50.1,0,1.00,0,0.120,0.000,153468671
3.01,Utility Enemy 3,Utility,PatrolAction,None,1.00,53.7,0,1.00,0,0.120,0.000,153468671
3.01,Utility Enemy 9,Utility,PatrolAction,None,1.00,34.6,0,1.00,0,0.120,0.000,153468671
4.02,Player,Player,-,None,1.00,,0,1.00,,,,153468671
4.02,FSM Enemy 7,FSM,PatrolState,None,1.00,33.9,0,1.00,0,,,153468671
4.02,FSM Enemy 4,FSM,PatrolState,None,1.00,34.1,0,1.00,0,,,153468671
4.02,FSM Enemy 6,FSM,PatrolState,None,1.00,23.9,0,1.00,0,,,153468671
4.02,FSM Enemy 5,FSM,PatrolState,None,1.00,73.5,0,1.00,0,,,153468671
4.02,FSM Enemy 12,FSM,PatrolState,None,1.00,35.9,0,1.00,0,,,153468671
4.02,FSM Enemy 3,FSM,PatrolState,None,1.00,61.0,0,1.00,0,,,153468671
4.02,FSM Enemy 10,FSM,PatrolState,None,1.00,43.3,0,1.00,0,,,153468671
4.02,FSM Enemy 14,FSM,PatrolState,None,1.00,57.2,0,1.00,0,,,153468671
4.02,FSM Enemy 8,FSM,PatrolState,None,1.00,27.9,0,1.00,0,,,153468671
4.02,FSM Enemy 13,FSM,PatrolState,None,1.00,56.2,0,1.00,0,,,153468671
4.02,FSM Enemy 15,FSM,PatrolState,None,1.00,28.9,0,1.00,0,,,153468671
4.02,FSM Enemy 1,FSM,PatrolState,None,1.00,79.4,0,1.00,0,,,153468671
4.02,FSM Enemy 9,FSM,PatrolState,None,1.00,18.8,0,1.00,0,,,153468671
4.02,FSM Enemy 2,FSM,PatrolState,None,1.00,66.0,0,1.00,0,,,153468671
4.02,FSM Enemy 11,FSM,PatrolState,None,1.00,46.5,0,1.00,0,,,153468671
4.02,Utility Enemy 7,Utility,PatrolAction,None,1.00,45.2,0,1.00,0,0.120,0.000,153468671
4.02,Utility Enemy 1,Utility,PatrolAction,None,1.00,75.5,0,1.00,0,0.120,0.000,153468671
4.02,Utility Enemy 15,Utility,PatrolAction,None,1.00,72.8,0,1.00,0,0.120,0.000,153468671
4.02,Utility Enemy 14,Utility,PatrolAction,None,1.00,38.8,0,1.00,0,0.120,0.000,153468671
4.02,Utility Enemy 4,Utility,PatrolAction,None,1.00,49.7,0,1.00,0,0.120,0.000,153468671
4.02,Utility Enemy 12,Utility,PatrolAction,None,1.00,29.8,0,1.00,0,0.120,0.000,153468671
4.02,Utility Enemy 13,Utility,PatrolAction,None,1.00,43.4,0,1.00,0,0.120,0.000,153468671
4.02,Utility Enemy 5,Utility,PatrolAction,None,1.00,68.4,0,1.00,0,0.120,0.000,153468671
4.02,Utility Enemy 11,Utility,PatrolAction,None,1.00,35.5,0,1.00,0,0.120,0.000,153468671
4.02,Utility Enemy 8,Utility,PatrolAction,None,1.00,58.2,0,1.00,0,0.120,0.000,153468671
4.02,Utility Enemy 10,Utility,PatrolAction,None,1.00,29.2,0,1.00,0,0.120,0.000,153468671
4.02,Utility Enemy 2,Utility,PatrolAction,None,1.00,63.2,0,1.00,0,0.120,0.000,153468671
4.02,Utility Enemy 6,Utility,PatrolAction,None,1.00,54.9,0,1.00,0,0.120,0.000,153468671
4.02,Utility Enemy 3,Utility,PatrolAction,None,1.00,49.2,0,1.00,0,0.120,0.000,153468671
4.02,Utility Enemy 9,Utility,PatrolAction,None,1.00,35.7,0,1.00,0,0.120,0.000,153468671
5.02,Player,Player,-,TimeStutter,1.00,,0,1.00,,,,153468671
5.02,FSM Enemy 7,FSM,FrozenState,TimeStutter,1.00,33.4,0,1.00,0,,,153468671
5.02,FSM Enemy 4,FSM,FrozenState,TimeStutter,1.00,34.8,0,1.00,0,,,153468671
5.02,FSM Enemy 6,FSM,FrozenState,TimeStutter,1.00,23.2,0,1.00,0,,,153468671
5.02,FSM Enemy 5,FSM,FrozenState,TimeStutter,1.00,73.6,0,1.00,0,,,153468671
5.02,FSM Enemy 12,FSM,FrozenState,TimeStutter,1.00,36.1,0,1.00,0,,,153468671
5.02,FSM Enemy 3,FSM,FrozenState,TimeStutter,1.00,61.7,0,1.00,0,,,153468671
5.02,FSM Enemy 10,FSM,FrozenState,TimeStutter,1.00,42.7,0,1.00,0,,,153468671
5.02,FSM Enemy 14,FSM,FrozenState,TimeStutter,1.00,57.3,0,1.00,0,,,153468671
5.02,FSM Enemy 8,FSM,FrozenState,TimeStutter,1.00,28.4,0,1.00,0,,,153468671
5.02,FSM Enemy 13,FSM,FrozenState,TimeStutter,1.00,55.5,0,1.00,0,,,153468671
5.02,FSM Enemy 15,FSM,FrozenState,TimeStutter,1.00,28.9,0,1.00,0,,,153468671
5.02,FSM Enemy 1,FSM,FrozenState,TimeStutter,1.00,79.1,0,1.00,0,,,153468671
5.02,FSM Enemy 9,FSM,FrozenState,TimeStutter,1.00,18.5,0,1.00,0,,,153468671
5.02,FSM Enemy 2,FSM,FrozenState,TimeStutter,1.00,65.9,0,1.00,0,,,153468671
5.02,FSM Enemy 11,FSM,FrozenState,TimeStutter,1.00,46.0,0,1.00,0,,,153468671
5.02,Utility Enemy 7,Utility,FreezeAction,TimeStutter,1.00,44.9,0,1.00,0,100.000,0.120,153468671
5.02,Utility Enemy 1,Utility,FreezeAction,TimeStutter,1.00,74.1,0,1.00,0,100.000,0.120,153468671
5.02,Utility Enemy 15,Utility,FreezeAction,TimeStutter,1.00,74.3,0,1.00,0,100.000,0.120,153468671
5.02,Utility Enemy 14,Utility,FreezeAction,TimeStutter,1.00,37.2,0,1.00,0,100.000,0.120,153468671
5.02,Utility Enemy 4,Utility,FreezeAction,TimeStutter,1.00,49.3,0,1.00,0,100.000,0.120,153468671
5.02,Utility Enemy 12,Utility,FreezeAction,TimeStutter,1.00,30.8,0,1.00,0,100.000,0.120,153468671
5.02,Utility Enemy 13,Utility,FreezeAction,TimeStutter,1.00,45.1,0,1.00,0,100.000,0.120,153468671
5.02,Utility Enemy 5,Utility,FreezeAction,TimeStutter,1.00,69.4,0,1.00,0,100.000,0.120,153468671
5.02,Utility Enemy 11,Utility,FreezeAction,TimeStutter,1.00,35.2,0,1.00,0,100.000,0.120,153468671
5.02,Utility Enemy 8,Utility,FreezeAction,TimeStutter,1.00,57.7,0,1.00,0,100.000,0.120,153468671
5.02,Utility Enemy 10,Utility,FreezeAction,TimeStutter,1.00,30.8,0,1.00,0,100.000,0.120,153468671
5.02,Utility Enemy 2,Utility,FreezeAction,TimeStutter,1.00,64.7,0,1.00,0,100.000,0.120,153468671
5.02,Utility Enemy 6,Utility,FreezeAction,TimeStutter,1.00,56.6,0,1.00,0,100.000,0.120,153468671
5.02,Utility Enemy 3,Utility,FreezeAction,TimeStutter,1.00,47.8,0,1.00,0,100.000,0.120,153468671
5.02,Utility Enemy 9,Utility,FreezeAction,TimeStutter,1.00,36.1,0,1.00,0,100.000,0.120,153468671
6.02,Player,Player,-,TimeStutter,1.00,,0,1.00,,,,153468671
6.02,FSM Enemy 7,FSM,FrozenState,TimeStutter,1.00,33.4,0,1.00,0,,,153468671
6.02,FSM Enemy 4,FSM,FrozenState,TimeStutter,1.00,34.8,0,1.00,0,,,153468671
6.02,FSM Enemy 6,FSM,FrozenState,TimeStutter,1.00,23.2,0,1.00,0,,,153468671
6.02,FSM Enemy 5,FSM,FrozenState,TimeStutter,1.00,73.6,0,1.00,0,,,153468671
6.02,FSM Enemy 12,FSM,FrozenState,TimeStutter,1.00,36.1,0,1.00,0,,,153468671
6.02,FSM Enemy 3,FSM,FrozenState,TimeStutter,1.00,61.7,0,1.00,0,,,153468671
6.02,FSM Enemy 10,FSM,FrozenState,TimeStutter,1.00,42.7,0,1.00,0,,,153468671
6.02,FSM Enemy 14,FSM,FrozenState,TimeStutter,1.00,57.3,0,1.00,0,,,153468671
6.02,FSM Enemy 8,FSM,FrozenState,TimeStutter,1.00,28.4,0,1.00,0,,,153468671
6.02,FSM Enemy 13,FSM,FrozenState,TimeStutter,1.00,55.5,0,1.00,0,,,153468671
6.02,FSM Enemy 15,FSM,FrozenState,TimeStutter,1.00,28.9,0,1.00,0,,,153468671
6.02,FSM Enemy 1,FSM,FrozenState,TimeStutter,1.00,79.1,0,1.00,0,,,153468671
6.02,FSM Enemy 9,FSM,FrozenState,TimeStutter,1.00,18.5,0,1.00,0,,,153468671
6.02,FSM Enemy 2,FSM,FrozenState,TimeStutter,1.00,65.9,0,1.00,0,,,153468671
6.02,FSM Enemy 11,FSM,FrozenState,TimeStutter,1.00,46.0,0,1.00,0,,,153468671
6.02,Utility Enemy 7,Utility,FreezeAction,TimeStutter,1.00,44.9,0,1.00,0,100.000,0.120,153468671
6.02,Utility Enemy 1,Utility,FreezeAction,TimeStutter,1.00,74.1,0,1.00,0,100.000,0.120,153468671
6.02,Utility Enemy 15,Utility,FreezeAction,TimeStutter,1.00,74.3,0,1.00,0,100.000,0.120,153468671
6.02,Utility Enemy 14,Utility,FreezeAction,TimeStutter,1.00,37.2,0,1.00,0,100.000,0.120,153468671
6.02,Utility Enemy 4,Utility,FreezeAction,TimeStutter,1.00,49.3,0,1.00,0,100.000,0.120,153468671
6.02,Utility Enemy 12,Utility,FreezeAction,TimeStutter,1.00,30.8,0,1.00,0,100.000,0.120,153468671
6.02,Utility Enemy 13,Utility,FreezeAction,TimeStutter,1.00,45.1,0,1.00,0,100.000,0.120,153468671
6.02,Utility Enemy 5,Utility,FreezeAction,TimeStutter,1.00,69.4,0,1.00,0,100.000,0.120,153468671
6.02,Utility Enemy 11,Utility,FreezeAction,TimeStutter,1.00,35.2,0,1.00,0,100.000,0.120,153468671
6.02,Utility Enemy 8,Utility,FreezeAction,TimeStutter,1.00,57.7,0,1.00,0,100.000,0.120,153468671
6.02,Utility Enemy 10,Utility,FreezeAction,TimeStutter,1.00,30.8,0,1.00,0,100.000,0.120,153468671
6.02,Utility Enemy 2,Utility,FreezeAction,TimeStutter,1.00,64.7,0,1.00,0,100.000,0.120,153468671
6.02,Utility Enemy 6,Utility,FreezeAction,TimeStutter,1.00,56.6,0,1.00,0,100.000,0.120,153468671
6.02,Utility Enemy 3,Utility,FreezeAction,TimeStutter,1.00,47.8,0,1.00,0,100.000,0.120,153468671
6.02,Utility Enemy 9,Utility,FreezeAction,TimeStutter,1.00,36.1,0,1.00,0,100.000,0.120,153468671
7.02,Player,Player,-,TimeStutter,1.00,,0,1.00,,,,153468671
7.02,FSM Enemy 7,FSM,FrozenState,TimeStutter,1.00,34.0,0,1.00,0,,,153468671
7.02,FSM Enemy 4,FSM,FrozenState,TimeStutter,1.00,33.2,0,1.00,0,,,153468671
7.02,FSM Enemy 6,FSM,FrozenState,TimeStutter,1.00,19.7,0,1.00,0,,,153468671
7.02,FSM Enemy 5,FSM,FrozenState,TimeStutter,1.00,78.2,0,1.00,0,,,153468671
7.02,FSM Enemy 12,FSM,FrozenState,TimeStutter,1.00,31.5,0,1.00,0,,,153468671
7.02,FSM Enemy 3,FSM,FrozenState,TimeStutter,1.00,66.5,0,1.00,0,,,153468671
7.02,FSM Enemy 10,FSM,FrozenState,TimeStutter,1.00,47.0,0,1.00,0,,,153468671
7.02,FSM Enemy 14,FSM,FrozenState,TimeStutter,1.00,59.6,0,1.00,0,,,153468671
7.02,FSM Enemy 8,FSM,FrozenState,TimeStutter,1.00,33.5,0,1.00,0,,,153468671
7.02,FSM Enemy 13,FSM,FrozenState,TimeStutter,1.00,58.8,0,1.00,0,,,153468671
7.02,FSM Enemy 15,FSM,FrozenState,TimeStutter,1.00,32.9,0,1.00,0,,,153468671
7.02,FSM Enemy 1,FSM,FrozenState,TimeStutter,1.00,84.1,0,1.00,0,,,153468671
7.02,FSM Enemy 9,FSM,FrozenState,TimeStutter,1.00,23.6,0,1.00,0,,,153468671
7.02,FSM Enemy 2,FSM,FrozenState,TimeStutter,1.00,69.1,0,1.00,0,,,153468671
7.02,FSM Enemy 11,FSM,FrozenState,TimeStutter,1.00,47.1,0,1.00,0,,,153468671
7.02,Utility Enemy 7,Utility,FreezeAction,TimeStutter,1.00,41.1,0,1.00,0,100.000,0.120,153468671
7.02,Utility Enemy 1,Utility,FreezeAction,TimeStutter,1.00,79.1,0,1.00,0,100.000,0.120,153468671
7.02,Utility Enemy 15,Utility,FreezeAction,TimeStutter,1.00,79.3,0,1.00,0,100.000,0.120,153468671
7.02,Utility Enemy 14,Utility,FreezeAction,TimeStutter,1.00,36.2,0,1.00,0,100.000,0.120,153468671
7.02,Utility Enemy 4,Utility,FreezeAction,TimeStutter,1.00,53.5,0,1.00,0,100.000,0.120,153468671
7.02,Utility Enemy 12,Utility,FreezeAction,TimeStutter,1.00,27.5,0,1.00,0,100.000,0.120,153468671
7.02,Utility Enemy 13,Utility,FreezeAction,TimeStutter,1.00,48.8,0,1.00,0,100.000,0.120,153468671
7.02,Utility Enemy 5,Utility,FreezeAction,TimeStutter,1.00,74.3,0,1.00,0,100.000,0.120,153468671
7.02,Utility Enemy 11,Utility,FreezeAction,TimeStutter,1.00,38.7,0,1.00,0,100.000,0.120,153468671
7.02,Utility Enemy 8,Utility,FreezeAction,TimeStutter,1.00,62.5,0,1.00,0,100.000,0.120,153468671
7.02,Utility Enemy 10,Utility,FreezeAction,TimeStutter,1.00,26.0,0,1.00,0,100.000,0.120,153468671
7.02,Utility Enemy 2,Utility,FreezeAction,TimeStutter,1.00,68.7,0,1.00,0,100.000,0.120,153468671
7.02,Utility Enemy 6,Utility,FreezeAction,TimeStutter,1.00,56.9,0,1.00,0,100.000,0.120,153468671
7.02,Utility Enemy 3,Utility,FreezeAction,TimeStutter,1.00,50.0,0,1.00,0,100.000,0.120,153468671
7.02,Utility Enemy 9,Utility,FreezeAction,TimeStutter,1.00,35.0,0,1.00,0,100.000,0.120,153468671
8.03,Player,Player,-,TimeStutter,1.00,,0,1.00,,,,153468671
8.03,FSM Enemy 7,FSM,FrozenState,TimeStutter,1.00,37.1,0,1.00,0,,,153468671
8.03,FSM Enemy 4,FSM,FrozenState,TimeStutter,1.00,31.1,0,1.00,0,,,153468671
8.03,FSM Enemy 6,FSM,FrozenState,TimeStutter,1.00,15.3,1,1.00,0,,,153468671
8.03,FSM Enemy 5,FSM,FrozenState,TimeStutter,1.00,85.4,0,1.00,0,,,153468671
8.03,FSM Enemy 12,FSM,FrozenState,TimeStutter,1.00,24.7,0,1.00,0,,,153468671
8.03,FSM Enemy 3,FSM,FrozenState,TimeStutter,1.00,73.2,0,1.00,0,,,153468671
8.03,FSM Enemy 10,FSM,FrozenState,TimeStutter,1.00,53.0,0,1.00,0,,,153468671
8.03,FSM Enemy 14,FSM,FrozenState,TimeStutter,1.00,62.4,0,1.00,0,,,153468671
8.03,FSM Enemy 8,FSM,FrozenState,TimeStutter,1.00,40.8,0,1.00,0,,,153468671
8.03,FSM Enemy 13,FSM,FrozenState,TimeStutter,1.00,64.6,0,1.00,0,,,153468671
8.03,FSM Enemy 15,FSM,FrozenState,TimeStutter,1.00,39.6,0,1.00,0,,,153468671
8.03,FSM Enemy 1,FSM,FrozenState,TimeStutter,1.00,91.4,0,1.00,0,,,153468671
8.03,FSM Enemy 9,FSM,FrozenState,TimeStutter,1.00,30.8,0,1.00,0,,,153468671
8.03,FSM Enemy 2,FSM,FrozenState,TimeStutter,1.00,73.1,0,1.00,0,,,153468671
8.03,FSM Enemy 11,FSM,FrozenState,TimeStutter,1.00,50.6,0,1.00,0,,,153468671
8.03,Utility Enemy 7,Utility,FreezeAction,TimeStutter,1.00,35.2,0,1.00,0,100.000,0.120,153468671
8.03,Utility Enemy 1,Utility,FreezeAction,TimeStutter,1.00,86.5,0,1.00,0,100.000,0.120,153468671
8.03,Utility Enemy 15,Utility,FreezeAction,TimeStutter,1.00,86.6,0,1.00,0,100.000,0.120,153468671
8.03,Utility Enemy 14,Utility,FreezeAction,TimeStutter,1.00,34.8,0,1.00,0,100.000,0.120,153468671
8.03,Utility Enemy 4,Utility,FreezeAction,TimeStutter,1.00,60.3,0,1.00,0,100.000,0.120,153468671
8.03,Utility Enemy 12,Utility,FreezeAction,TimeStutter,1.00,22.8,0,1.00,0,100.000,0.120,153468671
8.03,Utility Enemy 13,Utility,FreezeAction,TimeStutter,1.00,55.2,0,1.00,0,100.000,0.120,153468671
8.03,Utility Enemy 5,Utility,FreezeAction,TimeStutter,1.00,81.0,0,1.00,0,100.000,0.120,153468671
8.03,Utility Enemy 11,Utility,FreezeAction,TimeStutter,1.00,44.9,0,1.00,0,100.000,0.120,153468671
8.03,Utility Enemy 8,Utility,FreezeAction,TimeStutter,1.00,69.8,0,1.00,0,100.000,0.120,153468671
8.03,Utility Enemy 10,Utility,FreezeAction,TimeStutter,1.00,18.9,0,1.00,0,100.000,0.120,153468671
8.03,Utility Enemy 2,Utility,FreezeAction,TimeStutter,1.00,74.2,0,1.00,0,100.000,0.120,153468671
8.03,Utility Enemy 6,Utility,FreezeAction,TimeStutter,1.00,59.3,0,1.00,0,100.000,0.120,153468671
8.03,Utility Enemy 3,Utility,FreezeAction,TimeStutter,1.00,52.8,0,1.00,0,100.000,0.120,153468671
8.03,Utility Enemy 9,Utility,FreezeAction,TimeStutter,1.00,33.6,0,1.00,0,100.000,0.120,153468671
9.03,Player,Player,-,TimeStutter,1.00,,0,1.00,,,,153468671
9.03,FSM Enemy 7,FSM,FrozenState,TimeStutter,1.00,43.7,0,1.00,0,,,153468671
9.03,FSM Enemy 4,FSM,FrozenState,TimeStutter,1.00,24.8,0,1.00,0,,,153468671
9.03,FSM Enemy 6,FSM,FrozenState,TimeStutter,1.00,8.7,1,1.00,0,,,153468671
9.03,FSM Enemy 5,FSM,FrozenState,TimeStutter,1.00,89.7,0,1.00,0,,,153468671
9.03,FSM Enemy 12,FSM,FrozenState,TimeStutter,1.00,20.0,0,1.00,0,,,153468671
9.03,FSM Enemy 3,FSM,FrozenState,TimeStutter,1.00,73.8,0,1.00,0,,,153468671
9.03,FSM Enemy 10,FSM,FrozenState,TimeStutter,1.00,52.7,0,1.00,0,,,153468671
9.03,FSM Enemy 14,FSM,FrozenState,TimeStutter,1.00,58.6,0,1.00,0,,,153468671
9.03,FSM Enemy 8,FSM,FrozenState,TimeStutter,1.00,43.9,0,1.00,0,,,153468671
9.03,FSM Enemy 13,FSM,FrozenState,TimeStutter,1.00,70.5,0,1.00,0,,,153468671
9.03,FSM Enemy 15,FSM,FrozenState,TimeStutter,1.00,44.7,0,1.00,0,,,153468671
9.03,FSM Enemy 1,FSM,FrozenState,TimeStutter,1.00,94.4,0,1.00,0,,,153468671
9.03,FSM Enemy 9,FSM,FrozenState,TimeStutter,1.00,33.5,0,1.00,0,,,153468671
9.03,FSM Enemy 2,FSM,FrozenState,TimeStutter,1.00,70.3,0,1.00,0,,,153468671
9.03,FSM Enemy 11,FSM,FrozenState,TimeStutter,1.00,57.2,0,1.00,0,,,153468671
9.03,Utility Enemy 7,Utility,FreezeAction,TimeStutter,1.00,29.3,0,1.00,0,100.000,0.120,153468671
9.03,Utility Enemy 1,Utility,FreezeAction,TimeStutter,1.00,89.3,0,1.00,0,100.000,0.120,153468671
9.03,Utility Enemy 15,Utility,FreezeAction,TimeStutter,1.00,89.7,0,1.00,0,100.000,0.120,153468671
9.03,Utility Enemy 14,Utility,FreezeAction,TimeStutter,1.00,28.7,0,1.00,0,100.000,0.120,153468671
9.03,Utility Enemy 4,Utility,FreezeAction,TimeStutter,1.00,65.2,0,1.00,0,100.000,0.120,153468671
9.03,Utility Enemy 12,Utility,FreezeAction,TimeStutter,1.00,16.3,0,1.00,0,100.000,0.120,153468671
9.03,Utility Enemy 13,Utility,FreezeAction,TimeStutter,1.00,60.6,0,1.00,0,100.000,0.120,153468671
9.03,Utility Enemy 5,Utility,FreezeAction,TimeStutter,1.00,81.7,0,1.00,0,100.000,0.120,153468671
9.03,Utility Enemy 11,Utility,FreezeAction,TimeStutter,1.00,50.5,0,1.00,0,100.000,0.120,153468671
9.03,Utility Enemy 8,Utility,FreezeAction,TimeStutter,1.00,73.7,0,1.00,0,100.000,0.120,153468671
9.03,Utility Enemy 10,Utility,FreezeAction,TimeStutter,1.00,15.2,0,1.00,0,100.000,0.120,153468671
9.03,Utility Enemy 2,Utility,FreezeAction,TimeStutter,1.00,72.9,0,1.00,0,100.000,0.120,153468671
9.03,Utility Enemy 6,Utility,FreezeAction,TimeStutter,1.00,65.8,0,1.00,0,100.000,0.120,153468671
9.03,Utility Enemy 3,Utility,FreezeAction,TimeStutter,1.00,49.1,0,1.00,0,100.000,0.120,153468671
9.03,Utility Enemy 9,Utility,FreezeAction,TimeStutter,1.00,27.6,0,1.00,0,100.000,0.120,153468671
10.03,Player,Player,-,None,0.95,,0,0.95,,,,153468671
10.03,FSM Enemy 7,FSM,PatrolState,None,1.00,48.6,0,0.95,0,,,153468671
10.03,FSM Enemy 4,FSM,PatrolState,None,1.00,22.4,0,0.95,0,,,153468671
10.03,FSM Enemy 6,FSM,Dead,None,0.00,5.1,1,0.95,8,,,153468671
10.03,FSM Enemy 5,FSM,PatrolState,None,1.00,90.8,0,0.95,0,,,153468671
10.03,FSM Enemy 12,FSM,AttackState,None,1.00,16.9,1,0.95,0,,,153468671
10.03,FSM Enemy 3,FSM,PatrolState,None,1.00,76.6,0,0.95,0,,,153468671
10.03,FSM Enemy 10,FSM,PatrolState,None,1.00,54.4,0,0.95,0,,,153468671
10.03,FSM Enemy 14,FSM,PatrolState,None,1.00,56.5,0,0.95,0,,,153468671
10.03,FSM Enemy 8,FSM,PatrolState,None,1.00,46.1,0,0.95,0,,,153468671
10.03,FSM Enemy 13,FSM,PatrolState,None,1.00,72.8,0,0.95,0,,,153468671
10.03,FSM Enemy 15,FSM,PatrolState,None,1.00,48.9,0,0.95,0,,,153468671
10.03,FSM Enemy 1,FSM,PatrolState,None,1.00,96.4,0,0.95,0,,,153468671
10.03,FSM Enemy 9,FSM,PatrolState,None,1.00,34.5,0,0.95,0,,,153468671
10.03,FSM Enemy 2,FSM,PatrolState,None,1.00,69.1,0,0.95,0,,,153468671
10.03,FSM Enemy 11,FSM,PatrolState,None,1.00,59.1,0,0.95,0,,,153468671
10.03,Utility Enemy 7,Utility,PatrolAction,None,1.00,23.8,0,0.95,0,0.120,0.000,153468671
10.03,Utility Enemy 1,Utility,PatrolAction,None,1.00,89.4,0,0.95,0,0.120,0.000,153468671
10.03,Utility Enemy 15,Utility,PatrolAction,None,1.00,92.2,0,0.95,0,0.120,0.000,153468671
10.03,Utility Enemy 14,Utility,PatrolAction,None,1.00,25.4,0,0.95,0,0.120,0.000,153468671
10.03,Utility Enemy 4,Utility,PatrolAction,None,1.00,69.3,0,0.95,0,0.120,0.000,153468671
10.03,Utility Enemy 12,Utility,PatrolAction,None,1.00,13.0,0,0.95,0,0.120,0.000,153468671
10.03,Utility Enemy 13,Utility,PatrolAction,None,1.00,62.2,0,0.95,0,0.120,0.000,153468671
10.03,Utility Enemy 5,Utility,PatrolAction,None,1.00,84.0,0,0.95,0,0.120,0.000,153468671
10.03,Utility Enemy 11,Utility,PatrolAction,None,1.00,54.8,0,0.95,0,0.120,0.000,153468671
10.03,Utility Enemy 8,Utility,PatrolAction,None,1.00,77.8,0,0.95,0,0.120,0.000,153468671
10.03,Utility Enemy 10,Utility,PatrolAction,None,1.00,13.4,0,0.95,0,0.120,0.000,153468671
10.03,Utility Enemy 2,Utility,PatrolAction,None,1.00,73.0,0,0.95,0,0.120,0.000,153468671
10.03,Utility Enemy 6,Utility,PatrolAction,None,1.00,68.5,0,0.95,0,0.120,0.000,153468671
10.03,Utility Enemy 3,Utility,PatrolAction,None,1.00,48.9,0,0.95,0,0.120,0.000,153468671
10.03,Utility Enemy 9,Utility,PatrolAction,None,1.00,25.2,0,0.95,0,0.120,0.000,153468671
11.03,Player,Player,-,None,0.89,,0,0.89,,,,153468671
11.03,FSM Enemy 7,FSM,PatrolState,None,1.00,51.4,0,0.89,0,,,153468671
11.03,FSM Enemy 4,FSM,PatrolState,None,1.00,22.5,0,0.89,0,,,153468671
11.03,FSM Enemy 6,FSM,Dead,None,0.00,4.1,1,0.89,8,,,153468671
11.03,FSM Enemy 5,FSM,PatrolState,None,1.00,88.6,0,0.89,0,,,153468671
11.03,FSM Enemy 12,FSM,AttackState,None,1.00,16.9,1,0.89,8,,,153468671
11.03,FSM Enemy 3,FSM,PatrolState,None,1.00,78.3,0,0.89,0,,,153468671
11.03,FSM Enemy 10,FSM,PatrolState,None,1.00,55.1,0,0.89,0,,,153468671
11.03,FSM Enemy 14,FSM,PatrolState,None,1.00,54.8,0,0.89,0,,,153468671
11.03,FSM Enemy 8,FSM,PatrolState,None,1.00,45.7,0,0.89,0,,,153468671
11.03,FSM Enemy 13,FSM,PatrolState,None,1.00,71.7,0,0.89,0,,,153468671
11.03,FSM Enemy 15,FSM,PatrolState,None,1.00,50.7,0,0.89,0,,,153468671
11.03,FSM Enemy 1,FSM,PatrolState,None,1.00,96.3,0,0.89,0,,,153468671
11.03,FSM Enemy 9,FSM,PatrolState,None,1.00,32.6,0,0.89,0,,,153468671
11.03,FSM Enemy 2,FSM,PatrolState,None,1.00,67.3,0,0.89,0,,,153468671
11.03,FSM Enemy 11,FSM,PatrolState,None,1.00,57.7,0,0.89,0,,,153468671
11.03,Utility Enemy 7,Utility,SpreadFireAction,None,1.00,19.0,1,0.89,0,0.126,0.125,153468671
11.03,Utility Enemy 1,Utility,PatrolAction,None,1.00,85.2,0,0.89,0,0.120,0.000,153468671
11.03,Utility Enemy 15,Utility,PatrolAction,None,1.00,92.6,0,0.89,0,0.120,0.000,153468671
11.03,Utility Enemy 14,Utility,PatrolAction,None,1.00,20.4,0,0.89,0,0.120,0.000,153468671
11.03,Utility Enemy 4,Utility,PatrolAction,None,1.00,73.5,0,0.89,0,0.120,0.000,153468671
11.03,Utility Enemy 12,Utility,PatrolAction,None,0.25,16.3,0,0.89,0,0.120,0.000,153468671
11.03,Utility Enemy 13,Utility,PatrolAction,None,1.00,58.8,0,0.89,0,0.120,0.000,153468671
11.03,Utility Enemy 5,Utility,PatrolAction,None,1.00,84.6,0,0.89,0,0.120,0.000,153468671
11.03,Utility Enemy 11,Utility,PatrolAction,None,1.00,58.0,0,0.89,0,0.120,0.000,153468671
11.03,Utility Enemy 8,Utility,PatrolAction,None,1.00,81.1,0,0.89,0,0.120,0.000,153468671
11.03,Utility Enemy 10,Utility,PatrolAction,None,1.00,15.1,0,0.89,0,0.120,0.000,153468671
11.03,Utility Enemy 2,Utility,PatrolAction,None,1.00,72.7,0,0.89,0,0.120,0.000,153468671
11.03,Utility Enemy 6,Utility,PatrolAction,None,1.00,66.9,0,0.89,0,0.120,0.000,153468671
11.03,Utility Enemy 3,Utility,PatrolAction,None,1.00,50.3,0,0.89,0,0.120,0.000,153468671
11.03,Utility Enemy 9,Utility,PatrolAction,None,1.00,28.4,0,0.89,0,0.120,0.000,153468671
12.04,Player,Player,-,None,0.89,,0,0.89,,,,153468671
12.04,FSM Enemy 7,FSM,PatrolState,None,1.00,53.1,0,0.89,0,,,153468671
12.04,FSM Enemy 4,FSM,PatrolState,None,1.00,26.1,0,0.89,0,,,153468671
12.04,FSM Enemy 6,FSM,Dead,None,0.00,5.2,1,0.89,8,,,153468671
12.04,FSM Enemy 5,FSM,PatrolState,None,1.00,88.1,0,0.89,0,,,153468671
12.04,FSM Enemy 12,FSM,AttackState,None,0.75,14.4,1,0.89,8,,,153468671
12.04,FSM Enemy 3,FSM,PatrolState,None,1.00,83.1,0,0.89,0,,,153468671
12.04,FSM Enemy 10,FSM,PatrolState,None,1.00,59.3,0,0.89,0,,,153468671
12.04,FSM Enemy 14,FSM,PatrolState,None,1.00,56.9,0,0.89,0,,,153468671
12.04,FSM Enemy 8,FSM,PatrolState,None,1.00,48.2,0,0.89,0,,,153468671
12.04,FSM Enemy 13,FSM,PatrolState,None,1.00,71.0,0,0.89,0,,,153468671
12.04,FSM Enemy 15,FSM,PatrolState,None,1.00,53.4,0,0.89,0,,,153468671
12.04,FSM Enemy 1,FSM,PatrolState,None,1.00,100.2,0,0.89,0,,,153468671
12.04,FSM Enemy 9,FSM,PatrolState,None,1.00,33.3,0,0.89,0,,,153468671
12.04,FSM Enemy 2,FSM,PatrolState,None,1.00,70.0,0,0.89,0,,,153468671
12.04,FSM Enemy 11,FSM,PatrolState,None,1.00,56.7,0,0.89,0,,,153468671
12.04,Utility Enemy 7,Utility,ChaseAction,None,1.00,16.9,0,0.89,0,0.490,0.400,153468671
12.04,Utility Enemy 1,Utility,PatrolAction,None,1.00,89.8,0,0.89,0,0.120,0.000,153468671
12.04,Utility Enemy 15,Utility,PatrolAction,None,1.00,92.6,0,0.89,0,0.120,0.000,153468671
12.04,Utility Enemy 14,Utility,PatrolAction,None,1.00,18.8,0,0.89,0,0.120,0.000,153468671
12.04,Utility Enemy 4,Utility,PatrolAction,None,1.00,79.8,0,0.89,0,0.120,0.000,153468671
12.04,Utility Enemy 12,Utility,Dead,None,0.00,16.6,0,0.89,0,0.120,0.000,153468671
12.04,Utility Enemy 13,Utility,PatrolAction,None,1.00,57.1,0,0.89,0,0.120,0.000,153468671
12.04,Utility Enemy 5,Utility,PatrolAction,None,1.00,86.4,0,0.89,0,0.120,0.000,153468671
12.04,Utility Enemy 11,Utility,PatrolAction,None,1.00,59.6,0,0.89,0,0.120,0.000,153468671
12.04,Utility Enemy 8,Utility,PatrolAction,None,1.00,87.0,0,0.89,0,0.120,0.000,153468671
12.04,Utility Enemy 10,Utility,AttackAction,None,1.00,12.3,1,0.89,0,0.261,0.160,153468671
12.04,Utility Enemy 2,Utility,PatrolAction,None,1.00,76.4,0,0.89,0,0.120,0.000,153468671
12.04,Utility Enemy 6,Utility,PatrolAction,None,1.00,63.8,0,0.89,0,0.120,0.000,153468671
12.04,Utility Enemy 3,Utility,PatrolAction,None,1.00,52.6,0,0.89,0,0.120,0.000,153468671
12.04,Utility Enemy 9,Utility,PatrolAction,None,1.00,33.8,0,0.89,0,0.120,0.000,153468671
13.04,Player,Player,-,None,0.84,,0,0.84,,,,153468671
13.04,FSM Enemy 7,FSM,PatrolState,None,1.00,56.3,0,0.84,0,,,153468671
13.04,FSM Enemy 4,FSM,PatrolState,None,1.00,27.7,0,0.84,0,,,153468671
13.04,FSM Enemy 6,FSM,Dead,None,0.00,6.0,0,0.84,8,,,153468671
13.04,FSM Enemy 5,FSM,PatrolState,None,1.00,88.2,0,0.84,0,,,153468671
13.04,FSM Enemy 12,FSM,Dead,None,0.00,11.8,1,0.84,16,,,153468671
13.04,FSM Enemy 3,FSM,PatrolState,None,1.00,87.6,0,0.84,0,,,153468671
13.04,FSM Enemy 10,FSM,PatrolState,None,1.00,62.9,0,0.84,0,,,153468671
13.04,FSM Enemy 14,FSM,PatrolState,None,1.00,58.1,0,0.84,0,,,153468671
13.04,FSM Enemy 8,FSM,PatrolState,None,1.00,50.8,0,0.84,0,,,153468671
13.04,FSM Enemy 13,FSM,PatrolState,None,1.00,71.4,0,0.84,0,,,153468671
13.04,FSM Enemy 15,FSM,PatrolState,None,1.00,57.1,0,0.84,0,,,153468671
13.04,FSM Enemy 1,FSM,PatrolState,None,1.00,104.3,0,0.84,0,,,153468671
13.04,FSM Enemy 9,FSM,PatrolState,None,1.00,34.2,0,0.84,0,,,153468671
13.04,FSM Enemy 2,FSM,PatrolState,None,1.00,72.7,0,0.84,0,,,153468671
13.04,FSM Enemy 11,FSM,PatrolState,None,1.00,60.4,0,0.84,0,,,153468671
13.04,Utility Enemy 7,Utility,AttackAction,None,1.00,14.2,1,0.84,0,0.204,0.172,153468671
13.04,Utility Enemy 1,Utility,PatrolAction,None,1.00,93.3,0,0.84,0,0.120,0.000,153468671
13.04,Utility Enemy 15,Utility,PatrolAction,None,1.00,92.7,0,0.84,0,0.120,0.000,153468671
13.04,Utility Enemy 14,Utility,PatrolAction,None,1.00,16.9,0,0.84,0,0.120,0.000,153468671
13.04,Utility Enemy 4,Utility,PatrolAction,None,1.00,86.4,0,0.84,0,0.120,0.000,153468671
13.04,Utility Enemy 12,Utility,Dead,None,0.00,15.6,0,0.84,0,0.120,0.000,153468671
13.04,Utility Enemy 13,Utility,PatrolAction,None,1.00,61.8,0,0.84,0,0.120,0.000,153468671
13.04,Utility Enemy 5,Utility,PatrolAction,None,1.00,84.4,0,0.84,0,0.120,0.000,153468671
13.04,Utility Enemy 11,Utility,PatrolAction,None,1.00,60.9,0,0.84,0,0.120,0.000,153468671
13.04,Utility Enemy 8,Utility,PatrolAction,None,1.00,93.1,0,0.84,0,0.120,0.000,153468671
13.04,Utility Enemy 10,Utility,AttackAction,None,1.00,11.0,1,0.84,0,0.389,0.132,153468671
13.04,Utility Enemy 2,Utility,PatrolAction,None,1.00,81.5,0,0.84,0,0.120,0.000,153468671
13.04,Utility Enemy 6,Utility,PatrolAction,None,1.00,67.8,0,0.84,0,0.120,0.000,153468671
13.04,Utility Enemy 3,Utility,PatrolAction,None,1.00,51.3,0,0.84,0,0.120,0.000,153468671
13.04,Utility Enemy 9,Utility,PatrolAction,None,1.00,37.5,0,0.84,0,0.120,0.000,153468671
14.04,Player,Player,-,None,0.73,,0,0.73,,,,153468671
14.04,FSM Enemy 7,FSM,PatrolState,None,1.00,62.3,0,0.73,0,,,153468671
14.04,FSM Enemy 4,FSM,PatrolState,None,1.00,28.1,0,0.73,0,,,153468671
14.04,FSM Enemy 6,FSM,Dead,None,0.00,6.9,0,0.73,8,,,153468671
14.04,FSM Enemy 5,FSM,PatrolState,None,1.00,89.6,0,0.73,0,,,153468671
14.04,FSM Enemy 12,FSM,Dead,None,0.00,8.4,1,0.73,16,,,153468671
14.04,FSM Enemy 3,FSM,PatrolState,None,1.00,92.2,0,0.73,0,,,153468671
14.04,FSM Enemy 10,FSM,PatrolState,None,1.00,65.8,0,0.73,0,,,153468671
14.04,FSM Enemy 14,FSM,PatrolState,None,1.00,58.6,0,0.73,0,,,153468671
14.04,FSM Enemy 8,FSM,PatrolState,None,1.00,51.8,0,0.73,0,,,153468671
14.04,FSM Enemy 13,FSM,PatrolState,None,1.00,76.2,0,0.73,0,,,153468671
14.04,FSM Enemy 15,FSM,PatrolState,None,1.00,62.8,0,0.73,0,,,153468671
14.04,FSM Enemy 1,FSM,PatrolState,None,1.00,110.0,0,0.73,0,,,153468671
14.04,FSM Enemy 9,FSM,PatrolState,None,1.00,35.6,0,0.73,0,,,153468671
14.04,FSM Enemy 2,FSM,PatrolState,None,1.00,74.3,0,0.73,0,,,153468671
14.04,FSM Enemy 11,FSM,PatrolState,None,1.00,66.7,0,0.73,0,,,153468671
14.04,Utility Enemy 7,Utility,AttackAction,None,0.75,9.9,1,0.73,0,0.412,0.127,153468671
14.04,Utility Enemy 1,Utility,PatrolAction,None,1.00,96.9,0,0.73,0,0.120,0.000,153468671
14.04,Utility Enemy 15,Utility,PatrolAction,None,1.00,93.9,0,0.73,0,0.120,0.000,153468671
14.04,Utility Enemy 14,Utility,PatrolAction,None,1.00,18.0,0,0.73,0,0.120,0.000,153468671
14.04,Utility Enemy 4,Utility,PatrolAction,None,1.00,88.1,0,0.73,0,0.120,0.000,153468671
14.04,Utility Enemy 12,Utility,Dead,None,0.00,12.3,0,0.73,0,0.120,0.000,153468671
14.04,Utility Enemy 13,Utility,PatrolAction,None,1.00,68.8,0,0.73,0,0.120,0.000,153468671
14.04,Utility Enemy 5,Utility,PatrolAction,None,1.00,82.4,0,0.73,0,0.120,0.000,153468671
14.04,Utility Enemy 11,Utility,PatrolAction,None,1.00,66.2,0,0.73,0,0.120,0.000,153468671
14.04,Utility Enemy 8,Utility,PatrolAction,None,1.00,95.6,0,0.73,0,0.120,0.000,153468671
14.04,Utility Enemy 10,Utility,AttackAction,None,1.00,13.2,1,0.73,16,0.289,0.154,153468671
14.04,Utility Enemy 2,Utility,PatrolAction,None,1.00,86.3,0,0.73,0,0.120,0.000,153468671
14.04,Utility Enemy 6,Utility,PatrolAction,None,1.00,74.9,0,0.73,0,0.120,0.000,153468671
14.04,Utility Enemy 3,Utility,PatrolAction,None,1.00,49.2,0,0.73,0,0.120,0.000,153468671
14.04,Utility Enemy 9,Utility,PatrolAction,None,1.00,39.4,0,0.73,0,0.120,0.000,153468671
15.05,Player,Player,-,None,0.68,,0,0.68,,,,153468671
15.05,FSM Enemy 7,FSM,PatrolState,None,1.00,68.7,0,0.68,0,,,153468671
15.05,FSM Enemy 4,FSM,PatrolState,None,1.00,28.1,0,0.68,0,,,153468671
15.05,FSM Enemy 6,FSM,Dead,None,0.00,10.9,0,0.68,8,,,153468671
15.05,FSM Enemy 5,FSM,PatrolState,None,1.00,92.4,0,0.68,0,,,153468671
15.05,FSM Enemy 12,FSM,Dead,None,0.00,6.9,1,0.68,16,,,153468671
15.05,FSM Enemy 3,FSM,PatrolState,None,1.00,94.3,0,0.68,0,,,153468671
15.05,FSM Enemy 10,FSM,PatrolState,None,1.00,68.8,0,0.68,0,,,153468671
15.05,FSM Enemy 14,FSM,PatrolState,None,1.00,59.5,0,0.68,0,,,153468671
15.05,FSM Enemy 8,FSM,PatrolState,None,1.00,57.8,0,0.68,0,,,153468671
15.05,FSM Enemy 13,FSM,PatrolState,None,1.00,82.8,0,0.68,0,,,153468671
15.05,FSM Enemy 15,FSM,PatrolState,None,1.00,70.3,0,0.68,0,,,153468671
15.05,FSM Enemy 1,FSM,PatrolState,None,1.00,117.0,0,0.68,0,,,153468671
15.05,FSM Enemy 9,FSM,PatrolState,None,1.00,39.3,0,0.68,0,,,153468671
15.05,FSM Enemy 2,FSM,PatrolState,None,1.00,76.4,0,0.68,0,,,153468671
15.05,FSM Enemy 11,FSM,PatrolState,None,1.00,74.6,0,0.68,0,,,153468671
15.05,Utility Enemy 7,Utility,Dead,None,0.00,4.0,1,0.68,8,0.575,0.347,153468671
15.05,Utility Enemy 1,Utility,PatrolAction,None,1.00,101.1,0,0.68,0,0.120,0.000,153468671
15.05,Utility Enemy 15,Utility,PatrolAction,None,1.00,98.3,0,0.68,0,0.120,0.000,153468671
15.05,Utility Enemy 14,Utility,PatrolAction,None,1.00,25.2,0,0.68,0,0.120,0.000,153468671
15.05,Utility Enemy 4,Utility,PatrolAction,None,1.00,89.2,0,0.68,0,0.120,0.000,153468671
15.05,Utility Enemy 12,Utility,Dead,None,0.00,8.8,0,0.68,0,0.120,0.000,153468671
15.05,Utility Enemy 13,Utility,PatrolAction,None,1.00,74.4,0,0.68,0,0.120,0.000,153468671
15.05,Utility Enemy 5,Utility,PatrolAction,None,1.00,84.3,0,0.68,0,0.120,0.000,153468671
15.05,Utility Enemy 11,Utility,PatrolAction,None,1.00,75.0,0,0.68,0,0.120,0.000,153468671
15.05,Utility Enemy 8,Utility,PatrolAction,None,1.00,98.7,0,0.68,0,0.120,0.000,153468671
15.05,Utility Enemy 10,Utility,SpreadFireAction,None,1.00,17.8,1,0.68,16,0.154,0.125,153468671
15.05,Utility Enemy 2,Utility,PatrolAction,None,1.00,92.1,0,0.68,0,0.120,0.000,153468671
15.05,Utility Enemy 6,Utility,PatrolAction,None,1.00,84.7,0,0.68,0,0.120,0.000,153468671
15.05,Utility Enemy 3,Utility,PatrolAction,None,1.00,49.2,0,0.68,0,0.120,0.000,153468671
15.05,Utility Enemy 9,Utility,PatrolAction,None,1.00,42.3,0,0.68,0,0.120,0.000,153468671
16.05,Player,Player,-,None,0.68,,0,0.68,,,,153468671
16.05,FSM Enemy 7,FSM,PatrolState,None,1.00,72.5,0,0.68,0,,,153468671
16.05,FSM Enemy 4,FSM,PatrolState,None,1.00,25.2,0,0.68,0,,,153468671
16.05,FSM Enemy 6,FSM,Dead,None,0.00,15.2,0,0.68,8,,,153468671
16.05,FSM Enemy 5,FSM,PatrolState,None,1.00,96.6,0,0.68,0,,,153468671
16.05,FSM Enemy 12,FSM,Dead,None,0.00,11.3,0,0.68,16,,,153468671
16.05,FSM Enemy 3,FSM,PatrolState,None,1.00,93.9,0,0.68,0,,,153468671
16.05,FSM Enemy 10,FSM,PatrolState,None,1.00,68.4,0,0.68,0,,,153468671
16.05,FSM Enemy 14,FSM,PatrolState,None,1.00,58.3,0,0.68,0,,,153468671
16.05,FSM Enemy 8,FSM,PatrolState,None,1.00,63.1,0,0.68,0,,,153468671
16.05,FSM Enemy 13,FSM,PatrolState,None,1.00,89.1,0,0.68,0,,,153468671
16.05,FSM Enemy 15,FSM,PatrolState,None,1.00,75.1,0,0.68,0,,,153468671
16.05,FSM Enemy 1,FSM,PatrolState,None,1.00,122.6,0,0.68,0,,,153468671
16.05,FSM Enemy 9,FSM,PatrolState,None,1.00,44.3,0,0.68,0,,,153468671
16.05,FSM Enemy 2,FSM,PatrolState,None,1.00,77.5,0,0.68,0,,,153468671
16.05,FSM Enemy 11,FSM,PatrolState,None,1.00,82.6,0,0.68,0,,,153468671
16.05,Utility Enemy 7,Utility,Dead,None,0.00,2.1,0,0.68,8,0.575,0.347,153468671
16.05,Utility Enemy 1,Utility,PatrolAction,None,1.00,101.2,0,0.68,0,0.120,0.000,153468671
16.05,Utility Enemy 15,Utility,PatrolAction,None,1.00,102.2,0,0.68,0,0.120,0.000,153468671
16.05,Utility Enemy 14,Utility,PatrolAction,None,1.00,31.4,0,0.68,0,0.120,0.000,153468671
16.05,Utility Enemy 4,Utility,PatrolAction,None,1.00,95.0,0,0.68,0,0.120,0.000,153468671
16.05,Utility Enemy 12,Utility,Dead,None,0.00,6.6,0,0.68,0,0.120,0.000,153468671
16.05,Utility Enemy 13,Utility,PatrolAction,None,1.00,76.2,0,0.68,0,0.120,0.000,153468671
16.05,Utility Enemy 5,Utility,PatrolAction,None,1.00,85.7,0,0.68,0,0.120,0.000,153468671
16.05,Utility Enemy 11,Utility,PatrolAction,None,1.00,82.7,0,0.68,0,0.120,0.000,153468671
16.05,Utility Enemy 8,Utility,PatrolAction,None,1.00,99.0,0,0.68,0,0.120,0.000,153468671
16.05,Utility Enemy 10,Utility,ChaseAction,None,1.00,22.0,0,0.68,16,0.490,0.400,153468671
16.05,Utility Enemy 2,Utility,PatrolAction,None,1.00,92.3,0,0.68,0,0.120,0.000,153468671
16.05,Utility Enemy 6,Utility,PatrolAction,None,1.00,91.2,0,0.68,0,0.120,0.000,153468671
16.05,Utility Enemy 3,Utility,PatrolAction,None,1.00,47.7,0,0.68,0,0.120,0.000,153468671
16.05,Utility Enemy 9,Utility,PatrolAction,None,1.00,43.5,0,0.68,0,0.120,0.000,153468671
17.06,Player,Player,-,None,0.68,,0,0.68,,,,153468671
17.06,FSM Enemy 7,FSM,PatrolState,None,1.00,73.9,0,0.68,0,,,153468671
17.06,FSM Enemy 4,FSM,PatrolState,None,1.00,25.3,0,0.68,0,,,153468671
17.06,FSM Enemy 6,FSM,Dead,None,0.00,19.3,0,0.68,8,,,153468671
17.06,FSM Enemy 5,FSM,PatrolState,None,1.00,102.2,0,0.68,0,,,153468671
17.06,FSM Enemy 12,FSM,Dead,None,0.00,13.4,0,0.68,16,,,153468671
17.06,FSM Enemy 3,FSM,PatrolState,None,1.00,94.9,0,0.68,0,,,153468671
17.06,FSM Enemy 10,FSM,PatrolState,None,1.00,70.6,0,0.68,0,,,153468671
17.06,FSM Enemy 14,FSM,PatrolState,None,1.00,60.1,0,0.68,0,,,153468671
17.06,FSM Enemy 8,FSM,PatrolState,None,1.00,69.2,0,0.68,0,,,153468671
17.06,FSM Enemy 13,FSM,PatrolState,None,1.00,93.2,0,0.68,0,,,153468671
17.06,FSM Enemy 15,FSM,PatrolState,None,1.00,77.5,0,0.68,0,,,153468671
17.06,FSM Enemy 1,FSM,PatrolState,None,1.00,127.6,0,0.68,0,,,153468671
17.06,FSM Enemy 9,FSM,PatrolState,None,1.00,49.9,0,0.68,0,,,153468671
17.06,FSM Enemy 2,FSM,PatrolState,None,1.00,81.9,0,0.68,0,,,153468671
17.06,FSM Enemy 11,FSM,PatrolState,None,1.00,88.4,0,0.68,0,,,153468671
17.06,Utility Enemy 7,Utility,Dead,None,0.00,5.8,0,0.68,8,0.575,0.347,153468671
17.06,Utility Enemy 1,Utility,PatrolAction,None,1.00,105.2,0,0.68,0,0.120,0.000,153468671
17.06,Utility Enemy 15,Utility,PatrolAction,None,1.00,106.5,0,0.68,0,0.120,0.000,153468671
17.06,Utility Enemy 14,Utility,PatrolAction,None,1.00,34.9,0,0.68,0,0.120,0.000,153468671
17.06,Utility Enemy 4,Utility,PatrolAction,None,1.00,102.6,0,0.68,0,0.120,0.000,153468671
17.06,Utility Enemy 12,Utility,Dead,None,0.00,9.6,0,0.68,0,0.120,0.000,153468671
17.06,Utility Enemy 13,Utility,PatrolAction,None,1.00,76.4,0,0.68,0,0.120,0.000,153468671
17.06,Utility Enemy 5,Utility,PatrolAction,None,1.00,89.9,0,0.68,0,0.120,0.000,153468671
17.06,Utility Enemy 11,Utility,PatrolAction,None,1.00,82.6,0,0.68,0,0.120,0.000,153468671
17.06,Utility Enemy 8,Utility,PatrolAction,None,1.00,101.0,0,0.68,0,0.120,0.000,153468671
17.06,Utility Enemy 10,Utility,ChaseAction,None,1.00,20.8,0,0.68,16,0.490,0.400,153468671
17.06,Utility Enemy 2,Utility,PatrolAction,None,1.00,93.8,0,0.68,0,0.120,0.000,153468671
17.06,Utility Enemy 6,Utility,PatrolAction,None,1.00,90.6,0,0.68,0,0.120,0.000,153468671
17.06,Utility Enemy 3,Utility,PatrolAction,None,1.00,48.7,0,0.68,0,0.120,0.000,153468671
17.06,Utility Enemy 9,Utility,PatrolAction,None,1.00,42.4,0,0.68,0,0.120,0.000,153468671
18.06,Player,Player,-,None,0.68,,0,0.68,,,,153468671
18.06,FSM Enemy 7,FSM,PatrolState,None,1.00,73.2,0,0.68,0,,,153468671
18.06,FSM Enemy 4,FSM,PatrolState,None,1.00,20.6,0,0.68,0,,,153468671
18.06,FSM Enemy 6,FSM,Dead,None,0.00,19.7,0,0.68,8,,,153468671
18.06,FSM Enemy 5,FSM,PatrolState,None,1.00,101.6,0,0.68,0,,,153468671
18.06,FSM Enemy 12,FSM,Dead,None,0.00,16.1,0,0.68,16,,,153468671
18.06,FSM Enemy 3,FSM,PatrolState,None,1.00,93.0,0,0.68,0,,,153468671
18.06,FSM Enemy 10,FSM,PatrolState,None,1.00,68.0,0,0.68,0,,,153468671
18.06,FSM Enemy 14,FSM,PatrolState,None,1.00,57.3,0,0.68,0,,,153468671
18.06,FSM Enemy 8,FSM,PatrolState,None,1.00,70.4,0,0.68,0,,,153468671
18.06,FSM Enemy 13,FSM,PatrolState,None,1.00,95.2,0,0.68,0,,,153468671
18.06,FSM Enemy 15,FSM,PatrolState,None,1.00,76.8,0,0.68,0,,,153468671
18.06,FSM Enemy 1,FSM,PatrolState,None,1.00,125.8,0,0.68,0,,,153468671
18.06,FSM Enemy 9,FSM,PatrolState,None,1.00,50.7,0,0.68,0,,,153468671
18.06,FSM Enemy 2,FSM,PatrolState,None,1.00,81.6,0,0.68,0,,,153468671
18.06,FSM Enemy 11,FSM,PatrolState,None,1.00,91.8,0,0.68,0,,,153468671
18.06,Utility Enemy 7,Utility,Dead,None,0.00,7.5,0,0.68,8,0.575,0.347,153468671
18.06,Utility Enemy 1,Utility,PatrolAction,None,1.00,107.9,0,0.68,0,0.120,0.000,153468671
18.06,Utility Enemy 15,Utility,PatrolAction,None,1.00,105.1,0,0.68,0,0.120,0.000,153468671
18.06,Utility Enemy 14,Utility,PatrolAction,None,1.00,30.7,0,0.68,0,0.120,0.000,153468671
18.06,Utility Enemy 4,Utility,PatrolAction,None,1.00,99.7,0,0.68,0,0.120,0.000,153468671
18.06,Utility Enemy 12,Utility,Dead,None,0.00,8.5,0,0.68,0,0.120,0.000,153468671
18.06,Utility Enemy 13,Utility,PatrolAction,None,1.00,75.5,0,0.68,0,0.120,0.000,153468671
18.06,Utility Enemy 5,Utility,PatrolAction,None,1.00,89.9,0,0.68,0,0.120,0.000,153468671
18.06,Utility Enemy 11,Utility,PatrolAction,None,1.00,81.3,0,0.68,0,0.120,0.000,153468671
18.06,Utility Enemy 8,Utility,PatrolAction,None,1.00,103.6,0,0.68,0,0.120,0.000,153468671
18.06,Utility Enemy 10,Utility,ChaseAction,None,1.00,18.4,0,0.68,16,0.490,0.400,153468671
18.06,Utility Enemy 2,Utility,PatrolAction,None,1.00,89.1,0,0.68,0,0.120,0.000,153468671
18.06,Utility Enemy 6,Utility,PatrolAction,None,1.00,88.0,0,0.68,0,0.120,0.000,153468671
18.06,Utility Enemy 3,Utility,PatrolAction,None,1.00,47.1,0,0.68,0,0.120,0.000,153468671
18.06,Utility Enemy 9,Utility,PatrolAction,None,1.00,35.0,0,0.68,0,0.120,0.000,153468671
19.07,Player,Player,-,None,0.63,,0,0.63,,,,153468671
19.07,FSM Enemy 7,FSM,PatrolState,None,1.00,66.5,0,0.63,0,,,153468671
19.07,FSM Enemy 4,FSM,AttackState,None,1.00,14.4,1,0.63,8,,,153468671
19.07,FSM Enemy 6,FSM,Dead,None,0.00,14.2,0,0.63,8,,,153468671
19.07,FSM Enemy 5,FSM,PatrolState,None,1.00,93.7,0,0.63,0,,,153468671
19.07,FSM Enemy 12,FSM,Dead,None,0.00,16.0,0,0.63,16,,,153468671
19.07,FSM Enemy 3,FSM,PatrolState,None,1.00,86.8,0,0.63,0,,,153468671
19.07,FSM Enemy 10,FSM,PatrolState,None,1.00,59.8,0,0.63,0,,,153468671
19.07,FSM Enemy 14,FSM,PatrolState,None,1.00,54.0,0,0.63,0,,,153468671
19.07,FSM Enemy 8,FSM,PatrolState,None,1.00,66.2,0,0.63,0,,,153468671
19.07,FSM Enemy 13,FSM,PatrolState,None,1.00,91.7,0,0.63,0,,,153468671
19.07,FSM Enemy 15,FSM,PatrolState,None,1.00,69.6,0,0.63,0,,,153468671
19.07,FSM Enemy 1,FSM,PatrolState,None,1.00,117.6,0,0.63,0,,,153468671
19.07,FSM Enemy 9,FSM,PatrolState,None,1.00,45.9,0,0.63,0,,,153468671
19.07,FSM Enemy 2,FSM,PatrolState,None,1.00,79.1,0,0.63,0,,,153468671
19.07,FSM Enemy 11,FSM,PatrolState,None,1.00,88.7,0,0.63,0,,,153468671
19.07,Utility Enemy 7,Utility,Dead,None,0.00,7.0,0,0.63,8,0.575,0.347,153468671
19.07,Utility Enemy 1,Utility,PatrolAction,None,1.00,104.0,0,0.63,0,0.120,0.000,153468671
19.07,Utility Enemy 15,Utility,PatrolAction,None,1.00,98.5,0,0.63,0,0.120,0.000,153468671
19.07,Utility Enemy 14,Utility,PatrolAction,None,1.00,20.6,0,0.63,0,0.120,0.000,153468671
19.07,Utility Enemy 4,Utility,PatrolAction,None,1.00,95.8,0,0.63,0,0.120,0.000,153468671
19.07,Utility Enemy 12,Utility,Dead,None,0.00,2.1,1,0.63,0,0.120,0.000,153468671
19.07,Utility Enemy 13,Utility,PatrolAction,None,1.00,71.1,0,0.63,0,0.120,0.000,153468671
19.07,Utility Enemy 5,Utility,PatrolAction,None,1.00,82.0,0,0.63,0,0.120,0.000,153468671
19.07,Utility Enemy 11,Utility,PatrolAction,None,1.00,76.9,0,0.63,0,0.120,0.000,153468671
19.07,Utility Enemy 8,Utility,PatrolAction,None,1.00,100.1,0,0.63,0,0.120,0.000,153468671
19.07,Utility Enemy 10,Utility,ChaseAction,None,1.00,12.1,0,0.63,16,0.490,0.400,153468671
19.07,Utility Enemy 2,Utility,PatrolAction,None,1.00,79.8,0,0.63,0,0.120,0.000,153468671
19.07,Utility Enemy 6,Utility,PatrolAction,None,1.00,83.2,0,0.63,0,0.120,0.000,153468671
19.07,Utility Enemy 3,Utility,PatrolAction,None,1.00,40.5,0,0.63,0,0.120,0.000,153468671
19.07,Utility Enemy 9,Utility,PatrolAction,None,1.00,27.1,0,0.63,0,0.120,0.000,153468671
20.07,Player,Player,-,None,0.63,,0,0.63,,,,153468671
20.07,FSM Enemy 7,FSM,PatrolState,None,1.00,63.3,0,0.63,0,,,153468671
20.07,FSM Enemy 4,FSM,AttackState,None,0.75,10.2,1,0.63,8,,,153468671
20.07,FSM Enemy 6,FSM,Dead,None,0.00,13.3,0,0.63,8,,,153468671
20.07,FSM Enemy 5,FSM,PatrolState,None,1.00,88.3,0,0.63,0,,,153468671
20.07,FSM Enemy 12,FSM,Dead,None,0.00,19.4,0,0.63,16,,,153468671
20.07,FSM Enemy 3,FSM,PatrolState,None,1.00,82.6,0,0.63,0,,,153468671
20.07,FSM Enemy 10,FSM,PatrolState,None,1.00,52.6,0,0.63,0,,,153468671
20.07,FSM Enemy 14,FSM,PatrolState,None,1.00,52.1,0,0.63,0,,,153468671
20.07,FSM Enemy 8,FSM,PatrolState,None,1.00,64.0,0,0.63,0,,,153468671
20.07,FSM Enemy 13,FSM,PatrolState,None,1.00,90.5,0,0.63,0,,,153468671
20.07,FSM Enemy 15,FSM,PatrolState,None,1.00,66.5,0,0.63,0,,,153468671
20.07,FSM Enemy 1,FSM,PatrolState,None,1.00,111.8,0,0.63,0,,,153468671
20.07,FSM Enemy 9,FSM,PatrolState,None,1.00,44.1,0,0.63,0,,,153468671
20.07,FSM Enemy 2,FSM,PatrolState,None,1.00,76.3,0,0.63,0,,,153468671
20.07,FSM Enemy 11,FSM,PatrolState,None,1.00,88.9,0,0.63,0,,,153468671
20.07,Utility Enemy 7,Utility,Dead,None,0.00,11.1,0,0.63,8,0.575,0.347,153468671
20.07,Utility Enemy 1,Utility,PatrolAction,None,1.00,97.7,0,0.63,0,0.120,0.000,153468671
20.07,Utility Enemy 15,Utility,PatrolAction,None,1.00,91.4,0,0.63,0,0.120,0.000,153468671
20.07,Utility Enemy 14,Utility,PatrolAction,None,1.00,16.2,0,0.63,0,0.120,0.000,153468671
20.07,Utility Enemy 4,Utility,PatrolAction,None,1.00,96.5,0,0.63,0,0.120,0.000,153468671
20.07,Utility Enemy 12,Utility,Dead,None,0.00,3.9,0,0.63,0,0.120,0.000,153468671
20.07,Utility Enemy 13,Utility,PatrolAction,None,1.00,69.8,0,0.63,0,0.120,0.000,153468671
20.07,Utility Enemy 5,Utility,PatrolAction,None,1.00,72.9,0,0.63,0,0.120,0.000,153468671
20.07,Utility Enemy 11,Utility,PatrolAction,None,1.00,75.7,0,0.63,0,0.120,0.000,153468671
20.07,Utility Enemy 8,Utility,PatrolAction,None,1.00,94.8,0,0.63,0,0.120,0.000,153468671
20.07,Utility Enemy 10,Utility,ChaseAction,None,1.00,12.4,0,0.63,16,0.490,0.400,153468671
20.07,Utility Enemy 2,Utility,PatrolAction,None,1.00,75.9,0,0.63,0,0.120,0.000,153468671
20.07,Utility Enemy 6,Utility,PatrolAction,None,1.00,85.1,0,0.63,0,0.120,0.000,153468671
20.07,Utility Enemy 3,Utility,PatrolAction,None,1.00,32.8,0,0.63,0,0.120,0.000,153468671
20.07,Utility Enemy 9,Utility,PatrolAction,None,1.00,20.5,0,0.63,0,0.120,0.000,153468671
21.07,Player,Player,-,WallDisappear,0.63,,0,0.63,,,,153468671
21.07,FSM Enemy 7,FSM,ChaseState,WallDisappear,1.00,63.9,0,0.63,0,,,153468671
21.07,FSM Enemy 4,FSM,Dead,WallDisappear,0.00,9.0,1,0.63,8,,,153468671
21.07,FSM Enemy 6,FSM,Dead,WallDisappear,0.00,15.4,0,0.63,8,,,153468671
21.07,FSM Enemy 5,FSM,ChaseState,WallDisappear,1.00,88.4,0,0.63,0,,,153468671
21.07,FSM Enemy 12,FSM,Dead,WallDisappear,0.00,20.7,0,0.63,16,,,153468671
21.07,FSM Enemy 3,FSM,ChaseState,WallDisappear,1.00,82.8,0,0.63,0,,,153468671
21.07,FSM Enemy 10,FSM,ChaseState,WallDisappear,1.00,50.8,0,0.63,0,,,153468671
21.07,FSM Enemy 14,FSM,ChaseState,WallDisappear,1.00,52.2,0,0.63,0,,,153468671
21.07,FSM Enemy 8,FSM,ChaseState,WallDisappear,1.00,63.3,0,0.63,0,,,153468671
21.07,FSM Enemy 13,FSM,ChaseState,WallDisappear,1.00,91.0,0,0.63,0,,,153468671
21.07,FSM Enemy 15,FSM,ChaseState,WallDisappear,1.00,66.9,0,0.63,0,,,153468671
21.07,FSM Enemy 1,FSM,ChaseState,WallDisappear,1.00,110.9,0,0.63,0,,,153468671
21.07,FSM Enemy 9,FSM,ChaseState,WallDisappear,1.00,48.2,0,0.63,0,,,153468671
21.07,FSM Enemy 2,FSM,ChaseState,WallDisappear,1.00,75.6,0,0.63,0,,,153468671
21.07,FSM Enemy 11,FSM,ChaseState,WallDisappear,1.00,92.3,0,0.63,0,,,153468671
21.07,Utility Enemy 7,Utility,Dead,WallDisappear,0.00,11.9,0,0.63,8,0.575,0.347,153468671
21.07,Utility Enemy 1,Utility,ChaseAction,WallDisappear,1.00,97.1,0,0.63,0,0.850,0.300,153468671
21.07,Utility Enemy 15,Utility,ChaseAction,WallDisappear,1.00,90.0,0,0.63,0,0.850,0.300,153468671
21.07,Utility Enemy 14,Utility,ChaseAction,WallDisappear,1.00,20.0,0,0.63,0,0.850,0.300,153468671
21.07,Utility Enemy 4,Utility,ChaseAction,WallDisappear,1.00,98.2,0,0.63,0,0.850,0.300,153468671
21.07,Utility Enemy 12,Utility,Dead,WallDisappear,0.00,5.1,0,0.63,0,0.120,0.000,153468671
21.07,Utility Enemy 13,Utility,ChaseAction,WallDisappear,1.00,70.7,0,0.63,0,0.850,0.300,153468671
21.07,Utility Enemy 5,Utility,ChaseAction,WallDisappear,1.00,70.6,0,0.63,0,0.850,0.300,153468671
21.07,Utility Enemy 11,Utility,ChaseAction,WallDisappear,1.00,78.8,0,0.63,0,0.850,0.300,153468671
21.07,Utility Enemy 8,Utility,ChaseAction,WallDisappear,1.00,96.8,0,0.63,0,0.850,0.300,153468671
21.07,Utility Enemy 10,Utility,ChaseAction,WallDisappear,1.00,11.8,0,0.63,16,1.340,0.400,153468671
21.07,Utility Enemy 2,Utility,ChaseAction,WallDisappear,1.00,77.8,0,0.63,0,0.850,0.300,153468671
21.07,Utility Enemy 6,Utility,ChaseAction,WallDisappear,1.00,89.9,0,0.63,0,0.850,0.300,153468671
21.07,Utility Enemy 3,Utility,ChaseAction,WallDisappear,1.00,30.6,0,0.63,0,0.850,0.300,153468671
21.07,Utility Enemy 9,Utility,ChaseAction,WallDisappear,1.00,18.4,1,0.63,0,0.864,0.540,153468671
22.07,Player,Player,-,WallDisappear,0.63,,0,0.63,,,,153468671
22.07,FSM Enemy 7,FSM,ChaseState,WallDisappear,1.00,63.4,0,0.63,0,,,153468671
22.07,FSM Enemy 4,FSM,Dead,WallDisappear,0.00,6.6,1,0.63,8,,,153468671
22.07,FSM Enemy 6,FSM,Dead,WallDisappear,0.00,15.9,0,0.63,8,,,153468671
22.07,FSM Enemy 5,FSM,ChaseState,WallDisappear,1.00,82.8,0,0.63,0,,,153468671
22.07,FSM Enemy 12,FSM,Dead,WallDisappear,0.00,22.7,0,0.63,16,,,153468671
22.07,FSM Enemy 3,FSM,ChaseState,WallDisappear,1.00,78.0,0,0.63,0,,,153468671
22.07,FSM Enemy 10,FSM,ChaseState,WallDisappear,1.00,46.6,0,0.63,0,,,153468671
22.07,FSM Enemy 14,FSM,ChaseState,WallDisappear,1.00,48.2,0,0.63,0,,,153468671
22.07,FSM Enemy 8,FSM,ChaseState,WallDisappear,1.00,59.2,0,0.63,0,,,153468671
22.07,FSM Enemy 13,FSM,ChaseState,WallDisappear,1.00,86.4,0,0.63,0,,,153468671
22.07,FSM Enemy 15,FSM,ChaseState,WallDisappear,1.00,65.5,0,0.63,0,,,153468671
22.07,FSM Enemy 1,FSM,ChaseState,WallDisappear,1.00,105.9,0,0.63,0,,,153468671
22.07,FSM Enemy 9,FSM,ChaseState,WallDisappear,1.00,50.3,0,0.63,0,,,153468671
22.07,FSM Enemy 2,FSM,ChaseState,WallDisappear,1.00,72.6,0,0.63,0,,,153468671
22.07,FSM Enemy 11,FSM,ChaseState,WallDisappear,1.00,89.4,0,0.63,0,,,153468671
22.07,Utility Enemy 7,Utility,Dead,WallDisappear,0.00,14.2,0,0.63,8,0.575,0.347,153468671
22.07,Utility Enemy 1,Utility,ChaseAction,WallDisappear,1.00,90.9,0,0.63,0,0.850,0.300,153468671
22.07,Utility Enemy 15,Utility,ChaseAction,WallDisappear,1.00,84.2,0,0.63,0,0.850,0.300,153468671
22.07,Utility Enemy 14,Utility,ChaseAction,WallDisappear,1.00,21.6,0,0.63,0,0.850,0.300,153468671
22.07,Utility Enemy 4,Utility,ChaseAction,WallDisappear,1.00,92.7,0,0.63,0,0.850,0.300,153468671
22.07,Utility Enemy 12,Utility,Dead,WallDisappear,0.00,7.1,0,0.63,0,0.120,0.000,153468671
22.07,Utility Enemy 13,Utility,ChaseAction,WallDisappear,1.00,67.0,0,0.63,0,0.850,0.300,153468671
22.07,Utility Enemy 5,Utility,ChaseAction,WallDisappear,1.00,65.2,0,0.63,0,0.850,0.300,153468671
22.07,Utility Enemy 11,Utility,ChaseAction,WallDisappear,1.00,76.3,0,0.63,0,0.850,0.300,153468671
22.07,Utility Enemy 8,Utility,ChaseAction,WallDisappear,1.00,91.3,0,0.63,0,0.850,0.300,153468671
22.07,Utility Enemy 10,Utility,ChaseAction,WallDisappear,1.00,12.9,0,0.63,16,1.340,0.400,153468671
22.07,Utility Enemy 2,Utility,ChaseAction,WallDisappear,1.00,72.7,0,0.63,0,0.850,0.300,153468671
22.07,Utility Enemy 6,Utility,ChaseAction,WallDisappear,1.00,86.2,0,0.63,0,0.850,0.300,153468671
22.07,Utility Enemy 3,Utility,ChaseAction,WallDisappear,1.00,26.6,0,0.63,0,0.850,0.300,153468671
22.07,Utility Enemy 9,Utility,ChaseAction,WallDisappear,1.00,12.6,1,0.63,0,0.850,0.300,153468671
23.08,Player,Player,-,WallDisappear,0.57,,0,0.57,,,,153468671
23.08,FSM Enemy 7,FSM,ChaseState,WallDisappear,1.00,63.6,0,0.57,0,,,153468671
23.08,FSM Enemy 4,FSM,Dead,WallDisappear,0.00,0.9,1,0.57,8,,,153468671
23.08,FSM Enemy 6,FSM,Dead,WallDisappear,0.00,19.3,0,0.57,8,,,153468671
23.08,FSM Enemy 5,FSM,ChaseState,WallDisappear,1.00,76.0,0,0.57,0,,,153468671
23.08,FSM Enemy 12,FSM,Dead,WallDisappear,0.00,28.5,0,0.57,16,,,153468671
23.08,FSM Enemy 3,FSM,ChaseState,WallDisappear,1.00,70.1,0,0.57,0,,,153468671
23.08,FSM Enemy 10,FSM,ChaseState,WallDisappear,1.00,41.3,0,0.57,0,,,153468671
23.08,FSM Enemy 14,FSM,ChaseState,WallDisappear,1.00,40.9,0,0.57,0,,,153468671
23.08,FSM Enemy 8,FSM,ChaseState,WallDisappear,1.00,53.8,0,0.57,0,,,153468671
23.08,FSM Enemy 13,FSM,ChaseState,WallDisappear,1.00,81.9,0,0.57,0,,,153468671
23.08,FSM Enemy 15,FSM,ChaseState,WallDisappear,1.00,64.1,0,0.57,0,,,153468671
23.08,FSM Enemy 1,FSM,ChaseState,WallDisappear,1.00,97.9,0,0.57,0,,,153468671
23.08,FSM Enemy 9,FSM,ChaseState,WallDisappear,1.00,48.1,0,0.57,0,,,153468671
23.08,FSM Enemy 2,FSM,ChaseState,WallDisappear,1.00,65.3,0,0.57,0,,,153468671
23.08,FSM Enemy 11,FSM,ChaseState,WallDisappear,1.00,86.0,0,0.57,0,,,153468671
23.08,Utility Enemy 7,Utility,Dead,WallDisappear,0.00,20.3,0,0.57,8,0.575,0.347,153468671
23.08,Utility Enemy 1,Utility,ChaseAction,WallDisappear,1.00,82.6,0,0.57,0,0.850,0.300,153468671
23.08,Utility Enemy 15,Utility,ChaseAction,WallDisappear,1.00,75.6,0,0.57,0,0.850,0.300,153468671
23.08,Utility Enemy 14,Utility,ChaseAction,WallDisappear,1.00,21.5,0,0.57,0,0.850,0.300,153468671
23.08,Utility Enemy 4,Utility,ChaseAction,WallDisappear,1.00,86.1,0,0.57,0,0.850,0.300,153468671
23.08,Utility Enemy 12,Utility,Dead,WallDisappear,0.00,13.1,0,0.57,0,0.120,0.000,153468671
23.08,Utility Enemy 13,Utility,ChaseAction,WallDisappear,1.00,62.5,0,0.57,0,0.850,0.300,153468671
23.08,Utility Enemy 5,Utility,ChaseAction,WallDisappear,1.00,56.4,0,0.57,0,0.850,0.300,153468671
23.08,Utility Enemy 11,Utility,ChaseAction,WallDisappear,1.00,71.8,0,0.57,0,0.850,0.300,153468671
23.08,Utility Enemy 8,Utility,ChaseAction,WallDisappear,1.00,83.3,0,0.57,0,0.850,0.300,153468671
23.08,Utility Enemy 10,Utility,ChaseAction,WallDisappear,1.00,18.8,0,0.57,16,0.850,0.300,153468671
23.08,Utility Enemy 2,Utility,ChaseAction,WallDisappear,1.00,64.2,0,0.57,0,0.850,0.300,153468671
23.08,Utility Enemy 6,Utility,ChaseAction,WallDisappear,1.00,83.3,0,0.57,0,0.850,0.300,153468671
23.08,Utility Enemy 3,Utility,ChaseAction,WallDisappear,0.50,19.9,0,0.57,0,0.850,0.300,153468671
23.08,Utility Enemy 9,Utility,AttackAction,WallDisappear,1.00,2.2,1,0.57,8,0.863,0.850,153468671
24.08,Player,Player,-,WallDisappear,0.52,,0,0.52,,,,153468671
24.08,FSM Enemy 7,FSM,ChaseState,WallDisappear,1.00,59.2,0,0.52,0,,,153468671
24.08,FSM Enemy 4,FSM,Dead,WallDisappear,0.00,5.5,0,0.52,8,,,153468671
24.08,FSM Enemy 6,FSM,Dead,WallDisappear,0.00,20.7,0,0.52,8,,,153468671
24.08,FSM Enemy 5,FSM,ChaseState,WallDisappear,1.00,67.3,0,0.52,0,,,153468671
24.08,FSM Enemy 12,FSM,Dead,WallDisappear,0.00,32.0,0,0.52,16,,,153468671
24.08,FSM Enemy 3,FSM,ChaseState,WallDisappear,1.00,61.8,0,0.52,0,,,153468671
24.08,FSM Enemy 10,FSM,ChaseState,WallDisappear,1.00,36.6,0,0.52,0,,,153468671
24.08,FSM Enemy 14,FSM,ChaseState,WallDisappear,1.00,36.1,0,0.52,0,,,153468671
24.08,FSM Enemy 8,FSM,ChaseState,WallDisappear,1.00,46.6,0,0.52,0,,,153468671
24.08,FSM Enemy 13,FSM,ChaseState,WallDisappear,1.00,74.8,0,0.52,0,,,153468671
24.08,FSM Enemy 15,FSM,ChaseState,WallDisappear,1.00,59.9,0,0.52,0,,,153468671
24.08,FSM Enemy 1,FSM,ChaseState,WallDisappear,1.00,88.9,0,0.52,0,,,153468671
24.08,FSM Enemy 9,FSM,ChaseState,WallDisappear,1.00,43.6,0,0.52,0,,,153468671
24.08,FSM Enemy 2,FSM,ChaseState,WallDisappear,1.00,57.5,0,0.52,0,,,153468671
24.08,FSM Enemy 11,FSM,ChaseState,WallDisappear,1.00,79.6,0,0.52,0,,,153468671
24.08,Utility Enemy 7,Utility,Dead,WallDisappear,0.00,24.5,0,0.52,8,0.575,0.347,153468671
24.08,Utility Enemy 1,Utility,ChaseAction,WallDisappear,1.00,73.9,0,0.52,0,0.850,0.300,153468671
24.08,Utility Enemy 15,Utility,ChaseAction,WallDisappear,1.00,66.9,0,0.52,0,0.850,0.300,153468671
24.08,Utility Enemy 14,Utility,ChaseAction,WallDisappear,1.00,21.2,0,0.52,0,0.850,0.300,153468671
24.08,Utility Enemy 4,Utility,ChaseAction,WallDisappear,1.00,77.4,0,0.52,0,0.850,0.300,153468671
24.08,Utility Enemy 12,Utility,Dead,WallDisappear,0.00,17.3,0,0.52,0,0.120,0.000,153468671
24.08,Utility Enemy 13,Utility,ChaseAction,WallDisappear,1.00,55.4,0,0.52,0,0.850,0.300,153468671
24.08,Utility Enemy 5,Utility,ChaseAction,WallDisappear,1.00,48.8,0,0.52,0,0.850,0.300,153468671
24.08,Utility Enemy 11,Utility,ChaseAction,WallDisappear,1.00,64.1,0,0.52,0,0.850,0.300,153468671
24.08,Utility Enemy 8,Utility,ChaseAction,WallDisappear,1.00,74.1,0,0.52,0,0.850,0.300,153468671
24.08,Utility Enemy 10,Utility,ChaseAction,WallDisappear,1.00,23.7,0,0.52,16,0.850,0.300,153468671
24.08,Utility Enemy 2,Utility,ChaseAction,WallDisappear,1.00,55.9,0,0.52,0,0.850,0.300,153468671
24.08,Utility Enemy 6,Utility,ChaseAction,WallDisappear,1.00,77.4,0,0.52,0,0.850,0.300,153468671
24.08,Utility Enemy 3,Utility,ChaseAction,WallDisappear,0.50,14.9,0,0.52,0,0.850,0.300,153468671
24.08,Utility Enemy 9,Utility,ChaseAction,WallDisappear,1.00,3.8,1,0.52,16,0.850,0.795,153468671
25.08,Player,Player,-,WallDisappear,0.52,,0,0.52,,,,153468671
25.08,FSM Enemy 7,FSM,ChaseState,WallDisappear,1.00,56.5,0,0.52,0,,,153468671
25.08,FSM Enemy 4,FSM,Dead,WallDisappear,0.00,5.3,0,0.52,8,,,153468671
25.08,FSM Enemy 6,FSM,PatrolState,WallDisappear,1.00,40.3,0,0.52,8,,,153468671
25.08,FSM Enemy 5,FSM,ChaseState,WallDisappear,1.00,63.2,0,0.52,0,,,153468671
25.08,FSM Enemy 12,FSM,Dead,WallDisappear,0.00,32.0,0,0.52,16,,,153468671
25.08,FSM Enemy 3,FSM,ChaseState,WallDisappear,1.00,59.1,0,0.52,0,,,153468671
25.08,FSM Enemy 10,FSM,ChaseState,WallDisappear,1.00,37.8,0,0.52,0,,,153468671
25.08,FSM Enemy 14,FSM,ChaseState,WallDisappear,1.00,36.0,0,0.52,0,,,153468671
25.08,FSM Enemy 8,FSM,ChaseState,WallDisappear,1.00,44.9,0,0.52,0,,,153468671
25.08,FSM Enemy 13,FSM,ChaseState,WallDisappear,1.00,70.8,0,0.52,0,,,153468671
25.08,FSM Enemy 15,FSM,ChaseState,WallDisappear,1.00,58.2,0,0.52,0,,,153468671
25.08,FSM Enemy 1,FSM,ChaseState,WallDisappear,1.00,85.3,0,0.52,0,,,153468671
25.08,FSM Enemy 9,FSM,ChaseState,WallDisappear,1.00,43.9,0,0.52,0,,,153468671
25.08,FSM Enemy 2,FSM,ChaseState,WallDisappear,1.00,54.7,0,0.52,0,,,153468671
25.08,FSM Enemy 11,FSM,ChaseState,WallDisappear,1.00,76.0,0,0.52,0,,,153468671
25.08,Utility Enemy 7,Utility,Dead,WallDisappear,0.00,24.5,0,0.52,8,0.575,0.347,153468671
25.08,Utility Enemy 1,Utility,ChaseAction,WallDisappear,1.00,70.0,0,0.52,0,0.850,0.300,153468671
25.08,Utility Enemy 15,Utility,ChaseAction,WallDisappear,1.00,63.8,0,0.52,0,0.850,0.300,153468671
25.08,Utility Enemy 14,Utility,ChaseAction,WallDisappear,1.00,25.9,0,0.52,0,0.850,0.300,153468671
25.08,Utility Enemy 4,Utility,ChaseAction,WallDisappear,1.00,73.3,0,0.52,0,0.850,0.300,153468671
25.08,Utility Enemy 12,Utility,Dead,WallDisappear,0.00,17.3,0,0.52,0,0.120,0.000,153468671
25.08,Utility Enemy 13,Utility,ChaseAction,WallDisappear,1.00,52.3,0,0.52,0,0.850,0.300,153468671
25.08,Utility Enemy 5,Utility,ChaseAction,WallDisappear,1.00,47.3,0,0.52,0,0.850,0.300,153468671
25.08,Utility Enemy 11,Utility,ChaseAction,WallDisappear,1.00,60.3,0,0.52,0,0.850,0.300,153468671
25.08,Utility Enemy 8,Utility,ChaseAction,WallDisappear,1.00,70.0,0,0.52,0,0.850,0.300,153468671
25.08,Utility Enemy 10,Utility,ChaseAction,WallDisappear,1.00,23.6,0,0.52,16,0.850,0.300,153468671
25.08,Utility Enemy 2,Utility,ChaseAction,WallDisappear,1.00,53.3,0,0.52,0,0.850,0.300,153468671
25.08,Utility Enemy 6,Utility,ChaseAction,WallDisappear,1.00,73.6,0,0.52,0,0.850,0.300,153468671
25.08,Utility Enemy 3,Utility,ChaseAction,WallDisappear,0.50,17.6,0,0.52,0,0.850,0.300,153468671
25.08,Utility Enemy 9,Utility,ChaseAction,WallDisappear,1.00,0.8,0,0.52,16,1.340,0.540,153468671
26.08,Player,Player,-,None,0.52,,0,0.52,,,,153468671
26.08,FSM Enemy 7,FSM,PatrolState,None,1.00,58.6,0,0.52,0,,,153468671
26.08,FSM Enemy 4,FSM,Dead,None,0.00,6.1,0,0.52,8,,,153468671
26.08,FSM Enemy 6,FSM,PatrolState,None,1.00,42.0,0,0.52,8,,,153468671
26.08,FSM Enemy 5,FSM,PatrolState,None,1.00,61.9,0,0.52,0,,,153468671
26.08,FSM Enemy 12,FSM,Dead,None,0.00,34.5,0,0.52,16,,,153468671
26.08,FSM Enemy 3,FSM,PatrolState,None,1.00,58.8,0,0.52,0,,,153468671
26.08,FSM Enemy 10,FSM,PatrolState,None,1.00,40.1,0,0.52,0,,,153468671
26.08,FSM Enemy 14,FSM,PatrolState,None,1.00,34.0,0,0.52,0,,,153468671
26.08,FSM Enemy 8,FSM,PatrolState,None,1.00,47.4,0,0.52,0,,,153468671
26.08,FSM Enemy 13,FSM,PatrolState,None,1.00,70.5,0,0.52,0,,,153468671
26.08,FSM Enemy 15,FSM,PatrolState,None,1.00,58.3,0,0.52,0,,,153468671
26.08,FSM Enemy 1,FSM,PatrolState,None,1.00,83.7,0,0.52,0,,,153468671
26.08,FSM Enemy 9,FSM,PatrolState,None,1.00,45.6,0,0.52,0,,,153468671
26.08,FSM Enemy 2,FSM,PatrolState,None,1.00,51.9,0,0.52,0,,,153468671
26.08,FSM Enemy 11,FSM,PatrolState,None,1.00,75.8,0,0.52,0,,,153468671
26.08,Utility Enemy 7,Utility,Dead,None,0.00,26.6,0,0.52,8,0.575,0.347,153468671
26.08,Utility Enemy 1,Utility,PatrolAction,None,1.00,67.5,0,0.52,0,0.120,0.000,153468671
26.08,Utility Enemy 15,Utility,PatrolAction,None,1.00,62.5,0,0.52,0,0.120,0.000,153468671
26.08,Utility Enemy 14,Utility,PatrolAction,None,1.00,31.5,0,0.52,0,0.120,0.000,153468671
26.08,Utility Enemy 4,Utility,PatrolAction,None,1.00,71.0,0,0.52,0,0.120,0.000,153468671
26.08,Utility Enemy 12,Utility,PatrolAction,None,1.00,42.3,0,0.52,0,0.120,0.000,153468671
26.08,Utility Enemy 13,Utility,PatrolAction,None,1.00,52.1,0,0.52,0,0.120,0.000,153468671
26.08,Utility Enemy 5,Utility,PatrolAction,None,1.00,46.9,0,0.52,0,0.120,0.000,153468671
26.08,Utility Enemy 11,Utility,PatrolAction,None,1.00,58.7,0,0.52,0,0.120,0.000,153468671
26.08,Utility Enemy 8,Utility,PatrolAction,None,1.00,68.1,0,0.52,0,0.120,0.000,153468671
26.08,Utility Enemy 10,Utility,PatrolAction,None,1.00,23.7,0,0.52,16,0.120,0.000,153468671
26.08,Utility Enemy 2,Utility,PatrolAction,None,1.00,51.9,0,0.52,0,0.120,0.000,153468671
26.08,Utility Enemy 6,Utility,PatrolAction,None,1.00,73.9,0,0.52,0,0.120,0.000,153468671
26.08,Utility Enemy 3,Utility,PatrolAction,None,0.50,20.7,0,0.52,0,0.120,0.000,153468671
26.08,Utility Enemy 9,Utility,ChaseAction,None,1.00,4.7,0,0.52,16,0.490,0.400,153468671
27.09,Player,Player,-,None,0.52,,0,0.52,,,,153468671
27.09,FSM Enemy 7,FSM,PatrolState,None,1.00,60.2,0,0.52,0,,,153468671
27.09,FSM Enemy 4,FSM,Dead,None,0.00,7.7,0,0.52,8,,,153468671
27.09,FSM Enemy 6,FSM,PatrolState,None,1.00,40.6,0,0.52,8,,,153468671
27.09,FSM Enemy 5,FSM,PatrolState,None,1.00,62.9,0,0.52,0,,,153468671
27.09,FSM Enemy 12,FSM,Dead,None,0.00,35.7,0,0.52,16,,,153468671
27.09,FSM Enemy 3,FSM,PatrolState,None,1.00,58.5,0,0.52,0,,,153468671
27.09,FSM Enemy 10,FSM,PatrolState,None,1.00,37.3,0,0.52,0,,,153468671
27.09,FSM Enemy 14,FSM,PatrolState,None,1.00,32.9,0,0.52,0,,,153468671
27.09,FSM Enemy 8,FSM,PatrolState,None,1.00,47.5,0,0.52,0,,,153468671
27.09,FSM Enemy 13,FSM,PatrolState,None,1.00,71.7,0,0.52,0,,,153468671
27.09,FSM Enemy 15,FSM,PatrolState,None,1.00,58.9,0,0.52,0,,,153468671
27.09,FSM Enemy 1,FSM,PatrolState,None,1.00,84.2,0,0.52,0,,,153468671
27.09,FSM Enemy 9,FSM,PatrolState,None,1.00,44.6,0,0.52,0,,,153468671
27.09,FSM Enemy 2,FSM,PatrolState,None,1.00,51.4,0,0.52,0,,,153468671
27.09,FSM Enemy 11,FSM,PatrolState,None,1.00,75.9,0,0.52,0,,,153468671
27.09,Utility Enemy 7,Utility,Dead,None,0.00,28.0,0,0.52,8,0.575,0.347,153468671
27.09,Utility Enemy 1,Utility,PatrolAction,None,1.00,61.2,0,0.52,0,0.120,0.000,153468671
27.09,Utility Enemy 15,Utility,PatrolAction,None,1.00,64.3,0,0.52,0,0.120,0.000,153468671
27.09,Utility Enemy 14,Utility,PatrolAction,None,1.00,32.8,0,0.52,0,0.120,0.000,153468671
27.09,Utility Enemy 4,Utility,PatrolAction,None,1.00,66.4,0,0.52,0,0.120,0.000,153468671
27.09,Utility Enemy 12,Utility,PatrolAction,None,1.00,39.9,0,0.52,0,0.120,0.000,153468671
27.09,Utility Enemy 13,Utility,PatrolAction,None,1.00,54.6,0,0.52,0,0.120,0.000,153468671
27.09,Utility Enemy 5,Utility,PatrolAction,None,1.00,49.5,0,0.52,0,0.120,0.000,153468671
27.09,Utility Enemy 11,Utility,PatrolAction,None,1.00,55.9,0,0.52,0,0.120,0.000,153468671
27.09,Utility Enemy 8,Utility,PatrolAction,None,1.00,68.5,0,0.52,0,0.120,0.000,153468671
27.09,Utility Enemy 10,Utility,PatrolAction,None,1.00,23.5,0,0.52,16,0.120,0.000,153468671
27.09,Utility Enemy 2,Utility,PatrolAction,None,1.00,53.8,0,0.52,0,0.120,0.000,153468671
27.09,Utility Enemy 6,Utility,PatrolAction,None,1.00,77.2,0,0.52,0,0.120,0.000,153468671
27.09,Utility Enemy 3,Utility,PatrolAction,None,0.50,20.2,0,0.52,0,0.120,0.000,153468671
27.09,Utility Enemy 9,Utility,Dead,None,0.00,4.5,0,0.52,16,0.490,0.400,153468671
28.10,Player,Player,-,None,0.52,,0,0.52,,,,153468671
28.10,FSM Enemy 7,FSM,PatrolState,None,1.00,59.6,0,0.52,0,,,153468671
28.10,FSM Enemy 4,FSM,Dead,None,0.00,11.0,0,0.52,8,,,153468671
28.10,FSM Enemy 6,FSM,PatrolState,None,1.00,38.2,0,0.52,8,,,153468671
28.10,FSM Enemy 5,FSM,PatrolState,None,1.00,61.5,0,0.52,0,,,153468671
28.10,FSM Enemy 12,FSM,PatrolState,None,1.00,50.8,0,0.52,16,,,153468671
28.10,FSM Enemy 3,FSM,PatrolState,None,1.00,56.1,0,0.52,0,,,153468671
28.10,FSM Enemy 10,FSM,PatrolState,None,1.00,32.3,0,0.52,0,,,153468671
28.10,FSM Enemy 14,FSM,PatrolState,None,1.00,30.7,0,0.52,0,,,153468671
28.10,FSM Enemy 8,FSM,PatrolState,None,1.00,42.8,0,0.52,0,,,153468671
28.10,FSM Enemy 13,FSM,PatrolState,None,1.00,71.0,0,0.52,0,,,153468671
28.10,FSM Enemy 15,FSM,PatrolState,None,1.00,57.3,0,0.52,0,,,153468671
28.10,FSM Enemy 1,FSM,PatrolState,None,1.00,82.4,0,0.52,0,,,153468671
28.10,FSM Enemy 9,FSM,PatrolState,None,1.00,41.6,0,0.52,0,,,153468671
28.10,FSM Enemy 2,FSM,PatrolState,None,1.00,50.1,0,0.52,0,,,153468671
28.10,FSM Enemy 11,FSM,PatrolState,None,1.00,74.0,0,0.52,0,,,153468671
28.10,Utility Enemy 7,Utility,Dead,None,0.00,30.0,0,0.52,8,0.575,0.347,153468671
28.10,Utility Enemy 1,Utility,PatrolAction,None,1.00,52.9,0,0.52,0,0.120,0.000,153468671
28.10,Utility Enemy 15,Utility,PatrolAction,None,1.00,64.2,0,0.52,0,0.120,0.000,153468671
28.10,Utility Enemy 14,Utility,PatrolAction,None,1.00,30.4,0,0.52,0,0.120,0.000,153468671
28.10,Utility Enemy 4,Utility,PatrolAction,None,1.00,60.5,0,0.52,0,0.120,0.000,153468671
28.10,Utility Enemy 12,Utility,PatrolAction,None,1.00,37.0,0,0.52,0,0.120,0.000,153468671
28.10,Utility Enemy 13,Utility,PatrolAction,None,1.00,55.3,0,0.52,0,0.120,0.000,153468671
28.10,Utility Enemy 5,Utility,PatrolAction,None,1.00,50.4,0,0.52,0,0.120,0.000,153468671
28.10,Utility Enemy 11,Utility,PatrolAction,None,1.00,55.6,0,0.52,0,0.120,0.000,153468671
28.10,Utility Enemy 8,Utility,PatrolAction,None,1.00,66.9,0,0.52,0,0.120,0.000,153468671
28.10,Utility Enemy 10,Utility,PatrolAction,None,1.00,25.8,0,0.52,16,0.120,0.000,153468671
28.10,Utility Enemy 2,Utility,PatrolAction,None,1.00,50.8,0,0.52,0,0.120,0.000,153468671
28.10,Utility Enemy 6,Utility,PatrolAction,None,1.00,78.6,0,0.52,0,0.120,0.000,153468671
28.10,Utility Enemy 3,Utility,PatrolAction,None,0.50,17.5,0,0.52,0,0.120,0.000,153468671
28.10,Utility Enemy 9,Utility,Dead,None,0.00,5.1,0,0.52,16,0.490,0.400,153468671
29.10,Player,Player,-,None,0.52,,0,0.52,,,,153468671
29.10,FSM Enemy 7,FSM,PatrolState,None,1.00,58.8,0,0.52,0,,,153468671
29.10,FSM Enemy 4,FSM,Dead,None,0.00,15.1,0,0.52,8,,,153468671
29.10,FSM Enemy 6,FSM,PatrolState,None,1.00,36.6,0,0.52,8,,,153468671
29.10,FSM Enemy 5,FSM,PatrolState,None,1.00,59.6,0,0.52,0,,,153468671
29.10,FSM Enemy 12,FSM,PatrolState,None,1.00,46.5,0,0.52,16,,,153468671
29.10,FSM Enemy 3,FSM,PatrolState,None,1.00,53.3,0,0.52,0,,,153468671
29.10,FSM Enemy 10,FSM,PatrolState,None,1.00,26.7,0,0.52,0,,,153468671
29.10,FSM Enemy 14,FSM,PatrolState,None,1.00,27.8,0,0.52,0,,,153468671
29.10,FSM Enemy 8,FSM,PatrolState,None,1.00,38.0,0,0.52,0,,,153468671
29.10,FSM Enemy 13,FSM,PatrolState,None,1.00,69.8,0,0.52,0,,,153468671
29.10,FSM Enemy 15,FSM,PatrolState,None,1.00,53.6,0,0.52,0,,,153468671
29.10,FSM Enemy 1,FSM,PatrolState,None,1.00,80.0,0,0.52,0,,,153468671
29.10,FSM Enemy 9,FSM,PatrolState,None,1.00,37.0,0,0.52,0,,,153468671
29.10,FSM Enemy 2,FSM,PatrolState,None,1.00,48.9,0,0.52,0,,,153468671
29.10,FSM Enemy 11,FSM,PatrolState,None,1.00,72.0,0,0.52,0,,,153468671
29.10,Utility Enemy 7,Utility,Dead,None,0.00,32.8,0,0.52,8,0.575,0.347,153468671
29.10,Utility Enemy 1,Utility,PatrolAction,None,1.00,44.9,0,0.52,0,0.120,0.000,153468671
29.10,Utility Enemy 15,Utility,PatrolAction,None,1.00,64.2,0,0.52,0,0.120,0.000,153468671
29.10,Utility Enemy 14,Utility,PatrolAction,None,1.00,23.5,0,0.52,0,0.120,0.000,153468671
29.10,Utility Enemy 4,Utility,PatrolAction,None,1.00,58.4,0,0.52,0,0.120,0.000,153468671
29.10,Utility Enemy 12,Utility,PatrolAction,None,1.00,36.0,0,0.52,0,0.120,0.000,153468671
29.10,Utility Enemy 13,Utility,PatrolAction,None,1.00,55.0,0,0.52,0,0.120,0.000,153468671
29.10,Utility Enemy 5,Utility,PatrolAction,None,1.00,50.7,0,0.52,0,0.120,0.000,153468671
29.10,Utility Enemy 11,Utility,PatrolAction,None,1.00,54.2,0,0.52,0,0.120,0.000,153468671
29.10,Utility Enemy 8,Utility,PatrolAction,None,1.00,60.5,0,0.52,0,0.120,0.000,153468671
29.10,Utility Enemy 10,Utility,PatrolAction,None,1.00,28.4,0,0.52,16,0.120,0.000,153468671
29.10,Utility Enemy 2,Utility,PatrolAction,None,1.00,43.4,0,0.52,0,0.120,0.000,153468671
29.10,Utility Enemy 6,Utility,PatrolAction,None,1.00,74.7,0,0.52,0,0.120,0.000,153468671
29.10,Utility Enemy 3,Utility,PatrolAction,None,0.25,14.5,1,0.52,0,0.120,0.000,153468671
29.10,Utility Enemy 9,Utility,Dead,None,0.00,8.2,0,0.52,16,0.490,0.400,153468671
30.10,Player,Player,-,None,0.52,,0,0.52,,,,153468671
30.10,FSM Enemy 7,FSM,PatrolState,None,1.00,58.8,0,0.52,0,,,153468671
30.10,FSM Enemy 4,FSM,Dead,None,0.00,21.4,0,0.52,8,,,153468671
30.10,FSM Enemy 6,FSM,PatrolState,None,1.00,38.6,0,0.52,8,,,153468671
30.10,FSM Enemy 5,FSM,PatrolState,None,1.00,57.1,0,0.52,0,,,153468671
30.10,FSM Enemy 12,FSM,PatrolState,None,1.00,44.5,0,0.52,16,,,153468671
30.10,FSM Enemy 3,FSM,PatrolState,None,1.00,48.3,0,0.52,0,,,153468671
30.10,FSM Enemy 10,FSM,PatrolState,None,1.00,19.6,0,0.52,0,,,153468671
30.10,FSM Enemy 14,FSM,PatrolState,None,1.00,23.9,0,0.52,0,,,153468671
30.10,FSM Enemy 8,FSM,PatrolState,None,1.00,32.6,0,0.52,0,,,153468671
30.10,FSM Enemy 13,FSM,PatrolState,None,1.00,69.0,0,0.52,0,,,153468671
30.10,FSM Enemy 15,FSM,PatrolState,None,1.00,49.4,0,0.52,0,,,153468671
30.10,FSM Enemy 1,FSM,PatrolState,None,1.00,76.2,0,0.52,0,,,153468671
30.10,FSM Enemy 9,FSM,PatrolState,None,1.00,31.0,0,0.52,0,,,153468671
30.10,FSM Enemy 2,FSM,PatrolState,None,1.00,45.7,0,0.52,0,,,153468671
30.10,FSM Enemy 11,FSM,PatrolState,None,1.00,71.4,0,0.52,0,,,153468671
30.10,Utility Enemy 7,Utility,PatrolAction,None,1.00,76.5,0,0.52,8,0.120,0.000,153468671
30.10,Utility Enemy 1,Utility,PatrolAction,None,1.00,36.1,0,0.52,0,0.120,0.000,153468671
30.10,Utility Enemy 15,Utility,PatrolAction,None,1.00,62.6,0,0.52,0,0.120,0.000,153468671
30.10,Utility Enemy 14,Utility,PatrolAction,None,1.00,14.7,0,0.52,0,0.120,0.000,153468671
30.10,Utility Enemy 4,Utility,PatrolAction,None,1.00,52.6,0,0.52,0,0.120,0.000,153468671
30.10,Utility Enemy 12,Utility,PatrolAction,None,1.00,27.6,0,0.52,0,0.120,0.000,153468671
30.10,Utility Enemy 13,Utility,PatrolAction,None,1.00,55.1,0,0.52,0,0.120,0.000,153468671
30.10,Utility Enemy 5,Utility,PatrolAction,None,1.00,44.5,0,0.52,0,0.120,0.000,153468671
30.10,Utility Enemy 11,Utility,PatrolAction,None,1.00,51.3,0,0.52,0,0.120,0.000,153468671
30.10,Utility Enemy 8,Utility,PatrolAction,None,1.00,51.5,0,0.52,0,0.120,0.000,153468671
30.10,Utility Enemy 10,Utility,PatrolAction,None,1.00,35.4,0,0.52,16,0.120,0.000,153468671
30.10,Utility Enemy 2,Utility,PatrolAction,None,1.00,34.1,0,0.52,0,0.120,0.000,153468671
30.10,Utility Enemy 6,Utility,PatrolAction,None,1.00,70.7,0,0.52,0,0.120,0.000,153468671
30.10,Utility Enemy 3,Utility,Dead,None,0.00,9.5,0,0.52,0,0.120,0.000,153468671
30.10,Utility Enemy 9,Utility,Dead,None,0.00,14.4,0,0.52,16,0.490,0.400,153468671
31.11,Player,Player,-,None,0.47,,0,0.47,,,,153468671
31.11,FSM Enemy 7,FSM,PatrolState,None,1.00,56.3,0,0.47,0,,,153468671
31.11,FSM Enemy 4,FSM,Dead,None,0.00,23.3,0,0.47,8,,,153468671
31.11,FSM Enemy 6,FSM,PatrolState,None,1.00,34.0,0,0.47,8,,,153468671
31.11,FSM Enemy 5,FSM,PatrolState,None,1.00,55.5,0,0.47,0,,,153468671
31.11,FSM Enemy 12,FSM,PatrolState,None,1.00,38.1,0,0.47,16,,,153468671
31.11,FSM Enemy 3,FSM,PatrolState,None,1.00,47.8,0,0.47,0,,,153468671
31.11,FSM Enemy 10,FSM,PatrolState,None,1.00,17.1,0,0.47,0,,,153468671
31.11,FSM Enemy 14,FSM,PatrolState,None,1.00,28.4,0,0.47,0,,,153468671
31.11,FSM Enemy 8,FSM,PatrolState,None,1.00,29.5,0,0.47,0,,,153468671
31.11,FSM Enemy 13,FSM,PatrolState,None,1.00,66.6,0,0.47,0,,,153468671
31.11,FSM Enemy 15,FSM,PatrolState,None,1.00,43.4,0,0.47,0,,,153468671
31.11,FSM Enemy 1,FSM,PatrolState,None,1.00,75.8,0,0.47,0,,,153468671
31.11,FSM Enemy 9,FSM,PatrolState,None,1.00,25.7,0,0.47,0,,,153468671
31.11,FSM Enemy 2,FSM,PatrolState,None,1.00,50.0,0,0.47,0,,,153468671
31.11,FSM Enemy 11,FSM,PatrolState,None,1.00,68.0,0,0.47,0,,,153468671
31.11,Utility Enemy 7,Utility,PatrolAction,None,1.00,67.1,0,0.47,8,0.120,0.000,153468671
31.11,Utility Enemy 1,Utility,PatrolAction,None,1.00,32.7,0,0.47,0,0.120,0.000,153468671
31.11,Utility Enemy 15,Utility,PatrolAction,None,1.00,61.3,0,0.47,0,0.120,0.000,153468671
31.11,Utility Enemy 14,Utility,AttackAction,None,1.00,11.0,1,0.47,8,0.373,0.136,153468671
31.11,Utility Enemy 4,Utility,PatrolAction,None,1.00,48.0,0,0.47,0,0.120,0.000,153468671
31.11,Utility Enemy 12,Utility,PatrolAction,None,1.00,32.6,0,0.47,0,0.120,0.000,153468671
31.11,Utility Enemy 13,Utility,PatrolAction,None,1.00,51.2,0,0.47,0,0.120,0.000,153468671
31.11,Utility Enemy 5,Utility,PatrolAction,None,1.00,40.7,0,0.47,0,0.120,0.000,153468671
31.11,Utility Enemy 11,Utility,PatrolAction,None,1.00,46.8,0,0.47,0,0.120,0.000,153468671
31.11,Utility Enemy 8,Utility,PatrolAction,None,1.00,44.7,0,0.47,0,0.120,0.000,153468671
31.11,Utility Enemy 10,Utility,PatrolAction,None,1.00,35.5,0,0.47,16,0.120,0.000,153468671
31.11,Utility Enemy 2,Utility,PatrolAction,None,1.00,32.6,0,0.47,0,0.120,0.000,153468671
31.11,Utility Enemy 6,Utility,PatrolAction,None,1.00,67.2,0,0.47,0,0.120,0.000,153468671
31.11,Utility Enemy 3,Utility,Dead,None,0.00,12.8,0,0.47,0,0.120,0.000,153468671
31.11,Utility Enemy 9,Utility,Dead,None,0.00,16.1,1,0.47,16,0.490,0.400,153468671
32.11,Player,Player,-,None,0.47,,0,0.47,,,,153468671
32.11,FSM Enemy 7,FSM,PatrolState,None,1.00,55.1,0,0.47,0,,,153468671
32.11,FSM Enemy 4,FSM,Dead,None,0.00,26.7,0,0.47,8,,,153468671
32.11,FSM Enemy 6,FSM,PatrolState,None,1.00,32.8,0,0.47,8,,,153468671
32.11,FSM Enemy 5,FSM,PatrolState,None,1.00,54.1,0,0.47,0,,,153468671
32.11,FSM Enemy 12,FSM,PatrolState,None,1.00,35.5,0,0.47,16,,,153468671
32.11,FSM Enemy 3,FSM,PatrolState,None,1.00,46.0,0,0.47,0,,,153468671
32.11,FSM Enemy 10,FSM,PatrolState,None,1.00,14.9,0,0.47,0,,,153468671
32.11,FSM Enemy 14,FSM,PatrolState,None,1.00,31.1,0,0.47,0,,,153468671
32.11,FSM Enemy 8,FSM,PatrolState,None,1.00,25.4,0,0.47,0,,,153468671
32.11,FSM Enemy 13,FSM,PatrolState,None,1.00,65.7,0,0.47,0,,,153468671
32.11,FSM Enemy 15,FSM,PatrolState,None,1.00,41.6,0,0.47,0,,,153468671
32.11,FSM Enemy 1,FSM,PatrolState,None,1.00,73.2,0,0.47,0,,,153468671
32.11,FSM Enemy 9,FSM,PatrolState,None,1.00,22.7,0,0.47,0,,,153468671
32.11,FSM Enemy 2,FSM,PatrolState,None,1.00,50.7,0,0.47,0,,,153468671
32.11,FSM Enemy 11,FSM,PatrolState,None,1.00,67.5,0,0.47,0,,,153468671
32.11,Utility Enemy 7,Utility,PatrolAction,None,1.00,59.8,0,0.47,8,0.120,0.000,153468671
32.11,Utility Enemy 1,Utility,PatrolAction,None,1.00,28.6,0,0.47,0,0.120,0.000,153468671
32.11,Utility Enemy 15,Utility,PatrolAction,None,1.00,58.8,0,0.47,0,0.120,0.000,153468671
32.11,Utility Enemy 14,Utility,AttackAction,None,0.25,8.9,1,0.47,8,0.472,0.310,153468671
32.11,Utility Enemy 4,Utility,PatrolAction,None,1.00,47.1,0,0.47,0,0.120,0.000,153468671
32.11,Utility Enemy 12,Utility,PatrolAction,None,1.00,37.2,0,0.47,0,0.120,0.000,153468671
32.11,Utility Enemy 13,Utility,PatrolAction,None,1.00,48.7,0,0.47,0,0.120,0.000,153468671
32.11,Utility Enemy 5,Utility,PatrolAction,None,1.00,34.3,0,0.47,0,0.120,0.000,153468671
32.11,Utility Enemy 11,Utility,PatrolAction,None,1.00,47.7,0,0.47,0,0.120,0.000,153468671
32.11,Utility Enemy 8,Utility,PatrolAction,None,1.00,39.6,0,0.47,0,0.120,0.000,153468671
32.11,Utility Enemy 10,Utility,PatrolAction,None,1.00,35.9,0,0.47,16,0.120,0.000,153468671
32.11,Utility Enemy 2,Utility,PatrolAction,None,1.00,32.2,0,0.47,0,0.120,0.000,153468671
32.11,Utility Enemy 6,Utility,PatrolAction,None,1.00,66.0,0,0.47,0,0.120,0.000,153468671
32.11,Utility Enemy 3,Utility,Dead,None,0.00,13.8,0,0.47,0,0.120,0.000,153468671
32.11,Utility Enemy 9,Utility,Dead,None,0.00,19.6,1,0.47,16,0.490,0.400,153468671
33.12,Player,Player,-,None,0.47,,0,0.47,,,,153468671
33.12,FSM Enemy 7,FSM,PatrolState,None,1.00,57.3,0,0.47,0,,,153468671
33.12,FSM Enemy 4,FSM,Dead,None,0.00,30.1,0,0.47,8,,,153468671
33.12,FSM Enemy 6,FSM,PatrolState,None,1.00,36.7,0,0.47,8,,,153468671
33.12,FSM Enemy 5,FSM,PatrolState,None,1.00,55.4,0,0.47,0,,,153468671
33.12,FSM Enemy 12,FSM,PatrolState,None,1.00,38.9,0,0.47,16,,,153468671
33.12,FSM Enemy 3,FSM,PatrolState,None,1.00,43.1,0,0.47,0,,,153468671
33.12,FSM Enemy 10,FSM,PatrolState,None,0.25,10.7,0,0.47,0,,,153468671
33.12,FSM Enemy 14,FSM,PatrolState,None,1.00,29.3,0,0.47,0,,,153468671
33.12,FSM Enemy 8,FSM,PatrolState,None,1.00,21.4,0,0.47,0,,,153468671
33.12,FSM Enemy 13,FSM,PatrolState,None,1.00,68.1,0,0.47,0,,,153468671
33.12,FSM Enemy 15,FSM,PatrolState,None,1.00,46.4,0,0.47,0,,,153468671
33.12,FSM Enemy 1,FSM,PatrolState,None,1.00,68.3,0,0.47,0,,,153468671
33.12,FSM Enemy 9,FSM,PatrolState,None,1.00,23.2,0,0.47,0,,,153468671
33.12,FSM Enemy 2,FSM,PatrolState,None,1.00,46.0,0,0.47,0,,,153468671
33.12,FSM Enemy 11,FSM,PatrolState,None,1.00,72.8,0,0.47,0,,,153468671
33.12,Utility Enemy 7,Utility,PatrolAction,None,1.00,63.6,0,0.47,8,0.120,0.000,153468671
33.12,Utility Enemy 1,Utility,PatrolAction,None,1.00,31.0,0,0.47,0,0.120,0.000,153468671
33.12,Utility Enemy 15,Utility,PatrolAction,None,1.00,58.8,0,0.47,0,0.120,0.000,153468671
33.12,Utility Enemy 14,Utility,Dead,None,0.00,3.7,1,0.47,8,0.510,0.486,153468671
33.12,Utility Enemy 4,Utility,PatrolAction,None,1.00,48.3,0,0.47,0,0.120,0.000,153468671
33.12,Utility Enemy 12,Utility,PatrolAction,None,1.00,36.1,0,0.47,0,0.120,0.000,153468671
33.12,Utility Enemy 13,Utility,PatrolAction,None,1.00,52.8,0,0.47,0,0.120,0.000,153468671
33.12,Utility Enemy 5,Utility,PatrolAction,None,1.00,29.7,0,0.47,0,0.120,0.000,153468671
33.12,Utility Enemy 11,Utility,PatrolAction,None,1.00,51.5,0,0.47,0,0.120,0.000,153468671
33.12,Utility Enemy 8,Utility,PatrolAction,None,1.00,36.9,0,0.47,0,0.120,0.000,153468671
33.12,Utility Enemy 10,Utility,PatrolAction,None,1.00,35.5,0,0.47,16,0.120,0.000,153468671
33.12,Utility Enemy 2,Utility,PatrolAction,None,1.00,29.2,0,0.47,0,0.120,0.000,153468671
33.12,Utility Enemy 6,Utility,PatrolAction,None,1.00,64.1,0,0.47,0,0.120,0.000,153468671
33.12,Utility Enemy 3,Utility,Dead,None,0.00,10.5,0,0.47,0,0.120,0.000,153468671
33.12,Utility Enemy 9,Utility,Dead,None,0.00,23.0,0,0.47,16,0.490,0.400,153468671
34.12,Player,Player,-,None,0.47,,0,0.47,,,,153468671
34.12,FSM Enemy 7,FSM,PatrolState,None,1.00,60.7,0,0.47,0,,,153468671
34.12,FSM Enemy 4,FSM,Dead,None,0.00,34.5,0,0.47,8,,,153468671
34.12,FSM Enemy 6,FSM,PatrolState,None,1.00,41.6,0,0.47,8,,,153468671
34.12,FSM Enemy 5,FSM,PatrolState,None,1.00,57.2,0,0.47,0,,,153468671
34.12,FSM Enemy 12,FSM,PatrolState,None,1.00,43.6,0,0.47,16,,,153468671
34.12,FSM Enemy 3,FSM,PatrolState,None,1.00,40.6,0,0.47,0,,,153468671
34.12,FSM Enemy 10,FSM,Dead,None,0.00,5.0,0,0.47,0,,,153468671
34.12,FSM Enemy 14,FSM,PatrolState,None,1.00,27.5,0,0.47,0,,,153468671
34.12,FSM Enemy 8,FSM,PatrolState,None,1.00,22.5,0,0.47,0,,,153468671
34.12,FSM Enemy 13,FSM,PatrolState,None,1.00,71.8,0,0.47,0,,,153468671
34.12,FSM Enemy 15,FSM,PatrolState,None,1.00,52.2,0,0.47,0,,,153468671
34.12,FSM Enemy 1,FSM,PatrolState,None,1.00,63.9,0,0.47,0,,,153468671
34.12,FSM Enemy 9,FSM,PatrolState,None,1.00,24.7,0,0.47,0,,,153468671
34.12,FSM Enemy 2,FSM,PatrolState,None,1.00,39.3,0,0.47,0,,,153468671
34.12,FSM Enemy 11,FSM,PatrolState,None,1.00,78.9,0,0.47,0,,,153468671
34.12,Utility Enemy 7,Utility,PatrolAction,None,1.00,70.6,0,0.47,8,0.120,0.000,153468671
34.12,Utility Enemy 1,Utility,PatrolAction,None,1.00,33.9,0,0.47,0,0.120,0.000,153468671
34.12,Utility Enemy 15,Utility,PatrolAction,None,1.00,60.0,0,0.47,0,0.120,0.000,153468671
34.12,Utility Enemy 14,Utility,Dead,None,0.00,3.1,0,0.47,8,0.510,0.486,153468671
34.12,Utility Enemy 4,Utility,PatrolAction,None,1.00,46.9,0,0.47,0,0.120,0.000,153468671
34.12,Utility Enemy 12,Utility,PatrolAction,None,1.00,32.9,0,0.47,0,0.120,0.000,153468671
34.12,Utility Enemy 13,Utility,PatrolAction,None,1.00,59.1,0,0.47,0,0.120,0.000,153468671
34.12,Utility Enemy 5,Utility,PatrolAction,None,1.00,27.6,0,0.47,0,0.120,0.000,153468671
34.12,Utility Enemy 11,Utility,PatrolAction,None,1.00,49.4,0,0.47,0,0.120,0.000,153468671
34.12,Utility Enemy 8,Utility,PatrolAction,None,1.00,33.8,0,0.47,0,0.120,0.000,153468671
34.12,Utility Enemy 10,Utility,PatrolAction,None,1.00,36.0,0,0.47,16,0.120,0.000,153468671
34.12,Utility Enemy 2,Utility,PatrolAction,None,1.00,25.2,0,0.47,0,0.120,0.000,153468671
34.12,Utility Enemy 6,Utility,PatrolAction,None,1.00,62.8,0,0.47,0,0.120,0.000,153468671
34.12,Utility Enemy 3,Utility,Dead,None,0.00,9.2,0,0.47,0,0.120,0.000,153468671
34.12,Utility Enemy 9,Utility,Dead,None,0.00,27.6,0,0.47,16,0.490,0.400,153468671
35.13,Player,Player,-,None,0.47,,0,0.47,,,,153468671
35.13,FSM Enemy 7,FSM,PatrolState,None,1.00,59.9,0,0.47,0,,,153468671
35.13,FSM Enemy 4,FSM,Dead,None,0.00,39.7,0,0.47,8,,,153468671
35.13,FSM Enemy 6,FSM,PatrolState,None,1.00,43.4,0,0.47,8,,,153468671
35.13,FSM Enemy 5,FSM,PatrolState,None,1.00,54.2,0,0.47,0,,,153468671
35.13,FSM Enemy 12,FSM,PatrolState,None,1.00,44.5,0,0.47,16,,,153468671
35.13,FSM Enemy 3,FSM,PatrolState,None,1.00,38.3,0,0.47,0,,,153468671
35.13,FSM Enemy 10,FSM,Dead,None,0.00,3.2,0,0.47,0,,,153468671
35.13,FSM Enemy 14,FSM,PatrolState,None,1.00,32.9,0,0.47,0,,,153468671
35.13,FSM Enemy 8,FSM,PatrolState,None,0.75,19.8,0,0.47,0,,,153468671
35.13,FSM Enemy 13,FSM,PatrolState,None,1.00,69.8,0,0.47,0,,,153468671
35.13,FSM Enemy 15,FSM,PatrolState,None,1.00,51.9,0,0.47,0,,,153468671
35.13,FSM Enemy 1,FSM,PatrolState,None,1.00,56.7,0,0.47,0,,,153468671
35.13,FSM Enemy 9,FSM,PatrolState,None,1.00,20.2,0,0.47,0,,,153468671
35.13,FSM Enemy 2,FSM,PatrolState,None,1.00,37.2,0,0.47,0,,,153468671
35.13,FSM Enemy 11,FSM,PatrolState,None,1.00,78.9,0,0.47,0,,,153468671
35.13,Utility Enemy 7,Utility,PatrolAction,None,1.00,71.5,0,0.47,8,0.120,0.000,153468671
35.13,Utility Enemy 1,Utility,PatrolAction,None,1.00,31.8,0,0.47,0,0.120,0.000,153468671
35.13,Utility Enemy 15,Utility,PatrolAction,None,1.00,53.9,0,0.47,0,0.120,0.000,153468671
35.13,Utility Enemy 14,Utility,Dead,None,0.00,6.2,0,0.47,8,0.510,0.486,153468671
35.13,Utility Enemy 4,Utility,PatrolAction,None,1.00,40.1,0,0.47,0,0.120,0.000,153468671
35.13,Utility Enemy 12,Utility,PatrolAction,None,1.00,33.7,0,0.47,0,0.120,0.000,153468671
35.13,Utility Enemy 13,Utility,PatrolAction,None,1.00,59.0,0,0.47,0,0.120,0.000,153468671
35.13,Utility Enemy 5,Utility,PatrolAction,None,1.00,26.3,0,0.47,0,0.120,0.000,153468671
35.13,Utility Enemy 11,Utility,PatrolAction,None,1.00,41.5,0,0.47,0,0.120,0.000,153468671
35.13,Utility Enemy 8,Utility,PatrolAction,None,1.00,27.4,0,0.47,0,0.120,0.000,153468671
35.13,Utility Enemy 10,Utility,PatrolAction,None,1.00,36.3,0,0.47,16,0.120,0.000,153468671
35.13,Utility Enemy 2,Utility,PatrolAction,None,1.00,20.5,0,0.47,0,0.120,0.000,153468671
35.13,Utility Enemy 6,Utility,PatrolAction,None,1.00,58.0,0,0.47,0,0.120,0.000,153468671
35.13,Utility Enemy 3,Utility,Dead,None,0.00,14.7,0,0.47,0,0.120,0.000,153468671
35.13,Utility Enemy 9,Utility,Dead,None,0.00,32.6,0,0.47,16,0.490,0.400,153468671
36.14,Player,Player,-,None,0.47,,0,0.47,,,,153468671
36.14,FSM Enemy 7,FSM,PatrolState,None,1.00,56.1,0,0.47,0,,,153468671
36.14,FSM Enemy 4,FSM,PatrolState,None,1.00,15.1,1,0.47,8,,,153468671
36.14,FSM Enemy 6,FSM,PatrolState,None,1.00,42.6,0,0.47,8,,,153468671
36.14,FSM Enemy 5,FSM,PatrolState,None,1.00,50.6,0,0.47,0,,,153468671
36.14,FSM Enemy 12,FSM,PatrolState,None,1.00,42.5,0,0.47,16,,,153468671
36.14,FSM Enemy 3,FSM,PatrolState,None,1.00,39.9,0,0.47,0,,,153468671
36.14,FSM Enemy 10,FSM,Dead,None,0.00,9.2,0,0.47,0,,,153468671
36.14,FSM Enemy 14,FSM,PatrolState,None,1.00,41.4,0,0.47,0,,,153468671
36.14,FSM Enemy 8,FSM,Dead,None,0.00,15.4,0,0.47,0,,,153468671
36.14,FSM Enemy 13,FSM,PatrolState,None,1.00,64.9,0,0.47,0,,,153468671
36.14,FSM Enemy 15,FSM,PatrolState,None,1.00,48.5,0,0.47,0,,,153468671
36.14,FSM Enemy 1,FSM,PatrolState,None,1.00,52.0,0,0.47,0,,,153468671
36.14,FSM Enemy 9,FSM,AttackState,None,1.00,13.8,1,0.47,0,,,153468671
36.14,FSM Enemy 2,FSM,PatrolState,None,1.00,40.0,0,0.47,0,,,153468671
36.14,FSM Enemy 11,FSM,PatrolState,None,1.00,75.3,0,0.47,0,,,153468671
36.14,Utility Enemy 7,Utility,PatrolAction,None,1.00,69.8,0,0.47,8,0.120,0.000,153468671
36.14,Utility Enemy 1,Utility,PatrolAction,None,1.00,27.9,0,0.47,0,0.120,0.000,153468671
36.14,Utility Enemy 15,Utility,PatrolAction,None,1.00,48.1,0,0.47,0,0.120,0.000,153468671
36.14,Utility Enemy 14,Utility,Dead,None,0.00,10.0,0,0.47,8,0.510,0.486,153468671
36.14,Utility Enemy 4,Utility,PatrolAction,None,1.00,32.9,0,0.47,0,0.120,0.000,153468671
36.14,Utility Enemy 12,Utility,PatrolAction,None,1.00,42.4,0,0.47,0,0.120,0.000,153468671
36.14,Utility Enemy 13,Utility,PatrolAction,None,1.00,53.5,0,0.47,0,0.120,0.000,153468671
36.14,Utility Enemy 5,Utility,PatrolAction,None,1.00,28.3,0,0.47,0,0.120,0.000,153468671
36.14,Utility Enemy 11,Utility,PatrolAction,None,1.00,32.0,0,0.47,0,0.120,0.000,153468671
36.14,Utility Enemy 8,Utility,Dead,None,0.00,21.1,0,0.47,0,0.120,0.000,153468671
36.14,Utility Enemy 10,Utility,PatrolAction,None,1.00,34.2,0,0.47,16,0.120,0.000,153468671
36.14,Utility Enemy 2,Utility,PatrolAction,None,1.00,17.1,0,0.47,0,0.120,0.000,153468671
36.14,Utility Enemy 6,Utility,PatrolAction,None,1.00,52.6,0,0.47,0,0.120,0.000,153468671
36.14,Utility Enemy 3,Utility,Dead,None,0.00,20.2,0,0.47,0,0.120,0.000,153468671
36.14,Utility Enemy 9,Utility,Dead,None,0.00,35.5,0,0.47,16,0.490,0.400,153468671
37.14,Player,Player,-,None,0.36,,0,0.36,,,,153468671
37.14,FSM Enemy 7,FSM,PatrolState,None,1.00,52.0,0,0.36,0,,,153468671
37.14,FSM Enemy 4,FSM,AttackState,None,1.00,12.8,1,0.36,16,,,153468671
37.14,FSM Enemy 6,FSM,PatrolState,None,1.00,41.5,0,0.36,8,,,153468671
37.14,FSM Enemy 5,FSM,PatrolState,None,1.00,50.1,0,0.36,0,,,153468671
37.14,FSM Enemy 12,FSM,PatrolState,None,1.00,38.9,0,0.36,16,,,153468671
37.14,FSM Enemy 3,FSM,PatrolState,None,1.00,45.6,0,0.36,0,,,153468671
37.14,FSM Enemy 10,FSM,Dead,None,0.00,14.7,0,0.36,0,,,153468671
37.14,FSM Enemy 14,FSM,PatrolState,None,1.00,47.7,0,0.36,0,,,153468671
37.14,FSM Enemy 8,FSM,Dead,None,0.00,12.9,0,0.36,0,,,153468671
37.14,FSM Enemy 13,FSM,PatrolState,None,1.00,58.1,0,0.36,0,,,153468671
37.14,FSM Enemy 15,FSM,PatrolState,None,1.00,45.0,0,0.36,0,,,153468671
37.14,FSM Enemy 1,FSM,PatrolState,None,1.00,53.9,0,0.36,0,,,153468671
37.14,FSM Enemy 9,FSM,AttackState,None,0.50,7.9,1,0.36,8,,,153468671
37.14,FSM Enemy 2,FSM,PatrolState,None,1.00,43.9,0,0.36,0,,,153468671
37.14,FSM Enemy 11,FSM,PatrolState,None,1.00,70.9,0,0.36,0,,,153468671
37.14,Utility Enemy 7,Utility,PatrolAction,None,1.00,68.4,0,0.36,8,0.120,0.000,153468671
37.14,Utility Enemy 1,Utility,PatrolAction,None,1.00,27.1,0,0.36,0,0.120,0.000,153468671
37.14,Utility Enemy 15,Utility,PatrolAction,None,1.00,47.2,0,0.36,0,0.120,0.000,153468671
37.14,Utility Enemy 14,Utility,Dead,None,0.00,13.1,0,0.36,8,0.510,0.486,153468671
37.14,Utility Enemy 4,Utility,PatrolAction,None,1.00,33.1,0,0.36,0,0.120,0.000,153468671
37.14,Utility Enemy 12,Utility,PatrolAction,None,1.00,46.0,0,0.36,0,0.120,0.000,153468671
37.14,Utility Enemy 13,Utility,PatrolAction,None,1.00,49.1,0,0.36,0,0.120,0.000,153468671
37.14,Utility Enemy 5,Utility,PatrolAction,None,1.00,35.3,0,0.36,0,0.120,0.000,153468671
37.14,Utility Enemy 11,Utility,PatrolAction,None,1.00,24.1,0,0.36,0,0.120,0.000,153468671
37.14,Utility Enemy 8,Utility,Dead,None,0.00,17.6,0,0.36,0,0.120,0.000,153468671
37.14,Utility Enemy 10,Utility,PatrolAction,None,1.00,33.6,0,0.36,16,0.120,0.000,153468671
37.14,Utility Enemy 2,Utility,PatrolAction,None,1.00,22.3,0,0.36,0,0.120,0.000,153468671
37.14,Utility Enemy 6,Utility,PatrolAction,None,1.00,49.1,0,0.36,0,0.120,0.000,153468671
37.14,Utility Enemy 3,Utility,Dead,None,0.00,23.9,0,0.36,0,0.120,0.000,153468671
37.14,Utility Enemy 9,Utility,Dead,None,0.00,35.6,0,0.36,16,0.490,0.400,153468671
38.14,Player,Player,-,None,0.31,,0,0.31,,,,153468671
38.14,FSM Enemy 7,FSM,PatrolState,None,1.00,48.3,0,0.31,0,,,153468671
38.14,FSM Enemy 4,FSM,ChaseState,None,1.00,14.7,0,0.31,16,,,153468671
38.14,FSM Enemy 6,FSM,PatrolState,None,1.00,40.7,0,0.31,8,,,153468671
38.14,FSM Enemy 5,FSM,PatrolState,None,1.00,50.8,0,0.31,0,,,153468671
38.14,FSM Enemy 12,FSM,PatrolState,None,1.00,35.3,0,0.31,16,,,153468671
38.14,FSM Enemy 3,FSM,PatrolState,None,1.00,51.3,0,0.31,0,,,153468671
38.14,FSM Enemy 10,FSM,Dead,None,0.00,20.2,0,0.31,0,,,153468671
38.14,FSM Enemy 14,FSM,PatrolState,None,1.00,51.5,0,0.31,0,,,153468671
38.14,FSM Enemy 8,FSM,Dead,None,0.00,14.2,0,0.31,0,,,153468671
38.14,FSM Enemy 13,FSM,PatrolState,None,1.00,52.4,0,0.31,0,,,153468671
38.14,FSM Enemy 15,FSM,PatrolState,None,1.00,41.4,0,0.31,0,,,153468671
38.14,FSM Enemy 1,FSM,PatrolState,None,1.00,58.1,0,0.31,0,,,153468671
38.14,FSM Enemy 9,FSM,TakeCoverState,None,0.25,2.3,1,0.31,16,,,153468671
38.14,FSM Enemy 2,FSM,PatrolState,None,1.00,49.6,0,0.31,0,,,153468671
38.14,FSM Enemy 11,FSM,PatrolState,None,1.00,63.6,0,0.31,0,,,153468671
38.14,Utility Enemy 7,Utility,PatrolAction,None,1.00,62.5,0,0.31,8,0.120,0.000,153468671
38.14,Utility Enemy 1,Utility,PatrolAction,None,1.00,23.2,0,0.31,0,0.120,0.000,153468671
38.14,Utility Enemy 15,Utility,PatrolAction,None,1.00,49.3,0,0.31,0,0.120,0.000,153468671
38.14,Utility Enemy 14,Utility,Dead,None,0.00,17.0,0,0.31,8,0.510,0.486,153468671
38.14,Utility Enemy 4,Utility,PatrolAction,None,1.00,39.9,0,0.31,0,0.120,0.000,153468671
38.14,Utility Enemy 12,Utility,PatrolAction,None,1.00,47.5,0,0.31,0,0.120,0.000,153468671
38.14,Utility Enemy 13,Utility,PatrolAction,None,1.00,42.0,0,0.31,0,0.120,0.000,153468671
38.14,Utility Enemy 5,Utility,PatrolAction,None,1.00,40.6,0,0.31,0,0.120,0.000,153468671
38.14,Utility Enemy 11,Utility,PatrolAction,None,1.00,21.1,0,0.31,0,0.120,0.000,153468671
38.14,Utility Enemy 8,Utility,Dead,None,0.00,16.9,0,0.31,0,0.120,0.000,153468671
38.14,Utility Enemy 10,Utility,PatrolAction,None,1.00,31.7,0,0.31,16,0.120,0.000,153468671
38.14,Utility Enemy 2,Utility,PatrolAction,None,1.00,31.9,0,0.31,0,0.120,0.000,153468671
38.14,Utility Enemy 6,Utility,PatrolAction,None,1.00,42.1,0,0.31,0,0.120,0.000,153468671
38.14,Utility Enemy 3,Utility,Dead,None,0.00,27.5,0,0.31,0,0.120,0.000,153468671
38.14,Utility Enemy 9,Utility,Dead,None,0.00,35.4,0,0.31,16,0.490,0.400,153468671
39.14,Player,Player,-,None,0.31,,0,0.31,,,,153468671
39.14,FSM Enemy 7,FSM,PatrolState,None,1.00,46.2,0,0.31,0,,,153468671
39.14,FSM Enemy 4,FSM,ChaseState,None,1.00,12.4,0,0.31,16,,,153468671
39.14,FSM Enemy 6,FSM,PatrolState,None,1.00,43.0,0,0.31,8,,,153468671
39.14,FSM Enemy 5,FSM,PatrolState,None,1.00,47.8,0,0.31,0,,,153468671
39.14,FSM Enemy 12,FSM,PatrolState,None,1.00,35.6,0,0.31,16,,,153468671
39.14,FSM Enemy 3,FSM,PatrolState,None,1.00,52.3,0,0.31,0,,,153468671
39.14,FSM Enemy 10,FSM,Dead,None,0.00,24.7,0,0.31,0,,,153468671
39.14,FSM Enemy 14,FSM,PatrolState,None,1.00,54.8,0,0.31,0,,,153468671
39.14,FSM Enemy 8,FSM,Dead,None,0.00,15.0,0,0.31,0,,,153468671
39.14,FSM Enemy 13,FSM,PatrolState,None,1.00,47.3,0,0.31,0,,,153468671
39.14,FSM Enemy 15,FSM,PatrolState,None,1.00,35.3,0,0.31,0,,,153468671
39.14,FSM Enemy 1,FSM,PatrolState,None,1.00,60.5,0,0.31,0,,,153468671
39.14,FSM Enemy 9,FSM,Dead,None,0.00,2.5,0,0.31,16,,,153468671
39.14,FSM Enemy 2,FSM,PatrolState,None,1.00,55.9,0,0.31,0,,,153468671
39.14,FSM Enemy 11,FSM,PatrolState,None,1.00,56.7,0,0.31,0,,,153468671
39.14,Utility Enemy 7,Utility,PatrolAction,None,1.00,54.2,0,0.31,8,0.120,0.000,153468671
39.14,Utility Enemy 1,Utility,PatrolAction,None,1.00,20.2,0,0.31,0,0.120,0.000,153468671
39.14,Utility Enemy 15,Utility,PatrolAction,None,1.00,50.7,0,0.31,0,0.120,0.000,153468671
39.14,Utility Enemy 14,Utility,Dead,None,0.00,21.4,0,0.31,8,0.510,0.486,153468671
39.14,Utility Enemy 4,Utility,PatrolAction,None,1.00,43.9,0,0.31,0,0.120,0.000,153468671
39.14,Utility Enemy 12,Utility,PatrolAction,None,1.00,48.4,0,0.31,0,0.120,0.000,153468671
39.14,Utility Enemy 13,Utility,PatrolAction,None,1.00,34.0,0,0.31,0,0.120,0.000,153468671
39.14,Utility Enemy 5,Utility,PatrolAction,None,1.00,45.0,0,0.31,0,0.120,0.000,153468671
39.14,Utility Enemy 11,Utility,PatrolAction,None,1.00,20.4,0,0.31,0,0.120,0.000,153468671
39.14,Utility Enemy 8,Utility,Dead,None,0.00,15.9,1,0.31,0,0.120,0.000,153468671
39.14,Utility Enemy 10,Utility,PatrolAction,None,1.00,35.8,0,0.31,16,0.120,0.000,153468671
39.14,Utility Enemy 2,Utility,PatrolAction,None,1.00,37.5,0,0.31,0,0.120,0.000,153468671
39.14,Utility Enemy 6,Utility,PatrolAction,None,1.00,39.8,0,0.31,0,0.120,0.000,153468671
39.14,Utility Enemy 3,Utility,Dead,None,0.00,31.7,0,0.31,0,0.120,0.000,153468671
39.14,Utility Enemy 9,Utility,Dead,None,0.00,37.7,0,0.31,16,0.490,0.400,153468671
40.14,Player,Player,-,None,0.31,,0,0.31,,,,153468671
40.14,FSM Enemy 7,FSM,PatrolState,None,1.00,47.0,0,0.31,0,,,153468671
40.14,FSM Enemy 4,FSM,ChaseState,None,1.00,13.9,0,0.31,16,,,153468671
40.14,FSM Enemy 6,FSM,PatrolState,None,1.00,40.0,0,0.31,8,,,153468671
40.14,FSM Enemy 5,FSM,PatrolState,None,1.00,51.0,0,0.31,0,,,153468671
40.14,FSM Enemy 12,FSM,PatrolState,None,1.00,31.3,0,0.31,16,,,153468671
40.14,FSM Enemy 3,FSM,PatrolState,None,1.00,56.0,0,0.31,0,,,153468671
40.14,FSM Enemy 10,FSM,Dead,None,0.00,26.7,0,0.31,0,,,153468671
40.14,FSM Enemy 14,FSM,PatrolState,None,1.00,53.9,0,0.31,0,,,153468671
40.14,FSM Enemy 8,FSM,Dead,None,0.00,20.6,0,0.31,0,,,153468671
40.14,FSM Enemy 13,FSM,PatrolState,None,1.00,48.6,0,0.31,0,,,153468671
40.14,FSM Enemy 15,FSM,PatrolState,None,1.00,32.8,0,0.31,0,,,153468671
40.14,FSM Enemy 1,FSM,PatrolState,None,1.00,68.5,0,0.31,0,,,153468671
40.14,FSM Enemy 9,FSM,Dead,None,0.00,7.3,0,0.31,16,,,153468671
40.14,FSM Enemy 2,FSM,PatrolState,None,1.00,60.6,0,0.31,0,,,153468671
40.14,FSM Enemy 11,FSM,PatrolState,None,1.00,53.7,0,0.31,0,,,153468671
40.14,Utility Enemy 7,Utility,PatrolAction,None,1.00,56.3,0,0.31,8,0.120,0.000,153468671
40.14,Utility Enemy 1,Utility,PatrolAction,None,1.00,26.7,0,0.31,0,0.120,0.000,153468671
40.14,Utility Enemy 15,Utility,PatrolAction,None,1.00,52.4,0,0.31,0,0.120,0.000,153468671
40.14,Utility Enemy 14,Utility,Dead,None,0.00,22.1,0,0.31,8,0.510,0.486,153468671
40.14,Utility Enemy 4,Utility,PatrolAction,None,1.00,49.0,0,0.31,0,0.120,0.000,153468671
40.14,Utility Enemy 12,Utility,PatrolAction,None,1.00,54.0,0,0.31,0,0.120,0.000,153468671
40.14,Utility Enemy 13,Utility,PatrolAction,None,1.00,37.1,0,0.31,0,0.120,0.000,153468671
40.14,Utility Enemy 5,Utility,PatrolAction,None,1.00,49.9,0,0.31,0,0.120,0.000,153468671
40.14,Utility Enemy 11,Utility,PatrolAction,None,1.00,25.4,0,0.31,0,0.120,0.000,153468671
40.14,Utility Enemy 8,Utility,Dead,None,0.00,21.4,0,0.31,0,0.120,0.000,153468671
40.14,Utility Enemy 10,Utility,PatrolAction,None,1.00,36.6,0,0.31,16,0.120,0.000,153468671
40.14,Utility Enemy 2,Utility,PatrolAction,None,1.00,43.8,0,0.31,0,0.120,0.000,153468671
40.14,Utility Enemy 6,Utility,PatrolAction,None,1.00,42.5,0,0.31,0,0.120,0.000,153468671
40.14,Utility Enemy 3,Utility,Dead,None,0.00,31.5,0,0.31,0,0.120,0.000,153468671
40.14,Utility Enemy 9,Utility,Dead,None,0.00,34.0,0,0.31,16,0.490,0.400,153468671
41.15,Player,Player,-,None,0.31,,0,0.31,,,,153468671
41.15,FSM Enemy 7,FSM,PatrolState,None,1.00,48.5,0,0.31,0,,,153468671
41.15,FSM Enemy 4,FSM,ChaseState,None,1.00,18.3,1,0.31,16,,,153468671
41.15,FSM Enemy 6,FSM,PatrolState,None,1.00,35.3,0,0.31,8,,,153468671
41.15,FSM Enemy 5,FSM,PatrolState,None,1.00,55.8,0,0.31,0,,,153468671
41.15,FSM Enemy 12,FSM,PatrolState,None,1.00,25.1,0,0.31,16,,,153468671
41.15,FSM Enemy 3,FSM,PatrolState,None,1.00,61.1,0,0.31,0,,,153468671
41.15,FSM Enemy 10,FSM,Dead,None,0.00,30.3,0,0.31,0,,,153468671
41.15,FSM Enemy 14,FSM,PatrolState,None,1.00,53.1,0,0.31,0,,,153468671
41.15,FSM Enemy 8,FSM,Dead,None,0.00,27.9,0,0.31,0,,,153468671
41.15,FSM Enemy 13,FSM,PatrolState,None,1.00,51.4,0,0.31,0,,,153468671
41.15,FSM Enemy 15,FSM,PatrolState,None,1.00,31.5,0,0.31,0,,,153468671
41.15,FSM Enemy 1,FSM,PatrolState,None,1.00,78.2,0,0.31,0,,,153468671
41.15,FSM Enemy 9,FSM,Dead,None,0.00,14.4,0,0.31,16,,,153468671
41.15,FSM Enemy 2,FSM,PatrolState,None,1.00,65.0,0,0.31,0,,,153468671
41.15,FSM Enemy 11,FSM,PatrolState,None,1.00,51.7,0,0.31,0,,,153468671
41.15,Utility Enemy 7,Utility,PatrolAction,None,1.00,60.0,0,0.31,8,0.120,0.000,153468671
41.15,Utility Enemy 1,Utility,PatrolAction,None,1.00,32.4,0,0.31,0,0.120,0.000,153468671
41.15,Utility Enemy 15,Utility,PatrolAction,None,1.00,56.2,0,0.31,0,0.120,0.000,153468671
41.15,Utility Enemy 14,Utility,Dead,None,0.00,24.5,0,0.31,8,0.510,0.486,153468671
41.15,Utility Enemy 4,Utility,PatrolAction,None,1.00,54.5,0,0.31,0,0.120,0.000,153468671
41.15,Utility Enemy 12,Utility,PatrolAction,None,1.00,61.9,0,0.31,0,0.120,0.000,153468671
41.15,Utility Enemy 13,Utility,PatrolAction,None,1.00,40.2,0,0.31,0,0.120,0.000,153468671
41.15,Utility Enemy 5,Utility,PatrolAction,None,1.00,57.2,0,0.31,0,0.120,0.000,153468671
41.15,Utility Enemy 11,Utility,PatrolAction,None,1.00,29.9,0,0.31,0,0.120,0.000,153468671
41.15,Utility Enemy 8,Utility,Dead,None,0.00,28.6,0,0.31,0,0.120,0.000,153468671
41.15,Utility Enemy 10,Utility,PatrolAction,None,1.00,35.3,0,0.31,16,0.120,0.000,153468671
41.15,Utility Enemy 2,Utility,PatrolAction,None,1.00,52.8,0,0.31,0,0.120,0.000,153468671
41.15,Utility Enemy 6,Utility,PatrolAction,None,1.00,46.5,0,0.31,0,0.120,0.000,153468671
41.15,Utility Enemy 3,Utility,Dead,None,0.00,32.2,0,0.31,0,0.120,0.000,153468671
41.15,Utility Enemy 9,Utility,Dead,None,0.00,29.8,0,0.31,16,0.490,0.400,153468671
42.15,Player,Player,-,None,0.31,,0,0.31,,,,153468671
42.15,FSM Enemy 7,FSM,PatrolState,None,1.00,54.8,0,0.31,0,,,153468671
42.15,FSM Enemy 4,FSM,ChaseState,None,1.00,19.5,0,0.31,16,,,153468671
42.15,FSM Enemy 6,FSM,PatrolState,None,1.00,28.0,0,0.31,8,,,153468671
42.15,FSM Enemy 5,FSM,PatrolState,None,1.00,61.8,0,0.31,0,,,153468671
42.15,FSM Enemy 12,FSM,PatrolState,None,1.00,19.5,0,0.31,16,,,153468671
42.15,FSM Enemy 3,FSM,PatrolState,None,1.00,63.2,0,0.31,0,,,153468671
42.15,FSM Enemy 10,FSM,Dead,None,0.00,31.2,0,0.31,0,,,153468671
42.15,FSM Enemy 14,FSM,PatrolState,None,1.00,51.2,0,0.31,0,,,153468671
42.15,FSM Enemy 8,FSM,Dead,None,0.00,33.7,0,0.31,0,,,153468671
42.15,FSM Enemy 13,FSM,PatrolState,None,1.00,57.5,0,0.31,0,,,153468671
42.15,FSM Enemy 15,FSM,PatrolState,None,1.00,34.8,0,0.31,0,,,153468671
42.15,FSM Enemy 1,FSM,PatrolState,None,1.00,85.3,0,0.31,0,,,153468671
42.15,FSM Enemy 9,FSM,Dead,None,0.00,20.1,0,0.31,16,,,153468671
42.15,FSM Enemy 2,FSM,PatrolState,None,1.00,65.0,0,0.31,0,,,153468671
42.15,FSM Enemy 11,FSM,PatrolState,None,1.00,54.8,0,0.31,0,,,153468671
42.15,Utility Enemy 7,Utility,PatrolAction,None,1.00,63.0,0,0.31,8,0.120,0.000,153468671
42.15,Utility Enemy 1,Utility,PatrolAction,None,1.00,38.6,0,0.31,0,0.120,0.000,153468671
42.15,Utility Enemy 15,Utility,PatrolAction,None,1.00,67.6,0,0.31,0,0.120,0.000,153468671
42.15,Utility Enemy 14,Utility,Dead,None,0.00,24.5,0,0.31,8,0.510,0.486,153468671
42.15,Utility Enemy 4,Utility,PatrolAction,None,1.00,59.8,0,0.31,0,0.120,0.000,153468671
42.15,Utility Enemy 12,Utility,PatrolAction,None,1.00,65.8,0,0.31,0,0.120,0.000,153468671
42.15,Utility Enemy 13,Utility,PatrolAction,None,1.00,46.2,0,0.31,0,0.120,0.000,153468671
42.15,Utility Enemy 5,Utility,PatrolAction,None,1.00,59.4,0,0.31,0,0.120,0.000,153468671
42.15,Utility Enemy 11,Utility,PatrolAction,None,1.00,34.4,0,0.31,0,0.120,0.000,153468671
42.15,Utility Enemy 8,Utility,Dead,None,0.00,35.1,0,0.31,0,0.120,0.000,153468671
42.15,Utility Enemy 10,Utility,PatrolAction,None,1.00,29.6,0,0.31,16,0.120,0.000,153468671
42.15,Utility Enemy 2,Utility,PatrolAction,None,1.00,61.4,0,0.31,0,0.120,0.000,153468671
42.15,Utility Enemy 6,Utility,PatrolAction,None,1.00,50.7,0,0.31,0,0.120,0.000,153468671
42.15,Utility Enemy 3,Utility,Dead,None,0.00,30.1,0,0.31,0,0.120,0.000,153468671
42.15,Utility Enemy 9,Utility,PatrolAction,None,1.00,16.8,0,0.31,16,0.120,0.000,153468671
43.15,Player,Player,-,None,0.31,,0,0.31,,,,153468671
43.15,FSM Enemy 7,FSM,PatrolState,None,1.00,61.2,0,0.31,0,,,153468671
43.15,FSM Enemy 4,FSM,ChaseState,None,1.00,20.8,0,0.31,16,,,153468671
43.15,FSM Enemy 6,FSM,PatrolState,None,1.00,20.6,0,0.31,8,,,153468671
43.15,FSM Enemy 5,FSM,PatrolState,None,1.00,69.6,0,0.31,0,,,153468671
43.15,FSM Enemy 12,FSM,PatrolState,None,1.00,14.7,0,0.31,16,,,153468671
43.15,FSM Enemy 3,FSM,PatrolState,None,1.00,64.1,0,0.31,0,,,153468671
43.15,FSM Enemy 10,FSM,Dead,None,0.00,32.0,0,0.31,0,,,153468671
43.15,FSM Enemy 14,FSM,PatrolState,None,1.00,49.3,0,0.31,0,,,153468671
43.15,FSM Enemy 8,FSM,Dead,None,0.00,39.1,0,0.31,0,,,153468671
43.15,FSM Enemy 13,FSM,PatrolState,None,1.00,64.5,0,0.31,0,,,153468671
43.15,FSM Enemy 15,FSM,PatrolState,None,1.00,41.3,0,0.31,0,,,153468671
43.15,FSM Enemy 1,FSM,PatrolState,None,1.00,91.8,0,0.31,0,,,153468671
43.15,FSM Enemy 9,FSM,Dead,None,0.00,26.0,0,0.31,16,,,153468671
43.15,FSM Enemy 2,FSM,PatrolState,None,1.00,64.8,0,0.31,0,,,153468671
43.15,FSM Enemy 11,FSM,PatrolState,None,1.00,60.8,0,0.31,0,,,153468671
43.15,Utility Enemy 7,Utility,PatrolAction,None,1.00,65.8,0,0.31,8,0.120,0.000,153468671
43.15,Utility Enemy 1,Utility,PatrolAction,None,1.00,44.3,0,0.31,0,0.120,0.000,153468671
43.15,Utility Enemy 15,Utility,PatrolAction,None,1.00,79.1,0,0.31,0,0.120,0.000,153468671
43.15,Utility Enemy 14,Utility,Dead,None,0.00,24.9,0,0.31,8,0.510,0.486,153468671
43.15,Utility Enemy 4,Utility,PatrolAction,None,1.00,68.3,0,0.31,0,0.120,0.000,153468671
43.15,Utility Enemy 12,Utility,PatrolAction,None,1.00,69.0,0,0.31,0,0.120,0.000,153468671
43.15,Utility Enemy 13,Utility,PatrolAction,None,1.00,52.7,0,0.31,0,0.120,0.000,153468671
43.15,Utility Enemy 5,Utility,PatrolAction,None,1.00,56.8,0,0.31,0,0.120,0.000,153468671
43.15,Utility Enemy 11,Utility,PatrolAction,None,1.00,38.5,0,0.31,0,0.120,0.000,153468671
43.15,Utility Enemy 8,Utility,Dead,None,0.00,41.3,0,0.31,0,0.120,0.000,153468671
43.15,Utility Enemy 10,Utility,PatrolAction,None,1.00,19.8,0,0.31,16,0.120,0.000,153468671
43.15,Utility Enemy 2,Utility,PatrolAction,None,1.00,69.9,0,0.31,0,0.120,0.000,153468671
43.15,Utility Enemy 6,Utility,PatrolAction,None,1.00,55.3,0,0.31,0,0.120,0.000,153468671
43.15,Utility Enemy 3,Utility,Dead,None,0.00,27.7,0,0.31,0,0.120,0.000,153468671
43.15,Utility Enemy 9,Utility,PatrolAction,None,1.00,17.6,0,0.31,16,0.120,0.000,153468671
44.15,Player,Player,-,None,0.25,,0,0.25,,,,153468671
44.15,FSM Enemy 7,FSM,PatrolState,None,1.00,67.7,0,0.25,0,,,153468671
44.15,FSM Enemy 4,FSM,ChaseState,None,1.00,23.9,0,0.25,16,,,153468671
44.15,FSM Enemy 6,FSM,AttackState,None,1.00,14.5,1,0.25,16,,,153468671
44.15,FSM Enemy 5,FSM,PatrolState,None,1.00,76.2,0,0.25,0,,,153468671
44.15,FSM Enemy 12,FSM,PatrolState,None,1.00,9.8,0,0.25,16,,,153468671
44.15,FSM Enemy 3,FSM,PatrolState,None,1.00,67.4,0,0.25,0,,,153468671
44.15,FSM Enemy 10,FSM,Dead,None,0.00,35.3,0,0.25,0,,,153468671
44.15,FSM Enemy 14,FSM,PatrolState,None,1.00,50.1,0,0.25,0,,,153468671
44.15,FSM Enemy 8,FSM,Dead,None,0.00,45.6,0,0.25,0,,,153468671
44.15,FSM Enemy 13,FSM,PatrolState,None,1.00,72.9,0,0.25,0,,,153468671
44.15,FSM Enemy 15,FSM,PatrolState,None,1.00,49.3,0,0.25,0,,,153468671
44.15,FSM Enemy 1,FSM,PatrolState,None,1.00,98.1,0,0.25,0,,,153468671
44.15,FSM Enemy 9,FSM,Dead,None,0.00,32.8,0,0.25,16,,,153468671
44.15,FSM Enemy 2,FSM,PatrolState,None,1.00,67.0,0,0.25,0,,,153468671
44.15,FSM Enemy 11,FSM,PatrolState,None,1.00,66.6,0,0.25,0,,,153468671
44.15,Utility Enemy 7,Utility,PatrolAction,None,1.00,68.1,0,0.25,8,0.120,0.000,153468671
44.15,Utility Enemy 1,Utility,PatrolAction,None,1.00,54.3,0,0.25,0,0.120,0.000,153468671
44.15,Utility Enemy 15,Utility,PatrolAction,None,1.00,84.9,0,0.25,0,0.120,0.000,153468671
44.15,Utility Enemy 14,Utility,Dead,None,0.00,28.4,0,0.25,8,0.510,0.486,153468671
44.15,Utility Enemy 4,Utility,PatrolAction,None,1.00,76.1,0,0.25,0,0.120,0.000,153468671
44.15,Utility Enemy 12,Utility,PatrolAction,None,1.00,71.8,0,0.25,0,0.120,0.000,153468671
44.15,Utility Enemy 13,Utility,PatrolAction,None,1.00,63.2,0,0.25,0,0.120,0.000,153468671
44.15,Utility Enemy 5,Utility,PatrolAction,None,1.00,55.7,0,0.25,0,0.120,0.000,153468671
44.15,Utility Enemy 11,Utility,PatrolAction,None,1.00,42.0,0,0.25,0,0.120,0.000,153468671
44.15,Utility Enemy 8,Utility,Dead,None,0.00,48.2,0,0.25,0,0.120,0.000,153468671
44.15,Utility Enemy 10,Utility,PatrolAction,None,1.00,13.8,0,0.25,16,0.120,0.000,153468671
44.15,Utility Enemy 2,Utility,PatrolAction,None,1.00,78.4,0,0.25,0,0.120,0.000,153468671
44.15,Utility Enemy 6,Utility,PatrolAction,None,1.00,65.5,0,0.25,0,0.120,0.000,153468671
44.15,Utility Enemy 3,Utility,PatrolAction,None,1.00,85.1,0,0.25,0,0.120,0.000,153468671
44.15,Utility Enemy 9,Utility,PatrolAction,None,1.00,18.9,0,0.25,16,0.120,0.000,153468671
45.15,Player,Player,-,None,0.20,,0,0.20,,,,153468671
45.15,FSM Enemy 7,FSM,PatrolState,None,1.00,70.7,0,0.20,0,,,153468671
45.15,FSM Enemy 4,FSM,ChaseState,None,1.00,24.9,0,0.20,16,,,153468671
45.15,FSM Enemy 6,FSM,AttackState,None,1.00,11.4,1,0.20,24,,,153468671
45.15,FSM Enemy 5,FSM,PatrolState,None,1.00,81.6,0,0.20,0,,,153468671
45.15,FSM Enemy 12,FSM,PatrolState,None,1.00,6.4,0,0.20,16,,,153468671
45.15,FSM Enemy 3,FSM,PatrolState,None,1.00,72.9,0,0.20,0,,,153468671
45.15,FSM Enemy 10,FSM,Dead,None,0.00,39.6,0,0.20,0,,,153468671
45.15,FSM Enemy 14,FSM,PatrolState,None,1.00,54.5,0,0.20,0,,,153468671
45.15,FSM Enemy 8,FSM,Dead,None,0.00,50.2,0,0.20,0,,,153468671
45.15,FSM Enemy 13,FSM,PatrolState,None,1.00,78.3,0,0.20,0,,,153468671
45.15,FSM Enemy 15,FSM,PatrolState,None,1.00,54.0,0,0.20,0,,,153468671
45.15,FSM Enemy 1,FSM,PatrolState,None,1.00,100.5,0,0.20,0,,,153468671
45.15,FSM Enemy 9,FSM,Dead,None,0.00,37.4,0,0.20,16,,,153468671
45.15,FSM Enemy 2,FSM,PatrolState,None,1.00,72.1,0,0.20,0,,,153468671
45.15,FSM Enemy 11,FSM,PatrolState,None,1.00,69.1,0,0.20,0,,,153468671
45.15,Utility Enemy 7,Utility,PatrolAction,None,1.00,66.7,0,0.20,8,0.120,0.000,153468671
45.15,Utility Enemy 1,Utility,PatrolAction,None,1.00,59.6,0,0.20,0,0.120,0.000,153468671
45.15,Utility Enemy 15,Utility,PatrolAction,None,1.00,84.9,0,0.20,0,0.120,0.000,153468671
45.15,Utility Enemy 14,Utility,Dead,None,0.00,32.7,0,0.20,8,0.510,0.486,153468671
45.15,Utility Enemy 4,Utility,PatrolAction,None,1.00,76.6,0,0.20,0,0.120,0.000,153468671
45.15,Utility Enemy 12,Utility,PatrolAction,None,1.00,73.9,0,0.20,0,0.120,0.000,153468671
45.15,Utility Enemy 13,Utility,PatrolAction,None,1.00,69.5,0,0.20,0,0.120,0.000,153468671
45.15,Utility Enemy 5,Utility,PatrolAction,None,1.00,60.9,0,0.20,0,0.120,0.000,153468671
45.15,Utility Enemy 11,Utility,PatrolAction,None,1.00,44.3,0,0.20,0,0.120,0.000,153468671
45.15,Utility Enemy 8,Utility,Dead,None,0.00,52.8,0,0.20,0,0.120,0.000,153468671
45.15,Utility Enemy 10,Utility,PatrolAction,None,1.00,10.5,0,0.20,16,0.120,0.000,153468671
45.15,Utility Enemy 2,Utility,PatrolAction,None,1.00,84.8,0,0.20,0,0.120,0.000,153468671
45.15,Utility Enemy 6,Utility,PatrolAction,None,1.00,72.2,0,0.20,0,0.120,0.000,153468671
45.15,Utility Enemy 3,Utility,PatrolAction,None,1.00,93.0,0,0.20,0,0.120,0.000,153468671
45.15,Utility Enemy 9,Utility,PatrolAction,None,1.00,19.3,0,0.20,16,0.120,0.000,153468671
46.16,Player,Player,-,None,0.15,,0,0.15,,,,153468671
46.16,FSM Enemy 7,FSM,PatrolState,None,1.00,73.5,0,0.15,0,,,153468671
46.16,FSM Enemy 4,FSM,PatrolState,None,1.00,25.6,0,0.15,16,,,153468671
46.16,FSM Enemy 6,FSM,AttackState,None,1.00,8.9,1,0.15,32,,,153468671
46.16,FSM Enemy 5,FSM,PatrolState,None,1.00,86.5,0,0.15,0,,,153468671
46.16,FSM Enemy 12,FSM,PatrolState,None,1.00,4.5,0,0.15,16,,,153468671
46.16,FSM Enemy 3,FSM,PatrolState,None,1.00,78.6,0,0.15,0,,,153468671
46.16,FSM Enemy 10,FSM,Dead,None,0.00,44.0,0,0.15,0,,,153468671
46.16,FSM Enemy 14,FSM,PatrolState,None,1.00,57.0,0,0.15,0,,,153468671
46.16,FSM Enemy 8,FSM,Dead,None,0.00,54.6,0,0.15,0,,,153468671
46.16,FSM Enemy 13,FSM,PatrolState,None,1.00,81.6,0,0.15,0,,,153468671
46.16,FSM Enemy 15,FSM,PatrolState,None,1.00,58.4,0,0.15,0,,,153468671
46.16,FSM Enemy 1,FSM,PatrolState,None,1.00,103.1,0,0.15,0,,,153468671
46.16,FSM Enemy 9,FSM,Dead,None,0.00,41.6,0,0.15,16,,,153468671
46.16,FSM Enemy 2,FSM,PatrolState,None,1.00,77.5,0,0.15,0,,,153468671
46.16,FSM Enemy 11,FSM,PatrolState,None,1.00,72.6,0,0.15,0,,,153468671
46.16,Utility Enemy 7,Utility,PatrolAction,None,1.00,70.3,0,0.15,8,0.120,0.000,153468671
46.16,Utility Enemy 1,Utility,PatrolAction,None,1.00,62.8,0,0.15,0,0.120,0.000,153468671
46.16,Utility Enemy 15,Utility,PatrolAction,None,1.00,86.4,0,0.15,0,0.120,0.000,153468671
46.16,Utility Enemy 14,Utility,Dead,None,0.00,37.1,0,0.15,8,0.510,0.486,153468671
46.16,Utility Enemy 4,Utility,PatrolAction,None,1.00,76.8,0,0.15,0,0.120,0.000,153468671
46.16,Utility Enemy 12,Utility,PatrolAction,None,1.00,77.0,0,0.15,0,0.120,0.000,153468671
46.16,Utility Enemy 13,Utility,PatrolAction,None,1.00,74.7,0,0.15,0,0.120,0.000,153468671
46.16,Utility Enemy 5,Utility,PatrolAction,None,1.00,69.0,0,0.15,0,0.120,0.000,153468671
46.16,Utility Enemy 11,Utility,PatrolAction,None,1.00,45.6,0,0.15,0,0.120,0.000,153468671
46.16,Utility Enemy 8,Utility,Dead,None,0.00,57.0,0,0.15,0,0.120,0.000,153468671
46.16,Utility Enemy 10,Utility,PatrolAction,None,1.00,6.3,0,0.15,16,0.120,0.000,153468671
46.16,Utility Enemy 2,Utility,PatrolAction,None,1.00,90.6,0,0.15,0,0.120,0.000,153468671
46.16,Utility Enemy 6,Utility,PatrolAction,None,1.00,75.4,0,0.15,0,0.120,0.000,153468671
46.16,Utility Enemy 3,Utility,PatrolAction,None,1.00,100.5,0,0.15,0,0.120,0.000,153468671
46.16,Utility Enemy 9,Utility,PatrolAction,None,1.00,20.5,0,0.15,16,0.120,0.000,153468671
47.16,Player,Player,-,None,0.15,,0,0.15,,,,153468671
47.16,FSM Enemy 7,FSM,PatrolState,None,1.00,76.7,0,0.15,0,,,153468671
47.16,FSM Enemy 4,FSM,PatrolState,None,1.00,25.4,0,0.15,16,,,153468671
47.16,FSM Enemy 6,FSM,AttackState,None,1.00,12.9,1,0.15,32,,,153468671
47.16,FSM Enemy 5,FSM,PatrolState,None,1.00,89.8,0,0.15,0,,,153468671
47.16,FSM Enemy 12,FSM,PatrolState,None,1.00,8.1,0,0.15,16,,,153468671
47.16,FSM Enemy 3,FSM,PatrolState,None,1.00,79.5,0,0.15,0,,,153468671
47.16,FSM Enemy 10,FSM,Dead,None,0.00,43.1,0,0.15,0,,,153468671
47.16,FSM Enemy 14,FSM,PatrolState,None,1.00,52.3,0,0.15,0,,,153468671
47.16,FSM Enemy 8,FSM,Dead,None,0.00,55.5,0,0.15,0,,,153468671
47.16,FSM Enemy 13,FSM,PatrolState,None,1.00,84.1,0,0.15,0,,,153468671
47.16,FSM Enemy 15,FSM,PatrolState,None,1.00,63.1,0,0.15,0,,,153468671
47.16,FSM Enemy 1,FSM,PatrolState,None,1.00,102.3,0,0.15,0,,,153468671
47.16,FSM Enemy 9,FSM,Dead,None,0.00,42.9,0,0.15,16,,,153468671
47.16,FSM Enemy 2,FSM,PatrolState,None,1.00,74.2,0,0.15,0,,,153468671
47.16,FSM Enemy 11,FSM,PatrolState,None,1.00,78.5,0,0.15,0,,,153468671
47.16,Utility Enemy 7,Utility,PatrolAction,None,1.00,77.0,0,0.15,8,0.120,0.000,153468671
47.16,Utility Enemy 1,Utility,PatrolAction,None,1.00,66.9,0,0.15,0,0.120,0.000,153468671
47.16,Utility Enemy 15,Utility,PatrolAction,None,1.00,91.8,0,0.15,0,0.120,0.000,153468671
47.16,Utility Enemy 14,Utility,Dead,None,0.00,36.4,0,0.15,8,0.510,0.486,153468671
47.16,Utility Enemy 4,Utility,PatrolAction,None,1.00,74.0,0,0.15,0,0.120,0.000,153468671
47.16,Utility Enemy 12,Utility,PatrolAction,None,1.00,72.6,0,0.15,0,0.120,0.000,153468671
47.16,Utility Enemy 13,Utility,PatrolAction,None,1.00,73.4,0,0.15,0,0.120,0.000,153468671
47.16,Utility Enemy 5,Utility,PatrolAction,None,1.00,67.0,0,0.15,0,0.120,0.000,153468671
47.16,Utility Enemy 11,Utility,PatrolAction,None,1.00,44.5,0,0.15,0,0.120,0.000,153468671
47.16,Utility Enemy 8,Utility,Dead,None,0.00,58.3,0,0.15,0,0.120,0.000,153468671
47.16,Utility Enemy 10,Utility,PatrolAction,None,1.00,4.3,0,0.15,16,0.120,0.000,153468671
47.16,Utility Enemy 2,Utility,PatrolAction,None,1.00,90.0,0,0.15,0,0.120,0.000,153468671
47.16,Utility Enemy 6,Utility,PatrolAction,None,1.00,79.8,0,0.15,0,0.120,0.000,153468671
47.16,Utility Enemy 3,Utility,PatrolAction,None,1.00,101.5,0,0.15,0,0.120,0.000,153468671
47.16,Utility Enemy 9,Utility,PatrolAction,None,1.00,25.6,0,0.15,16,0.120,0.000,153468671
48.16,Player,Player,-,WallDisappear,0.09,,0,0.09,,,,153468671
48.16,FSM Enemy 7,FSM,ChaseState,WallDisappear,1.00,77.6,0,0.09,0,,,153468671
48.16,FSM Enemy 4,FSM,ChaseState,WallDisappear,1.00,23.9,0,0.09,16,,,153468671
48.16,FSM Enemy 6,FSM,ChaseState,WallDisappear,1.00,17.8,1,0.09,40,,,153468671
48.16,FSM Enemy 5,FSM,ChaseState,WallDisappear,1.00,90.9,0,0.09,0,,,153468671
48.16,FSM Enemy 12,FSM,ChaseState,WallDisappear,1.00,13.4,0,0.09,16,,,153468671
48.16,FSM Enemy 3,FSM,ChaseState,WallDisappear,1.00,78.3,0,0.09,0,,,153468671
48.16,FSM Enemy 10,FSM,ChaseState,WallDisappear,1.00,103.7,0,0.09,0,,,153468671
48.16,FSM Enemy 14,FSM,ChaseState,WallDisappear,1.00,46.2,0,0.09,0,,,153468671
48.16,FSM Enemy 8,FSM,Dead,WallDisappear,0.00,54.5,0,0.09,0,,,153468671
48.16,FSM Enemy 13,FSM,ChaseState,WallDisappear,1.00,85.3,0,0.09,0,,,153468671
48.16,FSM Enemy 15,FSM,ChaseState,WallDisappear,1.00,66.3,0,0.09,0,,,153468671
48.16,FSM Enemy 1,FSM,ChaseState,WallDisappear,1.00,98.5,0,0.09,0,,,153468671
48.16,FSM Enemy 9,FSM,Dead,WallDisappear,0.00,42.4,0,0.09,16,,,153468671
48.16,FSM Enemy 2,FSM,ChaseState,WallDisappear,1.00,69.0,0,0.09,0,,,153468671
48.16,FSM Enemy 11,FSM,ChaseState,WallDisappear,1.00,83.5,0,0.09,0,,,153468671
48.16,Utility Enemy 7,Utility,PatrolAction,WallDisappear,1.00,82.4,0,0.09,8,0.120,0.000,153468671
48.16,Utility Enemy 1,Utility,PatrolAction,WallDisappear,1.00,68.5,0,0.09,0,0.120,0.000,153468671
48.16,Utility Enemy 15,Utility,PatrolAction,WallDisappear,1.00,95.7,0,0.09,0,0.120,0.000,153468671
48.16,Utility Enemy 14,Utility,PatrolAction,WallDisappear,1.00,92.1,0,0.09,8,0.120,0.000,153468671
48.16,Utility Enemy 4,Utility,PatrolAction,WallDisappear,1.00,70.0,0,0.09,0,0.120,0.000,153468671
48.16,Utility Enemy 12,Utility,PatrolAction,WallDisappear,1.00,64.5,0,0.09,0,0.120,0.000,153468671
48.16,Utility Enemy 13,Utility,PatrolAction,WallDisappear,1.00,69.5,0,0.09,0,0.120,0.000,153468671
48.16,Utility Enemy 5,Utility,PatrolAction,WallDisappear,1.00,60.6,0,0.09,0,0.120,0.000,153468671
48.16,Utility Enemy 11,Utility,PatrolAction,WallDisappear,1.00,44.2,0,0.09,0,0.120,0.000,153468671
48.16,Utility Enemy 8,Utility,Dead,WallDisappear,0.00,57.8,0,0.09,0,0.120,0.000,153468671
48.16,Utility Enemy 10,Utility,PatrolAction,WallDisappear,0.50,2.7,0,0.09,16,0.120,0.000,153468671
48.16,Utility Enemy 2,Utility,PatrolAction,WallDisappear,1.00,84.2,0,0.09,0,0.120,0.000,153468671
48.16,Utility Enemy 6,Utility,PatrolAction,WallDisappear,1.00,82.2,0,0.09,0,0.120,0.000,153468671
48.16,Utility Enemy 3,Utility,ChaseAction,WallDisappear,1.00,101.1,0,0.09,0,0.850,0.300,153468671
48.16,Utility Enemy 9,Utility,PatrolAction,WallDisappear,1.00,27.7,0,0.09,16,0.120,0.000,153468671
49.16,Player,Player,-,WallDisappear,0.09,,0,0.09,,,,153468671
49.16,FSM Enemy 7,FSM,ChaseState,WallDisappear,1.00,76.6,0,0.09,0,,,153468671
49.16,FSM Enemy 4,FSM,ChaseState,WallDisappear,1.00,29.6,0,0.09,16,,,153468671
49.16,FSM Enemy 6,FSM,ChaseState,WallDisappear,1.00,14.4,1,0.09,40,,,153468671
49.16,FSM Enemy 5,FSM,ChaseState,WallDisappear,1.00,92.9,0,0.09,0,,,153468671
49.16,FSM Enemy 12,FSM,ChaseState,WallDisappear,1.00,11.6,0,0.09,16,,,153468671
49.16,FSM Enemy 3,FSM,ChaseState,WallDisappear,1.00,79.9,0,0.09,0,,,153468671
49.16,FSM Enemy 10,FSM,ChaseState,WallDisappear,1.00,104.6,0,0.09,0,,,153468671
49.16,FSM Enemy 14,FSM,ChaseState,WallDisappear,1.00,47.5,0,0.09,0,,,153468671
49.16,FSM Enemy 8,FSM,Dead,WallDisappear,0.00,58.5,0,0.09,0,,,153468671
49.16,FSM Enemy 13,FSM,ChaseState,WallDisappear,1.00,84.8,0,0.09,0,,,153468671
49.16,FSM Enemy 15,FSM,ChaseState,WallDisappear,1.00,66.8,0,0.09,0,,,153468671
49.16,FSM Enemy 1,FSM,ChaseState,WallDisappear,1.00,99.3,0,0.09,0,,,153468671
49.16,FSM Enemy 9,FSM,Dead,WallDisappear,0.00,46.3,0,0.09,16,,,153468671
49.16,FSM Enemy 2,FSM,ChaseState,WallDisappear,1.00,69.8,0,0.09,0,,,153468671
49.16,FSM Enemy 11,FSM,ChaseState,WallDisappear,1.00,83.0,0,0.09,0,,,153468671
49.16,Utility Enemy 7,Utility,ChaseAction,WallDisappear,1.00,83.4,0,0.09,8,0.850,0.300,153468671
49.16,Utility Enemy 1,Utility,ChaseAction,WallDisappear,1.00,69.4,0,0.09,0,0.850,0.300,153468671
49.16,Utility Enemy 15,Utility,ChaseAction,WallDisappear,1.00,97.8,0,0.09,0,0.850,0.300,153468671
49.16,Utility Enemy 14,Utility,ChaseAction,WallDisappear,1.00,92.8,0,0.09,8,0.850,0.300,153468671
49.16,Utility Enemy 4,Utility,ChaseAction,WallDisappear,1.00,71.4,0,0.09,0,0.850,0.300,153468671
49.16,Utility Enemy 12,Utility,ChaseAction,WallDisappear,1.00,64.4,0,0.09,0,0.850,0.300,153468671
49.16,Utility Enemy 13,Utility,ChaseAction,WallDisappear,1.00,68.7,0,0.09,0,0.850,0.300,153468671
49.16,Utility Enemy 5,Utility,ChaseAction,WallDisappear,1.00,64.8,0,0.09,0,0.850,0.300,153468671
49.16,Utility Enemy 11,Utility,ChaseAction,WallDisappear,1.00,46.6,0,0.09,0,0.850,0.300,153468671
49.16,Utility Enemy 8,Utility,Dead,WallDisappear,0.00,61.7,0,0.09,0,0.120,0.000,153468671
49.16,Utility Enemy 10,Utility,ChaseAction,WallDisappear,0.50,3.0,0,0.09,16,0.850,0.300,153468671
49.16,Utility Enemy 2,Utility,ChaseAction,WallDisappear,1.00,85.7,0,0.09,0,0.850,0.300,153468671
49.16,Utility Enemy 6,Utility,ChaseAction,WallDisappear,1.00,82.2,0,0.09,0,0.850,0.300,153468671
49.16,Utility Enemy 3,Utility,ChaseAction,WallDisappear,1.00,101.8,0,0.09,0,0.850,0.300,153468671
49.16,Utility Enemy 9,Utility,ChaseAction,WallDisappear,1.00,24.0,0,0.09,16,0.850,0.300,153468671
50.16,Player,Player,-,WallDisappear,0.09,,0,0.09,,,,153468671
50.16,FSM Enemy 7,FSM,ChaseState,WallDisappear,1.00,73.6,0,0.09,0,,,153468671
50.16,FSM Enemy 4,FSM,ChaseState,WallDisappear,1.00,32.8,0,0.09,16,,,153468671
50.16,FSM Enemy 6,FSM,ChaseState,WallDisappear,1.00,9.4,0,0.09,40,,,153468671
50.16,FSM Enemy 5,FSM,ChaseState,WallDisappear,1.00,91.0,0,0.09,0,,,153468671
50.16,FSM Enemy 12,FSM,ChaseState,WallDisappear,1.00,12.6,0,0.09,16,,,153468671
50.16,FSM Enemy 3,FSM,ChaseState,WallDisappear,1.00,79.8,0,0.09,0,,,153468671
50.16,FSM Enemy 10,FSM,ChaseState,WallDisappear,1.00,103.7,0,0.09,0,,,153468671
50.16,FSM Enemy 14,FSM,ChaseState,WallDisappear,1.00,50.1,0,0.09,0,,,153468671
50.16,FSM Enemy 8,FSM,Dead,WallDisappear,0.00,61.5,0,0.09,0,,,153468671
50.16,FSM Enemy 13,FSM,ChaseState,WallDisappear,1.00,82.2,0,0.09,0,,,153468671
50.16,FSM Enemy 15,FSM,ChaseState,WallDisappear,1.00,65.6,0,0.09,0,,,153468671
50.16,FSM Enemy 1,FSM,ChaseState,WallDisappear,1.00,98.3,0,0.09,0,,,153468671
50.16,FSM Enemy 9,FSM,Dead,WallDisappear,0.00,49.0,0,0.09,16,,,153468671
50.16,FSM Enemy 2,FSM,ChaseState,WallDisappear,1.00,70.5,0,0.09,0,,,153468671
50.16,FSM Enemy 11,FSM,ChaseState,WallDisappear,1.00,81.0,0,0.09,0,,,153468671
50.16,Utility Enemy 7,Utility,ChaseAction,WallDisappear,1.00,80.3,0,0.09,8,0.850,0.300,153468671
50.16,Utility Enemy 1,Utility,ChaseAction,WallDisappear,1.00,67.8,0,0.09,0,0.850,0.300,153468671
50.16,Utility Enemy 15,Utility,ChaseAction,WallDisappear,1.00,95.9,0,0.09,0,0.850,0.300,153468671
50.16,Utility Enemy 14,Utility,ChaseAction,WallDisappear,1.00,91.6,0,0.09,8,0.850,0.300,153468671
50.16,Utility Enemy 4,Utility,ChaseAction,WallDisappear,1.00,70.7,0,0.09,0,0.850,0.300,153468671
50.16,Utility Enemy 12,Utility,ChaseAction,WallDisappear,1.00,63.5,0,0.09,0,0.850,0.300,153468671
50.16,Utility Enemy 13,Utility,ChaseAction,WallDisappear,1.00,66.6,0,0.09,0,0.850,0.300,153468671
50.16,Utility Enemy 5,Utility,ChaseAction,WallDisappear,1.00,68.0,0,0.09,0,0.850,0.300,153468671
50.16,Utility Enemy 11,Utility,ChaseAction,WallDisappear,1.00,50.8,0,0.09,0,0.850,0.300,153468671
50.16,Utility Enemy 8,Utility,Dead,WallDisappear,0.00,64.4,0,0.09,0,0.120,0.000,153468671
50.16,Utility Enemy 10,Utility,ChaseAction,WallDisappear,0.50,3.6,0,0.09,16,0.850,0.300,153468671
50.16,Utility Enemy 2,Utility,ChaseAction,WallDisappear,1.00,85.7,0,0.09,0,0.850,0.300,153468671
50.16,Utility Enemy 6,Utility,ChaseAction,WallDisappear,1.00,78.5,0,0.09,0,0.850,0.300,153468671
50.16,Utility Enemy 3,Utility,ChaseAction,WallDisappear,1.00,100.1,0,0.09,0,0.850,0.300,153468671
50.16,Utility Enemy 9,Utility,ChaseAction,WallDisappear,1.00,21.0,0,0.09,16,0.850,0.300,153468671
51.16,Player,Player,-,WallDisappear,0.09,,0,0.09,,,,153468671
51.16,FSM Enemy 7,FSM,ChaseState,WallDisappear,1.00,71.2,0,0.09,0,,,153468671
51.16,FSM Enemy 4,FSM,ChaseState,WallDisappear,1.00,33.6,0,0.09,16,,,153468671
51.16,FSM Enemy 6,FSM,ChaseState,WallDisappear,1.00,6.1,1,0.09,40,,,153468671
51.16,FSM Enemy 5,FSM,ChaseState,WallDisappear,1.00,87.3,0,0.09,0,,,153468671
51.16,FSM Enemy 12,FSM,ChaseState,WallDisappear,1.00,13.3,0,0.09,16,,,153468671
51.16,FSM Enemy 3,FSM,ChaseState,WallDisappear,1.00,77.1,0,0.09,0,,,153468671
51.16,FSM Enemy 10,FSM,ChaseState,WallDisappear,1.00,100.5,0,0.09,0,,,153468671
51.16,FSM Enemy 14,FSM,ChaseState,WallDisappear,1.00,51.0,0,0.09,0,,,153468671
51.16,FSM Enemy 8,FSM,PatrolState,WallDisappear,1.00,73.3,0,0.09,0,,,153468671
51.16,FSM Enemy 13,FSM,ChaseState,WallDisappear,1.00,79.0,0,0.09,0,,,153468671
51.16,FSM Enemy 15,FSM,ChaseState,WallDisappear,1.00,63.4,0,0.09,0,,,153468671
51.16,FSM Enemy 1,FSM,ChaseState,WallDisappear,1.00,95.0,0,0.09,0,,,153468671
51.16,FSM Enemy 9,FSM,Dead,WallDisappear,0.00,49.8,0,0.09,16,,,153468671
51.16,FSM Enemy 2,FSM,ChaseState,WallDisappear,1.00,68.4,0,0.09,0,,,153468671
51.16,FSM Enemy 11,FSM,ChaseState,WallDisappear,1.00,78.6,0,0.09,0,,,153468671
51.16,Utility Enemy 7,Utility,ChaseAction,WallDisappear,1.00,76.9,0,0.09,8,0.850,0.300,153468671
51.16,Utility Enemy 1,Utility,ChaseAction,WallDisappear,1.00,64.2,0,0.09,0,0.850,0.300,153468671
51.16,Utility Enemy 15,Utility,ChaseAction,WallDisappear,1.00,92.2,0,0.09,0,0.850,0.300,153468671
51.16,Utility Enemy 14,Utility,ChaseAction,WallDisappear,1.00,87.9,0,0.09,8,0.850,0.300,153468671
51.16,Utility Enemy 4,Utility,ChaseAction,WallDisappear,1.00,67.7,0,0.09,0,0.850,0.300,153468671
51.16,Utility Enemy 12,Utility,ChaseAction,WallDisappear,1.00,59.4,0,0.09,0,0.850,0.300,153468671
51.16,Utility Enemy 13,Utility,ChaseAction,WallDisappear,1.00,63.5,0,0.09,0,0.850,0.300,153468671
51.16,Utility Enemy 5,Utility,ChaseAction,WallDisappear,1.00,66.0,0,0.09,0,0.850,0.300,153468671
51.16,Utility Enemy 11,Utility,ChaseAction,WallDisappear,1.00,51.1,0,0.09,0,0.850,0.300,153468671
51.16,Utility Enemy 8,Utility,ChaseAction,WallDisappear,1.00,46.1,0,0.09,0,0.850,0.300,153468671
51.16,Utility Enemy 10,Utility,Dead,WallDisappear,0.00,4.8,0,0.09,16,0.850,0.300,153468671
51.16,Utility Enemy 2,Utility,ChaseAction,WallDisappear,1.00,82.1,0,0.09,0,0.850,0.300,153468671
51.16,Utility Enemy 6,Utility,ChaseAction,WallDisappear,1.00,75.6,0,0.09,0,0.850,0.300,153468671
51.16,Utility Enemy 3,Utility,ChaseAction,WallDisappear,1.00,96.4,0,0.09,0,0.850,0.300,153468671
51.16,Utility Enemy 9,Utility,ChaseAction,WallDisappear,1.00,20.4,0,0.09,16,0.850,0.300,153468671
52.17,Player,Player,-,WallDisappear,0.09,,0,0.09,,,,153468671
52.17,FSM Enemy 7,FSM,ChaseState,WallDisappear,1.00,66.7,0,0.09,0,,,153468671
52.17,FSM Enemy 4,FSM,ChaseState,WallDisappear,1.00,31.8,0,0.09,16,,,153468671
52.17,FSM Enemy 6,FSM,ChaseState,WallDisappear,1.00,2.3,0,0.09,40,,,153468671
52.17,FSM Enemy 5,FSM,ChaseState,WallDisappear,1.00,81.6,0,0.09,0,,,153468671
52.17,FSM Enemy 12,FSM,ChaseState,WallDisappear,1.00,9.0,0,0.09,16,,,153468671
52.17,FSM Enemy 3,FSM,ChaseState,WallDisappear,1.00,74.0,0,0.09,0,,,153468671
52.17,FSM Enemy 10,FSM,ChaseState,WallDisappear,1.00,96.1,0,0.09,0,,,153468671
52.17,FSM Enemy 14,FSM,ChaseState,WallDisappear,1.00,51.7,0,0.09,0,,,153468671
52.17,FSM Enemy 8,FSM,PatrolState,WallDisappear,1.00,71.2,0,0.09,0,,,153468671
52.17,FSM Enemy 13,FSM,ChaseState,WallDisappear,1.00,72.6,0,0.09,0,,,153468671
52.17,FSM Enemy 15,FSM,ChaseState,WallDisappear,1.00,59.0,0,0.09,0,,,153468671
52.17,FSM Enemy 1,FSM,ChaseState,WallDisappear,1.00,90.2,0,0.09,0,,,153468671
52.17,FSM Enemy 9,FSM,Dead,WallDisappear,0.00,48.9,0,0.09,16,,,153468671
52.17,FSM Enemy 2,FSM,ChaseState,WallDisappear,1.00,68.6,0,0.09,0,,,153468671
52.17,FSM Enemy 11,FSM,ChaseState,WallDisappear,1.00,72.6,0,0.09,0,,,153468671
52.17,Utility Enemy 7,Utility,ChaseAction,WallDisappear,1.00,69.5,0,0.09,8,0.850,0.300,153468671
52.17,Utility Enemy 1,Utility,ChaseAction,WallDisappear,1.00,58.9,0,0.09,0,0.850,0.300,153468671
52.17,Utility Enemy 15,Utility,ChaseAction,WallDisappear,1.00,86.4,0,0.09,0,0.850,0.300,153468671
52.17,Utility Enemy 14,Utility,ChaseAction,WallDisappear,1.00,83.7,0,0.09,8,0.850,0.300,153468671
52.17,Utility Enemy 4,Utility,ChaseAction,WallDisappear,1.00,63.5,0,0.09,0,0.850,0.300,153468671
52.17,Utility Enemy 12,Utility,ChaseAction,WallDisappear,1.00,57.7,0,0.09,0,0.850,0.300,153468671
52.17,Utility Enemy 13,Utility,ChaseAction,WallDisappear,1.00,58.7,0,0.09,0,0.850,0.300,153468671
52.17,Utility Enemy 5,Utility,ChaseAction,WallDisappear,1.00,64.5,0,0.09,0,0.850,0.300,153468671
52.17,Utility Enemy 11,Utility,ChaseAction,WallDisappear,1.00,50.3,0,0.09,0,0.850,0.300,153468671
52.17,Utility Enemy 8,Utility,ChaseAction,WallDisappear,1.00,45.7,0,0.09,0,0.850,0.300,153468671
52.17,Utility Enemy 10,Utility,Dead,WallDisappear,0.00,4.4,0,0.09,16,0.850,0.300,153468671
52.17,Utility Enemy 2,Utility,ChaseAction,WallDisappear,1.00,77.6,0,0.09,0,0.850,0.300,153468671
52.17,Utility Enemy 6,Utility,ChaseAction,WallDisappear,1.00,70.2,0,0.09,0,0.850,0.300,153468671
52.17,Utility Enemy 3,Utility,ChaseAction,WallDisappear,1.00,91.1,0,0.09,0,0.850,0.300,153468671
52.17,Utility Enemy 9,Utility,ChaseAction,WallDisappear,1.00,18.5,0,0.09,16,0.850,0.300,153468671
53.17,Player,Player,-,None,0.09,,0,0.09,,,,153468671
53.17,FSM Enemy 7,FSM,PatrolState,None,1.00,61.7,0,0.09,0,,,153468671
53.17,FSM Enemy 4,FSM,PatrolState,None,1.00,28.1,0,0.09,16,,,153468671
53.17,FSM Enemy 6,FSM,ChaseState,None,1.00,4.5,0,0.09,40,,,153468671
53.17,FSM Enemy 5,FSM,PatrolState,None,1.00,73.7,0,0.09,0,,,153468671
53.17,FSM Enemy 12,FSM,PatrolState,None,1.00,8.2,0,0.09,16,,,153468671
53.17,FSM Enemy 3,FSM,PatrolState,None,1.00,67.6,0,0.09,0,,,153468671
53.17,FSM Enemy 10,FSM,PatrolState,None,1.00,88.7,0,0.09,0,,,153468671
53.17,FSM Enemy 14,FSM,PatrolState,None,1.00,47.7,0,0.09,0,,,153468671
53.17,FSM Enemy 8,FSM,PatrolState,None,1.00,66.9,0,0.09,0,,,153468671
53.17,FSM Enemy 13,FSM,PatrolState,None,1.00,65.7,0,0.09,0,,,153468671
53.17,FSM Enemy 15,FSM,PatrolState,None,1.00,53.2,0,0.09,0,,,153468671
53.17,FSM Enemy 1,FSM,PatrolState,None,1.00,82.5,0,0.09,0,,,153468671
53.17,FSM Enemy 9,FSM,PatrolState,None,1.00,32.0,0,0.09,16,,,153468671
53.17,FSM Enemy 2,FSM,PatrolState,None,1.00,64.9,0,0.09,0,,,153468671
53.17,FSM Enemy 11,FSM,PatrolState,None,1.00,66.0,0,0.09,0,,,153468671
53.17,Utility Enemy 7,Utility,ChaseAction,None,1.00,61.4,0,0.09,8,0.850,0.300,153468671
53.17,Utility Enemy 1,Utility,ChaseAction,None,1.00,51.7,0,0.09,0,0.850,0.300,153468671
53.17,Utility Enemy 15,Utility,ChaseAction,None,1.00,78.5,0,0.09,0,0.850,0.300,153468671
53.17,Utility Enemy 14,Utility,ChaseAction,None,1.00,76.5,0,0.09,8,0.850,0.300,153468671
53.17,Utility Enemy 4,Utility,ChaseAction,None,1.00,56.3,0,0.09,0,0.850,0.300,153468671
53.17,Utility Enemy 12,Utility,PatrolAction,None,1.00,52.3,0,0.09,0,0.120,0.000,153468671
53.17,Utility Enemy 13,Utility,ChaseAction,None,1.00,52.5,0,0.09,0,0.850,0.300,153468671
53.17,Utility Enemy 5,Utility,ChaseAction,None,1.00,59.3,0,0.09,0,0.850,0.300,153468671
53.17,Utility Enemy 11,Utility,ChaseAction,None,1.00,48.7,0,0.09,0,0.850,0.300,153468671
53.17,Utility Enemy 8,Utility,PatrolAction,None,1.00,41.8,0,0.09,0,0.120,0.000,153468671
53.17,Utility Enemy 10,Utility,Dead,None,0.00,8.0,0,0.09,16,0.850,0.300,153468671
53.17,Utility Enemy 2,Utility,ChaseAction,None,1.00,70.0,0,0.09,0,0.850,0.300,153468671
53.17,Utility Enemy 6,Utility,ChaseAction,None,1.00,64.7,0,0.09,0,0.850,0.300,153468671
53.17,Utility Enemy 3,Utility,ChaseAction,None,1.00,83.5,0,0.09,0,0.850,0.300,153468671
53.17,Utility Enemy 9,Utility,ChaseAction,None,1.00,17.1,0,0.09,16,0.850,0.300,153468671
54.18,Player,Player,-,None,0.09,,0,0.09,,,,153468671
54.18,FSM Enemy 7,FSM,PatrolState,None,1.00,55.1,0,0.09,0,,,153468671
54.18,FSM Enemy 4,FSM,PatrolState,None,1.00,20.1,0,0.09,16,,,153468671
54.18,FSM Enemy 6,FSM,ChaseState,None,1.00,10.5,0,0.09,40,,,153468671
54.18,FSM Enemy 5,FSM,PatrolState,None,1.00,69.5,0,0.09,0,,,153468671
54.18,FSM Enemy 12,FSM,AttackState,None,1.00,10.2,1,0.09,16,,,153468671
54.18,FSM Enemy 3,FSM,PatrolState,None,1.00,62.7,0,0.09,0,,,153468671
54.18,FSM Enemy 10,FSM,PatrolState,None,1.00,80.8,0,0.09,0,,,153468671
54.18,FSM Enemy 14,FSM,PatrolState,None,1.00,44.2,0,0.09,0,,,153468671
54.18,FSM Enemy 8,FSM,PatrolState,None,1.00,60.4,0,0.09,0,,,153468671
54.18,FSM Enemy 13,FSM,PatrolState,None,1.00,60.0,0,0.09,0,,,153468671
54.18,FSM Enemy 15,FSM,PatrolState,None,1.00,46.7,0,0.09,0,,,153468671
54.18,FSM Enemy 1,FSM,PatrolState,None,1.00,78.7,0,0.09,0,,,153468671
54.18,FSM Enemy 9,FSM,PatrolState,None,1.00,26.4,0,0.09,16,,,153468671
54.18,FSM Enemy 2,FSM,PatrolState,None,1.00,61.1,0,0.09,0,,,153468671
54.18,FSM Enemy 11,FSM,PatrolState,None,1.00,60.1,0,0.09,0,,,153468671
54.18,Utility Enemy 7,Utility,PatrolAction,None,1.00,55.0,0,0.09,8,0.120,0.000,153468671
54.18,Utility Enemy 1,Utility,PatrolAction,None,1.00,46.0,0,0.09,0,0.120,0.000,153468671
54.18,Utility Enemy 15,Utility,PatrolAction,None,1.00,70.6,0,0.09,0,0.120,0.000,153468671
54.18,Utility Enemy 14,Utility,PatrolAction,None,1.00,72.1,0,0.09,8,0.120,0.000,153468671
54.18,Utility Enemy 4,Utility,PatrolAction,None,1.00,50.4,0,0.09,0,0.120,0.000,153468671
54.18,Utility Enemy 12,Utility,PatrolAction,None,1.00,48.2,0,0.09,0,0.120,0.000,153468671
54.18,Utility Enemy 13,Utility,PatrolAction,None,1.00,43.6,0,0.09,0,0.120,0.000,153468671
54.18,Utility Enemy 5,Utility,PatrolAction,None,1.00,53.8,0,0.09,0,0.120,0.000,153468671
54.18,Utility Enemy 11,Utility,PatrolAction,None,1.00,46.6,0,0.09,0,0.120,0.000,153468671
54.18,Utility Enemy 8,Utility,PatrolAction,None,1.00,38.6,0,0.09,0,0.120,0.000,153468671
54.18,Utility Enemy 10,Utility,Dead,None,0.00,14.1,0,0.09,16,0.850,0.300,153468671
54.18,Utility Enemy 2,Utility,PatrolAction,None,1.00,59.9,0,0.09,0,0.120,0.000,153468671
54.18,Utility Enemy 6,Utility,PatrolAction,None,1.00,58.6,0,0.09,0,0.120,0.000,153468671
54.18,Utility Enemy 3,Utility,PatrolAction,None,1.00,77.9,0,0.09,0,0.120,0.000,153468671
54.18,Utility Enemy 9,Utility,PatrolAction,None,0.50,12.0,0,0.09,16,0.120,0.000,153468671
55.18,Player,Player,-,None,0.09,,0,0.09,,,,153468671
55.18,FSM Enemy 7,FSM,PatrolState,None,1.00,51.4,0,0.09,0,,,153468671
55.18,FSM Enemy 4,FSM,PatrolState,None,1.00,14.1,0,0.09,16,,,153468671
55.18,FSM Enemy 6,FSM,ChaseState,None,1.00,14.0,0,0.09,40,,,153468671
55.18,FSM Enemy 5,FSM,PatrolState,None,1.00,67.9,0,0.09,0,,,153468671
55.18,FSM Enemy 12,FSM,AttackState,None,1.00,13.8,1,0.09,16,,,153468671
55.18,FSM Enemy 3,FSM,PatrolState,None,1.00,60.8,0,0.09,0,,,153468671
55.18,FSM Enemy 10,FSM,PatrolState,None,1.00,75.1,0,0.09,0,,,153468671
55.18,FSM Enemy 14,FSM,PatrolState,None,1.00,42.7,0,0.09,0,,,153468671
55.18,FSM Enemy 8,FSM,PatrolState,None,1.00,56.0,0,0.09,0,,,153468671
55.18,FSM Enemy 13,FSM,PatrolState,None,1.00,58.5,0,0.09,0,,,153468671
55.18,FSM Enemy 15,FSM,PatrolState,None,1.00,42.5,0,0.09,0,,,153468671
55.18,FSM Enemy 1,FSM,PatrolState,None,1.00,77.1,0,0.09,0,,,153468671
55.18,FSM Enemy 9,FSM,PatrolState,None,1.00,23.4,0,0.09,16,,,153468671
55.18,FSM Enemy 2,FSM,PatrolState,None,1.00,58.6,0,0.09,0,,,153468671
55.18,FSM Enemy 11,FSM,PatrolState,None,1.00,58.3,0,0.09,0,,,153468671
55.18,Utility Enemy 7,Utility,PatrolAction,None,1.00,53.4,0,0.09,8,0.120,0.000,153468671
55.18,Utility Enemy 1,Utility,PatrolAction,None,1.00,42.8,0,0.09,0,0.120,0.000,153468671
55.18,Utility Enemy 15,Utility,PatrolAction,None,1.00,65.7,0,0.09,0,0.120,0.000,153468671
55.18,Utility Enemy 14,Utility,PatrolAction,None,1.00,72.7,0,0.09,8,0.120,0.000,153468671
55.18,Utility Enemy 4,Utility,PatrolAction,None,1.00,44.0,0,0.09,0,0.120,0.000,153468671
55.18,Utility Enemy 12,Utility,PatrolAction,None,1.00,45.3,0,0.09,0,0.120,0.000,153468671
55.18,Utility Enemy 13,Utility,PatrolAction,None,1.00,37.2,0,0.09,0,0.120,0.000,153468671
55.18,Utility Enemy 5,Utility,PatrolAction,None,1.00,50.2,0,0.09,0,0.120,0.000,153468671
55.18,Utility Enemy 11,Utility,PatrolAction,None,1.00,43.4,0,0.09,0,0.120,0.000,153468671
55.18,Utility Enemy 8,Utility,PatrolAction,None,1.00,37.5,0,0.09,0,0.120,0.000,153468671
55.18,Utility Enemy 10,Utility,Dead,None,0.00,17.8,0,0.09,16,0.850,0.300,153468671
55.18,Utility Enemy 2,Utility,PatrolAction,None,1.00,56.7,0,0.09,0,0.120,0.000,153468671
55.18,Utility Enemy 6,Utility,PatrolAction,None,1.00,56.5,0,0.09,0,0.120,0.000,153468671
55.18,Utility Enemy 3,Utility,PatrolAction,None,1.00,75.4,0,0.09,0,0.120,0.000,153468671
55.18,Utility Enemy 9,Utility,PatrolAction,None,0.50,8.2,0,0.09,16,0.120,0.000,153468671
56.18,Player,Player,-,None,0.09,,0,0.09,,,,153468671
56.18,FSM Enemy 7,FSM,PatrolState,None,1.00,47.4,0,0.09,0,,,153468671
56.18,FSM Enemy 4,FSM,AttackState,None,1.00,9.5,1,0.09,16,,,153468671
56.18,FSM Enemy 6,FSM,PatrolState,None,1.00,18.2,0,0.09,40,,,153468671
56.18,FSM Enemy 5,FSM,PatrolState,None,1.00,65.9,0,0.09,0,,,153468671
56.18,FSM Enemy 12,FSM,ChaseState,None,1.00,17.2,0,0.09,16,,,153468671
56.18,FSM Enemy 3,FSM,PatrolState,None,1.00,59.0,0,0.09,0,,,153468671
56.18,FSM Enemy 10,FSM,PatrolState,None,1.00,69.2,0,0.09,0,,,153468671
56.18,FSM Enemy 14,FSM,PatrolState,None,1.00,42.0,0,0.09,0,,,153468671
56.18,FSM Enemy 8,FSM,PatrolState,None,1.00,51.5,0,0.09,0,,,153468671
56.18,FSM Enemy 13,FSM,PatrolState,None,1.00,56.5,0,0.09,0,,,153468671
56.18,FSM Enemy 15,FSM,PatrolState,None,1.00,38.1,0,0.09,0,,,153468671
56.18,FSM Enemy 1,FSM,PatrolState,None,1.00,75.3,0,0.09,0,,,153468671
56.18,FSM Enemy 9,FSM,PatrolState,None,1.00,19.7,0,0.09,16,,,153468671
56.18,FSM Enemy 2,FSM,PatrolState,None,1.00,58.0,0,0.09,0,,,153468671
56.18,FSM Enemy 11,FSM,PatrolState,None,1.00,56.1,0,0.09,0,,,153468671
56.18,Utility Enemy 7,Utility,PatrolAction,None,1.00,51.6,0,0.09,8,0.120,0.000,153468671
56.18,Utility Enemy 1,Utility,PatrolAction,None,1.00,39.8,0,0.09,0,0.120,0.000,153468671
56.18,Utility Enemy 15,Utility,PatrolAction,None,1.00,62.9,0,0.09,0,0.120,0.000,153468671
56.18,Utility Enemy 14,Utility,PatrolAction,None,1.00,73.2,0,0.09,8,0.120,0.000,153468671
56.18,Utility Enemy 4,Utility,PatrolAction,None,1.00,40.4,0,0.09,0,0.120,0.000,153468671
56.18,Utility Enemy 12,Utility,PatrolAction,None,1.00,46.7,0,0.09,0,0.120,0.000,153468671
56.18,Utility Enemy 13,Utility,PatrolAction,None,1.00,31.3,0,0.09,0,0.120,0.000,153468671
56.18,Utility Enemy 5,Utility,PatrolAction,None,1.00,47.0,0,0.09,0,0.120,0.000,153468671
56.18,Utility Enemy 11,Utility,PatrolAction,None,1.00,35.2,0,0.09,0,0.120,0.000,153468671
56.18,Utility Enemy 8,Utility,PatrolAction,None,1.00,31.2,0,0.09,0,0.120,0.000,153468671
56.18,Utility Enemy 10,Utility,Dead,None,0.00,22.0,0,0.09,16,0.850,0.300,153468671
56.18,Utility Enemy 2,Utility,PatrolAction,None,1.00,55.8,0,0.09,0,0.120,0.000,153468671
56.18,Utility Enemy 6,Utility,PatrolAction,None,1.00,52.7,0,0.09,0,0.120,0.000,153468671
56.18,Utility Enemy 3,Utility,PatrolAction,None,1.00,75.4,0,0.09,0,0.120,0.000,153468671
56.18,Utility Enemy 9,Utility,PatrolAction,None,0.50,6.0,0,0.09,16,0.120,0.000,153468671
57.19,Player,Player,-,None,0.04,,0,0.04,,,,153468671
57.19,FSM Enemy 7,FSM,PatrolState,None,1.00,45.1,0,0.04,0,,,153468671
57.19,FSM Enemy 4,FSM,AttackState,None,1.00,11.4,1,0.04,24,,,153468671
57.19,FSM Enemy 6,FSM,PatrolState,None,1.00,17.4,0,0.04,40,,,153468671
57.19,FSM Enemy 5,FSM,PatrolState,None,1.00,68.6,0,0.04,0,,,153468671
57.19,FSM Enemy 12,FSM,ChaseState,None,1.00,11.8,0,0.04,16,,,153468671
57.19,FSM Enemy 3,FSM,PatrolState,None,1.00,63.9,0,0.04,0,,,153468671
57.19,FSM Enemy 10,FSM,PatrolState,None,1.00,69.5,0,0.04,0,,,153468671
57.19,FSM Enemy 14,FSM,PatrolState,None,1.00,48.2,0,0.04,0,,,153468671
57.19,FSM Enemy 8,FSM,PatrolState,None,1.00,53.2,0,0.04,0,,,153468671
57.19,FSM Enemy 13,FSM,PatrolState,None,1.00,57.2,0,0.04,0,,,153468671
57.19,FSM Enemy 15,FSM,PatrolState,None,1.00,37.7,0,0.04,0,,,153468671
57.19,FSM Enemy 1,FSM,PatrolState,None,1.00,79.6,0,0.04,0,,,153468671
57.19,FSM Enemy 9,FSM,PatrolState,None,1.00,17.6,0,0.04,16,,,153468671
57.19,FSM Enemy 2,FSM,PatrolState,None,1.00,64.4,0,0.04,0,,,153468671
57.19,FSM Enemy 11,FSM,PatrolState,None,1.00,55.7,0,0.04,0,,,153468671
57.19,Utility Enemy 7,Utility,PatrolAction,None,1.00,50.2,0,0.04,8,0.120,0.000,153468671
57.19,Utility Enemy 1,Utility,PatrolAction,None,1.00,41.7,0,0.04,0,0.120,0.000,153468671
57.19,Utility Enemy 15,Utility,PatrolAction,None,1.00,66.6,0,0.04,0,0.120,0.000,153468671
57.19,Utility Enemy 14,Utility,PatrolAction,None,1.00,80.3,0,0.04,8,0.120,0.000,153468671
57.19,Utility Enemy 4,Utility,PatrolAction,None,1.00,44.7,0,0.04,0,0.120,0.000,153468671
57.19,Utility Enemy 12,Utility,PatrolAction,None,1.00,52.0,0,0.04,0,0.120,0.000,153468671
57.19,Utility Enemy 13,Utility,PatrolAction,None,1.00,31.9,0,0.04,0,0.120,0.000,153468671
57.19,Utility Enemy 5,Utility,PatrolAction,None,1.00,50.2,0,0.04,0,0.120,0.000,153468671
57.19,Utility Enemy 11,Utility,PatrolAction,None,1.00,38.5,0,0.04,0,0.120,0.000,153468671
57.19,Utility Enemy 8,Utility,PatrolAction,None,1.00,29.6,0,0.04,0,0.120,0.000,153468671
57.19,Utility Enemy 10,Utility,Dead,None,0.00,22.5,0,0.04,16,0.850,0.300,153468671
57.19,Utility Enemy 2,Utility,PatrolAction,None,1.00,62.0,0,0.04,0,0.120,0.000,153468671
57.19,Utility Enemy 6,Utility,PatrolAction,None,1.00,52.3,0,0.04,0,0.120,0.000,153468671
57.19,Utility Enemy 3,Utility,PatrolAction,None,1.00,80.7,0,0.04,0,0.120,0.000,153468671
57.19,Utility Enemy 9,Utility,PatrolAction,None,0.50,0.8,0,0.04,16,0.120,0.000,153468671
58.19,Player,Player,-,None,0.00,,0,0.00,,,,153468671
58.19,FSM Enemy 7,FSM,PatrolState,None,1.00,45.7,0,0.00,0,,,153468671
58.19,FSM Enemy 4,FSM,AttackState,None,1.00,13.8,1,0.00,32,,,153468671
58.19,FSM Enemy 6,FSM,PatrolState,None,1.00,14.4,0,0.00,40,,,153468671
58.19,FSM Enemy 5,FSM,PatrolState,None,1.00,72.9,0,0.00,0,,,153468671
58.19,FSM Enemy 12,FSM,AttackState,None,1.00,7.9,1,0.00,16,,,153468671
58.19,FSM Enemy 3,FSM,PatrolState,None,1.00,68.5,0,0.00,0,,,153468671
58.19,FSM Enemy 10,FSM,PatrolState,None,1.00,70.3,0,0.00,0,,,153468671
58.19,FSM Enemy 14,FSM,PatrolState,None,1.00,51.1,0,0.00,0,,,153468671
58.19,FSM Enemy 8,FSM,PatrolState,None,1.00,55.6,0,0.00,0,,,153468671
58.19,FSM Enemy 13,FSM,PatrolState,None,1.00,60.6,0,0.00,0,,,153468671
58.19,FSM Enemy 15,FSM,PatrolState,None,1.00,39.2,0,0.00,0,,,153468671
58.19,FSM Enemy 1,FSM,PatrolState,None,1.00,84.3,0,0.00,0,,,153468671
58.19,FSM Enemy 9,FSM,PatrolState,None,1.00,19.9,0,0.00,16,,,153468671
58.19,FSM Enemy 2,FSM,PatrolState,None,1.00,68.6,0,0.00,0,,,153468671
58.19,FSM Enemy 11,FSM,PatrolState,None,1.00,57.7,0,0.00,0,,,153468671
58.19,Utility Enemy 7,Utility,PatrolAction,None,1.00,55.4,0,0.00,8,0.120,0.000,153468671
58.19,Utility Enemy 1,Utility,PatrolAction,None,1.00,47.6,0,0.00,0,0.120,0.000,153468671
58.19,Utility Enemy 15,Utility,PatrolAction,None,1.00,72.5,0,0.00,0,0.120,0.000,153468671
58.19,Utility Enemy 14,Utility,PatrolAction,None,1.00,83.2,0,0.00,8,0.120,0.000,153468671
58.19,Utility Enemy 4,Utility,PatrolAction,None,1.00,50.7,0,0.00,0,0.120,0.000,153468671
58.19,Utility Enemy 12,Utility,PatrolAction,None,1.00,49.8,0,0.00,0,0.120,0.000,153468671
58.19,Utility Enemy 13,Utility,PatrolAction,None,1.00,30.8,0,0.00,0,0.120,0.000,153468671
58.19,Utility Enemy 5,Utility,PatrolAction,None,1.00,52.8,0,0.00,0,0.120,0.000,153468671
58.19,Utility Enemy 11,Utility,PatrolAction,None,1.00,45.0,0,0.00,0,0.120,0.000,153468671
58.19,Utility Enemy 8,Utility,PatrolAction,None,1.00,31.0,0,0.00,0,0.120,0.000,153468671
58.19,Utility Enemy 10,Utility,Dead,None,0.00,21.1,0,0.00,16,0.850,0.300,153468671
58.19,Utility Enemy 2,Utility,PatrolAction,None,1.00,68.2,0,0.00,0,0.120,0.000,153468671
58.19,Utility Enemy 6,Utility,PatrolAction,None,1.00,54.6,0,0.00,0,0.120,0.000,153468671
58.19,Utility Enemy 3,Utility,PatrolAction,None,1.00,83.8,0,0.00,0,0.120,0.000,153468671
58.19,Utility Enemy 9,Utility,PatrolAction,None,0.50,2.3,0,0.00,16,0.120,0.000,153468671
