time,enemyId,aiType,action,activeGlitch,health,distToPlayer,canSeePlayer
0.00,Player,Player,-,None,1.00,,0
0.00,FSM Enemy 6,FSM,PatrolState,None,1.00,28.1,0
0.00,FSM Enemy 12,FSM,PatrolState,None,1.00,38.1,0
0.00,FSM Enemy 4,FSM,PatrolState,None,1.00,48.9,0
0.00,FSM Enemy 2,FSM,PatrolState,None,1.00,89.4,0
0.00,FSM Enemy 13,FSM,PatrolState,None,1.00,49.2,0
0.00,FSM Enemy 10,FSM,PatrolState,None,1.00,66.4,0
0.00,FSM Enemy 3,FSM,PatrolState,None,0.90,82.0,0
0.00,FSM Enemy 1,FSM,PatrolState,None,1.00,89.4,0
0.00,FSM Enemy 14,FSM,PatrolState,None,1.00,75.0,0
0.00,FSM Enemy 8,FSM,PatrolState,None,1.00,48.1,0
0.00,FSM Enemy 11,FSM,PatrolState,None,1.00,37.9,0
0.00,FSM Enemy 15,FSM,PatrolState,None,1.00,28.5,0
0.00,FSM Enemy 7,FSM,PatrolState,None,1.00,28.1,0
0.00,FSM Enemy 5,FSM,PatrolState,None,1.00,69.3,0
0.00,FSM Enemy 9,FSM,PatrolState,None,1.00,33.4,0
0.00,Utility Enemy 10,Utility,AttackAction,None,1.00,30.2,0
0.00,Utility Enemy 8,Utility,AttackAction,None,1.00,77.4,0
0.00,Utility Enemy 6,Utility,AttackAction,None,1.00,42.0,0
0.00,Utility Enemy 4,Utility,AttackAction,None,1.00,62.9,0
0.00,Utility Enemy 11,Utility,AttackAction,None,1.00,33.7,0
0.00,Utility Enemy 15,Utility,AttackAction,None,1.00,80.1,0
0.00,Utility Enemy 1,Utility,AttackAction,None,1.00,84.4,0
0.00,Utility Enemy 12,Utility,AttackAction,None,1.00,33.7,0
0.00,Utility Enemy 9,Utility,AttackAction,None,1.00,44.6,0
0.00,Utility Enemy 5,Utility,AttackAction,None,1.00,84.0,0
0.00,Utility Enemy 3,Utility,AttackAction,None,1.00,62.9,0
0.00,Utility Enemy 7,Utility,AttackAction,None,1.00,42.0,0
0.00,Utility Enemy 14,Utility,AttackAction,None,1.00,50.6,0
0.00,Utility Enemy 2,Utility,AttackAction,None,1.00,84.4,0
0.00,Utility Enemy 13,Utility,AttackAction,None,1.00,50.6,0
0.50,Player,Player,-,None,1.00,,0
0.50,FSM Enemy 6,FSM,PatrolState,None,1.00,28.5,0
0.50,FSM Enemy 12,FSM,PatrolState,None,1.00,38.6,0
0.50,FSM Enemy 4,FSM,PatrolState,None,1.00,48.3,0
0.50,FSM Enemy 2,FSM,PatrolState,None,1.00,88.7,0
0.50,FSM Enemy 13,FSM,PatrolState,None,1.00,47.3,0
0.50,FSM Enemy 10,FSM,PatrolState,None,1.00,64.3,0
0.50,FSM Enemy 3,FSM,PatrolState,None,0.90,81.1,0
0.50,FSM Enemy 1,FSM,PatrolState,None,1.00,88.6,0
0.50,FSM Enemy 14,FSM,PatrolState,None,1.00,73.7,0
0.50,FSM Enemy 8,FSM,PatrolState,None,1.00,46.9,0
0.50,FSM Enemy 11,FSM,PatrolState,None,1.00,36.3,0
0.50,FSM Enemy 15,FSM,PatrolState,None,1.00,27.3,0
0.50,FSM Enemy 7,FSM,PatrolState,None,1.00,27.6,0
0.50,FSM Enemy 5,FSM,PatrolState,None,1.00,66.9,0
0.50,FSM Enemy 9,FSM,PatrolState,None,1.00,31.5,0
0.50,Utility Enemy 10,Utility,AttackAction,None,1.00,31.1,0
0.50,Utility Enemy 8,Utility,AttackAction,None,1.00,75.7,0
0.50,Utility Enemy 6,Utility,AttackAction,None,1.00,41.6,0
0.50,Utility Enemy 4,Utility,AttackAction,None,1.00,61.4,0
0.50,Utility Enemy 11,Utility,AttackAction,None,1.00,32.9,0
0.50,Utility Enemy 15,Utility,AttackAction,None,1.00,78.4,0
0.50,Utility Enemy 1,Utility,AttackAction,None,1.00,82.7,0
0.50,Utility Enemy 12,Utility,AttackAction,None,1.00,34.0,0
0.50,Utility Enemy 9,Utility,AttackAction,None,1.00,44.6,0
0.50,Utility Enemy 5,Utility,AttackAction,None,1.00,82.4,0
0.50,Utility Enemy 3,Utility,AttackAction,None,1.00,62.2,0
0.50,Utility Enemy 7,Utility,AttackAction,None,1.00,42.7,0
0.50,Utility Enemy 14,Utility,AttackAction,None,1.00,50.3,0
0.50,Utility Enemy 2,Utility,AttackAction,None,1.00,83.0,0
0.50,Utility Enemy 13,Utility,AttackAction,None,1.00,49.3,0
1.01,Player,Player,-,None,1.00,,0
1.01,FSM Enemy 6,FSM,PatrolState,None,1.00,29.6,0
1.01,FSM Enemy 12,FSM,PatrolState,None,1.00,40.6,0
1.01,FSM Enemy 4,FSM,PatrolState,None,1.00,49.5,0
1.01,FSM Enemy 2,FSM,PatrolState,None,1.00,90.0,0
1.01,FSM Enemy 13,FSM,PatrolState,None,1.00,44.4,0
1.01,FSM Enemy 10,FSM,PatrolState,None,1.00,63.8,0
1.01,FSM Enemy 3,FSM,PatrolState,None,0.90,81.8,0
1.01,FSM Enemy 1,FSM,PatrolState,None,1.00,88.6,0
1.01,FSM Enemy 14,FSM,PatrolState,None,1.00,74.4,0
1.01,FSM Enemy 8,FSM,PatrolState,None,1.00,47.1,0
1.01,FSM Enemy 11,FSM,PatrolState,None,1.00,33.6,0
1.01,FSM Enemy 15,FSM,PatrolState,None,1.00,26.0,0
1.01,FSM Enemy 7,FSM,PatrolState,None,1.00,25.5,0
1.01,FSM Enemy 5,FSM,PatrolState,None,1.00,64.7,0
1.01,FSM Enemy 9,FSM,PatrolState,None,1.00,31.3,0
1.01,Utility Enemy 10,Utility,AttackAction,None,1.00,33.1,0
1.01,Utility Enemy 8,Utility,AttackAction,None,1.00,74.4,0
1.01,Utility Enemy 6,Utility,AttackAction,None,1.00,39.6,0
1.01,Utility Enemy 4,Utility,AttackAction,None,1.00,59.8,0
1.01,Utility Enemy 11,Utility,AttackAction,None,1.00,30.9,0
1.01,Utility Enemy 15,Utility,AttackAction,None,1.00,77.4,0
1.01,Utility Enemy 1,Utility,AttackAction,None,1.00,82.0,0
1.01,Utility Enemy 12,Utility,AttackAction,None,1.00,36.0,0
1.01,Utility Enemy 9,Utility,AttackAction,None,1.00,46.5,0
1.01,Utility Enemy 5,Utility,AttackAction,None,1.00,82.2,0
1.01,Utility Enemy 3,Utility,AttackAction,None,1.00,63.5,0
1.01,Utility Enemy 7,Utility,AttackAction,None,1.00,44.8,0
1.01,Utility Enemy 14,Utility,AttackAction,None,1.00,52.0,0
1.01,Utility Enemy 2,Utility,AttackAction,None,1.00,83.3,0
1.01,Utility Enemy 13,Utility,AttackAction,None,1.00,47.4,0
1.51,Player,Player,-,None,1.00,,0
1.51,FSM Enemy 6,FSM,PatrolState,None,1.00,30.4,0
1.51,FSM Enemy 12,FSM,PatrolState,None,1.00,42.3,0
1.51,FSM Enemy 4,FSM,PatrolState,None,1.00,51.0,0
1.51,FSM Enemy 2,FSM,PatrolState,None,1.00,92.0,0
1.51,FSM Enemy 13,FSM,PatrolState,None,1.00,42.0,0
1.51,FSM Enemy 10,FSM,PatrolState,None,1.00,64.0,0
1.51,FSM Enemy 3,FSM,PatrolState,None,0.90,83.6,0
1.51,FSM Enemy 1,FSM,PatrolState,None,1.00,89.5,0
1.51,FSM Enemy 14,FSM,PatrolState,None,1.00,75.9,0
1.51,FSM Enemy 8,FSM,PatrolState,None,1.00,48.0,0
1.51,FSM Enemy 11,FSM,PatrolState,None,1.00,31.5,0
1.51,FSM Enemy 15,FSM,PatrolState,None,1.00,25.6,0
1.51,FSM Enemy 7,FSM,PatrolState,None,1.00,23.7,0
1.51,FSM Enemy 5,FSM,PatrolState,None,1.00,65.0,0
1.51,FSM Enemy 9,FSM,PatrolState,None,1.00,31.7,0
1.51,Utility Enemy 10,Utility,AttackAction,None,1.00,34.7,0
1.51,Utility Enemy 8,Utility,AttackAction,None,1.00,74.0,0
1.51,Utility Enemy 6,Utility,AttackAction,None,1.00,37.8,0
1.51,Utility Enemy 4,Utility,AttackAction,None,1.00,59.0,0
1.51,Utility Enemy 11,Utility,AttackAction,None,1.00,29.2,0
1.51,Utility Enemy 15,Utility,AttackAction,None,1.00,77.2,0
1.51,Utility Enemy 1,Utility,AttackAction,None,1.00,82.2,0
1.51,Utility Enemy 12,Utility,AttackAction,None,1.00,37.7,0
1.51,Utility Enemy 9,Utility,AttackAction,None,1.00,48.3,0
1.51,Utility Enemy 5,Utility,AttackAction,None,1.00,82.8,0
1.51,Utility Enemy 3,Utility,AttackAction,None,1.00,65.1,0
1.51,Utility Enemy 7,Utility,AttackAction,None,1.00,46.4,0
1.51,Utility Enemy 14,Utility,AttackAction,None,1.00,53.8,0
1.51,Utility Enemy 2,Utility,AttackAction,None,1.00,84.2,0
1.51,Utility Enemy 13,Utility,AttackAction,None,1.00,46.2,0
2.01,Player,Player,-,None,1.00,,0
2.01,FSM Enemy 6,FSM,PatrolState,None,1.00,32.8,0
2.01,FSM Enemy 12,FSM,PatrolState,None,1.00,44.9,0
2.01,FSM Enemy 4,FSM,PatrolState,None,1.00,53.3,0
2.01,FSM Enemy 2,FSM,PatrolState,None,1.00,94.7,0
2.01,FSM Enemy 13,FSM,PatrolState,None,1.00,39.0,0
2.01,FSM Enemy 10,FSM,PatrolState,None,1.00,65.3,0
2.01,FSM Enemy 3,FSM,PatrolState,None,0.90,85.9,0
2.01,FSM Enemy 1,FSM,PatrolState,None,1.00,90.5,0
2.01,FSM Enemy 14,FSM,PatrolState,None,1.00,79.0,0
2.01,FSM Enemy 8,FSM,PatrolState,None,1.00,49.2,0
2.01,FSM Enemy 11,FSM,PatrolState,None,1.00,29.0,0
2.01,FSM Enemy 15,FSM,PatrolState,None,1.00,25.4,0
2.01,FSM Enemy 7,FSM,PatrolState,None,1.00,21.2,0
2.01,FSM Enemy 5,FSM,PatrolState,None,1.00,65.5,0
2.01,FSM Enemy 9,FSM,PatrolState,None,1.00,32.7,0
2.01,Utility Enemy 10,Utility,AttackAction,None,1.00,37.2,0
2.01,Utility Enemy 8,Utility,AttackAction,None,1.00,73.5,0
2.01,Utility Enemy 6,Utility,AttackAction,None,1.00,35.2,0
2.01,Utility Enemy 4,Utility,AttackAction,None,1.00,58.0,0
2.01,Utility Enemy 11,Utility,AttackAction,None,1.00,26.9,0
2.01,Utility Enemy 15,Utility,AttackAction,None,1.00,77.1,0
2.01,Utility Enemy 1,Utility,AttackAction,None,1.00,82.6,0
2.01,Utility Enemy 12,Utility,AttackAction,None,1.00,40.4,0
2.01,Utility Enemy 9,Utility,AttackAction,None,1.00,51.0,0
2.01,Utility Enemy 5,Utility,AttackAction,None,1.00,83.8,0
2.01,Utility Enemy 3,Utility,AttackAction,None,1.00,67.6,0
2.01,Utility Enemy 7,Utility,AttackAction,None,1.00,49.0,0
2.01,Utility Enemy 14,Utility,AttackAction,None,1.00,56.5,0
2.01,Utility Enemy 2,Utility,AttackAction,None,1.00,85.9,0
2.01,Utility Enemy 13,Utility,AttackAction,None,1.00,44.5,0
2.52,Player,Player,-,None,1.00,,0
2.52,FSM Enemy 6,FSM,PatrolState,None,1.00,34.7,0
2.52,FSM Enemy 12,FSM,PatrolState,None,1.00,46.9,0
2.52,FSM Enemy 4,FSM,PatrolState,None,1.00,54.9,0
2.52,FSM Enemy 2,FSM,PatrolState,None,1.00,96.6,0
2.52,FSM Enemy 13,FSM,PatrolState,None,1.00,36.2,0
2.52,FSM Enemy 10,FSM,PatrolState,None,1.00,66.4,0
2.52,FSM Enemy 3,FSM,PatrolState,None,0.90,86.7,0
2.52,FSM Enemy 1,FSM,PatrolState,None,1.00,91.3,0
2.52,FSM Enemy 14,FSM,PatrolState,None,1.00,81.3,0
2.52,FSM Enemy 8,FSM,PatrolState,None,1.00,50.0,0
2.52,FSM Enemy 11,FSM,PatrolState,None,1.00,26.9,0
2.52,FSM Enemy 15,FSM,PatrolState,None,1.00,25.5,0
2.52,FSM Enemy 7,FSM,PatrolState,None,1.00,19.5,0
2.52,FSM Enemy 5,FSM,PatrolState,None,1.00,65.8,0
2.52,FSM Enemy 9,FSM,PatrolState,None,1.00,33.5,0
2.52,Utility Enemy 10,Utility,AttackAction,None,1.00,39.2,0
2.52,Utility Enemy 8,Utility,AttackAction,None,1.00,72.8,0
2.52,Utility Enemy 6,Utility,AttackAction,None,1.00,33.1,0
2.52,Utility Enemy 4,Utility,AttackAction,None,1.00,57.0,0
2.52,Utility Enemy 11,Utility,AttackAction,None,1.00,25.0,0
2.52,Utility Enemy 15,Utility,AttackAction,None,1.00,76.8,0
2.52,Utility Enemy 1,Utility,AttackAction,None,1.00,82.6,0
2.52,Utility Enemy 12,Utility,AttackAction,None,1.00,42.5,0
2.52,Utility Enemy 9,Utility,AttackAction,None,1.00,53.1,0
2.52,Utility Enemy 5,Utility,AttackAction,None,1.00,84.4,0
2.52,Utility Enemy 3,Utility,AttackAction,None,1.00,69.4,0
2.52,Utility Enemy 7,Utility,AttackAction,None,1.00,51.0,0
2.52,Utility Enemy 14,Utility,AttackAction,None,1.00,58.5,0
2.52,Utility Enemy 2,Utility,AttackAction,None,1.00,86.9,0
2.52,Utility Enemy 13,Utility,AttackAction,None,1.00,43.0,0
3.02,Player,Player,-,None,1.00,,0
3.02,FSM Enemy 6,FSM,PatrolState,None,1.00,36.5,0
3.02,FSM Enemy 12,FSM,PatrolState,None,1.00,48.9,0
3.02,FSM Enemy 4,FSM,PatrolState,None,1.00,56.4,0
3.02,FSM Enemy 2,FSM,PatrolState,None,1.00,97.6,0
3.02,FSM Enemy 13,FSM,PatrolState,None,1.00,34.1,0
3.02,FSM Enemy 10,FSM,PatrolState,None,1.00,67.4,0
3.02,FSM Enemy 3,FSM,PatrolState,None,0.90,86.0,0
3.02,FSM Enemy 1,FSM,PatrolState,None,1.00,92.0,0
3.02,FSM Enemy 14,FSM,PatrolState,None,1.00,83.5,0
3.02,FSM Enemy 8,FSM,PatrolState,None,1.00,50.6,0
3.02,FSM Enemy 11,FSM,PatrolState,None,1.00,24.0,0
3.02,FSM Enemy 15,FSM,PatrolState,None,1.00,25.8,0
3.02,FSM Enemy 7,FSM,PatrolState,None,1.00,17.2,0
3.02,FSM Enemy 5,FSM,PatrolState,None,1.00,66.0,0
3.02,FSM Enemy 9,FSM,PatrolState,None,1.00,35.2,0
3.02,Utility Enemy 10,Utility,AttackAction,None,1.00,41.1,0
3.02,Utility Enemy 8,Utility,AttackAction,None,1.00,72.1,0
3.02,Utility Enemy 6,Utility,AttackAction,None,1.00,31.1,0
3.02,Utility Enemy 4,Utility,AttackAction,None,1.00,55.9,0
3.02,Utility Enemy 11,Utility,AttackAction,None,1.00,23.2,0
3.02,Utility Enemy 15,Utility,AttackAction,None,1.00,76.4,0
3.02,Utility Enemy 1,Utility,AttackAction,None,1.00,82.6,0
3.02,Utility Enemy 12,Utility,AttackAction,None,1.00,44.5,0
3.02,Utility Enemy 9,Utility,AttackAction,None,1.00,55.0,0
3.02,Utility Enemy 5,Utility,AttackAction,None,1.00,84.8,0
3.02,Utility Enemy 3,Utility,AttackAction,None,1.00,71.1,0
3.02,Utility Enemy 7,Utility,AttackAction,None,1.00,53.0,0
3.02,Utility Enemy 14,Utility,AttackAction,None,1.00,60.4,0
3.02,Utility Enemy 2,Utility,AttackAction,None,1.00,87.7,0
3.02,Utility Enemy 13,Utility,AttackAction,None,1.00,41.5,0
3.52,Player,Player,-,None,1.00,,0
3.52,FSM Enemy 6,FSM,PatrolState,None,1.00,39.5,0
3.52,FSM Enemy 12,FSM,PatrolState,None,1.00,52.1,0
3.52,FSM Enemy 4,FSM,PatrolState,None,1.00,59.6,0
3.52,FSM Enemy 2,FSM,PatrolState,None,1.00,99.1,0
3.52,FSM Enemy 13,FSM,PatrolState,None,1.00,31.9,0
3.52,FSM Enemy 10,FSM,PatrolState,None,1.00,68.7,0
3.52,FSM Enemy 3,FSM,PatrolState,None,0.90,85.2,0
3.52,FSM Enemy 1,FSM,PatrolState,None,1.00,91.6,0
3.52,FSM Enemy 14,FSM,PatrolState,None,1.00,86.3,0
3.52,FSM Enemy 8,FSM,PatrolState,None,1.00,51.0,0
3.52,FSM Enemy 11,FSM,PatrolState,None,1.00,21.1,0
3.52,FSM Enemy 15,FSM,PatrolState,None,1.00,25.9,0
3.52,FSM Enemy 7,FSM,AttackState,None,0.90,13.8,1
3.52,FSM Enemy 5,FSM,PatrolState,None,1.00,65.6,0
3.52,FSM Enemy 9,FSM,PatrolState,None,1.00,37.4,0
3.52,Utility Enemy 10,Utility,AttackAction,None,1.00,44.1,0
3.52,Utility Enemy 8,Utility,AttackAction,None,1.00,70.9,0
3.52,Utility Enemy 6,Utility,AttackAction,None,1.00,28.1,0
3.52,Utility Enemy 4,Utility,AttackAction,None,1.00,54.2,0
3.52,Utility Enemy 11,Utility,Dead,None,0.00,20.3,0
3.52,Utility Enemy 15,Utility,AttackAction,None,1.00,75.5,0
3.52,Utility Enemy 1,Utility,AttackAction,None,1.00,82.3,0
3.52,Utility Enemy 12,Utility,AttackAction,None,1.00,47.5,0
3.52,Utility Enemy 9,Utility,AttackAction,None,1.00,58.0,0
3.52,Utility Enemy 5,Utility,AttackAction,None,1.00,85.3,0
3.52,Utility Enemy 3,Utility,AttackAction,None,1.00,73.5,0
3.52,Utility Enemy 7,Utility,AttackAction,None,1.00,56.0,0
3.52,Utility Enemy 14,Utility,AttackAction,None,1.00,63.2,0
3.52,Utility Enemy 2,Utility,AttackAction,None,1.00,88.9,0
3.52,Utility Enemy 13,Utility,AttackAction,None,1.00,39.1,0
4.03,Player,Player,-,None,1.00,,0
4.03,FSM Enemy 6,FSM,PatrolState,None,1.00,42.8,0
4.03,FSM Enemy 12,FSM,PatrolState,None,1.00,55.1,0
4.03,FSM Enemy 4,FSM,PatrolState,None,1.00,63.1,0
4.03,FSM Enemy 2,FSM,PatrolState,None,1.00,100.4,0
4.03,FSM Enemy 13,FSM,PatrolState,None,1.00,29.8,0
4.03,FSM Enemy 10,FSM,PatrolState,None,1.00,69.7,0
4.03,FSM Enemy 3,FSM,PatrolState,None,0.90,84.3,0
4.03,FSM Enemy 1,FSM,PatrolState,None,1.00,89.8,0
4.03,FSM Enemy 14,FSM,PatrolState,None,1.00,88.9,0
4.03,FSM Enemy 8,FSM,PatrolState,None,1.00,51.7,0
4.03,FSM Enemy 11,FSM,PatrolState,None,1.00,18.8,0
4.03,FSM Enemy 15,FSM,PatrolState,None,1.00,25.6,0
4.03,FSM Enemy 7,FSM,AttackState,None,0.65,10.9,1
4.03,FSM Enemy 5,FSM,PatrolState,None,1.00,65.1,0
4.03,FSM Enemy 9,FSM,PatrolState,None,1.00,39.9,0
4.03,Utility Enemy 10,Utility,AttackAction,None,1.00,47.2,0
4.03,Utility Enemy 8,Utility,AttackAction,None,1.00,69.6,0
4.03,Utility Enemy 6,Utility,AttackAction,None,1.00,25.0,0
4.03,Utility Enemy 4,Utility,AttackAction,None,1.00,52.4,0
4.03,Utility Enemy 11,Utility,Dead,None,0.00,17.4,0
4.03,Utility Enemy 15,Utility,AttackAction,None,1.00,74.7,0
4.03,Utility Enemy 1,Utility,AttackAction,None,1.00,82.0,0
4.03,Utility Enemy 12,Utility,AttackAction,None,1.00,50.6,0
4.03,Utility Enemy 9,Utility,AttackAction,None,1.00,60.9,0
4.03,Utility Enemy 5,Utility,AttackAction,None,1.00,85.7,0
4.03,Utility Enemy 3,Utility,AttackAction,None,1.00,75.8,0
4.03,Utility Enemy 7,Utility,AttackAction,None,1.00,59.1,0
4.03,Utility Enemy 14,Utility,AttackAction,None,1.00,66.0,0
4.03,Utility Enemy 2,Utility,AttackAction,None,1.00,90.0,0
4.03,Utility Enemy 13,Utility,AttackAction,None,1.00,36.7,0
4.53,Player,Player,-,None,1.00,,0
4.53,FSM Enemy 6,FSM,PatrolState,None,1.00,47.1,0
4.53,FSM Enemy 12,FSM,PatrolState,None,1.00,57.4,0
4.53,FSM Enemy 4,FSM,PatrolState,None,1.00,66.6,0
4.53,FSM Enemy 2,FSM,PatrolState,None,1.00,101.7,0
4.53,FSM Enemy 13,FSM,PatrolState,None,1.00,28.0,0
4.53,FSM Enemy 10,FSM,PatrolState,None,1.00,70.6,0
4.53,FSM Enemy 3,FSM,PatrolState,None,0.90,83.4,0
4.53,FSM Enemy 1,FSM,PatrolState,None,1.00,88.1,0
4.53,FSM Enemy 14,FSM,PatrolState,None,1.00,90.5,0
4.53,FSM Enemy 8,FSM,PatrolState,None,1.00,51.9,0
4.53,FSM Enemy 11,FSM,PatrolState,None,1.00,16.4,0
4.53,FSM Enemy 15,FSM,PatrolState,None,1.00,24.1,0
4.53,FSM Enemy 7,FSM,Dead,None,0.00,8.1,1
4.53,FSM Enemy 5,FSM,PatrolState,None,1.00,63.3,0
4.53,FSM Enemy 9,FSM,PatrolState,None,1.00,42.6,0
4.53,Utility Enemy 10,Utility,AttackAction,None,1.00,50.3,0
4.53,Utility Enemy 8,Utility,AttackAction,None,1.00,68.3,0
4.53,Utility Enemy 6,Utility,AttackAction,None,1.00,22.0,0
4.53,Utility Enemy 4,Utility,AttackAction,None,1.00,50.7,0
4.53,Utility Enemy 11,Utility,Dead,None,0.00,14.5,1
4.53,Utility Enemy 15,Utility,AttackAction,None,1.00,73.9,0
4.53,Utility Enemy 1,Utility,AttackAction,None,1.00,81.7,0
4.53,Utility Enemy 12,Utility,AttackAction,None,1.00,53.6,0
4.53,Utility Enemy 9,Utility,AttackAction,None,1.00,63.9,0
4.53,Utility Enemy 5,Utility,AttackAction,None,1.00,86.1,0
4.53,Utility Enemy 3,Utility,AttackAction,None,1.00,78.2,0
4.53,Utility Enemy 7,Utility,AttackAction,None,1.00,62.2,0
4.53,Utility Enemy 14,Utility,AttackAction,None,1.00,68.7,0
4.53,Utility Enemy 2,Utility,AttackAction,None,1.00,91.1,0
4.53,Utility Enemy 13,Utility,AttackAction,None,1.00,34.4,0
5.03,Player,Player,-,None,1.00,,0
5.03,FSM Enemy 6,FSM,PatrolState,None,1.00,50.6,0
5.03,FSM Enemy 12,FSM,PatrolState,None,1.00,58.9,0
5.03,FSM Enemy 4,FSM,PatrolState,None,1.00,69.6,0
5.03,FSM Enemy 2,FSM,PatrolState,None,1.00,103.2,0
5.03,FSM Enemy 13,FSM,PatrolState,None,1.00,26.9,0
5.03,FSM Enemy 10,FSM,PatrolState,None,1.00,72.2,0
5.03,FSM Enemy 3,FSM,PatrolState,None,0.90,82.5,0
5.03,FSM Enemy 1,FSM,PatrolState,None,1.00,86.5,0
5.03,FSM Enemy 14,FSM,PatrolState,None,1.00,91.5,0
5.03,FSM Enemy 8,FSM,PatrolState,None,1.00,50.9,0
5.03,FSM Enemy 11,FSM,PatrolState,None,1.00,15.0,0
5.03,FSM Enemy 15,FSM,PatrolState,None,1.00,22.9,0
5.03,FSM Enemy 7,FSM,Dead,None,0.00,6.2,1
5.03,FSM Enemy 5,FSM,PatrolState,None,1.00,60.9,0
5.03,FSM Enemy 9,FSM,PatrolState,None,1.00,45.0,0
5.03,Utility Enemy 10,Utility,AttackAction,None,1.00,52.7,0
5.03,Utility Enemy 8,Utility,AttackAction,None,1.00,67.4,0
5.03,Utility Enemy 6,Utility,AttackAction,None,1.00,19.7,1
5.03,Utility Enemy 4,Utility,AttackAction,None,1.00,49.4,0
5.03,Utility Enemy 11,Utility,Dead,None,0.00,12.4,1
5.03,Utility Enemy 15,Utility,AttackAction,None,1.00,73.2,0
5.03,Utility Enemy 1,Utility,AttackAction,None,1.00,81.5,0
5.03,Utility Enemy 12,Utility,AttackAction,None,1.00,55.9,0
5.03,Utility Enemy 9,Utility,AttackAction,None,1.00,66.1,0
5.03,Utility Enemy 5,Utility,AttackAction,None,1.00,86.5,0
5.03,Utility Enemy 3,Utility,AttackAction,None,1.00,80.0,0
5.03,Utility Enemy 7,Utility,AttackAction,None,1.00,64.6,0
5.03,Utility Enemy 14,Utility,AttackAction,None,1.00,70.9,0
5.03,Utility Enemy 2,Utility,AttackAction,None,1.00,91.9,0
5.03,Utility Enemy 13,Utility,AttackAction,None,1.00,32.6,0
5.53,Player,Player,-,None,1.00,,0
5.53,FSM Enemy 6,FSM,PatrolState,None,1.00,53.9,0
5.53,FSM Enemy 12,FSM,PatrolState,None,1.00,60.0,0
5.53,FSM Enemy 4,FSM,PatrolState,None,1.00,72.5,0
5.53,FSM Enemy 2,FSM,PatrolState,None,1.00,105.4,0
5.53,FSM Enemy 13,FSM,PatrolState,None,1.00,26.8,0
5.53,FSM Enemy 10,FSM,PatrolState,None,1.00,74.4,0
5.53,FSM Enemy 3,FSM,PatrolState,None,0.90,82.1,0
5.53,FSM Enemy 1,FSM,PatrolState,None,1.00,85.7,0
5.53,FSM Enemy 14,FSM,PatrolState,None,1.00,92.8,0
5.53,FSM Enemy 8,FSM,PatrolState,None,1.00,50.6,0
5.53,FSM Enemy 11,FSM,PatrolState,None,1.00,14.0,0
5.53,FSM Enemy 15,FSM,PatrolState,None,1.00,22.3,0
5.53,FSM Enemy 7,FSM,Dead,None,0.00,5.2,1
5.53,FSM Enemy 5,FSM,PatrolState,None,1.00,59.2,0
5.53,FSM Enemy 9,FSM,PatrolState,None,1.00,47.8,0
5.53,Utility Enemy 10,Utility,AttackAction,None,1.00,54.7,0
5.53,Utility Enemy 8,Utility,AttackAction,None,1.00,67.2,0
5.53,Utility Enemy 6,Utility,SpreadFireAction,None,1.00,17.5,1
5.53,Utility Enemy 4,Utility,AttackAction,None,1.00,48.9,0
5.53,Utility Enemy 11,Utility,Dead,None,0.00,11.0,1
5.53,Utility Enemy 15,Utility,AttackAction,None,1.00,73.4,0
5.53,Utility Enemy 1,Utility,AttackAction,None,1.00,82.0,0
5.53,Utility Enemy 12,Utility,AttackAction,None,1.00,58.0,0
5.53,Utility Enemy 9,Utility,AttackAction,None,1.00,68.2,0
5.53,Utility Enemy 5,Utility,AttackAction,None,1.00,87.4,0
5.53,Utility Enemy 3,Utility,AttackAction,None,1.00,81.9,0
5.53,Utility Enemy 7,Utility,AttackAction,None,1.00,66.6,0
5.53,Utility Enemy 14,Utility,AttackAction,None,1.00,72.9,0
5.53,Utility Enemy 2,Utility,AttackAction,None,1.00,93.2,0
5.53,Utility Enemy 13,Utility,AttackAction,None,1.00,31.6,0
6.04,Player,Player,-,None,0.95,,0
6.04,FSM Enemy 6,FSM,PatrolState,None,1.00,56.9,0
6.04,FSM Enemy 12,FSM,PatrolState,None,1.00,61.4,0
6.04,FSM Enemy 4,FSM,PatrolState,None,1.00,75.3,0
6.04,FSM Enemy 2,FSM,PatrolState,None,1.00,107.5,0
6.04,FSM Enemy 13,FSM,PatrolState,None,1.00,26.9,0
6.04,FSM Enemy 10,FSM,PatrolState,None,1.00,76.5,0
6.04,FSM Enemy 3,FSM,PatrolState,None,0.90,81.8,0
6.04,FSM Enemy 1,FSM,PatrolState,None,1.00,84.9,0
6.04,FSM Enemy 14,FSM,PatrolState,None,1.00,94.0,0
6.04,FSM Enemy 8,FSM,PatrolState,None,1.00,50.4,0
6.04,FSM Enemy 11,FSM,PatrolState,None,1.00,13.3,0
6.04,FSM Enemy 15,FSM,PatrolState,None,1.00,21.9,0
6.04,FSM Enemy 7,FSM,Dead,None,0.00,5.0,1
6.04,FSM Enemy 5,FSM,PatrolState,None,1.00,57.7,0
6.04,FSM Enemy 9,FSM,PatrolState,None,1.00,50.3,0
6.04,Utility Enemy 10,Utility,AttackAction,None,1.00,56.5,0
6.04,Utility Enemy 8,Utility,AttackAction,None,1.00,67.2,0
6.04,Utility Enemy 6,Utility,SpreadFireAction,None,1.00,15.6,1
6.04,Utility Enemy 4,Utility,AttackAction,None,1.00,48.7,0
6.04,Utility Enemy 11,Utility,Dead,None,0.00,9.9,1
6.04,Utility Enemy 15,Utility,AttackAction,None,1.00,73.6,0
6.04,Utility Enemy 1,Utility,AttackAction,None,1.00,82.6,0
6.04,Utility Enemy 12,Utility,AttackAction,None,1.00,59.8,0
6.04,Utility Enemy 9,Utility,AttackAction,None,1.00,70.0,0
6.04,Utility Enemy 5,Utility,AttackAction,None,1.00,88.4,0
6.04,Utility Enemy 3,Utility,AttackAction,None,1.00,83.7,0
6.04,Utility Enemy 7,Utility,AttackAction,None,1.00,68.4,0
6.04,Utility Enemy 14,Utility,AttackAction,None,1.00,74.8,0
6.04,Utility Enemy 2,Utility,AttackAction,None,1.00,94.5,0
6.04,Utility Enemy 13,Utility,AttackAction,None,1.00,30.9,0
6.54,Player,Player,-,None,0.95,,0
6.54,FSM Enemy 6,FSM,PatrolState,None,1.00,61.2,0
6.54,FSM Enemy 12,FSM,PatrolState,None,1.00,65.5,0
6.54,FSM Enemy 4,FSM,PatrolState,None,1.00,79.4,0
6.54,FSM Enemy 2,FSM,PatrolState,None,1.00,110.2,0
6.54,FSM Enemy 13,FSM,PatrolState,None,1.00,27.1,0
6.54,FSM Enemy 10,FSM,PatrolState,None,1.00,79.7,0
6.54,FSM Enemy 3,FSM,PatrolState,None,0.90,82.2,0
6.54,FSM Enemy 1,FSM,PatrolState,None,1.00,84.3,0
6.54,FSM Enemy 14,FSM,PatrolState,None,1.00,96.4,0
6.54,FSM Enemy 8,FSM,PatrolState,None,1.00,51.0,0
6.54,FSM Enemy 11,FSM,PatrolState,None,1.00,11.6,0
6.54,FSM Enemy 15,FSM,PatrolState,None,1.00,22.4,0
6.54,FSM Enemy 7,FSM,Dead,None,0.00,6.2,0
6.54,FSM Enemy 5,FSM,PatrolState,None,1.00,56.8,0
6.54,FSM Enemy 9,FSM,PatrolState,None,1.00,53.0,0
6.54,Utility Enemy 10,Utility,AttackAction,None,1.00,59.4,0
6.54,Utility Enemy 8,Utility,AttackAction,None,1.00,67.3,0
6.54,Utility Enemy 6,Utility,AttackAction,None,1.00,12.6,1
6.54,Utility Enemy 4,Utility,AttackAction,None,1.00,48.4,0
6.54,Utility Enemy 11,Utility,Dead,None,0.00,8.9,1
6.54,Utility Enemy 15,Utility,AttackAction,None,1.00,74.2,0
6.54,Utility Enemy 1,Utility,AttackAction,None,1.00,83.6,0
6.54,Utility Enemy 12,Utility,AttackAction,None,1.00,62.9,0
6.54,Utility Enemy 9,Utility,AttackAction,None,1.00,73.1,0
6.54,Utility Enemy 5,Utility,AttackAction,None,1.00,90.0,0
6.54,Utility Enemy 3,Utility,AttackAction,None,1.00,86.6,0
6.54,Utility Enemy 7,Utility,AttackAction,None,1.00,71.3,0
6.54,Utility Enemy 14,Utility,AttackAction,None,1.00,77.8,0
6.54,Utility Enemy 2,Utility,AttackAction,None,1.00,96.7,0
6.54,Utility Enemy 13,Utility,AttackAction,None,1.00,30.0,0
7.04,Player,Player,-,None,0.95,,0
7.04,FSM Enemy 6,FSM,PatrolState,None,1.00,65.2,0
7.04,FSM Enemy 12,FSM,PatrolState,None,1.00,69.4,0
7.04,FSM Enemy 4,FSM,PatrolState,None,1.00,83.4,0
7.04,FSM Enemy 2,FSM,PatrolState,None,1.00,112.7,0
7.04,FSM Enemy 13,FSM,PatrolState,None,1.00,28.0,0
7.04,FSM Enemy 10,FSM,PatrolState,None,1.00,82.9,0
7.04,FSM Enemy 3,FSM,PatrolState,None,0.90,84.2,0
7.04,FSM Enemy 1,FSM,PatrolState,None,1.00,83.8,0
7.04,FSM Enemy 14,FSM,PatrolState,None,1.00,98.6,0
7.04,FSM Enemy 8,FSM,PatrolState,None,1.00,51.8,0
7.04,FSM Enemy 11,FSM,PatrolState,None,0.25,10.1,0
7.04,FSM Enemy 15,FSM,PatrolState,None,1.00,23.0,0
7.04,FSM Enemy 7,FSM,Dead,None,0.00,8.3,0
7.04,FSM Enemy 5,FSM,PatrolState,None,1.00,56.8,0
7.04,FSM Enemy 9,FSM,PatrolState,None,1.00,55.6,0
7.04,Utility Enemy 10,Utility,AttackAction,None,1.00,62.0,0
7.04,Utility Enemy 8,Utility,AttackAction,None,1.00,67.7,0
7.04,Utility Enemy 6,Utility,AttackAction,None,1.00,9.8,1
7.04,Utility Enemy 4,Utility,AttackAction,None,1.00,48.5,0
7.04,Utility Enemy 11,Utility,Dead,None,0.00,9.0,0
7.04,Utility Enemy 15,Utility,AttackAction,None,1.00,75.0,0
7.04,Utility Enemy 1,Utility,AttackAction,None,1.00,84.8,0
7.04,Utility Enemy 12,Utility,AttackAction,None,1.00,65.6,0
7.04,Utility Enemy 9,Utility,AttackAction,None,1.00,75.9,0
7.04,Utility Enemy 5,Utility,AttackAction,None,1.00,91.8,0
7.04,Utility Enemy 3,Utility,AttackAction,None,1.00,89.4,0
7.04,Utility Enemy 7,Utility,AttackAction,None,1.00,74.0,0
7.04,Utility Enemy 14,Utility,AttackAction,None,1.00,80.7,0
7.04,Utility Enemy 2,Utility,AttackAction,None,1.00,98.8,0
7.04,Utility Enemy 13,Utility,AttackAction,None,1.00,29.5,0
7.54,Player,Player,-,None,0.89,,0
7.54,FSM Enemy 6,FSM,PatrolState,None,1.00,69.4,0
7.54,FSM Enemy 12,FSM,PatrolState,None,1.00,73.6,0
7.54,FSM Enemy 4,FSM,PatrolState,None,1.00,87.5,0
7.54,FSM Enemy 2,FSM,PatrolState,None,1.00,115.0,0
7.54,FSM Enemy 13,FSM,PatrolState,None,1.00,29.2,0
7.54,FSM Enemy 10,FSM,PatrolState,None,1.00,86.4,0
7.54,FSM Enemy 3,FSM,PatrolState,None,0.90,87.0,0
7.54,FSM Enemy 1,FSM,PatrolState,None,1.00,83.5,0
7.54,FSM Enemy 14,FSM,PatrolState,None,1.00,101.1,0
7.54,FSM Enemy 8,FSM,PatrolState,None,1.00,53.0,0
7.54,FSM Enemy 11,FSM,PatrolState,None,0.25,8.5,0
7.54,FSM Enemy 15,FSM,PatrolState,None,1.00,24.1,0
7.54,FSM Enemy 7,FSM,Dead,None,0.00,10.9,0
7.54,FSM Enemy 5,FSM,PatrolState,None,1.00,58.2,0
7.54,FSM Enemy 9,FSM,PatrolState,None,1.00,58.6,0
7.54,Utility Enemy 10,Utility,AttackAction,None,1.00,64.9,0
7.54,Utility Enemy 8,Utility,AttackAction,None,1.00,68.3,0
7.54,Utility Enemy 6,Utility,Dead,None,0.00,6.9,1
7.54,Utility Enemy 4,Utility,AttackAction,None,1.00,48.8,0
7.54,Utility Enemy 11,Utility,Dead,None,0.00,10.1,0
7.54,Utility Enemy 15,Utility,AttackAction,None,1.00,76.0,0
7.54,Utility Enemy 1,Utility,AttackAction,None,1.00,86.3,0
7.54,Utility Enemy 12,Utility,AttackAction,None,1.00,68.7,0
7.54,Utility Enemy 9,Utility,AttackAction,None,1.00,79.0,0
7.54,Utility Enemy 5,Utility,AttackAction,None,1.00,93.7,0
7.54,Utility Enemy 3,Utility,AttackAction,None,1.00,92.4,0
7.54,Utility Enemy 7,Utility,AttackAction,None,1.00,76.9,0
7.54,Utility Enemy 14,Utility,AttackAction,None,1.00,83.7,0
7.54,Utility Enemy 2,Utility,AttackAction,None,1.00,101.2,0
7.54,Utility Enemy 13,Utility,AttackAction,None,1.00,29.4,0
8.05,Player,Player,-,None,0.89,,0
8.05,FSM Enemy 6,FSM,PatrolState,None,1.00,73.7,0
8.05,FSM Enemy 12,FSM,PatrolState,None,1.00,77.8,0
8.05,FSM Enemy 4,FSM,PatrolState,None,1.00,90.5,0
8.05,FSM Enemy 2,FSM,PatrolState,None,1.00,117.0,0
8.05,FSM Enemy 13,FSM,PatrolState,None,1.00,29.1,0
8.05,FSM Enemy 10,FSM,PatrolState,None,1.00,89.9,0
8.05,FSM Enemy 3,FSM,PatrolState,None,0.90,89.8,0
8.05,FSM Enemy 1,FSM,PatrolState,None,1.00,83.1,0
8.05,FSM Enemy 14,FSM,PatrolState,None,1.00,104.6,0
8.05,FSM Enemy 8,FSM,PatrolState,None,1.00,54.4,0
8.05,FSM Enemy 11,FSM,Dead,None,0.00,6.8,0
8.05,FSM Enemy 15,FSM,PatrolState,None,1.00,25.4,0
8.05,FSM Enemy 7,FSM,Dead,None,0.00,13.8,0
8.05,FSM Enemy 5,FSM,PatrolState,None,1.00,59.8,0
8.05,FSM Enemy 9,FSM,PatrolState,None,1.00,61.4,0
8.05,Utility Enemy 10,Utility,AttackAction,None,1.00,67.9,0
8.05,Utility Enemy 8,Utility,AttackAction,None,1.00,69.0,0
8.05,Utility Enemy 6,Utility,Dead,None,0.00,4.1,1
8.05,Utility Enemy 4,Utility,AttackAction,None,1.00,49.2,0
8.05,Utility Enemy 11,Utility,Dead,None,0.00,11.9,0
8.05,Utility Enemy 15,Utility,AttackAction,None,1.00,77.0,0
8.05,Utility Enemy 1,Utility,AttackAction,None,1.00,87.7,0
8.05,Utility Enemy 12,Utility,AttackAction,None,1.00,71.7,0
8.05,Utility Enemy 9,Utility,AttackAction,None,1.00,82.1,0
8.05,Utility Enemy 5,Utility,AttackAction,None,1.00,95.7,0
8.05,Utility Enemy 3,Utility,AttackAction,None,1.00,95.3,0
8.05,Utility Enemy 7,Utility,AttackAction,None,1.00,79.9,0
8.05,Utility Enemy 14,Utility,AttackAction,None,1.00,86.8,0
8.05,Utility Enemy 2,Utility,AttackAction,None,1.00,103.5,0
8.05,Utility Enemy 13,Utility,AttackAction,None,1.00,29.5,0
8.55,Player,Player,-,None,0.89,,0
8.55,FSM Enemy 6,FSM,PatrolState,None,1.00,78.3,0
8.55,FSM Enemy 12,FSM,PatrolState,None,1.00,82.5,0
8.55,FSM Enemy 4,FSM,PatrolState,None,1.00,92.6,0
8.55,FSM Enemy 2,FSM,PatrolState,None,1.00,119.0,0
8.55,FSM Enemy 13,FSM,PatrolState,None,1.00,28.1,0
8.55,FSM Enemy 10,FSM,PatrolState,None,1.00,93.5,0
8.55,FSM Enemy 3,FSM,PatrolState,None,0.90,92.5,0
8.55,FSM Enemy 1,FSM,PatrolState,None,1.00,82.2,0
8.55,FSM Enemy 14,FSM,PatrolState,None,1.00,108.5,0
8.55,FSM Enemy 8,FSM,PatrolState,None,1.00,55.6,0
8.55,FSM Enemy 11,FSM,Dead,None,0.00,4.0,0
8.55,FSM Enemy 15,FSM,PatrolState,None,1.00,26.9,0
8.55,FSM Enemy 7,FSM,Dead,None,0.00,16.8,0
8.55,FSM Enemy 5,FSM,PatrolState,None,1.00,61.1,0
8.55,FSM Enemy 9,FSM,PatrolState,None,1.00,63.4,0
8.55,Utility Enemy 10,Utility,AttackAction,None,1.00,71.3,0
8.55,Utility Enemy 8,Utility,AttackAction,None,1.00,69.3,0
8.55,Utility Enemy 6,Utility,Dead,None,0.00,1.7,0
8.55,Utility Enemy 4,Utility,AttackAction,None,1.00,49.3,0
8.55,Utility Enemy 11,Utility,Dead,None,0.00,14.0,0
8.55,Utility Enemy 15,Utility,AttackAction,None,1.00,77.7,0
8.55,Utility Enemy 1,Utility,AttackAction,None,1.00,88.9,0
8.55,Utility Enemy 12,Utility,AttackAction,None,1.00,75.1,0
8.55,Utility Enemy 9,Utility,AttackAction,None,1.00,85.5,0
8.55,Utility Enemy 5,Utility,AttackAction,None,1.00,97.5,0
8.55,Utility Enemy 3,Utility,AttackAction,None,1.00,98.5,0
8.55,Utility Enemy 7,Utility,AttackAction,None,1.00,83.3,0
8.55,Utility Enemy 14,Utility,AttackAction,None,1.00,90.2,0
8.55,Utility Enemy 2,Utility,AttackAction,None,1.00,105.8,0
8.55,Utility Enemy 13,Utility,AttackAction,None,1.00,29.4,0
9.05,Player,Player,-,None,0.89,,0
9.05,FSM Enemy 6,FSM,PatrolState,None,1.00,78.9,0
9.05,FSM Enemy 12,FSM,PatrolState,None,1.00,84.4,0
9.05,FSM Enemy 4,FSM,PatrolState,None,1.00,91.8,0
9.05,FSM Enemy 2,FSM,PatrolState,None,1.00,118.1,0
9.05,FSM Enemy 13,FSM,PatrolState,None,1.00,25.9,0
9.05,FSM Enemy 10,FSM,PatrolState,None,1.00,94.2,0
9.05,FSM Enemy 3,FSM,PatrolState,None,0.90,92.9,0
9.05,FSM Enemy 1,FSM,PatrolState,None,1.00,79.9,0
9.05,FSM Enemy 14,FSM,PatrolState,None,1.00,109.3,0
9.05,FSM Enemy 8,FSM,PatrolState,None,1.00,54.4,0
9.05,FSM Enemy 11,FSM,Dead,None,0.00,3.1,0
9.05,FSM Enemy 15,FSM,PatrolState,None,1.00,25.6,0
9.05,FSM Enemy 7,FSM,Dead,None,0.00,17.0,0
9.05,FSM Enemy 5,FSM,PatrolState,None,1.00,61.3,0
9.05,FSM Enemy 9,FSM,PatrolState,None,1.00,62.3,0
9.05,Utility Enemy 10,Utility,AttackAction,None,1.00,72.0,0
9.05,Utility Enemy 8,Utility,AttackAction,None,1.00,68.2,0
9.05,Utility Enemy 6,Utility,Dead,None,0.00,1.5,0
9.05,Utility Enemy 4,Utility,AttackAction,None,1.00,48.3,0
9.05,Utility Enemy 11,Utility,Dead,None,0.00,13.7,0
9.05,Utility Enemy 15,Utility,AttackAction,None,1.00,76.7,0
9.05,Utility Enemy 1,Utility,AttackAction,None,1.00,88.0,0
9.05,Utility Enemy 12,Utility,AttackAction,None,1.00,75.7,0
9.05,Utility Enemy 9,Utility,AttackAction,None,1.00,86.0,0
9.05,Utility Enemy 5,Utility,AttackAction,None,1.00,96.8,0
9.05,Utility Enemy 3,Utility,AttackAction,None,1.00,98.6,0
9.05,Utility Enemy 7,Utility,AttackAction,None,1.00,84.0,0
9.05,Utility Enemy 14,Utility,AttackAction,None,1.00,90.5,0
9.05,Utility Enemy 2,Utility,AttackAction,None,1.00,105.4,0
9.05,Utility Enemy 13,Utility,AttackAction,None,1.00,28.3,0
9.56,Player,Player,-,None,0.89,,0
9.56,FSM Enemy 6,FSM,PatrolState,None,1.00,76.1,0
9.56,FSM Enemy 12,FSM,PatrolState,None,1.00,84.0,0
9.56,FSM Enemy 4,FSM,PatrolState,None,1.00,89.1,0
9.56,FSM Enemy 2,FSM,PatrolState,None,1.00,116.5,0
9.56,FSM Enemy 13,FSM,PatrolState,None,1.00,25.0,0
9.56,FSM Enemy 10,FSM,PatrolState,None,1.00,94.1,0
9.56,FSM Enemy 3,FSM,PatrolState,None,0.90,93.6,0
9.56,FSM Enemy 1,FSM,PatrolState,None,1.00,79.8,0
9.56,FSM Enemy 14,FSM,PatrolState,None,1.00,109.0,0
9.56,FSM Enemy 8,FSM,PatrolState,None,1.00,53.0,0
9.56,FSM Enemy 11,FSM,Dead,None,0.00,4.5,0
9.56,FSM Enemy 15,FSM,PatrolState,None,1.00,23.5,0
9.56,FSM Enemy 7,FSM,Dead,None,0.00,15.6,0
9.56,FSM Enemy 5,FSM,PatrolState,None,1.00,62.9,0
9.56,FSM Enemy 9,FSM,PatrolState,None,1.00,60.1,0
9.56,Utility Enemy 10,Utility,AttackAction,None,1.00,70.3,0
9.56,Utility Enemy 8,Utility,AttackAction,None,1.00,68.6,0
9.56,Utility Enemy 6,Utility,Dead,None,0.00,1.7,1
9.56,Utility Enemy 4,Utility,AttackAction,None,1.00,48.7,0
9.56,Utility Enemy 11,Utility,Dead,None,0.00,12.9,0
9.56,Utility Enemy 15,Utility,AttackAction,None,1.00,76.9,0
9.56,Utility Enemy 1,Utility,AttackAction,None,1.00,88.0,0
9.56,Utility Enemy 12,Utility,AttackAction,None,1.00,74.1,0
9.56,Utility Enemy 9,Utility,AttackAction,None,1.00,84.4,0
9.56,Utility Enemy 5,Utility,AttackAction,None,1.00,96.4,0
9.56,Utility Enemy 3,Utility,AttackAction,None,1.00,97.3,0
9.56,Utility Enemy 7,Utility,AttackAction,None,1.00,82.3,0
9.56,Utility Enemy 14,Utility,AttackAction,None,1.00,89.0,0
9.56,Utility Enemy 2,Utility,AttackAction,None,1.00,104.7,0
9.56,Utility Enemy 13,Utility,AttackAction,None,1.00,28.8,0
10.06,Player,Player,-,None,0.89,,0
10.06,FSM Enemy 6,FSM,PatrolState,None,1.00,74.7,0
10.06,FSM Enemy 12,FSM,PatrolState,None,1.00,85.2,0
10.06,FSM Enemy 4,FSM,PatrolState,None,1.00,87.7,0
10.06,FSM Enemy 2,FSM,PatrolState,None,1.00,114.7,0
10.06,FSM Enemy 13,FSM,PatrolState,None,1.00,24.2,0
10.06,FSM Enemy 10,FSM,PatrolState,None,1.00,93.8,0
10.06,FSM Enemy 3,FSM,PatrolState,None,0.90,93.5,0
10.06,FSM Enemy 1,FSM,PatrolState,None,1.00,78.3,0
10.06,FSM Enemy 14,FSM,PatrolState,None,1.00,109.0,0
10.06,FSM Enemy 8,FSM,PatrolState,None,1.00,51.6,0
10.06,FSM Enemy 11,FSM,Dead,None,0.00,4.1,0
10.06,FSM Enemy 15,FSM,PatrolState,None,1.00,22.3,0
10.06,FSM Enemy 7,FSM,Dead,None,0.00,14.8,0
10.06,FSM Enemy 5,FSM,PatrolState,None,1.00,62.6,0
10.06,FSM Enemy 9,FSM,PatrolState,None,1.00,58.6,0
10.06,Utility Enemy 10,Utility,AttackAction,None,1.00,70.2,0
10.06,Utility Enemy 8,Utility,AttackAction,None,1.00,67.2,0
10.06,Utility Enemy 6,Utility,Dead,None,0.00,1.7,1
10.06,Utility Enemy 4,Utility,AttackAction,None,1.00,47.3,0
10.06,Utility Enemy 11,Utility,Dead,None,0.00,11.6,0
10.06,Utility Enemy 15,Utility,AttackAction,None,1.00,75.5,0
10.06,Utility Enemy 1,Utility,AttackAction,None,1.00,86.5,0
10.06,Utility Enemy 12,Utility,AttackAction,None,1.00,73.8,0
10.06,Utility Enemy 9,Utility,AttackAction,None,1.00,84.0,0
10.06,Utility Enemy 5,Utility,AttackAction,None,1.00,95.1,0
10.06,Utility Enemy 3,Utility,AttackAction,None,1.00,96.5,0
10.06,Utility Enemy 7,Utility,AttackAction,None,1.00,82.2,0
10.06,Utility Enemy 14,Utility,AttackAction,None,1.00,88.5,0
10.06,Utility Enemy 2,Utility,AttackAction,None,1.00,103.5,0
10.06,Utility Enemy 13,Utility,AttackAction,None,1.00,27.4,0
10.56,Player,Player,-,None,0.89,,0
10.56,FSM Enemy 6,FSM,PatrolState,None,1.00,73.9,0
10.56,FSM Enemy 12,FSM,PatrolState,None,1.00,86.4,0
10.56,FSM Enemy 4,FSM,PatrolState,None,1.00,86.9,0
10.56,FSM Enemy 2,FSM,PatrolState,None,1.00,112.7,0
10.56,FSM Enemy 13,FSM,PatrolState,None,1.00,23.1,0
10.56,FSM Enemy 10,FSM,PatrolState,None,1.00,93.4,0
10.56,FSM Enemy 3,FSM,PatrolState,None,0.90,93.0,0
10.56,FSM Enemy 1,FSM,PatrolState,None,1.00,75.9,0
10.56,FSM Enemy 14,FSM,PatrolState,None,1.00,108.9,0
10.56,FSM Enemy 8,FSM,PatrolState,None,1.00,50.7,0
10.56,FSM Enemy 11,FSM,Dead,None,0.00,4.1,0
10.56,FSM Enemy 15,FSM,PatrolState,None,1.00,22.2,0
10.56,FSM Enemy 7,FSM,Dead,None,0.00,14.4,0
10.56,FSM Enemy 5,FSM,PatrolState,None,1.00,61.5,0
10.56,FSM Enemy 9,FSM,PatrolState,None,1.00,56.9,0
10.56,Utility Enemy 10,Utility,AttackAction,None,1.00,70.8,0
10.56,Utility Enemy 8,Utility,AttackAction,None,1.00,64.9,0
10.56,Utility Enemy 6,Utility,Dead,None,0.00,3.1,0
10.56,Utility Enemy 4,Utility,AttackAction,None,1.00,45.0,0
10.56,Utility Enemy 11,Utility,Dead,None,0.00,10.3,0
10.56,Utility Enemy 15,Utility,AttackAction,None,1.00,73.3,0
10.56,Utility Enemy 1,Utility,AttackAction,None,1.00,84.4,0
10.56,Utility Enemy 12,Utility,AttackAction,None,1.00,74.0,0
10.56,Utility Enemy 9,Utility,AttackAction,None,1.00,84.0,0
10.56,Utility Enemy 5,Utility,AttackAction,None,1.00,93.2,0
10.56,Utility Enemy 3,Utility,AttackAction,None,1.00,95.8,0
10.56,Utility Enemy 7,Utility,AttackAction,None,1.00,82.7,0
10.56,Utility Enemy 14,Utility,AttackAction,None,1.00,88.3,0
10.56,Utility Enemy 2,Utility,AttackAction,None,1.00,101.9,0
10.56,Utility Enemy 13,Utility,AttackAction,None,1.00,25.1,0
11.06,Player,Player,-,None,0.89,,0
11.06,FSM Enemy 6,FSM,PatrolState,None,1.00,73.3,0
11.06,FSM Enemy 12,FSM,PatrolState,None,1.00,85.8,0
11.06,FSM Enemy 4,FSM,PatrolState,None,0.90,87.1,0
11.06,FSM Enemy 2,FSM,PatrolState,None,1.00,112.9,0
11.06,FSM Enemy 13,FSM,PatrolState,None,1.00,24.9,0
11.06,FSM Enemy 10,FSM,PatrolState,None,1.00,93.5,0
11.06,FSM Enemy 3,FSM,PatrolState,None,0.90,94.9,0
11.06,FSM Enemy 1,FSM,PatrolState,None,1.00,76.4,0
11.06,FSM Enemy 14,FSM,PatrolState,None,1.00,110.5,0
11.06,FSM Enemy 8,FSM,PatrolState,None,1.00,52.1,0
11.06,FSM Enemy 11,FSM,Dead,None,0.00,3.4,0
11.06,FSM Enemy 15,FSM,PatrolState,None,1.00,23.9,0
11.06,FSM Enemy 7,FSM,Dead,None,0.00,15.0,0
11.06,FSM Enemy 5,FSM,PatrolState,None,1.00,63.1,0
11.06,FSM Enemy 9,FSM,PatrolState,None,1.00,56.8,0
11.06,Utility Enemy 10,Utility,AttackAction,None,1.00,71.3,0
11.06,Utility Enemy 8,Utility,AttackAction,None,1.00,65.4,0
11.06,Utility Enemy 6,Utility,Dead,None,0.00,2.4,0
11.06,Utility Enemy 4,Utility,AttackAction,None,1.00,45.5,0
11.06,Utility Enemy 11,Utility,Dead,None,0.00,11.1,0
11.06,Utility Enemy 15,Utility,AttackAction,None,1.00,73.9,0
11.06,Utility Enemy 1,Utility,AttackAction,None,1.00,85.1,0
11.06,Utility Enemy 12,Utility,AttackAction,None,1.00,74.6,0
11.06,Utility Enemy 9,Utility,AttackAction,None,1.00,84.6,0
11.06,Utility Enemy 5,Utility,AttackAction,None,1.00,93.9,0
11.06,Utility Enemy 3,Utility,AttackAction,None,1.00,96.5,0
11.06,Utility Enemy 7,Utility,AttackAction,None,1.00,83.2,0
11.06,Utility Enemy 14,Utility,AttackAction,None,1.00,88.9,0
11.06,Utility Enemy 2,Utility,AttackAction,None,1.00,102.6,0
11.06,Utility Enemy 13,Utility,AttackAction,None,1.00,25.6,0
11.56,Player,Player,-,None,0.89,,0
11.56,FSM Enemy 6,FSM,PatrolState,None,1.00,73.3,0
11.56,FSM Enemy 12,FSM,PatrolState,None,1.00,85.1,0
11.56,FSM Enemy 4,FSM,PatrolState,None,0.90,86.6,0
11.56,FSM Enemy 2,FSM,PatrolState,None,1.00,112.4,0
11.56,FSM Enemy 13,FSM,PatrolState,None,1.00,26.4,0
11.56,FSM Enemy 10,FSM,PatrolState,None,1.00,92.9,0
11.56,FSM Enemy 3,FSM,PatrolState,None,0.90,96.4,0
11.56,FSM Enemy 1,FSM,PatrolState,None,1.00,76.6,0
11.56,FSM Enemy 14,FSM,PatrolState,None,1.00,111.0,0
11.56,FSM Enemy 8,FSM,PatrolState,None,1.00,52.9,0
11.56,FSM Enemy 11,FSM,Dead,None,0.00,3.3,0
11.56,FSM Enemy 15,FSM,PatrolState,None,1.00,25.1,0
11.56,FSM Enemy 7,FSM,Dead,None,0.00,15.1,0
11.56,FSM Enemy 5,FSM,PatrolState,None,0.90,64.2,0
11.56,FSM Enemy 9,FSM,PatrolState,None,1.00,56.0,0
11.56,Utility Enemy 10,Utility,AttackAction,None,1.00,71.2,0
11.56,Utility Enemy 8,Utility,AttackAction,None,1.00,65.7,0
11.56,Utility Enemy 6,Utility,Dead,None,0.00,2.2,0
11.56,Utility Enemy 4,Utility,AttackAction,None,1.00,45.8,0
11.56,Utility Enemy 11,Utility,Dead,None,0.00,11.2,0
11.56,Utility Enemy 15,Utility,AttackAction,None,1.00,74.1,0
11.56,Utility Enemy 1,Utility,AttackAction,None,1.00,85.3,0
11.56,Utility Enemy 12,Utility,AttackAction,None,1.00,74.6,0
11.56,Utility Enemy 9,Utility,AttackAction,None,1.00,84.6,0
11.56,Utility Enemy 5,Utility,AttackAction,None,1.00,94.1,0
11.56,Utility Enemy 3,Utility,AttackAction,None,1.00,96.6,0
11.56,Utility Enemy 7,Utility,AttackAction,None,1.00,83.2,0
11.56,Utility Enemy 14,Utility,AttackAction,None,1.00,89.0,0
11.56,Utility Enemy 2,Utility,AttackAction,None,1.00,102.8,0
11.56,Utility Enemy 13,Utility,AttackAction,None,1.00,25.8,0
12.07,Player,Player,-,None,0.89,,0
12.07,FSM Enemy 6,FSM,PatrolState,None,1.00,73.7,0
12.07,FSM Enemy 12,FSM,PatrolState,None,1.00,84.4,0
12.07,FSM Enemy 4,FSM,PatrolState,None,0.90,86.2,0
12.07,FSM Enemy 2,FSM,PatrolState,None,1.00,111.8,0
12.07,FSM Enemy 13,FSM,PatrolState,None,1.00,27.6,0
12.07,FSM Enemy 10,FSM,PatrolState,None,1.00,92.1,0
12.07,FSM Enemy 3,FSM,PatrolState,None,0.90,97.6,0
12.07,FSM Enemy 1,FSM,PatrolState,None,1.00,76.0,0
12.07,FSM Enemy 14,FSM,PatrolState,None,1.00,109.7,0
12.07,FSM Enemy 8,FSM,PatrolState,None,1.00,53.6,0
12.07,FSM Enemy 11,FSM,Dead,None,0.00,3.3,0
12.07,FSM Enemy 15,FSM,PatrolState,None,1.00,26.1,0
12.07,FSM Enemy 7,FSM,Dead,None,0.00,15.1,0
12.07,FSM Enemy 5,FSM,PatrolState,None,0.90,64.8,0
12.07,FSM Enemy 9,FSM,PatrolState,None,1.00,55.1,0
12.07,Utility Enemy 10,Utility,AttackAction,None,1.00,71.2,0
12.07,Utility Enemy 8,Utility,AttackAction,None,1.00,65.7,0
12.07,Utility Enemy 6,Utility,Dead,None,0.00,2.2,0
12.07,Utility Enemy 4,Utility,AttackAction,None,1.00,45.8,0
12.07,Utility Enemy 11,Utility,Dead,None,0.00,11.2,0
12.07,Utility Enemy 15,Utility,AttackAction,None,1.00,74.1,0
12.07,Utility Enemy 1,Utility,AttackAction,None,1.00,85.3,0
12.07,Utility Enemy 12,Utility,AttackAction,None,1.00,74.6,0
12.07,Utility Enemy 9,Utility,AttackAction,None,1.00,84.6,0
12.07,Utility Enemy 5,Utility,AttackAction,None,1.00,94.1,0
12.07,Utility Enemy 3,Utility,AttackAction,None,1.00,96.6,0
12.07,Utility Enemy 7,Utility,AttackAction,None,1.00,83.2,0
12.07,Utility Enemy 14,Utility,AttackAction,None,1.00,89.0,0
12.07,Utility Enemy 2,Utility,AttackAction,None,1.00,102.8,0
12.07,Utility Enemy 13,Utility,AttackAction,None,1.00,25.8,0
12.57,Player,Player,-,None,0.89,,0
12.57,FSM Enemy 6,FSM,PatrolState,None,1.00,74.0,0
12.57,FSM Enemy 12,FSM,PatrolState,None,1.00,83.8,0
12.57,FSM Enemy 4,FSM,PatrolState,None,0.90,85.7,0
12.57,FSM Enemy 2,FSM,PatrolState,None,1.00,111.2,0
12.57,FSM Enemy 13,FSM,PatrolState,None,1.00,28.8,0
12.57,FSM Enemy 10,FSM,PatrolState,None,1.00,91.3,0
12.57,FSM Enemy 3,FSM,PatrolState,None,0.90,98.9,0
12.57,FSM Enemy 1,FSM,PatrolState,None,1.00,74.8,0
12.57,FSM Enemy 14,FSM,PatrolState,None,1.00,108.5,0
12.57,FSM Enemy 8,FSM,PatrolState,None,1.00,54.4,0
12.57,FSM Enemy 11,FSM,Dead,None,0.00,3.3,0
12.57,FSM Enemy 15,FSM,PatrolState,None,1.00,27.1,0
12.57,FSM Enemy 7,FSM,Dead,None,0.00,15.1,0
12.57,FSM Enemy 5,FSM,PatrolState,None,0.90,63.8,0
12.57,FSM Enemy 9,FSM,PatrolState,None,1.00,54.3,0
12.57,Utility Enemy 10,Utility,AttackAction,None,1.00,71.2,0
12.57,Utility Enemy 8,Utility,AttackAction,None,1.00,65.7,0
12.57,Utility Enemy 6,Utility,Dead,None,0.00,2.2,0
12.57,Utility Enemy 4,Utility,AttackAction,None,1.00,45.8,0
12.57,Utility Enemy 11,Utility,Dead,None,0.00,11.2,0
12.57,Utility Enemy 15,Utility,AttackAction,None,1.00,74.1,0
12.57,Utility Enemy 1,Utility,AttackAction,None,1.00,85.3,0
12.57,Utility Enemy 12,Utility,AttackAction,None,1.00,74.6,0
12.57,Utility Enemy 9,Utility,AttackAction,None,1.00,84.6,0
12.57,Utility Enemy 5,Utility,AttackAction,None,1.00,94.1,0
12.57,Utility Enemy 3,Utility,AttackAction,None,1.00,96.6,0
12.57,Utility Enemy 7,Utility,AttackAction,None,1.00,83.2,0
12.57,Utility Enemy 14,Utility,AttackAction,None,1.00,89.0,0
12.57,Utility Enemy 2,Utility,AttackAction,None,1.00,102.8,0
12.57,Utility Enemy 13,Utility,AttackAction,None,1.00,25.8,0
13.08,Player,Player,-,None,0.89,,0
13.08,FSM Enemy 6,FSM,PatrolState,None,1.00,74.4,0
13.08,FSM Enemy 12,FSM,PatrolState,None,1.00,82.7,0
13.08,FSM Enemy 4,FSM,PatrolState,None,0.90,85.3,0
13.08,FSM Enemy 2,FSM,PatrolState,None,1.00,110.7,0
13.08,FSM Enemy 13,FSM,PatrolState,None,1.00,29.4,0
13.08,FSM Enemy 10,FSM,PatrolState,None,1.00,90.6,0
13.08,FSM Enemy 3,FSM,PatrolState,None,0.90,100.1,0
13.08,FSM Enemy 1,FSM,PatrolState,None,1.00,73.5,0
13.08,FSM Enemy 14,FSM,PatrolState,None,1.00,107.2,0
13.08,FSM Enemy 8,FSM,PatrolState,None,1.00,55.1,0
13.08,FSM Enemy 11,FSM,Dead,None,0.00,3.3,0
13.08,FSM Enemy 15,FSM,PatrolState,None,1.00,28.2,0
13.08,FSM Enemy 7,FSM,Dead,None,0.00,15.1,0
13.08,FSM Enemy 5,FSM,PatrolState,None,0.80,62.6,0
13.08,FSM Enemy 9,FSM,PatrolState,None,1.00,53.5,0
13.08,Utility Enemy 10,Utility,AttackAction,None,1.00,71.2,0
13.08,Utility Enemy 8,Utility,AttackAction,None,1.00,65.7,0
13.08,Utility Enemy 6,Utility,Dead,None,0.00,2.2,0
13.08,Utility Enemy 4,Utility,AttackAction,None,1.00,45.8,0
13.08,Utility Enemy 11,Utility,Dead,None,0.00,11.2,0
13.08,Utility Enemy 15,Utility,AttackAction,None,1.00,74.1,0
13.08,Utility Enemy 1,Utility,AttackAction,None,1.00,85.3,0
13.08,Utility Enemy 12,Utility,AttackAction,None,1.00,74.6,0
13.08,Utility Enemy 9,Utility,AttackAction,None,1.00,84.6,0
13.08,Utility Enemy 5,Utility,AttackAction,None,1.00,94.1,0
13.08,Utility Enemy 3,Utility,AttackAction,None,1.00,96.6,0
13.08,Utility Enemy 7,Utility,AttackAction,None,1.00,83.2,0
13.08,Utility Enemy 14,Utility,AttackAction,None,1.00,89.0,0
13.08,Utility Enemy 2,Utility,AttackAction,None,1.00,102.8,0
13.08,Utility Enemy 13,Utility,AttackAction,None,1.00,25.8,0
13.58,Player,Player,-,None,0.89,,0
13.58,FSM Enemy 6,FSM,PatrolState,None,1.00,74.8,0
13.58,FSM Enemy 12,FSM,PatrolState,None,1.00,81.5,0
13.58,FSM Enemy 4,FSM,PatrolState,None,0.90,84.9,0
13.58,FSM Enemy 2,FSM,PatrolState,None,1.00,111.1,0
13.58,FSM Enemy 13,FSM,PatrolState,None,1.00,28.3,0
13.58,FSM Enemy 10,FSM,PatrolState,None,1.00,89.8,0
13.58,FSM Enemy 3,FSM,PatrolState,None,0.90,99.7,0
13.58,FSM Enemy 1,FSM,PatrolState,None,1.00,72.2,0
13.58,FSM Enemy 14,FSM,PatrolState,None,1.00,106.0,0
13.58,FSM Enemy 8,FSM,PatrolState,None,1.00,55.9,0
13.58,FSM Enemy 11,FSM,Dead,None,0.00,3.3,0
13.58,FSM Enemy 15,FSM,PatrolState,None,1.00,29.3,0
13.58,FSM Enemy 7,FSM,Dead,None,0.00,15.1,0
13.58,FSM Enemy 5,FSM,PatrolState,None,0.70,61.3,0
13.58,FSM Enemy 9,FSM,PatrolState,None,1.00,52.7,0
13.58,Utility Enemy 10,Utility,AttackAction,None,1.00,71.2,0
13.58,Utility Enemy 8,Utility,AttackAction,None,1.00,65.7,0
13.58,Utility Enemy 6,Utility,Dead,None,0.00,2.2,0
13.58,Utility Enemy 4,Utility,AttackAction,None,1.00,45.8,0
13.58,Utility Enemy 11,Utility,Dead,None,0.00,11.2,0
13.58,Utility Enemy 15,Utility,AttackAction,None,1.00,74.1,0
13.58,Utility Enemy 1,Utility,AttackAction,None,1.00,85.3,0
13.58,Utility Enemy 12,Utility,AttackAction,None,1.00,74.6,0
13.58,Utility Enemy 9,Utility,AttackAction,None,1.00,84.6,0
13.58,Utility Enemy 5,Utility,AttackAction,None,1.00,94.1,0
13.58,Utility Enemy 3,Utility,AttackAction,None,1.00,96.6,0
13.58,Utility Enemy 7,Utility,AttackAction,None,1.00,83.2,0
13.58,Utility Enemy 14,Utility,AttackAction,None,1.00,89.0,0
13.58,Utility Enemy 2,Utility,AttackAction,None,1.00,102.8,0
13.58,Utility Enemy 13,Utility,AttackAction,None,1.00,25.8,0
14.08,Player,Player,-,None,0.89,,0
14.08,FSM Enemy 6,FSM,PatrolState,None,1.00,75.2,0
14.08,FSM Enemy 12,FSM,PatrolState,None,1.00,80.3,0
14.08,FSM Enemy 4,FSM,PatrolState,None,0.90,84.4,0
14.08,FSM Enemy 2,FSM,PatrolState,None,1.00,112.2,0
14.08,FSM Enemy 13,FSM,PatrolState,None,1.00,27.2,0
14.08,FSM Enemy 10,FSM,PatrolState,None,1.00,89.1,0
14.08,FSM Enemy 3,FSM,PatrolState,None,0.90,98.4,0
14.08,FSM Enemy 1,FSM,PatrolState,None,1.00,71.0,0
14.08,FSM Enemy 14,FSM,PatrolState,None,1.00,104.7,0
14.08,FSM Enemy 8,FSM,PatrolState,None,1.00,56.6,0
14.08,FSM Enemy 11,FSM,Dead,None,0.00,3.3,0
14.08,FSM Enemy 15,FSM,PatrolState,None,1.00,30.4,0
14.08,FSM Enemy 7,FSM,Dead,None,0.00,15.1,0
14.08,FSM Enemy 5,FSM,PatrolState,None,0.60,60.1,0
14.08,FSM Enemy 9,FSM,PatrolState,None,1.00,51.9,0
14.08,Utility Enemy 10,Utility,AttackAction,None,0.75,71.2,0
14.08,Utility Enemy 8,Utility,AttackAction,None,1.00,65.7,0
14.08,Utility Enemy 6,Utility,Dead,None,0.00,2.2,0
14.08,Utility Enemy 4,Utility,AttackAction,None,1.00,45.8,0
14.08,Utility Enemy 11,Utility,Dead,None,0.00,11.2,0
14.08,Utility Enemy 15,Utility,AttackAction,None,1.00,74.1,0
14.08,Utility Enemy 1,Utility,AttackAction,None,1.00,85.3,0
14.08,Utility Enemy 12,Utility,AttackAction,None,1.00,74.6,0
14.08,Utility Enemy 9,Utility,AttackAction,None,1.00,84.6,0
14.08,Utility Enemy 5,Utility,AttackAction,None,1.00,94.1,0
14.08,Utility Enemy 3,Utility,AttackAction,None,1.00,96.6,0
14.08,Utility Enemy 7,Utility,AttackAction,None,1.00,83.2,0
14.08,Utility Enemy 14,Utility,AttackAction,None,1.00,89.0,0
14.08,Utility Enemy 2,Utility,AttackAction,None,1.00,102.8,0
14.08,Utility Enemy 13,Utility,AttackAction,None,1.00,25.8,0
14.59,Player,Player,-,None,0.89,,0
14.59,FSM Enemy 6,FSM,PatrolState,None,1.00,75.7,0
14.59,FSM Enemy 12,FSM,PatrolState,None,1.00,79.3,0
14.59,FSM Enemy 4,FSM,PatrolState,None,0.90,84.0,0
14.59,FSM Enemy 2,FSM,PatrolState,None,1.00,113.4,0
14.59,FSM Enemy 13,FSM,PatrolState,None,1.00,26.1,0
14.59,FSM Enemy 10,FSM,PatrolState,None,1.00,88.4,0
14.59,FSM Enemy 3,FSM,PatrolState,None,0.90,97.3,0
14.59,FSM Enemy 1,FSM,PatrolState,None,1.00,69.7,0
14.59,FSM Enemy 14,FSM,PatrolState,None,1.00,103.4,0
14.59,FSM Enemy 8,FSM,PatrolState,None,1.00,57.4,0
14.59,FSM Enemy 11,FSM,Dead,None,0.00,3.3,0
14.59,FSM Enemy 15,FSM,PatrolState,None,1.00,31.5,0
14.59,FSM Enemy 7,FSM,Dead,None,0.00,15.1,0
14.59,FSM Enemy 5,FSM,PatrolState,None,0.60,58.8,0
14.59,FSM Enemy 9,FSM,PatrolState,None,1.00,51.2,0
14.59,Utility Enemy 10,Utility,AttackAction,None,0.75,71.2,0
14.59,Utility Enemy 8,Utility,AttackAction,None,1.00,65.7,0
14.59,Utility Enemy 6,Utility,Dead,None,0.00,2.2,0
14.59,Utility Enemy 4,Utility,AttackAction,None,1.00,45.8,0
14.59,Utility Enemy 11,Utility,Dead,None,0.00,11.2,0
14.59,Utility Enemy 15,Utility,AttackAction,None,1.00,74.1,0
14.59,Utility Enemy 1,Utility,AttackAction,None,1.00,85.3,0
14.59,Utility Enemy 12,Utility,AttackAction,None,1.00,74.6,0
14.59,Utility Enemy 9,Utility,AttackAction,None,1.00,84.6,0
14.59,Utility Enemy 5,Utility,AttackAction,None,1.00,94.1,0
14.59,Utility Enemy 3,Utility,AttackAction,None,1.00,96.6,0
14.59,Utility Enemy 7,Utility,AttackAction,None,1.00,83.2,0
14.59,Utility Enemy 14,Utility,AttackAction,None,1.00,89.0,0
14.59,Utility Enemy 2,Utility,AttackAction,None,1.00,102.8,0
14.59,Utility Enemy 13,Utility,AttackAction,None,1.00,25.8,0
15.09,Player,Player,-,None,0.89,,0
15.09,FSM Enemy 6,FSM,PatrolState,None,0.90,75.4,0
15.09,FSM Enemy 12,FSM,PatrolState,None,1.00,79.4,0
15.09,FSM Enemy 4,FSM,PatrolState,None,0.90,83.6,0
15.09,FSM Enemy 2,FSM,PatrolState,None,1.00,114.7,0
15.09,FSM Enemy 13,FSM,PatrolState,None,1.00,25.0,0
15.09,FSM Enemy 10,FSM,PatrolState,None,1.00,87.7,0
15.09,FSM Enemy 3,FSM,PatrolState,None,0.90,96.1,0
15.09,FSM Enemy 1,FSM,PatrolState,None,1.00,68.8,0
15.09,FSM Enemy 14,FSM,PatrolState,None,1.00,102.2,0
15.09,FSM Enemy 8,FSM,PatrolState,None,1.00,57.9,0
15.09,FSM Enemy 11,FSM,Dead,None,0.00,3.3,0
15.09,FSM Enemy 15,FSM,PatrolState,None,1.00,32.6,0
15.09,FSM Enemy 7,FSM,Dead,None,0.00,15.1,0
15.09,FSM Enemy 5,FSM,PatrolState,None,0.50,57.6,0
15.09,FSM Enemy 9,FSM,PatrolState,None,1.00,52.1,0
15.09,Utility Enemy 10,Utility,AttackAction,None,0.75,71.2,0
15.09,Utility Enemy 8,Utility,AttackAction,None,1.00,65.7,0
15.09,Utility Enemy 6,Utility,Dead,None,0.00,2.2,0
15.09,Utility Enemy 4,Utility,AttackAction,None,1.00,45.8,0
15.09,Utility Enemy 11,Utility,Dead,None,0.00,11.2,0
15.09,Utility Enemy 15,Utility,AttackAction,None,1.00,74.1,0
15.09,Utility Enemy 1,Utility,AttackAction,None,1.00,85.3,0
15.09,Utility Enemy 12,Utility,AttackAction,None,1.00,74.6,0
15.09,Utility Enemy 9,Utility,AttackAction,None,1.00,84.6,0
15.09,Utility Enemy 5,Utility,AttackAction,None,1.00,94.1,0
15.09,Utility Enemy 3,Utility,AttackAction,None,1.00,96.6,0
15.09,Utility Enemy 7,Utility,AttackAction,None,1.00,83.2,0
15.09,Utility Enemy 14,Utility,AttackAction,None,1.00,89.0,0
15.09,Utility Enemy 2,Utility,AttackAction,None,1.00,102.8,0
15.09,Utility Enemy 13,Utility,AttackAction,None,1.00,25.8,0
15.59,Player,Player,-,None,0.89,,0
15.59,FSM Enemy 6,FSM,PatrolState,None,0.90,74.2,0
15.59,FSM Enemy 12,FSM,PatrolState,None,1.00,79.6,0
15.59,FSM Enemy 4,FSM,PatrolState,None,0.90,83.2,0
15.59,FSM Enemy 2,FSM,PatrolState,None,1.00,115.9,0
15.59,FSM Enemy 13,FSM,PatrolState,None,1.00,24.0,0
15.59,FSM Enemy 10,FSM,PatrolState,None,1.00,87.0,0
15.59,FSM Enemy 3,FSM,PatrolState,None,0.90,94.9,0
15.59,FSM Enemy 1,FSM,PatrolState,None,1.00,68.8,0
15.59,FSM Enemy 14,FSM,PatrolState,None,1.00,100.9,0
15.59,FSM Enemy 8,FSM,PatrolState,None,1.00,57.1,0
15.59,FSM Enemy 11,FSM,Dead,None,0.00,3.3,0
15.59,FSM Enemy 15,FSM,PatrolState,None,1.00,33.8,0
15.59,FSM Enemy 7,FSM,Dead,None,0.00,15.1,0
15.59,FSM Enemy 5,FSM,PatrolState,None,0.40,56.3,0
15.59,FSM Enemy 9,FSM,PatrolState,None,1.00,53.3,0
15.59,Utility Enemy 10,Utility,AttackAction,None,0.75,71.2,0
15.59,Utility Enemy 8,Utility,AttackAction,None,1.00,65.7,0
15.59,Utility Enemy 6,Utility,Dead,None,0.00,2.2,0
15.59,Utility Enemy 4,Utility,AttackAction,None,1.00,45.8,0
15.59,Utility Enemy 11,Utility,Dead,None,0.00,11.2,0
15.59,Utility Enemy 15,Utility,AttackAction,None,1.00,74.1,0
15.59,Utility Enemy 1,Utility,AttackAction,None,1.00,85.3,0
15.59,Utility Enemy 12,Utility,AttackAction,None,1.00,74.6,0
15.59,Utility Enemy 9,Utility,AttackAction,None,1.00,84.6,0
15.59,Utility Enemy 5,Utility,AttackAction,None,1.00,94.1,0
15.59,Utility Enemy 3,Utility,AttackAction,None,1.00,96.6,0
15.59,Utility Enemy 7,Utility,AttackAction,None,1.00,83.2,0
15.59,Utility Enemy 14,Utility,AttackAction,None,1.00,89.0,0
15.59,Utility Enemy 2,Utility,AttackAction,None,1.00,102.8,0
15.59,Utility Enemy 13,Utility,AttackAction,None,1.00,25.8,0
16.09,Player,Player,-,None,0.89,,0
16.09,FSM Enemy 6,FSM,PatrolState,None,0.80,72.9,0
16.09,FSM Enemy 12,FSM,PatrolState,None,1.00,79.9,0
16.09,FSM Enemy 4,FSM,PatrolState,None,0.90,82.6,0
16.09,FSM Enemy 2,FSM,PatrolState,None,1.00,116.3,0
16.09,FSM Enemy 13,FSM,PatrolState,None,0.90,22.9,0
16.09,FSM Enemy 10,FSM,PatrolState,None,1.00,86.3,0
16.09,FSM Enemy 3,FSM,PatrolState,None,0.90,94.5,0
16.09,FSM Enemy 1,FSM,PatrolState,None,1.00,68.8,0
16.09,FSM Enemy 14,FSM,PatrolState,None,1.00,99.7,0
16.09,FSM Enemy 8,FSM,PatrolState,None,1.00,56.3,0
16.09,FSM Enemy 11,FSM,Dead,None,0.00,3.3,0
16.09,FSM Enemy 15,FSM,PatrolState,None,1.00,33.8,0
16.09,FSM Enemy 7,FSM,Dead,None,0.00,15.1,0
16.09,FSM Enemy 5,FSM,PatrolState,None,0.30,55.1,0
16.09,FSM Enemy 9,FSM,PatrolState,None,1.00,54.5,0
16.09,Utility Enemy 10,Utility,AttackAction,None,0.75,71.2,0
16.09,Utility Enemy 8,Utility,AttackAction,None,1.00,65.7,0
16.09,Utility Enemy 6,Utility,Dead,None,0.00,2.2,0
16.09,Utility Enemy 4,Utility,AttackAction,None,1.00,45.8,0
16.09,Utility Enemy 11,Utility,Dead,None,0.00,11.2,0
16.09,Utility Enemy 15,Utility,AttackAction,None,1.00,74.1,0
16.09,Utility Enemy 1,Utility,AttackAction,None,1.00,85.3,0
16.09,Utility Enemy 12,Utility,AttackAction,None,1.00,74.6,0
16.09,Utility Enemy 9,Utility,AttackAction,None,1.00,84.6,0
16.09,Utility Enemy 5,Utility,AttackAction,None,1.00,94.1,0
16.09,Utility Enemy 3,Utility,AttackAction,None,1.00,96.6,0
16.09,Utility Enemy 7,Utility,AttackAction,None,1.00,83.2,0
16.09,Utility Enemy 14,Utility,AttackAction,None,1.00,89.0,0
16.09,Utility Enemy 2,Utility,AttackAction,None,1.00,102.8,0
16.09,Utility Enemy 13,Utility,AttackAction,None,1.00,25.8,0
16.60,Player,Player,-,None,0.89,,0
16.60,FSM Enemy 6,FSM,PatrolState,None,0.80,71.7,0
16.60,FSM Enemy 12,FSM,PatrolState,None,1.00,79.5,0
16.60,FSM Enemy 4,FSM,PatrolState,None,0.90,81.3,0
16.60,FSM Enemy 2,FSM,PatrolState,None,1.00,115.9,0
16.60,FSM Enemy 13,FSM,PatrolState,None,0.90,21.9,0
16.60,FSM Enemy 10,FSM,PatrolState,None,1.00,86.2,0
16.60,FSM Enemy 3,FSM,PatrolState,None,0.90,94.2,0
16.60,FSM Enemy 1,FSM,PatrolState,None,1.00,68.8,0
16.60,FSM Enemy 14,FSM,PatrolState,None,1.00,98.4,0
16.60,FSM Enemy 8,FSM,PatrolState,None,1.00,55.5,0
16.60,FSM Enemy 11,FSM,Dead,None,0.00,3.3,0
16.60,FSM Enemy 15,FSM,PatrolState,None,1.00,32.9,0
16.60,FSM Enemy 7,FSM,Dead,None,0.00,15.1,0
16.60,FSM Enemy 5,FSM,PatrolState,None,0.30,54.0,0
16.60,FSM Enemy 9,FSM,PatrolState,None,1.00,55.7,0
16.60,Utility Enemy 10,Utility,AttackAction,None,0.75,71.2,0
16.60,Utility Enemy 8,Utility,AttackAction,None,1.00,65.7,0
16.60,Utility Enemy 6,Utility,Dead,None,0.00,2.2,0
16.60,Utility Enemy 4,Utility,AttackAction,None,1.00,45.8,0
16.60,Utility Enemy 11,Utility,Dead,None,0.00,11.2,0
16.60,Utility Enemy 15,Utility,AttackAction,None,1.00,74.1,0
16.60,Utility Enemy 1,Utility,AttackAction,None,1.00,85.3,0
16.60,Utility Enemy 12,Utility,AttackAction,None,1.00,74.6,0
16.60,Utility Enemy 9,Utility,AttackAction,None,1.00,84.6,0
16.60,Utility Enemy 5,Utility,AttackAction,None,1.00,94.1,0
16.60,Utility Enemy 3,Utility,AttackAction,None,1.00,96.6,0
16.60,Utility Enemy 7,Utility,AttackAction,None,1.00,83.2,0
16.60,Utility Enemy 14,Utility,AttackAction,None,1.00,89.0,0
16.60,Utility Enemy 2,Utility,AttackAction,None,1.00,102.8,0
16.60,Utility Enemy 13,Utility,AttackAction,None,1.00,25.8,0
17.10,Player,Player,-,None,0.89,,0
17.10,FSM Enemy 6,FSM,PatrolState,None,0.80,70.4,0
17.10,FSM Enemy 12,FSM,PatrolState,None,1.00,79.0,0
17.10,FSM Enemy 4,FSM,PatrolState,None,0.90,80.0,0
17.10,FSM Enemy 2,FSM,PatrolState,None,1.00,115.4,0
17.10,FSM Enemy 13,FSM,PatrolState,None,0.90,20.9,0
17.10,FSM Enemy 10,FSM,PatrolState,None,1.00,86.2,0
17.10,FSM Enemy 3,FSM,PatrolState,None,0.90,93.7,0
17.10,FSM Enemy 1,FSM,PatrolState,None,1.00,68.9,0
17.10,FSM Enemy 14,FSM,PatrolState,None,1.00,97.2,0
17.10,FSM Enemy 8,FSM,PatrolState,None,1.00,55.0,0
17.10,FSM Enemy 11,FSM,Dead,None,0.00,3.3,0
17.10,FSM Enemy 15,FSM,PatrolState,None,1.00,32.0,0
17.10,FSM Enemy 7,FSM,Dead,None,0.00,15.1,0
17.10,FSM Enemy 5,FSM,PatrolState,None,0.30,53.2,0
17.10,FSM Enemy 9,FSM,PatrolState,None,1.00,56.9,0
17.10,Utility Enemy 10,Utility,AttackAction,None,0.75,71.2,0
17.10,Utility Enemy 8,Utility,AttackAction,None,1.00,65.7,0
17.10,Utility Enemy 6,Utility,Dead,None,0.00,2.2,0
17.10,Utility Enemy 4,Utility,AttackAction,None,1.00,45.8,0
17.10,Utility Enemy 11,Utility,Dead,None,0.00,11.2,0
17.10,Utility Enemy 15,Utility,AttackAction,None,1.00,74.1,0
17.10,Utility Enemy 1,Utility,AttackAction,None,1.00,85.3,0
17.10,Utility Enemy 12,Utility,AttackAction,None,1.00,74.6,0
17.10,Utility Enemy 9,Utility,AttackAction,None,1.00,84.6,0
17.10,Utility Enemy 5,Utility,AttackAction,None,1.00,94.2,0
17.10,Utility Enemy 3,Utility,AttackAction,None,1.00,96.6,0
17.10,Utility Enemy 7,Utility,AttackAction,None,1.00,83.2,0
17.10,Utility Enemy 14,Utility,AttackAction,None,1.00,89.0,0
17.10,Utility Enemy 2,Utility,AttackAction,None,1.00,102.8,0
17.10,Utility Enemy 13,Utility,AttackAction,None,1.00,25.8,0
17.61,Player,Player,-,None,0.89,,0
17.61,FSM Enemy 6,FSM,PatrolState,None,0.80,69.1,0
17.61,FSM Enemy 12,FSM,PatrolState,None,1.00,78.6,0
17.61,FSM Enemy 4,FSM,PatrolState,None,0.90,78.8,0
17.61,FSM Enemy 2,FSM,PatrolState,None,1.00,114.7,0
17.61,FSM Enemy 13,FSM,PatrolState,None,0.90,19.9,0
17.61,FSM Enemy 10,FSM,PatrolState,None,1.00,86.2,0
17.61,FSM Enemy 3,FSM,PatrolState,None,0.80,93.1,0
17.61,FSM Enemy 1,FSM,PatrolState,None,1.00,69.7,0
17.61,FSM Enemy 14,FSM,PatrolState,None,1.00,96.6,0
17.61,FSM Enemy 8,FSM,PatrolState,None,1.00,54.6,0
17.61,FSM Enemy 11,FSM,Dead,None,0.00,3.3,0
17.61,FSM Enemy 15,FSM,PatrolState,None,1.00,31.2,0
17.61,FSM Enemy 7,FSM,Dead,None,0.00,15.1,0
17.61,FSM Enemy 5,FSM,PatrolState,None,0.30,52.4,0
17.61,FSM Enemy 9,FSM,PatrolState,None,1.00,58.1,0
17.61,Utility Enemy 10,Utility,AttackAction,None,0.75,71.2,0
17.61,Utility Enemy 8,Utility,AttackAction,None,1.00,65.7,0
17.61,Utility Enemy 6,Utility,Dead,None,0.00,2.2,0
17.61,Utility Enemy 4,Utility,AttackAction,None,1.00,45.8,0
17.61,Utility Enemy 11,Utility,Dead,None,0.00,11.2,0
17.61,Utility Enemy 15,Utility,AttackAction,None,1.00,74.1,0
17.61,Utility Enemy 1,Utility,AttackAction,None,1.00,85.3,0
17.61,Utility Enemy 12,Utility,AttackAction,None,1.00,74.6,0
17.61,Utility Enemy 9,Utility,AttackAction,None,1.00,84.6,0
17.61,Utility Enemy 5,Utility,AttackAction,None,1.00,94.2,0
17.61,Utility Enemy 3,Utility,AttackAction,None,1.00,96.6,0
17.61,Utility Enemy 7,Utility,AttackAction,None,1.00,83.2,0
17.61,Utility Enemy 14,Utility,AttackAction,None,1.00,89.0,0
17.61,Utility Enemy 2,Utility,AttackAction,None,1.00,102.8,0
17.61,Utility Enemy 13,Utility,AttackAction,None,1.00,25.8,0
18.11,Player,Player,-,None,0.89,,0
18.11,FSM Enemy 6,FSM,PatrolState,None,0.80,67.9,0
18.11,FSM Enemy 12,FSM,PatrolState,None,1.00,78.2,0
18.11,FSM Enemy 4,FSM,PatrolState,None,0.90,77.5,0
18.11,FSM Enemy 2,FSM,PatrolState,None,1.00,113.6,0
18.11,FSM Enemy 13,FSM,PatrolState,None,0.90,19.0,0
18.11,FSM Enemy 10,FSM,PatrolState,None,1.00,86.2,0
18.11,FSM Enemy 3,FSM,PatrolState,None,0.80,92.6,0
18.11,FSM Enemy 1,FSM,PatrolState,None,1.00,70.6,0
18.11,FSM Enemy 14,FSM,PatrolState,None,1.00,97.3,0
18.11,FSM Enemy 8,FSM,PatrolState,None,1.00,54.2,0
18.11,FSM Enemy 11,FSM,Dead,None,0.00,3.3,0
18.11,FSM Enemy 15,FSM,PatrolState,None,1.00,30.3,0
18.11,FSM Enemy 7,FSM,Dead,None,0.00,15.1,0
18.11,FSM Enemy 5,FSM,PatrolState,None,0.30,51.7,0
18.11,FSM Enemy 9,FSM,PatrolState,None,1.00,59.3,0
18.11,Utility Enemy 10,Utility,AttackAction,None,0.75,71.2,0
18.11,Utility Enemy 8,Utility,AttackAction,None,1.00,65.7,0
18.11,Utility Enemy 6,Utility,Dead,None,0.00,2.2,0
18.11,Utility Enemy 4,Utility,AttackAction,None,1.00,45.8,0
18.11,Utility Enemy 11,Utility,Dead,None,0.00,11.2,0
18.11,Utility Enemy 15,Utility,AttackAction,None,1.00,74.1,0
18.11,Utility Enemy 1,Utility,AttackAction,None,1.00,85.3,0
18.11,Utility Enemy 12,Utility,AttackAction,None,1.00,74.6,0
18.11,Utility Enemy 9,Utility,AttackAction,None,1.00,84.6,0
18.11,Utility Enemy 5,Utility,AttackAction,None,1.00,94.2,0
18.11,Utility Enemy 3,Utility,AttackAction,None,1.00,96.6,0
18.11,Utility Enemy 7,Utility,AttackAction,None,1.00,83.2,0
18.11,Utility Enemy 14,Utility,AttackAction,None,1.00,89.0,0
18.11,Utility Enemy 2,Utility,AttackAction,None,1.00,102.8,0
18.11,Utility Enemy 13,Utility,AttackAction,None,1.00,25.8,0
18.61,Player,Player,-,None,0.89,,0
18.61,FSM Enemy 6,FSM,PatrolState,None,0.80,66.6,0
18.61,FSM Enemy 12,FSM,PatrolState,None,1.00,77.8,0
18.61,FSM Enemy 4,FSM,PatrolState,None,0.90,76.5,0
18.61,FSM Enemy 2,FSM,PatrolState,None,1.00,112.8,0
18.61,FSM Enemy 13,FSM,PatrolState,None,0.90,18.1,0
18.61,FSM Enemy 10,FSM,PatrolState,None,1.00,85.8,0
18.61,FSM Enemy 3,FSM,PatrolState,None,0.80,92.2,0
18.61,FSM Enemy 1,FSM,PatrolState,None,1.00,71.5,0
18.61,FSM Enemy 14,FSM,PatrolState,None,1.00,98.1,0
18.61,FSM Enemy 8,FSM,PatrolState,None,1.00,53.5,0
18.61,FSM Enemy 11,FSM,Dead,None,0.00,3.3,0
18.61,FSM Enemy 15,FSM,PatrolState,None,1.00,29.5,0
18.61,FSM Enemy 7,FSM,Dead,None,0.00,15.1,0
18.61,FSM Enemy 5,FSM,PatrolState,None,0.30,52.1,0
18.61,FSM Enemy 9,FSM,PatrolState,None,1.00,60.5,0
18.61,Utility Enemy 10,Utility,AttackAction,None,0.75,71.2,0
18.61,Utility Enemy 8,Utility,AttackAction,None,1.00,65.7,0
18.61,Utility Enemy 6,Utility,Dead,None,0.00,2.2,0
18.61,Utility Enemy 4,Utility,AttackAction,None,1.00,45.8,0
18.61,Utility Enemy 11,Utility,AttackAction,None,1.00,92.8,0
18.61,Utility Enemy 15,Utility,AttackAction,None,1.00,74.1,0
18.61,Utility Enemy 1,Utility,AttackAction,None,1.00,85.3,0
18.61,Utility Enemy 12,Utility,AttackAction,None,1.00,74.6,0
18.61,Utility Enemy 9,Utility,AttackAction,None,1.00,84.6,0
18.61,Utility Enemy 5,Utility,AttackAction,None,1.00,94.2,0
18.61,Utility Enemy 3,Utility,AttackAction,None,1.00,96.6,0
18.61,Utility Enemy 7,Utility,AttackAction,None,1.00,83.2,0
18.61,Utility Enemy 14,Utility,AttackAction,None,1.00,89.0,0
18.61,Utility Enemy 2,Utility,AttackAction,None,1.00,102.8,0
18.61,Utility Enemy 13,Utility,AttackAction,None,1.00,25.8,0
19.11,Player,Player,-,None,0.89,,0
19.11,FSM Enemy 6,FSM,PatrolState,None,0.80,65.4,0
19.11,FSM Enemy 12,FSM,PatrolState,None,0.90,77.4,0
19.11,FSM Enemy 4,FSM,PatrolState,None,0.90,77.4,0
19.11,FSM Enemy 2,FSM,PatrolState,None,1.00,113.4,0
19.11,FSM Enemy 13,FSM,PatrolState,None,0.90,17.1,0
19.11,FSM Enemy 10,FSM,PatrolState,None,1.00,85.2,0
19.11,FSM Enemy 3,FSM,PatrolState,None,0.80,91.8,0
19.11,FSM Enemy 1,FSM,PatrolState,None,1.00,72.5,0
19.11,FSM Enemy 14,FSM,PatrolState,None,1.00,98.9,0
19.11,FSM Enemy 8,FSM,PatrolState,None,1.00,52.7,0
19.11,FSM Enemy 11,FSM,Dead,None,0.00,3.3,0
19.11,FSM Enemy 15,FSM,PatrolState,None,1.00,28.7,0
19.11,FSM Enemy 7,FSM,Dead,None,0.00,15.1,0
19.11,FSM Enemy 5,FSM,PatrolState,None,0.30,53.0,0
19.11,FSM Enemy 9,FSM,PatrolState,None,1.00,61.7,0
19.11,Utility Enemy 10,Utility,AttackAction,None,0.75,71.2,0
19.11,Utility Enemy 8,Utility,AttackAction,None,1.00,65.7,0
19.11,Utility Enemy 6,Utility,Dead,None,0.00,2.2,0
19.11,Utility Enemy 4,Utility,AttackAction,None,1.00,45.8,0
19.11,Utility Enemy 11,Utility,AttackAction,None,1.00,92.8,0
19.11,Utility Enemy 15,Utility,AttackAction,None,1.00,74.1,0
19.11,Utility Enemy 1,Utility,AttackAction,None,1.00,85.3,0
19.11,Utility Enemy 12,Utility,AttackAction,None,1.00,74.6,0
19.11,Utility Enemy 9,Utility,AttackAction,None,1.00,84.6,0
19.11,Utility Enemy 5,Utility,AttackAction,None,1.00,94.2,0
19.11,Utility Enemy 3,Utility,AttackAction,None,1.00,96.6,0
19.11,Utility Enemy 7,Utility,AttackAction,None,1.00,83.2,0
19.11,Utility Enemy 14,Utility,AttackAction,None,1.00,89.0,0
19.11,Utility Enemy 2,Utility,AttackAction,None,1.00,102.8,0
19.11,Utility Enemy 13,Utility,AttackAction,None,1.00,25.8,0
19.62,Player,Player,-,None,0.89,,0
19.62,FSM Enemy 6,FSM,PatrolState,None,0.80,64.2,0
19.62,FSM Enemy 12,FSM,PatrolState,None,0.90,77.1,0
19.62,FSM Enemy 4,FSM,PatrolState,None,0.90,78.6,0
19.62,FSM Enemy 2,FSM,PatrolState,None,1.00,114.0,0
19.62,FSM Enemy 13,FSM,PatrolState,None,0.90,16.0,0
19.62,FSM Enemy 10,FSM,PatrolState,None,1.00,84.6,0
19.62,FSM Enemy 3,FSM,PatrolState,None,0.80,91.3,0
19.62,FSM Enemy 1,FSM,PatrolState,None,1.00,73.4,0
19.62,FSM Enemy 14,FSM,PatrolState,None,1.00,99.6,0
19.62,FSM Enemy 8,FSM,PatrolState,None,1.00,52.0,0
19.62,FSM Enemy 11,FSM,Dead,None,0.00,3.3,0
19.62,FSM Enemy 15,FSM,PatrolState,None,1.00,28.0,0
19.62,FSM Enemy 7,FSM,PatrolState,None,1.00,58.3,0
19.62,FSM Enemy 5,FSM,PatrolState,None,0.30,53.8,0
19.62,FSM Enemy 9,FSM,PatrolState,None,1.00,62.9,0
19.62,Utility Enemy 10,Utility,AttackAction,None,0.75,71.2,0
19.62,Utility Enemy 8,Utility,AttackAction,None,1.00,65.7,0
19.62,Utility Enemy 6,Utility,Dead,None,0.00,2.2,0
19.62,Utility Enemy 4,Utility,AttackAction,None,1.00,45.8,0
19.62,Utility Enemy 11,Utility,AttackAction,None,1.00,92.8,0
19.62,Utility Enemy 15,Utility,AttackAction,None,1.00,74.1,0
19.62,Utility Enemy 1,Utility,AttackAction,None,1.00,85.3,0
19.62,Utility Enemy 12,Utility,AttackAction,None,1.00,74.6,0
19.62,Utility Enemy 9,Utility,AttackAction,None,1.00,84.6,0
19.62,Utility Enemy 5,Utility,AttackAction,None,1.00,94.2,0
19.62,Utility Enemy 3,Utility,AttackAction,None,1.00,96.6,0
19.62,Utility Enemy 7,Utility,AttackAction,None,1.00,83.2,0
19.62,Utility Enemy 14,Utility,AttackAction,None,1.00,89.0,0
19.62,Utility Enemy 2,Utility,AttackAction,None,1.00,102.8,0
19.62,Utility Enemy 13,Utility,AttackAction,None,1.00,25.8,0
20.12,Player,Player,-,None,0.89,,0
20.12,FSM Enemy 6,FSM,PatrolState,None,0.70,64.6,0
20.12,FSM Enemy 12,FSM,PatrolState,None,0.90,76.7,0
20.12,FSM Enemy 4,FSM,PatrolState,None,0.90,79.9,0
20.12,FSM Enemy 2,FSM,PatrolState,None,1.00,114.6,0
20.12,FSM Enemy 13,FSM,PatrolState,None,0.90,14.9,0
20.12,FSM Enemy 10,FSM,PatrolState,None,1.00,84.0,0
20.12,FSM Enemy 3,FSM,PatrolState,None,0.80,90.8,0
20.12,FSM Enemy 1,FSM,PatrolState,None,1.00,74.3,0
20.12,FSM Enemy 14,FSM,PatrolState,None,1.00,100.4,0
20.12,FSM Enemy 8,FSM,PatrolState,None,1.00,51.2,0
20.12,FSM Enemy 11,FSM,Dead,None,0.00,3.3,0
20.12,FSM Enemy 15,FSM,PatrolState,None,1.00,27.2,0
20.12,FSM Enemy 7,FSM,PatrolState,None,1.00,57.1,0
20.12,FSM Enemy 5,FSM,PatrolState,None,0.30,54.7,0
20.12,FSM Enemy 9,FSM,PatrolState,None,1.00,63.8,0
20.12,Utility Enemy 10,Utility,AttackAction,None,0.75,71.2,0
20.12,Utility Enemy 8,Utility,AttackAction,None,1.00,65.7,0
20.12,Utility Enemy 6,Utility,Dead,None,0.00,2.2,0
20.12,Utility Enemy 4,Utility,AttackAction,None,1.00,45.8,0
20.12,Utility Enemy 11,Utility,AttackAction,None,1.00,92.8,0
20.12,Utility Enemy 15,Utility,AttackAction,None,1.00,74.1,0
20.12,Utility Enemy 1,Utility,AttackAction,None,1.00,85.3,0
20.12,Utility Enemy 12,Utility,AttackAction,None,1.00,74.6,0
20.12,Utility Enemy 9,Utility,AttackAction,None,1.00,84.6,0
20.12,Utility Enemy 5,Utility,AttackAction,None,1.00,94.2,0
20.12,Utility Enemy 3,Utility,AttackAction,None,1.00,96.6,0
20.12,Utility Enemy 7,Utility,AttackAction,None,1.00,83.2,0
20.12,Utility Enemy 14,Utility,AttackAction,None,1.00,89.0,0
20.12,Utility Enemy 2,Utility,AttackAction,None,1.00,102.8,0
20.12,Utility Enemy 13,Utility,AttackAction,None,1.00,25.8,0
20.62,Player,Player,-,None,0.89,,0
20.62,FSM Enemy 6,FSM,PatrolState,None,0.70,65.6,0
20.62,FSM Enemy 12,FSM,PatrolState,None,0.90,76.4,0
20.62,FSM Enemy 4,FSM,PatrolState,None,0.90,81.1,0
20.62,FSM Enemy 2,FSM,PatrolState,None,1.00,115.3,0
20.62,FSM Enemy 13,FSM,PatrolState,None,0.90,13.9,0
20.62,FSM Enemy 10,FSM,PatrolState,None,1.00,83.4,0
20.62,FSM Enemy 3,FSM,PatrolState,None,0.80,90.2,0
20.62,FSM Enemy 1,FSM,PatrolState,None,1.00,75.3,0
20.62,FSM Enemy 14,FSM,PatrolState,None,1.00,101.0,0
20.62,FSM Enemy 8,FSM,PatrolState,None,1.00,51.0,0
20.62,FSM Enemy 11,FSM,Dead,None,0.00,3.3,0
20.62,FSM Enemy 15,FSM,PatrolState,None,1.00,26.6,0
20.62,FSM Enemy 7,FSM,PatrolState,None,1.00,55.9,0
20.62,FSM Enemy 5,FSM,PatrolState,None,0.30,55.7,0
20.62,FSM Enemy 9,FSM,PatrolState,None,1.00,63.7,0
20.62,Utility Enemy 10,Utility,AttackAction,None,0.75,71.2,0
20.62,Utility Enemy 8,Utility,AttackAction,None,1.00,65.7,0
20.62,Utility Enemy 6,Utility,Dead,None,0.00,2.2,0
20.62,Utility Enemy 4,Utility,AttackAction,None,1.00,45.8,0
20.62,Utility Enemy 11,Utility,AttackAction,None,1.00,92.8,0
20.62,Utility Enemy 15,Utility,AttackAction,None,1.00,74.1,0
20.62,Utility Enemy 1,Utility,AttackAction,None,1.00,85.3,0
20.62,Utility Enemy 12,Utility,AttackAction,None,1.00,74.6,0
20.62,Utility Enemy 9,Utility,AttackAction,None,1.00,84.6,0
20.62,Utility Enemy 5,Utility,AttackAction,None,1.00,94.2,0
20.62,Utility Enemy 3,Utility,AttackAction,None,1.00,96.6,0
20.62,Utility Enemy 7,Utility,AttackAction,None,1.00,83.2,0
20.62,Utility Enemy 14,Utility,AttackAction,None,1.00,89.0,0
20.62,Utility Enemy 2,Utility,AttackAction,None,1.00,102.8,0
20.62,Utility Enemy 13,Utility,AttackAction,None,1.00,25.8,0
21.13,Player,Player,-,None,0.89,,0
21.13,FSM Enemy 6,FSM,PatrolState,None,0.70,66.7,0
21.13,FSM Enemy 12,FSM,PatrolState,None,0.90,76.0,0
21.13,FSM Enemy 4,FSM,PatrolState,None,0.90,82.4,0
21.13,FSM Enemy 2,FSM,PatrolState,None,1.00,115.9,0
21.13,FSM Enemy 13,FSM,PatrolState,None,0.90,13.6,0
21.13,FSM Enemy 10,FSM,PatrolState,None,1.00,82.8,0
21.13,FSM Enemy 3,FSM,PatrolState,None,0.70,89.9,0
21.13,FSM Enemy 1,FSM,PatrolState,None,1.00,76.0,0
21.13,FSM Enemy 14,FSM,PatrolState,None,1.00,101.3,0
21.13,FSM Enemy 8,FSM,PatrolState,None,1.00,51.7,0
21.13,FSM Enemy 11,FSM,Dead,None,0.00,3.3,0
21.13,FSM Enemy 15,FSM,PatrolState,None,1.00,25.9,0
21.13,FSM Enemy 7,FSM,PatrolState,None,1.00,54.7,0
21.13,FSM Enemy 5,FSM,PatrolState,None,0.30,56.7,0
21.13,FSM Enemy 9,FSM,PatrolState,None,1.00,63.7,0
21.13,Utility Enemy 10,Utility,AttackAction,None,0.75,71.2,0
21.13,Utility Enemy 8,Utility,AttackAction,None,1.00,65.7,0
21.13,Utility Enemy 6,Utility,Dead,None,0.00,2.2,0
21.13,Utility Enemy 4,Utility,AttackAction,None,1.00,45.8,0
21.13,Utility Enemy 11,Utility,AttackAction,None,1.00,92.8,0
21.13,Utility Enemy 15,Utility,AttackAction,None,1.00,74.1,0
21.13,Utility Enemy 1,Utility,AttackAction,None,1.00,85.3,0
21.13,Utility Enemy 12,Utility,AttackAction,None,1.00,74.6,0
21.13,Utility Enemy 9,Utility,AttackAction,None,1.00,84.6,0
21.13,Utility Enemy 5,Utility,AttackAction,None,1.00,94.2,0
21.13,Utility Enemy 3,Utility,AttackAction,None,1.00,96.6,0
21.13,Utility Enemy 7,Utility,AttackAction,None,1.00,83.2,0
21.13,Utility Enemy 14,Utility,AttackAction,None,1.00,89.0,0
21.13,Utility Enemy 2,Utility,AttackAction,None,1.00,102.8,0
21.13,Utility Enemy 13,Utility,AttackAction,None,1.00,25.8,0
21.63,Player,Player,-,None,0.89,,0
21.63,FSM Enemy 6,FSM,PatrolState,None,0.70,67.7,0
21.63,FSM Enemy 12,FSM,PatrolState,None,0.90,75.6,0
21.63,FSM Enemy 4,FSM,PatrolState,None,0.90,83.6,0
21.63,FSM Enemy 2,FSM,PatrolState,None,1.00,116.6,0
21.63,FSM Enemy 13,FSM,PatrolState,None,0.90,13.5,0
21.63,FSM Enemy 10,FSM,PatrolState,None,1.00,82.4,0
21.63,FSM Enemy 3,FSM,PatrolState,None,0.70,89.5,0
21.63,FSM Enemy 1,FSM,PatrolState,None,1.00,76.3,0
21.63,FSM Enemy 14,FSM,PatrolState,None,1.00,101.5,0
21.63,FSM Enemy 8,FSM,PatrolState,None,1.00,52.5,0
21.63,FSM Enemy 11,FSM,Dead,None,0.00,3.3,0
21.63,FSM Enemy 15,FSM,PatrolState,None,1.00,25.4,0
21.63,FSM Enemy 7,FSM,PatrolState,None,1.00,53.6,0
21.63,FSM Enemy 5,FSM,PatrolState,None,0.30,57.7,0
21.63,FSM Enemy 9,FSM,PatrolState,None,1.00,63.7,0
21.63,Utility Enemy 10,Utility,AttackAction,None,0.25,71.2,0
21.63,Utility Enemy 8,Utility,AttackAction,None,1.00,65.7,0
21.63,Utility Enemy 6,Utility,Dead,None,0.00,2.2,0
21.63,Utility Enemy 4,Utility,AttackAction,None,1.00,45.8,0
21.63,Utility Enemy 11,Utility,AttackAction,None,1.00,92.8,0
21.63,Utility Enemy 15,Utility,AttackAction,None,1.00,74.1,0
21.63,Utility Enemy 1,Utility,AttackAction,None,1.00,85.3,0
21.63,Utility Enemy 12,Utility,AttackAction,None,1.00,74.6,0
21.63,Utility Enemy 9,Utility,AttackAction,None,1.00,84.6,0
21.63,Utility Enemy 5,Utility,AttackAction,None,1.00,94.2,0
21.63,Utility Enemy 3,Utility,AttackAction,None,1.00,96.6,0
21.63,Utility Enemy 7,Utility,AttackAction,None,1.00,83.2,0
21.63,Utility Enemy 14,Utility,AttackAction,None,1.00,89.0,0
21.63,Utility Enemy 2,Utility,AttackAction,None,1.00,102.8,0
21.63,Utility Enemy 13,Utility,AttackAction,None,1.00,25.8,0
22.14,Player,Player,-,None,0.89,,0
22.14,FSM Enemy 6,FSM,PatrolState,None,0.70,68.8,0
22.14,FSM Enemy 12,FSM,PatrolState,None,0.40,75.1,0
22.14,FSM Enemy 4,FSM,PatrolState,None,0.90,84.8,0
22.14,FSM Enemy 2,FSM,PatrolState,None,1.00,117.2,0
22.14,FSM Enemy 13,FSM,PatrolState,None,0.90,13.5,0
22.14,FSM Enemy 10,FSM,PatrolState,None,1.00,82.4,0
22.14,FSM Enemy 3,FSM,PatrolState,None,0.70,89.2,0
22.14,FSM Enemy 1,FSM,PatrolState,None,1.00,76.3,0
22.14,FSM Enemy 14,FSM,PatrolState,None,1.00,101.8,0
22.14,FSM Enemy 8,FSM,PatrolState,None,1.00,53.6,0
22.14,FSM Enemy 11,FSM,Dead,None,0.00,3.3,0
22.14,FSM Enemy 15,FSM,PatrolState,None,1.00,25.2,0
22.14,FSM Enemy 7,FSM,PatrolState,None,1.00,52.4,0
22.14,FSM Enemy 5,FSM,PatrolState,None,0.30,58.7,0
22.14,FSM Enemy 9,FSM,PatrolState,None,1.00,63.7,0
22.14,Utility Enemy 10,Utility,Dead,None,0.00,71.2,0
22.14,Utility Enemy 8,Utility,AttackAction,None,1.00,65.7,0
22.14,Utility Enemy 6,Utility,Dead,None,0.00,2.2,0
22.14,Utility Enemy 4,Utility,AttackAction,None,1.00,45.8,0
22.14,Utility Enemy 11,Utility,AttackAction,None,1.00,92.8,0
22.14,Utility Enemy 15,Utility,AttackAction,None,1.00,74.1,0
22.14,Utility Enemy 1,Utility,AttackAction,None,1.00,85.3,0
22.14,Utility Enemy 12,Utility,AttackAction,None,1.00,74.6,0
22.14,Utility Enemy 9,Utility,AttackAction,None,1.00,84.6,0
22.14,Utility Enemy 5,Utility,AttackAction,None,1.00,94.2,0
22.14,Utility Enemy 3,Utility,AttackAction,None,1.00,96.6,0
22.14,Utility Enemy 7,Utility,AttackAction,None,1.00,83.2,0
22.14,Utility Enemy 14,Utility,AttackAction,None,1.00,89.0,0
22.14,Utility Enemy 2,Utility,AttackAction,None,1.00,102.8,0
22.14,Utility Enemy 13,Utility,AttackAction,None,1.00,25.8,0
22.64,Player,Player,-,None,0.89,,0
22.64,FSM Enemy 6,FSM,PatrolState,None,0.70,69.9,0
22.64,FSM Enemy 12,FSM,PatrolState,None,0.40,74.8,0
22.64,FSM Enemy 4,FSM,PatrolState,None,0.90,86.1,0
22.64,FSM Enemy 2,FSM,PatrolState,None,1.00,117.9,0
22.64,FSM Enemy 13,FSM,PatrolState,None,0.90,13.7,0
22.64,FSM Enemy 10,FSM,PatrolState,None,1.00,82.4,0
22.64,FSM Enemy 3,FSM,PatrolState,None,0.70,89.1,0
22.64,FSM Enemy 1,FSM,PatrolState,None,1.00,76.3,0
22.64,FSM Enemy 14,FSM,PatrolState,None,1.00,102.1,0
22.64,FSM Enemy 8,FSM,PatrolState,None,1.00,54.6,0
22.64,FSM Enemy 11,FSM,Dead,None,0.00,3.3,0
22.64,FSM Enemy 15,FSM,PatrolState,None,1.00,25.3,0
22.64,FSM Enemy 7,FSM,PatrolState,None,1.00,51.2,0
22.64,FSM Enemy 5,FSM,PatrolState,None,0.30,59.7,0
22.64,FSM Enemy 9,FSM,PatrolState,None,1.00,63.8,0
22.64,Utility Enemy 10,Utility,Dead,None,0.00,71.2,0
22.64,Utility Enemy 8,Utility,AttackAction,None,1.00,65.7,0
22.64,Utility Enemy 6,Utility,AttackAction,None,1.00,43.5,0
22.64,Utility Enemy 4,Utility,AttackAction,None,1.00,45.8,0
22.64,Utility Enemy 11,Utility,AttackAction,None,1.00,92.8,0
22.64,Utility Enemy 15,Utility,AttackAction,None,1.00,74.1,0
22.64,Utility Enemy 1,Utility,AttackAction,None,1.00,85.3,0
22.64,Utility Enemy 12,Utility,AttackAction,None,1.00,74.6,0
22.64,Utility Enemy 9,Utility,AttackAction,None,1.00,84.6,0
22.64,Utility Enemy 5,Utility,AttackAction,None,1.00,94.2,0
22.64,Utility Enemy 3,Utility,AttackAction,None,1.00,96.6,0
22.64,Utility Enemy 7,Utility,AttackAction,None,1.00,83.2,0
22.64,Utility Enemy 14,Utility,AttackAction,None,1.00,89.0,0
22.64,Utility Enemy 2,Utility,AttackAction,None,1.00,102.8,0
22.64,Utility Enemy 13,Utility,AttackAction,None,1.00,25.8,0
23.15,Player,Player,-,None,0.89,,0
23.15,FSM Enemy 6,FSM,PatrolState,None,0.70,71.0,0
23.15,FSM Enemy 12,FSM,PatrolState,None,0.40,74.4,0
23.15,FSM Enemy 4,FSM,PatrolState,None,0.90,87.3,0
23.15,FSM Enemy 2,FSM,PatrolState,None,1.00,118.4,0
23.15,FSM Enemy 13,FSM,PatrolState,None,0.90,14.0,0
23.15,FSM Enemy 10,FSM,PatrolState,None,1.00,81.6,0
23.15,FSM Enemy 3,FSM,PatrolState,None,0.70,89.7,0
23.15,FSM Enemy 1,FSM,PatrolState,None,1.00,76.4,0
23.15,FSM Enemy 14,FSM,PatrolState,None,1.00,102.5,0
23.15,FSM Enemy 8,FSM,PatrolState,None,1.00,55.7,0
23.15,FSM Enemy 11,FSM,PatrolState,None,1.00,86.0,0
23.15,FSM Enemy 15,FSM,PatrolState,None,1.00,25.5,0
23.15,FSM Enemy 7,FSM,PatrolState,None,1.00,50.0,0
23.15,FSM Enemy 5,FSM,PatrolState,None,0.30,60.5,0
23.15,FSM Enemy 9,FSM,PatrolState,None,1.00,63.9,0
23.15,Utility Enemy 10,Utility,Dead,None,0.00,71.2,0
23.15,Utility Enemy 8,Utility,AttackAction,None,1.00,65.7,0
23.15,Utility Enemy 6,Utility,AttackAction,None,1.00,43.5,0
23.15,Utility Enemy 4,Utility,AttackAction,None,1.00,45.8,0
23.15,Utility Enemy 11,Utility,AttackAction,None,1.00,92.8,0
23.15,Utility Enemy 15,Utility,AttackAction,None,1.00,74.1,0
23.15,Utility Enemy 1,Utility,AttackAction,None,1.00,85.3,0
23.15,Utility Enemy 12,Utility,AttackAction,None,1.00,74.6,0
23.15,Utility Enemy 9,Utility,AttackAction,None,1.00,84.6,0
23.15,Utility Enemy 5,Utility,AttackAction,None,1.00,94.2,0
23.15,Utility Enemy 3,Utility,AttackAction,None,1.00,96.6,0
23.15,Utility Enemy 7,Utility,AttackAction,None,1.00,83.2,0
23.15,Utility Enemy 14,Utility,AttackAction,None,1.00,89.0,0
23.15,Utility Enemy 2,Utility,AttackAction,None,1.00,102.8,0
23.15,Utility Enemy 13,Utility,AttackAction,None,1.00,25.8,0
23.65,Player,Player,-,None,0.89,,0
23.65,FSM Enemy 6,FSM,PatrolState,None,0.70,72.2,0
23.65,FSM Enemy 12,FSM,PatrolState,None,0.40,74.1,0
23.65,FSM Enemy 4,FSM,PatrolState,None,0.90,87.5,0
23.65,FSM Enemy 2,FSM,PatrolState,None,1.00,118.4,0
23.65,FSM Enemy 13,FSM,PatrolState,None,0.90,14.4,0
23.65,FSM Enemy 10,FSM,PatrolState,None,1.00,80.6,0
23.65,FSM Enemy 3,FSM,PatrolState,None,0.70,90.3,0
23.65,FSM Enemy 1,FSM,PatrolState,None,1.00,76.5,0
23.65,FSM Enemy 14,FSM,PatrolState,None,1.00,102.8,0
23.65,FSM Enemy 8,FSM,PatrolState,None,1.00,56.7,0
23.65,FSM Enemy 11,FSM,PatrolState,None,1.00,84.8,0
23.65,FSM Enemy 15,FSM,PatrolState,None,1.00,25.8,0
23.65,FSM Enemy 7,FSM,PatrolState,None,1.00,48.8,0
23.65,FSM Enemy 5,FSM,PatrolState,None,0.30,60.3,0
23.65,FSM Enemy 9,FSM,PatrolState,None,1.00,64.0,0
23.65,Utility Enemy 10,Utility,Dead,None,0.00,71.2,0
23.65,Utility Enemy 8,Utility,AttackAction,None,1.00,65.7,0
23.65,Utility Enemy 6,Utility,AttackAction,None,1.00,43.5,0
23.65,Utility Enemy 4,Utility,AttackAction,None,1.00,45.8,0
23.65,Utility Enemy 11,Utility,AttackAction,None,1.00,92.8,0
23.65,Utility Enemy 15,Utility,AttackAction,None,1.00,74.1,0
23.65,Utility Enemy 1,Utility,AttackAction,None,1.00,85.3,0
23.65,Utility Enemy 12,Utility,AttackAction,None,1.00,74.6,0
23.65,Utility Enemy 9,Utility,AttackAction,None,1.00,84.6,0
23.65,Utility Enemy 5,Utility,AttackAction,None,1.00,94.2,0
23.65,Utility Enemy 3,Utility,AttackAction,None,1.00,96.6,0
23.65,Utility Enemy 7,Utility,AttackAction,None,1.00,83.2,0
23.65,Utility Enemy 14,Utility,AttackAction,None,1.00,89.0,0
23.65,Utility Enemy 2,Utility,AttackAction,None,1.00,102.8,0
23.65,Utility Enemy 13,Utility,AttackAction,None,1.00,25.8,0
24.15,Player,Player,-,None,0.89,,0
24.15,FSM Enemy 6,FSM,PatrolState,None,0.70,73.5,0
24.15,FSM Enemy 12,FSM,PatrolState,None,0.40,73.7,0
24.15,FSM Enemy 4,FSM,PatrolState,None,0.90,87.6,0
24.15,FSM Enemy 2,FSM,PatrolState,None,1.00,118.2,0
24.15,FSM Enemy 13,FSM,PatrolState,None,0.90,14.8,0
24.15,FSM Enemy 10,FSM,PatrolState,None,1.00,80.2,0
24.15,FSM Enemy 3,FSM,PatrolState,None,0.70,91.0,0
24.15,FSM Enemy 1,FSM,PatrolState,None,1.00,76.6,0
24.15,FSM Enemy 14,FSM,PatrolState,None,1.00,103.2,0
24.15,FSM Enemy 8,FSM,PatrolState,None,1.00,57.8,0
24.15,FSM Enemy 11,FSM,PatrolState,None,1.00,83.6,0
24.15,FSM Enemy 15,FSM,PatrolState,None,1.00,26.1,0
24.15,FSM Enemy 7,FSM,PatrolState,None,1.00,47.6,0
24.15,FSM Enemy 5,FSM,PatrolState,None,0.30,60.2,0
24.15,FSM Enemy 9,FSM,PatrolState,None,1.00,63.7,0
24.15,Utility Enemy 10,Utility,Dead,None,0.00,71.2,0
24.15,Utility Enemy 8,Utility,AttackAction,None,1.00,65.7,0
24.15,Utility Enemy 6,Utility,AttackAction,None,1.00,43.5,0
24.15,Utility Enemy 4,Utility,AttackAction,None,1.00,45.8,0
24.15,Utility Enemy 11,Utility,AttackAction,None,1.00,92.8,0
24.15,Utility Enemy 15,Utility,AttackAction,None,1.00,74.1,0
24.15,Utility Enemy 1,Utility,AttackAction,None,1.00,85.3,0
24.15,Utility Enemy 12,Utility,AttackAction,None,1.00,74.6,0
24.15,Utility Enemy 9,Utility,AttackAction,None,1.00,84.6,0
24.15,Utility Enemy 5,Utility,AttackAction,None,1.00,94.2,0
24.15,Utility Enemy 3,Utility,AttackAction,None,1.00,96.6,0
24.15,Utility Enemy 7,Utility,AttackAction,None,1.00,83.2,0
24.15,Utility Enemy 14,Utility,AttackAction,None,1.00,89.0,0
24.15,Utility Enemy 2,Utility,AttackAction,None,1.00,102.8,0
24.15,Utility Enemy 13,Utility,AttackAction,None,1.00,25.8,0
24.66,Player,Player,-,None,0.89,,0
24.66,FSM Enemy 6,FSM,PatrolState,None,0.70,74.7,0
24.66,FSM Enemy 12,FSM,PatrolState,None,0.40,74.4,0
24.66,FSM Enemy 4,FSM,PatrolState,None,0.90,87.8,0
24.66,FSM Enemy 2,FSM,PatrolState,None,1.00,117.1,0
24.66,FSM Enemy 13,FSM,PatrolState,None,0.90,15.4,0
24.66,FSM Enemy 10,FSM,PatrolState,None,1.00,81.1,0
24.66,FSM Enemy 3,FSM,PatrolState,None,0.70,91.7,0
24.66,FSM Enemy 1,FSM,PatrolState,None,1.00,76.7,0
24.66,FSM Enemy 14,FSM,PatrolState,None,1.00,103.5,0
24.66,FSM Enemy 8,FSM,PatrolState,None,1.00,58.9,0
24.66,FSM Enemy 11,FSM,PatrolState,None,1.00,82.3,0
24.66,FSM Enemy 15,FSM,PatrolState,None,1.00,26.5,0
24.66,FSM Enemy 7,FSM,PatrolState,None,1.00,46.5,0
24.66,FSM Enemy 5,FSM,PatrolState,None,0.30,60.0,0
24.66,FSM Enemy 9,FSM,PatrolState,None,1.00,62.5,0
24.66,Utility Enemy 10,Utility,Dead,None,0.00,71.2,0
24.66,Utility Enemy 8,Utility,AttackAction,None,1.00,65.7,0
24.66,Utility Enemy 6,Utility,AttackAction,None,1.00,43.5,0
24.66,Utility Enemy 4,Utility,AttackAction,None,1.00,45.8,0
24.66,Utility Enemy 11,Utility,AttackAction,None,1.00,92.8,0
24.66,Utility Enemy 15,Utility,AttackAction,None,1.00,74.1,0
24.66,Utility Enemy 1,Utility,AttackAction,None,1.00,85.3,0
24.66,Utility Enemy 12,Utility,AttackAction,None,1.00,74.6,0
24.66,Utility Enemy 9,Utility,AttackAction,None,1.00,84.6,0
24.66,Utility Enemy 5,Utility,AttackAction,None,1.00,94.2,0
24.66,Utility Enemy 3,Utility,AttackAction,None,1.00,96.6,0
24.66,Utility Enemy 7,Utility,AttackAction,None,1.00,83.2,0
24.66,Utility Enemy 14,Utility,AttackAction,None,1.00,89.0,0
24.66,Utility Enemy 2,Utility,AttackAction,None,1.00,102.8,0
24.66,Utility Enemy 13,Utility,AttackAction,None,1.00,25.8,0
25.16,Player,Player,-,None,0.89,,0
25.16,FSM Enemy 6,FSM,PatrolState,None,0.70,75.9,0
25.16,FSM Enemy 12,FSM,PatrolState,None,0.40,75.6,0
25.16,FSM Enemy 4,FSM,PatrolState,None,0.90,88.0,0
25.16,FSM Enemy 2,FSM,PatrolState,None,1.00,116.0,0
25.16,FSM Enemy 13,FSM,PatrolState,None,0.90,16.0,0
25.16,FSM Enemy 10,FSM,PatrolState,None,1.00,82.1,0
25.16,FSM Enemy 3,FSM,PatrolState,None,0.60,92.4,0
25.16,FSM Enemy 1,FSM,PatrolState,None,1.00,77.2,0
25.16,FSM Enemy 14,FSM,PatrolState,None,1.00,103.9,0
25.16,FSM Enemy 8,FSM,PatrolState,None,1.00,60.0,0
25.16,FSM Enemy 11,FSM,PatrolState,None,1.00,81.1,0
25.16,FSM Enemy 15,FSM,PatrolState,None,1.00,26.9,0
25.16,FSM Enemy 7,FSM,PatrolState,None,1.00,45.3,0
25.16,FSM Enemy 5,FSM,PatrolState,None,0.30,59.9,0
25.16,FSM Enemy 9,FSM,PatrolState,None,1.00,61.3,0
25.16,Utility Enemy 10,Utility,Dead,None,0.00,71.2,0
25.16,Utility Enemy 8,Utility,AttackAction,None,1.00,65.7,0
25.16,Utility Enemy 6,Utility,AttackAction,None,0.25,43.5,0
25.16,Utility Enemy 4,Utility,AttackAction,None,1.00,45.8,0
25.16,Utility Enemy 11,Utility,AttackAction,None,1.00,92.8,0
25.16,Utility Enemy 15,Utility,AttackAction,None,1.00,74.1,0
25.16,Utility Enemy 1,Utility,AttackAction,None,1.00,85.3,0
25.16,Utility Enemy 12,Utility,AttackAction,None,1.00,74.6,0
25.16,Utility Enemy 9,Utility,AttackAction,None,1.00,84.6,0
25.16,Utility Enemy 5,Utility,AttackAction,None,1.00,94.2,0
25.16,Utility Enemy 3,Utility,AttackAction,None,1.00,96.6,0
25.16,Utility Enemy 7,Utility,AttackAction,None,1.00,83.2,0
25.16,Utility Enemy 14,Utility,AttackAction,None,1.00,89.0,0
25.16,Utility Enemy 2,Utility,AttackAction,None,1.00,102.8,0
25.16,Utility Enemy 13,Utility,AttackAction,None,1.00,25.8,0
25.66,Player,Player,-,None,0.89,,0
25.66,FSM Enemy 6,FSM,PatrolState,None,0.70,77.1,0
25.66,FSM Enemy 12,FSM,PatrolState,None,0.40,76.9,0
25.66,FSM Enemy 4,FSM,PatrolState,None,0.90,88.2,0
25.66,FSM Enemy 2,FSM,PatrolState,None,1.00,114.8,0
25.66,FSM Enemy 13,FSM,PatrolState,None,0.90,16.1,0
25.66,FSM Enemy 10,FSM,PatrolState,None,1.00,83.0,0
25.66,FSM Enemy 3,FSM,PatrolState,None,0.60,93.1,0
25.66,FSM Enemy 1,FSM,PatrolState,None,1.00,77.9,0
25.66,FSM Enemy 14,FSM,PatrolState,None,1.00,104.3,0
25.66,FSM Enemy 8,FSM,PatrolState,None,1.00,61.1,0
25.66,FSM Enemy 11,FSM,PatrolState,None,1.00,79.8,0
25.66,FSM Enemy 15,FSM,PatrolState,None,1.00,27.4,0
25.66,FSM Enemy 7,FSM,PatrolState,None,1.00,44.2,0
25.66,FSM Enemy 5,FSM,PatrolState,None,0.30,59.8,0
25.66,FSM Enemy 9,FSM,PatrolState,None,1.00,60.1,0
25.66,Utility Enemy 10,Utility,Dead,None,0.00,71.2,0
25.66,Utility Enemy 8,Utility,AttackAction,None,1.00,65.7,0
25.66,Utility Enemy 6,Utility,Dead,None,0.00,43.5,0
25.66,Utility Enemy 4,Utility,AttackAction,None,1.00,45.8,0
25.66,Utility Enemy 11,Utility,AttackAction,None,1.00,92.8,0
25.66,Utility Enemy 15,Utility,AttackAction,None,1.00,74.1,0
25.66,Utility Enemy 1,Utility,AttackAction,None,1.00,85.3,0
25.66,Utility Enemy 12,Utility,AttackAction,None,1.00,74.6,0
25.66,Utility Enemy 9,Utility,AttackAction,None,1.00,84.6,0
25.66,Utility Enemy 5,Utility,AttackAction,None,1.00,94.2,0
25.66,Utility Enemy 3,Utility,AttackAction,None,1.00,96.6,0
25.66,Utility Enemy 7,Utility,AttackAction,None,1.00,83.2,0
25.66,Utility Enemy 14,Utility,AttackAction,None,1.00,89.0,0
25.66,Utility Enemy 2,Utility,AttackAction,None,1.00,102.8,0
25.66,Utility Enemy 13,Utility,AttackAction,None,1.00,25.8,0
26.16,Player,Player,-,None,0.89,,0
26.16,FSM Enemy 6,FSM,PatrolState,None,0.70,77.4,0
26.16,FSM Enemy 12,FSM,PatrolState,None,0.40,78.1,0
26.16,FSM Enemy 4,FSM,PatrolState,None,0.90,87.7,0
26.16,FSM Enemy 2,FSM,PatrolState,None,1.00,113.8,0
26.16,FSM Enemy 13,FSM,PatrolState,None,0.90,16.0,0
26.16,FSM Enemy 10,FSM,PatrolState,None,1.00,83.9,0
26.16,FSM Enemy 3,FSM,PatrolState,None,0.60,93.2,0
26.16,FSM Enemy 1,FSM,PatrolState,None,1.00,78.6,0
26.16,FSM Enemy 14,FSM,PatrolState,None,1.00,104.5,0
26.16,FSM Enemy 8,FSM,PatrolState,None,1.00,62.1,0
26.16,FSM Enemy 11,FSM,PatrolState,None,1.00,78.5,0
26.16,FSM Enemy 15,FSM,PatrolState,None,1.00,27.9,0
26.16,FSM Enemy 7,FSM,PatrolState,None,1.00,43.1,0
26.16,FSM Enemy 5,FSM,PatrolState,None,0.30,59.7,0
26.16,FSM Enemy 9,FSM,PatrolState,None,1.00,58.8,0
26.16,Utility Enemy 10,Utility,Dead,None,0.00,71.2,0
26.16,Utility Enemy 8,Utility,AttackAction,None,1.00,65.7,0
26.16,Utility Enemy 6,Utility,Dead,None,0.00,43.5,0
26.16,Utility Enemy 4,Utility,AttackAction,None,1.00,45.7,0
26.16,Utility Enemy 11,Utility,AttackAction,None,1.00,92.8,0
26.16,Utility Enemy 15,Utility,AttackAction,None,1.00,74.1,0
26.16,Utility Enemy 1,Utility,AttackAction,None,1.00,85.3,0
26.16,Utility Enemy 12,Utility,AttackAction,None,1.00,74.5,0
26.16,Utility Enemy 9,Utility,AttackAction,None,1.00,84.6,0
26.16,Utility Enemy 5,Utility,AttackAction,None,1.00,94.2,0
26.16,Utility Enemy 3,Utility,AttackAction,None,1.00,96.6,0
26.16,Utility Enemy 7,Utility,AttackAction,None,1.00,83.1,0
26.16,Utility Enemy 14,Utility,AttackAction,None,1.00,88.9,0
26.16,Utility Enemy 2,Utility,AttackAction,None,1.00,102.8,0
26.16,Utility Enemy 13,Utility,AttackAction,None,1.00,25.8,0
26.66,Player,Player,-,None,0.89,,0
26.66,FSM Enemy 6,FSM,PatrolState,None,0.70,77.3,0
26.66,FSM Enemy 12,FSM,PatrolState,None,0.40,79.2,0
26.66,FSM Enemy 4,FSM,PatrolState,None,0.90,86.6,0
26.66,FSM Enemy 2,FSM,PatrolState,None,1.00,112.8,0
26.66,FSM Enemy 13,FSM,PatrolState,None,0.90,16.0,0
26.66,FSM Enemy 10,FSM,PatrolState,None,1.00,84.7,0
26.66,FSM Enemy 3,FSM,PatrolState,None,0.60,92.5,0
26.66,FSM Enemy 1,FSM,PatrolState,None,1.00,79.2,0
26.66,FSM Enemy 14,FSM,PatrolState,None,1.00,104.2,0
26.66,FSM Enemy 8,FSM,PatrolState,None,1.00,63.1,0
26.66,FSM Enemy 11,FSM,PatrolState,None,1.00,77.2,0
26.66,FSM Enemy 15,FSM,PatrolState,None,1.00,28.3,0
26.66,FSM Enemy 7,FSM,PatrolState,None,1.00,42.0,0
26.66,FSM Enemy 5,FSM,PatrolState,None,0.30,59.6,0
26.66,FSM Enemy 9,FSM,PatrolState,None,1.00,57.5,0
26.66,Utility Enemy 10,Utility,Dead,None,0.00,71.1,0
26.66,Utility Enemy 8,Utility,AttackAction,None,1.00,65.6,0
26.66,Utility Enemy 6,Utility,Dead,None,0.00,43.3,0
26.66,Utility Enemy 4,Utility,AttackAction,None,1.00,45.7,0
26.66,Utility Enemy 11,Utility,AttackAction,None,1.00,92.7,0
26.66,Utility Enemy 15,Utility,AttackAction,None,1.00,74.0,0
26.66,Utility Enemy 1,Utility,AttackAction,None,1.00,85.2,0
26.66,Utility Enemy 12,Utility,AttackAction,None,1.00,74.4,0
26.66,Utility Enemy 9,Utility,AttackAction,None,1.00,84.4,0
26.66,Utility Enemy 5,Utility,AttackAction,None,1.00,94.0,0
26.66,Utility Enemy 3,Utility,AttackAction,None,1.00,96.4,0
26.66,Utility Enemy 7,Utility,AttackAction,None,1.00,83.0,0
26.66,Utility Enemy 14,Utility,AttackAction,None,1.00,88.8,0
26.66,Utility Enemy 2,Utility,AttackAction,None,1.00,102.7,0
26.66,Utility Enemy 13,Utility,AttackAction,None,1.00,25.8,0
27.16,Player,Player,-,None,0.89,,0
27.16,FSM Enemy 6,FSM,PatrolState,None,0.70,74.9,0
27.16,FSM Enemy 12,FSM,PatrolState,None,0.40,77.8,0
27.16,FSM Enemy 4,FSM,PatrolState,None,0.90,83.0,0
27.16,FSM Enemy 2,FSM,PatrolState,None,1.00,109.2,0
27.16,FSM Enemy 13,FSM,PatrolState,None,0.90,15.2,0
27.16,FSM Enemy 10,FSM,PatrolState,None,1.00,82.5,0
27.16,FSM Enemy 3,FSM,PatrolState,None,0.60,89.8,0
27.16,FSM Enemy 1,FSM,PatrolState,None,1.00,78.8,0
27.16,FSM Enemy 14,FSM,PatrolState,None,1.00,101.5,0
27.16,FSM Enemy 8,FSM,PatrolState,None,1.00,61.7,0
27.16,FSM Enemy 11,FSM,PatrolState,None,1.00,73.7,0
27.16,FSM Enemy 15,FSM,PatrolState,None,1.00,26.6,0
27.16,FSM Enemy 7,FSM,PatrolState,None,1.00,38.8,0
27.16,FSM Enemy 5,FSM,PatrolState,None,0.30,58.3,0
27.16,FSM Enemy 9,FSM,PatrolState,None,1.00,53.5,0
27.16,Utility Enemy 10,Utility,Dead,None,0.00,68.5,0
27.16,Utility Enemy 8,Utility,AttackAction,None,1.00,64.6,0
27.16,Utility Enemy 6,Utility,Dead,None,0.00,40.6,0
27.16,Utility Enemy 4,Utility,AttackAction,None,1.00,44.8,0
27.16,Utility Enemy 11,Utility,AttackAction,None,1.00,90.7,0
27.16,Utility Enemy 15,Utility,AttackAction,None,1.00,72.7,0
27.16,Utility Enemy 1,Utility,AttackAction,None,1.00,83.5,0
27.16,Utility Enemy 12,Utility,AttackAction,None,1.00,71.7,0
27.16,Utility Enemy 9,Utility,AttackAction,None,1.00,81.7,0
27.16,Utility Enemy 5,Utility,AttackAction,None,1.00,91.9,0
27.16,Utility Enemy 3,Utility,AttackAction,None,1.00,93.6,0
27.16,Utility Enemy 7,Utility,AttackAction,None,1.00,80.4,0
27.16,Utility Enemy 14,Utility,AttackAction,None,1.00,85.9,0
27.16,Utility Enemy 2,Utility,AttackAction,None,1.00,100.2,0
27.16,Utility Enemy 13,Utility,AttackAction,None,1.00,25.1,0
27.67,Player,Player,-,None,0.89,,0
27.67,FSM Enemy 6,FSM,PatrolState,None,0.70,73.0,0
27.67,FSM Enemy 12,FSM,PatrolState,None,0.40,76.9,0
27.67,FSM Enemy 4,FSM,PatrolState,None,0.90,79.9,0
27.67,FSM Enemy 2,FSM,PatrolState,None,1.00,106.2,0
27.67,FSM Enemy 13,FSM,PatrolState,None,0.90,15.4,0
27.67,FSM Enemy 10,FSM,PatrolState,None,1.00,79.8,0
27.67,FSM Enemy 3,FSM,PatrolState,None,0.60,87.5,0
27.67,FSM Enemy 1,FSM,PatrolState,None,1.00,78.5,0
27.67,FSM Enemy 14,FSM,PatrolState,None,1.00,99.2,0
27.67,FSM Enemy 8,FSM,PatrolState,None,1.00,60.6,0
27.67,FSM Enemy 11,FSM,PatrolState,None,1.00,70.7,0
27.67,FSM Enemy 15,FSM,PatrolState,None,1.00,25.5,0
27.67,FSM Enemy 7,FSM,PatrolState,None,1.00,36.0,0
27.67,FSM Enemy 5,FSM,PatrolState,None,0.30,57.2,0
27.67,FSM Enemy 9,FSM,PatrolState,None,1.00,50.6,0
27.67,Utility Enemy 10,Utility,Dead,None,0.00,66.6,0
27.67,Utility Enemy 8,Utility,AttackAction,None,1.00,63.7,0
27.67,Utility Enemy 6,Utility,Dead,None,0.00,38.5,0
27.67,Utility Enemy 4,Utility,AttackAction,None,1.00,44.2,0
27.67,Utility Enemy 11,Utility,AttackAction,None,1.00,89.0,0
27.67,Utility Enemy 15,Utility,AttackAction,None,1.00,71.6,0
27.67,Utility Enemy 1,Utility,AttackAction,None,1.00,82.1,0
27.67,Utility Enemy 12,Utility,AttackAction,None,1.00,69.6,0
27.67,Utility Enemy 9,Utility,AttackAction,None,1.00,79.5,0
27.67,Utility Enemy 5,Utility,AttackAction,None,1.00,90.2,0
27.67,Utility Enemy 3,Utility,AttackAction,None,1.00,91.4,0
27.67,Utility Enemy 7,Utility,AttackAction,None,1.00,78.4,0
27.67,Utility Enemy 14,Utility,AttackAction,None,1.00,83.7,0
27.67,Utility Enemy 2,Utility,AttackAction,None,1.00,98.3,0
27.67,Utility Enemy 13,Utility,AttackAction,None,1.00,24.7,0
28.17,Player,Player,-,None,0.89,,0
28.17,FSM Enemy 6,FSM,PatrolState,None,0.70,72.7,0
28.17,FSM Enemy 12,FSM,PatrolState,None,0.40,77.5,0
28.17,FSM Enemy 4,FSM,PatrolState,None,0.90,77.9,0
28.17,FSM Enemy 2,FSM,PatrolState,None,1.00,103.1,0
28.17,FSM Enemy 13,FSM,PatrolState,None,0.90,14.2,0
28.17,FSM Enemy 10,FSM,PatrolState,None,1.00,77.1,0
28.17,FSM Enemy 3,FSM,PatrolState,None,0.60,84.3,0
28.17,FSM Enemy 1,FSM,PatrolState,None,1.00,75.7,0
28.17,FSM Enemy 14,FSM,PatrolState,None,1.00,97.2,0
28.17,FSM Enemy 8,FSM,PatrolState,None,1.00,57.8,0
28.17,FSM Enemy 11,FSM,PatrolState,None,1.00,66.9,0
28.17,FSM Enemy 15,FSM,PatrolState,None,1.00,23.8,0
28.17,FSM Enemy 7,FSM,PatrolState,None,1.00,32.4,0
28.17,FSM Enemy 5,FSM,PatrolState,None,0.30,54.6,0
28.17,FSM Enemy 9,FSM,PatrolState,None,1.00,49.5,0
28.17,Utility Enemy 10,Utility,Dead,None,0.00,66.2,0
28.17,Utility Enemy 8,Utility,AttackAction,None,1.00,61.2,0
28.17,Utility Enemy 6,Utility,Dead,None,0.00,37.7,0
28.17,Utility Enemy 4,Utility,AttackAction,None,1.00,41.8,0
28.17,Utility Enemy 11,Utility,AttackAction,None,1.00,86.4,0
28.17,Utility Enemy 15,Utility,AttackAction,None,1.00,69.0,0
28.17,Utility Enemy 1,Utility,AttackAction,None,1.00,79.5,0
28.17,Utility Enemy 12,Utility,AttackAction,None,1.00,68.8,0
28.17,Utility Enemy 9,Utility,AttackAction,None,1.00,78.5,0
28.17,Utility Enemy 5,Utility,AttackAction,None,1.00,87.6,0
28.17,Utility Enemy 3,Utility,AttackAction,None,1.00,89.6,0
28.17,Utility Enemy 7,Utility,AttackAction,None,1.00,78.0,0
28.17,Utility Enemy 14,Utility,AttackAction,None,1.00,82.4,0
28.17,Utility Enemy 2,Utility,AttackAction,None,1.00,95.8,0
28.17,Utility Enemy 13,Utility,AttackAction,None,1.00,22.5,0
28.67,Player,Player,-,None,0.89,,0
28.67,FSM Enemy 6,FSM,PatrolState,None,0.70,74.0,0
28.67,FSM Enemy 12,FSM,PatrolState,None,0.40,79.9,0
28.67,FSM Enemy 4,FSM,PatrolState,None,0.90,77.8,0
28.67,FSM Enemy 2,FSM,PatrolState,None,1.00,101.9,0
28.67,FSM Enemy 13,FSM,PatrolState,None,0.90,13.0,0
28.67,FSM Enemy 10,FSM,PatrolState,None,1.00,76.2,0
28.67,FSM Enemy 3,FSM,PatrolState,None,0.60,82.7,0
28.67,FSM Enemy 1,FSM,PatrolState,None,1.00,73.9,0
28.67,FSM Enemy 14,FSM,PatrolState,None,1.00,97.4,0
28.67,FSM Enemy 8,FSM,PatrolState,None,1.00,56.7,0
28.67,FSM Enemy 11,FSM,PatrolState,None,1.00,64.6,0
28.67,FSM Enemy 15,FSM,PatrolState,None,1.00,23.8,0
28.67,FSM Enemy 7,FSM,PatrolState,None,1.00,30.3,0
28.67,FSM Enemy 5,FSM,PatrolState,None,0.30,52.2,0
28.67,FSM Enemy 9,FSM,PatrolState,None,1.00,50.4,0
28.67,Utility Enemy 10,Utility,Dead,None,0.00,67.5,0
28.67,Utility Enemy 8,Utility,AttackAction,None,1.00,59.4,0
28.67,Utility Enemy 6,Utility,Dead,None,0.00,38.7,0
28.67,Utility Enemy 4,Utility,AttackAction,None,1.00,39.9,0
28.67,Utility Enemy 11,Utility,AttackAction,None,1.00,85.2,0
28.67,Utility Enemy 15,Utility,AttackAction,None,1.00,67.3,0
28.67,Utility Enemy 1,Utility,AttackAction,None,1.00,78.0,0
28.67,Utility Enemy 12,Utility,AttackAction,None,1.00,69.8,0
28.67,Utility Enemy 9,Utility,AttackAction,None,1.00,79.4,0
28.67,Utility Enemy 5,Utility,AttackAction,None,1.00,86.5,0
28.67,Utility Enemy 3,Utility,AttackAction,None,1.00,89.8,0
28.67,Utility Enemy 7,Utility,AttackAction,None,1.00,79.2,0
28.67,Utility Enemy 14,Utility,AttackAction,None,1.00,83.1,0
28.67,Utility Enemy 2,Utility,AttackAction,None,1.00,95.1,0
28.67,Utility Enemy 13,Utility,AttackAction,None,1.00,20.5,0
29.18,Player,Player,-,None,0.89,,0
29.18,FSM Enemy 6,FSM,PatrolState,None,0.70,75.7,0
29.18,FSM Enemy 12,FSM,PatrolState,None,0.40,82.7,0
29.18,FSM Enemy 4,FSM,PatrolState,None,0.90,78.2,0
29.18,FSM Enemy 2,FSM,PatrolState,None,1.00,101.4,0
29.18,FSM Enemy 13,FSM,PatrolState,None,0.90,12.0,0
29.18,FSM Enemy 10,FSM,PatrolState,None,1.00,76.0,0
29.18,FSM Enemy 3,FSM,PatrolState,None,0.60,81.9,0
29.18,FSM Enemy 1,FSM,PatrolState,None,1.00,72.8,0
29.18,FSM Enemy 14,FSM,PatrolState,None,1.00,99.2,0
29.18,FSM Enemy 8,FSM,PatrolState,None,1.00,56.2,0
29.18,FSM Enemy 11,FSM,PatrolState,None,1.00,63.3,0
29.18,FSM Enemy 15,FSM,PatrolState,None,1.00,24.8,0
29.18,FSM Enemy 7,FSM,PatrolState,None,1.00,29.1,0
29.18,FSM Enemy 5,FSM,PatrolState,None,0.30,50.0,0
29.18,FSM Enemy 9,FSM,PatrolState,None,1.00,52.2,0
29.18,Utility Enemy 10,Utility,Dead,None,0.00,69.2,0
29.18,Utility Enemy 8,Utility,AttackAction,None,1.00,58.1,0
29.18,Utility Enemy 6,Utility,Dead,None,0.00,40.2,0
29.18,Utility Enemy 4,Utility,AttackAction,None,1.00,38.4,0
29.18,Utility Enemy 11,Utility,AttackAction,None,1.00,84.7,0
29.18,Utility Enemy 15,Utility,AttackAction,None,1.00,66.2,0
29.18,Utility Enemy 1,Utility,AttackAction,None,1.00,77.2,0
29.18,Utility Enemy 12,Utility,AttackAction,None,1.00,71.3,0
29.18,Utility Enemy 9,Utility,AttackAction,None,1.00,80.7,0
29.18,Utility Enemy 5,Utility,AttackAction,None,1.00,86.1,0
29.18,Utility Enemy 3,Utility,AttackAction,None,1.00,90.7,0
29.18,Utility Enemy 7,Utility,AttackAction,None,1.00,80.8,0
29.18,Utility Enemy 14,Utility,AttackAction,None,1.00,84.3,0
29.18,Utility Enemy 2,Utility,AttackAction,None,1.00,95.0,0
29.18,Utility Enemy 13,Utility,SpreadFireAction,None,1.00,18.9,1
29.68,Player,Player,-,None,0.89,,0
29.68,FSM Enemy 6,FSM,PatrolState,None,0.70,78.5,0
29.68,FSM Enemy 12,FSM,PatrolState,None,0.40,86.6,0
29.68,FSM Enemy 4,FSM,PatrolState,None,0.90,79.5,0
29.68,FSM Enemy 2,FSM,PatrolState,None,1.00,101.6,0
29.68,FSM Enemy 13,FSM,PatrolState,None,0.40,10.0,0
29.68,FSM Enemy 10,FSM,PatrolState,None,1.00,76.2,0
29.68,FSM Enemy 3,FSM,PatrolState,None,0.60,81.2,0
29.68,FSM Enemy 1,FSM,PatrolState,None,1.00,71.0,0
29.68,FSM Enemy 14,FSM,PatrolState,None,1.00,101.6,0
29.68,FSM Enemy 8,FSM,PatrolState,None,1.00,55.9,0
29.68,FSM Enemy 11,FSM,PatrolState,None,1.00,61.8,0
29.68,FSM Enemy 15,FSM,PatrolState,None,1.00,26.4,0
29.68,FSM Enemy 7,FSM,PatrolState,None,1.00,28.4,0
29.68,FSM Enemy 5,FSM,PatrolState,None,0.30,47.3,0
29.68,FSM Enemy 9,FSM,PatrolState,None,1.00,54.7,0
29.68,Utility Enemy 10,Utility,Dead,None,0.00,72.0,0
29.68,Utility Enemy 8,Utility,AttackAction,None,1.00,56.2,0
29.68,Utility Enemy 6,Utility,Dead,None,0.00,42.8,0
29.68,Utility Enemy 4,Utility,AttackAction,None,1.00,36.4,0
29.68,Utility Enemy 11,Utility,AttackAction,None,1.00,84.0,0
29.68,Utility Enemy 15,Utility,AttackAction,None,1.00,64.7,0
29.68,Utility Enemy 1,Utility,AttackAction,None,1.00,76.1,0
29.68,Utility Enemy 12,Utility,AttackAction,None,1.00,73.9,0
29.68,Utility Enemy 9,Utility,AttackAction,None,1.00,83.1,0
29.68,Utility Enemy 5,Utility,AttackAction,None,1.00,85.6,0
29.68,Utility Enemy 3,Utility,AttackAction,None,1.00,92.3,0
29.68,Utility Enemy 7,Utility,AttackAction,None,1.00,83.6,0
29.68,Utility Enemy 14,Utility,AttackAction,None,1.00,86.4,0
29.68,Utility Enemy 2,Utility,AttackAction,None,1.00,95.2,0
29.68,Utility Enemy 13,Utility,SpreadFireAction,None,1.00,16.5,1
30.18,Player,Player,-,None,0.89,,0
30.18,FSM Enemy 6,FSM,PatrolState,None,0.70,81.0,0
30.18,FSM Enemy 12,FSM,PatrolState,None,0.40,90.6,0
30.18,FSM Enemy 4,FSM,PatrolState,None,0.90,81.0,0
30.18,FSM Enemy 2,FSM,PatrolState,None,1.00,103.6,0
30.18,FSM Enemy 13,FSM,Dead,None,0.00,7.1,0
30.18,FSM Enemy 10,FSM,PatrolState,None,1.00,76.8,0
30.18,FSM Enemy 3,FSM,PatrolState,None,0.60,80.6,0
30.18,FSM Enemy 1,FSM,PatrolState,None,1.00,69.4,0
30.18,FSM Enemy 14,FSM,PatrolState,None,1.00,103.3,0
30.18,FSM Enemy 8,FSM,PatrolState,None,1.00,55.9,0
30.18,FSM Enemy 11,FSM,PatrolState,None,1.00,60.6,0
30.18,FSM Enemy 15,FSM,PatrolState,None,1.00,28.7,0
30.18,FSM Enemy 7,FSM,PatrolState,None,1.00,28.4,0
30.18,FSM Enemy 5,FSM,PatrolState,None,0.30,44.8,0
30.18,FSM Enemy 9,FSM,PatrolState,None,1.00,57.6,0
30.18,Utility Enemy 10,Utility,Dead,None,0.00,75.0,0
30.18,Utility Enemy 8,Utility,AttackAction,None,1.00,54.5,0
30.18,Utility Enemy 6,Utility,Dead,None,0.00,45.7,0
30.18,Utility Enemy 4,Utility,AttackAction,None,1.00,34.5,0
30.18,Utility Enemy 11,Utility,AttackAction,None,1.00,83.7,0
30.18,Utility Enemy 15,Utility,AttackAction,None,1.00,63.4,0
30.18,Utility Enemy 1,Utility,AttackAction,None,1.00,75.3,0
30.18,Utility Enemy 12,Utility,AttackAction,None,1.00,76.7,0
30.18,Utility Enemy 9,Utility,AttackAction,None,1.00,85.7,0
30.18,Utility Enemy 5,Utility,AttackAction,None,1.00,85.5,0
30.18,Utility Enemy 3,Utility,AttackAction,None,1.00,94.1,0
30.18,Utility Enemy 7,Utility,AttackAction,None,1.00,86.5,0
30.18,Utility Enemy 14,Utility,AttackAction,None,1.00,88.8,0
30.18,Utility Enemy 2,Utility,AttackAction,None,1.00,95.7,0
30.18,Utility Enemy 13,Utility,SpreadFireAction,None,1.00,14.5,1
30.69,Player,Player,-,None,0.89,,0
30.69,FSM Enemy 6,FSM,PatrolState,None,0.70,81.4,0
30.69,FSM Enemy 12,FSM,PatrolState,None,0.40,91.9,0
30.69,FSM Enemy 4,FSM,PatrolState,None,0.90,81.0,0
30.69,FSM Enemy 2,FSM,PatrolState,None,1.00,104.7,0
30.69,FSM Enemy 13,FSM,Dead,None,0.00,5.2,0
30.69,FSM Enemy 10,FSM,PatrolState,None,1.00,77.0,0
30.69,FSM Enemy 3,FSM,PatrolState,None,0.60,79.0,0
30.69,FSM Enemy 1,FSM,PatrolState,None,1.00,67.3,0
30.69,FSM Enemy 14,FSM,PatrolState,None,1.00,102.5,0
30.69,FSM Enemy 8,FSM,PatrolState,None,1.00,55.0,0
30.69,FSM Enemy 11,FSM,PatrolState,None,1.00,58.8,0
30.69,FSM Enemy 15,FSM,PatrolState,None,1.00,29.1,0
30.69,FSM Enemy 7,FSM,PatrolState,None,1.00,27.8,0
30.69,FSM Enemy 5,FSM,PatrolState,None,0.30,42.2,0
30.69,FSM Enemy 9,FSM,PatrolState,None,1.00,59.4,0
30.69,Utility Enemy 10,Utility,Dead,None,0.00,76.5,0
30.69,Utility Enemy 8,Utility,AttackAction,None,1.00,52.9,0
30.69,Utility Enemy 6,Utility,Dead,None,0.00,47.1,0
30.69,Utility Enemy 4,Utility,AttackAction,None,1.00,32.8,0
30.69,Utility Enemy 11,Utility,AttackAction,None,1.00,82.8,0
30.69,Utility Enemy 15,Utility,AttackAction,None,1.00,62.0,0
30.69,Utility Enemy 1,Utility,AttackAction,None,1.00,74.1,0
30.69,Utility Enemy 12,Utility,AttackAction,None,1.00,78.0,0
30.69,Utility Enemy 9,Utility,AttackAction,None,1.00,86.9,0
30.69,Utility Enemy 5,Utility,AttackAction,None,1.00,84.7,0
30.69,Utility Enemy 3,Utility,AttackAction,None,1.00,94.7,0
30.69,Utility Enemy 7,Utility,AttackAction,None,1.00,88.0,0
30.69,Utility Enemy 14,Utility,AttackAction,None,1.00,89.8,0
30.69,Utility Enemy 2,Utility,AttackAction,None,1.00,95.3,0
30.69,Utility Enemy 13,Utility,AttackAction,None,1.00,12.9,1
31.19,Player,Player,-,None,0.89,,0
31.19,FSM Enemy 6,FSM,PatrolState,None,0.70,81.4,0
31.19,FSM Enemy 12,FSM,PatrolState,None,0.40,91.8,0
31.19,FSM Enemy 4,FSM,PatrolState,None,0.90,80.6,0
31.19,FSM Enemy 2,FSM,PatrolState,None,1.00,105.3,0
31.19,FSM Enemy 13,FSM,Dead,None,0.00,3.1,0
31.19,FSM Enemy 10,FSM,PatrolState,None,1.00,76.7,0
31.19,FSM Enemy 3,FSM,PatrolState,None,0.60,77.0,0
31.19,FSM Enemy 1,FSM,PatrolState,None,1.00,64.8,0
31.19,FSM Enemy 14,FSM,PatrolState,None,1.00,101.2,0
31.19,FSM Enemy 8,FSM,PatrolState,None,1.00,53.5,0
31.19,FSM Enemy 11,FSM,PatrolState,None,1.00,56.5,0
31.19,FSM Enemy 15,FSM,PatrolState,None,1.00,28.1,0
31.19,FSM Enemy 7,FSM,PatrolState,None,1.00,26.9,0
31.19,FSM Enemy 5,FSM,PatrolState,None,0.30,39.4,0
31.19,FSM Enemy 9,FSM,PatrolState,None,1.00,60.6,0
31.19,Utility Enemy 10,Utility,Dead,None,0.00,77.6,0
31.19,Utility Enemy 8,Utility,AttackAction,None,1.00,51.1,0
31.19,Utility Enemy 6,Utility,Dead,None,0.00,48.1,0
31.19,Utility Enemy 4,Utility,AttackAction,None,1.00,31.0,0
31.19,Utility Enemy 11,Utility,AttackAction,None,1.00,81.5,0
31.19,Utility Enemy 15,Utility,AttackAction,None,1.00,60.3,0
31.19,Utility Enemy 1,Utility,AttackAction,None,1.00,72.6,0
31.19,Utility Enemy 12,Utility,AttackAction,None,1.00,78.8,0
31.19,Utility Enemy 9,Utility,AttackAction,None,1.00,87.5,0
31.19,Utility Enemy 5,Utility,AttackAction,None,1.00,83.5,0
31.19,Utility Enemy 3,Utility,AttackAction,None,1.00,94.7,0
31.19,Utility Enemy 7,Utility,AttackAction,None,1.00,89.0,0
31.19,Utility Enemy 14,Utility,AttackAction,None,1.00,90.2,0
31.19,Utility Enemy 2,Utility,AttackAction,None,1.00,94.4,0
31.19,Utility Enemy 13,Utility,AttackAction,None,0.75,11.1,1
31.69,Player,Player,-,None,0.89,,0
31.69,FSM Enemy 6,FSM,PatrolState,None,0.70,81.3,0
31.69,FSM Enemy 12,FSM,PatrolState,None,0.40,91.7,0
31.69,FSM Enemy 4,FSM,PatrolState,None,0.90,80.2,0
31.69,FSM Enemy 2,FSM,PatrolState,None,1.00,105.6,0
31.69,FSM Enemy 13,FSM,Dead,None,0.00,1.5,0
31.69,FSM Enemy 10,FSM,PatrolState,None,1.00,76.1,0
31.69,FSM Enemy 3,FSM,PatrolState,None,0.60,74.7,0
31.69,FSM Enemy 1,FSM,PatrolState,None,1.00,61.5,0
31.69,FSM Enemy 14,FSM,PatrolState,None,1.00,99.6,0
31.69,FSM Enemy 8,FSM,PatrolState,None,1.00,51.8,0
31.69,FSM Enemy 11,FSM,PatrolState,None,1.00,54.0,0
31.69,FSM Enemy 15,FSM,PatrolState,None,1.00,26.9,0
31.69,FSM Enemy 7,FSM,PatrolState,None,1.00,25.9,0
31.69,FSM Enemy 5,FSM,PatrolState,None,0.20,36.2,0
31.69,FSM Enemy 9,FSM,PatrolState,None,1.00,61.6,0
31.69,Utility Enemy 10,Utility,Dead,None,0.00,78.6,0
31.69,Utility Enemy 8,Utility,AttackAction,None,1.00,48.9,0
31.69,Utility Enemy 6,Utility,Dead,None,0.00,49.0,0
31.69,Utility Enemy 4,Utility,AttackAction,None,1.00,28.8,0
31.69,Utility Enemy 11,Utility,AttackAction,None,1.00,79.8,0
31.69,Utility Enemy 15,Utility,AttackAction,None,1.00,58.2,0
31.69,Utility Enemy 1,Utility,AttackAction,None,1.00,70.7,0
31.69,Utility Enemy 12,Utility,AttackAction,None,1.00,79.6,0
31.69,Utility Enemy 9,Utility,AttackAction,None,1.00,88.1,0
31.69,Utility Enemy 5,Utility,AttackAction,None,1.00,81.9,0
31.69,Utility Enemy 3,Utility,AttackAction,None,1.00,94.5,0
31.69,Utility Enemy 7,Utility,AttackAction,None,1.00,89.9,0
31.69,Utility Enemy 14,Utility,AttackAction,None,1.00,90.5,0
31.69,Utility Enemy 2,Utility,AttackAction,None,1.00,93.2,0
31.69,Utility Enemy 13,Utility,Dead,None,0.00,9.0,1
32.19,Player,Player,-,None,0.89,,0
32.19,FSM Enemy 6,FSM,PatrolState,None,0.70,81.2,0
32.19,FSM Enemy 12,FSM,PatrolState,None,0.40,91.5,0
32.19,FSM Enemy 4,FSM,PatrolState,None,0.90,80.8,0
32.19,FSM Enemy 2,FSM,PatrolState,None,1.00,105.5,0
32.19,FSM Enemy 13,FSM,Dead,None,0.00,3.1,0
32.19,FSM Enemy 10,FSM,PatrolState,None,1.00,75.1,0
32.19,FSM Enemy 3,FSM,PatrolState,None,0.60,72.0,0
32.19,FSM Enemy 1,FSM,PatrolState,None,1.00,57.5,0
32.19,FSM Enemy 14,FSM,PatrolState,None,1.00,97.7,0
32.19,FSM Enemy 8,FSM,PatrolState,None,1.00,49.1,0
32.19,FSM Enemy 11,FSM,PatrolState,None,1.00,51.1,0
32.19,FSM Enemy 15,FSM,PatrolState,None,1.00,25.3,0
32.19,FSM Enemy 7,FSM,PatrolState,None,1.00,25.1,0
32.19,FSM Enemy 5,FSM,PatrolState,None,0.20,32.3,0
32.19,FSM Enemy 9,FSM,PatrolState,None,1.00,60.9,0
32.19,Utility Enemy 10,Utility,Dead,None,0.00,79.8,0
32.19,Utility Enemy 8,Utility,AttackAction,None,1.00,46.2,0
32.19,Utility Enemy 6,Utility,Dead,None,0.00,50.0,0
32.19,Utility Enemy 4,Utility,AttackAction,None,1.00,26.1,0
32.19,Utility Enemy 11,Utility,AttackAction,None,1.00,77.6,0
32.19,Utility Enemy 15,Utility,AttackAction,None,1.00,55.6,0
32.19,Utility Enemy 1,Utility,AttackAction,None,1.00,68.3,0
32.19,Utility Enemy 12,Utility,AttackAction,None,1.00,80.3,0
32.19,Utility Enemy 9,Utility,AttackAction,None,1.00,88.5,0
32.19,Utility Enemy 5,Utility,AttackAction,None,1.00,79.8,0
32.19,Utility Enemy 3,Utility,AttackAction,None,1.00,94.1,0
32.19,Utility Enemy 7,Utility,AttackAction,None,1.00,90.9,0
32.19,Utility Enemy 14,Utility,AttackAction,None,1.00,90.6,0
32.19,Utility Enemy 2,Utility,AttackAction,None,1.00,91.5,0
32.19,Utility Enemy 13,Utility,Dead,None,0.00,6.5,1
32.70,Player,Player,-,None,0.89,,0
32.70,FSM Enemy 6,FSM,PatrolState,None,0.70,80.0,0
32.70,FSM Enemy 12,FSM,PatrolState,None,0.40,90.2,0
32.70,FSM Enemy 4,FSM,PatrolState,None,0.90,80.7,0
32.70,FSM Enemy 2,FSM,PatrolState,None,1.00,105.0,0
32.70,FSM Enemy 13,FSM,Dead,None,0.00,5.1,0
32.70,FSM Enemy 10,FSM,PatrolState,None,1.00,73.7,0
32.70,FSM Enemy 3,FSM,PatrolState,None,0.60,69.6,0
32.70,FSM Enemy 1,FSM,PatrolState,None,1.00,54.8,0
32.70,FSM Enemy 14,FSM,PatrolState,None,1.00,95.3,0
32.70,FSM Enemy 8,FSM,PatrolState,None,1.00,46.3,0
32.70,FSM Enemy 11,FSM,PatrolState,None,1.00,48.1,0
32.70,FSM Enemy 15,FSM,PatrolState,None,1.00,23.2,0
32.70,FSM Enemy 7,FSM,PatrolState,None,1.00,24.0,0
32.70,FSM Enemy 5,FSM,PatrolState,None,0.20,29.1,0
32.70,FSM Enemy 9,FSM,PatrolState,None,1.00,59.4,0
32.70,Utility Enemy 10,Utility,Dead,None,0.00,79.8,0
32.70,Utility Enemy 8,Utility,AttackAction,None,1.00,44.2,0
32.70,Utility Enemy 6,Utility,Dead,None,0.00,50.0,0
32.70,Utility Enemy 4,Utility,AttackAction,None,1.00,24.1,0
32.70,Utility Enemy 11,Utility,AttackAction,None,1.00,75.7,0
32.70,Utility Enemy 15,Utility,AttackAction,None,1.00,53.6,0
32.70,Utility Enemy 1,Utility,AttackAction,None,1.00,66.3,0
32.70,Utility Enemy 12,Utility,AttackAction,None,1.00,80.1,0
32.70,Utility Enemy 9,Utility,AttackAction,None,1.00,88.1,0
32.70,Utility Enemy 5,Utility,AttackAction,None,1.00,77.9,0
32.70,Utility Enemy 3,Utility,AttackAction,None,1.00,93.0,0
32.70,Utility Enemy 7,Utility,AttackAction,None,1.00,90.8,0
32.70,Utility Enemy 14,Utility,AttackAction,None,1.00,89.9,0
32.70,Utility Enemy 2,Utility,AttackAction,None,1.00,89.8,0
32.70,Utility Enemy 13,Utility,Dead,None,0.00,4.5,1
33.20,Player,Player,-,None,0.89,,0
33.20,FSM Enemy 6,FSM,PatrolState,None,0.70,78.0,0
33.20,FSM Enemy 12,FSM,PatrolState,None,0.40,88.2,0
33.20,FSM Enemy 4,FSM,PatrolState,None,0.90,80.0,0
33.20,FSM Enemy 2,FSM,PatrolState,None,1.00,104.6,0
33.20,FSM Enemy 13,FSM,Dead,None,0.00,6.4,0
33.20,FSM Enemy 10,FSM,PatrolState,None,1.00,72.9,0
33.20,FSM Enemy 3,FSM,PatrolState,None,0.60,67.6,0
33.20,FSM Enemy 1,FSM,PatrolState,None,1.00,53.6,0
33.20,FSM Enemy 14,FSM,PatrolState,None,1.00,92.6,0
33.20,FSM Enemy 8,FSM,PatrolState,None,1.00,43.7,0
33.20,FSM Enemy 11,FSM,PatrolState,None,1.00,45.2,0
33.20,FSM Enemy 15,FSM,PatrolState,None,1.00,20.7,0
33.20,FSM Enemy 7,FSM,PatrolState,None,1.00,22.6,0
33.20,FSM Enemy 5,FSM,PatrolState,None,0.20,26.9,0
33.20,FSM Enemy 9,FSM,PatrolState,None,1.00,57.2,0
33.20,Utility Enemy 10,Utility,Dead,None,0.00,78.9,0
33.20,Utility Enemy 8,Utility,AttackAction,None,1.00,43.1,0
33.20,Utility Enemy 6,Utility,Dead,None,0.00,49.1,0
33.20,Utility Enemy 4,Utility,AttackAction,None,1.00,23.0,0
33.20,Utility Enemy 11,Utility,AttackAction,None,1.00,74.1,0
33.20,Utility Enemy 15,Utility,AttackAction,None,1.00,52.3,0
33.20,Utility Enemy 1,Utility,AttackAction,None,1.00,64.8,0
33.20,Utility Enemy 12,Utility,AttackAction,None,1.00,79.0,0
33.20,Utility Enemy 9,Utility,AttackAction,None,1.00,86.9,0
33.20,Utility Enemy 5,Utility,AttackAction,None,1.00,76.4,0
33.20,Utility Enemy 3,Utility,AttackAction,None,1.00,91.5,0
33.20,Utility Enemy 7,Utility,AttackAction,None,1.00,89.8,0
33.20,Utility Enemy 14,Utility,AttackAction,None,1.00,88.6,0
33.20,Utility Enemy 2,Utility,AttackAction,None,1.00,88.1,0
33.20,Utility Enemy 13,Utility,Dead,None,0.00,3.0,1
33.70,Player,Player,-,None,0.89,,0
33.70,FSM Enemy 6,FSM,PatrolState,None,0.60,74.6,0
33.70,FSM Enemy 12,FSM,PatrolState,None,0.40,84.6,0
33.70,FSM Enemy 4,FSM,PatrolState,None,0.90,78.1,0
33.70,FSM Enemy 2,FSM,PatrolState,None,1.00,102.7,0
33.70,FSM Enemy 13,FSM,Dead,None,0.00,9.0,0
33.70,FSM Enemy 10,FSM,PatrolState,None,1.00,71.2,0
33.70,FSM Enemy 3,FSM,PatrolState,None,0.50,64.7,0
33.70,FSM Enemy 1,FSM,PatrolState,None,1.00,52.3,0
33.70,FSM Enemy 14,FSM,PatrolState,None,1.00,88.5,0
33.70,FSM Enemy 8,FSM,PatrolState,None,1.00,39.8,0
33.70,FSM Enemy 11,FSM,PatrolState,None,1.00,41.2,0
33.70,FSM Enemy 15,FSM,PatrolState,None,1.00,16.6,0
33.70,FSM Enemy 7,FSM,PatrolState,None,1.00,19.9,0
33.70,FSM Enemy 5,FSM,PatrolState,None,0.20,25.6,0
33.70,FSM Enemy 9,FSM,PatrolState,None,1.00,53.1,0
33.70,Utility Enemy 10,Utility,Dead,None,0.00,76.6,0
33.70,Utility Enemy 8,Utility,AttackAction,None,1.00,41.9,0
33.70,Utility Enemy 6,Utility,Dead,None,0.00,46.8,0
33.70,Utility Enemy 4,Utility,AttackAction,None,1.00,22.0,0
33.70,Utility Enemy 11,Utility,AttackAction,None,1.00,71.7,0
33.70,Utility Enemy 15,Utility,AttackAction,None,1.00,50.6,0
33.70,Utility Enemy 1,Utility,AttackAction,None,1.00,62.8,0
33.70,Utility Enemy 12,Utility,AttackAction,None,1.00,76.4,0
33.70,Utility Enemy 9,Utility,AttackAction,None,1.00,84.1,0
33.70,Utility Enemy 5,Utility,AttackAction,None,1.00,73.8,0
33.70,Utility Enemy 3,Utility,AttackAction,None,1.00,88.5,0
33.70,Utility Enemy 7,Utility,AttackAction,None,1.00,87.4,0
33.70,Utility Enemy 14,Utility,AttackAction,None,1.00,85.7,0
33.70,Utility Enemy 2,Utility,AttackAction,None,1.00,85.3,0
33.70,Utility Enemy 13,Utility,Dead,None,0.00,3.0,1
34.21,Player,Player,-,None,0.89,,0
34.21,FSM Enemy 6,FSM,PatrolState,None,0.50,73.1,0
34.21,FSM Enemy 12,FSM,PatrolState,None,0.40,81.6,0
34.21,FSM Enemy 4,FSM,PatrolState,None,0.90,77.2,0
34.21,FSM Enemy 2,FSM,PatrolState,None,1.00,99.0,0
34.21,FSM Enemy 13,FSM,Dead,None,0.00,12.6,0
34.21,FSM Enemy 10,FSM,PatrolState,None,1.00,68.9,0
34.21,FSM Enemy 3,FSM,PatrolState,None,0.50,61.0,0
34.21,FSM Enemy 1,FSM,PatrolState,None,1.00,49.3,0
34.21,FSM Enemy 14,FSM,PatrolState,None,1.00,84.5,0
34.21,FSM Enemy 8,FSM,PatrolState,None,1.00,35.1,0
34.21,FSM Enemy 11,FSM,PatrolState,None,1.00,36.2,0
34.21,FSM Enemy 15,FSM,PatrolState,None,1.00,13.7,0
34.21,FSM Enemy 7,FSM,PatrolState,None,1.00,18.7,0
34.21,FSM Enemy 5,FSM,PatrolState,None,0.20,22.8,0
34.21,FSM Enemy 9,FSM,PatrolState,None,1.00,49.5,0
34.21,Utility Enemy 10,Utility,Dead,None,0.00,75.5,0
34.21,Utility Enemy 8,Utility,AttackAction,None,1.00,39.1,0
34.21,Utility Enemy 6,Utility,Dead,None,0.00,45.8,0
34.21,Utility Enemy 4,Utility,AttackAction,None,1.00,19.6,0
34.21,Utility Enemy 11,Utility,AttackAction,None,1.00,68.1,0
34.21,Utility Enemy 15,Utility,AttackAction,None,1.00,47.5,0
34.21,Utility Enemy 1,Utility,AttackAction,None,1.00,59.3,0
34.21,Utility Enemy 12,Utility,AttackAction,None,1.00,74.8,0
34.21,Utility Enemy 9,Utility,AttackAction,None,1.00,82.1,0
34.21,Utility Enemy 5,Utility,AttackAction,None,1.00,70.2,0
34.21,Utility Enemy 3,Utility,AttackAction,None,1.00,85.5,0
34.21,Utility Enemy 7,Utility,AttackAction,None,1.00,86.0,0
34.21,Utility Enemy 14,Utility,AttackAction,None,1.00,83.4,0
34.21,Utility Enemy 2,Utility,AttackAction,None,1.00,81.6,0
34.21,Utility Enemy 13,Utility,Dead,None,0.00,4.7,0
34.71,Player,Player,-,None,0.89,,0
34.71,FSM Enemy 6,FSM,PatrolState,None,0.50,73.3,0
34.71,FSM Enemy 12,FSM,PatrolState,None,0.40,79.5,0
34.71,FSM Enemy 4,FSM,PatrolState,None,0.90,77.1,0
34.71,FSM Enemy 2,FSM,PatrolState,None,1.00,95.3,0
34.71,FSM Enemy 13,FSM,Dead,None,0.00,16.3,0
34.71,FSM Enemy 10,FSM,PatrolState,None,1.00,66.9,0
34.71,FSM Enemy 3,FSM,PatrolState,None,0.50,57.7,0
34.71,FSM Enemy 1,FSM,PatrolState,None,1.00,45.7,0
34.71,FSM Enemy 14,FSM,PatrolState,None,1.00,82.4,0
34.71,FSM Enemy 8,FSM,PatrolState,None,1.00,30.9,0
34.71,FSM Enemy 11,FSM,PatrolState,None,1.00,31.5,0
34.71,FSM Enemy 15,FSM,PatrolState,None,1.00,13.0,0
34.71,FSM Enemy 7,FSM,PatrolState,None,1.00,19.5,0
34.71,FSM Enemy 5,FSM,PatrolState,None,0.20,19.7,0
34.71,FSM Enemy 9,FSM,PatrolState,None,1.00,46.9,0
34.71,Utility Enemy 10,Utility,Dead,None,0.00,75.5,0
34.71,Utility Enemy 8,Utility,AttackAction,None,1.00,35.9,0
34.71,Utility Enemy 6,Utility,Dead,None,0.00,46.0,0
34.71,Utility Enemy 4,Utility,AttackAction,None,1.00,16.9,0
34.71,Utility Enemy 11,Utility,AttackAction,None,1.00,64.4,0
34.71,Utility Enemy 15,Utility,AttackAction,None,1.00,43.9,0
34.71,Utility Enemy 1,Utility,AttackAction,None,1.00,55.6,0
34.71,Utility Enemy 12,Utility,AttackAction,None,1.00,74.2,0
34.71,Utility Enemy 9,Utility,AttackAction,None,1.00,81.1,0
34.71,Utility Enemy 5,Utility,AttackAction,None,1.00,66.5,0
34.71,Utility Enemy 3,Utility,AttackAction,None,1.00,83.3,0
34.71,Utility Enemy 7,Utility,AttackAction,None,1.00,85.7,0
34.71,Utility Enemy 14,Utility,AttackAction,None,1.00,81.9,0
34.71,Utility Enemy 2,Utility,AttackAction,None,1.00,78.2,0
34.71,Utility Enemy 13,Utility,Dead,None,0.00,7.6,0
35.22,Player,Player,-,None,0.89,,0
35.22,FSM Enemy 6,FSM,PatrolState,None,0.50,73.9,0
35.22,FSM Enemy 12,FSM,PatrolState,None,0.40,77.8,0
35.22,FSM Enemy 4,FSM,PatrolState,None,0.90,77.5,0
35.22,FSM Enemy 2,FSM,PatrolState,None,1.00,92.6,0
35.22,FSM Enemy 13,FSM,Dead,None,0.00,18.8,0
35.22,FSM Enemy 10,FSM,PatrolState,None,1.00,66.1,0
35.22,FSM Enemy 3,FSM,PatrolState,None,0.40,55.6,0
35.22,FSM Enemy 1,FSM,PatrolState,None,1.00,43.8,0
35.22,FSM Enemy 14,FSM,PatrolState,None,1.00,81.0,0
35.22,FSM Enemy 8,FSM,PatrolState,None,1.00,27.9,0
35.22,FSM Enemy 11,FSM,PatrolState,None,1.00,28.3,0
35.22,FSM Enemy 15,FSM,PatrolState,None,1.00,13.6,0
35.22,FSM Enemy 7,FSM,PatrolState,None,1.00,21.1,0
35.22,FSM Enemy 5,FSM,PatrolState,None,0.20,17.9,0
35.22,FSM Enemy 9,FSM,PatrolState,None,1.00,45.1,0
35.22,Utility Enemy 10,Utility,Dead,None,0.00,75.6,0
35.22,Utility Enemy 8,Utility,AttackAction,None,1.00,33.8,0
35.22,Utility Enemy 6,Utility,Dead,None,0.00,46.4,0
35.22,Utility Enemy 4,Utility,AttackAction,None,1.00,15.2,0
35.22,Utility Enemy 11,Utility,AttackAction,None,1.00,61.8,0
35.22,Utility Enemy 15,Utility,AttackAction,None,1.00,41.5,0
35.22,Utility Enemy 1,Utility,AttackAction,None,1.00,53.1,0
35.22,Utility Enemy 12,Utility,AttackAction,None,1.00,74.0,0
35.22,Utility Enemy 9,Utility,AttackAction,None,1.00,80.5,0
35.22,Utility Enemy 5,Utility,AttackAction,None,1.00,64.0,0
35.22,Utility Enemy 3,Utility,AttackAction,None,1.00,81.8,0
35.22,Utility Enemy 7,Utility,AttackAction,None,1.00,85.6,0
35.22,Utility Enemy 14,Utility,AttackAction,None,1.00,81.0,0
35.22,Utility Enemy 2,Utility,AttackAction,None,1.00,75.9,0
35.22,Utility Enemy 13,Utility,Dead,None,0.00,9.9,0
35.72,Player,Player,-,GravityFlip,0.89,,0
35.72,FSM Enemy 6,FSM,TakeCoverState,GravityFlip,0.50,75.2,0
35.72,FSM Enemy 12,FSM,TakeCoverState,GravityFlip,0.40,77.6,0
35.72,FSM Enemy 4,FSM,TakeCoverState,GravityFlip,0.90,77.5,0
35.72,FSM Enemy 2,FSM,TakeCoverState,GravityFlip,1.00,90.7,0
35.72,FSM Enemy 13,FSM,Dead,GravityFlip,0.00,20.7,0
35.72,FSM Enemy 10,FSM,TakeCoverState,GravityFlip,1.00,65.1,0
35.72,FSM Enemy 3,FSM,TakeCoverState,GravityFlip,0.40,53.9,0
35.72,FSM Enemy 1,FSM,TakeCoverState,GravityFlip,1.00,42.2,0
35.72,FSM Enemy 14,FSM,TakeCoverState,GravityFlip,1.00,80.0,0
35.72,FSM Enemy 8,FSM,TakeCoverState,GravityFlip,1.00,26.0,0
35.72,FSM Enemy 11,FSM,TakeCoverState,GravityFlip,1.00,25.9,0
35.72,FSM Enemy 15,FSM,TakeCoverState,GravityFlip,1.00,14.7,0
35.72,FSM Enemy 7,FSM,TakeCoverState,GravityFlip,1.00,22.5,0
35.72,FSM Enemy 5,FSM,TakeCoverState,GravityFlip,0.20,17.2,0
35.72,FSM Enemy 9,FSM,TakeCoverState,GravityFlip,1.00,45.3,0
35.72,Utility Enemy 10,Utility,Dead,GravityFlip,0.00,76.1,0
35.72,Utility Enemy 8,Utility,TakeCoverAction,GravityFlip,1.00,32.2,0
35.72,Utility Enemy 6,Utility,Dead,GravityFlip,0.00,47.1,0
35.72,Utility Enemy 4,Utility,TakeCoverAction,GravityFlip,1.00,13.3,0
35.72,Utility Enemy 11,Utility,TakeCoverAction,GravityFlip,1.00,60.1,0
35.72,Utility Enemy 15,Utility,TakeCoverAction,GravityFlip,1.00,39.5,0
35.72,Utility Enemy 1,Utility,TakeCoverAction,GravityFlip,1.00,50.5,0
35.72,Utility Enemy 12,Utility,TakeCoverAction,GravityFlip,1.00,74.7,0
35.72,Utility Enemy 9,Utility,TakeCoverAction,GravityFlip,1.00,79.9,0
35.72,Utility Enemy 5,Utility,TakeCoverAction,GravityFlip,1.00,62.1,0
35.72,Utility Enemy 3,Utility,TakeCoverAction,GravityFlip,1.00,81.3,0
35.72,Utility Enemy 7,Utility,TakeCoverAction,GravityFlip,1.00,85.8,0
35.72,Utility Enemy 14,Utility,TakeCoverAction,GravityFlip,1.00,80.7,0
35.72,Utility Enemy 2,Utility,TakeCoverAction,GravityFlip,1.00,73.6,0
35.72,Utility Enemy 13,Utility,Dead,GravityFlip,0.00,11.7,0
36.22,Player,Player,-,GravityFlip,0.89,,0
36.22,FSM Enemy 6,FSM,TakeCoverState,GravityFlip,0.50,77.6,0
36.22,FSM Enemy 12,FSM,TakeCoverState,GravityFlip,0.40,80.5,0
36.22,FSM Enemy 4,FSM,TakeCoverState,GravityFlip,0.90,77.8,0
36.22,FSM Enemy 2,FSM,TakeCoverState,GravityFlip,1.00,90.0,0
36.22,FSM Enemy 13,FSM,Dead,GravityFlip,0.00,22.1,0
36.22,FSM Enemy 10,FSM,TakeCoverState,GravityFlip,1.00,63.3,0
36.22,FSM Enemy 3,FSM,TakeCoverState,GravityFlip,0.40,52.7,0
36.22,FSM Enemy 1,FSM,TakeCoverState,GravityFlip,1.00,41.0,0
36.22,FSM Enemy 14,FSM,TakeCoverState,GravityFlip,1.00,80.0,0
36.22,FSM Enemy 8,FSM,TakeCoverState,GravityFlip,1.00,24.7,0
36.22,FSM Enemy 11,FSM,TakeCoverState,GravityFlip,1.00,25.4,0
36.22,FSM Enemy 15,FSM,TakeCoverState,GravityFlip,1.00,16.2,0
36.22,FSM Enemy 7,FSM,TakeCoverState,GravityFlip,1.00,23.5,0
36.22,FSM Enemy 5,FSM,TakeCoverState,GravityFlip,0.20,16.9,0
36.22,FSM Enemy 9,FSM,TakeCoverState,GravityFlip,1.00,47.0,0
36.22,Utility Enemy 10,Utility,Dead,GravityFlip,0.00,77.7,0
36.22,Utility Enemy 8,Utility,TakeCoverAction,GravityFlip,1.00,31.4,0
36.22,Utility Enemy 6,Utility,Dead,GravityFlip,0.00,48.8,0
36.22,Utility Enemy 4,Utility,TakeCoverAction,GravityFlip,1.00,10.4,0
36.22,Utility Enemy 11,Utility,TakeCoverAction,GravityFlip,1.00,60.4,0
36.22,Utility Enemy 15,Utility,TakeCoverAction,GravityFlip,1.00,37.5,0
36.22,Utility Enemy 1,Utility,TakeCoverAction,GravityFlip,1.00,46.6,0
36.22,Utility Enemy 12,Utility,TakeCoverAction,GravityFlip,1.00,78.0,0
36.22,Utility Enemy 9,Utility,TakeCoverAction,GravityFlip,1.00,78.8,0
36.22,Utility Enemy 5,Utility,TakeCoverAction,GravityFlip,1.00,60.8,0
36.22,Utility Enemy 3,Utility,TakeCoverAction,GravityFlip,1.00,82.7,0
36.22,Utility Enemy 7,Utility,TakeCoverAction,GravityFlip,1.00,87.0,0
36.22,Utility Enemy 14,Utility,TakeCoverAction,GravityFlip,1.00,81.6,0
36.22,Utility Enemy 2,Utility,TakeCoverAction,GravityFlip,1.00,70.6,0
36.22,Utility Enemy 13,Utility,Dead,GravityFlip,0.00,12.8,0
36.72,Player,Player,-,GravityFlip,0.89,,0
36.72,FSM Enemy 6,FSM,TakeCoverState,GravityFlip,0.50,80.7,0
36.72,FSM Enemy 12,FSM,TakeCoverState,GravityFlip,0.40,82.5,0
36.72,FSM Enemy 4,FSM,TakeCoverState,GravityFlip,0.90,79.5,0
36.72,FSM Enemy 2,FSM,TakeCoverState,GravityFlip,1.00,90.3,0
36.72,FSM Enemy 13,FSM,Dead,GravityFlip,0.00,23.3,0
36.72,FSM Enemy 10,FSM,TakeCoverState,GravityFlip,1.00,62.3,0
36.72,FSM Enemy 3,FSM,TakeCoverState,GravityFlip,0.40,52.2,0
36.72,FSM Enemy 1,FSM,TakeCoverState,GravityFlip,1.00,41.2,0
36.72,FSM Enemy 14,FSM,TakeCoverState,GravityFlip,1.00,80.7,0
36.72,FSM Enemy 8,FSM,TakeCoverState,GravityFlip,1.00,24.1,0
36.72,FSM Enemy 11,FSM,TakeCoverState,GravityFlip,1.00,25.5,0
36.72,FSM Enemy 15,FSM,TakeCoverState,GravityFlip,1.00,18.2,0
36.72,FSM Enemy 7,FSM,TakeCoverState,GravityFlip,1.00,25.7,0
36.72,FSM Enemy 5,FSM,TakeCoverState,GravityFlip,0.20,15.2,0
36.72,FSM Enemy 9,FSM,TakeCoverState,GravityFlip,1.00,48.7,0
36.72,Utility Enemy 10,Utility,TakeCoverAction,GravityFlip,1.00,87.1,0
36.72,Utility Enemy 8,Utility,TakeCoverAction,GravityFlip,1.00,29.9,0
36.72,Utility Enemy 6,Utility,Dead,GravityFlip,0.00,51.1,0
36.72,Utility Enemy 4,Utility,TakeCoverAction,GravityFlip,1.00,9.8,0
36.72,Utility Enemy 11,Utility,TakeCoverAction,GravityFlip,1.00,61.5,0
36.72,Utility Enemy 15,Utility,TakeCoverAction,GravityFlip,1.00,35.8,0
36.72,Utility Enemy 1,Utility,TakeCoverAction,GravityFlip,1.00,43.2,0
36.72,Utility Enemy 12,Utility,TakeCoverAction,GravityFlip,1.00,82.0,0
36.72,Utility Enemy 9,Utility,TakeCoverAction,GravityFlip,1.00,78.9,0
36.72,Utility Enemy 5,Utility,TakeCoverAction,GravityFlip,1.00,60.2,0
36.72,Utility Enemy 3,Utility,TakeCoverAction,GravityFlip,1.00,84.9,0
36.72,Utility Enemy 7,Utility,TakeCoverAction,GravityFlip,1.00,89.0,0
36.72,Utility Enemy 14,Utility,TakeCoverAction,GravityFlip,1.00,83.3,0
36.72,Utility Enemy 2,Utility,TakeCoverAction,GravityFlip,1.00,68.2,0
36.72,Utility Enemy 13,Utility,Dead,GravityFlip,0.00,13.9,0
37.23,Player,Player,-,GravityFlip,0.89,,0
37.23,FSM Enemy 6,FSM,TakeCoverState,GravityFlip,0.50,83.2,0
37.23,FSM Enemy 12,FSM,TakeCoverState,GravityFlip,0.40,83.9,0
37.23,FSM Enemy 4,FSM,TakeCoverState,GravityFlip,0.90,80.8,0
37.23,FSM Enemy 2,FSM,TakeCoverState,GravityFlip,1.00,90.7,0
37.23,FSM Enemy 13,FSM,Dead,GravityFlip,0.00,23.9,0
37.23,FSM Enemy 10,FSM,TakeCoverState,GravityFlip,1.00,62.1,0
37.23,FSM Enemy 3,FSM,TakeCoverState,GravityFlip,0.40,52.1,0
37.23,FSM Enemy 1,FSM,TakeCoverState,GravityFlip,1.00,41.7,0
37.23,FSM Enemy 14,FSM,TakeCoverState,GravityFlip,1.00,81.5,0
37.23,FSM Enemy 8,FSM,TakeCoverState,GravityFlip,1.00,24.0,0
37.23,FSM Enemy 11,FSM,TakeCoverState,GravityFlip,1.00,25.8,0
37.23,FSM Enemy 15,FSM,TakeCoverState,GravityFlip,1.00,18.7,1
37.23,FSM Enemy 7,FSM,TakeCoverState,GravityFlip,1.00,27.3,0
37.23,FSM Enemy 5,FSM,TakeCoverState,GravityFlip,0.20,13.9,0
37.23,FSM Enemy 9,FSM,TakeCoverState,GravityFlip,1.00,50.0,0
37.23,Utility Enemy 10,Utility,TakeCoverAction,GravityFlip,1.00,87.4,0
37.23,Utility Enemy 8,Utility,TakeCoverAction,GravityFlip,1.00,28.7,0
37.23,Utility Enemy 6,Utility,Dead,GravityFlip,0.00,52.7,0
37.23,Utility Enemy 4,Utility,TakeCoverAction,GravityFlip,0.25,10.5,0
37.23,Utility Enemy 11,Utility,TakeCoverAction,GravityFlip,1.00,62.2,0
37.23,Utility Enemy 15,Utility,TakeCoverAction,GravityFlip,1.00,34.8,0
37.23,Utility Enemy 1,Utility,TakeCoverAction,GravityFlip,1.00,42.2,0
37.23,Utility Enemy 12,Utility,TakeCoverAction,GravityFlip,1.00,85.1,0
37.23,Utility Enemy 9,Utility,TakeCoverAction,GravityFlip,1.00,80.3,0
37.23,Utility Enemy 5,Utility,TakeCoverAction,GravityFlip,1.00,60.0,0
37.23,Utility Enemy 3,Utility,TakeCoverAction,GravityFlip,1.00,86.7,0
37.23,Utility Enemy 7,Utility,TakeCoverAction,GravityFlip,1.00,90.6,0
37.23,Utility Enemy 14,Utility,TakeCoverAction,GravityFlip,1.00,84.6,0
37.23,Utility Enemy 2,Utility,TakeCoverAction,GravityFlip,1.00,66.2,0
37.23,Utility Enemy 13,Utility,Dead,GravityFlip,0.00,14.5,0
37.73,Player,Player,-,GravityFlip,0.89,,0
37.73,FSM Enemy 6,FSM,TakeCoverState,GravityFlip,0.50,84.7,0
37.73,FSM Enemy 12,FSM,TakeCoverState,GravityFlip,0.40,85.3,0
37.73,FSM Enemy 4,FSM,TakeCoverState,GravityFlip,0.90,82.3,0
37.73,FSM Enemy 2,FSM,TakeCoverState,GravityFlip,1.00,92.1,0
37.73,FSM Enemy 13,FSM,Dead,GravityFlip,0.00,23.4,0
37.73,FSM Enemy 10,FSM,TakeCoverState,GravityFlip,1.00,63.5,0
37.73,FSM Enemy 3,FSM,TakeCoverState,GravityFlip,0.40,53.1,0
37.73,FSM Enemy 1,FSM,TakeCoverState,GravityFlip,1.00,41.2,0
37.73,FSM Enemy 14,FSM,TakeCoverState,GravityFlip,1.00,82.9,0
37.73,FSM Enemy 8,FSM,TakeCoverState,GravityFlip,1.00,25.3,0
37.73,FSM Enemy 11,FSM,TakeCoverState,GravityFlip,1.00,27.2,0
37.73,FSM Enemy 15,FSM,TakeCoverState,GravityFlip,1.00,19.7,1
37.73,FSM Enemy 7,FSM,TakeCoverState,GravityFlip,1.00,28.1,0
37.73,FSM Enemy 5,FSM,Dead,GravityFlip,0.00,13.8,0
37.73,FSM Enemy 9,FSM,TakeCoverState,GravityFlip,1.00,51.5,0
37.73,Utility Enemy 10,Utility,TakeCoverAction,GravityFlip,1.00,88.6,0
37.73,Utility Enemy 8,Utility,TakeCoverAction,GravityFlip,1.00,28.7,0
37.73,Utility Enemy 6,Utility,Dead,GravityFlip,0.00,53.9,0
37.73,Utility Enemy 4,Utility,Dead,GravityFlip,0.00,11.7,0
37.73,Utility Enemy 11,Utility,TakeCoverAction,GravityFlip,1.00,63.2,0
37.73,Utility Enemy 15,Utility,TakeCoverAction,GravityFlip,1.00,35.1,0
37.73,Utility Enemy 1,Utility,TakeCoverAction,GravityFlip,1.00,42.8,0
37.73,Utility Enemy 12,Utility,TakeCoverAction,GravityFlip,1.00,86.5,0
37.73,Utility Enemy 9,Utility,TakeCoverAction,GravityFlip,1.00,81.7,0
37.73,Utility Enemy 5,Utility,TakeCoverAction,GravityFlip,1.00,61.0,0
37.73,Utility Enemy 3,Utility,TakeCoverAction,GravityFlip,1.00,88.2,0
37.73,Utility Enemy 7,Utility,TakeCoverAction,GravityFlip,1.00,91.9,0
37.73,Utility Enemy 14,Utility,TakeCoverAction,GravityFlip,1.00,86.1,0
37.73,Utility Enemy 2,Utility,TakeCoverAction,GravityFlip,1.00,65.6,0
37.73,Utility Enemy 13,Utility,Dead,GravityFlip,0.00,14.1,0
38.23,Player,Player,-,GravityFlip,0.89,,0
38.23,FSM Enemy 6,FSM,TakeCoverState,GravityFlip,0.50,86.9,0
38.23,FSM Enemy 12,FSM,TakeCoverState,GravityFlip,0.40,87.5,0
38.23,FSM Enemy 4,FSM,TakeCoverState,GravityFlip,0.90,84.3,0
38.23,FSM Enemy 2,FSM,TakeCoverState,GravityFlip,1.00,92.5,0
38.23,FSM Enemy 13,FSM,Dead,GravityFlip,0.00,25.2,0
38.23,FSM Enemy 10,FSM,TakeCoverState,GravityFlip,1.00,64.2,0
38.23,FSM Enemy 3,FSM,TakeCoverState,GravityFlip,0.40,52.8,0
38.23,FSM Enemy 1,FSM,TakeCoverState,GravityFlip,1.00,39.1,0
38.23,FSM Enemy 14,FSM,TakeCoverState,GravityFlip,1.00,83.8,0
38.23,FSM Enemy 8,FSM,TakeCoverState,GravityFlip,1.00,25.9,0
38.23,FSM Enemy 11,FSM,TakeCoverState,GravityFlip,1.00,27.7,0
38.23,FSM Enemy 15,FSM,TakeCoverState,GravityFlip,1.00,22.2,0
38.23,FSM Enemy 7,FSM,TakeCoverState,GravityFlip,1.00,30.7,0
38.23,FSM Enemy 5,FSM,Dead,GravityFlip,0.00,11.7,0
38.23,FSM Enemy 9,FSM,TakeCoverState,GravityFlip,1.00,53.5,0
38.23,Utility Enemy 10,Utility,TakeCoverAction,GravityFlip,1.00,90.8,0
38.23,Utility Enemy 8,Utility,TakeCoverAction,GravityFlip,1.00,26.6,0
38.23,Utility Enemy 6,Utility,Dead,GravityFlip,0.00,56.5,0
38.23,Utility Enemy 4,Utility,Dead,GravityFlip,0.00,9.5,0
38.23,Utility Enemy 11,Utility,TakeCoverAction,GravityFlip,1.00,62.6,0
38.23,Utility Enemy 15,Utility,TakeCoverAction,GravityFlip,1.00,33.4,0
38.23,Utility Enemy 1,Utility,TakeCoverAction,GravityFlip,1.00,41.5,0
38.23,Utility Enemy 12,Utility,TakeCoverAction,GravityFlip,1.00,88.7,0
38.23,Utility Enemy 9,Utility,TakeCoverAction,GravityFlip,1.00,83.8,0
38.23,Utility Enemy 5,Utility,TakeCoverAction,GravityFlip,1.00,60.4,0
38.23,Utility Enemy 3,Utility,TakeCoverAction,GravityFlip,1.00,89.4,0
38.23,Utility Enemy 7,Utility,TakeCoverAction,GravityFlip,1.00,94.2,0
38.23,Utility Enemy 14,Utility,TakeCoverAction,GravityFlip,1.00,87.9,0
38.23,Utility Enemy 2,Utility,TakeCoverAction,GravityFlip,1.00,65.6,0
38.23,Utility Enemy 13,Utility,Dead,GravityFlip,0.00,16.0,0
38.74,Player,Player,-,GravityFlip,0.89,,0
38.74,FSM Enemy 6,FSM,TakeCoverState,GravityFlip,0.50,88.6,0
38.74,FSM Enemy 12,FSM,TakeCoverState,GravityFlip,0.40,89.1,0
38.74,FSM Enemy 4,FSM,TakeCoverState,GravityFlip,0.90,85.6,0
38.74,FSM Enemy 2,FSM,TakeCoverState,GravityFlip,1.00,92.3,0
38.74,FSM Enemy 13,FSM,Dead,GravityFlip,0.00,27.3,0
38.74,FSM Enemy 10,FSM,TakeCoverState,GravityFlip,1.00,64.4,0
38.74,FSM Enemy 3,FSM,TakeCoverState,GravityFlip,0.40,51.9,0
38.74,FSM Enemy 1,FSM,TakeCoverState,GravityFlip,1.00,36.9,0
38.74,FSM Enemy 14,FSM,TakeCoverState,GravityFlip,1.00,84.1,0
38.74,FSM Enemy 8,FSM,TakeCoverState,GravityFlip,1.00,26.1,0
38.74,FSM Enemy 11,FSM,TakeCoverState,GravityFlip,1.00,27.8,0
38.74,FSM Enemy 15,FSM,TakeCoverState,GravityFlip,1.00,24.1,0
38.74,FSM Enemy 7,FSM,TakeCoverState,GravityFlip,1.00,33.1,0
38.74,FSM Enemy 5,FSM,Dead,GravityFlip,0.00,9.7,0
38.74,FSM Enemy 9,FSM,TakeCoverState,GravityFlip,1.00,54.9,0
38.74,Utility Enemy 10,Utility,TakeCoverAction,GravityFlip,1.00,92.4,0
38.74,Utility Enemy 8,Utility,TakeCoverAction,GravityFlip,1.00,24.5,0
38.74,Utility Enemy 6,Utility,Dead,GravityFlip,0.00,58.6,0
38.74,Utility Enemy 4,Utility,Dead,GravityFlip,0.00,7.4,0
38.74,Utility Enemy 11,Utility,TakeCoverAction,GravityFlip,1.00,61.5,0
38.74,Utility Enemy 15,Utility,TakeCoverAction,GravityFlip,1.00,31.5,0
38.74,Utility Enemy 1,Utility,TakeCoverAction,GravityFlip,1.00,39.9,0
38.74,Utility Enemy 12,Utility,TakeCoverAction,GravityFlip,1.00,90.4,0
38.74,Utility Enemy 9,Utility,TakeCoverAction,GravityFlip,1.00,85.3,0
38.74,Utility Enemy 5,Utility,TakeCoverAction,GravityFlip,1.00,59.4,0
38.74,Utility Enemy 3,Utility,TakeCoverAction,GravityFlip,1.00,90.0,0
38.74,Utility Enemy 7,Utility,TakeCoverAction,GravityFlip,1.00,96.0,0
38.74,Utility Enemy 14,Utility,TakeCoverAction,GravityFlip,1.00,89.2,0
38.74,Utility Enemy 2,Utility,TakeCoverAction,GravityFlip,1.00,65.1,0
38.74,Utility Enemy 13,Utility,Dead,GravityFlip,0.00,18.3,0
39.24,Player,Player,-,GravityFlip,0.89,,0
39.24,FSM Enemy 6,FSM,TakeCoverState,GravityFlip,0.50,89.7,0
39.24,FSM Enemy 12,FSM,TakeCoverState,GravityFlip,0.40,90.2,0
39.24,FSM Enemy 4,FSM,TakeCoverState,GravityFlip,0.90,86.5,0
39.24,FSM Enemy 2,FSM,TakeCoverState,GravityFlip,1.00,91.8,0
39.24,FSM Enemy 13,FSM,Dead,GravityFlip,0.00,29.2,0
39.24,FSM Enemy 10,FSM,TakeCoverState,GravityFlip,1.00,64.2,0
39.24,FSM Enemy 3,FSM,TakeCoverState,GravityFlip,0.40,51.0,0
39.24,FSM Enemy 1,FSM,TakeCoverState,GravityFlip,1.00,34.9,0
39.24,FSM Enemy 14,FSM,TakeCoverState,GravityFlip,1.00,84.1,0
39.24,FSM Enemy 8,FSM,TakeCoverState,GravityFlip,1.00,26.1,0
39.24,FSM Enemy 11,FSM,TakeCoverState,GravityFlip,1.00,27.7,0
39.24,FSM Enemy 15,FSM,TakeCoverState,GravityFlip,1.00,25.6,0
39.24,FSM Enemy 7,FSM,TakeCoverState,GravityFlip,1.00,35.0,0
39.24,FSM Enemy 5,FSM,Dead,GravityFlip,0.00,7.8,0
39.24,FSM Enemy 9,FSM,TakeCoverState,GravityFlip,1.00,55.8,0
39.24,Utility Enemy 10,Utility,TakeCoverAction,GravityFlip,1.00,93.5,0
39.24,Utility Enemy 8,Utility,TakeCoverAction,GravityFlip,1.00,22.6,0
39.24,Utility Enemy 6,Utility,Dead,GravityFlip,0.00,60.1,0
39.24,Utility Enemy 4,Utility,Dead,GravityFlip,0.00,5.5,0
39.24,Utility Enemy 11,Utility,TakeCoverAction,GravityFlip,1.00,60.4,0
39.24,Utility Enemy 15,Utility,TakeCoverAction,GravityFlip,1.00,29.7,0
39.24,Utility Enemy 1,Utility,TakeCoverAction,GravityFlip,1.00,38.4,0
39.24,Utility Enemy 12,Utility,TakeCoverAction,GravityFlip,1.00,91.5,0
39.24,Utility Enemy 9,Utility,TakeCoverAction,GravityFlip,1.00,86.3,0
39.24,Utility Enemy 5,Utility,TakeCoverAction,GravityFlip,1.00,58.4,0
39.24,Utility Enemy 3,Utility,TakeCoverAction,GravityFlip,1.00,90.2,0
39.24,Utility Enemy 7,Utility,TakeCoverAction,GravityFlip,1.00,97.3,0
39.24,Utility Enemy 14,Utility,TakeCoverAction,GravityFlip,1.00,90.0,0
39.24,Utility Enemy 2,Utility,TakeCoverAction,GravityFlip,1.00,64.4,0
39.24,Utility Enemy 13,Utility,Dead,GravityFlip,0.00,20.3,0
39.75,Player,Player,-,GravityFlip,0.89,,0
39.75,FSM Enemy 6,FSM,TakeCoverState,GravityFlip,0.50,90.8,0
39.75,FSM Enemy 12,FSM,TakeCoverState,GravityFlip,0.40,91.2,0
39.75,FSM Enemy 4,FSM,TakeCoverState,GravityFlip,0.90,87.4,0
39.75,FSM Enemy 2,FSM,TakeCoverState,GravityFlip,1.00,91.3,0
39.75,FSM Enemy 13,FSM,Dead,GravityFlip,0.00,31.2,0
39.75,FSM Enemy 10,FSM,TakeCoverState,GravityFlip,1.00,64.0,0
39.75,FSM Enemy 3,FSM,TakeCoverState,GravityFlip,0.40,49.9,0
39.75,FSM Enemy 1,FSM,TakeCoverState,GravityFlip,1.00,32.9,0
39.75,FSM Enemy 14,FSM,TakeCoverState,GravityFlip,1.00,84.0,0
39.75,FSM Enemy 8,FSM,TakeCoverState,GravityFlip,1.00,26.0,0
39.75,FSM Enemy 11,FSM,TakeCoverState,GravityFlip,1.00,27.6,0
39.75,FSM Enemy 15,FSM,TakeCoverState,GravityFlip,1.00,27.2,0
39.75,FSM Enemy 7,FSM,TakeCoverState,GravityFlip,1.00,36.9,0
39.75,FSM Enemy 5,FSM,Dead,GravityFlip,0.00,6.0,0
39.75,FSM Enemy 9,FSM,TakeCoverState,GravityFlip,1.00,56.7,0
39.75,Utility Enemy 10,Utility,TakeCoverAction,GravityFlip,1.00,94.5,0
39.75,Utility Enemy 8,Utility,TakeCoverAction,GravityFlip,0.75,20.6,0
39.75,Utility Enemy 6,Utility,Dead,GravityFlip,0.00,61.7,0
39.75,Utility Enemy 4,Utility,Dead,GravityFlip,0.00,3.7,0
39.75,Utility Enemy 11,Utility,TakeCoverAction,GravityFlip,1.00,59.2,0
39.75,Utility Enemy 15,Utility,TakeCoverAction,GravityFlip,1.00,27.9,0
39.75,Utility Enemy 1,Utility,TakeCoverAction,GravityFlip,1.00,36.8,0
39.75,Utility Enemy 12,Utility,TakeCoverAction,GravityFlip,1.00,92.6,0
39.75,Utility Enemy 9,Utility,TakeCoverAction,GravityFlip,1.00,87.3,0
39.75,Utility Enemy 5,Utility,TakeCoverAction,GravityFlip,1.00,57.2,0
39.75,Utility Enemy 3,Utility,TakeCoverAction,GravityFlip,1.00,90.4,0
39.75,Utility Enemy 7,Utility,TakeCoverAction,GravityFlip,1.00,98.5,0
39.75,Utility Enemy 14,Utility,TakeCoverAction,GravityFlip,1.00,90.8,0
39.75,Utility Enemy 2,Utility,TakeCoverAction,GravityFlip,1.00,63.7,0
39.75,Utility Enemy 13,Utility,Dead,GravityFlip,0.00,22.3,0
40.25,Player,Player,-,GravityFlip,0.89,,0
40.25,FSM Enemy 6,FSM,TakeCoverState,GravityFlip,0.50,92.4,0
40.25,FSM Enemy 12,FSM,TakeCoverState,GravityFlip,0.40,92.7,0
40.25,FSM Enemy 4,FSM,TakeCoverState,GravityFlip,0.90,88.6,0
40.25,FSM Enemy 2,FSM,TakeCoverState,GravityFlip,1.00,90.5,0
40.25,FSM Enemy 13,FSM,Dead,GravityFlip,0.00,34.3,0
40.25,FSM Enemy 10,FSM,TakeCoverState,GravityFlip,1.00,63.7,0
40.25,FSM Enemy 3,FSM,TakeCoverState,GravityFlip,0.40,48.4,0
40.25,FSM Enemy 1,FSM,TakeCoverState,GravityFlip,1.00,29.9,0
40.25,FSM Enemy 14,FSM,TakeCoverState,GravityFlip,1.00,83.8,0
40.25,FSM Enemy 8,FSM,TakeCoverState,GravityFlip,1.00,26.2,0
40.25,FSM Enemy 11,FSM,TakeCoverState,GravityFlip,1.00,27.6,0
40.25,FSM Enemy 15,FSM,TakeCoverState,GravityFlip,1.00,29.6,0
40.25,FSM Enemy 7,FSM,TakeCoverState,GravityFlip,1.00,39.8,0
40.25,FSM Enemy 5,FSM,Dead,GravityFlip,0.00,3.9,0
40.25,FSM Enemy 9,FSM,TakeCoverState,GravityFlip,1.00,58.1,0
40.25,Utility Enemy 10,Utility,TakeCoverAction,GravityFlip,1.00,96.0,0
40.25,Utility Enemy 8,Utility,TakeCoverAction,GravityFlip,0.25,17.7,0
40.25,Utility Enemy 6,Utility,TakeCoverAction,GravityFlip,1.00,33.3,0
40.25,Utility Enemy 4,Utility,Dead,GravityFlip,0.00,2.3,0
40.25,Utility Enemy 11,Utility,TakeCoverAction,GravityFlip,1.00,57.4,0
40.25,Utility Enemy 15,Utility,TakeCoverAction,GravityFlip,1.00,25.2,0
40.25,Utility Enemy 1,Utility,TakeCoverAction,GravityFlip,1.00,34.5,0
40.25,Utility Enemy 12,Utility,TakeCoverAction,GravityFlip,1.00,94.2,0
40.25,Utility Enemy 9,Utility,TakeCoverAction,GravityFlip,1.00,88.7,0
40.25,Utility Enemy 5,Utility,TakeCoverAction,GravityFlip,1.00,55.5,0
40.25,Utility Enemy 3,Utility,TakeCoverAction,GravityFlip,1.00,90.5,0
40.25,Utility Enemy 7,Utility,TakeCoverAction,GravityFlip,1.00,100.2,0
40.25,Utility Enemy 14,Utility,TakeCoverAction,GravityFlip,1.00,91.8,0
40.25,Utility Enemy 2,Utility,TakeCoverAction,GravityFlip,1.00,62.6,0
40.25,Utility Enemy 13,Utility,Dead,GravityFlip,0.00,25.4,0
40.75,Player,Player,-,None,0.89,,0
40.75,FSM Enemy 6,FSM,PatrolState,None,0.40,93.8,0
40.75,FSM Enemy 12,FSM,PatrolState,None,0.30,93.9,0
40.75,FSM Enemy 4,FSM,PatrolState,None,0.90,90.3,0
40.75,FSM Enemy 2,FSM,PatrolState,None,1.00,90.1,0
40.75,FSM Enemy 13,FSM,Dead,None,0.00,37.3,0
40.75,FSM Enemy 10,FSM,PatrolState,None,1.00,62.7,0
40.75,FSM Enemy 3,FSM,PatrolState,None,0.40,47.4,0
40.75,FSM Enemy 1,FSM,PatrolState,None,1.00,26.7,0
40.75,FSM Enemy 14,FSM,PatrolState,None,1.00,83.5,0
40.75,FSM Enemy 8,FSM,PatrolState,None,1.00,27.0,0
40.75,FSM Enemy 11,FSM,PatrolState,None,1.00,27.9,0
40.75,FSM Enemy 15,FSM,ChaseState,None,1.00,31.2,0
40.75,FSM Enemy 7,FSM,PatrolState,None,1.00,43.4,0
40.75,FSM Enemy 5,FSM,Dead,None,0.00,3.5,0
40.75,FSM Enemy 9,FSM,PatrolState,None,1.00,59.1,0
40.75,Utility Enemy 10,Utility,AttackAction,None,1.00,97.5,0
40.75,Utility Enemy 8,Utility,TakeCoverAction,None,0.25,14.8,1
40.75,Utility Enemy 6,Utility,AttackAction,None,1.00,35.5,0
40.75,Utility Enemy 4,Utility,Dead,None,0.00,3.9,1
40.75,Utility Enemy 11,Utility,AttackAction,None,1.00,55.6,0
40.75,Utility Enemy 15,Utility,AttackAction,None,1.00,22.5,0
40.75,Utility Enemy 1,Utility,AttackAction,None,1.00,32.2,0
40.75,Utility Enemy 12,Utility,AttackAction,None,1.00,95.8,0
40.75,Utility Enemy 9,Utility,AttackAction,None,1.00,90.0,0
40.75,Utility Enemy 5,Utility,AttackAction,None,1.00,53.8,0
40.75,Utility Enemy 3,Utility,AttackAction,None,1.00,90.7,0
40.75,Utility Enemy 7,Utility,AttackAction,None,1.00,102.0,0
40.75,Utility Enemy 14,Utility,AttackAction,None,1.00,92.9,0
40.75,Utility Enemy 2,Utility,AttackAction,None,1.00,61.5,0
40.75,Utility Enemy 13,Utility,Dead,None,0.00,28.5,0
41.25,Player,Player,-,None,0.89,,0
41.25,FSM Enemy 6,FSM,PatrolState,None,0.40,95.1,0
41.25,FSM Enemy 12,FSM,PatrolState,None,0.30,94.9,0
41.25,FSM Enemy 4,FSM,PatrolState,None,0.90,92.3,0
41.25,FSM Enemy 2,FSM,PatrolState,None,1.00,89.9,0
41.25,FSM Enemy 13,FSM,Dead,None,0.00,40.4,0
41.25,FSM Enemy 10,FSM,PatrolState,None,1.00,61.8,0
41.25,FSM Enemy 3,FSM,PatrolState,None,0.40,46.5,0
41.25,FSM Enemy 1,FSM,PatrolState,None,1.00,23.3,0
41.25,FSM Enemy 14,FSM,PatrolState,None,1.00,83.2,0
41.25,FSM Enemy 8,FSM,PatrolState,None,1.00,28.1,0
41.25,FSM Enemy 11,FSM,PatrolState,None,1.00,28.7,0
41.25,FSM Enemy 15,FSM,ChaseState,None,1.00,31.6,0
41.25,FSM Enemy 7,FSM,PatrolState,None,1.00,47.5,0
41.25,FSM Enemy 5,FSM,Dead,None,0.00,5.3,1
41.25,FSM Enemy 9,FSM,PatrolState,None,1.00,60.0,0
41.25,Utility Enemy 10,Utility,AttackAction,None,1.00,99.0,0
41.25,Utility Enemy 8,Utility,TakeCoverAction,None,0.25,11.9,1
41.25,Utility Enemy 6,Utility,AttackAction,None,1.00,38.1,0
41.25,Utility Enemy 4,Utility,Dead,None,0.00,6.7,1
41.25,Utility Enemy 11,Utility,AttackAction,None,1.00,53.8,0
41.25,Utility Enemy 15,Utility,AttackAction,None,1.00,20.0,0
41.25,Utility Enemy 1,Utility,AttackAction,None,1.00,30.0,0
41.25,Utility Enemy 12,Utility,AttackAction,None,1.00,97.3,0
41.25,Utility Enemy 9,Utility,AttackAction,None,1.00,91.4,0
41.25,Utility Enemy 5,Utility,AttackAction,None,1.00,52.1,0
41.25,Utility Enemy 3,Utility,AttackAction,None,1.00,90.9,0
41.25,Utility Enemy 7,Utility,AttackAction,None,1.00,103.7,0
41.25,Utility Enemy 14,Utility,AttackAction,None,1.00,93.9,0
41.25,Utility Enemy 2,Utility,AttackAction,None,1.00,60.5,0
41.25,Utility Enemy 13,Utility,Dead,None,0.00,31.6,0
41.76,Player,Player,-,None,0.89,,0
41.76,FSM Enemy 6,FSM,PatrolState,None,0.40,96.4,0
41.76,FSM Enemy 12,FSM,PatrolState,None,0.30,96.0,0
41.76,FSM Enemy 4,FSM,PatrolState,None,0.90,93.1,0
41.76,FSM Enemy 2,FSM,PatrolState,None,1.00,89.6,0
41.76,FSM Enemy 13,FSM,Dead,None,0.00,43.5,0
41.76,FSM Enemy 10,FSM,PatrolState,None,1.00,62.2,0
41.76,FSM Enemy 3,FSM,PatrolState,None,0.40,45.5,0
41.76,FSM Enemy 1,FSM,PatrolState,None,1.00,20.1,0
41.76,FSM Enemy 14,FSM,PatrolState,None,1.00,83.0,0
41.76,FSM Enemy 8,FSM,PatrolState,None,1.00,29.3,0
41.76,FSM Enemy 11,FSM,PatrolState,None,1.00,29.7,0
41.76,FSM Enemy 15,FSM,PatrolState,None,1.00,32.2,0
41.76,FSM Enemy 7,FSM,PatrolState,None,1.00,51.5,0
41.76,FSM Enemy 5,FSM,Dead,None,0.00,7.8,1
41.76,FSM Enemy 9,FSM,PatrolState,None,1.00,60.9,0
41.76,Utility Enemy 10,Utility,AttackAction,None,1.00,100.3,0
41.76,Utility Enemy 8,Utility,Dead,None,0.00,9.1,1
41.76,Utility Enemy 6,Utility,AttackAction,None,1.00,40.8,0
41.76,Utility Enemy 4,Utility,Dead,None,0.00,9.5,1
41.76,Utility Enemy 11,Utility,AttackAction,None,1.00,52.0,0
41.76,Utility Enemy 15,Utility,SpreadFireAction,None,1.00,17.4,1
41.76,Utility Enemy 1,Utility,AttackAction,None,1.00,27.8,0
41.76,Utility Enemy 12,Utility,AttackAction,None,1.00,98.7,0
41.76,Utility Enemy 9,Utility,AttackAction,None,1.00,92.6,0
41.76,Utility Enemy 5,Utility,AttackAction,None,1.00,50.4,0
41.76,Utility Enemy 3,Utility,AttackAction,None,1.00,90.9,0
41.76,Utility Enemy 7,Utility,AttackAction,None,1.00,105.2,0
41.76,Utility Enemy 14,Utility,AttackAction,None,1.00,94.8,0
41.76,Utility Enemy 2,Utility,AttackAction,None,1.00,59.4,0
41.76,Utility Enemy 13,Utility,Dead,None,0.00,34.7,0
42.26,Player,Player,-,None,0.89,,0
42.26,FSM Enemy 6,FSM,PatrolState,None,0.40,97.6,0
42.26,FSM Enemy 12,FSM,PatrolState,None,0.20,96.9,0
42.26,FSM Enemy 4,FSM,PatrolState,None,0.90,93.1,0
42.26,FSM Enemy 2,FSM,PatrolState,None,1.00,88.9,0
42.26,FSM Enemy 13,FSM,Dead,None,0.00,46.7,0
42.26,FSM Enemy 10,FSM,PatrolState,None,1.00,62.8,0
42.26,FSM Enemy 3,FSM,PatrolState,None,0.40,44.2,0
42.26,FSM Enemy 1,FSM,PatrolState,None,1.00,17.6,0
42.26,FSM Enemy 14,FSM,PatrolState,None,1.00,82.6,0
42.26,FSM Enemy 8,FSM,PatrolState,None,1.00,30.1,0
42.26,FSM Enemy 11,FSM,PatrolState,None,1.00,31.0,0
42.26,FSM Enemy 15,FSM,PatrolState,None,1.00,34.3,0
42.26,FSM Enemy 7,FSM,PatrolState,None,1.00,55.4,0
42.26,FSM Enemy 5,FSM,Dead,None,0.00,10.6,0
42.26,FSM Enemy 9,FSM,PatrolState,None,1.00,61.9,0
42.26,Utility Enemy 10,Utility,AttackAction,None,1.00,101.4,0
42.26,Utility Enemy 8,Utility,Dead,None,0.00,6.3,1
42.26,Utility Enemy 6,Utility,AttackAction,None,1.00,43.4,0
42.26,Utility Enemy 4,Utility,Dead,None,0.00,12.6,1
42.26,Utility Enemy 11,Utility,AttackAction,None,1.00,50.0,0
42.26,Utility Enemy 15,Utility,SpreadFireAction,None,1.00,14.8,1
42.26,Utility Enemy 1,Utility,AttackAction,None,1.00,25.4,0
42.26,Utility Enemy 12,Utility,AttackAction,None,1.00,99.9,0
42.26,Utility Enemy 9,Utility,AttackAction,None,1.00,93.6,0
42.26,Utility Enemy 5,Utility,AttackAction,None,1.00,48.5,0
42.26,Utility Enemy 3,Utility,AttackAction,None,1.00,90.7,0
42.26,Utility Enemy 7,Utility,AttackAction,None,1.00,106.6,0
42.26,Utility Enemy 14,Utility,AttackAction,None,1.00,95.5,0
42.26,Utility Enemy 2,Utility,AttackAction,None,1.00,58.1,0
42.26,Utility Enemy 13,Utility,Dead,None,0.00,37.8,0
42.76,Player,Player,-,None,0.89,,0
42.76,FSM Enemy 6,FSM,PatrolState,None,0.40,98.1,0
42.76,FSM Enemy 12,FSM,PatrolState,None,0.20,97.2,0
42.76,FSM Enemy 4,FSM,PatrolState,None,0.90,92.3,0
42.76,FSM Enemy 2,FSM,PatrolState,None,1.00,87.0,0
42.76,FSM Enemy 13,FSM,Dead,None,0.00,48.7,0
42.76,FSM Enemy 10,FSM,PatrolState,None,1.00,63.2,0
42.76,FSM Enemy 3,FSM,PatrolState,None,0.40,43.2,0
42.76,FSM Enemy 1,FSM,PatrolState,None,1.00,16.5,0
42.76,FSM Enemy 14,FSM,PatrolState,None,1.00,82.1,0
42.76,FSM Enemy 8,FSM,PatrolState,None,1.00,30.9,0
42.76,FSM Enemy 11,FSM,PatrolState,None,1.00,31.6,0
42.76,FSM Enemy 15,FSM,PatrolState,None,1.00,37.0,0
42.76,FSM Enemy 7,FSM,PatrolState,None,1.00,58.2,0
42.76,FSM Enemy 5,FSM,Dead,None,0.00,12.4,0
42.76,FSM Enemy 9,FSM,PatrolState,None,1.00,62.1,0
42.76,Utility Enemy 10,Utility,AttackAction,None,1.00,101.8,0
42.76,Utility Enemy 8,Utility,Dead,None,0.00,4.5,1
42.76,Utility Enemy 6,Utility,AttackAction,None,1.00,44.8,0
42.76,Utility Enemy 4,Utility,Dead,None,0.00,14.4,1
42.76,Utility Enemy 11,Utility,AttackAction,None,1.00,48.4,0
42.76,Utility Enemy 15,Utility,AttackAction,None,0.25,12.9,1
42.76,Utility Enemy 1,Utility,AttackAction,None,1.00,23.7,0
42.76,Utility Enemy 12,Utility,AttackAction,None,1.00,100.4,0
42.76,Utility Enemy 9,Utility,AttackAction,None,1.00,94.0,0
42.76,Utility Enemy 5,Utility,AttackAction,None,1.00,47.0,0
42.76,Utility Enemy 3,Utility,AttackAction,None,1.00,90.2,0
42.76,Utility Enemy 7,Utility,AttackAction,None,1.00,107.2,0
42.76,Utility Enemy 14,Utility,AttackAction,None,1.00,95.6,0
42.76,Utility Enemy 2,Utility,AttackAction,None,1.00,56.9,0
42.76,Utility Enemy 13,Utility,Dead,None,0.00,39.8,0
43.27,Player,Player,-,None,0.84,,0
43.27,FSM Enemy 6,FSM,PatrolState,None,0.40,98.3,0
43.27,FSM Enemy 12,FSM,PatrolState,None,0.20,97.6,0
43.27,FSM Enemy 4,FSM,PatrolState,None,0.90,91.2,0
43.27,FSM Enemy 2,FSM,PatrolState,None,1.00,84.8,0
43.27,FSM Enemy 13,FSM,Dead,None,0.00,50.2,0
43.27,FSM Enemy 10,FSM,PatrolState,None,1.00,63.7,0
43.27,FSM Enemy 3,FSM,PatrolState,None,0.30,42.2,0
43.27,FSM Enemy 1,FSM,PatrolState,None,1.00,16.1,0
43.27,FSM Enemy 14,FSM,PatrolState,None,1.00,82.2,0
43.27,FSM Enemy 8,FSM,PatrolState,None,1.00,31.5,0
43.27,FSM Enemy 11,FSM,PatrolState,None,1.00,32.1,0
43.27,FSM Enemy 15,FSM,PatrolState,None,1.00,39.3,0
43.27,FSM Enemy 7,FSM,PatrolState,None,1.00,60.6,0
43.27,FSM Enemy 5,FSM,Dead,None,0.00,13.7,0
43.27,FSM Enemy 9,FSM,PatrolState,None,1.00,61.9,0
43.27,Utility Enemy 10,Utility,AttackAction,None,1.00,102.0,0
43.27,Utility Enemy 8,Utility,Dead,None,0.00,2.9,1
43.27,Utility Enemy 6,Utility,AttackAction,None,1.00,45.9,0
43.27,Utility Enemy 4,Utility,Dead,None,0.00,15.8,1
43.27,Utility Enemy 11,Utility,AttackAction,None,1.00,47.0,0
43.27,Utility Enemy 15,Utility,TakeCoverAction,None,0.25,11.4,1
43.27,Utility Enemy 1,Utility,AttackAction,None,1.00,22.2,0
43.27,Utility Enemy 12,Utility,AttackAction,None,1.00,100.6,0
43.27,Utility Enemy 9,Utility,AttackAction,None,1.00,94.0,0
43.27,Utility Enemy 5,Utility,AttackAction,None,1.00,45.6,0
43.27,Utility Enemy 3,Utility,AttackAction,None,1.00,89.7,0
43.27,Utility Enemy 7,Utility,AttackAction,None,1.00,107.4,0
43.27,Utility Enemy 14,Utility,AttackAction,None,1.00,95.5,0
43.27,Utility Enemy 2,Utility,AttackAction,None,1.00,55.8,0
43.27,Utility Enemy 13,Utility,Dead,None,0.00,41.2,0
43.77,Player,Player,-,None,0.84,,0
43.77,FSM Enemy 6,FSM,PatrolState,None,0.40,98.7,0
43.77,FSM Enemy 12,FSM,PatrolState,None,0.20,97.9,0
43.77,FSM Enemy 4,FSM,PatrolState,None,0.90,89.9,0
43.77,FSM Enemy 2,FSM,PatrolState,None,1.00,81.7,0
43.77,FSM Enemy 13,FSM,Dead,None,0.00,52.6,0
43.77,FSM Enemy 10,FSM,PatrolState,None,1.00,63.5,0
43.77,FSM Enemy 3,FSM,PatrolState,None,0.30,39.1,0
43.77,FSM Enemy 1,FSM,PatrolState,None,1.00,15.3,0
43.77,FSM Enemy 14,FSM,PatrolState,None,1.00,82.2,0
43.77,FSM Enemy 8,FSM,PatrolState,None,1.00,31.8,0
43.77,FSM Enemy 11,FSM,PatrolState,None,1.00,33.0,0
43.77,FSM Enemy 15,FSM,PatrolState,None,1.00,42.3,0
43.77,FSM Enemy 7,FSM,PatrolState,None,1.00,63.6,0
43.77,FSM Enemy 5,FSM,Dead,None,0.00,16.0,0
43.77,FSM Enemy 9,FSM,PatrolState,None,1.00,61.4,0
43.77,Utility Enemy 10,Utility,AttackAction,None,1.00,102.1,0
43.77,Utility Enemy 8,Utility,Dead,None,0.00,1.8,0
43.77,Utility Enemy 6,Utility,AttackAction,None,1.00,47.6,0
43.77,Utility Enemy 4,Utility,Dead,None,0.00,18.1,1
43.77,Utility Enemy 11,Utility,AttackAction,None,1.00,44.7,0
43.77,Utility Enemy 15,Utility,Dead,None,0.00,8.9,1
43.77,Utility Enemy 1,Utility,AttackAction,None,1.00,19.9,0
43.77,Utility Enemy 12,Utility,AttackAction,None,1.00,100.8,0
43.77,Utility Enemy 9,Utility,AttackAction,None,1.00,94.1,0
43.77,Utility Enemy 5,Utility,AttackAction,None,1.00,43.4,0
43.77,Utility Enemy 3,Utility,AttackAction,None,1.00,88.6,0
43.77,Utility Enemy 7,Utility,AttackAction,None,1.00,107.7,0
43.77,Utility Enemy 14,Utility,AttackAction,None,1.00,95.2,0
43.77,Utility Enemy 2,Utility,AttackAction,None,1.00,54.0,0
43.77,Utility Enemy 13,Utility,Dead,None,0.00,43.6,0
44.27,Player,Player,-,None,0.84,,0
44.27,FSM Enemy 6,FSM,PatrolState,None,0.40,98.9,0
44.27,FSM Enemy 12,FSM,PatrolState,None,0.10,98.0,0
44.27,FSM Enemy 4,FSM,PatrolState,None,0.90,88.5,0
44.27,FSM Enemy 2,FSM,PatrolState,None,1.00,79.2,0
44.27,FSM Enemy 13,FSM,Dead,None,0.00,54.3,0
44.27,FSM Enemy 10,FSM,PatrolState,None,1.00,63.6,0
44.27,FSM Enemy 3,FSM,PatrolState,None,0.30,36.4,0
44.27,FSM Enemy 1,FSM,PatrolState,None,1.00,15.7,0
44.27,FSM Enemy 14,FSM,PatrolState,None,1.00,82.4,0
44.27,FSM Enemy 8,FSM,PatrolState,None,1.00,31.9,0
44.27,FSM Enemy 11,FSM,PatrolState,None,1.00,33.9,0
44.27,FSM Enemy 15,FSM,PatrolState,None,1.00,44.5,0
44.27,FSM Enemy 7,FSM,PatrolState,None,1.00,66.0,0
44.27,FSM Enemy 5,FSM,Dead,None,0.00,17.5,0
44.27,FSM Enemy 9,FSM,PatrolState,None,1.00,60.5,0
44.27,Utility Enemy 10,Utility,AttackAction,None,1.00,102.0,0
44.27,Utility Enemy 8,Utility,Dead,None,0.00,2.8,0
44.27,Utility Enemy 6,Utility,AttackAction,None,1.00,48.6,0
44.27,Utility Enemy 4,Utility,Dead,None,0.00,19.7,0
44.27,Utility Enemy 11,Utility,AttackAction,None,1.00,43.1,0
44.27,Utility Enemy 15,Utility,Dead,None,0.00,7.3,1
44.27,Utility Enemy 1,Utility,SpreadFireAction,None,1.00,18.2,1
44.27,Utility Enemy 12,Utility,AttackAction,None,1.00,100.7,0
44.27,Utility Enemy 9,Utility,AttackAction,None,1.00,93.9,0
44.27,Utility Enemy 5,Utility,AttackAction,None,1.00,41.8,0
44.27,Utility Enemy 3,Utility,AttackAction,None,1.00,87.8,0
44.27,Utility Enemy 7,Utility,AttackAction,None,1.00,107.8,0
44.27,Utility Enemy 14,Utility,AttackAction,None,1.00,94.8,0
44.27,Utility Enemy 2,Utility,AttackAction,None,1.00,52.7,0
44.27,Utility Enemy 13,Utility,Dead,None,0.00,45.2,0
44.78,Player,Player,-,None,0.84,,0
44.78,FSM Enemy 6,FSM,PatrolState,None,0.40,99.1,0
44.78,FSM Enemy 12,FSM,PatrolState,None,0.10,98.0,0
44.78,FSM Enemy 4,FSM,PatrolState,None,0.90,87.7,0
44.78,FSM Enemy 2,FSM,PatrolState,None,1.00,76.8,0
44.78,FSM Enemy 13,FSM,PatrolState,None,1.00,47.9,0
44.78,FSM Enemy 10,FSM,PatrolState,None,1.00,63.8,0
44.78,FSM Enemy 3,FSM,PatrolState,None,0.30,34.1,0
44.78,FSM Enemy 1,FSM,PatrolState,None,1.00,16.0,0
44.78,FSM Enemy 14,FSM,PatrolState,None,1.00,82.7,0
44.78,FSM Enemy 8,FSM,PatrolState,None,1.00,32.0,0
44.78,FSM Enemy 11,FSM,PatrolState,None,1.00,34.9,0
44.78,FSM Enemy 15,FSM,PatrolState,None,0.90,45.9,0
44.78,FSM Enemy 7,FSM,PatrolState,None,1.00,68.2,0
44.78,FSM Enemy 5,FSM,Dead,None,0.00,18.8,0
44.78,FSM Enemy 9,FSM,PatrolState,None,1.00,59.6,0
44.78,Utility Enemy 10,Utility,AttackAction,None,1.00,101.9,0
44.78,Utility Enemy 8,Utility,Dead,None,0.00,3.9,0
44.78,Utility Enemy 6,Utility,AttackAction,None,1.00,49.5,0
44.78,Utility Enemy 4,Utility,Dead,None,0.00,21.1,0
44.78,Utility Enemy 11,Utility,AttackAction,None,1.00,41.6,0
44.78,Utility Enemy 15,Utility,Dead,None,0.00,5.7,1
44.78,Utility Enemy 1,Utility,SpreadFireAction,None,1.00,16.7,1
44.78,Utility Enemy 12,Utility,AttackAction,None,1.00,100.7,0
44.78,Utility Enemy 9,Utility,AttackAction,None,1.00,93.8,0
44.78,Utility Enemy 5,Utility,AttackAction,None,1.00,40.4,0
44.78,Utility Enemy 3,Utility,AttackAction,None,1.00,87.0,0
44.78,Utility Enemy 7,Utility,AttackAction,None,1.00,107.8,0
44.78,Utility Enemy 14,Utility,AttackAction,None,1.00,94.5,0
44.78,Utility Enemy 2,Utility,AttackAction,None,1.00,51.5,0
44.78,Utility Enemy 13,Utility,Dead,None,0.00,46.5,0
45.28,Player,Player,-,None,0.79,,0
45.28,FSM Enemy 6,FSM,PatrolState,None,0.40,99.9,0
45.28,FSM Enemy 12,FSM,Dead,None,0.00,98.5,0
45.28,FSM Enemy 4,FSM,PatrolState,None,0.90,88.6,0
45.28,FSM Enemy 2,FSM,PatrolState,None,1.00,73.8,0
45.28,FSM Enemy 13,FSM,PatrolState,None,1.00,51.4,0
45.28,FSM Enemy 10,FSM,PatrolState,None,1.00,63.8,0
45.28,FSM Enemy 3,FSM,PatrolState,None,0.30,31.0,0
45.28,FSM Enemy 1,FSM,PatrolState,None,1.00,14.0,0
45.28,FSM Enemy 14,FSM,PatrolState,None,1.00,81.9,0
45.28,FSM Enemy 8,FSM,PatrolState,None,1.00,32.4,0
45.28,FSM Enemy 11,FSM,PatrolState,None,1.00,37.0,0
45.28,FSM Enemy 15,FSM,PatrolState,None,0.90,48.4,0
45.28,FSM Enemy 7,FSM,PatrolState,None,1.00,71.5,0
45.28,FSM Enemy 5,FSM,Dead,None,0.00,21.6,0
45.28,FSM Enemy 9,FSM,PatrolState,None,1.00,59.3,0
45.28,Utility Enemy 10,Utility,AttackAction,None,1.00,102.2,0
45.28,Utility Enemy 8,Utility,Dead,None,0.00,6.8,0
45.28,Utility Enemy 6,Utility,AttackAction,None,1.00,51.6,0
45.28,Utility Enemy 4,Utility,Dead,None,0.00,23.9,0
45.28,Utility Enemy 11,Utility,AttackAction,None,1.00,39.3,0
45.28,Utility Enemy 15,Utility,Dead,None,0.00,4.0,1
45.28,Utility Enemy 1,Utility,Dead,None,0.00,14.4,1
45.28,Utility Enemy 12,Utility,AttackAction,None,1.00,101.1,0
45.28,Utility Enemy 9,Utility,AttackAction,None,1.00,94.1,0
45.28,Utility Enemy 5,Utility,AttackAction,None,1.00,38.2,0
45.28,Utility Enemy 3,Utility,AttackAction,None,1.00,86.1,0
45.28,Utility Enemy 7,Utility,AttackAction,None,1.00,108.4,0
45.28,Utility Enemy 14,Utility,AttackAction,None,1.00,94.4,0
45.28,Utility Enemy 2,Utility,AttackAction,None,1.00,49.8,0
45.28,Utility Enemy 13,Utility,Dead,None,0.00,49.3,0
45.79,Player,Player,-,None,0.79,,0
45.79,FSM Enemy 6,FSM,PatrolState,None,0.40,101.0,0
45.79,FSM Enemy 12,FSM,Dead,None,0.00,98.9,0
45.79,FSM Enemy 4,FSM,PatrolState,None,0.90,89.6,0
45.79,FSM Enemy 2,FSM,PatrolState,None,1.00,70.8,0
45.79,FSM Enemy 13,FSM,PatrolState,None,1.00,55.2,0
45.79,FSM Enemy 10,FSM,PatrolState,None,1.00,63.7,0
45.79,FSM Enemy 3,FSM,PatrolState,None,0.30,28.2,0
45.79,FSM Enemy 1,FSM,PatrolState,None,1.00,12.6,0
45.79,FSM Enemy 14,FSM,PatrolState,None,1.00,81.1,0
45.79,FSM Enemy 8,FSM,PatrolState,None,1.00,32.0,0
45.79,FSM Enemy 11,FSM,PatrolState,None,1.00,39.4,0
45.79,FSM Enemy 15,FSM,PatrolState,None,0.90,50.9,0
45.79,FSM Enemy 7,FSM,PatrolState,None,1.00,75.0,0
45.79,FSM Enemy 5,FSM,Dead,None,0.00,24.5,0
45.79,FSM Enemy 9,FSM,PatrolState,None,1.00,59.0,0
45.79,Utility Enemy 10,Utility,AttackAction,None,1.00,102.6,0
45.79,Utility Enemy 8,Utility,Dead,None,0.00,9.8,0
45.79,Utility Enemy 6,Utility,AttackAction,None,1.00,53.9,0
45.79,Utility Enemy 4,Utility,Dead,None,0.00,26.8,0
45.79,Utility Enemy 11,Utility,AttackAction,None,1.00,36.9,0
45.79,Utility Enemy 15,Utility,Dead,None,0.00,4.0,0
45.79,Utility Enemy 1,Utility,Dead,None,0.00,12.3,1
45.79,Utility Enemy 12,Utility,AttackAction,None,1.00,101.6,0
45.79,Utility Enemy 9,Utility,AttackAction,None,1.00,94.4,0
45.79,Utility Enemy 5,Utility,AttackAction,None,1.00,36.0,0
45.79,Utility Enemy 3,Utility,AttackAction,None,1.00,85.3,0
45.79,Utility Enemy 7,Utility,AttackAction,None,1.00,109.0,0
45.79,Utility Enemy 14,Utility,AttackAction,None,1.00,94.4,0
45.79,Utility Enemy 2,Utility,AttackAction,None,1.00,48.1,0
45.79,Utility Enemy 13,Utility,Dead,None,0.00,52.1,0
46.29,Player,Player,-,None,0.79,,0
46.29,FSM Enemy 6,FSM,PatrolState,None,0.40,100.8,0
46.29,FSM Enemy 12,FSM,Dead,None,0.00,98.0,0
46.29,FSM Enemy 4,FSM,PatrolState,None,0.80,89.4,0
46.29,FSM Enemy 2,FSM,PatrolState,None,1.00,67.1,0
46.29,FSM Enemy 13,FSM,PatrolState,None,1.00,58.2,0
46.29,FSM Enemy 10,FSM,PatrolState,None,1.00,62.5,0
46.29,FSM Enemy 3,FSM,PatrolState,None,0.30,24.8,0
46.29,FSM Enemy 1,FSM,PatrolState,None,1.00,13.1,0
46.29,FSM Enemy 14,FSM,PatrolState,None,1.00,79.0,0
46.29,FSM Enemy 8,FSM,PatrolState,None,1.00,30.0,0
46.29,FSM Enemy 11,FSM,PatrolState,None,1.00,40.9,0
46.29,FSM Enemy 15,FSM,PatrolState,None,0.90,52.3,0
46.29,FSM Enemy 7,FSM,PatrolState,None,1.00,77.3,0
46.29,FSM Enemy 5,FSM,Dead,None,0.00,26.7,0
46.29,FSM Enemy 9,FSM,PatrolState,None,1.00,57.5,0
46.29,Utility Enemy 10,Utility,AttackAction,None,1.00,101.7,0
46.29,Utility Enemy 8,Utility,Dead,None,0.00,12.5,0
46.29,Utility Enemy 6,Utility,AttackAction,None,1.00,55.0,0
46.29,Utility Enemy 4,Utility,Dead,None,0.00,29.0,0
46.29,Utility Enemy 11,Utility,AttackAction,None,1.00,34.0,0
46.29,Utility Enemy 15,Utility,Dead,None,0.00,4.9,0
46.29,Utility Enemy 1,Utility,Dead,None,0.00,9.6,1
46.29,Utility Enemy 12,Utility,AttackAction,None,1.00,100.8,0
46.29,Utility Enemy 9,Utility,AttackAction,None,1.00,93.4,0
46.29,Utility Enemy 5,Utility,AttackAction,None,1.00,33.1,0
46.29,Utility Enemy 3,Utility,AttackAction,None,1.00,83.3,0
46.29,Utility Enemy 7,Utility,AttackAction,None,1.00,108.3,0
46.29,Utility Enemy 14,Utility,AttackAction,None,1.00,93.1,0
46.29,Utility Enemy 2,Utility,AttackAction,None,1.00,45.5,0
46.29,Utility Enemy 13,Utility,Dead,None,0.00,54.1,0
46.79,Player,Player,-,None,0.79,,0
46.79,FSM Enemy 6,FSM,PatrolState,None,0.40,99.3,0
46.79,FSM Enemy 12,FSM,Dead,None,0.00,96.8,0
46.79,FSM Enemy 4,FSM,PatrolState,None,0.80,89.0,0
46.79,FSM Enemy 2,FSM,PatrolState,None,1.00,63.7,0
46.79,FSM Enemy 13,FSM,PatrolState,None,1.00,60.3,0
46.79,FSM Enemy 10,FSM,PatrolState,None,1.00,61.4,0
46.79,FSM Enemy 3,FSM,PatrolState,None,0.30,22.0,0
46.79,FSM Enemy 1,FSM,PatrolState,None,1.00,14.1,0
46.79,FSM Enemy 14,FSM,PatrolState,None,1.00,77.1,0
46.79,FSM Enemy 8,FSM,PatrolState,None,1.00,28.9,0
46.79,FSM Enemy 11,FSM,PatrolState,None,1.00,41.6,0
46.79,FSM Enemy 15,FSM,PatrolState,None,0.90,52.8,0
46.79,FSM Enemy 7,FSM,PatrolState,None,1.00,78.5,0
46.79,FSM Enemy 5,FSM,Dead,None,0.00,28.0,0
46.79,FSM Enemy 9,FSM,PatrolState,None,1.00,56.1,0
46.79,Utility Enemy 10,Utility,AttackAction,None,1.00,100.4,0
46.79,Utility Enemy 8,Utility,Dead,None,0.00,14.4,0
46.79,Utility Enemy 6,Utility,AttackAction,None,1.00,55.4,0
46.79,Utility Enemy 4,Utility,Dead,None,0.00,30.4,0
46.79,Utility Enemy 11,Utility,AttackAction,None,1.00,31.7,0
46.79,Utility Enemy 15,Utility,Dead,None,0.00,6.2,0
46.79,Utility Enemy 1,Utility,Dead,None,0.00,7.5,1
46.79,Utility Enemy 12,Utility,AttackAction,None,1.00,99.6,0
46.79,Utility Enemy 9,Utility,AttackAction,None,1.00,92.1,0
46.79,Utility Enemy 5,Utility,AttackAction,None,1.00,30.8,0
46.79,Utility Enemy 3,Utility,AttackAction,None,1.00,81.3,0
46.79,Utility Enemy 7,Utility,AttackAction,None,1.00,107.2,0
46.79,Utility Enemy 14,Utility,AttackAction,None,1.00,91.6,0
46.79,Utility Enemy 2,Utility,AttackAction,None,1.00,43.3,0
46.79,Utility Enemy 13,Utility,AttackAction,None,1.00,87.4,0
47.30,Player,Player,-,None,0.79,,0
47.30,FSM Enemy 6,FSM,PatrolState,None,0.40,97.5,0
47.30,FSM Enemy 12,FSM,Dead,None,0.00,95.9,0
47.30,FSM Enemy 4,FSM,PatrolState,None,0.80,89.0,0
47.30,FSM Enemy 2,FSM,PatrolState,None,1.00,61.6,0
47.30,FSM Enemy 13,FSM,PatrolState,None,1.00,62.5,0
47.30,FSM Enemy 10,FSM,PatrolState,None,1.00,60.4,0
47.30,FSM Enemy 3,FSM,PatrolState,None,0.30,20.5,0
47.30,FSM Enemy 1,FSM,AttackState,None,1.00,14.9,1
47.30,FSM Enemy 14,FSM,PatrolState,None,1.00,75.5,0
47.30,FSM Enemy 8,FSM,PatrolState,None,1.00,29.1,0
47.30,FSM Enemy 11,FSM,PatrolState,None,1.00,42.8,0
47.30,FSM Enemy 15,FSM,PatrolState,None,0.90,53.5,0
47.30,FSM Enemy 7,FSM,PatrolState,None,1.00,80.0,0
47.30,FSM Enemy 5,FSM,Dead,None,0.00,29.5,0
47.30,FSM Enemy 9,FSM,PatrolState,None,1.00,56.4,0
47.30,Utility Enemy 10,Utility,AttackAction,None,1.00,99.5,0
47.30,Utility Enemy 8,Utility,Dead,None,0.00,16.1,0
47.30,Utility Enemy 6,Utility,AttackAction,None,1.00,56.0,0
47.30,Utility Enemy 4,Utility,Dead,None,0.00,31.8,0
47.30,Utility Enemy 11,Utility,AttackAction,None,1.00,29.6,0
47.30,Utility Enemy 15,Utility,Dead,None,0.00,7.7,0
47.30,Utility Enemy 1,Utility,Dead,None,0.00,5.7,1
47.30,Utility Enemy 12,Utility,AttackAction,None,1.00,98.7,0
47.30,Utility Enemy 9,Utility,AttackAction,None,1.00,91.2,0
47.30,Utility Enemy 5,Utility,AttackAction,None,1.00,28.7,0
47.30,Utility Enemy 3,Utility,AttackAction,None,1.00,79.7,0
47.30,Utility Enemy 7,Utility,AttackAction,None,1.00,106.4,0
47.30,Utility Enemy 14,Utility,AttackAction,None,1.00,90.5,0
47.30,Utility Enemy 2,Utility,AttackAction,None,1.00,41.4,0
47.30,Utility Enemy 13,Utility,AttackAction,None,1.00,86.5,0
47.80,Player,Player,-,None,0.79,,0
47.80,FSM Enemy 6,FSM,PatrolState,None,0.40,95.5,0
47.80,FSM Enemy 12,FSM,Dead,None,0.00,94.8,0
47.80,FSM Enemy 4,FSM,PatrolState,None,0.80,88.5,0
47.80,FSM Enemy 2,FSM,PatrolState,None,1.00,60.5,0
47.80,FSM Enemy 13,FSM,PatrolState,None,1.00,64.8,0
47.80,FSM Enemy 10,FSM,PatrolState,None,1.00,57.4,0
47.80,FSM Enemy 3,FSM,PatrolState,None,0.30,19.2,0
47.80,FSM Enemy 1,FSM,AttackState,None,1.00,16.9,1
47.80,FSM Enemy 14,FSM,PatrolState,None,1.00,73.7,0
47.80,FSM Enemy 8,FSM,PatrolState,None,1.00,29.2,0
47.80,FSM Enemy 11,FSM,PatrolState,None,1.00,44.1,0
47.80,FSM Enemy 15,FSM,PatrolState,None,0.90,54.1,0
47.80,FSM Enemy 7,FSM,PatrolState,None,1.00,81.2,0
47.80,FSM Enemy 5,FSM,Dead,None,0.00,31.0,0
47.80,FSM Enemy 9,FSM,PatrolState,None,1.00,56.7,0
47.80,Utility Enemy 10,Utility,AttackAction,None,1.00,98.4,0
47.80,Utility Enemy 8,Utility,Dead,None,0.00,18.1,0
47.80,Utility Enemy 6,Utility,AttackAction,None,1.00,56.6,0
47.80,Utility Enemy 4,Utility,Dead,None,0.00,33.4,0
47.80,Utility Enemy 11,Utility,AttackAction,None,1.00,27.3,0
47.80,Utility Enemy 15,Utility,Dead,None,0.00,9.6,0
47.80,Utility Enemy 1,Utility,Dead,None,0.00,3.9,1
47.80,Utility Enemy 12,Utility,AttackAction,None,1.00,97.7,0
47.80,Utility Enemy 9,Utility,AttackAction,None,1.00,90.1,0
47.80,Utility Enemy 5,Utility,AttackAction,None,1.00,26.5,0
47.80,Utility Enemy 3,Utility,AttackAction,None,1.00,78.0,0
47.80,Utility Enemy 7,Utility,AttackAction,None,1.00,105.5,0
47.80,Utility Enemy 14,Utility,AttackAction,None,1.00,89.1,0
47.80,Utility Enemy 2,Utility,AttackAction,None,1.00,39.3,0
47.80,Utility Enemy 13,Utility,AttackAction,None,1.00,85.4,0
48.31,Player,Player,-,None,0.79,,0
48.31,FSM Enemy 6,FSM,PatrolState,None,0.40,93.2,0
48.31,FSM Enemy 12,FSM,Dead,None,0.00,93.0,0
48.31,FSM Enemy 4,FSM,PatrolState,None,0.80,87.2,0
48.31,FSM Enemy 2,FSM,PatrolState,None,1.00,57.9,0
48.31,FSM Enemy 13,FSM,PatrolState,None,1.00,67.9,0
48.31,FSM Enemy 10,FSM,PatrolState,None,1.00,52.9,0
48.31,FSM Enemy 3,FSM,PatrolState,None,0.05,16.4,0
48.31,FSM Enemy 1,FSM,ChaseState,None,1.00,20.1,1
48.31,FSM Enemy 14,FSM,PatrolState,None,1.00,70.6,0
48.31,FSM Enemy 8,FSM,PatrolState,None,1.00,28.8,0
48.31,FSM Enemy 11,FSM,PatrolState,None,1.00,46.0,0
48.31,FSM Enemy 15,FSM,PatrolState,None,0.90,54.9,0
48.31,FSM Enemy 7,FSM,PatrolState,None,1.00,82.7,0
48.31,FSM Enemy 5,FSM,Dead,None,0.00,33.8,0
48.31,FSM Enemy 9,FSM,PatrolState,None,1.00,56.4,0
48.31,Utility Enemy 10,Utility,AttackAction,None,1.00,96.7,0
48.31,Utility Enemy 8,Utility,Dead,None,0.00,21.6,0
48.31,Utility Enemy 6,Utility,AttackAction,None,1.00,57.7,0
48.31,Utility Enemy 4,Utility,Dead,None,0.00,36.1,0
48.31,Utility Enemy 11,Utility,AttackAction,None,1.00,23.6,0
48.31,Utility Enemy 15,Utility,Dead,None,0.00,13.0,0
48.31,Utility Enemy 1,Utility,Dead,None,0.00,3.3,0
48.31,Utility Enemy 12,Utility,AttackAction,None,1.00,96.0,0
48.31,Utility Enemy 9,Utility,AttackAction,None,1.00,88.3,0
48.31,Utility Enemy 5,Utility,AttackAction,None,1.00,22.7,0
48.31,Utility Enemy 3,Utility,AttackAction,None,1.00,75.0,0
48.31,Utility Enemy 7,Utility,AttackAction,None,1.00,103.9,0
48.31,Utility Enemy 14,Utility,AttackAction,None,1.00,87.0,0
48.31,Utility Enemy 2,Utility,AttackAction,None,1.00,35.8,0
48.31,Utility Enemy 13,Utility,AttackAction,None,1.00,83.8,0
48.81,Player,Player,-,None,0.79,,0
48.81,FSM Enemy 6,FSM,PatrolState,None,0.40,91.1,0
48.81,FSM Enemy 12,FSM,Dead,None,0.00,91.6,0
48.81,FSM Enemy 4,FSM,PatrolState,None,0.80,86.3,0
48.81,FSM Enemy 2,FSM,PatrolState,None,1.00,55.5,0
48.81,FSM Enemy 13,FSM,PatrolState,None,1.00,71.2,0
48.81,FSM Enemy 10,FSM,PatrolState,None,1.00,48.7,0
48.81,FSM Enemy 3,FSM,PatrolState,None,0.05,13.7,0
48.81,FSM Enemy 1,FSM,ChaseState,None,1.00,22.2,0
48.81,FSM Enemy 14,FSM,PatrolState,None,1.00,67.6,0
48.81,FSM Enemy 8,FSM,PatrolState,None,1.00,28.9,0
48.81,FSM Enemy 11,FSM,PatrolState,None,1.00,48.3,0
48.81,FSM Enemy 15,FSM,PatrolState,None,0.90,56.1,0
48.81,FSM Enemy 7,FSM,PatrolState,None,1.00,84.6,0
48.81,FSM Enemy 5,FSM,Dead,None,0.00,36.7,0
48.81,FSM Enemy 9,FSM,PatrolState,None,1.00,56.5,0
48.81,Utility Enemy 10,Utility,AttackAction,None,1.00,95.2,0
48.81,Utility Enemy 8,Utility,Dead,None,0.00,25.1,0
48.81,Utility Enemy 6,Utility,AttackAction,None,1.00,59.1,0
48.81,Utility Enemy 4,Utility,Dead,None,0.00,39.0,0
48.81,Utility Enemy 11,Utility,AttackAction,None,1.00,19.9,0
48.81,Utility Enemy 15,Utility,Dead,None,0.00,16.6,0
48.81,Utility Enemy 1,Utility,Dead,None,0.00,5.9,0
48.81,Utility Enemy 12,Utility,AttackAction,None,1.00,94.7,0
48.81,Utility Enemy 9,Utility,AttackAction,None,1.00,86.8,0
48.81,Utility Enemy 5,Utility,AttackAction,None,1.00,19.1,1
48.81,Utility Enemy 3,Utility,AttackAction,None,1.00,72.2,0
48.81,Utility Enemy 7,Utility,AttackAction,None,1.00,102.7,0
48.81,Utility Enemy 14,Utility,AttackAction,None,1.00,85.1,0
48.81,Utility Enemy 2,Utility,AttackAction,None,1.00,32.5,0
48.81,Utility Enemy 13,Utility,AttackAction,None,1.00,82.4,0
49.31,Player,Player,-,None,0.73,,0
49.31,FSM Enemy 6,FSM,PatrolState,None,0.40,87.7,0
49.31,FSM Enemy 12,FSM,Dead,None,0.00,88.9,0
49.31,FSM Enemy 4,FSM,PatrolState,None,0.80,84.2,0
49.31,FSM Enemy 2,FSM,PatrolState,None,1.00,53.0,0
49.31,FSM Enemy 13,FSM,PatrolState,None,1.00,71.8,0
49.31,FSM Enemy 10,FSM,PatrolState,None,1.00,43.8,0
49.31,FSM Enemy 3,FSM,Dead,None,0.00,10.1,0
49.31,FSM Enemy 1,FSM,ChaseState,None,1.00,23.7,0
49.31,FSM Enemy 14,FSM,PatrolState,None,1.00,64.0,0
49.31,FSM Enemy 8,FSM,PatrolState,None,1.00,27.7,0
49.31,FSM Enemy 11,FSM,PatrolState,None,1.00,49.4,0
49.31,FSM Enemy 15,FSM,PatrolState,None,0.90,56.2,0
49.31,FSM Enemy 7,FSM,PatrolState,None,1.00,85.2,0
49.31,FSM Enemy 5,FSM,Dead,None,0.00,38.7,0
49.31,FSM Enemy 9,FSM,PatrolState,None,1.00,55.2,0
49.31,Utility Enemy 10,Utility,AttackAction,None,1.00,92.5,0
49.31,Utility Enemy 8,Utility,Dead,None,0.00,27.9,0
49.31,Utility Enemy 6,Utility,AttackAction,None,1.00,59.2,0
49.31,Utility Enemy 4,Utility,Dead,None,0.00,40.9,0
49.31,Utility Enemy 11,Utility,SpreadFireAction,None,1.00,16.5,1
49.31,Utility Enemy 15,Utility,Dead,None,0.00,19.6,0
49.31,Utility Enemy 1,Utility,Dead,None,0.00,8.6,0
49.31,Utility Enemy 12,Utility,AttackAction,None,1.00,92.1,0
49.31,Utility Enemy 9,Utility,AttackAction,None,1.00,84.1,0
49.31,Utility Enemy 5,Utility,SpreadFireAction,None,1.00,15.5,1
49.31,Utility Enemy 3,Utility,AttackAction,None,1.00,68.7,0
49.31,Utility Enemy 7,Utility,AttackAction,None,1.00,100.2,0
49.31,Utility Enemy 14,Utility,AttackAction,None,1.00,82.1,0
49.31,Utility Enemy 2,Utility,AttackAction,None,1.00,28.8,0
49.31,Utility Enemy 13,Utility,AttackAction,None,1.00,79.8,0
49.82,Player,Player,-,None,0.73,,0
49.82,FSM Enemy 6,FSM,PatrolState,None,0.40,84.3,0
49.82,FSM Enemy 12,FSM,Dead,None,0.00,86.2,0
49.82,FSM Enemy 4,FSM,PatrolState,None,0.80,82.4,0
49.82,FSM Enemy 2,FSM,PatrolState,None,1.00,50.5,0
49.82,FSM Enemy 13,FSM,PatrolState,None,1.00,71.7,0
49.82,FSM Enemy 10,FSM,PatrolState,None,1.00,38.8,0
49.82,FSM Enemy 3,FSM,Dead,None,0.00,6.4,0
49.82,FSM Enemy 1,FSM,ChaseState,None,1.00,25.2,0
49.82,FSM Enemy 14,FSM,PatrolState,None,1.00,60.3,0
49.82,FSM Enemy 8,FSM,PatrolState,None,1.00,27.0,0
49.82,FSM Enemy 11,FSM,PatrolState,None,1.00,50.8,0
49.82,FSM Enemy 15,FSM,PatrolState,None,0.90,57.3,0
49.82,FSM Enemy 7,FSM,PatrolState,None,1.00,86.0,0
49.82,FSM Enemy 5,FSM,Dead,None,0.00,40.9,0
49.82,FSM Enemy 9,FSM,PatrolState,None,1.00,53.7,0
49.82,Utility Enemy 10,Utility,AttackAction,None,1.00,89.8,0
49.82,Utility Enemy 8,Utility,Dead,None,0.00,30.9,0
49.82,Utility Enemy 6,Utility,AttackAction,None,1.00,59.5,0
49.82,Utility Enemy 4,Utility,Dead,None,0.00,43.1,0
49.82,Utility Enemy 11,Utility,AttackAction,None,1.00,13.2,1
49.82,Utility Enemy 15,Utility,Dead,None,0.00,22.8,0
49.82,Utility Enemy 1,Utility,Dead,None,0.00,11.8,0
49.82,Utility Enemy 12,Utility,AttackAction,None,1.00,89.5,0
49.82,Utility Enemy 9,Utility,AttackAction,None,1.00,81.4,0
49.82,Utility Enemy 5,Utility,AttackAction,None,1.00,12.0,1
49.82,Utility Enemy 3,Utility,AttackAction,None,1.00,65.1,0
49.82,Utility Enemy 7,Utility,AttackAction,None,1.00,97.6,0
49.82,Utility Enemy 14,Utility,AttackAction,None,1.00,79.0,0
49.82,Utility Enemy 2,Utility,AttackAction,None,1.00,25.0,0
49.82,Utility Enemy 13,Utility,AttackAction,None,1.00,77.2,0
50.32,Player,Player,-,None,0.68,,0
50.32,FSM Enemy 6,FSM,PatrolState,None,0.40,81.4,0
50.32,FSM Enemy 12,FSM,Dead,None,0.00,84.0,0
50.32,FSM Enemy 4,FSM,PatrolState,None,0.80,81.3,0
50.32,FSM Enemy 2,FSM,PatrolState,None,1.00,48.0,0
50.32,FSM Enemy 13,FSM,PatrolState,None,1.00,72.3,0
50.32,FSM Enemy 10,FSM,PatrolState,None,1.00,34.1,0
50.32,FSM Enemy 3,FSM,Dead,None,0.00,2.8,0
50.32,FSM Enemy 1,FSM,ChaseState,None,1.00,26.6,0
50.32,FSM Enemy 14,FSM,PatrolState,None,1.00,56.5,0
50.32,FSM Enemy 8,FSM,PatrolState,None,1.00,27.3,0
50.32,FSM Enemy 11,FSM,PatrolState,None,1.00,52.8,0
50.32,FSM Enemy 15,FSM,PatrolState,None,0.90,59.1,0
50.32,FSM Enemy 7,FSM,PatrolState,None,1.00,87.4,0
50.32,FSM Enemy 5,FSM,Dead,None,0.00,43.6,0
50.32,FSM Enemy 9,FSM,PatrolState,None,1.00,51.9,0
50.32,Utility Enemy 10,Utility,AttackAction,None,1.00,87.5,0
50.32,Utility Enemy 8,Utility,Dead,None,0.00,34.3,0
50.32,Utility Enemy 6,Utility,AttackAction,None,1.00,60.4,0
50.32,Utility Enemy 4,Utility,Dead,None,0.00,45.7,0
50.32,Utility Enemy 11,Utility,AttackAction,None,1.00,10.0,1
50.32,Utility Enemy 15,Utility,Dead,None,0.00,26.2,0
50.32,Utility Enemy 1,Utility,Dead,None,0.00,15.4,0
50.32,Utility Enemy 12,Utility,AttackAction,None,1.00,87.3,0
50.32,Utility Enemy 9,Utility,AttackAction,None,1.00,79.1,0
50.32,Utility Enemy 5,Utility,AttackAction,None,0.75,8.5,1
50.32,Utility Enemy 3,Utility,AttackAction,None,1.00,61.8,0
50.32,Utility Enemy 7,Utility,AttackAction,None,1.00,95.6,0
50.32,Utility Enemy 14,Utility,AttackAction,None,1.00,76.4,0
50.32,Utility Enemy 2,Utility,AttackAction,None,1.00,21.3,0
50.32,Utility Enemy 13,Utility,AttackAction,None,1.00,75.1,0
50.82,Player,Player,-,None,0.68,,0
50.82,FSM Enemy 6,FSM,PatrolState,None,0.40,80.8,0
50.82,FSM Enemy 12,FSM,Dead,None,0.00,82.6,0
50.82,FSM Enemy 4,FSM,PatrolState,None,0.80,80.8,0
50.82,FSM Enemy 2,FSM,PatrolState,None,1.00,45.7,0
50.82,FSM Enemy 13,FSM,PatrolState,None,1.00,73.7,0
50.82,FSM Enemy 10,FSM,PatrolState,None,1.00,29.7,0
50.82,FSM Enemy 3,FSM,Dead,None,0.00,2.2,1
50.82,FSM Enemy 1,FSM,ChaseState,None,1.00,28.1,0
50.82,FSM Enemy 14,FSM,PatrolState,None,1.00,53.0,0
50.82,FSM Enemy 8,FSM,PatrolState,None,1.00,29.1,0
50.82,FSM Enemy 11,FSM,PatrolState,None,0.90,55.9,0
50.82,FSM Enemy 15,FSM,PatrolState,None,0.90,61.8,0
50.82,FSM Enemy 7,FSM,PatrolState,None,1.00,89.9,0
50.82,FSM Enemy 5,FSM,Dead,None,0.00,46.8,0
50.82,FSM Enemy 9,FSM,PatrolState,None,1.00,50.7,0
50.82,Utility Enemy 10,Utility,AttackAction,None,1.00,86.0,0
50.82,Utility Enemy 8,Utility,Dead,None,0.00,37.9,0
50.82,Utility Enemy 6,Utility,AttackAction,None,1.00,62.2,0
50.82,Utility Enemy 4,Utility,Dead,None,0.00,48.9,0
50.82,Utility Enemy 11,Utility,AttackAction,None,1.00,6.8,1
50.82,Utility Enemy 15,Utility,Dead,None,0.00,30.0,0
50.82,Utility Enemy 1,Utility,Dead,None,0.00,19.1,0
50.82,Utility Enemy 12,Utility,AttackAction,None,1.00,85.9,0
50.82,Utility Enemy 9,Utility,AttackAction,None,1.00,77.6,0
50.82,Utility Enemy 5,Utility,Dead,None,0.00,4.9,1
50.82,Utility Enemy 3,Utility,AttackAction,None,1.00,59.0,0
50.82,Utility Enemy 7,Utility,AttackAction,None,1.00,94.3,0
50.82,Utility Enemy 14,Utility,AttackAction,None,1.00,74.5,0
50.82,Utility Enemy 2,Utility,SpreadFireAction,None,1.00,18.0,1
50.82,Utility Enemy 13,Utility,AttackAction,None,1.00,73.8,0
51.32,Player,Player,-,None,0.63,,0
51.32,FSM Enemy 6,FSM,PatrolState,None,0.40,82.3,0
51.32,FSM Enemy 12,FSM,Dead,None,0.00,82.4,0
51.32,FSM Enemy 4,FSM,PatrolState,None,0.80,80.7,0
51.32,FSM Enemy 2,FSM,PatrolState,None,1.00,43.9,0
51.32,FSM Enemy 13,FSM,PatrolState,None,1.00,76.2,0
51.32,FSM Enemy 10,FSM,PatrolState,None,1.00,26.6,0
51.32,FSM Enemy 3,FSM,Dead,None,0.00,5.8,1
51.32,FSM Enemy 1,FSM,ChaseState,None,1.00,29.2,0
51.32,FSM Enemy 14,FSM,PatrolState,None,1.00,50.4,0
51.32,FSM Enemy 8,FSM,PatrolState,None,1.00,32.5,0
51.32,FSM Enemy 11,FSM,PatrolState,None,0.80,60.0,0
51.32,FSM Enemy 15,FSM,PatrolState,None,0.90,65.6,0
51.32,FSM Enemy 7,FSM,PatrolState,None,1.00,93.4,0
51.32,FSM Enemy 5,FSM,Dead,None,0.00,50.5,0
51.32,FSM Enemy 9,FSM,PatrolState,None,1.00,51.1,0
51.32,Utility Enemy 10,Utility,AttackAction,None,1.00,85.7,0
51.32,Utility Enemy 8,Utility,Dead,None,0.00,41.7,0
51.32,Utility Enemy 6,Utility,AttackAction,None,1.00,65.0,0
51.32,Utility Enemy 4,Utility,Dead,None,0.00,52.6,0
51.32,Utility Enemy 11,Utility,AttackAction,None,1.00,3.6,1
51.32,Utility Enemy 15,Utility,Dead,None,0.00,33.6,0
51.32,Utility Enemy 1,Utility,Dead,None,0.00,22.8,0
51.32,Utility Enemy 12,Utility,AttackAction,None,1.00,85.8,0
51.32,Utility Enemy 9,Utility,AttackAction,None,1.00,77.4,0
51.32,Utility Enemy 5,Utility,Dead,None,0.00,1.1,1
51.32,Utility Enemy 3,Utility,AttackAction,None,1.00,57.1,0
51.32,Utility Enemy 7,Utility,AttackAction,None,1.00,94.3,0
51.32,Utility Enemy 14,Utility,AttackAction,None,1.00,73.7,0
51.32,Utility Enemy 2,Utility,SpreadFireAction,None,1.00,15.6,1
51.32,Utility Enemy 13,Utility,AttackAction,None,1.00,73.7,0
51.82,Player,Player,-,None,0.63,,0
51.82,FSM Enemy 6,FSM,PatrolState,None,0.40,85.7,0
51.82,FSM Enemy 12,FSM,Dead,None,0.00,84.5,0
51.82,FSM Enemy 4,FSM,PatrolState,None,0.80,81.6,0
51.82,FSM Enemy 2,FSM,PatrolState,None,1.00,45.1,0
51.82,FSM Enemy 13,FSM,PatrolState,None,1.00,78.5,0
51.82,FSM Enemy 10,FSM,PatrolState,None,1.00,27.6,0
51.82,FSM Enemy 3,FSM,Dead,None,0.00,8.3,1
51.82,FSM Enemy 1,FSM,ChaseState,None,1.00,28.1,0
51.82,FSM Enemy 14,FSM,PatrolState,None,1.00,51.0,0
51.82,FSM Enemy 8,FSM,PatrolState,None,1.00,36.6,0
51.82,FSM Enemy 11,FSM,PatrolState,None,0.80,64.1,0
51.82,FSM Enemy 15,FSM,PatrolState,None,0.90,69.7,0
51.82,FSM Enemy 7,FSM,PatrolState,None,1.00,97.2,0
51.82,FSM Enemy 5,FSM,Dead,None,0.00,52.8,0
51.82,FSM Enemy 9,FSM,PatrolState,None,1.00,53.2,0
51.82,Utility Enemy 10,Utility,AttackAction,None,1.00,87.8,0
51.82,Utility Enemy 8,Utility,Dead,None,0.00,43.4,0
51.82,Utility Enemy 6,Utility,AttackAction,None,1.00,67.9,0
51.82,Utility Enemy 4,Utility,Dead,None,0.00,54.9,0
51.82,Utility Enemy 11,Utility,AttackAction,None,0.50,0.8,1
51.82,Utility Enemy 15,Utility,Dead,None,0.00,35.2,0
51.82,Utility Enemy 1,Utility,Dead,None,0.00,24.3,0
51.82,Utility Enemy 12,Utility,AttackAction,None,1.00,88.0,0
51.82,Utility Enemy 9,Utility,AttackAction,None,1.00,79.5,0
51.82,Utility Enemy 5,Utility,Dead,None,0.00,2.1,0
51.82,Utility Enemy 3,Utility,AttackAction,None,1.00,58.2,0
51.82,Utility Enemy 7,Utility,AttackAction,None,1.00,96.4,0
51.82,Utility Enemy 14,Utility,AttackAction,None,1.00,75.6,0
51.82,Utility Enemy 2,Utility,SpreadFireAction,None,1.00,16.5,0
51.82,Utility Enemy 13,Utility,AttackAction,None,1.00,75.9,0
52.32,Player,Player,-,None,0.57,,0
52.32,FSM Enemy 6,FSM,PatrolState,None,0.40,89.1,0
52.32,FSM Enemy 12,FSM,Dead,None,0.00,87.1,0
52.32,FSM Enemy 4,FSM,PatrolState,None,0.80,83.2,0
52.32,FSM Enemy 2,FSM,PatrolState,None,1.00,49.5,0
52.32,FSM Enemy 13,FSM,PatrolState,None,1.00,77.7,0
52.32,FSM Enemy 10,FSM,PatrolState,None,1.00,30.8,0
52.32,FSM Enemy 3,FSM,Dead,None,0.00,8.2,1
52.32,FSM Enemy 1,FSM,PatrolState,None,1.00,23.5,0
52.32,FSM Enemy 14,FSM,PatrolState,None,1.00,54.3,0
52.32,FSM Enemy 8,FSM,PatrolState,None,1.00,38.8,0
52.32,FSM Enemy 11,FSM,PatrolState,None,0.70,65.5,0
52.32,FSM Enemy 15,FSM,PatrolState,None,0.90,71.5,0
52.32,FSM Enemy 7,FSM,PatrolState,None,1.00,98.4,0
52.32,FSM Enemy 5,FSM,PatrolState,None,1.00,71.5,0
52.32,FSM Enemy 9,FSM,PatrolState,None,1.00,54.5,0
52.32,Utility Enemy 10,Utility,AttackAction,None,1.00,90.5,0
52.32,Utility Enemy 8,Utility,Dead,None,0.00,41.5,0
52.32,Utility Enemy 6,Utility,AttackAction,None,1.00,68.2,0
52.32,Utility Enemy 4,Utility,Dead,None,0.00,53.7,0
52.32,Utility Enemy 11,Utility,AttackAction,None,0.50,3.5,1
52.32,Utility Enemy 15,Utility,Dead,None,0.00,33.2,0
52.32,Utility Enemy 1,Utility,Dead,None,0.00,22.2,0
52.32,Utility Enemy 12,Utility,AttackAction,None,1.00,90.6,0
52.32,Utility Enemy 9,Utility,AttackAction,None,1.00,82.2,0
52.32,Utility Enemy 5,Utility,Dead,None,0.00,4.7,0
52.32,Utility Enemy 3,Utility,AttackAction,None,1.00,61.4,0
52.32,Utility Enemy 7,Utility,AttackAction,None,1.00,99.0,0
52.32,Utility Enemy 14,Utility,AttackAction,None,1.00,78.4,0
52.32,Utility Enemy 2,Utility,ChaseAction,None,1.00,18.5,0
52.32,Utility Enemy 13,Utility,AttackAction,None,1.00,78.5,0
52.83,Player,Player,-,None,0.52,,0
52.83,FSM Enemy 6,FSM,PatrolState,None,0.40,88.5,0
52.83,FSM Enemy 12,FSM,Dead,None,0.00,85.4,0
52.83,FSM Enemy 4,FSM,PatrolState,None,0.80,80.4,0
52.83,FSM Enemy 2,FSM,PatrolState,None,1.00,49.1,0
52.83,FSM Enemy 13,FSM,PatrolState,None,1.00,76.7,0
52.83,FSM Enemy 10,FSM,PatrolState,None,1.00,29.2,0
52.83,FSM Enemy 3,FSM,Dead,None,0.00,7.4,1
52.83,FSM Enemy 1,FSM,PatrolState,None,1.00,23.8,0
52.83,FSM Enemy 14,FSM,PatrolState,None,1.00,53.7,0
52.83,FSM Enemy 8,FSM,PatrolState,None,1.00,38.9,0
52.83,FSM Enemy 11,FSM,PatrolState,None,0.60,65.3,0
52.83,FSM Enemy 15,FSM,PatrolState,None,0.90,71.8,0
52.83,FSM Enemy 7,FSM,PatrolState,None,1.00,98.2,0
52.83,FSM Enemy 5,FSM,PatrolState,None,1.00,68.8,0
52.83,FSM Enemy 9,FSM,PatrolState,None,1.00,52.5,0
52.83,Utility Enemy 10,Utility,AttackAction,None,1.00,88.8,0
52.83,Utility Enemy 8,Utility,Dead,None,0.00,41.9,0
52.83,Utility Enemy 6,Utility,AttackAction,None,1.00,67.3,0
52.83,Utility Enemy 4,Utility,AttackAction,None,1.00,34.8,0
52.83,Utility Enemy 11,Utility,AttackAction,None,0.50,2.7,1
52.83,Utility Enemy 15,Utility,Dead,None,0.00,33.6,0
52.83,Utility Enemy 1,Utility,Dead,None,0.00,22.7,0
52.83,Utility Enemy 12,Utility,AttackAction,None,1.00,88.9,0
52.83,Utility Enemy 9,Utility,AttackAction,None,1.00,80.5,0
52.83,Utility Enemy 5,Utility,Dead,None,0.00,3.2,0
52.83,Utility Enemy 3,Utility,AttackAction,None,1.00,59.7,0
52.83,Utility Enemy 7,Utility,AttackAction,None,1.00,97.3,0
52.83,Utility Enemy 14,Utility,AttackAction,None,1.00,76.7,0
52.83,Utility Enemy 2,Utility,SpreadFireAction,None,1.00,14.9,1
52.83,Utility Enemy 13,Utility,AttackAction,None,1.00,76.8,0
53.33,Player,Player,-,None,0.47,,0
53.33,FSM Enemy 6,FSM,PatrolState,None,0.40,91.0,0
53.33,FSM Enemy 12,FSM,Dead,None,0.00,86.8,0
53.33,FSM Enemy 4,FSM,PatrolState,None,0.80,80.6,0
53.33,FSM Enemy 2,FSM,PatrolState,None,1.00,49.9,0
53.33,FSM Enemy 13,FSM,PatrolState,None,1.00,78.1,0
53.33,FSM Enemy 10,FSM,PatrolState,None,1.00,30.3,0
53.33,FSM Enemy 3,FSM,Dead,None,0.00,9.2,1
53.33,FSM Enemy 1,FSM,PatrolState,None,1.00,25.6,0
53.33,FSM Enemy 14,FSM,PatrolState,None,1.00,55.3,0
53.33,FSM Enemy 8,FSM,PatrolState,None,1.00,42.0,0
53.33,FSM Enemy 11,FSM,PatrolState,None,0.50,67.6,0
53.33,FSM Enemy 15,FSM,PatrolState,None,0.90,74.9,0
53.33,FSM Enemy 7,FSM,PatrolState,None,1.00,100.0,0
53.33,FSM Enemy 5,FSM,PatrolState,None,0.90,69.1,0
53.33,FSM Enemy 9,FSM,PatrolState,None,1.00,53.8,0
53.33,Utility Enemy 10,Utility,AttackAction,None,1.00,90.1,0
53.33,Utility Enemy 8,Utility,Dead,None,0.00,43.1,0
53.33,Utility Enemy 6,Utility,AttackAction,None,1.00,69.2,0
53.33,Utility Enemy 4,Utility,AttackAction,None,1.00,35.9,0
53.33,Utility Enemy 11,Utility,AttackAction,None,0.50,2.5,1
53.33,Utility Enemy 15,Utility,Dead,None,0.00,34.8,0
53.33,Utility Enemy 1,Utility,Dead,None,0.00,23.8,0
53.33,Utility Enemy 12,Utility,AttackAction,None,1.00,90.3,0
53.33,Utility Enemy 9,Utility,AttackAction,None,1.00,81.9,0
53.33,Utility Enemy 5,Utility,Dead,None,0.00,4.4,0
53.33,Utility Enemy 3,Utility,AttackAction,None,1.00,60.4,0
53.33,Utility Enemy 7,Utility,AttackAction,None,1.00,98.8,0
53.33,Utility Enemy 14,Utility,AttackAction,None,1.00,77.9,0
53.33,Utility Enemy 2,Utility,SpreadFireAction,None,1.00,15.4,1
53.33,Utility Enemy 13,Utility,AttackAction,None,1.00,78.3,0
53.83,Player,Player,-,None,0.47,,0
53.83,FSM Enemy 6,FSM,PatrolState,None,0.40,92.2,0
53.83,FSM Enemy 12,FSM,Dead,None,0.00,87.1,0
53.83,FSM Enemy 4,FSM,PatrolState,None,0.80,79.9,0
53.83,FSM Enemy 2,FSM,PatrolState,None,1.00,51.5,0
53.83,FSM Enemy 13,FSM,PatrolState,None,1.00,76.4,0
53.83,FSM Enemy 10,FSM,PatrolState,None,1.00,31.2,0
53.83,FSM Enemy 3,FSM,Dead,None,0.00,8.2,1
53.83,FSM Enemy 1,FSM,PatrolState,None,1.00,25.0,0
53.83,FSM Enemy 14,FSM,PatrolState,None,1.00,57.4,0
53.83,FSM Enemy 8,FSM,PatrolState,None,1.00,42.5,0
53.83,FSM Enemy 11,FSM,PatrolState,None,0.50,67.0,0
53.83,FSM Enemy 15,FSM,PatrolState,None,0.90,75.3,0
53.83,FSM Enemy 7,FSM,PatrolState,None,1.00,98.1,0
53.83,FSM Enemy 5,FSM,PatrolState,None,0.90,68.2,0
53.83,FSM Enemy 9,FSM,PatrolState,None,1.00,52.9,0
53.83,Utility Enemy 10,Utility,AttackAction,None,1.00,90.4,0
53.83,Utility Enemy 8,Utility,Dead,None,0.00,41.6,0
53.83,Utility Enemy 6,Utility,AttackAction,None,1.00,68.2,0
53.83,Utility Enemy 4,Utility,AttackAction,None,1.00,34.4,0
53.83,Utility Enemy 11,Utility,AttackAction,None,0.50,3.4,1
53.83,Utility Enemy 15,Utility,Dead,None,0.00,33.3,0
53.83,Utility Enemy 1,Utility,Dead,None,0.00,22.3,0
53.83,Utility Enemy 12,Utility,AttackAction,None,1.00,90.5,0
53.83,Utility Enemy 9,Utility,AttackAction,None,1.00,82.1,0
53.83,Utility Enemy 5,Utility,Dead,None,0.00,4.6,0
53.83,Utility Enemy 3,Utility,AttackAction,None,1.00,61.3,0
53.83,Utility Enemy 7,Utility,AttackAction,None,1.00,99.0,0
53.83,Utility Enemy 14,Utility,AttackAction,None,1.00,78.4,0
53.83,Utility Enemy 2,Utility,ChaseAction,None,1.00,16.0,0
53.83,Utility Enemy 13,Utility,AttackAction,None,1.00,78.5,0
54.33,Player,Player,-,None,0.47,,0
54.33,FSM Enemy 6,FSM,PatrolState,None,0.40,91.7,0
54.33,FSM Enemy 12,FSM,Dead,None,0.00,85.4,0
54.33,FSM Enemy 4,FSM,PatrolState,None,0.80,77.1,0
54.33,FSM Enemy 2,FSM,PatrolState,None,1.00,49.8,0
54.33,FSM Enemy 13,FSM,PatrolState,None,1.00,75.3,0
54.33,FSM Enemy 10,FSM,PatrolState,None,1.00,29.7,0
54.33,FSM Enemy 3,FSM,Dead,None,0.00,7.3,1
54.33,FSM Enemy 1,FSM,PatrolState,None,1.00,26.6,0
54.33,FSM Enemy 14,FSM,PatrolState,None,1.00,57.0,0
54.33,FSM Enemy 8,FSM,PatrolState,None,1.00,42.4,0
54.33,FSM Enemy 11,FSM,PatrolState,None,0.40,66.3,0
54.33,FSM Enemy 15,FSM,PatrolState,None,0.90,75.3,0
54.33,FSM Enemy 7,FSM,PatrolState,None,1.00,96.1,0
54.33,FSM Enemy 5,FSM,PatrolState,None,0.90,65.5,0
54.33,FSM Enemy 9,FSM,PatrolState,None,1.00,51.0,0
54.33,Utility Enemy 10,Utility,AttackAction,None,1.00,88.7,0
54.33,Utility Enemy 8,Utility,Dead,None,0.00,41.7,0
54.33,Utility Enemy 6,Utility,AttackAction,None,1.00,67.2,0
54.33,Utility Enemy 4,Utility,AttackAction,None,1.00,34.7,0
54.33,Utility Enemy 11,Utility,Dead,None,0.00,2.8,1
54.33,Utility Enemy 15,Utility,Dead,None,0.00,33.5,0
54.33,Utility Enemy 1,Utility,Dead,None,0.00,22.6,0
54.33,Utility Enemy 12,Utility,AttackAction,None,1.00,88.8,0
54.33,Utility Enemy 9,Utility,AttackAction,None,1.00,80.4,0
54.33,Utility Enemy 5,Utility,Dead,None,0.00,3.3,0
54.33,Utility Enemy 3,Utility,AttackAction,None,1.00,59.7,0
54.33,Utility Enemy 7,Utility,AttackAction,None,1.00,97.3,0
54.33,Utility Enemy 14,Utility,AttackAction,None,1.00,76.7,0
54.33,Utility Enemy 2,Utility,AttackAction,None,1.00,12.7,1
54.33,Utility Enemy 13,Utility,AttackAction,None,1.00,76.8,0
54.83,Player,Player,-,None,0.47,,0
54.83,FSM Enemy 6,FSM,PatrolState,None,0.40,94.1,0
54.83,FSM Enemy 12,FSM,Dead,None,0.00,86.3,0
54.83,FSM Enemy 4,FSM,PatrolState,None,0.80,76.8,0
54.83,FSM Enemy 2,FSM,PatrolState,None,1.00,48.4,0
54.83,FSM Enemy 13,FSM,PatrolState,None,1.00,76.7,0
54.83,FSM Enemy 10,FSM,PatrolState,None,1.00,30.7,0
54.83,FSM Enemy 3,FSM,Dead,None,0.00,9.0,1
54.83,FSM Enemy 1,FSM,PatrolState,None,1.00,28.6,0
54.83,FSM Enemy 14,FSM,PatrolState,None,1.00,58.1,0
54.83,FSM Enemy 8,FSM,PatrolState,None,1.00,45.3,0
54.83,FSM Enemy 11,FSM,PatrolState,None,0.40,68.4,0
54.83,FSM Enemy 15,FSM,PatrolState,None,0.90,76.9,0
54.83,FSM Enemy 7,FSM,PatrolState,None,1.00,96.8,0
54.83,FSM Enemy 5,FSM,PatrolState,None,0.80,65.4,0
54.83,FSM Enemy 9,FSM,PatrolState,None,1.00,52.0,0
54.83,Utility Enemy 10,Utility,AttackAction,None,1.00,89.6,0
54.83,Utility Enemy 8,Utility,Dead,None,0.00,43.2,0
54.83,Utility Enemy 6,Utility,AttackAction,None,1.00,68.9,0
54.83,Utility Enemy 4,Utility,AttackAction,None,1.00,36.0,0
54.83,Utility Enemy 11,Utility,Dead,None,0.00,1.8,1
54.83,Utility Enemy 15,Utility,Dead,None,0.00,34.9,0
54.83,Utility Enemy 1,Utility,Dead,None,0.00,23.9,0
54.83,Utility Enemy 12,Utility,AttackAction,None,1.00,89.8,0
54.83,Utility Enemy 9,Utility,AttackAction,None,1.00,81.4,0
54.83,Utility Enemy 5,Utility,Dead,None,0.00,3.8,0
54.83,Utility Enemy 3,Utility,AttackAction,None,1.00,59.9,0
54.83,Utility Enemy 7,Utility,AttackAction,None,1.00,98.3,0
54.83,Utility Enemy 14,Utility,AttackAction,None,1.00,77.4,0
54.83,Utility Enemy 2,Utility,AttackAction,None,1.00,12.6,1
54.83,Utility Enemy 13,Utility,AttackAction,None,1.00,77.8,0
55.34,Player,Player,-,None,0.47,,0
55.34,FSM Enemy 6,FSM,PatrolState,None,0.40,96.0,0
55.34,FSM Enemy 12,FSM,Dead,None,0.00,86.8,0
55.34,FSM Enemy 4,FSM,PatrolState,None,0.80,75.9,0
55.34,FSM Enemy 2,FSM,PatrolState,None,1.00,46.5,0
55.34,FSM Enemy 13,FSM,PatrolState,None,1.00,79.1,0
55.34,FSM Enemy 10,FSM,PatrolState,None,1.00,31.4,0
55.34,FSM Enemy 3,FSM,Dead,None,0.00,10.8,1
55.34,FSM Enemy 1,FSM,PatrolState,None,1.00,31.3,0
55.34,FSM Enemy 14,FSM,PatrolState,None,1.00,58.8,0
55.34,FSM Enemy 8,FSM,PatrolState,None,1.00,48.0,0
55.34,FSM Enemy 11,FSM,PatrolState,None,0.40,71.3,0
55.34,FSM Enemy 15,FSM,PatrolState,None,0.90,78.2,0
55.34,FSM Enemy 7,FSM,PatrolState,None,1.00,97.6,0
55.34,FSM Enemy 5,FSM,PatrolState,None,0.80,65.0,0
55.34,FSM Enemy 9,FSM,PatrolState,None,1.00,53.0,0
55.34,Utility Enemy 10,Utility,AttackAction,None,1.00,90.1,0
55.34,Utility Enemy 8,Utility,Dead,None,0.00,45.1,0
55.34,Utility Enemy 6,Utility,AttackAction,None,1.00,70.7,0
55.34,Utility Enemy 4,Utility,AttackAction,None,1.00,37.9,0
55.34,Utility Enemy 11,Utility,Dead,None,0.00,2.2,0
55.34,Utility Enemy 15,Utility,Dead,None,0.00,36.8,0
55.34,Utility Enemy 1,Utility,Dead,None,0.00,25.8,0
55.34,Utility Enemy 12,Utility,AttackAction,None,1.00,90.3,0
55.34,Utility Enemy 9,Utility,AttackAction,None,1.00,81.8,0
55.34,Utility Enemy 5,Utility,Dead,None,0.00,4.9,0
55.34,Utility Enemy 3,Utility,AttackAction,None,1.00,59.6,0
55.34,Utility Enemy 7,Utility,AttackAction,None,1.00,98.8,0
55.34,Utility Enemy 14,Utility,AttackAction,None,1.00,77.6,0
55.34,Utility Enemy 2,Utility,AttackAction,None,1.00,12.6,1
55.34,Utility Enemy 13,Utility,AttackAction,None,1.00,78.3,0
55.84,Player,Player,-,None,0.47,,0
55.84,FSM Enemy 6,FSM,PatrolState,None,0.40,95.8,0
55.84,FSM Enemy 12,FSM,Dead,None,0.00,85.0,0
55.84,FSM Enemy 4,FSM,PatrolState,None,0.80,72.7,0
55.84,FSM Enemy 2,FSM,PatrolState,None,1.00,42.7,0
55.84,FSM Enemy 13,FSM,PatrolState,None,1.00,81.2,0
55.84,FSM Enemy 10,FSM,PatrolState,None,1.00,30.2,0
55.84,FSM Enemy 3,FSM,Dead,None,0.00,12.3,1
55.84,FSM Enemy 1,FSM,PatrolState,None,1.00,35.4,0
55.84,FSM Enemy 14,FSM,PatrolState,None,1.00,56.6,0
55.84,FSM Enemy 8,FSM,PatrolState,None,1.00,47.6,0
55.84,FSM Enemy 11,FSM,PatrolState,None,0.40,73.3,0
55.84,FSM Enemy 15,FSM,PatrolState,None,0.90,78.4,0
55.84,FSM Enemy 7,FSM,PatrolState,None,1.00,97.3,0
55.84,FSM Enemy 5,FSM,PatrolState,None,0.80,62.4,0
55.84,FSM Enemy 9,FSM,PatrolState,None,1.00,53.2,0
55.84,Utility Enemy 10,Utility,AttackAction,None,1.00,88.3,0
55.84,Utility Enemy 8,Utility,Dead,None,0.00,47.5,0
55.84,Utility Enemy 6,Utility,AttackAction,None,1.00,71.4,0
55.84,Utility Enemy 4,Utility,AttackAction,None,1.00,40.4,0
55.84,Utility Enemy 11,Utility,Dead,None,0.00,3.4,0
55.84,Utility Enemy 15,Utility,Dead,None,0.00,39.3,0
55.84,Utility Enemy 1,Utility,Dead,None,0.00,28.3,0
55.84,Utility Enemy 12,Utility,AttackAction,None,1.00,88.6,0
55.84,Utility Enemy 9,Utility,AttackAction,None,1.00,80.1,0
55.84,Utility Enemy 5,Utility,Dead,None,0.00,5.5,0
55.84,Utility Enemy 3,Utility,AttackAction,None,1.00,57.0,0
55.84,Utility Enemy 7,Utility,AttackAction,None,1.00,97.1,0
55.84,Utility Enemy 14,Utility,AttackAction,None,1.00,75.6,0
55.84,Utility Enemy 2,Utility,ChaseAction,None,1.00,10.4,0
55.84,Utility Enemy 13,Utility,AttackAction,None,1.00,76.7,0
56.34,Player,Player,-,None,0.41,,0
56.34,FSM Enemy 6,FSM,PatrolState,None,0.40,95.3,0
56.34,FSM Enemy 12,FSM,Dead,None,0.00,83.2,0
56.34,FSM Enemy 4,FSM,PatrolState,None,0.80,69.5,0
56.34,FSM Enemy 2,FSM,PatrolState,None,1.00,40.3,0
56.34,FSM Enemy 13,FSM,PatrolState,None,1.00,81.8,0
56.34,FSM Enemy 10,FSM,PatrolState,None,1.00,29.0,0
56.34,FSM Enemy 3,FSM,Dead,None,0.00,12.7,1
56.34,FSM Enemy 1,FSM,PatrolState,None,1.00,38.2,0
56.34,FSM Enemy 14,FSM,PatrolState,None,1.00,53.4,0
56.34,FSM Enemy 8,FSM,PatrolState,None,1.00,45.8,0
56.34,FSM Enemy 11,FSM,PatrolState,None,0.40,74.1,0
56.34,FSM Enemy 15,FSM,PatrolState,None,0.90,77.6,0
56.34,FSM Enemy 7,FSM,PatrolState,None,1.00,95.9,0
56.34,FSM Enemy 5,FSM,PatrolState,None,0.80,59.8,0
56.34,FSM Enemy 9,FSM,PatrolState,None,1.00,53.2,0
56.34,Utility Enemy 10,Utility,AttackAction,None,1.00,86.5,0
56.34,Utility Enemy 8,Utility,Dead,None,0.00,48.4,0
56.34,Utility Enemy 6,Utility,AttackAction,None,1.00,70.9,0
56.34,Utility Enemy 4,Utility,AttackAction,None,1.00,41.6,0
56.34,Utility Enemy 11,Utility,Dead,None,0.00,4.7,0
56.34,Utility Enemy 15,Utility,Dead,None,0.00,40.3,0
56.34,Utility Enemy 1,Utility,Dead,None,0.00,29.4,0
56.34,Utility Enemy 12,Utility,AttackAction,None,1.00,86.8,0
56.34,Utility Enemy 9,Utility,AttackAction,None,1.00,78.3,0
56.34,Utility Enemy 5,Utility,Dead,None,0.00,5.9,0
56.34,Utility Enemy 3,Utility,AttackAction,None,1.00,55.0,0
56.34,Utility Enemy 7,Utility,AttackAction,None,1.00,95.4,0
56.34,Utility Enemy 14,Utility,AttackAction,None,1.00,73.7,0
56.34,Utility Enemy 2,Utility,AttackAction,None,0.50,7.2,1
56.34,Utility Enemy 13,Utility,AttackAction,None,1.00,75.0,0
56.85,Player,Player,-,None,0.41,,0
56.85,FSM Enemy 6,FSM,PatrolState,None,0.40,95.0,0
56.85,FSM Enemy 12,FSM,Dead,None,0.00,81.6,0
56.85,FSM Enemy 4,FSM,PatrolState,None,0.80,67.6,0
56.85,FSM Enemy 2,FSM,PatrolState,None,1.00,38.4,0
56.85,FSM Enemy 13,FSM,PatrolState,None,1.00,82.1,0
56.85,FSM Enemy 10,FSM,PatrolState,None,1.00,27.8,0
56.85,FSM Enemy 3,FSM,Dead,None,0.00,12.9,1
56.85,FSM Enemy 1,FSM,PatrolState,None,1.00,40.4,0
56.85,FSM Enemy 14,FSM,PatrolState,None,1.00,50.8,0
56.85,FSM Enemy 8,FSM,PatrolState,None,1.00,43.7,0
56.85,FSM Enemy 11,FSM,PatrolState,None,0.40,74.7,0
56.85,FSM Enemy 15,FSM,PatrolState,None,0.90,76.6,0
56.85,FSM Enemy 7,FSM,PatrolState,None,1.00,94.4,0
56.85,FSM Enemy 5,FSM,PatrolState,None,0.80,57.4,0
56.85,FSM Enemy 9,FSM,PatrolState,None,1.00,53.0,0
56.85,Utility Enemy 10,Utility,AttackAction,None,1.00,84.8,0
56.85,Utility Enemy 8,Utility,AttackAction,None,1.00,77.5,0
56.85,Utility Enemy 6,Utility,AttackAction,None,1.00,70.3,0
56.85,Utility Enemy 4,Utility,AttackAction,None,1.00,42.3,0
56.85,Utility Enemy 11,Utility,Dead,None,0.00,5.7,0
56.85,Utility Enemy 15,Utility,Dead,None,0.00,40.9,0
56.85,Utility Enemy 1,Utility,Dead,None,0.00,30.0,0
56.85,Utility Enemy 12,Utility,AttackAction,None,1.00,85.2,0
56.85,Utility Enemy 9,Utility,AttackAction,None,1.00,76.7,0
56.85,Utility Enemy 5,Utility,Dead,None,0.00,6.2,0
56.85,Utility Enemy 3,Utility,AttackAction,None,1.00,53.3,0
56.85,Utility Enemy 7,Utility,AttackAction,None,1.00,93.7,0
56.85,Utility Enemy 14,Utility,AttackAction,None,1.00,72.0,0
56.85,Utility Enemy 2,Utility,Dead,None,0.00,5.5,1
56.85,Utility Enemy 13,Utility,AttackAction,None,1.00,73.4,0
57.35,Player,Player,-,None,0.41,,0
57.35,FSM Enemy 6,FSM,PatrolState,None,0.40,93.6,0
57.35,FSM Enemy 12,FSM,Dead,None,0.00,79.1,0
57.35,FSM Enemy 4,FSM,PatrolState,None,0.80,66.1,0
57.35,FSM Enemy 2,FSM,PatrolState,None,1.00,35.4,0
57.35,FSM Enemy 13,FSM,PatrolState,None,1.00,82.6,0
57.35,FSM Enemy 10,FSM,PatrolState,None,1.00,25.8,0
57.35,FSM Enemy 3,FSM,Dead,None,0.00,14.0,1
57.35,FSM Enemy 1,FSM,PatrolState,None,1.00,43.6,0
57.35,FSM Enemy 14,FSM,PatrolState,None,1.00,47.3,0
57.35,FSM Enemy 8,FSM,PatrolState,None,1.00,41.4,0
57.35,FSM Enemy 11,FSM,PatrolState,None,0.40,75.2,0
57.35,FSM Enemy 15,FSM,PatrolState,None,0.90,75.7,0
57.35,FSM Enemy 7,FSM,PatrolState,None,1.00,94.2,0
57.35,FSM Enemy 5,FSM,PatrolState,None,0.80,54.2,0
57.35,FSM Enemy 9,FSM,PatrolState,None,1.00,52.7,0
57.35,Utility Enemy 10,Utility,AttackAction,None,1.00,82.3,0
57.35,Utility Enemy 8,Utility,AttackAction,None,1.00,75.1,0
57.35,Utility Enemy 6,Utility,AttackAction,None,1.00,69.6,0
57.35,Utility Enemy 4,Utility,AttackAction,None,1.00,43.7,0
57.35,Utility Enemy 11,Utility,Dead,None,0.00,8.1,0
57.35,Utility Enemy 15,Utility,Dead,None,0.00,42.3,0
57.35,Utility Enemy 1,Utility,Dead,None,0.00,31.5,0
57.35,Utility Enemy 12,Utility,AttackAction,None,1.00,82.7,0
57.35,Utility Enemy 9,Utility,AttackAction,None,1.00,74.1,0
57.35,Utility Enemy 5,Utility,Dead,None,0.00,7.9,0
57.35,Utility Enemy 3,Utility,AttackAction,None,1.00,50.6,0
57.35,Utility Enemy 7,Utility,AttackAction,None,1.00,91.3,0
57.35,Utility Enemy 14,Utility,AttackAction,None,1.00,69.4,0
57.35,Utility Enemy 2,Utility,Dead,None,0.00,4.0,1
57.35,Utility Enemy 13,Utility,AttackAction,None,1.00,71.0,0
57.85,Player,Player,-,None,0.41,,0
57.85,FSM Enemy 6,FSM,PatrolState,None,0.40,91.5,0
57.85,FSM Enemy 12,FSM,Dead,None,0.00,77.3,0
57.85,FSM Enemy 4,FSM,PatrolState,None,0.80,65.1,0
57.85,FSM Enemy 2,FSM,PatrolState,None,1.00,30.8,0
57.85,FSM Enemy 13,FSM,PatrolState,None,1.00,85.1,0
57.85,FSM Enemy 10,FSM,PatrolState,None,1.00,24.5,0
57.85,FSM Enemy 3,FSM,Dead,None,0.00,17.3,1
57.85,FSM Enemy 1,FSM,PatrolState,None,1.00,48.4,0
57.85,FSM Enemy 14,FSM,PatrolState,None,1.00,43.8,0
57.85,FSM Enemy 8,FSM,PatrolState,None,1.00,41.2,0
57.85,FSM Enemy 11,FSM,PatrolState,None,0.40,77.9,0
57.85,FSM Enemy 15,FSM,PatrolState,None,0.90,76.1,0
57.85,FSM Enemy 7,FSM,PatrolState,None,1.00,96.5,0
57.85,FSM Enemy 5,FSM,PatrolState,None,0.80,52.1,0
57.85,FSM Enemy 9,FSM,PatrolState,None,1.00,54.2,0
57.85,Utility Enemy 10,Utility,AttackAction,None,1.00,80.4,0
57.85,Utility Enemy 8,Utility,AttackAction,None,1.00,73.5,0
57.85,Utility Enemy 6,Utility,AttackAction,None,1.00,71.0,0
57.85,Utility Enemy 4,Utility,AttackAction,None,1.00,47.1,0
57.85,Utility Enemy 11,Utility,Dead,None,0.00,11.6,0
57.85,Utility Enemy 15,Utility,Dead,None,0.00,45.6,0
57.85,Utility Enemy 1,Utility,Dead,None,0.00,34.9,0
57.85,Utility Enemy 12,Utility,AttackAction,None,1.00,81.0,0
57.85,Utility Enemy 9,Utility,AttackAction,None,1.00,72.4,0
57.85,Utility Enemy 5,Utility,Dead,None,0.00,11.5,0
57.85,Utility Enemy 3,Utility,AttackAction,None,1.00,47.6,0
57.85,Utility Enemy 7,Utility,AttackAction,None,1.00,89.6,0
57.85,Utility Enemy 14,Utility,AttackAction,None,1.00,67.2,0
57.85,Utility Enemy 2,Utility,Dead,None,0.00,6.0,0
57.85,Utility Enemy 13,Utility,AttackAction,None,1.00,69.4,0
58.36,Player,Player,-,None,0.41,,0
58.36,FSM Enemy 6,FSM,PatrolState,None,0.40,90.5,0
58.36,FSM Enemy 12,FSM,Dead,None,0.00,76.6,0
58.36,FSM Enemy 4,FSM,PatrolState,None,0.80,65.2,0
58.36,FSM Enemy 2,FSM,PatrolState,None,1.00,26.2,0
58.36,FSM Enemy 13,FSM,PatrolState,None,1.00,88.6,0
58.36,FSM Enemy 10,FSM,PatrolState,None,1.00,24.3,0
58.36,FSM Enemy 3,FSM,Dead,None,0.00,21.0,0
58.36,FSM Enemy 1,FSM,PatrolState,None,1.00,53.3,0
58.36,FSM Enemy 14,FSM,PatrolState,None,0.90,41.2,0
58.36,FSM Enemy 8,FSM,PatrolState,None,1.00,42.2,0
58.36,FSM Enemy 11,FSM,PatrolState,None,0.40,81.7,0
58.36,FSM Enemy 15,FSM,PatrolState,None,0.90,77.2,0
58.36,FSM Enemy 7,FSM,PatrolState,None,1.00,100.0,0
58.36,FSM Enemy 5,FSM,PatrolState,None,0.80,51.5,0
58.36,FSM Enemy 9,FSM,PatrolState,None,1.00,57.0,0
58.36,Utility Enemy 10,Utility,AttackAction,None,1.00,79.6,0
58.36,Utility Enemy 8,Utility,AttackAction,None,1.00,73.1,0
58.36,Utility Enemy 6,Utility,AttackAction,None,1.00,73.5,0
58.36,Utility Enemy 4,Utility,AttackAction,None,1.00,50.9,0
58.36,Utility Enemy 11,Utility,Dead,None,0.00,15.1,0
58.36,Utility Enemy 15,Utility,Dead,None,0.00,49.4,0
58.36,Utility Enemy 1,Utility,Dead,None,0.00,38.7,0
58.36,Utility Enemy 12,Utility,AttackAction,None,1.00,80.3,0
58.36,Utility Enemy 9,Utility,AttackAction,None,1.00,71.7,0
58.36,Utility Enemy 5,Utility,Dead,None,0.00,15.2,0
58.36,Utility Enemy 3,Utility,AttackAction,None,1.00,45.4,0
58.36,Utility Enemy 7,Utility,AttackAction,None,1.00,89.0,0
58.36,Utility Enemy 14,Utility,AttackAction,None,1.00,66.0,0
58.36,Utility Enemy 2,Utility,Dead,None,0.00,9.6,0
58.36,Utility Enemy 13,Utility,AttackAction,None,1.00,69.0,0
58.86,Player,Player,-,None,0.41,,0
58.86,FSM Enemy 6,FSM,PatrolState,None,0.40,90.4,0
58.86,FSM Enemy 12,FSM,Dead,None,0.00,76.8,0
58.86,FSM Enemy 4,FSM,PatrolState,None,0.80,66.3,0
58.86,FSM Enemy 2,FSM,PatrolState,None,1.00,21.9,0
58.86,FSM Enemy 13,FSM,PatrolState,None,1.00,92.4,0
58.86,FSM Enemy 10,FSM,PatrolState,None,1.00,25.2,0
58.86,FSM Enemy 3,FSM,Dead,None,0.00,24.7,0
58.86,FSM Enemy 1,FSM,PatrolState,None,1.00,58.1,0
58.86,FSM Enemy 14,FSM,PatrolState,None,0.90,40.1,0
58.86,FSM Enemy 8,FSM,PatrolState,None,1.00,44.0,0
58.86,FSM Enemy 11,FSM,PatrolState,None,0.40,85.9,0
58.86,FSM Enemy 15,FSM,PatrolState,None,0.90,79.0,0
58.86,FSM Enemy 7,FSM,PatrolState,None,1.00,104.0,0
58.86,FSM Enemy 5,FSM,PatrolState,None,0.80,52.1,0
58.86,FSM Enemy 9,FSM,PatrolState,None,1.00,60.6,0
58.86,Utility Enemy 10,Utility,AttackAction,None,1.00,79.7,0
58.86,Utility Enemy 8,Utility,AttackAction,None,1.00,73.7,0
58.86,Utility Enemy 6,Utility,AttackAction,None,1.00,76.6,0
58.86,Utility Enemy 4,Utility,AttackAction,None,1.00,54.6,0
58.86,Utility Enemy 11,Utility,Dead,None,0.00,18.4,0
58.86,Utility Enemy 15,Utility,AttackAction,None,1.00,14.3,0
58.86,Utility Enemy 1,Utility,Dead,None,0.00,42.3,0
58.86,Utility Enemy 12,Utility,AttackAction,None,1.00,80.6,0
58.86,Utility Enemy 9,Utility,AttackAction,None,1.00,71.9,0
58.86,Utility Enemy 5,Utility,Dead,None,0.00,18.7,0
58.86,Utility Enemy 3,Utility,AttackAction,None,1.00,44.1,0
58.86,Utility Enemy 7,Utility,AttackAction,None,1.00,89.2,0
58.86,Utility Enemy 14,Utility,AttackAction,None,1.00,65.8,0
58.86,Utility Enemy 2,Utility,Dead,None,0.00,13.3,0
58.86,Utility Enemy 13,Utility,AttackAction,None,1.00,69.4,0
59.36,Player,Player,-,None,0.41,,0
59.36,FSM Enemy 6,FSM,PatrolState,None,0.40,91.3,0
59.36,FSM Enemy 12,FSM,Dead,None,0.00,78.0,0
59.36,FSM Enemy 4,FSM,PatrolState,None,0.80,68.2,0
59.36,FSM Enemy 2,FSM,ChaseState,None,1.00,18.5,1
59.36,FSM Enemy 13,FSM,PatrolState,None,1.00,96.6,0
59.36,FSM Enemy 10,FSM,PatrolState,None,1.00,27.0,0
59.36,FSM Enemy 3,FSM,Dead,None,0.00,28.3,0
59.36,FSM Enemy 1,FSM,PatrolState,None,1.00,62.7,0
59.36,FSM Enemy 14,FSM,PatrolState,None,0.90,41.0,0
59.36,FSM Enemy 8,FSM,PatrolState,None,1.00,46.2,0
59.36,FSM Enemy 11,FSM,PatrolState,None,0.40,90.4,0
59.36,FSM Enemy 15,FSM,PatrolState,None,0.90,81.1,0
59.36,FSM Enemy 7,FSM,PatrolState,None,1.00,108.5,0
59.36,FSM Enemy 5,FSM,PatrolState,None,0.80,53.6,0
59.36,FSM Enemy 9,FSM,PatrolState,None,1.00,64.9,0
59.36,Utility Enemy 10,Utility,AttackAction,None,1.00,80.8,0
59.36,Utility Enemy 8,Utility,AttackAction,None,1.00,75.1,0
59.36,Utility Enemy 6,Utility,AttackAction,None,1.00,80.0,0
59.36,Utility Enemy 4,Utility,AttackAction,None,1.00,58.0,0
59.36,Utility Enemy 11,Utility,Dead,None,0.00,21.5,0
59.36,Utility Enemy 15,Utility,SpreadFireAction,None,1.00,16.4,1
59.36,Utility Enemy 1,Utility,Dead,None,0.00,45.8,0
59.36,Utility Enemy 12,Utility,AttackAction,None,1.00,81.8,0
59.36,Utility Enemy 9,Utility,AttackAction,None,1.00,73.2,0
59.36,Utility Enemy 5,Utility,Dead,None,0.00,22.1,0
59.36,Utility Enemy 3,Utility,AttackAction,None,1.00,43.8,0
59.36,Utility Enemy 7,Utility,AttackAction,None,1.00,90.4,0
59.36,Utility Enemy 14,Utility,AttackAction,None,1.00,66.6,0
59.36,Utility Enemy 2,Utility,Dead,None,0.00,17.0,0
59.36,Utility Enemy 13,Utility,AttackAction,None,1.00,70.9,0
59.86,Player,Player,-,None,0.41,,0
59.86,FSM Enemy 6,FSM,PatrolState,None,0.40,92.0,0
59.86,FSM Enemy 12,FSM,Dead,None,0.00,78.8,0
59.86,FSM Enemy 4,FSM,PatrolState,None,0.80,69.8,0
59.86,FSM Enemy 2,FSM,AttackState,None,1.00,15.8,1
59.86,FSM Enemy 13,FSM,PatrolState,None,1.00,100.3,0
59.86,FSM Enemy 10,FSM,PatrolState,None,1.00,28.4,0
59.86,FSM Enemy 3,FSM,Dead,None,0.00,31.6,0
59.86,FSM Enemy 1,FSM,PatrolState,None,1.00,67.1,0
59.86,FSM Enemy 14,FSM,PatrolState,None,0.90,41.5,0
59.86,FSM Enemy 8,FSM,PatrolState,None,1.00,48.1,0
59.86,FSM Enemy 11,FSM,PatrolState,None,0.40,94.5,0
59.86,FSM Enemy 15,FSM,PatrolState,None,0.90,82.9,0
59.86,FSM Enemy 7,FSM,PatrolState,None,1.00,112.6,0
59.86,FSM Enemy 5,FSM,PatrolState,None,0.80,55.1,0
59.86,FSM Enemy 9,FSM,PatrolState,None,1.00,67.2,0
59.86,Utility Enemy 10,Utility,AttackAction,None,1.00,81.6,0
59.86,Utility Enemy 8,Utility,AttackAction,None,1.00,76.3,0
59.86,Utility Enemy 6,Utility,AttackAction,None,1.00,83.1,0
59.86,Utility Enemy 4,Utility,AttackAction,None,1.00,61.4,0
59.86,Utility Enemy 11,Utility,Dead,None,0.00,24.6,0
59.86,Utility Enemy 15,Utility,SpreadFireAction,None,1.00,18.5,1
59.86,Utility Enemy 1,Utility,Dead,None,0.00,49.1,0
59.86,Utility Enemy 12,Utility,AttackAction,None,1.00,82.7,0
59.86,Utility Enemy 9,Utility,AttackAction,None,1.00,74.1,0
59.86,Utility Enemy 5,Utility,Dead,None,0.00,25.3,0
59.86,Utility Enemy 3,Utility,AttackAction,None,1.00,43.6,0
59.86,Utility Enemy 7,Utility,AttackAction,None,1.00,91.3,0
59.86,Utility Enemy 14,Utility,AttackAction,None,1.00,67.1,0
59.86,Utility Enemy 2,Utility,Dead,None,0.00,20.4,0
59.86,Utility Enemy 13,Utility,AttackAction,None,1.00,72.1,0
60.37,Player,Player,-,None,0.41,,0
60.37,FSM Enemy 6,FSM,PatrolState,None,0.40,91.4,0
60.37,FSM Enemy 12,FSM,PatrolState,None,1.00,79.3,0
60.37,FSM Enemy 4,FSM,PatrolState,None,0.70,70.6,0
60.37,FSM Enemy 2,FSM,AttackState,None,1.00,15.3,1
60.37,FSM Enemy 13,FSM,PatrolState,None,1.00,101.4,0
60.37,FSM Enemy 10,FSM,PatrolState,None,1.00,28.5,0
60.37,FSM Enemy 3,FSM,Dead,None,0.00,32.3,0
60.37,FSM Enemy 1,FSM,PatrolState,None,1.00,69.0,0
60.37,FSM Enemy 14,FSM,PatrolState,None,0.90,41.7,0
60.37,FSM Enemy 8,FSM,PatrolState,None,1.00,47.4,0
60.37,FSM Enemy 11,FSM,PatrolState,None,0.40,96.0,0
60.37,FSM Enemy 15,FSM,PatrolState,None,0.90,82.1,0
60.37,FSM Enemy 7,FSM,PatrolState,None,1.00,113.5,0
60.37,FSM Enemy 5,FSM,PatrolState,None,0.80,54.9,0
60.37,FSM Enemy 9,FSM,PatrolState,None,1.00,66.3,0
60.37,Utility Enemy 10,Utility,AttackAction,None,1.00,81.5,0
60.37,Utility Enemy 8,Utility,AttackAction,None,1.00,76.3,0
60.37,Utility Enemy 6,Utility,AttackAction,None,1.00,83.6,0
60.37,Utility Enemy 4,Utility,AttackAction,None,1.00,62.1,0
60.37,Utility Enemy 11,Utility,Dead,None,0.00,25.4,0
60.37,Utility Enemy 15,Utility,SpreadFireAction,None,1.00,18.8,1
60.37,Utility Enemy 1,Utility,AttackAction,None,1.00,71.9,0
60.37,Utility Enemy 12,Utility,AttackAction,None,1.00,82.6,0
60.37,Utility Enemy 9,Utility,AttackAction,None,1.00,74.0,0
60.37,Utility Enemy 5,Utility,Dead,None,0.00,26.1,0
60.37,Utility Enemy 3,Utility,AttackAction,None,1.00,43.3,0
60.37,Utility Enemy 7,Utility,AttackAction,None,1.00,91.2,0
60.37,Utility Enemy 14,Utility,AttackAction,None,1.00,66.9,0
60.37,Utility Enemy 2,Utility,Dead,None,0.00,21.1,0
60.37,Utility Enemy 13,Utility,AttackAction,None,1.00,72.0,0
60.87,Player,Player,-,None,0.41,,0
60.87,FSM Enemy 6,FSM,PatrolState,None,0.40,90.8,0
60.87,FSM Enemy 12,FSM,PatrolState,None,1.00,79.7,0
60.87,FSM Enemy 4,FSM,PatrolState,None,0.70,70.2,0
60.87,FSM Enemy 2,FSM,Dead,None,0.00,15.1,1
60.87,FSM Enemy 13,FSM,PatrolState,None,1.00,101.7,0
60.87,FSM Enemy 10,FSM,PatrolState,None,1.00,29.1,0
60.87,FSM Enemy 3,FSM,Dead,None,0.00,32.4,0
60.87,FSM Enemy 1,FSM,PatrolState,None,1.00,70.3,0
60.87,FSM Enemy 14,FSM,PatrolState,None,0.90,41.8,0
60.87,FSM Enemy 8,FSM,PatrolState,None,1.00,46.3,0
60.87,FSM Enemy 11,FSM,PatrolState,None,0.40,97.1,0
60.87,FSM Enemy 15,FSM,PatrolState,None,0.90,80.9,0
60.87,FSM Enemy 7,FSM,PatrolState,None,1.00,112.8,0
60.87,FSM Enemy 5,FSM,PatrolState,None,0.80,54.6,0
60.87,FSM Enemy 9,FSM,PatrolState,None,1.00,65.2,0
60.87,Utility Enemy 10,Utility,AttackAction,None,1.00,81.4,0
60.87,Utility Enemy 8,Utility,AttackAction,None,1.00,76.2,0
60.87,Utility Enemy 6,Utility,AttackAction,None,1.00,83.6,0
60.87,Utility Enemy 4,Utility,AttackAction,None,1.00,62.2,0
60.87,Utility Enemy 11,Utility,Dead,None,0.00,25.5,0
60.87,Utility Enemy 15,Utility,SpreadFireAction,None,1.00,18.8,1
60.87,Utility Enemy 1,Utility,AttackAction,None,1.00,72.0,0
60.87,Utility Enemy 12,Utility,AttackAction,None,1.00,82.6,0
60.87,Utility Enemy 9,Utility,AttackAction,None,1.00,74.0,0
60.87,Utility Enemy 5,Utility,Dead,None,0.00,26.2,0
60.87,Utility Enemy 3,Utility,AttackAction,None,1.00,43.2,0
60.87,Utility Enemy 7,Utility,AttackAction,None,1.00,91.2,0
60.87,Utility Enemy 14,Utility,AttackAction,None,1.00,66.9,0
60.87,Utility Enemy 2,Utility,Dead,None,0.00,21.2,0
60.87,Utility Enemy 13,Utility,AttackAction,None,1.00,72.0,0
61.37,Player,Player,-,None,0.41,,0
61.37,FSM Enemy 6,FSM,PatrolState,None,0.40,90.3,0
61.37,FSM Enemy 12,FSM,PatrolState,None,1.00,81.1,0
61.37,FSM Enemy 4,FSM,PatrolState,None,0.70,69.2,0
61.37,FSM Enemy 2,FSM,Dead,None,0.00,12.4,1
61.37,FSM Enemy 13,FSM,PatrolState,None,1.00,102.7,0
61.37,FSM Enemy 10,FSM,PatrolState,None,1.00,30.2,0
61.37,FSM Enemy 3,FSM,Dead,None,0.00,35.6,0
61.37,FSM Enemy 1,FSM,PatrolState,None,1.00,74.4,0
61.37,FSM Enemy 14,FSM,PatrolState,None,0.80,40.6,0
61.37,FSM Enemy 8,FSM,PatrolState,None,1.00,47.4,0
61.37,FSM Enemy 11,FSM,PatrolState,None,0.40,100.1,0
61.37,FSM Enemy 15,FSM,PatrolState,None,0.90,81.6,0
61.37,FSM Enemy 7,FSM,PatrolState,None,1.00,113.8,0
61.37,FSM Enemy 5,FSM,PatrolState,None,0.80,55.1,0
61.37,FSM Enemy 9,FSM,PatrolState,None,1.00,65.4,0
61.37,Utility Enemy 10,Utility,AttackAction,None,1.00,80.8,0
61.37,Utility Enemy 8,Utility,AttackAction,None,1.00,76.0,0
61.37,Utility Enemy 6,Utility,AttackAction,None,1.00,85.7,0
61.37,Utility Enemy 4,Utility,AttackAction,None,1.00,65.4,0
61.37,Utility Enemy 11,Utility,Dead,None,0.00,28.8,0
61.37,Utility Enemy 15,Utility,RepositionAction,None,1.00,20.1,1
61.37,Utility Enemy 1,Utility,AttackAction,None,1.00,75.3,0
61.37,Utility Enemy 12,Utility,AttackAction,None,1.00,82.1,0
61.37,Utility Enemy 9,Utility,AttackAction,None,1.00,73.5,0
61.37,Utility Enemy 5,Utility,Dead,None,0.00,29.4,0
61.37,Utility Enemy 3,Utility,AttackAction,None,1.00,41.7,0
61.37,Utility Enemy 7,Utility,AttackAction,None,1.00,90.6,0
61.37,Utility Enemy 14,Utility,AttackAction,None,1.00,66.1,0
61.37,Utility Enemy 2,Utility,Dead,None,0.00,24.2,0
61.37,Utility Enemy 13,Utility,AttackAction,None,1.00,71.8,0
61.88,Player,Player,-,None,0.41,,0
61.88,FSM Enemy 6,FSM,PatrolState,None,0.40,89.7,0
61.88,FSM Enemy 12,FSM,PatrolState,None,1.00,82.4,0
61.88,FSM Enemy 4,FSM,PatrolState,None,0.70,68.2,0
61.88,FSM Enemy 2,FSM,Dead,None,0.00,9.5,1
61.88,FSM Enemy 13,FSM,PatrolState,None,1.00,103.9,0
61.88,FSM Enemy 10,FSM,PatrolState,None,1.00,31.8,0
61.88,FSM Enemy 3,FSM,Dead,None,0.00,39.2,0
61.88,FSM Enemy 1,FSM,PatrolState,None,1.00,77.6,0
61.88,FSM Enemy 14,FSM,PatrolState,None,0.80,39.1,0
61.88,FSM Enemy 8,FSM,PatrolState,None,1.00,49.8,0
61.88,FSM Enemy 11,FSM,PatrolState,None,0.40,103.3,0
61.88,FSM Enemy 15,FSM,PatrolState,None,0.90,82.4,0
61.88,FSM Enemy 7,FSM,PatrolState,None,1.00,114.8,0
61.88,FSM Enemy 5,FSM,PatrolState,None,0.80,55.7,0
61.88,FSM Enemy 9,FSM,PatrolState,None,1.00,65.6,0
61.88,Utility Enemy 10,Utility,AttackAction,None,1.00,79.9,0
61.88,Utility Enemy 8,Utility,AttackAction,None,1.00,75.6,0
61.88,Utility Enemy 6,Utility,AttackAction,None,1.00,88.0,0
61.88,Utility Enemy 4,Utility,AttackAction,None,1.00,69.0,0
61.88,Utility Enemy 11,Utility,Dead,None,0.00,32.5,0
61.88,Utility Enemy 15,Utility,ChaseAction,None,1.00,22.2,0
61.88,Utility Enemy 1,Utility,AttackAction,None,1.00,79.0,0
61.88,Utility Enemy 12,Utility,AttackAction,None,1.00,81.4,0
61.88,Utility Enemy 9,Utility,AttackAction,None,1.00,72.9,0
61.88,Utility Enemy 5,Utility,Dead,None,0.00,33.1,0
61.88,Utility Enemy 3,Utility,AttackAction,None,1.00,40.0,0
61.88,Utility Enemy 7,Utility,AttackAction,None,1.00,89.9,0
61.88,Utility Enemy 14,Utility,AttackAction,None,1.00,65.0,0
61.88,Utility Enemy 2,Utility,Dead,None,0.00,27.7,0
61.88,Utility Enemy 13,Utility,AttackAction,None,1.00,71.4,0
62.38,Player,Player,-,None,0.41,,0
62.38,FSM Enemy 6,FSM,PatrolState,None,0.40,88.5,0
62.38,FSM Enemy 12,FSM,PatrolState,None,1.00,82.7,0
62.38,FSM Enemy 4,FSM,PatrolState,None,0.70,66.7,0
62.38,FSM Enemy 2,FSM,Dead,None,0.00,7.0,1
62.38,FSM Enemy 13,FSM,PatrolState,None,1.00,103.9,0
62.38,FSM Enemy 10,FSM,PatrolState,None,1.00,33.0,0
62.38,FSM Enemy 3,FSM,Dead,None,0.00,41.9,0
62.38,FSM Enemy 1,FSM,PatrolState,None,1.00,80.0,0
62.38,FSM Enemy 14,FSM,PatrolState,None,0.70,37.4,0
62.38,FSM Enemy 8,FSM,PatrolState,None,1.00,51.9,0
62.38,FSM Enemy 11,FSM,PatrolState,None,0.40,105.4,0
62.38,FSM Enemy 15,FSM,PatrolState,None,0.90,82.4,0
62.38,FSM Enemy 7,FSM,PatrolState,None,1.00,114.8,0
62.38,FSM Enemy 5,FSM,PatrolState,None,0.80,55.7,0
62.38,FSM Enemy 9,FSM,PatrolState,None,1.00,64.9,0
62.38,Utility Enemy 10,Utility,AttackAction,None,1.00,78.5,0
62.38,Utility Enemy 8,Utility,AttackAction,None,1.00,74.5,0
62.38,Utility Enemy 6,Utility,AttackAction,None,1.00,89.2,0
62.38,Utility Enemy 4,Utility,AttackAction,None,1.00,71.8,0
62.38,Utility Enemy 11,Utility,Dead,None,0.00,35.5,0
62.38,Utility Enemy 15,Utility,ChaseAction,None,1.00,21.5,0
62.38,Utility Enemy 1,Utility,AttackAction,None,1.00,81.8,0
62.38,Utility Enemy 12,Utility,AttackAction,None,1.00,80.0,0
62.38,Utility Enemy 9,Utility,AttackAction,None,1.00,71.6,0
62.38,Utility Enemy 5,Utility,Dead,None,0.00,36.0,0
62.38,Utility Enemy 3,Utility,AttackAction,None,1.00,38.1,0
62.38,Utility Enemy 7,Utility,AttackAction,None,1.00,88.5,0
62.38,Utility Enemy 14,Utility,AttackAction,None,1.00,63.4,0
62.38,Utility Enemy 2,Utility,Dead,None,0.00,30.3,0
62.38,Utility Enemy 13,Utility,AttackAction,None,1.00,70.4,0
62.89,Player,Player,-,None,0.41,,0
62.89,FSM Enemy 6,FSM,PatrolState,None,0.40,87.8,0
62.89,FSM Enemy 12,FSM,PatrolState,None,1.00,83.3,0
62.89,FSM Enemy 4,FSM,PatrolState,None,0.70,65.8,0
62.89,FSM Enemy 2,FSM,Dead,None,0.00,5.6,1
62.89,FSM Enemy 13,FSM,PatrolState,None,1.00,104.3,0
62.89,FSM Enemy 10,FSM,PatrolState,None,1.00,34.8,0
62.89,FSM Enemy 3,FSM,Dead,None,0.00,44.7,0
62.89,FSM Enemy 1,FSM,PatrolState,None,1.00,82.5,0
62.89,FSM Enemy 14,FSM,PatrolState,None,0.70,35.8,0
62.89,FSM Enemy 8,FSM,PatrolState,None,1.00,53.6,0
62.89,FSM Enemy 11,FSM,PatrolState,None,0.40,107.7,0
62.89,FSM Enemy 15,FSM,PatrolState,None,0.90,84.7,0
62.89,FSM Enemy 7,FSM,PatrolState,None,1.00,115.0,0
62.89,FSM Enemy 5,FSM,PatrolState,None,0.80,56.3,0
62.89,FSM Enemy 9,FSM,PatrolState,None,1.00,64.6,0
62.89,Utility Enemy 10,Utility,AttackAction,None,1.00,77.5,0
62.89,Utility Enemy 8,Utility,AttackAction,None,1.00,73.9,0
62.89,Utility Enemy 6,Utility,AttackAction,None,1.00,90.7,0
62.89,Utility Enemy 4,Utility,AttackAction,None,1.00,74.5,0
62.89,Utility Enemy 11,Utility,Dead,None,0.00,38.5,0
62.89,Utility Enemy 15,Utility,ChaseAction,None,1.00,21.2,0
62.89,Utility Enemy 1,Utility,AttackAction,None,1.00,84.7,0
62.89,Utility Enemy 12,Utility,AttackAction,None,1.00,79.2,0
62.89,Utility Enemy 9,Utility,AttackAction,None,1.00,70.8,0
62.89,Utility Enemy 5,Utility,Dead,None,0.00,38.9,0
62.89,Utility Enemy 3,Utility,AttackAction,None,1.00,36.6,0
62.89,Utility Enemy 7,Utility,AttackAction,None,1.00,87.5,0
62.89,Utility Enemy 14,Utility,AttackAction,None,1.00,62.3,0
62.89,Utility Enemy 2,Utility,Dead,None,0.00,33.1,0
62.89,Utility Enemy 13,Utility,AttackAction,None,1.00,69.8,0
63.39,Player,Player,-,None,0.41,,0
63.39,FSM Enemy 6,FSM,PatrolState,None,0.40,85.8,0
63.39,FSM Enemy 12,FSM,PatrolState,None,1.00,82.3,0
63.39,FSM Enemy 4,FSM,PatrolState,None,0.60,64.1,0
63.39,FSM Enemy 2,FSM,Dead,None,0.00,4.4,0
63.39,FSM Enemy 13,FSM,PatrolState,None,1.00,103.0,0
63.39,FSM Enemy 10,FSM,PatrolState,None,1.00,35.2,0
63.39,FSM Enemy 3,FSM,Dead,None,0.00,45.7,0
63.39,FSM Enemy 1,FSM,PatrolState,None,1.00,83.3,0
63.39,FSM Enemy 14,FSM,PatrolState,None,0.70,34.1,0
63.39,FSM Enemy 8,FSM,PatrolState,None,1.00,53.4,0
63.39,FSM Enemy 11,FSM,PatrolState,None,0.40,108.3,0
63.39,FSM Enemy 15,FSM,PatrolState,None,0.90,85.6,0
63.39,FSM Enemy 7,FSM,PatrolState,None,1.00,113.6,0
63.39,FSM Enemy 5,FSM,PatrolState,None,0.80,55.7,0
63.39,FSM Enemy 9,FSM,PatrolState,None,1.00,62.8,0
63.39,Utility Enemy 10,Utility,AttackAction,None,1.00,75.9,0
63.39,Utility Enemy 8,Utility,AttackAction,None,1.00,72.5,0
63.39,Utility Enemy 6,Utility,AttackAction,None,1.00,90.5,0
63.39,Utility Enemy 4,Utility,AttackAction,None,1.00,75.6,0
63.39,Utility Enemy 11,Utility,Dead,None,0.00,39.8,0
63.39,Utility Enemy 15,Utility,ChaseAction,None,1.00,19.5,0
63.39,Utility Enemy 1,Utility,AttackAction,None,1.00,85.8,0
63.39,Utility Enemy 12,Utility,AttackAction,None,1.00,77.6,0
63.39,Utility Enemy 9,Utility,AttackAction,None,1.00,69.3,0
63.39,Utility Enemy 5,Utility,Dead,None,0.00,40.1,0
63.39,Utility Enemy 3,Utility,AttackAction,None,1.00,34.8,0
63.39,Utility Enemy 7,Utility,AttackAction,None,1.00,85.9,0
63.39,Utility Enemy 14,Utility,AttackAction,None,1.00,60.6,0
63.39,Utility Enemy 2,Utility,Dead,None,0.00,34.1,0
63.39,Utility Enemy 13,Utility,AttackAction,None,1.00,68.4,0
63.89,Player,Player,-,None,0.41,,0
63.89,FSM Enemy 6,FSM,PatrolState,None,0.40,83.1,0
63.89,FSM Enemy 12,FSM,PatrolState,None,1.00,79.9,0
63.89,FSM Enemy 4,FSM,PatrolState,None,0.60,61.7,0
63.89,FSM Enemy 2,FSM,Dead,None,0.00,2.2,0
63.89,FSM Enemy 13,FSM,PatrolState,None,1.00,102.0,0
63.89,FSM Enemy 10,FSM,PatrolState,None,1.00,32.8,0
63.89,FSM Enemy 3,FSM,Dead,None,0.00,45.1,0
63.89,FSM Enemy 1,FSM,PatrolState,None,1.00,82.7,0
63.89,FSM Enemy 14,FSM,PatrolState,None,0.70,32.1,0
63.89,FSM Enemy 8,FSM,PatrolState,None,1.00,51.6,0
63.89,FSM Enemy 11,FSM,PatrolState,None,0.40,107.6,0
63.89,FSM Enemy 15,FSM,PatrolState,None,0.90,85.0,0
63.89,FSM Enemy 7,FSM,PatrolState,None,1.00,111.0,0
63.89,FSM Enemy 5,FSM,PatrolState,None,0.80,53.9,0
63.89,FSM Enemy 9,FSM,PatrolState,None,1.00,59.7,0
63.89,Utility Enemy 10,Utility,AttackAction,None,1.00,73.9,0
63.89,Utility Enemy 8,Utility,AttackAction,None,1.00,70.5,0
63.89,Utility Enemy 6,Utility,AttackAction,None,1.00,88.9,0
63.89,Utility Enemy 4,Utility,AttackAction,None,1.00,74.8,0
63.89,Utility Enemy 11,Utility,Dead,None,0.00,39.4,0
63.89,Utility Enemy 15,Utility,SpreadFireAction,None,1.00,16.6,1
63.89,Utility Enemy 1,Utility,AttackAction,None,1.00,85.2,0
63.89,Utility Enemy 12,Utility,AttackAction,None,1.00,75.6,0
63.89,Utility Enemy 9,Utility,AttackAction,None,1.00,67.3,0
63.89,Utility Enemy 5,Utility,Dead,None,0.00,39.6,0
63.89,Utility Enemy 3,Utility,AttackAction,None,1.00,32.9,0
63.89,Utility Enemy 7,Utility,AttackAction,None,1.00,84.0,0
63.89,Utility Enemy 14,Utility,AttackAction,None,1.00,58.7,0
63.89,Utility Enemy 2,Utility,Dead,None,0.00,33.4,0
63.89,Utility Enemy 13,Utility,AttackAction,None,1.00,66.4,0
64.39,Player,Player,-,None,0.41,,0
64.39,FSM Enemy 6,FSM,PatrolState,None,0.40,81.1,0
64.39,FSM Enemy 12,FSM,PatrolState,None,1.00,78.4,0
64.39,FSM Enemy 4,FSM,PatrolState,None,0.50,59.4,0
64.39,FSM Enemy 2,FSM,Dead,None,0.00,1.3,0
64.39,FSM Enemy 13,FSM,PatrolState,None,1.00,102.3,0
64.39,FSM Enemy 10,FSM,PatrolState,None,1.00,30.8,0
64.39,FSM Enemy 3,FSM,PatrolState,None,1.00,92.8,0
64.39,FSM Enemy 1,FSM,PatrolState,None,1.00,83.3,0
64.39,FSM Enemy 14,FSM,PatrolState,None,0.70,30.5,0
64.39,FSM Enemy 8,FSM,PatrolState,None,1.00,50.5,0
64.39,FSM Enemy 11,FSM,PatrolState,None,0.40,107.6,0
64.39,FSM Enemy 15,FSM,PatrolState,None,0.90,85.3,0
64.39,FSM Enemy 7,FSM,PatrolState,None,1.00,109.1,0
64.39,FSM Enemy 5,FSM,PatrolState,None,0.80,52.9,0
64.39,FSM Enemy 9,FSM,PatrolState,None,1.00,57.4,0
64.39,Utility Enemy 10,Utility,AttackAction,None,1.00,72.6,0
64.39,Utility Enemy 8,Utility,AttackAction,None,1.00,69.1,0
64.39,Utility Enemy 6,Utility,AttackAction,None,1.00,88.0,0
64.39,Utility Enemy 4,Utility,AttackAction,None,1.00,74.8,0
64.39,Utility Enemy 11,Utility,Dead,None,0.00,39.7,0
64.39,Utility Enemy 15,Utility,SpreadFireAction,None,0.75,16.1,1
64.39,Utility Enemy 1,Utility,AttackAction,None,1.00,85.2,0
64.39,Utility Enemy 12,Utility,AttackAction,None,1.00,74.2,0
64.39,Utility Enemy 9,Utility,AttackAction,None,1.00,65.9,0
64.39,Utility Enemy 5,Utility,Dead,None,0.00,39.7,0
64.39,Utility Enemy 3,Utility,AttackAction,None,1.00,31.6,0
64.39,Utility Enemy 7,Utility,AttackAction,None,1.00,82.6,0
64.39,Utility Enemy 14,Utility,AttackAction,None,1.00,57.4,0
64.39,Utility Enemy 2,Utility,Dead,None,0.00,33.4,0
64.39,Utility Enemy 13,Utility,AttackAction,None,1.00,65.0,0
64.90,Player,Player,-,None,0.36,,0
64.90,FSM Enemy 6,FSM,PatrolState,None,0.40,81.9,0
64.90,FSM Enemy 12,FSM,PatrolState,None,1.00,79.3,0
64.90,FSM Enemy 4,FSM,PatrolState,None,0.50,58.4,0
64.90,FSM Enemy 2,FSM,Dead,None,0.00,3.7,0
64.90,FSM Enemy 13,FSM,PatrolState,None,1.00,105.3,0
64.90,FSM Enemy 10,FSM,PatrolState,None,1.00,31.3,0
64.90,FSM Enemy 3,FSM,PatrolState,None,1.00,92.9,0
64.90,FSM Enemy 1,FSM,PatrolState,None,1.00,86.9,0
64.90,FSM Enemy 14,FSM,PatrolState,None,0.70,29.4,0
64.90,FSM Enemy 8,FSM,PatrolState,None,1.00,51.3,0
64.90,FSM Enemy 11,FSM,PatrolState,None,0.40,110.3,0
64.90,FSM Enemy 15,FSM,PatrolState,None,0.90,88.1,0
64.90,FSM Enemy 7,FSM,PatrolState,None,1.00,109.8,0
64.90,FSM Enemy 5,FSM,PatrolState,None,0.80,54.6,0
64.90,FSM Enemy 9,FSM,PatrolState,None,1.00,57.6,0
64.90,Utility Enemy 10,Utility,AttackAction,None,1.00,72.3,0
64.90,Utility Enemy 8,Utility,AttackAction,None,1.00,69.3,0
64.90,Utility Enemy 6,Utility,AttackAction,None,1.00,89.9,0
64.90,Utility Enemy 4,Utility,AttackAction,None,1.00,77.4,0
64.90,Utility Enemy 11,Utility,Dead,None,0.00,42.3,0
64.90,Utility Enemy 15,Utility,SpreadFireAction,None,0.75,18.6,1
64.90,Utility Enemy 1,Utility,AttackAction,None,1.00,87.9,0
64.90,Utility Enemy 12,Utility,AttackAction,None,1.00,74.1,0
64.90,Utility Enemy 9,Utility,AttackAction,None,1.00,65.9,0
64.90,Utility Enemy 5,Utility,Dead,None,0.00,42.4,0
64.90,Utility Enemy 3,Utility,AttackAction,None,1.00,30.9,0
64.90,Utility Enemy 7,Utility,AttackAction,None,1.00,82.4,0
64.90,Utility Enemy 14,Utility,AttackAction,None,1.00,57.0,0
64.90,Utility Enemy 2,Utility,Dead,None,0.00,36.0,0
64.90,Utility Enemy 13,Utility,AttackAction,None,1.00,65.2,0
65.40,Player,Player,-,None,0.36,,0
65.40,FSM Enemy 6,FSM,PatrolState,None,0.40,82.0,0
65.40,FSM Enemy 12,FSM,PatrolState,None,1.00,78.8,0
65.40,FSM Enemy 4,FSM,PatrolState,None,0.50,57.0,0
65.40,FSM Enemy 2,FSM,Dead,None,0.00,4.3,0
65.40,FSM Enemy 13,FSM,PatrolState,None,1.00,106.5,0
65.40,FSM Enemy 10,FSM,PatrolState,None,1.00,30.4,0
65.40,FSM Enemy 3,FSM,PatrolState,None,1.00,91.8,0
65.40,FSM Enemy 1,FSM,PatrolState,None,1.00,88.6,0
65.40,FSM Enemy 14,FSM,PatrolState,None,0.70,28.2,0
65.40,FSM Enemy 8,FSM,PatrolState,None,1.00,51.3,0
65.40,FSM Enemy 11,FSM,PatrolState,None,0.40,111.4,0
65.40,FSM Enemy 15,FSM,PatrolState,None,0.90,89.4,0
65.40,FSM Enemy 7,FSM,PatrolState,None,1.00,109.5,0
65.40,FSM Enemy 5,FSM,PatrolState,None,0.80,54.9,0
65.40,FSM Enemy 9,FSM,PatrolState,None,1.00,56.3,0
65.40,Utility Enemy 10,Utility,AttackAction,None,1.00,71.8,0
65.40,Utility Enemy 8,Utility,AttackAction,None,1.00,68.9,0
65.40,Utility Enemy 6,Utility,AttackAction,None,1.00,90.1,0
65.40,Utility Enemy 4,Utility,AttackAction,None,1.00,78.0,0
65.40,Utility Enemy 11,Utility,Dead,None,0.00,43.0,0
65.40,Utility Enemy 15,Utility,SpreadFireAction,None,0.25,19.2,1
65.40,Utility Enemy 1,Utility,AttackAction,None,1.00,88.5,0
65.40,Utility Enemy 12,Utility,AttackAction,None,1.00,73.6,0
65.40,Utility Enemy 9,Utility,AttackAction,None,1.00,65.4,0
65.40,Utility Enemy 5,Utility,Dead,None,0.00,43.1,0
65.40,Utility Enemy 3,Utility,AttackAction,None,1.00,30.3,0
65.40,Utility Enemy 7,Utility,AttackAction,None,1.00,81.9,0
65.40,Utility Enemy 14,Utility,AttackAction,None,1.00,56.5,0
65.40,Utility Enemy 2,Utility,Dead,None,0.00,36.7,0
65.40,Utility Enemy 13,Utility,AttackAction,None,1.00,64.8,0
65.91,Player,Player,-,None,0.36,,0
65.91,FSM Enemy 6,FSM,PatrolState,None,0.40,82.3,0
65.91,FSM Enemy 12,FSM,PatrolState,None,1.00,78.2,0
65.91,FSM Enemy 4,FSM,PatrolState,None,0.50,56.4,0
65.91,FSM Enemy 2,FSM,Dead,None,0.00,4.5,0
65.91,FSM Enemy 13,FSM,PatrolState,None,1.00,107.6,0
65.91,FSM Enemy 10,FSM,PatrolState,None,1.00,29.4,0
65.91,FSM Enemy 3,FSM,PatrolState,None,1.00,90.6,0
65.91,FSM Enemy 1,FSM,PatrolState,None,1.00,89.7,0
65.91,FSM Enemy 14,FSM,PatrolState,None,0.70,27.5,0
65.91,FSM Enemy 8,FSM,PatrolState,None,1.00,52.5,0
65.91,FSM Enemy 11,FSM,PatrolState,None,0.40,112.4,0
65.91,FSM Enemy 15,FSM,PatrolState,None,0.90,90.5,0
65.91,FSM Enemy 7,FSM,PatrolState,None,1.00,109.4,0
65.91,FSM Enemy 5,FSM,PatrolState,None,0.80,55.2,0
65.91,FSM Enemy 9,FSM,PatrolState,None,1.00,55.1,0
65.91,Utility Enemy 10,Utility,AttackAction,None,1.00,71.7,0
65.91,Utility Enemy 8,Utility,AttackAction,None,1.00,68.7,0
65.91,Utility Enemy 6,Utility,AttackAction,None,1.00,90.1,0
65.91,Utility Enemy 4,Utility,AttackAction,None,1.00,78.1,0
65.91,Utility Enemy 11,Utility,Dead,None,0.00,43.2,0
65.91,Utility Enemy 15,Utility,TakeCoverAction,None,0.25,18.8,1
65.91,Utility Enemy 1,Utility,AttackAction,None,1.00,88.6,0
65.91,Utility Enemy 12,Utility,AttackAction,None,1.00,73.5,0
65.91,Utility Enemy 9,Utility,AttackAction,None,1.00,65.3,0
65.91,Utility Enemy 5,Utility,AttackAction,None,1.00,44.0,0
65.91,Utility Enemy 3,Utility,AttackAction,None,1.00,30.2,0
65.91,Utility Enemy 7,Utility,AttackAction,None,1.00,81.7,0
65.91,Utility Enemy 14,Utility,AttackAction,None,1.00,56.4,0
65.91,Utility Enemy 2,Utility,Dead,None,0.00,36.8,0
65.91,Utility Enemy 13,Utility,AttackAction,None,1.00,64.7,0
66.41,Player,Player,-,None,0.36,,0
66.41,FSM Enemy 6,FSM,PatrolState,None,0.40,82.8,0
66.41,FSM Enemy 12,FSM,PatrolState,None,1.00,77.8,0
66.41,FSM Enemy 4,FSM,PatrolState,None,0.50,55.9,0
66.41,FSM Enemy 2,FSM,Dead,None,0.00,4.5,0
66.41,FSM Enemy 13,FSM,PatrolState,None,1.00,108.7,0
66.41,FSM Enemy 10,FSM,PatrolState,None,1.00,28.4,0
66.41,FSM Enemy 3,FSM,PatrolState,None,1.00,89.5,0
66.41,FSM Enemy 1,FSM,PatrolState,None,1.00,90.7,0
66.41,FSM Enemy 14,FSM,PatrolState,None,0.70,26.3,0
66.41,FSM Enemy 8,FSM,PatrolState,None,1.00,53.5,0
66.41,FSM Enemy 11,FSM,PatrolState,None,0.40,113.4,0
66.41,FSM Enemy 15,FSM,PatrolState,None,0.90,91.6,0
66.41,FSM Enemy 7,FSM,PatrolState,None,1.00,109.2,0
66.41,FSM Enemy 5,FSM,PatrolState,None,0.80,55.5,0
66.41,FSM Enemy 9,FSM,PatrolState,None,1.00,54.0,0
66.41,Utility Enemy 10,Utility,AttackAction,None,1.00,71.7,0
66.41,Utility Enemy 8,Utility,AttackAction,None,1.00,68.7,0
66.41,Utility Enemy 6,Utility,AttackAction,None,1.00,90.1,0
66.41,Utility Enemy 4,Utility,AttackAction,None,1.00,78.1,0
66.41,Utility Enemy 11,Utility,Dead,None,0.00,43.2,0
66.41,Utility Enemy 15,Utility,TakeCoverAction,None,0.25,17.0,1
66.41,Utility Enemy 1,Utility,AttackAction,None,1.00,88.6,0
66.41,Utility Enemy 12,Utility,AttackAction,None,1.00,73.5,0
66.41,Utility Enemy 9,Utility,AttackAction,None,1.00,65.3,0
66.41,Utility Enemy 5,Utility,AttackAction,None,1.00,44.0,0
66.41,Utility Enemy 3,Utility,AttackAction,None,1.00,30.2,0
66.41,Utility Enemy 7,Utility,AttackAction,None,1.00,81.7,0
66.41,Utility Enemy 14,Utility,AttackAction,None,1.00,56.4,0
66.41,Utility Enemy 2,Utility,Dead,None,0.00,36.8,0
66.41,Utility Enemy 13,Utility,AttackAction,None,1.00,64.7,0
66.91,Player,Player,-,None,0.36,,0
66.91,FSM Enemy 6,FSM,PatrolState,None,0.40,82.1,0
66.91,FSM Enemy 12,FSM,PatrolState,None,1.00,77.3,0
66.91,FSM Enemy 4,FSM,PatrolState,None,0.50,55.5,0
66.91,FSM Enemy 2,FSM,Dead,None,0.00,4.5,0
66.91,FSM Enemy 13,FSM,PatrolState,None,1.00,109.7,0
66.91,FSM Enemy 10,FSM,PatrolState,None,1.00,27.5,0
66.91,FSM Enemy 3,FSM,PatrolState,None,1.00,88.4,0
66.91,FSM Enemy 1,FSM,PatrolState,None,1.00,90.7,0
66.91,FSM Enemy 14,FSM,PatrolState,None,0.70,25.1,0
66.91,FSM Enemy 8,FSM,PatrolState,None,1.00,53.9,0
66.91,FSM Enemy 11,FSM,PatrolState,None,0.40,114.4,0
66.91,FSM Enemy 15,FSM,PatrolState,None,0.90,92.7,0
66.91,FSM Enemy 7,FSM,PatrolState,None,1.00,109.1,0
66.91,FSM Enemy 5,FSM,PatrolState,None,0.80,55.9,0
66.91,FSM Enemy 9,FSM,PatrolState,None,1.00,54.4,0
66.91,Utility Enemy 10,Utility,AttackAction,None,1.00,71.7,0
66.91,Utility Enemy 8,Utility,AttackAction,None,1.00,68.7,0
66.91,Utility Enemy 6,Utility,AttackAction,None,1.00,90.1,0
66.91,Utility Enemy 4,Utility,AttackAction,None,1.00,78.1,0
66.91,Utility Enemy 11,Utility,Dead,None,0.00,43.2,0
66.91,Utility Enemy 15,Utility,TakeCoverAction,None,0.25,15.2,1
66.91,Utility Enemy 1,Utility,AttackAction,None,1.00,88.6,0
66.91,Utility Enemy 12,Utility,AttackAction,None,1.00,73.5,0
66.91,Utility Enemy 9,Utility,AttackAction,None,1.00,65.3,0
66.91,Utility Enemy 5,Utility,AttackAction,None,1.00,44.0,0
66.91,Utility Enemy 3,Utility,AttackAction,None,1.00,30.2,0
66.91,Utility Enemy 7,Utility,AttackAction,None,1.00,81.7,0
66.91,Utility Enemy 14,Utility,AttackAction,None,1.00,56.4,0
66.91,Utility Enemy 2,Utility,Dead,None,0.00,36.8,0
66.91,Utility Enemy 13,Utility,AttackAction,None,1.00,64.7,0
67.42,Player,Player,-,None,0.36,,0
67.42,FSM Enemy 6,FSM,PatrolState,None,0.40,81.0,0
67.42,FSM Enemy 12,FSM,PatrolState,None,1.00,76.9,0
67.42,FSM Enemy 4,FSM,PatrolState,None,0.50,55.0,0
67.42,FSM Enemy 2,FSM,Dead,None,0.00,4.5,0
67.42,FSM Enemy 13,FSM,PatrolState,None,1.00,108.9,0
67.42,FSM Enemy 10,FSM,PatrolState,None,1.00,26.6,0
67.42,FSM Enemy 3,FSM,PatrolState,None,1.00,87.4,0
67.42,FSM Enemy 1,FSM,PatrolState,None,1.00,89.8,0
67.42,FSM Enemy 14,FSM,PatrolState,None,0.70,23.9,0
67.42,FSM Enemy 8,FSM,PatrolState,None,1.00,52.9,0
67.42,FSM Enemy 11,FSM,PatrolState,None,0.40,115.4,0
67.42,FSM Enemy 15,FSM,PatrolState,None,0.90,93.9,0
67.42,FSM Enemy 7,FSM,PatrolState,None,1.00,109.0,0
67.42,FSM Enemy 5,FSM,PatrolState,None,0.80,56.2,0
67.42,FSM Enemy 9,FSM,PatrolState,None,1.00,55.4,0
67.42,Utility Enemy 10,Utility,AttackAction,None,1.00,71.7,0
67.42,Utility Enemy 8,Utility,AttackAction,None,1.00,68.7,0
67.42,Utility Enemy 6,Utility,AttackAction,None,1.00,90.1,0
67.42,Utility Enemy 4,Utility,AttackAction,None,1.00,78.1,0
67.42,Utility Enemy 11,Utility,Dead,None,0.00,43.2,0
67.42,Utility Enemy 15,Utility,Dead,None,0.00,13.9,1
67.42,Utility Enemy 1,Utility,AttackAction,None,1.00,88.6,0
67.42,Utility Enemy 12,Utility,AttackAction,None,1.00,73.5,0
67.42,Utility Enemy 9,Utility,AttackAction,None,1.00,65.3,0
67.42,Utility Enemy 5,Utility,AttackAction,None,1.00,44.0,0
67.42,Utility Enemy 3,Utility,AttackAction,None,1.00,30.2,0
67.42,Utility Enemy 7,Utility,AttackAction,None,1.00,81.7,0
67.42,Utility Enemy 14,Utility,AttackAction,None,1.00,56.4,0
67.42,Utility Enemy 2,Utility,Dead,None,0.00,36.8,0
67.42,Utility Enemy 13,Utility,AttackAction,None,1.00,64.7,0
67.92,Player,Player,-,None,0.36,,0
67.92,FSM Enemy 6,FSM,PatrolState,None,0.40,79.9,0
67.92,FSM Enemy 12,FSM,PatrolState,None,1.00,76.4,0
67.92,FSM Enemy 4,FSM,PatrolState,None,0.50,54.6,0
67.92,FSM Enemy 2,FSM,Dead,None,0.00,4.5,0
67.92,FSM Enemy 13,FSM,PatrolState,None,1.00,107.6,0
67.92,FSM Enemy 10,FSM,PatrolState,None,1.00,25.8,0
67.92,FSM Enemy 3,FSM,PatrolState,None,1.00,86.3,0
67.92,FSM Enemy 1,FSM,PatrolState,None,1.00,88.9,0
67.92,FSM Enemy 14,FSM,PatrolState,None,0.70,22.7,0
67.92,FSM Enemy 8,FSM,PatrolState,None,1.00,52.9,0
67.92,FSM Enemy 11,FSM,PatrolState,None,0.40,116.6,0
67.92,FSM Enemy 15,FSM,PatrolState,None,0.90,95.0,0
67.92,FSM Enemy 7,FSM,PatrolState,None,1.00,109.0,0
67.92,FSM Enemy 5,FSM,PatrolState,None,0.80,56.7,0
67.92,FSM Enemy 9,FSM,PatrolState,None,1.00,56.5,0
67.92,Utility Enemy 10,Utility,AttackAction,None,1.00,71.7,0
67.92,Utility Enemy 8,Utility,AttackAction,None,1.00,68.7,0
67.92,Utility Enemy 6,Utility,AttackAction,None,1.00,90.1,0
67.92,Utility Enemy 4,Utility,AttackAction,None,1.00,78.1,0
67.92,Utility Enemy 11,Utility,Dead,None,0.00,43.2,0
67.92,Utility Enemy 15,Utility,Dead,None,0.00,13.9,1
67.92,Utility Enemy 1,Utility,AttackAction,None,1.00,88.6,0
67.92,Utility Enemy 12,Utility,AttackAction,None,1.00,73.5,0
67.92,Utility Enemy 9,Utility,AttackAction,None,1.00,65.3,0
67.92,Utility Enemy 5,Utility,AttackAction,None,1.00,44.0,0
67.92,Utility Enemy 3,Utility,AttackAction,None,1.00,30.2,0
67.92,Utility Enemy 7,Utility,AttackAction,None,1.00,81.7,0
67.92,Utility Enemy 14,Utility,AttackAction,None,1.00,56.4,0
67.92,Utility Enemy 2,Utility,Dead,None,0.00,36.8,0
67.92,Utility Enemy 13,Utility,AttackAction,None,1.00,64.7,0
68.42,Player,Player,-,None,0.36,,0
68.42,FSM Enemy 6,FSM,PatrolState,None,0.40,77.6,0
68.42,FSM Enemy 12,FSM,PatrolState,None,1.00,74.3,0
68.42,FSM Enemy 4,FSM,PatrolState,None,0.50,53.3,0
68.42,FSM Enemy 2,FSM,Dead,None,0.00,3.3,0
68.42,FSM Enemy 13,FSM,PatrolState,None,1.00,104.5,0
68.42,FSM Enemy 10,FSM,PatrolState,None,1.00,24.4,0
68.42,FSM Enemy 3,FSM,PatrolState,None,1.00,83.5,0
68.42,FSM Enemy 1,FSM,PatrolState,None,1.00,87.5,0
68.42,FSM Enemy 14,FSM,PatrolState,None,0.70,20.5,0
68.42,FSM Enemy 8,FSM,PatrolState,None,1.00,52.1,0
68.42,FSM Enemy 11,FSM,PatrolState,None,0.40,116.0,0
68.42,FSM Enemy 15,FSM,PatrolState,None,0.90,94.3,0
68.42,FSM Enemy 7,FSM,PatrolState,None,1.00,107.8,0
68.42,FSM Enemy 5,FSM,PatrolState,None,0.80,55.4,0
68.42,FSM Enemy 9,FSM,PatrolState,None,1.00,55.8,0
68.42,Utility Enemy 10,Utility,AttackAction,None,1.00,70.7,0
68.42,Utility Enemy 8,Utility,AttackAction,None,1.00,67.6,0
68.42,Utility Enemy 6,Utility,AttackAction,None,1.00,88.2,0
68.42,Utility Enemy 4,Utility,AttackAction,None,1.00,76.5,0
68.42,Utility Enemy 11,Utility,Dead,None,0.00,41.7,0
68.42,Utility Enemy 15,Utility,Dead,None,0.00,12.6,1
68.42,Utility Enemy 1,Utility,AttackAction,None,1.00,86.9,0
68.42,Utility Enemy 12,Utility,AttackAction,None,1.00,72.5,0
68.42,Utility Enemy 9,Utility,AttackAction,None,1.00,64.3,0
68.42,Utility Enemy 5,Utility,AttackAction,None,1.00,42.4,0
68.42,Utility Enemy 3,Utility,AttackAction,None,1.00,29.5,0
68.42,Utility Enemy 7,Utility,AttackAction,None,1.00,80.8,0
68.42,Utility Enemy 14,Utility,AttackAction,None,1.00,55.5,0
68.42,Utility Enemy 2,Utility,Dead,None,0.00,35.2,0
68.42,Utility Enemy 13,Utility,AttackAction,None,1.00,63.5,0
68.92,Player,Player,-,None,0.36,,0
68.92,FSM Enemy 6,FSM,PatrolState,None,0.40,75.2,0
68.92,FSM Enemy 12,FSM,PatrolState,None,1.00,72.1,0
68.92,FSM Enemy 4,FSM,PatrolState,None,0.50,52.1,0
68.92,FSM Enemy 2,FSM,Dead,None,0.00,2.6,0
68.92,FSM Enemy 13,FSM,PatrolState,None,1.00,101.2,0
68.92,FSM Enemy 10,FSM,PatrolState,None,1.00,23.7,0
68.92,FSM Enemy 3,FSM,PatrolState,None,1.00,80.5,0
68.92,FSM Enemy 1,FSM,PatrolState,None,1.00,86.3,0
68.92,FSM Enemy 14,FSM,PatrolState,None,0.70,18.3,0
68.92,FSM Enemy 8,FSM,PatrolState,None,1.00,51.1,0
68.92,FSM Enemy 11,FSM,PatrolState,None,0.40,115.2,0
68.92,FSM Enemy 15,FSM,PatrolState,None,0.90,93.4,0
68.92,FSM Enemy 7,FSM,PatrolState,None,1.00,106.8,0
68.92,FSM Enemy 5,FSM,PatrolState,None,0.80,53.9,0
68.92,FSM Enemy 9,FSM,PatrolState,None,1.00,55.0,0
68.92,Utility Enemy 10,Utility,AttackAction,None,1.00,69.7,0
68.92,Utility Enemy 8,Utility,AttackAction,None,1.00,66.3,0
68.92,Utility Enemy 6,Utility,AttackAction,None,1.00,86.2,0
68.92,Utility Enemy 4,Utility,AttackAction,None,1.00,74.6,0
68.92,Utility Enemy 11,Utility,Dead,None,0.00,40.1,0
68.92,Utility Enemy 15,Utility,Dead,None,0.00,11.2,0
68.92,Utility Enemy 1,Utility,AttackAction,None,1.00,85.2,0
68.92,Utility Enemy 12,Utility,AttackAction,None,1.00,71.4,0
68.92,Utility Enemy 9,Utility,AttackAction,None,1.00,63.1,0
68.92,Utility Enemy 5,Utility,AttackAction,None,1.00,40.7,0
68.92,Utility Enemy 3,Utility,AttackAction,None,1.00,28.8,0
68.92,Utility Enemy 7,Utility,AttackAction,None,1.00,79.8,0
68.92,Utility Enemy 14,Utility,AttackAction,None,1.00,54.5,0
68.92,Utility Enemy 2,Utility,Dead,None,0.00,33.4,0
68.92,Utility Enemy 13,Utility,AttackAction,None,1.00,62.2,0
69.43,Player,Player,-,None,0.36,,0
69.43,FSM Enemy 6,FSM,PatrolState,None,0.40,73.9,0
69.43,FSM Enemy 12,FSM,PatrolState,None,1.00,71.6,0
69.43,FSM Enemy 4,FSM,PatrolState,None,0.50,51.7,0
69.43,FSM Enemy 2,FSM,Dead,None,0.00,2.6,0
69.43,FSM Enemy 13,FSM,PatrolState,None,1.00,99.8,0
69.43,FSM Enemy 10,FSM,PatrolState,None,1.00,24.4,0
69.43,FSM Enemy 3,FSM,PatrolState,None,1.00,79.3,0
69.43,FSM Enemy 1,FSM,PatrolState,None,1.00,86.7,0
69.43,FSM Enemy 14,FSM,PatrolState,None,0.70,16.8,0
69.43,FSM Enemy 8,FSM,PatrolState,None,1.00,52.1,0
69.43,FSM Enemy 11,FSM,PatrolState,None,0.40,116.2,0
69.43,FSM Enemy 15,FSM,PatrolState,None,0.90,94.3,0
69.43,FSM Enemy 7,FSM,PatrolState,None,1.00,107.8,0
69.43,FSM Enemy 5,FSM,PatrolState,None,0.80,54.3,0
69.43,FSM Enemy 9,FSM,PatrolState,None,1.00,55.9,0
69.43,Utility Enemy 10,Utility,AttackAction,None,1.00,69.5,0
69.43,Utility Enemy 8,Utility,AttackAction,None,1.00,66.1,0
69.43,Utility Enemy 6,Utility,AttackAction,None,1.00,86.0,0
69.43,Utility Enemy 4,Utility,AttackAction,None,1.00,74.5,0
69.43,Utility Enemy 11,Utility,AttackAction,None,1.00,49.0,0
69.43,Utility Enemy 15,Utility,Dead,None,0.00,11.2,0
69.43,Utility Enemy 1,Utility,AttackAction,None,1.00,85.1,0
69.43,Utility Enemy 12,Utility,AttackAction,None,1.00,71.2,0
69.43,Utility Enemy 9,Utility,AttackAction,None,1.00,62.9,0
69.43,Utility Enemy 5,Utility,AttackAction,None,1.00,40.6,0
69.43,Utility Enemy 3,Utility,AttackAction,None,1.00,28.6,0
69.43,Utility Enemy 7,Utility,AttackAction,None,1.00,79.6,0
69.43,Utility Enemy 14,Utility,AttackAction,None,1.00,54.3,0
69.43,Utility Enemy 2,Utility,Dead,None,0.00,33.4,0
69.43,Utility Enemy 13,Utility,AttackAction,None,1.00,62.0,0
69.93,Player,Player,-,None,0.36,,0
69.93,FSM Enemy 6,FSM,PatrolState,None,0.40,72.5,0
69.93,FSM Enemy 12,FSM,PatrolState,None,1.00,70.9,0
69.93,FSM Enemy 4,FSM,PatrolState,None,0.50,51.2,0
69.93,FSM Enemy 2,FSM,Dead,None,0.00,2.9,0
69.93,FSM Enemy 13,FSM,PatrolState,None,1.00,98.3,0
69.93,FSM Enemy 10,FSM,PatrolState,None,1.00,23.3,0
69.93,FSM Enemy 3,FSM,PatrolState,None,1.00,78.0,0
69.93,FSM Enemy 1,FSM,PatrolState,None,1.00,86.0,0
69.93,FSM Enemy 14,FSM,PatrolState,None,0.70,15.2,0
69.93,FSM Enemy 8,FSM,PatrolState,None,1.00,53.0,0
69.93,FSM Enemy 11,FSM,PatrolState,None,0.40,116.9,0
69.93,FSM Enemy 15,FSM,PatrolState,None,0.90,94.7,0
69.93,FSM Enemy 7,FSM,PatrolState,None,1.00,108.8,0
69.93,FSM Enemy 5,FSM,PatrolState,None,0.80,54.7,0
69.93,FSM Enemy 9,FSM,PatrolState,None,1.00,56.6,0
69.93,Utility Enemy 10,Utility,AttackAction,None,1.00,69.2,0
69.93,Utility Enemy 8,Utility,AttackAction,None,1.00,65.7,0
69.93,Utility Enemy 6,Utility,AttackAction,None,1.00,85.8,0
69.93,Utility Enemy 4,Utility,AttackAction,None,1.00,74.5,0
69.93,Utility Enemy 11,Utility,AttackAction,None,1.00,48.9,0
69.93,Utility Enemy 15,Utility,Dead,None,0.00,11.3,0
69.93,Utility Enemy 1,Utility,AttackAction,None,1.00,85.1,0
69.93,Utility Enemy 12,Utility,AttackAction,None,1.00,70.9,0
69.93,Utility Enemy 9,Utility,AttackAction,None,1.00,62.5,0
69.93,Utility Enemy 5,Utility,AttackAction,None,1.00,40.6,0
69.93,Utility Enemy 3,Utility,AttackAction,None,1.00,28.3,0
69.93,Utility Enemy 7,Utility,AttackAction,None,1.00,79.2,0
69.93,Utility Enemy 14,Utility,AttackAction,None,1.00,54.0,0
69.93,Utility Enemy 2,Utility,Dead,None,0.00,33.4,0
69.93,Utility Enemy 13,Utility,AttackAction,None,1.00,61.7,0
70.43,Player,Player,-,None,0.36,,0
70.43,FSM Enemy 6,FSM,PatrolState,None,0.40,71.4,0
70.43,FSM Enemy 12,FSM,PatrolState,None,1.00,70.5,0
70.43,FSM Enemy 4,FSM,PatrolState,None,0.50,51.0,0
70.43,FSM Enemy 2,FSM,Dead,None,0.00,3.0,0
70.43,FSM Enemy 13,FSM,PatrolState,None,1.00,97.0,0
70.43,FSM Enemy 10,FSM,PatrolState,None,1.00,22.1,0
70.43,FSM Enemy 3,FSM,PatrolState,None,1.00,77.0,0
70.43,FSM Enemy 1,FSM,PatrolState,None,1.00,85.0,0
70.43,FSM Enemy 14,FSM,PatrolState,None,0.70,13.9,0
70.43,FSM Enemy 8,FSM,PatrolState,None,1.00,54.0,0
70.43,FSM Enemy 11,FSM,PatrolState,None,0.40,116.6,0
70.43,FSM Enemy 15,FSM,PatrolState,None,0.90,93.7,0
70.43,FSM Enemy 7,FSM,PatrolState,None,1.00,109.9,0
70.43,FSM Enemy 5,FSM,PatrolState,None,0.80,55.4,0
70.43,FSM Enemy 9,FSM,PatrolState,None,1.00,57.6,0
70.43,Utility Enemy 10,Utility,AttackAction,None,1.00,69.1,0
70.43,Utility Enemy 8,Utility,AttackAction,None,1.00,65.7,0
70.43,Utility Enemy 6,Utility,AttackAction,None,1.00,85.7,0
70.43,Utility Enemy 4,Utility,AttackAction,None,1.00,74.5,0
70.43,Utility Enemy 11,Utility,AttackAction,None,1.00,48.9,0
70.43,Utility Enemy 15,Utility,Dead,None,0.00,11.3,0
70.43,Utility Enemy 1,Utility,AttackAction,None,1.00,85.1,0
70.43,Utility Enemy 12,Utility,AttackAction,None,1.00,70.8,0
70.43,Utility Enemy 9,Utility,AttackAction,None,1.00,62.4,0
70.43,Utility Enemy 5,Utility,AttackAction,None,1.00,40.6,0
70.43,Utility Enemy 3,Utility,AttackAction,None,1.00,28.2,0
70.43,Utility Enemy 7,Utility,AttackAction,None,1.00,79.1,0
70.43,Utility Enemy 14,Utility,AttackAction,None,1.00,53.9,0
70.43,Utility Enemy 2,Utility,Dead,None,0.00,33.4,0
70.43,Utility Enemy 13,Utility,AttackAction,None,1.00,61.6,0
70.94,Player,Player,-,None,0.36,,0
70.94,FSM Enemy 6,FSM,PatrolState,None,0.40,72.3,0
70.94,FSM Enemy 12,FSM,PatrolState,None,1.00,70.8,0
70.94,FSM Enemy 4,FSM,PatrolState,None,0.50,51.7,0
70.94,FSM Enemy 2,FSM,Dead,None,0.00,2.3,0
70.94,FSM Enemy 13,FSM,PatrolState,None,1.00,96.2,0
70.94,FSM Enemy 10,FSM,PatrolState,None,1.00,22.3,0
70.94,FSM Enemy 3,FSM,PatrolState,None,1.00,76.5,0
70.94,FSM Enemy 1,FSM,PatrolState,None,1.00,83.9,0
70.94,FSM Enemy 14,FSM,PatrolState,None,0.70,13.4,0
70.94,FSM Enemy 8,FSM,PatrolState,None,1.00,55.6,0
70.94,FSM Enemy 11,FSM,PatrolState,None,0.40,115.9,0
70.94,FSM Enemy 15,FSM,PatrolState,None,0.90,93.1,0
70.94,FSM Enemy 7,FSM,PatrolState,None,1.00,111.6,0
70.94,FSM Enemy 5,FSM,PatrolState,None,0.80,56.8,0
70.94,FSM Enemy 9,FSM,PatrolState,None,1.00,59.3,0
70.94,Utility Enemy 10,Utility,AttackAction,None,1.00,69.8,0
70.94,Utility Enemy 8,Utility,AttackAction,None,1.00,66.3,0
70.94,Utility Enemy 6,Utility,AttackAction,None,1.00,86.1,0
70.94,Utility Enemy 4,Utility,AttackAction,None,1.00,74.5,0
70.94,Utility Enemy 11,Utility,AttackAction,None,1.00,48.9,0
70.94,Utility Enemy 15,Utility,Dead,None,0.00,11.0,0
70.94,Utility Enemy 1,Utility,AttackAction,None,1.00,85.1,0
70.94,Utility Enemy 12,Utility,AttackAction,None,1.00,71.5,0
70.94,Utility Enemy 9,Utility,AttackAction,None,1.00,63.1,0
70.94,Utility Enemy 5,Utility,AttackAction,None,1.00,40.6,0
70.94,Utility Enemy 3,Utility,AttackAction,None,1.00,28.9,0
70.94,Utility Enemy 7,Utility,AttackAction,None,1.00,79.8,0
70.94,Utility Enemy 14,Utility,AttackAction,None,1.00,54.6,0
70.94,Utility Enemy 2,Utility,Dead,None,0.00,33.3,0
70.94,Utility Enemy 13,Utility,AttackAction,None,1.00,62.3,0
71.44,Player,Player,-,GravityFlip,0.36,,0
71.44,FSM Enemy 6,FSM,TakeCoverState,GravityFlip,0.40,72.7,0
71.44,FSM Enemy 12,FSM,TakeCoverState,GravityFlip,1.00,70.7,0
71.44,FSM Enemy 4,FSM,TakeCoverState,GravityFlip,0.50,52.0,0
71.44,FSM Enemy 2,FSM,Dead,GravityFlip,0.00,2.0,0
71.44,FSM Enemy 13,FSM,TakeCoverState,GravityFlip,1.00,95.8,0
71.44,FSM Enemy 10,FSM,TakeCoverState,GravityFlip,1.00,22.6,0
71.44,FSM Enemy 3,FSM,TakeCoverState,GravityFlip,1.00,75.1,0
71.44,FSM Enemy 1,FSM,TakeCoverState,GravityFlip,1.00,83.4,0
71.44,FSM Enemy 14,FSM,TakeCoverState,GravityFlip,0.70,12.2,0
71.44,FSM Enemy 8,FSM,TakeCoverState,GravityFlip,1.00,56.2,0
71.44,FSM Enemy 11,FSM,TakeCoverState,GravityFlip,0.40,114.4,0
71.44,FSM Enemy 15,FSM,TakeCoverState,GravityFlip,0.90,92.4,0
71.44,FSM Enemy 7,FSM,TakeCoverState,GravityFlip,1.00,112.4,0
71.44,FSM Enemy 5,FSM,TakeCoverState,GravityFlip,0.80,57.7,0
71.44,FSM Enemy 9,FSM,TakeCoverState,GravityFlip,1.00,60.1,0
71.44,Utility Enemy 10,Utility,TakeCoverAction,GravityFlip,1.00,70.1,0
71.44,Utility Enemy 8,Utility,TakeCoverAction,GravityFlip,1.00,66.2,0
71.44,Utility Enemy 6,Utility,TakeCoverAction,GravityFlip,1.00,86.2,0
71.44,Utility Enemy 4,Utility,TakeCoverAction,GravityFlip,1.00,74.3,0
71.44,Utility Enemy 11,Utility,TakeCoverAction,GravityFlip,1.00,48.2,0
71.44,Utility Enemy 15,Utility,Dead,GravityFlip,0.00,10.9,0
71.44,Utility Enemy 1,Utility,TakeCoverAction,GravityFlip,1.00,85.1,0
71.44,Utility Enemy 12,Utility,TakeCoverAction,GravityFlip,1.00,71.8,0
71.44,Utility Enemy 9,Utility,TakeCoverAction,GravityFlip,1.00,63.4,0
71.44,Utility Enemy 5,Utility,TakeCoverAction,GravityFlip,1.00,40.6,0
71.44,Utility Enemy 3,Utility,TakeCoverAction,GravityFlip,1.00,29.2,0
71.44,Utility Enemy 7,Utility,TakeCoverAction,GravityFlip,1.00,80.1,0
71.44,Utility Enemy 14,Utility,TakeCoverAction,GravityFlip,1.00,54.9,0
71.44,Utility Enemy 2,Utility,Dead,GravityFlip,0.00,33.2,0
71.44,Utility Enemy 13,Utility,TakeCoverAction,GravityFlip,1.00,62.6,0
71.94,Player,Player,-,GravityFlip,0.36,,0
71.94,FSM Enemy 6,FSM,TakeCoverState,GravityFlip,0.40,72.0,0
71.94,FSM Enemy 12,FSM,TakeCoverState,GravityFlip,1.00,70.3,0
71.94,FSM Enemy 4,FSM,TakeCoverState,GravityFlip,0.50,52.0,0
71.94,FSM Enemy 2,FSM,Dead,GravityFlip,0.00,2.0,0
71.94,FSM Enemy 13,FSM,TakeCoverState,GravityFlip,1.00,97.5,0
71.94,FSM Enemy 10,FSM,TakeCoverState,GravityFlip,1.00,20.7,0
71.94,FSM Enemy 3,FSM,TakeCoverState,GravityFlip,1.00,73.9,0
71.94,FSM Enemy 1,FSM,TakeCoverState,GravityFlip,1.00,83.4,0
71.94,FSM Enemy 14,FSM,TakeCoverState,GravityFlip,0.70,10.8,0
71.94,FSM Enemy 8,FSM,TakeCoverState,GravityFlip,1.00,56.1,0
71.94,FSM Enemy 11,FSM,TakeCoverState,GravityFlip,0.40,113.8,0
71.94,FSM Enemy 15,FSM,TakeCoverState,GravityFlip,0.90,92.3,0
71.94,FSM Enemy 7,FSM,TakeCoverState,GravityFlip,1.00,112.4,0
71.94,FSM Enemy 5,FSM,TakeCoverState,GravityFlip,0.80,57.5,0
71.94,FSM Enemy 9,FSM,TakeCoverState,GravityFlip,1.00,60.1,0
71.94,Utility Enemy 10,Utility,TakeCoverAction,GravityFlip,1.00,70.1,0
71.94,Utility Enemy 8,Utility,TakeCoverAction,GravityFlip,1.00,65.5,0
71.94,Utility Enemy 6,Utility,TakeCoverAction,GravityFlip,1.00,84.9,0
71.94,Utility Enemy 4,Utility,TakeCoverAction,GravityFlip,1.00,72.4,0
71.94,Utility Enemy 11,Utility,TakeCoverAction,GravityFlip,1.00,45.9,0
71.94,Utility Enemy 15,Utility,Dead,GravityFlip,0.00,10.9,0
71.94,Utility Enemy 1,Utility,TakeCoverAction,GravityFlip,1.00,86.7,0
71.94,Utility Enemy 12,Utility,TakeCoverAction,GravityFlip,1.00,71.8,0
71.94,Utility Enemy 9,Utility,TakeCoverAction,GravityFlip,1.00,63.4,0
71.94,Utility Enemy 5,Utility,TakeCoverAction,GravityFlip,1.00,40.7,0
71.94,Utility Enemy 3,Utility,TakeCoverAction,GravityFlip,1.00,29.2,0
71.94,Utility Enemy 7,Utility,TakeCoverAction,GravityFlip,1.00,80.1,0
71.94,Utility Enemy 14,Utility,TakeCoverAction,GravityFlip,1.00,54.9,0
71.94,Utility Enemy 2,Utility,TakeCoverAction,GravityFlip,1.00,44.7,0
71.94,Utility Enemy 13,Utility,TakeCoverAction,GravityFlip,1.00,62.6,0
72.45,Player,Player,-,GravityFlip,0.36,,0
72.45,FSM Enemy 6,FSM,TakeCoverState,GravityFlip,0.40,71.8,0
72.45,FSM Enemy 12,FSM,TakeCoverState,GravityFlip,1.00,70.2,0
72.45,FSM Enemy 4,FSM,TakeCoverState,GravityFlip,0.50,52.2,0
72.45,FSM Enemy 2,FSM,Dead,GravityFlip,0.00,1.8,0
72.45,FSM Enemy 13,FSM,TakeCoverState,GravityFlip,1.00,97.9,0
72.45,FSM Enemy 10,FSM,TakeCoverState,GravityFlip,1.00,20.3,0
72.45,FSM Enemy 3,FSM,TakeCoverState,GravityFlip,1.00,74.1,0
72.45,FSM Enemy 1,FSM,TakeCoverState,GravityFlip,1.00,83.3,0
72.45,FSM Enemy 14,FSM,TakeCoverState,GravityFlip,0.70,11.0,0
72.45,FSM Enemy 8,FSM,TakeCoverState,GravityFlip,1.00,56.3,0
72.45,FSM Enemy 11,FSM,TakeCoverState,GravityFlip,0.40,114.0,0
72.45,FSM Enemy 15,FSM,TakeCoverState,GravityFlip,0.90,92.4,0
72.45,FSM Enemy 7,FSM,TakeCoverState,GravityFlip,1.00,112.6,0
72.45,FSM Enemy 5,FSM,TakeCoverState,GravityFlip,0.80,57.6,0
72.45,FSM Enemy 9,FSM,TakeCoverState,GravityFlip,1.00,60.2,0
72.45,Utility Enemy 10,Utility,TakeCoverAction,GravityFlip,1.00,70.3,0
72.45,Utility Enemy 8,Utility,TakeCoverAction,GravityFlip,1.00,65.8,0
72.45,Utility Enemy 6,Utility,TakeCoverAction,GravityFlip,1.00,84.5,0
72.45,Utility Enemy 4,Utility,TakeCoverAction,GravityFlip,1.00,70.1,0
72.45,Utility Enemy 11,Utility,TakeCoverAction,GravityFlip,1.00,43.6,0
72.45,Utility Enemy 15,Utility,Dead,GravityFlip,0.00,10.8,0
72.45,Utility Enemy 1,Utility,TakeCoverAction,GravityFlip,1.00,87.8,0
72.45,Utility Enemy 12,Utility,TakeCoverAction,GravityFlip,1.00,72.0,0
72.45,Utility Enemy 9,Utility,TakeCoverAction,GravityFlip,1.00,63.7,0
72.45,Utility Enemy 5,Utility,TakeCoverAction,GravityFlip,1.00,40.7,0
72.45,Utility Enemy 3,Utility,TakeCoverAction,GravityFlip,1.00,29.4,0
72.45,Utility Enemy 7,Utility,TakeCoverAction,GravityFlip,1.00,80.3,0
72.45,Utility Enemy 14,Utility,TakeCoverAction,GravityFlip,1.00,55.1,0
72.45,Utility Enemy 2,Utility,TakeCoverAction,GravityFlip,1.00,43.5,0
72.45,Utility Enemy 13,Utility,TakeCoverAction,GravityFlip,1.00,62.9,0
72.96,Player,Player,-,GravityFlip,0.36,,0
72.96,FSM Enemy 6,FSM,TakeCoverState,GravityFlip,0.40,71.6,0
72.96,FSM Enemy 12,FSM,TakeCoverState,GravityFlip,1.00,70.0,0
72.96,FSM Enemy 4,FSM,TakeCoverState,GravityFlip,0.50,52.5,0
72.96,FSM Enemy 2,FSM,Dead,GravityFlip,0.00,1.3,0
72.96,FSM Enemy 13,FSM,TakeCoverState,GravityFlip,1.00,97.6,0
72.96,FSM Enemy 10,FSM,TakeCoverState,GravityFlip,1.00,20.3,0
72.96,FSM Enemy 3,FSM,TakeCoverState,GravityFlip,1.00,73.9,0
72.96,FSM Enemy 1,FSM,TakeCoverState,GravityFlip,1.00,82.7,0
72.96,FSM Enemy 14,FSM,TakeCoverState,GravityFlip,0.70,11.2,0
72.96,FSM Enemy 8,FSM,TakeCoverState,GravityFlip,1.00,56.0,0
72.96,FSM Enemy 11,FSM,TakeCoverState,GravityFlip,0.40,113.8,0
72.96,FSM Enemy 15,FSM,TakeCoverState,GravityFlip,0.90,92.2,0
72.96,FSM Enemy 7,FSM,TakeCoverState,GravityFlip,1.00,112.4,0
72.96,FSM Enemy 5,FSM,TakeCoverState,GravityFlip,0.80,57.3,0
72.96,FSM Enemy 9,FSM,TakeCoverState,GravityFlip,1.00,60.2,0
72.96,Utility Enemy 10,Utility,TakeCoverAction,GravityFlip,1.00,70.6,0
72.96,Utility Enemy 8,Utility,TakeCoverAction,GravityFlip,1.00,66.0,0
72.96,Utility Enemy 6,Utility,TakeCoverAction,GravityFlip,1.00,84.3,0
72.96,Utility Enemy 4,Utility,TakeCoverAction,GravityFlip,1.00,67.8,0
72.96,Utility Enemy 11,Utility,TakeCoverAction,GravityFlip,1.00,41.3,0
72.96,Utility Enemy 15,Utility,Dead,GravityFlip,0.00,10.1,0
72.96,Utility Enemy 1,Utility,TakeCoverAction,GravityFlip,1.00,86.2,0
72.96,Utility Enemy 12,Utility,TakeCoverAction,GravityFlip,1.00,72.3,0
72.96,Utility Enemy 9,Utility,TakeCoverAction,GravityFlip,1.00,64.0,0
72.96,Utility Enemy 5,Utility,TakeCoverAction,GravityFlip,1.00,40.1,0
72.96,Utility Enemy 3,Utility,TakeCoverAction,GravityFlip,1.00,29.8,0
72.96,Utility Enemy 7,Utility,TakeCoverAction,GravityFlip,1.00,80.7,0
72.96,Utility Enemy 14,Utility,TakeCoverAction,GravityFlip,1.00,55.5,0
72.96,Utility Enemy 2,Utility,TakeCoverAction,GravityFlip,1.00,43.0,0
72.96,Utility Enemy 13,Utility,TakeCoverAction,GravityFlip,1.00,63.1,0
73.46,Player,Player,-,GravityFlip,0.36,,0
73.46,FSM Enemy 6,FSM,TakeCoverState,GravityFlip,0.40,70.0,0
73.46,FSM Enemy 12,FSM,TakeCoverState,GravityFlip,1.00,69.4,0
73.46,FSM Enemy 4,FSM,TakeCoverState,GravityFlip,0.50,52.5,0
73.46,FSM Enemy 2,FSM,Dead,GravityFlip,0.00,1.5,0
73.46,FSM Enemy 13,FSM,TakeCoverState,GravityFlip,1.00,96.9,0
73.46,FSM Enemy 10,FSM,TakeCoverState,GravityFlip,1.00,19.9,0
73.46,FSM Enemy 3,FSM,TakeCoverState,GravityFlip,1.00,73.3,0
73.46,FSM Enemy 1,FSM,TakeCoverState,GravityFlip,1.00,82.0,0
73.46,FSM Enemy 14,FSM,TakeCoverState,GravityFlip,0.70,10.9,1
73.46,FSM Enemy 8,FSM,TakeCoverState,GravityFlip,1.00,55.3,0
73.46,FSM Enemy 11,FSM,TakeCoverState,GravityFlip,0.40,113.2,0
73.46,FSM Enemy 15,FSM,TakeCoverState,GravityFlip,0.90,91.6,0
73.46,FSM Enemy 7,FSM,TakeCoverState,GravityFlip,1.00,111.8,0
73.46,FSM Enemy 5,FSM,TakeCoverState,GravityFlip,0.80,56.6,0
73.46,FSM Enemy 9,FSM,TakeCoverState,GravityFlip,1.00,59.7,0
73.46,Utility Enemy 10,Utility,TakeCoverAction,GravityFlip,1.00,70.5,0
73.46,Utility Enemy 8,Utility,TakeCoverAction,GravityFlip,1.00,65.8,0
73.46,Utility Enemy 6,Utility,TakeCoverAction,GravityFlip,1.00,83.6,0
73.46,Utility Enemy 4,Utility,TakeCoverAction,GravityFlip,1.00,67.0,0
73.46,Utility Enemy 11,Utility,TakeCoverAction,GravityFlip,1.00,40.5,0
73.46,Utility Enemy 15,Utility,Dead,GravityFlip,0.00,9.4,0
73.46,Utility Enemy 1,Utility,TakeCoverAction,GravityFlip,1.00,84.1,0
73.46,Utility Enemy 12,Utility,TakeCoverAction,GravityFlip,1.00,72.1,0
73.46,Utility Enemy 9,Utility,TakeCoverAction,GravityFlip,1.00,63.8,0
73.46,Utility Enemy 5,Utility,TakeCoverAction,GravityFlip,0.50,39.3,0
73.46,Utility Enemy 3,Utility,TakeCoverAction,GravityFlip,1.00,29.9,0
73.46,Utility Enemy 7,Utility,TakeCoverAction,GravityFlip,1.00,80.5,0
73.46,Utility Enemy 14,Utility,TakeCoverAction,GravityFlip,1.00,55.4,0
73.46,Utility Enemy 2,Utility,TakeCoverAction,GravityFlip,1.00,42.3,0
73.46,Utility Enemy 13,Utility,TakeCoverAction,GravityFlip,1.00,62.8,0
73.96,Player,Player,-,GravityFlip,0.36,,0
73.96,FSM Enemy 6,FSM,TakeCoverState,GravityFlip,0.40,69.6,0
73.96,FSM Enemy 12,FSM,TakeCoverState,GravityFlip,1.00,68.9,0
73.96,FSM Enemy 4,FSM,TakeCoverState,GravityFlip,0.50,52.4,0
73.96,FSM Enemy 2,FSM,Dead,GravityFlip,0.00,2.0,0
73.96,FSM Enemy 13,FSM,TakeCoverState,GravityFlip,1.00,96.2,0
73.96,FSM Enemy 10,FSM,TakeCoverState,GravityFlip,1.00,19.5,1
73.96,FSM Enemy 3,FSM,TakeCoverState,GravityFlip,1.00,72.8,0
73.96,FSM Enemy 1,FSM,TakeCoverState,GravityFlip,1.00,81.2,0
73.96,FSM Enemy 14,FSM,TakeCoverState,GravityFlip,0.70,10.7,1
73.96,FSM Enemy 8,FSM,TakeCoverState,GravityFlip,1.00,54.6,0
73.96,FSM Enemy 11,FSM,TakeCoverState,GravityFlip,0.40,112.6,0
73.96,FSM Enemy 15,FSM,TakeCoverState,GravityFlip,0.90,91.0,0
73.96,FSM Enemy 7,FSM,TakeCoverState,GravityFlip,1.00,111.2,0
73.96,FSM Enemy 5,FSM,TakeCoverState,GravityFlip,0.80,55.9,0
73.96,FSM Enemy 9,FSM,TakeCoverState,GravityFlip,1.00,59.2,0
73.96,Utility Enemy 10,Utility,TakeCoverAction,GravityFlip,1.00,70.4,0
73.96,Utility Enemy 8,Utility,TakeCoverAction,GravityFlip,1.00,65.6,0
73.96,Utility Enemy 6,Utility,TakeCoverAction,GravityFlip,1.00,82.9,0
73.96,Utility Enemy 4,Utility,TakeCoverAction,GravityFlip,1.00,66.2,0
73.96,Utility Enemy 11,Utility,TakeCoverAction,GravityFlip,1.00,39.7,0
73.96,Utility Enemy 15,Utility,Dead,GravityFlip,0.00,8.8,0
73.96,Utility Enemy 1,Utility,TakeCoverAction,GravityFlip,1.00,82.0,0
73.96,Utility Enemy 12,Utility,TakeCoverAction,GravityFlip,1.00,72.0,0
73.96,Utility Enemy 9,Utility,TakeCoverAction,GravityFlip,1.00,63.6,0
73.96,Utility Enemy 5,Utility,Dead,GravityFlip,0.00,38.6,0
73.96,Utility Enemy 3,Utility,TakeCoverAction,GravityFlip,1.00,30.0,0
73.96,Utility Enemy 7,Utility,TakeCoverAction,GravityFlip,1.00,80.4,0
73.96,Utility Enemy 14,Utility,TakeCoverAction,GravityFlip,1.00,55.3,0
73.96,Utility Enemy 2,Utility,TakeCoverAction,GravityFlip,1.00,41.6,0
73.96,Utility Enemy 13,Utility,TakeCoverAction,GravityFlip,1.00,62.6,0
74.47,Player,Player,-,GravityFlip,0.31,,0
74.47,FSM Enemy 6,FSM,TakeCoverState,GravityFlip,0.40,69.3,0
74.47,FSM Enemy 12,FSM,TakeCoverState,GravityFlip,1.00,68.4,0
74.47,FSM Enemy 4,FSM,TakeCoverState,GravityFlip,0.50,52.3,0
74.47,FSM Enemy 2,FSM,Dead,GravityFlip,0.00,2.7,0
74.47,FSM Enemy 13,FSM,TakeCoverState,GravityFlip,1.00,95.5,0
74.47,FSM Enemy 10,FSM,TakeCoverState,GravityFlip,1.00,19.1,1
74.47,FSM Enemy 3,FSM,TakeCoverState,GravityFlip,1.00,72.2,0
74.47,FSM Enemy 1,FSM,TakeCoverState,GravityFlip,1.00,80.4,0
74.47,FSM Enemy 14,FSM,TakeCoverState,GravityFlip,0.70,10.5,0
74.47,FSM Enemy 8,FSM,TakeCoverState,GravityFlip,1.00,53.9,0
74.47,FSM Enemy 11,FSM,TakeCoverState,GravityFlip,0.40,111.9,0
74.47,FSM Enemy 15,FSM,TakeCoverState,GravityFlip,0.90,90.3,0
74.47,FSM Enemy 7,FSM,TakeCoverState,GravityFlip,1.00,110.5,0
74.47,FSM Enemy 5,FSM,TakeCoverState,GravityFlip,0.80,55.2,0
74.47,FSM Enemy 9,FSM,TakeCoverState,GravityFlip,1.00,58.7,0
74.47,Utility Enemy 10,Utility,TakeCoverAction,GravityFlip,1.00,70.3,0
74.47,Utility Enemy 8,Utility,TakeCoverAction,GravityFlip,1.00,65.4,0
74.47,Utility Enemy 6,Utility,TakeCoverAction,GravityFlip,1.00,82.2,0
74.47,Utility Enemy 4,Utility,TakeCoverAction,GravityFlip,1.00,65.4,0
74.47,Utility Enemy 11,Utility,TakeCoverAction,GravityFlip,0.75,38.9,0
74.47,Utility Enemy 15,Utility,Dead,GravityFlip,0.00,8.1,0
74.47,Utility Enemy 1,Utility,TakeCoverAction,GravityFlip,1.00,79.9,0
74.47,Utility Enemy 12,Utility,TakeCoverAction,GravityFlip,1.00,71.9,0
74.47,Utility Enemy 9,Utility,TakeCoverAction,GravityFlip,1.00,63.5,0
74.47,Utility Enemy 5,Utility,Dead,GravityFlip,0.00,37.8,0
74.47,Utility Enemy 3,Utility,TakeCoverAction,GravityFlip,1.00,30.0,0
74.47,Utility Enemy 7,Utility,TakeCoverAction,GravityFlip,1.00,80.3,0
74.47,Utility Enemy 14,Utility,TakeCoverAction,GravityFlip,1.00,55.3,0
74.47,Utility Enemy 2,Utility,TakeCoverAction,GravityFlip,1.00,40.9,0
74.47,Utility Enemy 13,Utility,TakeCoverAction,GravityFlip,1.00,62.4,0
74.98,Player,Player,-,GravityFlip,0.25,,0
74.98,FSM Enemy 6,FSM,TakeCoverState,GravityFlip,0.40,69.0,0
74.98,FSM Enemy 12,FSM,TakeCoverState,GravityFlip,1.00,67.9,0
74.98,FSM Enemy 4,FSM,TakeCoverState,GravityFlip,0.50,52.2,0
74.98,FSM Enemy 2,FSM,Dead,GravityFlip,0.00,3.4,0
74.98,FSM Enemy 13,FSM,TakeCoverState,GravityFlip,1.00,94.8,0
74.98,FSM Enemy 10,FSM,TakeCoverState,GravityFlip,1.00,18.8,1
74.98,FSM Enemy 3,FSM,TakeCoverState,GravityFlip,1.00,71.6,0
74.98,FSM Enemy 1,FSM,TakeCoverState,GravityFlip,1.00,79.7,0
74.98,FSM Enemy 14,FSM,TakeCoverState,GravityFlip,0.70,10.4,1
74.98,FSM Enemy 8,FSM,TakeCoverState,GravityFlip,1.00,53.2,0
74.98,FSM Enemy 11,FSM,TakeCoverState,GravityFlip,0.40,111.3,0
74.98,FSM Enemy 15,FSM,TakeCoverState,GravityFlip,0.90,89.7,0
74.98,FSM Enemy 7,FSM,TakeCoverState,GravityFlip,1.00,109.9,0
74.98,FSM Enemy 5,FSM,TakeCoverState,GravityFlip,0.80,54.5,0
74.98,FSM Enemy 9,FSM,TakeCoverState,GravityFlip,1.00,58.2,0
74.98,Utility Enemy 10,Utility,TakeCoverAction,GravityFlip,1.00,70.2,0
74.98,Utility Enemy 8,Utility,TakeCoverAction,GravityFlip,1.00,65.1,0
74.98,Utility Enemy 6,Utility,TakeCoverAction,GravityFlip,1.00,81.5,0
74.98,Utility Enemy 4,Utility,TakeCoverAction,GravityFlip,1.00,64.6,0
74.98,Utility Enemy 11,Utility,Dead,GravityFlip,0.00,38.1,0
74.98,Utility Enemy 15,Utility,Dead,GravityFlip,0.00,7.6,0
74.98,Utility Enemy 1,Utility,TakeCoverAction,GravityFlip,1.00,77.8,0
74.98,Utility Enemy 12,Utility,TakeCoverAction,GravityFlip,1.00,71.7,0
74.98,Utility Enemy 9,Utility,TakeCoverAction,GravityFlip,1.00,63.3,0
74.98,Utility Enemy 5,Utility,Dead,GravityFlip,0.00,37.1,0
74.98,Utility Enemy 3,Utility,TakeCoverAction,GravityFlip,1.00,30.1,0
74.98,Utility Enemy 7,Utility,TakeCoverAction,GravityFlip,1.00,80.2,0
74.98,Utility Enemy 14,Utility,TakeCoverAction,GravityFlip,1.00,55.2,0
74.98,Utility Enemy 2,Utility,TakeCoverAction,GravityFlip,1.00,40.1,0
74.98,Utility Enemy 13,Utility,TakeCoverAction,GravityFlip,1.00,62.1,0
75.48,Player,Player,-,GravityFlip,0.20,,0
75.48,FSM Enemy 6,FSM,TakeCoverState,GravityFlip,0.40,68.6,0
75.48,FSM Enemy 12,FSM,TakeCoverState,GravityFlip,1.00,67.2,0
75.48,FSM Enemy 4,FSM,TakeCoverState,GravityFlip,0.50,52.0,0
75.48,FSM Enemy 2,FSM,Dead,GravityFlip,0.00,4.2,0
75.48,FSM Enemy 13,FSM,TakeCoverState,GravityFlip,1.00,93.9,0
75.48,FSM Enemy 10,FSM,TakeCoverState,GravityFlip,1.00,18.3,1
75.48,FSM Enemy 3,FSM,TakeCoverState,GravityFlip,1.00,70.9,0
75.48,FSM Enemy 1,FSM,TakeCoverState,GravityFlip,1.00,78.9,0
75.48,FSM Enemy 14,FSM,TakeCoverState,GravityFlip,0.70,10.2,1
75.48,FSM Enemy 8,FSM,TakeCoverState,GravityFlip,1.00,52.4,0
75.48,FSM Enemy 11,FSM,TakeCoverState,GravityFlip,0.40,110.5,0
75.48,FSM Enemy 15,FSM,TakeCoverState,GravityFlip,0.90,88.9,0
75.48,FSM Enemy 7,FSM,TakeCoverState,GravityFlip,1.00,109.1,0
75.48,FSM Enemy 5,FSM,TakeCoverState,GravityFlip,0.80,53.7,0
75.48,FSM Enemy 9,FSM,TakeCoverState,GravityFlip,1.00,57.6,0
75.48,Utility Enemy 10,Utility,TakeCoverAction,GravityFlip,1.00,69.9,0
75.48,Utility Enemy 8,Utility,TakeCoverAction,GravityFlip,1.00,64.8,0
75.48,Utility Enemy 6,Utility,TakeCoverAction,GravityFlip,1.00,80.7,0
75.48,Utility Enemy 4,Utility,TakeCoverAction,GravityFlip,1.00,63.8,0
75.48,Utility Enemy 11,Utility,Dead,GravityFlip,0.00,37.3,0
75.48,Utility Enemy 15,Utility,Dead,GravityFlip,0.00,7.1,0
75.48,Utility Enemy 1,Utility,TakeCoverAction,GravityFlip,1.00,75.6,0
75.48,Utility Enemy 12,Utility,TakeCoverAction,GravityFlip,1.00,71.4,0
75.48,Utility Enemy 9,Utility,TakeCoverAction,GravityFlip,1.00,63.0,0
75.48,Utility Enemy 5,Utility,Dead,GravityFlip,0.00,36.3,0
75.48,Utility Enemy 3,Utility,TakeCoverAction,GravityFlip,1.00,30.1,0
75.48,Utility Enemy 7,Utility,TakeCoverAction,GravityFlip,1.00,79.9,0
75.48,Utility Enemy 14,Utility,TakeCoverAction,GravityFlip,1.00,54.9,0
75.48,Utility Enemy 2,Utility,TakeCoverAction,GravityFlip,1.00,39.3,0
75.48,Utility Enemy 13,Utility,TakeCoverAction,GravityFlip,1.00,61.8,0
75.99,Player,Player,-,GravityFlip,0.20,,0
75.99,FSM Enemy 6,FSM,TakeCoverState,GravityFlip,0.40,67.8,0
75.99,FSM Enemy 12,FSM,TakeCoverState,GravityFlip,1.00,66.4,0
75.99,FSM Enemy 4,FSM,TakeCoverState,GravityFlip,0.50,51.4,0
75.99,FSM Enemy 2,FSM,PatrolState,GravityFlip,1.00,77.9,0
75.99,FSM Enemy 13,FSM,TakeCoverState,GravityFlip,1.00,93.1,0
75.99,FSM Enemy 10,FSM,TakeCoverState,GravityFlip,1.00,17.5,1
75.99,FSM Enemy 3,FSM,TakeCoverState,GravityFlip,1.00,70.0,0
75.99,FSM Enemy 1,FSM,TakeCoverState,GravityFlip,1.00,78.5,0
75.99,FSM Enemy 14,FSM,TakeCoverState,GravityFlip,0.20,9.6,1
75.99,FSM Enemy 8,FSM,TakeCoverState,GravityFlip,1.00,51.6,0
75.99,FSM Enemy 11,FSM,TakeCoverState,GravityFlip,0.40,109.7,0
75.99,FSM Enemy 15,FSM,TakeCoverState,GravityFlip,0.90,88.1,0
75.99,FSM Enemy 7,FSM,TakeCoverState,GravityFlip,1.00,108.3,0
75.99,FSM Enemy 5,FSM,TakeCoverState,GravityFlip,0.80,52.9,0
75.99,FSM Enemy 9,FSM,TakeCoverState,GravityFlip,1.00,56.7,0
75.99,Utility Enemy 10,Utility,TakeCoverAction,GravityFlip,1.00,69.3,0
75.99,Utility Enemy 8,Utility,TakeCoverAction,GravityFlip,1.00,64.0,0
75.99,Utility Enemy 6,Utility,TakeCoverAction,GravityFlip,1.00,79.9,0
75.99,Utility Enemy 4,Utility,TakeCoverAction,GravityFlip,1.00,63.4,0
75.99,Utility Enemy 11,Utility,Dead,GravityFlip,0.00,36.8,0
75.99,Utility Enemy 15,Utility,Dead,GravityFlip,0.00,7.2,0
75.99,Utility Enemy 1,Utility,TakeCoverAction,GravityFlip,1.00,75.1,0
75.99,Utility Enemy 12,Utility,TakeCoverAction,GravityFlip,1.00,70.7,0
75.99,Utility Enemy 9,Utility,TakeCoverAction,GravityFlip,1.00,62.2,0
75.99,Utility Enemy 5,Utility,Dead,GravityFlip,0.00,35.9,0
75.99,Utility Enemy 3,Utility,TakeCoverAction,GravityFlip,1.00,29.6,0
75.99,Utility Enemy 7,Utility,TakeCoverAction,GravityFlip,1.00,79.2,0
75.99,Utility Enemy 14,Utility,TakeCoverAction,GravityFlip,1.00,54.3,0
75.99,Utility Enemy 2,Utility,TakeCoverAction,GravityFlip,1.00,38.5,0
75.99,Utility Enemy 13,Utility,TakeCoverAction,GravityFlip,1.00,61.0,0
76.50,Player,Player,-,None,0.15,,0
76.50,FSM Enemy 6,FSM,PatrolState,None,0.40,67.8,0
76.50,FSM Enemy 12,FSM,PatrolState,None,1.00,65.8,0
76.50,FSM Enemy 4,FSM,PatrolState,None,0.50,50.9,0
76.50,FSM Enemy 2,FSM,PatrolState,None,1.00,76.7,0
76.50,FSM Enemy 13,FSM,PatrolState,None,1.00,92.6,0
76.50,FSM Enemy 10,FSM,AttackState,None,1.00,16.8,1
76.50,FSM Enemy 3,FSM,PatrolState,None,1.00,69.0,0
76.50,FSM Enemy 1,FSM,PatrolState,None,1.00,78.3,0
76.50,FSM Enemy 14,FSM,Dead,None,0.00,8.7,1
76.50,FSM Enemy 8,FSM,PatrolState,None,1.00,51.8,0
76.50,FSM Enemy 11,FSM,PatrolState,None,0.40,108.6,0
76.50,FSM Enemy 15,FSM,PatrolState,None,0.90,87.2,0
76.50,FSM Enemy 7,FSM,PatrolState,None,1.00,107.2,0
76.50,FSM Enemy 5,FSM,PatrolState,None,0.80,53.1,0
76.50,FSM Enemy 9,FSM,PatrolState,None,1.00,56.7,0
76.50,Utility Enemy 10,Utility,AttackAction,None,1.00,68.4,0
76.50,Utility Enemy 8,Utility,AttackAction,None,1.00,63.3,0
76.50,Utility Enemy 6,Utility,AttackAction,None,1.00,79.6,0
76.50,Utility Enemy 4,Utility,AttackAction,None,1.00,63.6,0
76.50,Utility Enemy 11,Utility,Dead,None,0.00,37.1,0
76.50,Utility Enemy 15,Utility,Dead,None,0.00,8.0,0
76.50,Utility Enemy 1,Utility,AttackAction,None,1.00,75.3,0
76.50,Utility Enemy 12,Utility,AttackAction,None,1.00,69.9,0
76.50,Utility Enemy 9,Utility,AttackAction,None,1.00,61.5,0
76.50,Utility Enemy 5,Utility,Dead,None,0.00,36.2,0
76.50,Utility Enemy 3,Utility,AttackAction,None,1.00,28.7,0
76.50,Utility Enemy 7,Utility,AttackAction,None,1.00,78.4,0
76.50,Utility Enemy 14,Utility,AttackAction,None,1.00,53.5,0
76.50,Utility Enemy 2,Utility,AttackAction,None,1.00,38.4,0
76.50,Utility Enemy 13,Utility,AttackAction,None,1.00,60.2,0
77.00,Player,Player,-,None,0.15,,0
77.00,FSM Enemy 6,FSM,PatrolState,None,0.40,68.4,0
77.00,FSM Enemy 12,FSM,PatrolState,None,1.00,65.1,0
77.00,FSM Enemy 4,FSM,PatrolState,None,0.50,51.1,0
77.00,FSM Enemy 2,FSM,PatrolState,None,1.00,75.5,0
77.00,FSM Enemy 13,FSM,PatrolState,None,1.00,91.9,0
77.00,FSM Enemy 10,FSM,AttackState,None,1.00,16.1,1
77.00,FSM Enemy 3,FSM,PatrolState,None,1.00,67.4,0
77.00,FSM Enemy 1,FSM,PatrolState,None,1.00,77.4,0
77.00,FSM Enemy 14,FSM,Dead,None,0.00,8.0,1
77.00,FSM Enemy 8,FSM,PatrolState,None,1.00,52.4,0
77.00,FSM Enemy 11,FSM,PatrolState,None,0.40,107.1,0
77.00,FSM Enemy 15,FSM,PatrolState,None,0.90,86.0,0
77.00,FSM Enemy 7,FSM,PatrolState,None,1.00,105.6,0
77.00,FSM Enemy 5,FSM,PatrolState,None,0.80,53.6,0
77.00,FSM Enemy 9,FSM,PatrolState,None,1.00,56.4,0
77.00,Utility Enemy 10,Utility,AttackAction,None,1.00,67.7,0
77.00,Utility Enemy 8,Utility,AttackAction,None,1.00,62.5,0
77.00,Utility Enemy 6,Utility,AttackAction,None,1.00,79.2,0
77.00,Utility Enemy 4,Utility,AttackAction,None,1.00,63.7,0
77.00,Utility Enemy 11,Utility,Dead,None,0.00,37.2,0
77.00,Utility Enemy 15,Utility,Dead,None,0.00,8.6,0
77.00,Utility Enemy 1,Utility,AttackAction,None,1.00,75.3,0
77.00,Utility Enemy 12,Utility,AttackAction,None,1.00,69.2,0
77.00,Utility Enemy 9,Utility,AttackAction,None,1.00,60.7,0
77.00,Utility Enemy 5,Utility,Dead,None,0.00,36.4,0
77.00,Utility Enemy 3,Utility,AttackAction,None,1.00,28.0,0
77.00,Utility Enemy 7,Utility,AttackAction,None,1.00,77.6,0
77.00,Utility Enemy 14,Utility,AttackAction,None,1.00,52.7,0
77.00,Utility Enemy 2,Utility,AttackAction,None,1.00,38.1,0
77.00,Utility Enemy 13,Utility,AttackAction,None,1.00,59.5,0
77.50,Player,Player,-,None,0.15,,0
77.50,FSM Enemy 6,FSM,PatrolState,None,0.40,68.8,0
77.50,FSM Enemy 12,FSM,PatrolState,None,1.00,64.3,0
77.50,FSM Enemy 4,FSM,PatrolState,None,0.50,51.5,0
77.50,FSM Enemy 2,FSM,PatrolState,None,1.00,74.1,0
77.50,FSM Enemy 13,FSM,PatrolState,None,1.00,91.1,0
77.50,FSM Enemy 10,FSM,AttackState,None,1.00,15.3,1
77.50,FSM Enemy 3,FSM,PatrolState,None,1.00,65.8,0
77.50,FSM Enemy 1,FSM,PatrolState,None,1.00,76.4,0
77.50,FSM Enemy 14,FSM,Dead,None,0.00,7.2,1
77.50,FSM Enemy 8,FSM,PatrolState,None,1.00,52.8,0
77.50,FSM Enemy 11,FSM,PatrolState,None,0.40,105.5,0
77.50,FSM Enemy 15,FSM,PatrolState,None,0.90,84.7,0
77.50,FSM Enemy 7,FSM,PatrolState,None,1.00,103.8,0
77.50,FSM Enemy 5,FSM,PatrolState,None,0.80,54.1,0
77.50,FSM Enemy 9,FSM,PatrolState,None,1.00,56.0,0
77.50,Utility Enemy 10,Utility,AttackAction,None,1.00,66.9,0
77.50,Utility Enemy 8,Utility,AttackAction,None,1.00,61.7,0
77.50,Utility Enemy 6,Utility,AttackAction,None,1.00,78.8,0
77.50,Utility Enemy 4,Utility,AttackAction,None,1.00,63.8,0
77.50,Utility Enemy 11,Utility,Dead,None,0.00,37.3,0
77.50,Utility Enemy 15,Utility,Dead,None,0.00,9.3,0
77.50,Utility Enemy 1,Utility,AttackAction,None,1.00,75.3,0
77.50,Utility Enemy 12,Utility,AttackAction,None,1.00,68.4,0
77.50,Utility Enemy 9,Utility,AttackAction,None,1.00,59.9,0
77.50,Utility Enemy 5,Utility,Dead,None,0.00,36.6,0
77.50,Utility Enemy 3,Utility,AttackAction,None,1.00,27.2,0
77.50,Utility Enemy 7,Utility,AttackAction,None,1.00,76.8,0
77.50,Utility Enemy 14,Utility,AttackAction,None,1.00,51.9,0
77.50,Utility Enemy 2,Utility,AttackAction,None,1.00,37.8,0
77.50,Utility Enemy 13,Utility,AttackAction,None,1.00,58.7,0
78.01,Player,Player,-,None,0.15,,0
78.01,FSM Enemy 6,FSM,PatrolState,None,0.40,69.2,0
78.01,FSM Enemy 12,FSM,PatrolState,None,1.00,63.6,0
78.01,FSM Enemy 4,FSM,PatrolState,None,0.50,52.0,0
78.01,FSM Enemy 2,FSM,PatrolState,None,1.00,72.3,0
78.01,FSM Enemy 13,FSM,PatrolState,None,1.00,90.4,0
78.01,FSM Enemy 10,FSM,Dead,None,0.00,14.6,1
78.01,FSM Enemy 3,FSM,PatrolState,None,1.00,64.2,0
78.01,FSM Enemy 1,FSM,PatrolState,None,1.00,75.5,0
78.01,FSM Enemy 14,FSM,Dead,None,0.00,6.4,1
78.01,FSM Enemy 8,FSM,PatrolState,None,1.00,53.3,0
78.01,FSM Enemy 11,FSM,PatrolState,None,0.40,103.9,0
78.01,FSM Enemy 15,FSM,PatrolState,None,0.90,83.4,0
78.01,FSM Enemy 7,FSM,PatrolState,None,1.00,102.1,0
78.01,FSM Enemy 5,FSM,PatrolState,None,0.80,54.6,0
78.01,FSM Enemy 9,FSM,PatrolState,None,1.00,55.6,0
78.01,Utility Enemy 10,Utility,AttackAction,None,1.00,66.1,0
78.01,Utility Enemy 8,Utility,AttackAction,None,1.00,60.9,0
78.01,Utility Enemy 6,Utility,AttackAction,None,1.00,78.3,0
78.01,Utility Enemy 4,Utility,AttackAction,None,1.00,63.8,0
78.01,Utility Enemy 11,Utility,Dead,None,0.00,37.3,0
78.01,Utility Enemy 15,Utility,Dead,None,0.00,9.9,0
78.01,Utility Enemy 1,Utility,AttackAction,None,1.00,75.3,0
78.01,Utility Enemy 12,Utility,AttackAction,None,1.00,67.6,0
78.01,Utility Enemy 9,Utility,AttackAction,None,1.00,59.1,0
78.01,Utility Enemy 5,Utility,Dead,None,0.00,36.7,0
78.01,Utility Enemy 3,Utility,AttackAction,None,1.00,26.5,0
78.01,Utility Enemy 7,Utility,AttackAction,None,1.00,76.0,0
78.01,Utility Enemy 14,Utility,AttackAction,None,1.00,51.1,0
78.01,Utility Enemy 2,Utility,AttackAction,None,1.00,37.4,0
78.01,Utility Enemy 13,Utility,AttackAction,None,1.00,57.9,0
78.51,Player,Player,-,None,0.15,,0
78.51,FSM Enemy 6,FSM,PatrolState,None,0.40,69.7,0
78.51,FSM Enemy 12,FSM,PatrolState,None,1.00,62.9,0
78.51,FSM Enemy 4,FSM,PatrolState,None,0.50,52.4,0
78.51,FSM Enemy 2,FSM,PatrolState,None,1.00,70.6,0
78.51,FSM Enemy 13,FSM,PatrolState,None,1.00,90.3,0
78.51,FSM Enemy 10,FSM,Dead,None,0.00,13.8,1
78.51,FSM Enemy 3,FSM,PatrolState,None,1.00,62.7,0
78.51,FSM Enemy 1,FSM,PatrolState,None,1.00,74.6,0
78.51,FSM Enemy 14,FSM,Dead,None,0.00,5.7,1
78.51,FSM Enemy 8,FSM,PatrolState,None,1.00,53.9,0
78.51,FSM Enemy 11,FSM,PatrolState,None,0.40,102.4,0
78.51,FSM Enemy 15,FSM,PatrolState,None,0.90,82.2,0
78.51,FSM Enemy 7,FSM,PatrolState,None,1.00,100.4,0
78.51,FSM Enemy 5,FSM,PatrolState,None,0.80,55.2,0
78.51,FSM Enemy 9,FSM,PatrolState,None,1.00,55.3,0
78.51,Utility Enemy 10,Utility,AttackAction,None,1.00,65.3,0
78.51,Utility Enemy 8,Utility,AttackAction,None,1.00,60.2,0
78.51,Utility Enemy 6,Utility,AttackAction,None,1.00,77.9,0
78.51,Utility Enemy 4,Utility,AttackAction,None,1.00,63.9,0
78.51,Utility Enemy 11,Utility,Dead,None,0.00,37.4,0
78.51,Utility Enemy 15,Utility,Dead,None,0.00,10.6,0
78.51,Utility Enemy 1,Utility,AttackAction,None,1.00,75.3,0
78.51,Utility Enemy 12,Utility,AttackAction,None,1.00,66.8,0
78.51,Utility Enemy 9,Utility,AttackAction,None,1.00,58.3,0
78.51,Utility Enemy 5,Utility,Dead,None,0.00,36.9,0
78.51,Utility Enemy 3,Utility,AttackAction,None,1.00,25.7,0
78.51,Utility Enemy 7,Utility,AttackAction,None,1.00,75.3,0
78.51,Utility Enemy 14,Utility,AttackAction,None,1.00,50.4,0
78.51,Utility Enemy 2,Utility,AttackAction,None,1.00,37.1,0
78.51,Utility Enemy 13,Utility,AttackAction,None,1.00,57.2,0
79.02,Player,Player,-,None,0.15,,0
79.02,FSM Enemy 6,FSM,PatrolState,None,0.40,70.2,0
79.02,FSM Enemy 12,FSM,PatrolState,None,1.00,62.4,0
79.02,FSM Enemy 4,FSM,PatrolState,None,0.50,52.9,0
79.02,FSM Enemy 2,FSM,PatrolState,None,1.00,69.2,0
79.02,FSM Enemy 13,FSM,PatrolState,None,1.00,90.8,0
79.02,FSM Enemy 10,FSM,Dead,None,0.00,13.3,1
79.02,FSM Enemy 3,FSM,PatrolState,None,1.00,61.5,0
79.02,FSM Enemy 1,FSM,PatrolState,None,1.00,74.1,0
79.02,FSM Enemy 14,FSM,Dead,None,0.00,4.8,1
79.02,FSM Enemy 8,FSM,PatrolState,None,1.00,54.9,0
79.02,FSM Enemy 11,FSM,PatrolState,None,0.40,101.2,0
79.02,FSM Enemy 15,FSM,PatrolState,None,0.90,81.3,0
79.02,FSM Enemy 7,FSM,PatrolState,None,1.00,99.0,0
79.02,FSM Enemy 5,FSM,PatrolState,None,0.80,56.2,0
79.02,FSM Enemy 9,FSM,PatrolState,None,1.00,55.3,0
79.02,Utility Enemy 10,Utility,AttackAction,None,1.00,64.6,0
79.02,Utility Enemy 8,Utility,AttackAction,None,1.00,59.5,0
79.02,Utility Enemy 6,Utility,AttackAction,None,1.00,77.9,0
79.02,Utility Enemy 4,Utility,AttackAction,None,1.00,64.4,0
79.02,Utility Enemy 11,Utility,Dead,None,0.00,37.9,0
79.02,Utility Enemy 15,Utility,Dead,None,0.00,11.4,0
79.02,Utility Enemy 1,Utility,AttackAction,None,1.00,75.7,0
79.02,Utility Enemy 12,Utility,AttackAction,None,1.00,66.1,0
79.02,Utility Enemy 9,Utility,AttackAction,None,1.00,57.6,0
79.02,Utility Enemy 5,Utility,Dead,None,0.00,37.5,0
79.02,Utility Enemy 3,Utility,AttackAction,None,1.00,24.9,0
79.02,Utility Enemy 7,Utility,AttackAction,None,1.00,74.5,0
79.02,Utility Enemy 14,Utility,AttackAction,None,1.00,49.6,0
79.02,Utility Enemy 2,Utility,AttackAction,None,1.00,37.2,0
79.02,Utility Enemy 13,Utility,AttackAction,None,1.00,56.5,0
79.52,Player,Player,-,None,0.15,,0
79.52,FSM Enemy 6,FSM,PatrolState,None,0.40,71.3,0
79.52,FSM Enemy 12,FSM,PatrolState,None,1.00,62.6,0
79.52,FSM Enemy 4,FSM,PatrolState,None,0.50,53.9,0
79.52,FSM Enemy 2,FSM,PatrolState,None,1.00,68.5,0
79.52,FSM Enemy 13,FSM,PatrolState,None,1.00,92.0,0
79.52,FSM Enemy 10,FSM,Dead,None,0.00,13.4,1
79.52,FSM Enemy 3,FSM,PatrolState,None,1.00,60.9,0
79.52,FSM Enemy 1,FSM,PatrolState,None,1.00,73.9,0
79.52,FSM Enemy 14,FSM,Dead,None,0.00,4.5,1
79.52,FSM Enemy 8,FSM,PatrolState,None,1.00,56.5,0
79.52,FSM Enemy 11,FSM,PatrolState,None,0.40,100.6,0
79.52,FSM Enemy 15,FSM,PatrolState,None,0.90,81.1,0
79.52,FSM Enemy 7,FSM,PatrolState,None,1.00,98.2,0
79.52,FSM Enemy 5,FSM,PatrolState,None,0.80,57.7,0
79.52,FSM Enemy 9,FSM,PatrolState,None,1.00,55.9,0
79.52,Utility Enemy 10,Utility,AttackAction,None,1.00,64.3,0
79.52,Utility Enemy 8,Utility,AttackAction,None,1.00,59.3,0
79.52,Utility Enemy 6,Utility,AttackAction,None,1.00,78.4,0
79.52,Utility Enemy 4,Utility,AttackAction,None,1.00,65.2,0
79.52,Utility Enemy 11,Utility,Dead,None,0.00,38.7,0
79.52,Utility Enemy 15,Utility,Dead,None,0.00,12.1,0
79.52,Utility Enemy 1,Utility,AttackAction,None,1.00,76.5,0
79.52,Utility Enemy 12,Utility,AttackAction,None,1.00,65.8,0
79.52,Utility Enemy 9,Utility,AttackAction,None,1.00,57.4,0
79.52,Utility Enemy 5,Utility,Dead,None,0.00,38.3,0
79.52,Utility Enemy 3,Utility,AttackAction,None,1.00,24.4,0
79.52,Utility Enemy 7,Utility,AttackAction,None,1.00,74.2,0
79.52,Utility Enemy 14,Utility,AttackAction,None,1.00,49.2,0
79.52,Utility Enemy 2,Utility,AttackAction,None,1.00,37.8,0
79.52,Utility Enemy 13,Utility,AttackAction,None,1.00,56.3,0
80.02,Player,Player,-,None,0.15,,0
80.02,FSM Enemy 6,FSM,PatrolState,None,0.40,72.5,0
80.02,FSM Enemy 12,FSM,PatrolState,None,1.00,62.6,0
80.02,FSM Enemy 4,FSM,PatrolState,None,0.50,54.5,0
80.02,FSM Enemy 2,FSM,PatrolState,None,1.00,67.3,0
80.02,FSM Enemy 13,FSM,PatrolState,None,1.00,92.6,0
80.02,FSM Enemy 10,FSM,Dead,None,0.00,13.4,1
80.02,FSM Enemy 3,FSM,PatrolState,None,1.00,60.0,0
80.02,FSM Enemy 1,FSM,PatrolState,None,1.00,73.3,0
80.02,FSM Enemy 14,FSM,Dead,None,0.00,4.4,1
80.02,FSM Enemy 8,FSM,PatrolState,None,1.00,56.2,0
80.02,FSM Enemy 11,FSM,PatrolState,None,0.40,99.7,0
80.02,FSM Enemy 15,FSM,PatrolState,None,0.90,80.4,0
80.02,FSM Enemy 7,FSM,PatrolState,None,1.00,97.0,0
80.02,FSM Enemy 5,FSM,PatrolState,None,0.80,58.8,0
80.02,FSM Enemy 9,FSM,PatrolState,None,1.00,56.4,0
80.02,Utility Enemy 10,Utility,AttackAction,None,1.00,64.2,0
80.02,Utility Enemy 8,Utility,AttackAction,None,1.00,59.3,0
80.02,Utility Enemy 6,Utility,AttackAction,None,1.00,78.4,0
80.02,Utility Enemy 4,Utility,AttackAction,None,1.00,65.2,0
80.02,Utility Enemy 11,Utility,Dead,None,0.00,38.8,0
80.02,Utility Enemy 15,Utility,Dead,None,0.00,12.1,0
80.02,Utility Enemy 1,Utility,AttackAction,None,1.00,76.5,0
80.02,Utility Enemy 12,Utility,AttackAction,None,1.00,65.8,0
80.02,Utility Enemy 9,Utility,AttackAction,None,1.00,57.4,0
80.02,Utility Enemy 5,Utility,Dead,None,0.00,38.4,0
80.02,Utility Enemy 3,Utility,AttackAction,None,1.00,24.3,0
80.02,Utility Enemy 7,Utility,AttackAction,None,1.00,74.2,0
80.02,Utility Enemy 14,Utility,AttackAction,None,1.00,49.2,0
80.02,Utility Enemy 2,Utility,AttackAction,None,1.00,37.9,0
80.02,Utility Enemy 13,Utility,AttackAction,None,1.00,56.3,0
80.53,Player,Player,-,None,0.15,,0
80.53,FSM Enemy 6,FSM,PatrolState,None,0.40,72.3,0
80.53,FSM Enemy 12,FSM,PatrolState,None,1.00,62.6,0
80.53,FSM Enemy 4,FSM,PatrolState,None,0.50,54.9,0
80.53,FSM Enemy 2,FSM,PatrolState,None,1.00,66.1,0
80.53,FSM Enemy 13,FSM,PatrolState,None,1.00,93.3,0
80.53,FSM Enemy 10,FSM,Dead,None,0.00,13.4,1
80.53,FSM Enemy 3,FSM,PatrolState,None,1.00,59.1,0
80.53,FSM Enemy 1,FSM,PatrolState,None,1.00,74.3,0
80.53,FSM Enemy 14,FSM,Dead,None,0.00,4.4,1
80.53,FSM Enemy 8,FSM,PatrolState,None,1.00,55.6,0
80.53,FSM Enemy 11,FSM,PatrolState,None,0.40,99.0,0
80.53,FSM Enemy 15,FSM,PatrolState,None,0.90,79.8,0
80.53,FSM Enemy 7,FSM,PatrolState,None,1.00,95.8,0
80.53,FSM Enemy 5,FSM,PatrolState,None,0.80,59.8,0
80.53,FSM Enemy 9,FSM,PatrolState,None,1.00,56.8,0
80.53,Utility Enemy 10,Utility,AttackAction,None,1.00,64.2,0
80.53,Utility Enemy 8,Utility,AttackAction,None,1.00,59.3,0
80.53,Utility Enemy 6,Utility,AttackAction,None,1.00,78.4,0
80.53,Utility Enemy 4,Utility,AttackAction,None,1.00,65.2,0
80.53,Utility Enemy 11,Utility,Dead,None,0.00,38.8,0
80.53,Utility Enemy 15,Utility,Dead,None,0.00,12.1,0
80.53,Utility Enemy 1,Utility,AttackAction,None,1.00,76.5,0
80.53,Utility Enemy 12,Utility,AttackAction,None,1.00,65.8,0
80.53,Utility Enemy 9,Utility,AttackAction,None,1.00,57.4,0
80.53,Utility Enemy 5,Utility,Dead,None,0.00,38.4,0
80.53,Utility Enemy 3,Utility,AttackAction,None,0.75,24.3,0
80.53,Utility Enemy 7,Utility,AttackAction,None,1.00,74.2,0
80.53,Utility Enemy 14,Utility,AttackAction,None,1.00,49.2,0
80.53,Utility Enemy 2,Utility,AttackAction,None,1.00,37.9,0
80.53,Utility Enemy 13,Utility,AttackAction,None,1.00,56.3,0
81.03,Player,Player,-,None,0.15,,0
81.03,FSM Enemy 6,FSM,PatrolState,None,0.40,71.7,0
81.03,FSM Enemy 12,FSM,PatrolState,None,1.00,62.7,0
81.03,FSM Enemy 4,FSM,PatrolState,None,0.40,55.2,0
81.03,FSM Enemy 2,FSM,PatrolState,None,1.00,64.9,0
81.03,FSM Enemy 13,FSM,PatrolState,None,1.00,94.5,0
81.03,FSM Enemy 10,FSM,Dead,None,0.00,13.4,1
81.03,FSM Enemy 3,FSM,PatrolState,None,1.00,58.2,0
81.03,FSM Enemy 1,FSM,PatrolState,None,1.00,75.3,0
81.03,FSM Enemy 14,FSM,Dead,None,0.00,4.4,1
81.03,FSM Enemy 8,FSM,PatrolState,None,1.00,55.0,0
81.03,FSM Enemy 11,FSM,PatrolState,None,0.40,99.1,0
81.03,FSM Enemy 15,FSM,PatrolState,None,0.90,79.1,0
81.03,FSM Enemy 7,FSM,PatrolState,None,1.00,94.7,0
81.03,FSM Enemy 5,FSM,PatrolState,None,0.80,60.8,0
81.03,FSM Enemy 9,FSM,PatrolState,None,1.00,57.3,0
81.03,Utility Enemy 10,Utility,AttackAction,None,1.00,64.2,0
81.03,Utility Enemy 8,Utility,AttackAction,None,1.00,59.3,0
81.03,Utility Enemy 6,Utility,AttackAction,None,1.00,78.4,0
81.03,Utility Enemy 4,Utility,AttackAction,None,1.00,65.2,0
81.03,Utility Enemy 11,Utility,Dead,None,0.00,38.8,0
81.03,Utility Enemy 15,Utility,Dead,None,0.00,12.1,0
81.03,Utility Enemy 1,Utility,AttackAction,None,1.00,76.5,0
81.03,Utility Enemy 12,Utility,AttackAction,None,1.00,65.8,0
81.03,Utility Enemy 9,Utility,AttackAction,None,1.00,57.4,0
81.03,Utility Enemy 5,Utility,Dead,None,0.00,38.4,0
81.03,Utility Enemy 3,Utility,AttackAction,None,0.25,24.3,0
81.03,Utility Enemy 7,Utility,AttackAction,None,1.00,74.2,0
81.03,Utility Enemy 14,Utility,AttackAction,None,1.00,49.2,0
81.03,Utility Enemy 2,Utility,AttackAction,None,1.00,37.9,0
81.03,Utility Enemy 13,Utility,AttackAction,None,1.00,56.3,0
81.53,Player,Player,-,None,0.15,,0
81.53,FSM Enemy 6,FSM,PatrolState,None,0.40,71.0,0
81.53,FSM Enemy 12,FSM,PatrolState,None,1.00,62.7,0
81.53,FSM Enemy 4,FSM,PatrolState,None,0.40,55.6,0
81.53,FSM Enemy 2,FSM,PatrolState,None,1.00,63.8,0
81.53,FSM Enemy 13,FSM,PatrolState,None,1.00,95.7,0
81.53,FSM Enemy 10,FSM,Dead,None,0.00,13.4,1
81.53,FSM Enemy 3,FSM,PatrolState,None,1.00,57.3,0
81.53,FSM Enemy 1,FSM,PatrolState,None,1.00,76.5,0
81.53,FSM Enemy 14,FSM,Dead,None,0.00,4.4,1
81.53,FSM Enemy 8,FSM,PatrolState,None,1.00,54.4,0
81.53,FSM Enemy 11,FSM,PatrolState,None,0.40,99.9,0
81.53,FSM Enemy 15,FSM,PatrolState,None,0.90,78.4,0
81.53,FSM Enemy 7,FSM,PatrolState,None,1.00,93.6,0
81.53,FSM Enemy 5,FSM,PatrolState,None,0.80,61.8,0
81.53,FSM Enemy 9,FSM,PatrolState,None,1.00,57.9,0
81.53,Utility Enemy 10,Utility,AttackAction,None,1.00,64.2,0
81.53,Utility Enemy 8,Utility,AttackAction,None,1.00,59.3,0
81.53,Utility Enemy 6,Utility,AttackAction,None,1.00,78.4,0
81.53,Utility Enemy 4,Utility,AttackAction,None,1.00,65.2,0
81.53,Utility Enemy 11,Utility,Dead,None,0.00,38.8,0
81.53,Utility Enemy 15,Utility,Dead,None,0.00,12.1,0
81.53,Utility Enemy 1,Utility,AttackAction,None,1.00,76.5,0
81.53,Utility Enemy 12,Utility,AttackAction,None,1.00,65.8,0
81.53,Utility Enemy 9,Utility,AttackAction,None,1.00,57.4,0
81.53,Utility Enemy 5,Utility,Dead,None,0.00,38.4,0
81.53,Utility Enemy 3,Utility,AttackAction,None,0.25,24.3,0
81.53,Utility Enemy 7,Utility,AttackAction,None,1.00,74.2,0
81.53,Utility Enemy 14,Utility,AttackAction,None,1.00,49.2,0
81.53,Utility Enemy 2,Utility,AttackAction,None,1.00,37.9,0
81.53,Utility Enemy 13,Utility,AttackAction,None,1.00,56.3,0
82.03,Player,Player,-,None,0.15,,0
82.03,FSM Enemy 6,FSM,PatrolState,None,0.40,70.4,0
82.03,FSM Enemy 12,FSM,PatrolState,None,1.00,62.9,0
82.03,FSM Enemy 4,FSM,PatrolState,None,0.40,55.9,0
82.03,FSM Enemy 2,FSM,PatrolState,None,1.00,62.9,0
82.03,FSM Enemy 13,FSM,PatrolState,None,1.00,96.9,0
82.03,FSM Enemy 10,FSM,Dead,None,0.00,13.4,1
82.03,FSM Enemy 3,FSM,PatrolState,None,1.00,56.4,0
82.03,FSM Enemy 1,FSM,PatrolState,None,1.00,77.7,0
82.03,FSM Enemy 14,FSM,Dead,None,0.00,4.4,1
82.03,FSM Enemy 8,FSM,PatrolState,None,1.00,53.6,0
82.03,FSM Enemy 11,FSM,PatrolState,None,0.40,100.8,0
82.03,FSM Enemy 15,FSM,PatrolState,None,0.90,77.9,0
82.03,FSM Enemy 7,FSM,PatrolState,None,1.00,92.6,0
82.03,FSM Enemy 5,FSM,PatrolState,None,0.80,62.8,0
82.03,FSM Enemy 9,FSM,PatrolState,None,1.00,57.8,0
82.03,Utility Enemy 10,Utility,AttackAction,None,1.00,64.2,0
82.03,Utility Enemy 8,Utility,AttackAction,None,1.00,59.3,0
82.03,Utility Enemy 6,Utility,AttackAction,None,1.00,78.4,0
82.03,Utility Enemy 4,Utility,AttackAction,None,1.00,65.2,0
82.03,Utility Enemy 11,Utility,Dead,None,0.00,38.8,0
82.03,Utility Enemy 15,Utility,Dead,None,0.00,12.1,0
82.03,Utility Enemy 1,Utility,AttackAction,None,1.00,76.5,0
82.03,Utility Enemy 12,Utility,AttackAction,None,1.00,65.8,0
82.03,Utility Enemy 9,Utility,AttackAction,None,1.00,57.4,0
82.03,Utility Enemy 5,Utility,Dead,None,0.00,38.4,0
82.03,Utility Enemy 3,Utility,AttackAction,None,0.25,24.3,0
82.03,Utility Enemy 7,Utility,AttackAction,None,1.00,74.2,0
82.03,Utility Enemy 14,Utility,AttackAction,None,1.00,49.2,0
82.03,Utility Enemy 2,Utility,AttackAction,None,1.00,37.9,0
82.03,Utility Enemy 13,Utility,AttackAction,None,1.00,56.3,0
82.54,Player,Player,-,None,0.15,,0
82.54,FSM Enemy 6,FSM,PatrolState,None,0.40,69.8,0
82.54,FSM Enemy 12,FSM,PatrolState,None,1.00,62.5,0
82.54,FSM Enemy 4,FSM,PatrolState,None,0.40,56.2,0
82.54,FSM Enemy 2,FSM,PatrolState,None,1.00,61.7,0
82.54,FSM Enemy 13,FSM,PatrolState,None,1.00,98.1,0
82.54,FSM Enemy 10,FSM,Dead,None,0.00,13.4,1
82.54,FSM Enemy 3,FSM,PatrolState,None,1.00,55.8,0
82.54,FSM Enemy 1,FSM,PatrolState,None,1.00,79.0,0
82.54,FSM Enemy 14,FSM,Dead,None,0.00,4.4,1
82.54,FSM Enemy 8,FSM,PatrolState,None,1.00,52.8,0
82.54,FSM Enemy 11,FSM,PatrolState,None,0.40,101.8,0
82.54,FSM Enemy 15,FSM,PatrolState,None,0.90,77.9,0
82.54,FSM Enemy 7,FSM,PatrolState,None,1.00,92.7,0
82.54,FSM Enemy 5,FSM,PatrolState,None,0.80,63.8,0
82.54,FSM Enemy 9,FSM,PatrolState,None,1.00,57.0,0
82.54,Utility Enemy 10,Utility,AttackAction,None,1.00,64.2,0
82.54,Utility Enemy 8,Utility,AttackAction,None,1.00,59.3,0
82.54,Utility Enemy 6,Utility,AttackAction,None,1.00,78.4,0
82.54,Utility Enemy 4,Utility,AttackAction,None,1.00,65.2,0
82.54,Utility Enemy 11,Utility,Dead,None,0.00,38.8,0
82.54,Utility Enemy 15,Utility,AttackAction,None,1.00,65.4,0
82.54,Utility Enemy 1,Utility,AttackAction,None,1.00,76.5,0
82.54,Utility Enemy 12,Utility,AttackAction,None,1.00,65.8,0
82.54,Utility Enemy 9,Utility,AttackAction,None,1.00,57.4,0
82.54,Utility Enemy 5,Utility,Dead,None,0.00,38.4,0
82.54,Utility Enemy 3,Utility,AttackAction,None,0.25,24.3,0
82.54,Utility Enemy 7,Utility,AttackAction,None,1.00,74.2,0
82.54,Utility Enemy 14,Utility,AttackAction,None,1.00,49.2,0
82.54,Utility Enemy 2,Utility,AttackAction,None,1.00,37.9,0
82.54,Utility Enemy 13,Utility,AttackAction,None,1.00,56.3,0
83.04,Player,Player,-,None,0.15,,0
83.04,FSM Enemy 6,FSM,PatrolState,None,0.40,69.2,0
83.04,FSM Enemy 12,FSM,PatrolState,None,1.00,61.9,0
83.04,FSM Enemy 4,FSM,PatrolState,None,0.30,55.1,0
83.04,FSM Enemy 2,FSM,PatrolState,None,1.00,60.5,0
83.04,FSM Enemy 13,FSM,PatrolState,None,1.00,99.4,0
83.04,FSM Enemy 10,FSM,Dead,None,0.00,13.4,1
83.04,FSM Enemy 3,FSM,PatrolState,None,1.00,55.1,0
83.04,FSM Enemy 1,FSM,PatrolState,None,1.00,80.2,0
83.04,FSM Enemy 14,FSM,Dead,None,0.00,4.4,1
83.04,FSM Enemy 8,FSM,PatrolState,None,1.00,52.0,0
83.04,FSM Enemy 11,FSM,PatrolState,None,0.40,102.8,0
83.04,FSM Enemy 15,FSM,PatrolState,None,0.90,78.3,0
83.04,FSM Enemy 7,FSM,PatrolState,None,1.00,93.3,0
83.04,FSM Enemy 5,FSM,PatrolState,None,0.80,64.7,0
83.04,FSM Enemy 9,FSM,PatrolState,None,1.00,56.1,0
83.04,Utility Enemy 10,Utility,AttackAction,None,1.00,64.2,0
83.04,Utility Enemy 8,Utility,AttackAction,None,1.00,59.3,0
83.04,Utility Enemy 6,Utility,AttackAction,None,1.00,78.4,0
83.04,Utility Enemy 4,Utility,AttackAction,None,1.00,65.2,0
83.04,Utility Enemy 11,Utility,Dead,None,0.00,38.8,0
83.04,Utility Enemy 15,Utility,AttackAction,None,1.00,65.4,0
83.04,Utility Enemy 1,Utility,AttackAction,None,1.00,76.5,0
83.04,Utility Enemy 12,Utility,AttackAction,None,1.00,65.8,0
83.04,Utility Enemy 9,Utility,AttackAction,None,1.00,57.4,0
83.04,Utility Enemy 5,Utility,Dead,None,0.00,38.4,0
83.04,Utility Enemy 3,Utility,AttackAction,None,0.25,24.3,0
83.04,Utility Enemy 7,Utility,AttackAction,None,1.00,74.2,0
83.04,Utility Enemy 14,Utility,AttackAction,None,1.00,49.2,0
83.04,Utility Enemy 2,Utility,AttackAction,None,1.00,37.9,0
83.04,Utility Enemy 13,Utility,AttackAction,None,1.00,56.3,0
83.54,Player,Player,-,None,0.15,,0
83.54,FSM Enemy 6,FSM,PatrolState,None,0.40,68.7,0
83.54,FSM Enemy 12,FSM,PatrolState,None,1.00,61.4,0
83.54,FSM Enemy 4,FSM,PatrolState,None,0.30,53.9,0
83.54,FSM Enemy 2,FSM,PatrolState,None,1.00,59.3,0
83.54,FSM Enemy 13,FSM,PatrolState,None,1.00,100.6,0
83.54,FSM Enemy 10,FSM,Dead,None,0.00,13.4,1
83.54,FSM Enemy 3,FSM,PatrolState,None,1.00,54.3,0
83.54,FSM Enemy 1,FSM,PatrolState,None,1.00,81.4,0
83.54,FSM Enemy 14,FSM,Dead,None,0.00,4.4,1
83.54,FSM Enemy 8,FSM,PatrolState,None,1.00,51.3,0
83.54,FSM Enemy 11,FSM,PatrolState,None,0.40,103.7,0
83.54,FSM Enemy 15,FSM,PatrolState,None,0.90,78.6,0
83.54,FSM Enemy 7,FSM,PatrolState,None,1.00,94.0,0
83.54,FSM Enemy 5,FSM,PatrolState,None,0.80,65.7,0
83.54,FSM Enemy 9,FSM,PatrolState,None,1.00,55.3,0
83.54,Utility Enemy 10,Utility,AttackAction,None,1.00,64.2,0
83.54,Utility Enemy 8,Utility,AttackAction,None,1.00,59.3,0
83.54,Utility Enemy 6,Utility,AttackAction,None,1.00,78.4,0
83.54,Utility Enemy 4,Utility,AttackAction,None,1.00,65.2,0
83.54,Utility Enemy 11,Utility,Dead,None,0.00,38.8,0
83.54,Utility Enemy 15,Utility,AttackAction,None,1.00,65.4,0
83.54,Utility Enemy 1,Utility,AttackAction,None,1.00,76.5,0
83.54,Utility Enemy 12,Utility,AttackAction,None,1.00,65.8,0
83.54,Utility Enemy 9,Utility,AttackAction,None,1.00,57.4,0
83.54,Utility Enemy 5,Utility,Dead,None,0.00,38.4,0
83.54,Utility Enemy 3,Utility,AttackAction,None,0.25,24.3,0
83.54,Utility Enemy 7,Utility,AttackAction,None,1.00,74.2,0
83.54,Utility Enemy 14,Utility,AttackAction,None,1.00,49.2,0
83.54,Utility Enemy 2,Utility,AttackAction,None,1.00,37.9,0
83.54,Utility Enemy 13,Utility,AttackAction,None,1.00,56.3,0
84.05,Player,Player,-,None,0.15,,0
84.05,FSM Enemy 6,FSM,PatrolState,None,0.40,68.4,0
84.05,FSM Enemy 12,FSM,PatrolState,None,1.00,60.9,0
84.05,FSM Enemy 4,FSM,PatrolState,None,0.20,52.7,0
84.05,FSM Enemy 2,FSM,PatrolState,None,1.00,58.1,0
84.05,FSM Enemy 13,FSM,PatrolState,None,1.00,101.8,0
84.05,FSM Enemy 10,FSM,Dead,None,0.00,13.4,1
84.05,FSM Enemy 3,FSM,PatrolState,None,1.00,53.6,0
84.05,FSM Enemy 1,FSM,PatrolState,None,1.00,82.7,0
84.05,FSM Enemy 14,FSM,Dead,None,0.00,4.4,1
84.05,FSM Enemy 8,FSM,PatrolState,None,1.00,50.5,0
84.05,FSM Enemy 11,FSM,PatrolState,None,0.40,104.7,0
84.05,FSM Enemy 15,FSM,PatrolState,None,0.90,79.0,0
84.05,FSM Enemy 7,FSM,PatrolState,None,1.00,94.7,0
84.05,FSM Enemy 5,FSM,PatrolState,None,0.80,66.7,0
84.05,FSM Enemy 9,FSM,PatrolState,None,1.00,54.5,0
84.05,Utility Enemy 10,Utility,AttackAction,None,1.00,64.2,0
84.05,Utility Enemy 8,Utility,AttackAction,None,1.00,59.3,0
84.05,Utility Enemy 6,Utility,AttackAction,None,1.00,78.4,0
84.05,Utility Enemy 4,Utility,AttackAction,None,1.00,65.2,0
84.05,Utility Enemy 11,Utility,Dead,None,0.00,38.8,0
84.05,Utility Enemy 15,Utility,AttackAction,None,1.00,65.4,0
84.05,Utility Enemy 1,Utility,AttackAction,None,1.00,76.5,0
84.05,Utility Enemy 12,Utility,AttackAction,None,1.00,65.8,0
84.05,Utility Enemy 9,Utility,AttackAction,None,1.00,57.4,0
84.05,Utility Enemy 5,Utility,Dead,None,0.00,38.4,0
84.05,Utility Enemy 3,Utility,Dead,None,0.00,24.3,0
84.05,Utility Enemy 7,Utility,AttackAction,None,1.00,74.2,0
84.05,Utility Enemy 14,Utility,AttackAction,None,1.00,49.2,0
84.05,Utility Enemy 2,Utility,AttackAction,None,1.00,37.9,0
84.05,Utility Enemy 13,Utility,AttackAction,None,1.00,56.3,0
84.55,Player,Player,-,None,0.15,,0
84.55,FSM Enemy 6,FSM,PatrolState,None,0.40,68.1,0
84.55,FSM Enemy 12,FSM,PatrolState,None,1.00,60.5,0
84.55,FSM Enemy 4,FSM,PatrolState,None,0.20,51.4,0
84.55,FSM Enemy 2,FSM,PatrolState,None,1.00,56.8,0
84.55,FSM Enemy 13,FSM,PatrolState,None,1.00,103.1,0
84.55,FSM Enemy 10,FSM,Dead,None,0.00,13.4,1
84.55,FSM Enemy 3,FSM,PatrolState,None,1.00,53.0,0
84.55,FSM Enemy 1,FSM,PatrolState,None,1.00,82.0,0
84.55,FSM Enemy 14,FSM,Dead,None,0.00,4.4,1
84.55,FSM Enemy 8,FSM,PatrolState,None,1.00,49.8,0
84.55,FSM Enemy 11,FSM,PatrolState,None,0.40,105.7,0
84.55,FSM Enemy 15,FSM,PatrolState,None,0.90,79.3,0
84.55,FSM Enemy 7,FSM,PatrolState,None,1.00,95.4,0
84.55,FSM Enemy 5,FSM,PatrolState,None,0.80,67.7,0
84.55,FSM Enemy 9,FSM,PatrolState,None,1.00,53.7,0
84.55,Utility Enemy 10,Utility,AttackAction,None,1.00,64.2,0
84.55,Utility Enemy 8,Utility,AttackAction,None,1.00,59.3,0
84.55,Utility Enemy 6,Utility,AttackAction,None,1.00,78.4,0
84.55,Utility Enemy 4,Utility,AttackAction,None,1.00,65.2,0
84.55,Utility Enemy 11,Utility,Dead,None,0.00,38.8,0
84.55,Utility Enemy 15,Utility,AttackAction,None,1.00,65.4,0
84.55,Utility Enemy 1,Utility,AttackAction,None,1.00,76.5,0
84.55,Utility Enemy 12,Utility,AttackAction,None,1.00,65.7,0
84.55,Utility Enemy 9,Utility,AttackAction,None,1.00,57.3,0
84.55,Utility Enemy 5,Utility,Dead,None,0.00,38.4,0
84.55,Utility Enemy 3,Utility,Dead,None,0.00,24.3,0
84.55,Utility Enemy 7,Utility,AttackAction,None,1.00,74.2,0
84.55,Utility Enemy 14,Utility,AttackAction,None,1.00,49.2,0
84.55,Utility Enemy 2,Utility,AttackAction,None,1.00,37.9,0
84.55,Utility Enemy 13,Utility,AttackAction,None,1.00,56.3,0
85.06,Player,Player,-,None,0.15,,0
85.06,FSM Enemy 6,FSM,PatrolState,None,0.40,66.7,0
85.06,FSM Enemy 12,FSM,PatrolState,None,1.00,59.3,0
85.06,FSM Enemy 4,FSM,PatrolState,None,0.20,48.9,0
85.06,FSM Enemy 2,FSM,PatrolState,None,1.00,56.2,0
85.06,FSM Enemy 13,FSM,PatrolState,None,1.00,105.3,0
85.06,FSM Enemy 10,FSM,Dead,None,0.00,13.3,1
85.06,FSM Enemy 3,FSM,PatrolState,None,1.00,53.5,0
85.06,FSM Enemy 1,FSM,PatrolState,None,1.00,83.4,0
85.06,FSM Enemy 14,FSM,Dead,None,0.00,3.7,1
85.06,FSM Enemy 8,FSM,PatrolState,None,1.00,50.4,0
85.06,FSM Enemy 11,FSM,PatrolState,None,0.40,106.2,0
85.06,FSM Enemy 15,FSM,PatrolState,None,0.90,80.6,0
85.06,FSM Enemy 7,FSM,PatrolState,None,1.00,96.4,0
85.06,FSM Enemy 5,FSM,PatrolState,None,0.80,70.3,0
85.06,FSM Enemy 9,FSM,PatrolState,None,1.00,53.2,0
85.06,Utility Enemy 10,Utility,AttackAction,None,1.00,62.8,0
85.06,Utility Enemy 8,Utility,AttackAction,None,1.00,58.2,0
85.06,Utility Enemy 6,Utility,AttackAction,None,1.00,79.5,0
85.06,Utility Enemy 4,Utility,AttackAction,None,1.00,67.5,0
85.06,Utility Enemy 11,Utility,Dead,None,0.00,41.2,0
85.06,Utility Enemy 15,Utility,AttackAction,None,1.00,66.2,0
85.06,Utility Enemy 1,Utility,AttackAction,None,1.00,78.7,0
85.06,Utility Enemy 12,Utility,AttackAction,None,1.00,64.4,0
85.06,Utility Enemy 9,Utility,AttackAction,None,1.00,56.1,0
85.06,Utility Enemy 5,Utility,Dead,None,0.00,40.8,0
85.06,Utility Enemy 3,Utility,Dead,None,0.00,22.3,0
85.06,Utility Enemy 7,Utility,AttackAction,None,1.00,72.8,0
85.06,Utility Enemy 14,Utility,AttackAction,None,1.00,47.6,0
85.06,Utility Enemy 2,Utility,AttackAction,None,1.00,39.2,0
85.06,Utility Enemy 13,Utility,AttackAction,None,1.00,55.3,0
85.56,Player,Player,-,None,0.15,,0
85.56,FSM Enemy 6,FSM,PatrolState,None,0.40,66.3,0
85.56,FSM Enemy 12,FSM,PatrolState,None,1.00,58.3,0
85.56,FSM Enemy 4,FSM,PatrolState,None,0.20,46.8,0
85.56,FSM Enemy 2,FSM,PatrolState,None,1.00,55.6,0
85.56,FSM Enemy 13,FSM,PatrolState,None,1.00,106.2,0
85.56,FSM Enemy 10,FSM,Dead,None,0.00,13.7,1
85.56,FSM Enemy 3,FSM,PatrolState,None,1.00,53.9,0
85.56,FSM Enemy 1,FSM,PatrolState,None,1.00,84.4,0
85.56,FSM Enemy 14,FSM,Dead,None,0.00,4.4,0
85.56,FSM Enemy 8,FSM,PatrolState,None,1.00,50.7,0
85.56,FSM Enemy 11,FSM,PatrolState,None,0.40,105.6,0
85.56,FSM Enemy 15,FSM,PatrolState,None,0.90,81.6,0
85.56,FSM Enemy 7,FSM,PatrolState,None,1.00,96.9,0
85.56,FSM Enemy 5,FSM,PatrolState,None,0.80,72.7,0
85.56,FSM Enemy 9,FSM,PatrolState,None,1.00,52.7,0
85.56,Utility Enemy 10,Utility,AttackAction,None,1.00,61.7,0
85.56,Utility Enemy 8,Utility,AttackAction,None,1.00,57.3,0
85.56,Utility Enemy 6,Utility,AttackAction,None,1.00,80.4,0
85.56,Utility Enemy 4,Utility,AttackAction,None,1.00,69.4,0
85.56,Utility Enemy 11,Utility,Dead,None,0.00,43.1,0
85.56,Utility Enemy 15,Utility,AttackAction,None,1.00,67.0,0
85.56,Utility Enemy 1,Utility,AttackAction,None,1.00,80.5,0
85.56,Utility Enemy 12,Utility,AttackAction,None,1.00,63.4,0
85.56,Utility Enemy 9,Utility,AttackAction,None,1.00,55.1,0
85.56,Utility Enemy 5,Utility,Dead,None,0.00,42.8,0
85.56,Utility Enemy 3,Utility,Dead,None,0.00,20.8,0
85.56,Utility Enemy 7,Utility,AttackAction,None,1.00,71.7,0
85.56,Utility Enemy 14,Utility,AttackAction,None,1.00,46.4,0
85.56,Utility Enemy 2,Utility,AttackAction,None,1.00,40.5,0
85.56,Utility Enemy 13,Utility,AttackAction,None,1.00,54.5,0
86.06,Player,Player,-,None,0.15,,0
86.06,FSM Enemy 6,FSM,PatrolState,None,0.40,66.4,0
86.06,FSM Enemy 12,FSM,PatrolState,None,1.00,57.4,0
86.06,FSM Enemy 4,FSM,PatrolState,None,0.20,44.7,0
86.06,FSM Enemy 2,FSM,PatrolState,None,1.00,54.6,0
86.06,FSM Enemy 13,FSM,PatrolState,None,1.00,105.5,0
86.06,FSM Enemy 10,FSM,Dead,None,0.00,13.9,1
86.06,FSM Enemy 3,FSM,PatrolState,None,1.00,54.0,0
86.06,FSM Enemy 1,FSM,PatrolState,None,1.00,84.8,0
86.06,FSM Enemy 14,FSM,Dead,None,0.00,5.0,0
86.06,FSM Enemy 8,FSM,PatrolState,None,1.00,50.6,0
86.06,FSM Enemy 11,FSM,PatrolState,None,0.40,104.6,0
86.06,FSM Enemy 15,FSM,PatrolState,None,0.90,82.4,0
86.06,FSM Enemy 7,FSM,PatrolState,None,1.00,96.1,0
86.06,FSM Enemy 5,FSM,PatrolState,None,0.80,74.7,0
86.06,FSM Enemy 9,FSM,PatrolState,None,1.00,51.9,0
86.06,Utility Enemy 10,Utility,AttackAction,None,1.00,60.6,0
86.06,Utility Enemy 8,Utility,AttackAction,None,1.00,56.5,0
86.06,Utility Enemy 6,Utility,AttackAction,None,1.00,80.9,0
86.06,Utility Enemy 4,Utility,AttackAction,None,1.00,70.7,0
86.06,Utility Enemy 11,Utility,Dead,None,0.00,44.5,0
86.06,Utility Enemy 15,Utility,AttackAction,None,1.00,67.4,0
86.06,Utility Enemy 1,Utility,AttackAction,None,1.00,81.7,0
86.06,Utility Enemy 12,Utility,AttackAction,None,1.00,62.4,0
86.06,Utility Enemy 9,Utility,AttackAction,None,1.00,54.2,0
86.06,Utility Enemy 5,Utility,Dead,None,0.00,44.3,0
86.06,Utility Enemy 3,Utility,Dead,None,0.00,19.5,0
86.06,Utility Enemy 7,Utility,AttackAction,None,1.00,70.7,0
86.06,Utility Enemy 14,Utility,AttackAction,None,1.00,45.4,0
86.06,Utility Enemy 2,Utility,AttackAction,None,1.00,41.5,0
86.06,Utility Enemy 13,Utility,AttackAction,None,1.00,53.7,0
86.57,Player,Player,-,None,0.15,,0
86.57,FSM Enemy 6,FSM,PatrolState,None,0.40,65.2,0
86.57,FSM Enemy 12,FSM,PatrolState,None,1.00,55.4,0
86.57,FSM Enemy 4,FSM,PatrolState,None,0.20,41.2,0
86.57,FSM Enemy 2,FSM,PatrolState,None,1.00,53.2,0
86.57,FSM Enemy 13,FSM,PatrolState,None,1.00,104.4,0
86.57,FSM Enemy 10,FSM,Dead,None,0.00,13.9,0
86.57,FSM Enemy 3,FSM,PatrolState,None,1.00,54.1,0
86.57,FSM Enemy 1,FSM,PatrolState,None,1.00,86.0,0
86.57,FSM Enemy 14,FSM,Dead,None,0.00,6.7,0
86.57,FSM Enemy 8,FSM,PatrolState,None,1.00,50.3,0
86.57,FSM Enemy 11,FSM,PatrolState,None,0.40,102.9,0
86.57,FSM Enemy 15,FSM,PatrolState,None,0.90,82.8,0
86.57,FSM Enemy 7,FSM,PatrolState,None,1.00,94.4,0
86.57,FSM Enemy 5,FSM,PatrolState,None,0.80,76.8,0
86.57,FSM Enemy 9,FSM,PatrolState,None,1.00,50.2,0
86.57,Utility Enemy 10,Utility,AttackAction,None,1.00,58.2,0
86.57,Utility Enemy 8,Utility,AttackAction,None,1.00,54.4,0
86.57,Utility Enemy 6,Utility,AttackAction,None,1.00,81.0,0
86.57,Utility Enemy 4,Utility,AttackAction,None,1.00,72.6,0
86.57,Utility Enemy 11,Utility,Dead,None,0.00,46.5,0
86.57,Utility Enemy 15,Utility,AttackAction,None,1.00,67.3,0
86.57,Utility Enemy 1,Utility,AttackAction,None,1.00,83.4,0
86.57,Utility Enemy 12,Utility,AttackAction,None,1.00,60.0,0
86.57,Utility Enemy 9,Utility,AttackAction,None,1.00,51.9,0
86.57,Utility Enemy 5,Utility,Dead,None,0.00,46.5,0
86.57,Utility Enemy 3,Utility,Dead,None,0.00,16.7,0
86.57,Utility Enemy 7,Utility,AttackAction,None,1.00,68.2,0
86.57,Utility Enemy 14,Utility,AttackAction,None,1.00,42.9,0
86.57,Utility Enemy 2,Utility,AttackAction,None,1.00,42.4,0
86.57,Utility Enemy 13,Utility,AttackAction,None,1.00,51.7,0
87.07,Player,Player,-,None,0.15,,0
87.07,FSM Enemy 6,FSM,PatrolState,None,0.40,62.9,0
87.07,FSM Enemy 12,FSM,PatrolState,None,1.00,53.1,0
87.07,FSM Enemy 4,FSM,PatrolState,None,0.20,37.6,0
87.07,FSM Enemy 2,FSM,PatrolState,None,1.00,51.7,0
87.07,FSM Enemy 13,FSM,PatrolState,None,1.00,103.0,0
87.07,FSM Enemy 10,FSM,Dead,None,0.00,14.2,0
87.07,FSM Enemy 3,FSM,PatrolState,None,1.00,54.1,0
87.07,FSM Enemy 1,FSM,PatrolState,None,1.00,87.2,0
87.07,FSM Enemy 14,FSM,Dead,None,0.00,9.0,0
87.07,FSM Enemy 8,FSM,PatrolState,None,1.00,49.6,0
87.07,FSM Enemy 11,FSM,PatrolState,None,0.40,101.0,0
87.07,FSM Enemy 15,FSM,PatrolState,None,0.90,83.0,0
87.07,FSM Enemy 7,FSM,PatrolState,None,1.00,93.4,0
87.07,FSM Enemy 5,FSM,PatrolState,None,0.80,78.7,0
87.07,FSM Enemy 9,FSM,PatrolState,None,1.00,48.3,0
87.07,Utility Enemy 10,Utility,AttackAction,None,1.00,55.5,0
87.07,Utility Enemy 8,Utility,AttackAction,None,1.00,52.0,0
87.07,Utility Enemy 6,Utility,AttackAction,None,1.00,81.0,0
87.07,Utility Enemy 4,Utility,AttackAction,None,1.00,74.3,0
87.07,Utility Enemy 11,Utility,Dead,None,0.00,48.4,0
87.07,Utility Enemy 15,Utility,AttackAction,None,1.00,67.0,0
87.07,Utility Enemy 1,Utility,AttackAction,None,1.00,84.9,0
87.07,Utility Enemy 12,Utility,AttackAction,None,1.00,57.4,0
87.07,Utility Enemy 9,Utility,AttackAction,None,1.00,49.4,0
87.07,Utility Enemy 5,Utility,Dead,None,0.00,48.7,0
87.07,Utility Enemy 3,Utility,Dead,None,0.00,13.9,0
87.07,Utility Enemy 7,Utility,AttackAction,None,1.00,65.6,0
87.07,Utility Enemy 14,Utility,AttackAction,None,1.00,40.2,0
87.07,Utility Enemy 2,Utility,AttackAction,None,1.00,43.3,0
87.07,Utility Enemy 13,Utility,AttackAction,None,1.00,49.4,0
87.58,Player,Player,-,None,0.15,,0
87.58,FSM Enemy 6,FSM,PatrolState,None,0.40,59.4,0
87.58,FSM Enemy 12,FSM,PatrolState,None,1.00,50.7,0
87.58,FSM Enemy 4,FSM,PatrolState,None,0.20,33.9,0
87.58,FSM Enemy 2,FSM,PatrolState,None,1.00,50.1,0
87.58,FSM Enemy 13,FSM,PatrolState,None,1.00,101.4,0
87.58,FSM Enemy 10,FSM,Dead,None,0.00,15.0,0
87.58,FSM Enemy 3,FSM,PatrolState,None,1.00,54.3,0
87.58,FSM Enemy 1,FSM,PatrolState,None,1.00,88.3,0
87.58,FSM Enemy 14,FSM,Dead,None,0.00,11.6,0
87.58,FSM Enemy 8,FSM,PatrolState,None,1.00,48.9,0
87.58,FSM Enemy 11,FSM,PatrolState,None,0.40,98.9,0
87.58,FSM Enemy 15,FSM,PatrolState,None,0.90,83.3,0
87.58,FSM Enemy 7,FSM,PatrolState,None,1.00,92.8,0
87.58,FSM Enemy 5,FSM,PatrolState,None,0.80,80.6,0
87.58,FSM Enemy 9,FSM,PatrolState,None,1.00,46.3,0
87.58,Utility Enemy 10,Utility,AttackAction,None,1.00,52.7,0
87.58,Utility Enemy 8,Utility,AttackAction,None,1.00,49.5,0
87.58,Utility Enemy 6,Utility,AttackAction,None,1.00,80.8,0
87.58,Utility Enemy 4,Utility,AttackAction,None,1.00,76.0,0
87.58,Utility Enemy 11,Utility,Dead,None,0.00,50.3,0
87.58,Utility Enemy 15,Utility,AttackAction,None,1.00,66.5,0
87.58,Utility Enemy 1,Utility,AttackAction,None,1.00,86.3,0
87.58,Utility Enemy 12,Utility,AttackAction,None,1.00,54.7,0
87.58,Utility Enemy 9,Utility,AttackAction,None,1.00,46.8,0
87.58,Utility Enemy 5,Utility,Dead,None,0.00,50.8,0
87.58,Utility Enemy 3,Utility,Dead,None,0.00,10.9,0
87.58,Utility Enemy 7,Utility,AttackAction,None,1.00,62.8,0
87.58,Utility Enemy 14,Utility,AttackAction,None,1.00,37.4,0
87.58,Utility Enemy 2,Utility,AttackAction,None,1.00,44.1,0
87.58,Utility Enemy 13,Utility,AttackAction,None,1.00,47.0,0
88.08,Player,Player,-,None,0.15,,0
88.08,FSM Enemy 6,FSM,PatrolState,None,0.40,55.8,0
88.08,FSM Enemy 12,FSM,PatrolState,None,1.00,48.2,0
88.08,FSM Enemy 4,FSM,PatrolState,None,0.10,30.4,0
88.08,FSM Enemy 2,FSM,PatrolState,None,1.00,48.7,0
88.08,FSM Enemy 13,FSM,PatrolState,None,1.00,100.6,0
88.08,FSM Enemy 10,FSM,Dead,None,0.00,16.0,0
88.08,FSM Enemy 3,FSM,PatrolState,None,1.00,54.5,0
88.08,FSM Enemy 1,FSM,PatrolState,None,1.00,89.2,0
88.08,FSM Enemy 14,FSM,Dead,None,0.00,14.2,0
88.08,FSM Enemy 8,FSM,PatrolState,None,1.00,47.7,0
88.08,FSM Enemy 11,FSM,PatrolState,None,0.40,97.6,0
88.08,FSM Enemy 15,FSM,PatrolState,None,0.90,83.4,0
88.08,FSM Enemy 7,FSM,PatrolState,None,1.00,92.0,0
88.08,FSM Enemy 5,FSM,PatrolState,None,0.80,82.3,0
88.08,FSM Enemy 9,FSM,PatrolState,None,1.00,44.5,0
88.08,Utility Enemy 10,Utility,AttackAction,None,1.00,49.9,0
88.08,Utility Enemy 8,Utility,AttackAction,None,1.00,47.0,0
88.08,Utility Enemy 6,Utility,AttackAction,None,1.00,80.3,0
88.08,Utility Enemy 4,Utility,AttackAction,None,1.00,77.4,0
88.08,Utility Enemy 11,Utility,Dead,None,0.00,52.1,0
88.08,Utility Enemy 15,Utility,AttackAction,None,1.00,66.0,0
88.08,Utility Enemy 1,Utility,AttackAction,None,1.00,87.4,0
88.08,Utility Enemy 12,Utility,AttackAction,None,1.00,52.0,0
88.08,Utility Enemy 9,Utility,AttackAction,None,1.00,44.2,0
88.08,Utility Enemy 5,Utility,Dead,None,0.00,52.7,0
88.08,Utility Enemy 3,Utility,Dead,None,0.00,8.1,0
88.08,Utility Enemy 7,Utility,AttackAction,None,1.00,60.0,0
88.08,Utility Enemy 14,Utility,AttackAction,None,1.00,34.5,0
88.08,Utility Enemy 2,Utility,AttackAction,None,1.00,44.7,0
88.08,Utility Enemy 13,Utility,AttackAction,None,1.00,44.6,0
88.58,Player,Player,-,None,0.15,,0
88.58,FSM Enemy 6,FSM,PatrolState,None,0.40,52.1,0
88.58,FSM Enemy 12,FSM,PatrolState,None,1.00,46.3,0
88.58,FSM Enemy 4,FSM,PatrolState,None,0.10,28.2,0
88.58,FSM Enemy 2,FSM,PatrolState,None,1.00,47.0,0
88.58,FSM Enemy 13,FSM,PatrolState,None,1.00,100.5,0
88.58,FSM Enemy 10,FSM,Dead,None,0.00,17.5,0
88.58,FSM Enemy 3,FSM,PatrolState,None,1.00,54.7,0
88.58,FSM Enemy 1,FSM,PatrolState,None,1.00,90.5,0
88.58,FSM Enemy 14,FSM,Dead,None,0.00,17.1,0
88.58,FSM Enemy 8,FSM,PatrolState,None,1.00,48.6,0
88.58,FSM Enemy 11,FSM,PatrolState,None,0.40,96.5,0
88.58,FSM Enemy 15,FSM,PatrolState,None,0.90,83.5,0
88.58,FSM Enemy 7,FSM,PatrolState,None,1.00,91.2,0
88.58,FSM Enemy 5,FSM,PatrolState,None,0.80,83.9,0
88.58,FSM Enemy 9,FSM,PatrolState,None,1.00,43.3,0
88.58,Utility Enemy 10,Utility,AttackAction,None,1.00,46.9,0
88.58,Utility Enemy 8,Utility,AttackAction,None,1.00,44.3,0
88.58,Utility Enemy 6,Utility,AttackAction,None,1.00,79.9,0
88.58,Utility Enemy 4,Utility,AttackAction,None,1.00,78.9,0
88.58,Utility Enemy 11,Utility,Dead,None,0.00,53.9,0
88.58,Utility Enemy 15,Utility,AttackAction,None,1.00,65.3,0
88.58,Utility Enemy 1,Utility,AttackAction,None,1.00,88.6,0
88.58,Utility Enemy 12,Utility,AttackAction,None,1.00,49.0,0
88.58,Utility Enemy 9,Utility,AttackAction,None,1.00,41.3,0
88.58,Utility Enemy 5,Utility,Dead,None,0.00,54.8,0
88.58,Utility Enemy 3,Utility,Dead,None,0.00,5.2,0
88.58,Utility Enemy 7,Utility,AttackAction,None,1.00,56.9,0
88.58,Utility Enemy 14,Utility,AttackAction,None,1.00,31.5,0
88.58,Utility Enemy 2,Utility,AttackAction,None,1.00,45.5,0
88.58,Utility Enemy 13,Utility,AttackAction,None,1.00,42.0,0
89.09,Player,Player,-,None,0.15,,0
89.09,FSM Enemy 6,FSM,PatrolState,None,0.40,48.1,0
89.09,FSM Enemy 12,FSM,PatrolState,None,1.00,44.2,0
89.09,FSM Enemy 4,FSM,PatrolState,None,0.10,25.3,0
89.09,FSM Enemy 2,FSM,PatrolState,None,1.00,45.0,0
89.09,FSM Enemy 13,FSM,PatrolState,None,1.00,99.9,0
89.09,FSM Enemy 10,FSM,Dead,None,0.00,19.2,0
89.09,FSM Enemy 3,FSM,PatrolState,None,1.00,54.8,0
89.09,FSM Enemy 1,FSM,PatrolState,None,1.00,91.7,0
89.09,FSM Enemy 14,FSM,Dead,None,0.00,20.3,0
89.09,FSM Enemy 8,FSM,PatrolState,None,1.00,49.6,0
89.09,FSM Enemy 11,FSM,PatrolState,None,0.40,94.9,0
89.09,FSM Enemy 15,FSM,PatrolState,None,0.90,83.2,0
89.09,FSM Enemy 7,FSM,PatrolState,None,1.00,89.7,0
89.09,FSM Enemy 5,FSM,PatrolState,None,0.80,85.3,0
89.09,FSM Enemy 9,FSM,PatrolState,None,1.00,41.9,0
89.09,Utility Enemy 10,Utility,AttackAction,None,1.00,43.2,0
89.09,Utility Enemy 8,Utility,AttackAction,None,1.00,40.9,0
89.09,Utility Enemy 6,Utility,AttackAction,None,1.00,78.9,0
89.09,Utility Enemy 4,Utility,AttackAction,None,1.00,80.2,0
89.09,Utility Enemy 11,Utility,Dead,None,0.00,55.7,0
89.09,Utility Enemy 15,Utility,AttackAction,None,1.00,64.2,0
89.09,Utility Enemy 1,Utility,AttackAction,None,1.00,89.5,0
89.09,Utility Enemy 12,Utility,AttackAction,None,1.00,45.4,0
89.09,Utility Enemy 9,Utility,AttackAction,None,1.00,37.8,0
89.09,Utility Enemy 5,Utility,AttackAction,None,1.00,36.4,0
89.09,Utility Enemy 3,Utility,Dead,None,0.00,2.4,0
89.09,Utility Enemy 7,Utility,AttackAction,None,1.00,53.2,0
89.09,Utility Enemy 14,Utility,AttackAction,None,1.00,27.9,0
89.09,Utility Enemy 2,Utility,AttackAction,None,1.00,46.1,0
89.09,Utility Enemy 13,Utility,AttackAction,None,1.00,38.7,0
89.59,Player,Player,-,None,0.15,,0
89.59,FSM Enemy 6,FSM,PatrolState,None,0.40,44.9,0
89.59,FSM Enemy 12,FSM,PatrolState,None,1.00,41.8,0
89.59,FSM Enemy 4,FSM,PatrolState,None,0.10,22.1,0
89.59,FSM Enemy 2,FSM,PatrolState,None,1.00,41.9,0
89.59,FSM Enemy 13,FSM,PatrolState,None,1.00,98.0,0
89.59,FSM Enemy 10,FSM,Dead,None,0.00,20.0,0
89.59,FSM Enemy 3,FSM,PatrolState,None,1.00,53.7,0
89.59,FSM Enemy 1,FSM,PatrolState,None,1.00,91.4,0
89.59,FSM Enemy 14,FSM,Dead,None,0.00,22.6,0
89.59,FSM Enemy 8,FSM,PatrolState,None,1.00,49.2,0
89.59,FSM Enemy 11,FSM,PatrolState,None,0.40,92.2,0
89.59,FSM Enemy 15,FSM,PatrolState,None,0.90,81.7,0
89.59,FSM Enemy 7,FSM,PatrolState,None,1.00,87.2,0
89.59,FSM Enemy 5,FSM,PatrolState,None,0.80,85.2,0
89.59,FSM Enemy 9,FSM,PatrolState,None,1.00,39.6,0
89.59,Utility Enemy 10,Utility,AttackAction,None,1.00,39.6,0
89.59,Utility Enemy 8,Utility,AttackAction,None,1.00,37.2,0
89.59,Utility Enemy 6,Utility,AttackAction,None,1.00,76.6,0
89.59,Utility Enemy 4,Utility,AttackAction,None,1.00,80.0,0
89.59,Utility Enemy 11,Utility,Dead,None,0.00,56.2,0
89.59,Utility Enemy 15,Utility,AttackAction,None,1.00,61.9,0
89.59,Utility Enemy 1,Utility,AttackAction,None,1.00,88.9,0
89.59,Utility Enemy 12,Utility,AttackAction,None,1.00,41.8,0
89.59,Utility Enemy 9,Utility,AttackAction,None,1.00,34.2,0
89.59,Utility Enemy 5,Utility,AttackAction,None,1.00,34.2,0
89.59,Utility Enemy 3,Utility,Dead,None,0.00,2.5,0
89.59,Utility Enemy 7,Utility,AttackAction,None,1.00,49.7,0
89.59,Utility Enemy 14,Utility,AttackAction,None,1.00,24.3,0
89.59,Utility Enemy 2,Utility,AttackAction,None,1.00,45.4,0
89.59,Utility Enemy 13,Utility,AttackAction,None,1.00,35.1,0
90.10,Player,Player,-,None,0.15,,0
90.10,FSM Enemy 6,FSM,PatrolState,None,0.40,42.0,0
90.10,FSM Enemy 12,FSM,PatrolState,None,1.00,39.4,0
90.10,FSM Enemy 4,FSM,Dead,None,0.00,18.7,0
90.10,FSM Enemy 2,FSM,PatrolState,None,1.00,38.2,0
90.10,FSM Enemy 13,FSM,PatrolState,None,1.00,95.6,0
90.10,FSM Enemy 10,FSM,Dead,None,0.00,20.5,0
90.10,FSM Enemy 3,FSM,PatrolState,None,1.00,52.0,0
90.10,FSM Enemy 1,FSM,PatrolState,None,1.00,90.1,0
90.10,FSM Enemy 14,FSM,Dead,None,0.00,24.5,0
90.10,FSM Enemy 8,FSM,PatrolState,None,1.00,48.2,0
90.10,FSM Enemy 11,FSM,PatrolState,None,0.40,89.0,0
90.10,FSM Enemy 15,FSM,PatrolState,None,0.90,79.4,0
90.10,FSM Enemy 7,FSM,PatrolState,None,1.00,84.2,0
90.10,FSM Enemy 5,FSM,PatrolState,None,0.80,84.4,0
90.10,FSM Enemy 9,FSM,PatrolState,None,1.00,36.9,0
90.10,Utility Enemy 10,Utility,AttackAction,None,1.00,36.4,0
90.10,Utility Enemy 8,Utility,AttackAction,None,1.00,33.6,0
90.10,Utility Enemy 6,Utility,AttackAction,None,1.00,73.7,0
90.10,Utility Enemy 4,Utility,AttackAction,None,1.00,79.0,0
90.10,Utility Enemy 11,Utility,AttackAction,None,1.00,53.3,0
90.10,Utility Enemy 15,Utility,AttackAction,None,1.00,58.8,0
90.10,Utility Enemy 1,Utility,AttackAction,None,1.00,87.5,0
90.10,Utility Enemy 12,Utility,AttackAction,None,1.00,38.5,0
90.10,Utility Enemy 9,Utility,AttackAction,None,1.00,30.7,0
90.10,Utility Enemy 5,Utility,AttackAction,None,1.00,31.5,0
90.10,Utility Enemy 3,Utility,Dead,None,0.00,5.5,0
90.10,Utility Enemy 7,Utility,AttackAction,None,1.00,46.5,0
90.10,Utility Enemy 14,Utility,AttackAction,None,1.00,21.1,0
90.10,Utility Enemy 2,Utility,AttackAction,None,1.00,43.9,0
90.10,Utility Enemy 13,Utility,AttackAction,None,1.00,31.4,0
90.60,Player,Player,-,None,0.15,,0
90.60,FSM Enemy 6,FSM,PatrolState,None,0.40,41.9,0
90.60,FSM Enemy 12,FSM,PatrolState,None,1.00,39.7,0
90.60,FSM Enemy 4,FSM,Dead,None,0.00,18.3,0
90.60,FSM Enemy 2,FSM,PatrolState,None,1.00,33.6,0
90.60,FSM Enemy 13,FSM,PatrolState,None,1.00,92.9,0
90.60,FSM Enemy 10,FSM,Dead,None,0.00,18.0,0
90.60,FSM Enemy 3,FSM,PatrolState,None,1.00,48.5,0
90.60,FSM Enemy 1,FSM,PatrolState,None,1.00,86.1,0
90.60,FSM Enemy 14,FSM,Dead,None,0.00,23.3,0
90.60,FSM Enemy 8,FSM,PatrolState,None,1.00,45.0,0
90.60,FSM Enemy 11,FSM,PatrolState,None,0.40,86.1,0
90.60,FSM Enemy 15,FSM,PatrolState,None,0.90,75.9,0
90.60,FSM Enemy 7,FSM,PatrolState,None,1.00,81.9,0
90.60,FSM Enemy 5,FSM,PatrolState,None,0.80,81.9,0
90.60,FSM Enemy 9,FSM,PatrolState,None,1.00,34.2,0
90.60,Utility Enemy 10,Utility,AttackAction,None,1.00,36.6,0
90.60,Utility Enemy 8,Utility,AttackAction,None,1.00,32.8,0
90.60,Utility Enemy 6,Utility,AttackAction,None,1.00,70.3,0
90.60,Utility Enemy 4,Utility,AttackAction,None,1.00,75.5,0
90.60,Utility Enemy 11,Utility,AttackAction,None,1.00,52.9,0
90.60,Utility Enemy 15,Utility,AttackAction,None,1.00,55.5,0
90.60,Utility Enemy 1,Utility,AttackAction,None,1.00,83.9,0
90.60,Utility Enemy 12,Utility,AttackAction,None,1.00,38.4,0
90.60,Utility Enemy 9,Utility,AttackAction,None,1.00,30.3,0
90.60,Utility Enemy 5,Utility,AttackAction,None,1.00,28.0,0
90.60,Utility Enemy 3,Utility,Dead,None,0.00,7.1,0
90.60,Utility Enemy 7,Utility,AttackAction,None,1.00,46.7,0
90.60,Utility Enemy 14,Utility,AttackAction,None,1.00,21.5,0
90.60,Utility Enemy 2,Utility,AttackAction,None,1.00,40.3,0
90.60,Utility Enemy 13,Utility,AttackAction,None,1.00,30.3,0
91.10,Player,Player,-,None,0.15,,0
91.10,FSM Enemy 6,FSM,PatrolState,None,0.40,42.6,0
91.10,FSM Enemy 12,FSM,PatrolState,None,1.00,40.5,0
91.10,FSM Enemy 4,FSM,Dead,None,0.00,19.0,0
91.10,FSM Enemy 2,FSM,PatrolState,None,1.00,29.1,0
91.10,FSM Enemy 13,FSM,PatrolState,None,1.00,90.4,0
91.10,FSM Enemy 10,FSM,Dead,None,0.00,15.8,0
91.10,FSM Enemy 3,FSM,PatrolState,None,1.00,45.1,0
91.10,FSM Enemy 1,FSM,PatrolState,None,1.00,82.0,0
91.10,FSM Enemy 14,FSM,PatrolState,None,1.00,24.6,0
91.10,FSM Enemy 8,FSM,PatrolState,None,1.00,41.6,0
91.10,FSM Enemy 11,FSM,PatrolState,None,0.40,83.3,0
91.10,FSM Enemy 15,FSM,PatrolState,None,0.90,72.1,0
91.10,FSM Enemy 7,FSM,PatrolState,None,1.00,79.7,0
91.10,FSM Enemy 5,FSM,PatrolState,None,0.80,79.5,0
91.10,FSM Enemy 9,FSM,PatrolState,None,1.00,31.9,0
91.10,Utility Enemy 10,Utility,AttackAction,None,1.00,37.5,0
91.10,Utility Enemy 8,Utility,AttackAction,None,1.00,32.7,0
91.10,Utility Enemy 6,Utility,AttackAction,None,1.00,67.0,0
91.10,Utility Enemy 4,Utility,AttackAction,None,1.00,71.9,0
91.10,Utility Enemy 11,Utility,AttackAction,None,1.00,52.9,0
91.10,Utility Enemy 15,Utility,AttackAction,None,1.00,52.2,0
91.10,Utility Enemy 1,Utility,AttackAction,None,1.00,80.3,0
91.10,Utility Enemy 12,Utility,AttackAction,None,1.00,39.0,0
91.10,Utility Enemy 9,Utility,AttackAction,None,1.00,30.6,0
91.10,Utility Enemy 5,Utility,AttackAction,None,1.00,24.7,0
91.10,Utility Enemy 3,Utility,Dead,None,0.00,9.7,0
91.10,Utility Enemy 7,Utility,AttackAction,None,1.00,47.4,0
91.10,Utility Enemy 14,Utility,AttackAction,None,1.00,22.7,0
91.10,Utility Enemy 2,Utility,AttackAction,None,1.00,36.7,0
91.10,Utility Enemy 13,Utility,AttackAction,None,1.00,29.9,0
91.61,Player,Player,-,None,0.15,,0
91.61,FSM Enemy 6,FSM,PatrolState,None,0.40,44.3,0
91.61,FSM Enemy 12,FSM,PatrolState,None,1.00,42.1,0
91.61,FSM Enemy 4,FSM,Dead,None,0.00,20.7,0
91.61,FSM Enemy 2,FSM,PatrolState,None,1.00,24.7,0
91.61,FSM Enemy 13,FSM,PatrolState,None,1.00,87.9,0
91.61,FSM Enemy 10,FSM,Dead,None,0.00,13.7,0
91.61,FSM Enemy 3,FSM,PatrolState,None,1.00,41.6,0
91.61,FSM Enemy 1,FSM,PatrolState,None,1.00,77.8,0
91.61,FSM Enemy 14,FSM,PatrolState,None,1.00,25.5,0
91.61,FSM Enemy 8,FSM,PatrolState,None,1.00,38.2,0
91.61,FSM Enemy 11,FSM,PatrolState,None,0.40,80.8,0
91.61,FSM Enemy 15,FSM,PatrolState,None,0.90,68.7,0
91.61,FSM Enemy 7,FSM,PatrolState,None,1.00,77.8,0
91.61,FSM Enemy 5,FSM,PatrolState,None,0.80,76.7,0
91.61,FSM Enemy 9,FSM,PatrolState,None,1.00,30.2,0
91.61,Utility Enemy 10,Utility,AttackAction,None,1.00,39.2,0
91.61,Utility Enemy 8,Utility,AttackAction,None,1.00,33.5,0
91.61,Utility Enemy 6,Utility,AttackAction,None,1.00,63.9,0
91.61,Utility Enemy 4,Utility,AttackAction,None,1.00,68.2,0
91.61,Utility Enemy 11,Utility,AttackAction,None,1.00,53.8,0
91.61,Utility Enemy 15,Utility,AttackAction,None,1.00,49.3,0
91.61,Utility Enemy 1,Utility,AttackAction,None,1.00,76.5,0
91.61,Utility Enemy 12,Utility,AttackAction,None,1.00,40.4,0
91.61,Utility Enemy 9,Utility,AttackAction,None,1.00,31.8,0
91.61,Utility Enemy 5,Utility,AttackAction,None,1.00,21.7,0
91.61,Utility Enemy 3,Utility,Dead,None,0.00,12.6,0
91.61,Utility Enemy 7,Utility,AttackAction,None,1.00,48.9,0
91.61,Utility Enemy 14,Utility,AttackAction,None,1.00,24.9,0
91.61,Utility Enemy 2,Utility,AttackAction,None,1.00,33.0,0
91.61,Utility Enemy 13,Utility,AttackAction,None,1.00,30.5,0
92.11,Player,Player,-,None,0.15,,0
92.11,FSM Enemy 6,FSM,PatrolState,None,0.40,45.9,0
92.11,FSM Enemy 12,FSM,PatrolState,None,1.00,43.2,0
92.11,FSM Enemy 4,FSM,Dead,None,0.00,22.5,0
92.11,FSM Enemy 2,FSM,PatrolState,None,1.00,20.1,0
92.11,FSM Enemy 13,FSM,PatrolState,None,1.00,84.3,0
92.11,FSM Enemy 10,FSM,Dead,None,0.00,13.0,0
92.11,FSM Enemy 3,FSM,PatrolState,None,1.00,38.2,0
92.11,FSM Enemy 1,FSM,PatrolState,None,1.00,73.7,0
92.11,FSM Enemy 14,FSM,PatrolState,None,1.00,26.3,0
92.11,FSM Enemy 8,FSM,PatrolState,None,1.00,34.7,0
92.11,FSM Enemy 11,FSM,PatrolState,None,0.40,78.0,0
92.11,FSM Enemy 15,FSM,PatrolState,None,0.90,65.1,0
92.11,FSM Enemy 7,FSM,PatrolState,None,1.00,75.6,0
92.11,FSM Enemy 5,FSM,PatrolState,None,0.80,73.4,0
92.11,FSM Enemy 9,FSM,PatrolState,None,1.00,28.6,0
92.11,Utility Enemy 10,Utility,AttackAction,None,1.00,40.6,0
92.11,Utility Enemy 8,Utility,AttackAction,None,1.00,34.1,0
92.11,Utility Enemy 6,Utility,AttackAction,None,1.00,60.6,0
92.11,Utility Enemy 4,Utility,AttackAction,None,1.00,64.6,0
92.11,Utility Enemy 11,Utility,AttackAction,None,1.00,54.3,0
92.11,Utility Enemy 15,Utility,AttackAction,None,1.00,46.1,0
92.11,Utility Enemy 1,Utility,AttackAction,None,1.00,72.9,0
92.11,Utility Enemy 12,Utility,AttackAction,None,1.00,41.5,0
92.11,Utility Enemy 9,Utility,AttackAction,None,1.00,32.9,0
92.11,Utility Enemy 5,Utility,AttackAction,None,1.00,18.6,0
92.11,Utility Enemy 3,Utility,Dead,None,0.00,16.1,0
92.11,Utility Enemy 7,Utility,AttackAction,None,1.00,50.1,0
92.11,Utility Enemy 14,Utility,AttackAction,None,1.00,27.0,0
92.11,Utility Enemy 2,Utility,AttackAction,None,1.00,29.4,0
92.11,Utility Enemy 13,Utility,AttackAction,None,1.00,30.9,0
92.61,Player,Player,-,None,0.15,,0
92.61,FSM Enemy 6,FSM,PatrolState,None,0.40,47.7,0
92.61,FSM Enemy 12,FSM,PatrolState,None,1.00,43.6,0
92.61,FSM Enemy 4,FSM,Dead,None,0.00,24.5,0
92.61,FSM Enemy 2,FSM,AttackState,None,1.00,15.1,1
92.61,FSM Enemy 13,FSM,PatrolState,None,1.00,80.6,0
92.61,FSM Enemy 10,FSM,Dead,None,0.00,13.4,0
92.61,FSM Enemy 3,FSM,PatrolState,None,1.00,35.1,0
92.61,FSM Enemy 1,FSM,PatrolState,None,1.00,69.8,0
92.61,FSM Enemy 14,FSM,PatrolState,None,1.00,27.5,0
92.61,FSM Enemy 8,FSM,PatrolState,None,1.00,31.4,0
92.61,FSM Enemy 11,FSM,PatrolState,None,0.40,75.3,0
92.61,FSM Enemy 15,FSM,PatrolState,None,0.90,61.6,0
92.61,FSM Enemy 7,FSM,PatrolState,None,1.00,73.3,0
92.61,FSM Enemy 5,FSM,PatrolState,None,0.80,70.1,0
92.61,FSM Enemy 9,FSM,PatrolState,None,1.00,27.3,0
92.61,Utility Enemy 10,Utility,AttackAction,None,1.00,42.0,0
92.61,Utility Enemy 8,Utility,AttackAction,None,1.00,34.8,0
92.61,Utility Enemy 6,Utility,AttackAction,None,1.00,57.4,0
92.61,Utility Enemy 4,Utility,AttackAction,None,1.00,61.3,0
92.61,Utility Enemy 11,Utility,AttackAction,None,1.00,54.8,0
92.61,Utility Enemy 15,Utility,AttackAction,None,1.00,42.9,0
92.61,Utility Enemy 1,Utility,AttackAction,None,1.00,69.3,0
92.61,Utility Enemy 12,Utility,AttackAction,None,1.00,42.7,0
92.61,Utility Enemy 9,Utility,AttackAction,None,1.00,34.1,0
92.61,Utility Enemy 5,Utility,AttackAction,None,1.00,15.8,0
92.61,Utility Enemy 3,Utility,Dead,None,0.00,19.6,0
92.61,Utility Enemy 7,Utility,AttackAction,None,1.00,51.3,0
92.61,Utility Enemy 14,Utility,AttackAction,None,1.00,29.2,0
92.61,Utility Enemy 2,Utility,AttackAction,None,1.00,26.0,0
92.61,Utility Enemy 13,Utility,AttackAction,None,1.00,31.5,0
93.11,Player,Player,-,None,0.15,,0
93.11,FSM Enemy 6,FSM,PatrolState,None,0.40,51.9,0
93.11,FSM Enemy 12,FSM,PatrolState,None,1.00,46.5,0
93.11,FSM Enemy 4,FSM,Dead,None,0.00,28.1,0
93.11,FSM Enemy 2,FSM,AttackState,None,1.00,13.6,1
93.11,FSM Enemy 13,FSM,PatrolState,None,1.00,78.9,0
93.11,FSM Enemy 10,FSM,PatrolState,None,1.00,46.6,0
93.11,FSM Enemy 3,FSM,PatrolState,None,1.00,32.1,0
93.11,FSM Enemy 1,FSM,PatrolState,None,1.00,65.9,0
93.11,FSM Enemy 14,FSM,PatrolState,None,1.00,30.3,0
93.11,FSM Enemy 8,FSM,PatrolState,None,1.00,28.9,0
93.11,FSM Enemy 11,FSM,PatrolState,None,0.40,75.1,0
93.11,FSM Enemy 15,FSM,PatrolState,None,0.90,60.5,0
93.11,FSM Enemy 7,FSM,PatrolState,None,1.00,73.0,0
93.11,FSM Enemy 5,FSM,PatrolState,None,0.80,67.6,0
93.11,FSM Enemy 9,FSM,PatrolState,None,1.00,29.1,0
93.11,Utility Enemy 10,Utility,AttackAction,None,1.00,45.5,0
93.11,Utility Enemy 8,Utility,AttackAction,None,1.00,38.0,0
93.11,Utility Enemy 6,Utility,AttackAction,None,1.00,56.2,0
93.11,Utility Enemy 4,Utility,AttackAction,None,1.00,57.8,0
93.11,Utility Enemy 11,Utility,AttackAction,None,1.00,57.8,0
93.11,Utility Enemy 15,Utility,AttackAction,None,1.00,42.0,0
93.11,Utility Enemy 1,Utility,AttackAction,None,1.00,66.2,0
93.11,Utility Enemy 12,Utility,AttackAction,None,1.00,46.0,0
93.11,Utility Enemy 9,Utility,AttackAction,None,1.00,37.4,0
93.11,Utility Enemy 5,Utility,AttackAction,None,1.00,15.6,0
93.11,Utility Enemy 3,Utility,Dead,None,0.00,22.0,0
93.11,Utility Enemy 7,Utility,AttackAction,None,1.00,54.6,0
93.11,Utility Enemy 14,Utility,AttackAction,None,1.00,32.8,0
93.11,Utility Enemy 2,Utility,AttackAction,None,1.00,22.8,0
93.11,Utility Enemy 13,Utility,AttackAction,None,1.00,34.6,0
93.62,Player,Player,-,None,0.15,,0
93.62,FSM Enemy 6,FSM,PatrolState,None,0.40,56.7,0
93.62,FSM Enemy 12,FSM,PatrolState,None,1.00,50.4,0
93.62,FSM Enemy 4,FSM,Dead,None,0.00,31.6,0
93.62,FSM Enemy 2,FSM,AttackState,None,1.00,14.9,1
93.62,FSM Enemy 13,FSM,PatrolState,None,1.00,79.2,0
93.62,FSM Enemy 10,FSM,PatrolState,None,1.00,47.2,0
93.62,FSM Enemy 3,FSM,PatrolState,None,1.00,30.4,0
93.62,FSM Enemy 1,FSM,PatrolState,None,1.00,63.3,0
93.62,FSM Enemy 14,FSM,PatrolState,None,1.00,32.8,0
93.62,FSM Enemy 8,FSM,PatrolState,None,1.00,28.4,0
93.62,FSM Enemy 11,FSM,PatrolState,None,0.40,77.1,0
93.62,FSM Enemy 15,FSM,PatrolState,None,0.90,61.8,0
93.62,FSM Enemy 7,FSM,PatrolState,None,1.00,74.4,0
93.62,FSM Enemy 5,FSM,PatrolState,None,0.80,66.8,0
93.62,FSM Enemy 9,FSM,PatrolState,None,1.00,33.0,0
93.62,Utility Enemy 10,Utility,AttackAction,None,1.00,49.1,0
93.62,Utility Enemy 8,Utility,AttackAction,None,1.00,41.7,0
93.62,Utility Enemy 6,Utility,AttackAction,None,1.00,57.1,0
93.62,Utility Enemy 4,Utility,AttackAction,None,1.00,55.7,0
93.62,Utility Enemy 11,Utility,AttackAction,None,1.00,61.5,0
93.62,Utility Enemy 15,Utility,AttackAction,None,1.00,43.3,0
93.62,Utility Enemy 1,Utility,AttackAction,None,1.00,64.5,0
93.62,Utility Enemy 12,Utility,AttackAction,None,1.00,49.7,0
93.62,Utility Enemy 9,Utility,AttackAction,None,1.00,41.1,0
93.62,Utility Enemy 5,Utility,AttackAction,None,1.00,17.8,0
93.62,Utility Enemy 3,Utility,Dead,None,0.00,23.1,0
93.62,Utility Enemy 7,Utility,AttackAction,None,1.00,58.3,0
93.62,Utility Enemy 14,Utility,AttackAction,None,1.00,36.2,0
93.62,Utility Enemy 2,Utility,AttackAction,None,1.00,21.4,0
93.62,Utility Enemy 13,Utility,AttackAction,None,1.00,38.3,0
94.12,Player,Player,-,None,0.09,,0
94.12,FSM Enemy 6,FSM,PatrolState,None,0.40,61.3,0
94.12,FSM Enemy 12,FSM,PatrolState,None,0.90,54.2,0
94.12,FSM Enemy 4,FSM,Dead,None,0.00,34.5,0
94.12,FSM Enemy 2,FSM,AttackState,None,1.00,17.9,1
94.12,FSM Enemy 13,FSM,PatrolState,None,1.00,80.9,0
94.12,FSM Enemy 10,FSM,PatrolState,None,1.00,49.1,0
94.12,FSM Enemy 3,FSM,PatrolState,None,1.00,30.3,0
94.12,FSM Enemy 1,FSM,PatrolState,None,1.00,62.6,0
94.12,FSM Enemy 14,FSM,PatrolState,None,1.00,34.6,0
94.12,FSM Enemy 8,FSM,PatrolState,None,1.00,30.6,0
94.12,FSM Enemy 11,FSM,PatrolState,None,0.40,80.5,0
94.12,FSM Enemy 15,FSM,PatrolState,None,0.90,64.8,0
94.12,FSM Enemy 7,FSM,PatrolState,None,1.00,77.1,0
94.12,FSM Enemy 5,FSM,PatrolState,None,0.80,67.6,0
94.12,FSM Enemy 9,FSM,PatrolState,None,1.00,37.7,0
94.12,Utility Enemy 10,Utility,AttackAction,None,1.00,52.3,0
94.12,Utility Enemy 8,Utility,AttackAction,None,1.00,45.1,0
94.12,Utility Enemy 6,Utility,AttackAction,None,1.00,59.6,0
94.12,Utility Enemy 4,Utility,AttackAction,None,1.00,55.1,0
94.12,Utility Enemy 11,Utility,AttackAction,None,1.00,65.1,0
94.12,Utility Enemy 15,Utility,AttackAction,None,1.00,46.1,0
94.12,Utility Enemy 1,Utility,AttackAction,None,1.00,64.5,0
94.12,Utility Enemy 12,Utility,AttackAction,None,1.00,53.0,0
94.12,Utility Enemy 9,Utility,AttackAction,None,1.00,44.4,0
94.12,Utility Enemy 5,Utility,AttackAction,None,1.00,21.2,0
94.12,Utility Enemy 3,Utility,Dead,None,0.00,23.4,0
94.12,Utility Enemy 7,Utility,AttackAction,None,1.00,61.6,0
94.12,Utility Enemy 14,Utility,AttackAction,None,1.00,39.0,0
94.12,Utility Enemy 2,Utility,AttackAction,None,1.00,21.9,0
94.12,Utility Enemy 13,Utility,AttackAction,None,1.00,41.8,0
94.62,Player,Player,-,None,0.09,,0
94.62,FSM Enemy 6,FSM,PatrolState,None,0.40,65.7,0
94.62,FSM Enemy 12,FSM,PatrolState,None,0.90,57.7,0
94.62,FSM Enemy 4,FSM,Dead,None,0.00,37.2,0
94.62,FSM Enemy 2,FSM,ChaseState,None,1.00,20.1,0
94.62,FSM Enemy 13,FSM,PatrolState,None,1.00,83.1,0
94.62,FSM Enemy 10,FSM,PatrolState,None,1.00,51.3,0
94.62,FSM Enemy 3,FSM,PatrolState,None,1.00,31.4,0
94.62,FSM Enemy 1,FSM,PatrolState,None,1.00,62.9,0
94.62,FSM Enemy 14,FSM,PatrolState,None,1.00,36.0,0
94.62,FSM Enemy 8,FSM,PatrolState,None,1.00,33.8,0
94.62,FSM Enemy 11,FSM,PatrolState,None,0.40,84.3,0
94.62,FSM Enemy 15,FSM,PatrolState,None,0.90,68.3,0
94.62,FSM Enemy 7,FSM,PatrolState,None,1.00,80.3,0
94.62,FSM Enemy 5,FSM,PatrolState,None,0.80,69.6,0
94.62,FSM Enemy 9,FSM,PatrolState,None,1.00,40.6,0
94.62,Utility Enemy 10,Utility,AttackAction,None,1.00,55.2,0
94.62,Utility Enemy 8,Utility,AttackAction,None,1.00,48.4,0
94.62,Utility Enemy 6,Utility,AttackAction,None,1.00,62.5,0
94.62,Utility Enemy 4,Utility,AttackAction,None,1.00,55.3,0
94.62,Utility Enemy 11,Utility,AttackAction,None,1.00,68.4,0
94.62,Utility Enemy 15,Utility,AttackAction,None,1.00,49.3,0
94.62,Utility Enemy 1,Utility,AttackAction,None,1.00,65.3,0
94.62,Utility Enemy 12,Utility,AttackAction,None,1.00,56.1,0
94.62,Utility Enemy 9,Utility,AttackAction,None,1.00,47.4,0
94.62,Utility Enemy 5,Utility,AttackAction,None,1.00,24.8,0
94.62,Utility Enemy 3,Utility,Dead,None,0.00,23.6,0
94.62,Utility Enemy 7,Utility,AttackAction,None,1.00,64.7,0
94.62,Utility Enemy 14,Utility,AttackAction,None,1.00,41.6,0
94.62,Utility Enemy 2,Utility,AttackAction,None,1.00,23.6,0
94.62,Utility Enemy 13,Utility,AttackAction,None,1.00,45.1,0
95.12,Player,Player,-,None,0.09,,0
95.12,FSM Enemy 6,FSM,PatrolState,None,0.40,70.3,0
95.12,FSM Enemy 12,FSM,PatrolState,None,0.90,61.5,0
95.12,FSM Enemy 4,FSM,Dead,None,0.00,40.5,0
95.12,FSM Enemy 2,FSM,ChaseState,None,1.00,21.1,0
95.12,FSM Enemy 13,FSM,PatrolState,None,1.00,84.6,0
95.12,FSM Enemy 10,FSM,PatrolState,None,1.00,53.2,0
95.12,FSM Enemy 3,FSM,PatrolState,None,1.00,31.8,0
95.12,FSM Enemy 1,FSM,PatrolState,None,1.00,62.6,0
95.12,FSM Enemy 14,FSM,PatrolState,None,1.00,38.1,0
95.12,FSM Enemy 8,FSM,PatrolState,None,1.00,36.6,0
95.12,FSM Enemy 11,FSM,PatrolState,None,0.40,87.8,0
95.12,FSM Enemy 15,FSM,PatrolState,None,0.90,71.4,0
95.12,FSM Enemy 7,FSM,PatrolState,None,1.00,83.2,0
95.12,FSM Enemy 5,FSM,PatrolState,None,0.80,71.4,0
95.12,FSM Enemy 9,FSM,PatrolState,None,1.00,43.1,0
95.12,Utility Enemy 10,Utility,AttackAction,None,1.00,58.7,0
95.12,Utility Enemy 8,Utility,AttackAction,None,1.00,52.0,0
95.12,Utility Enemy 6,Utility,AttackAction,None,1.00,65.0,0
95.12,Utility Enemy 4,Utility,AttackAction,None,1.00,55.0,0
95.12,Utility Enemy 11,Utility,AttackAction,None,1.00,72.1,0
95.12,Utility Enemy 15,Utility,AttackAction,None,1.00,52.2,0
95.12,Utility Enemy 1,Utility,AttackAction,None,1.00,65.5,0
95.12,Utility Enemy 12,Utility,AttackAction,None,1.00,59.6,0
95.12,Utility Enemy 9,Utility,AttackAction,None,1.00,50.9,0
95.12,Utility Enemy 5,Utility,AttackAction,None,1.00,28.2,0
95.12,Utility Enemy 3,Utility,Dead,None,0.00,25.2,0
95.12,Utility Enemy 7,Utility,AttackAction,None,1.00,68.2,0
95.12,Utility Enemy 14,Utility,AttackAction,None,1.00,44.7,0
95.12,Utility Enemy 2,Utility,AttackAction,None,1.00,25.0,0
95.12,Utility Enemy 13,Utility,AttackAction,None,1.00,48.7,0
95.62,Player,Player,-,None,0.09,,0
95.62,FSM Enemy 6,FSM,PatrolState,None,0.40,75.1,0
95.62,FSM Enemy 12,FSM,PatrolState,None,0.90,65.4,0
95.62,FSM Enemy 4,FSM,Dead,None,0.00,44.2,0
95.62,FSM Enemy 2,FSM,ChaseState,None,1.00,21.4,0
95.62,FSM Enemy 13,FSM,PatrolState,None,1.00,84.8,0
95.62,FSM Enemy 10,FSM,PatrolState,None,1.00,54.2,0
95.62,FSM Enemy 3,FSM,PatrolState,None,1.00,31.0,0
95.62,FSM Enemy 1,FSM,PatrolState,None,1.00,61.0,0
95.62,FSM Enemy 14,FSM,PatrolState,None,1.00,40.8,0
95.62,FSM Enemy 8,FSM,PatrolState,None,1.00,38.2,0
95.62,FSM Enemy 11,FSM,PatrolState,None,0.40,90.3,0
95.62,FSM Enemy 15,FSM,PatrolState,None,0.90,73.2,0
95.62,FSM Enemy 7,FSM,PatrolState,None,1.00,85.2,0
95.62,FSM Enemy 5,FSM,PatrolState,None,0.80,71.8,0
95.62,FSM Enemy 9,FSM,PatrolState,None,1.00,44.9,0
95.62,Utility Enemy 10,Utility,AttackAction,None,1.00,62.4,0
95.62,Utility Enemy 8,Utility,AttackAction,None,1.00,55.7,0
95.62,Utility Enemy 6,Utility,AttackAction,None,1.00,66.4,0
95.62,Utility Enemy 4,Utility,AttackAction,None,1.00,53.5,0
95.62,Utility Enemy 11,Utility,AttackAction,None,1.00,75.7,0
95.62,Utility Enemy 15,Utility,AttackAction,None,1.00,54.0,0
95.62,Utility Enemy 1,Utility,AttackAction,None,1.00,64.3,0
95.62,Utility Enemy 12,Utility,AttackAction,None,1.00,63.3,0
95.62,Utility Enemy 9,Utility,AttackAction,None,1.00,54.7,0
95.62,Utility Enemy 5,Utility,AttackAction,None,1.00,31.0,0
95.62,Utility Enemy 3,Utility,Dead,None,0.00,28.3,0
95.62,Utility Enemy 7,Utility,AttackAction,None,1.00,71.9,0
95.62,Utility Enemy 14,Utility,AttackAction,None,1.00,48.4,0
95.62,Utility Enemy 2,Utility,AttackAction,None,1.00,25.4,0
95.62,Utility Enemy 13,Utility,AttackAction,None,1.00,52.4,0
96.13,Player,Player,-,None,0.09,,0
96.13,FSM Enemy 6,FSM,PatrolState,None,0.40,79.8,0
96.13,FSM Enemy 12,FSM,PatrolState,None,0.90,69.1,0
96.13,FSM Enemy 4,FSM,Dead,None,0.00,47.5,0
96.13,FSM Enemy 2,FSM,ChaseState,None,1.00,22.8,0
96.13,FSM Enemy 13,FSM,PatrolState,None,1.00,86.3,0
96.13,FSM Enemy 10,FSM,PatrolState,None,1.00,56.3,0
96.13,FSM Enemy 3,FSM,PatrolState,None,1.00,31.8,0
96.13,FSM Enemy 1,FSM,PatrolState,None,1.00,60.9,0
96.13,FSM Enemy 14,FSM,PatrolState,None,1.00,42.8,0
96.13,FSM Enemy 8,FSM,PatrolState,None,1.00,41.5,0
96.13,FSM Enemy 11,FSM,PatrolState,None,0.40,94.0,0
96.13,FSM Enemy 15,FSM,PatrolState,None,0.90,76.1,0
96.13,FSM Enemy 7,FSM,PatrolState,None,1.00,88.3,0
96.13,FSM Enemy 5,FSM,PatrolState,None,0.80,74.1,0
96.13,FSM Enemy 9,FSM,PatrolState,None,1.00,47.4,0
96.13,Utility Enemy 10,Utility,AttackAction,None,1.00,65.8,0
96.13,Utility Enemy 8,Utility,AttackAction,None,1.00,59.2,0
96.13,Utility Enemy 6,Utility,AttackAction,None,1.00,69.1,0
96.13,Utility Enemy 4,Utility,AttackAction,None,1.00,53.6,0
96.13,Utility Enemy 11,Utility,AttackAction,None,1.00,79.3,0
96.13,Utility Enemy 15,Utility,AttackAction,None,1.00,57.0,0
96.13,Utility Enemy 1,Utility,AttackAction,None,1.00,64.9,0
96.13,Utility Enemy 12,Utility,AttackAction,None,1.00,66.8,0
96.13,Utility Enemy 9,Utility,AttackAction,None,1.00,58.1,0
96.13,Utility Enemy 5,Utility,AttackAction,None,1.00,34.6,0
96.13,Utility Enemy 3,Utility,Dead,None,0.00,30.4,0
96.13,Utility Enemy 7,Utility,AttackAction,None,1.00,75.4,0
96.13,Utility Enemy 14,Utility,AttackAction,None,1.00,51.7,0
96.13,Utility Enemy 2,Utility,AttackAction,None,1.00,27.7,0
96.13,Utility Enemy 13,Utility,AttackAction,None,1.00,55.9,0
96.63,Player,Player,-,None,0.09,,0
96.63,FSM Enemy 6,FSM,PatrolState,None,0.40,83.3,0
96.63,FSM Enemy 12,FSM,PatrolState,None,0.90,71.6,0
96.63,FSM Enemy 4,FSM,Dead,None,0.00,49.3,0
96.63,FSM Enemy 2,FSM,ChaseState,None,1.00,24.1,0
96.63,FSM Enemy 13,FSM,PatrolState,None,1.00,89.1,0
96.63,FSM Enemy 10,FSM,PatrolState,None,1.00,58.8,0
96.63,FSM Enemy 3,FSM,PatrolState,None,1.00,34.8,0
96.63,FSM Enemy 1,FSM,PatrolState,None,1.00,63.1,0
96.63,FSM Enemy 14,FSM,PatrolState,None,1.00,43.0,0
96.63,FSM Enemy 8,FSM,PatrolState,None,1.00,46.3,0
96.63,FSM Enemy 11,FSM,PatrolState,None,0.40,98.4,0
96.63,FSM Enemy 15,FSM,PatrolState,None,0.90,79.6,0
96.63,FSM Enemy 7,FSM,PatrolState,None,1.00,91.9,0
96.63,FSM Enemy 5,FSM,PatrolState,None,0.80,77.0,0
96.63,FSM Enemy 9,FSM,PatrolState,None,1.00,49.7,0
96.63,Utility Enemy 10,Utility,AttackAction,None,1.00,67.8,0
96.63,Utility Enemy 8,Utility,AttackAction,None,1.00,61.6,0
96.63,Utility Enemy 6,Utility,AttackAction,None,1.00,72.8,0
96.63,Utility Enemy 4,Utility,AttackAction,None,1.00,56.2,0
96.63,Utility Enemy 11,Utility,AttackAction,None,1.00,81.8,0
96.63,Utility Enemy 15,Utility,AttackAction,None,1.00,60.7,0
96.63,Utility Enemy 1,Utility,AttackAction,None,1.00,67.7,0
96.63,Utility Enemy 12,Utility,AttackAction,None,1.00,68.9,0
96.63,Utility Enemy 9,Utility,AttackAction,None,1.00,60.3,0
96.63,Utility Enemy 5,Utility,AttackAction,None,1.00,37.9,0
96.63,Utility Enemy 3,Utility,Dead,None,0.00,30.8,0
96.63,Utility Enemy 7,Utility,AttackAction,None,1.00,77.5,0
96.63,Utility Enemy 14,Utility,AttackAction,None,1.00,53.3,0
96.63,Utility Enemy 2,Utility,AttackAction,None,1.00,31.3,0
96.63,Utility Enemy 13,Utility,AttackAction,None,1.00,58.4,0
97.13,Player,Player,-,None,0.09,,0
97.13,FSM Enemy 6,FSM,PatrolState,None,0.40,85.3,0
97.13,FSM Enemy 12,FSM,PatrolState,None,0.90,72.7,0
97.13,FSM Enemy 4,FSM,Dead,None,0.00,49.9,0
97.13,FSM Enemy 2,FSM,ChaseState,None,1.00,24.5,0
97.13,FSM Enemy 13,FSM,PatrolState,None,1.00,92.0,0
97.13,FSM Enemy 10,FSM,PatrolState,None,1.00,60.7,0
97.13,FSM Enemy 3,FSM,PatrolState,None,1.00,38.6,0
97.13,FSM Enemy 1,FSM,PatrolState,None,1.00,66.3,0
97.13,FSM Enemy 14,FSM,PatrolState,None,1.00,42.0,0
97.13,FSM Enemy 8,FSM,PatrolState,None,1.00,51.2,0
97.13,FSM Enemy 11,FSM,PatrolState,None,0.40,101.4,0
97.13,FSM Enemy 15,FSM,PatrolState,None,0.90,82.9,0
97.13,FSM Enemy 7,FSM,PatrolState,None,1.00,95.0,0
97.13,FSM Enemy 5,FSM,PatrolState,None,0.80,79.8,0
97.13,FSM Enemy 9,FSM,PatrolState,None,1.00,51.4,0
97.13,Utility Enemy 10,Utility,AttackAction,None,1.00,68.4,0
97.13,Utility Enemy 8,Utility,AttackAction,None,1.00,62.7,0
97.13,Utility Enemy 6,Utility,AttackAction,None,1.00,76.3,0
97.13,Utility Enemy 4,Utility,AttackAction,None,1.00,59.7,0
97.13,Utility Enemy 11,Utility,AttackAction,None,1.00,83.0,0
97.13,Utility Enemy 15,Utility,AttackAction,None,1.00,64.0,0
97.13,Utility Enemy 1,Utility,AttackAction,None,1.00,71.3,0
97.13,Utility Enemy 12,Utility,AttackAction,None,1.00,69.7,0
97.13,Utility Enemy 9,Utility,AttackAction,None,1.00,61.2,0
97.13,Utility Enemy 5,Utility,AttackAction,None,1.00,40.5,0
97.13,Utility Enemy 3,Utility,Dead,None,0.00,30.0,0
97.13,Utility Enemy 7,Utility,AttackAction,None,1.00,78.3,0
97.13,Utility Enemy 14,Utility,AttackAction,None,1.00,53.7,0
97.13,Utility Enemy 2,Utility,AttackAction,None,1.00,34.8,0
97.13,Utility Enemy 13,Utility,AttackAction,None,1.00,59.6,0
97.64,Player,Player,-,None,0.09,,0
97.64,FSM Enemy 6,FSM,PatrolState,None,0.40,85.8,0
97.64,FSM Enemy 12,FSM,PatrolState,None,0.90,73.1,0
97.64,FSM Enemy 4,FSM,Dead,None,0.00,49.9,0
97.64,FSM Enemy 2,FSM,ChaseState,None,1.00,24.5,0
97.64,FSM Enemy 13,FSM,PatrolState,None,1.00,94.6,0
97.64,FSM Enemy 10,FSM,PatrolState,None,1.00,62.0,0
97.64,FSM Enemy 3,FSM,PatrolState,None,1.00,42.6,0
97.64,FSM Enemy 1,FSM,PatrolState,None,1.00,69.3,0
97.64,FSM Enemy 14,FSM,PatrolState,None,1.00,40.2,0
97.64,FSM Enemy 8,FSM,PatrolState,None,1.00,55.9,0
97.64,FSM Enemy 11,FSM,PatrolState,None,0.40,103.6,0
97.64,FSM Enemy 15,FSM,PatrolState,None,0.90,85.4,0
97.64,FSM Enemy 7,FSM,PatrolState,None,1.00,97.5,0
97.64,FSM Enemy 5,FSM,PatrolState,None,0.80,82.7,0
97.64,FSM Enemy 9,FSM,PatrolState,None,1.00,52.6,0
97.64,Utility Enemy 10,Utility,AttackAction,None,1.00,68.4,0
97.64,Utility Enemy 8,Utility,AttackAction,None,1.00,63.2,0
97.64,Utility Enemy 6,Utility,AttackAction,None,1.00,79.4,0
97.64,Utility Enemy 4,Utility,AttackAction,None,1.00,63.4,0
97.64,Utility Enemy 11,Utility,AttackAction,None,1.00,83.5,0
97.64,Utility Enemy 15,Utility,AttackAction,None,1.00,66.8,0
97.64,Utility Enemy 1,Utility,AttackAction,None,1.00,75.1,0
97.64,Utility Enemy 12,Utility,AttackAction,None,1.00,69.8,0
97.64,Utility Enemy 9,Utility,AttackAction,None,1.00,61.4,0
97.64,Utility Enemy 5,Utility,AttackAction,None,1.00,42.5,0
97.64,Utility Enemy 3,Utility,Dead,None,0.00,28.7,0
97.64,Utility Enemy 7,Utility,AttackAction,None,1.00,78.3,0
97.64,Utility Enemy 14,Utility,AttackAction,None,1.00,53.4,0
97.64,Utility Enemy 2,Utility,AttackAction,None,1.00,38.2,0
97.64,Utility Enemy 13,Utility,AttackAction,None,1.00,60.1,0
98.14,Player,Player,-,None,0.09,,0
98.14,FSM Enemy 6,FSM,PatrolState,None,0.40,84.8,0
98.14,FSM Enemy 12,FSM,PatrolState,None,0.90,73.4,0
98.14,FSM Enemy 4,FSM,Dead,None,0.00,49.8,0
98.14,FSM Enemy 2,FSM,ChaseState,None,1.00,23.2,0
98.14,FSM Enemy 13,FSM,PatrolState,None,1.00,95.1,0
98.14,FSM Enemy 10,FSM,PatrolState,None,1.00,61.8,0
98.14,FSM Enemy 3,FSM,PatrolState,None,1.00,44.4,0
98.14,FSM Enemy 1,FSM,PatrolState,None,1.00,69.7,0
98.14,FSM Enemy 14,FSM,PatrolState,None,1.00,38.7,0
98.14,FSM Enemy 8,FSM,PatrolState,None,1.00,58.1,0
98.14,FSM Enemy 11,FSM,PatrolState,None,0.40,104.2,0
98.14,FSM Enemy 15,FSM,PatrolState,None,0.90,86.0,0
98.14,FSM Enemy 7,FSM,PatrolState,None,1.00,98.5,0
98.14,FSM Enemy 5,FSM,PatrolState,None,0.80,83.8,0
98.14,FSM Enemy 9,FSM,PatrolState,None,1.00,52.5,0
98.14,Utility Enemy 10,Utility,AttackAction,None,1.00,68.3,0
98.14,Utility Enemy 8,Utility,AttackAction,None,1.00,63.3,0
98.14,Utility Enemy 6,Utility,AttackAction,None,1.00,80.6,0
98.14,Utility Enemy 4,Utility,AttackAction,None,1.00,65.0,0
98.14,Utility Enemy 11,Utility,AttackAction,None,1.00,83.6,0
98.14,Utility Enemy 15,Utility,AttackAction,None,1.00,68.0,0
98.14,Utility Enemy 1,Utility,AttackAction,None,1.00,76.6,0
98.14,Utility Enemy 12,Utility,AttackAction,None,1.00,69.8,0
98.14,Utility Enemy 9,Utility,AttackAction,None,1.00,61.4,0
98.14,Utility Enemy 5,Utility,AttackAction,None,1.00,43.4,0
98.14,Utility Enemy 3,Utility,Dead,None,0.00,28.2,0
98.14,Utility Enemy 7,Utility,AttackAction,None,1.00,78.2,0
98.14,Utility Enemy 14,Utility,AttackAction,None,1.00,53.2,0
98.14,Utility Enemy 2,Utility,AttackAction,None,1.00,39.5,0
98.14,Utility Enemy 13,Utility,AttackAction,None,1.00,60.3,0
98.64,Player,Player,-,None,0.09,,0
98.64,FSM Enemy 6,FSM,PatrolState,None,0.40,83.6,0
98.64,FSM Enemy 12,FSM,PatrolState,None,0.90,73.4,0
98.64,FSM Enemy 4,FSM,Dead,None,0.00,49.6,0
98.64,FSM Enemy 2,FSM,PatrolState,None,1.00,21.9,0
98.64,FSM Enemy 13,FSM,PatrolState,None,1.00,95.5,0
98.64,FSM Enemy 10,FSM,PatrolState,None,1.00,61.4,0
98.64,FSM Enemy 3,FSM,PatrolState,None,1.00,46.2,0
98.64,FSM Enemy 1,FSM,PatrolState,None,1.00,70.5,0
98.64,FSM Enemy 14,FSM,PatrolState,None,1.00,37.2,0
98.64,FSM Enemy 8,FSM,PatrolState,None,1.00,58.5,0
98.64,FSM Enemy 11,FSM,PatrolState,None,0.40,104.6,0
98.64,FSM Enemy 15,FSM,PatrolState,None,0.90,87.5,0
98.64,FSM Enemy 7,FSM,PatrolState,None,1.00,99.2,0
98.64,FSM Enemy 5,FSM,PatrolState,None,0.80,85.3,0
98.64,FSM Enemy 9,FSM,PatrolState,None,1.00,52.4,0
98.64,Utility Enemy 10,Utility,AttackAction,None,1.00,68.1,0
98.64,Utility Enemy 8,Utility,AttackAction,None,1.00,63.3,0
98.64,Utility Enemy 6,Utility,AttackAction,None,1.00,81.7,0
98.64,Utility Enemy 4,Utility,AttackAction,None,1.00,66.4,0
98.64,Utility Enemy 11,Utility,AttackAction,None,1.00,83.6,0
98.64,Utility Enemy 15,Utility,AttackAction,None,1.00,68.9,0
98.64,Utility Enemy 1,Utility,AttackAction,None,1.00,78.1,0
98.64,Utility Enemy 12,Utility,AttackAction,None,1.00,69.7,0
98.64,Utility Enemy 9,Utility,AttackAction,None,1.00,61.3,0
98.64,Utility Enemy 5,Utility,AttackAction,None,1.00,43.8,0
98.64,Utility Enemy 3,Utility,AttackAction,None,1.00,87.5,0
98.64,Utility Enemy 7,Utility,AttackAction,None,1.00,78.1,0
98.64,Utility Enemy 14,Utility,AttackAction,None,1.00,53.0,0
98.64,Utility Enemy 2,Utility,AttackAction,None,1.00,40.5,0
98.64,Utility Enemy 13,Utility,AttackAction,None,1.00,60.3,0
99.14,Player,Player,-,None,0.09,,0
99.14,FSM Enemy 6,FSM,PatrolState,None,0.40,82.5,0
99.14,FSM Enemy 12,FSM,PatrolState,None,0.90,73.6,0
99.14,FSM Enemy 4,FSM,Dead,None,0.00,49.6,0
99.14,FSM Enemy 2,FSM,PatrolState,None,1.00,21.7,0
99.14,FSM Enemy 13,FSM,PatrolState,None,1.00,96.0,0
99.14,FSM Enemy 10,FSM,PatrolState,None,1.00,61.4,0
99.14,FSM Enemy 3,FSM,PatrolState,None,1.00,48.1,0
99.14,FSM Enemy 1,FSM,PatrolState,None,1.00,73.1,0
99.14,FSM Enemy 14,FSM,PatrolState,None,1.00,35.7,0
99.14,FSM Enemy 8,FSM,PatrolState,None,1.00,58.7,0
99.14,FSM Enemy 11,FSM,PatrolState,None,0.40,105.2,0
99.14,FSM Enemy 15,FSM,PatrolState,None,0.90,89.5,0
99.14,FSM Enemy 7,FSM,PatrolState,None,1.00,100.2,0
99.14,FSM Enemy 5,FSM,PatrolState,None,0.80,86.8,0
99.14,FSM Enemy 9,FSM,PatrolState,None,1.00,52.4,0
99.14,Utility Enemy 10,Utility,AttackAction,None,1.00,68.0,0
99.14,Utility Enemy 8,Utility,AttackAction,None,1.00,63.4,0
99.14,Utility Enemy 6,Utility,AttackAction,None,1.00,82.9,0
99.14,Utility Enemy 4,Utility,AttackAction,None,1.00,68.0,0
99.14,Utility Enemy 11,Utility,AttackAction,None,1.00,83.7,0
99.14,Utility Enemy 15,Utility,AttackAction,None,1.00,70.1,0
99.14,Utility Enemy 1,Utility,AttackAction,None,1.00,79.6,0
99.14,Utility Enemy 12,Utility,AttackAction,None,1.00,69.7,0
99.14,Utility Enemy 9,Utility,AttackAction,None,1.00,61.3,0
99.14,Utility Enemy 5,Utility,AttackAction,None,1.00,44.6,0
99.14,Utility Enemy 3,Utility,AttackAction,None,1.00,88.5,0
99.14,Utility Enemy 7,Utility,AttackAction,None,1.00,78.0,0
99.14,Utility Enemy 14,Utility,AttackAction,None,1.00,52.8,0
99.14,Utility Enemy 2,Utility,AttackAction,None,1.00,41.7,0
99.14,Utility Enemy 13,Utility,AttackAction,None,1.00,60.5,0
99.64,Player,Player,-,None,0.09,,0
99.64,FSM Enemy 6,FSM,PatrolState,None,0.40,81.4,0
99.64,FSM Enemy 12,FSM,PatrolState,None,0.90,73.7,0
99.64,FSM Enemy 4,FSM,Dead,None,0.00,49.7,0
99.64,FSM Enemy 2,FSM,PatrolState,None,1.00,21.8,0
99.64,FSM Enemy 13,FSM,PatrolState,None,1.00,96.7,0
99.64,FSM Enemy 10,FSM,PatrolState,None,1.00,61.3,0
99.64,FSM Enemy 3,FSM,PatrolState,None,1.00,50.2,0
99.64,FSM Enemy 1,FSM,PatrolState,None,1.00,76.0,0
99.64,FSM Enemy 14,FSM,PatrolState,None,1.00,34.4,0
99.64,FSM Enemy 8,FSM,PatrolState,None,1.00,59.1,0
99.64,FSM Enemy 11,FSM,PatrolState,None,0.40,106.0,0
99.64,FSM Enemy 15,FSM,PatrolState,None,0.90,91.6,0
99.64,FSM Enemy 7,FSM,PatrolState,None,1.00,101.4,0
99.64,FSM Enemy 5,FSM,PatrolState,None,0.80,88.6,0
99.64,FSM Enemy 9,FSM,PatrolState,None,1.00,52.9,0
99.64,Utility Enemy 10,Utility,AttackAction,None,1.00,68.0,0
99.64,Utility Enemy 8,Utility,AttackAction,None,1.00,63.6,0
99.64,Utility Enemy 6,Utility,AttackAction,None,1.00,84.3,0
99.64,Utility Enemy 4,Utility,AttackAction,None,1.00,69.8,0
99.64,Utility Enemy 11,Utility,AttackAction,None,1.00,83.9,0
99.64,Utility Enemy 15,Utility,AttackAction,None,1.00,71.4,0
99.64,Utility Enemy 1,Utility,AttackAction,None,1.00,81.4,0
99.64,Utility Enemy 12,Utility,AttackAction,None,1.00,69.7,0
99.64,Utility Enemy 9,Utility,AttackAction,None,1.00,61.5,0
99.64,Utility Enemy 5,Utility,AttackAction,None,1.00,45.5,0
99.64,Utility Enemy 3,Utility,AttackAction,None,1.00,89.8,0
99.64,Utility Enemy 7,Utility,AttackAction,None,1.00,78.0,0
99.64,Utility Enemy 14,Utility,AttackAction,None,1.00,52.8,0
99.64,Utility Enemy 2,Utility,AttackAction,None,1.00,43.2,0
99.64,Utility Enemy 13,Utility,AttackAction,None,1.00,60.8,0
100.14,Player,Player,-,None,0.09,,0
100.14,FSM Enemy 6,FSM,PatrolState,None,0.40,80.4,0
100.14,FSM Enemy 12,FSM,PatrolState,None,0.90,73.9,0
100.14,FSM Enemy 4,FSM,Dead,None,0.00,49.8,0
100.14,FSM Enemy 2,FSM,PatrolState,None,1.00,21.4,0
100.14,FSM Enemy 13,FSM,PatrolState,None,1.00,98.0,0
100.14,FSM Enemy 10,FSM,PatrolState,None,1.00,60.8,0
100.14,FSM Enemy 3,FSM,PatrolState,None,1.00,51.6,0
100.14,FSM Enemy 1,FSM,PatrolState,None,1.00,78.0,0
100.14,FSM Enemy 14,FSM,PatrolState,None,1.00,33.2,0
100.14,FSM Enemy 8,FSM,PatrolState,None,1.00,58.9,0
100.14,FSM Enemy 11,FSM,PatrolState,None,0.40,106.3,0
100.14,FSM Enemy 15,FSM,PatrolState,None,0.90,93.2,0
100.14,FSM Enemy 7,FSM,PatrolState,None,1.00,102.1,0
100.14,FSM Enemy 5,FSM,PatrolState,None,0.80,89.6,0
100.14,FSM Enemy 9,FSM,PatrolState,None,1.00,53.5,0
100.14,Utility Enemy 10,Utility,AttackAction,None,1.00,68.1,0
100.14,Utility Enemy 8,Utility,AttackAction,None,1.00,63.9,0
100.14,Utility Enemy 6,Utility,AttackAction,None,1.00,85.1,0
100.14,Utility Enemy 4,Utility,AttackAction,None,1.00,70.7,0
100.14,Utility Enemy 11,Utility,AttackAction,None,1.00,84.1,0
100.14,Utility Enemy 15,Utility,AttackAction,None,1.00,72.1,0
100.14,Utility Enemy 1,Utility,AttackAction,None,1.00,82.3,0
100.14,Utility Enemy 12,Utility,AttackAction,None,1.00,69.8,0
100.14,Utility Enemy 9,Utility,AttackAction,None,1.00,61.6,0
100.14,Utility Enemy 5,Utility,AttackAction,None,1.00,46.1,0
100.14,Utility Enemy 3,Utility,AttackAction,None,1.00,90.5,0
100.14,Utility Enemy 7,Utility,AttackAction,None,1.00,78.1,0
100.14,Utility Enemy 14,Utility,AttackAction,None,1.00,52.9,0
100.14,Utility Enemy 2,Utility,AttackAction,None,1.00,44.0,0
100.14,Utility Enemy 13,Utility,AttackAction,None,1.00,61.1,0
100.65,Player,Player,-,None,0.09,,0
100.65,FSM Enemy 6,FSM,PatrolState,None,0.40,79.5,0
100.65,FSM Enemy 12,FSM,PatrolState,None,0.90,74.5,0
100.65,FSM Enemy 4,FSM,Dead,None,0.00,50.0,0
100.65,FSM Enemy 2,FSM,PatrolState,None,1.00,21.2,0
100.65,FSM Enemy 13,FSM,PatrolState,None,1.00,100.3,0
100.65,FSM Enemy 10,FSM,PatrolState,None,1.00,60.5,0
100.65,FSM Enemy 3,FSM,PatrolState,None,1.00,51.9,0
100.65,FSM Enemy 1,FSM,PatrolState,None,1.00,80.4,0
100.65,FSM Enemy 14,FSM,PatrolState,None,1.00,32.1,0
100.65,FSM Enemy 8,FSM,PatrolState,None,1.00,58.9,0
100.65,FSM Enemy 11,FSM,PatrolState,None,0.40,107.0,0
100.65,FSM Enemy 15,FSM,PatrolState,None,0.90,95.0,0
100.65,FSM Enemy 7,FSM,PatrolState,None,1.00,103.1,0
100.65,FSM Enemy 5,FSM,PatrolState,None,0.80,91.0,0
100.65,FSM Enemy 9,FSM,PatrolState,None,1.00,54.3,0
100.65,Utility Enemy 10,Utility,AttackAction,None,1.00,68.2,0
100.65,Utility Enemy 8,Utility,AttackAction,None,1.00,64.2,0
100.65,Utility Enemy 6,Utility,AttackAction,None,1.00,86.2,0
100.65,Utility Enemy 4,Utility,AttackAction,None,1.00,72.0,0
100.65,Utility Enemy 11,Utility,AttackAction,None,1.00,84.4,0
100.65,Utility Enemy 15,Utility,AttackAction,None,1.00,73.1,0
100.65,Utility Enemy 1,Utility,AttackAction,None,1.00,83.5,0
100.65,Utility Enemy 12,Utility,AttackAction,None,1.00,70.0,0
100.65,Utility Enemy 9,Utility,AttackAction,None,1.00,61.9,0
100.65,Utility Enemy 5,Utility,AttackAction,None,1.00,46.9,0
100.65,Utility Enemy 3,Utility,AttackAction,None,1.00,91.5,0
100.65,Utility Enemy 7,Utility,AttackAction,None,1.00,78.3,0
100.65,Utility Enemy 14,Utility,AttackAction,None,1.00,53.0,0
100.65,Utility Enemy 2,Utility,AttackAction,None,1.00,45.1,0
100.65,Utility Enemy 13,Utility,AttackAction,None,1.00,61.4,0
101.15,Player,Player,-,None,0.09,,0
101.15,FSM Enemy 6,FSM,PatrolState,None,0.40,79.5,0
101.15,FSM Enemy 12,FSM,PatrolState,None,0.90,75.7,0
101.15,FSM Enemy 4,FSM,Dead,None,0.00,50.5,0
101.15,FSM Enemy 2,FSM,PatrolState,None,1.00,22.0,0
101.15,FSM Enemy 13,FSM,PatrolState,None,1.00,103.3,0
101.15,FSM Enemy 10,FSM,PatrolState,None,1.00,60.9,0
101.15,FSM Enemy 3,FSM,PatrolState,None,1.00,52.9,0
101.15,FSM Enemy 1,FSM,PatrolState,None,1.00,83.7,0
101.15,FSM Enemy 14,FSM,PatrolState,None,1.00,31.3,0
101.15,FSM Enemy 8,FSM,PatrolState,None,1.00,59.7,0
101.15,FSM Enemy 11,FSM,PatrolState,None,0.40,108.7,0
101.15,FSM Enemy 15,FSM,PatrolState,None,0.90,97.5,0
101.15,FSM Enemy 7,FSM,PatrolState,None,1.00,104.7,0
101.15,FSM Enemy 5,FSM,PatrolState,None,0.80,93.2,0
101.15,FSM Enemy 9,FSM,PatrolState,None,1.00,55.7,0
101.15,Utility Enemy 10,Utility,AttackAction,None,1.00,68.5,0
101.15,Utility Enemy 8,Utility,AttackAction,None,1.00,64.8,0
101.15,Utility Enemy 6,Utility,AttackAction,None,1.00,88.0,0
101.15,Utility Enemy 4,Utility,AttackAction,None,1.00,74.1,0
101.15,Utility Enemy 11,Utility,AttackAction,None,1.00,84.8,0
101.15,Utility Enemy 15,Utility,AttackAction,None,1.00,74.8,0
101.15,Utility Enemy 1,Utility,AttackAction,None,1.00,85.7,0
101.15,Utility Enemy 12,Utility,AttackAction,None,1.00,70.4,0
101.15,Utility Enemy 9,Utility,AttackAction,None,1.00,62.3,0
101.15,Utility Enemy 5,Utility,AttackAction,None,1.00,48.2,0
101.15,Utility Enemy 3,Utility,AttackAction,None,1.00,93.1,0
101.15,Utility Enemy 7,Utility,AttackAction,None,1.00,78.5,0
101.15,Utility Enemy 14,Utility,AttackAction,None,1.00,53.3,0
101.15,Utility Enemy 2,Utility,AttackAction,None,1.00,46.9,0
101.15,Utility Enemy 13,Utility,AttackAction,None,1.00,62.1,0
101.65,Player,Player,-,None,0.09,,0
101.65,FSM Enemy 6,FSM,PatrolState,None,0.40,81.1,0
101.65,FSM Enemy 12,FSM,PatrolState,None,0.90,77.9,0
101.65,FSM Enemy 4,FSM,Dead,None,0.00,51.8,0
101.65,FSM Enemy 2,FSM,PatrolState,None,1.00,22.4,0
101.65,FSM Enemy 13,FSM,PatrolState,None,1.00,106.2,0
101.65,FSM Enemy 10,FSM,PatrolState,None,1.00,61.3,0
101.65,FSM Enemy 3,FSM,PatrolState,None,1.00,52.7,0
101.65,FSM Enemy 1,FSM,PatrolState,None,1.00,85.8,0
101.65,FSM Enemy 14,FSM,PatrolState,None,1.00,31.3,0
101.65,FSM Enemy 8,FSM,PatrolState,None,1.00,60.8,0
101.65,FSM Enemy 11,FSM,PatrolState,None,0.40,110.6,0
101.65,FSM Enemy 15,FSM,PatrolState,None,0.90,100.0,0
101.65,FSM Enemy 7,FSM,PatrolState,None,1.00,106.5,0
101.65,FSM Enemy 5,FSM,PatrolState,None,0.80,94.7,0
101.65,FSM Enemy 9,FSM,PatrolState,None,1.00,57.3,0
101.65,Utility Enemy 10,Utility,AttackAction,None,1.00,69.8,0
101.65,Utility Enemy 8,Utility,AttackAction,None,1.00,66.2,0
101.65,Utility Enemy 6,Utility,AttackAction,None,1.00,89.6,0
101.65,Utility Enemy 4,Utility,AttackAction,None,1.00,75.3,0
101.65,Utility Enemy 11,Utility,AttackAction,None,1.00,86.3,0
101.65,Utility Enemy 15,Utility,AttackAction,None,1.00,76.5,0
101.65,Utility Enemy 1,Utility,AttackAction,None,1.00,87.0,0
101.65,Utility Enemy 12,Utility,AttackAction,None,1.00,71.7,0
101.65,Utility Enemy 9,Utility,AttackAction,None,1.00,63.7,0
101.65,Utility Enemy 5,Utility,AttackAction,None,1.00,49.9,0
101.65,Utility Enemy 3,Utility,AttackAction,None,1.00,94.8,0
101.65,Utility Enemy 7,Utility,AttackAction,None,1.00,79.8,0
101.65,Utility Enemy 14,Utility,AttackAction,None,1.00,54.5,0
101.65,Utility Enemy 2,Utility,AttackAction,None,1.00,48.5,0
101.65,Utility Enemy 13,Utility,AttackAction,None,1.00,63.6,0
102.15,Player,Player,-,None,0.09,,0
102.15,FSM Enemy 6,FSM,PatrolState,None,0.30,82.3,0
102.15,FSM Enemy 12,FSM,PatrolState,None,0.90,79.7,0
102.15,FSM Enemy 4,FSM,Dead,None,0.00,53.0,0
102.15,FSM Enemy 2,FSM,PatrolState,None,1.00,22.3,0
102.15,FSM Enemy 13,FSM,PatrolState,None,1.00,108.1,0
102.15,FSM Enemy 10,FSM,PatrolState,None,1.00,61.0,0
102.15,FSM Enemy 3,FSM,PatrolState,None,1.00,51.8,0
102.15,FSM Enemy 1,FSM,PatrolState,None,1.00,87.1,0
102.15,FSM Enemy 14,FSM,PatrolState,None,1.00,31.3,0
102.15,FSM Enemy 8,FSM,PatrolState,None,1.00,62.3,0
102.15,FSM Enemy 11,FSM,PatrolState,None,0.40,112.4,0
102.15,FSM Enemy 15,FSM,PatrolState,None,0.90,101.6,0
102.15,FSM Enemy 7,FSM,PatrolState,None,1.00,107.1,0
102.15,FSM Enemy 5,FSM,PatrolState,None,0.80,95.3,0
102.15,FSM Enemy 9,FSM,PatrolState,None,1.00,58.3,0
102.15,Utility Enemy 10,Utility,AttackAction,None,1.00,70.9,0
102.15,Utility Enemy 8,Utility,AttackAction,None,1.00,67.3,0
102.15,Utility Enemy 6,Utility,AttackAction,None,1.00,90.4,0
102.15,Utility Enemy 4,Utility,AttackAction,None,1.00,75.6,0
102.15,Utility Enemy 11,Utility,AttackAction,None,1.00,87.3,0
102.15,Utility Enemy 15,Utility,AttackAction,None,1.00,77.3,0
102.15,Utility Enemy 1,Utility,AttackAction,None,1.00,87.3,0
102.15,Utility Enemy 12,Utility,AttackAction,None,1.00,72.8,0
102.15,Utility Enemy 9,Utility,AttackAction,None,1.00,64.8,0
102.15,Utility Enemy 5,Utility,AttackAction,None,1.00,50.8,0
102.15,Utility Enemy 3,Utility,AttackAction,None,1.00,95.6,0
102.15,Utility Enemy 7,Utility,AttackAction,None,1.00,80.9,0
102.15,Utility Enemy 14,Utility,AttackAction,None,1.00,55.7,0
102.15,Utility Enemy 2,Utility,AttackAction,None,1.00,49.1,0
102.15,Utility Enemy 13,Utility,AttackAction,None,1.00,64.6,0
102.65,Player,Player,-,None,0.09,,0
102.65,FSM Enemy 6,FSM,PatrolState,None,0.30,83.8,0
102.65,FSM Enemy 12,FSM,PatrolState,None,0.90,81.6,0
102.65,FSM Enemy 4,FSM,Dead,None,0.00,54.3,0
102.65,FSM Enemy 2,FSM,PatrolState,None,1.00,22.3,0
102.65,FSM Enemy 13,FSM,PatrolState,None,1.00,110.0,0
102.65,FSM Enemy 10,FSM,PatrolState,None,1.00,60.7,0
102.65,FSM Enemy 3,FSM,PatrolState,None,1.00,50.6,0
102.65,FSM Enemy 1,FSM,PatrolState,None,1.00,88.1,0
102.65,FSM Enemy 14,FSM,PatrolState,None,1.00,31.5,0
102.65,FSM Enemy 8,FSM,PatrolState,None,1.00,63.8,0
102.65,FSM Enemy 11,FSM,PatrolState,None,0.40,114.3,0
102.65,FSM Enemy 15,FSM,PatrolState,None,0.90,103.2,0
102.65,FSM Enemy 7,FSM,PatrolState,None,1.00,107.3,0
102.65,FSM Enemy 5,FSM,PatrolState,None,0.80,95.9,0
102.65,FSM Enemy 9,FSM,PatrolState,None,1.00,59.4,0
102.65,Utility Enemy 10,Utility,AttackAction,None,1.00,72.2,0
102.65,Utility Enemy 8,Utility,AttackAction,None,1.00,68.6,0
102.65,Utility Enemy 6,Utility,AttackAction,None,1.00,91.1,0
102.65,Utility Enemy 4,Utility,AttackAction,None,1.00,75.7,0
102.65,Utility Enemy 11,Utility,AttackAction,None,1.00,88.6,0
102.65,Utility Enemy 15,Utility,AttackAction,None,1.00,78.2,0
102.65,Utility Enemy 1,Utility,AttackAction,None,1.00,87.5,0
102.65,Utility Enemy 12,Utility,AttackAction,None,1.00,74.1,0
102.65,Utility Enemy 9,Utility,AttackAction,None,1.00,66.1,0
102.65,Utility Enemy 5,Utility,AttackAction,None,1.00,51.7,0
102.65,Utility Enemy 3,Utility,AttackAction,None,1.00,96.5,0
102.65,Utility Enemy 7,Utility,AttackAction,None,1.00,82.2,0
102.65,Utility Enemy 14,Utility,AttackAction,None,1.00,57.0,0
102.65,Utility Enemy 2,Utility,AttackAction,None,1.00,49.7,0
102.65,Utility Enemy 13,Utility,AttackAction,None,1.00,65.9,0
103.16,Player,Player,-,None,0.09,,0
103.16,FSM Enemy 6,FSM,PatrolState,None,0.30,85.4,0
103.16,FSM Enemy 12,FSM,PatrolState,None,0.90,83.6,0
103.16,FSM Enemy 4,FSM,Dead,None,0.00,55.7,0
103.16,FSM Enemy 2,FSM,PatrolState,None,1.00,22.5,0
103.16,FSM Enemy 13,FSM,PatrolState,None,1.00,111.9,0
103.16,FSM Enemy 10,FSM,PatrolState,None,1.00,60.6,0
103.16,FSM Enemy 3,FSM,PatrolState,None,1.00,49.7,0
103.16,FSM Enemy 1,FSM,PatrolState,None,1.00,89.1,0
103.16,FSM Enemy 14,FSM,PatrolState,None,1.00,31.8,0
103.16,FSM Enemy 8,FSM,PatrolState,None,1.00,65.5,0
103.16,FSM Enemy 11,FSM,PatrolState,None,0.40,116.4,0
103.16,FSM Enemy 15,FSM,PatrolState,None,0.90,105.0,0
103.16,FSM Enemy 7,FSM,PatrolState,None,1.00,107.7,0
103.16,FSM Enemy 5,FSM,PatrolState,None,0.80,96.7,0
103.16,FSM Enemy 9,FSM,PatrolState,None,1.00,60.6,0
103.16,Utility Enemy 10,Utility,AttackAction,None,1.00,73.5,0
103.16,Utility Enemy 8,Utility,AttackAction,None,1.00,69.9,0
103.16,Utility Enemy 6,Utility,AttackAction,None,1.00,92.0,0
103.16,Utility Enemy 4,Utility,AttackAction,None,1.00,76.0,0
103.16,Utility Enemy 11,Utility,AttackAction,None,1.00,89.9,0
103.16,Utility Enemy 15,Utility,AttackAction,None,1.00,79.2,0
103.16,Utility Enemy 1,Utility,AttackAction,None,1.00,87.9,0
103.16,Utility Enemy 12,Utility,AttackAction,None,1.00,75.5,0
103.16,Utility Enemy 9,Utility,AttackAction,None,1.00,67.5,0
103.16,Utility Enemy 5,Utility,AttackAction,None,1.00,52.8,0
103.16,Utility Enemy 3,Utility,AttackAction,None,1.00,97.5,0
103.16,Utility Enemy 7,Utility,AttackAction,None,1.00,83.5,0
103.16,Utility Enemy 14,Utility,AttackAction,None,1.00,58.4,0
103.16,Utility Enemy 2,Utility,AttackAction,None,1.00,50.4,0
103.16,Utility Enemy 13,Utility,AttackAction,None,1.00,67.3,0
103.66,Player,Player,-,None,0.09,,0
103.66,FSM Enemy 6,FSM,PatrolState,None,0.30,86.3,0
103.66,FSM Enemy 12,FSM,PatrolState,None,0.90,85.0,0
103.66,FSM Enemy 4,FSM,Dead,None,0.00,56.4,0
103.66,FSM Enemy 2,FSM,PatrolState,None,1.00,22.1,0
103.66,FSM Enemy 13,FSM,PatrolState,None,1.00,113.2,0
103.66,FSM Enemy 10,FSM,PatrolState,None,1.00,59.9,0
103.66,FSM Enemy 3,FSM,PatrolState,None,1.00,48.6,0
103.66,FSM Enemy 1,FSM,PatrolState,None,1.00,90.0,0
103.66,FSM Enemy 14,FSM,PatrolState,None,1.00,33.0,0
103.66,FSM Enemy 8,FSM,PatrolState,None,1.00,66.9,0
103.66,FSM Enemy 11,FSM,PatrolState,None,0.40,118.1,0
103.66,FSM Enemy 15,FSM,PatrolState,None,0.90,106.1,0
103.66,FSM Enemy 7,FSM,PatrolState,None,1.00,107.7,0
103.66,FSM Enemy 5,FSM,PatrolState,None,0.80,97.2,0
103.66,FSM Enemy 9,FSM,PatrolState,None,1.00,61.4,0
103.66,Utility Enemy 10,Utility,AttackAction,None,1.00,74.2,0
103.66,Utility Enemy 8,Utility,AttackAction,None,1.00,70.6,0
103.66,Utility Enemy 6,Utility,AttackAction,None,1.00,92.5,0
103.66,Utility Enemy 4,Utility,AttackAction,None,1.00,76.2,0
103.66,Utility Enemy 11,Utility,AttackAction,None,1.00,90.6,0
103.66,Utility Enemy 15,Utility,AttackAction,None,1.00,79.7,0
103.66,Utility Enemy 1,Utility,AttackAction,None,1.00,88.1,0
103.66,Utility Enemy 12,Utility,AttackAction,None,1.00,76.2,0
103.66,Utility Enemy 9,Utility,AttackAction,None,1.00,68.2,0
103.66,Utility Enemy 5,Utility,AttackAction,None,1.00,53.4,0
103.66,Utility Enemy 3,Utility,AttackAction,None,1.00,98.0,0
103.66,Utility Enemy 7,Utility,AttackAction,None,1.00,84.2,0
103.66,Utility Enemy 14,Utility,AttackAction,None,1.00,59.1,0
103.66,Utility Enemy 2,Utility,AttackAction,None,1.00,50.8,0
103.66,Utility Enemy 13,Utility,AttackAction,None,1.00,68.0,0
104.16,Player,Player,-,None,0.09,,0
104.16,FSM Enemy 6,FSM,PatrolState,None,0.30,87.9,0
104.16,FSM Enemy 12,FSM,PatrolState,None,0.90,87.1,0
104.16,FSM Enemy 4,FSM,Dead,None,0.00,57.9,0
104.16,FSM Enemy 2,FSM,PatrolState,None,1.00,22.4,0
104.16,FSM Enemy 13,FSM,PatrolState,None,1.00,112.7,0
104.16,FSM Enemy 10,FSM,PatrolState,None,1.00,59.5,0
104.16,FSM Enemy 3,FSM,PatrolState,None,1.00,47.3,0
104.16,FSM Enemy 1,FSM,PatrolState,None,1.00,90.5,0
104.16,FSM Enemy 14,FSM,PatrolState,None,1.00,35.7,0
104.16,FSM Enemy 8,FSM,PatrolState,None,1.00,68.3,0
104.16,FSM Enemy 11,FSM,PatrolState,None,0.40,120.1,0
104.16,FSM Enemy 15,FSM,PatrolState,None,0.90,106.0,0
104.16,FSM Enemy 7,FSM,PatrolState,None,1.00,107.9,0
104.16,FSM Enemy 5,FSM,PatrolState,None,0.80,96.9,0
104.16,FSM Enemy 9,FSM,PatrolState,None,1.00,62.6,0
104.16,Utility Enemy 10,Utility,AttackAction,None,1.00,75.7,0
104.16,Utility Enemy 8,Utility,AttackAction,None,1.00,72.0,0
104.16,Utility Enemy 6,Utility,AttackAction,None,1.00,93.1,0
104.16,Utility Enemy 4,Utility,AttackAction,None,1.00,76.1,0
104.16,Utility Enemy 11,Utility,AttackAction,None,1.00,92.0,0
104.16,Utility Enemy 15,Utility,AttackAction,None,1.00,80.4,0
104.16,Utility Enemy 1,Utility,AttackAction,None,1.00,88.0,0
104.16,Utility Enemy 12,Utility,AttackAction,None,1.00,77.6,0
104.16,Utility Enemy 9,Utility,AttackAction,None,1.00,69.6,0
104.16,Utility Enemy 5,Utility,AttackAction,None,1.00,54.3,0
104.16,Utility Enemy 3,Utility,AttackAction,None,1.00,98.8,0
104.16,Utility Enemy 7,Utility,AttackAction,None,1.00,85.7,0
104.16,Utility Enemy 14,Utility,AttackAction,None,1.00,60.6,0
104.16,Utility Enemy 2,Utility,AttackAction,None,1.00,51.2,0
104.16,Utility Enemy 13,Utility,AttackAction,None,1.00,69.3,0
104.66,Player,Player,-,None,0.09,,0
104.66,FSM Enemy 6,FSM,PatrolState,None,0.30,88.5,0
104.66,FSM Enemy 12,FSM,PatrolState,None,0.90,88.2,0
104.66,FSM Enemy 4,FSM,PatrolState,None,1.00,56.8,0
104.66,FSM Enemy 2,FSM,PatrolState,None,1.00,21.8,0
104.66,FSM Enemy 13,FSM,PatrolState,None,1.00,111.8,0
104.66,FSM Enemy 10,FSM,PatrolState,None,1.00,58.6,0
104.66,FSM Enemy 3,FSM,PatrolState,None,1.00,46.1,0
104.66,FSM Enemy 1,FSM,PatrolState,None,1.00,90.2,0
104.66,FSM Enemy 14,FSM,PatrolState,None,1.00,37.1,0
104.66,FSM Enemy 8,FSM,PatrolState,None,1.00,69.5,0
104.66,FSM Enemy 11,FSM,PatrolState,None,0.40,121.6,0
104.66,FSM Enemy 15,FSM,PatrolState,None,0.90,105.3,0
104.66,FSM Enemy 7,FSM,PatrolState,None,1.00,107.5,0
104.66,FSM Enemy 5,FSM,PatrolState,None,0.80,96.0,0
104.66,FSM Enemy 9,FSM,PatrolState,None,1.00,63.1,0
104.66,Utility Enemy 10,Utility,AttackAction,None,1.00,76.1,0
104.66,Utility Enemy 8,Utility,AttackAction,None,1.00,72.4,0
104.66,Utility Enemy 6,Utility,AttackAction,None,1.00,93.3,0
104.66,Utility Enemy 4,Utility,AttackAction,None,1.00,76.1,0
104.66,Utility Enemy 11,Utility,AttackAction,None,1.00,92.3,0
104.66,Utility Enemy 15,Utility,AttackAction,None,1.00,80.7,0
104.66,Utility Enemy 1,Utility,AttackAction,None,1.00,88.0,0
104.66,Utility Enemy 12,Utility,AttackAction,None,1.00,78.0,0
104.66,Utility Enemy 9,Utility,AttackAction,None,1.00,70.0,0
104.66,Utility Enemy 5,Utility,AttackAction,None,1.00,54.6,0
104.66,Utility Enemy 3,Utility,AttackAction,None,1.00,99.0,0
104.66,Utility Enemy 7,Utility,AttackAction,None,1.00,86.0,0
104.66,Utility Enemy 14,Utility,AttackAction,None,1.00,61.0,0
104.66,Utility Enemy 2,Utility,AttackAction,None,1.00,51.4,0
104.66,Utility Enemy 13,Utility,AttackAction,None,1.00,69.7,0
105.16,Player,Player,-,None,0.09,,0
105.16,FSM Enemy 6,FSM,PatrolState,None,0.30,87.5,0
105.16,FSM Enemy 12,FSM,PatrolState,None,0.90,87.3,0
105.16,FSM Enemy 4,FSM,PatrolState,None,1.00,54.1,0
105.16,FSM Enemy 2,FSM,PatrolState,None,1.00,19.9,0
105.16,FSM Enemy 13,FSM,PatrolState,None,1.00,108.4,0
105.16,FSM Enemy 10,FSM,PatrolState,None,1.00,55.2,0
105.16,FSM Enemy 3,FSM,PatrolState,None,1.00,43.4,0
105.16,FSM Enemy 1,FSM,PatrolState,None,1.00,87.9,0
105.16,FSM Enemy 14,FSM,PatrolState,None,1.00,35.4,0
105.16,FSM Enemy 8,FSM,PatrolState,None,1.00,68.1,0
105.16,FSM Enemy 11,FSM,PatrolState,None,0.40,120.4,0
105.16,FSM Enemy 15,FSM,PatrolState,None,0.90,101.8,0
105.16,FSM Enemy 7,FSM,PatrolState,None,1.00,104.6,0
105.16,FSM Enemy 5,FSM,PatrolState,None,0.80,92.7,0
105.16,FSM Enemy 9,FSM,PatrolState,None,1.00,61.4,0
105.16,Utility Enemy 10,Utility,AttackAction,None,1.00,74.6,0
105.16,Utility Enemy 8,Utility,AttackAction,None,1.00,70.7,0
105.16,Utility Enemy 6,Utility,AttackAction,None,1.00,90.9,0
105.16,Utility Enemy 4,Utility,AttackAction,None,1.00,74.2,0
105.16,Utility Enemy 11,Utility,AttackAction,None,1.00,90.6,0
105.16,Utility Enemy 15,Utility,AttackAction,None,1.00,78.3,0
105.16,Utility Enemy 1,Utility,AttackAction,None,1.00,86.0,0
105.16,Utility Enemy 12,Utility,AttackAction,None,1.00,76.4,0
105.16,Utility Enemy 9,Utility,AttackAction,None,1.00,68.4,0
105.16,Utility Enemy 5,Utility,AttackAction,None,1.00,52.3,0
105.16,Utility Enemy 3,Utility,AttackAction,None,1.00,96.6,0
105.16,Utility Enemy 7,Utility,AttackAction,None,1.00,84.5,0
105.16,Utility Enemy 14,Utility,AttackAction,None,1.00,59.6,0
105.16,Utility Enemy 2,Utility,AttackAction,None,1.00,49.1,0
105.16,Utility Enemy 13,Utility,AttackAction,None,1.00,67.9,0
105.67,Player,Player,-,EnemyDuplicate,0.09,,0
105.67,FSM Enemy 6,FSM,AttackState,EnemyDuplicate,0.30,86.7,0
105.67,FSM Enemy 12,FSM,AttackState,EnemyDuplicate,0.90,86.2,0
105.67,FSM Enemy 4,FSM,AttackState,EnemyDuplicate,1.00,51.6,0
105.67,FSM Enemy 2,FSM,AttackState,EnemyDuplicate,1.00,17.8,0
105.67,FSM Enemy 13,FSM,AttackState,EnemyDuplicate,1.00,105.5,0
105.67,FSM Enemy 10,FSM,AttackState,EnemyDuplicate,1.00,51.9,0
105.67,FSM Enemy 3,FSM,AttackState,EnemyDuplicate,1.00,41.0,0
105.67,FSM Enemy 1,FSM,AttackState,EnemyDuplicate,1.00,86.2,0
105.67,FSM Enemy 14,FSM,AttackState,EnemyDuplicate,1.00,32.9,0
105.67,FSM Enemy 8,FSM,AttackState,EnemyDuplicate,1.00,67.1,0
105.67,FSM Enemy 11,FSM,AttackState,EnemyDuplicate,0.40,119.5,0
105.67,FSM Enemy 15,FSM,AttackState,EnemyDuplicate,0.90,98.6,0
105.67,FSM Enemy 7,FSM,AttackState,EnemyDuplicate,1.00,103.0,0
105.67,FSM Enemy 5,FSM,AttackState,EnemyDuplicate,0.80,89.9,0
105.67,FSM Enemy 9,FSM,AttackState,EnemyDuplicate,1.00,59.8,0
105.67,Utility Enemy 10,Utility,AttackAction,EnemyDuplicate,1.00,72.9,0
105.67,Utility Enemy 8,Utility,AttackAction,EnemyDuplicate,1.00,68.8,0
105.67,Utility Enemy 6,Utility,AttackAction,EnemyDuplicate,1.00,88.9,0
105.67,Utility Enemy 4,Utility,AttackAction,EnemyDuplicate,1.00,72.8,0
105.67,Utility Enemy 11,Utility,AttackAction,EnemyDuplicate,1.00,88.8,0
105.67,Utility Enemy 15,Utility,AttackAction,EnemyDuplicate,1.00,76.3,0
105.67,Utility Enemy 1,Utility,AttackAction,EnemyDuplicate,1.00,84.5,0
105.67,Utility Enemy 12,Utility,AttackAction,EnemyDuplicate,1.00,74.7,0
105.67,Utility Enemy 9,Utility,AttackAction,EnemyDuplicate,1.00,66.6,0
105.67,Utility Enemy 5,Utility,AttackAction,EnemyDuplicate,1.00,50.2,0
105.67,Utility Enemy 3,Utility,AttackAction,EnemyDuplicate,1.00,94.5,0
105.67,Utility Enemy 7,Utility,AttackAction,EnemyDuplicate,1.00,82.8,0
105.67,Utility Enemy 14,Utility,AttackAction,EnemyDuplicate,1.00,57.9,0
105.67,Utility Enemy 2,Utility,AttackAction,EnemyDuplicate,1.00,47.1,0
105.67,Utility Enemy 13,Utility,AttackAction,EnemyDuplicate,1.00,66.1,0
106.17,Player,Player,-,EnemyDuplicate,0.09,,0
106.17,FSM Enemy 6,FSM,AttackState,EnemyDuplicate,0.30,85.6,0
106.17,FSM Enemy 12,FSM,AttackState,EnemyDuplicate,0.90,85.1,0
106.17,FSM Enemy 4,FSM,AttackState,EnemyDuplicate,1.00,50.1,0
106.17,FSM Enemy 2,FSM,AttackState,EnemyDuplicate,1.00,15.8,0
106.17,FSM Enemy 13,FSM,AttackState,EnemyDuplicate,1.00,104.0,0
106.17,FSM Enemy 10,FSM,AttackState,EnemyDuplicate,1.00,50.1,0
106.17,FSM Enemy 3,FSM,AttackState,EnemyDuplicate,1.00,39.7,0
106.17,FSM Enemy 1,FSM,AttackState,EnemyDuplicate,1.00,85.2,0
106.17,FSM Enemy 14,FSM,AttackState,EnemyDuplicate,1.00,31.3,0
106.17,FSM Enemy 8,FSM,AttackState,EnemyDuplicate,1.00,65.8,0
106.17,FSM Enemy 11,FSM,AttackState,EnemyDuplicate,0.40,118.5,0
106.17,FSM Enemy 15,FSM,AttackState,EnemyDuplicate,0.90,97.0,0
106.17,FSM Enemy 7,FSM,AttackState,EnemyDuplicate,1.00,101.8,0
106.17,FSM Enemy 5,FSM,AttackState,EnemyDuplicate,0.80,88.5,0
106.17,FSM Enemy 9,FSM,AttackState,EnemyDuplicate,1.00,58.4,0
106.17,Utility Enemy 10,Utility,AttackAction,EnemyDuplicate,1.00,71.6,0
106.17,Utility Enemy 8,Utility,AttackAction,EnemyDuplicate,1.00,67.5,0
106.17,Utility Enemy 6,Utility,AttackAction,EnemyDuplicate,1.00,87.5,0
106.17,Utility Enemy 4,Utility,AttackAction,EnemyDuplicate,1.00,71.8,0
106.17,Utility Enemy 11,Utility,AttackAction,EnemyDuplicate,1.00,87.5,0
106.17,Utility Enemy 15,Utility,AttackAction,EnemyDuplicate,1.00,74.8,0
106.17,Utility Enemy 1,Utility,AttackAction,EnemyDuplicate,1.00,83.5,0
106.17,Utility Enemy 12,Utility,AttackAction,EnemyDuplicate,1.00,73.4,0
106.17,Utility Enemy 9,Utility,AttackAction,EnemyDuplicate,1.00,65.3,0
106.17,Utility Enemy 5,Utility,AttackAction,EnemyDuplicate,1.00,48.8,0
106.17,Utility Enemy 3,Utility,AttackAction,EnemyDuplicate,1.00,93.1,0
106.17,Utility Enemy 7,Utility,AttackAction,EnemyDuplicate,1.00,81.6,0
106.17,Utility Enemy 14,Utility,AttackAction,EnemyDuplicate,1.00,56.7,0
106.17,Utility Enemy 2,Utility,AttackAction,EnemyDuplicate,1.00,45.8,0
106.17,Utility Enemy 13,Utility,AttackAction,EnemyDuplicate,1.00,64.7,0
106.67,Player,Player,-,EnemyDuplicate,0.09,,0
106.67,FSM Enemy 6,FSM,AttackState,EnemyDuplicate,0.30,85.6,0
106.67,FSM Enemy 12,FSM,AttackState,EnemyDuplicate,0.90,85.3,0
106.67,FSM Enemy 4,FSM,AttackState,EnemyDuplicate,1.00,49.2,0
106.67,FSM Enemy 2,FSM,AttackState,EnemyDuplicate,1.00,15.6,0
106.67,FSM Enemy 13,FSM,AttackState,EnemyDuplicate,1.00,103.2,0
106.67,FSM Enemy 10,FSM,AttackState,EnemyDuplicate,1.00,49.6,0
106.67,FSM Enemy 3,FSM,AttackState,EnemyDuplicate,1.00,38.7,0
106.67,FSM Enemy 1,FSM,AttackState,EnemyDuplicate,1.00,84.2,0
106.67,FSM Enemy 14,FSM,AttackState,EnemyDuplicate,1.00,31.6,0
106.67,FSM Enemy 8,FSM,AttackState,EnemyDuplicate,1.00,65.1,0
106.67,FSM Enemy 11,FSM,AttackState,EnemyDuplicate,0.40,117.8,0
106.67,FSM Enemy 15,FSM,AttackState,EnemyDuplicate,0.90,96.3,0
106.67,FSM Enemy 7,FSM,AttackState,EnemyDuplicate,1.00,101.2,0
106.67,FSM Enemy 5,FSM,AttackState,EnemyDuplicate,0.80,87.6,0
106.67,FSM Enemy 9,FSM,AttackState,EnemyDuplicate,1.00,58.0,0
106.67,Utility Enemy 10,Utility,AttackAction,EnemyDuplicate,1.00,71.8,0
106.67,Utility Enemy 8,Utility,AttackAction,EnemyDuplicate,1.00,67.5,0
106.67,Utility Enemy 6,Utility,AttackAction,EnemyDuplicate,1.00,86.8,0
106.67,Utility Enemy 4,Utility,AttackAction,EnemyDuplicate,1.00,70.8,0
106.67,Utility Enemy 11,Utility,AttackAction,EnemyDuplicate,1.00,87.5,0
106.67,Utility Enemy 15,Utility,AttackAction,EnemyDuplicate,1.00,74.2,0
106.67,Utility Enemy 1,Utility,AttackAction,EnemyDuplicate,1.00,82.5,0
106.67,Utility Enemy 12,Utility,AttackAction,EnemyDuplicate,1.00,73.5,0
106.67,Utility Enemy 9,Utility,AttackAction,EnemyDuplicate,1.00,65.4,0
106.67,Utility Enemy 5,Utility,AttackAction,EnemyDuplicate,1.00,48.3,0
106.67,Utility Enemy 3,Utility,AttackAction,EnemyDuplicate,1.00,92.5,0
106.67,Utility Enemy 7,Utility,AttackAction,EnemyDuplicate,1.00,81.7,0
106.67,Utility Enemy 14,Utility,AttackAction,EnemyDuplicate,1.00,56.9,0
106.67,Utility Enemy 2,Utility,AttackAction,EnemyDuplicate,1.00,45.0,0
106.67,Utility Enemy 13,Utility,AttackAction,EnemyDuplicate,1.00,64.7,0
107.18,Player,Player,-,EnemyDuplicate,0.09,,0
107.18,FSM Enemy 6,FSM,AttackState,EnemyDuplicate,0.30,85.8,0
107.18,FSM Enemy 12,FSM,AttackState,EnemyDuplicate,0.90,85.6,0
107.18,FSM Enemy 4,FSM,AttackState,EnemyDuplicate,1.00,48.9,0
107.18,FSM Enemy 2,FSM,AttackState,EnemyDuplicate,1.00,15.6,0
107.18,FSM Enemy 13,FSM,AttackState,EnemyDuplicate,1.00,103.0,0
107.18,FSM Enemy 10,FSM,AttackState,EnemyDuplicate,1.00,49.6,0
107.18,FSM Enemy 3,FSM,AttackState,EnemyDuplicate,1.00,38.2,0
107.18,FSM Enemy 1,FSM,AttackState,EnemyDuplicate,1.00,83.7,0
107.18,FSM Enemy 14,FSM,AttackState,EnemyDuplicate,1.00,32.0,0
107.18,FSM Enemy 8,FSM,AttackState,EnemyDuplicate,1.00,64.9,0
107.18,FSM Enemy 11,FSM,AttackState,EnemyDuplicate,0.40,117.8,0
107.18,FSM Enemy 15,FSM,AttackState,EnemyDuplicate,0.90,96.2,0
107.18,FSM Enemy 7,FSM,AttackState,EnemyDuplicate,1.00,101.2,0
107.18,FSM Enemy 5,FSM,AttackState,EnemyDuplicate,0.80,87.3,0
107.18,FSM Enemy 9,FSM,AttackState,EnemyDuplicate,1.00,58.1,0
107.18,Utility Enemy 10,Utility,AttackAction,EnemyDuplicate,1.00,72.2,0
107.18,Utility Enemy 8,Utility,AttackAction,EnemyDuplicate,1.00,67.8,0
107.18,Utility Enemy 6,Utility,AttackAction,EnemyDuplicate,1.00,86.7,0
107.18,Utility Enemy 4,Utility,AttackAction,EnemyDuplicate,1.00,70.4,0
107.18,Utility Enemy 11,Utility,AttackAction,EnemyDuplicate,1.00,87.9,0
107.18,Utility Enemy 15,Utility,AttackAction,EnemyDuplicate,1.00,74.1,0
107.18,Utility Enemy 1,Utility,AttackAction,EnemyDuplicate,1.00,82.1,0
107.18,Utility Enemy 12,Utility,AttackAction,EnemyDuplicate,1.00,73.9,0
107.18,Utility Enemy 9,Utility,AttackAction,EnemyDuplicate,1.00,65.7,0
107.18,Utility Enemy 5,Utility,AttackAction,EnemyDuplicate,1.00,48.4,0
107.18,Utility Enemy 3,Utility,AttackAction,EnemyDuplicate,1.00,92.5,0
107.18,Utility Enemy 7,Utility,AttackAction,EnemyDuplicate,1.00,82.1,0
107.18,Utility Enemy 14,Utility,AttackAction,EnemyDuplicate,1.00,57.2,0
107.18,Utility Enemy 2,Utility,AttackAction,EnemyDuplicate,1.00,44.8,0
107.18,Utility Enemy 13,Utility,AttackAction,EnemyDuplicate,1.00,65.0,0
107.69,Player,Player,-,EnemyDuplicate,0.09,,0
107.69,FSM Enemy 6,FSM,AttackState,EnemyDuplicate,0.30,85.8,0
107.69,FSM Enemy 12,FSM,AttackState,EnemyDuplicate,0.90,85.6,0
107.69,FSM Enemy 4,FSM,AttackState,EnemyDuplicate,1.00,48.9,0
107.69,FSM Enemy 2,FSM,AttackState,EnemyDuplicate,1.00,15.6,0
107.69,FSM Enemy 13,FSM,AttackState,EnemyDuplicate,1.00,103.0,0
107.69,FSM Enemy 10,FSM,AttackState,EnemyDuplicate,1.00,49.6,0
107.69,FSM Enemy 3,FSM,AttackState,EnemyDuplicate,1.00,38.2,0
107.69,FSM Enemy 1,FSM,AttackState,EnemyDuplicate,1.00,83.7,0
107.69,FSM Enemy 14,FSM,AttackState,EnemyDuplicate,1.00,32.0,0
107.69,FSM Enemy 8,FSM,AttackState,EnemyDuplicate,1.00,64.9,0
107.69,FSM Enemy 11,FSM,AttackState,EnemyDuplicate,0.40,117.8,0
107.69,FSM Enemy 15,FSM,AttackState,EnemyDuplicate,0.90,96.2,0
107.69,FSM Enemy 7,FSM,AttackState,EnemyDuplicate,1.00,101.2,0
107.69,FSM Enemy 5,FSM,AttackState,EnemyDuplicate,0.80,87.3,0
107.69,FSM Enemy 9,FSM,AttackState,EnemyDuplicate,1.00,58.1,0
107.69,Utility Enemy 10,Utility,AttackAction,EnemyDuplicate,1.00,72.2,0
107.69,Utility Enemy 8,Utility,AttackAction,EnemyDuplicate,1.00,67.8,0
107.69,Utility Enemy 6,Utility,AttackAction,EnemyDuplicate,1.00,86.7,0
107.69,Utility Enemy 4,Utility,AttackAction,EnemyDuplicate,1.00,70.4,0
107.69,Utility Enemy 11,Utility,AttackAction,EnemyDuplicate,1.00,87.9,0
107.69,Utility Enemy 15,Utility,AttackAction,EnemyDuplicate,1.00,74.2,0
107.69,Utility Enemy 1,Utility,AttackAction,EnemyDuplicate,1.00,82.1,0
107.69,Utility Enemy 12,Utility,AttackAction,EnemyDuplicate,1.00,73.9,0
107.69,Utility Enemy 9,Utility,AttackAction,EnemyDuplicate,1.00,65.7,0
107.69,Utility Enemy 5,Utility,AttackAction,EnemyDuplicate,1.00,48.4,0
107.69,Utility Enemy 3,Utility,AttackAction,EnemyDuplicate,1.00,92.5,0
107.69,Utility Enemy 7,Utility,AttackAction,EnemyDuplicate,1.00,82.1,0
107.69,Utility Enemy 14,Utility,AttackAction,EnemyDuplicate,1.00,57.3,0
107.69,Utility Enemy 2,Utility,AttackAction,EnemyDuplicate,1.00,44.8,0
107.69,Utility Enemy 13,Utility,AttackAction,EnemyDuplicate,1.00,65.0,0
108.19,Player,Player,-,EnemyDuplicate,0.09,,0
108.19,FSM Enemy 6,FSM,AttackState,EnemyDuplicate,0.30,85.8,0
108.19,FSM Enemy 12,FSM,AttackState,EnemyDuplicate,0.90,85.6,0
108.19,FSM Enemy 4,FSM,AttackState,EnemyDuplicate,1.00,48.9,0
108.19,FSM Enemy 2,FSM,AttackState,EnemyDuplicate,1.00,15.6,0
108.19,FSM Enemy 13,FSM,AttackState,EnemyDuplicate,1.00,103.0,0
108.19,FSM Enemy 10,FSM,AttackState,EnemyDuplicate,1.00,49.6,0
108.19,FSM Enemy 3,FSM,AttackState,EnemyDuplicate,1.00,38.2,0
108.19,FSM Enemy 1,FSM,AttackState,EnemyDuplicate,1.00,83.7,0
108.19,FSM Enemy 14,FSM,AttackState,EnemyDuplicate,1.00,32.0,0
108.19,FSM Enemy 8,FSM,AttackState,EnemyDuplicate,1.00,64.9,0
108.19,FSM Enemy 11,FSM,AttackState,EnemyDuplicate,0.40,117.8,0
108.19,FSM Enemy 15,FSM,AttackState,EnemyDuplicate,0.90,96.2,0
108.19,FSM Enemy 7,FSM,AttackState,EnemyDuplicate,1.00,101.2,0
108.19,FSM Enemy 5,FSM,AttackState,EnemyDuplicate,0.80,87.3,0
108.19,FSM Enemy 9,FSM,AttackState,EnemyDuplicate,1.00,58.1,0
108.19,Utility Enemy 10,Utility,AttackAction,EnemyDuplicate,1.00,72.2,0
108.19,Utility Enemy 8,Utility,AttackAction,EnemyDuplicate,1.00,67.8,0
108.19,Utility Enemy 6,Utility,AttackAction,EnemyDuplicate,1.00,86.7,0
108.19,Utility Enemy 4,Utility,AttackAction,EnemyDuplicate,1.00,70.4,0
108.19,Utility Enemy 11,Utility,AttackAction,EnemyDuplicate,1.00,87.9,0
108.19,Utility Enemy 15,Utility,AttackAction,EnemyDuplicate,1.00,74.2,0
108.19,Utility Enemy 1,Utility,AttackAction,EnemyDuplicate,1.00,82.1,0
108.19,Utility Enemy 12,Utility,AttackAction,EnemyDuplicate,1.00,73.9,0
108.19,Utility Enemy 9,Utility,AttackAction,EnemyDuplicate,1.00,65.7,0
108.19,Utility Enemy 5,Utility,AttackAction,EnemyDuplicate,1.00,48.4,0
108.19,Utility Enemy 3,Utility,AttackAction,EnemyDuplicate,1.00,92.5,0
108.19,Utility Enemy 7,Utility,AttackAction,EnemyDuplicate,1.00,82.1,0
108.19,Utility Enemy 14,Utility,AttackAction,EnemyDuplicate,1.00,57.3,0
108.19,Utility Enemy 2,Utility,AttackAction,EnemyDuplicate,1.00,44.8,0
108.19,Utility Enemy 13,Utility,AttackAction,EnemyDuplicate,1.00,65.0,0
108.70,Player,Player,-,EnemyDuplicate,0.09,,0
108.70,FSM Enemy 6,FSM,AttackState,EnemyDuplicate,0.30,85.8,0
108.70,FSM Enemy 12,FSM,AttackState,EnemyDuplicate,0.90,85.6,0
108.70,FSM Enemy 4,FSM,AttackState,EnemyDuplicate,1.00,48.9,0
108.70,FSM Enemy 2,FSM,AttackState,EnemyDuplicate,1.00,15.6,0
108.70,FSM Enemy 13,FSM,AttackState,EnemyDuplicate,1.00,103.0,0
108.70,FSM Enemy 10,FSM,AttackState,EnemyDuplicate,1.00,49.6,0
108.70,FSM Enemy 3,FSM,AttackState,EnemyDuplicate,1.00,38.2,0
108.70,FSM Enemy 1,FSM,AttackState,EnemyDuplicate,1.00,83.7,0
108.70,FSM Enemy 14,FSM,AttackState,EnemyDuplicate,1.00,32.0,0
108.70,FSM Enemy 8,FSM,AttackState,EnemyDuplicate,1.00,64.9,0
108.70,FSM Enemy 11,FSM,AttackState,EnemyDuplicate,0.40,117.8,0
108.70,FSM Enemy 15,FSM,AttackState,EnemyDuplicate,0.90,96.2,0
108.70,FSM Enemy 7,FSM,AttackState,EnemyDuplicate,1.00,101.2,0
108.70,FSM Enemy 5,FSM,AttackState,EnemyDuplicate,0.80,87.3,0
108.70,FSM Enemy 9,FSM,AttackState,EnemyDuplicate,1.00,58.1,0
108.70,Utility Enemy 10,Utility,AttackAction,EnemyDuplicate,1.00,72.2,0
108.70,Utility Enemy 8,Utility,AttackAction,EnemyDuplicate,1.00,67.8,0
108.70,Utility Enemy 6,Utility,AttackAction,EnemyDuplicate,1.00,86.7,0
108.70,Utility Enemy 4,Utility,AttackAction,EnemyDuplicate,1.00,70.4,0
108.70,Utility Enemy 11,Utility,AttackAction,EnemyDuplicate,1.00,87.9,0
108.70,Utility Enemy 15,Utility,AttackAction,EnemyDuplicate,1.00,74.2,0
108.70,Utility Enemy 1,Utility,AttackAction,EnemyDuplicate,1.00,82.1,0
108.70,Utility Enemy 12,Utility,AttackAction,EnemyDuplicate,1.00,73.9,0
108.70,Utility Enemy 9,Utility,AttackAction,EnemyDuplicate,1.00,65.7,0
108.70,Utility Enemy 5,Utility,AttackAction,EnemyDuplicate,0.75,48.4,0
108.70,Utility Enemy 3,Utility,AttackAction,EnemyDuplicate,1.00,92.5,0
108.70,Utility Enemy 7,Utility,AttackAction,EnemyDuplicate,1.00,82.1,0
108.70,Utility Enemy 14,Utility,AttackAction,EnemyDuplicate,1.00,57.3,0
108.70,Utility Enemy 2,Utility,AttackAction,EnemyDuplicate,1.00,44.8,0
108.70,Utility Enemy 13,Utility,AttackAction,EnemyDuplicate,1.00,65.0,0
109.20,Player,Player,-,EnemyDuplicate,0.09,,0
109.20,FSM Enemy 6,FSM,AttackState,EnemyDuplicate,0.30,85.8,0
109.20,FSM Enemy 12,FSM,AttackState,EnemyDuplicate,0.90,85.6,0
109.20,FSM Enemy 4,FSM,AttackState,EnemyDuplicate,1.00,48.9,0
109.20,FSM Enemy 2,FSM,AttackState,EnemyDuplicate,1.00,15.6,0
109.20,FSM Enemy 13,FSM,AttackState,EnemyDuplicate,1.00,103.0,0
109.20,FSM Enemy 10,FSM,AttackState,EnemyDuplicate,1.00,49.6,0
109.20,FSM Enemy 3,FSM,AttackState,EnemyDuplicate,1.00,38.2,0
109.20,FSM Enemy 1,FSM,AttackState,EnemyDuplicate,1.00,83.7,0
109.20,FSM Enemy 14,FSM,AttackState,EnemyDuplicate,1.00,32.0,0
109.20,FSM Enemy 8,FSM,AttackState,EnemyDuplicate,1.00,64.9,0
109.20,FSM Enemy 11,FSM,AttackState,EnemyDuplicate,0.40,117.8,0
109.20,FSM Enemy 15,FSM,AttackState,EnemyDuplicate,0.90,96.2,0
109.20,FSM Enemy 7,FSM,AttackState,EnemyDuplicate,1.00,101.2,0
109.20,FSM Enemy 5,FSM,AttackState,EnemyDuplicate,0.80,87.3,0
109.20,FSM Enemy 9,FSM,AttackState,EnemyDuplicate,1.00,58.1,0
109.20,Utility Enemy 10,Utility,AttackAction,EnemyDuplicate,1.00,72.2,0
109.20,Utility Enemy 8,Utility,AttackAction,EnemyDuplicate,1.00,67.8,0
109.20,Utility Enemy 6,Utility,AttackAction,EnemyDuplicate,1.00,86.7,0
109.20,Utility Enemy 4,Utility,AttackAction,EnemyDuplicate,1.00,70.4,0
109.20,Utility Enemy 11,Utility,AttackAction,EnemyDuplicate,1.00,87.9,0
109.20,Utility Enemy 15,Utility,AttackAction,EnemyDuplicate,1.00,74.2,0
109.20,Utility Enemy 1,Utility,AttackAction,EnemyDuplicate,1.00,82.1,0
109.20,Utility Enemy 12,Utility,AttackAction,EnemyDuplicate,1.00,73.9,0
109.20,Utility Enemy 9,Utility,AttackAction,EnemyDuplicate,1.00,65.7,0
109.20,Utility Enemy 5,Utility,AttackAction,EnemyDuplicate,0.75,48.4,0
109.20,Utility Enemy 3,Utility,AttackAction,EnemyDuplicate,1.00,92.5,0
109.20,Utility Enemy 7,Utility,AttackAction,EnemyDuplicate,1.00,82.1,0
109.20,Utility Enemy 14,Utility,AttackAction,EnemyDuplicate,1.00,57.3,0
109.20,Utility Enemy 2,Utility,AttackAction,EnemyDuplicate,1.00,44.8,0
109.20,Utility Enemy 13,Utility,AttackAction,EnemyDuplicate,1.00,65.0,0
109.71,Player,Player,-,EnemyDuplicate,0.09,,0
109.71,FSM Enemy 6,FSM,AttackState,EnemyDuplicate,0.30,85.8,0
109.71,FSM Enemy 12,FSM,AttackState,EnemyDuplicate,0.90,85.6,0
109.71,FSM Enemy 4,FSM,AttackState,EnemyDuplicate,1.00,48.9,0
109.71,FSM Enemy 2,FSM,AttackState,EnemyDuplicate,1.00,15.6,0
109.71,FSM Enemy 13,FSM,AttackState,EnemyDuplicate,1.00,103.0,0
109.71,FSM Enemy 10,FSM,AttackState,EnemyDuplicate,1.00,49.6,0
109.71,FSM Enemy 3,FSM,AttackState,EnemyDuplicate,1.00,38.2,0
109.71,FSM Enemy 1,FSM,AttackState,EnemyDuplicate,1.00,83.7,0
109.71,FSM Enemy 14,FSM,AttackState,EnemyDuplicate,1.00,32.0,0
109.71,FSM Enemy 8,FSM,AttackState,EnemyDuplicate,1.00,64.9,0
109.71,FSM Enemy 11,FSM,AttackState,EnemyDuplicate,0.40,117.8,0
109.71,FSM Enemy 15,FSM,AttackState,EnemyDuplicate,0.90,96.2,0
109.71,FSM Enemy 7,FSM,AttackState,EnemyDuplicate,1.00,101.2,0
109.71,FSM Enemy 5,FSM,AttackState,EnemyDuplicate,0.80,87.3,0
109.71,FSM Enemy 9,FSM,AttackState,EnemyDuplicate,1.00,58.1,0
109.71,Utility Enemy 10,Utility,AttackAction,EnemyDuplicate,1.00,72.2,0
109.71,Utility Enemy 8,Utility,AttackAction,EnemyDuplicate,1.00,67.8,0
109.71,Utility Enemy 6,Utility,AttackAction,EnemyDuplicate,1.00,86.7,0
109.71,Utility Enemy 4,Utility,AttackAction,EnemyDuplicate,1.00,70.4,0
109.71,Utility Enemy 11,Utility,AttackAction,EnemyDuplicate,1.00,87.9,0
109.71,Utility Enemy 15,Utility,AttackAction,EnemyDuplicate,1.00,74.2,0
109.71,Utility Enemy 1,Utility,AttackAction,EnemyDuplicate,1.00,82.1,0
109.71,Utility Enemy 12,Utility,AttackAction,EnemyDuplicate,1.00,73.9,0
109.71,Utility Enemy 9,Utility,AttackAction,EnemyDuplicate,1.00,65.7,0
109.71,Utility Enemy 5,Utility,AttackAction,EnemyDuplicate,0.50,48.4,0
109.71,Utility Enemy 3,Utility,AttackAction,EnemyDuplicate,1.00,92.5,0
109.71,Utility Enemy 7,Utility,AttackAction,EnemyDuplicate,1.00,82.1,0
109.71,Utility Enemy 14,Utility,AttackAction,EnemyDuplicate,1.00,57.3,0
109.71,Utility Enemy 2,Utility,AttackAction,EnemyDuplicate,1.00,44.8,0
109.71,Utility Enemy 13,Utility,AttackAction,EnemyDuplicate,1.00,65.0,0
110.21,Player,Player,-,EnemyDuplicate,0.09,,0
110.21,FSM Enemy 6,FSM,AttackState,EnemyDuplicate,0.30,85.8,0
110.21,FSM Enemy 12,FSM,AttackState,EnemyDuplicate,0.90,85.6,0
110.21,FSM Enemy 4,FSM,AttackState,EnemyDuplicate,1.00,48.9,0
110.21,FSM Enemy 2,FSM,AttackState,EnemyDuplicate,1.00,15.6,0
110.21,FSM Enemy 13,FSM,AttackState,EnemyDuplicate,1.00,103.0,0
110.21,FSM Enemy 10,FSM,AttackState,EnemyDuplicate,1.00,49.6,0
110.21,FSM Enemy 3,FSM,AttackState,EnemyDuplicate,1.00,38.2,0
110.21,FSM Enemy 1,FSM,AttackState,EnemyDuplicate,1.00,83.7,0
110.21,FSM Enemy 14,FSM,AttackState,EnemyDuplicate,1.00,32.0,0
110.21,FSM Enemy 8,FSM,AttackState,EnemyDuplicate,1.00,64.9,0
110.21,FSM Enemy 11,FSM,AttackState,EnemyDuplicate,0.40,117.8,0
110.21,FSM Enemy 15,FSM,AttackState,EnemyDuplicate,0.90,96.2,0
110.21,FSM Enemy 7,FSM,AttackState,EnemyDuplicate,1.00,101.2,0
110.21,FSM Enemy 5,FSM,AttackState,EnemyDuplicate,0.80,87.3,0
110.21,FSM Enemy 9,FSM,AttackState,EnemyDuplicate,1.00,58.1,0
110.21,Utility Enemy 10,Utility,AttackAction,EnemyDuplicate,1.00,72.2,0
110.21,Utility Enemy 8,Utility,AttackAction,EnemyDuplicate,1.00,67.8,0
110.21,Utility Enemy 6,Utility,AttackAction,EnemyDuplicate,1.00,86.7,0
110.21,Utility Enemy 4,Utility,AttackAction,EnemyDuplicate,1.00,70.4,0
110.21,Utility Enemy 11,Utility,AttackAction,EnemyDuplicate,1.00,87.9,0
110.21,Utility Enemy 15,Utility,AttackAction,EnemyDuplicate,1.00,74.2,0
110.21,Utility Enemy 1,Utility,AttackAction,EnemyDuplicate,1.00,82.1,0
110.21,Utility Enemy 12,Utility,AttackAction,EnemyDuplicate,1.00,73.9,0
110.21,Utility Enemy 9,Utility,AttackAction,EnemyDuplicate,1.00,65.7,0
110.21,Utility Enemy 5,Utility,AttackAction,EnemyDuplicate,0.25,48.4,0
110.21,Utility Enemy 3,Utility,AttackAction,EnemyDuplicate,1.00,92.5,0
110.21,Utility Enemy 7,Utility,AttackAction,EnemyDuplicate,1.00,82.1,0
110.21,Utility Enemy 14,Utility,AttackAction,EnemyDuplicate,1.00,57.3,0
110.21,Utility Enemy 2,Utility,AttackAction,EnemyDuplicate,1.00,44.8,0
110.21,Utility Enemy 13,Utility,AttackAction,EnemyDuplicate,1.00,65.0,0
110.72,Player,Player,-,None,0.09,,0
110.72,FSM Enemy 6,FSM,PatrolState,None,0.30,85.8,0
110.72,FSM Enemy 12,FSM,PatrolState,None,0.90,85.6,0
110.72,FSM Enemy 4,FSM,PatrolState,None,1.00,48.9,0
110.72,FSM Enemy 2,FSM,PatrolState,None,1.00,15.7,0
110.72,FSM Enemy 13,FSM,PatrolState,None,1.00,103.0,0
110.72,FSM Enemy 10,FSM,PatrolState,None,1.00,49.6,0
110.72,FSM Enemy 3,FSM,PatrolState,None,1.00,38.2,0
110.72,FSM Enemy 1,FSM,PatrolState,None,1.00,83.7,0
110.72,FSM Enemy 14,FSM,PatrolState,None,1.00,32.0,0
110.72,FSM Enemy 8,FSM,PatrolState,None,1.00,64.9,0
110.72,FSM Enemy 11,FSM,PatrolState,None,0.40,117.8,0
110.72,FSM Enemy 15,FSM,PatrolState,None,0.90,96.2,0
110.72,FSM Enemy 7,FSM,PatrolState,None,1.00,101.2,0
110.72,FSM Enemy 5,FSM,PatrolState,None,0.80,87.3,0
110.72,FSM Enemy 9,FSM,PatrolState,None,1.00,58.1,0
110.72,Utility Enemy 10,Utility,AttackAction,None,1.00,72.2,0
110.72,Utility Enemy 8,Utility,AttackAction,None,1.00,67.8,0
110.72,Utility Enemy 6,Utility,AttackAction,None,1.00,86.7,0
110.72,Utility Enemy 4,Utility,AttackAction,None,1.00,70.4,0
110.72,Utility Enemy 11,Utility,AttackAction,None,1.00,87.9,0
110.72,Utility Enemy 15,Utility,AttackAction,None,1.00,74.2,0
110.72,Utility Enemy 1,Utility,AttackAction,None,1.00,82.1,0
110.72,Utility Enemy 12,Utility,AttackAction,None,1.00,73.9,0
110.72,Utility Enemy 9,Utility,AttackAction,None,1.00,65.7,0
110.72,Utility Enemy 5,Utility,AttackAction,None,0.25,48.4,0
110.72,Utility Enemy 3,Utility,AttackAction,None,1.00,92.5,0
110.72,Utility Enemy 7,Utility,AttackAction,None,1.00,82.1,0
110.72,Utility Enemy 14,Utility,AttackAction,None,1.00,57.3,0
110.72,Utility Enemy 2,Utility,AttackAction,None,1.00,44.8,0
110.72,Utility Enemy 13,Utility,AttackAction,None,1.00,65.0,0
111.22,Player,Player,-,None,0.09,,0
111.22,FSM Enemy 6,FSM,PatrolState,None,0.30,86.8,0
111.22,FSM Enemy 12,FSM,PatrolState,None,0.90,84.6,0
111.22,FSM Enemy 4,FSM,PatrolState,None,1.00,48.0,0
111.22,FSM Enemy 2,FSM,PatrolState,None,1.00,16.0,0
111.22,FSM Enemy 13,FSM,PatrolState,None,1.00,103.3,0
111.22,FSM Enemy 10,FSM,PatrolState,None,1.00,48.7,0
111.22,FSM Enemy 3,FSM,PatrolState,None,1.00,39.1,0
111.22,FSM Enemy 1,FSM,PatrolState,None,1.00,82.7,0
111.22,FSM Enemy 14,FSM,PatrolState,None,1.00,31.3,0
111.22,FSM Enemy 8,FSM,PatrolState,None,1.00,64.1,0
111.22,FSM Enemy 11,FSM,PatrolState,None,0.40,117.3,0
111.22,FSM Enemy 15,FSM,PatrolState,None,0.90,95.2,0
111.22,FSM Enemy 7,FSM,PatrolState,None,1.00,101.4,0
111.22,FSM Enemy 5,FSM,PatrolState,None,0.80,87.4,0
111.22,FSM Enemy 9,FSM,PatrolState,None,1.00,58.7,0
111.22,Utility Enemy 10,Utility,AttackAction,None,1.00,72.2,0
111.22,Utility Enemy 8,Utility,AttackAction,None,1.00,67.8,0
111.22,Utility Enemy 6,Utility,AttackAction,None,1.00,86.7,0
111.22,Utility Enemy 4,Utility,AttackAction,None,1.00,70.4,0
111.22,Utility Enemy 11,Utility,AttackAction,None,1.00,87.9,0
111.22,Utility Enemy 15,Utility,AttackAction,None,1.00,74.2,0
111.22,Utility Enemy 1,Utility,AttackAction,None,1.00,82.1,0
111.22,Utility Enemy 12,Utility,AttackAction,None,1.00,73.9,0
111.22,Utility Enemy 9,Utility,AttackAction,None,1.00,65.7,0
111.22,Utility Enemy 5,Utility,AttackAction,None,0.25,48.4,0
111.22,Utility Enemy 3,Utility,AttackAction,None,1.00,92.5,0
111.22,Utility Enemy 7,Utility,AttackAction,None,1.00,82.1,0
111.22,Utility Enemy 14,Utility,AttackAction,None,1.00,57.3,0
111.22,Utility Enemy 2,Utility,AttackAction,None,1.00,44.8,0
111.22,Utility Enemy 13,Utility,AttackAction,None,1.00,65.0,0
111.73,Player,Player,-,None,0.09,,0
111.73,FSM Enemy 6,FSM,PatrolState,None,0.30,87.9,0
111.73,FSM Enemy 12,FSM,PatrolState,None,0.90,83.3,0
111.73,FSM Enemy 4,FSM,PatrolState,None,1.00,47.0,0
111.73,FSM Enemy 2,FSM,PatrolState,None,1.00,15.7,0
111.73,FSM Enemy 13,FSM,PatrolState,None,1.00,103.5,0
111.73,FSM Enemy 10,FSM,PatrolState,None,1.00,47.7,0
111.73,FSM Enemy 3,FSM,PatrolState,None,1.00,40.1,0
111.73,FSM Enemy 1,FSM,PatrolState,None,1.00,81.6,0
111.73,FSM Enemy 14,FSM,PatrolState,None,1.00,30.5,0
111.73,FSM Enemy 8,FSM,PatrolState,None,1.00,63.1,0
111.73,FSM Enemy 11,FSM,PatrolState,None,0.40,116.9,0
111.73,FSM Enemy 15,FSM,PatrolState,None,0.90,94.1,0
111.73,FSM Enemy 7,FSM,PatrolState,None,1.00,101.7,0
111.73,FSM Enemy 5,FSM,PatrolState,None,0.80,87.6,0
111.73,FSM Enemy 9,FSM,PatrolState,None,1.00,59.4,0
111.73,Utility Enemy 10,Utility,AttackAction,None,1.00,72.2,0
111.73,Utility Enemy 8,Utility,AttackAction,None,1.00,67.8,0
111.73,Utility Enemy 6,Utility,AttackAction,None,1.00,86.7,0
111.73,Utility Enemy 4,Utility,AttackAction,None,1.00,70.4,0
111.73,Utility Enemy 11,Utility,AttackAction,None,1.00,87.9,0
111.73,Utility Enemy 15,Utility,AttackAction,None,1.00,74.2,0
111.73,Utility Enemy 1,Utility,AttackAction,None,1.00,82.1,0
111.73,Utility Enemy 12,Utility,AttackAction,None,1.00,73.9,0
111.73,Utility Enemy 9,Utility,AttackAction,None,1.00,65.7,0
111.73,Utility Enemy 5,Utility,AttackAction,None,0.25,48.4,0
111.73,Utility Enemy 3,Utility,AttackAction,None,1.00,92.5,0
111.73,Utility Enemy 7,Utility,AttackAction,None,1.00,82.1,0
111.73,Utility Enemy 14,Utility,AttackAction,None,1.00,57.3,0
111.73,Utility Enemy 2,Utility,AttackAction,None,1.00,44.8,0
111.73,Utility Enemy 13,Utility,AttackAction,None,1.00,65.0,0
112.23,Player,Player,-,None,0.09,,0
112.23,FSM Enemy 6,FSM,PatrolState,None,0.30,89.0,0
112.23,FSM Enemy 12,FSM,PatrolState,None,0.90,82.1,0
112.23,FSM Enemy 4,FSM,PatrolState,None,1.00,46.0,0
112.23,FSM Enemy 2,FSM,PatrolState,None,1.00,15.4,0
112.23,FSM Enemy 13,FSM,PatrolState,None,1.00,103.8,0
112.23,FSM Enemy 10,FSM,PatrolState,None,1.00,46.7,0
112.23,FSM Enemy 3,FSM,PatrolState,None,1.00,39.7,0
112.23,FSM Enemy 1,FSM,PatrolState,None,1.00,80.4,0
112.23,FSM Enemy 14,FSM,PatrolState,None,1.00,29.8,0
112.23,FSM Enemy 8,FSM,PatrolState,None,1.00,62.1,0
112.23,FSM Enemy 11,FSM,PatrolState,None,0.40,116.4,0
112.23,FSM Enemy 15,FSM,PatrolState,None,0.90,92.9,0
112.23,FSM Enemy 7,FSM,PatrolState,None,1.00,102.0,0
112.23,FSM Enemy 5,FSM,PatrolState,None,0.80,87.9,0
112.23,FSM Enemy 9,FSM,PatrolState,None,1.00,60.1,0
112.23,Utility Enemy 10,Utility,AttackAction,None,1.00,72.2,0
112.23,Utility Enemy 8,Utility,AttackAction,None,1.00,67.8,0
112.23,Utility Enemy 6,Utility,AttackAction,None,1.00,86.7,0
112.23,Utility Enemy 4,Utility,AttackAction,None,1.00,70.4,0
112.23,Utility Enemy 11,Utility,AttackAction,None,1.00,87.9,0
112.23,Utility Enemy 15,Utility,AttackAction,None,1.00,74.2,0
112.23,Utility Enemy 1,Utility,AttackAction,None,1.00,82.1,0
112.23,Utility Enemy 12,Utility,AttackAction,None,1.00,73.9,0
112.23,Utility Enemy 9,Utility,AttackAction,None,1.00,65.7,0
112.23,Utility Enemy 5,Utility,AttackAction,None,0.25,48.4,0
112.23,Utility Enemy 3,Utility,AttackAction,None,1.00,92.5,0
112.23,Utility Enemy 7,Utility,AttackAction,None,1.00,82.1,0
112.23,Utility Enemy 14,Utility,AttackAction,None,1.00,57.3,0
112.23,Utility Enemy 2,Utility,AttackAction,None,1.00,44.8,0
112.23,Utility Enemy 13,Utility,AttackAction,None,1.00,65.0,0
112.73,Player,Player,-,None,0.09,,0
112.73,FSM Enemy 6,FSM,PatrolState,None,0.30,90.1,0
112.73,FSM Enemy 12,FSM,PatrolState,None,0.90,80.9,0
112.73,FSM Enemy 4,FSM,PatrolState,None,1.00,45.1,0
112.73,FSM Enemy 2,FSM,PatrolState,None,1.00,15.1,0
112.73,FSM Enemy 13,FSM,PatrolState,None,1.00,104.2,0
112.73,FSM Enemy 10,FSM,PatrolState,None,1.00,45.7,0
112.73,FSM Enemy 3,FSM,PatrolState,None,1.00,38.5,0
112.73,FSM Enemy 1,FSM,PatrolState,None,1.00,79.4,0
112.73,FSM Enemy 14,FSM,PatrolState,None,1.00,29.1,0
112.73,FSM Enemy 8,FSM,PatrolState,None,1.00,61.2,0
112.73,FSM Enemy 11,FSM,PatrolState,None,0.40,116.0,0
112.73,FSM Enemy 15,FSM,PatrolState,None,0.90,91.8,0
112.73,FSM Enemy 7,FSM,PatrolState,None,1.00,102.3,0
112.73,FSM Enemy 5,FSM,PatrolState,None,0.80,88.1,0
112.73,FSM Enemy 9,FSM,PatrolState,None,1.00,60.8,0
112.73,Utility Enemy 10,Utility,AttackAction,None,1.00,72.2,0
112.73,Utility Enemy 8,Utility,AttackAction,None,1.00,67.8,0
112.73,Utility Enemy 6,Utility,AttackAction,None,1.00,86.7,0
112.73,Utility Enemy 4,Utility,AttackAction,None,1.00,70.4,0
112.73,Utility Enemy 11,Utility,AttackAction,None,1.00,87.9,0
112.73,Utility Enemy 15,Utility,AttackAction,None,1.00,74.2,0
112.73,Utility Enemy 1,Utility,AttackAction,None,1.00,82.1,0
112.73,Utility Enemy 12,Utility,AttackAction,None,1.00,73.9,0
112.73,Utility Enemy 9,Utility,AttackAction,None,1.00,65.7,0
112.73,Utility Enemy 5,Utility,AttackAction,None,0.25,48.4,0
112.73,Utility Enemy 3,Utility,AttackAction,None,1.00,92.5,0
112.73,Utility Enemy 7,Utility,AttackAction,None,1.00,82.1,0
112.73,Utility Enemy 14,Utility,AttackAction,None,1.00,57.3,0
112.73,Utility Enemy 2,Utility,AttackAction,None,1.00,44.8,0
112.73,Utility Enemy 13,Utility,AttackAction,None,1.00,65.0,0
113.24,Player,Player,-,None,0.09,,0
113.24,FSM Enemy 6,FSM,PatrolState,None,0.30,90.1,0
113.24,FSM Enemy 12,FSM,PatrolState,None,0.90,79.6,0
113.24,FSM Enemy 4,FSM,PatrolState,None,1.00,44.1,0
113.24,FSM Enemy 2,FSM,PatrolState,None,1.00,15.0,0
113.24,FSM Enemy 13,FSM,PatrolState,None,1.00,104.5,0
113.24,FSM Enemy 10,FSM,PatrolState,None,1.00,44.7,0
113.24,FSM Enemy 3,FSM,PatrolState,None,1.00,37.4,0
113.24,FSM Enemy 1,FSM,PatrolState,None,1.00,79.5,0
113.24,FSM Enemy 14,FSM,PatrolState,None,1.00,28.4,0
113.24,FSM Enemy 8,FSM,PatrolState,None,1.00,60.3,0
113.24,FSM Enemy 11,FSM,PatrolState,None,0.40,115.5,0
113.24,FSM Enemy 15,FSM,PatrolState,None,0.90,90.7,0
113.24,FSM Enemy 7,FSM,PatrolState,None,1.00,102.7,0
113.24,FSM Enemy 5,FSM,PatrolState,None,0.80,88.4,0
113.24,FSM Enemy 9,FSM,PatrolState,None,1.00,61.5,0
113.24,Utility Enemy 10,Utility,AttackAction,None,1.00,72.2,0
113.24,Utility Enemy 8,Utility,AttackAction,None,1.00,67.8,0
113.24,Utility Enemy 6,Utility,AttackAction,None,1.00,86.7,0
113.24,Utility Enemy 4,Utility,AttackAction,None,1.00,70.4,0
113.24,Utility Enemy 11,Utility,AttackAction,None,1.00,87.9,0
113.24,Utility Enemy 15,Utility,AttackAction,None,1.00,74.2,0
113.24,Utility Enemy 1,Utility,AttackAction,None,1.00,82.1,0
113.24,Utility Enemy 12,Utility,AttackAction,None,1.00,73.9,0
113.24,Utility Enemy 9,Utility,AttackAction,None,1.00,65.7,0
113.24,Utility Enemy 5,Utility,AttackAction,None,0.25,48.4,0
113.24,Utility Enemy 3,Utility,AttackAction,None,1.00,92.5,0
113.24,Utility Enemy 7,Utility,AttackAction,None,1.00,82.1,0
113.24,Utility Enemy 14,Utility,AttackAction,None,1.00,57.3,0
113.24,Utility Enemy 2,Utility,AttackAction,None,1.00,44.8,0
113.24,Utility Enemy 13,Utility,AttackAction,None,1.00,65.0,0
113.74,Player,Player,-,None,0.09,,0
113.74,FSM Enemy 6,FSM,PatrolState,None,0.30,88.9,0
113.74,FSM Enemy 12,FSM,PatrolState,None,0.90,78.4,0
113.74,FSM Enemy 4,FSM,PatrolState,None,1.00,43.2,0
113.74,FSM Enemy 2,FSM,PatrolState,None,1.00,14.9,0
113.74,FSM Enemy 13,FSM,PatrolState,None,1.00,104.8,0
113.74,FSM Enemy 10,FSM,PatrolState,None,1.00,43.8,0
113.74,FSM Enemy 3,FSM,PatrolState,None,1.00,36.2,0
113.74,FSM Enemy 1,FSM,PatrolState,None,1.00,79.7,0
113.74,FSM Enemy 14,FSM,PatrolState,None,1.00,27.8,0
113.74,FSM Enemy 8,FSM,PatrolState,None,1.00,59.3,0
113.74,FSM Enemy 11,FSM,PatrolState,None,0.40,115.0,0
113.74,FSM Enemy 15,FSM,PatrolState,None,0.90,89.6,0
113.74,FSM Enemy 7,FSM,PatrolState,None,1.00,103.0,0
113.74,FSM Enemy 5,FSM,PatrolState,None,0.80,88.6,0
113.74,FSM Enemy 9,FSM,PatrolState,None,1.00,62.2,0
113.74,Utility Enemy 10,Utility,AttackAction,None,1.00,72.2,0
113.74,Utility Enemy 8,Utility,AttackAction,None,1.00,67.8,0
113.74,Utility Enemy 6,Utility,AttackAction,None,1.00,86.7,0
113.74,Utility Enemy 4,Utility,AttackAction,None,1.00,70.4,0
113.74,Utility Enemy 11,Utility,AttackAction,None,1.00,87.9,0
113.74,Utility Enemy 15,Utility,AttackAction,None,1.00,74.2,0
113.74,Utility Enemy 1,Utility,AttackAction,None,1.00,82.1,0
113.74,Utility Enemy 12,Utility,AttackAction,None,1.00,73.9,0
113.74,Utility Enemy 9,Utility,AttackAction,None,1.00,65.7,0
113.74,Utility Enemy 5,Utility,AttackAction,None,0.25,48.4,0
113.74,Utility Enemy 3,Utility,AttackAction,None,1.00,92.5,0
113.74,Utility Enemy 7,Utility,AttackAction,None,1.00,82.1,0
113.74,Utility Enemy 14,Utility,AttackAction,None,1.00,57.3,0
113.74,Utility Enemy 2,Utility,AttackAction,None,1.00,44.8,0
113.74,Utility Enemy 13,Utility,AttackAction,None,1.00,65.0,0
114.24,Player,Player,-,None,0.09,,0
114.24,FSM Enemy 6,FSM,PatrolState,None,0.30,87.7,0
114.24,FSM Enemy 12,FSM,PatrolState,None,0.90,78.1,0
114.24,FSM Enemy 4,FSM,PatrolState,None,1.00,42.3,0
114.24,FSM Enemy 2,FSM,PatrolState,None,1.00,15.0,0
114.24,FSM Enemy 13,FSM,PatrolState,None,1.00,105.2,0
114.24,FSM Enemy 10,FSM,PatrolState,None,1.00,42.8,0
114.24,FSM Enemy 3,FSM,PatrolState,None,1.00,35.5,0
114.24,FSM Enemy 1,FSM,PatrolState,None,1.00,80.2,0
114.24,FSM Enemy 14,FSM,PatrolState,None,1.00,27.3,0
114.24,FSM Enemy 8,FSM,PatrolState,None,1.00,58.4,0
114.24,FSM Enemy 11,FSM,PatrolState,None,0.40,114.0,0
114.24,FSM Enemy 15,FSM,PatrolState,None,0.90,88.4,0
114.24,FSM Enemy 7,FSM,PatrolState,None,1.00,102.7,0
114.24,FSM Enemy 5,FSM,PatrolState,None,0.80,88.9,0
114.24,FSM Enemy 9,FSM,PatrolState,None,1.00,63.0,0
114.24,Utility Enemy 10,Utility,AttackAction,None,1.00,72.2,0
114.24,Utility Enemy 8,Utility,AttackAction,None,1.00,67.8,0
114.24,Utility Enemy 6,Utility,AttackAction,None,1.00,86.7,0
114.24,Utility Enemy 4,Utility,AttackAction,None,1.00,70.4,0
114.24,Utility Enemy 11,Utility,AttackAction,None,1.00,87.9,0
114.24,Utility Enemy 15,Utility,AttackAction,None,1.00,74.2,0
114.24,Utility Enemy 1,Utility,AttackAction,None,1.00,82.1,0
114.24,Utility Enemy 12,Utility,AttackAction,None,1.00,73.9,0
114.24,Utility Enemy 9,Utility,AttackAction,None,1.00,65.7,0
114.24,Utility Enemy 5,Utility,Dead,None,0.00,48.4,0
114.24,Utility Enemy 3,Utility,AttackAction,None,1.00,92.5,0
114.24,Utility Enemy 7,Utility,AttackAction,None,1.00,82.1,0
114.24,Utility Enemy 14,Utility,AttackAction,None,1.00,57.3,0
114.24,Utility Enemy 2,Utility,AttackAction,None,1.00,44.8,0
114.24,Utility Enemy 13,Utility,AttackAction,None,1.00,65.0,0
114.74,Player,Player,-,None,0.09,,0
114.74,FSM Enemy 6,FSM,PatrolState,None,0.30,86.7,0
114.74,FSM Enemy 12,FSM,PatrolState,None,0.90,79.3,0
114.74,FSM Enemy 4,FSM,PatrolState,None,1.00,41.4,0
114.74,FSM Enemy 2,FSM,PatrolState,None,1.00,15.1,0
114.74,FSM Enemy 13,FSM,PatrolState,None,1.00,105.6,0
114.74,FSM Enemy 10,FSM,PatrolState,None,1.00,41.9,0
114.74,FSM Enemy 3,FSM,PatrolState,None,1.00,35.9,0
114.74,FSM Enemy 1,FSM,PatrolState,None,1.00,80.0,0
114.74,FSM Enemy 14,FSM,PatrolState,None,1.00,26.8,0
114.74,FSM Enemy 8,FSM,PatrolState,None,1.00,57.5,0
114.74,FSM Enemy 11,FSM,PatrolState,None,0.40,113.0,0
114.74,FSM Enemy 15,FSM,PatrolState,None,0.90,87.3,0
114.74,FSM Enemy 7,FSM,PatrolState,None,1.00,101.8,0
114.74,FSM Enemy 5,FSM,PatrolState,None,0.80,89.3,0
114.74,FSM Enemy 9,FSM,PatrolState,None,1.00,63.8,0
114.74,Utility Enemy 10,Utility,AttackAction,None,1.00,72.2,0
114.74,Utility Enemy 8,Utility,AttackAction,None,1.00,67.8,0
114.74,Utility Enemy 6,Utility,AttackAction,None,1.00,86.7,0
114.74,Utility Enemy 4,Utility,AttackAction,None,1.00,70.4,0
114.74,Utility Enemy 11,Utility,AttackAction,None,1.00,87.9,0
114.74,Utility Enemy 15,Utility,AttackAction,None,1.00,74.2,0
114.74,Utility Enemy 1,Utility,AttackAction,None,1.00,82.1,0
114.74,Utility Enemy 12,Utility,AttackAction,None,1.00,73.9,0
114.74,Utility Enemy 9,Utility,AttackAction,None,1.00,65.7,0
114.74,Utility Enemy 5,Utility,Dead,None,0.00,48.4,0
114.74,Utility Enemy 3,Utility,AttackAction,None,1.00,92.5,0
114.74,Utility Enemy 7,Utility,AttackAction,None,1.00,82.1,0
114.74,Utility Enemy 14,Utility,AttackAction,None,1.00,57.3,0
114.74,Utility Enemy 2,Utility,AttackAction,None,1.00,44.8,0
114.74,Utility Enemy 13,Utility,AttackAction,None,1.00,65.0,0
115.25,Player,Player,-,None,0.09,,0
115.25,FSM Enemy 6,FSM,PatrolState,None,0.30,85.7,0
115.25,FSM Enemy 12,FSM,PatrolState,None,0.90,80.5,0
115.25,FSM Enemy 4,FSM,PatrolState,None,1.00,40.6,0
115.25,FSM Enemy 2,FSM,PatrolState,None,1.00,15.4,0
115.25,FSM Enemy 13,FSM,PatrolState,None,1.00,106.0,0
115.25,FSM Enemy 10,FSM,PatrolState,None,1.00,41.0,0
115.25,FSM Enemy 3,FSM,PatrolState,None,1.00,36.4,0
115.25,FSM Enemy 1,FSM,PatrolState,None,1.00,79.6,0
115.25,FSM Enemy 14,FSM,PatrolState,None,1.00,26.3,0
115.25,FSM Enemy 8,FSM,PatrolState,None,1.00,56.7,0
115.25,FSM Enemy 11,FSM,PatrolState,None,0.40,112.0,0
115.25,FSM Enemy 15,FSM,PatrolState,None,0.90,86.2,0
115.25,FSM Enemy 7,FSM,PatrolState,None,1.00,101.0,0
115.25,FSM Enemy 5,FSM,PatrolState,None,0.80,89.8,0
115.25,FSM Enemy 9,FSM,PatrolState,None,1.00,64.6,0
115.25,Utility Enemy 10,Utility,AttackAction,None,1.00,72.2,0
115.25,Utility Enemy 8,Utility,AttackAction,None,1.00,67.8,0
115.25,Utility Enemy 6,Utility,AttackAction,None,1.00,86.7,0
115.25,Utility Enemy 4,Utility,AttackAction,None,1.00,70.4,0
115.25,Utility Enemy 11,Utility,AttackAction,None,1.00,87.9,0
115.25,Utility Enemy 15,Utility,AttackAction,None,1.00,74.2,0
115.25,Utility Enemy 1,Utility,AttackAction,None,1.00,82.1,0
115.25,Utility Enemy 12,Utility,AttackAction,None,1.00,73.9,0
115.25,Utility Enemy 9,Utility,AttackAction,None,1.00,65.7,0
115.25,Utility Enemy 5,Utility,Dead,None,0.00,48.4,0
115.25,Utility Enemy 3,Utility,AttackAction,None,1.00,92.5,0
115.25,Utility Enemy 7,Utility,AttackAction,None,1.00,82.1,0
115.25,Utility Enemy 14,Utility,AttackAction,None,1.00,57.3,0
115.25,Utility Enemy 2,Utility,AttackAction,None,1.00,44.8,0
115.25,Utility Enemy 13,Utility,AttackAction,None,1.00,65.0,0
115.75,Player,Player,-,None,0.09,,0
115.75,FSM Enemy 6,FSM,PatrolState,None,0.30,84.7,0
115.75,FSM Enemy 12,FSM,PatrolState,None,0.90,81.8,0
115.75,FSM Enemy 4,FSM,PatrolState,None,1.00,39.7,0
115.75,FSM Enemy 2,FSM,PatrolState,None,1.00,15.7,0
115.75,FSM Enemy 13,FSM,PatrolState,None,1.00,106.3,0
115.75,FSM Enemy 10,FSM,PatrolState,None,1.00,40.0,0
115.75,FSM Enemy 3,FSM,PatrolState,None,1.00,37.0,0
115.75,FSM Enemy 1,FSM,PatrolState,None,1.00,79.5,0
115.75,FSM Enemy 14,FSM,PatrolState,None,1.00,25.9,0
115.75,FSM Enemy 8,FSM,PatrolState,None,1.00,55.8,0
115.75,FSM Enemy 11,FSM,PatrolState,None,0.40,111.0,0
115.75,FSM Enemy 15,FSM,PatrolState,None,0.90,85.8,0
115.75,FSM Enemy 7,FSM,PatrolState,None,1.00,100.2,0
115.75,FSM Enemy 5,FSM,PatrolState,None,0.80,90.3,0
115.75,FSM Enemy 9,FSM,PatrolState,None,1.00,65.4,0
115.75,Utility Enemy 10,Utility,AttackAction,None,1.00,72.2,0
115.75,Utility Enemy 8,Utility,AttackAction,None,1.00,67.8,0
115.75,Utility Enemy 6,Utility,AttackAction,None,1.00,86.7,0
115.75,Utility Enemy 4,Utility,AttackAction,None,1.00,70.4,0
115.75,Utility Enemy 11,Utility,AttackAction,None,1.00,87.9,0
115.75,Utility Enemy 15,Utility,AttackAction,None,1.00,74.2,0
115.75,Utility Enemy 1,Utility,AttackAction,None,1.00,82.1,0
115.75,Utility Enemy 12,Utility,AttackAction,None,1.00,73.9,0
115.75,Utility Enemy 9,Utility,AttackAction,None,1.00,65.7,0
115.75,Utility Enemy 5,Utility,Dead,None,0.00,48.4,0
115.75,Utility Enemy 3,Utility,AttackAction,None,1.00,92.5,0
115.75,Utility Enemy 7,Utility,AttackAction,None,1.00,82.1,0
115.75,Utility Enemy 14,Utility,AttackAction,None,1.00,57.3,0
115.75,Utility Enemy 2,Utility,AttackAction,None,1.00,44.8,0
115.75,Utility Enemy 13,Utility,AttackAction,None,1.00,65.0,0
116.25,Player,Player,-,None,0.09,,0
116.25,FSM Enemy 6,FSM,PatrolState,None,0.30,83.7,0
116.25,FSM Enemy 12,FSM,PatrolState,None,0.90,83.0,0
116.25,FSM Enemy 4,FSM,PatrolState,None,1.00,38.9,0
116.25,FSM Enemy 2,FSM,PatrolState,None,1.00,16.2,0
116.25,FSM Enemy 13,FSM,PatrolState,None,1.00,106.8,0
116.25,FSM Enemy 10,FSM,PatrolState,None,1.00,38.8,0
116.25,FSM Enemy 3,FSM,PatrolState,None,1.00,37.6,0
116.25,FSM Enemy 1,FSM,PatrolState,None,1.00,79.6,0
116.25,FSM Enemy 14,FSM,PatrolState,None,1.00,25.4,0
116.25,FSM Enemy 8,FSM,PatrolState,None,1.00,55.7,0
116.25,FSM Enemy 11,FSM,PatrolState,None,0.40,110.0,0
116.25,FSM Enemy 15,FSM,PatrolState,None,0.90,86.2,0
116.25,FSM Enemy 7,FSM,PatrolState,None,1.00,99.3,0
116.25,FSM Enemy 5,FSM,PatrolState,None,0.80,90.9,0
116.25,FSM Enemy 9,FSM,PatrolState,None,1.00,66.2,0
116.25,Utility Enemy 10,Utility,AttackAction,None,1.00,72.2,0
116.25,Utility Enemy 8,Utility,AttackAction,None,1.00,67.8,0
116.25,Utility Enemy 6,Utility,AttackAction,None,1.00,86.7,0
116.25,Utility Enemy 4,Utility,AttackAction,None,1.00,70.4,0
116.25,Utility Enemy 11,Utility,AttackAction,None,1.00,87.9,0
116.25,Utility Enemy 15,Utility,AttackAction,None,1.00,74.2,0
116.25,Utility Enemy 1,Utility,AttackAction,None,1.00,82.1,0
116.25,Utility Enemy 12,Utility,AttackAction,None,1.00,73.9,0
116.25,Utility Enemy 9,Utility,AttackAction,None,1.00,65.7,0
116.25,Utility Enemy 5,Utility,Dead,None,0.00,48.4,0
116.25,Utility Enemy 3,Utility,AttackAction,None,1.00,92.5,0
116.25,Utility Enemy 7,Utility,AttackAction,None,1.00,82.1,0
116.25,Utility Enemy 14,Utility,AttackAction,None,1.00,57.3,0
116.25,Utility Enemy 2,Utility,Dead,None,0.00,44.8,0
116.25,Utility Enemy 13,Utility,AttackAction,None,1.00,65.0,0
116.75,Player,Player,-,None,0.09,,0
116.75,FSM Enemy 6,FSM,PatrolState,None,0.30,82.7,0
116.75,FSM Enemy 12,FSM,PatrolState,None,0.90,84.3,0
116.75,FSM Enemy 4,FSM,PatrolState,None,1.00,38.3,0
116.75,FSM Enemy 2,FSM,PatrolState,None,1.00,16.3,0
116.75,FSM Enemy 13,FSM,PatrolState,None,1.00,107.2,0
116.75,FSM Enemy 10,FSM,PatrolState,None,1.00,37.7,0
116.75,FSM Enemy 3,FSM,PatrolState,None,1.00,38.2,0
116.75,FSM Enemy 1,FSM,PatrolState,None,1.00,80.4,0
116.75,FSM Enemy 14,FSM,PatrolState,None,1.00,24.8,0
116.75,FSM Enemy 8,FSM,PatrolState,None,1.00,56.9,0
116.75,FSM Enemy 11,FSM,PatrolState,None,0.40,109.0,0
116.75,FSM Enemy 15,FSM,PatrolState,None,0.90,86.6,0
116.75,FSM Enemy 7,FSM,PatrolState,None,1.00,98.5,0
116.75,FSM Enemy 5,FSM,PatrolState,None,0.80,91.5,0
116.75,FSM Enemy 9,FSM,PatrolState,None,1.00,67.0,0
116.75,Utility Enemy 10,Utility,AttackAction,None,1.00,72.2,0
116.75,Utility Enemy 8,Utility,AttackAction,None,1.00,67.8,0
116.75,Utility Enemy 6,Utility,AttackAction,None,1.00,86.7,0
116.75,Utility Enemy 4,Utility,AttackAction,None,1.00,70.4,0
116.75,Utility Enemy 11,Utility,AttackAction,None,1.00,87.9,0
116.75,Utility Enemy 15,Utility,AttackAction,None,1.00,74.2,0
116.75,Utility Enemy 1,Utility,AttackAction,None,1.00,82.1,0
116.75,Utility Enemy 12,Utility,AttackAction,None,1.00,73.9,0
116.75,Utility Enemy 9,Utility,AttackAction,None,1.00,65.7,0
116.75,Utility Enemy 5,Utility,Dead,None,0.00,48.4,0
116.75,Utility Enemy 3,Utility,AttackAction,None,1.00,92.5,0
116.75,Utility Enemy 7,Utility,AttackAction,None,1.00,82.1,0
116.75,Utility Enemy 14,Utility,AttackAction,None,1.00,57.3,0
116.75,Utility Enemy 2,Utility,Dead,None,0.00,44.8,0
116.75,Utility Enemy 13,Utility,AttackAction,None,1.00,65.0,0
117.25,Player,Player,-,None,0.09,,0
117.25,FSM Enemy 6,FSM,PatrolState,None,0.30,81.7,0
117.25,FSM Enemy 12,FSM,PatrolState,None,0.90,85.5,0
117.25,FSM Enemy 4,FSM,PatrolState,None,1.00,38.8,0
117.25,FSM Enemy 2,FSM,PatrolState,None,1.00,15.8,0
117.25,FSM Enemy 13,FSM,PatrolState,None,1.00,107.1,0
117.25,FSM Enemy 10,FSM,PatrolState,None,1.00,36.5,0
117.25,FSM Enemy 3,FSM,PatrolState,None,1.00,38.9,0
117.25,FSM Enemy 1,FSM,PatrolState,None,1.00,81.2,0
117.25,FSM Enemy 14,FSM,PatrolState,None,1.00,24.1,0
117.25,FSM Enemy 8,FSM,PatrolState,None,1.00,58.1,0
117.25,FSM Enemy 11,FSM,PatrolState,None,0.40,108.1,0
117.25,FSM Enemy 15,FSM,PatrolState,None,0.90,87.0,0
117.25,FSM Enemy 7,FSM,PatrolState,None,1.00,97.7,0
117.25,FSM Enemy 5,FSM,PatrolState,None,0.80,92.1,0
117.25,FSM Enemy 9,FSM,PatrolState,None,1.00,66.4,0
117.25,Utility Enemy 10,Utility,AttackAction,None,1.00,72.2,0
117.25,Utility Enemy 8,Utility,AttackAction,None,1.00,67.8,0
117.25,Utility Enemy 6,Utility,AttackAction,None,1.00,86.7,0
117.25,Utility Enemy 4,Utility,AttackAction,None,1.00,70.4,0
117.25,Utility Enemy 11,Utility,AttackAction,None,1.00,87.9,0
117.25,Utility Enemy 15,Utility,AttackAction,None,1.00,74.2,0
117.25,Utility Enemy 1,Utility,AttackAction,None,1.00,82.1,0
117.25,Utility Enemy 12,Utility,AttackAction,None,1.00,73.9,0
117.25,Utility Enemy 9,Utility,AttackAction,None,1.00,65.7,0
117.25,Utility Enemy 5,Utility,Dead,None,0.00,48.4,0
117.25,Utility Enemy 3,Utility,AttackAction,None,1.00,92.5,0
117.25,Utility Enemy 7,Utility,AttackAction,None,1.00,82.1,0
117.25,Utility Enemy 14,Utility,AttackAction,None,1.00,57.3,0
117.25,Utility Enemy 2,Utility,Dead,None,0.00,44.8,0
117.25,Utility Enemy 13,Utility,AttackAction,None,1.00,65.0,0
117.76,Player,Player,-,None,0.09,,0
117.76,FSM Enemy 6,FSM,PatrolState,None,0.30,81.0,0
117.76,FSM Enemy 12,FSM,PatrolState,None,0.90,86.7,0
117.76,FSM Enemy 4,FSM,PatrolState,None,1.00,39.4,0
117.76,FSM Enemy 2,FSM,PatrolState,None,1.00,15.4,0
117.76,FSM Enemy 13,FSM,PatrolState,None,1.00,106.7,0
117.76,FSM Enemy 10,FSM,PatrolState,None,1.00,35.3,0
117.76,FSM Enemy 3,FSM,PatrolState,None,1.00,39.6,0
117.76,FSM Enemy 1,FSM,PatrolState,None,1.00,82.1,0
117.76,FSM Enemy 14,FSM,PatrolState,None,1.00,23.3,0
117.76,FSM Enemy 8,FSM,PatrolState,None,1.00,59.4,0
117.76,FSM Enemy 11,FSM,PatrolState,None,0.40,107.5,0
117.76,FSM Enemy 15,FSM,PatrolState,None,0.90,87.4,0
117.76,FSM Enemy 7,FSM,PatrolState,None,1.00,97.2,0
117.76,FSM Enemy 5,FSM,PatrolState,None,0.80,92.7,0
117.76,FSM Enemy 9,FSM,PatrolState,None,1.00,65.6,0
117.76,Utility Enemy 10,Utility,AttackAction,None,1.00,72.2,0
117.76,Utility Enemy 8,Utility,AttackAction,None,1.00,67.8,0
117.76,Utility Enemy 6,Utility,AttackAction,None,1.00,86.7,0
117.76,Utility Enemy 4,Utility,AttackAction,None,1.00,70.4,0
117.76,Utility Enemy 11,Utility,AttackAction,None,1.00,87.9,0
117.76,Utility Enemy 15,Utility,AttackAction,None,1.00,74.2,0
117.76,Utility Enemy 1,Utility,AttackAction,None,1.00,82.1,0
117.76,Utility Enemy 12,Utility,AttackAction,None,1.00,73.9,0
117.76,Utility Enemy 9,Utility,AttackAction,None,1.00,65.7,0
117.76,Utility Enemy 5,Utility,Dead,None,0.00,48.4,0
117.76,Utility Enemy 3,Utility,AttackAction,None,1.00,92.5,0
117.76,Utility Enemy 7,Utility,AttackAction,None,1.00,82.1,0
117.76,Utility Enemy 14,Utility,AttackAction,None,1.00,57.3,0
117.76,Utility Enemy 2,Utility,Dead,None,0.00,44.8,0
117.76,Utility Enemy 13,Utility,AttackAction,None,1.00,65.0,0
118.26,Player,Player,-,None,0.09,,0
118.26,FSM Enemy 6,FSM,PatrolState,None,0.30,81.1,0
118.26,FSM Enemy 12,FSM,PatrolState,None,0.90,87.8,0
118.26,FSM Enemy 4,FSM,PatrolState,None,1.00,40.0,0
118.26,FSM Enemy 2,FSM,PatrolState,None,1.00,15.1,0
118.26,FSM Enemy 13,FSM,PatrolState,None,1.00,106.4,0
118.26,FSM Enemy 10,FSM,PatrolState,None,1.00,34.2,0
118.26,FSM Enemy 3,FSM,PatrolState,None,1.00,40.3,0
118.26,FSM Enemy 1,FSM,PatrolState,None,1.00,83.1,0
118.26,FSM Enemy 14,FSM,PatrolState,None,1.00,22.5,0
118.26,FSM Enemy 8,FSM,PatrolState,None,1.00,60.6,0
118.26,FSM Enemy 11,FSM,PatrolState,None,0.40,107.0,0
118.26,FSM Enemy 15,FSM,PatrolState,None,0.90,87.9,0
118.26,FSM Enemy 7,FSM,PatrolState,None,1.00,98.3,0
118.26,FSM Enemy 5,FSM,PatrolState,None,0.80,93.3,0
118.26,FSM Enemy 9,FSM,PatrolState,None,1.00,64.8,0
118.26,Utility Enemy 10,Utility,AttackAction,None,1.00,72.2,0
118.26,Utility Enemy 8,Utility,AttackAction,None,1.00,67.8,0
118.26,Utility Enemy 6,Utility,AttackAction,None,1.00,86.7,0
118.26,Utility Enemy 4,Utility,AttackAction,None,1.00,70.4,0
118.26,Utility Enemy 11,Utility,AttackAction,None,1.00,87.9,0
118.26,Utility Enemy 15,Utility,AttackAction,None,1.00,74.2,0
118.26,Utility Enemy 1,Utility,AttackAction,None,1.00,82.1,0
118.26,Utility Enemy 12,Utility,AttackAction,None,1.00,73.9,0
118.26,Utility Enemy 9,Utility,AttackAction,None,1.00,65.7,0
118.26,Utility Enemy 5,Utility,Dead,None,0.00,48.4,0
118.26,Utility Enemy 3,Utility,AttackAction,None,1.00,92.5,0
118.26,Utility Enemy 7,Utility,AttackAction,None,1.00,82.1,0
118.26,Utility Enemy 14,Utility,AttackAction,None,1.00,57.3,0
118.26,Utility Enemy 2,Utility,Dead,None,0.00,44.8,0
118.26,Utility Enemy 13,Utility,AttackAction,None,1.00,65.0,0
118.76,Player,Player,-,None,0.09,,0
118.76,FSM Enemy 6,FSM,PatrolState,None,0.30,81.1,0
118.76,FSM Enemy 12,FSM,PatrolState,None,0.90,87.1,0
118.76,FSM Enemy 4,FSM,PatrolState,None,1.00,40.7,0
118.76,FSM Enemy 2,FSM,PatrolState,None,1.00,14.8,0
118.76,FSM Enemy 13,FSM,PatrolState,None,1.00,106.2,0
118.76,FSM Enemy 10,FSM,PatrolState,None,1.00,33.1,0
118.76,FSM Enemy 3,FSM,Dead,None,0.00,40.9,0
118.76,FSM Enemy 1,FSM,PatrolState,None,1.00,84.0,0
118.76,FSM Enemy 14,FSM,PatrolState,None,1.00,21.8,0
118.76,FSM Enemy 8,FSM,PatrolState,None,1.00,61.8,0
118.76,FSM Enemy 11,FSM,PatrolState,None,0.40,106.6,0
118.76,FSM Enemy 15,FSM,PatrolState,None,0.90,88.3,0
118.76,FSM Enemy 7,FSM,PatrolState,None,1.00,99.5,0
118.76,FSM Enemy 5,FSM,PatrolState,None,0.80,93.7,0
118.76,FSM Enemy 9,FSM,PatrolState,None,1.00,64.1,0
118.76,Utility Enemy 10,Utility,AttackAction,None,1.00,72.2,0
118.76,Utility Enemy 8,Utility,AttackAction,None,1.00,67.8,0
118.76,Utility Enemy 6,Utility,AttackAction,None,1.00,86.7,0
118.76,Utility Enemy 4,Utility,AttackAction,None,1.00,70.4,0
118.76,Utility Enemy 11,Utility,AttackAction,None,1.00,87.9,0
118.76,Utility Enemy 15,Utility,AttackAction,None,1.00,74.2,0
118.76,Utility Enemy 1,Utility,AttackAction,None,1.00,82.1,0
118.76,Utility Enemy 12,Utility,AttackAction,None,1.00,73.9,0
118.76,Utility Enemy 9,Utility,AttackAction,None,1.00,65.7,0
118.76,Utility Enemy 5,Utility,Dead,None,0.00,48.4,0
118.76,Utility Enemy 3,Utility,AttackAction,None,1.00,92.5,0
118.76,Utility Enemy 7,Utility,AttackAction,None,1.00,82.1,0
118.76,Utility Enemy 14,Utility,AttackAction,None,1.00,57.3,0
118.76,Utility Enemy 2,Utility,Dead,None,0.00,44.8,0
118.76,Utility Enemy 13,Utility,AttackAction,None,1.00,65.0,0
119.27,Player,Player,-,None,0.09,,0
119.27,FSM Enemy 6,FSM,PatrolState,None,0.30,81.1,0
119.27,FSM Enemy 12,FSM,PatrolState,None,0.90,85.9,0
119.27,FSM Enemy 4,FSM,PatrolState,None,1.00,41.4,0
119.27,FSM Enemy 2,FSM,PatrolState,None,1.00,14.7,0
119.27,FSM Enemy 13,FSM,PatrolState,None,1.00,105.9,0
119.27,FSM Enemy 10,FSM,PatrolState,None,1.00,32.0,0
119.27,FSM Enemy 3,FSM,Dead,None,0.00,40.9,0
119.27,FSM Enemy 1,FSM,PatrolState,None,1.00,85.0,0
119.27,FSM Enemy 14,FSM,PatrolState,None,1.00,21.1,0
119.27,FSM Enemy 8,FSM,PatrolState,None,1.00,63.0,0
119.27,FSM Enemy 11,FSM,PatrolState,None,0.40,107.4,0
119.27,FSM Enemy 15,FSM,PatrolState,None,0.90,88.8,0
119.27,FSM Enemy 7,FSM,PatrolState,None,1.00,100.7,0
119.27,FSM Enemy 5,FSM,PatrolState,None,0.80,93.4,0
119.27,FSM Enemy 9,FSM,PatrolState,None,1.00,63.3,0
119.27,Utility Enemy 10,Utility,AttackAction,None,1.00,72.2,0
119.27,Utility Enemy 8,Utility,AttackAction,None,1.00,67.8,0
119.27,Utility Enemy 6,Utility,AttackAction,None,1.00,86.7,0
119.27,Utility Enemy 4,Utility,AttackAction,None,1.00,70.4,0
119.27,Utility Enemy 11,Utility,AttackAction,None,1.00,87.9,0
119.27,Utility Enemy 15,Utility,AttackAction,None,1.00,74.2,0
119.27,Utility Enemy 1,Utility,AttackAction,None,1.00,82.1,0
119.27,Utility Enemy 12,Utility,AttackAction,None,1.00,73.9,0
119.27,Utility Enemy 9,Utility,AttackAction,None,1.00,65.7,0
119.27,Utility Enemy 5,Utility,Dead,None,0.00,48.4,0
119.27,Utility Enemy 3,Utility,AttackAction,None,1.00,92.5,0
119.27,Utility Enemy 7,Utility,AttackAction,None,1.00,82.1,0
119.27,Utility Enemy 14,Utility,AttackAction,None,1.00,57.3,0
119.27,Utility Enemy 2,Utility,Dead,None,0.00,44.8,0
119.27,Utility Enemy 13,Utility,AttackAction,None,1.00,65.0,0
119.77,Player,Player,-,None,0.09,,0
119.77,FSM Enemy 6,FSM,PatrolState,None,0.30,81.2,0
119.77,FSM Enemy 12,FSM,PatrolState,None,0.90,84.8,0
119.77,FSM Enemy 4,FSM,PatrolState,None,1.00,41.7,0
119.77,FSM Enemy 2,FSM,PatrolState,None,1.00,14.7,0
119.77,FSM Enemy 13,FSM,PatrolState,None,1.00,105.6,0
119.77,FSM Enemy 10,FSM,PatrolState,None,1.00,30.9,0
119.77,FSM Enemy 3,FSM,Dead,None,0.00,40.9,0
119.77,FSM Enemy 1,FSM,PatrolState,None,1.00,85.9,0
119.77,FSM Enemy 14,FSM,PatrolState,None,1.00,20.4,0
119.77,FSM Enemy 8,FSM,PatrolState,None,1.00,64.2,0
119.77,FSM Enemy 11,FSM,PatrolState,None,0.40,108.5,0
119.77,FSM Enemy 15,FSM,PatrolState,None,0.90,89.3,0
119.77,FSM Enemy 7,FSM,PatrolState,None,1.00,102.0,0
119.77,FSM Enemy 5,FSM,PatrolState,None,0.80,93.2,0
119.77,FSM Enemy 9,FSM,PatrolState,None,1.00,62.5,0
119.77,Utility Enemy 10,Utility,AttackAction,None,1.00,72.2,0
119.77,Utility Enemy 8,Utility,AttackAction,None,1.00,67.8,0
119.77,Utility Enemy 6,Utility,AttackAction,None,1.00,86.7,0
119.77,Utility Enemy 4,Utility,AttackAction,None,1.00,70.4,0
119.77,Utility Enemy 11,Utility,AttackAction,None,1.00,87.9,0
119.77,Utility Enemy 15,Utility,AttackAction,None,1.00,74.2,0
119.77,Utility Enemy 1,Utility,AttackAction,None,1.00,82.1,0
119.77,Utility Enemy 12,Utility,AttackAction,None,1.00,73.9,0
119.77,Utility Enemy 9,Utility,AttackAction,None,1.00,65.7,0
119.77,Utility Enemy 5,Utility,Dead,None,0.00,48.4,0
119.77,Utility Enemy 3,Utility,AttackAction,None,1.00,92.5,0
119.77,Utility Enemy 7,Utility,AttackAction,None,1.00,82.1,0
119.77,Utility Enemy 14,Utility,AttackAction,None,1.00,57.3,0
119.77,Utility Enemy 2,Utility,Dead,None,0.00,44.8,0
119.77,Utility Enemy 13,Utility,AttackAction,None,1.00,65.0,0
120.28,Player,Player,-,None,0.09,,0
120.28,FSM Enemy 6,FSM,PatrolState,None,0.30,81.3,0
120.28,FSM Enemy 12,FSM,PatrolState,None,0.90,83.7,0
120.28,FSM Enemy 4,FSM,PatrolState,None,1.00,42.0,0
120.28,FSM Enemy 2,FSM,PatrolState,None,1.00,14.7,0
120.28,FSM Enemy 13,FSM,PatrolState,None,1.00,105.4,0
120.28,FSM Enemy 10,FSM,PatrolState,None,1.00,29.9,0
120.28,FSM Enemy 3,FSM,Dead,None,0.00,40.9,0
120.28,FSM Enemy 1,FSM,PatrolState,None,1.00,87.0,0
120.28,FSM Enemy 14,FSM,PatrolState,None,1.00,19.8,0
120.28,FSM Enemy 8,FSM,PatrolState,None,1.00,65.0,0
120.28,FSM Enemy 11,FSM,PatrolState,None,0.40,109.6,0
120.28,FSM Enemy 15,FSM,PatrolState,None,0.80,89.8,0
120.28,FSM Enemy 7,FSM,PatrolState,None,1.00,103.2,0
120.28,FSM Enemy 5,FSM,PatrolState,None,0.80,92.9,0
120.28,FSM Enemy 9,FSM,PatrolState,None,1.00,61.8,0
120.28,Utility Enemy 10,Utility,AttackAction,None,1.00,72.2,0
120.28,Utility Enemy 8,Utility,AttackAction,None,1.00,67.8,0
120.28,Utility Enemy 6,Utility,AttackAction,None,1.00,86.7,0
120.28,Utility Enemy 4,Utility,AttackAction,None,1.00,70.4,0
120.28,Utility Enemy 11,Utility,AttackAction,None,1.00,87.9,0
120.28,Utility Enemy 15,Utility,AttackAction,None,1.00,74.2,0
120.28,Utility Enemy 1,Utility,AttackAction,None,1.00,82.1,0
120.28,Utility Enemy 12,Utility,AttackAction,None,1.00,73.9,0
120.28,Utility Enemy 9,Utility,AttackAction,None,1.00,65.7,0
120.28,Utility Enemy 5,Utility,Dead,None,0.00,48.4,0
120.28,Utility Enemy 3,Utility,AttackAction,None,1.00,92.5,0
120.28,Utility Enemy 7,Utility,AttackAction,None,1.00,82.1,0
120.28,Utility Enemy 14,Utility,AttackAction,None,1.00,57.3,0
120.28,Utility Enemy 2,Utility,Dead,None,0.00,44.8,0
120.28,Utility Enemy 13,Utility,AttackAction,None,1.00,65.0,0
120.78,Player,Player,-,None,0.09,,0
120.78,FSM Enemy 6,FSM,PatrolState,None,0.30,81.4,0
120.78,FSM Enemy 12,FSM,PatrolState,None,0.90,82.6,0
120.78,FSM Enemy 4,FSM,PatrolState,None,1.00,42.4,0
120.78,FSM Enemy 2,FSM,PatrolState,None,1.00,14.9,0
120.78,FSM Enemy 13,FSM,PatrolState,None,1.00,105.2,0
120.78,FSM Enemy 10,FSM,PatrolState,None,1.00,28.8,0
120.78,FSM Enemy 3,FSM,Dead,None,0.00,40.9,0
120.78,FSM Enemy 1,FSM,PatrolState,None,1.00,86.7,0
120.78,FSM Enemy 14,FSM,PatrolState,None,1.00,19.3,0
120.78,FSM Enemy 8,FSM,PatrolState,None,1.00,65.8,0
120.78,FSM Enemy 11,FSM,PatrolState,None,0.40,110.7,0
120.78,FSM Enemy 15,FSM,PatrolState,None,0.80,90.4,0
120.78,FSM Enemy 7,FSM,PatrolState,None,1.00,104.4,0
120.78,FSM Enemy 5,FSM,PatrolState,None,0.80,92.7,0
120.78,FSM Enemy 9,FSM,PatrolState,None,1.00,61.1,0
120.78,Utility Enemy 10,Utility,AttackAction,None,1.00,72.2,0
120.78,Utility Enemy 8,Utility,AttackAction,None,1.00,67.8,0
120.78,Utility Enemy 6,Utility,AttackAction,None,1.00,86.7,0
120.78,Utility Enemy 4,Utility,AttackAction,None,1.00,70.4,0
120.78,Utility Enemy 11,Utility,AttackAction,None,1.00,87.9,0
120.78,Utility Enemy 15,Utility,AttackAction,None,1.00,74.2,0
120.78,Utility Enemy 1,Utility,AttackAction,None,1.00,82.1,0
120.78,Utility Enemy 12,Utility,AttackAction,None,1.00,73.9,0
120.78,Utility Enemy 9,Utility,AttackAction,None,1.00,65.7,0
120.78,Utility Enemy 5,Utility,Dead,None,0.00,48.4,0
120.78,Utility Enemy 3,Utility,AttackAction,None,1.00,92.5,0
120.78,Utility Enemy 7,Utility,AttackAction,None,1.00,82.1,0
120.78,Utility Enemy 14,Utility,AttackAction,None,1.00,57.3,0
120.78,Utility Enemy 2,Utility,Dead,None,0.00,44.8,0
120.78,Utility Enemy 13,Utility,AttackAction,None,1.00,65.0,0
121.28,Player,Player,-,None,0.09,,0
121.28,FSM Enemy 6,FSM,PatrolState,None,0.30,80.9,0
121.28,FSM Enemy 12,FSM,PatrolState,None,0.90,80.8,0
121.28,FSM Enemy 4,FSM,PatrolState,None,1.00,42.4,0
121.28,FSM Enemy 2,FSM,PatrolState,None,1.00,14.9,0
121.28,FSM Enemy 13,FSM,PatrolState,None,1.00,104.9,0
121.28,FSM Enemy 10,FSM,PatrolState,None,1.00,27.6,0
121.28,FSM Enemy 3,FSM,Dead,None,0.00,40.9,0
121.28,FSM Enemy 1,FSM,PatrolState,None,1.00,85.8,0
121.28,FSM Enemy 14,FSM,PatrolState,None,1.00,18.3,0
121.28,FSM Enemy 8,FSM,PatrolState,None,1.00,66.4,0
121.28,FSM Enemy 11,FSM,PatrolState,None,0.40,111.5,0
121.28,FSM Enemy 15,FSM,PatrolState,None,0.80,90.4,0
121.28,FSM Enemy 7,FSM,PatrolState,None,1.00,105.2,0
121.28,FSM Enemy 5,FSM,PatrolState,None,0.80,92.3,0
121.28,FSM Enemy 9,FSM,PatrolState,None,1.00,59.9,0
121.28,Utility Enemy 10,Utility,AttackAction,None,1.00,71.6,0
121.28,Utility Enemy 8,Utility,AttackAction,None,1.00,67.2,0
121.28,Utility Enemy 6,Utility,AttackAction,None,1.00,86.3,0
121.28,Utility Enemy 4,Utility,AttackAction,None,1.00,70.4,0
121.28,Utility Enemy 11,Utility,AttackAction,None,1.00,87.2,0
121.28,Utility Enemy 15,Utility,AttackAction,None,1.00,73.7,0
121.28,Utility Enemy 1,Utility,AttackAction,None,1.00,82.1,0
121.28,Utility Enemy 12,Utility,AttackAction,None,1.00,73.2,0
121.28,Utility Enemy 9,Utility,AttackAction,None,1.00,65.1,0
121.28,Utility Enemy 5,Utility,Dead,None,0.00,47.9,0
121.28,Utility Enemy 3,Utility,AttackAction,None,1.00,92.1,0
121.28,Utility Enemy 7,Utility,AttackAction,None,1.00,81.5,0
121.28,Utility Enemy 14,Utility,AttackAction,None,1.00,56.6,0
121.28,Utility Enemy 2,Utility,Dead,None,0.00,44.5,0
121.28,Utility Enemy 13,Utility,AttackAction,None,1.00,64.4,0
121.78,Player,Player,-,None,0.09,,0
121.78,FSM Enemy 6,FSM,PatrolState,None,0.30,80.0,0
121.78,FSM Enemy 12,FSM,PatrolState,None,0.90,78.7,0
121.78,FSM Enemy 4,FSM,PatrolState,None,1.00,42.2,0
121.78,FSM Enemy 2,FSM,PatrolState,None,1.00,14.7,0
121.78,FSM Enemy 13,FSM,PatrolState,None,1.00,105.4,0
121.78,FSM Enemy 10,FSM,PatrolState,None,1.00,27.6,0
121.78,FSM Enemy 3,FSM,Dead,None,0.00,40.9,0
121.78,FSM Enemy 1,FSM,PatrolState,None,1.00,85.2,0
121.78,FSM Enemy 14,FSM,PatrolState,None,1.00,17.2,0
121.78,FSM Enemy 8,FSM,PatrolState,None,1.00,66.9,0
121.78,FSM Enemy 11,FSM,PatrolState,None,0.40,112.0,0
121.78,FSM Enemy 15,FSM,PatrolState,None,0.80,89.8,0
121.78,FSM Enemy 7,FSM,PatrolState,None,1.00,105.8,0
121.78,FSM Enemy 5,FSM,PatrolState,None,0.80,92.0,0
121.78,FSM Enemy 9,FSM,PatrolState,None,1.00,58.5,0
121.78,Utility Enemy 10,Utility,AttackAction,None,1.00,70.5,0
121.78,Utility Enemy 8,Utility,AttackAction,None,1.00,66.2,0
121.78,Utility Enemy 6,Utility,AttackAction,None,1.00,85.8,0
121.78,Utility Enemy 4,Utility,AttackAction,None,1.00,70.5,0
121.78,Utility Enemy 11,Utility,AttackAction,None,1.00,86.2,0
121.78,Utility Enemy 15,Utility,AttackAction,None,1.00,73.1,0
121.78,Utility Enemy 1,Utility,AttackAction,None,1.00,82.1,0
121.78,Utility Enemy 12,Utility,AttackAction,None,1.00,72.2,0
121.78,Utility Enemy 9,Utility,AttackAction,None,1.00,64.1,0
121.78,Utility Enemy 5,Utility,Dead,None,0.00,47.1,0
121.78,Utility Enemy 3,Utility,AttackAction,None,1.00,91.4,0
121.78,Utility Enemy 7,Utility,AttackAction,None,1.00,80.4,0
121.78,Utility Enemy 14,Utility,AttackAction,None,1.00,55.6,0
121.78,Utility Enemy 2,Utility,Dead,None,0.00,44.2,0
121.78,Utility Enemy 13,Utility,AttackAction,None,1.00,63.4,0
122.29,Player,Player,-,None,0.09,,0
122.29,FSM Enemy 6,FSM,PatrolState,None,0.30,80.1,0
122.29,FSM Enemy 12,FSM,PatrolState,None,0.90,77.6,0
122.29,FSM Enemy 4,FSM,PatrolState,None,1.00,42.6,0
122.29,FSM Enemy 2,FSM,PatrolState,None,1.00,15.0,0
122.29,FSM Enemy 13,FSM,PatrolState,None,1.00,105.9,0
122.29,FSM Enemy 10,FSM,PatrolState,None,1.00,28.3,0
122.29,FSM Enemy 3,FSM,Dead,None,0.00,40.9,0
122.29,FSM Enemy 1,FSM,PatrolState,None,1.00,84.3,0
122.29,FSM Enemy 14,FSM,PatrolState,None,1.00,17.1,0
122.29,FSM Enemy 8,FSM,PatrolState,None,1.00,67.7,0
122.29,FSM Enemy 11,FSM,PatrolState,None,0.40,113.0,0
122.29,FSM Enemy 15,FSM,PatrolState,None,0.80,89.6,0
122.29,FSM Enemy 7,FSM,PatrolState,None,1.00,106.9,0
122.29,FSM Enemy 5,FSM,PatrolState,None,0.80,91.8,0
122.29,FSM Enemy 9,FSM,PatrolState,None,1.00,57.8,0
122.29,Utility Enemy 10,Utility,AttackAction,None,1.00,70.4,0
122.29,Utility Enemy 8,Utility,AttackAction,None,1.00,66.1,0
122.29,Utility Enemy 6,Utility,AttackAction,None,1.00,85.7,0
122.29,Utility Enemy 4,Utility,AttackAction,None,1.00,70.5,0
122.29,Utility Enemy 11,Utility,AttackAction,None,1.00,86.1,0
122.29,Utility Enemy 15,Utility,AttackAction,None,1.00,73.0,0
122.29,Utility Enemy 1,Utility,AttackAction,None,1.00,82.0,0
122.29,Utility Enemy 12,Utility,AttackAction,None,1.00,72.1,0
122.29,Utility Enemy 9,Utility,AttackAction,None,1.00,64.0,0
122.29,Utility Enemy 5,Utility,Dead,None,0.00,47.0,0
122.29,Utility Enemy 3,Utility,AttackAction,None,1.00,91.3,0
122.29,Utility Enemy 7,Utility,AttackAction,None,1.00,80.3,0
122.29,Utility Enemy 14,Utility,AttackAction,None,1.00,55.5,0
122.29,Utility Enemy 2,Utility,Dead,None,0.00,44.1,0
122.29,Utility Enemy 13,Utility,AttackAction,None,1.00,63.3,0
122.79,Player,Player,-,None,0.09,,0
122.79,FSM Enemy 6,FSM,PatrolState,None,0.30,81.0,0
122.79,FSM Enemy 12,FSM,PatrolState,None,0.90,77.2,0
122.79,FSM Enemy 4,FSM,PatrolState,None,1.00,43.4,0
122.79,FSM Enemy 2,FSM,PatrolState,None,1.00,15.2,0
122.79,FSM Enemy 13,FSM,PatrolState,None,1.00,105.5,0
122.79,FSM Enemy 10,FSM,PatrolState,None,1.00,29.3,0
122.79,FSM Enemy 3,FSM,Dead,None,0.00,40.6,0
122.79,FSM Enemy 1,FSM,PatrolState,None,1.00,82.8,0
122.79,FSM Enemy 14,FSM,PatrolState,None,1.00,18.5,0
122.79,FSM Enemy 8,FSM,PatrolState,None,1.00,68.6,0
122.79,FSM Enemy 11,FSM,PatrolState,None,0.40,114.3,0
122.79,FSM Enemy 15,FSM,PatrolState,None,0.70,89.8,0
122.79,FSM Enemy 7,FSM,PatrolState,None,1.00,108.4,0
122.79,FSM Enemy 5,FSM,PatrolState,None,0.80,91.4,0
122.79,FSM Enemy 9,FSM,PatrolState,None,1.00,57.9,0
122.79,Utility Enemy 10,Utility,AttackAction,None,1.00,71.2,0
122.79,Utility Enemy 8,Utility,AttackAction,None,1.00,66.8,0
122.79,Utility Enemy 6,Utility,AttackAction,None,1.00,85.9,0
122.79,Utility Enemy 4,Utility,AttackAction,None,1.00,70.1,0
122.79,Utility Enemy 11,Utility,AttackAction,None,1.00,86.8,0
122.79,Utility Enemy 15,Utility,AttackAction,None,1.00,73.3,0
122.79,Utility Enemy 1,Utility,AttackAction,None,1.00,81.8,0
122.79,Utility Enemy 12,Utility,AttackAction,None,1.00,72.8,0
122.79,Utility Enemy 9,Utility,AttackAction,None,1.00,64.7,0
122.79,Utility Enemy 5,Utility,Dead,None,0.00,47.4,0
122.79,Utility Enemy 3,Utility,AttackAction,None,1.00,91.6,0
122.79,Utility Enemy 7,Utility,AttackAction,None,1.00,81.1,0
122.79,Utility Enemy 14,Utility,AttackAction,None,1.00,56.2,0
122.79,Utility Enemy 2,Utility,Dead,None,0.00,44.1,0
122.79,Utility Enemy 13,Utility,AttackAction,None,1.00,63.9,0
123.29,Player,Player,-,None,0.09,,0
123.29,FSM Enemy 6,FSM,PatrolState,None,0.30,80.8,0
123.29,FSM Enemy 12,FSM,PatrolState,None,0.90,76.2,0
123.29,FSM Enemy 4,FSM,PatrolState,None,1.00,44.0,0
123.29,FSM Enemy 2,FSM,PatrolState,None,1.00,14.6,0
123.29,FSM Enemy 13,FSM,PatrolState,None,1.00,105.0,0
123.29,FSM Enemy 10,FSM,PatrolState,None,1.00,30.1,0
123.29,FSM Enemy 3,FSM,Dead,None,0.00,40.6,0
123.29,FSM Enemy 1,FSM,PatrolState,None,1.00,81.8,0
123.29,FSM Enemy 14,FSM,PatrolState,None,1.00,19.5,0
123.29,FSM Enemy 8,FSM,PatrolState,None,1.00,69.4,0
123.29,FSM Enemy 11,FSM,PatrolState,None,0.40,115.3,0
123.29,FSM Enemy 15,FSM,PatrolState,None,0.70,89.7,0
123.29,FSM Enemy 7,FSM,PatrolState,None,1.00,109.7,0
123.29,FSM Enemy 5,FSM,PatrolState,None,0.80,91.3,0
123.29,FSM Enemy 9,FSM,PatrolState,None,1.00,57.6,0
123.29,Utility Enemy 10,Utility,AttackAction,None,1.00,71.2,0
123.29,Utility Enemy 8,Utility,AttackAction,None,1.00,66.8,0
123.29,Utility Enemy 6,Utility,AttackAction,None,1.00,85.9,0
123.29,Utility Enemy 4,Utility,AttackAction,None,1.00,70.1,0
123.29,Utility Enemy 11,Utility,AttackAction,None,1.00,86.8,0
123.29,Utility Enemy 15,Utility,AttackAction,None,1.00,73.3,0
123.29,Utility Enemy 1,Utility,AttackAction,None,1.00,81.8,0
123.29,Utility Enemy 12,Utility,AttackAction,None,1.00,72.8,0
123.29,Utility Enemy 9,Utility,AttackAction,None,1.00,64.7,0
123.29,Utility Enemy 5,Utility,Dead,None,0.00,47.4,0
123.29,Utility Enemy 3,Utility,AttackAction,None,1.00,91.6,0
123.29,Utility Enemy 7,Utility,AttackAction,None,1.00,81.1,0
123.29,Utility Enemy 14,Utility,AttackAction,None,1.00,56.2,0
123.29,Utility Enemy 2,Utility,Dead,None,0.00,44.1,0
123.29,Utility Enemy 13,Utility,AttackAction,None,1.00,63.9,0
123.79,Player,Player,-,None,0.09,,0
123.79,FSM Enemy 6,FSM,PatrolState,None,0.30,80.1,0
123.79,FSM Enemy 12,FSM,PatrolState,None,0.90,75.2,0
123.79,FSM Enemy 4,FSM,PatrolState,None,1.00,44.5,0
123.79,FSM Enemy 2,FSM,PatrolState,None,1.00,14.1,0
123.79,FSM Enemy 13,FSM,PatrolState,None,1.00,104.5,0
123.79,FSM Enemy 10,FSM,PatrolState,None,1.00,31.0,0
123.79,FSM Enemy 3,FSM,Dead,None,0.00,40.6,0
123.79,FSM Enemy 1,FSM,PatrolState,None,1.00,80.9,0
123.79,FSM Enemy 14,FSM,PatrolState,None,1.00,20.5,0
123.79,FSM Enemy 8,FSM,PatrolState,None,1.00,69.1,0
123.79,FSM Enemy 11,FSM,PatrolState,None,0.40,114.4,0
123.79,FSM Enemy 15,FSM,PatrolState,None,0.70,89.7,0
123.79,FSM Enemy 7,FSM,PatrolState,None,1.00,110.7,0
123.79,FSM Enemy 5,FSM,PatrolState,None,0.80,90.8,0
123.79,FSM Enemy 9,FSM,PatrolState,None,1.00,58.0,0
123.79,Utility Enemy 10,Utility,AttackAction,None,1.00,71.2,0
123.79,Utility Enemy 8,Utility,AttackAction,None,1.00,66.8,0
123.79,Utility Enemy 6,Utility,AttackAction,None,1.00,85.9,0
123.79,Utility Enemy 4,Utility,AttackAction,None,1.00,70.1,0
123.79,Utility Enemy 11,Utility,AttackAction,None,1.00,86.8,0
123.79,Utility Enemy 15,Utility,AttackAction,None,1.00,73.3,0
123.79,Utility Enemy 1,Utility,AttackAction,None,1.00,81.8,0
123.79,Utility Enemy 12,Utility,AttackAction,None,1.00,72.8,0
123.79,Utility Enemy 9,Utility,AttackAction,None,1.00,64.7,0
123.79,Utility Enemy 5,Utility,Dead,None,0.00,47.4,0
123.79,Utility Enemy 3,Utility,AttackAction,None,1.00,91.6,0
123.79,Utility Enemy 7,Utility,AttackAction,None,1.00,81.1,0
123.79,Utility Enemy 14,Utility,AttackAction,None,1.00,56.2,0
123.79,Utility Enemy 2,Utility,Dead,None,0.00,44.1,0
123.79,Utility Enemy 13,Utility,AttackAction,None,1.00,63.9,0
124.29,Player,Player,-,None,0.09,,0
124.29,FSM Enemy 6,FSM,PatrolState,None,0.30,79.5,0
124.29,FSM Enemy 12,FSM,PatrolState,None,0.90,74.1,0
124.29,FSM Enemy 4,FSM,PatrolState,None,1.00,45.1,0
124.29,FSM Enemy 2,FSM,PatrolState,None,1.00,13.8,0
124.29,FSM Enemy 13,FSM,PatrolState,None,1.00,104.0,0
124.29,FSM Enemy 10,FSM,PatrolState,None,1.00,30.5,0
124.29,FSM Enemy 3,FSM,Dead,None,0.00,40.6,0
124.29,FSM Enemy 1,FSM,PatrolState,None,1.00,80.1,0
124.29,FSM Enemy 14,FSM,PatrolState,None,1.00,21.5,0
124.29,FSM Enemy 8,FSM,PatrolState,None,1.00,68.7,0
124.29,FSM Enemy 11,FSM,PatrolState,None,0.40,113.2,0
124.29,FSM Enemy 15,FSM,PatrolState,None,0.70,89.6,0
124.29,FSM Enemy 7,FSM,PatrolState,None,1.00,110.9,0
124.29,FSM Enemy 5,FSM,PatrolState,None,0.80,90.0,0
124.29,FSM Enemy 9,FSM,PatrolState,None,1.00,58.5,0
124.29,Utility Enemy 10,Utility,AttackAction,None,1.00,71.2,0
124.29,Utility Enemy 8,Utility,AttackAction,None,1.00,66.8,0
124.29,Utility Enemy 6,Utility,AttackAction,None,1.00,85.9,0
124.29,Utility Enemy 4,Utility,AttackAction,None,1.00,70.1,0
124.29,Utility Enemy 11,Utility,AttackAction,None,1.00,86.8,0
124.29,Utility Enemy 15,Utility,AttackAction,None,1.00,73.3,0
124.29,Utility Enemy 1,Utility,AttackAction,None,1.00,81.8,0
124.29,Utility Enemy 12,Utility,AttackAction,None,1.00,72.8,0
124.29,Utility Enemy 9,Utility,AttackAction,None,1.00,64.7,0
124.29,Utility Enemy 5,Utility,Dead,None,0.00,47.4,0
124.29,Utility Enemy 3,Utility,AttackAction,None,1.00,91.6,0
124.29,Utility Enemy 7,Utility,AttackAction,None,1.00,81.1,0
124.29,Utility Enemy 14,Utility,AttackAction,None,1.00,56.2,0
124.29,Utility Enemy 2,Utility,Dead,None,0.00,44.1,0
124.29,Utility Enemy 13,Utility,AttackAction,None,1.00,63.9,0
124.79,Player,Player,-,None,0.09,,0
124.79,FSM Enemy 6,FSM,PatrolState,None,0.30,78.9,0
124.79,FSM Enemy 12,FSM,PatrolState,None,0.90,74.3,0
124.79,FSM Enemy 4,FSM,PatrolState,None,1.00,45.6,0
124.79,FSM Enemy 2,FSM,PatrolState,None,1.00,13.5,0
124.79,FSM Enemy 13,FSM,PatrolState,None,1.00,103.5,0
124.79,FSM Enemy 10,FSM,PatrolState,None,1.00,29.5,0
124.79,FSM Enemy 3,FSM,Dead,None,0.00,40.6,0
124.79,FSM Enemy 1,FSM,PatrolState,None,1.00,79.3,0
124.79,FSM Enemy 14,FSM,PatrolState,None,1.00,22.5,0
124.79,FSM Enemy 8,FSM,PatrolState,None,1.00,68.2,0
124.79,FSM Enemy 11,FSM,PatrolState,None,0.40,112.0,0
124.79,FSM Enemy 15,FSM,PatrolState,None,0.70,89.6,0
124.79,FSM Enemy 7,FSM,PatrolState,None,1.00,111.2,0
124.79,FSM Enemy 5,FSM,PatrolState,None,0.80,89.1,0
124.79,FSM Enemy 9,FSM,PatrolState,None,1.00,58.1,0
124.79,Utility Enemy 10,Utility,AttackAction,None,1.00,71.2,0
124.79,Utility Enemy 8,Utility,AttackAction,None,1.00,66.8,0
124.79,Utility Enemy 6,Utility,AttackAction,None,1.00,85.9,0
124.79,Utility Enemy 4,Utility,AttackAction,None,1.00,70.1,0
124.79,Utility Enemy 11,Utility,AttackAction,None,1.00,86.8,0
124.79,Utility Enemy 15,Utility,AttackAction,None,1.00,73.3,0
124.79,Utility Enemy 1,Utility,AttackAction,None,1.00,81.8,0
124.79,Utility Enemy 12,Utility,AttackAction,None,1.00,72.8,0
124.79,Utility Enemy 9,Utility,AttackAction,None,1.00,64.7,0
124.79,Utility Enemy 5,Utility,Dead,None,0.00,47.4,0
124.79,Utility Enemy 3,Utility,AttackAction,None,1.00,91.6,0
124.79,Utility Enemy 7,Utility,AttackAction,None,1.00,81.1,0
124.79,Utility Enemy 14,Utility,AttackAction,None,1.00,56.2,0
124.79,Utility Enemy 2,Utility,Dead,None,0.00,44.1,0
124.79,Utility Enemy 13,Utility,AttackAction,None,1.00,63.9,0
125.30,Player,Player,-,None,0.09,,0
125.30,FSM Enemy 6,FSM,PatrolState,None,0.30,78.3,0
125.30,FSM Enemy 12,FSM,PatrolState,None,0.90,75.1,0
125.30,FSM Enemy 4,FSM,PatrolState,None,1.00,45.9,0
125.30,FSM Enemy 2,FSM,PatrolState,None,1.00,13.3,0
125.30,FSM Enemy 13,FSM,PatrolState,None,1.00,103.5,0
125.30,FSM Enemy 10,FSM,PatrolState,None,1.00,28.5,0
125.30,FSM Enemy 3,FSM,Dead,None,0.00,40.6,0
125.30,FSM Enemy 1,FSM,PatrolState,None,1.00,79.0,0
125.30,FSM Enemy 14,FSM,PatrolState,None,1.00,23.0,0
125.30,FSM Enemy 8,FSM,PatrolState,None,1.00,67.4,0
125.30,FSM Enemy 11,FSM,PatrolState,None,0.40,110.8,0
125.30,FSM Enemy 15,FSM,PatrolState,None,0.70,89.2,0
125.30,FSM Enemy 7,FSM,PatrolState,None,1.00,111.4,0
125.30,FSM Enemy 5,FSM,PatrolState,None,0.80,88.3,0
125.30,FSM Enemy 9,FSM,PatrolState,None,1.00,57.6,0
125.30,Utility Enemy 10,Utility,AttackAction,None,1.00,71.2,0
125.30,Utility Enemy 8,Utility,AttackAction,None,1.00,66.8,0
125.30,Utility Enemy 6,Utility,AttackAction,None,1.00,85.9,0
125.30,Utility Enemy 4,Utility,AttackAction,None,1.00,70.1,0
125.30,Utility Enemy 11,Utility,AttackAction,None,1.00,86.8,0
125.30,Utility Enemy 15,Utility,AttackAction,None,1.00,73.3,0
125.30,Utility Enemy 1,Utility,AttackAction,None,1.00,81.8,0
125.30,Utility Enemy 12,Utility,AttackAction,None,1.00,72.8,0
125.30,Utility Enemy 9,Utility,AttackAction,None,1.00,64.7,0
125.30,Utility Enemy 5,Utility,Dead,None,0.00,47.4,0
125.30,Utility Enemy 3,Utility,AttackAction,None,1.00,91.6,0
125.30,Utility Enemy 7,Utility,AttackAction,None,1.00,81.1,0
125.30,Utility Enemy 14,Utility,AttackAction,None,1.00,56.2,0
125.30,Utility Enemy 2,Utility,Dead,None,0.00,44.1,0
125.30,Utility Enemy 13,Utility,AttackAction,None,1.00,63.9,0
125.80,Player,Player,-,None,0.09,,0
125.80,FSM Enemy 6,FSM,PatrolState,None,0.30,77.7,0
125.80,FSM Enemy 12,FSM,PatrolState,None,0.90,76.0,0
125.80,FSM Enemy 4,FSM,PatrolState,None,1.00,46.2,0
125.80,FSM Enemy 2,FSM,PatrolState,None,1.00,13.1,0
125.80,FSM Enemy 13,FSM,PatrolState,None,1.00,104.1,0
125.80,FSM Enemy 10,FSM,PatrolState,None,1.00,27.5,0
125.80,FSM Enemy 3,FSM,Dead,None,0.00,40.6,0
125.80,FSM Enemy 1,FSM,PatrolState,None,1.00,78.9,0
125.80,FSM Enemy 14,FSM,PatrolState,None,1.00,22.1,0
125.80,FSM Enemy 8,FSM,PatrolState,None,1.00,66.4,0
125.80,FSM Enemy 11,FSM,PatrolState,None,0.40,109.6,0
125.80,FSM Enemy 15,FSM,PatrolState,None,0.70,88.3,0
125.80,FSM Enemy 7,FSM,PatrolState,None,1.00,111.7,0
125.80,FSM Enemy 5,FSM,PatrolState,None,0.80,87.5,0
125.80,FSM Enemy 9,FSM,PatrolState,None,1.00,57.7,0
125.80,Utility Enemy 10,Utility,AttackAction,None,1.00,71.2,0
125.80,Utility Enemy 8,Utility,AttackAction,None,1.00,66.8,0
125.80,Utility Enemy 6,Utility,AttackAction,None,1.00,85.9,0
125.80,Utility Enemy 4,Utility,AttackAction,None,1.00,70.1,0
125.80,Utility Enemy 11,Utility,AttackAction,None,1.00,86.8,0
125.80,Utility Enemy 15,Utility,AttackAction,None,1.00,73.3,0
125.80,Utility Enemy 1,Utility,AttackAction,None,1.00,81.8,0
125.80,Utility Enemy 12,Utility,AttackAction,None,1.00,72.8,0
125.80,Utility Enemy 9,Utility,AttackAction,None,1.00,64.7,0
125.80,Utility Enemy 5,Utility,Dead,None,0.00,47.4,0
125.80,Utility Enemy 3,Utility,AttackAction,None,1.00,91.6,0
125.80,Utility Enemy 7,Utility,AttackAction,None,1.00,81.1,0
125.80,Utility Enemy 14,Utility,AttackAction,None,1.00,56.2,0
125.80,Utility Enemy 2,Utility,Dead,None,0.00,44.1,0
125.80,Utility Enemy 13,Utility,AttackAction,None,1.00,63.9,0
126.30,Player,Player,-,None,0.09,,0
126.30,FSM Enemy 6,FSM,PatrolState,None,0.30,77.1,0
126.30,FSM Enemy 12,FSM,PatrolState,None,0.90,76.8,0
126.30,FSM Enemy 4,FSM,PatrolState,None,1.00,46.6,0
126.30,FSM Enemy 2,FSM,PatrolState,None,1.00,13.0,0
126.30,FSM Enemy 13,FSM,PatrolState,None,1.00,104.7,0
126.30,FSM Enemy 10,FSM,PatrolState,None,1.00,26.5,0
126.30,FSM Enemy 3,FSM,Dead,None,0.00,40.6,0
126.30,FSM Enemy 1,FSM,PatrolState,None,1.00,78.7,0
126.30,FSM Enemy 14,FSM,PatrolState,None,1.00,21.1,0
126.30,FSM Enemy 8,FSM,PatrolState,None,1.00,65.5,0
126.30,FSM Enemy 11,FSM,PatrolState,None,0.40,108.4,0
126.30,FSM Enemy 15,FSM,PatrolState,None,0.70,87.4,0
126.30,FSM Enemy 7,FSM,PatrolState,None,1.00,111.5,0
126.30,FSM Enemy 5,FSM,PatrolState,None,0.80,86.7,0
126.30,FSM Enemy 9,FSM,PatrolState,None,1.00,58.1,0
126.30,Utility Enemy 10,Utility,AttackAction,None,1.00,71.2,0
126.30,Utility Enemy 8,Utility,AttackAction,None,1.00,66.8,0
126.30,Utility Enemy 6,Utility,AttackAction,None,1.00,85.9,0
126.30,Utility Enemy 4,Utility,AttackAction,None,1.00,70.1,0
126.30,Utility Enemy 11,Utility,AttackAction,None,1.00,86.8,0
126.30,Utility Enemy 15,Utility,AttackAction,None,1.00,73.3,0
126.30,Utility Enemy 1,Utility,AttackAction,None,1.00,81.8,0
126.30,Utility Enemy 12,Utility,AttackAction,None,1.00,72.8,0
126.30,Utility Enemy 9,Utility,AttackAction,None,1.00,64.7,0
126.30,Utility Enemy 5,Utility,Dead,None,0.00,47.4,0
126.30,Utility Enemy 3,Utility,AttackAction,None,1.00,91.6,0
126.30,Utility Enemy 7,Utility,AttackAction,None,1.00,81.1,0
126.30,Utility Enemy 14,Utility,AttackAction,None,1.00,56.2,0
126.30,Utility Enemy 2,Utility,Dead,None,0.00,44.1,0
126.30,Utility Enemy 13,Utility,AttackAction,None,1.00,63.9,0
126.80,Player,Player,-,None,0.09,,0
126.80,FSM Enemy 6,FSM,PatrolState,None,0.30,76.5,0
126.80,FSM Enemy 12,FSM,PatrolState,None,0.90,77.7,0
126.80,FSM Enemy 4,FSM,PatrolState,None,1.00,47.0,0
126.80,FSM Enemy 2,FSM,PatrolState,None,1.00,13.0,0
126.80,FSM Enemy 13,FSM,PatrolState,None,1.00,105.3,0
126.80,FSM Enemy 10,FSM,PatrolState,None,1.00,25.6,0
126.80,FSM Enemy 3,FSM,Dead,None,0.00,40.6,0
126.80,FSM Enemy 1,FSM,PatrolState,None,1.00,78.6,0
126.80,FSM Enemy 14,FSM,PatrolState,None,1.00,20.2,0
126.80,FSM Enemy 8,FSM,PatrolState,None,1.00,64.6,0
126.80,FSM Enemy 11,FSM,PatrolState,None,0.40,107.2,0
126.80,FSM Enemy 15,FSM,PatrolState,None,0.70,86.6,0
126.80,FSM Enemy 7,FSM,PatrolState,None,1.00,110.3,0
126.80,FSM Enemy 5,FSM,PatrolState,None,0.80,85.9,0
126.80,FSM Enemy 9,FSM,PatrolState,None,1.00,58.6,0
126.80,Utility Enemy 10,Utility,AttackAction,None,1.00,71.2,0
126.80,Utility Enemy 8,Utility,AttackAction,None,1.00,66.8,0
126.80,Utility Enemy 6,Utility,AttackAction,None,1.00,85.9,0
126.80,Utility Enemy 4,Utility,AttackAction,None,1.00,70.1,0
126.80,Utility Enemy 11,Utility,AttackAction,None,1.00,86.8,0
126.80,Utility Enemy 15,Utility,AttackAction,None,1.00,73.3,0
126.80,Utility Enemy 1,Utility,AttackAction,None,1.00,81.8,0
126.80,Utility Enemy 12,Utility,AttackAction,None,1.00,72.8,0
126.80,Utility Enemy 9,Utility,AttackAction,None,1.00,64.7,0
126.80,Utility Enemy 5,Utility,Dead,None,0.00,47.4,0
126.80,Utility Enemy 3,Utility,AttackAction,None,1.00,91.6,0
126.80,Utility Enemy 7,Utility,AttackAction,None,1.00,81.1,0
126.80,Utility Enemy 14,Utility,AttackAction,None,1.00,56.2,0
126.80,Utility Enemy 2,Utility,Dead,None,0.00,44.1,0
126.80,Utility Enemy 13,Utility,AttackAction,None,1.00,63.9,0
127.31,Player,Player,-,None,0.09,,0
127.31,FSM Enemy 6,FSM,PatrolState,None,0.30,76.0,0
127.31,FSM Enemy 12,FSM,PatrolState,None,0.90,78.5,0
127.31,FSM Enemy 4,FSM,PatrolState,None,1.00,47.5,0
127.31,FSM Enemy 2,FSM,PatrolState,None,1.00,13.1,0
127.31,FSM Enemy 13,FSM,PatrolState,None,1.00,106.2,0
127.31,FSM Enemy 10,FSM,PatrolState,None,1.00,24.9,0
127.31,FSM Enemy 3,FSM,Dead,None,0.00,40.6,0
127.31,FSM Enemy 1,FSM,PatrolState,None,1.00,78.5,0
127.31,FSM Enemy 14,FSM,PatrolState,None,1.00,19.3,0
127.31,FSM Enemy 8,FSM,PatrolState,None,1.00,63.6,0
127.31,FSM Enemy 11,FSM,PatrolState,None,0.40,106.0,0
127.31,FSM Enemy 15,FSM,PatrolState,None,0.70,85.7,0
127.31,FSM Enemy 7,FSM,PatrolState,None,1.00,109.1,0
127.31,FSM Enemy 5,FSM,PatrolState,None,0.80,85.1,0
127.31,FSM Enemy 9,FSM,PatrolState,None,1.00,59.1,0
127.31,Utility Enemy 10,Utility,AttackAction,None,1.00,71.2,0
127.31,Utility Enemy 8,Utility,AttackAction,None,1.00,66.8,0
127.31,Utility Enemy 6,Utility,AttackAction,None,1.00,85.9,0
127.31,Utility Enemy 4,Utility,AttackAction,None,1.00,70.1,0
127.31,Utility Enemy 11,Utility,AttackAction,None,1.00,86.8,0
127.31,Utility Enemy 15,Utility,AttackAction,None,1.00,73.3,0
127.31,Utility Enemy 1,Utility,AttackAction,None,1.00,81.8,0
127.31,Utility Enemy 12,Utility,AttackAction,None,1.00,72.8,0
127.31,Utility Enemy 9,Utility,AttackAction,None,1.00,64.7,0
127.31,Utility Enemy 5,Utility,Dead,None,0.00,47.4,0
127.31,Utility Enemy 3,Utility,AttackAction,None,1.00,91.6,0
127.31,Utility Enemy 7,Utility,AttackAction,None,1.00,81.1,0
127.31,Utility Enemy 14,Utility,AttackAction,None,1.00,56.2,0
127.31,Utility Enemy 2,Utility,Dead,None,0.00,44.1,0
127.31,Utility Enemy 13,Utility,AttackAction,None,1.00,63.9,0
127.81,Player,Player,-,None,0.09,,0
127.81,FSM Enemy 6,FSM,PatrolState,None,0.30,76.3,0
127.81,FSM Enemy 12,FSM,PatrolState,None,0.90,79.4,0
127.81,FSM Enemy 4,FSM,PatrolState,None,1.00,47.9,0
127.81,FSM Enemy 2,FSM,PatrolState,None,1.00,13.3,0
127.81,FSM Enemy 13,FSM,PatrolState,None,1.00,107.2,0
127.81,FSM Enemy 10,FSM,PatrolState,None,1.00,24.3,0
127.81,FSM Enemy 3,FSM,Dead,None,0.00,40.6,0
127.81,FSM Enemy 1,FSM,PatrolState,None,1.00,78.4,0
127.81,FSM Enemy 14,FSM,PatrolState,None,1.00,18.6,0
127.81,FSM Enemy 8,FSM,PatrolState,None,1.00,62.7,0
127.81,FSM Enemy 11,FSM,PatrolState,None,0.40,105.7,0
127.81,FSM Enemy 15,FSM,PatrolState,None,0.70,85.9,0
127.81,FSM Enemy 7,FSM,PatrolState,None,1.00,107.9,0
127.81,FSM Enemy 5,FSM,PatrolState,None,0.80,84.3,0
127.81,FSM Enemy 9,FSM,PatrolState,None,1.00,59.6,0
127.81,Utility Enemy 10,Utility,AttackAction,None,1.00,71.2,0
127.81,Utility Enemy 8,Utility,AttackAction,None,1.00,66.8,0
127.81,Utility Enemy 6,Utility,AttackAction,None,1.00,85.9,0
127.81,Utility Enemy 4,Utility,AttackAction,None,1.00,70.1,0
127.81,Utility Enemy 11,Utility,AttackAction,None,1.00,86.8,0
127.81,Utility Enemy 15,Utility,AttackAction,None,1.00,73.3,0
127.81,Utility Enemy 1,Utility,AttackAction,None,1.00,81.8,0
127.81,Utility Enemy 12,Utility,AttackAction,None,1.00,72.8,0
127.81,Utility Enemy 9,Utility,AttackAction,None,1.00,64.7,0
127.81,Utility Enemy 5,Utility,Dead,None,0.00,47.4,0
127.81,Utility Enemy 3,Utility,AttackAction,None,1.00,91.6,0
127.81,Utility Enemy 7,Utility,AttackAction,None,1.00,81.1,0
127.81,Utility Enemy 14,Utility,AttackAction,None,1.00,56.2,0
127.81,Utility Enemy 2,Utility,Dead,None,0.00,44.1,0
127.81,Utility Enemy 13,Utility,AttackAction,None,1.00,63.9,0
128.31,Player,Player,-,None,0.09,,0
128.31,FSM Enemy 6,FSM,PatrolState,None,0.30,77.4,0
128.31,FSM Enemy 12,FSM,PatrolState,None,0.90,80.3,0
128.31,FSM Enemy 4,FSM,PatrolState,None,1.00,48.4,0
128.31,FSM Enemy 2,FSM,PatrolState,None,1.00,13.7,0
128.31,FSM Enemy 13,FSM,PatrolState,None,1.00,108.2,0
128.31,FSM Enemy 10,FSM,PatrolState,None,1.00,23.7,0
128.31,FSM Enemy 3,FSM,Dead,None,0.00,40.6,0
128.31,FSM Enemy 1,FSM,PatrolState,None,1.00,78.0,0
128.31,FSM Enemy 14,FSM,PatrolState,None,1.00,19.3,0
128.31,FSM Enemy 8,FSM,PatrolState,None,1.00,61.8,0
128.31,FSM Enemy 11,FSM,PatrolState,None,0.40,106.0,0
128.31,FSM Enemy 15,FSM,PatrolState,None,0.70,86.3,0
128.31,FSM Enemy 7,FSM,PatrolState,None,1.00,106.7,0
128.31,FSM Enemy 5,FSM,PatrolState,None,0.80,83.6,0
128.31,FSM Enemy 9,FSM,PatrolState,None,1.00,60.2,0
128.31,Utility Enemy 10,Utility,AttackAction,None,1.00,71.2,0
128.31,Utility Enemy 8,Utility,AttackAction,None,1.00,66.8,0
128.31,Utility Enemy 6,Utility,AttackAction,None,1.00,85.9,0
128.31,Utility Enemy 4,Utility,AttackAction,None,1.00,70.1,0
128.31,Utility Enemy 11,Utility,AttackAction,None,1.00,86.8,0
128.31,Utility Enemy 15,Utility,AttackAction,None,1.00,73.3,0
128.31,Utility Enemy 1,Utility,AttackAction,None,1.00,81.8,0
128.31,Utility Enemy 12,Utility,AttackAction,None,1.00,72.8,0
128.31,Utility Enemy 9,Utility,AttackAction,None,1.00,64.7,0
128.31,Utility Enemy 5,Utility,Dead,None,0.00,47.4,0
128.31,Utility Enemy 3,Utility,AttackAction,None,1.00,91.6,0
128.31,Utility Enemy 7,Utility,AttackAction,None,1.00,81.1,0
128.31,Utility Enemy 14,Utility,AttackAction,None,1.00,56.2,0
128.31,Utility Enemy 2,Utility,Dead,None,0.00,44.1,0
128.31,Utility Enemy 13,Utility,AttackAction,None,1.00,63.9,0
128.82,Player,Player,-,None,0.09,,0
128.82,FSM Enemy 6,FSM,PatrolState,None,0.30,78.5,0
128.82,FSM Enemy 12,FSM,PatrolState,None,0.90,80.9,0
128.82,FSM Enemy 4,FSM,PatrolState,None,1.00,48.9,0
128.82,FSM Enemy 2,FSM,PatrolState,None,1.00,13.6,0
128.82,FSM Enemy 13,FSM,PatrolState,None,1.00,107.9,0
128.82,FSM Enemy 10,FSM,PatrolState,None,1.00,23.2,0
128.82,FSM Enemy 3,FSM,Dead,None,0.00,40.6,0
128.82,FSM Enemy 1,FSM,PatrolState,None,1.00,77.0,0
128.82,FSM Enemy 14,FSM,PatrolState,None,1.00,20.2,0
128.82,FSM Enemy 8,FSM,PatrolState,None,1.00,60.9,0
128.82,FSM Enemy 11,FSM,PatrolState,None,0.40,106.3,0
128.82,FSM Enemy 15,FSM,PatrolState,None,0.70,86.8,0
128.82,FSM Enemy 7,FSM,PatrolState,None,1.00,105.5,0
128.82,FSM Enemy 5,FSM,PatrolState,None,0.80,83.0,0
128.82,FSM Enemy 9,FSM,PatrolState,None,1.00,60.7,0
128.82,Utility Enemy 10,Utility,AttackAction,None,1.00,71.2,0
128.82,Utility Enemy 8,Utility,AttackAction,None,1.00,66.8,0
128.82,Utility Enemy 6,Utility,AttackAction,None,1.00,85.9,0
128.82,Utility Enemy 4,Utility,AttackAction,None,1.00,70.1,0
128.82,Utility Enemy 11,Utility,AttackAction,None,1.00,86.8,0
128.82,Utility Enemy 15,Utility,AttackAction,None,1.00,73.3,0
128.82,Utility Enemy 1,Utility,AttackAction,None,1.00,81.8,0
128.82,Utility Enemy 12,Utility,AttackAction,None,1.00,72.8,0
128.82,Utility Enemy 9,Utility,AttackAction,None,1.00,64.7,0
128.82,Utility Enemy 5,Utility,Dead,None,0.00,47.4,0
128.82,Utility Enemy 3,Utility,AttackAction,None,1.00,91.6,0
128.82,Utility Enemy 7,Utility,AttackAction,None,1.00,81.1,0
128.82,Utility Enemy 14,Utility,AttackAction,None,1.00,56.2,0
128.82,Utility Enemy 2,Utility,Dead,None,0.00,44.1,0
128.82,Utility Enemy 13,Utility,AttackAction,None,1.00,63.9,0
129.32,Player,Player,-,None,0.09,,0
129.32,FSM Enemy 6,FSM,PatrolState,None,0.30,79.6,0
129.32,FSM Enemy 12,FSM,PatrolState,None,0.90,81.4,0
129.32,FSM Enemy 4,FSM,PatrolState,None,1.00,49.5,0
129.32,FSM Enemy 2,FSM,PatrolState,None,1.00,13.5,0
129.32,FSM Enemy 13,FSM,PatrolState,None,1.00,106.8,0
129.32,FSM Enemy 10,FSM,PatrolState,None,1.00,22.7,0
129.32,FSM Enemy 3,FSM,Dead,None,0.00,40.6,0
129.32,FSM Enemy 1,FSM,PatrolState,None,1.00,76.0,0
129.32,FSM Enemy 14,FSM,PatrolState,None,1.00,21.2,0
129.32,FSM Enemy 8,FSM,PatrolState,None,1.00,60.0,0
129.32,FSM Enemy 11,FSM,PatrolState,None,0.40,106.6,0
129.32,FSM Enemy 15,FSM,PatrolState,None,0.70,87.2,0
129.32,FSM Enemy 7,FSM,PatrolState,None,1.00,104.3,0
129.32,FSM Enemy 5,FSM,PatrolState,None,0.80,82.4,0
129.32,FSM Enemy 9,FSM,PatrolState,None,1.00,61.3,0
129.32,Utility Enemy 10,Utility,AttackAction,None,1.00,71.2,0
129.32,Utility Enemy 8,Utility,AttackAction,None,1.00,66.8,0
129.32,Utility Enemy 6,Utility,AttackAction,None,1.00,85.9,0
129.32,Utility Enemy 4,Utility,AttackAction,None,1.00,70.1,0
129.32,Utility Enemy 11,Utility,AttackAction,None,1.00,86.8,0
129.32,Utility Enemy 15,Utility,AttackAction,None,1.00,73.3,0
129.32,Utility Enemy 1,Utility,AttackAction,None,1.00,81.8,0
129.32,Utility Enemy 12,Utility,AttackAction,None,1.00,72.8,0
129.32,Utility Enemy 9,Utility,AttackAction,None,1.00,64.7,0
129.32,Utility Enemy 5,Utility,AttackAction,None,1.00,97.6,0
129.32,Utility Enemy 3,Utility,AttackAction,None,1.00,91.6,0
129.32,Utility Enemy 7,Utility,AttackAction,None,1.00,81.1,0
129.32,Utility Enemy 14,Utility,Dead,None,0.00,56.2,0
129.32,Utility Enemy 2,Utility,Dead,None,0.00,44.1,0
129.32,Utility Enemy 13,Utility,AttackAction,None,1.00,63.9,0
129.82,Player,Player,-,None,0.09,,0
129.82,FSM Enemy 6,FSM,PatrolState,None,0.30,80.8,0
129.82,FSM Enemy 12,FSM,PatrolState,None,0.90,81.8,0
129.82,FSM Enemy 4,FSM,PatrolState,None,1.00,50.1,0
129.82,FSM Enemy 2,FSM,PatrolState,None,1.00,13.6,0
129.82,FSM Enemy 13,FSM,PatrolState,None,1.00,105.6,0
129.82,FSM Enemy 10,FSM,PatrolState,None,1.00,22.2,0
129.82,FSM Enemy 3,FSM,Dead,None,0.00,40.6,0
129.82,FSM Enemy 1,FSM,PatrolState,None,1.00,75.0,0
129.82,FSM Enemy 14,FSM,PatrolState,None,1.00,22.1,0
129.82,FSM Enemy 8,FSM,PatrolState,None,1.00,59.2,0
129.82,FSM Enemy 11,FSM,PatrolState,None,0.40,106.9,0
129.82,FSM Enemy 15,FSM,PatrolState,None,0.70,87.7,0
129.82,FSM Enemy 7,FSM,PatrolState,None,1.00,103.1,0
129.82,FSM Enemy 5,FSM,PatrolState,None,0.80,81.8,0
129.82,FSM Enemy 9,FSM,PatrolState,None,1.00,61.9,0
129.82,Utility Enemy 10,Utility,AttackAction,None,1.00,71.2,0
129.82,Utility Enemy 8,Utility,AttackAction,None,1.00,66.8,0
129.82,Utility Enemy 6,Utility,AttackAction,None,1.00,85.9,0
129.82,Utility Enemy 4,Utility,AttackAction,None,1.00,70.1,0
129.82,Utility Enemy 11,Utility,AttackAction,None,1.00,86.8,0
129.82,Utility Enemy 15,Utility,AttackAction,None,1.00,73.3,0
129.82,Utility Enemy 1,Utility,AttackAction,None,1.00,81.8,0
129.82,Utility Enemy 12,Utility,AttackAction,None,1.00,72.8,0
129.82,Utility Enemy 9,Utility,AttackAction,None,1.00,64.7,0
129.82,Utility Enemy 5,Utility,AttackAction,None,1.00,97.6,0
129.82,Utility Enemy 3,Utility,AttackAction,None,1.00,91.6,0
129.82,Utility Enemy 7,Utility,AttackAction,None,1.00,81.1,0
129.82,Utility Enemy 14,Utility,Dead,None,0.00,56.2,0
129.82,Utility Enemy 2,Utility,Dead,None,0.00,44.1,0
129.82,Utility Enemy 13,Utility,AttackAction,None,1.00,63.9,0
130.32,Player,Player,-,None,0.09,,0
130.32,FSM Enemy 6,FSM,PatrolState,None,0.30,81.9,0
130.32,FSM Enemy 12,FSM,PatrolState,None,0.90,81.6,0
130.32,FSM Enemy 4,FSM,PatrolState,None,1.00,50.7,0
130.32,FSM Enemy 2,FSM,PatrolState,None,1.00,13.8,0
130.32,FSM Enemy 13,FSM,PatrolState,None,1.00,104.5,0
130.32,FSM Enemy 10,FSM,PatrolState,None,1.00,21.9,0
130.32,FSM Enemy 3,FSM,Dead,None,0.00,40.6,0
130.32,FSM Enemy 1,FSM,PatrolState,None,1.00,74.0,0
130.32,FSM Enemy 14,FSM,PatrolState,None,1.00,23.1,0
130.32,FSM Enemy 8,FSM,PatrolState,None,1.00,58.3,0
130.32,FSM Enemy 11,FSM,PatrolState,None,0.40,107.7,0
130.32,FSM Enemy 15,FSM,PatrolState,None,0.70,88.2,0
130.32,FSM Enemy 7,FSM,PatrolState,None,1.00,102.0,0
130.32,FSM Enemy 5,FSM,PatrolState,None,0.80,81.2,0
130.32,FSM Enemy 9,FSM,PatrolState,None,1.00,62.6,0
130.32,Utility Enemy 10,Utility,AttackAction,None,1.00,71.2,0
130.32,Utility Enemy 8,Utility,AttackAction,None,1.00,66.8,0
130.32,Utility Enemy 6,Utility,AttackAction,None,1.00,85.9,0
130.32,Utility Enemy 4,Utility,AttackAction,None,1.00,70.1,0
130.32,Utility Enemy 11,Utility,AttackAction,None,1.00,86.8,0
130.32,Utility Enemy 15,Utility,AttackAction,None,1.00,73.3,0
130.32,Utility Enemy 1,Utility,AttackAction,None,1.00,81.8,0
130.32,Utility Enemy 12,Utility,AttackAction,None,1.00,72.8,0
130.32,Utility Enemy 9,Utility,AttackAction,None,1.00,64.7,0
130.32,Utility Enemy 5,Utility,AttackAction,None,1.00,97.6,0
130.32,Utility Enemy 3,Utility,AttackAction,None,1.00,91.6,0
130.32,Utility Enemy 7,Utility,AttackAction,None,1.00,81.1,0
130.32,Utility Enemy 14,Utility,Dead,None,0.00,56.2,0
130.32,Utility Enemy 2,Utility,Dead,None,0.00,44.1,0
130.32,Utility Enemy 13,Utility,AttackAction,None,1.00,63.9,0
130.83,Player,Player,-,None,0.09,,0
130.83,FSM Enemy 6,FSM,PatrolState,None,0.30,83.0,0
130.83,FSM Enemy 12,FSM,PatrolState,None,0.90,81.1,0
130.83,FSM Enemy 4,FSM,PatrolState,None,1.00,51.3,0
130.83,FSM Enemy 2,FSM,PatrolState,None,1.00,14.1,0
130.83,FSM Enemy 13,FSM,PatrolState,None,1.00,103.3,0
130.83,FSM Enemy 10,FSM,PatrolState,None,1.00,21.6,0
130.83,FSM Enemy 3,FSM,Dead,None,0.00,40.6,0
130.83,FSM Enemy 1,FSM,PatrolState,None,1.00,73.0,0
130.83,FSM Enemy 14,FSM,PatrolState,None,1.00,24.1,0
130.83,FSM Enemy 8,FSM,PatrolState,None,1.00,57.5,0
130.83,FSM Enemy 11,FSM,PatrolState,None,0.40,108.7,0
130.83,FSM Enemy 15,FSM,PatrolState,None,0.70,88.7,0
130.83,FSM Enemy 7,FSM,PatrolState,None,1.00,100.8,0
130.83,FSM Enemy 5,FSM,PatrolState,None,0.80,80.7,0
130.83,FSM Enemy 9,FSM,PatrolState,None,1.00,63.2,0
130.83,Utility Enemy 10,Utility,AttackAction,None,1.00,71.2,0
130.83,Utility Enemy 8,Utility,AttackAction,None,1.00,66.8,0
130.83,Utility Enemy 6,Utility,AttackAction,None,1.00,85.9,0
130.83,Utility Enemy 4,Utility,AttackAction,None,1.00,70.1,0
130.83,Utility Enemy 11,Utility,AttackAction,None,1.00,86.8,0
130.83,Utility Enemy 15,Utility,AttackAction,None,1.00,73.3,0
130.83,Utility Enemy 1,Utility,AttackAction,None,1.00,81.8,0
130.83,Utility Enemy 12,Utility,AttackAction,None,1.00,72.8,0
130.83,Utility Enemy 9,Utility,AttackAction,None,1.00,64.7,0
130.83,Utility Enemy 5,Utility,AttackAction,None,1.00,97.6,0
130.83,Utility Enemy 3,Utility,AttackAction,None,1.00,91.6,0
130.83,Utility Enemy 7,Utility,AttackAction,None,1.00,81.1,0
130.83,Utility Enemy 14,Utility,Dead,None,0.00,56.2,0
130.83,Utility Enemy 2,Utility,Dead,None,0.00,44.1,0
130.83,Utility Enemy 13,Utility,AttackAction,None,1.00,63.9,0
131.33,Player,Player,-,None,0.09,,0
131.33,FSM Enemy 6,FSM,PatrolState,None,0.30,84.2,0
131.33,FSM Enemy 12,FSM,PatrolState,None,0.90,80.6,0
131.33,FSM Enemy 4,FSM,PatrolState,None,1.00,51.9,0
131.33,FSM Enemy 2,FSM,PatrolState,None,1.00,14.6,0
131.33,FSM Enemy 13,FSM,PatrolState,None,1.00,102.2,0
131.33,FSM Enemy 10,FSM,PatrolState,None,1.00,21.3,0
131.33,FSM Enemy 3,FSM,Dead,None,0.00,40.6,0
131.33,FSM Enemy 1,FSM,PatrolState,None,1.00,73.4,0
131.33,FSM Enemy 14,FSM,PatrolState,None,1.00,25.2,0
131.33,FSM Enemy 8,FSM,PatrolState,None,1.00,57.6,0
131.33,FSM Enemy 11,FSM,PatrolState,None,0.40,109.9,0
131.33,FSM Enemy 15,FSM,PatrolState,None,0.70,89.2,0
131.33,FSM Enemy 7,FSM,PatrolState,None,1.00,100.3,0
131.33,FSM Enemy 5,FSM,PatrolState,None,0.80,80.1,0
131.33,FSM Enemy 9,FSM,PatrolState,None,1.00,63.9,0
131.33,Utility Enemy 10,Utility,AttackAction,None,1.00,71.2,0
131.33,Utility Enemy 8,Utility,AttackAction,None,1.00,66.8,0
131.33,Utility Enemy 6,Utility,AttackAction,None,1.00,85.9,0
131.33,Utility Enemy 4,Utility,AttackAction,None,1.00,70.1,0
131.33,Utility Enemy 11,Utility,AttackAction,None,1.00,86.8,0
131.33,Utility Enemy 15,Utility,AttackAction,None,1.00,73.3,0
131.33,Utility Enemy 1,Utility,AttackAction,None,1.00,81.8,0
131.33,Utility Enemy 12,Utility,AttackAction,None,1.00,72.8,0
131.33,Utility Enemy 9,Utility,AttackAction,None,0.25,64.7,0
131.33,Utility Enemy 5,Utility,AttackAction,None,1.00,97.6,0
131.33,Utility Enemy 3,Utility,AttackAction,None,1.00,91.6,0
131.33,Utility Enemy 7,Utility,AttackAction,None,1.00,81.1,0
131.33,Utility Enemy 14,Utility,Dead,None,0.00,56.2,0
131.33,Utility Enemy 2,Utility,AttackAction,None,1.00,27.5,0
131.33,Utility Enemy 13,Utility,AttackAction,None,1.00,63.9,0
131.83,Player,Player,-,None,0.09,,0
131.83,FSM Enemy 6,FSM,PatrolState,None,0.30,85.3,0
131.83,FSM Enemy 12,FSM,PatrolState,None,0.90,79.8,0
131.83,FSM Enemy 4,FSM,PatrolState,None,1.00,52.6,0
131.83,FSM Enemy 2,FSM,PatrolState,None,1.00,15.1,0
131.83,FSM Enemy 13,FSM,PatrolState,None,1.00,101.0,0
131.83,FSM Enemy 10,FSM,PatrolState,None,1.00,20.4,0
131.83,FSM Enemy 3,FSM,Dead,None,0.00,40.6,0
131.83,FSM Enemy 1,FSM,PatrolState,None,1.00,74.6,0
131.83,FSM Enemy 14,FSM,PatrolState,None,1.00,26.2,0
131.83,FSM Enemy 8,FSM,PatrolState,None,1.00,58.1,0
131.83,FSM Enemy 11,FSM,PatrolState,None,0.40,111.1,0
131.83,FSM Enemy 15,FSM,PatrolState,None,0.70,89.7,0
131.83,FSM Enemy 7,FSM,PatrolState,None,1.00,101.0,0
131.83,FSM Enemy 5,FSM,PatrolState,None,0.80,79.6,0
131.83,FSM Enemy 9,FSM,PatrolState,None,1.00,64.4,0
131.83,Utility Enemy 10,Utility,AttackAction,None,1.00,71.2,0
131.83,Utility Enemy 8,Utility,AttackAction,None,1.00,66.8,0
131.83,Utility Enemy 6,Utility,AttackAction,None,1.00,85.9,0
131.83,Utility Enemy 4,Utility,AttackAction,None,1.00,70.1,0
131.83,Utility Enemy 11,Utility,AttackAction,None,1.00,86.8,0
131.83,Utility Enemy 15,Utility,AttackAction,None,1.00,73.3,0
131.83,Utility Enemy 1,Utility,AttackAction,None,1.00,81.8,0
131.83,Utility Enemy 12,Utility,AttackAction,None,1.00,72.8,0
131.83,Utility Enemy 9,Utility,Dead,None,0.00,64.7,0
131.83,Utility Enemy 5,Utility,AttackAction,None,1.00,97.6,0
131.83,Utility Enemy 3,Utility,AttackAction,None,1.00,91.6,0
131.83,Utility Enemy 7,Utility,AttackAction,None,1.00,81.1,0
131.83,Utility Enemy 14,Utility,Dead,None,0.00,56.2,0
131.83,Utility Enemy 2,Utility,AttackAction,None,1.00,27.5,0
131.83,Utility Enemy 13,Utility,AttackAction,None,1.00,63.9,0
132.33,Player,Player,-,None,0.09,,0
132.33,FSM Enemy 6,FSM,PatrolState,None,0.30,86.5,0
132.33,FSM Enemy 12,FSM,PatrolState,None,0.90,78.8,0
132.33,FSM Enemy 4,FSM,PatrolState,None,1.00,53.3,0
132.33,FSM Enemy 2,FSM,PatrolState,None,1.00,15.2,0
132.33,FSM Enemy 13,FSM,PatrolState,None,1.00,99.9,0
132.33,FSM Enemy 10,FSM,PatrolState,None,1.00,19.8,0
132.33,FSM Enemy 3,FSM,Dead,None,0.00,40.6,0
132.33,FSM Enemy 1,FSM,PatrolState,None,1.00,75.7,0
132.33,FSM Enemy 14,FSM,PatrolState,None,1.00,27.3,0
132.33,FSM Enemy 8,FSM,PatrolState,None,1.00,58.7,0
132.33,FSM Enemy 11,FSM,PatrolState,None,0.40,112.3,0
132.33,FSM Enemy 15,FSM,PatrolState,None,0.70,90.3,0
132.33,FSM Enemy 7,FSM,PatrolState,None,1.00,101.8,0
132.33,FSM Enemy 5,FSM,PatrolState,None,0.80,79.1,0
132.33,FSM Enemy 9,FSM,PatrolState,None,1.00,64.7,0
132.33,Utility Enemy 10,Utility,AttackAction,None,1.00,71.2,0
132.33,Utility Enemy 8,Utility,AttackAction,None,1.00,66.8,0
132.33,Utility Enemy 6,Utility,AttackAction,None,1.00,85.9,0
132.33,Utility Enemy 4,Utility,AttackAction,None,1.00,70.1,0
132.33,Utility Enemy 11,Utility,AttackAction,None,1.00,86.8,0
132.33,Utility Enemy 15,Utility,AttackAction,None,1.00,73.3,0
132.33,Utility Enemy 1,Utility,AttackAction,None,1.00,81.8,0
132.33,Utility Enemy 12,Utility,AttackAction,None,1.00,72.8,0
132.33,Utility Enemy 9,Utility,Dead,None,0.00,64.7,0
132.33,Utility Enemy 5,Utility,AttackAction,None,1.00,97.6,0
132.33,Utility Enemy 3,Utility,AttackAction,None,1.00,91.6,0
132.33,Utility Enemy 7,Utility,AttackAction,None,1.00,81.1,0
132.33,Utility Enemy 14,Utility,Dead,None,0.00,56.2,0
132.33,Utility Enemy 2,Utility,AttackAction,None,1.00,27.5,0
132.33,Utility Enemy 13,Utility,AttackAction,None,1.00,63.9,0
132.83,Player,Player,-,None,0.09,,0
132.83,FSM Enemy 6,FSM,PatrolState,None,0.30,87.6,0
132.83,FSM Enemy 12,FSM,PatrolState,None,0.90,77.8,0
132.83,FSM Enemy 4,FSM,PatrolState,None,1.00,54.3,0
132.83,FSM Enemy 2,FSM,PatrolState,None,1.00,15.3,0
132.83,FSM Enemy 13,FSM,PatrolState,None,1.00,100.1,0
132.83,FSM Enemy 10,FSM,PatrolState,None,1.00,20.4,0
132.83,FSM Enemy 3,FSM,Dead,None,0.00,40.6,0
132.83,FSM Enemy 1,FSM,PatrolState,None,1.00,76.8,0
132.83,FSM Enemy 14,FSM,PatrolState,None,1.00,27.4,0
132.83,FSM Enemy 8,FSM,PatrolState,None,1.00,59.3,0
132.83,FSM Enemy 11,FSM,PatrolState,None,0.40,113.2,0
132.83,FSM Enemy 15,FSM,PatrolState,None,0.70,90.8,0
132.83,FSM Enemy 7,FSM,PatrolState,None,1.00,102.6,0
132.83,FSM Enemy 5,FSM,PatrolState,None,0.80,78.7,0
132.83,FSM Enemy 9,FSM,PatrolState,None,1.00,65.0,0
132.83,Utility Enemy 10,Utility,AttackAction,None,1.00,71.2,0
132.83,Utility Enemy 8,Utility,AttackAction,None,1.00,66.8,0
132.83,Utility Enemy 6,Utility,AttackAction,None,1.00,85.9,0
132.83,Utility Enemy 4,Utility,AttackAction,None,1.00,70.1,0
132.83,Utility Enemy 11,Utility,AttackAction,None,1.00,86.8,0
132.83,Utility Enemy 15,Utility,AttackAction,None,1.00,73.3,0
132.83,Utility Enemy 1,Utility,AttackAction,None,1.00,81.8,0
132.83,Utility Enemy 12,Utility,AttackAction,None,1.00,72.8,0
132.83,Utility Enemy 9,Utility,Dead,None,0.00,64.7,0
132.83,Utility Enemy 5,Utility,AttackAction,None,1.00,97.6,0
132.83,Utility Enemy 3,Utility,AttackAction,None,1.00,91.6,0
132.83,Utility Enemy 7,Utility,AttackAction,None,1.00,81.1,0
132.83,Utility Enemy 14,Utility,Dead,None,0.00,56.2,0
132.83,Utility Enemy 2,Utility,AttackAction,None,1.00,27.5,0
132.83,Utility Enemy 13,Utility,AttackAction,None,1.00,63.9,0
133.34,Player,Player,-,None,0.09,,0
133.34,FSM Enemy 6,FSM,PatrolState,None,0.30,88.4,0
133.34,FSM Enemy 12,FSM,PatrolState,None,0.90,76.8,0
133.34,FSM Enemy 4,FSM,PatrolState,None,0.75,55.3,0
133.34,FSM Enemy 2,FSM,PatrolState,None,1.00,15.5,0
133.34,FSM Enemy 13,FSM,PatrolState,None,1.00,100.5,0
133.34,FSM Enemy 10,FSM,PatrolState,None,1.00,21.1,0
133.34,FSM Enemy 3,FSM,Dead,None,0.00,40.6,0
133.34,FSM Enemy 1,FSM,PatrolState,None,1.00,78.0,0
133.34,FSM Enemy 14,FSM,PatrolState,None,1.00,26.2,0
133.34,FSM Enemy 8,FSM,PatrolState,None,1.00,60.0,0
133.34,FSM Enemy 11,FSM,PatrolState,None,0.40,113.9,0
133.34,FSM Enemy 15,FSM,PatrolState,None,0.70,91.3,0
133.34,FSM Enemy 7,FSM,PatrolState,None,1.00,103.3,0
133.34,FSM Enemy 5,FSM,PatrolState,None,0.80,79.3,0
133.34,FSM Enemy 9,FSM,PatrolState,None,1.00,65.4,0
133.34,Utility Enemy 10,Utility,AttackAction,None,1.00,71.2,0
133.34,Utility Enemy 8,Utility,AttackAction,None,1.00,66.8,0
133.34,Utility Enemy 6,Utility,AttackAction,None,1.00,85.9,0
133.34,Utility Enemy 4,Utility,AttackAction,None,1.00,70.1,0
133.34,Utility Enemy 11,Utility,AttackAction,None,1.00,86.8,0
133.34,Utility Enemy 15,Utility,AttackAction,None,1.00,73.3,0
133.34,Utility Enemy 1,Utility,AttackAction,None,1.00,81.8,0
133.34,Utility Enemy 12,Utility,AttackAction,None,1.00,72.8,0
133.34,Utility Enemy 9,Utility,Dead,None,0.00,64.7,0
133.34,Utility Enemy 5,Utility,AttackAction,None,1.00,97.6,0
133.34,Utility Enemy 3,Utility,AttackAction,None,1.00,91.6,0
133.34,Utility Enemy 7,Utility,AttackAction,None,1.00,81.1,0
133.34,Utility Enemy 14,Utility,Dead,None,0.00,56.2,0
133.34,Utility Enemy 2,Utility,AttackAction,None,1.00,27.5,0
133.34,Utility Enemy 13,Utility,AttackAction,None,1.00,63.9,0
133.84,Player,Player,-,None,0.09,,0
133.84,FSM Enemy 6,FSM,PatrolState,None,0.30,89.0,0
133.84,FSM Enemy 12,FSM,PatrolState,None,0.90,75.9,0
133.84,FSM Enemy 4,FSM,PatrolState,None,0.50,56.3,0
133.84,FSM Enemy 2,FSM,PatrolState,None,1.00,15.6,0
133.84,FSM Enemy 13,FSM,PatrolState,None,1.00,101.2,0
133.84,FSM Enemy 10,FSM,PatrolState,None,1.00,21.8,0
133.84,FSM Enemy 3,FSM,PatrolState,None,1.00,32.8,0
133.84,FSM Enemy 1,FSM,PatrolState,None,1.00,78.3,0
133.84,FSM Enemy 14,FSM,PatrolState,None,1.00,25.1,0
133.84,FSM Enemy 8,FSM,PatrolState,None,1.00,60.6,0
133.84,FSM Enemy 11,FSM,PatrolState,None,0.40,114.8,0
133.84,FSM Enemy 15,FSM,PatrolState,None,0.70,90.7,0
133.84,FSM Enemy 7,FSM,PatrolState,None,1.00,103.6,0
133.84,FSM Enemy 5,FSM,PatrolState,None,0.80,80.1,0
133.84,FSM Enemy 9,FSM,PatrolState,None,1.00,65.8,0
133.84,Utility Enemy 10,Utility,AttackAction,None,1.00,71.2,0
133.84,Utility Enemy 8,Utility,AttackAction,None,1.00,66.8,0
133.84,Utility Enemy 6,Utility,AttackAction,None,1.00,85.9,0
133.84,Utility Enemy 4,Utility,AttackAction,None,1.00,70.1,0
133.84,Utility Enemy 11,Utility,AttackAction,None,1.00,86.8,0
133.84,Utility Enemy 15,Utility,AttackAction,None,1.00,73.3,0
133.84,Utility Enemy 1,Utility,AttackAction,None,1.00,81.8,0
133.84,Utility Enemy 12,Utility,AttackAction,None,1.00,72.8,0
133.84,Utility Enemy 9,Utility,Dead,None,0.00,64.7,0
133.84,Utility Enemy 5,Utility,AttackAction,None,1.00,97.6,0
133.84,Utility Enemy 3,Utility,AttackAction,None,1.00,91.6,0
133.84,Utility Enemy 7,Utility,AttackAction,None,1.00,81.1,0
133.84,Utility Enemy 14,Utility,Dead,None,0.00,56.2,0
133.84,Utility Enemy 2,Utility,AttackAction,None,1.00,27.5,0
133.84,Utility Enemy 13,Utility,AttackAction,None,1.00,63.9,0
134.34,Player,Player,-,None,0.09,,0
134.34,FSM Enemy 6,FSM,PatrolState,None,0.30,89.6,0
134.34,FSM Enemy 12,FSM,PatrolState,None,0.90,74.9,0
134.34,FSM Enemy 4,FSM,Dead,None,0.00,56.7,0
134.34,FSM Enemy 2,FSM,PatrolState,None,1.00,15.0,0
134.34,FSM Enemy 13,FSM,PatrolState,None,1.00,102.0,0
134.34,FSM Enemy 10,FSM,PatrolState,None,1.00,22.5,0
134.34,FSM Enemy 3,FSM,PatrolState,None,1.00,33.9,0
134.34,FSM Enemy 1,FSM,PatrolState,None,1.00,78.7,0
134.34,FSM Enemy 14,FSM,PatrolState,None,1.00,24.1,0
134.34,FSM Enemy 8,FSM,PatrolState,None,1.00,61.3,0
134.34,FSM Enemy 11,FSM,PatrolState,None,0.40,115.9,0
134.34,FSM Enemy 15,FSM,PatrolState,None,0.70,89.8,0
134.34,FSM Enemy 7,FSM,PatrolState,None,1.00,103.8,0
134.34,FSM Enemy 5,FSM,PatrolState,None,0.80,80.8,0
134.34,FSM Enemy 9,FSM,PatrolState,None,1.00,66.2,0
134.34,Utility Enemy 10,Utility,AttackAction,None,1.00,71.2,0
134.34,Utility Enemy 8,Utility,AttackAction,None,1.00,66.8,0
134.34,Utility Enemy 6,Utility,AttackAction,None,1.00,85.9,0
134.34,Utility Enemy 4,Utility,AttackAction,None,1.00,70.1,0
134.34,Utility Enemy 11,Utility,AttackAction,None,1.00,86.8,0
134.34,Utility Enemy 15,Utility,AttackAction,None,1.00,73.3,0
134.34,Utility Enemy 1,Utility,AttackAction,None,1.00,81.8,0
134.34,Utility Enemy 12,Utility,AttackAction,None,1.00,72.8,0
134.34,Utility Enemy 9,Utility,Dead,None,0.00,64.7,0
134.34,Utility Enemy 5,Utility,AttackAction,None,1.00,97.6,0
134.34,Utility Enemy 3,Utility,AttackAction,None,1.00,91.6,0
134.34,Utility Enemy 7,Utility,AttackAction,None,1.00,81.1,0
134.34,Utility Enemy 14,Utility,Dead,None,0.00,56.2,0
134.34,Utility Enemy 2,Utility,AttackAction,None,1.00,27.5,0
134.34,Utility Enemy 13,Utility,AttackAction,None,1.00,63.9,0
134.84,Player,Player,-,None,0.09,,0
134.84,FSM Enemy 6,FSM,PatrolState,None,0.30,90.3,0
134.84,FSM Enemy 12,FSM,PatrolState,None,0.90,74.1,0
134.84,FSM Enemy 4,FSM,Dead,None,0.00,56.7,0
134.84,FSM Enemy 2,FSM,PatrolState,None,1.00,14.6,0
134.84,FSM Enemy 13,FSM,PatrolState,None,1.00,102.8,0
134.84,FSM Enemy 10,FSM,PatrolState,None,1.00,23.2,0
134.84,FSM Enemy 3,FSM,PatrolState,None,1.00,35.1,0
134.84,FSM Enemy 1,FSM,PatrolState,None,1.00,79.3,0
134.84,FSM Enemy 14,FSM,PatrolState,None,1.00,23.0,0
134.84,FSM Enemy 8,FSM,PatrolState,None,1.00,61.9,0
134.84,FSM Enemy 11,FSM,PatrolState,None,0.40,116.9,0
134.84,FSM Enemy 15,FSM,PatrolState,None,0.70,88.9,0
134.84,FSM Enemy 7,FSM,PatrolState,None,1.00,104.1,0
134.84,FSM Enemy 5,FSM,PatrolState,None,0.80,81.6,0
134.84,FSM Enemy 9,FSM,PatrolState,None,1.00,67.0,0
134.84,Utility Enemy 10,Utility,AttackAction,None,1.00,71.2,0
134.84,Utility Enemy 8,Utility,AttackAction,None,1.00,66.8,0
134.84,Utility Enemy 6,Utility,AttackAction,None,1.00,85.9,0
134.84,Utility Enemy 4,Utility,AttackAction,None,1.00,70.1,0
134.84,Utility Enemy 11,Utility,AttackAction,None,1.00,86.8,0
134.84,Utility Enemy 15,Utility,AttackAction,None,1.00,73.3,0
134.84,Utility Enemy 1,Utility,AttackAction,None,1.00,81.8,0
134.84,Utility Enemy 12,Utility,AttackAction,None,1.00,72.8,0
134.84,Utility Enemy 9,Utility,Dead,None,0.00,64.7,0
134.84,Utility Enemy 5,Utility,AttackAction,None,1.00,97.6,0
134.84,Utility Enemy 3,Utility,AttackAction,None,1.00,91.6,0
134.84,Utility Enemy 7,Utility,AttackAction,None,1.00,81.1,0
134.84,Utility Enemy 14,Utility,Dead,None,0.00,56.2,0
134.84,Utility Enemy 2,Utility,AttackAction,None,1.00,27.5,0
134.84,Utility Enemy 13,Utility,AttackAction,None,1.00,63.9,0
135.35,Player,Player,-,None,0.09,,0
135.35,FSM Enemy 6,FSM,PatrolState,None,0.30,90.0,0
135.35,FSM Enemy 12,FSM,PatrolState,None,0.90,73.9,0
135.35,FSM Enemy 4,FSM,Dead,None,0.00,56.7,0
135.35,FSM Enemy 2,FSM,PatrolState,None,1.00,14.2,0
135.35,FSM Enemy 13,FSM,PatrolState,None,1.00,103.6,0
135.35,FSM Enemy 10,FSM,PatrolState,None,1.00,24.0,0
135.35,FSM Enemy 3,FSM,PatrolState,None,1.00,36.2,0
135.35,FSM Enemy 1,FSM,PatrolState,None,1.00,79.8,0
135.35,FSM Enemy 14,FSM,PatrolState,None,1.00,21.9,0
135.35,FSM Enemy 8,FSM,PatrolState,None,1.00,62.7,0
135.35,FSM Enemy 11,FSM,PatrolState,None,0.40,118.0,0
135.35,FSM Enemy 15,FSM,PatrolState,None,0.70,88.0,0
135.35,FSM Enemy 7,FSM,PatrolState,None,1.00,104.4,0
135.35,FSM Enemy 5,FSM,PatrolState,None,0.80,82.5,0
135.35,FSM Enemy 9,FSM,PatrolState,None,1.00,67.9,0
135.35,Utility Enemy 10,Utility,AttackAction,None,1.00,71.2,0
135.35,Utility Enemy 8,Utility,AttackAction,None,1.00,66.8,0
135.35,Utility Enemy 6,Utility,AttackAction,None,1.00,85.9,0
135.35,Utility Enemy 4,Utility,AttackAction,None,1.00,70.1,0
135.35,Utility Enemy 11,Utility,AttackAction,None,1.00,86.8,0
135.35,Utility Enemy 15,Utility,AttackAction,None,1.00,73.3,0
135.35,Utility Enemy 1,Utility,AttackAction,None,1.00,81.8,0
135.35,Utility Enemy 12,Utility,AttackAction,None,1.00,72.8,0
135.35,Utility Enemy 9,Utility,Dead,None,0.00,64.7,0
135.35,Utility Enemy 5,Utility,AttackAction,None,1.00,97.6,0
135.35,Utility Enemy 3,Utility,AttackAction,None,1.00,91.6,0
135.35,Utility Enemy 7,Utility,AttackAction,None,1.00,81.1,0
135.35,Utility Enemy 14,Utility,Dead,None,0.00,56.2,0
135.35,Utility Enemy 2,Utility,AttackAction,None,1.00,27.5,0
135.35,Utility Enemy 13,Utility,AttackAction,None,1.00,63.9,0
135.85,Player,Player,-,None,0.09,,0
135.85,FSM Enemy 6,FSM,PatrolState,None,0.30,89.6,0
135.85,FSM Enemy 12,FSM,PatrolState,None,0.90,73.8,0
135.85,FSM Enemy 4,FSM,Dead,None,0.00,56.7,0
135.85,FSM Enemy 2,FSM,PatrolState,None,1.00,14.0,0
135.85,FSM Enemy 13,FSM,PatrolState,None,1.00,104.5,0
135.85,FSM Enemy 10,FSM,PatrolState,None,1.00,24.9,0
135.85,FSM Enemy 3,FSM,PatrolState,None,1.00,37.3,0
135.85,FSM Enemy 1,FSM,PatrolState,None,1.00,80.3,0
135.85,FSM Enemy 14,FSM,PatrolState,None,1.00,20.9,0
135.85,FSM Enemy 8,FSM,PatrolState,None,1.00,63.4,0
135.85,FSM Enemy 11,FSM,PatrolState,None,0.40,119.0,0
135.85,FSM Enemy 15,FSM,PatrolState,None,0.70,87.2,0
135.85,FSM Enemy 7,FSM,PatrolState,None,1.00,104.7,0
135.85,FSM Enemy 5,FSM,PatrolState,None,0.80,83.4,0
135.85,FSM Enemy 9,FSM,PatrolState,None,1.00,67.1,0
135.85,Utility Enemy 10,Utility,AttackAction,None,1.00,71.2,0
135.85,Utility Enemy 8,Utility,AttackAction,None,1.00,66.8,0
135.85,Utility Enemy 6,Utility,AttackAction,None,1.00,85.9,0
135.85,Utility Enemy 4,Utility,AttackAction,None,1.00,70.1,0
135.85,Utility Enemy 11,Utility,AttackAction,None,1.00,86.8,0
135.85,Utility Enemy 15,Utility,AttackAction,None,1.00,73.3,0
135.85,Utility Enemy 1,Utility,AttackAction,None,1.00,81.8,0
135.85,Utility Enemy 12,Utility,AttackAction,None,1.00,72.8,0
135.85,Utility Enemy 9,Utility,Dead,None,0.00,64.7,0
135.85,Utility Enemy 5,Utility,AttackAction,None,1.00,97.6,0
135.85,Utility Enemy 3,Utility,AttackAction,None,1.00,91.6,0
135.85,Utility Enemy 7,Utility,AttackAction,None,1.00,81.1,0
135.85,Utility Enemy 14,Utility,Dead,None,0.00,56.2,0
135.85,Utility Enemy 2,Utility,AttackAction,None,1.00,27.5,0
135.85,Utility Enemy 13,Utility,AttackAction,None,1.00,63.9,0
136.35,Player,Player,-,None,0.09,,0
136.35,FSM Enemy 6,FSM,PatrolState,None,0.30,89.1,0
136.35,FSM Enemy 12,FSM,PatrolState,None,0.90,73.8,0
136.35,FSM Enemy 4,FSM,Dead,None,0.00,56.7,0
136.35,FSM Enemy 2,FSM,PatrolState,None,1.00,13.8,0
136.35,FSM Enemy 13,FSM,PatrolState,None,1.00,105.3,0
136.35,FSM Enemy 10,FSM,PatrolState,None,1.00,25.7,0
136.35,FSM Enemy 3,FSM,PatrolState,None,1.00,38.3,0
136.35,FSM Enemy 1,FSM,PatrolState,None,1.00,81.0,0
136.35,FSM Enemy 14,FSM,PatrolState,None,1.00,19.9,0
136.35,FSM Enemy 8,FSM,PatrolState,None,1.00,64.1,0
136.35,FSM Enemy 11,FSM,PatrolState,None,0.40,120.1,0
136.35,FSM Enemy 15,FSM,PatrolState,None,0.70,86.3,0
136.35,FSM Enemy 7,FSM,PatrolState,None,1.00,105.0,0
136.35,FSM Enemy 5,FSM,PatrolState,None,0.80,84.4,0
136.35,FSM Enemy 9,FSM,PatrolState,None,1.00,66.1,0
136.35,Utility Enemy 10,Utility,AttackAction,None,1.00,71.2,0
136.35,Utility Enemy 8,Utility,AttackAction,None,1.00,66.8,0
136.35,Utility Enemy 6,Utility,AttackAction,None,1.00,85.9,0
136.35,Utility Enemy 4,Utility,AttackAction,None,1.00,70.1,0
136.35,Utility Enemy 11,Utility,AttackAction,None,1.00,86.8,0
136.35,Utility Enemy 15,Utility,AttackAction,None,1.00,73.3,0
136.35,Utility Enemy 1,Utility,AttackAction,None,1.00,81.8,0
136.35,Utility Enemy 12,Utility,AttackAction,None,1.00,72.8,0
136.35,Utility Enemy 9,Utility,Dead,None,0.00,64.7,0
136.35,Utility Enemy 5,Utility,AttackAction,None,1.00,97.6,0
136.35,Utility Enemy 3,Utility,AttackAction,None,1.00,91.6,0
136.35,Utility Enemy 7,Utility,AttackAction,None,1.00,81.1,0
136.35,Utility Enemy 14,Utility,Dead,None,0.00,56.2,0
136.35,Utility Enemy 2,Utility,AttackAction,None,1.00,27.5,0
136.35,Utility Enemy 13,Utility,AttackAction,None,1.00,63.9,0
136.86,Player,Player,-,None,0.09,,0
136.86,FSM Enemy 6,FSM,PatrolState,None,0.30,88.7,0
136.86,FSM Enemy 12,FSM,PatrolState,None,0.90,73.8,0
136.86,FSM Enemy 4,FSM,Dead,None,0.00,56.7,0
136.86,FSM Enemy 2,FSM,PatrolState,None,1.00,13.9,0
136.86,FSM Enemy 13,FSM,PatrolState,None,1.00,106.2,0
136.86,FSM Enemy 10,FSM,PatrolState,None,1.00,26.7,0
136.86,FSM Enemy 3,FSM,PatrolState,None,1.00,39.3,0
136.86,FSM Enemy 1,FSM,PatrolState,None,1.00,82.0,0
136.86,FSM Enemy 14,FSM,PatrolState,None,1.00,19.0,0
136.86,FSM Enemy 8,FSM,PatrolState,None,1.00,64.9,0
136.86,FSM Enemy 11,FSM,PatrolState,None,0.40,120.6,0
136.86,FSM Enemy 15,FSM,PatrolState,None,0.70,85.5,0
136.86,FSM Enemy 7,FSM,PatrolState,None,1.00,105.3,0
136.86,FSM Enemy 5,FSM,PatrolState,None,0.80,85.3,0
136.86,FSM Enemy 9,FSM,PatrolState,None,1.00,65.1,0
136.86,Utility Enemy 10,Utility,AttackAction,None,1.00,71.2,0
136.86,Utility Enemy 8,Utility,AttackAction,None,1.00,66.8,0
136.86,Utility Enemy 6,Utility,AttackAction,None,1.00,85.9,0
136.86,Utility Enemy 4,Utility,AttackAction,None,1.00,70.1,0
136.86,Utility Enemy 11,Utility,AttackAction,None,1.00,86.8,0
136.86,Utility Enemy 15,Utility,AttackAction,None,1.00,73.3,0
136.86,Utility Enemy 1,Utility,AttackAction,None,1.00,81.8,0
136.86,Utility Enemy 12,Utility,AttackAction,None,1.00,72.8,0
136.86,Utility Enemy 9,Utility,Dead,None,0.00,64.7,0
136.86,Utility Enemy 5,Utility,AttackAction,None,1.00,97.6,0
136.86,Utility Enemy 3,Utility,AttackAction,None,1.00,91.6,0
136.86,Utility Enemy 7,Utility,AttackAction,None,1.00,81.1,0
136.86,Utility Enemy 14,Utility,Dead,None,0.00,56.2,0
136.86,Utility Enemy 2,Utility,AttackAction,None,1.00,27.5,0
136.86,Utility Enemy 13,Utility,AttackAction,None,1.00,63.9,0
137.36,Player,Player,-,None,0.09,,0
137.36,FSM Enemy 6,FSM,PatrolState,None,0.30,88.3,0
137.36,FSM Enemy 12,FSM,PatrolState,None,0.90,73.8,0
137.36,FSM Enemy 4,FSM,Dead,None,0.00,56.7,0
137.36,FSM Enemy 2,FSM,PatrolState,None,1.00,14.5,0
137.36,FSM Enemy 13,FSM,PatrolState,None,1.00,106.4,0
137.36,FSM Enemy 10,FSM,PatrolState,None,1.00,27.6,0
137.36,FSM Enemy 3,FSM,PatrolState,None,1.00,40.3,0
137.36,FSM Enemy 1,FSM,PatrolState,None,1.00,83.1,0
137.36,FSM Enemy 14,FSM,PatrolState,None,1.00,18.0,0
137.36,FSM Enemy 8,FSM,PatrolState,None,1.00,65.7,0
137.36,FSM Enemy 11,FSM,PatrolState,None,0.40,120.1,0
137.36,FSM Enemy 15,FSM,PatrolState,None,0.70,84.7,0
137.36,FSM Enemy 7,FSM,PatrolState,None,1.00,105.4,0
137.36,FSM Enemy 5,FSM,PatrolState,None,0.80,86.2,0
137.36,FSM Enemy 9,FSM,PatrolState,None,1.00,64.1,0
137.36,Utility Enemy 10,Utility,AttackAction,None,1.00,71.2,0
137.36,Utility Enemy 8,Utility,AttackAction,None,1.00,66.8,0
137.36,Utility Enemy 6,Utility,AttackAction,None,1.00,85.9,0
137.36,Utility Enemy 4,Utility,AttackAction,None,1.00,70.1,0
137.36,Utility Enemy 11,Utility,AttackAction,None,1.00,86.8,0
137.36,Utility Enemy 15,Utility,AttackAction,None,1.00,73.3,0
137.36,Utility Enemy 1,Utility,AttackAction,None,1.00,81.8,0
137.36,Utility Enemy 12,Utility,AttackAction,None,1.00,72.8,0
137.36,Utility Enemy 9,Utility,Dead,None,0.00,64.7,0
137.36,Utility Enemy 5,Utility,AttackAction,None,1.00,97.6,0
137.36,Utility Enemy 3,Utility,AttackAction,None,1.00,91.6,0
137.36,Utility Enemy 7,Utility,AttackAction,None,1.00,81.1,0
137.36,Utility Enemy 14,Utility,Dead,None,0.00,56.2,0
137.36,Utility Enemy 2,Utility,AttackAction,None,1.00,27.5,0
137.36,Utility Enemy 13,Utility,AttackAction,None,1.00,63.9,0
137.86,Player,Player,-,None,0.09,,0
137.86,FSM Enemy 6,FSM,PatrolState,None,0.30,87.9,0
137.86,FSM Enemy 12,FSM,PatrolState,None,0.90,73.8,0
137.86,FSM Enemy 4,FSM,Dead,None,0.00,56.7,0
137.86,FSM Enemy 2,FSM,PatrolState,None,1.00,15.2,0
137.86,FSM Enemy 13,FSM,PatrolState,None,1.00,105.3,0
137.86,FSM Enemy 10,FSM,PatrolState,None,1.00,28.5,0
137.86,FSM Enemy 3,FSM,PatrolState,None,1.00,41.4,0
137.86,FSM Enemy 1,FSM,PatrolState,None,1.00,84.3,0
137.86,FSM Enemy 14,FSM,PatrolState,None,1.00,17.1,0
137.86,FSM Enemy 8,FSM,PatrolState,None,1.00,66.6,0
137.86,FSM Enemy 11,FSM,PatrolState,None,0.40,119.7,0
137.86,FSM Enemy 15,FSM,PatrolState,None,0.70,83.9,0
137.86,FSM Enemy 7,FSM,PatrolState,None,1.00,105.2,0
137.86,FSM Enemy 5,FSM,PatrolState,None,0.80,87.2,0
137.86,FSM Enemy 9,FSM,PatrolState,None,1.00,63.1,0
137.86,Utility Enemy 10,Utility,AttackAction,None,1.00,71.2,0
137.86,Utility Enemy 8,Utility,AttackAction,None,1.00,66.8,0
137.86,Utility Enemy 6,Utility,AttackAction,None,1.00,85.9,0
137.86,Utility Enemy 4,Utility,AttackAction,None,1.00,70.1,0
137.86,Utility Enemy 11,Utility,AttackAction,None,1.00,86.8,0
137.86,Utility Enemy 15,Utility,AttackAction,None,1.00,73.3,0
137.86,Utility Enemy 1,Utility,AttackAction,None,1.00,81.8,0
137.86,Utility Enemy 12,Utility,AttackAction,None,1.00,72.8,0
137.86,Utility Enemy 9,Utility,Dead,None,0.00,64.7,0
137.86,Utility Enemy 5,Utility,AttackAction,None,1.00,97.6,0
137.86,Utility Enemy 3,Utility,AttackAction,None,1.00,91.6,0
137.86,Utility Enemy 7,Utility,AttackAction,None,1.00,81.1,0
137.86,Utility Enemy 14,Utility,Dead,None,0.00,56.2,0
137.86,Utility Enemy 2,Utility,AttackAction,None,1.00,27.5,0
137.86,Utility Enemy 13,Utility,AttackAction,None,1.00,63.9,0
138.37,Player,Player,-,None,0.09,,0
138.37,FSM Enemy 6,FSM,PatrolState,None,0.30,87.7,0
138.37,FSM Enemy 12,FSM,PatrolState,None,0.90,73.8,0
138.37,FSM Enemy 4,FSM,Dead,None,0.00,56.7,0
138.37,FSM Enemy 2,FSM,PatrolState,None,1.00,15.7,0
138.37,FSM Enemy 13,FSM,PatrolState,None,1.00,104.3,0
138.37,FSM Enemy 10,FSM,PatrolState,None,1.00,29.3,0
138.37,FSM Enemy 3,FSM,PatrolState,None,1.00,42.4,0
138.37,FSM Enemy 1,FSM,PatrolState,None,1.00,85.5,0
138.37,FSM Enemy 14,FSM,PatrolState,None,1.00,16.3,0
138.37,FSM Enemy 8,FSM,PatrolState,None,1.00,67.4,0
138.37,FSM Enemy 11,FSM,PatrolState,None,0.40,119.4,0
138.37,FSM Enemy 15,FSM,PatrolState,None,0.70,84.3,0
138.37,FSM Enemy 7,FSM,PatrolState,None,1.00,105.0,0
138.37,FSM Enemy 5,FSM,PatrolState,None,0.80,88.1,0
138.37,FSM Enemy 9,FSM,PatrolState,None,1.00,62.2,0
138.37,Utility Enemy 10,Utility,AttackAction,None,1.00,71.2,0
138.37,Utility Enemy 8,Utility,AttackAction,None,1.00,66.8,0
138.37,Utility Enemy 6,Utility,AttackAction,None,1.00,85.9,0
138.37,Utility Enemy 4,Utility,AttackAction,None,1.00,70.1,0
138.37,Utility Enemy 11,Utility,AttackAction,None,1.00,86.8,0
138.37,Utility Enemy 15,Utility,AttackAction,None,1.00,73.3,0
138.37,Utility Enemy 1,Utility,AttackAction,None,1.00,81.8,0
138.37,Utility Enemy 12,Utility,AttackAction,None,1.00,72.8,0
138.37,Utility Enemy 9,Utility,Dead,None,0.00,64.7,0
138.37,Utility Enemy 5,Utility,AttackAction,None,1.00,97.6,0
138.37,Utility Enemy 3,Utility,AttackAction,None,1.00,91.6,0
138.37,Utility Enemy 7,Utility,AttackAction,None,1.00,81.1,0
138.37,Utility Enemy 14,Utility,Dead,None,0.00,56.2,0
138.37,Utility Enemy 2,Utility,AttackAction,None,1.00,27.5,0
138.37,Utility Enemy 13,Utility,AttackAction,None,1.00,63.9,0
138.87,Player,Player,-,None,0.09,,0
138.87,FSM Enemy 6,FSM,PatrolState,None,0.30,87.2,0
138.87,FSM Enemy 12,FSM,PatrolState,None,0.90,73.8,0
138.87,FSM Enemy 4,FSM,Dead,None,0.00,56.7,0
138.87,FSM Enemy 2,FSM,PatrolState,None,1.00,15.2,0
138.87,FSM Enemy 13,FSM,PatrolState,None,1.00,103.2,0
138.87,FSM Enemy 10,FSM,PatrolState,None,1.00,29.6,0
138.87,FSM Enemy 3,FSM,PatrolState,None,1.00,43.5,0
138.87,FSM Enemy 1,FSM,PatrolState,None,1.00,86.7,0
138.87,FSM Enemy 14,FSM,PatrolState,None,1.00,16.0,0
138.87,FSM Enemy 8,FSM,PatrolState,None,1.00,68.3,0
138.87,FSM Enemy 11,FSM,PatrolState,None,0.40,119.0,0
138.87,FSM Enemy 15,FSM,PatrolState,None,0.70,85.3,0
138.87,FSM Enemy 7,FSM,PatrolState,None,1.00,104.8,0
138.87,FSM Enemy 5,FSM,PatrolState,None,0.80,89.3,0
138.87,FSM Enemy 9,FSM,PatrolState,None,1.00,61.2,0
138.87,Utility Enemy 10,Utility,AttackAction,None,1.00,71.2,0
138.87,Utility Enemy 8,Utility,AttackAction,None,1.00,66.8,0
138.87,Utility Enemy 6,Utility,AttackAction,None,1.00,85.9,0
138.87,Utility Enemy 4,Utility,AttackAction,None,1.00,70.1,0
138.87,Utility Enemy 11,Utility,AttackAction,None,1.00,86.8,0
138.87,Utility Enemy 15,Utility,AttackAction,None,1.00,73.3,0
138.87,Utility Enemy 1,Utility,AttackAction,None,1.00,81.8,0
138.87,Utility Enemy 12,Utility,AttackAction,None,1.00,72.8,0
138.87,Utility Enemy 9,Utility,Dead,None,0.00,64.7,0
138.87,Utility Enemy 5,Utility,AttackAction,None,1.00,97.6,0
138.87,Utility Enemy 3,Utility,AttackAction,None,1.00,91.6,0
138.87,Utility Enemy 7,Utility,AttackAction,None,1.00,81.1,0
138.87,Utility Enemy 14,Utility,Dead,None,0.00,56.2,0
138.87,Utility Enemy 2,Utility,AttackAction,None,1.00,27.5,0
138.87,Utility Enemy 13,Utility,AttackAction,None,1.00,63.9,0
139.38,Player,Player,-,None,0.09,,0
139.38,FSM Enemy 6,FSM,PatrolState,None,0.30,86.8,0
139.38,FSM Enemy 12,FSM,PatrolState,None,0.90,73.9,0
139.38,FSM Enemy 4,FSM,Dead,None,0.00,56.7,0
139.38,FSM Enemy 2,FSM,PatrolState,None,1.00,14.6,0
139.38,FSM Enemy 13,FSM,PatrolState,None,1.00,102.2,0
139.38,FSM Enemy 10,FSM,PatrolState,None,1.00,30.0,0
139.38,FSM Enemy 3,FSM,PatrolState,None,1.00,44.5,0
139.38,FSM Enemy 1,FSM,PatrolState,None,1.00,88.0,0
139.38,FSM Enemy 14,FSM,PatrolState,None,1.00,16.8,0
139.38,FSM Enemy 8,FSM,PatrolState,None,1.00,69.2,0
139.38,FSM Enemy 11,FSM,PatrolState,None,0.40,118.6,0
139.38,FSM Enemy 15,FSM,PatrolState,None,0.70,86.2,0
139.38,FSM Enemy 7,FSM,PatrolState,None,1.00,104.6,0
139.38,FSM Enemy 5,FSM,PatrolState,None,0.80,90.4,0
139.38,FSM Enemy 9,FSM,PatrolState,None,1.00,60.2,0
139.38,Utility Enemy 10,Utility,AttackAction,None,1.00,71.2,0
139.38,Utility Enemy 8,Utility,AttackAction,None,1.00,66.8,0
139.38,Utility Enemy 6,Utility,AttackAction,None,1.00,85.9,0
139.38,Utility Enemy 4,Utility,AttackAction,None,1.00,70.1,0
139.38,Utility Enemy 11,Utility,AttackAction,None,1.00,86.8,0
139.38,Utility Enemy 15,Utility,AttackAction,None,1.00,73.3,0
139.38,Utility Enemy 1,Utility,AttackAction,None,1.00,81.8,0
139.38,Utility Enemy 12,Utility,AttackAction,None,1.00,72.8,0
139.38,Utility Enemy 9,Utility,Dead,None,0.00,64.7,0
139.38,Utility Enemy 5,Utility,AttackAction,None,1.00,97.6,0
139.38,Utility Enemy 3,Utility,AttackAction,None,1.00,91.6,0
139.38,Utility Enemy 7,Utility,AttackAction,None,1.00,81.1,0
139.38,Utility Enemy 14,Utility,Dead,None,0.00,56.2,0
139.38,Utility Enemy 2,Utility,AttackAction,None,1.00,27.5,0
139.38,Utility Enemy 13,Utility,AttackAction,None,1.00,63.9,0
139.88,Player,Player,-,None,0.09,,0
139.88,FSM Enemy 6,FSM,PatrolState,None,0.30,86.4,0
139.88,FSM Enemy 12,FSM,PatrolState,None,0.90,73.9,0
139.88,FSM Enemy 4,FSM,Dead,None,0.00,56.7,0
139.88,FSM Enemy 2,FSM,PatrolState,None,1.00,14.1,0
139.88,FSM Enemy 13,FSM,PatrolState,None,1.00,101.2,0
139.88,FSM Enemy 10,FSM,PatrolState,None,1.00,30.4,0
139.88,FSM Enemy 3,FSM,PatrolState,None,1.00,45.5,0
139.88,FSM Enemy 1,FSM,PatrolState,None,1.00,89.0,0
139.88,FSM Enemy 14,FSM,PatrolState,None,1.00,17.7,0
139.88,FSM Enemy 8,FSM,PatrolState,None,1.00,70.1,0
139.88,FSM Enemy 11,FSM,PatrolState,None,0.40,118.3,0
139.88,FSM Enemy 15,FSM,PatrolState,None,0.70,87.2,0
139.88,FSM Enemy 7,FSM,PatrolState,None,1.00,104.5,0
139.88,FSM Enemy 5,FSM,PatrolState,None,0.80,91.6,0
139.88,FSM Enemy 9,FSM,PatrolState,None,1.00,59.0,0
139.88,Utility Enemy 10,Utility,AttackAction,None,1.00,71.2,0
139.88,Utility Enemy 8,Utility,AttackAction,None,1.00,66.8,0
139.88,Utility Enemy 6,Utility,AttackAction,None,1.00,85.9,0
139.88,Utility Enemy 4,Utility,AttackAction,None,1.00,70.1,0
139.88,Utility Enemy 11,Utility,AttackAction,None,1.00,86.8,0
139.88,Utility Enemy 15,Utility,AttackAction,None,1.00,73.3,0
139.88,Utility Enemy 1,Utility,AttackAction,None,1.00,81.8,0
139.88,Utility Enemy 12,Utility,AttackAction,None,1.00,72.8,0
139.88,Utility Enemy 9,Utility,Dead,None,0.00,64.7,0
139.88,Utility Enemy 5,Utility,AttackAction,None,1.00,97.6,0
139.88,Utility Enemy 3,Utility,AttackAction,None,1.00,91.6,0
139.88,Utility Enemy 7,Utility,AttackAction,None,1.00,81.1,0
139.88,Utility Enemy 14,Utility,Dead,None,0.00,56.2,0
139.88,Utility Enemy 2,Utility,AttackAction,None,1.00,27.5,0
139.88,Utility Enemy 13,Utility,AttackAction,None,1.00,63.9,0
140.39,Player,Player,-,None,0.09,,0
140.39,FSM Enemy 6,FSM,PatrolState,None,0.30,85.8,0
140.39,FSM Enemy 12,FSM,PatrolState,None,0.90,74.2,0
140.39,FSM Enemy 4,FSM,Dead,None,0.00,56.7,0
140.39,FSM Enemy 2,FSM,PatrolState,None,1.00,13.8,0
140.39,FSM Enemy 13,FSM,PatrolState,None,1.00,99.9,0
140.39,FSM Enemy 10,FSM,PatrolState,None,1.00,30.8,0
140.39,FSM Enemy 3,FSM,PatrolState,None,1.00,45.7,0
140.39,FSM Enemy 1,FSM,PatrolState,None,1.00,88.1,0
140.39,FSM Enemy 14,FSM,PatrolState,None,1.00,18.6,0
140.39,FSM Enemy 8,FSM,PatrolState,None,1.00,70.9,0
140.39,FSM Enemy 11,FSM,PatrolState,None,0.40,117.9,0
140.39,FSM Enemy 15,FSM,PatrolState,None,0.70,88.1,0
140.39,FSM Enemy 7,FSM,PatrolState,None,1.00,104.3,0
140.39,FSM Enemy 5,FSM,PatrolState,None,0.80,92.7,0
140.39,FSM Enemy 9,FSM,PatrolState,None,1.00,57.8,0
140.39,Utility Enemy 10,Utility,AttackAction,None,1.00,71.1,0
140.39,Utility Enemy 8,Utility,AttackAction,None,1.00,66.7,0
140.39,Utility Enemy 6,Utility,AttackAction,None,1.00,85.8,0
140.39,Utility Enemy 4,Utility,AttackAction,None,1.00,70.1,0
140.39,Utility Enemy 11,Utility,AttackAction,None,1.00,86.8,0
140.39,Utility Enemy 15,Utility,AttackAction,None,1.00,73.2,0
140.39,Utility Enemy 1,Utility,AttackAction,None,1.00,81.7,0
140.39,Utility Enemy 12,Utility,AttackAction,None,1.00,72.8,0
140.39,Utility Enemy 9,Utility,Dead,None,0.00,64.7,0
140.39,Utility Enemy 5,Utility,AttackAction,None,1.00,97.5,0
140.39,Utility Enemy 3,Utility,AttackAction,None,1.00,91.5,0
140.39,Utility Enemy 7,Utility,AttackAction,None,1.00,81.0,0
140.39,Utility Enemy 14,Utility,Dead,None,0.00,56.2,0
140.39,Utility Enemy 2,Utility,AttackAction,None,1.00,27.5,0
140.39,Utility Enemy 13,Utility,AttackAction,None,1.00,63.9,0
140.89,Player,Player,-,None,0.09,,0
140.89,FSM Enemy 6,FSM,PatrolState,None,0.20,85.5,0
140.89,FSM Enemy 12,FSM,PatrolState,None,0.90,74.5,0
140.89,FSM Enemy 4,FSM,Dead,None,0.00,56.6,0
140.89,FSM Enemy 2,FSM,PatrolState,None,1.00,13.4,0
140.89,FSM Enemy 13,FSM,PatrolState,None,1.00,98.5,0
140.89,FSM Enemy 10,FSM,PatrolState,None,1.00,31.1,0
140.89,FSM Enemy 3,FSM,PatrolState,None,1.00,45.6,0
140.89,FSM Enemy 1,FSM,PatrolState,None,1.00,86.7,0
140.89,FSM Enemy 14,FSM,PatrolState,None,1.00,19.6,0
140.89,FSM Enemy 8,FSM,PatrolState,None,1.00,71.6,0
140.89,FSM Enemy 11,FSM,PatrolState,None,0.40,117.3,0
140.89,FSM Enemy 15,FSM,PatrolState,None,0.70,88.8,0
140.89,FSM Enemy 7,FSM,PatrolState,None,1.00,104.0,0
140.89,FSM Enemy 5,FSM,PatrolState,None,0.80,93.5,0
140.89,FSM Enemy 9,FSM,PatrolState,None,1.00,56.6,0
140.89,Utility Enemy 10,Utility,AttackAction,None,1.00,71.1,0
140.89,Utility Enemy 8,Utility,AttackAction,None,1.00,66.6,0
140.89,Utility Enemy 6,Utility,AttackAction,None,1.00,85.6,0
140.89,Utility Enemy 4,Utility,AttackAction,None,1.00,69.9,0
140.89,Utility Enemy 11,Utility,AttackAction,None,1.00,86.7,0
140.89,Utility Enemy 15,Utility,AttackAction,None,1.00,73.0,0
140.89,Utility Enemy 1,Utility,AttackAction,None,1.00,81.5,0
140.89,Utility Enemy 12,Utility,AttackAction,None,1.00,72.7,0
140.89,Utility Enemy 9,Utility,Dead,None,0.00,64.6,0
140.89,Utility Enemy 5,Utility,AttackAction,None,1.00,97.3,0
140.89,Utility Enemy 3,Utility,AttackAction,None,1.00,91.3,0
140.89,Utility Enemy 7,Utility,AttackAction,None,1.00,81.0,0
140.89,Utility Enemy 14,Utility,Dead,None,0.00,56.1,0
140.89,Utility Enemy 2,Utility,AttackAction,None,1.00,27.3,0
140.89,Utility Enemy 13,Utility,AttackAction,None,1.00,63.8,0
141.39,Player,Player,-,None,0.09,,0
141.39,FSM Enemy 6,FSM,PatrolState,None,0.20,85.0,0
141.39,FSM Enemy 12,FSM,PatrolState,None,0.90,74.8,0
141.39,FSM Enemy 4,FSM,Dead,None,0.00,56.5,0
141.39,FSM Enemy 2,FSM,PatrolState,None,1.00,13.2,0
141.39,FSM Enemy 13,FSM,PatrolState,None,1.00,97.1,0
141.39,FSM Enemy 10,FSM,PatrolState,None,1.00,31.7,0
141.39,FSM Enemy 3,FSM,PatrolState,None,1.00,45.7,0
141.39,FSM Enemy 1,FSM,PatrolState,None,1.00,85.4,0
141.39,FSM Enemy 14,FSM,PatrolState,None,1.00,20.5,0
141.39,FSM Enemy 8,FSM,PatrolState,None,1.00,72.1,0
141.39,FSM Enemy 11,FSM,PatrolState,None,0.40,116.2,0
141.39,FSM Enemy 15,FSM,PatrolState,None,0.70,89.7,0
141.39,FSM Enemy 7,FSM,PatrolState,None,1.00,103.7,0
141.39,FSM Enemy 5,FSM,PatrolState,None,0.80,92.6,0
141.39,FSM Enemy 9,FSM,PatrolState,None,1.00,55.7,0
141.39,Utility Enemy 10,Utility,AttackAction,None,1.00,71.0,0
141.39,Utility Enemy 8,Utility,AttackAction,None,1.00,66.6,0
141.39,Utility Enemy 6,Utility,AttackAction,None,1.00,85.5,0
141.39,Utility Enemy 4,Utility,AttackAction,None,1.00,69.7,0
141.39,Utility Enemy 11,Utility,AttackAction,None,1.00,86.6,0
141.39,Utility Enemy 15,Utility,AttackAction,None,1.00,72.9,0
141.39,Utility Enemy 1,Utility,AttackAction,None,1.00,81.3,0
141.39,Utility Enemy 12,Utility,AttackAction,None,1.00,72.7,0
141.39,Utility Enemy 9,Utility,Dead,None,0.00,64.5,0
141.39,Utility Enemy 5,Utility,AttackAction,None,1.00,97.2,0
141.39,Utility Enemy 3,Utility,AttackAction,None,1.00,91.2,0
141.39,Utility Enemy 7,Utility,AttackAction,None,1.00,80.9,0
141.39,Utility Enemy 14,Utility,Dead,None,0.00,56.1,0
141.39,Utility Enemy 2,Utility,AttackAction,None,1.00,27.1,0
141.39,Utility Enemy 13,Utility,AttackAction,None,1.00,63.7,0
141.89,Player,Player,-,None,0.09,,0
141.89,FSM Enemy 6,FSM,PatrolState,None,0.20,84.6,0
141.89,FSM Enemy 12,FSM,PatrolState,None,0.90,75.2,0
141.89,FSM Enemy 4,FSM,Dead,None,0.00,56.5,0
141.89,FSM Enemy 2,FSM,PatrolState,None,1.00,13.2,0
141.89,FSM Enemy 13,FSM,PatrolState,None,1.00,95.8,0
141.89,FSM Enemy 10,FSM,PatrolState,None,1.00,32.3,0
141.89,FSM Enemy 3,FSM,PatrolState,None,1.00,45.7,0
141.89,FSM Enemy 1,FSM,PatrolState,None,1.00,84.2,0
141.89,FSM Enemy 14,FSM,PatrolState,None,1.00,21.6,0
141.89,FSM Enemy 8,FSM,PatrolState,None,1.00,71.5,0
141.89,FSM Enemy 11,FSM,PatrolState,None,0.40,115.0,0
141.89,FSM Enemy 15,FSM,PatrolState,None,0.70,90.7,0
141.89,FSM Enemy 7,FSM,PatrolState,None,1.00,103.6,0
141.89,FSM Enemy 5,FSM,PatrolState,None,0.80,91.3,0
141.89,FSM Enemy 9,FSM,PatrolState,None,1.00,55.9,0
141.89,Utility Enemy 10,Utility,AttackAction,None,1.00,71.0,0
141.89,Utility Enemy 8,Utility,AttackAction,None,1.00,66.6,0
141.89,Utility Enemy 6,Utility,AttackAction,None,1.00,85.5,0
141.89,Utility Enemy 4,Utility,AttackAction,None,1.00,69.7,0
141.89,Utility Enemy 11,Utility,AttackAction,None,1.00,86.6,0
141.89,Utility Enemy 15,Utility,AttackAction,None,1.00,72.9,0
141.89,Utility Enemy 1,Utility,AttackAction,None,1.00,81.3,0
141.89,Utility Enemy 12,Utility,AttackAction,None,1.00,72.7,0
141.89,Utility Enemy 9,Utility,Dead,None,0.00,64.5,0
141.89,Utility Enemy 5,Utility,AttackAction,None,1.00,97.2,0
141.89,Utility Enemy 3,Utility,AttackAction,None,1.00,91.2,0
141.89,Utility Enemy 7,Utility,AttackAction,None,1.00,80.9,0
141.89,Utility Enemy 14,Utility,Dead,None,0.00,56.1,0
141.89,Utility Enemy 2,Utility,AttackAction,None,1.00,27.1,0
141.89,Utility Enemy 13,Utility,AttackAction,None,1.00,63.7,0
142.40,Player,Player,-,None,0.09,,0
142.40,FSM Enemy 6,FSM,PatrolState,None,0.20,84.2,0
142.40,FSM Enemy 12,FSM,PatrolState,None,0.90,75.6,0
142.40,FSM Enemy 4,FSM,Dead,None,0.00,56.5,0
142.40,FSM Enemy 2,FSM,PatrolState,None,1.00,13.1,0
142.40,FSM Enemy 13,FSM,PatrolState,None,1.00,94.6,0
142.40,FSM Enemy 10,FSM,PatrolState,None,1.00,32.0,0
142.40,FSM Enemy 3,FSM,PatrolState,None,1.00,45.3,0
142.40,FSM Enemy 1,FSM,PatrolState,None,1.00,83.0,0
142.40,FSM Enemy 14,FSM,PatrolState,None,1.00,22.6,0
142.40,FSM Enemy 8,FSM,PatrolState,None,1.00,70.9,0
142.40,FSM Enemy 11,FSM,PatrolState,None,0.40,113.9,0
142.40,FSM Enemy 15,FSM,PatrolState,None,0.70,91.6,0
142.40,FSM Enemy 7,FSM,PatrolState,None,1.00,103.6,0
142.40,FSM Enemy 5,FSM,PatrolState,None,0.80,90.1,0
142.40,FSM Enemy 9,FSM,PatrolState,None,1.00,56.1,0
142.40,Utility Enemy 10,Utility,AttackAction,None,1.00,71.0,0
142.40,Utility Enemy 8,Utility,AttackAction,None,1.00,66.6,0
142.40,Utility Enemy 6,Utility,AttackAction,None,1.00,85.5,0
142.40,Utility Enemy 4,Utility,AttackAction,None,1.00,69.7,0
142.40,Utility Enemy 11,Utility,AttackAction,None,1.00,86.6,0
142.40,Utility Enemy 15,Utility,AttackAction,None,1.00,72.9,0
142.40,Utility Enemy 1,Utility,AttackAction,None,1.00,81.3,0
142.40,Utility Enemy 12,Utility,AttackAction,None,1.00,72.7,0
142.40,Utility Enemy 9,Utility,Dead,None,0.00,64.5,0
142.40,Utility Enemy 5,Utility,AttackAction,None,1.00,97.2,0
142.40,Utility Enemy 3,Utility,AttackAction,None,1.00,91.2,0
142.40,Utility Enemy 7,Utility,AttackAction,None,1.00,80.9,0
142.40,Utility Enemy 14,Utility,Dead,None,0.00,56.1,0
142.40,Utility Enemy 2,Utility,AttackAction,None,1.00,27.1,0
142.40,Utility Enemy 13,Utility,AttackAction,None,1.00,63.7,0
142.90,Player,Player,-,None,0.09,,0
142.90,FSM Enemy 6,FSM,PatrolState,None,0.20,83.8,0
142.90,FSM Enemy 12,FSM,PatrolState,None,0.90,76.0,0
142.90,FSM Enemy 4,FSM,Dead,None,0.00,56.5,0
142.90,FSM Enemy 2,FSM,PatrolState,None,1.00,13.1,0
142.90,FSM Enemy 13,FSM,PatrolState,None,1.00,94.9,0
142.90,FSM Enemy 10,FSM,PatrolState,None,1.00,31.8,0
142.90,FSM Enemy 3,FSM,PatrolState,None,1.00,44.9,0
142.90,FSM Enemy 1,FSM,PatrolState,None,1.00,81.8,0
142.90,FSM Enemy 14,FSM,PatrolState,None,1.00,23.7,0
142.90,FSM Enemy 8,FSM,PatrolState,None,1.00,71.8,0
142.90,FSM Enemy 11,FSM,PatrolState,None,0.40,112.8,0
142.90,FSM Enemy 15,FSM,PatrolState,None,0.70,92.6,0
142.90,FSM Enemy 7,FSM,PatrolState,None,1.00,103.5,0
142.90,FSM Enemy 5,FSM,PatrolState,None,0.80,88.9,0
142.90,FSM Enemy 9,FSM,PatrolState,None,1.00,56.4,0
142.90,Utility Enemy 10,Utility,AttackAction,None,1.00,71.0,0
142.90,Utility Enemy 8,Utility,AttackAction,None,1.00,66.6,0
142.90,Utility Enemy 6,Utility,AttackAction,None,1.00,85.5,0
142.90,Utility Enemy 4,Utility,AttackAction,None,1.00,69.7,0
142.90,Utility Enemy 11,Utility,AttackAction,None,1.00,86.6,0
142.90,Utility Enemy 15,Utility,AttackAction,None,1.00,72.9,0
142.90,Utility Enemy 1,Utility,AttackAction,None,1.00,81.3,0
142.90,Utility Enemy 12,Utility,AttackAction,None,1.00,72.7,0
142.90,Utility Enemy 9,Utility,Dead,None,0.00,64.5,0
142.90,Utility Enemy 5,Utility,AttackAction,None,1.00,97.2,0
142.90,Utility Enemy 3,Utility,AttackAction,None,1.00,91.2,0
142.90,Utility Enemy 7,Utility,AttackAction,None,1.00,80.9,0
142.90,Utility Enemy 14,Utility,Dead,None,0.00,56.1,0
142.90,Utility Enemy 2,Utility,Dead,None,0.00,27.1,0
142.90,Utility Enemy 13,Utility,AttackAction,None,1.00,63.7,0
143.40,Player,Player,-,None,0.09,,0
143.40,FSM Enemy 6,FSM,PatrolState,None,0.20,83.2,0
143.40,FSM Enemy 12,FSM,PatrolState,None,0.90,76.5,0
143.40,FSM Enemy 4,FSM,Dead,None,0.00,56.5,0
143.40,FSM Enemy 2,FSM,PatrolState,None,1.00,13.3,0
143.40,FSM Enemy 13,FSM,PatrolState,None,1.00,95.7,0
143.40,FSM Enemy 10,FSM,PatrolState,None,1.00,31.5,0
143.40,FSM Enemy 3,FSM,PatrolState,None,1.00,44.6,0
143.40,FSM Enemy 1,FSM,PatrolState,None,1.00,80.6,0
143.40,FSM Enemy 14,FSM,PatrolState,None,1.00,24.8,0
143.40,FSM Enemy 8,FSM,PatrolState,None,1.00,72.0,0
143.40,FSM Enemy 11,FSM,PatrolState,None,0.40,111.7,0
143.40,FSM Enemy 15,FSM,PatrolState,None,0.70,93.6,0
143.40,FSM Enemy 7,FSM,PatrolState,None,1.00,104.0,0
143.40,FSM Enemy 5,FSM,PatrolState,None,0.80,87.6,0
143.40,FSM Enemy 9,FSM,PatrolState,None,1.00,56.7,0
143.40,Utility Enemy 10,Utility,AttackAction,None,1.00,71.0,0
143.40,Utility Enemy 8,Utility,AttackAction,None,1.00,66.6,0
143.40,Utility Enemy 6,Utility,AttackAction,None,1.00,85.5,0
143.40,Utility Enemy 4,Utility,AttackAction,None,1.00,69.7,0
143.40,Utility Enemy 11,Utility,AttackAction,None,1.00,86.6,0
143.40,Utility Enemy 15,Utility,AttackAction,None,1.00,72.9,0
143.40,Utility Enemy 1,Utility,AttackAction,None,1.00,81.3,0
143.40,Utility Enemy 12,Utility,AttackAction,None,1.00,72.7,0
143.40,Utility Enemy 9,Utility,Dead,None,0.00,64.5,0
143.40,Utility Enemy 5,Utility,AttackAction,None,1.00,97.2,0
143.40,Utility Enemy 3,Utility,AttackAction,None,1.00,91.2,0
143.40,Utility Enemy 7,Utility,AttackAction,None,1.00,80.9,0
143.40,Utility Enemy 14,Utility,Dead,None,0.00,56.1,0
143.40,Utility Enemy 2,Utility,Dead,None,0.00,27.1,0
143.40,Utility Enemy 13,Utility,AttackAction,None,1.00,63.7,0
143.91,Player,Player,-,None,0.09,,0
143.91,FSM Enemy 6,FSM,PatrolState,None,0.20,82.6,0
143.91,FSM Enemy 12,FSM,PatrolState,None,0.90,77.5,0
143.91,FSM Enemy 4,FSM,Dead,None,0.00,56.5,0
143.91,FSM Enemy 2,FSM,PatrolState,None,1.00,13.5,0
143.91,FSM Enemy 13,FSM,PatrolState,None,1.00,96.5,0
143.91,FSM Enemy 10,FSM,PatrolState,None,1.00,31.4,0
143.91,FSM Enemy 3,FSM,PatrolState,None,1.00,44.2,0
143.91,FSM Enemy 1,FSM,PatrolState,None,1.00,79.4,0
143.91,FSM Enemy 14,FSM,PatrolState,None,1.00,25.9,0
143.91,FSM Enemy 8,FSM,PatrolState,None,1.00,71.0,0
143.91,FSM Enemy 11,FSM,PatrolState,None,0.40,110.6,0
143.91,FSM Enemy 15,FSM,PatrolState,None,0.70,94.6,0
143.91,FSM Enemy 7,FSM,PatrolState,None,1.00,105.1,0
143.91,FSM Enemy 5,FSM,PatrolState,None,0.80,86.4,0
143.91,FSM Enemy 9,FSM,PatrolState,None,1.00,57.0,0
143.91,Utility Enemy 10,Utility,AttackAction,None,1.00,71.0,0
143.91,Utility Enemy 8,Utility,AttackAction,None,1.00,66.6,0
143.91,Utility Enemy 6,Utility,AttackAction,None,1.00,85.5,0
143.91,Utility Enemy 4,Utility,AttackAction,None,1.00,69.7,0
143.91,Utility Enemy 11,Utility,AttackAction,None,1.00,86.6,0
143.91,Utility Enemy 15,Utility,AttackAction,None,1.00,72.9,0
143.91,Utility Enemy 1,Utility,AttackAction,None,1.00,81.3,0
143.91,Utility Enemy 12,Utility,AttackAction,None,1.00,72.7,0
143.91,Utility Enemy 9,Utility,Dead,None,0.00,64.5,0
143.91,Utility Enemy 5,Utility,AttackAction,None,1.00,97.2,0
143.91,Utility Enemy 3,Utility,AttackAction,None,1.00,91.2,0
143.91,Utility Enemy 7,Utility,AttackAction,None,1.00,80.9,0
143.91,Utility Enemy 14,Utility,Dead,None,0.00,56.1,0
143.91,Utility Enemy 2,Utility,Dead,None,0.00,27.1,0
143.91,Utility Enemy 13,Utility,AttackAction,None,1.00,63.7,0
144.41,Player,Player,-,None,0.09,,0
144.41,FSM Enemy 6,FSM,PatrolState,None,0.20,82.0,0
144.41,FSM Enemy 12,FSM,PatrolState,None,0.90,78.7,0
144.41,FSM Enemy 4,FSM,Dead,None,0.00,56.5,0
144.41,FSM Enemy 2,FSM,PatrolState,None,1.00,13.6,0
144.41,FSM Enemy 13,FSM,PatrolState,None,1.00,97.3,0
144.41,FSM Enemy 10,FSM,PatrolState,None,1.00,31.3,0
144.41,FSM Enemy 3,FSM,PatrolState,None,1.00,43.9,0
144.41,FSM Enemy 1,FSM,PatrolState,None,1.00,78.2,0
144.41,FSM Enemy 14,FSM,PatrolState,None,1.00,26.8,0
144.41,FSM Enemy 8,FSM,PatrolState,None,1.00,69.8,0
144.41,FSM Enemy 11,FSM,PatrolState,None,0.40,109.5,0
144.41,FSM Enemy 15,FSM,PatrolState,None,0.70,93.8,0
144.41,FSM Enemy 7,FSM,PatrolState,None,1.00,106.2,0
144.41,FSM Enemy 5,FSM,PatrolState,None,0.80,85.8,0
144.41,FSM Enemy 9,FSM,PatrolState,None,1.00,57.4,0
144.41,Utility Enemy 10,Utility,AttackAction,None,1.00,71.0,0
144.41,Utility Enemy 8,Utility,AttackAction,None,1.00,66.6,0
144.41,Utility Enemy 6,Utility,AttackAction,None,1.00,85.5,0
144.41,Utility Enemy 4,Utility,AttackAction,None,1.00,69.7,0
144.41,Utility Enemy 11,Utility,AttackAction,None,1.00,86.6,0
144.41,Utility Enemy 15,Utility,AttackAction,None,1.00,72.9,0
144.41,Utility Enemy 1,Utility,AttackAction,None,1.00,81.3,0
144.41,Utility Enemy 12,Utility,AttackAction,None,1.00,72.7,0
144.41,Utility Enemy 9,Utility,Dead,None,0.00,64.5,0
144.41,Utility Enemy 5,Utility,AttackAction,None,1.00,97.2,0
144.41,Utility Enemy 3,Utility,AttackAction,None,1.00,91.2,0
144.41,Utility Enemy 7,Utility,AttackAction,None,1.00,80.9,0
144.41,Utility Enemy 14,Utility,AttackAction,None,1.00,98.2,0
144.41,Utility Enemy 2,Utility,Dead,None,0.00,27.1,0
144.41,Utility Enemy 13,Utility,AttackAction,None,1.00,63.7,0
144.92,Player,Player,-,WallDisappear,0.09,,0
144.92,FSM Enemy 6,FSM,ChaseState,WallDisappear,0.20,81.4,0
144.92,FSM Enemy 12,FSM,ChaseState,WallDisappear,0.90,80.0,0
144.92,FSM Enemy 4,FSM,Dead,WallDisappear,0.00,56.5,0
144.92,FSM Enemy 2,FSM,ChaseState,WallDisappear,1.00,13.1,0
144.92,FSM Enemy 13,FSM,ChaseState,WallDisappear,1.00,98.2,0
144.92,FSM Enemy 10,FSM,ChaseState,WallDisappear,1.00,31.2,0
144.92,FSM Enemy 3,FSM,ChaseState,WallDisappear,1.00,43.6,0
144.92,FSM Enemy 1,FSM,ChaseState,WallDisappear,1.00,77.1,0
144.92,FSM Enemy 14,FSM,ChaseState,WallDisappear,1.00,27.3,0
144.92,FSM Enemy 8,FSM,ChaseState,WallDisappear,1.00,68.6,0
144.92,FSM Enemy 11,FSM,ChaseState,WallDisappear,0.40,108.4,0
144.92,FSM Enemy 15,FSM,ChaseState,WallDisappear,0.70,92.5,0
144.92,FSM Enemy 7,FSM,ChaseState,WallDisappear,1.00,107.3,0
144.92,FSM Enemy 5,FSM,ChaseState,WallDisappear,0.80,86.8,0
144.92,FSM Enemy 9,FSM,ChaseState,WallDisappear,1.00,57.8,0
144.92,Utility Enemy 10,Utility,AttackAction,WallDisappear,1.00,71.0,0
144.92,Utility Enemy 8,Utility,AttackAction,WallDisappear,1.00,66.6,0
144.92,Utility Enemy 6,Utility,AttackAction,WallDisappear,1.00,85.5,0
144.92,Utility Enemy 4,Utility,AttackAction,WallDisappear,1.00,69.7,0
144.92,Utility Enemy 11,Utility,AttackAction,WallDisappear,1.00,86.6,0
144.92,Utility Enemy 15,Utility,AttackAction,WallDisappear,1.00,72.9,0
144.92,Utility Enemy 1,Utility,AttackAction,WallDisappear,1.00,81.3,0
144.92,Utility Enemy 12,Utility,AttackAction,WallDisappear,1.00,72.7,0
144.92,Utility Enemy 9,Utility,Dead,WallDisappear,0.00,64.5,0
144.92,Utility Enemy 5,Utility,AttackAction,WallDisappear,1.00,97.2,0
144.92,Utility Enemy 3,Utility,AttackAction,WallDisappear,1.00,91.2,0
144.92,Utility Enemy 7,Utility,AttackAction,WallDisappear,1.00,80.9,0
144.92,Utility Enemy 14,Utility,ChaseAction,WallDisappear,1.00,98.2,0
144.92,Utility Enemy 2,Utility,Dead,WallDisappear,0.00,27.1,0
144.92,Utility Enemy 13,Utility,AttackAction,WallDisappear,1.00,63.7,0
145.42,Player,Player,-,WallDisappear,0.09,,0
145.42,FSM Enemy 6,FSM,ChaseState,WallDisappear,0.20,80.9,0
145.42,FSM Enemy 12,FSM,ChaseState,WallDisappear,0.90,78.9,0
145.42,FSM Enemy 4,FSM,Dead,WallDisappear,0.00,56.5,0
145.42,FSM Enemy 2,FSM,ChaseState,WallDisappear,1.00,12.9,0
145.42,FSM Enemy 13,FSM,ChaseState,WallDisappear,1.00,97.9,0
145.42,FSM Enemy 10,FSM,ChaseState,WallDisappear,1.00,31.0,0
145.42,FSM Enemy 3,FSM,Dead,WallDisappear,0.00,42.7,0
145.42,FSM Enemy 1,FSM,ChaseState,WallDisappear,1.00,75.8,0
145.42,FSM Enemy 14,FSM,ChaseState,WallDisappear,1.00,26.1,0
145.42,FSM Enemy 8,FSM,ChaseState,WallDisappear,1.00,67.4,0
145.42,FSM Enemy 11,FSM,ChaseState,WallDisappear,0.40,107.1,0
145.42,FSM Enemy 15,FSM,ChaseState,WallDisappear,0.70,91.2,0
145.42,FSM Enemy 7,FSM,ChaseState,WallDisappear,1.00,107.4,0
145.42,FSM Enemy 5,FSM,ChaseState,WallDisappear,0.80,87.0,0
145.42,FSM Enemy 9,FSM,ChaseState,WallDisappear,1.00,58.3,0
145.42,Utility Enemy 10,Utility,ChaseAction,WallDisappear,1.00,70.4,0
145.42,Utility Enemy 8,Utility,ChaseAction,WallDisappear,1.00,66.5,0
145.42,Utility Enemy 6,Utility,ChaseAction,WallDisappear,1.00,85.9,0
145.42,Utility Enemy 4,Utility,ChaseAction,WallDisappear,1.00,70.0,0
145.42,Utility Enemy 11,Utility,ChaseAction,WallDisappear,1.00,86.4,0
145.42,Utility Enemy 15,Utility,ChaseAction,WallDisappear,1.00,72.5,0
145.42,Utility Enemy 1,Utility,ChaseAction,WallDisappear,1.00,80.5,0
145.42,Utility Enemy 12,Utility,ChaseAction,WallDisappear,1.00,72.4,0
145.42,Utility Enemy 9,Utility,Dead,WallDisappear,0.00,64.5,0
145.42,Utility Enemy 5,Utility,ChaseAction,WallDisappear,1.00,96.9,0
145.42,Utility Enemy 3,Utility,ChaseAction,WallDisappear,1.00,90.1,0
145.42,Utility Enemy 7,Utility,ChaseAction,WallDisappear,1.00,80.8,0
145.42,Utility Enemy 14,Utility,ChaseAction,WallDisappear,1.00,97.0,0
145.42,Utility Enemy 2,Utility,Dead,WallDisappear,0.00,27.1,0
145.42,Utility Enemy 13,Utility,ChaseAction,WallDisappear,1.00,63.8,0
145.93,Player,Player,-,WallDisappear,0.09,,0
145.93,FSM Enemy 6,FSM,ChaseState,WallDisappear,0.20,80.1,0
145.93,FSM Enemy 12,FSM,ChaseState,WallDisappear,0.90,76.9,0
145.93,FSM Enemy 4,FSM,Dead,WallDisappear,0.00,56.5,0
145.93,FSM Enemy 2,FSM,ChaseState,WallDisappear,1.00,13.2,0
145.93,FSM Enemy 13,FSM,ChaseState,WallDisappear,1.00,95.8,0
145.93,FSM Enemy 10,FSM,ChaseState,WallDisappear,1.00,29.4,0
145.93,FSM Enemy 3,FSM,Dead,WallDisappear,0.00,42.7,0
145.93,FSM Enemy 1,FSM,ChaseState,WallDisappear,1.00,73.6,0
145.93,FSM Enemy 14,FSM,ChaseState,WallDisappear,1.00,24.2,0
145.93,FSM Enemy 8,FSM,ChaseState,WallDisappear,1.00,65.4,0
145.93,FSM Enemy 11,FSM,ChaseState,WallDisappear,0.40,104.8,0
145.93,FSM Enemy 15,FSM,ChaseState,WallDisappear,0.70,90.0,0
145.93,FSM Enemy 7,FSM,ChaseState,WallDisappear,1.00,106.9,0
145.93,FSM Enemy 5,FSM,ChaseState,WallDisappear,0.80,86.9,0
145.93,FSM Enemy 9,FSM,ChaseState,WallDisappear,1.00,59.0,0
145.93,Utility Enemy 10,Utility,ChaseAction,WallDisappear,1.00,69.2,0
145.93,Utility Enemy 8,Utility,ChaseAction,WallDisappear,1.00,66.1,0
145.93,Utility Enemy 6,Utility,ChaseAction,WallDisappear,1.00,87.3,0
145.93,Utility Enemy 4,Utility,ChaseAction,WallDisappear,1.00,70.7,0
145.93,Utility Enemy 11,Utility,ChaseAction,WallDisappear,1.00,84.4,0
145.93,Utility Enemy 15,Utility,ChaseAction,WallDisappear,1.00,70.3,0
145.93,Utility Enemy 1,Utility,ChaseAction,WallDisappear,1.00,78.3,0
145.93,Utility Enemy 12,Utility,ChaseAction,WallDisappear,1.00,71.2,0
145.93,Utility Enemy 9,Utility,Dead,WallDisappear,0.00,64.5,0
145.93,Utility Enemy 5,Utility,ChaseAction,WallDisappear,1.00,95.4,0
145.93,Utility Enemy 3,Utility,ChaseAction,WallDisappear,1.00,88.1,0
145.93,Utility Enemy 7,Utility,ChaseAction,WallDisappear,1.00,80.5,0
145.93,Utility Enemy 14,Utility,ChaseAction,WallDisappear,1.00,94.7,0
145.93,Utility Enemy 2,Utility,Dead,WallDisappear,0.00,27.1,0
145.93,Utility Enemy 13,Utility,ChaseAction,WallDisappear,1.00,64.1,0
146.43,Player,Player,-,WallDisappear,0.09,,0
146.43,FSM Enemy 6,FSM,ChaseState,WallDisappear,0.20,79.4,0
146.43,FSM Enemy 12,FSM,ChaseState,WallDisappear,0.90,75.0,0
146.43,FSM Enemy 4,FSM,Dead,WallDisappear,0.00,56.5,0
146.43,FSM Enemy 2,FSM,ChaseState,WallDisappear,1.00,13.9,0
146.43,FSM Enemy 13,FSM,ChaseState,WallDisappear,1.00,93.6,0
146.43,FSM Enemy 10,FSM,ChaseState,WallDisappear,1.00,27.5,0
146.43,FSM Enemy 3,FSM,Dead,WallDisappear,0.00,42.7,0
146.43,FSM Enemy 1,FSM,ChaseState,WallDisappear,1.00,71.5,0
146.43,FSM Enemy 14,FSM,ChaseState,WallDisappear,1.00,22.3,0
146.43,FSM Enemy 8,FSM,ChaseState,WallDisappear,1.00,64.4,0
146.43,FSM Enemy 11,FSM,ChaseState,WallDisappear,0.40,102.6,0
146.43,FSM Enemy 15,FSM,ChaseState,WallDisappear,0.70,88.9,0
146.43,FSM Enemy 7,FSM,ChaseState,WallDisappear,1.00,106.5,0
146.43,FSM Enemy 5,FSM,ChaseState,WallDisappear,0.80,86.8,0
146.43,FSM Enemy 9,FSM,ChaseState,WallDisappear,1.00,59.7,0
146.43,Utility Enemy 10,Utility,ChaseAction,WallDisappear,1.00,68.5,0
146.43,Utility Enemy 8,Utility,ChaseAction,WallDisappear,1.00,65.7,0
146.43,Utility Enemy 6,Utility,ChaseAction,WallDisappear,1.00,88.6,0
146.43,Utility Enemy 4,Utility,ChaseAction,WallDisappear,1.00,72.7,0
146.43,Utility Enemy 11,Utility,ChaseAction,WallDisappear,1.00,82.2,0
146.43,Utility Enemy 15,Utility,ChaseAction,WallDisappear,1.00,68.2,0
146.43,Utility Enemy 1,Utility,ChaseAction,WallDisappear,1.00,76.6,0
146.43,Utility Enemy 12,Utility,ChaseAction,WallDisappear,1.00,70.1,0
146.43,Utility Enemy 9,Utility,ChaseAction,WallDisappear,1.00,35.9,0
146.43,Utility Enemy 5,Utility,ChaseAction,WallDisappear,1.00,93.6,0
146.43,Utility Enemy 3,Utility,ChaseAction,WallDisappear,1.00,86.2,0
146.43,Utility Enemy 7,Utility,ChaseAction,WallDisappear,1.00,80.0,0
146.43,Utility Enemy 14,Utility,ChaseAction,WallDisappear,1.00,92.5,0
146.43,Utility Enemy 2,Utility,Dead,WallDisappear,0.00,27.1,0
146.43,Utility Enemy 13,Utility,ChaseAction,WallDisappear,1.00,64.5,0
146.93,Player,Player,-,WallDisappear,0.09,,0
146.93,FSM Enemy 6,FSM,ChaseState,WallDisappear,0.20,78.7,0
146.93,FSM Enemy 12,FSM,ChaseState,WallDisappear,0.90,73.1,0
146.93,FSM Enemy 4,FSM,Dead,WallDisappear,0.00,56.5,0
146.93,FSM Enemy 2,FSM,ChaseState,WallDisappear,1.00,14.9,0
146.93,FSM Enemy 13,FSM,ChaseState,WallDisappear,1.00,91.4,0
146.93,FSM Enemy 10,FSM,ChaseState,WallDisappear,1.00,25.5,0
146.93,FSM Enemy 3,FSM,Dead,WallDisappear,0.00,42.7,0
146.93,FSM Enemy 1,FSM,ChaseState,WallDisappear,1.00,69.3,0
146.93,FSM Enemy 14,FSM,ChaseState,WallDisappear,1.00,20.5,0
146.93,FSM Enemy 8,FSM,ChaseState,WallDisappear,1.00,63.3,0
146.93,FSM Enemy 11,FSM,ChaseState,WallDisappear,0.40,100.3,0
146.93,FSM Enemy 15,FSM,ChaseState,WallDisappear,0.70,87.8,0
146.93,FSM Enemy 7,FSM,ChaseState,WallDisappear,1.00,106.3,0
146.93,FSM Enemy 5,FSM,ChaseState,WallDisappear,0.80,86.7,0
146.93,FSM Enemy 9,FSM,ChaseState,WallDisappear,1.00,60.5,0
146.93,Utility Enemy 10,Utility,ChaseAction,WallDisappear,1.00,67.8,0
146.93,Utility Enemy 8,Utility,ChaseAction,WallDisappear,1.00,65.3,0
146.93,Utility Enemy 6,Utility,ChaseAction,WallDisappear,1.00,90.1,0
146.93,Utility Enemy 4,Utility,ChaseAction,WallDisappear,1.00,74.8,0
146.93,Utility Enemy 11,Utility,ChaseAction,WallDisappear,1.00,80.0,0
146.93,Utility Enemy 15,Utility,ChaseAction,WallDisappear,1.00,66.0,0
146.93,Utility Enemy 1,Utility,ChaseAction,WallDisappear,1.00,75.0,0
146.93,Utility Enemy 12,Utility,ChaseAction,WallDisappear,1.00,69.0,0
146.93,Utility Enemy 9,Utility,ChaseAction,WallDisappear,1.00,36.9,0
146.93,Utility Enemy 5,Utility,ChaseAction,WallDisappear,1.00,91.8,0
146.93,Utility Enemy 3,Utility,ChaseAction,WallDisappear,1.00,84.2,0
146.93,Utility Enemy 7,Utility,ChaseAction,WallDisappear,1.00,78.1,0
146.93,Utility Enemy 14,Utility,ChaseAction,WallDisappear,1.00,90.3,0
146.93,Utility Enemy 2,Utility,Dead,WallDisappear,0.00,27.1,0
146.93,Utility Enemy 13,Utility,ChaseAction,WallDisappear,1.00,64.9,0
147.44,Player,Player,-,WallDisappear,0.09,,0
147.44,FSM Enemy 6,FSM,ChaseState,WallDisappear,0.20,78.1,0
147.44,FSM Enemy 12,FSM,ChaseState,WallDisappear,0.90,71.3,0
147.44,FSM Enemy 4,FSM,Dead,WallDisappear,0.00,56.5,0
147.44,FSM Enemy 2,FSM,ChaseState,WallDisappear,1.00,16.1,0
147.44,FSM Enemy 13,FSM,ChaseState,WallDisappear,1.00,89.2,0
147.44,FSM Enemy 10,FSM,ChaseState,WallDisappear,1.00,23.6,0
147.44,FSM Enemy 3,FSM,Dead,WallDisappear,0.00,42.7,0
147.44,FSM Enemy 1,FSM,ChaseState,WallDisappear,1.00,67.2,0
147.44,FSM Enemy 14,FSM,ChaseState,WallDisappear,1.00,18.8,0
147.44,FSM Enemy 8,FSM,ChaseState,WallDisappear,1.00,62.4,0
147.44,FSM Enemy 11,FSM,ChaseState,WallDisappear,0.40,98.1,0
147.44,FSM Enemy 15,FSM,ChaseState,WallDisappear,0.70,86.9,0
147.44,FSM Enemy 7,FSM,ChaseState,WallDisappear,1.00,106.3,0
147.44,FSM Enemy 5,FSM,ChaseState,WallDisappear,0.80,86.7,0
147.44,FSM Enemy 9,FSM,ChaseState,WallDisappear,1.00,60.2,0
147.44,Utility Enemy 10,Utility,ChaseAction,WallDisappear,1.00,67.2,0
147.44,Utility Enemy 8,Utility,ChaseAction,WallDisappear,1.00,65.1,0
147.44,Utility Enemy 6,Utility,ChaseAction,WallDisappear,1.00,91.4,0
147.44,Utility Enemy 4,Utility,ChaseAction,WallDisappear,1.00,76.9,0
147.44,Utility Enemy 11,Utility,ChaseAction,WallDisappear,1.00,77.8,0
147.44,Utility Enemy 15,Utility,ChaseAction,WallDisappear,1.00,64.0,0
147.44,Utility Enemy 1,Utility,ChaseAction,WallDisappear,1.00,73.4,0
147.44,Utility Enemy 12,Utility,ChaseAction,WallDisappear,1.00,68.0,0
147.44,Utility Enemy 9,Utility,ChaseAction,WallDisappear,1.00,38.2,0
147.44,Utility Enemy 5,Utility,ChaseAction,WallDisappear,1.00,90.0,0
147.44,Utility Enemy 3,Utility,ChaseAction,WallDisappear,1.00,82.3,0
147.44,Utility Enemy 7,Utility,ChaseAction,WallDisappear,1.00,76.1,0
147.44,Utility Enemy 14,Utility,ChaseAction,WallDisappear,1.00,88.1,0
147.44,Utility Enemy 2,Utility,Dead,WallDisappear,0.00,27.1,0
147.44,Utility Enemy 13,Utility,ChaseAction,WallDisappear,1.00,65.5,0
147.94,Player,Player,-,WallDisappear,0.09,,0
147.94,FSM Enemy 6,FSM,ChaseState,WallDisappear,0.20,77.6,0
147.94,FSM Enemy 12,FSM,ChaseState,WallDisappear,0.90,69.4,0
147.94,FSM Enemy 4,FSM,Dead,WallDisappear,0.00,56.5,0
147.94,FSM Enemy 2,FSM,ChaseState,WallDisappear,1.00,17.5,0
147.94,FSM Enemy 13,FSM,ChaseState,WallDisappear,1.00,87.0,0
147.94,FSM Enemy 10,FSM,ChaseState,WallDisappear,1.00,21.9,0
147.94,FSM Enemy 3,FSM,Dead,WallDisappear,0.00,42.7,0
147.94,FSM Enemy 1,FSM,ChaseState,WallDisappear,1.00,65.1,0
147.94,FSM Enemy 14,FSM,ChaseState,WallDisappear,1.00,17.2,0
147.94,FSM Enemy 8,FSM,ChaseState,WallDisappear,1.00,61.8,0
147.94,FSM Enemy 11,FSM,ChaseState,WallDisappear,0.40,95.8,0
147.94,FSM Enemy 15,FSM,ChaseState,WallDisappear,0.70,86.1,0
147.94,FSM Enemy 7,FSM,ChaseState,WallDisappear,1.00,106.3,0
147.94,FSM Enemy 5,FSM,ChaseState,WallDisappear,0.80,86.7,0
147.94,FSM Enemy 9,FSM,ChaseState,WallDisappear,1.00,59.1,0
147.94,Utility Enemy 10,Utility,ChaseAction,WallDisappear,1.00,66.6,0
147.94,Utility Enemy 8,Utility,ChaseAction,WallDisappear,1.00,64.9,0
147.94,Utility Enemy 6,Utility,ChaseAction,WallDisappear,1.00,92.9,0
147.94,Utility Enemy 4,Utility,ChaseAction,WallDisappear,1.00,79.1,0
147.94,Utility Enemy 11,Utility,ChaseAction,WallDisappear,1.00,75.7,0
147.94,Utility Enemy 15,Utility,ChaseAction,WallDisappear,1.00,62.2,0
147.94,Utility Enemy 1,Utility,ChaseAction,WallDisappear,1.00,71.9,0
147.94,Utility Enemy 12,Utility,ChaseAction,WallDisappear,1.00,67.1,0
147.94,Utility Enemy 9,Utility,ChaseAction,WallDisappear,1.00,39.7,0
147.94,Utility Enemy 5,Utility,ChaseAction,WallDisappear,1.00,88.3,0
147.94,Utility Enemy 3,Utility,ChaseAction,WallDisappear,1.00,80.3,0
147.94,Utility Enemy 7,Utility,ChaseAction,WallDisappear,1.00,74.2,0
147.94,Utility Enemy 14,Utility,ChaseAction,WallDisappear,1.00,85.9,0
147.94,Utility Enemy 2,Utility,Dead,WallDisappear,0.00,27.1,0
147.94,Utility Enemy 13,Utility,ChaseAction,WallDisappear,1.00,66.1,0
148.44,Player,Player,-,WallDisappear,0.09,,0
148.44,FSM Enemy 6,FSM,ChaseState,WallDisappear,0.20,77.1,0
148.44,FSM Enemy 12,FSM,ChaseState,WallDisappear,0.90,67.6,0
148.44,FSM Enemy 4,FSM,Dead,WallDisappear,0.00,56.5,0
148.44,FSM Enemy 2,FSM,ChaseState,WallDisappear,1.00,18.9,0
148.44,FSM Enemy 13,FSM,ChaseState,WallDisappear,1.00,84.8,0
148.44,FSM Enemy 10,FSM,ChaseState,WallDisappear,1.00,20.4,0
148.44,FSM Enemy 3,FSM,Dead,WallDisappear,0.00,42.7,0
148.44,FSM Enemy 1,FSM,ChaseState,WallDisappear,1.00,64.6,0
148.44,FSM Enemy 14,FSM,ChaseState,WallDisappear,1.00,15.8,0
148.44,FSM Enemy 8,FSM,ChaseState,WallDisappear,1.00,61.3,0
148.44,FSM Enemy 11,FSM,ChaseState,WallDisappear,0.40,93.6,0
148.44,FSM Enemy 15,FSM,ChaseState,WallDisappear,0.70,85.2,0
148.44,FSM Enemy 7,FSM,ChaseState,WallDisappear,1.00,106.3,0
148.44,FSM Enemy 5,FSM,ChaseState,WallDisappear,0.80,86.7,0
148.44,FSM Enemy 9,FSM,ChaseState,WallDisappear,1.00,59.1,0
148.44,Utility Enemy 10,Utility,ChaseAction,WallDisappear,1.00,66.1,0
148.44,Utility Enemy 8,Utility,ChaseAction,WallDisappear,1.00,64.8,0
148.44,Utility Enemy 6,Utility,ChaseAction,WallDisappear,1.00,94.5,0
148.44,Utility Enemy 4,Utility,ChaseAction,WallDisappear,1.00,81.1,0
148.44,Utility Enemy 11,Utility,ChaseAction,WallDisappear,1.00,73.5,0
148.44,Utility Enemy 15,Utility,ChaseAction,WallDisappear,1.00,60.3,0
148.44,Utility Enemy 1,Utility,ChaseAction,WallDisappear,1.00,70.3,0
148.44,Utility Enemy 12,Utility,ChaseAction,WallDisappear,1.00,66.6,0
148.44,Utility Enemy 9,Utility,ChaseAction,WallDisappear,1.00,41.2,0
148.44,Utility Enemy 5,Utility,ChaseAction,WallDisappear,1.00,86.6,0
148.44,Utility Enemy 3,Utility,ChaseAction,WallDisappear,1.00,78.1,0
148.44,Utility Enemy 7,Utility,ChaseAction,WallDisappear,1.00,72.3,0
148.44,Utility Enemy 14,Utility,ChaseAction,WallDisappear,1.00,83.7,0
148.44,Utility Enemy 2,Utility,Dead,WallDisappear,0.00,27.1,0
148.44,Utility Enemy 13,Utility,ChaseAction,WallDisappear,1.00,66.8,0
148.94,Player,Player,-,WallDisappear,0.09,,0
148.94,FSM Enemy 6,FSM,ChaseState,WallDisappear,0.20,76.7,0
148.94,FSM Enemy 12,FSM,ChaseState,WallDisappear,0.90,66.7,0
148.94,FSM Enemy 4,FSM,Dead,WallDisappear,0.00,56.5,0
148.94,FSM Enemy 2,FSM,ChaseState,WallDisappear,1.00,20.5,0
148.94,FSM Enemy 13,FSM,ChaseState,WallDisappear,1.00,82.7,0
148.94,FSM Enemy 10,FSM,ChaseState,WallDisappear,1.00,19.1,0
148.94,FSM Enemy 3,FSM,Dead,WallDisappear,0.00,42.7,0
148.94,FSM Enemy 1,FSM,ChaseState,WallDisappear,1.00,64.6,0
148.94,FSM Enemy 14,FSM,ChaseState,WallDisappear,1.00,14.7,0
148.94,FSM Enemy 8,FSM,ChaseState,WallDisappear,1.00,60.1,0
148.94,FSM Enemy 11,FSM,ChaseState,WallDisappear,0.40,91.4,0
148.94,FSM Enemy 15,FSM,ChaseState,WallDisappear,0.70,84.2,0
148.94,FSM Enemy 7,FSM,ChaseState,WallDisappear,1.00,106.3,0
148.94,FSM Enemy 5,FSM,ChaseState,WallDisappear,0.80,86.7,0
148.94,FSM Enemy 9,FSM,ChaseState,WallDisappear,1.00,59.1,0
148.94,Utility Enemy 10,Utility,ChaseAction,WallDisappear,1.00,65.7,0
148.94,Utility Enemy 8,Utility,ChaseAction,WallDisappear,1.00,64.8,0
148.94,Utility Enemy 6,Utility,ChaseAction,WallDisappear,1.00,96.4,0
148.94,Utility Enemy 4,Utility,ChaseAction,WallDisappear,1.00,81.5,0
148.94,Utility Enemy 11,Utility,ChaseAction,WallDisappear,1.00,71.5,0
148.94,Utility Enemy 15,Utility,ChaseAction,WallDisappear,1.00,59.4,0
148.94,Utility Enemy 1,Utility,ChaseAction,WallDisappear,1.00,68.8,0
148.94,Utility Enemy 12,Utility,ChaseAction,WallDisappear,1.00,66.1,0
148.94,Utility Enemy 9,Utility,ChaseAction,WallDisappear,1.00,42.8,0
148.94,Utility Enemy 5,Utility,ChaseAction,WallDisappear,1.00,85.0,0
148.94,Utility Enemy 3,Utility,ChaseAction,WallDisappear,1.00,75.9,0
148.94,Utility Enemy 7,Utility,ChaseAction,WallDisappear,1.00,70.4,0
148.94,Utility Enemy 14,Utility,ChaseAction,WallDisappear,1.00,81.5,0
148.94,Utility Enemy 2,Utility,Dead,WallDisappear,0.00,27.1,0
148.94,Utility Enemy 13,Utility,ChaseAction,WallDisappear,1.00,67.5,0
149.44,Player,Player,-,WallDisappear,0.09,,0
149.44,FSM Enemy 6,FSM,ChaseState,WallDisappear,0.20,75.6,0
149.44,FSM Enemy 12,FSM,ChaseState,WallDisappear,0.90,66.2,0
149.44,FSM Enemy 4,FSM,PatrolState,WallDisappear,1.00,42.7,0
149.44,FSM Enemy 2,FSM,ChaseState,WallDisappear,1.00,22.3,0
149.44,FSM Enemy 13,FSM,ChaseState,WallDisappear,1.00,80.6,0
149.44,FSM Enemy 10,FSM,ChaseState,WallDisappear,1.00,18.0,0
149.44,FSM Enemy 3,FSM,Dead,WallDisappear,0.00,42.7,0
149.44,FSM Enemy 1,FSM,ChaseState,WallDisappear,1.00,64.6,0
149.44,FSM Enemy 14,FSM,ChaseState,WallDisappear,1.00,14.5,0
149.44,FSM Enemy 8,FSM,ChaseState,WallDisappear,1.00,59.2,0
149.44,FSM Enemy 11,FSM,ChaseState,WallDisappear,0.40,89.1,0
149.44,FSM Enemy 15,FSM,ChaseState,WallDisappear,0.70,83.3,0
149.44,FSM Enemy 7,FSM,ChaseState,WallDisappear,1.00,106.3,0
149.44,FSM Enemy 5,FSM,ChaseState,WallDisappear,0.80,86.7,0
149.44,FSM Enemy 9,FSM,ChaseState,WallDisappear,1.00,59.1,0
149.44,Utility Enemy 10,Utility,ChaseAction,WallDisappear,1.00,65.4,0
149.44,Utility Enemy 8,Utility,ChaseAction,WallDisappear,1.00,64.8,0
149.44,Utility Enemy 6,Utility,ChaseAction,WallDisappear,1.00,98.6,0
149.44,Utility Enemy 4,Utility,ChaseAction,WallDisappear,1.00,81.5,0
149.44,Utility Enemy 11,Utility,ChaseAction,WallDisappear,1.00,69.6,0
149.44,Utility Enemy 15,Utility,ChaseAction,WallDisappear,1.00,57.3,0
149.44,Utility Enemy 1,Utility,ChaseAction,WallDisappear,1.00,68.0,0
149.44,Utility Enemy 12,Utility,ChaseAction,WallDisappear,1.00,65.7,0
149.44,Utility Enemy 9,Utility,ChaseAction,WallDisappear,1.00,44.5,0
149.44,Utility Enemy 5,Utility,ChaseAction,WallDisappear,1.00,83.3,0
149.44,Utility Enemy 3,Utility,ChaseAction,WallDisappear,1.00,73.7,0
149.44,Utility Enemy 7,Utility,ChaseAction,WallDisappear,1.00,68.6,0
149.44,Utility Enemy 14,Utility,ChaseAction,WallDisappear,1.00,79.2,0
149.44,Utility Enemy 2,Utility,Dead,WallDisappear,0.00,27.1,0
149.44,Utility Enemy 13,Utility,ChaseAction,WallDisappear,1.00,68.3,0
149.95,Player,Player,-,None,0.09,,0
149.95,FSM Enemy 6,FSM,PatrolState,None,0.20,74.2,0
149.95,FSM Enemy 12,FSM,PatrolState,None,0.90,65.8,0
149.95,FSM Enemy 4,FSM,PatrolState,None,1.00,42.1,0
149.95,FSM Enemy 2,FSM,PatrolState,None,1.00,24.1,0
149.95,FSM Enemy 13,FSM,PatrolState,None,1.00,78.6,0
149.95,FSM Enemy 10,FSM,PatrolState,None,1.00,17.2,0
149.95,FSM Enemy 3,FSM,Dead,None,0.00,42.7,0
149.95,FSM Enemy 1,FSM,PatrolState,None,1.00,64.6,0
149.95,FSM Enemy 14,FSM,PatrolState,None,1.00,14.5,0
149.95,FSM Enemy 8,FSM,PatrolState,None,1.00,59.2,0
149.95,FSM Enemy 11,FSM,PatrolState,None,0.40,87.0,0
149.95,FSM Enemy 15,FSM,PatrolState,None,0.70,83.1,0
149.95,FSM Enemy 7,FSM,PatrolState,None,1.00,106.3,0
149.95,FSM Enemy 5,FSM,PatrolState,None,0.80,86.7,0
149.95,FSM Enemy 9,FSM,PatrolState,None,1.00,59.1,0
149.95,Utility Enemy 10,Utility,ChaseAction,None,1.00,65.2,0
149.95,Utility Enemy 8,Utility,AttackAction,None,1.00,65.0,0
149.95,Utility Enemy 6,Utility,ChaseAction,None,1.00,100.8,0
149.95,Utility Enemy 4,Utility,ChaseAction,None,1.00,81.5,0
149.95,Utility Enemy 11,Utility,AttackAction,None,1.00,67.8,0
149.95,Utility Enemy 15,Utility,AttackAction,None,1.00,55.1,0
149.95,Utility Enemy 1,Utility,ChaseAction,None,1.00,68.0,0
149.95,Utility Enemy 12,Utility,AttackAction,None,1.00,65.4,0
149.95,Utility Enemy 9,Utility,AttackAction,None,1.00,46.3,0
149.95,Utility Enemy 5,Utility,AttackAction,None,1.00,81.8,0
149.95,Utility Enemy 3,Utility,ChaseAction,None,1.00,71.5,0
149.95,Utility Enemy 7,Utility,AttackAction,None,1.00,67.0,0
149.95,Utility Enemy 14,Utility,ChaseAction,None,1.00,77.0,0
149.95,Utility Enemy 2,Utility,Dead,None,0.00,27.1,0
149.95,Utility Enemy 13,Utility,AttackAction,None,1.00,69.2,0
150.45,Player,Player,-,None,0.09,,0
150.45,FSM Enemy 6,FSM,PatrolState,None,0.20,74.9,0
150.45,FSM Enemy 12,FSM,PatrolState,None,0.90,66.8,0
150.45,FSM Enemy 4,FSM,PatrolState,None,1.00,42.1,0
150.45,FSM Enemy 2,FSM,PatrolState,None,1.00,24.5,0
150.45,FSM Enemy 13,FSM,PatrolState,None,1.00,79.2,0
150.45,FSM Enemy 10,FSM,PatrolState,None,1.00,17.0,0
150.45,FSM Enemy 3,FSM,Dead,None,0.00,42.7,0
150.45,FSM Enemy 1,FSM,PatrolState,None,1.00,65.6,0
150.45,FSM Enemy 14,FSM,PatrolState,None,1.00,14.9,0
150.45,FSM Enemy 8,FSM,PatrolState,None,1.00,59.9,0
150.45,FSM Enemy 11,FSM,PatrolState,None,0.40,87.9,0
150.45,FSM Enemy 15,FSM,PatrolState,None,0.70,83.3,0
150.45,FSM Enemy 7,FSM,PatrolState,None,1.00,105.9,0
150.45,FSM Enemy 5,FSM,PatrolState,None,0.80,86.2,0
150.45,FSM Enemy 9,FSM,PatrolState,None,1.00,59.8,0
150.45,Utility Enemy 10,Utility,AttackAction,None,1.00,64.9,0
150.45,Utility Enemy 8,Utility,AttackAction,None,1.00,65.0,0
150.45,Utility Enemy 6,Utility,AttackAction,None,1.00,102.3,0
150.45,Utility Enemy 4,Utility,AttackAction,None,1.00,81.5,0
150.45,Utility Enemy 11,Utility,AttackAction,None,1.00,67.3,0
150.45,Utility Enemy 15,Utility,AttackAction,None,1.00,54.5,0
150.45,Utility Enemy 1,Utility,AttackAction,None,1.00,68.0,0
150.45,Utility Enemy 12,Utility,AttackAction,None,1.00,65.3,0
150.45,Utility Enemy 9,Utility,AttackAction,None,1.00,46.9,0
150.45,Utility Enemy 5,Utility,AttackAction,None,1.00,81.3,0
150.45,Utility Enemy 3,Utility,AttackAction,None,1.00,70.4,0
150.45,Utility Enemy 7,Utility,AttackAction,None,1.00,66.6,0
150.45,Utility Enemy 14,Utility,AttackAction,None,1.00,76.0,0
150.45,Utility Enemy 2,Utility,Dead,None,0.00,27.1,0
150.45,Utility Enemy 13,Utility,AttackAction,None,1.00,69.5,0
150.95,Player,Player,-,None,0.09,,0
150.95,FSM Enemy 6,FSM,PatrolState,None,0.20,75.7,0
150.95,FSM Enemy 12,FSM,PatrolState,None,0.90,68.0,0
150.95,FSM Enemy 4,FSM,PatrolState,None,1.00,42.5,0
150.95,FSM Enemy 2,FSM,PatrolState,None,1.00,23.8,0
150.95,FSM Enemy 13,FSM,PatrolState,None,0.90,80.0,0
150.95,FSM Enemy 10,FSM,PatrolState,None,1.00,17.4,0
150.95,FSM Enemy 3,FSM,Dead,None,0.00,42.7,0
150.95,FSM Enemy 1,FSM,PatrolState,None,1.00,66.8,0
150.95,FSM Enemy 14,FSM,PatrolState,None,1.00,15.7,0
150.95,FSM Enemy 8,FSM,PatrolState,None,1.00,60.7,0
150.95,FSM Enemy 11,FSM,PatrolState,None,0.40,88.9,0
150.95,FSM Enemy 15,FSM,PatrolState,None,0.70,83.0,0
150.95,FSM Enemy 7,FSM,PatrolState,None,1.00,105.5,0
150.95,FSM Enemy 5,FSM,PatrolState,None,0.80,85.6,0
150.95,FSM Enemy 9,FSM,PatrolState,None,1.00,60.6,0
150.95,Utility Enemy 10,Utility,AttackAction,None,1.00,64.9,0
150.95,Utility Enemy 8,Utility,AttackAction,None,1.00,65.0,0
150.95,Utility Enemy 6,Utility,AttackAction,None,1.00,102.3,0
150.95,Utility Enemy 4,Utility,AttackAction,None,1.00,81.5,0
150.95,Utility Enemy 11,Utility,AttackAction,None,1.00,67.3,0
150.95,Utility Enemy 15,Utility,AttackAction,None,1.00,54.5,0
150.95,Utility Enemy 1,Utility,AttackAction,None,1.00,68.0,0
150.95,Utility Enemy 12,Utility,AttackAction,None,1.00,65.3,0
150.95,Utility Enemy 9,Utility,AttackAction,None,1.00,46.9,0
150.95,Utility Enemy 5,Utility,AttackAction,None,1.00,81.3,0
150.95,Utility Enemy 3,Utility,AttackAction,None,1.00,70.4,0
150.95,Utility Enemy 7,Utility,AttackAction,None,1.00,66.6,0
150.95,Utility Enemy 14,Utility,AttackAction,None,1.00,76.0,0
150.95,Utility Enemy 2,Utility,Dead,None,0.00,27.1,0
150.95,Utility Enemy 13,Utility,AttackAction,None,1.00,69.5,0
151.45,Player,Player,-,None,0.09,,0
151.45,FSM Enemy 6,FSM,PatrolState,None,0.20,76.5,0
151.45,FSM Enemy 12,FSM,PatrolState,None,0.90,69.2,0
151.45,FSM Enemy 4,FSM,PatrolState,None,1.00,42.8,0
151.45,FSM Enemy 2,FSM,PatrolState,None,1.00,23.0,0
151.45,FSM Enemy 13,FSM,PatrolState,None,0.80,80.4,0
151.45,FSM Enemy 10,FSM,PatrolState,None,1.00,17.9,0
151.45,FSM Enemy 3,FSM,Dead,None,0.00,42.7,0
151.45,FSM Enemy 1,FSM,PatrolState,None,1.00,68.1,0
151.45,FSM Enemy 14,FSM,PatrolState,None,1.00,16.5,0
151.45,FSM Enemy 8,FSM,PatrolState,None,1.00,59.9,0
151.45,FSM Enemy 11,FSM,PatrolState,None,0.40,89.9,0
151.45,FSM Enemy 15,FSM,PatrolState,None,0.70,82.7,0
151.45,FSM Enemy 7,FSM,PatrolState,None,1.00,105.1,0
151.45,FSM Enemy 5,FSM,PatrolState,None,0.80,85.0,0
151.45,FSM Enemy 9,FSM,PatrolState,None,1.00,60.1,0
151.45,Utility Enemy 10,Utility,AttackAction,None,1.00,64.9,0
151.45,Utility Enemy 8,Utility,AttackAction,None,1.00,65.0,0
151.45,Utility Enemy 6,Utility,AttackAction,None,1.00,102.3,0
151.45,Utility Enemy 4,Utility,AttackAction,None,1.00,81.5,0
151.45,Utility Enemy 11,Utility,AttackAction,None,1.00,67.3,0
151.45,Utility Enemy 15,Utility,AttackAction,None,1.00,54.5,0
151.45,Utility Enemy 1,Utility,AttackAction,None,1.00,68.0,0
151.45,Utility Enemy 12,Utility,AttackAction,None,1.00,65.3,0
151.45,Utility Enemy 9,Utility,AttackAction,None,1.00,46.9,0
151.45,Utility Enemy 5,Utility,AttackAction,None,1.00,81.3,0
151.45,Utility Enemy 3,Utility,AttackAction,None,1.00,70.4,0
151.45,Utility Enemy 7,Utility,AttackAction,None,1.00,66.6,0
151.45,Utility Enemy 14,Utility,AttackAction,None,1.00,76.0,0
151.45,Utility Enemy 2,Utility,Dead,None,0.00,27.1,0
151.45,Utility Enemy 13,Utility,AttackAction,None,1.00,69.5,0
151.95,Player,Player,-,None,0.09,,0
151.95,FSM Enemy 6,FSM,PatrolState,None,0.20,76.7,0
151.95,FSM Enemy 12,FSM,PatrolState,None,0.90,70.3,0
151.95,FSM Enemy 4,FSM,PatrolState,None,1.00,43.2,0
151.95,FSM Enemy 2,FSM,PatrolState,None,1.00,22.3,0
151.95,FSM Enemy 13,FSM,PatrolState,None,0.80,81.0,0
151.95,FSM Enemy 10,FSM,PatrolState,None,1.00,18.4,0
151.95,FSM Enemy 3,FSM,Dead,None,0.00,42.7,0
151.95,FSM Enemy 1,FSM,PatrolState,None,1.00,69.3,0
151.95,FSM Enemy 14,FSM,PatrolState,None,1.00,17.4,0
151.95,FSM Enemy 8,FSM,PatrolState,None,1.00,59.0,0
151.95,FSM Enemy 11,FSM,PatrolState,None,0.40,90.9,0
151.95,FSM Enemy 15,FSM,PatrolState,None,0.70,82.5,0
151.95,FSM Enemy 7,FSM,PatrolState,None,1.00,104.7,0
151.95,FSM Enemy 5,FSM,PatrolState,None,0.80,84.4,0
151.95,FSM Enemy 9,FSM,PatrolState,None,1.00,59.1,0
151.95,Utility Enemy 10,Utility,AttackAction,None,1.00,64.9,0
151.95,Utility Enemy 8,Utility,AttackAction,None,1.00,65.0,0
151.95,Utility Enemy 6,Utility,AttackAction,None,1.00,102.3,0
151.95,Utility Enemy 4,Utility,AttackAction,None,1.00,81.5,0
151.95,Utility Enemy 11,Utility,AttackAction,None,1.00,67.3,0
151.95,Utility Enemy 15,Utility,AttackAction,None,1.00,54.5,0
151.95,Utility Enemy 1,Utility,AttackAction,None,0.25,68.0,0
151.95,Utility Enemy 12,Utility,AttackAction,None,1.00,65.3,0
151.95,Utility Enemy 9,Utility,AttackAction,None,1.00,46.9,0
151.95,Utility Enemy 5,Utility,AttackAction,None,1.00,81.3,0
151.95,Utility Enemy 3,Utility,AttackAction,None,1.00,70.4,0
151.95,Utility Enemy 7,Utility,AttackAction,None,1.00,66.6,0
151.95,Utility Enemy 14,Utility,AttackAction,None,1.00,76.0,0
151.95,Utility Enemy 2,Utility,Dead,None,0.00,27.1,0
151.95,Utility Enemy 13,Utility,AttackAction,None,1.00,69.5,0
152.46,Player,Player,-,None,0.09,,0
152.46,FSM Enemy 6,FSM,PatrolState,None,0.20,76.8,0
152.46,FSM Enemy 12,FSM,PatrolState,None,0.90,71.4,0
152.46,FSM Enemy 4,FSM,PatrolState,None,1.00,43.6,0
152.46,FSM Enemy 2,FSM,PatrolState,None,1.00,21.6,0
152.46,FSM Enemy 13,FSM,PatrolState,None,0.80,81.8,0
152.46,FSM Enemy 10,FSM,PatrolState,None,1.00,19.0,0
152.46,FSM Enemy 3,FSM,Dead,None,0.00,42.7,0
152.46,FSM Enemy 1,FSM,PatrolState,None,1.00,70.5,0
152.46,FSM Enemy 14,FSM,PatrolState,None,1.00,18.3,0
152.46,FSM Enemy 8,FSM,PatrolState,None,1.00,57.8,0
152.46,FSM Enemy 11,FSM,PatrolState,None,0.40,92.0,0
152.46,FSM Enemy 15,FSM,PatrolState,None,0.70,82.4,0
152.46,FSM Enemy 7,FSM,PatrolState,None,1.00,104.3,0
152.46,FSM Enemy 5,FSM,PatrolState,None,0.80,83.8,0
152.46,FSM Enemy 9,FSM,PatrolState,None,1.00,58.2,0
152.46,Utility Enemy 10,Utility,AttackAction,None,1.00,64.9,0
152.46,Utility Enemy 8,Utility,AttackAction,None,1.00,65.0,0
152.46,Utility Enemy 6,Utility,AttackAction,None,1.00,102.3,0
152.46,Utility Enemy 4,Utility,AttackAction,None,1.00,81.5,0
152.46,Utility Enemy 11,Utility,AttackAction,None,1.00,67.3,0
152.46,Utility Enemy 15,Utility,AttackAction,None,1.00,54.5,0
152.46,Utility Enemy 1,Utility,Dead,None,0.00,68.0,0
152.46,Utility Enemy 12,Utility,AttackAction,None,1.00,65.3,0
152.46,Utility Enemy 9,Utility,AttackAction,None,1.00,46.9,0
152.46,Utility Enemy 5,Utility,AttackAction,None,1.00,81.3,0
152.46,Utility Enemy 3,Utility,AttackAction,None,1.00,70.4,0
152.46,Utility Enemy 7,Utility,AttackAction,None,1.00,66.6,0
152.46,Utility Enemy 14,Utility,AttackAction,None,1.00,76.0,0
152.46,Utility Enemy 2,Utility,Dead,None,0.00,27.1,0
152.46,Utility Enemy 13,Utility,AttackAction,None,1.00,69.5,0
152.96,Player,Player,-,None,0.09,,0
152.96,FSM Enemy 6,FSM,PatrolState,None,0.20,77.0,0
152.96,FSM Enemy 12,FSM,PatrolState,None,0.90,72.5,0
152.96,FSM Enemy 4,FSM,PatrolState,None,1.00,44.0,0
152.96,FSM Enemy 2,FSM,PatrolState,None,1.00,21.0,0
152.96,FSM Enemy 13,FSM,PatrolState,None,0.80,83.0,0
152.96,FSM Enemy 10,FSM,PatrolState,None,1.00,19.7,0
152.96,FSM Enemy 3,FSM,Dead,None,0.00,42.7,0
152.96,FSM Enemy 1,FSM,PatrolState,None,1.00,71.7,0
152.96,FSM Enemy 14,FSM,PatrolState,None,1.00,19.2,0
152.96,FSM Enemy 8,FSM,PatrolState,None,1.00,56.8,0
152.96,FSM Enemy 11,FSM,PatrolState,None,0.40,93.0,0
152.96,FSM Enemy 15,FSM,PatrolState,None,0.70,82.2,0
152.96,FSM Enemy 7,FSM,PatrolState,None,1.00,103.9,0
152.96,FSM Enemy 5,FSM,PatrolState,None,0.80,83.2,0
152.96,FSM Enemy 9,FSM,PatrolState,None,1.00,57.3,0
152.96,Utility Enemy 10,Utility,AttackAction,None,1.00,64.9,0
152.96,Utility Enemy 8,Utility,AttackAction,None,1.00,65.0,0
152.96,Utility Enemy 6,Utility,AttackAction,None,1.00,102.3,0
152.96,Utility Enemy 4,Utility,AttackAction,None,1.00,81.5,0
152.96,Utility Enemy 11,Utility,AttackAction,None,1.00,67.3,0
152.96,Utility Enemy 15,Utility,AttackAction,None,1.00,54.5,0
152.96,Utility Enemy 1,Utility,Dead,None,0.00,68.0,0
152.96,Utility Enemy 12,Utility,AttackAction,None,1.00,65.3,0
152.96,Utility Enemy 9,Utility,AttackAction,None,1.00,46.9,0
152.96,Utility Enemy 5,Utility,AttackAction,None,1.00,81.3,0
152.96,Utility Enemy 3,Utility,AttackAction,None,1.00,70.4,0
152.96,Utility Enemy 7,Utility,AttackAction,None,1.00,66.6,0
152.96,Utility Enemy 14,Utility,AttackAction,None,1.00,76.0,0
152.96,Utility Enemy 2,Utility,Dead,None,0.00,27.1,0
152.96,Utility Enemy 13,Utility,AttackAction,None,1.00,69.5,0
153.47,Player,Player,-,None,0.09,,0
153.47,FSM Enemy 6,FSM,PatrolState,None,0.20,77.1,0
153.47,FSM Enemy 12,FSM,PatrolState,None,0.90,73.5,0
153.47,FSM Enemy 4,FSM,PatrolState,None,1.00,44.5,0
153.47,FSM Enemy 2,FSM,PatrolState,None,1.00,20.4,0
153.47,FSM Enemy 13,FSM,PatrolState,None,0.80,84.2,0
153.47,FSM Enemy 10,FSM,PatrolState,None,1.00,20.4,0
153.47,FSM Enemy 3,FSM,Dead,None,0.00,42.7,0
153.47,FSM Enemy 1,FSM,PatrolState,None,1.00,73.0,0
153.47,FSM Enemy 14,FSM,PatrolState,None,1.00,20.2,0
153.47,FSM Enemy 8,FSM,PatrolState,None,1.00,55.8,0
153.47,FSM Enemy 11,FSM,PatrolState,None,0.40,94.1,0
153.47,FSM Enemy 15,FSM,PatrolState,None,0.70,82.0,0
153.47,FSM Enemy 7,FSM,PatrolState,None,1.00,103.5,0
153.47,FSM Enemy 5,FSM,PatrolState,None,0.80,82.6,0
153.47,FSM Enemy 9,FSM,PatrolState,None,1.00,56.3,0
153.47,Utility Enemy 10,Utility,AttackAction,None,1.00,64.9,0
153.47,Utility Enemy 8,Utility,AttackAction,None,1.00,65.0,0
153.47,Utility Enemy 6,Utility,AttackAction,None,1.00,102.3,0
153.47,Utility Enemy 4,Utility,AttackAction,None,1.00,81.5,0
153.47,Utility Enemy 11,Utility,AttackAction,None,1.00,67.3,0
153.47,Utility Enemy 15,Utility,AttackAction,None,1.00,54.5,0
153.47,Utility Enemy 1,Utility,Dead,None,0.00,68.0,0
153.47,Utility Enemy 12,Utility,AttackAction,None,1.00,65.3,0
153.47,Utility Enemy 9,Utility,AttackAction,None,1.00,46.9,0
153.47,Utility Enemy 5,Utility,AttackAction,None,1.00,81.3,0
153.47,Utility Enemy 3,Utility,AttackAction,None,1.00,70.4,0
153.47,Utility Enemy 7,Utility,AttackAction,None,1.00,66.6,0
153.47,Utility Enemy 14,Utility,AttackAction,None,1.00,76.0,0
153.47,Utility Enemy 2,Utility,Dead,None,0.00,27.1,0
153.47,Utility Enemy 13,Utility,AttackAction,None,1.00,69.5,0
153.97,Player,Player,-,None,0.09,,0
153.97,FSM Enemy 6,FSM,PatrolState,None,0.20,77.3,0
153.97,FSM Enemy 12,FSM,PatrolState,None,0.90,74.6,0
153.97,FSM Enemy 4,FSM,PatrolState,None,1.00,45.0,0
153.97,FSM Enemy 2,FSM,PatrolState,None,1.00,19.7,0
153.97,FSM Enemy 13,FSM,PatrolState,None,0.80,85.4,0
153.97,FSM Enemy 10,FSM,PatrolState,None,1.00,21.2,0
153.97,FSM Enemy 3,FSM,Dead,None,0.00,42.7,0
153.97,FSM Enemy 1,FSM,Dead,None,0.00,74.0,0
153.97,FSM Enemy 14,FSM,PatrolState,None,1.00,21.2,0
153.97,FSM Enemy 8,FSM,PatrolState,None,1.00,54.9,0
153.97,FSM Enemy 11,FSM,PatrolState,None,0.40,95.1,0
153.97,FSM Enemy 15,FSM,PatrolState,None,0.70,81.9,0
153.97,FSM Enemy 7,FSM,PatrolState,None,1.00,103.2,0
153.97,FSM Enemy 5,FSM,PatrolState,None,0.80,82.2,0
153.97,FSM Enemy 9,FSM,PatrolState,None,1.00,55.4,0
153.97,Utility Enemy 10,Utility,AttackAction,None,1.00,64.9,0
153.97,Utility Enemy 8,Utility,AttackAction,None,1.00,65.0,0
153.97,Utility Enemy 6,Utility,AttackAction,None,1.00,102.3,0
153.97,Utility Enemy 4,Utility,AttackAction,None,1.00,81.5,0
153.97,Utility Enemy 11,Utility,AttackAction,None,1.00,67.3,0
153.97,Utility Enemy 15,Utility,AttackAction,None,1.00,54.5,0
153.97,Utility Enemy 1,Utility,Dead,None,0.00,68.0,0
153.97,Utility Enemy 12,Utility,AttackAction,None,1.00,65.3,0
153.97,Utility Enemy 9,Utility,AttackAction,None,1.00,46.9,0
153.97,Utility Enemy 5,Utility,AttackAction,None,1.00,81.3,0
153.97,Utility Enemy 3,Utility,AttackAction,None,1.00,70.4,0
153.97,Utility Enemy 7,Utility,AttackAction,None,1.00,66.6,0
153.97,Utility Enemy 14,Utility,AttackAction,None,1.00,76.0,0
153.97,Utility Enemy 2,Utility,Dead,None,0.00,27.1,0
153.97,Utility Enemy 13,Utility,AttackAction,None,1.00,69.5,0
154.48,Player,Player,-,None,0.09,,0
154.48,FSM Enemy 6,FSM,PatrolState,None,0.20,77.5,0
154.48,FSM Enemy 12,FSM,PatrolState,None,0.90,75.6,0
154.48,FSM Enemy 4,FSM,PatrolState,None,1.00,45.6,0
154.48,FSM Enemy 2,FSM,PatrolState,None,1.00,19.0,0
154.48,FSM Enemy 13,FSM,PatrolState,None,0.80,86.7,0
154.48,FSM Enemy 10,FSM,PatrolState,None,1.00,22.0,0
154.48,FSM Enemy 3,FSM,Dead,None,0.00,42.7,0
154.48,FSM Enemy 1,FSM,Dead,None,0.00,74.0,0
154.48,FSM Enemy 14,FSM,PatrolState,None,1.00,22.3,0
154.48,FSM Enemy 8,FSM,PatrolState,None,1.00,53.7,0
154.48,FSM Enemy 11,FSM,PatrolState,None,0.40,96.2,0
154.48,FSM Enemy 15,FSM,PatrolState,None,0.70,81.8,0
154.48,FSM Enemy 7,FSM,PatrolState,None,1.00,103.8,0
154.48,FSM Enemy 5,FSM,PatrolState,None,0.80,83.0,0
154.48,FSM Enemy 9,FSM,PatrolState,None,1.00,54.5,0
154.48,Utility Enemy 10,Utility,AttackAction,None,1.00,64.9,0
154.48,Utility Enemy 8,Utility,AttackAction,None,1.00,65.0,0
154.48,Utility Enemy 6,Utility,AttackAction,None,1.00,102.3,0
154.48,Utility Enemy 4,Utility,AttackAction,None,1.00,81.5,0
154.48,Utility Enemy 11,Utility,AttackAction,None,1.00,67.3,0
154.48,Utility Enemy 15,Utility,AttackAction,None,1.00,54.5,0
154.48,Utility Enemy 1,Utility,Dead,None,0.00,68.0,0
154.48,Utility Enemy 12,Utility,AttackAction,None,1.00,65.3,0
154.48,Utility Enemy 9,Utility,AttackAction,None,1.00,46.9,0
154.48,Utility Enemy 5,Utility,AttackAction,None,1.00,81.3,0
154.48,Utility Enemy 3,Utility,AttackAction,None,1.00,70.4,0
154.48,Utility Enemy 7,Utility,AttackAction,None,1.00,66.6,0
154.48,Utility Enemy 14,Utility,AttackAction,None,1.00,76.0,0
154.48,Utility Enemy 2,Utility,Dead,None,0.00,27.1,0
154.48,Utility Enemy 13,Utility,AttackAction,None,1.00,69.5,0
154.98,Player,Player,-,None,0.09,,0
154.98,FSM Enemy 6,FSM,PatrolState,None,0.20,77.8,0
154.98,FSM Enemy 12,FSM,PatrolState,None,0.90,76.7,0
154.98,FSM Enemy 4,FSM,PatrolState,None,1.00,46.1,0
154.98,FSM Enemy 2,FSM,PatrolState,None,1.00,18.3,0
154.98,FSM Enemy 13,FSM,PatrolState,None,0.80,87.9,0
154.98,FSM Enemy 10,FSM,PatrolState,None,1.00,22.9,0
154.98,FSM Enemy 3,FSM,Dead,None,0.00,42.7,0
154.98,FSM Enemy 1,FSM,Dead,None,0.00,74.0,0
154.98,FSM Enemy 14,FSM,PatrolState,None,1.00,23.3,0
154.98,FSM Enemy 8,FSM,PatrolState,None,1.00,54.0,0
154.98,FSM Enemy 11,FSM,PatrolState,None,0.40,97.4,0
154.98,FSM Enemy 15,FSM,PatrolState,None,0.70,81.7,0
154.98,FSM Enemy 7,FSM,PatrolState,None,1.00,104.8,0
154.98,FSM Enemy 5,FSM,PatrolState,None,0.80,84.2,0
154.98,FSM Enemy 9,FSM,PatrolState,None,1.00,53.7,0
154.98,Utility Enemy 10,Utility,AttackAction,None,1.00,64.9,0
154.98,Utility Enemy 8,Utility,AttackAction,None,1.00,65.0,0
154.98,Utility Enemy 6,Utility,AttackAction,None,1.00,102.3,0
154.98,Utility Enemy 4,Utility,AttackAction,None,1.00,81.5,0
154.98,Utility Enemy 11,Utility,AttackAction,None,1.00,67.3,0
154.98,Utility Enemy 15,Utility,AttackAction,None,1.00,54.5,0
154.98,Utility Enemy 1,Utility,Dead,None,0.00,68.0,0
154.98,Utility Enemy 12,Utility,AttackAction,None,1.00,65.3,0
154.98,Utility Enemy 9,Utility,AttackAction,None,1.00,46.9,0
154.98,Utility Enemy 5,Utility,AttackAction,None,1.00,81.3,0
154.98,Utility Enemy 3,Utility,AttackAction,None,1.00,70.4,0
154.98,Utility Enemy 7,Utility,AttackAction,None,1.00,66.6,0
154.98,Utility Enemy 14,Utility,AttackAction,None,1.00,76.0,0
154.98,Utility Enemy 2,Utility,Dead,None,0.00,27.1,0
154.98,Utility Enemy 13,Utility,AttackAction,None,1.00,69.5,0
155.49,Player,Player,-,None,0.09,,0
155.49,FSM Enemy 6,FSM,PatrolState,None,0.20,78.0,0
155.49,FSM Enemy 12,FSM,PatrolState,None,0.90,77.8,0
155.49,FSM Enemy 4,FSM,PatrolState,None,1.00,47.0,0
155.49,FSM Enemy 2,FSM,PatrolState,None,1.00,17.7,0
155.49,FSM Enemy 13,FSM,PatrolState,None,0.80,89.1,0
155.49,FSM Enemy 10,FSM,PatrolState,None,1.00,23.8,0
155.49,FSM Enemy 3,FSM,Dead,None,0.00,42.7,0
155.49,FSM Enemy 1,FSM,Dead,None,0.00,74.0,0
155.49,FSM Enemy 14,FSM,PatrolState,None,1.00,24.4,0
155.49,FSM Enemy 8,FSM,PatrolState,None,1.00,55.0,0
155.49,FSM Enemy 11,FSM,PatrolState,None,0.40,98.7,0
155.49,FSM Enemy 15,FSM,PatrolState,None,0.70,81.6,0
155.49,FSM Enemy 7,FSM,PatrolState,None,1.00,105.8,0
155.49,FSM Enemy 5,FSM,PatrolState,None,0.80,85.4,0
155.49,FSM Enemy 9,FSM,PatrolState,None,1.00,52.8,0
155.49,Utility Enemy 10,Utility,AttackAction,None,1.00,64.9,0
155.49,Utility Enemy 8,Utility,AttackAction,None,1.00,65.0,0
155.49,Utility Enemy 6,Utility,AttackAction,None,1.00,102.2,0
155.49,Utility Enemy 4,Utility,AttackAction,None,1.00,81.5,0
155.49,Utility Enemy 11,Utility,AttackAction,None,1.00,67.3,0
155.49,Utility Enemy 15,Utility,AttackAction,None,1.00,54.5,0
155.49,Utility Enemy 1,Utility,Dead,None,0.00,68.0,0
155.49,Utility Enemy 12,Utility,AttackAction,None,1.00,65.3,0
155.49,Utility Enemy 9,Utility,AttackAction,None,1.00,46.9,0
155.49,Utility Enemy 5,Utility,AttackAction,None,1.00,81.3,0
155.49,Utility Enemy 3,Utility,AttackAction,None,1.00,70.4,0
155.49,Utility Enemy 7,Utility,AttackAction,None,1.00,66.6,0
155.49,Utility Enemy 14,Utility,AttackAction,None,1.00,76.0,0
155.49,Utility Enemy 2,Utility,Dead,None,0.00,27.1,0
155.49,Utility Enemy 13,Utility,AttackAction,None,1.00,69.5,0
155.99,Player,Player,-,None,0.09,,0
155.99,FSM Enemy 6,FSM,PatrolState,None,0.20,78.3,0
155.99,FSM Enemy 12,FSM,PatrolState,None,0.90,78.7,0
155.99,FSM Enemy 4,FSM,PatrolState,None,1.00,48.0,0
155.99,FSM Enemy 2,FSM,PatrolState,None,1.00,17.2,0
155.99,FSM Enemy 13,FSM,PatrolState,None,0.80,90.3,0
155.99,FSM Enemy 10,FSM,PatrolState,None,1.00,24.6,0
155.99,FSM Enemy 3,FSM,Dead,None,0.00,42.7,0
155.99,FSM Enemy 1,FSM,Dead,None,0.00,73.9,0
155.99,FSM Enemy 14,FSM,PatrolState,None,1.00,25.5,0
155.99,FSM Enemy 8,FSM,PatrolState,None,1.00,56.0,0
155.99,FSM Enemy 11,FSM,PatrolState,None,0.40,99.8,0
155.99,FSM Enemy 15,FSM,PatrolState,None,0.70,81.5,0
155.99,FSM Enemy 7,FSM,PatrolState,None,1.00,106.7,0
155.99,FSM Enemy 5,FSM,PatrolState,None,0.80,86.5,0
155.99,FSM Enemy 9,FSM,PatrolState,None,1.00,51.9,0
155.99,Utility Enemy 10,Utility,AttackAction,None,1.00,64.9,0
155.99,Utility Enemy 8,Utility,AttackAction,None,1.00,64.9,0
155.99,Utility Enemy 6,Utility,AttackAction,None,1.00,102.2,0
155.99,Utility Enemy 4,Utility,AttackAction,None,1.00,81.4,0
155.99,Utility Enemy 11,Utility,AttackAction,None,1.00,67.3,0
155.99,Utility Enemy 15,Utility,AttackAction,None,1.00,54.4,0
155.99,Utility Enemy 1,Utility,Dead,None,0.00,68.0,0
155.99,Utility Enemy 12,Utility,AttackAction,None,1.00,65.3,0
155.99,Utility Enemy 9,Utility,AttackAction,None,1.00,46.8,0
155.99,Utility Enemy 5,Utility,AttackAction,None,1.00,81.2,0
155.99,Utility Enemy 3,Utility,AttackAction,None,1.00,70.3,0
155.99,Utility Enemy 7,Utility,AttackAction,None,1.00,66.6,0
155.99,Utility Enemy 14,Utility,AttackAction,None,1.00,75.9,0
155.99,Utility Enemy 2,Utility,Dead,None,0.00,27.1,0
155.99,Utility Enemy 13,Utility,AttackAction,None,1.00,69.5,0
156.49,Player,Player,-,None,0.09,,0
156.49,FSM Enemy 6,FSM,PatrolState,None,0.20,79.9,0
156.49,FSM Enemy 12,FSM,PatrolState,None,0.90,79.5,0
156.49,FSM Enemy 4,FSM,PatrolState,None,1.00,49.6,0
156.49,FSM Enemy 2,FSM,PatrolState,None,1.00,16.7,0
156.49,FSM Enemy 13,FSM,PatrolState,None,0.80,92.1,0
156.49,FSM Enemy 10,FSM,PatrolState,None,1.00,24.8,0
156.49,FSM Enemy 3,FSM,Dead,None,0.00,42.7,0
156.49,FSM Enemy 1,FSM,Dead,None,0.00,74.0,0
156.49,FSM Enemy 14,FSM,PatrolState,None,1.00,27.2,0
156.49,FSM Enemy 8,FSM,PatrolState,None,1.00,57.6,0
156.49,FSM Enemy 11,FSM,PatrolState,None,0.40,101.3,0
156.49,FSM Enemy 15,FSM,PatrolState,None,0.70,83.0,0
156.49,FSM Enemy 7,FSM,PatrolState,None,1.00,108.2,0
156.49,FSM Enemy 5,FSM,PatrolState,None,0.80,88.0,0
156.49,FSM Enemy 9,FSM,PatrolState,None,1.00,52.3,0
156.49,Utility Enemy 10,Utility,AttackAction,None,1.00,65.5,0
156.49,Utility Enemy 8,Utility,AttackAction,None,1.00,65.6,0
156.49,Utility Enemy 6,Utility,AttackAction,None,1.00,102.7,0
156.49,Utility Enemy 4,Utility,AttackAction,None,1.00,81.6,0
156.49,Utility Enemy 11,Utility,AttackAction,None,1.00,68.0,0
156.49,Utility Enemy 15,Utility,AttackAction,None,1.00,54.9,0
156.49,Utility Enemy 1,Utility,Dead,None,0.00,68.1,0
156.49,Utility Enemy 12,Utility,AttackAction,None,1.00,66.0,0
156.49,Utility Enemy 9,Utility,AttackAction,None,1.00,47.3,0
156.49,Utility Enemy 5,Utility,AttackAction,None,1.00,81.7,0
156.49,Utility Enemy 3,Utility,AttackAction,None,1.00,70.8,0
156.49,Utility Enemy 7,Utility,AttackAction,None,1.00,67.3,0
156.49,Utility Enemy 14,Utility,AttackAction,None,1.00,76.4,0
156.49,Utility Enemy 2,Utility,Dead,None,0.00,27.2,0
156.49,Utility Enemy 13,Utility,AttackAction,None,1.00,70.1,0
157.00,Player,Player,-,None,0.09,,0
157.00,FSM Enemy 6,FSM,PatrolState,None,0.20,81.1,0
157.00,FSM Enemy 12,FSM,PatrolState,None,0.90,79.8,0
157.00,FSM Enemy 4,FSM,PatrolState,None,1.00,50.8,0
157.00,FSM Enemy 2,FSM,PatrolState,None,1.00,16.3,0
157.00,FSM Enemy 13,FSM,PatrolState,None,0.80,93.5,0
157.00,FSM Enemy 10,FSM,PatrolState,None,1.00,24.2,0
157.00,FSM Enemy 3,FSM,Dead,None,0.00,42.8,0
157.00,FSM Enemy 1,FSM,Dead,None,0.00,74.1,0
157.00,FSM Enemy 14,FSM,PatrolState,None,1.00,27.0,0
157.00,FSM Enemy 8,FSM,PatrolState,None,1.00,59.0,0
157.00,FSM Enemy 11,FSM,PatrolState,None,0.40,102.5,0
157.00,FSM Enemy 15,FSM,PatrolState,None,0.70,84.4,0
157.00,FSM Enemy 7,FSM,PatrolState,None,1.00,109.5,0
157.00,FSM Enemy 5,FSM,PatrolState,None,0.80,89.3,0
157.00,FSM Enemy 9,FSM,PatrolState,None,1.00,52.6,0
157.00,Utility Enemy 10,Utility,AttackAction,None,1.00,65.7,0
157.00,Utility Enemy 8,Utility,AttackAction,None,1.00,65.7,0
157.00,Utility Enemy 6,Utility,AttackAction,None,1.00,102.9,0
157.00,Utility Enemy 4,Utility,AttackAction,None,1.00,81.8,0
157.00,Utility Enemy 11,Utility,AttackAction,None,1.00,68.1,0
157.00,Utility Enemy 15,Utility,AttackAction,None,1.00,55.1,0
157.00,Utility Enemy 1,Utility,Dead,None,0.00,68.2,0
157.00,Utility Enemy 12,Utility,AttackAction,None,1.00,66.1,0
157.00,Utility Enemy 9,Utility,AttackAction,None,1.00,47.5,0
157.00,Utility Enemy 5,Utility,AttackAction,None,1.00,81.9,0
157.00,Utility Enemy 3,Utility,AttackAction,None,1.00,71.0,0
157.00,Utility Enemy 7,Utility,AttackAction,None,1.00,67.4,0
157.00,Utility Enemy 14,Utility,AttackAction,None,1.00,76.6,0
157.00,Utility Enemy 2,Utility,Dead,None,0.00,27.3,0
157.00,Utility Enemy 13,Utility,AttackAction,None,1.00,70.3,0
157.50,Player,Player,-,None,0.09,,0
157.50,FSM Enemy 6,FSM,PatrolState,None,0.20,81.1,0
157.50,FSM Enemy 12,FSM,PatrolState,None,0.90,78.8,0
157.50,FSM Enemy 4,FSM,PatrolState,None,1.00,50.8,0
157.50,FSM Enemy 2,FSM,PatrolState,None,1.00,17.0,0
157.50,FSM Enemy 13,FSM,PatrolState,None,0.80,95.3,0
157.50,FSM Enemy 10,FSM,PatrolState,None,1.00,23.7,0
157.50,FSM Enemy 3,FSM,Dead,None,0.00,44.6,0
157.50,FSM Enemy 1,FSM,Dead,None,0.00,75.9,0
157.50,FSM Enemy 14,FSM,PatrolState,None,1.00,24.7,0
157.50,FSM Enemy 8,FSM,PatrolState,None,1.00,60.5,0
157.50,FSM Enemy 11,FSM,PatrolState,None,0.40,103.8,0
157.50,FSM Enemy 15,FSM,PatrolState,None,0.70,85.9,0
157.50,FSM Enemy 7,FSM,PatrolState,None,1.00,110.7,0
157.50,FSM Enemy 5,FSM,PatrolState,None,0.80,91.8,0
157.50,FSM Enemy 9,FSM,PatrolState,None,1.00,52.7,0
157.50,Utility Enemy 10,Utility,AttackAction,None,1.00,64.9,0
157.50,Utility Enemy 8,Utility,AttackAction,None,1.00,65.3,0
157.50,Utility Enemy 6,Utility,AttackAction,None,1.00,103.2,0
157.50,Utility Enemy 4,Utility,AttackAction,None,1.00,83.3,0
157.50,Utility Enemy 11,Utility,AttackAction,None,1.00,67.1,0
157.50,Utility Enemy 15,Utility,AttackAction,None,1.00,55.6,0
157.50,Utility Enemy 1,Utility,Dead,None,0.00,70.0,0
157.50,Utility Enemy 12,Utility,AttackAction,None,1.00,65.4,0
157.50,Utility Enemy 9,Utility,AttackAction,None,1.00,48.1,0
157.50,Utility Enemy 5,Utility,AttackAction,None,1.00,82.5,0
157.50,Utility Enemy 3,Utility,AttackAction,None,1.00,71.4,0
157.50,Utility Enemy 7,Utility,AttackAction,None,1.00,66.4,0
157.50,Utility Enemy 14,Utility,AttackAction,None,1.00,77.0,0
157.50,Utility Enemy 2,Utility,Dead,None,0.00,28.9,0
157.50,Utility Enemy 13,Utility,AttackAction,None,1.00,69.8,0
158.00,Player,Player,-,None,0.09,,0
158.00,FSM Enemy 6,FSM,PatrolState,None,0.20,82.2,0
158.00,FSM Enemy 12,FSM,PatrolState,None,0.90,79.1,0
158.00,FSM Enemy 4,FSM,PatrolState,None,1.00,51.9,0
158.00,FSM Enemy 2,FSM,PatrolState,None,1.00,16.9,0
158.00,FSM Enemy 13,FSM,PatrolState,None,0.80,96.7,0
158.00,FSM Enemy 10,FSM,PatrolState,None,1.00,23.4,0
158.00,FSM Enemy 3,FSM,Dead,None,0.00,44.9,0
158.00,FSM Enemy 1,FSM,Dead,None,0.00,76.2,0
158.00,FSM Enemy 14,FSM,PatrolState,None,0.75,24.0,0
158.00,FSM Enemy 8,FSM,PatrolState,None,1.00,61.9,0
158.00,FSM Enemy 11,FSM,PatrolState,None,0.40,105.0,0
158.00,FSM Enemy 15,FSM,PatrolState,None,0.70,87.4,0
158.00,FSM Enemy 7,FSM,PatrolState,None,1.00,111.9,0
158.00,FSM Enemy 5,FSM,PatrolState,None,0.80,93.3,0
158.00,FSM Enemy 9,FSM,PatrolState,None,1.00,53.1,0
158.00,Utility Enemy 10,Utility,AttackAction,None,1.00,65.0,0
158.00,Utility Enemy 8,Utility,AttackAction,None,1.00,65.4,0
158.00,Utility Enemy 6,Utility,AttackAction,None,1.00,103.4,0
158.00,Utility Enemy 4,Utility,AttackAction,None,1.00,83.6,0
158.00,Utility Enemy 11,Utility,AttackAction,None,1.00,67.1,0
158.00,Utility Enemy 15,Utility,AttackAction,None,1.00,55.8,0
158.00,Utility Enemy 1,Utility,Dead,None,0.00,70.2,0
158.00,Utility Enemy 12,Utility,AttackAction,None,1.00,65.5,0
158.00,Utility Enemy 9,Utility,AttackAction,None,1.00,48.4,0
158.00,Utility Enemy 5,Utility,AttackAction,None,1.00,82.7,0
158.00,Utility Enemy 3,Utility,AttackAction,None,1.00,71.7,0
158.00,Utility Enemy 7,Utility,AttackAction,None,1.00,66.5,0
158.00,Utility Enemy 14,Utility,AttackAction,None,1.00,77.3,0
158.00,Utility Enemy 2,Utility,AttackAction,None,1.00,48.3,0
158.00,Utility Enemy 13,Utility,AttackAction,None,1.00,70.0,0
158.50,Player,Player,-,None,0.09,,0
158.50,FSM Enemy 6,FSM,PatrolState,None,0.20,83.2,0
158.50,FSM Enemy 12,FSM,PatrolState,None,0.90,79.2,0
158.50,FSM Enemy 4,FSM,PatrolState,None,1.00,52.9,0
158.50,FSM Enemy 2,FSM,PatrolState,None,1.00,16.3,0
158.50,FSM Enemy 13,FSM,PatrolState,None,0.80,98.0,0
158.50,FSM Enemy 10,FSM,PatrolState,None,1.00,23.0,0
158.50,FSM Enemy 3,FSM,Dead,None,0.00,44.9,0
158.50,FSM Enemy 1,FSM,Dead,None,0.00,76.2,0
158.50,FSM Enemy 14,FSM,Dead,None,0.00,23.6,0
158.50,FSM Enemy 8,FSM,PatrolState,None,1.00,63.0,0
158.50,FSM Enemy 11,FSM,PatrolState,None,0.40,106.1,0
158.50,FSM Enemy 15,FSM,PatrolState,None,0.70,88.6,0
158.50,FSM Enemy 7,FSM,PatrolState,None,1.00,112.9,0
158.50,FSM Enemy 5,FSM,PatrolState,None,0.80,94.3,0
158.50,FSM Enemy 9,FSM,PatrolState,None,1.00,53.3,0
158.50,Utility Enemy 10,Utility,AttackAction,None,1.00,65.0,0
158.50,Utility Enemy 8,Utility,AttackAction,None,1.00,65.4,0
158.50,Utility Enemy 6,Utility,AttackAction,None,1.00,103.4,0
158.50,Utility Enemy 4,Utility,AttackAction,None,1.00,83.6,0
158.50,Utility Enemy 11,Utility,AttackAction,None,1.00,67.1,0
158.50,Utility Enemy 15,Utility,AttackAction,None,1.00,55.8,0
158.50,Utility Enemy 1,Utility,Dead,None,0.00,70.2,0
158.50,Utility Enemy 12,Utility,AttackAction,None,1.00,65.5,0
158.50,Utility Enemy 9,Utility,AttackAction,None,1.00,48.4,0
158.50,Utility Enemy 5,Utility,AttackAction,None,1.00,82.7,0
158.50,Utility Enemy 3,Utility,AttackAction,None,1.00,71.7,0
158.50,Utility Enemy 7,Utility,AttackAction,None,1.00,66.5,0
158.50,Utility Enemy 14,Utility,AttackAction,None,1.00,77.3,0
158.50,Utility Enemy 2,Utility,AttackAction,None,1.00,48.3,0
158.50,Utility Enemy 13,Utility,AttackAction,None,1.00,70.0,0
159.01,Player,Player,-,None,0.09,,0
159.01,FSM Enemy 6,FSM,PatrolState,None,0.20,84.2,0
159.01,FSM Enemy 12,FSM,PatrolState,None,0.90,79.4,0
159.01,FSM Enemy 4,FSM,PatrolState,None,1.00,54.0,0
159.01,FSM Enemy 2,FSM,PatrolState,None,1.00,15.6,0
159.01,FSM Enemy 13,FSM,PatrolState,None,0.80,99.2,0
159.01,FSM Enemy 10,FSM,PatrolState,None,1.00,22.6,0
159.01,FSM Enemy 3,FSM,Dead,None,0.00,44.9,0
159.01,FSM Enemy 1,FSM,Dead,None,0.00,76.2,0
159.01,FSM Enemy 14,FSM,Dead,None,0.00,23.6,0
159.01,FSM Enemy 8,FSM,PatrolState,None,1.00,64.2,0
159.01,FSM Enemy 11,FSM,PatrolState,None,0.40,107.1,0
159.01,FSM Enemy 15,FSM,PatrolState,None,0.70,89.9,0
159.01,FSM Enemy 7,FSM,PatrolState,None,1.00,113.9,0
159.01,FSM Enemy 5,FSM,PatrolState,None,0.80,93.9,0
159.01,FSM Enemy 9,FSM,PatrolState,None,1.00,53.5,0
159.01,Utility Enemy 10,Utility,AttackAction,None,1.00,65.0,0
159.01,Utility Enemy 8,Utility,AttackAction,None,1.00,65.4,0
159.01,Utility Enemy 6,Utility,AttackAction,None,1.00,103.4,0
159.01,Utility Enemy 4,Utility,AttackAction,None,1.00,83.6,0
159.01,Utility Enemy 11,Utility,AttackAction,None,1.00,67.1,0
159.01,Utility Enemy 15,Utility,AttackAction,None,1.00,55.8,0
159.01,Utility Enemy 1,Utility,Dead,None,0.00,70.2,0
159.01,Utility Enemy 12,Utility,AttackAction,None,1.00,65.5,0
159.01,Utility Enemy 9,Utility,AttackAction,None,1.00,48.4,0
159.01,Utility Enemy 5,Utility,AttackAction,None,1.00,82.7,0
159.01,Utility Enemy 3,Utility,AttackAction,None,1.00,71.7,0
159.01,Utility Enemy 7,Utility,AttackAction,None,1.00,66.5,0
159.01,Utility Enemy 14,Utility,AttackAction,None,1.00,77.3,0
159.01,Utility Enemy 2,Utility,AttackAction,None,1.00,48.3,0
159.01,Utility Enemy 13,Utility,AttackAction,None,1.00,70.0,0
159.51,Player,Player,-,None,0.09,,0
159.51,FSM Enemy 6,FSM,PatrolState,None,0.20,84.9,0
159.51,FSM Enemy 12,FSM,PatrolState,None,0.90,79.5,0
159.51,FSM Enemy 4,FSM,PatrolState,None,1.00,54.7,0
159.51,FSM Enemy 2,FSM,PatrolState,None,1.00,14.4,0
159.51,FSM Enemy 13,FSM,PatrolState,None,0.80,99.4,0
159.51,FSM Enemy 10,FSM,PatrolState,None,1.00,21.3,0
159.51,FSM Enemy 3,FSM,Dead,None,0.00,43.6,0
159.51,FSM Enemy 1,FSM,Dead,None,0.00,74.8,0
159.51,FSM Enemy 14,FSM,Dead,None,0.00,23.8,0
159.51,FSM Enemy 8,FSM,PatrolState,None,1.00,64.0,0
159.51,FSM Enemy 11,FSM,PatrolState,None,0.40,107.1,0
159.51,FSM Enemy 15,FSM,PatrolState,None,0.70,90.1,0
159.51,FSM Enemy 7,FSM,PatrolState,None,1.00,114.1,0
159.51,FSM Enemy 5,FSM,PatrolState,None,0.80,92.1,0
159.51,FSM Enemy 9,FSM,PatrolState,None,1.00,52.8,0
159.51,Utility Enemy 10,Utility,AttackAction,None,1.00,64.6,0
159.51,Utility Enemy 8,Utility,AttackAction,None,1.00,64.8,0
159.51,Utility Enemy 6,Utility,AttackAction,None,1.00,102.4,0
159.51,Utility Enemy 4,Utility,AttackAction,None,1.00,82.3,0
159.51,Utility Enemy 11,Utility,AttackAction,None,1.00,66.9,0
159.51,Utility Enemy 15,Utility,AttackAction,None,1.00,54.7,0
159.51,Utility Enemy 1,Utility,Dead,None,0.00,68.9,0
159.51,Utility Enemy 12,Utility,AttackAction,None,1.00,65.0,0
159.51,Utility Enemy 9,Utility,AttackAction,None,1.00,47.2,0
159.51,Utility Enemy 5,Utility,AttackAction,None,1.00,81.6,0
159.51,Utility Enemy 3,Utility,AttackAction,None,1.00,70.6,0
159.51,Utility Enemy 7,Utility,AttackAction,None,1.00,66.2,0
159.51,Utility Enemy 14,Utility,AttackAction,None,1.00,76.2,0
159.51,Utility Enemy 2,Utility,AttackAction,None,1.00,47.1,0
159.51,Utility Enemy 13,Utility,AttackAction,None,1.00,69.3,0
160.01,Player,Player,-,None,0.09,,0
160.01,FSM Enemy 6,FSM,PatrolState,None,0.20,86.1,0
160.01,FSM Enemy 12,FSM,PatrolState,None,0.90,80.3,0
160.01,FSM Enemy 4,FSM,PatrolState,None,1.00,56.1,0
160.01,FSM Enemy 2,FSM,PatrolState,None,1.00,13.3,0
160.01,FSM Enemy 13,FSM,PatrolState,None,0.80,99.8,0
160.01,FSM Enemy 10,FSM,PatrolState,None,1.00,19.9,0
160.01,FSM Enemy 3,FSM,Dead,None,0.00,42.0,0
160.01,FSM Enemy 1,FSM,Dead,None,0.00,73.2,0
160.01,FSM Enemy 14,FSM,Dead,None,0.00,24.6,0
160.01,FSM Enemy 8,FSM,PatrolState,None,1.00,62.7,0
160.01,FSM Enemy 11,FSM,PatrolState,None,0.40,107.5,0
160.01,FSM Enemy 15,FSM,PatrolState,None,0.70,90.3,0
160.01,FSM Enemy 7,FSM,PatrolState,None,1.00,114.4,0
160.01,FSM Enemy 5,FSM,PatrolState,None,0.80,90.2,0
160.01,FSM Enemy 9,FSM,PatrolState,None,1.00,52.5,0
160.01,Utility Enemy 10,Utility,AttackAction,None,1.00,64.7,0
160.01,Utility Enemy 8,Utility,AttackAction,None,1.00,64.6,0
160.01,Utility Enemy 6,Utility,AttackAction,None,1.00,101.7,0
160.01,Utility Enemy 4,Utility,AttackAction,None,1.00,80.7,0
160.01,Utility Enemy 11,Utility,AttackAction,None,1.00,67.2,0
160.01,Utility Enemy 15,Utility,AttackAction,None,1.00,53.9,0
160.01,Utility Enemy 1,Utility,Dead,None,0.00,67.3,0
160.01,Utility Enemy 12,Utility,AttackAction,None,1.00,65.1,0
160.01,Utility Enemy 9,Utility,AttackAction,None,1.00,46.3,0
160.01,Utility Enemy 5,Utility,AttackAction,None,1.00,80.7,0
160.01,Utility Enemy 3,Utility,AttackAction,None,1.00,69.8,0
160.01,Utility Enemy 7,Utility,AttackAction,None,1.00,66.5,0
160.01,Utility Enemy 14,Utility,AttackAction,None,1.00,75.4,0
160.01,Utility Enemy 2,Utility,AttackAction,None,1.00,45.9,0
160.01,Utility Enemy 13,Utility,AttackAction,None,1.00,69.1,0
160.52,Player,Player,-,None,0.09,,0
160.52,FSM Enemy 6,FSM,PatrolState,None,0.20,88.7,0
160.52,FSM Enemy 12,FSM,PatrolState,None,0.90,81.9,0
160.52,FSM Enemy 4,FSM,PatrolState,None,1.00,58.6,0
160.52,FSM Enemy 2,FSM,PatrolState,None,1.00,12.8,0
160.52,FSM Enemy 13,FSM,PatrolState,None,0.80,102.1,0
160.52,FSM Enemy 10,FSM,PatrolState,None,1.00,20.0,0
160.52,FSM Enemy 3,FSM,PatrolState,None,1.00,62.7,0
160.52,FSM Enemy 1,FSM,Dead,None,0.00,73.2,0
160.52,FSM Enemy 14,FSM,Dead,None,0.00,26.0,0
160.52,FSM Enemy 8,FSM,PatrolState,None,1.00,63.3,0
160.52,FSM Enemy 11,FSM,PatrolState,None,0.40,109.8,0
160.52,FSM Enemy 15,FSM,PatrolState,None,0.70,91.7,0
160.52,FSM Enemy 7,FSM,PatrolState,None,1.00,115.3,0
160.52,FSM Enemy 5,FSM,PatrolState,None,0.80,90.3,0
160.52,FSM Enemy 9,FSM,PatrolState,None,1.00,54.1,0
160.52,Utility Enemy 10,Utility,AttackAction,None,1.00,66.2,0
160.52,Utility Enemy 8,Utility,AttackAction,None,1.00,66.1,0
160.52,Utility Enemy 6,Utility,AttackAction,None,1.00,102.9,0
160.52,Utility Enemy 4,Utility,AttackAction,None,1.00,81.0,0
160.52,Utility Enemy 11,Utility,AttackAction,None,1.00,68.8,0
160.52,Utility Enemy 15,Utility,AttackAction,None,1.00,55.0,0
160.52,Utility Enemy 1,Utility,Dead,None,0.00,67.3,0
160.52,Utility Enemy 12,Utility,AttackAction,None,1.00,66.6,0
160.52,Utility Enemy 9,Utility,AttackAction,None,1.00,47.2,0
160.52,Utility Enemy 5,Utility,AttackAction,None,1.00,81.7,0
160.52,Utility Enemy 3,Utility,AttackAction,None,1.00,70.9,0
160.52,Utility Enemy 7,Utility,AttackAction,None,1.00,68.1,0
160.52,Utility Enemy 14,Utility,AttackAction,None,1.00,76.5,0
160.52,Utility Enemy 2,Utility,AttackAction,None,1.00,46.5,0
160.52,Utility Enemy 13,Utility,AttackAction,None,1.00,70.6,0
161.03,Player,Player,-,None,0.09,,0
161.03,FSM Enemy 6,FSM,PatrolState,None,0.20,90.3,0
161.03,FSM Enemy 12,FSM,PatrolState,None,0.90,82.5,0
161.03,FSM Enemy 4,FSM,PatrolState,None,1.00,58.3,0
161.03,FSM Enemy 2,FSM,PatrolState,None,1.00,12.7,0
161.03,FSM Enemy 13,FSM,PatrolState,None,0.80,103.8,0
161.03,FSM Enemy 10,FSM,PatrolState,None,1.00,21.1,0
161.03,FSM Enemy 3,FSM,PatrolState,None,1.00,62.1,0
161.03,FSM Enemy 1,FSM,Dead,None,0.00,73.3,0
161.03,FSM Enemy 14,FSM,Dead,None,0.00,26.4,0
161.03,FSM Enemy 8,FSM,PatrolState,None,1.00,63.3,0
161.03,FSM Enemy 11,FSM,PatrolState,None,0.40,109.8,0
161.03,FSM Enemy 15,FSM,PatrolState,None,0.70,92.4,0
161.03,FSM Enemy 7,FSM,PatrolState,None,1.00,115.3,0
161.03,FSM Enemy 5,FSM,PatrolState,None,0.80,90.2,0
161.03,FSM Enemy 9,FSM,PatrolState,None,1.00,55.0,0
161.03,Utility Enemy 10,Utility,AttackAction,None,1.00,66.7,0
161.03,Utility Enemy 8,Utility,AttackAction,None,1.00,66.6,0
161.03,Utility Enemy 6,Utility,AttackAction,None,1.00,103.3,0
161.03,Utility Enemy 4,Utility,AttackAction,None,1.00,81.2,0
161.03,Utility Enemy 11,Utility,AttackAction,None,1.00,69.3,0
161.03,Utility Enemy 15,Utility,AttackAction,None,1.00,55.4,0
161.03,Utility Enemy 1,Utility,Dead,None,0.00,67.4,0
161.03,Utility Enemy 12,Utility,AttackAction,None,1.00,67.1,0
161.03,Utility Enemy 9,Utility,AttackAction,None,1.00,47.6,0
161.03,Utility Enemy 5,Utility,AttackAction,None,1.00,82.1,0
161.03,Utility Enemy 3,Utility,AttackAction,None,1.00,71.4,0
161.03,Utility Enemy 7,Utility,AttackAction,None,1.00,68.6,0
161.03,Utility Enemy 14,Utility,AttackAction,None,1.00,76.9,0
161.03,Utility Enemy 2,Utility,AttackAction,None,1.00,46.8,0
161.03,Utility Enemy 13,Utility,AttackAction,None,1.00,71.1,0
161.53,Player,Player,-,None,0.09,,0
161.53,FSM Enemy 6,FSM,PatrolState,None,0.20,91.3,0
161.53,FSM Enemy 12,FSM,PatrolState,None,0.90,82.5,0
161.53,FSM Enemy 4,FSM,PatrolState,None,1.00,57.1,0
161.53,FSM Enemy 2,FSM,PatrolState,None,1.00,12.8,0
161.53,FSM Enemy 13,FSM,PatrolState,None,0.80,105.0,0
161.53,FSM Enemy 10,FSM,PatrolState,None,0.75,22.2,0
161.53,FSM Enemy 3,FSM,PatrolState,None,1.00,61.1,0
161.53,FSM Enemy 1,FSM,Dead,None,0.00,73.3,0
161.53,FSM Enemy 14,FSM,Dead,None,0.00,26.4,0
161.53,FSM Enemy 8,FSM,PatrolState,None,1.00,62.9,0
161.53,FSM Enemy 11,FSM,PatrolState,None,0.40,108.6,0
161.53,FSM Enemy 15,FSM,PatrolState,None,0.70,92.6,0
161.53,FSM Enemy 7,FSM,PatrolState,None,1.00,114.7,0
161.53,FSM Enemy 5,FSM,PatrolState,None,0.80,89.8,0
161.53,FSM Enemy 9,FSM,PatrolState,None,1.00,55.4,0
161.53,Utility Enemy 10,Utility,AttackAction,None,1.00,66.7,0
161.53,Utility Enemy 8,Utility,AttackAction,None,1.00,66.6,0
161.53,Utility Enemy 6,Utility,AttackAction,None,1.00,103.4,0
161.53,Utility Enemy 4,Utility,AttackAction,None,1.00,81.2,0
161.53,Utility Enemy 11,Utility,AttackAction,None,1.00,69.3,0
161.53,Utility Enemy 15,Utility,AttackAction,None,1.00,55.4,0
161.53,Utility Enemy 1,Utility,Dead,None,0.00,67.4,0
161.53,Utility Enemy 12,Utility,AttackAction,None,1.00,67.2,0
161.53,Utility Enemy 9,Utility,AttackAction,None,1.00,47.6,0
161.53,Utility Enemy 5,Utility,AttackAction,None,1.00,82.1,0
161.53,Utility Enemy 3,Utility,AttackAction,None,1.00,71.4,0
161.53,Utility Enemy 7,Utility,AttackAction,None,1.00,68.6,0
161.53,Utility Enemy 14,Utility,AttackAction,None,1.00,76.9,0
161.53,Utility Enemy 2,Utility,AttackAction,None,1.00,46.9,0
161.53,Utility Enemy 13,Utility,AttackAction,None,1.00,71.1,0
162.03,Player,Player,-,None,0.09,,0
162.03,FSM Enemy 6,FSM,PatrolState,None,0.20,90.8,0
162.03,FSM Enemy 12,FSM,PatrolState,None,0.90,82.6,0
162.03,FSM Enemy 4,FSM,PatrolState,None,1.00,55.9,0
162.03,FSM Enemy 2,FSM,PatrolState,None,1.00,13.0,0
162.03,FSM Enemy 13,FSM,PatrolState,None,0.80,105.8,0
162.03,FSM Enemy 10,FSM,PatrolState,None,0.75,23.2,0
162.03,FSM Enemy 3,FSM,PatrolState,None,1.00,60.0,0
162.03,FSM Enemy 1,FSM,Dead,None,0.00,73.3,0
162.03,FSM Enemy 14,FSM,Dead,None,0.00,26.4,0
162.03,FSM Enemy 8,FSM,PatrolState,None,1.00,62.5,0
162.03,FSM Enemy 11,FSM,PatrolState,None,0.40,107.7,0
162.03,FSM Enemy 15,FSM,PatrolState,None,0.70,92.9,0
162.03,FSM Enemy 7,FSM,PatrolState,None,1.00,114.2,0
162.03,FSM Enemy 5,FSM,PatrolState,None,0.80,89.4,0
162.03,FSM Enemy 9,FSM,PatrolState,None,1.00,55.8,0
162.03,Utility Enemy 10,Utility,AttackAction,None,1.00,66.7,0
162.03,Utility Enemy 8,Utility,AttackAction,None,1.00,66.6,0
162.03,Utility Enemy 6,Utility,AttackAction,None,1.00,103.4,0
162.03,Utility Enemy 4,Utility,AttackAction,None,1.00,81.2,0
162.03,Utility Enemy 11,Utility,AttackAction,None,1.00,69.3,0
162.03,Utility Enemy 15,Utility,AttackAction,None,1.00,55.4,0
162.03,Utility Enemy 1,Utility,Dead,None,0.00,67.4,0
162.03,Utility Enemy 12,Utility,AttackAction,None,1.00,67.2,0
162.03,Utility Enemy 9,Utility,AttackAction,None,1.00,47.6,0
162.03,Utility Enemy 5,Utility,AttackAction,None,1.00,82.1,0
162.03,Utility Enemy 3,Utility,AttackAction,None,1.00,71.4,0
162.03,Utility Enemy 7,Utility,AttackAction,None,1.00,68.6,0
162.03,Utility Enemy 14,Utility,AttackAction,None,1.00,76.9,0
162.03,Utility Enemy 2,Utility,AttackAction,None,1.00,46.9,0
162.03,Utility Enemy 13,Utility,AttackAction,None,1.00,71.1,0
162.54,Player,Player,-,None,0.09,,0
162.54,FSM Enemy 6,FSM,PatrolState,None,0.20,90.2,0
162.54,FSM Enemy 12,FSM,PatrolState,None,0.90,82.5,0
162.54,FSM Enemy 4,FSM,PatrolState,None,1.00,54.6,0
162.54,FSM Enemy 2,FSM,PatrolState,None,1.00,13.3,0
162.54,FSM Enemy 13,FSM,PatrolState,None,0.80,105.9,0
162.54,FSM Enemy 10,FSM,PatrolState,None,0.75,24.3,0
162.54,FSM Enemy 3,FSM,PatrolState,None,1.00,59.0,0
162.54,FSM Enemy 1,FSM,Dead,None,0.00,73.3,0
162.54,FSM Enemy 14,FSM,Dead,None,0.00,26.4,0
162.54,FSM Enemy 8,FSM,PatrolState,None,1.00,62.2,0
162.54,FSM Enemy 11,FSM,PatrolState,None,0.40,107.3,0
162.54,FSM Enemy 15,FSM,PatrolState,None,0.70,93.2,0
162.54,FSM Enemy 7,FSM,PatrolState,None,1.00,113.7,0
162.54,FSM Enemy 5,FSM,PatrolState,None,0.80,88.7,0
162.54,FSM Enemy 9,FSM,PatrolState,None,1.00,56.3,0
162.54,Utility Enemy 10,Utility,AttackAction,None,1.00,66.7,0
162.54,Utility Enemy 8,Utility,AttackAction,None,1.00,66.6,0
162.54,Utility Enemy 6,Utility,AttackAction,None,1.00,103.4,0
162.54,Utility Enemy 4,Utility,AttackAction,None,1.00,81.2,0
162.54,Utility Enemy 11,Utility,AttackAction,None,1.00,69.3,0
162.54,Utility Enemy 15,Utility,AttackAction,None,1.00,55.4,0
162.54,Utility Enemy 1,Utility,Dead,None,0.00,67.4,0
162.54,Utility Enemy 12,Utility,AttackAction,None,1.00,67.2,0
162.54,Utility Enemy 9,Utility,AttackAction,None,1.00,47.6,0
162.54,Utility Enemy 5,Utility,AttackAction,None,1.00,82.1,0
162.54,Utility Enemy 3,Utility,AttackAction,None,1.00,71.4,0
162.54,Utility Enemy 7,Utility,AttackAction,None,1.00,68.6,0
162.54,Utility Enemy 14,Utility,AttackAction,None,1.00,76.9,0
162.54,Utility Enemy 2,Utility,AttackAction,None,1.00,46.9,0
162.54,Utility Enemy 13,Utility,AttackAction,None,1.00,71.1,0
163.05,Player,Player,-,None,0.09,,0
163.05,FSM Enemy 6,FSM,PatrolState,None,0.20,89.6,0
163.05,FSM Enemy 12,FSM,PatrolState,None,0.90,82.5,0
163.05,FSM Enemy 4,FSM,PatrolState,None,1.00,53.7,0
163.05,FSM Enemy 2,FSM,PatrolState,None,1.00,13.8,0
163.05,FSM Enemy 13,FSM,PatrolState,None,0.80,105.9,0
163.05,FSM Enemy 10,FSM,PatrolState,None,0.50,25.4,0
163.05,FSM Enemy 3,FSM,PatrolState,None,1.00,57.9,0
163.05,FSM Enemy 1,FSM,Dead,None,0.00,73.3,0
163.05,FSM Enemy 14,FSM,Dead,None,0.00,26.4,0
163.05,FSM Enemy 8,FSM,PatrolState,None,1.00,62.0,0
163.05,FSM Enemy 11,FSM,PatrolState,None,0.40,107.1,0
163.05,FSM Enemy 15,FSM,PatrolState,None,0.70,93.1,0
163.05,FSM Enemy 7,FSM,PatrolState,None,1.00,114.1,0
163.05,FSM Enemy 5,FSM,PatrolState,None,0.80,87.9,0
163.05,FSM Enemy 9,FSM,PatrolState,None,1.00,56.8,0
163.05,Utility Enemy 10,Utility,AttackAction,None,1.00,66.7,0
163.05,Utility Enemy 8,Utility,AttackAction,None,1.00,66.6,0
163.05,Utility Enemy 6,Utility,AttackAction,None,1.00,103.4,0
163.05,Utility Enemy 4,Utility,AttackAction,None,1.00,81.2,0
163.05,Utility Enemy 11,Utility,AttackAction,None,1.00,69.3,0
163.05,Utility Enemy 15,Utility,AttackAction,None,1.00,55.4,0
163.05,Utility Enemy 1,Utility,Dead,None,0.00,67.4,0
163.05,Utility Enemy 12,Utility,AttackAction,None,1.00,67.2,0
163.05,Utility Enemy 9,Utility,AttackAction,None,1.00,47.6,0
163.05,Utility Enemy 5,Utility,AttackAction,None,1.00,82.1,0
163.05,Utility Enemy 3,Utility,AttackAction,None,1.00,71.4,0
163.05,Utility Enemy 7,Utility,AttackAction,None,1.00,68.6,0
163.05,Utility Enemy 14,Utility,AttackAction,None,1.00,76.9,0
163.05,Utility Enemy 2,Utility,AttackAction,None,1.00,46.9,0
163.05,Utility Enemy 13,Utility,AttackAction,None,1.00,71.1,0
163.55,Player,Player,-,None,0.09,,0
163.55,FSM Enemy 6,FSM,PatrolState,None,0.20,89.1,0
163.55,FSM Enemy 12,FSM,PatrolState,None,0.90,82.5,0
163.55,FSM Enemy 4,FSM,PatrolState,None,1.00,52.9,0
163.55,FSM Enemy 2,FSM,PatrolState,None,1.00,13.8,0
163.55,FSM Enemy 13,FSM,PatrolState,None,0.80,106.0,0
163.55,FSM Enemy 10,FSM,Dead,None,0.00,25.6,0
163.55,FSM Enemy 3,FSM,PatrolState,None,1.00,56.9,0
163.55,FSM Enemy 1,FSM,Dead,None,0.00,73.3,0
163.55,FSM Enemy 14,FSM,Dead,None,0.00,26.4,0
163.55,FSM Enemy 8,FSM,PatrolState,None,1.00,62.1,0
163.55,FSM Enemy 11,FSM,PatrolState,None,0.40,106.9,0
163.55,FSM Enemy 15,FSM,PatrolState,None,0.70,92.8,0
163.55,FSM Enemy 7,FSM,PatrolState,None,1.00,114.9,0
163.55,FSM Enemy 5,FSM,PatrolState,None,0.80,87.0,0
163.55,FSM Enemy 9,FSM,PatrolState,None,1.00,57.3,0
163.55,Utility Enemy 10,Utility,AttackAction,None,1.00,66.7,0
163.55,Utility Enemy 8,Utility,AttackAction,None,1.00,66.6,0
163.55,Utility Enemy 6,Utility,AttackAction,None,1.00,103.4,0
163.55,Utility Enemy 4,Utility,AttackAction,None,1.00,81.2,0
163.55,Utility Enemy 11,Utility,AttackAction,None,1.00,69.3,0
163.55,Utility Enemy 15,Utility,AttackAction,None,1.00,55.4,0
163.55,Utility Enemy 1,Utility,Dead,None,0.00,67.4,0
163.55,Utility Enemy 12,Utility,AttackAction,None,1.00,67.2,0
163.55,Utility Enemy 9,Utility,AttackAction,None,1.00,47.6,0
163.55,Utility Enemy 5,Utility,AttackAction,None,1.00,82.1,0
163.55,Utility Enemy 3,Utility,AttackAction,None,1.00,71.4,0
163.55,Utility Enemy 7,Utility,AttackAction,None,1.00,68.6,0
163.55,Utility Enemy 14,Utility,AttackAction,None,1.00,76.9,0
163.55,Utility Enemy 2,Utility,AttackAction,None,1.00,46.9,0
163.55,Utility Enemy 13,Utility,AttackAction,None,1.00,71.1,0
164.05,Player,Player,-,None,0.09,,0
164.05,FSM Enemy 6,FSM,PatrolState,None,0.20,88.5,0
164.05,FSM Enemy 12,FSM,PatrolState,None,0.90,82.4,0
164.05,FSM Enemy 4,FSM,PatrolState,None,1.00,52.1,0
164.05,FSM Enemy 2,FSM,PatrolState,None,1.00,13.6,0
164.05,FSM Enemy 13,FSM,PatrolState,None,0.80,106.1,0
164.05,FSM Enemy 10,FSM,Dead,None,0.00,25.6,0
164.05,FSM Enemy 3,FSM,PatrolState,None,1.00,55.9,0
164.05,FSM Enemy 1,FSM,Dead,None,0.00,73.3,0
164.05,FSM Enemy 14,FSM,Dead,None,0.00,26.4,0
164.05,FSM Enemy 8,FSM,PatrolState,None,1.00,62.3,0
164.05,FSM Enemy 11,FSM,PatrolState,None,0.40,106.7,0
164.05,FSM Enemy 15,FSM,PatrolState,None,0.70,93.0,0
164.05,FSM Enemy 7,FSM,PatrolState,None,1.00,115.7,0
164.05,FSM Enemy 5,FSM,PatrolState,None,0.80,86.2,0
164.05,FSM Enemy 9,FSM,PatrolState,None,1.00,57.8,0
164.05,Utility Enemy 10,Utility,AttackAction,None,1.00,66.7,0
164.05,Utility Enemy 8,Utility,AttackAction,None,1.00,66.6,0
164.05,Utility Enemy 6,Utility,AttackAction,None,1.00,103.4,0
164.05,Utility Enemy 4,Utility,AttackAction,None,1.00,81.2,0
164.05,Utility Enemy 11,Utility,AttackAction,None,1.00,69.3,0
164.05,Utility Enemy 15,Utility,AttackAction,None,1.00,55.4,0
164.05,Utility Enemy 1,Utility,Dead,None,0.00,67.4,0
164.05,Utility Enemy 12,Utility,AttackAction,None,1.00,67.2,0
164.05,Utility Enemy 9,Utility,AttackAction,None,1.00,47.6,0
164.05,Utility Enemy 5,Utility,AttackAction,None,1.00,82.1,0
164.05,Utility Enemy 3,Utility,AttackAction,None,1.00,71.4,0
164.05,Utility Enemy 7,Utility,AttackAction,None,1.00,68.6,0
164.05,Utility Enemy 14,Utility,AttackAction,None,1.00,76.9,0
164.05,Utility Enemy 2,Utility,AttackAction,None,1.00,46.9,0
164.05,Utility Enemy 13,Utility,AttackAction,None,1.00,71.1,0
164.56,Player,Player,-,None,0.09,,0
164.56,FSM Enemy 6,FSM,PatrolState,None,0.20,88.0,0
164.56,FSM Enemy 12,FSM,PatrolState,None,0.90,82.0,0
164.56,FSM Enemy 4,FSM,PatrolState,None,1.00,51.3,0
164.56,FSM Enemy 2,FSM,PatrolState,None,1.00,13.5,0
164.56,FSM Enemy 13,FSM,PatrolState,None,0.80,106.2,0
164.56,FSM Enemy 10,FSM,Dead,None,0.00,25.6,0
164.56,FSM Enemy 3,FSM,PatrolState,None,1.00,54.9,0
164.56,FSM Enemy 1,FSM,Dead,None,0.00,73.3,0
164.56,FSM Enemy 14,FSM,Dead,None,0.00,26.4,0
164.56,FSM Enemy 8,FSM,PatrolState,None,1.00,62.5,0
164.56,FSM Enemy 11,FSM,PatrolState,None,0.40,106.6,0
164.56,FSM Enemy 15,FSM,PatrolState,None,0.70,93.3,0
164.56,FSM Enemy 7,FSM,PatrolState,None,1.00,116.5,0
164.56,FSM Enemy 5,FSM,PatrolState,None,0.80,85.4,0
164.56,FSM Enemy 9,FSM,PatrolState,None,1.00,58.4,0
164.56,Utility Enemy 10,Utility,AttackAction,None,1.00,66.7,0
164.56,Utility Enemy 8,Utility,AttackAction,None,1.00,66.6,0
164.56,Utility Enemy 6,Utility,AttackAction,None,1.00,103.4,0
164.56,Utility Enemy 4,Utility,AttackAction,None,1.00,81.2,0
164.56,Utility Enemy 11,Utility,AttackAction,None,1.00,69.3,0
164.56,Utility Enemy 15,Utility,AttackAction,None,1.00,55.4,0
164.56,Utility Enemy 1,Utility,Dead,None,0.00,67.4,0
164.56,Utility Enemy 12,Utility,AttackAction,None,1.00,67.2,0
164.56,Utility Enemy 9,Utility,AttackAction,None,1.00,47.6,0
164.56,Utility Enemy 5,Utility,AttackAction,None,1.00,82.1,0
164.56,Utility Enemy 3,Utility,AttackAction,None,1.00,71.4,0
164.56,Utility Enemy 7,Utility,AttackAction,None,1.00,68.6,0
164.56,Utility Enemy 14,Utility,AttackAction,None,1.00,76.9,0
164.56,Utility Enemy 2,Utility,AttackAction,None,1.00,46.9,0
164.56,Utility Enemy 13,Utility,AttackAction,None,1.00,71.1,0
165.06,Player,Player,-,None,0.09,,0
165.06,FSM Enemy 6,FSM,PatrolState,None,0.20,87.4,0
165.06,FSM Enemy 12,FSM,PatrolState,None,0.90,81.2,0
165.06,FSM Enemy 4,FSM,PatrolState,None,1.00,50.6,0
165.06,FSM Enemy 2,FSM,PatrolState,None,1.00,13.5,0
165.06,FSM Enemy 13,FSM,PatrolState,None,0.80,106.3,0
165.06,FSM Enemy 10,FSM,Dead,None,0.00,25.6,0
165.06,FSM Enemy 3,FSM,PatrolState,None,1.00,53.9,0
165.06,FSM Enemy 1,FSM,Dead,None,0.00,73.3,0
165.06,FSM Enemy 14,FSM,Dead,None,0.00,26.4,0
165.06,FSM Enemy 8,FSM,PatrolState,None,1.00,62.8,0
165.06,FSM Enemy 11,FSM,PatrolState,None,0.40,106.4,0
165.06,FSM Enemy 15,FSM,PatrolState,None,0.70,93.3,0
165.06,FSM Enemy 7,FSM,PatrolState,None,1.00,117.3,0
165.06,FSM Enemy 5,FSM,PatrolState,None,0.80,84.6,0
165.06,FSM Enemy 9,FSM,PatrolState,None,1.00,58.2,0
165.06,Utility Enemy 10,Utility,AttackAction,None,1.00,66.7,0
165.06,Utility Enemy 8,Utility,AttackAction,None,1.00,66.6,0
165.06,Utility Enemy 6,Utility,AttackAction,None,1.00,103.4,0
165.06,Utility Enemy 4,Utility,AttackAction,None,1.00,81.2,0
165.06,Utility Enemy 11,Utility,AttackAction,None,1.00,69.3,0
165.06,Utility Enemy 15,Utility,AttackAction,None,1.00,55.4,0
165.06,Utility Enemy 1,Utility,Dead,None,0.00,67.4,0
165.06,Utility Enemy 12,Utility,AttackAction,None,1.00,67.2,0
165.06,Utility Enemy 9,Utility,AttackAction,None,1.00,47.6,0
165.06,Utility Enemy 5,Utility,AttackAction,None,1.00,82.1,0
165.06,Utility Enemy 3,Utility,AttackAction,None,1.00,71.4,0
165.06,Utility Enemy 7,Utility,AttackAction,None,1.00,68.6,0
165.06,Utility Enemy 14,Utility,AttackAction,None,1.00,76.9,0
165.06,Utility Enemy 2,Utility,AttackAction,None,1.00,46.9,0
165.06,Utility Enemy 13,Utility,AttackAction,None,1.00,71.1,0
165.56,Player,Player,-,None,0.09,,0
165.56,FSM Enemy 6,FSM,PatrolState,None,0.20,85.6,0
165.56,FSM Enemy 12,FSM,PatrolState,None,0.90,78.7,0
165.56,FSM Enemy 4,FSM,PatrolState,None,1.00,49.7,0
165.56,FSM Enemy 2,FSM,PatrolState,None,1.00,14.6,0
165.56,FSM Enemy 13,FSM,PatrolState,None,0.80,106.4,0
165.56,FSM Enemy 10,FSM,Dead,None,0.00,25.5,0
165.56,FSM Enemy 3,FSM,PatrolState,None,1.00,52.5,0
165.56,FSM Enemy 1,FSM,Dead,None,0.00,74.4,0
165.56,FSM Enemy 14,FSM,Dead,None,0.00,24.8,0
165.56,FSM Enemy 8,FSM,PatrolState,None,1.00,63.0,0
165.56,FSM Enemy 11,FSM,PatrolState,None,0.40,105.8,0
165.56,FSM Enemy 15,FSM,PatrolState,None,0.70,92.9,0
165.56,FSM Enemy 7,FSM,PatrolState,None,1.00,117.6,0
165.56,FSM Enemy 5,FSM,PatrolState,None,0.80,84.4,0
165.56,FSM Enemy 9,FSM,PatrolState,None,1.00,56.4,0
165.56,Utility Enemy 10,Utility,AttackAction,None,1.00,65.5,0
165.56,Utility Enemy 8,Utility,AttackAction,None,1.00,65.6,0
165.56,Utility Enemy 6,Utility,AttackAction,None,1.00,102.9,0
165.56,Utility Enemy 4,Utility,AttackAction,None,1.00,82.0,0
165.56,Utility Enemy 11,Utility,AttackAction,None,1.00,67.9,0
165.56,Utility Enemy 15,Utility,AttackAction,None,1.00,55.1,0
165.56,Utility Enemy 1,Utility,Dead,None,0.00,68.5,0
165.56,Utility Enemy 12,Utility,AttackAction,None,1.00,65.9,0
165.56,Utility Enemy 9,Utility,AttackAction,None,1.00,47.5,0
165.56,Utility Enemy 5,Utility,AttackAction,None,1.00,81.9,0
165.56,Utility Enemy 3,Utility,AttackAction,None,1.00,71.1,0
165.56,Utility Enemy 7,Utility,AttackAction,None,1.00,67.2,0
165.56,Utility Enemy 14,Utility,AttackAction,None,1.00,76.6,0
165.56,Utility Enemy 2,Utility,AttackAction,None,1.00,47.2,0
165.56,Utility Enemy 13,Utility,AttackAction,None,1.00,70.1,0
166.07,Player,Player,-,None,0.09,,0
166.07,FSM Enemy 6,FSM,PatrolState,None,0.20,84.1,0
166.07,FSM Enemy 12,FSM,PatrolState,None,0.90,76.9,0
166.07,FSM Enemy 4,FSM,PatrolState,None,1.00,49.9,0
166.07,FSM Enemy 2,FSM,PatrolState,None,1.00,15.5,0
166.07,FSM Enemy 13,FSM,PatrolState,None,0.80,106.3,0
166.07,FSM Enemy 10,FSM,Dead,None,0.00,25.3,0
166.07,FSM Enemy 3,FSM,PatrolState,None,1.00,51.1,0
166.07,FSM Enemy 1,FSM,Dead,None,0.00,74.9,0
166.07,FSM Enemy 14,FSM,Dead,None,0.00,23.8,0
166.07,FSM Enemy 8,FSM,PatrolState,None,1.00,62.9,0
166.07,FSM Enemy 11,FSM,PatrolState,None,0.40,105.1,0
166.07,FSM Enemy 15,FSM,PatrolState,None,0.70,92.5,0
166.07,FSM Enemy 7,FSM,PatrolState,None,1.00,116.6,0
166.07,FSM Enemy 5,FSM,PatrolState,None,0.80,83.7,0
166.07,FSM Enemy 9,FSM,PatrolState,None,1.00,54.9,0
166.07,Utility Enemy 10,Utility,AttackAction,None,1.00,64.6,0
166.07,Utility Enemy 8,Utility,AttackAction,None,1.00,64.8,0
166.07,Utility Enemy 6,Utility,AttackAction,None,1.00,102.5,0
166.07,Utility Enemy 4,Utility,AttackAction,None,1.00,82.3,0
166.07,Utility Enemy 11,Utility,AttackAction,None,1.00,66.9,0
166.07,Utility Enemy 15,Utility,AttackAction,None,1.00,54.8,0
166.07,Utility Enemy 1,Utility,Dead,None,0.00,68.9,0
166.07,Utility Enemy 12,Utility,AttackAction,None,1.00,65.1,0
166.07,Utility Enemy 9,Utility,AttackAction,None,1.00,47.3,0
166.07,Utility Enemy 5,Utility,AttackAction,None,1.00,81.6,0
166.07,Utility Enemy 3,Utility,AttackAction,None,1.00,70.7,0
166.07,Utility Enemy 7,Utility,AttackAction,None,1.00,66.2,0
166.07,Utility Enemy 14,Utility,AttackAction,None,1.00,76.2,0
166.07,Utility Enemy 2,Utility,AttackAction,None,1.00,47.1,0
166.07,Utility Enemy 13,Utility,AttackAction,None,1.00,69.4,0
166.57,Player,Player,-,WallDisappear,0.09,,0
166.57,FSM Enemy 6,FSM,ChaseState,WallDisappear,0.20,83.2,0
166.57,FSM Enemy 12,FSM,ChaseState,WallDisappear,0.90,76.2,0
166.57,FSM Enemy 4,FSM,ChaseState,WallDisappear,1.00,50.9,0
166.57,FSM Enemy 2,FSM,ChaseState,WallDisappear,1.00,16.0,0
166.57,FSM Enemy 13,FSM,ChaseState,WallDisappear,0.80,106.3,0
166.57,FSM Enemy 10,FSM,Dead,WallDisappear,0.00,25.3,0
166.57,FSM Enemy 3,FSM,ChaseState,WallDisappear,1.00,50.0,0
166.57,FSM Enemy 1,FSM,Dead,WallDisappear,0.00,74.9,0
166.57,FSM Enemy 14,FSM,Dead,WallDisappear,0.00,23.8,0
166.57,FSM Enemy 8,FSM,ChaseState,WallDisappear,1.00,63.1,0
166.57,FSM Enemy 11,FSM,ChaseState,WallDisappear,0.40,104.9,0
166.57,FSM Enemy 15,FSM,ChaseState,WallDisappear,0.70,92.5,0
166.57,FSM Enemy 7,FSM,ChaseState,WallDisappear,1.00,115.7,0
166.57,FSM Enemy 5,FSM,ChaseState,WallDisappear,0.80,83.1,0
166.57,FSM Enemy 9,FSM,ChaseState,WallDisappear,1.00,54.4,0
166.57,Utility Enemy 10,Utility,ChaseAction,WallDisappear,1.00,64.6,0
166.57,Utility Enemy 8,Utility,ChaseAction,WallDisappear,1.00,64.8,0
166.57,Utility Enemy 6,Utility,ChaseAction,WallDisappear,1.00,102.5,0
166.57,Utility Enemy 4,Utility,ChaseAction,WallDisappear,1.00,82.3,0
166.57,Utility Enemy 11,Utility,ChaseAction,WallDisappear,1.00,66.9,0
166.57,Utility Enemy 15,Utility,ChaseAction,WallDisappear,1.00,54.7,0
166.57,Utility Enemy 1,Utility,Dead,WallDisappear,0.00,68.9,0
166.57,Utility Enemy 12,Utility,ChaseAction,WallDisappear,1.00,65.1,0
166.57,Utility Enemy 9,Utility,ChaseAction,WallDisappear,1.00,47.3,0
166.57,Utility Enemy 5,Utility,ChaseAction,WallDisappear,1.00,81.6,0
166.57,Utility Enemy 3,Utility,ChaseAction,WallDisappear,1.00,70.7,0
166.57,Utility Enemy 7,Utility,ChaseAction,WallDisappear,1.00,66.2,0
166.57,Utility Enemy 14,Utility,ChaseAction,WallDisappear,1.00,76.2,0
166.57,Utility Enemy 2,Utility,ChaseAction,WallDisappear,1.00,47.1,0
166.57,Utility Enemy 13,Utility,ChaseAction,WallDisappear,1.00,69.4,0
167.07,Player,Player,-,WallDisappear,0.09,,0
167.07,FSM Enemy 6,FSM,ChaseState,WallDisappear,0.20,82.0,0
167.07,FSM Enemy 12,FSM,ChaseState,WallDisappear,0.90,74.5,0
167.07,FSM Enemy 4,FSM,ChaseState,WallDisappear,1.00,50.9,0
167.07,FSM Enemy 2,FSM,ChaseState,WallDisappear,1.00,16.8,0
167.07,FSM Enemy 13,FSM,ChaseState,WallDisappear,0.80,104.4,0
167.07,FSM Enemy 10,FSM,Dead,WallDisappear,0.00,25.3,0
167.07,FSM Enemy 3,FSM,ChaseState,WallDisappear,1.00,48.4,0
167.07,FSM Enemy 1,FSM,Dead,WallDisappear,0.00,74.9,0
167.07,FSM Enemy 14,FSM,Dead,WallDisappear,0.00,23.8,0
167.07,FSM Enemy 8,FSM,ChaseState,WallDisappear,1.00,62.0,0
167.07,FSM Enemy 11,FSM,ChaseState,WallDisappear,0.40,103.1,0
167.07,FSM Enemy 15,FSM,ChaseState,WallDisappear,0.70,91.5,0
167.07,FSM Enemy 7,FSM,ChaseState,WallDisappear,1.00,113.7,0
167.07,FSM Enemy 5,FSM,ChaseState,WallDisappear,0.80,84.2,0
167.07,FSM Enemy 9,FSM,ChaseState,WallDisappear,1.00,55.1,0
167.07,Utility Enemy 10,Utility,ChaseAction,WallDisappear,1.00,64.5,0
167.07,Utility Enemy 8,Utility,ChaseAction,WallDisappear,1.00,64.2,0
167.07,Utility Enemy 6,Utility,ChaseAction,WallDisappear,1.00,103.9,0
167.07,Utility Enemy 4,Utility,ChaseAction,WallDisappear,1.00,82.3,0
167.07,Utility Enemy 11,Utility,ChaseAction,WallDisappear,1.00,65.4,0
167.07,Utility Enemy 15,Utility,ChaseAction,WallDisappear,1.00,53.1,0
167.07,Utility Enemy 1,Utility,Dead,WallDisappear,0.00,68.9,0
167.07,Utility Enemy 12,Utility,ChaseAction,WallDisappear,1.00,64.9,0
167.07,Utility Enemy 9,Utility,ChaseAction,WallDisappear,1.00,48.7,0
167.07,Utility Enemy 5,Utility,ChaseAction,WallDisappear,1.00,80.6,0
167.07,Utility Enemy 3,Utility,ChaseAction,WallDisappear,1.00,69.2,0
167.07,Utility Enemy 7,Utility,ChaseAction,WallDisappear,0.50,65.9,0
167.07,Utility Enemy 14,Utility,ChaseAction,WallDisappear,1.00,74.8,0
167.07,Utility Enemy 2,Utility,ChaseAction,WallDisappear,1.00,45.9,0
167.07,Utility Enemy 13,Utility,ChaseAction,WallDisappear,1.00,70.2,0
167.57,Player,Player,-,WallDisappear,0.09,,0
167.57,FSM Enemy 6,FSM,ChaseState,WallDisappear,0.20,80.7,0
167.57,FSM Enemy 12,FSM,ChaseState,WallDisappear,0.90,72.5,0
167.57,FSM Enemy 4,FSM,ChaseState,WallDisappear,1.00,50.8,0
167.57,FSM Enemy 2,FSM,ChaseState,WallDisappear,1.00,16.9,0
167.57,FSM Enemy 13,FSM,ChaseState,WallDisappear,0.80,102.2,0
167.57,FSM Enemy 10,FSM,Dead,WallDisappear,0.00,25.3,0
167.57,FSM Enemy 3,FSM,ChaseState,WallDisappear,1.00,46.8,0
167.57,FSM Enemy 1,FSM,Dead,WallDisappear,0.00,74.9,0
167.57,FSM Enemy 14,FSM,Dead,WallDisappear,0.00,23.8,0
167.57,FSM Enemy 8,FSM,ChaseState,WallDisappear,1.00,60.9,0
167.57,FSM Enemy 11,FSM,ChaseState,WallDisappear,0.40,101.0,0
167.57,FSM Enemy 15,FSM,ChaseState,WallDisappear,0.70,90.3,0
167.57,FSM Enemy 7,FSM,ChaseState,WallDisappear,1.00,111.5,0
167.57,FSM Enemy 5,FSM,ChaseState,WallDisappear,0.80,85.6,0
167.57,FSM Enemy 9,FSM,ChaseState,WallDisappear,1.00,56.0,0
167.57,Utility Enemy 10,Utility,ChaseAction,WallDisappear,1.00,64.5,0
167.57,Utility Enemy 8,Utility,ChaseAction,WallDisappear,1.00,63.5,0
167.57,Utility Enemy 6,Utility,ChaseAction,WallDisappear,1.00,106.1,0
167.57,Utility Enemy 4,Utility,ChaseAction,WallDisappear,1.00,82.3,0
167.57,Utility Enemy 11,Utility,Dead,WallDisappear,0.00,64.0,0
167.57,Utility Enemy 15,Utility,ChaseAction,WallDisappear,1.00,50.9,0
167.57,Utility Enemy 1,Utility,ChaseAction,WallDisappear,1.00,45.8,0
167.57,Utility Enemy 12,Utility,ChaseAction,WallDisappear,1.00,64.8,0
167.57,Utility Enemy 9,Utility,ChaseAction,WallDisappear,1.00,50.7,0
167.57,Utility Enemy 5,Utility,ChaseAction,WallDisappear,1.00,79.1,0
167.57,Utility Enemy 3,Utility,ChaseAction,WallDisappear,1.00,67.0,0
167.57,Utility Enemy 7,Utility,ChaseAction,WallDisappear,0.50,65.5,0
167.57,Utility Enemy 14,Utility,ChaseAction,WallDisappear,1.00,72.6,0
167.57,Utility Enemy 2,Utility,ChaseAction,WallDisappear,1.00,44.1,0
167.57,Utility Enemy 13,Utility,ChaseAction,WallDisappear,1.00,71.3,0
168.08,Player,Player,-,WallDisappear,0.09,,0
168.08,FSM Enemy 6,FSM,ChaseState,WallDisappear,0.20,79.3,0
168.08,FSM Enemy 12,FSM,ChaseState,WallDisappear,0.90,70.6,0
168.08,FSM Enemy 4,FSM,ChaseState,WallDisappear,1.00,50.8,0
168.08,FSM Enemy 2,FSM,ChaseState,WallDisappear,1.00,16.9,0
168.08,FSM Enemy 13,FSM,ChaseState,WallDisappear,0.80,100.0,0
168.08,FSM Enemy 10,FSM,Dead,WallDisappear,0.00,25.3,0
168.08,FSM Enemy 3,FSM,ChaseState,WallDisappear,1.00,45.2,0
168.08,FSM Enemy 1,FSM,Dead,WallDisappear,0.00,74.9,0
168.08,FSM Enemy 14,FSM,Dead,WallDisappear,0.00,23.8,0
168.08,FSM Enemy 8,FSM,ChaseState,WallDisappear,1.00,59.5,0
168.08,FSM Enemy 11,FSM,ChaseState,WallDisappear,0.40,99.0,0
168.08,FSM Enemy 15,FSM,ChaseState,WallDisappear,0.70,89.2,0
168.08,FSM Enemy 7,FSM,ChaseState,WallDisappear,1.00,109.2,0
168.08,FSM Enemy 5,FSM,ChaseState,WallDisappear,0.80,86.9,0
168.08,FSM Enemy 9,FSM,ChaseState,WallDisappear,1.00,57.0,0
168.08,Utility Enemy 10,Utility,ChaseAction,WallDisappear,1.00,64.6,0
168.08,Utility Enemy 8,Utility,ChaseAction,WallDisappear,1.00,62.9,0
168.08,Utility Enemy 6,Utility,ChaseAction,WallDisappear,1.00,108.3,0
168.08,Utility Enemy 4,Utility,ChaseAction,WallDisappear,1.00,82.3,0
168.08,Utility Enemy 11,Utility,Dead,WallDisappear,0.00,64.0,0
168.08,Utility Enemy 15,Utility,ChaseAction,WallDisappear,1.00,48.7,0
168.08,Utility Enemy 1,Utility,ChaseAction,WallDisappear,1.00,45.7,0
168.08,Utility Enemy 12,Utility,ChaseAction,WallDisappear,1.00,64.8,0
168.08,Utility Enemy 9,Utility,ChaseAction,WallDisappear,1.00,52.7,0
168.08,Utility Enemy 5,Utility,ChaseAction,WallDisappear,1.00,77.6,0
168.08,Utility Enemy 3,Utility,ChaseAction,WallDisappear,1.00,64.8,0
168.08,Utility Enemy 7,Utility,ChaseAction,WallDisappear,0.50,65.2,0
168.08,Utility Enemy 14,Utility,ChaseAction,WallDisappear,1.00,70.3,0
168.08,Utility Enemy 2,Utility,ChaseAction,WallDisappear,1.00,42.3,0
168.08,Utility Enemy 13,Utility,ChaseAction,WallDisappear,1.00,72.4,0
168.58,Player,Player,-,WallDisappear,0.09,,0
168.58,FSM Enemy 6,FSM,ChaseState,WallDisappear,0.20,78.1,0
168.58,FSM Enemy 12,FSM,ChaseState,WallDisappear,0.90,68.6,0
168.58,FSM Enemy 4,FSM,ChaseState,WallDisappear,1.00,50.9,0
168.58,FSM Enemy 2,FSM,ChaseState,WallDisappear,1.00,17.2,0
168.58,FSM Enemy 13,FSM,ChaseState,WallDisappear,0.80,97.7,0
168.58,FSM Enemy 10,FSM,Dead,WallDisappear,0.00,25.3,0
168.58,FSM Enemy 3,FSM,ChaseState,WallDisappear,1.00,43.7,0
168.58,FSM Enemy 1,FSM,Dead,WallDisappear,0.00,74.9,0
168.58,FSM Enemy 14,FSM,Dead,WallDisappear,0.00,23.8,0
168.58,FSM Enemy 8,FSM,ChaseState,WallDisappear,1.00,59.3,0
168.58,FSM Enemy 11,FSM,ChaseState,WallDisappear,0.40,96.9,0
168.58,FSM Enemy 15,FSM,ChaseState,WallDisappear,0.70,88.2,0
168.58,FSM Enemy 7,FSM,ChaseState,WallDisappear,1.00,107.1,0
168.58,FSM Enemy 5,FSM,ChaseState,WallDisappear,0.80,87.1,0
168.58,FSM Enemy 9,FSM,ChaseState,WallDisappear,1.00,58.1,0
168.58,Utility Enemy 10,Utility,ChaseAction,WallDisappear,1.00,64.8,0
168.58,Utility Enemy 8,Utility,ChaseAction,WallDisappear,1.00,62.4,0
168.58,Utility Enemy 6,Utility,ChaseAction,WallDisappear,1.00,110.5,0
168.58,Utility Enemy 4,Utility,ChaseAction,WallDisappear,1.00,82.3,0
168.58,Utility Enemy 11,Utility,Dead,WallDisappear,0.00,64.0,0
168.58,Utility Enemy 15,Utility,ChaseAction,WallDisappear,1.00,46.6,0
168.58,Utility Enemy 1,Utility,ChaseAction,WallDisappear,1.00,45.8,0
168.58,Utility Enemy 12,Utility,ChaseAction,WallDisappear,1.00,64.4,0
168.58,Utility Enemy 9,Utility,ChaseAction,WallDisappear,1.00,54.7,0
168.58,Utility Enemy 5,Utility,ChaseAction,WallDisappear,1.00,76.2,0
168.58,Utility Enemy 3,Utility,ChaseAction,WallDisappear,1.00,62.7,0
168.58,Utility Enemy 7,Utility,ChaseAction,WallDisappear,0.50,65.0,0
168.58,Utility Enemy 14,Utility,ChaseAction,WallDisappear,1.00,68.1,0
168.58,Utility Enemy 2,Utility,ChaseAction,WallDisappear,1.00,40.6,0
168.58,Utility Enemy 13,Utility,ChaseAction,WallDisappear,1.00,73.5,0
169.09,Player,Player,-,WallDisappear,0.09,,0
169.09,FSM Enemy 6,FSM,ChaseState,WallDisappear,0.20,76.9,0
169.09,FSM Enemy 12,FSM,ChaseState,WallDisappear,0.90,66.7,0
169.09,FSM Enemy 4,FSM,ChaseState,WallDisappear,1.00,51.1,0
169.09,FSM Enemy 2,FSM,ChaseState,WallDisappear,1.00,17.8,0
169.09,FSM Enemy 13,FSM,ChaseState,WallDisappear,0.80,95.5,0
169.09,FSM Enemy 10,FSM,Dead,WallDisappear,0.00,25.3,0
169.09,FSM Enemy 3,FSM,ChaseState,WallDisappear,1.00,42.2,0
169.09,FSM Enemy 1,FSM,PatrolState,WallDisappear,1.00,46.4,0
169.09,FSM Enemy 14,FSM,Dead,WallDisappear,0.00,23.8,0
169.09,FSM Enemy 8,FSM,ChaseState,WallDisappear,1.00,59.3,0
169.09,FSM Enemy 11,FSM,ChaseState,WallDisappear,0.40,94.9,0
169.09,FSM Enemy 15,FSM,ChaseState,WallDisappear,0.70,87.1,0
169.09,FSM Enemy 7,FSM,ChaseState,WallDisappear,1.00,106.9,0
169.09,FSM Enemy 5,FSM,ChaseState,WallDisappear,0.80,87.1,0
169.09,FSM Enemy 9,FSM,ChaseState,WallDisappear,1.00,59.2,0
169.09,Utility Enemy 10,Utility,ChaseAction,WallDisappear,1.00,64.2,0
169.09,Utility Enemy 8,Utility,ChaseAction,WallDisappear,1.00,62.0,0
169.09,Utility Enemy 6,Utility,ChaseAction,WallDisappear,1.00,112.7,0
169.09,Utility Enemy 4,Utility,ChaseAction,WallDisappear,1.00,82.3,0
169.09,Utility Enemy 11,Utility,Dead,WallDisappear,0.00,64.0,0
169.09,Utility Enemy 15,Utility,ChaseAction,WallDisappear,1.00,44.4,0
169.09,Utility Enemy 1,Utility,ChaseAction,WallDisappear,1.00,46.0,0
169.09,Utility Enemy 12,Utility,ChaseAction,WallDisappear,1.00,63.7,0
169.09,Utility Enemy 9,Utility,ChaseAction,WallDisappear,1.00,56.8,0
169.09,Utility Enemy 5,Utility,ChaseAction,WallDisappear,1.00,74.8,0
169.09,Utility Enemy 3,Utility,ChaseAction,WallDisappear,1.00,60.7,0
169.09,Utility Enemy 7,Utility,ChaseAction,WallDisappear,0.50,64.8,0
169.09,Utility Enemy 14,Utility,ChaseAction,WallDisappear,1.00,65.9,0
169.09,Utility Enemy 2,Utility,ChaseAction,WallDisappear,1.00,39.2,0
169.09,Utility Enemy 13,Utility,ChaseAction,WallDisappear,1.00,74.7,0
169.59,Player,Player,-,WallDisappear,0.09,,0
169.59,FSM Enemy 6,FSM,ChaseState,WallDisappear,0.20,75.6,0
169.59,FSM Enemy 12,FSM,ChaseState,WallDisappear,0.90,66.1,0
169.59,FSM Enemy 4,FSM,ChaseState,WallDisappear,1.00,51.4,0
169.59,FSM Enemy 2,FSM,ChaseState,WallDisappear,1.00,18.6,0
169.59,FSM Enemy 13,FSM,ChaseState,WallDisappear,0.80,93.2,0
169.59,FSM Enemy 10,FSM,Dead,WallDisappear,0.00,25.3,0
169.59,FSM Enemy 3,FSM,ChaseState,WallDisappear,1.00,40.9,0
169.59,FSM Enemy 1,FSM,PatrolState,WallDisappear,1.00,46.8,0
169.59,FSM Enemy 14,FSM,Dead,WallDisappear,0.00,23.8,0
169.59,FSM Enemy 8,FSM,ChaseState,WallDisappear,1.00,59.3,0
169.59,FSM Enemy 11,FSM,ChaseState,WallDisappear,0.40,92.9,0
169.59,FSM Enemy 15,FSM,ChaseState,WallDisappear,0.70,86.4,0
169.59,FSM Enemy 7,FSM,ChaseState,WallDisappear,1.00,106.9,0
169.59,FSM Enemy 5,FSM,ChaseState,WallDisappear,0.80,87.1,0
169.59,FSM Enemy 9,FSM,ChaseState,WallDisappear,1.00,60.4,0
169.59,Utility Enemy 10,Utility,ChaseAction,WallDisappear,1.00,63.5,0
169.59,Utility Enemy 8,Utility,ChaseAction,WallDisappear,1.00,61.6,0
169.59,Utility Enemy 6,Utility,ChaseAction,WallDisappear,1.00,113.8,0
169.59,Utility Enemy 4,Utility,ChaseAction,WallDisappear,1.00,82.3,0
169.59,Utility Enemy 11,Utility,Dead,WallDisappear,0.00,64.0,0
169.59,Utility Enemy 15,Utility,ChaseAction,WallDisappear,1.00,42.2,0
169.59,Utility Enemy 1,Utility,ChaseAction,WallDisappear,1.00,46.1,0
169.59,Utility Enemy 12,Utility,ChaseAction,WallDisappear,1.00,63.0,0
169.59,Utility Enemy 9,Utility,ChaseAction,WallDisappear,1.00,58.9,0
169.59,Utility Enemy 5,Utility,ChaseAction,WallDisappear,1.00,73.4,0
169.59,Utility Enemy 3,Utility,ChaseAction,WallDisappear,1.00,59.7,0
169.59,Utility Enemy 7,Utility,ChaseAction,WallDisappear,0.50,64.8,0
169.59,Utility Enemy 14,Utility,ChaseAction,WallDisappear,1.00,63.8,0
169.59,Utility Enemy 2,Utility,ChaseAction,WallDisappear,1.00,38.5,0
169.59,Utility Enemy 13,Utility,ChaseAction,WallDisappear,1.00,76.0,0
170.10,Player,Player,-,WallDisappear,0.09,,0
170.10,FSM Enemy 6,FSM,ChaseState,WallDisappear,0.20,74.1,0
170.10,FSM Enemy 12,FSM,ChaseState,WallDisappear,0.90,65.7,0
170.10,FSM Enemy 4,FSM,ChaseState,WallDisappear,1.00,51.8,0
170.10,FSM Enemy 2,FSM,ChaseState,WallDisappear,1.00,19.7,0
170.10,FSM Enemy 13,FSM,ChaseState,WallDisappear,0.80,91.0,0
170.10,FSM Enemy 10,FSM,Dead,WallDisappear,0.00,25.3,0
170.10,FSM Enemy 3,FSM,ChaseState,WallDisappear,1.00,39.6,0
170.10,FSM Enemy 1,FSM,PatrolState,WallDisappear,1.00,47.4,0
170.10,FSM Enemy 14,FSM,Dead,WallDisappear,0.00,23.8,0
170.10,FSM Enemy 8,FSM,ChaseState,WallDisappear,1.00,59.3,0
170.10,FSM Enemy 11,FSM,ChaseState,WallDisappear,0.40,90.8,0
170.10,FSM Enemy 15,FSM,ChaseState,WallDisappear,0.70,86.3,0
170.10,FSM Enemy 7,FSM,ChaseState,WallDisappear,1.00,106.9,0
170.10,FSM Enemy 5,FSM,ChaseState,WallDisappear,0.80,87.1,0
170.10,FSM Enemy 9,FSM,ChaseState,WallDisappear,1.00,60.9,0
170.10,Utility Enemy 10,Utility,ChaseAction,WallDisappear,1.00,62.9,0
170.10,Utility Enemy 8,Utility,ChaseAction,WallDisappear,1.00,61.3,0
170.10,Utility Enemy 6,Utility,ChaseAction,WallDisappear,1.00,113.8,0
170.10,Utility Enemy 4,Utility,ChaseAction,WallDisappear,1.00,82.3,0
170.10,Utility Enemy 11,Utility,Dead,WallDisappear,0.00,64.0,0
170.10,Utility Enemy 15,Utility,ChaseAction,WallDisappear,1.00,40.1,0
170.10,Utility Enemy 1,Utility,ChaseAction,WallDisappear,0.25,45.7,0
170.10,Utility Enemy 12,Utility,ChaseAction,WallDisappear,1.00,62.5,0
170.10,Utility Enemy 9,Utility,ChaseAction,WallDisappear,1.00,60.8,0
170.10,Utility Enemy 5,Utility,ChaseAction,WallDisappear,1.00,72.1,0
170.10,Utility Enemy 3,Utility,ChaseAction,WallDisappear,1.00,59.7,0
170.10,Utility Enemy 7,Utility,ChaseAction,WallDisappear,0.50,64.8,0
170.10,Utility Enemy 14,Utility,ChaseAction,WallDisappear,1.00,62.3,0
170.10,Utility Enemy 2,Utility,ChaseAction,WallDisappear,1.00,37.8,0
170.10,Utility Enemy 13,Utility,ChaseAction,WallDisappear,1.00,77.3,0
170.60,Player,Player,-,WallDisappear,0.09,,0
170.60,FSM Enemy 6,FSM,ChaseState,WallDisappear,0.20,72.6,0
170.60,FSM Enemy 12,FSM,ChaseState,WallDisappear,0.90,65.3,0
170.60,FSM Enemy 4,FSM,ChaseState,WallDisappear,1.00,52.3,0
170.60,FSM Enemy 2,FSM,ChaseState,WallDisappear,1.00,20.9,0
170.60,FSM Enemy 13,FSM,ChaseState,WallDisappear,0.80,88.8,0
170.60,FSM Enemy 10,FSM,Dead,WallDisappear,0.00,25.3,0
170.60,FSM Enemy 3,FSM,ChaseState,WallDisappear,1.00,38.4,0
170.60,FSM Enemy 1,FSM,PatrolState,WallDisappear,1.00,47.9,0
170.60,FSM Enemy 14,FSM,Dead,WallDisappear,0.00,23.8,0
170.60,FSM Enemy 8,FSM,ChaseState,WallDisappear,1.00,59.3,0
170.60,FSM Enemy 11,FSM,ChaseState,WallDisappear,0.40,88.8,0
170.60,FSM Enemy 15,FSM,ChaseState,WallDisappear,0.70,86.6,0
170.60,FSM Enemy 7,FSM,ChaseState,WallDisappear,1.00,106.9,0
170.60,FSM Enemy 5,FSM,ChaseState,WallDisappear,0.80,87.1,0
170.60,FSM Enemy 9,FSM,ChaseState,WallDisappear,1.00,60.1,0
170.60,Utility Enemy 10,Utility,ChaseAction,WallDisappear,1.00,62.3,0
170.60,Utility Enemy 8,Utility,ChaseAction,WallDisappear,1.00,61.2,0
170.60,Utility Enemy 6,Utility,ChaseAction,WallDisappear,1.00,113.8,0
170.60,Utility Enemy 4,Utility,ChaseAction,WallDisappear,1.00,82.3,0
170.60,Utility Enemy 11,Utility,Dead,WallDisappear,0.00,64.0,0
170.60,Utility Enemy 15,Utility,ChaseAction,WallDisappear,1.00,37.9,0
170.60,Utility Enemy 1,Utility,ChaseAction,WallDisappear,0.25,45.4,0
170.60,Utility Enemy 12,Utility,ChaseAction,WallDisappear,1.00,62.0,0
170.60,Utility Enemy 9,Utility,ChaseAction,WallDisappear,1.00,60.5,0
170.60,Utility Enemy 5,Utility,ChaseAction,WallDisappear,1.00,70.9,0
170.60,Utility Enemy 3,Utility,ChaseAction,WallDisappear,1.00,59.6,0
170.60,Utility Enemy 7,Utility,ChaseAction,WallDisappear,0.50,64.6,0
170.60,Utility Enemy 14,Utility,ChaseAction,WallDisappear,1.00,61.5,0
170.60,Utility Enemy 2,Utility,ChaseAction,WallDisappear,1.00,37.4,0
170.60,Utility Enemy 13,Utility,ChaseAction,WallDisappear,1.00,78.6,0
171.11,Player,Player,-,WallDisappear,0.09,,0
171.11,FSM Enemy 6,FSM,ChaseState,WallDisappear,0.20,71.2,0
171.11,FSM Enemy 12,FSM,ChaseState,WallDisappear,0.90,65.1,0
171.11,FSM Enemy 4,FSM,ChaseState,WallDisappear,1.00,52.9,0
171.11,FSM Enemy 2,FSM,ChaseState,WallDisappear,1.00,22.1,0
171.11,FSM Enemy 13,FSM,ChaseState,WallDisappear,0.80,86.6,0
171.11,FSM Enemy 10,FSM,Dead,WallDisappear,0.00,25.3,0
171.11,FSM Enemy 3,FSM,ChaseState,WallDisappear,1.00,37.3,0
171.11,FSM Enemy 1,FSM,PatrolState,WallDisappear,1.00,48.5,0
171.11,FSM Enemy 14,FSM,Dead,WallDisappear,0.00,23.8,0
171.11,FSM Enemy 8,FSM,ChaseState,WallDisappear,1.00,59.5,0
171.11,FSM Enemy 11,FSM,ChaseState,WallDisappear,0.40,86.8,0
171.11,FSM Enemy 15,FSM,ChaseState,WallDisappear,0.70,86.7,0
171.11,FSM Enemy 7,FSM,ChaseState,WallDisappear,1.00,106.9,0
171.11,FSM Enemy 5,FSM,ChaseState,WallDisappear,0.80,87.1,0
171.11,FSM Enemy 9,FSM,ChaseState,WallDisappear,1.00,59.9,0
171.11,Utility Enemy 10,Utility,ChaseAction,WallDisappear,1.00,61.8,0
171.11,Utility Enemy 8,Utility,ChaseAction,WallDisappear,1.00,61.2,0
171.11,Utility Enemy 6,Utility,ChaseAction,WallDisappear,1.00,113.8,0
171.11,Utility Enemy 4,Utility,ChaseAction,WallDisappear,1.00,82.3,0
171.11,Utility Enemy 11,Utility,Dead,WallDisappear,0.00,64.0,0
171.11,Utility Enemy 15,Utility,ChaseAction,WallDisappear,1.00,35.8,0
171.11,Utility Enemy 1,Utility,ChaseAction,WallDisappear,0.25,45.2,0
171.11,Utility Enemy 12,Utility,ChaseAction,WallDisappear,1.00,61.6,0
171.11,Utility Enemy 9,Utility,ChaseAction,WallDisappear,1.00,60.3,0
171.11,Utility Enemy 5,Utility,ChaseAction,WallDisappear,1.00,69.7,0
171.11,Utility Enemy 3,Utility,ChaseAction,WallDisappear,1.00,59.5,0
171.11,Utility Enemy 7,Utility,ChaseAction,WallDisappear,0.50,63.9,0
171.11,Utility Enemy 14,Utility,ChaseAction,WallDisappear,1.00,60.9,0
171.11,Utility Enemy 2,Utility,ChaseAction,WallDisappear,1.00,37.0,0
171.11,Utility Enemy 13,Utility,ChaseAction,WallDisappear,1.00,80.0,0
171.61,Player,Player,-,None,0.09,,0
171.61,FSM Enemy 6,FSM,PatrolState,None,0.20,70.0,0
171.61,FSM Enemy 12,FSM,PatrolState,None,0.90,65.2,0
171.61,FSM Enemy 4,FSM,PatrolState,None,1.00,53.5,0
171.61,FSM Enemy 2,FSM,PatrolState,None,1.00,23.3,0
171.61,FSM Enemy 13,FSM,PatrolState,None,0.80,84.7,0
171.61,FSM Enemy 10,FSM,Dead,None,0.00,25.3,0
171.61,FSM Enemy 3,FSM,PatrolState,None,1.00,36.5,0
171.61,FSM Enemy 1,FSM,PatrolState,None,0.75,49.1,0
171.61,FSM Enemy 14,FSM,Dead,None,0.00,23.8,0
171.61,FSM Enemy 8,FSM,PatrolState,None,0.90,59.4,0
171.61,FSM Enemy 11,FSM,PatrolState,None,0.40,86.1,0
171.61,FSM Enemy 15,FSM,PatrolState,None,0.70,87.0,0
171.61,FSM Enemy 7,FSM,PatrolState,None,1.00,106.6,0
171.61,FSM Enemy 5,FSM,PatrolState,None,0.80,86.9,0
171.61,FSM Enemy 9,FSM,PatrolState,None,0.90,60.1,0
171.61,Utility Enemy 10,Utility,AttackAction,None,1.00,61.5,0
171.61,Utility Enemy 8,Utility,AttackAction,None,1.00,61.2,0
171.61,Utility Enemy 6,Utility,AttackAction,None,1.00,113.8,0
171.61,Utility Enemy 4,Utility,AttackAction,None,1.00,82.3,0
171.61,Utility Enemy 11,Utility,Dead,None,0.00,64.0,0
171.61,Utility Enemy 15,Utility,AttackAction,None,1.00,33.8,0
171.61,Utility Enemy 1,Utility,AttackAction,None,0.25,45.1,0
171.61,Utility Enemy 12,Utility,AttackAction,None,1.00,61.3,0
171.61,Utility Enemy 9,Utility,AttackAction,None,1.00,60.4,0
171.61,Utility Enemy 5,Utility,AttackAction,None,1.00,68.6,0
171.61,Utility Enemy 3,Utility,AttackAction,None,1.00,59.3,0
171.61,Utility Enemy 7,Utility,AttackAction,None,0.50,63.2,0
171.61,Utility Enemy 14,Utility,AttackAction,None,1.00,60.2,0
171.61,Utility Enemy 2,Utility,AttackAction,None,1.00,36.8,0
171.61,Utility Enemy 13,Utility,AttackAction,None,1.00,81.4,0
172.12,Player,Player,-,None,0.09,,0
172.12,FSM Enemy 6,FSM,PatrolState,None,0.20,70.3,0
172.12,FSM Enemy 12,FSM,PatrolState,None,0.90,66.0,0
172.12,FSM Enemy 4,FSM,PatrolState,None,1.00,53.4,0
172.12,FSM Enemy 2,FSM,PatrolState,None,1.00,23.0,0
172.12,FSM Enemy 13,FSM,PatrolState,None,0.80,85.2,0
172.12,FSM Enemy 10,FSM,Dead,None,0.00,25.3,0
172.12,FSM Enemy 3,FSM,PatrolState,None,1.00,37.1,0
172.12,FSM Enemy 1,FSM,PatrolState,None,0.75,49.7,0
172.12,FSM Enemy 14,FSM,Dead,None,0.00,23.8,0
172.12,FSM Enemy 8,FSM,PatrolState,None,0.90,59.6,0
172.12,FSM Enemy 11,FSM,PatrolState,None,0.40,87.2,0
172.12,FSM Enemy 15,FSM,PatrolState,None,0.70,86.9,0
172.12,FSM Enemy 7,FSM,PatrolState,None,1.00,105.4,0
172.12,FSM Enemy 5,FSM,PatrolState,None,0.80,86.4,0
172.12,FSM Enemy 9,FSM,PatrolState,None,0.90,60.9,0
172.12,Utility Enemy 10,Utility,AttackAction,None,1.00,61.5,0
172.12,Utility Enemy 8,Utility,AttackAction,None,1.00,61.2,0
172.12,Utility Enemy 6,Utility,AttackAction,None,1.00,113.8,0
172.12,Utility Enemy 4,Utility,AttackAction,None,1.00,82.3,0
172.12,Utility Enemy 11,Utility,Dead,None,0.00,64.0,0
172.12,Utility Enemy 15,Utility,AttackAction,None,1.00,33.5,0
172.12,Utility Enemy 1,Utility,AttackAction,None,0.25,45.1,0
172.12,Utility Enemy 12,Utility,AttackAction,None,1.00,61.2,0
172.12,Utility Enemy 9,Utility,AttackAction,None,1.00,60.5,0
172.12,Utility Enemy 5,Utility,AttackAction,None,1.00,68.4,0
172.12,Utility Enemy 3,Utility,AttackAction,None,1.00,59.2,0
172.12,Utility Enemy 7,Utility,AttackAction,None,0.50,63.1,0
172.12,Utility Enemy 14,Utility,AttackAction,None,1.00,60.1,0
172.12,Utility Enemy 2,Utility,AttackAction,None,1.00,36.8,0
172.12,Utility Enemy 13,Utility,AttackAction,None,1.00,81.6,0
172.62,Player,Player,-,None,0.09,,0
172.62,FSM Enemy 6,FSM,PatrolState,None,0.20,70.9,0
172.62,FSM Enemy 12,FSM,PatrolState,None,0.90,66.7,0
172.62,FSM Enemy 4,FSM,PatrolState,None,1.00,52.9,0
172.62,FSM Enemy 2,FSM,PatrolState,None,1.00,22.0,0
172.62,FSM Enemy 13,FSM,PatrolState,None,0.80,86.0,0
172.62,FSM Enemy 10,FSM,Dead,None,0.00,25.1,0
172.62,FSM Enemy 3,FSM,PatrolState,None,1.00,37.5,0
172.62,FSM Enemy 1,FSM,PatrolState,None,0.75,50.2,0
172.62,FSM Enemy 14,FSM,Dead,None,0.00,23.9,0
172.62,FSM Enemy 8,FSM,PatrolState,None,0.80,59.7,0
172.62,FSM Enemy 11,FSM,PatrolState,None,0.40,88.2,0
172.62,FSM Enemy 15,FSM,PatrolState,None,0.70,86.5,0
172.62,FSM Enemy 7,FSM,PatrolState,None,1.00,104.0,0
172.62,FSM Enemy 5,FSM,PatrolState,None,0.80,85.6,0
172.62,FSM Enemy 9,FSM,PatrolState,None,0.90,60.0,0
172.62,Utility Enemy 10,Utility,AttackAction,None,1.00,61.3,0
172.62,Utility Enemy 8,Utility,AttackAction,None,1.00,61.0,0
172.62,Utility Enemy 6,Utility,AttackAction,None,1.00,113.6,0
172.62,Utility Enemy 4,Utility,AttackAction,None,1.00,82.0,0
172.62,Utility Enemy 11,Utility,Dead,None,0.00,63.9,0
172.62,Utility Enemy 15,Utility,AttackAction,None,1.00,33.3,0
172.62,Utility Enemy 1,Utility,AttackAction,None,0.25,44.9,0
172.62,Utility Enemy 12,Utility,AttackAction,None,1.00,61.0,0
172.62,Utility Enemy 9,Utility,AttackAction,None,1.00,60.4,0
172.62,Utility Enemy 5,Utility,AttackAction,None,1.00,68.2,0
172.62,Utility Enemy 3,Utility,AttackAction,None,1.00,59.0,0
172.62,Utility Enemy 7,Utility,AttackAction,None,0.50,63.0,0
172.62,Utility Enemy 14,Utility,AttackAction,None,1.00,59.9,0
172.62,Utility Enemy 2,Utility,AttackAction,None,1.00,36.5,0
172.62,Utility Enemy 13,Utility,AttackAction,None,1.00,81.4,0
173.12,Player,Player,-,None,0.09,,0
173.12,FSM Enemy 6,FSM,PatrolState,None,0.20,71.4,0
173.12,FSM Enemy 12,FSM,PatrolState,None,0.90,67.6,0
173.12,FSM Enemy 4,FSM,PatrolState,None,1.00,52.3,0
173.12,FSM Enemy 2,FSM,PatrolState,None,1.00,20.6,0
173.12,FSM Enemy 13,FSM,PatrolState,None,0.80,86.3,0
173.12,FSM Enemy 10,FSM,Dead,None,0.00,24.3,0
173.12,FSM Enemy 3,FSM,PatrolState,None,1.00,37.0,0
173.12,FSM Enemy 1,FSM,PatrolState,None,0.75,50.5,0
173.12,FSM Enemy 14,FSM,Dead,None,0.00,24.5,0
173.12,FSM Enemy 8,FSM,PatrolState,None,0.80,59.8,0
173.12,FSM Enemy 11,FSM,PatrolState,None,0.40,88.6,0
173.12,FSM Enemy 15,FSM,PatrolState,None,0.70,85.5,0
173.12,FSM Enemy 7,FSM,PatrolState,None,1.00,102.2,0
173.12,FSM Enemy 5,FSM,PatrolState,None,0.80,83.8,0
173.12,FSM Enemy 9,FSM,PatrolState,None,0.90,58.3,0
173.12,Utility Enemy 10,Utility,AttackAction,None,1.00,60.8,0
173.12,Utility Enemy 8,Utility,AttackAction,None,1.00,60.3,0
173.12,Utility Enemy 6,Utility,AttackAction,None,1.00,112.9,0
173.12,Utility Enemy 4,Utility,AttackAction,None,1.00,80.7,0
173.12,Utility Enemy 11,Utility,Dead,None,0.00,64.0,0
173.12,Utility Enemy 15,Utility,AttackAction,None,1.00,32.5,0
173.12,Utility Enemy 1,Utility,AttackAction,None,0.25,44.6,0
173.12,Utility Enemy 12,Utility,AttackAction,None,1.00,60.5,0
173.12,Utility Enemy 9,Utility,AttackAction,None,1.00,59.7,0
173.12,Utility Enemy 5,Utility,AttackAction,None,1.00,67.1,0
173.12,Utility Enemy 3,Utility,AttackAction,None,1.00,58.3,0
173.12,Utility Enemy 7,Utility,AttackAction,None,0.50,62.6,0
173.12,Utility Enemy 14,Utility,AttackAction,None,1.00,59.2,0
173.12,Utility Enemy 2,Utility,AttackAction,None,1.00,35.2,0
173.12,Utility Enemy 13,Utility,AttackAction,None,1.00,80.8,0
173.62,Player,Player,-,None,0.09,,0
173.62,FSM Enemy 6,FSM,PatrolState,None,0.20,73.2,0
173.62,FSM Enemy 12,FSM,PatrolState,None,0.90,69.5,0
173.62,FSM Enemy 4,FSM,PatrolState,None,1.00,53.1,0
173.62,FSM Enemy 2,FSM,PatrolState,None,1.00,20.5,0
173.62,FSM Enemy 13,FSM,PatrolState,None,0.80,88.4,0
173.62,FSM Enemy 10,FSM,Dead,None,0.00,25.0,0
173.62,FSM Enemy 3,FSM,PatrolState,None,1.00,38.1,0
173.62,FSM Enemy 1,FSM,PatrolState,None,0.75,52.1,0
173.62,FSM Enemy 14,FSM,PatrolState,None,1.00,68.6,0
173.62,FSM Enemy 8,FSM,PatrolState,None,0.80,61.2,0
173.62,FSM Enemy 11,FSM,PatrolState,None,0.40,90.7,0
173.62,FSM Enemy 15,FSM,PatrolState,None,0.70,86.1,0
173.62,FSM Enemy 7,FSM,PatrolState,None,1.00,102.2,0
173.62,FSM Enemy 5,FSM,PatrolState,None,0.80,83.8,0
173.62,FSM Enemy 9,FSM,PatrolState,None,0.90,58.0,0
173.62,Utility Enemy 10,Utility,AttackAction,None,1.00,61.8,0
173.62,Utility Enemy 8,Utility,AttackAction,None,1.00,61.2,0
173.62,Utility Enemy 6,Utility,AttackAction,None,1.00,113.8,0
173.62,Utility Enemy 4,Utility,AttackAction,None,1.00,81.1,0
173.62,Utility Enemy 11,Utility,Dead,None,0.00,65.1,0
173.62,Utility Enemy 15,Utility,AttackAction,None,1.00,33.3,0
173.62,Utility Enemy 1,Utility,AttackAction,None,0.25,45.6,0
173.62,Utility Enemy 12,Utility,AttackAction,None,1.00,61.4,0
173.62,Utility Enemy 9,Utility,AttackAction,None,1.00,60.5,0
173.62,Utility Enemy 5,Utility,AttackAction,None,1.00,67.7,0
173.62,Utility Enemy 3,Utility,AttackAction,None,1.00,59.1,0
173.62,Utility Enemy 7,Utility,AttackAction,None,0.50,63.6,0
173.62,Utility Enemy 14,Utility,AttackAction,None,1.00,60.1,0
173.62,Utility Enemy 2,Utility,AttackAction,None,1.00,35.4,0
173.62,Utility Enemy 13,Utility,AttackAction,None,1.00,81.7,0
174.13,Player,Player,-,None,0.09,,0
174.13,FSM Enemy 6,FSM,PatrolState,None,0.20,74.9,0
174.13,FSM Enemy 12,FSM,PatrolState,None,0.90,71.3,0
174.13,FSM Enemy 4,FSM,PatrolState,None,1.00,53.8,0
174.13,FSM Enemy 2,FSM,PatrolState,None,1.00,20.2,0
174.13,FSM Enemy 13,FSM,PatrolState,None,0.80,90.4,0
174.13,FSM Enemy 10,FSM,Dead,None,0.00,25.7,0
174.13,FSM Enemy 3,FSM,PatrolState,None,1.00,39.4,0
174.13,FSM Enemy 1,FSM,PatrolState,None,0.75,53.2,0
174.13,FSM Enemy 14,FSM,PatrolState,None,1.00,68.0,0
174.13,FSM Enemy 8,FSM,PatrolState,None,0.80,62.5,0
174.13,FSM Enemy 11,FSM,PatrolState,None,0.40,92.8,0
174.13,FSM Enemy 15,FSM,PatrolState,None,0.70,86.6,0
174.13,FSM Enemy 7,FSM,PatrolState,None,1.00,102.5,0
174.13,FSM Enemy 5,FSM,PatrolState,None,0.80,83.8,0
174.13,FSM Enemy 9,FSM,PatrolState,None,0.90,57.6,0
174.13,Utility Enemy 10,Utility,AttackAction,None,1.00,62.6,0
174.13,Utility Enemy 8,Utility,AttackAction,None,1.00,62.0,0
174.13,Utility Enemy 6,Utility,AttackAction,None,1.00,114.7,0
174.13,Utility Enemy 4,Utility,AttackAction,None,1.00,81.6,0
174.13,Utility Enemy 11,Utility,Dead,None,0.00,65.9,0
174.13,Utility Enemy 15,Utility,AttackAction,None,1.00,34.1,0
174.13,Utility Enemy 1,Utility,AttackAction,None,0.25,46.5,0
174.13,Utility Enemy 12,Utility,AttackAction,None,1.00,62.3,0
174.13,Utility Enemy 9,Utility,AttackAction,None,1.00,61.4,0
174.13,Utility Enemy 5,Utility,AttackAction,None,1.00,68.5,0
174.13,Utility Enemy 3,Utility,AttackAction,None,1.00,60.0,0
174.13,Utility Enemy 7,Utility,AttackAction,None,0.50,64.5,0
174.13,Utility Enemy 14,Utility,AttackAction,None,1.00,60.9,0
174.13,Utility Enemy 2,Utility,AttackAction,None,1.00,35.8,0
174.13,Utility Enemy 13,Utility,AttackAction,None,1.00,82.6,0
174.63,Player,Player,-,None,0.09,,0
174.63,FSM Enemy 6,FSM,PatrolState,None,0.20,75.5,0
174.63,FSM Enemy 12,FSM,PatrolState,None,0.90,72.0,0
174.63,FSM Enemy 4,FSM,PatrolState,None,1.00,53.3,0
174.63,FSM Enemy 2,FSM,PatrolState,None,0.50,18.8,0
174.63,FSM Enemy 13,FSM,PatrolState,None,0.80,91.1,0
174.63,FSM Enemy 10,FSM,Dead,None,0.00,25.2,0
174.63,FSM Enemy 3,FSM,PatrolState,None,1.00,39.5,0
174.63,FSM Enemy 1,FSM,PatrolState,None,0.75,52.8,0
174.63,FSM Enemy 14,FSM,PatrolState,None,1.00,66.2,0
174.63,FSM Enemy 8,FSM,PatrolState,None,0.80,62.4,0
174.63,FSM Enemy 11,FSM,PatrolState,None,0.40,93.5,0
174.63,FSM Enemy 15,FSM,PatrolState,None,0.70,85.7,0
174.63,FSM Enemy 7,FSM,PatrolState,None,1.00,101.5,0
174.63,FSM Enemy 5,FSM,PatrolState,None,0.80,82.6,0
174.63,FSM Enemy 9,FSM,PatrolState,None,0.90,56.0,0
174.63,Utility Enemy 10,Utility,AttackAction,None,1.00,62.2,0
174.63,Utility Enemy 8,Utility,AttackAction,None,1.00,61.5,0
174.63,Utility Enemy 6,Utility,AttackAction,None,1.00,114.2,0
174.63,Utility Enemy 4,Utility,AttackAction,None,1.00,81.0,0
174.63,Utility Enemy 11,Utility,Dead,None,0.00,65.7,0
174.63,Utility Enemy 15,Utility,AttackAction,None,1.00,33.5,0
174.63,Utility Enemy 1,Utility,AttackAction,None,0.25,46.2,0
174.63,Utility Enemy 12,Utility,AttackAction,None,1.00,61.9,0
174.63,Utility Enemy 9,Utility,AttackAction,None,1.00,60.9,0
174.63,Utility Enemy 5,Utility,AttackAction,None,1.00,67.8,0
174.63,Utility Enemy 3,Utility,AttackAction,None,1.00,59.5,0
174.63,Utility Enemy 7,Utility,AttackAction,None,0.50,64.2,0
174.63,Utility Enemy 14,Utility,AttackAction,None,1.00,60.4,0
174.63,Utility Enemy 2,Utility,AttackAction,None,1.00,35.2,0
174.63,Utility Enemy 13,Utility,AttackAction,None,1.00,82.1,0
175.14,Player,Player,-,None,0.09,,0
175.14,FSM Enemy 6,FSM,PatrolState,None,0.20,75.5,0
175.14,FSM Enemy 12,FSM,PatrolState,None,0.90,72.1,0
175.14,FSM Enemy 4,FSM,PatrolState,None,1.00,52.3,0
175.14,FSM Enemy 2,FSM,Dead,None,0.00,18.2,0
175.14,FSM Enemy 13,FSM,PatrolState,None,0.80,91.8,0
175.14,FSM Enemy 10,FSM,Dead,None,0.00,24.7,0
175.14,FSM Enemy 3,FSM,PatrolState,None,1.00,40.0,0
175.14,FSM Enemy 1,FSM,PatrolState,None,0.75,52.1,0
175.14,FSM Enemy 14,FSM,PatrolState,None,1.00,64.9,0
175.14,FSM Enemy 8,FSM,PatrolState,None,0.80,62.4,0
175.14,FSM Enemy 11,FSM,PatrolState,None,0.40,94.0,0
175.14,FSM Enemy 15,FSM,PatrolState,None,0.70,84.8,0
175.14,FSM Enemy 7,FSM,PatrolState,None,1.00,100.3,0
175.14,FSM Enemy 5,FSM,PatrolState,None,0.80,81.7,0
175.14,FSM Enemy 9,FSM,PatrolState,None,0.90,54.1,0
175.14,Utility Enemy 10,Utility,AttackAction,None,1.00,61.5,0
175.14,Utility Enemy 8,Utility,AttackAction,None,1.00,60.9,0
175.14,Utility Enemy 6,Utility,AttackAction,None,1.00,113.5,0
175.14,Utility Enemy 4,Utility,AttackAction,None,1.00,80.8,0
175.14,Utility Enemy 11,Utility,Dead,None,0.00,64.9,0
175.14,Utility Enemy 15,Utility,AttackAction,None,1.00,33.0,0
175.14,Utility Enemy 1,Utility,AttackAction,None,0.25,45.4,0
175.14,Utility Enemy 12,Utility,AttackAction,None,1.00,61.2,0
175.14,Utility Enemy 9,Utility,AttackAction,None,1.00,60.3,0
175.14,Utility Enemy 5,Utility,AttackAction,None,1.00,67.5,0
175.14,Utility Enemy 3,Utility,AttackAction,None,1.00,58.9,0
175.14,Utility Enemy 7,Utility,AttackAction,None,0.50,63.4,0
175.14,Utility Enemy 14,Utility,AttackAction,None,1.00,59.8,0
175.14,Utility Enemy 2,Utility,AttackAction,None,1.00,35.2,0
175.14,Utility Enemy 13,Utility,AttackAction,None,1.00,81.4,0
175.64,Player,Player,-,None,0.09,,0
175.64,FSM Enemy 6,FSM,PatrolState,None,0.20,76.1,0
175.64,FSM Enemy 12,FSM,PatrolState,None,0.90,72.6,0
175.64,FSM Enemy 4,FSM,PatrolState,None,1.00,51.9,0
175.64,FSM Enemy 2,FSM,Dead,None,0.00,18.1,0
175.64,FSM Enemy 13,FSM,PatrolState,None,0.80,92.9,0
175.64,FSM Enemy 10,FSM,Dead,None,0.00,24.6,0
175.64,FSM Enemy 3,FSM,PatrolState,None,1.00,40.8,0
175.64,FSM Enemy 1,FSM,PatrolState,None,0.75,51.7,0
175.64,FSM Enemy 14,FSM,PatrolState,None,1.00,63.9,0
175.64,FSM Enemy 8,FSM,PatrolState,None,0.80,62.8,0
175.64,FSM Enemy 11,FSM,PatrolState,None,0.40,95.0,0
175.64,FSM Enemy 15,FSM,PatrolState,None,0.70,85.5,0
175.64,FSM Enemy 7,FSM,PatrolState,None,1.00,99.6,0
175.64,FSM Enemy 5,FSM,PatrolState,None,0.80,81.1,0
175.64,FSM Enemy 9,FSM,PatrolState,None,0.90,52.9,0
175.64,Utility Enemy 10,Utility,AttackAction,None,1.00,61.3,0
175.64,Utility Enemy 8,Utility,AttackAction,None,1.00,60.7,0
175.64,Utility Enemy 6,Utility,AttackAction,None,1.00,113.4,0
175.64,Utility Enemy 4,Utility,AttackAction,None,1.00,80.9,0
175.64,Utility Enemy 11,Utility,Dead,None,0.00,64.6,0
175.64,Utility Enemy 15,Utility,AttackAction,None,1.00,32.9,0
175.64,Utility Enemy 1,Utility,AttackAction,None,0.25,45.1,0
175.64,Utility Enemy 12,Utility,AttackAction,None,1.00,61.0,0
175.64,Utility Enemy 9,Utility,AttackAction,None,1.00,60.1,0
175.64,Utility Enemy 5,Utility,AttackAction,None,1.00,67.4,0
175.64,Utility Enemy 3,Utility,AttackAction,None,1.00,58.7,0
175.64,Utility Enemy 7,Utility,AttackAction,None,0.50,63.2,0
175.64,Utility Enemy 14,Utility,AttackAction,None,1.00,59.6,0
175.64,Utility Enemy 2,Utility,AttackAction,None,1.00,35.3,0
175.64,Utility Enemy 13,Utility,AttackAction,None,1.00,81.2,0
176.14,Player,Player,-,None,0.09,,0
176.14,FSM Enemy 6,FSM,PatrolState,None,0.20,77.1,0
176.14,FSM Enemy 12,FSM,PatrolState,None,0.90,73.5,0
176.14,FSM Enemy 4,FSM,PatrolState,None,1.00,52.1,0
176.14,FSM Enemy 2,FSM,Dead,None,0.00,18.7,0
176.14,FSM Enemy 13,FSM,PatrolState,None,0.80,94.9,0
176.14,FSM Enemy 10,FSM,Dead,None,0.00,25.3,0
176.14,FSM Enemy 3,FSM,PatrolState,None,1.00,42.4,0
176.14,FSM Enemy 1,FSM,PatrolState,None,0.75,52.1,0
176.14,FSM Enemy 14,FSM,PatrolState,None,1.00,63.6,0
176.14,FSM Enemy 8,FSM,PatrolState,None,0.80,64.1,0
176.14,FSM Enemy 11,FSM,PatrolState,None,0.40,96.9,0
176.14,FSM Enemy 15,FSM,PatrolState,None,0.70,87.2,0
176.14,FSM Enemy 7,FSM,PatrolState,None,1.00,99.8,0
176.14,FSM Enemy 5,FSM,PatrolState,None,0.80,81.4,0
176.14,FSM Enemy 9,FSM,PatrolState,None,0.90,54.3,0
176.14,Utility Enemy 10,Utility,AttackAction,None,1.00,61.9,0
176.14,Utility Enemy 8,Utility,AttackAction,None,1.00,61.4,0
176.14,Utility Enemy 6,Utility,AttackAction,None,1.00,114.1,0
176.14,Utility Enemy 4,Utility,AttackAction,None,1.00,81.8,0
176.14,Utility Enemy 11,Utility,Dead,None,0.00,64.8,0
176.14,Utility Enemy 15,Utility,AttackAction,None,1.00,33.6,0
176.14,Utility Enemy 1,Utility,AttackAction,None,0.25,45.6,0
176.14,Utility Enemy 12,Utility,AttackAction,None,1.00,61.6,0
176.14,Utility Enemy 9,Utility,AttackAction,None,1.00,60.8,0
176.14,Utility Enemy 5,Utility,AttackAction,None,1.00,68.3,0
176.14,Utility Enemy 3,Utility,AttackAction,None,1.00,59.4,0
176.14,Utility Enemy 7,Utility,AttackAction,None,0.50,63.7,0
176.14,Utility Enemy 14,Utility,AttackAction,None,1.00,60.3,0
176.14,Utility Enemy 2,Utility,AttackAction,None,1.00,36.1,0
176.14,Utility Enemy 13,Utility,AttackAction,None,1.00,81.9,0
176.64,Player,Player,-,None,0.09,,0
176.64,FSM Enemy 6,FSM,PatrolState,None,0.20,77.4,0
176.64,FSM Enemy 12,FSM,PatrolState,None,0.90,74.3,0
176.64,FSM Enemy 4,FSM,PatrolState,None,1.00,52.1,0
176.64,FSM Enemy 2,FSM,Dead,None,0.00,18.9,0
176.64,FSM Enemy 13,FSM,PatrolState,None,0.80,96.3,0
176.64,FSM Enemy 10,FSM,Dead,None,0.00,25.5,0
176.64,FSM Enemy 3,FSM,PatrolState,None,1.00,43.4,0
176.64,FSM Enemy 1,FSM,PatrolState,None,0.75,52.2,0
176.64,FSM Enemy 14,FSM,PatrolState,None,1.00,62.7,0
176.64,FSM Enemy 8,FSM,PatrolState,None,0.80,64.9,0
176.64,FSM Enemy 11,FSM,PatrolState,None,0.40,98.3,0
176.64,FSM Enemy 15,FSM,PatrolState,None,0.70,88.2,0
176.64,FSM Enemy 7,FSM,PatrolState,None,1.00,99.4,0
176.64,FSM Enemy 5,FSM,PatrolState,None,0.80,81.1,0
176.64,FSM Enemy 9,FSM,PatrolState,None,0.90,55.7,0
176.64,Utility Enemy 10,Utility,AttackAction,None,1.00,62.0,0
176.64,Utility Enemy 8,Utility,AttackAction,None,1.00,61.6,0
176.64,Utility Enemy 6,Utility,AttackAction,None,1.00,114.2,0
176.64,Utility Enemy 4,Utility,AttackAction,None,1.00,82.0,0
176.64,Utility Enemy 11,Utility,Dead,None,0.00,64.9,0
176.64,Utility Enemy 15,Utility,AttackAction,None,1.00,33.7,0
176.64,Utility Enemy 1,Utility,AttackAction,None,0.25,45.7,0
176.64,Utility Enemy 12,Utility,AttackAction,None,1.00,61.7,0
176.64,Utility Enemy 9,Utility,AttackAction,None,1.00,60.9,0
176.64,Utility Enemy 5,Utility,AttackAction,None,1.00,68.4,0
176.64,Utility Enemy 3,Utility,AttackAction,None,1.00,59.5,0
176.64,Utility Enemy 7,Utility,AttackAction,None,0.50,63.8,0
176.64,Utility Enemy 14,Utility,AttackAction,None,1.00,60.5,0
176.64,Utility Enemy 2,Utility,AttackAction,None,1.00,36.3,0
176.64,Utility Enemy 13,Utility,AttackAction,None,1.00,82.0,0
177.15,Player,Player,-,None,0.09,,0
177.15,FSM Enemy 6,FSM,PatrolState,None,0.20,77.5,0
177.15,FSM Enemy 12,FSM,PatrolState,None,0.90,75.0,0
177.15,FSM Enemy 4,FSM,PatrolState,None,1.00,52.1,0
177.15,FSM Enemy 2,FSM,Dead,None,0.00,18.9,0
177.15,FSM Enemy 13,FSM,PatrolState,None,0.80,97.6,0
177.15,FSM Enemy 10,FSM,Dead,None,0.00,25.5,0
177.15,FSM Enemy 3,FSM,PatrolState,None,1.00,44.3,0
177.15,FSM Enemy 1,FSM,PatrolState,None,0.75,52.1,0
177.15,FSM Enemy 14,FSM,PatrolState,None,1.00,61.6,0
177.15,FSM Enemy 8,FSM,PatrolState,None,0.80,65.5,0
177.15,FSM Enemy 11,FSM,PatrolState,None,0.40,99.5,0
177.15,FSM Enemy 15,FSM,PatrolState,None,0.70,89.2,0
177.15,FSM Enemy 7,FSM,PatrolState,None,1.00,99.8,0
177.15,FSM Enemy 5,FSM,PatrolState,None,0.80,80.5,0
177.15,FSM Enemy 9,FSM,PatrolState,None,0.90,56.9,0
177.15,Utility Enemy 10,Utility,AttackAction,None,1.00,62.0,0
177.15,Utility Enemy 8,Utility,AttackAction,None,1.00,61.6,0
177.15,Utility Enemy 6,Utility,AttackAction,None,1.00,114.2,0
177.15,Utility Enemy 4,Utility,AttackAction,None,1.00,82.0,0
177.15,Utility Enemy 11,Utility,Dead,None,0.00,64.9,0
177.15,Utility Enemy 15,Utility,AttackAction,None,1.00,33.7,0
177.15,Utility Enemy 1,Utility,AttackAction,None,0.25,45.7,0
177.15,Utility Enemy 12,Utility,AttackAction,None,1.00,61.7,0
177.15,Utility Enemy 9,Utility,AttackAction,None,1.00,60.9,0
177.15,Utility Enemy 5,Utility,AttackAction,None,1.00,68.4,0
177.15,Utility Enemy 3,Utility,AttackAction,None,1.00,59.5,0
177.15,Utility Enemy 7,Utility,AttackAction,None,0.50,63.8,0
177.15,Utility Enemy 14,Utility,AttackAction,None,1.00,60.5,0
177.15,Utility Enemy 2,Utility,AttackAction,None,1.00,36.3,0
177.15,Utility Enemy 13,Utility,AttackAction,None,1.00,82.0,0
177.65,Player,Player,-,None,0.09,,0
177.65,FSM Enemy 6,FSM,PatrolState,None,0.20,78.0,0
177.65,FSM Enemy 12,FSM,PatrolState,None,0.90,75.8,0
177.65,FSM Enemy 4,FSM,PatrolState,None,1.00,52.0,0
177.65,FSM Enemy 2,FSM,Dead,None,0.00,18.9,0
177.65,FSM Enemy 13,FSM,PatrolState,None,0.80,98.6,0
177.65,FSM Enemy 10,FSM,Dead,None,0.00,25.5,0
177.65,FSM Enemy 3,FSM,PatrolState,None,1.00,44.8,0
177.65,FSM Enemy 1,FSM,PatrolState,None,0.75,52.1,0
177.65,FSM Enemy 14,FSM,PatrolState,None,1.00,60.5,0
177.65,FSM Enemy 8,FSM,PatrolState,None,0.80,65.9,0
177.65,FSM Enemy 11,FSM,PatrolState,None,0.40,100.7,0
177.65,FSM Enemy 15,FSM,PatrolState,None,0.70,90.1,0
177.65,FSM Enemy 7,FSM,PatrolState,None,1.00,100.6,0
177.65,FSM Enemy 5,FSM,PatrolState,None,0.80,80.5,0
177.65,FSM Enemy 9,FSM,PatrolState,None,0.90,58.1,0
177.65,Utility Enemy 10,Utility,AttackAction,None,1.00,62.0,0
177.65,Utility Enemy 8,Utility,AttackAction,None,1.00,61.6,0
177.65,Utility Enemy 6,Utility,AttackAction,None,1.00,114.2,0
177.65,Utility Enemy 4,Utility,AttackAction,None,1.00,82.0,0
177.65,Utility Enemy 11,Utility,Dead,None,0.00,64.9,0
177.65,Utility Enemy 15,Utility,AttackAction,None,1.00,33.7,0
177.65,Utility Enemy 1,Utility,AttackAction,None,0.25,45.7,0
177.65,Utility Enemy 12,Utility,AttackAction,None,1.00,61.7,0
177.65,Utility Enemy 9,Utility,AttackAction,None,1.00,60.9,0
177.65,Utility Enemy 5,Utility,AttackAction,None,1.00,68.4,0
177.65,Utility Enemy 3,Utility,AttackAction,None,1.00,59.5,0
177.65,Utility Enemy 7,Utility,AttackAction,None,0.50,63.8,0
177.65,Utility Enemy 14,Utility,AttackAction,None,1.00,60.5,0
177.65,Utility Enemy 2,Utility,AttackAction,None,1.00,36.3,0
177.65,Utility Enemy 13,Utility,AttackAction,None,1.00,82.0,0
178.16,Player,Player,-,None,0.09,,0
178.16,FSM Enemy 6,FSM,PatrolState,None,0.20,78.9,0
178.16,FSM Enemy 12,FSM,PatrolState,None,0.90,76.8,0
178.16,FSM Enemy 4,FSM,PatrolState,None,1.00,52.0,0
178.16,FSM Enemy 2,FSM,Dead,None,0.00,18.9,0
178.16,FSM Enemy 13,FSM,PatrolState,None,0.80,99.0,0
178.16,FSM Enemy 10,FSM,Dead,None,0.00,25.5,0
178.16,FSM Enemy 3,FSM,PatrolState,None,1.00,44.8,0
178.16,FSM Enemy 1,FSM,PatrolState,None,0.75,52.1,0
178.16,FSM Enemy 14,FSM,PatrolState,None,1.00,59.4,0
178.16,FSM Enemy 8,FSM,PatrolState,None,0.80,65.6,0
178.16,FSM Enemy 11,FSM,PatrolState,None,0.40,101.6,0
178.16,FSM Enemy 15,FSM,PatrolState,None,0.70,91.1,0
178.16,FSM Enemy 7,FSM,PatrolState,None,1.00,101.3,0
178.16,FSM Enemy 5,FSM,PatrolState,None,0.80,81.7,0
178.16,FSM Enemy 9,FSM,PatrolState,None,0.90,59.3,0
178.16,Utility Enemy 10,Utility,AttackAction,None,1.00,62.0,0
178.16,Utility Enemy 8,Utility,AttackAction,None,1.00,61.6,0
178.16,Utility Enemy 6,Utility,AttackAction,None,1.00,114.2,0
178.16,Utility Enemy 4,Utility,AttackAction,None,1.00,82.0,0
178.16,Utility Enemy 11,Utility,Dead,None,0.00,64.9,0
178.16,Utility Enemy 15,Utility,AttackAction,None,1.00,33.7,0
178.16,Utility Enemy 1,Utility,AttackAction,None,0.25,45.7,0
178.16,Utility Enemy 12,Utility,AttackAction,None,1.00,61.7,0
178.16,Utility Enemy 9,Utility,AttackAction,None,1.00,60.9,0
178.16,Utility Enemy 5,Utility,AttackAction,None,1.00,68.4,0
178.16,Utility Enemy 3,Utility,AttackAction,None,1.00,59.5,0
178.16,Utility Enemy 7,Utility,AttackAction,None,0.50,63.8,0
178.16,Utility Enemy 14,Utility,AttackAction,None,1.00,60.5,0
178.16,Utility Enemy 2,Utility,Dead,None,0.00,36.3,0
178.16,Utility Enemy 13,Utility,AttackAction,None,1.00,82.0,0
178.66,Player,Player,-,None,0.09,,0
178.66,FSM Enemy 6,FSM,PatrolState,None,0.20,79.8,0
178.66,FSM Enemy 12,FSM,PatrolState,None,0.90,77.8,0
178.66,FSM Enemy 4,FSM,PatrolState,None,1.00,52.1,0
178.66,FSM Enemy 2,FSM,Dead,None,0.00,18.9,0
178.66,FSM Enemy 13,FSM,PatrolState,None,0.80,99.4,0
178.66,FSM Enemy 10,FSM,PatrolState,None,1.00,87.1,0
178.66,FSM Enemy 3,FSM,PatrolState,None,1.00,44.3,0
178.66,FSM Enemy 1,FSM,PatrolState,None,0.75,52.1,0
178.66,FSM Enemy 14,FSM,PatrolState,None,1.00,58.3,0
178.66,FSM Enemy 8,FSM,PatrolState,None,0.80,65.1,0
178.66,FSM Enemy 11,FSM,PatrolState,None,0.40,102.5,0
178.66,FSM Enemy 15,FSM,PatrolState,None,0.70,92.0,0
178.66,FSM Enemy 7,FSM,PatrolState,None,1.00,102.1,0
178.66,FSM Enemy 5,FSM,PatrolState,None,0.80,82.9,0
178.66,FSM Enemy 9,FSM,PatrolState,None,0.90,60.6,0
178.66,Utility Enemy 10,Utility,AttackAction,None,1.00,62.0,0
178.66,Utility Enemy 8,Utility,AttackAction,None,1.00,61.6,0
178.66,Utility Enemy 6,Utility,AttackAction,None,1.00,114.2,0
178.66,Utility Enemy 4,Utility,AttackAction,None,1.00,82.0,0
178.66,Utility Enemy 11,Utility,Dead,None,0.00,64.9,0
178.66,Utility Enemy 15,Utility,AttackAction,None,1.00,33.7,0
178.66,Utility Enemy 1,Utility,AttackAction,None,0.25,45.7,0
178.66,Utility Enemy 12,Utility,AttackAction,None,1.00,61.7,0
178.66,Utility Enemy 9,Utility,AttackAction,None,1.00,60.9,0
178.66,Utility Enemy 5,Utility,AttackAction,None,1.00,68.4,0
178.66,Utility Enemy 3,Utility,AttackAction,None,1.00,59.5,0
178.66,Utility Enemy 7,Utility,AttackAction,None,0.50,63.8,0
178.66,Utility Enemy 14,Utility,AttackAction,None,1.00,60.5,0
178.66,Utility Enemy 2,Utility,Dead,None,0.00,36.3,0
178.66,Utility Enemy 13,Utility,AttackAction,None,1.00,82.0,0
179.16,Player,Player,-,None,0.09,,0
179.16,FSM Enemy 6,FSM,PatrolState,None,0.20,80.7,0
179.16,FSM Enemy 12,FSM,PatrolState,None,0.90,78.5,0
179.16,FSM Enemy 4,FSM,PatrolState,None,1.00,52.1,0
179.16,FSM Enemy 2,FSM,Dead,None,0.00,18.9,0
179.16,FSM Enemy 13,FSM,PatrolState,None,0.80,99.9,0
179.16,FSM Enemy 10,FSM,PatrolState,None,1.00,85.9,0
179.16,FSM Enemy 3,FSM,PatrolState,None,1.00,43.5,0
179.16,FSM Enemy 1,FSM,PatrolState,None,0.75,52.2,0
179.16,FSM Enemy 14,FSM,PatrolState,None,1.00,57.3,0
179.16,FSM Enemy 8,FSM,PatrolState,None,0.80,64.7,0
179.16,FSM Enemy 11,FSM,PatrolState,None,0.40,103.4,0
179.16,FSM Enemy 15,FSM,PatrolState,None,0.70,93.0,0
179.16,FSM Enemy 7,FSM,PatrolState,None,1.00,102.9,0
179.16,FSM Enemy 5,FSM,PatrolState,None,0.80,84.0,0
179.16,FSM Enemy 9,FSM,PatrolState,None,0.90,61.8,0
179.16,Utility Enemy 10,Utility,AttackAction,None,1.00,62.0,0
179.16,Utility Enemy 8,Utility,AttackAction,None,1.00,61.6,0
179.16,Utility Enemy 6,Utility,AttackAction,None,1.00,114.2,0
179.16,Utility Enemy 4,Utility,AttackAction,None,1.00,82.0,0
179.16,Utility Enemy 11,Utility,Dead,None,0.00,64.9,0
179.16,Utility Enemy 15,Utility,AttackAction,None,1.00,33.7,0
179.16,Utility Enemy 1,Utility,AttackAction,None,0.25,45.7,0
179.16,Utility Enemy 12,Utility,AttackAction,None,1.00,61.7,0
179.16,Utility Enemy 9,Utility,AttackAction,None,1.00,60.9,0
179.16,Utility Enemy 5,Utility,AttackAction,None,1.00,68.4,0
179.16,Utility Enemy 3,Utility,AttackAction,None,1.00,59.5,0
179.16,Utility Enemy 7,Utility,AttackAction,None,0.50,63.8,0
179.16,Utility Enemy 14,Utility,AttackAction,None,1.00,60.5,0
179.16,Utility Enemy 2,Utility,Dead,None,0.00,36.3,0
179.16,Utility Enemy 13,Utility,AttackAction,None,1.00,82.0,0
179.67,Player,Player,-,None,0.09,,0
179.67,FSM Enemy 6,FSM,PatrolState,None,0.20,81.6,0
179.67,FSM Enemy 12,FSM,PatrolState,None,0.90,79.1,0
179.67,FSM Enemy 4,FSM,PatrolState,None,1.00,52.2,0
179.67,FSM Enemy 2,FSM,Dead,None,0.00,18.9,0
179.67,FSM Enemy 13,FSM,PatrolState,None,0.80,100.4,0
179.67,FSM Enemy 10,FSM,PatrolState,None,1.00,84.6,0
179.67,FSM Enemy 3,FSM,PatrolState,None,0.50,42.8,0
179.67,FSM Enemy 1,FSM,PatrolState,None,0.75,52.2,0
179.67,FSM Enemy 14,FSM,PatrolState,None,1.00,56.4,0
179.67,FSM Enemy 8,FSM,PatrolState,None,0.80,64.4,0
179.67,FSM Enemy 11,FSM,PatrolState,None,0.40,104.4,0
179.67,FSM Enemy 15,FSM,PatrolState,None,0.70,93.9,0
179.67,FSM Enemy 7,FSM,PatrolState,None,1.00,103.7,0
179.67,FSM Enemy 5,FSM,PatrolState,None,0.80,83.8,0
179.67,FSM Enemy 9,FSM,PatrolState,None,0.90,63.0,0
179.67,Utility Enemy 10,Utility,AttackAction,None,1.00,62.0,0
179.67,Utility Enemy 8,Utility,AttackAction,None,1.00,61.6,0
179.67,Utility Enemy 6,Utility,AttackAction,None,1.00,114.2,0
179.67,Utility Enemy 4,Utility,AttackAction,None,1.00,82.0,0
179.67,Utility Enemy 11,Utility,Dead,None,0.00,64.9,0
179.67,Utility Enemy 15,Utility,AttackAction,None,1.00,33.7,0
179.67,Utility Enemy 1,Utility,AttackAction,None,0.25,45.7,0
179.67,Utility Enemy 12,Utility,AttackAction,None,1.00,61.7,0
179.67,Utility Enemy 9,Utility,AttackAction,None,1.00,60.9,0
179.67,Utility Enemy 5,Utility,AttackAction,None,1.00,68.4,0
179.67,Utility Enemy 3,Utility,AttackAction,None,1.00,59.5,0
179.67,Utility Enemy 7,Utility,AttackAction,None,0.50,63.8,0
179.67,Utility Enemy 14,Utility,AttackAction,None,1.00,60.5,0
179.67,Utility Enemy 2,Utility,Dead,None,0.00,36.3,0
179.67,Utility Enemy 13,Utility,AttackAction,None,1.00,82.0,0
180.18,Player,Player,-,None,0.09,,0
180.18,FSM Enemy 6,FSM,PatrolState,None,0.20,82.5,0
180.18,FSM Enemy 12,FSM,PatrolState,None,0.90,79.8,0
180.18,FSM Enemy 4,FSM,PatrolState,None,1.00,52.5,0
180.18,FSM Enemy 2,FSM,Dead,None,0.00,18.9,0
180.18,FSM Enemy 13,FSM,PatrolState,None,0.80,100.0,0
180.18,FSM Enemy 10,FSM,PatrolState,None,1.00,83.4,0
180.18,FSM Enemy 3,FSM,PatrolState,None,0.50,42.1,0
180.18,FSM Enemy 1,FSM,PatrolState,None,0.75,52.4,0
180.18,FSM Enemy 14,FSM,PatrolState,None,1.00,55.3,0
180.18,FSM Enemy 8,FSM,PatrolState,None,0.80,64.0,0
180.18,FSM Enemy 11,FSM,PatrolState,None,0.40,105.3,0
180.18,FSM Enemy 15,FSM,PatrolState,None,0.70,94.9,0
180.18,FSM Enemy 7,FSM,PatrolState,None,1.00,104.4,0
180.18,FSM Enemy 5,FSM,PatrolState,None,0.80,83.4,0
180.18,FSM Enemy 9,FSM,PatrolState,None,0.90,64.3,0
180.18,Utility Enemy 10,Utility,AttackAction,None,1.00,62.0,0
180.18,Utility Enemy 8,Utility,AttackAction,None,1.00,61.6,0
180.18,Utility Enemy 6,Utility,AttackAction,None,1.00,114.2,0
180.18,Utility Enemy 4,Utility,AttackAction,None,1.00,82.0,0
180.18,Utility Enemy 11,Utility,Dead,None,0.00,64.9,0
180.18,Utility Enemy 15,Utility,AttackAction,None,1.00,33.7,0
180.18,Utility Enemy 1,Utility,AttackAction,None,0.25,45.7,0
180.18,Utility Enemy 12,Utility,AttackAction,None,1.00,61.7,0
180.18,Utility Enemy 9,Utility,AttackAction,None,1.00,60.9,0
180.18,Utility Enemy 5,Utility,AttackAction,None,1.00,68.4,0
180.18,Utility Enemy 3,Utility,AttackAction,None,1.00,59.5,0
180.18,Utility Enemy 7,Utility,AttackAction,None,0.50,63.8,0
180.18,Utility Enemy 14,Utility,AttackAction,None,1.00,60.5,0
180.18,Utility Enemy 2,Utility,Dead,None,0.00,36.3,0
180.18,Utility Enemy 13,Utility,AttackAction,None,1.00,82.0,0
180.68,Player,Player,-,None,0.09,,0
180.68,FSM Enemy 6,FSM,PatrolState,None,0.20,83.4,0
180.68,FSM Enemy 12,FSM,PatrolState,None,0.90,80.5,0
180.68,FSM Enemy 4,FSM,PatrolState,None,1.00,53.0,0
180.68,FSM Enemy 2,FSM,Dead,None,0.00,18.9,0
180.68,FSM Enemy 13,FSM,PatrolState,None,0.80,99.3,0
180.68,FSM Enemy 10,FSM,PatrolState,None,1.00,82.1,0
180.68,FSM Enemy 3,FSM,PatrolState,None,0.50,41.4,0
180.68,FSM Enemy 1,FSM,PatrolState,None,0.75,52.5,0
180.68,FSM Enemy 14,FSM,PatrolState,None,1.00,54.1,0
180.68,FSM Enemy 8,FSM,PatrolState,None,0.80,63.7,0
180.68,FSM Enemy 11,FSM,PatrolState,None,0.40,105.5,0
180.68,FSM Enemy 15,FSM,PatrolState,None,0.70,96.0,0
180.68,FSM Enemy 7,FSM,PatrolState,None,1.00,104.8,0
180.68,FSM Enemy 5,FSM,PatrolState,None,0.80,83.1,0
180.68,FSM Enemy 9,FSM,PatrolState,None,0.90,65.5,0
180.68,Utility Enemy 10,Utility,AttackAction,None,1.00,62.0,0
180.68,Utility Enemy 8,Utility,AttackAction,None,1.00,61.6,0
180.68,Utility Enemy 6,Utility,AttackAction,None,1.00,114.2,0
180.68,Utility Enemy 4,Utility,AttackAction,None,1.00,82.0,0
180.68,Utility Enemy 11,Utility,Dead,None,0.00,64.9,0
180.68,Utility Enemy 15,Utility,AttackAction,None,1.00,33.7,0
180.68,Utility Enemy 1,Utility,AttackAction,None,0.25,45.7,0
180.68,Utility Enemy 12,Utility,AttackAction,None,1.00,61.7,0
180.68,Utility Enemy 9,Utility,AttackAction,None,1.00,60.9,0
180.68,Utility Enemy 5,Utility,AttackAction,None,1.00,68.4,0
180.68,Utility Enemy 3,Utility,AttackAction,None,1.00,59.5,0
180.68,Utility Enemy 7,Utility,AttackAction,None,0.50,63.8,0
180.68,Utility Enemy 14,Utility,AttackAction,None,1.00,60.5,0
180.68,Utility Enemy 2,Utility,Dead,None,0.00,36.3,0
180.68,Utility Enemy 13,Utility,AttackAction,None,1.00,82.0,0
181.18,Player,Player,-,None,0.09,,0
181.18,FSM Enemy 6,FSM,PatrolState,None,0.20,84.3,0
181.18,FSM Enemy 12,FSM,PatrolState,None,0.90,81.2,0
181.18,FSM Enemy 4,FSM,PatrolState,None,1.00,53.5,0
181.18,FSM Enemy 2,FSM,Dead,None,0.00,18.9,0
181.18,FSM Enemy 13,FSM,PatrolState,None,0.80,98.5,0
181.18,FSM Enemy 10,FSM,PatrolState,None,1.00,80.9,0
181.18,FSM Enemy 3,FSM,PatrolState,None,0.50,40.7,0
181.18,FSM Enemy 1,FSM,PatrolState,None,0.75,52.6,0
181.18,FSM Enemy 14,FSM,PatrolState,None,1.00,53.0,0
181.18,FSM Enemy 8,FSM,PatrolState,None,0.80,63.4,0
181.18,FSM Enemy 11,FSM,PatrolState,None,0.40,105.4,0
181.18,FSM Enemy 15,FSM,PatrolState,None,0.70,96.9,0
181.18,FSM Enemy 7,FSM,PatrolState,None,1.00,105.6,0
181.18,FSM Enemy 5,FSM,PatrolState,None,0.80,82.7,0
181.18,FSM Enemy 9,FSM,PatrolState,None,0.90,66.7,0
181.18,Utility Enemy 10,Utility,AttackAction,None,1.00,62.0,0
181.18,Utility Enemy 8,Utility,AttackAction,None,1.00,61.6,0
181.18,Utility Enemy 6,Utility,AttackAction,None,1.00,114.2,0
181.18,Utility Enemy 4,Utility,AttackAction,None,1.00,82.0,0
181.18,Utility Enemy 11,Utility,Dead,None,0.00,64.9,0
181.18,Utility Enemy 15,Utility,AttackAction,None,1.00,33.7,0
181.18,Utility Enemy 1,Utility,AttackAction,None,0.25,45.7,0
181.18,Utility Enemy 12,Utility,AttackAction,None,1.00,61.7,0
181.18,Utility Enemy 9,Utility,AttackAction,None,1.00,60.9,0
181.18,Utility Enemy 5,Utility,AttackAction,None,1.00,68.4,0
181.18,Utility Enemy 3,Utility,AttackAction,None,1.00,59.5,0
181.18,Utility Enemy 7,Utility,AttackAction,None,0.50,63.8,0
181.18,Utility Enemy 14,Utility,AttackAction,None,1.00,60.5,0
181.18,Utility Enemy 2,Utility,Dead,None,0.00,36.3,0
181.18,Utility Enemy 13,Utility,AttackAction,None,1.00,82.0,0
181.69,Player,Player,-,None,0.09,,0
181.69,FSM Enemy 6,FSM,PatrolState,None,0.20,85.2,0
181.69,FSM Enemy 12,FSM,PatrolState,None,0.90,81.9,0
181.69,FSM Enemy 4,FSM,PatrolState,None,1.00,54.1,0
181.69,FSM Enemy 2,FSM,Dead,None,0.00,18.9,0
181.69,FSM Enemy 13,FSM,PatrolState,None,0.80,97.7,0
181.69,FSM Enemy 10,FSM,PatrolState,None,1.00,79.6,0
181.69,FSM Enemy 3,FSM,PatrolState,None,0.50,40.4,0
181.69,FSM Enemy 1,FSM,PatrolState,None,0.75,52.7,0
181.69,FSM Enemy 14,FSM,PatrolState,None,1.00,51.8,0
181.69,FSM Enemy 8,FSM,PatrolState,None,0.80,63.0,0
181.69,FSM Enemy 11,FSM,PatrolState,None,0.40,105.3,0
181.69,FSM Enemy 15,FSM,PatrolState,None,0.70,96.2,0
181.69,FSM Enemy 7,FSM,PatrolState,None,1.00,106.5,0
181.69,FSM Enemy 5,FSM,PatrolState,None,0.80,82.4,0
181.69,FSM Enemy 9,FSM,PatrolState,None,0.90,67.7,0
181.69,Utility Enemy 10,Utility,AttackAction,None,1.00,62.0,0
181.69,Utility Enemy 8,Utility,AttackAction,None,1.00,61.6,0
181.69,Utility Enemy 6,Utility,AttackAction,None,1.00,114.2,0
181.69,Utility Enemy 4,Utility,AttackAction,None,1.00,82.0,0
181.69,Utility Enemy 11,Utility,Dead,None,0.00,64.9,0
181.69,Utility Enemy 15,Utility,AttackAction,None,1.00,33.7,0
181.69,Utility Enemy 1,Utility,AttackAction,None,0.25,45.7,0
181.69,Utility Enemy 12,Utility,AttackAction,None,1.00,61.7,0
181.69,Utility Enemy 9,Utility,AttackAction,None,1.00,60.9,0
181.69,Utility Enemy 5,Utility,AttackAction,None,1.00,68.4,0
181.69,Utility Enemy 3,Utility,AttackAction,None,1.00,59.5,0
181.69,Utility Enemy 7,Utility,AttackAction,None,0.50,63.8,0
181.69,Utility Enemy 14,Utility,AttackAction,None,1.00,60.5,0
181.69,Utility Enemy 2,Utility,Dead,None,0.00,36.3,0
181.69,Utility Enemy 13,Utility,AttackAction,None,1.00,82.0,0
182.19,Player,Player,-,None,0.09,,0
182.19,FSM Enemy 6,FSM,PatrolState,None,0.20,85.9,0
182.19,FSM Enemy 12,FSM,PatrolState,None,0.90,82.7,0
182.19,FSM Enemy 4,FSM,PatrolState,None,1.00,54.7,0
182.19,FSM Enemy 2,FSM,Dead,None,0.00,18.9,0
182.19,FSM Enemy 13,FSM,PatrolState,None,0.80,97.0,0
182.19,FSM Enemy 10,FSM,PatrolState,None,1.00,78.4,0
182.19,FSM Enemy 3,FSM,PatrolState,None,0.50,41.3,0
182.19,FSM Enemy 1,FSM,PatrolState,None,0.75,52.9,0
182.19,FSM Enemy 14,FSM,PatrolState,None,1.00,50.7,0
182.19,FSM Enemy 8,FSM,PatrolState,None,0.80,62.3,0
182.19,FSM Enemy 11,FSM,PatrolState,None,0.40,105.3,0
182.19,FSM Enemy 15,FSM,PatrolState,None,0.70,95.1,0
182.19,FSM Enemy 7,FSM,PatrolState,None,1.00,107.4,0
182.19,FSM Enemy 5,FSM,PatrolState,None,0.80,82.1,0
182.19,FSM Enemy 9,FSM,PatrolState,None,0.90,66.8,0
182.19,Utility Enemy 10,Utility,AttackAction,None,1.00,62.0,0
182.19,Utility Enemy 8,Utility,AttackAction,None,1.00,61.6,0
182.19,Utility Enemy 6,Utility,AttackAction,None,1.00,114.2,0
182.19,Utility Enemy 4,Utility,AttackAction,None,1.00,82.0,0
182.19,Utility Enemy 11,Utility,Dead,None,0.00,64.9,0
182.19,Utility Enemy 15,Utility,AttackAction,None,1.00,33.7,0
182.19,Utility Enemy 1,Utility,AttackAction,None,0.25,45.7,0
182.19,Utility Enemy 12,Utility,AttackAction,None,1.00,61.7,0
182.19,Utility Enemy 9,Utility,AttackAction,None,1.00,60.9,0
182.19,Utility Enemy 5,Utility,AttackAction,None,1.00,68.4,0
182.19,Utility Enemy 3,Utility,AttackAction,None,1.00,59.5,0
182.19,Utility Enemy 7,Utility,AttackAction,None,0.50,63.8,0
182.19,Utility Enemy 14,Utility,AttackAction,None,1.00,60.5,0
182.19,Utility Enemy 2,Utility,Dead,None,0.00,36.3,0
182.19,Utility Enemy 13,Utility,AttackAction,None,1.00,82.0,0
182.69,Player,Player,-,None,0.09,,0
182.69,FSM Enemy 6,FSM,PatrolState,None,0.20,86.5,0
182.69,FSM Enemy 12,FSM,PatrolState,None,0.90,83.4,0
182.69,FSM Enemy 4,FSM,PatrolState,None,1.00,55.3,0
182.69,FSM Enemy 2,FSM,Dead,None,0.00,18.9,0
182.69,FSM Enemy 13,FSM,PatrolState,None,0.80,96.2,0
182.69,FSM Enemy 10,FSM,PatrolState,None,1.00,77.2,0
182.69,FSM Enemy 3,FSM,PatrolState,None,0.50,42.5,0
182.69,FSM Enemy 1,FSM,PatrolState,None,0.75,53.0,0
182.69,FSM Enemy 14,FSM,PatrolState,None,1.00,49.5,0
182.69,FSM Enemy 8,FSM,PatrolState,None,0.80,61.6,0
182.69,FSM Enemy 11,FSM,PatrolState,None,0.40,105.2,0
182.69,FSM Enemy 15,FSM,PatrolState,None,0.70,94.2,0
182.69,FSM Enemy 7,FSM,PatrolState,None,1.00,108.3,0
182.69,FSM Enemy 5,FSM,PatrolState,None,0.80,81.8,0
182.69,FSM Enemy 9,FSM,PatrolState,None,0.90,65.8,0
182.69,Utility Enemy 10,Utility,AttackAction,None,1.00,62.0,0
182.69,Utility Enemy 8,Utility,AttackAction,None,1.00,61.6,0
182.69,Utility Enemy 6,Utility,AttackAction,None,1.00,114.2,0
182.69,Utility Enemy 4,Utility,AttackAction,None,1.00,82.0,0
182.69,Utility Enemy 11,Utility,AttackAction,None,1.00,40.8,0
182.69,Utility Enemy 15,Utility,AttackAction,None,1.00,33.7,0
182.69,Utility Enemy 1,Utility,AttackAction,None,0.25,45.7,0
182.69,Utility Enemy 12,Utility,AttackAction,None,1.00,61.7,0
182.69,Utility Enemy 9,Utility,AttackAction,None,1.00,60.9,0
182.69,Utility Enemy 5,Utility,AttackAction,None,1.00,68.4,0
182.69,Utility Enemy 3,Utility,AttackAction,None,1.00,59.5,0
182.69,Utility Enemy 7,Utility,AttackAction,None,0.50,63.8,0
182.69,Utility Enemy 14,Utility,AttackAction,None,1.00,60.5,0
182.69,Utility Enemy 2,Utility,Dead,None,0.00,36.3,0
182.69,Utility Enemy 13,Utility,AttackAction,None,1.00,82.0,0
183.20,Player,Player,-,None,0.09,,0
183.20,FSM Enemy 6,FSM,PatrolState,None,0.20,87.1,0
183.20,FSM Enemy 12,FSM,PatrolState,None,0.90,84.2,0
183.20,FSM Enemy 4,FSM,PatrolState,None,1.00,55.9,0
183.20,FSM Enemy 2,FSM,Dead,None,0.00,18.9,0
183.20,FSM Enemy 13,FSM,PatrolState,None,0.80,95.5,0
183.20,FSM Enemy 10,FSM,PatrolState,None,1.00,75.9,0
183.20,FSM Enemy 3,FSM,PatrolState,None,0.50,43.3,0
183.20,FSM Enemy 1,FSM,PatrolState,None,0.75,53.2,0
183.20,FSM Enemy 14,FSM,PatrolState,None,1.00,48.4,0
183.20,FSM Enemy 8,FSM,PatrolState,None,0.80,61.0,0
183.20,FSM Enemy 11,FSM,PatrolState,None,0.40,105.2,0
183.20,FSM Enemy 15,FSM,PatrolState,None,0.70,93.3,0
183.20,FSM Enemy 7,FSM,PatrolState,None,1.00,109.5,0
183.20,FSM Enemy 5,FSM,PatrolState,None,0.80,81.6,0
183.20,FSM Enemy 9,FSM,PatrolState,None,0.90,65.8,0
183.20,Utility Enemy 10,Utility,AttackAction,None,1.00,62.0,0
183.20,Utility Enemy 8,Utility,AttackAction,None,1.00,61.6,0
183.20,Utility Enemy 6,Utility,AttackAction,None,1.00,114.2,0
183.20,Utility Enemy 4,Utility,AttackAction,None,1.00,82.0,0
183.20,Utility Enemy 11,Utility,AttackAction,None,1.00,40.8,0
183.20,Utility Enemy 15,Utility,AttackAction,None,1.00,33.7,0
183.20,Utility Enemy 1,Utility,AttackAction,None,0.25,45.7,0
183.20,Utility Enemy 12,Utility,AttackAction,None,1.00,61.7,0
183.20,Utility Enemy 9,Utility,AttackAction,None,1.00,60.9,0
183.20,Utility Enemy 5,Utility,AttackAction,None,1.00,68.4,0
183.20,Utility Enemy 3,Utility,AttackAction,None,1.00,59.5,0
183.20,Utility Enemy 7,Utility,AttackAction,None,0.50,63.8,0
183.20,Utility Enemy 14,Utility,AttackAction,None,1.00,60.5,0
183.20,Utility Enemy 2,Utility,Dead,None,0.00,36.3,0
183.20,Utility Enemy 13,Utility,AttackAction,None,1.00,82.0,0
183.70,Player,Player,-,None,0.09,,0
183.70,FSM Enemy 6,FSM,PatrolState,None,0.20,87.3,0
183.70,FSM Enemy 12,FSM,PatrolState,None,0.90,85.0,0
183.70,FSM Enemy 4,FSM,PatrolState,None,1.00,56.3,0
183.70,FSM Enemy 2,FSM,Dead,None,0.00,18.9,0
183.70,FSM Enemy 13,FSM,PatrolState,None,0.80,96.0,0
183.70,FSM Enemy 10,FSM,PatrolState,None,1.00,74.7,0
183.70,FSM Enemy 3,FSM,Dead,None,0.00,42.9,0
183.70,FSM Enemy 1,FSM,PatrolState,None,0.75,53.5,0
183.70,FSM Enemy 14,FSM,PatrolState,None,1.00,47.2,0
183.70,FSM Enemy 8,FSM,PatrolState,None,0.80,60.3,0
183.70,FSM Enemy 11,FSM,PatrolState,None,0.40,105.1,0
183.70,FSM Enemy 15,FSM,PatrolState,None,0.70,92.5,0
183.70,FSM Enemy 7,FSM,PatrolState,None,1.00,110.5,0
183.70,FSM Enemy 5,FSM,PatrolState,None,0.80,81.3,0
183.70,FSM Enemy 9,FSM,PatrolState,None,0.90,65.9,0
183.70,Utility Enemy 10,Utility,AttackAction,None,1.00,62.0,0
183.70,Utility Enemy 8,Utility,AttackAction,None,1.00,61.6,0
183.70,Utility Enemy 6,Utility,AttackAction,None,1.00,114.2,0
183.70,Utility Enemy 4,Utility,AttackAction,None,1.00,82.0,0
183.70,Utility Enemy 11,Utility,AttackAction,None,1.00,40.8,0
183.70,Utility Enemy 15,Utility,AttackAction,None,1.00,33.7,0
183.70,Utility Enemy 1,Utility,AttackAction,None,0.25,45.7,0
183.70,Utility Enemy 12,Utility,AttackAction,None,1.00,61.7,0
183.70,Utility Enemy 9,Utility,AttackAction,None,1.00,60.9,0
183.70,Utility Enemy 5,Utility,AttackAction,None,1.00,68.4,0
183.70,Utility Enemy 3,Utility,AttackAction,None,1.00,59.5,0
183.70,Utility Enemy 7,Utility,AttackAction,None,0.50,63.8,0
183.70,Utility Enemy 14,Utility,AttackAction,None,1.00,60.5,0
183.70,Utility Enemy 2,Utility,Dead,None,0.00,36.3,0
183.70,Utility Enemy 13,Utility,AttackAction,None,1.00,82.0,0
184.21,Player,Player,-,None,0.09,,0
184.21,FSM Enemy 6,FSM,PatrolState,None,0.20,86.0,0
184.21,FSM Enemy 12,FSM,PatrolState,None,0.90,84.6,0
184.21,FSM Enemy 4,FSM,PatrolState,None,1.00,55.4,0
184.21,FSM Enemy 2,FSM,Dead,None,0.00,18.9,0
184.21,FSM Enemy 13,FSM,PatrolState,None,0.80,97.2,0
184.21,FSM Enemy 10,FSM,PatrolState,None,1.00,73.5,0
184.21,FSM Enemy 3,FSM,Dead,None,0.00,42.9,0
184.21,FSM Enemy 1,FSM,PatrolState,None,0.75,53.7,0
184.21,FSM Enemy 14,FSM,PatrolState,None,1.00,46.1,0
184.21,FSM Enemy 8,FSM,PatrolState,None,0.80,59.7,0
184.21,FSM Enemy 11,FSM,PatrolState,None,0.40,105.1,0
184.21,FSM Enemy 15,FSM,PatrolState,None,0.70,91.8,0
184.21,FSM Enemy 7,FSM,PatrolState,None,1.00,111.4,0
184.21,FSM Enemy 5,FSM,PatrolState,None,0.80,81.1,0
184.21,FSM Enemy 9,FSM,PatrolState,None,0.90,66.2,0
184.21,Utility Enemy 10,Utility,AttackAction,None,1.00,62.0,0
184.21,Utility Enemy 8,Utility,AttackAction,None,1.00,61.6,0
184.21,Utility Enemy 6,Utility,AttackAction,None,1.00,114.2,0
184.21,Utility Enemy 4,Utility,AttackAction,None,1.00,82.0,0
184.21,Utility Enemy 11,Utility,AttackAction,None,1.00,40.8,0
184.21,Utility Enemy 15,Utility,AttackAction,None,1.00,33.7,0
184.21,Utility Enemy 1,Utility,AttackAction,None,0.25,45.7,0
184.21,Utility Enemy 12,Utility,AttackAction,None,1.00,61.7,0
184.21,Utility Enemy 9,Utility,AttackAction,None,1.00,60.9,0
184.21,Utility Enemy 5,Utility,AttackAction,None,1.00,68.4,0
184.21,Utility Enemy 3,Utility,AttackAction,None,1.00,59.5,0
184.21,Utility Enemy 7,Utility,AttackAction,None,0.50,63.8,0
184.21,Utility Enemy 14,Utility,AttackAction,None,1.00,60.5,0
184.21,Utility Enemy 2,Utility,Dead,None,0.00,36.3,0
184.21,Utility Enemy 13,Utility,AttackAction,None,1.00,82.0,0
184.71,Player,Player,-,None,0.09,,0
184.71,FSM Enemy 6,FSM,PatrolState,None,0.20,84.8,0
184.71,FSM Enemy 12,FSM,PatrolState,None,0.90,83.7,0
184.71,FSM Enemy 4,FSM,PatrolState,None,1.00,54.6,0
184.71,FSM Enemy 2,FSM,Dead,None,0.00,18.5,0
184.71,FSM Enemy 13,FSM,PatrolState,None,0.80,98.0,0
184.71,FSM Enemy 10,FSM,PatrolState,None,1.00,71.9,0
184.71,FSM Enemy 3,FSM,Dead,None,0.00,42.3,0
184.71,FSM Enemy 1,FSM,PatrolState,None,0.75,53.5,0
184.71,FSM Enemy 14,FSM,PatrolState,None,1.00,44.4,0
184.71,FSM Enemy 8,FSM,PatrolState,None,0.80,58.6,0
184.71,FSM Enemy 11,FSM,PatrolState,None,0.40,104.7,0
184.71,FSM Enemy 15,FSM,PatrolState,None,0.70,90.4,0
184.71,FSM Enemy 7,FSM,PatrolState,None,1.00,111.9,0
184.71,FSM Enemy 5,FSM,PatrolState,None,0.80,80.6,0
184.71,FSM Enemy 9,FSM,PatrolState,None,0.90,66.1,0
184.71,Utility Enemy 10,Utility,AttackAction,None,1.00,61.7,0
184.71,Utility Enemy 8,Utility,AttackAction,None,1.00,61.2,0
184.71,Utility Enemy 6,Utility,AttackAction,None,1.00,113.8,0
184.71,Utility Enemy 4,Utility,AttackAction,None,1.00,81.4,0
184.71,Utility Enemy 11,Utility,AttackAction,None,1.00,40.7,0
184.71,Utility Enemy 15,Utility,AttackAction,None,1.00,33.3,0
184.71,Utility Enemy 1,Utility,AttackAction,None,0.25,45.5,0
184.71,Utility Enemy 12,Utility,AttackAction,None,1.00,61.4,0
184.71,Utility Enemy 9,Utility,AttackAction,None,1.00,60.6,0
184.71,Utility Enemy 5,Utility,AttackAction,None,1.00,67.9,0
184.71,Utility Enemy 3,Utility,AttackAction,None,1.00,59.2,0
184.71,Utility Enemy 7,Utility,AttackAction,None,0.50,63.6,0
184.71,Utility Enemy 14,Utility,AttackAction,None,1.00,60.1,0
184.71,Utility Enemy 2,Utility,Dead,None,0.00,35.7,0
184.71,Utility Enemy 13,Utility,AttackAction,None,1.00,81.7,0
185.22,Player,Player,-,None,0.09,,0
185.22,FSM Enemy 6,FSM,PatrolState,None,0.20,85.5,0
185.22,FSM Enemy 12,FSM,PatrolState,None,0.90,84.8,0
185.22,FSM Enemy 4,FSM,PatrolState,None,1.00,56.6,0
185.22,FSM Enemy 2,FSM,Dead,None,0.00,19.4,0
185.22,FSM Enemy 13,FSM,PatrolState,None,0.80,100.2,0
185.22,FSM Enemy 10,FSM,PatrolState,None,1.00,71.1,0
185.22,FSM Enemy 3,FSM,Dead,None,0.00,41.9,0
185.22,FSM Enemy 1,FSM,PatrolState,None,0.75,54.7,0
185.22,FSM Enemy 14,FSM,PatrolState,None,1.00,44.0,0
185.22,FSM Enemy 8,FSM,PatrolState,None,0.80,59.1,0
185.22,FSM Enemy 11,FSM,PatrolState,None,0.40,106.0,0
185.22,FSM Enemy 15,FSM,PatrolState,None,0.70,90.5,0
185.22,FSM Enemy 7,FSM,PatrolState,None,1.00,114.2,0
185.22,FSM Enemy 5,FSM,PatrolState,None,0.80,81.4,0
185.22,FSM Enemy 9,FSM,PatrolState,None,0.90,68.3,0
185.22,Utility Enemy 10,Utility,AttackAction,None,1.00,63.3,0
185.22,Utility Enemy 8,Utility,AttackAction,None,1.00,62.5,0
185.22,Utility Enemy 6,Utility,AttackAction,None,1.00,115.2,0
185.22,Utility Enemy 4,Utility,AttackAction,None,1.00,81.5,0
185.22,Utility Enemy 11,Utility,AttackAction,None,1.00,42.6,0
185.22,Utility Enemy 15,Utility,AttackAction,None,1.00,34.5,0
185.22,Utility Enemy 1,Utility,AttackAction,None,0.25,47.3,0
185.22,Utility Enemy 12,Utility,AttackAction,None,1.00,63.0,0
185.22,Utility Enemy 9,Utility,AttackAction,None,1.00,61.9,0
185.22,Utility Enemy 5,Utility,AttackAction,None,1.00,68.6,0
185.22,Utility Enemy 3,Utility,AttackAction,None,1.00,60.5,0
185.22,Utility Enemy 7,Utility,AttackAction,None,0.50,65.3,0
185.22,Utility Enemy 14,Utility,AttackAction,None,1.00,61.5,0
185.22,Utility Enemy 2,Utility,Dead,None,0.00,35.4,0
185.22,Utility Enemy 13,Utility,AttackAction,None,1.00,83.2,0
185.72,Player,Player,-,None,0.09,,0
185.72,FSM Enemy 6,FSM,PatrolState,None,0.20,85.5,0
185.72,FSM Enemy 12,FSM,PatrolState,None,0.90,84.9,0
185.72,FSM Enemy 4,FSM,PatrolState,None,1.00,58.7,0
185.72,FSM Enemy 2,FSM,Dead,None,0.00,20.1,0
185.72,FSM Enemy 13,FSM,PatrolState,None,0.80,102.2,0
185.72,FSM Enemy 10,FSM,PatrolState,None,1.00,70.5,0
185.72,FSM Enemy 3,FSM,Dead,None,0.00,42.1,0
185.72,FSM Enemy 1,FSM,PatrolState,None,0.75,55.7,0
185.72,FSM Enemy 14,FSM,PatrolState,None,1.00,43.8,0
185.72,FSM Enemy 8,FSM,PatrolState,None,0.80,59.4,0
185.72,FSM Enemy 11,FSM,PatrolState,None,0.40,107.0,0
185.72,FSM Enemy 15,FSM,PatrolState,None,0.70,90.3,0
185.72,FSM Enemy 7,FSM,PatrolState,None,1.00,116.1,0
185.72,FSM Enemy 5,FSM,PatrolState,None,0.80,82.3,0
185.72,FSM Enemy 9,FSM,PatrolState,None,0.90,69.9,0
185.72,Utility Enemy 10,Utility,AttackAction,None,1.00,64.4,0
185.72,Utility Enemy 8,Utility,AttackAction,None,1.00,63.5,0
185.72,Utility Enemy 6,Utility,AttackAction,None,1.00,116.2,0
185.72,Utility Enemy 4,Utility,AttackAction,None,1.00,81.9,0
185.72,Utility Enemy 11,Utility,AttackAction,None,1.00,43.8,0
185.72,Utility Enemy 15,Utility,AttackAction,None,1.00,35.4,0
185.72,Utility Enemy 1,Utility,AttackAction,None,0.25,48.4,0
185.72,Utility Enemy 12,Utility,AttackAction,None,1.00,64.0,0
185.72,Utility Enemy 9,Utility,AttackAction,None,1.00,62.9,0
185.72,Utility Enemy 5,Utility,AttackAction,None,1.00,69.4,0
185.72,Utility Enemy 3,Utility,AttackAction,None,1.00,61.5,0
185.72,Utility Enemy 7,Utility,AttackAction,None,0.50,66.4,0
185.72,Utility Enemy 14,Utility,AttackAction,None,1.00,62.5,0
185.72,Utility Enemy 2,Utility,Dead,None,0.00,35.7,0
185.72,Utility Enemy 13,Utility,AttackAction,None,1.00,84.2,0
186.22,Player,Player,-,None,0.09,,0
186.22,FSM Enemy 6,FSM,PatrolState,None,0.20,84.2,0
186.22,FSM Enemy 12,FSM,PatrolState,None,0.90,83.8,0
186.22,FSM Enemy 4,FSM,PatrolState,None,1.00,59.7,0
186.22,FSM Enemy 2,FSM,Dead,None,0.00,20.1,0
186.22,FSM Enemy 13,FSM,PatrolState,None,0.80,103.2,0
186.22,FSM Enemy 10,FSM,PatrolState,None,1.00,69.4,0
186.22,FSM Enemy 3,FSM,Dead,None,0.00,42.1,0
186.22,FSM Enemy 1,FSM,PatrolState,None,0.75,56.0,0
186.22,FSM Enemy 14,FSM,PatrolState,None,1.00,42.8,0
186.22,FSM Enemy 8,FSM,PatrolState,None,0.80,58.8,0
186.22,FSM Enemy 11,FSM,PatrolState,None,0.40,107.3,0
186.22,FSM Enemy 15,FSM,PatrolState,None,0.70,89.2,0
186.22,FSM Enemy 7,FSM,PatrolState,None,1.00,116.6,0
186.22,FSM Enemy 5,FSM,PatrolState,None,0.80,82.7,0
186.22,FSM Enemy 9,FSM,PatrolState,None,0.90,68.8,0
186.22,Utility Enemy 10,Utility,AttackAction,None,1.00,64.4,0
186.22,Utility Enemy 8,Utility,AttackAction,None,1.00,63.5,0
186.22,Utility Enemy 6,Utility,AttackAction,None,1.00,116.2,0
186.22,Utility Enemy 4,Utility,AttackAction,None,1.00,81.9,0
186.22,Utility Enemy 11,Utility,AttackAction,None,1.00,43.8,0
186.22,Utility Enemy 15,Utility,AttackAction,None,1.00,35.4,0
186.22,Utility Enemy 1,Utility,AttackAction,None,0.25,48.4,0
186.22,Utility Enemy 12,Utility,AttackAction,None,1.00,64.0,0
186.22,Utility Enemy 9,Utility,AttackAction,None,1.00,62.9,0
186.22,Utility Enemy 5,Utility,AttackAction,None,1.00,69.4,0
186.22,Utility Enemy 3,Utility,AttackAction,None,1.00,61.5,0
186.22,Utility Enemy 7,Utility,AttackAction,None,0.50,66.4,0
186.22,Utility Enemy 14,Utility,AttackAction,None,1.00,62.5,0
186.22,Utility Enemy 2,Utility,Dead,None,0.00,35.7,0
186.22,Utility Enemy 13,Utility,AttackAction,None,1.00,84.2,0
186.73,Player,Player,-,None,0.09,,0
186.73,FSM Enemy 6,FSM,PatrolState,None,0.20,83.0,0
186.73,FSM Enemy 12,FSM,PatrolState,None,0.90,82.6,0
186.73,FSM Enemy 4,FSM,PatrolState,None,1.00,60.6,0
186.73,FSM Enemy 2,FSM,Dead,None,0.00,20.1,0
186.73,FSM Enemy 13,FSM,PatrolState,None,0.80,103.9,0
186.73,FSM Enemy 10,FSM,PatrolState,None,1.00,68.2,0
186.73,FSM Enemy 3,FSM,Dead,None,0.00,42.1,0
186.73,FSM Enemy 1,FSM,PatrolState,None,0.75,56.3,0
186.73,FSM Enemy 14,FSM,PatrolState,None,1.00,41.7,0
186.73,FSM Enemy 8,FSM,PatrolState,None,0.80,58.2,0
186.73,FSM Enemy 11,FSM,PatrolState,None,0.40,107.7,0
186.73,FSM Enemy 15,FSM,PatrolState,None,0.70,88.0,0
186.73,FSM Enemy 7,FSM,PatrolState,None,1.00,115.5,0
186.73,FSM Enemy 5,FSM,PatrolState,None,0.80,83.0,0
186.73,FSM Enemy 9,FSM,PatrolState,None,0.90,67.6,0
186.73,Utility Enemy 10,Utility,AttackAction,None,1.00,64.4,0
186.73,Utility Enemy 8,Utility,AttackAction,None,1.00,63.5,0
186.73,Utility Enemy 6,Utility,AttackAction,None,1.00,116.2,0
186.73,Utility Enemy 4,Utility,AttackAction,None,1.00,81.9,0
186.73,Utility Enemy 11,Utility,AttackAction,None,1.00,43.8,0
186.73,Utility Enemy 15,Utility,AttackAction,None,1.00,35.4,0
186.73,Utility Enemy 1,Utility,AttackAction,None,0.25,48.4,0
186.73,Utility Enemy 12,Utility,AttackAction,None,1.00,64.0,0
186.73,Utility Enemy 9,Utility,AttackAction,None,1.00,62.9,0
186.73,Utility Enemy 5,Utility,AttackAction,None,1.00,69.4,0
186.73,Utility Enemy 3,Utility,AttackAction,None,1.00,61.5,0
186.73,Utility Enemy 7,Utility,AttackAction,None,0.50,66.4,0
186.73,Utility Enemy 14,Utility,AttackAction,None,1.00,62.5,0
186.73,Utility Enemy 2,Utility,Dead,None,0.00,35.7,0
186.73,Utility Enemy 13,Utility,AttackAction,None,1.00,84.2,0
187.23,Player,Player,-,None,0.09,,0
187.23,FSM Enemy 6,FSM,PatrolState,None,0.20,81.7,0
187.23,FSM Enemy 12,FSM,PatrolState,None,0.90,81.4,0
187.23,FSM Enemy 4,FSM,PatrolState,None,1.00,61.6,0
187.23,FSM Enemy 2,FSM,Dead,None,0.00,20.1,0
187.23,FSM Enemy 13,FSM,PatrolState,None,0.80,104.5,0
187.23,FSM Enemy 10,FSM,PatrolState,None,1.00,67.1,0
187.23,FSM Enemy 3,FSM,Dead,None,0.00,42.1,0
187.23,FSM Enemy 1,FSM,PatrolState,None,0.75,56.7,0
187.23,FSM Enemy 14,FSM,PatrolState,None,1.00,40.7,0
187.23,FSM Enemy 8,FSM,PatrolState,None,0.80,57.7,0
187.23,FSM Enemy 11,FSM,PatrolState,None,0.40,108.1,0
187.23,FSM Enemy 15,FSM,PatrolState,None,0.70,86.8,0
187.23,FSM Enemy 7,FSM,PatrolState,None,1.00,114.3,0
187.23,FSM Enemy 5,FSM,PatrolState,None,0.80,83.4,0
187.23,FSM Enemy 9,FSM,PatrolState,None,0.90,66.3,0
187.23,Utility Enemy 10,Utility,AttackAction,None,1.00,64.4,0
187.23,Utility Enemy 8,Utility,AttackAction,None,1.00,63.5,0
187.23,Utility Enemy 6,Utility,AttackAction,None,1.00,116.2,0
187.23,Utility Enemy 4,Utility,AttackAction,None,1.00,81.9,0
187.23,Utility Enemy 11,Utility,AttackAction,None,1.00,43.8,0
187.23,Utility Enemy 15,Utility,AttackAction,None,1.00,35.4,0
187.23,Utility Enemy 1,Utility,AttackAction,None,0.25,48.4,0
187.23,Utility Enemy 12,Utility,AttackAction,None,1.00,64.0,0
187.23,Utility Enemy 9,Utility,AttackAction,None,1.00,62.9,0
187.23,Utility Enemy 5,Utility,AttackAction,None,1.00,69.4,0
187.23,Utility Enemy 3,Utility,AttackAction,None,1.00,61.5,0
187.23,Utility Enemy 7,Utility,AttackAction,None,0.50,66.4,0
187.23,Utility Enemy 14,Utility,AttackAction,None,1.00,62.5,0
187.23,Utility Enemy 2,Utility,Dead,None,0.00,35.7,0
187.23,Utility Enemy 13,Utility,AttackAction,None,1.00,84.2,0
187.73,Player,Player,-,None,0.09,,0
187.73,FSM Enemy 6,FSM,PatrolState,None,0.20,80.5,0
187.73,FSM Enemy 12,FSM,PatrolState,None,0.90,80.1,0
187.73,FSM Enemy 4,FSM,PatrolState,None,1.00,62.6,0
187.73,FSM Enemy 2,FSM,Dead,None,0.00,20.1,0
187.73,FSM Enemy 13,FSM,PatrolState,None,0.80,105.2,0
187.73,FSM Enemy 10,FSM,PatrolState,None,1.00,65.9,0
187.73,FSM Enemy 3,FSM,Dead,None,0.00,42.1,0
187.73,FSM Enemy 1,FSM,PatrolState,None,0.75,57.2,0
187.73,FSM Enemy 14,FSM,PatrolState,None,1.00,39.7,0
187.73,FSM Enemy 8,FSM,PatrolState,None,0.80,57.7,0
187.73,FSM Enemy 11,FSM,PatrolState,None,0.40,108.6,0
187.73,FSM Enemy 15,FSM,PatrolState,None,0.70,85.6,0
187.73,FSM Enemy 7,FSM,PatrolState,None,1.00,113.1,0
187.73,FSM Enemy 5,FSM,PatrolState,None,0.80,83.8,0
187.73,FSM Enemy 9,FSM,PatrolState,None,0.90,65.1,0
187.73,Utility Enemy 10,Utility,AttackAction,None,1.00,64.4,0
187.73,Utility Enemy 8,Utility,AttackAction,None,1.00,63.5,0
187.73,Utility Enemy 6,Utility,AttackAction,None,1.00,116.2,0
187.73,Utility Enemy 4,Utility,AttackAction,None,1.00,81.9,0
187.73,Utility Enemy 11,Utility,AttackAction,None,1.00,43.8,0
187.73,Utility Enemy 15,Utility,AttackAction,None,1.00,35.4,0
187.73,Utility Enemy 1,Utility,AttackAction,None,0.25,48.4,0
187.73,Utility Enemy 12,Utility,AttackAction,None,1.00,64.0,0
187.73,Utility Enemy 9,Utility,AttackAction,None,1.00,62.9,0
187.73,Utility Enemy 5,Utility,AttackAction,None,1.00,69.4,0
187.73,Utility Enemy 3,Utility,AttackAction,None,1.00,61.5,0
187.73,Utility Enemy 7,Utility,AttackAction,None,0.50,66.4,0
187.73,Utility Enemy 14,Utility,AttackAction,None,1.00,62.5,0
187.73,Utility Enemy 2,Utility,Dead,None,0.00,35.7,0
187.73,Utility Enemy 13,Utility,AttackAction,None,1.00,84.2,0
188.23,Player,Player,-,None,0.09,,0
188.23,FSM Enemy 6,FSM,PatrolState,None,0.20,79.2,0
188.23,FSM Enemy 12,FSM,PatrolState,None,0.90,79.4,0
188.23,FSM Enemy 4,FSM,PatrolState,None,1.00,63.6,0
188.23,FSM Enemy 2,FSM,Dead,None,0.00,20.1,0
188.23,FSM Enemy 13,FSM,PatrolState,None,0.80,105.9,0
188.23,FSM Enemy 10,FSM,PatrolState,None,1.00,64.7,0
188.23,FSM Enemy 3,FSM,Dead,None,0.00,42.1,0
188.23,FSM Enemy 1,FSM,PatrolState,None,0.75,57.7,0
188.23,FSM Enemy 14,FSM,PatrolState,None,1.00,38.7,0
188.23,FSM Enemy 8,FSM,PatrolState,None,0.80,58.7,0
188.23,FSM Enemy 11,FSM,PatrolState,None,0.40,109.0,0
188.23,FSM Enemy 15,FSM,PatrolState,None,0.70,84.4,0
188.23,FSM Enemy 7,FSM,PatrolState,None,1.00,111.9,0
188.23,FSM Enemy 5,FSM,PatrolState,None,0.80,84.2,0
188.23,FSM Enemy 9,FSM,PatrolState,None,0.90,63.8,0
188.23,Utility Enemy 10,Utility,AttackAction,None,1.00,64.4,0
188.23,Utility Enemy 8,Utility,AttackAction,None,1.00,63.5,0
188.23,Utility Enemy 6,Utility,AttackAction,None,1.00,116.2,0
188.23,Utility Enemy 4,Utility,AttackAction,None,1.00,81.9,0
188.23,Utility Enemy 11,Utility,AttackAction,None,1.00,43.7,0
188.23,Utility Enemy 15,Utility,AttackAction,None,1.00,35.4,0
188.23,Utility Enemy 1,Utility,AttackAction,None,0.25,48.4,0
188.23,Utility Enemy 12,Utility,AttackAction,None,1.00,64.0,0
188.23,Utility Enemy 9,Utility,AttackAction,None,1.00,62.9,0
188.23,Utility Enemy 5,Utility,AttackAction,None,1.00,69.3,0
188.23,Utility Enemy 3,Utility,AttackAction,None,1.00,61.5,0
188.23,Utility Enemy 7,Utility,AttackAction,None,0.50,66.4,0
188.23,Utility Enemy 14,Utility,AttackAction,None,1.00,62.4,0
188.23,Utility Enemy 2,Utility,Dead,None,0.00,35.7,0
188.23,Utility Enemy 13,Utility,AttackAction,None,1.00,84.2,0
188.74,Player,Player,-,None,0.09,,0
188.74,FSM Enemy 6,FSM,PatrolState,None,0.20,77.4,0
188.74,FSM Enemy 12,FSM,PatrolState,None,0.90,78.4,0
188.74,FSM Enemy 4,FSM,PatrolState,None,1.00,63.5,0
188.74,FSM Enemy 2,FSM,Dead,None,0.00,20.6,0
188.74,FSM Enemy 13,FSM,PatrolState,None,0.80,107.0,0
188.74,FSM Enemy 10,FSM,PatrolState,None,1.00,64.8,0
188.74,FSM Enemy 3,FSM,Dead,None,0.00,43.7,0
188.74,FSM Enemy 1,FSM,PatrolState,None,0.75,59.4,0
188.74,FSM Enemy 14,FSM,PatrolState,None,1.00,38.6,0
188.74,FSM Enemy 8,FSM,PatrolState,None,0.80,59.7,0
188.74,FSM Enemy 11,FSM,PatrolState,None,0.40,110.4,0
188.74,FSM Enemy 15,FSM,PatrolState,None,0.70,84.6,0
188.74,FSM Enemy 7,FSM,PatrolState,None,1.00,111.1,0
188.74,FSM Enemy 5,FSM,PatrolState,None,0.80,86.1,0
188.74,FSM Enemy 9,FSM,PatrolState,None,0.90,63.3,0
188.74,Utility Enemy 10,Utility,AttackAction,None,1.00,64.5,0
188.74,Utility Enemy 8,Utility,AttackAction,None,1.00,64.0,0
188.74,Utility Enemy 6,Utility,AttackAction,None,1.00,116.6,0
188.74,Utility Enemy 4,Utility,AttackAction,None,1.00,83.4,0
188.74,Utility Enemy 11,Utility,AttackAction,None,1.00,43.3,0
188.74,Utility Enemy 15,Utility,AttackAction,None,1.00,35.9,0
188.74,Utility Enemy 1,Utility,AttackAction,None,0.25,48.3,0
188.74,Utility Enemy 12,Utility,AttackAction,None,1.00,64.2,0
188.74,Utility Enemy 9,Utility,AttackAction,None,1.00,63.3,0
188.74,Utility Enemy 5,Utility,AttackAction,None,1.00,70.4,0
188.74,Utility Enemy 3,Utility,AttackAction,None,1.00,61.9,0
188.74,Utility Enemy 7,Utility,AttackAction,None,0.50,66.3,0
188.74,Utility Enemy 14,Utility,AttackAction,None,1.00,62.9,0
188.74,Utility Enemy 2,Utility,Dead,None,0.00,37.3,0
188.74,Utility Enemy 13,Utility,AttackAction,None,1.00,84.5,0
189.24,Player,Player,-,None,0.09,,0
189.24,FSM Enemy 6,FSM,PatrolState,None,0.20,76.8,0
189.24,FSM Enemy 12,FSM,PatrolState,None,0.90,78.6,0
189.24,FSM Enemy 4,FSM,PatrolState,None,1.00,64.6,0
189.24,FSM Enemy 2,FSM,Dead,None,0.00,21.4,0
189.24,FSM Enemy 13,FSM,PatrolState,None,0.80,107.0,0
189.24,FSM Enemy 10,FSM,PatrolState,None,1.00,64.6,0
189.24,FSM Enemy 3,FSM,Dead,None,0.00,44.6,0
189.24,FSM Enemy 1,FSM,PatrolState,None,0.75,60.9,0
189.24,FSM Enemy 14,FSM,PatrolState,None,1.00,38.5,0
189.24,FSM Enemy 8,FSM,PatrolState,None,0.80,61.0,0
189.24,FSM Enemy 11,FSM,PatrolState,None,0.40,112.2,0
189.24,FSM Enemy 15,FSM,PatrolState,None,0.70,86.7,0
189.24,FSM Enemy 7,FSM,PatrolState,None,1.00,110.7,0
189.24,FSM Enemy 5,FSM,PatrolState,None,0.80,87.5,0
189.24,FSM Enemy 9,FSM,PatrolState,None,0.90,64.8,0
189.24,Utility Enemy 10,Utility,AttackAction,None,1.00,65.3,0
189.24,Utility Enemy 8,Utility,AttackAction,None,1.00,64.8,0
189.24,Utility Enemy 6,Utility,AttackAction,None,1.00,117.5,0
189.24,Utility Enemy 4,Utility,AttackAction,None,1.00,84.3,0
189.24,Utility Enemy 11,Utility,AttackAction,None,1.00,43.8,0
189.24,Utility Enemy 15,Utility,AttackAction,None,1.00,36.8,0
189.24,Utility Enemy 1,Utility,AttackAction,None,0.25,48.9,0
189.24,Utility Enemy 12,Utility,AttackAction,None,1.00,65.0,0
189.24,Utility Enemy 9,Utility,AttackAction,None,1.00,64.2,0
189.24,Utility Enemy 5,Utility,AttackAction,None,1.00,71.3,0
189.24,Utility Enemy 3,Utility,AttackAction,None,1.00,62.8,0
189.24,Utility Enemy 7,Utility,AttackAction,None,0.50,67.0,0
189.24,Utility Enemy 14,Utility,AttackAction,None,1.00,63.7,0
189.24,Utility Enemy 2,Utility,Dead,None,0.00,38.2,0
189.24,Utility Enemy 13,Utility,AttackAction,None,1.00,85.3,0
189.75,Player,Player,-,None,0.09,,0
189.75,FSM Enemy 6,FSM,PatrolState,None,0.20,76.4,0
189.75,FSM Enemy 12,FSM,PatrolState,None,0.90,78.7,0
189.75,FSM Enemy 4,FSM,PatrolState,None,1.00,64.7,0
189.75,FSM Enemy 2,FSM,PatrolState,None,1.00,82.6,0
189.75,FSM Enemy 13,FSM,PatrolState,None,0.80,106.5,0
189.75,FSM Enemy 10,FSM,PatrolState,None,1.00,63.8,0
189.75,FSM Enemy 3,FSM,Dead,None,0.00,45.0,0
189.75,FSM Enemy 1,FSM,PatrolState,None,0.75,61.9,0
189.75,FSM Enemy 14,FSM,PatrolState,None,1.00,37.9,0
189.75,FSM Enemy 8,FSM,PatrolState,None,0.80,61.9,0
189.75,FSM Enemy 11,FSM,PatrolState,None,0.40,113.8,0
189.75,FSM Enemy 15,FSM,PatrolState,None,0.70,88.3,0
189.75,FSM Enemy 7,FSM,PatrolState,None,1.00,109.9,0
189.75,FSM Enemy 5,FSM,PatrolState,None,0.80,88.3,0
189.75,FSM Enemy 9,FSM,PatrolState,None,0.90,66.0,0
189.75,Utility Enemy 10,Utility,AttackAction,None,1.00,65.6,0
189.75,Utility Enemy 8,Utility,AttackAction,None,1.00,65.2,0
189.75,Utility Enemy 6,Utility,AttackAction,None,1.00,117.9,0
189.75,Utility Enemy 4,Utility,AttackAction,None,1.00,84.7,0
189.75,Utility Enemy 11,Utility,AttackAction,None,1.00,44.1,0
189.75,Utility Enemy 15,Utility,AttackAction,None,1.00,37.1,0
189.75,Utility Enemy 1,Utility,AttackAction,None,0.25,49.2,0
189.75,Utility Enemy 12,Utility,AttackAction,None,1.00,65.3,0
189.75,Utility Enemy 9,Utility,AttackAction,None,1.00,64.5,0
189.75,Utility Enemy 5,Utility,AttackAction,None,1.00,71.7,0
189.75,Utility Enemy 3,Utility,AttackAction,None,1.00,63.1,0
189.75,Utility Enemy 7,Utility,AttackAction,None,0.50,67.3,0
189.75,Utility Enemy 14,Utility,AttackAction,None,1.00,64.1,0
189.75,Utility Enemy 2,Utility,Dead,None,0.00,38.5,0
189.75,Utility Enemy 13,Utility,AttackAction,None,1.00,85.7,0
190.25,Player,Player,-,None,0.09,,0
190.25,FSM Enemy 6,FSM,PatrolState,None,0.20,77.0,0
190.25,FSM Enemy 12,FSM,PatrolState,None,0.90,78.7,0
190.25,FSM Enemy 4,FSM,PatrolState,None,1.00,64.1,0
190.25,FSM Enemy 2,FSM,PatrolState,None,1.00,81.6,0
190.25,FSM Enemy 13,FSM,PatrolState,None,0.80,105.5,0
190.25,FSM Enemy 10,FSM,PatrolState,None,1.00,62.7,0
190.25,FSM Enemy 3,FSM,Dead,None,0.00,45.0,0
190.25,FSM Enemy 1,FSM,PatrolState,None,0.75,62.6,0
190.25,FSM Enemy 14,FSM,PatrolState,None,1.00,36.9,0
190.25,FSM Enemy 8,FSM,PatrolState,None,0.80,62.4,0
190.25,FSM Enemy 11,FSM,PatrolState,None,0.40,115.0,0
190.25,FSM Enemy 15,FSM,PatrolState,None,0.70,88.9,0
190.25,FSM Enemy 7,FSM,PatrolState,None,1.00,108.6,0
190.25,FSM Enemy 5,FSM,PatrolState,None,0.80,88.7,0
190.25,FSM Enemy 9,FSM,PatrolState,None,0.90,66.8,0
190.25,Utility Enemy 10,Utility,AttackAction,None,1.00,65.6,0
190.25,Utility Enemy 8,Utility,AttackAction,None,1.00,65.2,0
190.25,Utility Enemy 6,Utility,AttackAction,None,1.00,117.9,0
190.25,Utility Enemy 4,Utility,AttackAction,None,1.00,84.7,0
190.25,Utility Enemy 11,Utility,AttackAction,None,1.00,44.1,0
190.25,Utility Enemy 15,Utility,AttackAction,None,1.00,37.1,0
190.25,Utility Enemy 1,Utility,AttackAction,None,0.25,49.2,0
190.25,Utility Enemy 12,Utility,AttackAction,None,1.00,65.3,0
190.25,Utility Enemy 9,Utility,AttackAction,None,1.00,64.5,0
190.25,Utility Enemy 5,Utility,AttackAction,None,1.00,71.7,0
190.25,Utility Enemy 3,Utility,AttackAction,None,1.00,63.1,0
190.25,Utility Enemy 7,Utility,AttackAction,None,0.50,67.3,0
190.25,Utility Enemy 14,Utility,AttackAction,None,1.00,64.1,0
190.25,Utility Enemy 2,Utility,Dead,None,0.00,38.5,0
190.25,Utility Enemy 13,Utility,AttackAction,None,1.00,85.7,0
190.75,Player,Player,-,GravityFlip,0.09,,0
190.75,FSM Enemy 6,FSM,TakeCoverState,GravityFlip,0.20,76.8,0
190.75,FSM Enemy 12,FSM,TakeCoverState,GravityFlip,0.90,78.1,0
190.75,FSM Enemy 4,FSM,TakeCoverState,GravityFlip,1.00,62.4,0
190.75,FSM Enemy 2,FSM,TakeCoverState,GravityFlip,1.00,81.7,0
190.75,FSM Enemy 13,FSM,TakeCoverState,GravityFlip,0.80,105.2,0
190.75,FSM Enemy 10,FSM,TakeCoverState,GravityFlip,1.00,61.2,0
190.75,FSM Enemy 3,FSM,Dead,GravityFlip,0.00,45.0,0
190.75,FSM Enemy 1,FSM,TakeCoverState,GravityFlip,0.75,62.0,0
190.75,FSM Enemy 14,FSM,TakeCoverState,GravityFlip,1.00,36.2,0
190.75,FSM Enemy 8,FSM,TakeCoverState,GravityFlip,0.80,62.1,0
190.75,FSM Enemy 11,FSM,TakeCoverState,GravityFlip,0.40,115.8,0
190.75,FSM Enemy 15,FSM,TakeCoverState,GravityFlip,0.70,89.9,0
190.75,FSM Enemy 7,FSM,TakeCoverState,GravityFlip,1.00,108.7,0
190.75,FSM Enemy 5,FSM,TakeCoverState,GravityFlip,0.80,88.2,0
190.75,FSM Enemy 9,FSM,TakeCoverState,GravityFlip,0.90,66.4,0
190.75,Utility Enemy 10,Utility,TakeCoverAction,GravityFlip,1.00,65.4,0
190.75,Utility Enemy 8,Utility,TakeCoverAction,GravityFlip,1.00,65.3,0
190.75,Utility Enemy 6,Utility,TakeCoverAction,GravityFlip,1.00,117.1,0
190.75,Utility Enemy 4,Utility,TakeCoverAction,GravityFlip,1.00,84.0,0
190.75,Utility Enemy 11,Utility,TakeCoverAction,GravityFlip,1.00,43.2,0
190.75,Utility Enemy 15,Utility,TakeCoverAction,GravityFlip,1.00,37.2,0
190.75,Utility Enemy 1,Utility,TakeCoverAction,GravityFlip,0.25,49.1,0
190.75,Utility Enemy 12,Utility,TakeCoverAction,GravityFlip,1.00,65.7,0
190.75,Utility Enemy 9,Utility,TakeCoverAction,GravityFlip,1.00,64.6,0
190.75,Utility Enemy 5,Utility,TakeCoverAction,GravityFlip,1.00,71.7,0
190.75,Utility Enemy 3,Utility,TakeCoverAction,GravityFlip,1.00,63.2,0
190.75,Utility Enemy 7,Utility,TakeCoverAction,GravityFlip,0.50,66.9,0
190.75,Utility Enemy 14,Utility,TakeCoverAction,GravityFlip,1.00,64.1,0
190.75,Utility Enemy 2,Utility,Dead,GravityFlip,0.00,38.5,0
190.75,Utility Enemy 13,Utility,TakeCoverAction,GravityFlip,1.00,85.3,0
191.25,Player,Player,-,GravityFlip,0.09,,0
191.25,FSM Enemy 6,FSM,TakeCoverState,GravityFlip,0.20,75.5,0
191.25,FSM Enemy 12,FSM,TakeCoverState,GravityFlip,0.90,76.8,0
191.25,FSM Enemy 4,FSM,TakeCoverState,GravityFlip,1.00,60.3,0
191.25,FSM Enemy 2,FSM,TakeCoverState,GravityFlip,1.00,83.8,0
191.25,FSM Enemy 13,FSM,TakeCoverState,GravityFlip,0.80,105.7,0
191.25,FSM Enemy 10,FSM,TakeCoverState,GravityFlip,1.00,59.6,0
191.25,FSM Enemy 3,FSM,Dead,GravityFlip,0.00,45.0,0
191.25,FSM Enemy 1,FSM,TakeCoverState,GravityFlip,0.75,60.1,0
191.25,FSM Enemy 14,FSM,TakeCoverState,GravityFlip,1.00,35.7,0
191.25,FSM Enemy 8,FSM,TakeCoverState,GravityFlip,0.80,61.3,0
191.25,FSM Enemy 11,FSM,TakeCoverState,GravityFlip,0.40,116.2,0
191.25,FSM Enemy 15,FSM,TakeCoverState,GravityFlip,0.70,92.1,0
191.25,FSM Enemy 7,FSM,TakeCoverState,GravityFlip,1.00,110.8,0
191.25,FSM Enemy 5,FSM,TakeCoverState,GravityFlip,0.80,87.2,0
191.25,FSM Enemy 9,FSM,TakeCoverState,GravityFlip,0.90,65.1,0
191.25,Utility Enemy 10,Utility,TakeCoverAction,GravityFlip,1.00,65.0,0
191.25,Utility Enemy 8,Utility,TakeCoverAction,GravityFlip,1.00,64.9,0
191.25,Utility Enemy 6,Utility,TakeCoverAction,GravityFlip,1.00,114.9,0
191.25,Utility Enemy 4,Utility,TakeCoverAction,GravityFlip,1.00,82.2,0
191.25,Utility Enemy 11,Utility,TakeCoverAction,GravityFlip,1.00,41.6,0
191.25,Utility Enemy 15,Utility,TakeCoverAction,GravityFlip,1.00,37.3,0
191.25,Utility Enemy 1,Utility,TakeCoverAction,GravityFlip,0.25,49.1,0
191.25,Utility Enemy 12,Utility,TakeCoverAction,GravityFlip,1.00,67.7,0
191.25,Utility Enemy 9,Utility,TakeCoverAction,GravityFlip,1.00,64.5,0
191.25,Utility Enemy 5,Utility,TakeCoverAction,GravityFlip,1.00,71.7,0
191.25,Utility Enemy 3,Utility,TakeCoverAction,GravityFlip,1.00,63.6,0
191.25,Utility Enemy 7,Utility,TakeCoverAction,GravityFlip,0.50,65.8,0
191.25,Utility Enemy 14,Utility,TakeCoverAction,GravityFlip,1.00,64.5,0
191.25,Utility Enemy 2,Utility,Dead,GravityFlip,0.00,38.5,0
191.25,Utility Enemy 13,Utility,TakeCoverAction,GravityFlip,1.00,83.3,0
191.75,Player,Player,-,GravityFlip,0.09,,0
191.75,FSM Enemy 6,FSM,TakeCoverState,GravityFlip,0.20,74.5,0
191.75,FSM Enemy 12,FSM,TakeCoverState,GravityFlip,0.90,75.5,0
191.75,FSM Enemy 4,FSM,TakeCoverState,GravityFlip,1.00,60.0,0
191.75,FSM Enemy 2,FSM,TakeCoverState,GravityFlip,1.00,86.0,0
191.75,FSM Enemy 13,FSM,TakeCoverState,GravityFlip,0.80,105.8,0
191.75,FSM Enemy 10,FSM,TakeCoverState,GravityFlip,1.00,58.6,0
191.75,FSM Enemy 3,FSM,Dead,GravityFlip,0.00,45.0,0
191.75,FSM Enemy 1,FSM,TakeCoverState,GravityFlip,0.75,59.8,0
191.75,FSM Enemy 14,FSM,TakeCoverState,GravityFlip,1.00,35.4,0
191.75,FSM Enemy 8,FSM,TakeCoverState,GravityFlip,0.80,61.0,0
191.75,FSM Enemy 11,FSM,TakeCoverState,GravityFlip,0.40,116.2,0
191.75,FSM Enemy 15,FSM,TakeCoverState,GravityFlip,0.70,94.3,0
191.75,FSM Enemy 7,FSM,TakeCoverState,GravityFlip,1.00,111.9,0
191.75,FSM Enemy 5,FSM,TakeCoverState,GravityFlip,0.80,87.1,0
191.75,FSM Enemy 9,FSM,TakeCoverState,GravityFlip,0.90,64.9,0
191.75,Utility Enemy 10,Utility,TakeCoverAction,GravityFlip,1.00,64.7,0
191.75,Utility Enemy 8,Utility,TakeCoverAction,GravityFlip,1.00,64.0,0
191.75,Utility Enemy 6,Utility,TakeCoverAction,GravityFlip,1.00,112.8,0
191.75,Utility Enemy 4,Utility,TakeCoverAction,GravityFlip,1.00,80.4,0
191.75,Utility Enemy 11,Utility,TakeCoverAction,GravityFlip,1.00,41.5,0
191.75,Utility Enemy 15,Utility,TakeCoverAction,GravityFlip,1.00,37.3,0
191.75,Utility Enemy 1,Utility,TakeCoverAction,GravityFlip,0.25,49.1,0
191.75,Utility Enemy 12,Utility,TakeCoverAction,GravityFlip,1.00,69.8,0
191.75,Utility Enemy 9,Utility,TakeCoverAction,GravityFlip,1.00,63.2,0
191.75,Utility Enemy 5,Utility,TakeCoverAction,GravityFlip,1.00,71.7,0
191.75,Utility Enemy 3,Utility,TakeCoverAction,GravityFlip,1.00,64.6,0
191.75,Utility Enemy 7,Utility,TakeCoverAction,GravityFlip,0.50,65.8,0
191.75,Utility Enemy 14,Utility,TakeCoverAction,GravityFlip,1.00,64.8,0
191.75,Utility Enemy 2,Utility,Dead,GravityFlip,0.00,38.5,0
191.75,Utility Enemy 13,Utility,TakeCoverAction,GravityFlip,1.00,81.3,0
192.25,Player,Player,-,GravityFlip,0.09,,0
192.25,FSM Enemy 6,FSM,TakeCoverState,GravityFlip,0.20,74.5,0
192.25,FSM Enemy 12,FSM,TakeCoverState,GravityFlip,0.90,74.7,0
192.25,FSM Enemy 4,FSM,TakeCoverState,GravityFlip,1.00,60.0,0
192.25,FSM Enemy 2,FSM,TakeCoverState,GravityFlip,1.00,88.3,0
192.25,FSM Enemy 13,FSM,TakeCoverState,GravityFlip,0.80,105.8,0
192.25,FSM Enemy 10,FSM,TakeCoverState,GravityFlip,1.00,58.6,0
192.25,FSM Enemy 3,FSM,Dead,GravityFlip,0.00,45.0,0
192.25,FSM Enemy 1,FSM,TakeCoverState,GravityFlip,0.75,59.8,0
192.25,FSM Enemy 14,FSM,TakeCoverState,GravityFlip,1.00,35.3,0
192.25,FSM Enemy 8,FSM,TakeCoverState,GravityFlip,0.80,61.0,0
192.25,FSM Enemy 11,FSM,TakeCoverState,GravityFlip,0.40,116.2,0
192.25,FSM Enemy 15,FSM,TakeCoverState,GravityFlip,0.70,96.4,0
192.25,FSM Enemy 7,FSM,TakeCoverState,GravityFlip,1.00,111.9,0
192.25,FSM Enemy 5,FSM,TakeCoverState,GravityFlip,0.80,87.7,0
192.25,FSM Enemy 9,FSM,TakeCoverState,GravityFlip,0.90,64.9,0
192.25,Utility Enemy 10,Utility,TakeCoverAction,GravityFlip,1.00,64.7,0
192.25,Utility Enemy 8,Utility,TakeCoverAction,GravityFlip,1.00,63.3,0
192.25,Utility Enemy 6,Utility,TakeCoverAction,GravityFlip,1.00,111.1,0
192.25,Utility Enemy 4,Utility,TakeCoverAction,GravityFlip,1.00,78.6,0
192.25,Utility Enemy 11,Utility,TakeCoverAction,GravityFlip,1.00,41.5,0
192.25,Utility Enemy 15,Utility,TakeCoverAction,GravityFlip,1.00,37.3,0
192.25,Utility Enemy 1,Utility,TakeCoverAction,GravityFlip,0.25,49.1,0
192.25,Utility Enemy 12,Utility,TakeCoverAction,GravityFlip,1.00,70.7,0
192.25,Utility Enemy 9,Utility,TakeCoverAction,GravityFlip,1.00,62.9,0
192.25,Utility Enemy 5,Utility,TakeCoverAction,GravityFlip,1.00,71.7,0
192.25,Utility Enemy 3,Utility,TakeCoverAction,GravityFlip,1.00,64.8,0
192.25,Utility Enemy 7,Utility,TakeCoverAction,GravityFlip,0.50,65.8,0
192.25,Utility Enemy 14,Utility,TakeCoverAction,GravityFlip,1.00,64.2,0
192.25,Utility Enemy 2,Utility,Dead,GravityFlip,0.00,38.5,0
192.25,Utility Enemy 13,Utility,TakeCoverAction,GravityFlip,1.00,79.4,0
192.76,Player,Player,-,GravityFlip,0.09,,0
192.76,FSM Enemy 6,FSM,TakeCoverState,GravityFlip,0.20,74.5,0
192.76,FSM Enemy 12,FSM,TakeCoverState,GravityFlip,0.90,74.7,0
192.76,FSM Enemy 4,FSM,TakeCoverState,GravityFlip,1.00,60.0,0
192.76,FSM Enemy 2,FSM,TakeCoverState,GravityFlip,1.00,89.3,0
192.76,FSM Enemy 13,FSM,TakeCoverState,GravityFlip,0.80,105.8,0
192.76,FSM Enemy 10,FSM,TakeCoverState,GravityFlip,1.00,58.6,0
192.76,FSM Enemy 3,FSM,Dead,GravityFlip,0.00,45.0,0
192.76,FSM Enemy 1,FSM,TakeCoverState,GravityFlip,0.75,59.8,0
192.76,FSM Enemy 14,FSM,TakeCoverState,GravityFlip,1.00,35.3,0
192.76,FSM Enemy 8,FSM,TakeCoverState,GravityFlip,0.80,61.0,0
192.76,FSM Enemy 11,FSM,TakeCoverState,GravityFlip,0.40,116.2,0
192.76,FSM Enemy 15,FSM,TakeCoverState,GravityFlip,0.70,96.9,0
192.76,FSM Enemy 7,FSM,TakeCoverState,GravityFlip,1.00,111.9,0
192.76,FSM Enemy 5,FSM,TakeCoverState,GravityFlip,0.80,88.3,0
192.76,FSM Enemy 9,FSM,TakeCoverState,GravityFlip,0.90,64.9,0
192.76,Utility Enemy 10,Utility,TakeCoverAction,GravityFlip,1.00,64.7,0
192.76,Utility Enemy 8,Utility,TakeCoverAction,GravityFlip,1.00,62.8,0
192.76,Utility Enemy 6,Utility,TakeCoverAction,GravityFlip,1.00,110.5,0
192.76,Utility Enemy 4,Utility,TakeCoverAction,GravityFlip,1.00,77.8,0
192.76,Utility Enemy 11,Utility,TakeCoverAction,GravityFlip,1.00,41.5,0
192.76,Utility Enemy 15,Utility,TakeCoverAction,GravityFlip,1.00,37.3,0
192.76,Utility Enemy 1,Utility,TakeCoverAction,GravityFlip,0.25,49.1,0
192.76,Utility Enemy 12,Utility,TakeCoverAction,GravityFlip,1.00,70.7,0
192.76,Utility Enemy 9,Utility,TakeCoverAction,GravityFlip,1.00,63.0,0
192.76,Utility Enemy 5,Utility,TakeCoverAction,GravityFlip,1.00,71.7,0
192.76,Utility Enemy 3,Utility,TakeCoverAction,GravityFlip,1.00,64.6,0
192.76,Utility Enemy 7,Utility,TakeCoverAction,GravityFlip,0.50,65.8,0
192.76,Utility Enemy 14,Utility,TakeCoverAction,GravityFlip,1.00,63.7,0
192.76,Utility Enemy 2,Utility,Dead,GravityFlip,0.00,38.5,0
192.76,Utility Enemy 13,Utility,TakeCoverAction,GravityFlip,1.00,79.2,0
193.26,Player,Player,-,GravityFlip,0.09,,0
193.26,FSM Enemy 6,FSM,TakeCoverState,GravityFlip,0.20,74.5,0
193.26,FSM Enemy 12,FSM,TakeCoverState,GravityFlip,0.90,74.7,0
193.26,FSM Enemy 4,FSM,TakeCoverState,GravityFlip,1.00,60.0,0
193.26,FSM Enemy 2,FSM,TakeCoverState,GravityFlip,1.00,89.3,0
193.26,FSM Enemy 13,FSM,TakeCoverState,GravityFlip,0.80,105.8,0
193.26,FSM Enemy 10,FSM,TakeCoverState,GravityFlip,1.00,58.6,0
193.26,FSM Enemy 3,FSM,Dead,GravityFlip,0.00,45.0,0
193.26,FSM Enemy 1,FSM,TakeCoverState,GravityFlip,0.75,59.8,0
193.26,FSM Enemy 14,FSM,TakeCoverState,GravityFlip,1.00,35.3,0
193.26,FSM Enemy 8,FSM,TakeCoverState,GravityFlip,0.80,61.0,0
193.26,FSM Enemy 11,FSM,TakeCoverState,GravityFlip,0.40,116.2,0
193.26,FSM Enemy 15,FSM,TakeCoverState,GravityFlip,0.70,96.9,0
193.26,FSM Enemy 7,FSM,TakeCoverState,GravityFlip,1.00,111.9,0
193.26,FSM Enemy 5,FSM,TakeCoverState,GravityFlip,0.80,88.3,0
193.26,FSM Enemy 9,FSM,TakeCoverState,GravityFlip,0.90,64.9,0
193.26,Utility Enemy 10,Utility,TakeCoverAction,GravityFlip,1.00,64.7,0
193.26,Utility Enemy 8,Utility,TakeCoverAction,GravityFlip,1.00,62.3,0
193.26,Utility Enemy 6,Utility,TakeCoverAction,GravityFlip,1.00,112.0,0
193.26,Utility Enemy 4,Utility,TakeCoverAction,GravityFlip,1.00,77.8,0
193.26,Utility Enemy 11,Utility,TakeCoverAction,GravityFlip,1.00,41.5,0
193.26,Utility Enemy 15,Utility,TakeCoverAction,GravityFlip,1.00,37.3,0
193.26,Utility Enemy 1,Utility,TakeCoverAction,GravityFlip,0.25,49.1,0
193.26,Utility Enemy 12,Utility,TakeCoverAction,GravityFlip,1.00,70.7,0
193.26,Utility Enemy 9,Utility,TakeCoverAction,GravityFlip,1.00,63.0,0
193.26,Utility Enemy 5,Utility,TakeCoverAction,GravityFlip,1.00,71.7,0
193.26,Utility Enemy 3,Utility,TakeCoverAction,GravityFlip,1.00,64.2,0
193.26,Utility Enemy 7,Utility,TakeCoverAction,GravityFlip,0.50,65.8,0
193.26,Utility Enemy 14,Utility,TakeCoverAction,GravityFlip,1.00,63.1,0
193.26,Utility Enemy 2,Utility,TakeCoverAction,GravityFlip,1.00,56.8,0
193.26,Utility Enemy 13,Utility,TakeCoverAction,GravityFlip,1.00,79.2,0
193.77,Player,Player,-,GravityFlip,0.09,,0
193.77,FSM Enemy 6,FSM,TakeCoverState,GravityFlip,0.20,72.4,0
193.77,FSM Enemy 12,FSM,TakeCoverState,GravityFlip,0.90,72.6,0
193.77,FSM Enemy 4,FSM,TakeCoverState,GravityFlip,1.00,57.9,0
193.77,FSM Enemy 2,FSM,TakeCoverState,GravityFlip,1.00,87.2,0
193.77,FSM Enemy 13,FSM,TakeCoverState,GravityFlip,0.80,104.3,0
193.77,FSM Enemy 10,FSM,TakeCoverState,GravityFlip,1.00,57.7,0
193.77,FSM Enemy 3,FSM,Dead,GravityFlip,0.00,44.8,0
193.77,FSM Enemy 1,FSM,TakeCoverState,GravityFlip,0.75,58.9,0
193.77,FSM Enemy 14,FSM,TakeCoverState,GravityFlip,1.00,33.8,0
193.77,FSM Enemy 8,FSM,TakeCoverState,GravityFlip,0.80,59.4,0
193.77,FSM Enemy 11,FSM,TakeCoverState,GravityFlip,0.40,114.4,0
193.77,FSM Enemy 15,FSM,TakeCoverState,GravityFlip,0.70,95.2,0
193.77,FSM Enemy 7,FSM,TakeCoverState,GravityFlip,1.00,110.1,0
193.77,FSM Enemy 5,FSM,TakeCoverState,GravityFlip,0.80,87.3,0
193.77,FSM Enemy 9,FSM,TakeCoverState,GravityFlip,0.90,63.0,0
193.77,Utility Enemy 10,Utility,TakeCoverAction,GravityFlip,1.00,62.8,0
193.77,Utility Enemy 8,Utility,TakeCoverAction,GravityFlip,1.00,60.6,0
193.77,Utility Enemy 6,Utility,TakeCoverAction,GravityFlip,1.00,110.6,0
193.77,Utility Enemy 4,Utility,TakeCoverAction,GravityFlip,1.00,77.0,0
193.77,Utility Enemy 11,Utility,TakeCoverAction,GravityFlip,1.00,39.5,0
193.77,Utility Enemy 15,Utility,TakeCoverAction,GravityFlip,1.00,35.7,0
193.77,Utility Enemy 1,Utility,TakeCoverAction,GravityFlip,0.25,47.1,0
193.77,Utility Enemy 12,Utility,TakeCoverAction,GravityFlip,1.00,68.9,0
193.77,Utility Enemy 9,Utility,TakeCoverAction,GravityFlip,1.00,61.4,0
193.77,Utility Enemy 5,Utility,TakeCoverAction,GravityFlip,1.00,70.5,0
193.77,Utility Enemy 3,Utility,TakeCoverAction,GravityFlip,1.00,62.1,0
193.77,Utility Enemy 7,Utility,TakeCoverAction,GravityFlip,0.50,63.8,0
193.77,Utility Enemy 14,Utility,TakeCoverAction,GravityFlip,1.00,60.2,0
193.77,Utility Enemy 2,Utility,TakeCoverAction,GravityFlip,1.00,55.8,0
193.77,Utility Enemy 13,Utility,TakeCoverAction,GravityFlip,1.00,77.3,0
194.28,Player,Player,-,GravityFlip,0.09,,0
194.28,FSM Enemy 6,FSM,TakeCoverState,GravityFlip,0.20,70.4,0
194.28,FSM Enemy 12,FSM,TakeCoverState,GravityFlip,0.90,70.6,0
194.28,FSM Enemy 4,FSM,TakeCoverState,GravityFlip,1.00,56.2,0
194.28,FSM Enemy 2,FSM,TakeCoverState,GravityFlip,1.00,85.1,0
194.28,FSM Enemy 13,FSM,TakeCoverState,GravityFlip,0.80,102.3,0
194.28,FSM Enemy 10,FSM,TakeCoverState,GravityFlip,1.00,56.4,0
194.28,FSM Enemy 3,FSM,Dead,GravityFlip,0.00,44.3,0
194.28,FSM Enemy 1,FSM,TakeCoverState,GravityFlip,0.75,57.6,0
194.28,FSM Enemy 14,FSM,TakeCoverState,GravityFlip,1.00,32.3,0
194.28,FSM Enemy 8,FSM,TakeCoverState,GravityFlip,0.80,57.6,0
194.28,FSM Enemy 11,FSM,TakeCoverState,GravityFlip,0.40,112.3,0
194.28,FSM Enemy 15,FSM,TakeCoverState,GravityFlip,0.70,93.1,0
194.28,FSM Enemy 7,FSM,TakeCoverState,GravityFlip,1.00,107.9,0
194.28,FSM Enemy 5,FSM,TakeCoverState,GravityFlip,0.80,85.8,0
194.28,FSM Enemy 9,FSM,TakeCoverState,GravityFlip,0.90,60.9,0
194.28,Utility Enemy 10,Utility,TakeCoverAction,GravityFlip,1.00,60.7,0
194.28,Utility Enemy 8,Utility,TakeCoverAction,GravityFlip,1.00,58.7,0
194.28,Utility Enemy 6,Utility,TakeCoverAction,GravityFlip,1.00,108.5,0
194.28,Utility Enemy 4,Utility,TakeCoverAction,GravityFlip,1.00,75.8,0
194.28,Utility Enemy 11,Utility,TakeCoverAction,GravityFlip,1.00,37.7,0
194.28,Utility Enemy 15,Utility,TakeCoverAction,GravityFlip,1.00,34.2,0
194.28,Utility Enemy 1,Utility,TakeCoverAction,GravityFlip,0.25,45.2,0
194.28,Utility Enemy 12,Utility,TakeCoverAction,GravityFlip,1.00,66.8,0
194.28,Utility Enemy 9,Utility,TakeCoverAction,GravityFlip,1.00,59.5,0
194.28,Utility Enemy 5,Utility,TakeCoverAction,GravityFlip,1.00,68.9,0
194.28,Utility Enemy 3,Utility,TakeCoverAction,GravityFlip,1.00,59.1,0
194.28,Utility Enemy 7,Utility,TakeCoverAction,GravityFlip,0.50,61.7,0
194.28,Utility Enemy 14,Utility,TakeCoverAction,GravityFlip,1.00,57.5,0
194.28,Utility Enemy 2,Utility,TakeCoverAction,GravityFlip,1.00,54.3,0
194.28,Utility Enemy 13,Utility,TakeCoverAction,GravityFlip,1.00,75.2,0
194.78,Player,Player,-,GravityFlip,0.09,,0
194.78,FSM Enemy 6,FSM,TakeCoverState,GravityFlip,0.20,68.3,0
194.78,FSM Enemy 12,FSM,TakeCoverState,GravityFlip,0.90,68.7,0
194.78,FSM Enemy 4,FSM,TakeCoverState,GravityFlip,1.00,54.4,0
194.78,FSM Enemy 2,FSM,TakeCoverState,GravityFlip,1.00,83.1,0
194.78,FSM Enemy 13,FSM,TakeCoverState,GravityFlip,0.80,100.3,0
194.78,FSM Enemy 10,FSM,TakeCoverState,GravityFlip,1.00,54.8,0
194.78,FSM Enemy 3,FSM,Dead,GravityFlip,0.00,43.4,0
194.78,FSM Enemy 1,FSM,TakeCoverState,GravityFlip,0.75,56.1,0
194.78,FSM Enemy 14,FSM,TakeCoverState,GravityFlip,1.00,30.3,0
194.78,FSM Enemy 8,FSM,TakeCoverState,GravityFlip,0.80,55.6,0
194.78,FSM Enemy 11,FSM,TakeCoverState,GravityFlip,0.40,110.2,0
194.78,FSM Enemy 15,FSM,TakeCoverState,GravityFlip,0.70,91.0,0
194.78,FSM Enemy 7,FSM,TakeCoverState,GravityFlip,1.00,105.8,0
194.78,FSM Enemy 5,FSM,TakeCoverState,GravityFlip,0.80,84.2,0
194.78,FSM Enemy 9,FSM,TakeCoverState,GravityFlip,0.90,58.7,0
194.78,Utility Enemy 10,Utility,TakeCoverAction,GravityFlip,1.00,58.6,0
194.78,Utility Enemy 8,Utility,TakeCoverAction,GravityFlip,1.00,56.7,0
194.78,Utility Enemy 6,Utility,TakeCoverAction,GravityFlip,1.00,106.4,0
194.78,Utility Enemy 4,Utility,TakeCoverAction,GravityFlip,1.00,74.3,0
194.78,Utility Enemy 11,Utility,TakeCoverAction,GravityFlip,1.00,35.6,0
194.78,Utility Enemy 15,Utility,TakeCoverAction,GravityFlip,1.00,32.2,0
194.78,Utility Enemy 1,Utility,TakeCoverAction,GravityFlip,0.25,43.0,0
194.78,Utility Enemy 12,Utility,TakeCoverAction,GravityFlip,1.00,64.7,0
194.78,Utility Enemy 9,Utility,TakeCoverAction,GravityFlip,1.00,57.5,0
194.78,Utility Enemy 5,Utility,TakeCoverAction,GravityFlip,1.00,67.2,0
194.78,Utility Enemy 3,Utility,TakeCoverAction,GravityFlip,1.00,56.2,0
194.78,Utility Enemy 7,Utility,TakeCoverAction,GravityFlip,0.50,59.6,0
194.78,Utility Enemy 14,Utility,TakeCoverAction,GravityFlip,1.00,55.5,0
194.78,Utility Enemy 2,Utility,TakeCoverAction,GravityFlip,1.00,53.0,0
194.78,Utility Enemy 13,Utility,TakeCoverAction,GravityFlip,1.00,73.1,0
195.29,Player,Player,-,None,0.09,,0
195.29,FSM Enemy 6,FSM,PatrolState,None,0.20,65.9,0
195.29,FSM Enemy 12,FSM,PatrolState,None,0.90,66.5,0
195.29,FSM Enemy 4,FSM,PatrolState,None,1.00,52.2,0
195.29,FSM Enemy 2,FSM,PatrolState,None,1.00,80.9,0
195.29,FSM Enemy 13,FSM,PatrolState,None,0.80,98.2,0
195.29,FSM Enemy 10,FSM,PatrolState,None,1.00,52.9,0
195.29,FSM Enemy 3,FSM,Dead,None,0.00,41.9,0
195.29,FSM Enemy 1,FSM,PatrolState,None,0.75,54.2,0
195.29,FSM Enemy 14,FSM,PatrolState,None,1.00,27.5,0
195.29,FSM Enemy 8,FSM,PatrolState,None,0.80,53.2,0
195.29,FSM Enemy 11,FSM,PatrolState,None,0.40,107.9,0
195.29,FSM Enemy 15,FSM,PatrolState,None,0.70,88.7,0
195.29,FSM Enemy 7,FSM,PatrolState,None,1.00,103.6,0
195.29,FSM Enemy 5,FSM,PatrolState,None,0.80,82.3,0
195.29,FSM Enemy 9,FSM,PatrolState,None,0.90,56.2,0
195.29,Utility Enemy 10,Utility,TakeCoverAction,None,1.00,56.0,0
195.29,Utility Enemy 8,Utility,AttackAction,None,1.00,54.4,0
195.29,Utility Enemy 6,Utility,TakeCoverAction,None,1.00,104.2,0
195.29,Utility Enemy 4,Utility,TakeCoverAction,None,1.00,72.6,0
195.29,Utility Enemy 11,Utility,TakeCoverAction,None,1.00,32.8,0
195.29,Utility Enemy 15,Utility,AttackAction,None,1.00,29.4,0
195.29,Utility Enemy 1,Utility,TakeCoverAction,None,0.25,40.3,0
195.29,Utility Enemy 12,Utility,AttackAction,None,1.00,62.2,0
195.29,Utility Enemy 9,Utility,AttackAction,None,1.00,55.1,0
195.29,Utility Enemy 5,Utility,AttackAction,None,1.00,65.1,0
195.29,Utility Enemy 3,Utility,TakeCoverAction,None,1.00,53.6,0
195.29,Utility Enemy 7,Utility,AttackAction,None,0.50,57.0,0
195.29,Utility Enemy 14,Utility,TakeCoverAction,None,1.00,52.6,0
195.29,Utility Enemy 2,Utility,TakeCoverAction,None,1.00,51.2,0
195.29,Utility Enemy 13,Utility,AttackAction,None,1.00,70.7,0
195.79,Player,Player,-,None,0.09,,0
195.79,FSM Enemy 6,FSM,PatrolState,None,0.20,64.4,0
195.79,FSM Enemy 12,FSM,PatrolState,None,0.90,63.8,0
195.79,FSM Enemy 4,FSM,PatrolState,None,1.00,50.8,0
195.79,FSM Enemy 2,FSM,PatrolState,None,1.00,77.7,0
195.79,FSM Enemy 13,FSM,PatrolState,None,0.80,96.5,0
195.79,FSM Enemy 10,FSM,PatrolState,None,1.00,49.8,0
195.79,FSM Enemy 3,FSM,Dead,None,0.00,40.4,0
195.79,FSM Enemy 1,FSM,PatrolState,None,0.75,53.1,0
195.79,FSM Enemy 14,FSM,PatrolState,None,1.00,23.5,0
195.79,FSM Enemy 8,FSM,PatrolState,None,0.80,50.9,0
195.79,FSM Enemy 11,FSM,PatrolState,None,0.40,104.7,0
195.79,FSM Enemy 15,FSM,PatrolState,None,0.70,86.0,0
195.79,FSM Enemy 7,FSM,PatrolState,None,1.00,101.1,0
195.79,FSM Enemy 5,FSM,PatrolState,None,0.80,81.3,0
195.79,FSM Enemy 9,FSM,PatrolState,None,0.90,53.0,0
195.79,Utility Enemy 10,Utility,AttackAction,None,1.00,53.3,0
195.79,Utility Enemy 8,Utility,AttackAction,None,1.00,51.8,0
195.79,Utility Enemy 6,Utility,AttackAction,None,1.00,101.9,0
195.79,Utility Enemy 4,Utility,AttackAction,None,1.00,70.9,0
195.79,Utility Enemy 11,Utility,AttackAction,None,1.00,29.7,0
195.79,Utility Enemy 15,Utility,AttackAction,None,1.00,26.2,0
195.79,Utility Enemy 1,Utility,AttackAction,None,0.25,37.3,0
195.79,Utility Enemy 12,Utility,AttackAction,None,1.00,59.6,0
195.79,Utility Enemy 9,Utility,AttackAction,None,1.00,52.6,0
195.79,Utility Enemy 5,Utility,AttackAction,None,1.00,62.9,0
195.79,Utility Enemy 3,Utility,AttackAction,None,1.00,51.0,0
195.79,Utility Enemy 7,Utility,AttackAction,None,0.50,54.4,0
195.79,Utility Enemy 14,Utility,AttackAction,None,1.00,50.0,0
195.79,Utility Enemy 2,Utility,AttackAction,None,1.00,49.2,0
195.79,Utility Enemy 13,Utility,AttackAction,None,1.00,68.2,0
196.30,Player,Player,-,None,0.09,,0
196.30,FSM Enemy 6,FSM,PatrolState,None,0.20,63.9,0
196.30,FSM Enemy 12,FSM,PatrolState,None,0.90,62.1,0
196.30,FSM Enemy 4,FSM,PatrolState,None,1.00,50.9,0
196.30,FSM Enemy 2,FSM,PatrolState,None,1.00,75.2,0
196.30,FSM Enemy 13,FSM,PatrolState,None,0.80,96.0,0
196.30,FSM Enemy 10,FSM,PatrolState,None,1.00,47.6,0
196.30,FSM Enemy 3,FSM,Dead,None,0.00,39.8,0
196.30,FSM Enemy 1,FSM,PatrolState,None,0.75,53.4,0
196.30,FSM Enemy 14,FSM,PatrolState,None,1.00,20.9,0
196.30,FSM Enemy 8,FSM,PatrolState,None,0.80,49.9,0
196.30,FSM Enemy 11,FSM,PatrolState,None,0.40,102.2,0
196.30,FSM Enemy 15,FSM,PatrolState,None,0.70,84.3,0
196.30,FSM Enemy 7,FSM,PatrolState,None,1.00,99.6,0
196.30,FSM Enemy 5,FSM,PatrolState,None,0.80,81.4,0
196.30,FSM Enemy 9,FSM,PatrolState,None,0.80,50.8,0
196.30,Utility Enemy 10,Utility,AttackAction,None,1.00,51.9,0
196.30,Utility Enemy 8,Utility,AttackAction,None,1.00,50.4,0
196.30,Utility Enemy 6,Utility,AttackAction,None,1.00,100.7,0
196.30,Utility Enemy 4,Utility,AttackAction,None,1.00,70.0,0
196.30,Utility Enemy 11,Utility,AttackAction,None,0.25,28.2,0
196.30,Utility Enemy 15,Utility,AttackAction,None,1.00,24.7,0
196.30,Utility Enemy 1,Utility,AttackAction,None,0.25,35.8,0
196.30,Utility Enemy 12,Utility,AttackAction,None,1.00,58.3,0
196.30,Utility Enemy 9,Utility,AttackAction,None,1.00,51.2,0
196.30,Utility Enemy 5,Utility,AttackAction,None,1.00,61.8,0
196.30,Utility Enemy 3,Utility,AttackAction,None,1.00,49.6,0
196.30,Utility Enemy 7,Utility,AttackAction,None,0.50,53.0,0
196.30,Utility Enemy 14,Utility,AttackAction,None,1.00,48.7,0
196.30,Utility Enemy 2,Utility,AttackAction,None,1.00,48.3,0
196.30,Utility Enemy 13,Utility,AttackAction,None,1.00,66.8,0
196.80,Player,Player,-,None,0.09,,0
196.80,FSM Enemy 6,FSM,PatrolState,None,0.20,64.2,0
196.80,FSM Enemy 12,FSM,PatrolState,None,0.90,61.2,0
196.80,FSM Enemy 4,FSM,PatrolState,None,1.00,51.7,0
196.80,FSM Enemy 2,FSM,PatrolState,None,1.00,73.5,0
196.80,FSM Enemy 13,FSM,PatrolState,None,0.80,96.3,0
196.80,FSM Enemy 10,FSM,PatrolState,None,1.00,46.1,0
196.80,FSM Enemy 3,FSM,Dead,None,0.00,39.7,0
196.80,FSM Enemy 1,FSM,PatrolState,None,0.75,54.1,0
196.80,FSM Enemy 14,FSM,PatrolState,None,1.00,19.6,0
196.80,FSM Enemy 8,FSM,PatrolState,None,0.80,49.5,0
196.80,FSM Enemy 11,FSM,PatrolState,None,0.40,100.5,0
196.80,FSM Enemy 15,FSM,PatrolState,None,0.70,83.4,0
196.80,FSM Enemy 7,FSM,PatrolState,None,1.00,99.0,0
196.80,FSM Enemy 5,FSM,PatrolState,None,0.80,81.8,0
196.80,FSM Enemy 9,FSM,PatrolState,None,0.80,49.7,0
196.80,Utility Enemy 10,Utility,AttackAction,None,1.00,51.4,0
196.80,Utility Enemy 8,Utility,AttackAction,None,1.00,50.0,0
196.80,Utility Enemy 6,Utility,AttackAction,None,1.00,100.2,0
196.80,Utility Enemy 4,Utility,AttackAction,None,1.00,69.7,0
196.80,Utility Enemy 11,Utility,Dead,None,0.00,27.8,0
196.80,Utility Enemy 15,Utility,AttackAction,None,1.00,24.3,0
196.80,Utility Enemy 1,Utility,AttackAction,None,0.25,35.4,0
196.80,Utility Enemy 12,Utility,AttackAction,None,1.00,57.8,0
196.80,Utility Enemy 9,Utility,AttackAction,None,1.00,50.8,0
196.80,Utility Enemy 5,Utility,AttackAction,None,1.00,61.5,0
196.80,Utility Enemy 3,Utility,AttackAction,None,1.00,49.2,0
196.80,Utility Enemy 7,Utility,AttackAction,None,0.50,52.5,0
196.80,Utility Enemy 14,Utility,AttackAction,None,1.00,48.3,0
196.80,Utility Enemy 2,Utility,AttackAction,None,1.00,48.0,0
196.80,Utility Enemy 13,Utility,AttackAction,None,1.00,66.3,0
197.30,Player,Player,-,None,0.09,,0
197.30,FSM Enemy 6,FSM,PatrolState,None,0.20,64.8,0
197.30,FSM Enemy 12,FSM,PatrolState,None,0.90,61.1,0
197.30,FSM Enemy 4,FSM,PatrolState,None,1.00,52.9,0
197.30,FSM Enemy 2,FSM,PatrolState,None,1.00,72.2,0
197.30,FSM Enemy 13,FSM,PatrolState,None,0.80,97.0,0
197.30,FSM Enemy 10,FSM,PatrolState,None,1.00,44.8,0
197.30,FSM Enemy 3,FSM,Dead,None,0.00,39.7,0
197.30,FSM Enemy 1,FSM,PatrolState,None,0.75,55.2,0
197.30,FSM Enemy 14,FSM,AttackState,None,1.00,17.9,1
197.30,FSM Enemy 8,FSM,PatrolState,None,0.80,49.4,0
197.30,FSM Enemy 11,FSM,PatrolState,None,0.40,99.3,0
197.30,FSM Enemy 15,FSM,PatrolState,None,0.70,83.0,0
197.30,FSM Enemy 7,FSM,PatrolState,None,1.00,98.9,0
197.30,FSM Enemy 5,FSM,PatrolState,None,0.80,82.5,0
197.30,FSM Enemy 9,FSM,PatrolState,None,0.80,49.1,0
197.30,Utility Enemy 10,Utility,AttackAction,None,1.00,51.4,0
197.30,Utility Enemy 8,Utility,AttackAction,None,1.00,50.0,0
197.30,Utility Enemy 6,Utility,AttackAction,None,1.00,100.2,0
197.30,Utility Enemy 4,Utility,AttackAction,None,1.00,69.7,0
197.30,Utility Enemy 11,Utility,Dead,None,0.00,27.8,0
197.30,Utility Enemy 15,Utility,AttackAction,None,1.00,24.3,0
197.30,Utility Enemy 1,Utility,AttackAction,None,0.25,35.4,0
197.30,Utility Enemy 12,Utility,AttackAction,None,1.00,57.8,0
197.30,Utility Enemy 9,Utility,AttackAction,None,1.00,50.8,0
197.30,Utility Enemy 5,Utility,AttackAction,None,1.00,61.5,0
197.30,Utility Enemy 3,Utility,AttackAction,None,1.00,49.2,0
197.30,Utility Enemy 7,Utility,AttackAction,None,0.50,52.5,0
197.30,Utility Enemy 14,Utility,AttackAction,None,1.00,48.3,0
197.30,Utility Enemy 2,Utility,AttackAction,None,1.00,48.0,0
197.30,Utility Enemy 13,Utility,AttackAction,None,1.00,66.3,0
197.81,Player,Player,-,None,0.09,,0
197.81,FSM Enemy 6,FSM,PatrolState,None,0.20,64.6,0
197.81,FSM Enemy 12,FSM,PatrolState,None,0.90,61.4,0
197.81,FSM Enemy 4,FSM,PatrolState,None,1.00,52.7,0
197.81,FSM Enemy 2,FSM,PatrolState,None,1.00,70.1,0
197.81,FSM Enemy 13,FSM,PatrolState,None,0.80,97.1,0
197.81,FSM Enemy 10,FSM,PatrolState,None,1.00,43.2,0
197.81,FSM Enemy 3,FSM,Dead,None,0.00,39.8,0
197.81,FSM Enemy 1,FSM,PatrolState,None,0.75,55.9,0
197.81,FSM Enemy 14,FSM,AttackState,None,1.00,16.4,1
197.81,FSM Enemy 8,FSM,PatrolState,None,0.80,48.7,0
197.81,FSM Enemy 11,FSM,PatrolState,None,0.40,97.3,0
197.81,FSM Enemy 15,FSM,PatrolState,None,0.70,81.9,0
197.81,FSM Enemy 7,FSM,PatrolState,None,1.00,98.0,0
197.81,FSM Enemy 5,FSM,PatrolState,None,0.80,82.9,0
197.81,FSM Enemy 9,FSM,PatrolState,None,0.80,47.8,0
197.81,Utility Enemy 10,Utility,AttackAction,None,1.00,50.6,0
197.81,Utility Enemy 8,Utility,AttackAction,None,1.00,49.3,0
197.81,Utility Enemy 6,Utility,AttackAction,None,1.00,99.5,0
197.81,Utility Enemy 4,Utility,AttackAction,None,1.00,69.4,0
197.81,Utility Enemy 11,Utility,Dead,None,0.00,26.9,0
197.81,Utility Enemy 15,Utility,AttackAction,None,1.00,23.7,0
197.81,Utility Enemy 1,Utility,AttackAction,None,0.25,34.5,0
197.81,Utility Enemy 12,Utility,AttackAction,None,1.00,57.0,0
197.81,Utility Enemy 9,Utility,AttackAction,None,1.00,50.1,0
197.81,Utility Enemy 5,Utility,AttackAction,None,1.00,61.0,0
197.81,Utility Enemy 3,Utility,AttackAction,None,1.00,48.5,0
197.81,Utility Enemy 7,Utility,AttackAction,None,0.50,51.6,0
197.81,Utility Enemy 14,Utility,AttackAction,None,1.00,47.6,0
197.81,Utility Enemy 2,Utility,AttackAction,None,1.00,47.8,0
197.81,Utility Enemy 13,Utility,AttackAction,None,1.00,65.5,0
198.31,Player,Player,-,None,0.04,,0
198.31,FSM Enemy 6,FSM,PatrolState,None,0.20,63.8,0
198.31,FSM Enemy 12,FSM,PatrolState,None,0.90,60.9,0
198.31,FSM Enemy 4,FSM,PatrolState,None,1.00,50.0,0
198.31,FSM Enemy 2,FSM,PatrolState,None,1.00,67.1,0
198.31,FSM Enemy 13,FSM,PatrolState,None,0.80,95.2,0
198.31,FSM Enemy 10,FSM,PatrolState,None,1.00,40.8,0
198.31,FSM Enemy 3,FSM,Dead,None,0.00,39.4,0
198.31,FSM Enemy 1,FSM,PatrolState,None,0.75,55.9,0
198.31,FSM Enemy 14,FSM,AttackState,None,1.00,14.7,1
198.31,FSM Enemy 8,FSM,PatrolState,None,0.80,47.1,0
198.31,FSM Enemy 11,FSM,PatrolState,None,0.40,94.2,0
198.31,FSM Enemy 15,FSM,PatrolState,None,0.70,79.7,0
198.31,FSM Enemy 7,FSM,PatrolState,None,1.00,96.1,0
198.31,FSM Enemy 5,FSM,PatrolState,None,0.80,82.3,0
198.31,FSM Enemy 9,FSM,PatrolState,None,0.80,45.3,0
198.31,Utility Enemy 10,Utility,AttackAction,None,1.00,48.7,0
198.31,Utility Enemy 8,Utility,AttackAction,None,1.00,47.5,0
198.31,Utility Enemy 6,Utility,AttackAction,None,1.00,97.6,0
198.31,Utility Enemy 4,Utility,AttackAction,None,1.00,68.2,0
198.31,Utility Enemy 11,Utility,Dead,None,0.00,25.1,0
198.31,Utility Enemy 15,Utility,AttackAction,None,1.00,22.0,0
198.31,Utility Enemy 1,Utility,AttackAction,None,0.25,32.6,0
198.31,Utility Enemy 12,Utility,AttackAction,None,1.00,55.1,0
198.31,Utility Enemy 9,Utility,AttackAction,None,1.00,48.3,0
198.31,Utility Enemy 5,Utility,AttackAction,None,1.00,59.5,0
198.31,Utility Enemy 3,Utility,AttackAction,None,1.00,46.7,0
198.31,Utility Enemy 7,Utility,AttackAction,None,0.50,49.7,0
198.31,Utility Enemy 14,Utility,AttackAction,None,1.00,45.8,0
198.31,Utility Enemy 2,Utility,AttackAction,None,1.00,46.7,0
198.31,Utility Enemy 13,Utility,AttackAction,None,1.00,63.6,0
198.81,Player,Player,-,None,0.04,,0
198.81,FSM Enemy 6,FSM,PatrolState,None,0.20,64.0,0
198.81,FSM Enemy 12,FSM,PatrolState,None,0.90,61.3,0
198.81,FSM Enemy 4,FSM,PatrolState,None,1.00,48.1,0
198.81,FSM Enemy 2,FSM,PatrolState,None,1.00,65.0,0
198.81,FSM Enemy 13,FSM,PatrolState,None,0.80,93.4,0
198.81,FSM Enemy 10,FSM,PatrolState,None,1.00,38.8,0
198.81,FSM Enemy 3,FSM,PatrolState,None,1.00,71.4,0
198.81,FSM Enemy 1,FSM,PatrolState,None,0.75,56.3,0
198.81,FSM Enemy 14,FSM,AttackState,None,0.75,13.7,1
198.81,FSM Enemy 8,FSM,PatrolState,None,0.80,46.3,0
198.81,FSM Enemy 11,FSM,PatrolState,None,0.40,92.0,0
198.81,FSM Enemy 15,FSM,PatrolState,None,0.70,78.2,0
198.81,FSM Enemy 7,FSM,PatrolState,None,0.90,95.3,0
198.81,FSM Enemy 5,FSM,PatrolState,None,0.80,81.8,0
198.81,FSM Enemy 9,FSM,PatrolState,None,0.80,43.8,0
198.81,Utility Enemy 10,Utility,AttackAction,None,1.00,47.7,0
198.81,Utility Enemy 8,Utility,AttackAction,None,1.00,46.6,0
198.81,Utility Enemy 6,Utility,AttackAction,None,1.00,96.6,0
198.81,Utility Enemy 4,Utility,AttackAction,None,1.00,67.6,0
198.81,Utility Enemy 11,Utility,Dead,None,0.00,24.2,0
198.81,Utility Enemy 15,Utility,AttackAction,None,1.00,21.1,0
198.81,Utility Enemy 1,Utility,AttackAction,None,0.25,31.6,0
198.81,Utility Enemy 12,Utility,AttackAction,None,1.00,54.1,0
198.81,Utility Enemy 9,Utility,AttackAction,None,1.00,47.4,0
198.81,Utility Enemy 5,Utility,AttackAction,None,1.00,58.7,0
198.81,Utility Enemy 3,Utility,AttackAction,None,1.00,45.7,0
198.81,Utility Enemy 7,Utility,AttackAction,None,0.50,48.7,0
198.81,Utility Enemy 14,Utility,AttackAction,None,1.00,44.8,0
198.81,Utility Enemy 2,Utility,AttackAction,None,1.00,46.1,0
198.81,Utility Enemy 13,Utility,AttackAction,None,1.00,62.6,0
199.31,Player,Player,-,None,0.00,,0
199.31,FSM Enemy 6,FSM,PatrolState,None,0.20,64.1,0
199.31,FSM Enemy 12,FSM,PatrolState,None,0.90,61.4,0
199.31,FSM Enemy 4,FSM,PatrolState,None,1.00,45.7,0
199.31,FSM Enemy 2,FSM,PatrolState,None,1.00,62.7,0
199.31,FSM Enemy 13,FSM,PatrolState,None,0.80,92.6,0
199.31,FSM Enemy 10,FSM,PatrolState,None,1.00,38.2,0
199.31,FSM Enemy 3,FSM,PatrolState,None,1.00,71.0,0
199.31,FSM Enemy 1,FSM,PatrolState,None,0.75,58.2,0
199.31,FSM Enemy 14,FSM,AttackState,None,0.75,13.8,1
199.31,FSM Enemy 8,FSM,PatrolState,None,0.80,46.7,0
199.31,FSM Enemy 11,FSM,PatrolState,None,0.40,91.4,0
199.31,FSM Enemy 15,FSM,PatrolState,None,0.70,77.3,0
199.31,FSM Enemy 7,FSM,PatrolState,None,0.90,95.4,0
199.31,FSM Enemy 5,FSM,PatrolState,None,0.80,81.2,0
199.31,FSM Enemy 9,FSM,PatrolState,None,0.70,43.1,0
199.31,Utility Enemy 10,Utility,AttackAction,None,1.00,47.2,0
199.31,Utility Enemy 8,Utility,AttackAction,None,1.00,46.6,0
199.31,Utility Enemy 6,Utility,AttackAction,None,1.00,96.5,0
199.31,Utility Enemy 4,Utility,AttackAction,None,1.00,68.2,0
199.31,Utility Enemy 11,Utility,Dead,None,0.00,23.2,0
199.31,Utility Enemy 15,Utility,AttackAction,None,1.00,21.3,0
199.31,Utility Enemy 1,Utility,AttackAction,None,0.25,31.0,0
199.31,Utility Enemy 12,Utility,AttackAction,None,1.00,53.8,0
199.31,Utility Enemy 9,Utility,AttackAction,None,1.00,47.4,0
199.31,Utility Enemy 5,Utility,AttackAction,None,1.00,59.1,0
199.31,Utility Enemy 3,Utility,AttackAction,None,1.00,45.7,0
199.31,Utility Enemy 7,Utility,AttackAction,None,0.50,48.1,0
199.31,Utility Enemy 14,Utility,AttackAction,None,1.00,44.8,0
199.31,Utility Enemy 2,Utility,AttackAction,None,1.00,46.8,0
199.31,Utility Enemy 13,Utility,AttackAction,None,1.00,62.3,0
