time,enemyId,aiType,action,activeGlitch,health,distToPlayer,canSeePlayer,playerHealth,damageDealt,topUtilityScore,secondScore,seed
0.00,Player,Player,-,None,1.00,,0,1.00,,,,83220968
0.00,FSM Enemy 12,FSM,PatrolState,None,1.00,38.1,0,1.00,0,,,83220968
0.00,FSM Enemy 7,FSM,PatrolState,None,1.00,28.1,0,1.00,0,,,83220968
0.00,FSM Enemy 15,FSM,PatrolState,None,1.00,28.5,0,1.00,0,,,83220968
0.00,FSM Enemy 9,FSM,PatrolState,None,1.00,33.4,0,1.00,0,,,83220968
0.00,FSM Enemy 2,FSM,PatrolState,None,1.00,89.4,0,1.00,0,,,83220968
0.00,FSM Enemy 10,FSM,PatrolState,None,1.00,66.4,0,1.00,0,,,83220968
0.00,FSM Enemy 11,FSM,PatrolState,None,1.00,37.9,0,1.00,0,,,83220968
0.00,FSM Enemy 13,FSM,PatrolState,None,1.00,49.2,0,1.00,0,,,83220968
0.00,FSM Enemy 8,FSM,PatrolState,None,1.00,48.1,0,1.00,0,,,83220968
0.00,FSM Enemy 1,FSM,PatrolState,None,1.00,89.4,0,1.00,0,,,83220968
0.00,FSM Enemy 14,FSM,PatrolState,None,1.00,75.0,0,1.00,0,,,83220968
0.00,FSM Enemy 3,FSM,PatrolState,None,1.00,82.0,0,1.00,0,,,83220968
0.00,FSM Enemy 6,FSM,PatrolState,None,1.00,28.1,0,1.00,0,,,83220968
0.00,FSM Enemy 5,FSM,PatrolState,None,1.00,69.3,0,1.00,0,,,83220968
0.00,FSM Enemy 4,FSM,PatrolState,None,1.00,48.9,0,1.00,0,,,83220968
0.00,Utility Enemy 7,Utility,PatrolAction,None,1.00,42.0,0,1.00,0,0.120,0.000,83220968
0.00,Utility Enemy 2,Utility,PatrolAction,None,1.00,84.4,0,1.00,0,0.120,0.000,83220968
0.00,Utility Enemy 6,Utility,PatrolAction,None,1.00,42.0,0,1.00,0,0.120,0.000,83220968
0.00,Utility Enemy 11,Utility,PatrolAction,None,1.00,33.7,0,1.00,0,0.120,0.000,83220968
0.00,Utility Enemy 9,Utility,PatrolAction,None,1.00,44.6,0,1.00,0,0.120,0.000,83220968
0.00,Utility Enemy 10,Utility,PatrolAction,None,1.00,30.2,0,1.00,0,0.120,0.000,83220968
0.00,Utility Enemy 1,Utility,PatrolAction,None,1.00,84.4,0,1.00,0,0.120,0.000,83220968
0.00,Utility Enemy 14,Utility,PatrolAction,None,1.00,50.6,0,1.00,0,0.120,0.000,83220968
0.00,Utility Enemy 12,Utility,PatrolAction,None,1.00,33.7,0,1.00,0,0.120,0.000,83220968
0.00,Utility Enemy 5,Utility,PatrolAction,None,1.00,84.0,0,1.00,0,0.120,0.000,83220968
0.00,Utility Enemy 4,Utility,PatrolAction,None,1.00,62.9,0,1.00,0,0.120,0.000,83220968
0.00,Utility Enemy 13,Utility,PatrolAction,None,1.00,50.6,0,1.00,0,0.120,0.000,83220968
0.00,Utility Enemy 8,Utility,PatrolAction,None,1.00,77.4,0,1.00,0,0.120,0.000,83220968
0.00,Utility Enemy 15,Utility,PatrolAction,None,1.00,80.1,0,1.00,0,0.120,0.000,83220968
0.00,Utility Enemy 3,Utility,PatrolAction,None,1.00,62.9,0,1.00,0,0.120,0.000,83220968
1.00,Player,Player,-,None,1.00,,0,1.00,,,,83220968
1.00,FSM Enemy 12,FSM,PatrolState,None,1.00,34.5,0,1.00,0,,,83220968
1.00,FSM Enemy 7,FSM,PatrolState,None,1.00,28.4,0,1.00,0,,,83220968
1.00,FSM Enemy 15,FSM,PatrolState,None,1.00,29.6,0,1.00,0,,,83220968
1.00,FSM Enemy 9,FSM,PatrolState,None,1.00,27.6,0,1.00,0,,,83220968
1.00,FSM Enemy 2,FSM,PatrolState,None,1.00,86.5,0,1.00,0,,,83220968
1.00,FSM Enemy 10,FSM,PatrolState,None,1.00,62.8,0,1.00,0,,,83220968
1.00,FSM Enemy 11,FSM,PatrolState,None,1.00,38.0,0,1.00,0,,,83220968
1.00,FSM Enemy 13,FSM,PatrolState,None,1.00,47.5,0,1.00,0,,,83220968
1.00,FSM Enemy 8,FSM,PatrolState,None,1.00,46.9,0,1.00,0,,,83220968
1.00,FSM Enemy 1,FSM,PatrolState,None,1.00,87.3,0,1.00,0,,,83220968
1.00,FSM Enemy 14,FSM,PatrolState,None,1.00,69.0,0,1.00,0,,,83220968
1.00,FSM Enemy 3,FSM,PatrolState,None,1.00,76.4,0,1.00,0,,,83220968
1.00,FSM Enemy 6,FSM,PatrolState,None,1.00,26.0,0,1.00,0,,,83220968
1.00,FSM Enemy 5,FSM,PatrolState,None,1.00,65.8,0,1.00,0,,,83220968
1.00,FSM Enemy 4,FSM,PatrolState,None,1.00,47.5,0,1.00,0,,,83220968
1.00,Utility Enemy 7,Utility,PatrolAction,None,1.00,37.1,0,1.00,0,0.120,0.000,83220968
1.00,Utility Enemy 2,Utility,PatrolAction,None,1.00,78.4,0,1.00,0,0.120,0.000,83220968
1.00,Utility Enemy 6,Utility,PatrolAction,None,1.00,43.3,0,1.00,0,0.120,0.000,83220968
1.00,Utility Enemy 11,Utility,PatrolAction,None,1.00,31.7,0,1.00,0,0.120,0.000,83220968
1.00,Utility Enemy 9,Utility,PatrolAction,None,1.00,45.5,0,1.00,0,0.120,0.000,83220968
1.00,Utility Enemy 10,Utility,PatrolAction,None,1.00,25.9,0,1.00,0,0.120,0.000,83220968
1.00,Utility Enemy 1,Utility,PatrolAction,None,1.00,82.5,0,1.00,0,0.120,0.000,83220968
1.00,Utility Enemy 14,Utility,PatrolAction,None,1.00,43.9,0,1.00,0,0.120,0.000,83220968
1.00,Utility Enemy 12,Utility,PatrolAction,None,1.00,31.3,0,1.00,0,0.120,0.000,83220968
1.00,Utility Enemy 5,Utility,PatrolAction,None,1.00,78.4,0,1.00,0,0.120,0.000,83220968
1.00,Utility Enemy 4,Utility,PatrolAction,None,1.00,58.6,0,1.00,0,0.120,0.000,83220968
1.00,Utility Enemy 13,Utility,PatrolAction,None,1.00,47.2,0,1.00,0,0.120,0.000,83220968
1.00,Utility Enemy 8,Utility,PatrolAction,None,1.00,79.2,0,1.00,0,0.120,0.000,83220968
1.00,Utility Enemy 15,Utility,PatrolAction,None,1.00,76.6,0,1.00,0,0.120,0.000,83220968
1.00,Utility Enemy 3,Utility,PatrolAction,None,1.00,60.9,0,1.00,0,0.120,0.000,83220968
2.00,Player,Player,-,None,1.00,,0,1.00,,,,83220968
2.00,FSM Enemy 12,FSM,PatrolState,None,1.00,29.3,0,1.00,0,,,83220968
2.00,FSM Enemy 7,FSM,PatrolState,None,1.00,30.0,0,1.00,0,,,83220968
2.00,FSM Enemy 15,FSM,PatrolState,None,1.00,32.8,0,1.00,0,,,83220968
2.00,FSM Enemy 9,FSM,PatrolState,None,1.00,23.7,0,1.00,0,,,83220968
2.00,FSM Enemy 2,FSM,PatrolState,None,1.00,84.4,0,1.00,0,,,83220968
2.00,FSM Enemy 10,FSM,PatrolState,None,1.00,60.3,0,1.00,0,,,83220968
2.00,FSM Enemy 11,FSM,PatrolState,None,1.00,40.6,0,1.00,0,,,83220968
2.00,FSM Enemy 13,FSM,PatrolState,None,1.00,47.8,0,1.00,0,,,83220968
2.00,FSM Enemy 8,FSM,PatrolState,None,1.00,47.4,0,1.00,0,,,83220968
2.00,FSM Enemy 1,FSM,PatrolState,None,1.00,86.9,0,1.00,0,,,83220968
2.00,FSM Enemy 14,FSM,PatrolState,None,1.00,62.9,0,1.00,0,,,83220968
2.00,FSM Enemy 3,FSM,PatrolState,None,1.00,71.9,0,1.00,0,,,83220968
2.00,FSM Enemy 6,FSM,PatrolState,None,1.00,22.2,0,1.00,0,,,83220968
2.00,FSM Enemy 5,FSM,PatrolState,None,1.00,64.0,0,1.00,0,,,83220968
2.00,FSM Enemy 4,FSM,PatrolState,None,1.00,45.9,0,1.00,0,,,83220968
2.00,Utility Enemy 7,Utility,PatrolAction,None,1.00,29.9,0,1.00,0,0.120,0.000,83220968
2.00,Utility Enemy 2,Utility,PatrolAction,None,1.00,71.0,0,1.00,0,0.120,0.000,83220968
2.00,Utility Enemy 6,Utility,PatrolAction,None,1.00,46.8,0,1.00,0,0.120,0.000,83220968
2.00,Utility Enemy 11,Utility,PatrolAction,None,1.00,30.8,0,1.00,0,0.120,0.000,83220968
2.00,Utility Enemy 9,Utility,PatrolAction,None,1.00,45.2,0,1.00,0,0.120,0.000,83220968
2.00,Utility Enemy 10,Utility,PatrolAction,None,1.00,24.5,0,1.00,0,0.120,0.000,83220968
2.00,Utility Enemy 1,Utility,PatrolAction,None,1.00,83.5,0,1.00,0,0.120,0.000,83220968
2.00,Utility Enemy 14,Utility,PatrolAction,None,1.00,37.3,0,1.00,0,0.120,0.000,83220968
2.00,Utility Enemy 12,Utility,PatrolAction,None,1.00,27.8,0,1.00,0,0.120,0.000,83220968
2.00,Utility Enemy 5,Utility,PatrolAction,None,1.00,73.5,0,1.00,0,0.120,0.000,83220968
2.00,Utility Enemy 4,Utility,PatrolAction,None,1.00,55.6,0,1.00,0,0.120,0.000,83220968
2.00,Utility Enemy 13,Utility,PatrolAction,None,1.00,50.7,0,1.00,0,0.120,0.000,83220968
2.00,Utility Enemy 8,Utility,PatrolAction,None,1.00,83.6,0,1.00,0,0.120,0.000,83220968
2.00,Utility Enemy 15,Utility,PatrolAction,None,1.00,72.7,0,1.00,0,0.120,0.000,83220968
2.00,Utility Enemy 3,Utility,PatrolAction,None,1.00,60.2,0,1.00,0,0.120,0.000,83220968
3.01,Player,Player,-,None,1.00,,0,1.00,,,,83220968
3.01,FSM Enemy 12,FSM,PatrolState,None,1.00,20.3,0,1.00,0,,,83220968
3.01,FSM Enemy 7,FSM,PatrolState,None,1.00,35.7,0,1.00,0,,,83220968
3.01,FSM Enemy 15,FSM,PatrolState,None,1.00,39.4,0,1.00,0,,,83220968
3.01,FSM Enemy 9,FSM,ChaseState,None,1.00,19.4,0,1.00,0,,,83220968
3.01,FSM Enemy 2,FSM,PatrolState,None,1.00,81.0,0,1.00,0,,,83220968
3.01,FSM Enemy 10,FSM,PatrolState,None,1.00,57.6,0,1.00,0,,,83220968
3.01,FSM Enemy 11,FSM,PatrolState,None,1.00,48.9,0,1.00,0,,,83220968
3.01,FSM Enemy 13,FSM,PatrolState,None,1.00,54.5,0,1.00,0,,,83220968
3.01,FSM Enemy 8,FSM,PatrolState,None,1.00,48.9,0,1.00,0,,,83220968
3.01,FSM Enemy 1,FSM,PatrolState,None,1.00,88.3,0,1.00,0,,,83220968
3.01,FSM Enemy 14,FSM,PatrolState,None,1.00,54.3,0,1.00,0,,,83220968
3.01,FSM Enemy 3,FSM,PatrolState,None,1.00,67.7,0,1.00,0,,,83220968
3.01,FSM Enemy 6,FSM,PatrolState,None,1.00,14.7,0,1.00,0,,,83220968
3.01,FSM Enemy 5,FSM,PatrolState,None,1.00,65.0,0,1.00,0,,,83220968
3.01,FSM Enemy 4,FSM,PatrolState,None,1.00,40.2,0,1.00,0,,,83220968
3.01,Utility Enemy 7,Utility,PatrolAction,None,1.00,22.8,0,1.00,0,0.120,0.000,83220968
3.01,Utility Enemy 2,Utility,PatrolAction,None,1.00,64.5,0,1.00,0,0.120,0.000,83220968
3.01,Utility Enemy 6,Utility,PatrolAction,None,1.00,56.2,0,1.00,0,0.120,0.000,83220968
3.01,Utility Enemy 11,Utility,PatrolAction,None,1.00,35.8,0,1.00,0,0.120,0.000,83220968
3.01,Utility Enemy 9,Utility,PatrolAction,None,1.00,37.1,0,1.00,0,0.120,0.000,83220968
3.01,Utility Enemy 10,Utility,PatrolAction,None,1.00,20.8,0,1.00,0,0.120,0.000,83220968
3.01,Utility Enemy 1,Utility,PatrolAction,None,1.00,79.5,0,1.00,0,0.120,0.000,83220968
3.01,Utility Enemy 14,Utility,PatrolAction,None,1.00,33.3,0,1.00,0,0.120,0.000,83220968
3.01,Utility Enemy 12,Utility,PatrolAction,None,1.00,20.2,0,1.00,0,0.120,0.000,83220968
3.01,Utility Enemy 5,Utility,PatrolAction,None,1.00,72.0,0,1.00,0,0.120,0.000,83220968
3.01,Utility Enemy 4,Utility,PatrolAction,None,1.00,56.7,0,1.00,0,0.120,0.000,83220968
3.01,Utility Enemy 13,Utility,PatrolAction,None,1.00,60.5,0,1.00,0,0.120,0.000,83220968
3.01,Utility Enemy 8,Utility,PatrolAction,None,1.00,84.3,0,1.00,0,0.120,0.000,83220968
3.01,Utility Enemy 15,Utility,PatrolAction,None,1.00,70.7,0,1.00,0,0.120,0.000,83220968
3.01,Utility Enemy 3,Utility,PatrolAction,None,1.00,53.0,0,1.00,0,0.120,0.000,83220968
4.01,Player,Player,-,None,0.95,,0,0.95,,,,83220968
4.01,FSM Enemy 12,FSM,AttackState,None,1.00,12.2,1,0.95,8,,,83220968
4.01,FSM Enemy 7,FSM,PatrolState,None,1.00,37.1,0,0.95,0,,,83220968
4.01,FSM Enemy 15,FSM,PatrolState,None,1.00,45.8,0,0.95,0,,,83220968
4.01,FSM Enemy 9,FSM,ChaseState,None,1.00,18.3,0,0.95,0,,,83220968
4.01,FSM Enemy 2,FSM,PatrolState,None,1.00,84.0,0,0.95,0,,,83220968
4.01,FSM Enemy 10,FSM,PatrolState,None,1.00,61.3,0,0.95,0,,,83220968
4.01,FSM Enemy 11,FSM,PatrolState,None,1.00,55.3,0,0.95,0,,,83220968
4.01,FSM Enemy 13,FSM,PatrolState,None,1.00,59.5,0,0.95,0,,,83220968
4.01,FSM Enemy 8,FSM,PatrolState,None,1.00,52.1,0,0.95,0,,,83220968
4.01,FSM Enemy 1,FSM,PatrolState,None,1.00,93.7,0,0.95,0,,,83220968
4.01,FSM Enemy 14,FSM,PatrolState,None,1.00,51.7,0,0.95,0,,,83220968
4.01,FSM Enemy 3,FSM,PatrolState,None,1.00,68.3,0,0.95,0,,,83220968
4.01,FSM Enemy 6,FSM,PatrolState,None,1.00,9.8,0,0.95,0,,,83220968
4.01,FSM Enemy 5,FSM,PatrolState,None,1.00,70.6,0,0.95,0,,,83220968
4.01,FSM Enemy 4,FSM,PatrolState,None,1.00,38.9,0,0.95,0,,,83220968
4.01,Utility Enemy 7,Utility,PatrolAction,None,1.00,19.6,0,0.95,0,0.120,0.000,83220968
4.01,Utility Enemy 2,Utility,PatrolAction,None,1.00,70.7,0,0.95,0,0.120,0.000,83220968
4.01,Utility Enemy 6,Utility,PatrolAction,None,1.00,62.3,0,0.95,0,0.120,0.000,83220968
4.01,Utility Enemy 11,Utility,PatrolAction,None,1.00,37.5,0,0.95,0,0.120,0.000,83220968
4.01,Utility Enemy 9,Utility,PatrolAction,None,1.00,33.3,0,0.95,0,0.120,0.000,83220968
4.01,Utility Enemy 10,Utility,SpreadFireAction,None,1.00,15.6,1,0.95,0,0.168,0.125,83220968
4.01,Utility Enemy 1,Utility,PatrolAction,None,1.00,81.8,0,0.95,0,0.120,0.000,83220968
4.01,Utility Enemy 14,Utility,PatrolAction,None,1.00,33.8,0,0.95,0,0.120,0.000,83220968
4.01,Utility Enemy 12,Utility,PatrolAction,None,1.00,16.3,0,0.95,0,0.120,0.000,83220968
4.01,Utility Enemy 5,Utility,PatrolAction,None,1.00,77.9,0,0.95,0,0.120,0.000,83220968
4.01,Utility Enemy 4,Utility,PatrolAction,None,1.00,61.8,0,0.95,0,0.120,0.000,83220968
4.01,Utility Enemy 13,Utility,PatrolAction,None,1.00,65.0,0,0.95,0,0.120,0.000,83220968
4.01,Utility Enemy 8,Utility,PatrolAction,None,1.00,86.8,0,0.95,0,0.120,0.000,83220968
4.01,Utility Enemy 15,Utility,PatrolAction,None,1.00,75.6,0,0.95,0,0.120,0.000,83220968
4.01,Utility Enemy 3,Utility,PatrolAction,None,1.00,48.6,0,0.95,0,0.120,0.000,83220968
5.02,Player,Player,-,None,0.95,,0,0.95,,,,83220968
5.02,FSM Enemy 12,FSM,ChaseState,None,0.50,12.1,0,0.95,8,,,83220968
5.02,FSM Enemy 7,FSM,PatrolState,None,1.00,37.0,0,0.95,0,,,83220968
5.02,FSM Enemy 15,FSM,PatrolState,None,1.00,50.0,0,0.95,0,,,83220968
5.02,FSM Enemy 9,FSM,ChaseState,None,1.00,19.9,0,0.95,0,,,83220968
5.02,FSM Enemy 2,FSM,PatrolState,None,1.00,89.3,0,0.95,0,,,83220968
5.02,FSM Enemy 10,FSM,PatrolState,None,1.00,65.5,0,0.95,0,,,83220968
5.02,FSM Enemy 11,FSM,PatrolState,None,1.00,59.5,0,0.95,0,,,83220968
5.02,FSM Enemy 13,FSM,PatrolState,None,1.00,62.3,0,0.95,0,,,83220968
5.02,FSM Enemy 8,FSM,PatrolState,None,1.00,57.1,0,0.95,0,,,83220968
5.02,FSM Enemy 1,FSM,PatrolState,None,1.00,100.4,0,0.95,0,,,83220968
5.02,FSM Enemy 14,FSM,PatrolState,None,1.00,57.5,0,0.95,0,,,83220968
5.02,FSM Enemy 3,FSM,PatrolState,None,1.00,74.6,0,0.95,0,,,83220968
5.02,FSM Enemy 6,FSM,PatrolState,None,0.75,11.2,0,0.95,0,,,83220968
5.02,FSM Enemy 5,FSM,PatrolState,None,1.00,77.9,0,0.95,0,,,83220968
5.02,FSM Enemy 4,FSM,PatrolState,None,1.00,43.0,0,0.95,0,,,83220968
5.02,Utility Enemy 7,Utility,PatrolAction,None,1.00,19.2,0,0.95,0,0.120,0.000,83220968
5.02,Utility Enemy 2,Utility,PatrolAction,None,1.00,80.9,0,0.95,0,0.120,0.000,83220968
5.02,Utility Enemy 6,Utility,PatrolAction,None,1.00,65.7,0,0.95,0,0.120,0.000,83220968
5.02,Utility Enemy 11,Utility,PatrolAction,None,1.00,37.5,0,0.95,0,0.120,0.000,83220968
5.02,Utility Enemy 9,Utility,PatrolAction,None,1.00,35.0,0,0.95,0,0.120,0.000,83220968
5.02,Utility Enemy 10,Utility,AttackAction,None,1.00,13.5,1,0.95,0,0.210,0.171,83220968
5.02,Utility Enemy 1,Utility,PatrolAction,None,1.00,90.0,0,0.95,0,0.120,0.000,83220968
5.02,Utility Enemy 14,Utility,PatrolAction,None,1.00,32.2,0,0.95,0,0.120,0.000,83220968
5.02,Utility Enemy 12,Utility,PatrolAction,None,1.00,15.0,0,0.95,0,0.120,0.000,83220968
5.02,Utility Enemy 5,Utility,PatrolAction,None,1.00,87.3,0,0.95,0,0.120,0.000,83220968
5.02,Utility Enemy 4,Utility,PatrolAction,None,1.00,64.2,0,0.95,0,0.120,0.000,83220968
5.02,Utility Enemy 13,Utility,PatrolAction,None,1.00,63.6,0,0.95,0,0.120,0.000,83220968
5.02,Utility Enemy 8,Utility,PatrolAction,None,1.00,91.0,0,0.95,0,0.120,0.000,83220968
5.02,Utility Enemy 15,Utility,PatrolAction,None,1.00,84.0,0,0.95,0,0.120,0.000,83220968
5.02,Utility Enemy 3,Utility,PatrolAction,None,1.00,50.1,0,0.95,0,0.120,0.000,83220968
6.02,Player,Player,-,None,0.84,,0,0.84,,,,83220968
6.02,FSM Enemy 12,FSM,Dead,None,0.00,11.2,1,0.84,16,,,83220968
6.02,FSM Enemy 7,FSM,PatrolState,None,1.00,39.1,0,0.84,0,,,83220968
6.02,FSM Enemy 15,FSM,PatrolState,None,1.00,52.5,0,0.84,0,,,83220968
6.02,FSM Enemy 9,FSM,ChaseState,None,1.00,18.1,0,0.84,0,,,83220968
6.02,FSM Enemy 2,FSM,PatrolState,None,1.00,90.2,0,0.84,0,,,83220968
6.02,FSM Enemy 10,FSM,PatrolState,None,1.00,65.5,0,0.84,0,,,83220968
6.02,FSM Enemy 11,FSM,PatrolState,None,1.00,63.4,0,0.84,0,,,83220968
6.02,FSM Enemy 13,FSM,PatrolState,None,1.00,64.2,0,0.84,0,,,83220968
6.02,FSM Enemy 8,FSM,PatrolState,None,1.00,58.0,0,0.84,0,,,83220968
6.02,FSM Enemy 1,FSM,PatrolState,None,1.00,104.1,0,0.84,0,,,83220968
6.02,FSM Enemy 14,FSM,PatrolState,None,1.00,60.7,0,0.84,0,,,83220968
6.02,FSM Enemy 3,FSM,PatrolState,None,1.00,78.8,0,0.84,0,,,83220968
6.02,FSM Enemy 6,FSM,Dead,None,0.00,10.7,0,0.84,0,,,83220968
6.02,FSM Enemy 5,FSM,PatrolState,None,1.00,83.0,0,0.84,0,,,83220968
6.02,FSM Enemy 4,FSM,PatrolState,None,1.00,43.1,0,0.84,0,,,83220968
6.02,Utility Enemy 7,Utility,PatrolAction,None,1.00,15.2,0,0.84,0,0.120,0.000,83220968
6.02,Utility Enemy 2,Utility,PatrolAction,None,1.00,84.8,0,0.84,0,0.120,0.000,83220968
6.02,Utility Enemy 6,Utility,PatrolAction,None,1.00,68.6,0,0.84,0,0.120,0.000,83220968
6.02,Utility Enemy 11,Utility,PatrolAction,None,1.00,40.2,0,0.84,0,0.120,0.000,83220968
6.02,Utility Enemy 9,Utility,PatrolAction,None,1.00,31.5,0,0.84,0,0.120,0.000,83220968
6.02,Utility Enemy 10,Utility,AttackAction,None,1.00,12.0,1,0.84,8,0.330,0.145,83220968
6.02,Utility Enemy 1,Utility,PatrolAction,None,1.00,96.8,0,0.84,0,0.120,0.000,83220968
6.02,Utility Enemy 14,Utility,PatrolAction,None,1.00,29.3,0,0.84,0,0.120,0.000,83220968
6.02,Utility Enemy 12,Utility,PatrolAction,None,1.00,17.9,0,0.84,0,0.120,0.000,83220968
6.02,Utility Enemy 5,Utility,PatrolAction,None,1.00,93.3,0,0.84,0,0.120,0.000,83220968
6.02,Utility Enemy 4,Utility,PatrolAction,None,1.00,63.1,0,0.84,0,0.120,0.000,83220968
6.02,Utility Enemy 13,Utility,PatrolAction,None,1.00,61.7,0,0.84,0,0.120,0.000,83220968
6.02,Utility Enemy 8,Utility,PatrolAction,None,1.00,96.0,0,0.84,0,0.120,0.000,83220968
6.02,Utility Enemy 15,Utility,PatrolAction,None,1.00,89.9,0,0.84,0,0.120,0.000,83220968
6.02,Utility Enemy 3,Utility,PatrolAction,None,1.00,52.6,0,0.84,0,0.120,0.000,83220968
7.02,Player,Player,-,None,0.84,,0,0.84,,,,83220968
7.02,FSM Enemy 12,FSM,Dead,None,0.00,13.1,1,0.84,16,,,83220968
7.02,FSM Enemy 7,FSM,PatrolState,None,1.00,37.8,0,0.84,0,,,83220968
7.02,FSM Enemy 15,FSM,PatrolState,None,1.00,51.4,0,0.84,0,,,83220968
7.02,FSM Enemy 9,FSM,AttackState,None,1.00,14.2,1,0.84,0,,,83220968
7.02,FSM Enemy 2,FSM,PatrolState,None,1.00,91.1,0,0.84,0,,,83220968
7.02,FSM Enemy 10,FSM,PatrolState,None,1.00,64.5,0,0.84,0,,,83220968
7.02,FSM Enemy 11,FSM,PatrolState,None,1.00,60.5,0,0.84,0,,,83220968
7.02,FSM Enemy 13,FSM,PatrolState,None,1.00,62.1,0,0.84,0,,,83220968
7.02,FSM Enemy 8,FSM,PatrolState,None,1.00,56.7,0,0.84,0,,,83220968
7.02,FSM Enemy 1,FSM,PatrolState,None,1.00,104.7,0,0.84,0,,,83220968
7.02,FSM Enemy 14,FSM,PatrolState,None,1.00,64.5,0,0.84,0,,,83220968
7.02,FSM Enemy 3,FSM,PatrolState,None,1.00,81.2,0,0.84,0,,,83220968
7.02,FSM Enemy 6,FSM,Dead,None,0.00,12.6,0,0.84,0,,,83220968
7.02,FSM Enemy 5,FSM,PatrolState,None,1.00,84.7,0,0.84,0,,,83220968
7.02,FSM Enemy 4,FSM,PatrolState,None,1.00,42.5,0,0.84,0,,,83220968
7.02,Utility Enemy 7,Utility,AttackAction,None,1.00,14.2,1,0.84,0,0.213,0.170,83220968
7.02,Utility Enemy 2,Utility,PatrolAction,None,1.00,86.2,0,0.84,0,0.120,0.000,83220968
7.02,Utility Enemy 6,Utility,PatrolAction,None,1.00,65.8,0,0.84,0,0.120,0.000,83220968
7.02,Utility Enemy 11,Utility,PatrolAction,None,1.00,34.3,0,0.84,0,0.120,0.000,83220968
7.02,Utility Enemy 9,Utility,PatrolAction,None,1.00,30.7,0,0.84,0,0.120,0.000,83220968
7.02,Utility Enemy 10,Utility,AttackAction,None,0.75,14.0,1,0.84,8,0.274,0.157,83220968
7.02,Utility Enemy 1,Utility,PatrolAction,None,1.00,99.4,0,0.84,0,0.120,0.000,83220968
7.02,Utility Enemy 14,Utility,PatrolAction,None,1.00,34.9,0,0.84,0,0.120,0.000,83220968
7.02,Utility Enemy 12,Utility,PatrolAction,None,1.00,22.8,0,0.84,0,0.120,0.000,83220968
7.02,Utility Enemy 5,Utility,PatrolAction,None,1.00,94.4,0,0.84,0,0.120,0.000,83220968
7.02,Utility Enemy 4,Utility,PatrolAction,None,1.00,59.2,0,0.84,0,0.120,0.000,83220968
7.02,Utility Enemy 13,Utility,PatrolAction,None,1.00,58.9,0,0.84,0,0.120,0.000,83220968
7.02,Utility Enemy 8,Utility,PatrolAction,None,1.00,98.4,0,0.84,0,0.120,0.000,83220968
7.02,Utility Enemy 15,Utility,PatrolAction,None,1.00,87.0,0,0.84,0,0.120,0.000,83220968
7.02,Utility Enemy 3,Utility,PatrolAction,None,1.00,54.3,0,0.84,0,0.120,0.000,83220968
8.02,Player,Player,-,None,0.73,,0,0.73,,,,83220968
8.02,FSM Enemy 12,FSM,Dead,None,0.00,14.0,1,0.73,16,,,83220968
8.02,FSM Enemy 7,FSM,PatrolState,None,1.00,40.4,0,0.73,0,,,83220968
8.02,FSM Enemy 15,FSM,PatrolState,None,1.00,53.8,0,0.73,0,,,83220968
8.02,FSM Enemy 9,FSM,AttackState,None,1.00,16.9,1,0.73,8,,,83220968
8.02,FSM Enemy 2,FSM,PatrolState,None,1.00,92.7,0,0.73,0,,,83220968
8.02,FSM Enemy 10,FSM,PatrolState,None,1.00,65.0,0,0.73,0,,,83220968
8.02,FSM Enemy 11,FSM,PatrolState,None,1.00,61.2,0,0.73,0,,,83220968
8.02,FSM Enemy 13,FSM,PatrolState,None,1.00,64.0,0,0.73,0,,,83220968
8.02,FSM Enemy 8,FSM,PatrolState,None,1.00,57.8,0,0.73,0,,,83220968
8.02,FSM Enemy 1,FSM,PatrolState,None,1.00,108.4,0,0.73,0,,,83220968
8.02,FSM Enemy 14,FSM,PatrolState,None,1.00,68.6,0,0.73,0,,,83220968
8.02,FSM Enemy 3,FSM,PatrolState,None,1.00,85.8,0,0.73,0,,,83220968
8.02,FSM Enemy 6,FSM,Dead,None,0.00,13.2,0,0.73,0,,,83220968
8.02,FSM Enemy 5,FSM,PatrolState,None,1.00,89.8,0,0.73,0,,,83220968
8.02,FSM Enemy 4,FSM,PatrolState,None,1.00,41.1,0,0.73,0,,,83220968
8.02,Utility Enemy 7,Utility,AttackAction,None,1.00,11.8,1,0.73,8,0.300,0.151,83220968
8.02,Utility Enemy 2,Utility,PatrolAction,None,1.00,88.9,0,0.73,0,0.120,0.000,83220968
8.02,Utility Enemy 6,Utility,PatrolAction,None,1.00,65.9,0,0.73,0,0.120,0.000,83220968
8.02,Utility Enemy 11,Utility,PatrolAction,None,1.00,32.0,0,0.73,0,0.120,0.000,83220968
8.02,Utility Enemy 9,Utility,PatrolAction,None,1.00,27.2,0,0.73,0,0.120,0.000,83220968
8.02,Utility Enemy 10,Utility,Dead,None,0.00,13.5,1,0.73,8,0.213,0.203,83220968
8.02,Utility Enemy 1,Utility,PatrolAction,None,1.00,100.4,0,0.73,0,0.120,0.000,83220968
8.02,Utility Enemy 14,Utility,PatrolAction,None,1.00,39.1,0,0.73,0,0.120,0.000,83220968
8.02,Utility Enemy 12,Utility,PatrolAction,None,1.00,22.0,0,0.73,0,0.120,0.000,83220968
8.02,Utility Enemy 5,Utility,PatrolAction,None,1.00,98.0,0,0.73,0,0.120,0.000,83220968
8.02,Utility Enemy 4,Utility,PatrolAction,None,1.00,60.6,0,0.73,0,0.120,0.000,83220968
8.02,Utility Enemy 13,Utility,PatrolAction,None,1.00,59.6,0,0.73,0,0.120,0.000,83220968
8.02,Utility Enemy 8,Utility,PatrolAction,None,1.00,101.2,0,0.73,0,0.120,0.000,83220968
8.02,Utility Enemy 15,Utility,PatrolAction,None,1.00,86.3,0,0.73,0,0.120,0.000,83220968
8.02,Utility Enemy 3,Utility,PatrolAction,None,1.00,54.8,0,0.73,0,0.120,0.000,83220968
9.03,Player,Player,-,None,0.68,,0,0.68,,,,83220968
9.03,FSM Enemy 12,FSM,Dead,None,0.00,15.6,1,0.68,16,,,83220968
9.03,FSM Enemy 7,FSM,PatrolState,None,1.00,45.5,0,0.68,0,,,83220968
9.03,FSM Enemy 15,FSM,PatrolState,None,1.00,58.5,0,0.68,0,,,83220968
9.03,FSM Enemy 9,FSM,ChaseState,None,1.00,18.6,1,0.68,8,,,83220968
9.03,FSM Enemy 2,FSM,PatrolState,None,1.00,93.9,0,0.68,0,,,83220968
9.03,FSM Enemy 10,FSM,PatrolState,None,1.00,66.5,0,0.68,0,,,83220968
9.03,FSM Enemy 11,FSM,PatrolState,None,1.00,63.5,0,0.68,0,,,83220968
9.03,FSM Enemy 13,FSM,PatrolState,None,1.00,69.8,0,0.68,0,,,83220968
9.03,FSM Enemy 8,FSM,PatrolState,None,1.00,60.0,0,0.68,0,,,83220968
9.03,FSM Enemy 1,FSM,PatrolState,None,1.00,113.9,0,0.68,0,,,83220968
9.03,FSM Enemy 14,FSM,PatrolState,None,1.00,73.2,0,0.68,0,,,83220968
9.03,FSM Enemy 3,FSM,PatrolState,None,1.00,92.1,0,0.68,0,,,83220968
9.03,FSM Enemy 6,FSM,Dead,None,0.00,14.3,0,0.68,0,,,83220968
9.03,FSM Enemy 5,FSM,PatrolState,None,1.00,97.0,0,0.68,0,,,83220968
9.03,FSM Enemy 4,FSM,PatrolState,None,1.00,39.9,0,0.68,0,,,83220968
9.03,Utility Enemy 7,Utility,Dead,None,0.00,7.8,1,0.68,16,0.439,0.149,83220968
9.03,Utility Enemy 2,Utility,PatrolAction,None,1.00,92.5,0,0.68,0,0.120,0.000,83220968
9.03,Utility Enemy 6,Utility,PatrolAction,None,1.00,69.3,0,0.68,0,0.120,0.000,83220968
9.03,Utility Enemy 11,Utility,PatrolAction,None,1.00,36.1,0,0.68,0,0.120,0.000,83220968
9.03,Utility Enemy 9,Utility,PatrolAction,None,1.00,23.4,0,0.68,0,0.120,0.000,83220968
9.03,Utility Enemy 10,Utility,Dead,None,0.00,12.7,1,0.68,8,0.213,0.203,83220968
9.03,Utility Enemy 1,Utility,PatrolAction,None,1.00,102.5,0,0.68,0,0.120,0.000,83220968
9.03,Utility Enemy 14,Utility,PatrolAction,None,1.00,42.9,0,0.68,0,0.120,0.000,83220968
9.03,Utility Enemy 12,Utility,PatrolAction,None,1.00,20.6,0,0.68,0,0.120,0.000,83220968
9.03,Utility Enemy 5,Utility,PatrolAction,None,1.00,103.5,0,0.68,0,0.120,0.000,83220968
9.03,Utility Enemy 4,Utility,PatrolAction,None,1.00,64.2,0,0.68,0,0.120,0.000,83220968
9.03,Utility Enemy 13,Utility,PatrolAction,None,1.00,59.1,0,0.68,0,0.120,0.000,83220968
9.03,Utility Enemy 8,Utility,PatrolAction,None,1.00,107.5,0,0.68,0,0.120,0.000,83220968
9.03,Utility Enemy 15,Utility,PatrolAction,None,1.00,88.0,0,0.68,0,0.120,0.000,83220968
9.03,Utility Enemy 3,Utility,PatrolAction,None,1.00,58.7,0,0.68,0,0.120,0.000,83220968
10.03,Player,Player,-,None,0.68,,0,0.68,,,,83220968
10.03,FSM Enemy 12,FSM,Dead,None,0.00,12.3,1,0.68,16,,,83220968
10.03,FSM Enemy 7,FSM,PatrolState,None,1.00,48.7,0,0.68,0,,,83220968
10.03,FSM Enemy 15,FSM,PatrolState,None,1.00,58.6,0,0.68,0,,,83220968
10.03,FSM Enemy 9,FSM,AttackState,None,1.00,17.2,1,0.68,8,,,83220968
10.03,FSM Enemy 2,FSM,PatrolState,None,1.00,88.6,0,0.68,0,,,83220968
10.03,FSM Enemy 10,FSM,PatrolState,None,1.00,61.9,0,0.68,0,,,83220968
10.03,FSM Enemy 11,FSM,PatrolState,None,1.00,63.7,0,0.68,0,,,83220968
10.03,FSM Enemy 13,FSM,PatrolState,None,1.00,74.4,0,0.68,0,,,83220968
10.03,FSM Enemy 8,FSM,PatrolState,None,1.00,56.9,0,0.68,0,,,83220968
10.03,FSM Enemy 1,FSM,PatrolState,None,1.00,114.4,0,0.68,0,,,83220968
10.03,FSM Enemy 14,FSM,PatrolState,None,1.00,72.1,0,0.68,0,,,83220968
10.03,FSM Enemy 3,FSM,PatrolState,None,1.00,92.7,0,0.68,0,,,83220968
10.03,FSM Enemy 6,FSM,Dead,None,0.00,10.7,1,0.68,0,,,83220968
10.03,FSM Enemy 5,FSM,PatrolState,None,1.00,97.1,0,0.68,0,,,83220968
10.03,FSM Enemy 4,FSM,PatrolState,None,1.00,33.8,0,0.68,0,,,83220968
10.03,Utility Enemy 7,Utility,Dead,None,0.00,5.8,1,0.68,16,0.439,0.149,83220968
10.03,Utility Enemy 2,Utility,PatrolAction,None,1.00,93.2,0,0.68,0,0.120,0.000,83220968
10.03,Utility Enemy 6,Utility,PatrolAction,None,1.00,72.7,0,0.68,0,0.120,0.000,83220968
10.03,Utility Enemy 11,Utility,PatrolAction,None,1.00,40.6,0,0.68,0,0.120,0.000,83220968
10.03,Utility Enemy 9,Utility,PatrolAction,None,1.00,17.5,0,0.68,0,0.120,0.000,83220968
10.03,Utility Enemy 10,Utility,Dead,None,0.00,8.5,1,0.68,8,0.213,0.203,83220968
10.03,Utility Enemy 1,Utility,PatrolAction,None,1.00,100.7,0,0.68,0,0.120,0.000,83220968
10.03,Utility Enemy 14,Utility,PatrolAction,None,1.00,38.5,0,0.68,0,0.120,0.000,83220968
10.03,Utility Enemy 12,Utility,PatrolAction,None,1.00,17.9,0,0.68,0,0.120,0.000,83220968
10.03,Utility Enemy 5,Utility,PatrolAction,None,1.00,101.6,0,0.68,0,0.120,0.000,83220968
10.03,Utility Enemy 4,Utility,PatrolAction,None,1.00,68.0,0,0.68,0,0.120,0.000,83220968
10.03,Utility Enemy 13,Utility,PatrolAction,None,1.00,57.8,0,0.68,0,0.120,0.000,83220968
10.03,Utility Enemy 8,Utility,PatrolAction,None,1.00,110.9,0,0.68,0,0.120,0.000,83220968
10.03,Utility Enemy 15,Utility,PatrolAction,None,1.00,85.8,0,0.68,0,0.120,0.000,83220968
10.03,Utility Enemy 3,Utility,PatrolAction,None,1.00,51.3,0,0.68,0,0.120,0.000,83220968
11.04,Player,Player,-,None,0.68,,0,0.68,,,,83220968
11.04,FSM Enemy 12,FSM,Dead,None,0.00,8.3,0,0.68,16,,,83220968
11.04,FSM Enemy 7,FSM,PatrolState,None,1.00,51.7,0,0.68,0,,,83220968
11.04,FSM Enemy 15,FSM,PatrolState,None,1.00,58.2,0,0.68,0,,,83220968
11.04,FSM Enemy 9,FSM,AttackState,None,1.00,17.0,1,0.68,8,,,83220968
11.04,FSM Enemy 2,FSM,PatrolState,None,1.00,82.5,0,0.68,0,,,83220968
11.04,FSM Enemy 10,FSM,PatrolState,None,1.00,58.3,0,0.68,0,,,83220968
11.04,FSM Enemy 11,FSM,PatrolState,None,1.00,64.5,0,0.68,0,,,83220968
11.04,FSM Enemy 13,FSM,PatrolState,None,1.00,78.0,0,0.68,0,,,83220968
11.04,FSM Enemy 8,FSM,PatrolState,None,1.00,53.4,0,0.68,0,,,83220968
11.04,FSM Enemy 1,FSM,PatrolState,None,1.00,110.9,0,0.68,0,,,83220968
11.04,FSM Enemy 14,FSM,PatrolState,None,1.00,66.1,0,0.68,0,,,83220968
11.04,FSM Enemy 3,FSM,PatrolState,None,1.00,90.9,0,0.68,0,,,83220968
11.04,FSM Enemy 6,FSM,Dead,None,0.00,6.5,1,0.68,0,,,83220968
11.04,FSM Enemy 5,FSM,PatrolState,None,1.00,94.7,0,0.68,0,,,83220968
11.04,FSM Enemy 4,FSM,PatrolState,None,1.00,27.0,0,0.68,0,,,83220968
11.04,Utility Enemy 7,Utility,Dead,None,0.00,7.7,0,0.68,16,0.439,0.149,83220968
11.04,Utility Enemy 2,Utility,PatrolAction,None,1.00,90.7,0,0.68,0,0.120,0.000,83220968
11.04,Utility Enemy 6,Utility,PatrolAction,None,1.00,71.4,0,0.68,0,0.120,0.000,83220968
11.04,Utility Enemy 11,Utility,PatrolAction,None,1.00,40.8,0,0.68,0,0.120,0.000,83220968
11.04,Utility Enemy 9,Utility,AttackAction,None,0.75,10.7,1,0.68,0,0.357,0.139,83220968
11.04,Utility Enemy 10,Utility,Dead,None,0.00,3.7,1,0.68,8,0.213,0.203,83220968
11.04,Utility Enemy 1,Utility,PatrolAction,None,1.00,97.6,0,0.68,0,0.120,0.000,83220968
11.04,Utility Enemy 14,Utility,PatrolAction,None,1.00,34.9,0,0.68,0,0.120,0.000,83220968
11.04,Utility Enemy 12,Utility,PatrolAction,None,1.00,16.4,0,0.68,0,0.120,0.000,83220968
11.04,Utility Enemy 5,Utility,PatrolAction,None,1.00,97.5,0,0.68,0,0.120,0.000,83220968
11.04,Utility Enemy 4,Utility,PatrolAction,None,1.00,71.8,0,0.68,0,0.120,0.000,83220968
11.04,Utility Enemy 13,Utility,PatrolAction,None,1.00,61.1,0,0.68,0,0.120,0.000,83220968
11.04,Utility Enemy 8,Utility,PatrolAction,None,1.00,110.1,0,0.68,0,0.120,0.000,83220968
11.04,Utility Enemy 15,Utility,PatrolAction,None,1.00,86.8,0,0.68,0,0.120,0.000,83220968
11.04,Utility Enemy 3,Utility,PatrolAction,None,1.00,47.3,0,0.68,0,0.120,0.000,83220968
12.04,Player,Player,-,None,0.63,,0,0.63,,,,83220968
12.04,FSM Enemy 12,FSM,Dead,None,0.00,5.1,0,0.63,16,,,83220968
12.04,FSM Enemy 7,FSM,PatrolState,None,1.00,55.5,0,0.63,0,,,83220968
12.04,FSM Enemy 15,FSM,PatrolState,None,1.00,57.3,0,0.63,0,,,83220968
12.04,FSM Enemy 9,FSM,AttackState,None,1.00,17.4,1,0.63,16,,,83220968
12.04,FSM Enemy 2,FSM,PatrolState,None,1.00,75.3,0,0.63,0,,,83220968
12.04,FSM Enemy 10,FSM,PatrolState,None,1.00,54.3,0,0.63,0,,,83220968
12.04,FSM Enemy 11,FSM,PatrolState,None,1.00,67.6,0,0.63,0,,,83220968
12.04,FSM Enemy 13,FSM,PatrolState,None,1.00,80.8,0,0.63,0,,,83220968
12.04,FSM Enemy 8,FSM,PatrolState,None,1.00,50.4,0,0.63,0,,,83220968
12.04,FSM Enemy 1,FSM,PatrolState,None,1.00,106.1,0,0.63,0,,,83220968
12.04,FSM Enemy 14,FSM,PatrolState,None,1.00,58.2,0,0.63,0,,,83220968
12.04,FSM Enemy 3,FSM,PatrolState,None,1.00,87.4,0,0.63,0,,,83220968
12.04,FSM Enemy 6,FSM,Dead,None,0.00,3.4,1,0.63,0,,,83220968
12.04,FSM Enemy 5,FSM,PatrolState,None,1.00,91.5,0,0.63,0,,,83220968
12.04,FSM Enemy 4,FSM,PatrolState,None,1.00,22.0,0,0.63,0,,,83220968
12.04,Utility Enemy 7,Utility,Dead,None,0.00,12.7,0,0.63,16,0.439,0.149,83220968
12.04,Utility Enemy 2,Utility,PatrolAction,None,1.00,84.9,0,0.63,0,0.120,0.000,83220968
12.04,Utility Enemy 6,Utility,PatrolAction,None,1.00,72.5,0,0.63,0,0.120,0.000,83220968
12.04,Utility Enemy 11,Utility,PatrolAction,None,1.00,43.8,0,0.63,0,0.120,0.000,83220968
12.04,Utility Enemy 9,Utility,Dead,None,0.00,5.0,1,0.63,0,0.443,0.299,83220968
12.04,Utility Enemy 10,Utility,Dead,None,0.00,2.7,0,0.63,8,0.213,0.203,83220968
12.04,Utility Enemy 1,Utility,PatrolAction,None,1.00,94.1,0,0.63,0,0.120,0.000,83220968
12.04,Utility Enemy 14,Utility,PatrolAction,None,1.00,30.1,0,0.63,0,0.120,0.000,83220968
12.04,Utility Enemy 12,Utility,PatrolAction,None,1.00,13.0,0,0.63,0,0.120,0.000,83220968
12.04,Utility Enemy 5,Utility,PatrolAction,None,1.00,91.4,0,0.63,0,0.120,0.000,83220968
12.04,Utility Enemy 4,Utility,PatrolAction,None,1.00,76.0,0,0.63,0,0.120,0.000,83220968
12.04,Utility Enemy 13,Utility,PatrolAction,None,1.00,64.6,0,0.63,0,0.120,0.000,83220968
12.04,Utility Enemy 8,Utility,PatrolAction,None,1.00,105.9,0,0.63,0,0.120,0.000,83220968
12.04,Utility Enemy 15,Utility,PatrolAction,None,1.00,88.7,0,0.63,0,0.120,0.000,83220968
12.04,Utility Enemy 3,Utility,PatrolAction,None,1.00,41.9,0,0.63,0,0.120,0.000,83220968
13.05,Player,Player,-,None,0.57,,0,0.57,,,,83220968
13.05,FSM Enemy 12,FSM,Dead,None,0.00,6.8,0,0.57,16,,,83220968
13.05,FSM Enemy 7,FSM,PatrolState,None,1.00,52.8,0,0.57,0,,,83220968
13.05,FSM Enemy 15,FSM,PatrolState,None,1.00,51.9,0,0.57,0,,,83220968
13.05,FSM Enemy 9,FSM,AttackState,None,1.00,14.8,1,0.57,24,,,83220968
13.05,FSM Enemy 2,FSM,PatrolState,None,1.00,77.3,0,0.57,0,,,83220968
13.05,FSM Enemy 10,FSM,PatrolState,None,1.00,58.4,0,0.57,0,,,83220968
13.05,FSM Enemy 11,FSM,PatrolState,None,1.00,64.5,0,0.57,0,,,83220968
13.05,FSM Enemy 13,FSM,PatrolState,None,1.00,75.6,0,0.57,0,,,83220968
13.05,FSM Enemy 8,FSM,PatrolState,None,1.00,48.7,0,0.57,0,,,83220968
13.05,FSM Enemy 1,FSM,PatrolState,None,1.00,104.5,0,0.57,0,,,83220968
13.05,FSM Enemy 14,FSM,PatrolState,None,1.00,60.7,0,0.57,0,,,83220968
13.05,FSM Enemy 3,FSM,PatrolState,None,1.00,90.0,0,0.57,0,,,83220968
13.05,FSM Enemy 6,FSM,Dead,None,0.00,5.1,1,0.57,0,,,83220968
13.05,FSM Enemy 5,FSM,PatrolState,None,1.00,89.4,0,0.57,0,,,83220968
13.05,FSM Enemy 4,FSM,PatrolState,None,1.00,29.1,0,0.57,0,,,83220968
13.05,Utility Enemy 7,Utility,Dead,None,0.00,9.4,0,0.57,16,0.439,0.149,83220968
13.05,Utility Enemy 2,Utility,PatrolAction,None,1.00,85.2,0,0.57,0,0.120,0.000,83220968
13.05,Utility Enemy 6,Utility,PatrolAction,None,1.00,71.9,0,0.57,0,0.120,0.000,83220968
13.05,Utility Enemy 11,Utility,PatrolAction,None,1.00,40.4,0,0.57,0,0.120,0.000,83220968
13.05,Utility Enemy 9,Utility,Dead,None,0.00,10.3,1,0.57,0,0.443,0.299,83220968
13.05,Utility Enemy 10,Utility,Dead,None,0.00,4.1,1,0.57,8,0.213,0.203,83220968
13.05,Utility Enemy 1,Utility,PatrolAction,None,1.00,93.8,0,0.57,0,0.120,0.000,83220968
13.05,Utility Enemy 14,Utility,PatrolAction,None,1.00,36.0,0,0.57,0,0.120,0.000,83220968
13.05,Utility Enemy 12,Utility,PatrolAction,None,1.00,18.4,0,0.57,0,0.120,0.000,83220968
13.05,Utility Enemy 5,Utility,PatrolAction,None,1.00,91.0,0,0.57,0,0.120,0.000,83220968
13.05,Utility Enemy 4,Utility,PatrolAction,None,1.00,73.6,0,0.57,0,0.120,0.000,83220968
13.05,Utility Enemy 13,Utility,PatrolAction,None,1.00,60.6,0,0.57,0,0.120,0.000,83220968
13.05,Utility Enemy 8,Utility,PatrolAction,None,1.00,104.3,0,0.57,0,0.120,0.000,83220968
13.05,Utility Enemy 15,Utility,PatrolAction,None,1.00,86.9,0,0.57,0,0.120,0.000,83220968
13.05,Utility Enemy 3,Utility,PatrolAction,None,1.00,48.5,0,0.57,0,0.120,0.000,83220968
14.06,Player,Player,-,None,0.57,,0,0.57,,,,83220968
14.06,FSM Enemy 12,FSM,Dead,None,0.00,9.6,1,0.57,16,,,83220968
14.06,FSM Enemy 7,FSM,PatrolState,None,1.00,46.9,0,0.57,0,,,83220968
14.06,FSM Enemy 15,FSM,PatrolState,None,1.00,42.4,0,0.57,0,,,83220968
14.06,FSM Enemy 9,FSM,AttackState,None,0.75,8.7,1,0.57,24,,,83220968
14.06,FSM Enemy 2,FSM,PatrolState,None,1.00,76.1,0,0.57,0,,,83220968
14.06,FSM Enemy 10,FSM,PatrolState,None,1.00,59.4,0,0.57,0,,,83220968
14.06,FSM Enemy 11,FSM,PatrolState,None,1.00,55.9,0,0.57,0,,,83220968
14.06,FSM Enemy 13,FSM,PatrolState,None,1.00,66.2,0,0.57,0,,,83220968
14.06,FSM Enemy 8,FSM,PatrolState,None,1.00,46.4,0,0.57,0,,,83220968
14.06,FSM Enemy 1,FSM,PatrolState,None,1.00,98.4,0,0.57,0,,,83220968
14.06,FSM Enemy 14,FSM,PatrolState,None,1.00,61.1,0,0.57,0,,,83220968
14.06,FSM Enemy 3,FSM,PatrolState,None,1.00,88.5,0,0.57,0,,,83220968
14.06,FSM Enemy 6,FSM,Dead,None,0.00,9.2,0,0.57,0,,,83220968
14.06,FSM Enemy 5,FSM,PatrolState,None,1.00,82.7,0,0.57,0,,,83220968
14.06,FSM Enemy 4,FSM,PatrolState,None,1.00,35.1,0,0.57,0,,,83220968
14.06,Utility Enemy 7,Utility,Dead,None,0.00,13.7,1,0.57,16,0.439,0.149,83220968
14.06,Utility Enemy 2,Utility,PatrolAction,None,1.00,86.4,0,0.57,0,0.120,0.000,83220968
14.06,Utility Enemy 6,Utility,PatrolAction,None,1.00,63.9,0,0.57,0,0.120,0.000,83220968
14.06,Utility Enemy 11,Utility,PatrolAction,None,1.00,32.7,0,0.57,0,0.120,0.000,83220968
14.06,Utility Enemy 9,Utility,Dead,None,0.00,16.1,1,0.57,0,0.443,0.299,83220968
14.06,Utility Enemy 10,Utility,Dead,None,0.00,11.2,1,0.57,8,0.213,0.203,83220968
14.06,Utility Enemy 1,Utility,PatrolAction,None,1.00,89.0,0,0.57,0,0.120,0.000,83220968
14.06,Utility Enemy 14,Utility,PatrolAction,None,1.00,39.1,0,0.57,0,0.120,0.000,83220968
14.06,Utility Enemy 12,Utility,ChaseAction,None,1.00,18.4,0,0.57,0,0.490,0.400,83220968
14.06,Utility Enemy 5,Utility,PatrolAction,None,1.00,86.5,0,0.57,0,0.120,0.000,83220968
14.06,Utility Enemy 4,Utility,PatrolAction,None,1.00,64.6,0,0.57,0,0.120,0.000,83220968
14.06,Utility Enemy 13,Utility,PatrolAction,None,1.00,53.4,0,0.57,0,0.120,0.000,83220968
14.06,Utility Enemy 8,Utility,PatrolAction,None,1.00,97.1,0,0.57,0,0.120,0.000,83220968
14.06,Utility Enemy 15,Utility,PatrolAction,None,1.00,84.5,0,0.57,0,0.120,0.000,83220968
14.06,Utility Enemy 3,Utility,PatrolAction,None,1.00,51.3,0,0.57,0,0.120,0.000,83220968
15.06,Player,Player,-,None,0.57,,0,0.57,,,,83220968
15.06,FSM Enemy 12,FSM,Dead,None,0.00,12.9,1,0.57,16,,,83220968
15.06,FSM Enemy 7,FSM,PatrolState,None,1.00,43.0,0,0.57,0,,,83220968
15.06,FSM Enemy 15,FSM,PatrolState,None,1.00,35.3,0,0.57,0,,,83220968
15.06,FSM Enemy 9,FSM,TakeCoverState,None,0.25,5.6,1,0.57,24,,,83220968
15.06,FSM Enemy 2,FSM,PatrolState,None,1.00,74.5,0,0.57,0,,,83220968
15.06,FSM Enemy 10,FSM,PatrolState,None,1.00,59.0,0,0.57,0,,,83220968
15.06,FSM Enemy 11,FSM,PatrolState,None,1.00,49.3,0,0.57,0,,,83220968
15.06,FSM Enemy 13,FSM,PatrolState,None,1.00,59.2,0,0.57,0,,,83220968
15.06,FSM Enemy 8,FSM,PatrolState,None,1.00,45.9,0,0.57,0,,,83220968
15.06,FSM Enemy 1,FSM,PatrolState,None,1.00,93.1,0,0.57,0,,,83220968
15.06,FSM Enemy 14,FSM,PatrolState,None,1.00,60.6,0,0.57,0,,,83220968
15.06,FSM Enemy 3,FSM,PatrolState,None,1.00,87.4,0,0.57,0,,,83220968
15.06,FSM Enemy 6,FSM,Dead,None,0.00,13.1,0,0.57,0,,,83220968
15.06,FSM Enemy 5,FSM,PatrolState,None,1.00,78.0,0,0.57,0,,,83220968
15.06,FSM Enemy 4,FSM,PatrolState,None,1.00,38.1,0,0.57,0,,,83220968
15.06,Utility Enemy 7,Utility,Dead,None,0.00,17.9,1,0.57,16,0.439,0.149,83220968
15.06,Utility Enemy 2,Utility,PatrolAction,None,1.00,86.5,0,0.57,0,0.120,0.000,83220968
15.06,Utility Enemy 6,Utility,PatrolAction,None,1.00,59.0,0,0.57,0,0.120,0.000,83220968
15.06,Utility Enemy 11,Utility,PatrolAction,None,1.00,30.4,0,0.57,0,0.120,0.000,83220968
15.06,Utility Enemy 9,Utility,Dead,None,0.00,19.9,1,0.57,0,0.443,0.299,83220968
15.06,Utility Enemy 10,Utility,Dead,None,0.00,15.8,1,0.57,8,0.213,0.203,83220968
15.06,Utility Enemy 1,Utility,PatrolAction,None,1.00,86.4,0,0.57,0,0.120,0.000,83220968
15.06,Utility Enemy 14,Utility,PatrolAction,None,1.00,40.9,0,0.57,0,0.120,0.000,83220968
15.06,Utility Enemy 12,Utility,ChaseAction,None,1.00,16.8,0,0.57,0,0.490,0.400,83220968
15.06,Utility Enemy 5,Utility,PatrolAction,None,1.00,86.7,0,0.57,0,0.120,0.000,83220968
15.06,Utility Enemy 4,Utility,PatrolAction,None,1.00,64.5,0,0.57,0,0.120,0.000,83220968
15.06,Utility Enemy 13,Utility,PatrolAction,None,1.00,45.7,0,0.57,0,0.120,0.000,83220968
15.06,Utility Enemy 8,Utility,PatrolAction,None,1.00,93.0,0,0.57,0,0.120,0.000,83220968
15.06,Utility Enemy 15,Utility,PatrolAction,None,1.00,80.5,0,0.57,0,0.120,0.000,83220968
15.06,Utility Enemy 3,Utility,PatrolAction,None,1.00,50.2,0,0.57,0,0.120,0.000,83220968
16.06,Player,Player,-,None,0.57,,0,0.57,,,,83220968
16.06,FSM Enemy 12,FSM,Dead,None,0.00,14.7,1,0.57,16,,,83220968
16.06,FSM Enemy 7,FSM,PatrolState,None,1.00,40.7,0,0.57,0,,,83220968
16.06,FSM Enemy 15,FSM,PatrolState,None,1.00,33.5,0,0.57,0,,,83220968
16.06,FSM Enemy 9,FSM,Dead,None,0.00,2.5,0,0.57,24,,,83220968
16.06,FSM Enemy 2,FSM,PatrolState,None,1.00,76.9,0,0.57,0,,,83220968
16.06,FSM Enemy 10,FSM,PatrolState,None,1.00,58.3,0,0.57,0,,,83220968
16.06,FSM Enemy 11,FSM,PatrolState,None,1.00,48.4,0,0.57,0,,,83220968
16.06,FSM Enemy 13,FSM,PatrolState,None,1.00,55.8,0,0.57,0,,,83220968
16.06,FSM Enemy 8,FSM,PatrolState,None,1.00,46.9,0,0.57,0,,,83220968
16.06,FSM Enemy 1,FSM,PatrolState,None,1.00,90.8,0,0.57,0,,,83220968
16.06,FSM Enemy 14,FSM,PatrolState,None,1.00,60.2,0,0.57,0,,,83220968
16.06,FSM Enemy 3,FSM,PatrolState,None,1.00,86.2,0,0.57,0,,,83220968
16.06,FSM Enemy 6,FSM,Dead,None,0.00,15.1,0,0.57,0,,,83220968
16.06,FSM Enemy 5,FSM,PatrolState,None,1.00,75.4,0,0.57,0,,,83220968
16.06,FSM Enemy 4,FSM,PatrolState,None,1.00,37.7,0,0.57,0,,,83220968
16.06,Utility Enemy 7,Utility,Dead,None,0.00,20.1,0,0.57,16,0.439,0.149,83220968
16.06,Utility Enemy 2,Utility,PatrolAction,None,1.00,84.8,0,0.57,0,0.120,0.000,83220968
16.06,Utility Enemy 6,Utility,PatrolAction,None,1.00,60.2,0,0.57,0,0.120,0.000,83220968
16.06,Utility Enemy 11,Utility,PatrolAction,None,1.00,31.0,0,0.57,0,0.120,0.000,83220968
16.06,Utility Enemy 9,Utility,Dead,None,0.00,21.9,0,0.57,0,0.443,0.299,83220968
16.06,Utility Enemy 10,Utility,Dead,None,0.00,18.1,1,0.57,8,0.213,0.203,83220968
16.06,Utility Enemy 1,Utility,PatrolAction,None,1.00,89.2,0,0.57,0,0.120,0.000,83220968
16.06,Utility Enemy 14,Utility,PatrolAction,None,1.00,41.3,0,0.57,0,0.120,0.000,83220968
16.06,Utility Enemy 12,Utility,ChaseAction,None,1.00,14.8,0,0.57,0,0.490,0.400,83220968
16.06,Utility Enemy 5,Utility,PatrolAction,None,1.00,86.2,0,0.57,0,0.120,0.000,83220968
16.06,Utility Enemy 4,Utility,PatrolAction,None,1.00,66.7,0,0.57,0,0.120,0.000,83220968
16.06,Utility Enemy 13,Utility,PatrolAction,None,1.00,39.2,0,0.57,0,0.120,0.000,83220968
16.06,Utility Enemy 8,Utility,PatrolAction,None,1.00,94.3,0,0.57,0,0.120,0.000,83220968
16.06,Utility Enemy 15,Utility,PatrolAction,None,1.00,73.8,0,0.57,0,0.120,0.000,83220968
16.06,Utility Enemy 3,Utility,PatrolAction,None,1.00,49.5,0,0.57,0,0.120,0.000,83220968
17.07,Player,Player,-,None,0.57,,0,0.57,,,,83220968
17.07,FSM Enemy 12,FSM,Dead,None,0.00,14.5,0,0.57,16,,,83220968
17.07,FSM Enemy 7,FSM,PatrolState,None,1.00,40.5,0,0.57,0,,,83220968
17.07,FSM Enemy 15,FSM,PatrolState,None,1.00,33.8,0,0.57,0,,,83220968
17.07,FSM Enemy 9,FSM,Dead,None,0.00,1.6,0,0.57,24,,,83220968
17.07,FSM Enemy 2,FSM,PatrolState,None,1.00,77.3,0,0.57,0,,,83220968
17.07,FSM Enemy 10,FSM,PatrolState,None,1.00,55.5,0,0.57,0,,,83220968
17.07,FSM Enemy 11,FSM,PatrolState,None,1.00,50.6,0,0.57,0,,,83220968
17.07,FSM Enemy 13,FSM,PatrolState,None,1.00,55.4,0,0.57,0,,,83220968
17.07,FSM Enemy 8,FSM,PatrolState,None,1.00,47.1,0,0.57,0,,,83220968
17.07,FSM Enemy 1,FSM,PatrolState,None,1.00,88.7,0,0.57,0,,,83220968
17.07,FSM Enemy 14,FSM,PatrolState,None,1.00,58.5,0,0.57,0,,,83220968
17.07,FSM Enemy 3,FSM,PatrolState,None,1.00,82.2,0,0.57,0,,,83220968
17.07,FSM Enemy 6,FSM,Dead,None,0.00,15.1,0,0.57,0,,,83220968
17.07,FSM Enemy 5,FSM,PatrolState,None,1.00,72.8,0,0.57,0,,,83220968
17.07,FSM Enemy 4,FSM,PatrolState,None,1.00,35.3,0,0.57,0,,,83220968
17.07,Utility Enemy 7,Utility,Dead,None,0.00,21.8,0,0.57,16,0.439,0.149,83220968
17.07,Utility Enemy 2,Utility,PatrolAction,None,1.00,83.1,0,0.57,0,0.120,0.000,83220968
17.07,Utility Enemy 6,Utility,PatrolAction,None,1.00,58.2,0,0.57,0,0.120,0.000,83220968
17.07,Utility Enemy 11,Utility,PatrolAction,None,1.00,34.4,0,0.57,0,0.120,0.000,83220968
17.07,Utility Enemy 9,Utility,Dead,None,0.00,21.8,0,0.57,0,0.443,0.299,83220968
17.07,Utility Enemy 10,Utility,Dead,None,0.00,18.7,1,0.57,8,0.213,0.203,83220968
17.07,Utility Enemy 1,Utility,PatrolAction,None,1.00,88.1,0,0.57,0,0.120,0.000,83220968
17.07,Utility Enemy 14,Utility,PatrolAction,None,1.00,38.8,0,0.57,0,0.120,0.000,83220968
17.07,Utility Enemy 12,Utility,AttackAction,None,1.00,12.1,1,0.57,0,0.324,0.146,83220968
17.07,Utility Enemy 5,Utility,PatrolAction,None,1.00,80.7,0,0.57,0,0.120,0.000,83220968
17.07,Utility Enemy 4,Utility,PatrolAction,None,1.00,68.2,0,0.57,0,0.120,0.000,83220968
17.07,Utility Enemy 13,Utility,PatrolAction,None,1.00,35.1,0,0.57,0,0.120,0.000,83220968
17.07,Utility Enemy 8,Utility,PatrolAction,None,1.00,91.3,0,0.57,0,0.120,0.000,83220968
17.07,Utility Enemy 15,Utility,PatrolAction,None,1.00,67.6,0,0.57,0,0.120,0.000,83220968
17.07,Utility Enemy 3,Utility,PatrolAction,None,1.00,47.7,0,0.57,0,0.120,0.000,83220968
18.07,Player,Player,-,None,0.57,,0,0.57,,,,83220968
18.07,FSM Enemy 12,FSM,Dead,None,0.00,12.1,0,0.57,16,,,83220968
18.07,FSM Enemy 7,FSM,PatrolState,None,1.00,43.5,0,0.57,0,,,83220968
18.07,FSM Enemy 15,FSM,PatrolState,None,1.00,36.4,0,0.57,0,,,83220968
18.07,FSM Enemy 9,FSM,Dead,None,0.00,7.5,0,0.57,24,,,83220968
18.07,FSM Enemy 2,FSM,PatrolState,None,1.00,73.5,0,0.57,0,,,83220968
18.07,FSM Enemy 10,FSM,PatrolState,None,1.00,47.3,0,0.57,0,,,83220968
18.07,FSM Enemy 11,FSM,PatrolState,None,1.00,56.8,0,0.57,0,,,83220968
18.07,FSM Enemy 13,FSM,PatrolState,None,1.00,57.8,0,0.57,0,,,83220968
18.07,FSM Enemy 8,FSM,PatrolState,None,1.00,45.5,0,0.57,0,,,83220968
18.07,FSM Enemy 1,FSM,PatrolState,None,1.00,85.3,0,0.57,0,,,83220968
18.07,FSM Enemy 14,FSM,PatrolState,None,1.00,54.1,0,0.57,0,,,83220968
18.07,FSM Enemy 3,FSM,PatrolState,None,1.00,75.2,0,0.57,0,,,83220968
18.07,FSM Enemy 6,FSM,Dead,None,0.00,13.5,0,0.57,0,,,83220968
18.07,FSM Enemy 5,FSM,PatrolState,None,1.00,70.2,0,0.57,0,,,83220968
18.07,FSM Enemy 4,FSM,PatrolState,None,1.00,29.3,0,0.57,0,,,83220968
18.07,Utility Enemy 7,Utility,Dead,None,0.00,24.1,0,0.57,16,0.439,0.149,83220968
18.07,Utility Enemy 2,Utility,PatrolAction,None,1.00,78.4,0,0.57,0,0.120,0.000,83220968
18.07,Utility Enemy 6,Utility,PatrolAction,None,1.00,56.5,0,0.57,0,0.120,0.000,83220968
18.07,Utility Enemy 11,Utility,PatrolAction,None,1.00,42.5,0,0.57,0,0.120,0.000,83220968
18.07,Utility Enemy 9,Utility,Dead,None,0.00,19.2,0,0.57,0,0.443,0.299,83220968
18.07,Utility Enemy 10,Utility,Dead,None,0.00,18.3,0,0.57,8,0.213,0.203,83220968
18.07,Utility Enemy 1,Utility,PatrolAction,None,1.00,84.9,0,0.57,0,0.120,0.000,83220968
18.07,Utility Enemy 14,Utility,PatrolAction,None,1.00,32.5,0,0.57,0,0.120,0.000,83220968
18.07,Utility Enemy 12,Utility,ChaseAction,None,1.00,10.2,0,0.57,0,0.490,0.400,83220968
18.07,Utility Enemy 5,Utility,PatrolAction,None,1.00,73.1,0,0.57,0,0.120,0.000,83220968
18.07,Utility Enemy 4,Utility,PatrolAction,None,1.00,63.7,0,0.57,0,0.120,0.000,83220968
18.07,Utility Enemy 13,Utility,PatrolAction,None,1.00,40.6,0,0.57,0,0.120,0.000,83220968
18.07,Utility Enemy 8,Utility,PatrolAction,None,1.00,84.4,0,0.57,0,0.120,0.000,83220968
18.07,Utility Enemy 15,Utility,PatrolAction,None,1.00,64.1,0,0.57,0,0.120,0.000,83220968
18.07,Utility Enemy 3,Utility,PatrolAction,None,1.00,43.2,0,0.57,0,0.120,0.000,83220968
19.07,Player,Player,-,None,0.57,,0,0.57,,,,83220968
19.07,FSM Enemy 12,FSM,Dead,None,0.00,7.8,0,0.57,16,,,83220968
19.07,FSM Enemy 7,FSM,PatrolState,None,1.00,48.3,0,0.57,0,,,83220968
19.07,FSM Enemy 15,FSM,PatrolState,None,1.00,41.4,0,0.57,0,,,83220968
19.07,FSM Enemy 9,FSM,Dead,None,0.00,10.8,0,0.57,24,,,83220968
19.07,FSM Enemy 2,FSM,PatrolState,None,1.00,75.5,0,0.57,0,,,83220968
19.07,FSM Enemy 10,FSM,PatrolState,None,1.00,47.4,0,0.57,0,,,83220968
19.07,FSM Enemy 11,FSM,PatrolState,None,1.00,63.8,0,0.57,0,,,83220968
19.07,FSM Enemy 13,FSM,PatrolState,None,1.00,63.5,0,0.57,0,,,83220968
19.07,FSM Enemy 8,FSM,PatrolState,None,1.00,51.0,0,0.57,0,,,83220968
19.07,FSM Enemy 1,FSM,PatrolState,None,1.00,88.8,0,0.57,0,,,83220968
19.07,FSM Enemy 14,FSM,PatrolState,None,1.00,54.0,0,0.57,0,,,83220968
19.07,FSM Enemy 3,FSM,PatrolState,None,1.00,75.5,0,0.57,0,,,83220968
19.07,FSM Enemy 6,FSM,Dead,None,0.00,9.2,0,0.57,0,,,83220968
19.07,FSM Enemy 5,FSM,PatrolState,None,1.00,73.4,0,0.57,0,,,83220968
19.07,FSM Enemy 4,FSM,PatrolState,None,1.00,24.3,0,0.57,0,,,83220968
19.07,Utility Enemy 7,Utility,Dead,None,0.00,20.9,0,0.57,16,0.439,0.149,83220968
19.07,Utility Enemy 2,Utility,PatrolAction,None,1.00,77.3,0,0.57,0,0.120,0.000,83220968
19.07,Utility Enemy 6,Utility,PatrolAction,None,1.00,57.1,0,0.57,0,0.120,0.000,83220968
19.07,Utility Enemy 11,Utility,PatrolAction,None,1.00,51.4,0,0.57,0,0.120,0.000,83220968
19.07,Utility Enemy 9,Utility,Dead,None,0.00,14.6,0,0.57,0,0.443,0.299,83220968
19.07,Utility Enemy 10,Utility,Dead,None,0.00,14.1,0,0.57,8,0.213,0.203,83220968
19.07,Utility Enemy 1,Utility,PatrolAction,None,1.00,87.6,0,0.57,0,0.120,0.000,83220968
19.07,Utility Enemy 14,Utility,PatrolAction,None,1.00,30.9,0,0.57,0,0.120,0.000,83220968
19.07,Utility Enemy 12,Utility,ChaseAction,None,1.00,3.7,0,0.57,0,0.490,0.400,83220968
19.07,Utility Enemy 5,Utility,PatrolAction,None,1.00,77.9,0,0.57,0,0.120,0.000,83220968
19.07,Utility Enemy 4,Utility,PatrolAction,None,1.00,64.5,0,0.57,0,0.120,0.000,83220968
19.07,Utility Enemy 13,Utility,PatrolAction,None,1.00,49.1,0,0.57,0,0.120,0.000,83220968
19.07,Utility Enemy 8,Utility,PatrolAction,None,1.00,84.6,0,0.57,0,0.120,0.000,83220968
19.07,Utility Enemy 15,Utility,PatrolAction,None,1.00,68.0,0,0.57,0,0.120,0.000,83220968
19.07,Utility Enemy 3,Utility,PatrolAction,None,1.00,48.1,0,0.57,0,0.120,0.000,83220968
20.07,Player,Player,-,None,0.57,,0,0.57,,,,83220968
20.07,FSM Enemy 12,FSM,Dead,None,0.00,7.3,0,0.57,16,,,83220968
20.07,FSM Enemy 7,FSM,PatrolState,None,1.00,49.5,0,0.57,0,,,83220968
20.07,FSM Enemy 15,FSM,PatrolState,None,1.00,42.9,0,0.57,0,,,83220968
20.07,FSM Enemy 9,FSM,Dead,None,0.00,12.0,0,0.57,24,,,83220968
20.07,FSM Enemy 2,FSM,PatrolState,None,1.00,77.9,0,0.57,0,,,83220968
20.07,FSM Enemy 10,FSM,PatrolState,None,1.00,48.6,0,0.57,0,,,83220968
20.07,FSM Enemy 11,FSM,PatrolState,None,1.00,67.2,0,0.57,0,,,83220968
20.07,FSM Enemy 13,FSM,PatrolState,None,1.00,64.4,0,0.57,0,,,83220968
20.07,FSM Enemy 8,FSM,PatrolState,None,1.00,50.1,0,0.57,0,,,83220968
20.07,FSM Enemy 1,FSM,PatrolState,None,1.00,89.7,0,0.57,0,,,83220968
20.07,FSM Enemy 14,FSM,PatrolState,None,1.00,55.8,0,0.57,0,,,83220968
20.07,FSM Enemy 3,FSM,PatrolState,None,1.00,74.6,0,0.57,0,,,83220968
20.07,FSM Enemy 6,FSM,Dead,None,0.00,8.7,0,0.57,0,,,83220968
20.07,FSM Enemy 5,FSM,PatrolState,None,1.00,73.8,0,0.57,0,,,83220968
20.07,FSM Enemy 4,FSM,PatrolState,None,1.00,22.3,0,0.57,0,,,83220968
20.07,Utility Enemy 7,Utility,Dead,None,0.00,20.4,0,0.57,16,0.439,0.149,83220968
20.07,Utility Enemy 2,Utility,PatrolAction,None,1.00,75.4,0,0.57,0,0.120,0.000,83220968
20.07,Utility Enemy 6,Utility,PatrolAction,None,1.00,56.5,0,0.57,0,0.120,0.000,83220968
20.07,Utility Enemy 11,Utility,PatrolAction,None,1.00,56.6,0,0.57,0,0.120,0.000,83220968
20.07,Utility Enemy 9,Utility,Dead,None,0.00,13.7,0,0.57,0,0.443,0.299,83220968
20.07,Utility Enemy 10,Utility,Dead,None,0.00,13.4,0,0.57,8,0.213,0.203,83220968
20.07,Utility Enemy 1,Utility,PatrolAction,None,1.00,88.2,0,0.57,0,0.120,0.000,83220968
20.07,Utility Enemy 14,Utility,PatrolAction,None,1.00,34.6,0,0.57,0,0.120,0.000,83220968
20.07,Utility Enemy 12,Utility,ChaseAction,None,1.00,6.4,0,0.57,0,0.490,0.400,83220968
20.07,Utility Enemy 5,Utility,PatrolAction,None,1.00,77.8,0,0.57,0,0.120,0.000,83220968
20.07,Utility Enemy 4,Utility,PatrolAction,None,1.00,66.8,0,0.57,0,0.120,0.000,83220968
20.07,Utility Enemy 13,Utility,PatrolAction,None,1.00,52.3,0,0.57,0,0.120,0.000,83220968
20.07,Utility Enemy 8,Utility,PatrolAction,None,1.00,82.0,0,0.57,0,0.120,0.000,83220968
20.07,Utility Enemy 15,Utility,PatrolAction,None,1.00,68.3,0,0.57,0,0.120,0.000,83220968
20.07,Utility Enemy 3,Utility,PatrolAction,None,1.00,52.6,0,0.57,0,0.120,0.000,83220968
21.08,Player,Player,-,None,0.57,,0,0.57,,,,83220968
21.08,FSM Enemy 12,FSM,ChaseState,None,1.00,74.1,0,0.57,16,,,83220968
21.08,FSM Enemy 7,FSM,PatrolState,None,1.00,51.9,0,0.57,0,,,83220968
21.08,FSM Enemy 15,FSM,PatrolState,None,1.00,46.5,0,0.57,0,,,83220968
21.08,FSM Enemy 9,FSM,Dead,None,0.00,15.5,0,0.57,24,,,83220968
21.08,FSM Enemy 2,FSM,PatrolState,None,1.00,78.8,0,0.57,0,,,83220968
21.08,FSM Enemy 10,FSM,PatrolState,None,1.00,50.6,0,0.57,0,,,83220968
21.08,FSM Enemy 11,FSM,PatrolState,None,1.00,68.8,0,0.57,0,,,83220968
21.08,FSM Enemy 13,FSM,PatrolState,None,1.00,65.9,0,0.57,0,,,83220968
21.08,FSM Enemy 8,FSM,PatrolState,None,1.00,49.2,0,0.57,0,,,83220968
21.08,FSM Enemy 1,FSM,PatrolState,None,1.00,91.1,0,0.57,0,,,83220968
21.08,FSM Enemy 14,FSM,PatrolState,None,1.00,55.9,0,0.57,0,,,83220968
21.08,FSM Enemy 3,FSM,PatrolState,None,1.00,73.8,0,0.57,0,,,83220968
21.08,FSM Enemy 6,FSM,PatrolState,None,1.00,59.0,0,0.57,0,,,83220968
21.08,FSM Enemy 5,FSM,PatrolState,None,1.00,78.2,0,0.57,0,,,83220968
21.08,FSM Enemy 4,FSM,PatrolState,None,1.00,18.6,0,0.57,0,,,83220968
21.08,Utility Enemy 7,Utility,Dead,None,0.00,20.2,0,0.57,16,0.439,0.149,83220968
21.08,Utility Enemy 2,Utility,PatrolAction,None,1.00,72.3,0,0.57,0,0.120,0.000,83220968
21.08,Utility Enemy 6,Utility,PatrolAction,None,1.00,59.8,0,0.57,0,0.120,0.000,83220968
21.08,Utility Enemy 11,Utility,PatrolAction,None,1.00,63.0,0,0.57,0,0.120,0.000,83220968
21.08,Utility Enemy 9,Utility,Dead,None,0.00,11.3,0,0.57,0,0.443,0.299,83220968
21.08,Utility Enemy 10,Utility,Dead,None,0.00,12.2,0,0.57,8,0.213,0.203,83220968
21.08,Utility Enemy 1,Utility,PatrolAction,None,1.00,87.7,0,0.57,0,0.120,0.000,83220968
21.08,Utility Enemy 14,Utility,PatrolAction,None,1.00,36.2,0,0.57,0,0.120,0.000,83220968
21.08,Utility Enemy 12,Utility,ChaseAction,None,1.00,11.6,0,0.57,0,0.490,0.400,83220968
21.08,Utility Enemy 5,Utility,PatrolAction,None,1.00,74.5,0,0.57,0,0.120,0.000,83220968
21.08,Utility Enemy 4,Utility,PatrolAction,None,1.00,70.1,0,0.57,0,0.120,0.000,83220968
21.08,Utility Enemy 13,Utility,PatrolAction,None,1.00,56.2,0,0.57,0,0.120,0.000,83220968
21.08,Utility Enemy 8,Utility,PatrolAction,None,1.00,83.3,0,0.57,0,0.120,0.000,83220968
21.08,Utility Enemy 15,Utility,PatrolAction,None,1.00,67.2,0,0.57,0,0.120,0.000,83220968
21.08,Utility Enemy 3,Utility,PatrolAction,None,1.00,51.3,0,0.57,0,0.120,0.000,83220968
22.08,Player,Player,-,None,0.57,,0,0.57,,,,83220968
22.08,FSM Enemy 12,FSM,PatrolState,None,1.00,70.2,0,0.57,16,,,83220968
22.08,FSM Enemy 7,FSM,PatrolState,None,1.00,50.8,0,0.57,0,,,83220968
22.08,FSM Enemy 15,FSM,PatrolState,None,1.00,46.5,0,0.57,0,,,83220968
22.08,FSM Enemy 9,FSM,Dead,None,0.00,16.2,0,0.57,24,,,83220968
22.08,FSM Enemy 2,FSM,PatrolState,None,1.00,78.4,0,0.57,0,,,83220968
22.08,FSM Enemy 10,FSM,PatrolState,None,1.00,51.7,0,0.57,0,,,83220968
22.08,FSM Enemy 11,FSM,PatrolState,None,1.00,66.6,0,0.57,0,,,83220968
22.08,FSM Enemy 13,FSM,PatrolState,None,1.00,63.6,0,0.57,0,,,83220968
22.08,FSM Enemy 8,FSM,PatrolState,None,1.00,45.8,0,0.57,0,,,83220968
22.08,FSM Enemy 1,FSM,PatrolState,None,1.00,90.7,0,0.57,0,,,83220968
22.08,FSM Enemy 14,FSM,PatrolState,None,1.00,57.2,0,0.57,0,,,83220968
22.08,FSM Enemy 3,FSM,PatrolState,None,1.00,73.9,0,0.57,0,,,83220968
22.08,FSM Enemy 6,FSM,PatrolState,None,1.00,56.4,0,0.57,0,,,83220968
22.08,FSM Enemy 5,FSM,PatrolState,None,1.00,79.4,0,0.57,0,,,83220968
22.08,FSM Enemy 4,FSM,PatrolState,None,1.00,17.8,0,0.57,0,,,83220968
22.08,Utility Enemy 7,Utility,Dead,None,0.00,21.8,0,0.57,16,0.439,0.149,83220968
22.08,Utility Enemy 2,Utility,PatrolAction,None,1.00,70.6,0,0.57,0,0.120,0.000,83220968
22.08,Utility Enemy 6,Utility,PatrolAction,None,1.00,59.2,0,0.57,0,0.120,0.000,83220968
22.08,Utility Enemy 11,Utility,PatrolAction,None,1.00,64.6,0,0.57,0,0.120,0.000,83220968
22.08,Utility Enemy 9,Utility,Dead,None,0.00,12.3,0,0.57,0,0.443,0.299,83220968
22.08,Utility Enemy 10,Utility,Dead,None,0.00,13.6,0,0.57,8,0.213,0.203,83220968
22.08,Utility Enemy 1,Utility,PatrolAction,None,1.00,89.4,0,0.57,0,0.120,0.000,83220968
22.08,Utility Enemy 14,Utility,PatrolAction,None,1.00,33.6,0,0.57,0,0.120,0.000,83220968
22.08,Utility Enemy 12,Utility,PatrolAction,None,1.00,11.7,0,0.57,0,0.120,0.000,83220968
22.08,Utility Enemy 5,Utility,PatrolAction,None,1.00,70.4,0,0.57,0,0.120,0.000,83220968
22.08,Utility Enemy 4,Utility,PatrolAction,None,1.00,70.5,0,0.57,0,0.120,0.000,83220968
22.08,Utility Enemy 13,Utility,PatrolAction,None,1.00,52.1,0,0.57,0,0.120,0.000,83220968
22.08,Utility Enemy 8,Utility,PatrolAction,None,1.00,84.3,0,0.57,0,0.120,0.000,83220968
22.08,Utility Enemy 15,Utility,PatrolAction,None,1.00,66.8,0,0.57,0,0.120,0.000,83220968
22.08,Utility Enemy 3,Utility,PatrolAction,None,1.00,47.9,0,0.57,0,0.120,0.000,83220968
23.08,Player,Player,-,None,0.57,,0,0.57,,,,83220968
23.08,FSM Enemy 12,FSM,PatrolState,None,1.00,69.2,0,0.57,16,,,83220968
23.08,FSM Enemy 7,FSM,PatrolState,None,1.00,50.2,0,0.57,0,,,83220968
23.08,FSM Enemy 15,FSM,PatrolState,None,1.00,47.8,0,0.57,0,,,83220968
23.08,FSM Enemy 9,FSM,Dead,None,0.00,15.8,0,0.57,24,,,83220968
23.08,FSM Enemy 2,FSM,PatrolState,None,1.00,79.7,0,0.57,0,,,83220968
23.08,FSM Enemy 10,FSM,PatrolState,None,1.00,54.2,0,0.57,0,,,83220968
23.08,FSM Enemy 11,FSM,PatrolState,None,1.00,64.7,0,0.57,0,,,83220968
23.08,FSM Enemy 13,FSM,PatrolState,None,1.00,62.5,0,0.57,0,,,83220968
23.08,FSM Enemy 8,FSM,PatrolState,None,1.00,45.0,0,0.57,0,,,83220968
23.08,FSM Enemy 1,FSM,PatrolState,None,1.00,94.2,0,0.57,0,,,83220968
23.08,FSM Enemy 14,FSM,PatrolState,None,1.00,58.3,0,0.57,0,,,83220968
23.08,FSM Enemy 3,FSM,PatrolState,None,1.00,76.9,0,0.57,0,,,83220968
23.08,FSM Enemy 6,FSM,PatrolState,None,1.00,54.5,0,0.57,0,,,83220968
23.08,FSM Enemy 5,FSM,PatrolState,None,1.00,83.0,0,0.57,0,,,83220968
23.08,FSM Enemy 4,FSM,PatrolState,None,1.00,17.9,0,0.57,0,,,83220968
23.08,Utility Enemy 7,Utility,Dead,None,0.00,20.2,0,0.57,16,0.439,0.149,83220968
23.08,Utility Enemy 2,Utility,PatrolAction,None,1.00,68.7,0,0.57,0,0.120,0.000,83220968
23.08,Utility Enemy 6,Utility,PatrolAction,None,1.00,60.4,0,0.57,0,0.120,0.000,83220968
23.08,Utility Enemy 11,Utility,PatrolAction,None,1.00,68.5,0,0.57,0,0.120,0.000,83220968
23.08,Utility Enemy 9,Utility,Dead,None,0.00,11.1,0,0.57,0,0.443,0.299,83220968
23.08,Utility Enemy 10,Utility,PatrolAction,None,1.00,21.9,0,0.57,8,0.120,0.000,83220968
23.08,Utility Enemy 1,Utility,PatrolAction,None,1.00,95.0,0,0.57,0,0.120,0.000,83220968
23.08,Utility Enemy 14,Utility,PatrolAction,None,1.00,32.4,0,0.57,0,0.120,0.000,83220968
23.08,Utility Enemy 12,Utility,PatrolAction,None,1.00,9.9,0,0.57,0,0.120,0.000,83220968
23.08,Utility Enemy 5,Utility,PatrolAction,None,1.00,68.5,0,0.57,0,0.120,0.000,83220968
23.08,Utility Enemy 4,Utility,PatrolAction,None,1.00,75.4,0,0.57,0,0.120,0.000,83220968
23.08,Utility Enemy 13,Utility,PatrolAction,None,1.00,48.4,0,0.57,0,0.120,0.000,83220968
23.08,Utility Enemy 8,Utility,PatrolAction,None,1.00,89.1,0,0.57,0,0.120,0.000,83220968
23.08,Utility Enemy 15,Utility,PatrolAction,None,1.00,71.0,0,0.57,0,0.120,0.000,83220968
23.08,Utility Enemy 3,Utility,PatrolAction,None,1.00,47.1,0,0.57,0,0.120,0.000,83220968
24.09,Player,Player,-,None,0.57,,0,0.57,,,,83220968
24.09,FSM Enemy 12,FSM,PatrolState,None,1.00,67.0,0,0.57,16,,,83220968
24.09,FSM Enemy 7,FSM,PatrolState,None,1.00,48.5,0,0.57,0,,,83220968
24.09,FSM Enemy 15,FSM,PatrolState,None,1.00,47.7,0,0.57,0,,,83220968
24.09,FSM Enemy 9,FSM,Dead,None,0.00,15.2,0,0.57,24,,,83220968
24.09,FSM Enemy 2,FSM,PatrolState,None,1.00,78.5,0,0.57,0,,,83220968
24.09,FSM Enemy 10,FSM,PatrolState,None,1.00,55.3,0,0.57,0,,,83220968
24.09,FSM Enemy 11,FSM,PatrolState,None,1.00,61.9,0,0.57,0,,,83220968
24.09,FSM Enemy 13,FSM,PatrolState,None,1.00,60.1,0,0.57,0,,,83220968
24.09,FSM Enemy 8,FSM,PatrolState,None,1.00,44.4,0,0.57,0,,,83220968
24.09,FSM Enemy 1,FSM,PatrolState,None,1.00,95.8,0,0.57,0,,,83220968
24.09,FSM Enemy 14,FSM,PatrolState,None,1.00,56.1,0,0.57,0,,,83220968
24.09,FSM Enemy 3,FSM,PatrolState,None,1.00,75.1,0,0.57,0,,,83220968
24.09,FSM Enemy 6,FSM,PatrolState,None,1.00,51.4,0,0.57,0,,,83220968
24.09,FSM Enemy 5,FSM,PatrolState,None,1.00,84.4,0,0.57,0,,,83220968
24.09,FSM Enemy 4,FSM,PatrolState,None,1.00,18.4,0,0.57,0,,,83220968
24.09,Utility Enemy 7,Utility,PatrolAction,None,1.00,61.8,0,0.57,16,0.120,0.000,83220968
24.09,Utility Enemy 2,Utility,PatrolAction,None,1.00,65.4,0,0.57,0,0.120,0.000,83220968
24.09,Utility Enemy 6,Utility,PatrolAction,None,1.00,57.2,0,0.57,0,0.120,0.000,83220968
24.09,Utility Enemy 11,Utility,PatrolAction,None,1.00,71.0,0,0.57,0,0.120,0.000,83220968
24.09,Utility Enemy 9,Utility,Dead,None,0.00,11.7,0,0.57,0,0.443,0.299,83220968
24.09,Utility Enemy 10,Utility,PatrolAction,None,1.00,21.4,0,0.57,8,0.120,0.000,83220968
24.09,Utility Enemy 1,Utility,PatrolAction,None,1.00,92.7,0,0.57,0,0.120,0.000,83220968
24.09,Utility Enemy 14,Utility,PatrolAction,None,1.00,31.3,0,0.57,0,0.120,0.000,83220968
24.09,Utility Enemy 12,Utility,PatrolAction,None,0.75,9.4,0,0.57,0,0.120,0.000,83220968
24.09,Utility Enemy 5,Utility,PatrolAction,None,1.00,63.8,0,0.57,0,0.120,0.000,83220968
24.09,Utility Enemy 4,Utility,PatrolAction,None,1.00,71.4,0,0.57,0,0.120,0.000,83220968
24.09,Utility Enemy 13,Utility,PatrolAction,None,1.00,45.3,0,0.57,0,0.120,0.000,83220968
24.09,Utility Enemy 8,Utility,PatrolAction,None,1.00,92.9,0,0.57,0,0.120,0.000,83220968
24.09,Utility Enemy 15,Utility,PatrolAction,None,1.00,74.7,0,0.57,0,0.120,0.000,83220968
24.09,Utility Enemy 3,Utility,PatrolAction,None,1.00,49.4,0,0.57,0,0.120,0.000,83220968
25.09,Player,Player,-,None,0.57,,0,0.57,,,,83220968
25.09,FSM Enemy 12,FSM,PatrolState,None,1.00,64.9,0,0.57,16,,,83220968
25.09,FSM Enemy 7,FSM,PatrolState,None,1.00,46.3,0,0.57,0,,,83220968
25.09,FSM Enemy 15,FSM,PatrolState,None,1.00,48.2,0,0.57,0,,,83220968
25.09,FSM Enemy 9,FSM,Dead,None,0.00,15.1,0,0.57,24,,,83220968
25.09,FSM Enemy 2,FSM,PatrolState,None,1.00,77.2,0,0.57,0,,,83220968
25.09,FSM Enemy 10,FSM,PatrolState,None,1.00,56.7,0,0.57,0,,,83220968
25.09,FSM Enemy 11,FSM,PatrolState,None,1.00,59.6,0,0.57,0,,,83220968
25.09,FSM Enemy 13,FSM,PatrolState,None,1.00,60.5,0,0.57,0,,,83220968
25.09,FSM Enemy 8,FSM,PatrolState,None,1.00,45.8,0,0.57,0,,,83220968
25.09,FSM Enemy 1,FSM,PatrolState,None,1.00,97.9,0,0.57,0,,,83220968
25.09,FSM Enemy 14,FSM,PatrolState,None,1.00,53.7,0,0.57,0,,,83220968
25.09,FSM Enemy 3,FSM,PatrolState,None,1.00,73.4,0,0.57,0,,,83220968
25.09,FSM Enemy 6,FSM,PatrolState,None,1.00,49.0,0,0.57,0,,,83220968
25.09,FSM Enemy 5,FSM,PatrolState,None,1.00,86.1,0,0.57,0,,,83220968
25.09,FSM Enemy 4,FSM,PatrolState,None,1.00,18.4,0,0.57,0,,,83220968
25.09,Utility Enemy 7,Utility,PatrolAction,None,1.00,61.4,0,0.57,16,0.120,0.000,83220968
25.09,Utility Enemy 2,Utility,PatrolAction,None,1.00,63.0,0,0.57,0,0.120,0.000,83220968
25.09,Utility Enemy 6,Utility,PatrolAction,None,1.00,53.8,0,0.57,0,0.120,0.000,83220968
25.09,Utility Enemy 11,Utility,PatrolAction,None,1.00,67.1,0,0.57,0,0.120,0.000,83220968
25.09,Utility Enemy 9,Utility,Dead,None,0.00,11.5,0,0.57,0,0.443,0.299,83220968
25.09,Utility Enemy 10,Utility,PatrolAction,None,1.00,23.3,0,0.57,8,0.120,0.000,83220968
25.09,Utility Enemy 1,Utility,PatrolAction,None,1.00,90.1,0,0.57,0,0.120,0.000,83220968
25.09,Utility Enemy 14,Utility,PatrolAction,None,1.00,32.5,0,0.57,0,0.120,0.000,83220968
25.09,Utility Enemy 12,Utility,Dead,None,0.00,7.8,1,0.57,0,0.556,0.510,83220968
25.09,Utility Enemy 5,Utility,PatrolAction,None,1.00,64.1,0,0.57,0,0.120,0.000,83220968
25.09,Utility Enemy 4,Utility,PatrolAction,None,1.00,67.3,0,0.57,0,0.120,0.000,83220968
25.09,Utility Enemy 13,Utility,PatrolAction,None,1.00,48.8,0,0.57,0,0.120,0.000,83220968
25.09,Utility Enemy 8,Utility,PatrolAction,None,1.00,95.8,0,0.57,0,0.120,0.000,83220968
25.09,Utility Enemy 15,Utility,PatrolAction,None,1.00,79.2,0,0.57,0,0.120,0.000,83220968
25.09,Utility Enemy 3,Utility,PatrolAction,None,1.00,52.5,0,0.57,0,0.120,0.000,83220968
26.09,Player,Player,-,None,0.57,,0,0.57,,,,83220968
26.09,FSM Enemy 12,FSM,PatrolState,None,1.00,61.3,0,0.57,16,,,83220968
26.09,FSM Enemy 7,FSM,PatrolState,None,1.00,49.5,0,0.57,0,,,83220968
26.09,FSM Enemy 15,FSM,PatrolState,None,1.00,50.0,0,0.57,0,,,83220968
26.09,FSM Enemy 9,FSM,Dead,None,0.00,16.9,0,0.57,24,,,83220968
26.09,FSM Enemy 2,FSM,PatrolState,None,1.00,74.3,0,0.57,0,,,83220968
26.09,FSM Enemy 10,FSM,PatrolState,None,1.00,56.4,0,0.57,0,,,83220968
26.09,FSM Enemy 11,FSM,PatrolState,None,1.00,59.2,0,0.57,0,,,83220968
26.09,FSM Enemy 13,FSM,PatrolState,None,1.00,64.1,0,0.57,0,,,83220968
26.09,FSM Enemy 8,FSM,PatrolState,None,1.00,47.2,0,0.57,0,,,83220968
26.09,FSM Enemy 1,FSM,PatrolState,None,1.00,99.9,0,0.57,0,,,83220968
26.09,FSM Enemy 14,FSM,PatrolState,None,1.00,50.1,0,0.57,0,,,83220968
26.09,FSM Enemy 3,FSM,PatrolState,None,1.00,70.9,0,0.57,0,,,83220968
26.09,FSM Enemy 6,FSM,PatrolState,None,1.00,48.1,0,0.57,0,,,83220968
26.09,FSM Enemy 5,FSM,PatrolState,None,1.00,85.6,0,0.57,0,,,83220968
26.09,FSM Enemy 4,FSM,PatrolState,None,1.00,17.1,0,0.57,0,,,83220968
26.09,Utility Enemy 7,Utility,PatrolAction,None,1.00,58.0,0,0.57,16,0.120,0.000,83220968
26.09,Utility Enemy 2,Utility,PatrolAction,None,1.00,59.1,0,0.57,0,0.120,0.000,83220968
26.09,Utility Enemy 6,Utility,PatrolAction,None,1.00,55.2,0,0.57,0,0.120,0.000,83220968
26.09,Utility Enemy 11,Utility,PatrolAction,None,1.00,64.6,0,0.57,0,0.120,0.000,83220968
26.09,Utility Enemy 9,Utility,Dead,None,0.00,10.9,0,0.57,0,0.443,0.299,83220968
26.09,Utility Enemy 10,Utility,PatrolAction,None,1.00,20.9,0,0.57,8,0.120,0.000,83220968
26.09,Utility Enemy 1,Utility,PatrolAction,None,1.00,91.6,0,0.57,0,0.120,0.000,83220968
26.09,Utility Enemy 14,Utility,PatrolAction,None,1.00,34.1,0,0.57,0,0.120,0.000,83220968
26.09,Utility Enemy 12,Utility,Dead,None,0.00,9.4,0,0.57,0,0.556,0.510,83220968
26.09,Utility Enemy 5,Utility,PatrolAction,None,1.00,67.6,0,0.57,0,0.120,0.000,83220968
26.09,Utility Enemy 4,Utility,PatrolAction,None,1.00,65.7,0,0.57,0,0.120,0.000,83220968
26.09,Utility Enemy 13,Utility,PatrolAction,None,1.00,53.2,0,0.57,0,0.120,0.000,83220968
26.09,Utility Enemy 8,Utility,PatrolAction,None,1.00,94.2,0,0.57,0,0.120,0.000,83220968
26.09,Utility Enemy 15,Utility,PatrolAction,None,1.00,83.1,0,0.57,0,0.120,0.000,83220968
26.09,Utility Enemy 3,Utility,PatrolAction,None,1.00,53.2,0,0.57,0,0.120,0.000,83220968
27.09,Player,Player,-,None,0.57,,0,0.57,,,,83220968
27.09,FSM Enemy 12,FSM,PatrolState,None,1.00,57.5,0,0.57,16,,,83220968
27.09,FSM Enemy 7,FSM,PatrolState,None,1.00,51.4,0,0.57,0,,,83220968
27.09,FSM Enemy 15,FSM,PatrolState,None,1.00,48.8,0,0.57,0,,,83220968
27.09,FSM Enemy 9,FSM,Dead,None,0.00,17.6,0,0.57,24,,,83220968
27.09,FSM Enemy 2,FSM,PatrolState,None,1.00,71.0,0,0.57,0,,,83220968
27.09,FSM Enemy 10,FSM,PatrolState,None,1.00,53.8,0,0.57,0,,,83220968
27.09,FSM Enemy 11,FSM,PatrolState,None,1.00,59.7,0,0.57,0,,,83220968
27.09,FSM Enemy 13,FSM,PatrolState,None,1.00,66.3,0,0.57,0,,,83220968
27.09,FSM Enemy 8,FSM,PatrolState,None,1.00,47.7,0,0.57,0,,,83220968
27.09,FSM Enemy 1,FSM,PatrolState,None,1.00,100.9,0,0.57,0,,,83220968
27.09,FSM Enemy 14,FSM,PatrolState,None,1.00,47.0,0,0.57,0,,,83220968
27.09,FSM Enemy 3,FSM,PatrolState,None,1.00,67.7,0,0.57,0,,,83220968
27.09,FSM Enemy 6,FSM,PatrolState,None,1.00,46.0,0,0.57,0,,,83220968
27.09,FSM Enemy 5,FSM,PatrolState,None,1.00,83.6,0,0.57,0,,,83220968
27.09,FSM Enemy 4,FSM,PatrolState,None,1.00,17.5,0,0.57,0,,,83220968
27.09,Utility Enemy 7,Utility,PatrolAction,None,1.00,53.4,0,0.57,16,0.120,0.000,83220968
27.09,Utility Enemy 2,Utility,PatrolAction,None,1.00,56.0,0,0.57,0,0.120,0.000,83220968
27.09,Utility Enemy 6,Utility,PatrolAction,None,1.00,52.4,0,0.57,0,0.120,0.000,83220968
27.09,Utility Enemy 11,Utility,PatrolAction,None,1.00,66.0,0,0.57,0,0.120,0.000,83220968
27.09,Utility Enemy 9,Utility,PatrolAction,None,1.00,52.8,0,0.57,0,0.120,0.000,83220968
27.09,Utility Enemy 10,Utility,PatrolAction,None,1.00,17.3,0,0.57,8,0.120,0.000,83220968
27.09,Utility Enemy 1,Utility,PatrolAction,None,1.00,93.3,0,0.57,0,0.120,0.000,83220968
27.09,Utility Enemy 14,Utility,PatrolAction,None,1.00,33.9,0,0.57,0,0.120,0.000,83220968
27.09,Utility Enemy 12,Utility,Dead,None,0.00,10.6,0,0.57,0,0.556,0.510,83220968
27.09,Utility Enemy 5,Utility,PatrolAction,None,1.00,70.5,0,0.57,0,0.120,0.000,83220968
27.09,Utility Enemy 4,Utility,PatrolAction,None,1.00,61.1,0,0.57,0,0.120,0.000,83220968
27.09,Utility Enemy 13,Utility,PatrolAction,None,1.00,52.2,0,0.57,0,0.120,0.000,83220968
27.09,Utility Enemy 8,Utility,PatrolAction,None,1.00,90.4,0,0.57,0,0.120,0.000,83220968
27.09,Utility Enemy 15,Utility,PatrolAction,None,1.00,84.0,0,0.57,0,0.120,0.000,83220968
27.09,Utility Enemy 3,Utility,PatrolAction,None,1.00,47.5,0,0.57,0,0.120,0.000,83220968
28.10,Player,Player,-,None,0.57,,0,0.57,,,,83220968
28.10,FSM Enemy 12,FSM,PatrolState,None,1.00,55.2,0,0.57,16,,,83220968
28.10,FSM Enemy 7,FSM,PatrolState,None,1.00,54.6,0,0.57,0,,,83220968
28.10,FSM Enemy 15,FSM,PatrolState,None,1.00,49.3,0,0.57,0,,,83220968
28.10,FSM Enemy 9,FSM,Dead,None,0.00,19.2,0,0.57,24,,,83220968
28.10,FSM Enemy 2,FSM,PatrolState,None,1.00,68.3,0,0.57,0,,,83220968
28.10,FSM Enemy 10,FSM,PatrolState,None,1.00,52.7,0,0.57,0,,,83220968
28.10,FSM Enemy 11,FSM,PatrolState,None,1.00,62.2,0,0.57,0,,,83220968
28.10,FSM Enemy 13,FSM,PatrolState,None,1.00,70.8,0,0.57,0,,,83220968
28.10,FSM Enemy 8,FSM,PatrolState,None,1.00,51.1,0,0.57,0,,,83220968
28.10,FSM Enemy 1,FSM,PatrolState,None,1.00,102.8,0,0.57,0,,,83220968
28.10,FSM Enemy 14,FSM,PatrolState,None,1.00,44.8,0,0.57,0,,,83220968
28.10,FSM Enemy 3,FSM,PatrolState,None,1.00,69.8,0,0.57,0,,,83220968
28.10,FSM Enemy 6,FSM,PatrolState,None,1.00,45.7,0,0.57,0,,,83220968
28.10,FSM Enemy 5,FSM,PatrolState,None,1.00,84.5,0,0.57,0,,,83220968
28.10,FSM Enemy 4,FSM,PatrolState,None,1.00,17.9,0,0.57,0,,,83220968
28.10,Utility Enemy 7,Utility,PatrolAction,None,1.00,52.1,0,0.57,16,0.120,0.000,83220968
28.10,Utility Enemy 2,Utility,PatrolAction,None,1.00,57.2,0,0.57,0,0.120,0.000,83220968
28.10,Utility Enemy 6,Utility,PatrolAction,None,1.00,51.7,0,0.57,0,0.120,0.000,83220968
28.10,Utility Enemy 11,Utility,PatrolAction,None,1.00,72.4,0,0.57,0,0.120,0.000,83220968
28.10,Utility Enemy 9,Utility,PatrolAction,None,1.00,58.9,0,0.57,0,0.120,0.000,83220968
28.10,Utility Enemy 10,Utility,PatrolAction,None,1.00,22.0,0,0.57,8,0.120,0.000,83220968
28.10,Utility Enemy 1,Utility,PatrolAction,None,1.00,90.6,0,0.57,0,0.120,0.000,83220968
28.10,Utility Enemy 14,Utility,PatrolAction,None,1.00,34.0,0,0.57,0,0.120,0.000,83220968
28.10,Utility Enemy 12,Utility,Dead,None,0.00,11.2,0,0.57,0,0.556,0.510,83220968
28.10,Utility Enemy 5,Utility,PatrolAction,None,1.00,71.7,0,0.57,0,0.120,0.000,83220968
28.10,Utility Enemy 4,Utility,PatrolAction,None,1.00,63.8,0,0.57,0,0.120,0.000,83220968
28.10,Utility Enemy 13,Utility,PatrolAction,None,1.00,53.5,0,0.57,0,0.120,0.000,83220968
28.10,Utility Enemy 8,Utility,PatrolAction,None,1.00,90.3,0,0.57,0,0.120,0.000,83220968
28.10,Utility Enemy 15,Utility,PatrolAction,None,1.00,86.4,0,0.57,0,0.120,0.000,83220968
28.10,Utility Enemy 3,Utility,PatrolAction,None,1.00,44.3,0,0.57,0,0.120,0.000,83220968
29.10,Player,Player,-,WallDisappear,0.57,,0,0.57,,,,83220968
29.10,FSM Enemy 12,FSM,ChaseState,WallDisappear,1.00,52.7,0,0.57,16,,,83220968
29.10,FSM Enemy 7,FSM,ChaseState,WallDisappear,1.00,57.5,0,0.57,0,,,83220968
29.10,FSM Enemy 15,FSM,ChaseState,WallDisappear,1.00,51.1,0,0.57,0,,,83220968
29.10,FSM Enemy 9,FSM,Dead,WallDisappear,0.00,21.3,0,0.57,24,,,83220968
29.10,FSM Enemy 2,FSM,ChaseState,WallDisappear,1.00,65.5,0,0.57,0,,,83220968
29.10,FSM Enemy 10,FSM,ChaseState,WallDisappear,1.00,51.4,0,0.57,0,,,83220968
29.10,FSM Enemy 11,FSM,ChaseState,WallDisappear,1.00,64.6,0,0.57,0,,,83220968
29.10,FSM Enemy 13,FSM,ChaseState,WallDisappear,1.00,74.5,0,0.57,0,,,83220968
29.10,FSM Enemy 8,FSM,ChaseState,WallDisappear,1.00,54.9,0,0.57,0,,,83220968
29.10,FSM Enemy 1,FSM,ChaseState,WallDisappear,1.00,103.3,0,0.57,0,,,83220968
29.10,FSM Enemy 14,FSM,ChaseState,WallDisappear,1.00,43.9,0,0.57,0,,,83220968
29.10,FSM Enemy 3,FSM,ChaseState,WallDisappear,1.00,71.9,0,0.57,0,,,83220968
29.10,FSM Enemy 6,FSM,ChaseState,WallDisappear,1.00,46.1,0,0.57,0,,,83220968
29.10,FSM Enemy 5,FSM,ChaseState,WallDisappear,1.00,85.4,0,0.57,0,,,83220968
29.10,FSM Enemy 4,FSM,ChaseState,WallDisappear,1.00,17.1,0,0.57,0,,,83220968
29.10,Utility Enemy 7,Utility,ChaseAction,WallDisappear,1.00,51.2,0,0.57,16,0.850,0.300,83220968
29.10,Utility Enemy 2,Utility,ChaseAction,WallDisappear,1.00,59.7,0,0.57,0,0.850,0.300,83220968
29.10,Utility Enemy 6,Utility,ChaseAction,WallDisappear,1.00,52.6,0,0.57,0,0.850,0.300,83220968
29.10,Utility Enemy 11,Utility,ChaseAction,WallDisappear,1.00,77.7,0,0.57,0,0.850,0.300,83220968
29.10,Utility Enemy 9,Utility,ChaseAction,WallDisappear,1.00,63.4,0,0.57,0,0.850,0.300,83220968
29.10,Utility Enemy 10,Utility,ChaseAction,WallDisappear,1.00,27.4,0,0.57,8,0.850,0.300,83220968
29.10,Utility Enemy 1,Utility,ChaseAction,WallDisappear,1.00,89.3,0,0.57,0,0.850,0.300,83220968
29.10,Utility Enemy 14,Utility,ChaseAction,WallDisappear,1.00,35.0,0,0.57,0,0.850,0.300,83220968
29.10,Utility Enemy 12,Utility,Dead,WallDisappear,0.00,11.9,1,0.57,0,0.556,0.510,83220968
29.10,Utility Enemy 5,Utility,ChaseAction,WallDisappear,1.00,72.6,0,0.57,0,0.850,0.300,83220968
29.10,Utility Enemy 4,Utility,ChaseAction,WallDisappear,1.00,66.9,0,0.57,0,0.850,0.300,83220968
29.10,Utility Enemy 13,Utility,ChaseAction,WallDisappear,1.00,59.2,0,0.57,0,0.850,0.300,83220968
29.10,Utility Enemy 8,Utility,ChaseAction,WallDisappear,1.00,94.9,0,0.57,0,0.850,0.300,83220968
29.10,Utility Enemy 15,Utility,ChaseAction,WallDisappear,1.00,87.6,0,0.57,0,0.850,0.300,83220968
29.10,Utility Enemy 3,Utility,ChaseAction,WallDisappear,1.00,43.1,0,0.57,0,0.850,0.300,83220968
30.11,Player,Player,-,WallDisappear,0.57,,0,0.57,,,,83220968
30.11,FSM Enemy 12,FSM,ChaseState,WallDisappear,1.00,47.4,0,0.57,16,,,83220968
30.11,FSM Enemy 7,FSM,ChaseState,WallDisappear,1.00,55.8,0,0.57,0,,,83220968
30.11,FSM Enemy 15,FSM,ChaseState,WallDisappear,1.00,50.8,0,0.57,0,,,83220968
30.11,FSM Enemy 9,FSM,Dead,WallDisappear,0.00,21.5,0,0.57,24,,,83220968
30.11,FSM Enemy 2,FSM,ChaseState,WallDisappear,1.00,60.3,0,0.57,0,,,83220968
30.11,FSM Enemy 10,FSM,ChaseState,WallDisappear,1.00,47.0,0,0.57,0,,,83220968
30.11,FSM Enemy 11,FSM,ChaseState,WallDisappear,1.00,62.0,0,0.57,0,,,83220968
30.11,FSM Enemy 13,FSM,ChaseState,WallDisappear,1.00,70.9,0,0.57,0,,,83220968
30.11,FSM Enemy 8,FSM,ChaseState,WallDisappear,1.00,50.5,0,0.57,0,,,83220968
30.11,FSM Enemy 1,FSM,ChaseState,WallDisappear,1.00,98.6,0,0.57,0,,,83220968
30.11,FSM Enemy 14,FSM,ChaseState,WallDisappear,1.00,40.4,0,0.57,0,,,83220968
30.11,FSM Enemy 3,FSM,ChaseState,WallDisappear,1.00,66.9,0,0.57,0,,,83220968
30.11,FSM Enemy 6,FSM,ChaseState,WallDisappear,1.00,42.2,0,0.57,0,,,83220968
30.11,FSM Enemy 5,FSM,ChaseState,WallDisappear,1.00,80.9,0,0.57,0,,,83220968
30.11,FSM Enemy 4,FSM,ChaseState,WallDisappear,1.00,16.5,0,0.57,0,,,83220968
30.11,Utility Enemy 7,Utility,ChaseAction,WallDisappear,1.00,46.0,0,0.57,16,0.850,0.300,83220968
30.11,Utility Enemy 2,Utility,ChaseAction,WallDisappear,1.00,56.1,0,0.57,0,0.850,0.300,83220968
30.11,Utility Enemy 6,Utility,ChaseAction,WallDisappear,1.00,51.9,0,0.57,0,0.850,0.300,83220968
30.11,Utility Enemy 11,Utility,ChaseAction,WallDisappear,1.00,74.1,0,0.57,0,0.850,0.300,83220968
30.11,Utility Enemy 9,Utility,ChaseAction,WallDisappear,1.00,62.0,0,0.57,0,0.850,0.300,83220968
30.11,Utility Enemy 10,Utility,ChaseAction,WallDisappear,1.00,24.2,0,0.57,8,0.850,0.300,83220968
30.11,Utility Enemy 1,Utility,ChaseAction,WallDisappear,1.00,84.6,0,0.57,0,0.850,0.300,83220968
30.11,Utility Enemy 14,Utility,ChaseAction,WallDisappear,1.00,33.3,0,0.57,0,0.850,0.300,83220968
30.11,Utility Enemy 12,Utility,Dead,WallDisappear,0.00,11.8,1,0.57,0,0.556,0.510,83220968
30.11,Utility Enemy 5,Utility,ChaseAction,WallDisappear,1.00,67.8,0,0.57,0,0.850,0.300,83220968
30.11,Utility Enemy 4,Utility,ChaseAction,WallDisappear,1.00,63.5,0,0.57,0,0.850,0.300,83220968
30.11,Utility Enemy 13,Utility,ChaseAction,WallDisappear,1.00,56.1,0,0.57,0,0.850,0.300,83220968
30.11,Utility Enemy 8,Utility,ChaseAction,WallDisappear,1.00,90.3,0,0.57,0,0.850,0.300,83220968
30.11,Utility Enemy 15,Utility,ChaseAction,WallDisappear,1.00,83.1,0,0.57,0,0.850,0.300,83220968
30.11,Utility Enemy 3,Utility,ChaseAction,WallDisappear,1.00,41.0,0,0.57,0,0.850,0.300,83220968
31.11,Player,Player,-,WallDisappear,0.57,,0,0.57,,,,83220968
31.11,FSM Enemy 12,FSM,ChaseState,WallDisappear,1.00,41.8,0,0.57,16,,,83220968
31.11,FSM Enemy 7,FSM,ChaseState,WallDisappear,1.00,51.0,0,0.57,0,,,83220968
31.11,FSM Enemy 15,FSM,ChaseState,WallDisappear,1.00,47.5,0,0.57,0,,,83220968
31.11,FSM Enemy 9,FSM,PatrolState,WallDisappear,1.00,28.4,0,0.57,24,,,83220968
31.11,FSM Enemy 2,FSM,ChaseState,WallDisappear,1.00,55.2,0,0.57,0,,,83220968
31.11,FSM Enemy 10,FSM,ChaseState,WallDisappear,1.00,41.4,0,0.57,0,,,83220968
31.11,FSM Enemy 11,FSM,ChaseState,WallDisappear,1.00,56.0,0,0.57,0,,,83220968
31.11,FSM Enemy 13,FSM,ChaseState,WallDisappear,1.00,63.9,0,0.57,0,,,83220968
31.11,FSM Enemy 8,FSM,ChaseState,WallDisappear,1.00,42.5,0,0.57,0,,,83220968
31.11,FSM Enemy 1,FSM,ChaseState,WallDisappear,1.00,90.8,0,0.57,0,,,83220968
31.11,FSM Enemy 14,FSM,ChaseState,WallDisappear,1.00,37.4,0,0.57,0,,,83220968
31.11,FSM Enemy 3,FSM,ChaseState,WallDisappear,1.00,59.8,0,0.57,0,,,83220968
31.11,FSM Enemy 6,FSM,ChaseState,WallDisappear,1.00,35.8,0,0.57,0,,,83220968
31.11,FSM Enemy 5,FSM,ChaseState,WallDisappear,1.00,73.0,0,0.57,0,,,83220968
31.11,FSM Enemy 4,FSM,ChaseState,WallDisappear,1.00,17.0,0,0.57,0,,,83220968
31.11,Utility Enemy 7,Utility,ChaseAction,WallDisappear,1.00,40.1,0,0.57,16,0.850,0.300,83220968
31.11,Utility Enemy 2,Utility,ChaseAction,WallDisappear,1.00,51.2,0,0.57,0,0.850,0.300,83220968
31.11,Utility Enemy 6,Utility,ChaseAction,WallDisappear,1.00,48.0,0,0.57,0,0.850,0.300,83220968
31.11,Utility Enemy 11,Utility,ChaseAction,WallDisappear,1.00,67.4,0,0.57,0,0.850,0.300,83220968
31.11,Utility Enemy 9,Utility,ChaseAction,WallDisappear,1.00,56.2,0,0.57,0,0.850,0.300,83220968
31.11,Utility Enemy 10,Utility,ChaseAction,WallDisappear,1.00,18.5,0,0.57,8,0.850,0.300,83220968
31.11,Utility Enemy 1,Utility,ChaseAction,WallDisappear,1.00,76.8,0,0.57,0,0.850,0.300,83220968
31.11,Utility Enemy 14,Utility,ChaseAction,WallDisappear,1.00,31.8,0,0.57,0,0.850,0.300,83220968
31.11,Utility Enemy 12,Utility,Dead,WallDisappear,0.00,11.6,0,0.57,0,0.556,0.510,83220968
31.11,Utility Enemy 5,Utility,ChaseAction,WallDisappear,1.00,60.8,0,0.57,0,0.850,0.300,83220968
31.11,Utility Enemy 4,Utility,ChaseAction,WallDisappear,1.00,55.6,0,0.57,0,0.850,0.300,83220968
31.11,Utility Enemy 13,Utility,ChaseAction,WallDisappear,1.00,49.4,0,0.57,0,0.850,0.300,83220968
31.11,Utility Enemy 8,Utility,ChaseAction,WallDisappear,1.00,82.6,0,0.57,0,0.850,0.300,83220968
31.11,Utility Enemy 15,Utility,ChaseAction,WallDisappear,1.00,75.3,0,0.57,0,0.850,0.300,83220968
31.11,Utility Enemy 3,Utility,ChaseAction,WallDisappear,1.00,38.3,0,0.57,0,0.850,0.300,83220968
32.11,Player,Player,-,WallDisappear,0.57,,0,0.57,,,,83220968
32.11,FSM Enemy 12,FSM,ChaseState,WallDisappear,1.00,39.4,0,0.57,16,,,83220968
32.11,FSM Enemy 7,FSM,ChaseState,WallDisappear,1.00,44.0,0,0.57,0,,,83220968
32.11,FSM Enemy 15,FSM,ChaseState,WallDisappear,1.00,42.5,0,0.57,0,,,83220968
32.11,FSM Enemy 9,FSM,PatrolState,WallDisappear,1.00,25.9,0,0.57,24,,,83220968
32.11,FSM Enemy 2,FSM,ChaseState,WallDisappear,1.00,52.9,0,0.57,0,,,83220968
32.11,FSM Enemy 10,FSM,ChaseState,WallDisappear,1.00,38.2,0,0.57,0,,,83220968
32.11,FSM Enemy 11,FSM,ChaseState,WallDisappear,1.00,47.7,0,0.57,0,,,83220968
32.11,FSM Enemy 13,FSM,ChaseState,WallDisappear,1.00,55.1,0,0.57,0,,,83220968
32.11,FSM Enemy 8,FSM,ChaseState,WallDisappear,1.00,34.7,0,0.57,0,,,83220968
32.11,FSM Enemy 1,FSM,ChaseState,WallDisappear,1.00,82.9,0,0.57,0,,,83220968
32.11,FSM Enemy 14,FSM,ChaseState,WallDisappear,1.00,37.2,0,0.57,0,,,83220968
32.11,FSM Enemy 3,FSM,ChaseState,WallDisappear,1.00,54.0,0,0.57,0,,,83220968
32.11,FSM Enemy 6,FSM,ChaseState,WallDisappear,1.00,26.9,0,0.57,0,,,83220968
32.11,FSM Enemy 5,FSM,ChaseState,WallDisappear,1.00,64.2,0,0.57,0,,,83220968
32.11,FSM Enemy 4,FSM,ChaseState,WallDisappear,1.00,18.7,0,0.57,0,,,83220968
32.11,Utility Enemy 7,Utility,ChaseAction,WallDisappear,1.00,37.0,0,0.57,16,0.850,0.300,83220968
32.11,Utility Enemy 2,Utility,ChaseAction,WallDisappear,1.00,48.2,0,0.57,0,0.850,0.300,83220968
32.11,Utility Enemy 6,Utility,ChaseAction,WallDisappear,1.00,42.3,0,0.57,0,0.850,0.300,83220968
32.11,Utility Enemy 11,Utility,ChaseAction,WallDisappear,1.00,57.9,0,0.57,0,0.850,0.300,83220968
32.11,Utility Enemy 9,Utility,ChaseAction,WallDisappear,1.00,46.4,0,0.57,0,0.850,0.300,83220968
32.11,Utility Enemy 10,Utility,ChaseAction,WallDisappear,0.25,11.6,0,0.57,8,0.850,0.300,83220968
32.11,Utility Enemy 1,Utility,ChaseAction,WallDisappear,1.00,68.9,0,0.57,0,0.850,0.300,83220968
32.11,Utility Enemy 14,Utility,ChaseAction,WallDisappear,1.00,30.8,0,0.57,0,0.850,0.300,83220968
32.11,Utility Enemy 12,Utility,Dead,WallDisappear,0.00,10.2,1,0.57,0,0.556,0.510,83220968
32.11,Utility Enemy 5,Utility,ChaseAction,WallDisappear,1.00,55.1,0,0.57,0,0.850,0.300,83220968
32.11,Utility Enemy 4,Utility,ChaseAction,WallDisappear,1.00,47.3,0,0.57,0,0.850,0.300,83220968
32.11,Utility Enemy 13,Utility,ChaseAction,WallDisappear,1.00,41.4,0,0.57,0,0.850,0.300,83220968
32.11,Utility Enemy 8,Utility,ChaseAction,WallDisappear,1.00,74.6,0,0.57,0,0.850,0.300,83220968
32.11,Utility Enemy 15,Utility,ChaseAction,WallDisappear,1.00,67.5,0,0.57,0,0.850,0.300,83220968
32.11,Utility Enemy 3,Utility,ChaseAction,WallDisappear,1.00,36.5,0,0.57,0,0.850,0.300,83220968
33.11,Player,Player,-,WallDisappear,0.57,,0,0.57,,,,83220968
33.11,FSM Enemy 12,FSM,ChaseState,WallDisappear,1.00,39.1,0,0.57,16,,,83220968
33.11,FSM Enemy 7,FSM,ChaseState,WallDisappear,1.00,37.6,0,0.57,0,,,83220968
33.11,FSM Enemy 15,FSM,ChaseState,WallDisappear,1.00,35.9,0,0.57,0,,,83220968
33.11,FSM Enemy 9,FSM,PatrolState,WallDisappear,1.00,26.1,0,0.57,24,,,83220968
33.11,FSM Enemy 2,FSM,ChaseState,WallDisappear,1.00,52.3,0,0.57,0,,,83220968
33.11,FSM Enemy 10,FSM,ChaseState,WallDisappear,1.00,36.5,0,0.57,0,,,83220968
33.11,FSM Enemy 11,FSM,ChaseState,WallDisappear,1.00,39.8,0,0.57,0,,,83220968
33.11,FSM Enemy 13,FSM,ChaseState,WallDisappear,1.00,46.7,0,0.57,0,,,83220968
33.11,FSM Enemy 8,FSM,ChaseState,WallDisappear,1.00,32.1,0,0.57,0,,,83220968
33.11,FSM Enemy 1,FSM,ChaseState,WallDisappear,1.00,75.9,0,0.57,0,,,83220968
33.11,FSM Enemy 14,FSM,ChaseState,WallDisappear,1.00,38.4,0,0.57,0,,,83220968
33.11,FSM Enemy 3,FSM,ChaseState,WallDisappear,1.00,49.7,0,0.57,0,,,83220968
33.11,FSM Enemy 6,FSM,ChaseState,WallDisappear,1.00,18.1,1,0.57,0,,,83220968
33.11,FSM Enemy 5,FSM,ChaseState,WallDisappear,1.00,56.3,0,0.57,0,,,83220968
33.11,FSM Enemy 4,FSM,ChaseState,WallDisappear,1.00,21.6,0,0.57,0,,,83220968
33.11,Utility Enemy 7,Utility,ChaseAction,WallDisappear,1.00,35.9,0,0.57,16,0.850,0.300,83220968
33.11,Utility Enemy 2,Utility,ChaseAction,WallDisappear,1.00,46.5,0,0.57,0,0.850,0.300,83220968
33.11,Utility Enemy 6,Utility,ChaseAction,WallDisappear,1.00,37.4,0,0.57,0,0.850,0.300,83220968
33.11,Utility Enemy 11,Utility,ChaseAction,WallDisappear,1.00,47.9,0,0.57,0,0.850,0.300,83220968
33.11,Utility Enemy 9,Utility,ChaseAction,WallDisappear,1.00,36.4,0,0.57,0,0.850,0.300,83220968
33.11,Utility Enemy 10,Utility,Dead,WallDisappear,0.00,6.1,0,0.57,8,0.850,0.300,83220968
33.11,Utility Enemy 1,Utility,ChaseAction,WallDisappear,1.00,62.4,0,0.57,0,0.850,0.300,83220968
33.11,Utility Enemy 14,Utility,ChaseAction,WallDisappear,1.00,30.8,0,0.57,0,0.850,0.300,83220968
33.11,Utility Enemy 12,Utility,Dead,WallDisappear,0.00,10.9,0,0.57,0,0.556,0.510,83220968
33.11,Utility Enemy 5,Utility,ChaseAction,WallDisappear,1.00,50.9,0,0.57,0,0.850,0.300,83220968
33.11,Utility Enemy 4,Utility,ChaseAction,WallDisappear,1.00,40.3,0,0.57,0,0.850,0.300,83220968
33.11,Utility Enemy 13,Utility,ChaseAction,WallDisappear,1.00,35.0,0,0.57,0,0.850,0.300,83220968
33.11,Utility Enemy 8,Utility,ChaseAction,WallDisappear,1.00,67.8,0,0.57,0,0.850,0.300,83220968
33.11,Utility Enemy 15,Utility,ChaseAction,WallDisappear,1.00,60.9,0,0.57,0,0.850,0.300,83220968
33.11,Utility Enemy 3,Utility,ChaseAction,WallDisappear,1.00,35.8,0,0.57,0,0.850,0.300,83220968
34.12,Player,Player,-,None,0.57,,0,0.57,,,,83220968
34.12,FSM Enemy 12,FSM,PatrolState,None,1.00,39.0,0,0.57,16,,,83220968
34.12,FSM Enemy 7,FSM,PatrolState,None,1.00,35.4,0,0.57,0,,,83220968
34.12,FSM Enemy 15,FSM,PatrolState,None,1.00,33.4,0,0.57,0,,,83220968
34.12,FSM Enemy 9,FSM,PatrolState,None,1.00,27.7,0,0.57,24,,,83220968
34.12,FSM Enemy 2,FSM,PatrolState,None,1.00,51.8,0,0.57,0,,,83220968
34.12,FSM Enemy 10,FSM,PatrolState,None,1.00,35.7,0,0.57,0,,,83220968
34.12,FSM Enemy 11,FSM,PatrolState,None,1.00,36.7,0,0.57,0,,,83220968
34.12,FSM Enemy 13,FSM,PatrolState,None,1.00,42.7,0,0.57,0,,,83220968
34.12,FSM Enemy 8,FSM,PatrolState,None,1.00,32.3,0,0.57,0,,,83220968
34.12,FSM Enemy 1,FSM,PatrolState,None,1.00,73.8,0,0.57,0,,,83220968
34.12,FSM Enemy 14,FSM,PatrolState,None,1.00,40.2,0,0.57,0,,,83220968
34.12,FSM Enemy 3,FSM,PatrolState,None,1.00,47.5,0,0.57,0,,,83220968
34.12,FSM Enemy 6,FSM,ChaseState,None,1.00,11.3,0,0.57,0,,,83220968
34.12,FSM Enemy 5,FSM,PatrolState,None,1.00,52.4,0,0.57,0,,,83220968
34.12,FSM Enemy 4,FSM,PatrolState,None,1.00,22.7,0,0.57,0,,,83220968
34.12,Utility Enemy 7,Utility,PatrolAction,None,1.00,34.6,0,0.57,16,0.120,0.000,83220968
34.12,Utility Enemy 2,Utility,PatrolAction,None,1.00,44.3,0,0.57,0,0.120,0.000,83220968
34.12,Utility Enemy 6,Utility,PatrolAction,None,1.00,34.2,0,0.57,0,0.120,0.000,83220968
34.12,Utility Enemy 11,Utility,PatrolAction,None,1.00,43.6,0,0.57,0,0.120,0.000,83220968
34.12,Utility Enemy 9,Utility,PatrolAction,None,1.00,29.8,0,0.57,0,0.120,0.000,83220968
34.12,Utility Enemy 10,Utility,Dead,None,0.00,4.5,1,0.57,8,0.850,0.300,83220968
34.12,Utility Enemy 1,Utility,PatrolAction,None,1.00,58.0,0,0.57,0,0.120,0.000,83220968
34.12,Utility Enemy 14,Utility,PatrolAction,None,1.00,30.4,0,0.57,0,0.120,0.000,83220968
34.12,Utility Enemy 12,Utility,Dead,None,0.00,11.9,0,0.57,0,0.556,0.510,83220968
34.12,Utility Enemy 5,Utility,PatrolAction,None,1.00,48.5,0,0.57,0,0.120,0.000,83220968
34.12,Utility Enemy 4,Utility,PatrolAction,None,1.00,35.7,0,0.57,0,0.120,0.000,83220968
34.12,Utility Enemy 13,Utility,PatrolAction,None,1.00,33.2,0,0.57,0,0.120,0.000,83220968
34.12,Utility Enemy 8,Utility,PatrolAction,None,1.00,64.2,0,0.57,0,0.120,0.000,83220968
34.12,Utility Enemy 15,Utility,PatrolAction,None,1.00,56.8,0,0.57,0,0.120,0.000,83220968
34.12,Utility Enemy 3,Utility,PatrolAction,None,1.00,36.0,0,0.57,0,0.120,0.000,83220968
35.12,Player,Player,-,None,0.57,,0,0.57,,,,83220968
35.12,FSM Enemy 12,FSM,PatrolState,None,1.00,38.6,0,0.57,16,,,83220968
35.12,FSM Enemy 7,FSM,PatrolState,None,1.00,32.8,0,0.57,0,,,83220968
35.12,FSM Enemy 15,FSM,PatrolState,None,1.00,32.1,0,0.57,0,,,83220968
35.12,FSM Enemy 9,FSM,PatrolState,None,1.00,24.6,0,0.57,24,,,83220968
35.12,FSM Enemy 2,FSM,PatrolState,None,1.00,54.6,0,0.57,0,,,83220968
35.12,FSM Enemy 10,FSM,PatrolState,None,1.00,36.3,0,0.57,0,,,83220968
35.12,FSM Enemy 11,FSM,PatrolState,None,1.00,35.1,0,0.57,0,,,83220968
35.12,FSM Enemy 13,FSM,PatrolState,None,1.00,41.5,0,0.57,0,,,83220968
35.12,FSM Enemy 8,FSM,PatrolState,None,1.00,31.3,0,0.57,0,,,83220968
35.12,FSM Enemy 1,FSM,PatrolState,None,1.00,73.9,0,0.57,0,,,83220968
35.12,FSM Enemy 14,FSM,PatrolState,None,1.00,42.8,0,0.57,0,,,83220968
35.12,FSM Enemy 3,FSM,PatrolState,None,1.00,48.4,0,0.57,0,,,83220968
35.12,FSM Enemy 6,FSM,AttackState,None,1.00,6.2,1,0.57,0,,,83220968
35.12,FSM Enemy 5,FSM,PatrolState,None,1.00,52.0,0,0.57,0,,,83220968
35.12,FSM Enemy 4,FSM,PatrolState,None,1.00,22.0,0,0.57,0,,,83220968
35.12,Utility Enemy 7,Utility,PatrolAction,None,1.00,38.6,0,0.57,16,0.120,0.000,83220968
35.12,Utility Enemy 2,Utility,PatrolAction,None,1.00,39.2,0,0.57,0,0.120,0.000,83220968
35.12,Utility Enemy 6,Utility,PatrolAction,None,1.00,27.7,0,0.57,0,0.120,0.000,83220968
35.12,Utility Enemy 11,Utility,PatrolAction,None,1.00,44.7,0,0.57,0,0.120,0.000,83220968
35.12,Utility Enemy 9,Utility,PatrolAction,None,1.00,28.9,0,0.57,0,0.120,0.000,83220968
35.12,Utility Enemy 10,Utility,Dead,None,0.00,2.4,1,0.57,8,0.850,0.300,83220968
35.12,Utility Enemy 1,Utility,PatrolAction,None,1.00,52.6,0,0.57,0,0.120,0.000,83220968
35.12,Utility Enemy 14,Utility,PatrolAction,None,1.00,33.7,0,0.57,0,0.120,0.000,83220968
35.12,Utility Enemy 12,Utility,Dead,None,0.00,14.7,0,0.57,0,0.556,0.510,83220968
35.12,Utility Enemy 5,Utility,PatrolAction,None,1.00,50.5,0,0.57,0,0.120,0.000,83220968
35.12,Utility Enemy 4,Utility,PatrolAction,None,1.00,30.5,0,0.57,0,0.120,0.000,83220968
35.12,Utility Enemy 13,Utility,PatrolAction,None,1.00,30.5,0,0.57,0,0.120,0.000,83220968
35.12,Utility Enemy 8,Utility,PatrolAction,None,1.00,65.1,0,0.57,0,0.120,0.000,83220968
35.12,Utility Enemy 15,Utility,PatrolAction,None,1.00,55.1,0,0.57,0,0.120,0.000,83220968
35.12,Utility Enemy 3,Utility,PatrolAction,None,1.00,33.1,0,0.57,0,0.120,0.000,83220968
36.13,Player,Player,-,PlayerDuplicate,0.57,,0,0.57,,,,83220968
36.13,FSM Enemy 12,FSM,AttackState,PlayerDuplicate,1.00,39.5,0,0.57,16,,,83220968
36.13,FSM Enemy 7,FSM,AttackState,PlayerDuplicate,1.00,30.2,0,0.57,0,,,83220968
36.13,FSM Enemy 15,FSM,AttackState,PlayerDuplicate,1.00,30.2,0,0.57,0,,,83220968
36.13,FSM Enemy 9,FSM,AttackState,PlayerDuplicate,1.00,22.2,0,0.57,24,,,83220968
36.13,FSM Enemy 2,FSM,AttackState,PlayerDuplicate,1.00,56.8,0,0.57,0,,,83220968
36.13,FSM Enemy 10,FSM,AttackState,PlayerDuplicate,1.00,37.0,0,0.57,0,,,83220968
36.13,FSM Enemy 11,FSM,AttackState,PlayerDuplicate,1.00,33.0,0,0.57,0,,,83220968
36.13,FSM Enemy 13,FSM,AttackState,PlayerDuplicate,1.00,39.7,0,0.57,0,,,83220968
36.13,FSM Enemy 8,FSM,AttackState,PlayerDuplicate,1.00,29.9,0,0.57,0,,,83220968
36.13,FSM Enemy 1,FSM,AttackState,PlayerDuplicate,1.00,73.0,0,0.57,0,,,83220968
36.13,FSM Enemy 14,FSM,AttackState,PlayerDuplicate,1.00,44.8,0,0.57,0,,,83220968
36.13,FSM Enemy 3,FSM,AttackState,PlayerDuplicate,1.00,48.9,0,0.57,0,,,83220968
36.13,FSM Enemy 6,FSM,AttackState,PlayerDuplicate,1.00,6.2,1,0.57,0,,,83220968
36.13,FSM Enemy 5,FSM,AttackState,PlayerDuplicate,1.00,50.7,0,0.57,0,,,83220968
36.13,FSM Enemy 4,FSM,AttackState,PlayerDuplicate,1.00,23.0,0,0.57,0,,,83220968
36.13,Utility Enemy 7,Utility,PatrolAction,PlayerDuplicate,1.00,43.4,0,0.57,16,0.120,0.000,83220968
36.13,Utility Enemy 2,Utility,PatrolAction,PlayerDuplicate,1.00,35.1,0,0.57,0,0.120,0.000,83220968
36.13,Utility Enemy 6,Utility,PatrolAction,PlayerDuplicate,0.90,21.7,0,0.57,0,0.120,0.000,83220968
36.13,Utility Enemy 11,Utility,PatrolAction,PlayerDuplicate,1.00,44.5,0,0.57,0,0.120,0.000,83220968
36.13,Utility Enemy 9,Utility,PatrolAction,PlayerDuplicate,1.00,25.8,0,0.57,0,0.120,0.000,83220968
36.13,Utility Enemy 10,Utility,Dead,PlayerDuplicate,0.00,3.2,0,0.57,8,0.850,0.300,83220968
36.13,Utility Enemy 1,Utility,PatrolAction,PlayerDuplicate,1.00,48.2,0,0.57,0,0.120,0.000,83220968
36.13,Utility Enemy 14,Utility,PatrolAction,PlayerDuplicate,1.00,38.6,0,0.57,0,0.120,0.000,83220968
36.13,Utility Enemy 12,Utility,Dead,PlayerDuplicate,0.00,17.5,0,0.57,0,0.556,0.510,83220968
36.13,Utility Enemy 5,Utility,PatrolAction,PlayerDuplicate,1.00,50.5,0,0.57,0,0.120,0.000,83220968
36.13,Utility Enemy 4,Utility,PatrolAction,PlayerDuplicate,1.00,31.4,0,0.57,0,0.120,0.000,83220968
36.13,Utility Enemy 13,Utility,PatrolAction,PlayerDuplicate,1.00,30.2,0,0.57,0,0.120,0.000,83220968
36.13,Utility Enemy 8,Utility,PatrolAction,PlayerDuplicate,1.00,67.0,0,0.57,0,0.120,0.000,83220968
36.13,Utility Enemy 15,Utility,PatrolAction,PlayerDuplicate,1.00,57.3,0,0.57,0,0.120,0.000,83220968
36.13,Utility Enemy 3,Utility,PatrolAction,PlayerDuplicate,1.00,31.5,0,0.57,0,0.120,0.000,83220968
37.13,Player,Player,-,PlayerDuplicate,0.36,,0,0.36,,,,83220968
37.13,FSM Enemy 12,FSM,AttackState,PlayerDuplicate,1.00,40.7,0,0.36,16,,,83220968
37.13,FSM Enemy 7,FSM,AttackState,PlayerDuplicate,1.00,28.1,0,0.36,0,,,83220968
37.13,FSM Enemy 15,FSM,AttackState,PlayerDuplicate,1.00,28.3,0,0.36,0,,,83220968
37.13,FSM Enemy 9,FSM,AttackState,PlayerDuplicate,1.00,21.5,0,0.36,32,,,83220968
37.13,FSM Enemy 2,FSM,AttackState,PlayerDuplicate,1.00,57.4,0,0.36,0,,,83220968
37.13,FSM Enemy 10,FSM,AttackState,PlayerDuplicate,1.00,36.9,0,0.36,0,,,83220968
37.13,FSM Enemy 11,FSM,AttackState,PlayerDuplicate,1.00,30.9,0,0.36,0,,,83220968
37.13,FSM Enemy 13,FSM,AttackState,PlayerDuplicate,1.00,37.7,0,0.36,0,,,83220968
37.13,FSM Enemy 8,FSM,AttackState,PlayerDuplicate,1.00,28.6,0,0.36,0,,,83220968
37.13,FSM Enemy 1,FSM,AttackState,PlayerDuplicate,1.00,71.5,0,0.36,0,,,83220968
37.13,FSM Enemy 14,FSM,AttackState,PlayerDuplicate,1.00,45.5,0,0.36,0,,,83220968
37.13,FSM Enemy 3,FSM,AttackState,PlayerDuplicate,1.00,48.3,0,0.36,0,,,83220968
37.13,FSM Enemy 6,FSM,AttackState,PlayerDuplicate,1.00,7.3,1,0.36,8,,,83220968
37.13,FSM Enemy 5,FSM,AttackState,PlayerDuplicate,1.00,48.9,0,0.36,0,,,83220968
37.13,FSM Enemy 4,FSM,AttackState,PlayerDuplicate,1.00,24.2,0,0.36,16,,,83220968
37.13,Utility Enemy 7,Utility,PatrolAction,PlayerDuplicate,1.00,44.5,0,0.36,16,0.120,0.000,83220968
37.13,Utility Enemy 2,Utility,PatrolAction,PlayerDuplicate,1.00,33.1,0,0.36,0,0.120,0.000,83220968
37.13,Utility Enemy 6,Utility,PatrolAction,PlayerDuplicate,0.90,18.8,1,0.36,0,0.120,0.000,83220968
37.13,Utility Enemy 11,Utility,PatrolAction,PlayerDuplicate,1.00,41.1,0,0.36,0,0.120,0.000,83220968
37.13,Utility Enemy 9,Utility,PatrolAction,PlayerDuplicate,1.00,22.6,0,0.36,0,0.120,0.000,83220968
37.13,Utility Enemy 10,Utility,Dead,PlayerDuplicate,0.00,5.0,0,0.36,8,0.850,0.300,83220968
37.13,Utility Enemy 1,Utility,PatrolAction,PlayerDuplicate,1.00,49.7,0,0.36,0,0.120,0.000,83220968
37.13,Utility Enemy 14,Utility,PatrolAction,PlayerDuplicate,0.90,43.0,0,0.36,0,0.120,0.000,83220968
37.13,Utility Enemy 12,Utility,Dead,PlayerDuplicate,0.00,19.6,0,0.36,0,0.556,0.510,83220968
37.13,Utility Enemy 5,Utility,PatrolAction,PlayerDuplicate,1.00,51.4,0,0.36,0,0.120,0.000,83220968
37.13,Utility Enemy 4,Utility,PatrolAction,PlayerDuplicate,1.00,34.4,0,0.36,0,0.120,0.000,83220968
37.13,Utility Enemy 13,Utility,PatrolAction,PlayerDuplicate,1.00,29.2,0,0.36,0,0.120,0.000,83220968
37.13,Utility Enemy 8,Utility,PatrolAction,PlayerDuplicate,1.00,68.6,0,0.36,0,0.120,0.000,83220968
37.13,Utility Enemy 15,Utility,PatrolAction,PlayerDuplicate,1.00,59.8,0,0.36,0,0.120,0.000,83220968
37.13,Utility Enemy 3,Utility,PatrolAction,PlayerDuplicate,1.00,30.1,0,0.36,0,0.120,0.000,83220968
38.14,Player,Player,-,PlayerDuplicate,0.36,,0,0.36,,,,83220968
38.14,FSM Enemy 12,FSM,AttackState,PlayerDuplicate,1.00,40.2,0,0.36,16,,,83220968
38.14,FSM Enemy 7,FSM,AttackState,PlayerDuplicate,1.00,25.9,0,0.36,0,,,83220968
38.14,FSM Enemy 15,FSM,AttackState,PlayerDuplicate,1.00,25.1,0,0.36,0,,,83220968
38.14,FSM Enemy 9,FSM,AttackState,PlayerDuplicate,1.00,18.4,0,0.36,32,,,83220968
38.14,FSM Enemy 2,FSM,AttackState,PlayerDuplicate,1.00,56.0,0,0.36,0,,,83220968
38.14,FSM Enemy 10,FSM,AttackState,PlayerDuplicate,1.00,34.4,0,0.36,0,,,83220968
38.14,FSM Enemy 11,FSM,AttackState,PlayerDuplicate,1.00,28.4,0,0.36,0,,,83220968
38.14,FSM Enemy 13,FSM,AttackState,PlayerDuplicate,1.00,34.7,0,0.36,0,,,83220968
38.14,FSM Enemy 8,FSM,AttackState,PlayerDuplicate,1.00,25.1,0,0.36,0,,,83220968
38.14,FSM Enemy 1,FSM,AttackState,PlayerDuplicate,1.00,68.0,0,0.36,0,,,83220968
38.14,FSM Enemy 14,FSM,AttackState,PlayerDuplicate,1.00,44.2,0,0.36,0,,,83220968
38.14,FSM Enemy 3,FSM,AttackState,PlayerDuplicate,1.00,45.3,0,0.36,0,,,83220968
38.14,FSM Enemy 6,FSM,AttackState,PlayerDuplicate,1.00,10.6,1,0.36,8,,,83220968
38.14,FSM Enemy 5,FSM,AttackState,PlayerDuplicate,1.00,45.5,0,0.36,0,,,83220968
38.14,FSM Enemy 4,FSM,AttackState,PlayerDuplicate,1.00,24.0,0,0.36,16,,,83220968
38.14,Utility Enemy 7,Utility,PatrolAction,PlayerDuplicate,1.00,42.2,0,0.36,16,0.120,0.000,83220968
38.14,Utility Enemy 2,Utility,PatrolAction,PlayerDuplicate,1.00,32.6,0,0.36,0,0.120,0.000,83220968
38.14,Utility Enemy 6,Utility,SpreadFireAction,PlayerDuplicate,0.90,14.8,1,0.36,0,0.180,0.165,83220968
38.14,Utility Enemy 11,Utility,PatrolAction,PlayerDuplicate,1.00,39.2,0,0.36,0,0.120,0.000,83220968
38.14,Utility Enemy 9,Utility,PatrolAction,PlayerDuplicate,1.00,26.2,0,0.36,0,0.120,0.000,83220968
38.14,Utility Enemy 10,Utility,Dead,PlayerDuplicate,0.00,6.6,0,0.36,8,0.850,0.300,83220968
38.14,Utility Enemy 1,Utility,PatrolAction,PlayerDuplicate,1.00,50.1,0,0.36,0,0.120,0.000,83220968
38.14,Utility Enemy 14,Utility,PatrolAction,PlayerDuplicate,0.90,45.2,0,0.36,0,0.120,0.000,83220968
38.14,Utility Enemy 12,Utility,Dead,PlayerDuplicate,0.00,22.6,0,0.36,0,0.556,0.510,83220968
38.14,Utility Enemy 5,Utility,PatrolAction,PlayerDuplicate,1.00,50.0,0,0.36,0,0.120,0.000,83220968
38.14,Utility Enemy 4,Utility,PatrolAction,PlayerDuplicate,1.00,33.9,0,0.36,0,0.120,0.000,83220968
38.14,Utility Enemy 13,Utility,PatrolAction,PlayerDuplicate,1.00,27.0,0,0.36,0,0.120,0.000,83220968
38.14,Utility Enemy 8,Utility,PatrolAction,PlayerDuplicate,1.00,65.8,0,0.36,0,0.120,0.000,83220968
38.14,Utility Enemy 15,Utility,PatrolAction,PlayerDuplicate,1.00,53.6,0,0.36,0,0.120,0.000,83220968
38.14,Utility Enemy 3,Utility,PatrolAction,PlayerDuplicate,1.00,26.4,0,0.36,0,0.120,0.000,83220968
39.14,Player,Player,-,PlayerDuplicate,0.31,,0,0.31,,,,83220968
39.14,FSM Enemy 12,FSM,AttackState,PlayerDuplicate,1.00,42.4,0,0.31,16,,,83220968
39.14,FSM Enemy 7,FSM,AttackState,PlayerDuplicate,1.00,22.1,0,0.31,0,,,83220968
39.14,FSM Enemy 15,FSM,AttackState,PlayerDuplicate,1.00,21.3,0,0.31,0,,,83220968
39.14,FSM Enemy 9,FSM,AttackState,PlayerDuplicate,1.00,17.4,0,0.31,32,,,83220968
39.14,FSM Enemy 2,FSM,AttackState,PlayerDuplicate,1.00,57.2,0,0.31,0,,,83220968
39.14,FSM Enemy 10,FSM,AttackState,PlayerDuplicate,1.00,34.4,0,0.31,0,,,83220968
39.14,FSM Enemy 11,FSM,AttackState,PlayerDuplicate,1.00,24.5,0,0.31,0,,,83220968
39.14,FSM Enemy 13,FSM,AttackState,PlayerDuplicate,1.00,30.8,0,0.31,0,,,83220968
39.14,FSM Enemy 8,FSM,AttackState,PlayerDuplicate,1.00,22.6,0,0.31,0,,,83220968
39.14,FSM Enemy 1,FSM,AttackState,PlayerDuplicate,1.00,64.8,0,0.31,0,,,83220968
39.14,FSM Enemy 14,FSM,AttackState,PlayerDuplicate,1.00,45.5,0,0.31,0,,,83220968
39.14,FSM Enemy 3,FSM,AttackState,PlayerDuplicate,1.00,44.2,0,0.31,0,,,83220968
39.14,FSM Enemy 6,FSM,AttackState,PlayerDuplicate,1.00,13.7,1,0.31,8,,,83220968
39.14,FSM Enemy 5,FSM,AttackState,PlayerDuplicate,1.00,41.9,0,0.31,0,,,83220968
39.14,FSM Enemy 4,FSM,AttackState,PlayerDuplicate,1.00,26.6,0,0.31,16,,,83220968
39.14,Utility Enemy 7,Utility,PatrolAction,PlayerDuplicate,1.00,39.9,0,0.31,16,0.120,0.000,83220968
39.14,Utility Enemy 2,Utility,PatrolAction,PlayerDuplicate,1.00,33.4,0,0.31,0,0.120,0.000,83220968
39.14,Utility Enemy 6,Utility,AttackAction,PlayerDuplicate,0.90,10.8,1,0.31,8,0.376,0.135,83220968
39.14,Utility Enemy 11,Utility,PatrolAction,PlayerDuplicate,1.00,38.5,0,0.31,0,0.120,0.000,83220968
39.14,Utility Enemy 9,Utility,PatrolAction,PlayerDuplicate,1.00,25.1,0,0.31,0,0.120,0.000,83220968
39.14,Utility Enemy 10,Utility,Dead,PlayerDuplicate,0.00,10.6,0,0.31,8,0.850,0.300,83220968
39.14,Utility Enemy 1,Utility,PatrolAction,PlayerDuplicate,1.00,46.5,0,0.31,0,0.120,0.000,83220968
39.14,Utility Enemy 14,Utility,PatrolAction,PlayerDuplicate,0.80,49.9,0,0.31,0,0.120,0.000,83220968
39.14,Utility Enemy 12,Utility,Dead,PlayerDuplicate,0.00,26.4,0,0.31,0,0.556,0.510,83220968
39.14,Utility Enemy 5,Utility,PatrolAction,PlayerDuplicate,1.00,48.8,0,0.31,0,0.120,0.000,83220968
39.14,Utility Enemy 4,Utility,PatrolAction,PlayerDuplicate,1.00,34.7,0,0.31,0,0.120,0.000,83220968
39.14,Utility Enemy 13,Utility,PatrolAction,PlayerDuplicate,1.00,25.9,0,0.31,0,0.120,0.000,83220968
39.14,Utility Enemy 8,Utility,PatrolAction,PlayerDuplicate,1.00,64.9,0,0.31,0,0.120,0.000,83220968
39.14,Utility Enemy 15,Utility,PatrolAction,PlayerDuplicate,1.00,46.8,0,0.31,0,0.120,0.000,83220968
39.14,Utility Enemy 3,Utility,PatrolAction,PlayerDuplicate,1.00,26.1,0,0.31,0,0.120,0.000,83220968
40.14,Player,Player,-,WallDisappear,0.31,,0,0.31,,,,83220968
40.14,FSM Enemy 12,FSM,ChaseState,WallDisappear,1.00,40.8,0,0.31,16,,,83220968
40.14,FSM Enemy 7,FSM,ChaseState,WallDisappear,1.00,20.4,0,0.31,0,,,83220968
40.14,FSM Enemy 15,FSM,ChaseState,WallDisappear,1.00,19.7,0,0.31,0,,,83220968
40.14,FSM Enemy 9,FSM,ChaseState,WallDisappear,1.00,15.2,1,0.31,32,,,83220968
40.14,FSM Enemy 2,FSM,ChaseState,WallDisappear,1.00,55.8,0,0.31,0,,,83220968
40.14,FSM Enemy 10,FSM,ChaseState,WallDisappear,1.00,32.4,0,0.31,0,,,83220968
40.14,FSM Enemy 11,FSM,ChaseState,WallDisappear,1.00,22.0,0,0.31,0,,,83220968
40.14,FSM Enemy 13,FSM,ChaseState,WallDisappear,1.00,28.2,0,0.31,0,,,83220968
40.14,FSM Enemy 8,FSM,ChaseState,WallDisappear,1.00,22.0,0,0.31,0,,,83220968
40.14,FSM Enemy 1,FSM,ChaseState,WallDisappear,1.00,61.9,0,0.31,0,,,83220968
40.14,FSM Enemy 14,FSM,ChaseState,WallDisappear,1.00,43.9,0,0.31,0,,,83220968
40.14,FSM Enemy 3,FSM,ChaseState,WallDisappear,1.00,42.0,0,0.31,0,,,83220968
40.14,FSM Enemy 6,FSM,ChaseState,WallDisappear,1.00,11.6,1,0.31,8,,,83220968
40.14,FSM Enemy 5,FSM,ChaseState,WallDisappear,1.00,39.1,0,0.31,0,,,83220968
40.14,FSM Enemy 4,FSM,ChaseState,WallDisappear,1.00,25.6,0,0.31,16,,,83220968
40.14,Utility Enemy 7,Utility,ChaseAction,WallDisappear,1.00,36.8,0,0.31,16,0.850,0.300,83220968
40.14,Utility Enemy 2,Utility,ChaseAction,WallDisappear,1.00,34.3,0,0.31,0,0.850,0.300,83220968
40.14,Utility Enemy 6,Utility,ChaseAction,WallDisappear,0.90,8.1,1,0.31,8,0.850,0.530,83220968
40.14,Utility Enemy 11,Utility,ChaseAction,WallDisappear,1.00,38.3,0,0.31,0,0.850,0.300,83220968
40.14,Utility Enemy 9,Utility,ChaseAction,WallDisappear,1.00,20.2,0,0.31,0,0.850,0.300,83220968
40.14,Utility Enemy 10,Utility,Dead,WallDisappear,0.00,11.5,0,0.31,8,0.850,0.300,83220968
40.14,Utility Enemy 1,Utility,ChaseAction,WallDisappear,1.00,46.7,0,0.31,0,0.850,0.300,83220968
40.14,Utility Enemy 14,Utility,ChaseAction,WallDisappear,0.80,52.2,0,0.31,0,0.850,0.300,83220968
40.14,Utility Enemy 12,Utility,ChaseAction,WallDisappear,1.00,63.7,0,0.31,0,0.850,0.300,83220968
40.14,Utility Enemy 5,Utility,ChaseAction,WallDisappear,1.00,45.2,0,0.31,0,0.850,0.300,83220968
40.14,Utility Enemy 4,Utility,ChaseAction,WallDisappear,1.00,36.8,0,0.31,0,0.850,0.300,83220968
40.14,Utility Enemy 13,Utility,ChaseAction,WallDisappear,1.00,25.1,0,0.31,0,0.850,0.300,83220968
40.14,Utility Enemy 8,Utility,ChaseAction,WallDisappear,1.00,64.2,0,0.31,0,0.850,0.300,83220968
40.14,Utility Enemy 15,Utility,ChaseAction,WallDisappear,1.00,42.9,0,0.31,0,0.850,0.300,83220968
40.14,Utility Enemy 3,Utility,ChaseAction,WallDisappear,1.00,26.1,0,0.31,0,0.850,0.300,83220968
41.15,Player,Player,-,GravityFlip,0.25,,0,0.25,,,,83220968
41.15,FSM Enemy 12,FSM,TakeCoverState,GravityFlip,1.00,36.5,0,0.25,16,,,83220968
41.15,FSM Enemy 7,FSM,TakeCoverState,GravityFlip,1.00,22.9,0,0.25,0,,,83220968
41.15,FSM Enemy 15,FSM,TakeCoverState,GravityFlip,1.00,16.8,1,0.25,0,,,83220968
41.15,FSM Enemy 9,FSM,TakeCoverState,GravityFlip,1.00,14.4,0,0.25,32,,,83220968
41.15,FSM Enemy 2,FSM,TakeCoverState,GravityFlip,1.00,54.8,0,0.25,0,,,83220968
41.15,FSM Enemy 10,FSM,TakeCoverState,GravityFlip,1.00,30.8,0,0.25,0,,,83220968
41.15,FSM Enemy 11,FSM,TakeCoverState,GravityFlip,1.00,23.4,0,0.25,0,,,83220968
41.15,FSM Enemy 13,FSM,TakeCoverState,GravityFlip,1.00,28.6,0,0.25,0,,,83220968
41.15,FSM Enemy 8,FSM,TakeCoverState,GravityFlip,1.00,22.2,0,0.25,0,,,83220968
41.15,FSM Enemy 1,FSM,TakeCoverState,GravityFlip,1.00,61.2,0,0.25,0,,,83220968
41.15,FSM Enemy 14,FSM,TakeCoverState,GravityFlip,1.00,44.0,0,0.25,0,,,83220968
41.15,FSM Enemy 3,FSM,TakeCoverState,GravityFlip,1.00,41.9,0,0.25,0,,,83220968
41.15,FSM Enemy 6,FSM,TakeCoverState,GravityFlip,1.00,11.7,0,0.25,8,,,83220968
41.15,FSM Enemy 5,FSM,TakeCoverState,GravityFlip,1.00,38.6,0,0.25,0,,,83220968
41.15,FSM Enemy 4,FSM,TakeCoverState,GravityFlip,1.00,26.2,0,0.25,16,,,83220968
41.15,Utility Enemy 7,Utility,TakeCoverAction,GravityFlip,1.00,36.6,0,0.25,16,0.820,0.750,83220968
41.15,Utility Enemy 2,Utility,TakeCoverAction,GravityFlip,1.00,33.4,0,0.25,0,0.820,0.750,83220968
41.15,Utility Enemy 6,Utility,AttackAction,GravityFlip,0.90,6.5,1,0.25,16,1.040,0.894,83220968
41.15,Utility Enemy 11,Utility,TakeCoverAction,GravityFlip,1.00,36.5,0,0.25,0,0.820,0.750,83220968
41.15,Utility Enemy 9,Utility,TakeCoverAction,GravityFlip,1.00,18.6,1,0.25,0,0.820,0.810,83220968
41.15,Utility Enemy 10,Utility,Dead,GravityFlip,0.00,11.5,0,0.25,8,0.850,0.300,83220968
41.15,Utility Enemy 1,Utility,TakeCoverAction,GravityFlip,1.00,46.2,0,0.25,0,0.820,0.750,83220968
41.15,Utility Enemy 14,Utility,TakeCoverAction,GravityFlip,0.80,52.5,0,0.25,0,0.820,0.750,83220968
41.15,Utility Enemy 12,Utility,TakeCoverAction,GravityFlip,1.00,61.1,0,0.25,0,0.820,0.750,83220968
41.15,Utility Enemy 5,Utility,TakeCoverAction,GravityFlip,1.00,42.9,0,0.25,0,0.820,0.750,83220968
41.15,Utility Enemy 4,Utility,TakeCoverAction,GravityFlip,1.00,36.3,0,0.25,0,0.820,0.750,83220968
41.15,Utility Enemy 13,Utility,TakeCoverAction,GravityFlip,1.00,25.9,0,0.25,0,0.820,0.750,83220968
41.15,Utility Enemy 8,Utility,TakeCoverAction,GravityFlip,1.00,63.4,0,0.25,0,0.820,0.750,83220968
41.15,Utility Enemy 15,Utility,TakeCoverAction,GravityFlip,1.00,40.7,0,0.25,0,0.820,0.750,83220968
41.15,Utility Enemy 3,Utility,TakeCoverAction,GravityFlip,1.00,25.8,0,0.25,0,0.820,0.750,83220968
42.15,Player,Player,-,GravityFlip,0.20,,0,0.20,,,,83220968
42.15,FSM Enemy 12,FSM,TakeCoverState,GravityFlip,1.00,32.2,0,0.20,16,,,83220968
42.15,FSM Enemy 7,FSM,TakeCoverState,GravityFlip,1.00,26.7,0,0.20,0,,,83220968
42.15,FSM Enemy 15,FSM,TakeCoverState,GravityFlip,1.00,13.0,1,0.20,0,,,83220968
42.15,FSM Enemy 9,FSM,TakeCoverState,GravityFlip,1.00,15.3,0,0.20,32,,,83220968
42.15,FSM Enemy 2,FSM,TakeCoverState,GravityFlip,1.00,54.8,0,0.20,0,,,83220968
42.15,FSM Enemy 10,FSM,TakeCoverState,GravityFlip,1.00,30.8,0,0.20,0,,,83220968
42.15,FSM Enemy 11,FSM,TakeCoverState,GravityFlip,1.00,27.6,0,0.20,0,,,83220968
42.15,FSM Enemy 13,FSM,TakeCoverState,GravityFlip,1.00,32.5,0,0.20,0,,,83220968
42.15,FSM Enemy 8,FSM,TakeCoverState,GravityFlip,1.00,25.2,0,0.20,0,,,83220968
42.15,FSM Enemy 1,FSM,TakeCoverState,GravityFlip,1.00,61.5,0,0.20,0,,,83220968
42.15,FSM Enemy 14,FSM,TakeCoverState,GravityFlip,1.00,46.6,0,0.20,0,,,83220968
42.15,FSM Enemy 3,FSM,TakeCoverState,GravityFlip,1.00,43.5,0,0.20,0,,,83220968
42.15,FSM Enemy 6,FSM,TakeCoverState,GravityFlip,1.00,16.1,0,0.20,8,,,83220968
42.15,FSM Enemy 5,FSM,TakeCoverState,GravityFlip,1.00,39.0,0,0.20,0,,,83220968
42.15,FSM Enemy 4,FSM,TakeCoverState,GravityFlip,1.00,30.1,0,0.20,16,,,83220968
42.15,Utility Enemy 7,Utility,TakeCoverAction,GravityFlip,1.00,41.1,0,0.20,16,0.820,0.750,83220968
42.15,Utility Enemy 2,Utility,TakeCoverAction,GravityFlip,1.00,33.4,0,0.20,0,0.820,0.750,83220968
42.15,Utility Enemy 6,Utility,AttackAction,GravityFlip,0.90,6.5,1,0.20,24,1.039,0.894,83220968
42.15,Utility Enemy 11,Utility,TakeCoverAction,GravityFlip,1.00,36.5,0,0.20,0,0.820,0.750,83220968
42.15,Utility Enemy 9,Utility,TakeCoverAction,GravityFlip,1.00,18.9,1,0.20,0,0.820,0.810,83220968
42.15,Utility Enemy 10,Utility,Dead,GravityFlip,0.00,11.5,0,0.20,8,0.850,0.300,83220968
42.15,Utility Enemy 1,Utility,TakeCoverAction,GravityFlip,1.00,49.9,0,0.20,0,0.820,0.750,83220968
42.15,Utility Enemy 14,Utility,TakeCoverAction,GravityFlip,0.80,57.0,0,0.20,0,0.820,0.750,83220968
42.15,Utility Enemy 12,Utility,TakeCoverAction,GravityFlip,1.00,60.5,0,0.20,0,0.820,0.750,83220968
42.15,Utility Enemy 5,Utility,TakeCoverAction,GravityFlip,1.00,40.8,0,0.20,0,0.820,0.750,83220968
42.15,Utility Enemy 4,Utility,TakeCoverAction,GravityFlip,1.00,37.0,0,0.20,0,0.820,0.750,83220968
42.15,Utility Enemy 13,Utility,TakeCoverAction,GravityFlip,1.00,26.2,0,0.20,0,0.820,0.750,83220968
42.15,Utility Enemy 8,Utility,TakeCoverAction,GravityFlip,1.00,63.4,0,0.20,0,0.820,0.750,83220968
42.15,Utility Enemy 15,Utility,TakeCoverAction,GravityFlip,1.00,40.7,0,0.20,0,0.820,0.750,83220968
42.15,Utility Enemy 3,Utility,TakeCoverAction,GravityFlip,1.00,28.3,0,0.20,0,0.820,0.750,83220968
43.16,Player,Player,-,GravityFlip,0.09,,0,0.09,,,,83220968
43.16,FSM Enemy 12,FSM,TakeCoverState,GravityFlip,1.00,30.8,0,0.09,16,,,83220968
43.16,FSM Enemy 7,FSM,TakeCoverState,GravityFlip,1.00,28.6,0,0.09,0,,,83220968
43.16,FSM Enemy 15,FSM,TakeCoverState,GravityFlip,1.00,10.6,1,0.09,0,,,83220968
43.16,FSM Enemy 9,FSM,TakeCoverState,GravityFlip,1.00,15.3,0,0.09,32,,,83220968
43.16,FSM Enemy 2,FSM,TakeCoverState,GravityFlip,1.00,54.8,0,0.09,0,,,83220968
43.16,FSM Enemy 10,FSM,TakeCoverState,GravityFlip,1.00,30.8,0,0.09,0,,,83220968
43.16,FSM Enemy 11,FSM,TakeCoverState,GravityFlip,1.00,29.6,0,0.09,0,,,83220968
43.16,FSM Enemy 13,FSM,TakeCoverState,GravityFlip,1.00,36.5,0,0.09,0,,,83220968
43.16,FSM Enemy 8,FSM,TakeCoverState,GravityFlip,1.00,25.5,0,0.09,0,,,83220968
43.16,FSM Enemy 1,FSM,TakeCoverState,GravityFlip,1.00,61.5,0,0.09,0,,,83220968
43.16,FSM Enemy 14,FSM,TakeCoverState,GravityFlip,1.00,46.6,0,0.09,0,,,83220968
43.16,FSM Enemy 3,FSM,TakeCoverState,GravityFlip,1.00,43.5,0,0.09,0,,,83220968
43.16,FSM Enemy 6,FSM,TakeCoverState,GravityFlip,1.00,18.5,0,0.09,8,,,83220968
43.16,FSM Enemy 5,FSM,TakeCoverState,GravityFlip,1.00,39.0,0,0.09,0,,,83220968
43.16,FSM Enemy 4,FSM,TakeCoverState,GravityFlip,1.00,31.8,0,0.09,16,,,83220968
43.16,Utility Enemy 7,Utility,TakeCoverAction,GravityFlip,1.00,42.7,0,0.09,16,0.820,0.750,83220968
43.16,Utility Enemy 2,Utility,TakeCoverAction,GravityFlip,1.00,33.4,0,0.09,0,0.820,0.750,83220968
43.16,Utility Enemy 6,Utility,AttackAction,GravityFlip,0.90,6.5,1,0.09,40,1.038,0.894,83220968
43.16,Utility Enemy 11,Utility,TakeCoverAction,GravityFlip,1.00,36.6,0,0.09,0,0.820,0.750,83220968
43.16,Utility Enemy 9,Utility,TakeCoverAction,GravityFlip,1.00,19.3,1,0.09,0,0.820,0.810,83220968
43.16,Utility Enemy 10,Utility,Dead,GravityFlip,0.00,11.5,0,0.09,8,0.850,0.300,83220968
43.16,Utility Enemy 1,Utility,TakeCoverAction,GravityFlip,1.00,51.5,0,0.09,0,0.820,0.750,83220968
43.16,Utility Enemy 14,Utility,TakeCoverAction,GravityFlip,0.80,57.9,0,0.09,0,0.820,0.750,83220968
43.16,Utility Enemy 12,Utility,TakeCoverAction,GravityFlip,1.00,60.3,0,0.09,0,0.820,0.750,83220968
43.16,Utility Enemy 5,Utility,TakeCoverAction,GravityFlip,1.00,37.5,0,0.09,0,0.820,0.750,83220968
43.16,Utility Enemy 4,Utility,TakeCoverAction,GravityFlip,1.00,37.0,0,0.09,0,0.820,0.750,83220968
43.16,Utility Enemy 13,Utility,TakeCoverAction,GravityFlip,1.00,26.2,0,0.09,0,0.820,0.750,83220968
43.16,Utility Enemy 8,Utility,TakeCoverAction,GravityFlip,1.00,63.4,0,0.09,0,0.820,0.750,83220968
43.16,Utility Enemy 15,Utility,TakeCoverAction,GravityFlip,1.00,40.7,0,0.09,0,0.820,0.750,83220968
43.16,Utility Enemy 3,Utility,TakeCoverAction,GravityFlip,1.00,28.3,0,0.09,0,0.820,0.750,83220968
44.16,Player,Player,-,GravityFlip,0.04,,0,0.04,,,,83220968
44.16,FSM Enemy 12,FSM,TakeCoverState,GravityFlip,1.00,30.8,0,0.04,16,,,83220968
44.16,FSM Enemy 7,FSM,TakeCoverState,GravityFlip,1.00,28.6,0,0.04,0,,,83220968
44.16,FSM Enemy 15,FSM,TakeCoverState,GravityFlip,1.00,10.6,1,0.04,0,,,83220968
44.16,FSM Enemy 9,FSM,TakeCoverState,GravityFlip,1.00,15.4,0,0.04,32,,,83220968
44.16,FSM Enemy 2,FSM,TakeCoverState,GravityFlip,1.00,54.8,0,0.04,0,,,83220968
44.16,FSM Enemy 10,FSM,TakeCoverState,GravityFlip,1.00,30.8,0,0.04,0,,,83220968
44.16,FSM Enemy 11,FSM,TakeCoverState,GravityFlip,1.00,29.6,0,0.04,0,,,83220968
44.16,FSM Enemy 13,FSM,TakeCoverState,GravityFlip,1.00,40.7,0,0.04,0,,,83220968
44.16,FSM Enemy 8,FSM,TakeCoverState,GravityFlip,1.00,25.5,0,0.04,0,,,83220968
44.16,FSM Enemy 1,FSM,TakeCoverState,GravityFlip,1.00,61.5,0,0.04,0,,,83220968
44.16,FSM Enemy 14,FSM,TakeCoverState,GravityFlip,1.00,46.6,0,0.04,0,,,83220968
44.16,FSM Enemy 3,FSM,TakeCoverState,GravityFlip,1.00,43.5,0,0.04,0,,,83220968
44.16,FSM Enemy 6,FSM,TakeCoverState,GravityFlip,1.00,18.6,0,0.04,8,,,83220968
44.16,FSM Enemy 5,FSM,TakeCoverState,GravityFlip,1.00,39.0,0,0.04,0,,,83220968
44.16,FSM Enemy 4,FSM,TakeCoverState,GravityFlip,1.00,31.8,0,0.04,16,,,83220968
44.16,Utility Enemy 7,Utility,TakeCoverAction,GravityFlip,1.00,42.7,0,0.04,16,0.820,0.750,83220968
44.16,Utility Enemy 2,Utility,TakeCoverAction,GravityFlip,1.00,33.4,0,0.04,0,0.820,0.750,83220968
44.16,Utility Enemy 6,Utility,AttackAction,GravityFlip,0.90,6.5,1,0.04,48,1.037,0.894,83220968
44.16,Utility Enemy 11,Utility,TakeCoverAction,GravityFlip,1.00,36.6,0,0.04,0,0.820,0.750,83220968
44.16,Utility Enemy 9,Utility,TakeCoverAction,GravityFlip,1.00,19.8,1,0.04,0,0.820,0.810,83220968
44.16,Utility Enemy 10,Utility,Dead,GravityFlip,0.00,11.6,0,0.04,8,0.850,0.300,83220968
44.16,Utility Enemy 1,Utility,TakeCoverAction,GravityFlip,1.00,51.5,0,0.04,0,0.820,0.750,83220968
44.16,Utility Enemy 14,Utility,TakeCoverAction,GravityFlip,0.80,57.9,0,0.04,0,0.820,0.750,83220968
44.16,Utility Enemy 12,Utility,TakeCoverAction,GravityFlip,1.00,60.3,0,0.04,0,0.820,0.750,83220968
44.16,Utility Enemy 5,Utility,TakeCoverAction,GravityFlip,1.00,33.0,0,0.04,0,0.820,0.750,83220968
44.16,Utility Enemy 4,Utility,TakeCoverAction,GravityFlip,1.00,37.0,0,0.04,0,0.820,0.750,83220968
44.16,Utility Enemy 13,Utility,TakeCoverAction,GravityFlip,1.00,26.2,0,0.04,0,0.820,0.750,83220968
44.16,Utility Enemy 8,Utility,TakeCoverAction,GravityFlip,1.00,63.4,0,0.04,0,0.820,0.750,83220968
44.16,Utility Enemy 15,Utility,TakeCoverAction,GravityFlip,1.00,40.7,0,0.04,0,0.820,0.750,83220968
44.16,Utility Enemy 3,Utility,TakeCoverAction,GravityFlip,1.00,28.3,0,0.04,0,0.820,0.750,83220968
